date,airport,direction,time,destination,flight,airline,airline_source,duration,aircraft,page_date_verified,scraped_at
2026-02-18,CAN,departure,00:05,BKK Bangkok,MU2077,China Eastern,text,Duration: 3h 0m,,True,2026-02-17T09:46:23.305488
2026-02-18,CAN,departure,00:10,AKL Auckland,CZ305,China Southern,text,Duration: 11h 5m,,True,2026-02-17T09:46:23.305498
2026-02-18,CAN,departure,00:10,ADD Addis Ababa,ET607,Ethiopian,text,Duration: 10h 45m,,True,2026-02-17T09:46:23.305505
2026-02-18,CAN,departure,00:15,DXB Dubai,EK363,Emirates,text,Duration: 8h 45m,,True,2026-02-17T09:46:23.305511
2026-02-18,CAN,departure,00:50,CDG Paris,CZ347,China Southern,text,Duration: 12h 50m,,True,2026-02-17T09:46:23.305520
2026-02-18,CAN,departure,00:50,CHC Christchurch,CZ617,China Southern,text,Duration: 11h 30m,,True,2026-02-17T09:46:23.305526
2026-02-18,CAN,departure,00:50,SYD Sydney,CZ8091,China Southern,text,Duration: 9h 45m,,True,2026-02-17T09:46:23.305531
2026-02-18,CAN,departure,00:55,DOH Doha,QR875,Qatar Airways,text,Duration: 9h 15m,,True,2026-02-17T09:46:23.305537
2026-02-18,CAN,departure,01:15,ICN Seoul,OZ358,Asiana,text,Duration: 3h 25m,,True,2026-02-17T09:46:23.305542
2026-02-18,CAN,departure,01:35,KUL Kuala Lumpur,AK119,AirAsia,text,Duration: 4h 10m,,True,2026-02-17T09:46:23.305548
2026-02-18,CAN,departure,01:35,SIN Singapore,SQ853,Singapore Airlines,text,Duration: 4h 20m,,True,2026-02-17T09:46:23.305554
2026-02-18,CAN,departure,02:00,CMB Colombo,UL881,SriLankan Airlines,text,Duration: 5h 35m,,True,2026-02-17T09:46:23.305559
2026-02-18,CAN,departure,02:10,MDC Manado,8B168,TransNusa,text,Duration: 4h 10m,,True,2026-02-17T09:46:23.305565
2026-02-18,CAN,departure,02:20,DPS Denpasar,8B968,TransNusa,text,Duration: 5h 5m,,True,2026-02-17T09:46:23.305570
2026-02-18,CAN,departure,02:20,DPS Denpasar,CZ8481,China Southern,text,Duration: 5h 15m,,True,2026-02-17T09:46:23.305577
2026-02-18,CAN,departure,02:30,CGK Jakarta,8B861,TransNusa,text,Duration: 5h 5m,,True,2026-02-17T09:46:23.305582
2026-02-18,CAN,departure,02:30,SGN Ho Chi Minh City,VJ3909,VietJet,text,Duration: 2h 40m,,True,2026-02-17T09:46:23.305588
2026-02-18,CAN,departure,02:50,DMK Bangkok,SL901,Thai Lion Air,text,Duration: 3h 0m,,True,2026-02-17T09:46:23.305596
2026-02-18,CAN,departure,03:00,BEG Belgrade,CZ667,China Southern,text,Duration: 12h 0m,,True,2026-02-17T09:46:23.305601
2026-02-18,CAN,departure,03:05,JHB Johor Bharu,AK1395,AirAsia,text,Duration: 3h 55m,,True,2026-02-17T09:46:23.305607
2026-02-18,CAN,departure,03:05,BKI Kota Kinabalu,AK1533,AirAsia,text,Duration: 3h 5m,,True,2026-02-17T09:46:23.305612
2026-02-18,CAN,departure,03:10,KUL Kuala Lumpur,OD613,Batik Air,text,Duration: 4h 5m,,True,2026-02-17T09:46:23.305618
2026-02-18,CAN,departure,03:20,MNL Manila,5J287,Cebu Pacific,text,Duration: 2h 50m,,True,2026-02-17T09:46:23.305623
2026-02-18,CAN,departure,03:30,TWU Tawau,AK1617,AirAsia,text,Duration: 3h 40m,,True,2026-02-17T09:46:23.305628
2026-02-18,CAN,departure,03:30,HAN Hanoi,VJ7527,VietJet,text,Duration: 2h 5m,,True,2026-02-17T09:46:23.305635
2026-02-18,CAN,departure,03:45,IKT Irkutsk,S76320,S7 Airlines,text,Duration: 5h 30m,,True,2026-02-17T09:46:23.305640
2026-02-18,CAN,departure,03:50,KTI Phnom Penh,KR938,Cambodia Airways,text,Duration: 2h 50m,,True,2026-02-17T09:46:23.305646
2026-02-18,CAN,departure,04:35,TAS Tashkent,C6512,Centrum Air,text,Duration: 7h 20m,,True,2026-02-17T09:46:23.305651
2026-02-18,CAN,departure,05:00,KUL Kuala Lumpur,9C6921,Spring Airlines,text,Duration: 4h 0m,,True,2026-02-17T09:46:23.305656
2026-02-18,CAN,departure,05:00,DAC Dhaka,BS326,US-Bangla Airlines,text,Duration: 4h 10m,,True,2026-02-17T09:46:23.305662
2026-02-18,CAN,departure,05:00,HKG Hong Kong,CX953,Cathay Pacific,text,Duration: 1h 20m,,True,2026-02-17T09:46:23.305667
2026-02-18,CAN,departure,05:35,CCU Kolkata,6E1704,IndiGo,text,Duration: 4h 45m,,True,2026-02-17T09:46:23.305672
2026-02-18,CAN,departure,05:50,DEL Delhi,6E1702,IndiGo,text,Duration: 6h 50m,,True,2026-02-17T09:46:23.305677
2026-02-18,CAN,departure,05:55,KUL Kuala Lumpur,AK115,AirAsia,text,Duration: 4h 15m,,True,2026-02-17T09:46:23.305684
2026-02-18,CAN,departure,05:55,CNX Chiang Mai,9C8933,Spring Airlines,text,Duration: 3h 5m,,True,2026-02-17T09:46:23.305691
2026-02-18,CAN,departure,05:55,HKT Phuket,9C8771,Spring Airlines,text,Duration: 3h 50m,,True,2026-02-17T09:46:23.305697
2026-02-18,CAN,departure,06:05,JGN Jiayuguan,AQ1159,9 Air,text,Duration: 4h 10m,,True,2026-02-17T09:46:23.305702
2026-02-18,CAN,departure,06:10,XUZ Xuzhou,GJ8059,Loong Air,text,Duration: 2h 20m,,True,2026-02-17T09:46:23.305707
2026-02-18,CAN,departure,06:15,YCU Yuncheng,CA4594,Air China,text,Duration: 2h 45m,,True,2026-02-17T09:46:23.305713
2026-02-18,CAN,departure,06:15,HFE Hefei,MU6551,China Eastern,text,Duration: 2h 15m,,True,2026-02-17T09:46:23.305718
2026-02-18,CAN,departure,06:20,CGO Zhengzhou,AQ1173,9 Air,text,Duration: 2h 10m,,True,2026-02-17T09:46:23.305723
2026-02-18,CAN,departure,06:20,XIY Xian,AQ1105,9 Air,text,Duration: 2h 30m,,True,2026-02-17T09:46:23.305729
2026-02-18,CAN,departure,06:20,ENH Enshi,GJ6031,Loong Air,text,Duration: 1h 50m,,True,2026-02-17T09:46:23.305734
2026-02-18,CAN,departure,06:20,HGH Hangzhou,GJ8860,Loong Air,text,Duration: 2h 10m,,True,2026-02-17T09:46:23.305739
2026-02-18,CAN,departure,06:25,NGB Ningbo,9C7749,Spring Airlines,text,Duration: 2h 5m,,True,2026-02-17T09:46:23.305746
2026-02-18,CAN,departure,06:25,CGO Zhengzhou,GJ8583,Loong Air,text,Duration: 2h 25m,,True,2026-02-17T09:46:23.305751
2026-02-18,CAN,departure,06:25,TFU Chengdu,3U6710,Sichuan Airlines,text,Duration: 2h 25m,,True,2026-02-17T09:46:23.305756
2026-02-18,CAN,departure,06:25,WNZ Wenzhou,AQ1131,9 Air,text,Duration: 1h 55m,,True,2026-02-17T09:46:23.305762
2026-02-18,CAN,departure,06:30,HET Hohhot,GJ8567,Loong Air,text,Duration: 3h 15m,,True,2026-02-17T09:46:23.305767
2026-02-18,CAN,departure,06:30,URC Urumqi,HU7223,Hainan Airlines,text,Duration: 6h 0m,,True,2026-02-17T09:46:23.305774
2026-02-18,CAN,departure,06:30,WEH Weihai,MU6895,China Eastern,text,Duration: 3h 35m,,True,2026-02-17T09:46:23.305888
2026-02-18,CAN,departure,06:30,PKX Beijing,JD5210,Capital Airlines,text,Duration: 2h 50m,,True,2026-02-17T09:46:23.305897
2026-02-18,CAN,departure,06:30,PEK Beijing,CA1386,Air China,text,Duration: 2h 55m,,True,2026-02-17T09:46:23.305903
2026-02-18,CAN,departure,06:35,WUX Wuxi,AQ1055,9 Air,text,Duration: 2h 10m,,True,2026-02-17T09:46:23.305909
2026-02-18,CAN,departure,06:35,CGD Changde,CZ3229,China Southern,text,Duration: 1h 35m,,True,2026-02-17T09:46:23.305924
2026-02-18,CAN,departure,06:35,TFU Chengdu,MU6764,China Eastern,text,Duration: 2h 40m,,True,2026-02-17T09:46:23.305938
2026-02-18,CAN,departure,06:35,DOY Dongying,HU7259,Hainan Airlines,text,Duration: 3h 0m,,True,2026-02-17T09:46:23.305947
2026-02-18,CAN,departure,06:35,LYG Lianyungang,CZ5357,China Southern,text,Duration: 2h 35m,,True,2026-02-17T09:46:23.305954
2026-02-18,CAN,departure,06:35,WHA Wuhu,CZ3315,China Southern,text,Duration: 2h 10m,,True,2026-02-17T09:46:23.305960
2026-02-18,CAN,departure,06:40,LZO Luzhou,CA4352,Air China,text,Duration: 2h 15m,,True,2026-02-17T09:46:23.305967
2026-02-18,CAN,departure,06:40,ACX Xingyi,CZ3923,China Southern,text,Duration: 2h 20m,,True,2026-02-17T09:46:23.305974
2026-02-18,CAN,departure,06:40,WUH Wuhan,MU6733,China Eastern,text,Duration: 2h 0m,,True,2026-02-17T09:46:23.305981
2026-02-18,CAN,departure,06:40,LYI Linyi,ZH8947,Shenzhen Airlines,text,Duration: 2h 35m,,True,2026-02-17T09:46:23.305988
2026-02-18,CAN,departure,06:40,NKG Nanjing,ZH9861,Shenzhen Airlines,text,Duration: 2h 10m,,True,2026-02-17T09:46:23.305995
2026-02-18,CAN,departure,06:40,DLU Dali City,CZ3481,China Southern,text,Duration: 3h 0m,,True,2026-02-17T09:46:23.306005
2026-02-18,CAN,departure,06:45,SHA Shanghai,9C6884,Spring Airlines,text,Duration: 2h 15m,,True,2026-02-17T09:46:23.306014
2026-02-18,CAN,departure,06:45,SQD Shangrao,AQ1717,9 Air,text,Duration: 1h 35m,,True,2026-02-17T09:46:23.306021
2026-02-18,CAN,departure,06:45,TAO Qingdao,AQ1019,9 Air,text,Duration: 3h 20m,,True,2026-02-17T09:46:23.306028
2026-02-18,CAN,departure,06:45,WUX Wuxi,ZH9823,Shenzhen Airlines,text,Duration: 2h 20m,,True,2026-02-17T09:46:23.306034
2026-02-18,CAN,departure,06:45,LHW Lanzhou,9C7395,Spring Airlines,text,Duration: 3h 30m,,True,2026-02-17T09:46:23.306041
2026-02-18,CAN,departure,06:45,AAT Altay,CZ5833,China Southern,text,Duration: 6h 0m,,True,2026-02-17T09:46:23.306047
2026-02-18,CAN,departure,06:50,PVG Shanghai,AQ1005,9 Air,text,Duration: 2h 25m,,True,2026-02-17T09:46:23.306054
2026-02-18,CAN,departure,06:50,LJG Lijiang,ZH9459,Shenzhen Airlines,text,Duration: 3h 10m,,True,2026-02-17T09:46:23.306060
2026-02-18,CAN,departure,06:50,WNZ Wenzhou,ZH9961,Shenzhen Airlines,text,Duration: 1h 40m,,True,2026-02-17T09:46:23.306067
2026-02-18,CAN,departure,06:50,JHG Jinghong,AQ1041,9 Air,text,Duration: 2h 55m,,True,2026-02-17T09:46:23.306076
2026-02-18,CAN,departure,06:50,WUT Xinzhou,AQ1161,9 Air,text,Duration: 2h 55m,,True,2026-02-17T09:46:23.306083
2026-02-18,CAN,departure,06:50,XNN Xining,CZ6241,China Southern,text,Duration: 3h 35m,,True,2026-02-17T09:46:23.306090
2026-02-18,CAN,departure,06:55,NKG Nanjing,AQ1033,9 Air,text,Duration: 2h 15m,,True,2026-02-17T09:46:23.306098
2026-02-18,CAN,departure,06:55,SHA Shanghai,HO1854,Juneyao Airlines,text,Duration: 2h 10m,,True,2026-02-17T09:46:23.306105
2026-02-18,CAN,departure,06:55,CKG Chongqing,MU5795,China Eastern,text,Duration: 2h 0m,,True,2026-02-17T09:46:23.306112
2026-02-18,CAN,departure,06:55,XIY Xian,MU6955,China Eastern,text,Duration: 2h 40m,,True,2026-02-17T09:46:23.306118
2026-02-18,CAN,departure,06:55,TAO Qingdao,ZH9995,Shenzhen Airlines,text,Duration: 3h 5m,,True,2026-02-17T09:46:23.306127
2026-02-18,CAN,departure,06:55,TSN Tianjin,BK2787,OkAir,text,Duration: 3h 0m,,True,2026-02-17T09:46:23.306134
2026-02-18,CAN,departure,07:00,HGH Hangzhou,JD5269,Capital Airlines,text,Duration: 1h 45m,,True,2026-02-17T09:46:23.306140
2026-02-18,CAN,departure,07:00,HYN Taizhou,ZH8989,Shenzhen Airlines,text,Duration: 1h 50m,,True,2026-02-17T09:46:23.306149
2026-02-18,CAN,departure,07:00,HET Hohhot,CZ3197,China Southern,text,Duration: 3h 5m,,True,2026-02-17T09:46:23.306156
2026-02-18,CAN,departure,07:00,SHA Shanghai,CZ3533,China Southern,text,Duration: 2h 15m,,True,2026-02-17T09:46:23.306162
2026-02-18,CAN,departure,07:00,SYX Sanya,AQ1113,9 Air,text,Duration: 1h 40m,,True,2026-02-17T09:46:23.306168
2026-02-18,CAN,departure,07:00,KMG Kunming,CZ3497,China Southern,text,Duration: 2h 45m,,True,2026-02-17T09:46:23.306175
2026-02-18,CAN,departure,07:05,CKG Chongqing,CA4354,Air China,text,Duration: 2h 10m,,True,2026-02-17T09:46:23.306181
2026-02-18,CAN,departure,07:05,HZA Heze,CZ3125,China Southern,text,Duration: 2h 35m,,True,2026-02-17T09:46:23.306188
2026-02-18,CAN,departure,07:05,NKG Nanjing,HU7113,Hainan Airlines,text,Duration: 2h 15m,,True,2026-02-17T09:46:23.306194
2026-02-18,CAN,departure,07:05,PVG Shanghai,HU7131,Hainan Airlines,text,Duration: 2h 15m,,True,2026-02-17T09:46:23.306201
2026-02-18,CAN,departure,07:05,SYX Sanya,CZ6738,China Southern,text,Duration: 1h 45m,,True,2026-02-17T09:46:23.306208
2026-02-18,CAN,departure,07:05,NBS Baishan,CZ5943,China Southern,text,Duration: 4h 10m,,True,2026-02-17T09:46:23.306216
2026-02-18,CAN,departure,07:10,XUZ Xuzhou,CZ3257,China Southern,text,Duration: 2h 15m,,True,2026-02-17T09:46:23.306223
2026-02-18,CAN,departure,07:10,CKG Chongqing,3U8750,Sichuan Airlines,text,Duration: 2h 0m,,True,2026-02-17T09:46:23.306229
2026-02-18,CAN,departure,07:10,LJG Lijiang,CZ6603,China Southern,text,Duration: 3h 0m,,True,2026-02-17T09:46:23.306238
2026-02-18,CAN,departure,07:15,LYA Luoyang,CZ3363,China Southern,text,Duration: 2h 30m,,True,2026-02-17T09:46:23.306244
2026-02-18,CAN,departure,07:15,SHS Shashi,CZ6659,China Southern,text,Duration: 1h 50m,,True,2026-02-17T09:46:23.306251
2026-02-18,CAN,departure,07:15,PEK Beijing,ZH9147,Shenzhen Airlines,text,Duration: 3h 5m,,True,2026-02-17T09:46:23.306389
2026-02-18,CAN,departure,07:20,DLC Dalian,CZ6448,China Southern,text,Duration: 3h 30m,,True,2026-02-17T09:46:23.306401
2026-02-18,CAN,departure,07:20,YIH Yichang,CZ3299,China Southern,text,Duration: 1h 55m,,True,2026-02-17T09:46:23.306408
2026-02-18,CAN,departure,07:20,XIY Xian,HU7828,Hainan Airlines,text,Duration: 2h 45m,,True,2026-02-17T09:46:23.306415
2026-02-18,CAN,departure,07:20,JHG Jinghong,OQ2103,Chongqing Airlines,text,Duration: 3h 15m,,True,2026-02-17T09:46:23.306427
2026-02-18,CAN,departure,07:20,NKG Nanjing,ZH9869,Shenzhen Airlines,text,Duration: 2h 10m,,True,2026-02-17T09:46:23.306434
2026-02-18,CAN,departure,07:20,XIY Xian,CZ3201,China Southern,text,Duration: 2h 40m,,True,2026-02-17T09:46:23.306441
2026-02-18,CAN,departure,07:25,GYS Guangyuan,CA4377,Air China,text,Duration: 2h 45m,,True,2026-02-17T09:46:23.306448
2026-02-18,CAN,departure,07:25,XFN Xiangyang,CZ5353,China Southern,text,Duration: 2h 0m,,True,2026-02-17T09:46:23.306454
2026-02-18,CAN,departure,07:25,DLU Dali City,MU9742,China Eastern,text,Duration: 3h 5m,,True,2026-02-17T09:46:23.306463
2026-02-18,CAN,departure,07:25,DZH Dazhou,CZ5665,China Southern,text,Duration: 2h 25m,,True,2026-02-17T09:46:23.306470
2026-02-18,CAN,departure,07:30,LHW Lanzhou,CZ3205,China Southern,text,Duration: 3h 20m,,True,2026-02-17T09:46:23.306476
2026-02-18,CAN,departure,07:30,HAK Haikou,CZ6772,China Southern,text,Duration: 1h 45m,,True,2026-02-17T09:46:23.306483
2026-02-18,CAN,departure,07:30,HAK Haikou,ZH8995,Shenzhen Airlines,text,Duration: 1h 30m,,True,2026-02-17T09:46:23.306492
2026-02-18,CAN,departure,07:30,PVG Shanghai,MU5326,China Eastern,text,Duration: 2h 25m,,True,2026-02-17T09:46:23.306501
2026-02-18,CAN,departure,07:30,CGO Zhengzhou,CZ5745,China Southern,text,Duration: 2h 10m,,True,2026-02-17T09:46:23.306508
2026-02-18,CAN,departure,07:35,DLU Dali City,OQ2039,Chongqing Airlines,text,Duration: 3h 10m,,True,2026-02-17T09:46:23.306515
2026-02-18,CAN,departure,07:35,SYX Sanya,HU7308,Hainan Airlines,text,Duration: 1h 40m,,True,2026-02-17T09:46:23.306522
2026-02-18,CAN,departure,07:35,PVG Shanghai,CA8566,Air China,text,Duration: 2h 20m,,True,2026-02-17T09:46:23.306529
2026-02-18,CAN,departure,07:35,WNZ Wenzhou,CZ3811,China Southern,text,Duration: 1h 45m,,True,2026-02-17T09:46:23.306536
2026-02-18,CAN,departure,07:40,LUM Mangshi,OQ2025,Chongqing Airlines,text,Duration: 3h 15m,,True,2026-02-17T09:46:23.306542
2026-02-18,CAN,departure,07:40,NTG Nantong,CZ3637,China Southern,text,Duration: 2h 30m,,True,2026-02-17T09:46:23.306549
2026-02-18,CAN,departure,07:40,CKG Chongqing,JD5227,Capital Airlines,text,Duration: 2h 0m,,True,2026-02-17T09:46:23.306555
2026-02-18,CAN,departure,07:40,HRB Harbin,CZ3615,China Southern,text,Duration: 4h 15m,,True,2026-02-17T09:46:23.306562
2026-02-18,CAN,departure,07:45,WUX Wuxi,MU2818,China Eastern,text,Duration: 2h 20m,,True,2026-02-17T09:46:23.306571
2026-02-18,CAN,departure,07:45,CZX Changzhou,ZH9653,Shenzhen Airlines,text,Duration: 2h 20m,,True,2026-02-17T09:46:23.306578
2026-02-18,CAN,departure,07:45,TFU Chengdu,ZH9479,Shenzhen Airlines,text,Duration: 2h 10m,,True,2026-02-17T09:46:23.306584
2026-02-18,CAN,departure,07:45,CGQ Changchun,CZ6276,China Southern,text,Duration: 4h 15m,,True,2026-02-17T09:46:23.306591
2026-02-18,CAN,departure,07:45,WUH Wuhan,CZ3705,China Southern,text,Duration: 1h 55m,,True,2026-02-17T09:46:23.306599
2026-02-18,CAN,departure,07:50,HGH Hangzhou,HU7161,Hainan Airlines,text,Duration: 2h 15m,,True,2026-02-17T09:46:23.306606
2026-02-18,CAN,departure,07:50,TFU Chengdu,JD5161,Capital Airlines,text,Duration: 2h 15m,,True,2026-02-17T09:46:23.306613
2026-02-18,CAN,departure,07:50,HGH Hangzhou,MU6991,China Eastern,text,Duration: 1h 55m,,True,2026-02-17T09:46:23.306619
2026-02-18,CAN,departure,07:50,SJW Shijiazhuang,OQ2133,Chongqing Airlines,text,Duration: 2h 50m,,True,2026-02-17T09:46:23.306626
2026-02-18,CAN,departure,07:50,KMG Kunming,HU7207,Hainan Airlines,text,Duration: 2h 35m,,True,2026-02-17T09:46:23.306632
2026-02-18,CAN,departure,07:50,SJW Shijiazhuang,9C8899,Spring Airlines,text,Duration: 2h 40m,,True,2026-02-17T09:46:23.306641
2026-02-18,CAN,departure,07:50,FUG Fuyang,CZ3931,China Southern,text,Duration: 2h 10m,,True,2026-02-17T09:46:23.306648
2026-02-18,CAN,departure,07:55,AQG Anqing,CZ3319,China Southern,text,Duration: 1h 55m,,True,2026-02-17T09:46:23.306654
2026-02-18,CAN,departure,07:55,HAK Haikou,HU7002,Hainan Airlines,text,Duration: 1h 35m,,True,2026-02-17T09:46:23.306661
2026-02-18,CAN,departure,07:55,TSN Tianjin,JD5185,Capital Airlines,text,Duration: 3h 0m,,True,2026-02-17T09:46:23.306668
2026-02-18,CAN,departure,07:55,PKX Beijing,MU6302,China Eastern,text,Duration: 3h 0m,,True,2026-02-17T09:46:23.306674
2026-02-18,CAN,departure,07:55,HFE Hefei,ZH9987,Shenzhen Airlines,text,Duration: 2h 0m,,True,2026-02-17T09:46:23.306680
2026-02-18,CAN,departure,07:55,CGO Zhengzhou,HU7269,Hainan Airlines,text,Duration: 2h 20m,,True,2026-02-17T09:46:23.306687
2026-02-18,CAN,departure,08:00,SYD Sydney,CZ301,China Southern,text,Duration: 9h 20m,,True,2026-02-17T09:46:23.306694
2026-02-18,CAN,departure,08:00,SHE Shenyang,OQ2127,Chongqing Airlines,text,Duration: 3h 50m,,True,2026-02-17T09:46:23.306700
2026-02-18,CAN,departure,08:00,PEK Beijing,CA1310,Air China,text,Duration: 3h 15m,,True,2026-02-17T09:46:23.306710
2026-02-18,CAN,departure,08:00,JJN Jinjiang,CZ3283,China Southern,text,Duration: 1h 25m,,True,2026-02-17T09:46:23.306717
2026-02-18,CAN,departure,08:00,SHA Shanghai,CZ3523,China Southern,text,Duration: 2h 10m,,True,2026-02-17T09:46:23.306724
2026-02-18,CAN,departure,08:00,TSN Tianjin,CA2806,Air China,text,Duration: 2h 55m,,True,2026-02-17T09:46:23.306730
2026-02-18,CAN,departure,08:00,BKK Bangkok,CZ357,China Southern,text,Duration: 3h 10m,,True,2026-02-17T09:46:23.306736
2026-02-18,CAN,departure,08:00,PKX Beijing,CZ3101,China Southern,text,Duration: 3h 0m,,True,2026-02-17T09:46:23.306743
2026-02-18,CAN,departure,08:00,PEK Beijing,HU7802,Hainan Airlines,text,Duration: 3h 0m,,True,2026-02-17T09:46:23.306933
2026-02-18,CAN,departure,08:05,NKG Nanjing,AQ1029,9 Air,text,Duration: 2h 10m,,True,2026-02-17T09:46:23.306950
2026-02-18,CAN,departure,08:05,WUX Wuxi,ZH9821,Shenzhen Airlines,text,Duration: 2h 15m,,True,2026-02-17T09:46:23.306970
2026-02-18,CAN,departure,08:05,DYG Dayong,CZ3381,China Southern,text,Duration: 1h 40m,,True,2026-02-17T09:46:23.306987
2026-02-18,CAN,departure,08:05,KMG Kunming,CZ3409,China Southern,text,Duration: 2h 30m,,True,2026-02-17T09:46:23.306999
2026-02-18,CAN,departure,08:05,TAO Qingdao,CZ3519,China Southern,text,Duration: 3h 10m,,True,2026-02-17T09:46:23.307013
2026-02-18,CAN,departure,08:10,CGK Jakarta,CZ3037,China Southern,text,Duration: 5h 0m,,True,2026-02-17T09:46:23.307029
2026-02-18,CAN,departure,08:10,TSN Tianjin,OQ2123,Chongqing Airlines,text,Duration: 3h 0m,,True,2026-02-17T09:46:23.307037
2026-02-18,CAN,departure,08:10,HRB Harbin,ZH9671,Shenzhen Airlines,text,Duration: 4h 5m,,True,2026-02-17T09:46:23.307044
2026-02-18,CAN,departure,08:10,CXR Nha Trang,CZ8475,China Southern,text,Duration: 2h 30m,,True,2026-02-17T09:46:23.307051
2026-02-18,CAN,departure,08:10,URC Urumqi,CZ6886,China Southern,text,Duration: 5h 30m,,True,2026-02-17T09:46:23.307059
2026-02-18,CAN,departure,08:15,KTM Kathmandu,CZ6067,China Southern,text,Duration: 5h 30m,,True,2026-02-17T09:46:23.307066
2026-02-18,CAN,departure,08:15,NGB Ningbo,CZ3777,China Southern,text,Duration: 2h 0m,,True,2026-02-17T09:46:23.307072
2026-02-18,CAN,departure,08:15,NKG Nanjing,CZ3843,China Southern,text,Duration: 2h 15m,,True,2026-02-17T09:46:23.307078
2026-02-18,CAN,departure,08:15,NRT Tokyo,CZ8101,China Southern,text,Duration: 4h 5m,,True,2026-02-17T09:46:23.307087
2026-02-18,CAN,departure,08:15,TYN Taiyuan,CZ3701,China Southern,text,Duration: 2h 35m,,True,2026-02-17T09:46:23.307094
2026-02-18,CAN,departure,08:15,"JUZ Quzhou, Zhejiang Province",CZ6289,China Southern,text,Duration: 1h 50m,,True,2026-02-17T09:46:23.307101
2026-02-18,CAN,departure,08:15,SIN Singapore,CZ353,China Southern,text,Duration: 4h 10m,,True,2026-02-17T09:46:23.307108
2026-02-18,CAN,departure,08:20,KWE Guiyang,CZ6420,China Southern,text,Duration: 1h 55m,,True,2026-02-17T09:46:23.307114
2026-02-18,CAN,departure,08:20,MNL Manila,CZ3091,China Southern,text,Duration: 2h 30m,,True,2026-02-17T09:46:23.307121
2026-02-18,CAN,departure,08:25,URC Urumqi,CA9673,Air China,text,Duration: 5h 45m,,True,2026-02-17T09:46:23.307127
2026-02-18,CAN,departure,08:25,WNZ Wenzhou,HU7285,Hainan Airlines,text,Duration: 1h 40m,,True,2026-02-17T09:46:23.307134
2026-02-18,CAN,departure,08:25,TNA Jinan,ZH9971,Shenzhen Airlines,text,Duration: 2h 40m,,True,2026-02-17T09:46:23.307139
2026-02-18,CAN,departure,08:25,XIY Xian,ZH9221,Shenzhen Airlines,text,Duration: 2h 50m,,True,2026-02-17T09:46:23.307147
2026-02-18,CAN,departure,08:30,CTU Chengdu,CA4327,Air China,text,Duration: 2h 25m,,True,2026-02-17T09:46:23.307164
2026-02-18,CAN,departure,08:30,KUL Kuala Lumpur,CZ349,China Southern,text,Duration: 4h 15m,,True,2026-02-17T09:46:23.307172
2026-02-18,CAN,departure,08:30,PVG Shanghai,HU7431,Hainan Airlines,text,Duration: 2h 25m,,True,2026-02-17T09:46:23.307181
2026-02-18,CAN,departure,08:30,CTU Chengdu,CZ3401,China Southern,text,Duration: 2h 45m,,True,2026-02-17T09:46:23.307198
2026-02-18,CAN,departure,08:35,CGO Zhengzhou,CZ5485,China Southern,text,Duration: 2h 15m,,True,2026-02-17T09:46:23.307206
2026-02-18,CAN,departure,08:40,SWA Jieyang,CZ3892,China Southern,text,Duration: 1h 10m,,True,2026-02-17T09:46:23.307211
2026-02-18,CAN,departure,08:40,HAK Haikou,HU7004,Hainan Airlines,text,Duration: 1h 15m,,True,2026-02-17T09:46:23.307218
2026-02-18,CAN,departure,08:40,NKG Nanjing,ZH9863,Shenzhen Airlines,text,Duration: 2h 10m,,True,2026-02-17T09:46:23.307224
2026-02-18,CAN,departure,08:40,PVG Shanghai,ZH9533,Shenzhen Airlines,text,Duration: 2h 20m,,True,2026-02-17T09:46:23.307230
2026-02-18,CAN,departure,08:40,LZG Langzhong,CZ8691,China Southern,text,Duration: 2h 25m,,True,2026-02-17T09:46:23.307239
2026-02-18,CAN,departure,08:40,DLU Dali City,CZ6595,China Southern,text,Duration: 3h 0m,,True,2026-02-17T09:46:23.307253
2026-02-18,CAN,departure,08:45,PZI Pan Zhi Hua,CZ3933,China Southern,text,Duration: 2h 30m,,True,2026-02-17T09:46:23.307265
2026-02-18,CAN,departure,08:45,SGN Ho Chi Minh City,CZ8159,China Southern,text,Duration: 2h 55m,,True,2026-02-17T09:46:23.307278
2026-02-18,CAN,departure,08:45,YTY Yangzhou,ZH9693,Shenzhen Airlines,text,Duration: 2h 20m,,True,2026-02-17T09:46:23.307284
2026-02-18,CAN,departure,08:45,YIW Yiwu,CZ3304,China Southern,text,Duration: 1h 55m,,True,2026-02-17T09:46:23.307292
2026-02-18,CAN,departure,08:50,YBP Yibin,3U3053,Sichuan Airlines,text,Duration: 2h 20m,,True,2026-02-17T09:46:23.307298
2026-02-18,CAN,departure,08:50,HND Tokyo,CZ385,China Southern,text,Duration: 3h 45m,,True,2026-02-17T09:46:23.307304
2026-02-18,CAN,departure,08:50,CGO Zhengzhou,ZH9473,Shenzhen Airlines,text,Duration: 2h 15m,,True,2026-02-17T09:46:23.307311
2026-02-18,CAN,departure,08:50,PVG Shanghai,MU5328,China Eastern,text,Duration: 2h 25m,,True,2026-02-17T09:46:23.307319
2026-02-18,CAN,departure,08:55,TCZ Tengchong,CZ6663,China Southern,text,Duration: 3h 15m,,True,2026-02-17T09:46:23.307325
2026-02-18,CAN,departure,08:55,MEL Melbourne,CZ343,China Southern,text,Duration: 9h 35m,,True,2026-02-17T09:46:23.307333
2026-02-18,CAN,departure,08:55,YCU Yuncheng,CZ3921,China Southern,text,Duration: 2h 40m,,True,2026-02-17T09:46:23.307339
2026-02-18,CAN,departure,09:00,BKK Bangkok,9C7419,Spring Airlines,text,Duration: 3h 0m,,True,2026-02-17T09:46:23.307345
2026-02-18,CAN,departure,09:00,TFU Chengdu,CA4310,Air China,text,Duration: 2h 25m,,True,2026-02-17T09:46:23.307351
2026-02-18,CAN,departure,09:00,PKX Beijing,CZ3099,China Southern,text,Duration: 3h 5m,,True,2026-02-17T09:46:23.307357
2026-02-18,CAN,departure,09:00,PVG Shanghai,CZ8211,China Southern,text,Duration: 2h 25m,,True,2026-02-17T09:46:23.307362
2026-02-18,CAN,departure,09:00,KMG Kunming,MU9690,China Eastern,text,Duration: 2h 35m,,True,2026-02-17T09:46:23.307528
2026-02-18,CAN,departure,09:05,SHA Shanghai,CA1838,Air China,text,Duration: 2h 15m,,True,2026-02-17T09:46:23.307539
2026-02-18,CAN,departure,09:05,CSX Changsha,CZ3380,China Southern,text,Duration: 1h 40m,,True,2026-02-17T09:46:23.307546
2026-02-18,CAN,departure,09:05,DAC Dhaka,CZ5015,China Southern,text,Duration: 4h 25m,,True,2026-02-17T09:46:23.307552
2026-02-18,CAN,departure,09:05,KMG Kunming,CZ3493,China Southern,text,Duration: 2h 50m,,True,2026-02-17T09:46:23.307562
2026-02-18,CAN,departure,09:05,TNA Jinan,CZ3509,China Southern,text,Duration: 2h 40m,,True,2026-02-17T09:46:23.307568
2026-02-18,CAN,departure,09:05,XIY Xian,CZ3237,China Southern,text,Duration: 2h 35m,,True,2026-02-17T09:46:23.307573
2026-02-18,CAN,departure,09:10,CGQ Changchun,CZ6378,China Southern,text,Duration: 4h 15m,,True,2026-02-17T09:46:23.307579
2026-02-18,CAN,departure,09:10,LFQ Qiaoli,CZ5647,China Southern,text,Duration: 2h 45m,,True,2026-02-17T09:46:23.307585
2026-02-18,CAN,departure,09:10,SHA Shanghai,MU5304,China Eastern,text,Duration: 2h 15m,,True,2026-02-17T09:46:23.307591
2026-02-18,CAN,departure,09:10,FOC Fuzhou,CZ3505,China Southern,text,Duration: 1h 35m,,True,2026-02-17T09:46:23.307596
2026-02-18,CAN,departure,09:10,HGH Hangzhou,CZ3803,China Southern,text,Duration: 2h 0m,,True,2026-02-17T09:46:23.307602
2026-02-18,CAN,departure,09:15,HET Hohhot,CA1382,Air China,text,Duration: 3h 5m,,True,2026-02-17T09:46:23.307608
2026-02-18,CAN,departure,09:15,BKK Bangkok,CZ8079,China Southern,text,Duration: 3h 10m,,True,2026-02-17T09:46:23.307613
2026-02-18,CAN,departure,09:15,NNY Nanyang,CZ3221,China Southern,text,Duration: 2h 5m,,True,2026-02-17T09:46:23.307620
2026-02-18,CAN,departure,09:15,PEK Beijing,HU7804,Hainan Airlines,text,Duration: 3h 0m,,True,2026-02-17T09:46:23.307626
2026-02-18,CAN,departure,09:15,CZX Changzhou,CZ3907,China Southern,text,Duration: 2h 10m,,True,2026-02-17T09:46:23.307632
2026-02-18,CAN,departure,09:20,CTU Chengdu,3U8740,Sichuan Airlines,text,Duration: 2h 40m,,True,2026-02-17T09:46:23.307637
2026-02-18,CAN,departure,09:20,DLC Dalian,CZ6485,China Southern,text,Duration: 3h 20m,,True,2026-02-17T09:46:23.307642
2026-02-18,CAN,departure,09:20,LHW Lanzhou,MU2220,China Eastern,text,Duration: 3h 25m,,True,2026-02-17T09:46:23.307648
2026-02-18,CAN,departure,09:20,NKG Nanjing,CZ3513,China Southern,text,Duration: 2h 10m,,True,2026-02-17T09:46:23.307653
2026-02-18,CAN,departure,09:20,YTY Yangzhou,CZ8213,China Southern,text,Duration: 2h 15m,,True,2026-02-17T09:46:23.307659
2026-02-18,CAN,departure,09:25,HAN Hanoi,CZ3049,China Southern,text,Duration: 2h 15m,,True,2026-02-17T09:46:23.307664
2026-02-18,CAN,departure,09:25,KUL Kuala Lumpur,CZ3047,China Southern,text,Duration: 4h 15m,,True,2026-02-17T09:46:23.307670
2026-02-18,CAN,departure,09:25,SYX Sanya,CZ5518,China Southern,text,Duration: 1h 25m,,True,2026-02-17T09:46:23.307678
2026-02-18,CAN,departure,09:25,TNA Jinan,HU7209,Hainan Airlines,text,Duration: 2h 40m,,True,2026-02-17T09:46:23.307684
2026-02-18,CAN,departure,09:30,HAK Haikou,CZ6774,China Southern,text,Duration: 1h 20m,,True,2026-02-17T09:46:23.307689
2026-02-18,CAN,departure,09:30,ICN Seoul,CZ337,China Southern,text,Duration: 3h 20m,,True,2026-02-17T09:46:23.307694
2026-02-18,CAN,departure,09:30,WUH Wuhan,CZ8520,China Southern,text,Duration: 1h 55m,,True,2026-02-17T09:46:23.307699
2026-02-18,CAN,departure,09:30,NNG Nanning,CZ3292,China Southern,text,Duration: 1h 40m,,True,2026-02-17T09:46:23.307704
2026-02-18,CAN,departure,09:30,PEK Beijing,CA1380,Air China,text,Duration: 2h 55m,,True,2026-02-17T09:46:23.307710
2026-02-18,CAN,departure,09:30,CTU Chengdu,CZ3437,China Southern,text,Duration: 2h 25m,,True,2026-02-17T09:46:23.307715
2026-02-18,CAN,departure,09:35,CKG Chongqing,CZ3405,China Southern,text,Duration: 2h 20m,,True,2026-02-17T09:46:23.307720
2026-02-18,CAN,departure,09:35,CGO Zhengzhou,PN6382,West Air (China),text,Duration: 2h 10m,,True,2026-02-17T09:46:23.307726
2026-02-18,CAN,departure,09:45,HAK Haikou,AQ1023,9 Air,text,Duration: 1h 45m,,True,2026-02-17T09:46:23.307734
2026-02-18,CAN,departure,09:50,CTU Chengdu,MU6851,China Eastern,text,Duration: 2h 30m,,True,2026-02-17T09:46:23.307739
2026-02-18,CAN,departure,09:50,INC Yinchuan,ZH8941,Shenzhen Airlines,text,Duration: 3h 20m,,True,2026-02-17T09:46:23.307745
2026-02-18,CAN,departure,09:50,TNA Jinan,ZH9973,Shenzhen Airlines,text,Duration: 2h 45m,,True,2026-02-17T09:46:23.307750
2026-02-18,CAN,departure,09:55,LYG Lianyungang,AQ1179,9 Air,text,Duration: 2h 30m,,True,2026-02-17T09:46:23.307755
2026-02-18,CAN,departure,09:55,TYN Taiyuan,CZ3713,China Southern,text,Duration: 2h 45m,,True,2026-02-17T09:46:23.307760
2026-02-18,CAN,departure,09:55,CGO Zhengzhou,HU7287,Hainan Airlines,text,Duration: 2h 25m,,True,2026-02-17T09:46:23.307767
2026-02-18,CAN,departure,09:55,TFU Chengdu,HU7151,Hainan Airlines,text,Duration: 2h 35m,,True,2026-02-17T09:46:23.307773
2026-02-18,CAN,departure,10:00,SHA Shanghai,CZ8525,China Southern,text,Duration: 2h 15m,,True,2026-02-17T09:46:23.307778
2026-02-18,CAN,departure,10:00,SHE Shenyang,CZ6332,China Southern,text,Duration: 3h 55m,,True,2026-02-17T09:46:23.307783
2026-02-18,CAN,departure,10:00,MXZ Mei Xian,CZ3333,China Southern,text,Duration: 1h 5m,,True,2026-02-17T09:46:23.307790
2026-02-18,CAN,departure,10:00,PKX Beijing,CZ3121,China Southern,text,Duration: 3h 10m,,True,2026-02-17T09:46:23.307796
2026-02-18,CAN,departure,10:00,XUZ Xuzhou,CZ5471,China Southern,text,Duration: 2h 20m,,True,2026-02-17T09:46:23.307801
2026-02-18,CAN,departure,10:05,BNE Brisbane,CZ635,China Southern,text,Duration: 9h 5m,,True,2026-02-17T09:46:23.307806
2026-02-18,CAN,departure,10:05,URC Urumqi,CZ6882,China Southern,text,Duration: 5h 20m,,True,2026-02-17T09:46:23.307812
2026-02-18,CAN,departure,10:05,CKG Chongqing,HU6141,Hainan Airlines,text,Duration: 2h 15m,,True,2026-02-17T09:46:23.307817
2026-02-18,CAN,departure,10:10,XMN Xiamen,MF8302,XiamenAir,text,Duration: 1h 20m,,True,2026-02-17T09:46:23.307952
2026-02-18,CAN,departure,10:10,CKG Chongqing,3U8746,Sichuan Airlines,text,Duration: 2h 0m,,True,2026-02-17T09:46:23.307961
2026-02-18,CAN,departure,10:10,HGH Hangzhou,CZ3863,China Southern,text,Duration: 2h 0m,,True,2026-02-17T09:46:23.307967
2026-02-18,CAN,departure,10:15,HKG Hong Kong,CX983,Cathay Pacific,text,Duration: 1h 30m,,True,2026-02-17T09:46:23.307973
2026-02-18,CAN,departure,10:15,CKG Chongqing,CA4362,Air China,text,Duration: 1h 50m,,True,2026-02-17T09:46:23.307983
2026-02-18,CAN,departure,10:15,NKG Nanjing,CZ3599,China Southern,text,Duration: 2h 15m,,True,2026-02-17T09:46:23.307989
2026-02-18,CAN,departure,10:20,HFE Hefei,CZ3397,China Southern,text,Duration: 2h 5m,,True,2026-02-17T09:46:23.307996
2026-02-18,CAN,departure,10:20,HRB Harbin,CZ3913,China Southern,text,Duration: 4h 45m,,True,2026-02-17T09:46:23.308002
2026-02-18,CAN,departure,10:25,XIC Xichang,3U3059,Sichuan Airlines,text,Duration: 2h 25m,,True,2026-02-17T09:46:23.308008
2026-02-18,CAN,departure,10:25,KUL Kuala Lumpur,AK113,AirAsia,text,Duration: 4h 20m,,True,2026-02-17T09:46:23.308014
2026-02-18,CAN,departure,10:25,CGO Zhengzhou,CZ3960,China Southern,text,Duration: 2h 25m,,True,2026-02-17T09:46:23.308020
2026-02-18,CAN,departure,10:25,KIX Osaka,CZ8107,China Southern,text,Duration: 3h 35m,,True,2026-02-17T09:46:23.308025
2026-02-18,CAN,departure,10:30,HAK Haikou,CZ6776,China Southern,text,Duration: 1h 20m,,True,2026-02-17T09:46:23.308030
2026-02-18,CAN,departure,10:30,JNG Jining,CZ3953,China Southern,text,Duration: 2h 40m,,True,2026-02-17T09:46:23.308036
2026-02-18,CAN,departure,10:30,HYN Taizhou,MU2475,China Eastern,text,Duration: 2h 0m,,True,2026-02-17T09:46:23.308043
2026-02-18,CAN,departure,10:30,SHA Shanghai,MU5306,China Eastern,text,Duration: 2h 10m,,True,2026-02-17T09:46:23.308048
2026-02-18,CAN,departure,10:30,BKK Bangkok,CZ8099,China Southern,text,Duration: 3h 25m,,True,2026-02-17T09:46:23.308053
2026-02-18,CAN,departure,10:30,PEK Beijing,CA1330,Air China,text,Duration: 2h 55m,,True,2026-02-17T09:46:23.308058
2026-02-18,CAN,departure,10:35,KWE Guiyang,CZ6393,China Southern,text,Duration: 1h 50m,,True,2026-02-17T09:46:23.308064
2026-02-18,CAN,departure,10:35,WUX Wuxi,CZ3917,China Southern,text,Duration: 2h 25m,,True,2026-02-17T09:46:23.308071
2026-02-18,CAN,departure,10:35,NGB Ningbo,OQ2027,Chongqing Airlines,text,Duration: 2h 0m,,True,2026-02-17T09:46:23.308077
2026-02-18,CAN,departure,10:35,NBS Baishan,CZ3359,China Southern,text,Duration: 4h 10m,,True,2026-02-17T09:46:23.308082
2026-02-18,CAN,departure,10:35,WNZ Wenzhou,CZ3763,China Southern,text,Duration: 1h 50m,,True,2026-02-17T09:46:23.308089
2026-02-18,CAN,departure,10:40,WDS Shiyan,CZ3335,China Southern,text,Duration: 2h 20m,,True,2026-02-17T09:46:23.308094
2026-02-18,CAN,departure,10:40,WUX Wuxi,ZH9825,Shenzhen Airlines,text,Duration: 2h 15m,,True,2026-02-17T09:46:23.308101
2026-02-18,CAN,departure,10:40,TSN Tianjin,CZ3301,China Southern,text,Duration: 3h 10m,,True,2026-02-17T09:46:23.308107
2026-02-18,CAN,departure,10:45,CGQ Changchun,CZ5175,China Southern,text,Duration: 4h 10m,,True,2026-02-17T09:46:23.308112
2026-02-18,CAN,departure,10:45,PVG Shanghai,CZ3550,China Southern,text,Duration: 2h 25m,,True,2026-02-17T09:46:23.308117
2026-02-18,CAN,departure,10:45,SYX Sanya,CZ6782,China Southern,text,Duration: 1h 50m,,True,2026-02-17T09:46:23.308123
2026-02-18,CAN,departure,10:45,YNT Yantai,CZ8777,China Southern,text,Duration: 3h 10m,,True,2026-02-17T09:46:23.308128
2026-02-18,CAN,departure,10:45,CTU Chengdu,EU2236,Chengdu Airlines,text,Duration: 2h 5m,,True,2026-02-17T09:46:23.308133
2026-02-18,CAN,departure,10:45,SIN Singapore,TR101,Scoot,text,Duration: 4h 15m,,True,2026-02-17T09:46:23.308138
2026-02-18,CAN,departure,10:50,TYN Taiyuan,MU6364,China Eastern,text,Duration: 2h 45m,,True,2026-02-17T09:46:23.308144
2026-02-18,CAN,departure,10:50,HGH Hangzhou,CA1790,Air China,text,Duration: 1h 55m,,True,2026-02-17T09:46:23.308149
2026-02-18,CAN,departure,10:50,HFE Hefei,MU5288,China Eastern,text,Duration: 2h 10m,,True,2026-02-17T09:46:23.308155
2026-02-18,CAN,departure,10:55,SHA Shanghai,9C8836,Spring Airlines,text,Duration: 2h 20m,,True,2026-02-17T09:46:23.308161
2026-02-18,CAN,departure,10:55,ICN Seoul,CZ3061,China Southern,text,Duration: 3h 20m,,True,2026-02-17T09:46:23.308166
2026-02-18,CAN,departure,10:55,XIY Xian,MU2312,China Eastern,text,Duration: 2h 35m,,True,2026-02-17T09:46:23.308171
2026-02-18,CAN,departure,11:00,TAO Qingdao,CZ3799,China Southern,text,Duration: 2h 55m,,True,2026-02-17T09:46:23.308178
2026-02-18,CAN,departure,11:00,WUH Wuhan,CZ3348,China Southern,text,Duration: 1h 50m,,True,2026-02-17T09:46:23.308183
2026-02-18,CAN,departure,11:00,PVG Shanghai,CA8582,Air China,text,Duration: 2h 15m,,True,2026-02-17T09:46:23.308188
2026-02-18,CAN,departure,11:00,KMG Kunming,CZ3415,China Southern,text,Duration: 2h 40m,,True,2026-02-17T09:46:23.308194
2026-02-18,CAN,departure,11:00,PKX Beijing,CZ3177,China Southern,text,Duration: 3h 5m,,True,2026-02-17T09:46:23.308199
2026-02-18,CAN,departure,11:00,SHA Shanghai,CZ3537,China Southern,text,Duration: 2h 20m,,True,2026-02-17T09:46:23.308204
2026-02-18,CAN,departure,11:05,NGB Ningbo,MU6949,China Eastern,text,Duration: 2h 0m,,True,2026-02-17T09:46:23.308211
2026-02-18,CAN,departure,11:05,NTG Nantong,ZH8693,Shenzhen Airlines,text,Duration: 2h 15m,,True,2026-02-17T09:46:23.308217
2026-02-18,CAN,departure,11:05,NKG Nanjing,MU2908,China Eastern,text,Duration: 2h 10m,,True,2026-02-17T09:46:23.308222
2026-02-18,CAN,departure,11:05,JHG Jinghong,CZ5899,China Southern,text,Duration: 3h 0m,,True,2026-02-17T09:46:23.308227
2026-02-18,CAN,departure,11:10,HGH Hangzhou,HU7461,Hainan Airlines,text,Duration: 1h 55m,,True,2026-02-17T09:46:23.308232
2026-02-18,CAN,departure,11:15,PEK Beijing,HU7806,Hainan Airlines,text,Duration: 3h 10m,,True,2026-02-17T09:46:23.308237
2026-02-18,CAN,departure,11:15,HGH Hangzhou,MF8320,XiamenAir,text,Duration: 2h 0m,,True,2026-02-17T09:46:23.308350
2026-02-18,CAN,departure,11:15,CTU Chengdu,TV9766,Tibet Airlines,text,Duration: 2h 25m,,True,2026-02-17T09:46:23.308358
2026-02-18,CAN,departure,11:20,KUL Kuala Lumpur,CZ8011,China Southern,text,Duration: 4h 20m,,True,2026-02-17T09:46:23.308363
2026-02-18,CAN,departure,11:20,KMG Kunming,MU5732,China Eastern,text,Duration: 2h 40m,,True,2026-02-17T09:46:23.308369
2026-02-18,CAN,departure,11:20,TFU Chengdu,ZH9443,Shenzhen Airlines,text,Duration: 2h 25m,,True,2026-02-17T09:46:23.308379
2026-02-18,CAN,departure,11:25,KMG Kunming,KY8280,Kunming Airlines,text,Duration: 2h 25m,,True,2026-02-17T09:46:23.308385
2026-02-18,CAN,departure,11:25,SHE Shenyang,CZ6308,China Southern,text,Duration: 3h 50m,,True,2026-02-17T09:46:23.308391
2026-02-18,CAN,departure,11:30,HGH Hangzhou,3U3152,Sichuan Airlines,text,Duration: 1h 45m,,True,2026-02-17T09:46:23.308396
2026-02-18,CAN,departure,11:30,HAN Hanoi,ZH121,Shenzhen Airlines,text,Duration: 2h 15m,,True,2026-02-17T09:46:23.308401
2026-02-18,CAN,departure,11:30,HAK Haikou,CZ6786,China Southern,text,Duration: 1h 30m,,True,2026-02-17T09:46:23.308408
2026-02-18,CAN,departure,11:30,CTU Chengdu,CZ3443,China Southern,text,Duration: 2h 25m,,True,2026-02-17T09:46:23.308413
2026-02-18,CAN,departure,11:30,WNH Wenshan,CZ6487,China Southern,text,Duration: 2h 15m,,True,2026-02-17T09:46:23.308418
2026-02-18,CAN,departure,11:35,CGO Zhengzhou,CZ6631,China Southern,text,Duration: 2h 20m,,True,2026-02-17T09:46:23.308424
2026-02-18,CAN,departure,11:35,INC Yinchuan,CZ3269,China Southern,text,Duration: 3h 10m,,True,2026-02-17T09:46:23.308429
2026-02-18,CAN,departure,11:35,HGH Hangzhou,MU5212,China Eastern,text,Duration: 2h 0m,,True,2026-02-17T09:46:23.308437
2026-02-18,CAN,departure,11:35,TFU Chengdu,CA4320,Air China,text,Duration: 2h 20m,,True,2026-02-17T09:46:23.308442
2026-02-18,CAN,departure,11:35,NGB Ningbo,CZ3517,China Southern,text,Duration: 1h 55m,,True,2026-02-17T09:46:23.308447
2026-02-18,CAN,departure,11:40,SHA Shanghai,CA9668,Air China,text,Duration: 2h 0m,,True,2026-02-17T09:46:23.308453
2026-02-18,CAN,departure,11:40,CKG Chongqing,HU7341,Hainan Airlines,text,Duration: 2h 20m,,True,2026-02-17T09:46:23.308458
2026-02-18,CAN,departure,11:40,CKG Chongqing,OQ2306,Chongqing Airlines,text,Duration: 2h 20m,,True,2026-02-17T09:46:23.308463
2026-02-18,CAN,departure,11:40,BKK Bangkok,CZ5095,China Southern,text,Duration: 3h 0m,,True,2026-02-17T09:46:23.308470
2026-02-18,CAN,departure,11:40,PEK Beijing,CA1360,Air China,text,Duration: 3h 15m,,True,2026-02-17T09:46:23.308476
2026-02-18,CAN,departure,11:45,SHA Shanghai,HO1856,Juneyao Airlines,text,Duration: 2h 5m,,True,2026-02-17T09:46:23.308481
2026-02-18,CAN,departure,11:45,HRB Harbin,MU9375,China Eastern,text,Duration: 4h 35m,,True,2026-02-17T09:46:23.308486
2026-02-18,CAN,departure,11:45,LHW Lanzhou,MU5262,China Eastern,text,Duration: 3h 30m,,True,2026-02-17T09:46:23.308493
2026-02-18,CAN,departure,11:45,SJW Shijiazhuang,CZ3131,China Southern,text,Duration: 3h 0m,,True,2026-02-17T09:46:23.308498
2026-02-18,CAN,departure,11:50,CNX Chiang Mai,CZ8327,China Southern,text,Duration: 3h 20m,,True,2026-02-17T09:46:23.308504
2026-02-18,CAN,departure,11:50,SVO Moscow,SU221,Aeroflot,text,Duration: 10h 25m,,True,2026-02-17T09:46:23.308509
2026-02-18,CAN,departure,11:50,TFU Chengdu,3U6702,Sichuan Airlines,text,Duration: 2h 25m,,True,2026-02-17T09:46:23.308514
2026-02-18,CAN,departure,11:50,PKX Beijing,MU6304,China Eastern,text,Duration: 3h 0m,,True,2026-02-17T09:46:23.308519
2026-02-18,CAN,departure,11:55,DZH Dazhou,CA4063,Air China,text,Duration: 2h 35m,,True,2026-02-17T09:46:23.308524
2026-02-18,CAN,departure,11:55,TSN Tianjin,CA2802,Air China,text,Duration: 3h 0m,,True,2026-02-17T09:46:23.308530
2026-02-18,CAN,departure,11:55,XMN Xiamen,CZ3741,China Southern,text,Duration: 1h 30m,,True,2026-02-17T09:46:23.308535
2026-02-18,CAN,departure,11:55,WUX Wuxi,ZH9827,Shenzhen Airlines,text,Duration: 2h 10m,,True,2026-02-17T09:46:23.308540
2026-02-18,CAN,departure,11:55,XIY Xian,CZ3219,China Southern,text,Duration: 2h 40m,,True,2026-02-17T09:46:23.308547
2026-02-18,CAN,departure,12:00,INC Yinchuan,MF8754,XiamenAir,text,Duration: 3h 25m,,True,2026-02-17T09:46:23.308552
2026-02-18,CAN,departure,12:00,TAO Qingdao,MU5256,China Eastern,text,Duration: 3h 5m,,True,2026-02-17T09:46:23.308559
2026-02-18,CAN,departure,12:00,TPE Taipei,CZ3097,China Southern,text,Duration: 2h 15m,,True,2026-02-17T09:46:23.308564
2026-02-18,CAN,departure,12:00,PKX Beijing,CZ3103,China Southern,text,Duration: 2h 55m,,True,2026-02-17T09:46:23.308569
2026-02-18,CAN,departure,12:00,SHA Shanghai,CZ3539,China Southern,text,Duration: 2h 15m,,True,2026-02-17T09:46:23.308575
2026-02-18,CAN,departure,12:00,SYX Sanya,CZ6744,China Southern,text,Duration: 1h 35m,,True,2026-02-17T09:46:23.308580
2026-02-18,CAN,departure,12:05,SHA Shanghai,9C6722,Spring Airlines,text,Duration: 2h 25m,,True,2026-02-17T09:46:23.308585
2026-02-18,CAN,departure,12:05,HET Hohhot,CZ3253,China Southern,text,Duration: 3h 10m,,True,2026-02-17T09:46:23.308591
2026-02-18,CAN,departure,12:05,KUL Kuala Lumpur,CZ8347,China Southern,text,Duration: 4h 10m,,True,2026-02-17T09:46:23.308596
2026-02-18,CAN,departure,12:05,URC Urumqi,CZ6023,China Southern,text,Duration: 5h 35m,,True,2026-02-17T09:46:23.308603
2026-02-18,CAN,departure,12:10,PVG Shanghai,HU7331,Hainan Airlines,text,Duration: 2h 20m,,True,2026-02-17T09:46:23.308608
2026-02-18,CAN,departure,12:10,TNA Jinan,SC1174,Shandong Airlines,text,Duration: 2h 35m,,True,2026-02-17T09:46:23.308613
2026-02-18,CAN,departure,12:10,HGH Hangzhou,CZ3869,China Southern,text,Duration: 2h 0m,,True,2026-02-17T09:46:23.308618
2026-02-18,CAN,departure,12:15,PKX Beijing,MF8396,XiamenAir,text,Duration: 2h 55m,,True,2026-02-17T09:46:23.308623
2026-02-18,CAN,departure,12:15,XIY Xian,MU2326,China Eastern,text,Duration: 2h 50m,,True,2026-02-17T09:46:23.308628
2026-02-18,CAN,departure,12:15,SJW Shijiazhuang,NS3204,Hebei Airlines,text,Duration: 2h 45m,,True,2026-02-17T09:46:23.308721
2026-02-18,CAN,departure,12:15,CZX Changzhou,CZ3899,China Southern,text,Duration: 2h 15m,,True,2026-02-17T09:46:23.308731
2026-02-18,CAN,departure,12:15,HRB Harbin,CZ6165,China Southern,text,Duration: 4h 15m,,True,2026-02-17T09:46:23.308737
2026-02-18,CAN,departure,12:15,CTU Chengdu,CA4306,Air China,text,Duration: 2h 30m,,True,2026-02-17T09:46:23.308744
2026-02-18,CAN,departure,12:15,WNZ Wenzhou,CZ3535,China Southern,text,Duration: 1h 50m,,True,2026-02-17T09:46:23.308753
2026-02-18,CAN,departure,12:20,HRB Harbin,ZH9677,Shenzhen Airlines,text,Duration: 4h 5m,,True,2026-02-17T09:46:23.308759
2026-02-18,CAN,departure,12:25,TFU Chengdu,AQ1115,9 Air,text,Duration: 2h 25m,,True,2026-02-17T09:46:23.308765
2026-02-18,CAN,departure,12:25,BKK Bangkok,CZ3081,China Southern,text,Duration: 3h 5m,,True,2026-02-17T09:46:23.308771
2026-02-18,CAN,departure,12:25,KMG Kunming,CZ3447,China Southern,text,Duration: 2h 35m,,True,2026-02-17T09:46:23.308776
2026-02-18,CAN,departure,12:30,SHA Shanghai,FM9308,Shanghai Airlines,text,Duration: 2h 10m,,True,2026-02-17T09:46:23.308782
2026-02-18,CAN,departure,12:30,CGO Zhengzhou,CZ8686,China Southern,text,Duration: 2h 20m,,True,2026-02-17T09:46:23.308788
2026-02-18,CAN,departure,12:30,SIN Singapore,CZ3039,China Southern,text,Duration: 4h 15m,,True,2026-02-17T09:46:23.308793
2026-02-18,CAN,departure,12:30,WSK Wushan,CZ3961,China Southern,text,Duration: 2h 15m,,True,2026-02-17T09:46:23.308799
2026-02-18,CAN,departure,12:35,XIY Xian,HU7838,Hainan Airlines,text,Duration: 2h 35m,,True,2026-02-17T09:46:23.308804
2026-02-18,CAN,departure,12:35,DLC Dalian,CZ6322,China Southern,text,Duration: 3h 20m,,True,2026-02-17T09:46:23.308810
2026-02-18,CAN,departure,12:40,SHA Shanghai,HO2288,Juneyao Airlines,text,Duration: 2h 25m,,True,2026-02-17T09:46:23.308816
2026-02-18,CAN,departure,12:40,YNT Yantai,SC7622,Shandong Airlines,text,Duration: 3h 5m,,True,2026-02-17T09:46:23.308821
2026-02-18,CAN,departure,12:40,ICN Seoul,OZ370,Asiana,text,Duration: 3h 20m,,True,2026-02-17T09:46:23.308826
2026-02-18,CAN,departure,12:40,PEK Beijing,CA1352,Air China,text,Duration: 3h 20m,,True,2026-02-17T09:46:23.308834
2026-02-18,CAN,departure,12:45,DXB Dubai,CZ8057,China Southern,text,Duration: 9h 35m,,True,2026-02-17T09:46:23.308839
2026-02-18,CAN,departure,12:45,CTU Chengdu,MU5322,China Eastern,text,Duration: 2h 55m,,True,2026-02-17T09:46:23.308844
2026-02-18,CAN,departure,12:45,PKX Beijing,MU6308,China Eastern,text,Duration: 2h 55m,,True,2026-02-17T09:46:23.308849
2026-02-18,CAN,departure,12:45,HGH Hangzhou,CA1792,Air China,text,Duration: 1h 55m,,True,2026-02-17T09:46:23.308855
2026-02-18,CAN,departure,12:45,WUH Wuhan,CZ8672,China Southern,text,Duration: 2h 0m,,True,2026-02-17T09:46:23.308860
2026-02-18,CAN,departure,12:50,HQQ An Yang,CZ8249,China Southern,text,Duration: 2h 30m,,True,2026-02-17T09:46:23.308867
2026-02-18,CAN,departure,12:50,WUS Wuyishan,SC4674,Shandong Airlines,text,Duration: 1h 25m,,True,2026-02-17T09:46:23.308873
2026-02-18,CAN,departure,12:50,HFE Hefei,CZ3873,China Southern,text,Duration: 2h 5m,,True,2026-02-17T09:46:23.308878
2026-02-18,CAN,departure,12:50,PVG Shanghai,FM9310,Shanghai Airlines,text,Duration: 1h 55m,,True,2026-02-17T09:46:23.308883
2026-02-18,CAN,departure,12:55,NKG Nanjing,CZ3821,China Southern,text,Duration: 2h 5m,,True,2026-02-17T09:46:23.308888
2026-02-18,CAN,departure,12:55,XIY Xian,ZH9223,Shenzhen Airlines,text,Duration: 2h 30m,,True,2026-02-17T09:46:23.308894
2026-02-18,CAN,departure,12:55,JNH Jiaxing,CZ3385,China Southern,text,Duration: 2h 10m,,True,2026-02-17T09:46:23.308899
2026-02-18,CAN,departure,12:55,CTU Chengdu,3U8732,Sichuan Airlines,text,Duration: 2h 25m,,True,2026-02-17T09:46:23.308904
2026-02-18,CAN,departure,13:00,DZH Dazhou,CA4356,Air China,text,Duration: 2h 20m,,True,2026-02-17T09:46:23.308909
2026-02-18,CAN,departure,13:00,PKX Beijing,CZ3179,China Southern,text,Duration: 3h 15m,,True,2026-02-17T09:46:23.308915
2026-02-18,CAN,departure,13:00,SHA Shanghai,CZ3525,China Southern,text,Duration: 2h 15m,,True,2026-02-17T09:46:23.308924
2026-02-18,CAN,departure,13:00,KTI Phnom Penh,CZ6059,China Southern,text,Duration: 3h 5m,,True,2026-02-17T09:46:23.308929
2026-02-18,CAN,departure,13:00,TYN Taiyuan,CZ6527,China Southern,text,Duration: 2h 40m,,True,2026-02-17T09:46:23.308934
2026-02-18,CAN,departure,13:05,SHE Shenyang,ZH9655,Shenzhen Airlines,text,Duration: 3h 35m,,True,2026-02-17T09:46:23.308940
2026-02-18,CAN,departure,13:05,SGN Ho Chi Minh City,CZ373,China Southern,text,Duration: 3h 0m,,True,2026-02-17T09:46:23.308946
2026-02-18,CAN,departure,13:05,XIY Xian,CZ3215,China Southern,text,Duration: 2h 40m,,True,2026-02-17T09:46:23.308952
2026-02-18,CAN,departure,13:05,HFE Hefei,HU7203,Hainan Airlines,text,Duration: 2h 0m,,True,2026-02-17T09:46:23.308957
2026-02-18,CAN,departure,13:05,FOC Fuzhou,MF8324,XiamenAir,text,Duration: 1h 15m,,True,2026-02-17T09:46:23.308962
2026-02-18,CAN,departure,13:10,KUL Kuala Lumpur,CZ8301,China Southern,text,Duration: 4h 20m,,True,2026-02-17T09:46:23.308968
2026-02-18,CAN,departure,13:10,WNZ Wenzhou,KN5038,China United Airlines,text,Duration: 1h 45m,,True,2026-02-17T09:46:23.308973
2026-02-18,CAN,departure,13:10,HIA Huai'an,MU2870,China Eastern,text,Duration: 2h 20m,,True,2026-02-17T09:46:23.308981
2026-02-18,CAN,departure,13:10,HGH Hangzhou,CZ3801,China Southern,text,Duration: 2h 0m,,True,2026-02-17T09:46:23.308986
2026-02-18,CAN,departure,13:15,ICN Seoul,KE868,Korean Air,text,Duration: 3h 20m,,True,2026-02-17T09:46:23.308991
2026-02-18,CAN,departure,13:15,TYN Taiyuan,MU5252,China Eastern,text,Duration: 2h 30m,,True,2026-02-17T09:46:23.308996
2026-02-18,CAN,departure,13:15,PEK Beijing,HU7808,Hainan Airlines,text,Duration: 3h 0m,,True,2026-02-17T09:46:23.309001
2026-02-18,CAN,departure,13:20,LHW Lanzhou,ZH9471,Shenzhen Airlines,text,Duration: 3h 0m,,True,2026-02-17T09:46:23.309006
2026-02-18,CAN,departure,13:25,KTI Phnom Penh,K6669,Air Cambodia,text,Duration: 2h 50m,,True,2026-02-17T09:46:23.309098
2026-02-18,CAN,departure,13:30,CTU Chengdu,CA4308,Air China,text,Duration: 2h 45m,,True,2026-02-17T09:46:23.309106
2026-02-18,CAN,departure,13:30,SHA Shanghai,MU5316,China Eastern,text,Duration: 2h 5m,,True,2026-02-17T09:46:23.309112
2026-02-18,CAN,departure,13:30,SIN Singapore,SQ851,Singapore Airlines,text,Duration: 4h 20m,,True,2026-02-17T09:46:23.309117
2026-02-18,CAN,departure,13:30,CTU Chengdu,CZ3471,China Southern,text,Duration: 2h 50m,,True,2026-02-17T09:46:23.309126
2026-02-18,CAN,departure,13:35,VTE Vientiane,CZ6091,China Southern,text,Duration: 2h 30m,,True,2026-02-17T09:46:23.309133
2026-02-18,CAN,departure,13:35,AMS Amsterdam,CZ307,China Southern,text,Duration: 12h 40m,,True,2026-02-17T09:46:23.309138
2026-02-18,CAN,departure,13:35,CKG Chongqing,CZ3425,China Southern,text,Duration: 2h 25m,,True,2026-02-17T09:46:23.309145
2026-02-18,CAN,departure,13:35,HAN Hanoi,CZ8315,China Southern,text,Duration: 2h 10m,,True,2026-02-17T09:46:23.309150
2026-02-18,CAN,departure,13:40,LHR London,CZ303,China Southern,text,Duration: 12h 55m,,True,2026-02-17T09:46:23.309155
2026-02-18,CAN,departure,13:40,XIY Xian,MU2302,China Eastern,text,Duration: 2h 45m,,True,2026-02-17T09:46:23.309161
2026-02-18,CAN,departure,13:40,HKT Phuket,CZ6063,China Southern,text,Duration: 3h 45m,,True,2026-02-17T09:46:23.309166
2026-02-18,CAN,departure,13:40,SHE Shenyang,CZ6302,China Southern,text,Duration: 3h 50m,,True,2026-02-17T09:46:23.309171
2026-02-18,CAN,departure,13:40,YTY Yangzhou,CZ3941,China Southern,text,Duration: 2h 15m,,True,2026-02-17T09:46:23.309177
2026-02-18,CAN,departure,13:45,PEK Beijing,CA1322,Air China,text,Duration: 3h 10m,,True,2026-02-17T09:46:23.309184
2026-02-18,CAN,departure,13:50,LYI Linyi,ZH9481,Shenzhen Airlines,text,Duration: 2h 20m,,True,2026-02-17T09:46:23.309189
2026-02-18,CAN,departure,13:50,CGQ Changchun,CZ6342,China Southern,text,Duration: 4h 15m,,True,2026-02-17T09:46:23.309196
2026-02-18,CAN,departure,13:55,CKG Chongqing,CA4348,Air China,text,Duration: 2h 0m,,True,2026-02-17T09:46:23.309201
2026-02-18,CAN,departure,13:55,LJG Lijiang,CZ3423,China Southern,text,Duration: 3h 10m,,True,2026-02-17T09:46:23.309206
2026-02-18,CAN,departure,13:55,LJG Lijiang,MU5742,China Eastern,text,Duration: 3h 0m,,True,2026-02-17T09:46:23.309212
2026-02-18,CAN,departure,13:55,PEN Penang,CZ5047,China Southern,text,Duration: 4h 5m,,True,2026-02-17T09:46:23.309217
2026-02-18,CAN,departure,14:00,PKX Beijing,CZ3109,China Southern,text,Duration: 3h 5m,,True,2026-02-17T09:46:23.309222
2026-02-18,CAN,departure,14:00,HRB Harbin,JD5165,Capital Airlines,text,Duration: 3h 55m,,True,2026-02-17T09:46:23.309227
2026-02-18,CAN,departure,14:00,HRB Harbin,CZ3623,China Southern,text,Duration: 4h 30m,,True,2026-02-17T09:46:23.309233
2026-02-18,CAN,departure,14:00,WNZ Wenzhou,CZ3675,China Southern,text,Duration: 1h 50m,,True,2026-02-17T09:46:23.309239
2026-02-18,CAN,departure,14:10,CKG Chongqing,AQ1101,9 Air,text,Duration: 2h 15m,,True,2026-02-17T09:46:23.309245
2026-02-18,CAN,departure,14:10,HGH Hangzhou,CZ3511,China Southern,text,Duration: 2h 5m,,True,2026-02-17T09:46:23.309250
2026-02-18,CAN,departure,14:10,SHA Shanghai,HO1858,Juneyao Airlines,text,Duration: 2h 10m,,True,2026-02-17T09:46:23.309255
2026-02-18,CAN,departure,14:10,XMN Xiamen,CZ3879,China Southern,text,Duration: 1h 20m,,True,2026-02-17T09:46:23.309261
2026-02-18,CAN,departure,14:15,MNL Manila,CZ397,China Southern,text,Duration: 2h 35m,,True,2026-02-17T09:46:23.309266
2026-02-18,CAN,departure,14:15,NKG Nanjing,HU7213,Hainan Airlines,text,Duration: 2h 10m,,True,2026-02-17T09:46:23.309271
2026-02-18,CAN,departure,14:15,XIY Xian,CZ3207,China Southern,text,Duration: 2h 40m,,True,2026-02-17T09:46:23.309276
2026-02-18,CAN,departure,14:15,JJN Jinjiang,MF8386,XiamenAir,text,Duration: 1h 15m,,True,2026-02-17T09:46:23.309290
2026-02-18,CAN,departure,14:20,TFU Chengdu,HU7251,Hainan Airlines,text,Duration: 2h 25m,,True,2026-02-17T09:46:23.309295
2026-02-18,CAN,departure,14:25,CGQ Changchun,ZH9695,Shenzhen Airlines,text,Duration: 4h 0m,,True,2026-02-17T09:46:23.309300
2026-02-18,CAN,departure,14:30,AKL Auckland,CZ335,China Southern,text,Duration: 11h 0m,,True,2026-02-17T09:46:23.309306
2026-02-18,CAN,departure,14:30,HAK Haikou,CZ5494,China Southern,text,Duration: 1h 20m,,True,2026-02-17T09:46:23.309311
2026-02-18,CAN,departure,14:30,SHA Shanghai,MU5308,China Eastern,text,Duration: 2h 5m,,True,2026-02-17T09:46:23.309316
2026-02-18,CAN,departure,14:30,TNA Jinan,ZH9977,Shenzhen Airlines,text,Duration: 2h 35m,,True,2026-02-17T09:46:23.309321
2026-02-18,CAN,departure,14:30,NKG Nanjing,CZ3699,China Southern,text,Duration: 2h 15m,,True,2026-02-17T09:46:23.309327
2026-02-18,CAN,departure,14:35,CGO Zhengzhou,CZ6626,China Southern,text,Duration: 2h 15m,,True,2026-02-17T09:46:23.309333
2026-02-18,CAN,departure,14:35,HND Tokyo,JL88,JAL,text,Duration: 3h 55m,,True,2026-02-17T09:46:23.309338
2026-02-18,CAN,departure,14:35,HGH Hangzhou,GJ8700,Loong Air,text,Duration: 2h 35m,,True,2026-02-17T09:46:23.309344
2026-02-18,CAN,departure,14:40,PKX Beijing,CA8393,Air China,text,Duration: 3h 15m,,True,2026-02-17T09:46:23.309349
2026-02-18,CAN,departure,14:40,FOC Fuzhou,CZ3877,China Southern,text,Duration: 1h 35m,,True,2026-02-17T09:46:23.309355
2026-02-18,CAN,departure,14:40,NGB Ningbo,CZ8293,China Southern,text,Duration: 2h 0m,,True,2026-02-17T09:46:23.309360
2026-02-18,CAN,departure,14:40,KUL Kuala Lumpur,MH377,Malaysia Airlines,text,Duration: 4h 10m,,True,2026-02-17T09:46:23.309366
2026-02-18,CAN,departure,14:40,BKI Kota Kinabalu,CZ8335,China Southern,text,Duration: 3h 20m,,True,2026-02-17T09:46:23.309372
2026-02-18,CAN,departure,14:45,TSN Tianjin,CZ3143,China Southern,text,Duration: 3h 5m,,True,2026-02-17T09:46:23.309377
2026-02-18,CAN,departure,14:45,XNT Xingtai,CZ8245,China Southern,text,Duration: 3h 5m,,True,2026-02-17T09:46:23.309383
2026-02-18,CAN,departure,14:45,LJG Lijiang,OQ2111,Chongqing Airlines,text,Duration: 3h 10m,,True,2026-02-17T09:46:23.309470
2026-02-18,CAN,departure,14:45,TAO Qingdao,CZ3573,China Southern,text,Duration: 3h 0m,,True,2026-02-17T09:46:23.309477
2026-02-18,CAN,departure,14:50,CSX Changsha,CZ3388,China Southern,text,Duration: 1h 35m,,True,2026-02-17T09:46:23.309482
2026-02-18,CAN,departure,14:50,PVG Shanghai,ZH9535,Shenzhen Airlines,text,Duration: 2h 35m,,True,2026-02-17T09:46:23.309487
2026-02-18,CAN,departure,14:50,BKK Bangkok,TG669,Thai Airways,text,Duration: 3h 20m,,True,2026-02-17T09:46:23.309493
2026-02-18,CAN,departure,14:55,YIW Yiwu,CZ3635,China Southern,text,Duration: 2h 0m,,True,2026-02-17T09:46:23.309498
2026-02-18,CAN,departure,14:55,CKG Chongqing,HU7441,Hainan Airlines,text,Duration: 2h 20m,,True,2026-02-17T09:46:23.309503
2026-02-18,CAN,departure,14:55,KMG Kunming,CZ3449,China Southern,text,Duration: 2h 40m,,True,2026-02-17T09:46:23.309510
2026-02-18,CAN,departure,14:55,HAK Haikou,HU7008,Hainan Airlines,text,Duration: 1h 35m,,True,2026-02-17T09:46:23.309516
2026-02-18,CAN,departure,14:55,BKK Bangkok,CZ8023,China Southern,text,Duration: 3h 10m,,True,2026-02-17T09:46:23.309521
2026-02-18,CAN,departure,15:00,HND Tokyo,CZ3085,China Southern,text,Duration: 4h 0m,,True,2026-02-17T09:46:23.309526
2026-02-18,CAN,departure,15:00,PKX Beijing,CZ3999,China Southern,text,Duration: 3h 15m,,True,2026-02-17T09:46:23.309532
2026-02-18,CAN,departure,15:00,JNG Jining,CZ5671,China Southern,text,Duration: 2h 40m,,True,2026-02-17T09:46:23.309537
2026-02-18,CAN,departure,15:00,TFU Chengdu,CZ3439,China Southern,text,Duration: 2h 25m,,True,2026-02-17T09:46:23.309543
2026-02-18,CAN,departure,15:00,WUH Wuhan,CZ5842,China Southern,text,Duration: 1h 55m,,True,2026-02-17T09:46:23.309548
2026-02-18,CAN,departure,15:05,KWE Guiyang,CZ3618,China Southern,text,Duration: 1h 40m,,True,2026-02-17T09:46:23.309553
2026-02-18,CAN,departure,15:05,HND Tokyo,NH924,ANA,text,Duration: 3h 55m,,True,2026-02-17T09:46:23.309558
2026-02-18,CAN,departure,15:05,CKG Chongqing,OQ2318,Chongqing Airlines,text,Duration: 2h 25m,,True,2026-02-17T09:46:23.309564
2026-02-18,CAN,departure,15:05,WUX Wuxi,CZ3297,China Southern,text,Duration: 2h 20m,,True,2026-02-17T09:46:23.309569
2026-02-18,CAN,departure,15:05,NTG Nantong,CZ3639,China Southern,text,Duration: 2h 10m,,True,2026-02-17T09:46:23.309574
2026-02-18,CAN,departure,15:05,TYN Taiyuan,CZ3695,China Southern,text,Duration: 2h 40m,,True,2026-02-17T09:46:23.309579
2026-02-18,CAN,departure,15:10,HET Hohhot,CZ3307,China Southern,text,Duration: 3h 0m,,True,2026-02-17T09:46:23.309584
2026-02-18,CAN,departure,15:10,TNA Jinan,CZ3711,China Southern,text,Duration: 2h 40m,,True,2026-02-17T09:46:23.309589
2026-02-18,CAN,departure,15:10,XIY Xian,HU7848,Hainan Airlines,text,Duration: 2h 35m,,True,2026-02-17T09:46:23.309594
2026-02-18,CAN,departure,15:10,HGH Hangzhou,CZ3501,China Southern,text,Duration: 2h 0m,,True,2026-02-17T09:46:23.309600
2026-02-18,CAN,departure,15:15,NKG Nanjing,HU7313,Hainan Airlines,text,Duration: 2h 10m,,True,2026-02-17T09:46:23.309605
2026-02-18,CAN,departure,15:15,PEK Beijing,HU7810,Hainan Airlines,text,Duration: 3h 0m,,True,2026-02-17T09:46:23.309610
2026-02-18,CAN,departure,15:15,URC Urumqi,CZ6892,China Southern,text,Duration: 5h 45m,,True,2026-02-17T09:46:23.309615
2026-02-18,CAN,departure,15:20,KMG Kunming,MU5734,China Eastern,text,Duration: 2h 35m,,True,2026-02-17T09:46:23.309620
2026-02-18,CAN,departure,15:20,SJW Shijiazhuang,NS3626,Hebei Airlines,text,Duration: 2h 45m,,True,2026-02-17T09:46:23.309626
2026-02-18,CAN,departure,15:20,SGN Ho Chi Minh City,VN503,Vietnam Airlines,text,Duration: 3h 0m,,True,2026-02-17T09:46:23.309631
2026-02-18,CAN,departure,15:25,TSN Tianjin,GS7896,Tianjin Airlines,text,Duration: 2h 50m,,True,2026-02-17T09:46:23.309636
2026-02-18,CAN,departure,15:30,LYG Lianyungang,CZ3233,China Southern,text,Duration: 2h 25m,,True,2026-02-17T09:46:23.309642
2026-02-18,CAN,departure,15:30,SHA Shanghai,FM9316,Shanghai Airlines,text,Duration: 2h 15m,,True,2026-02-17T09:46:23.309647
2026-02-18,CAN,departure,15:30,LHW Lanzhou,OQ2131,Chongqing Airlines,text,Duration: 3h 25m,,True,2026-02-17T09:46:23.309652
2026-02-18,CAN,departure,15:30,CTU Chengdu,CZ3417,China Southern,text,Duration: 2h 45m,,True,2026-02-17T09:46:23.309658
2026-02-18,CAN,departure,15:40,CNX Chiang Mai,CZ3033,China Southern,text,Duration: 3h 10m,,True,2026-02-17T09:46:23.309663
2026-02-18,CAN,departure,15:40,PEK Beijing,CA1316,Air China,text,Duration: 3h 20m,,True,2026-02-17T09:46:23.309668
2026-02-18,CAN,departure,15:40,SHE Shenyang,CZ6368,China Southern,text,Duration: 3h 40m,,True,2026-02-17T09:46:23.309673
2026-02-18,CAN,departure,15:45,BKK Bangkok,CZ363,China Southern,text,Duration: 3h 10m,,True,2026-02-17T09:46:23.309678
2026-02-18,CAN,departure,15:45,NKG Nanjing,CZ3855,China Southern,text,Duration: 2h 20m,,True,2026-02-17T09:46:23.309683
2026-02-18,CAN,departure,15:45,WUX Wuxi,ZH9831,Shenzhen Airlines,text,Duration: 2h 20m,,True,2026-02-17T09:46:23.309689
2026-02-18,CAN,departure,15:50,NGB Ningbo,CZ3371,China Southern,text,Duration: 2h 10m,,True,2026-02-17T09:46:23.309694
2026-02-18,CAN,departure,15:50,YNT Yantai,CZ5465,China Southern,text,Duration: 3h 5m,,True,2026-02-17T09:46:23.309700
2026-02-18,CAN,departure,15:55,CTU Chengdu,CA4318,Air China,text,Duration: 2h 35m,,True,2026-02-17T09:46:23.309705
2026-02-18,CAN,departure,15:55,TFU Chengdu,HU7351,Hainan Airlines,text,Duration: 2h 35m,,True,2026-02-17T09:46:23.309713
2026-02-18,CAN,departure,15:55,HGH Hangzhou,ZH9981,Shenzhen Airlines,text,Duration: 1h 55m,,True,2026-02-17T09:46:23.309719
2026-02-18,CAN,departure,15:55,SJW Shijiazhuang,OQ2135,Chongqing Airlines,text,Duration: 3h 0m,,True,2026-02-17T09:46:23.309725
2026-02-18,CAN,departure,16:00,SVO Moscow,CZ655,China Southern,text,Duration: 10h 15m,,True,2026-02-17T09:46:23.309730
2026-02-18,CAN,departure,16:00,NGB Ningbo,HU7233,Hainan Airlines,text,Duration: 2h 10m,,True,2026-02-17T09:46:23.309735
2026-02-18,CAN,departure,16:00,TAO Qingdao,ZH9993,Shenzhen Airlines,text,Duration: 3h 5m,,True,2026-02-17T09:46:23.309821
2026-02-18,CAN,departure,16:00,PKX Beijing,CZ3115,China Southern,text,Duration: 3h 15m,,True,2026-02-17T09:46:23.309830
2026-02-18,CAN,departure,16:00,SHA Shanghai,CZ3503,China Southern,text,Duration: 2h 10m,,True,2026-02-17T09:46:23.309836
2026-02-18,CAN,departure,16:00,TSN Tianjin,CZ3135,China Southern,text,Duration: 3h 20m,,True,2026-02-17T09:46:23.309841
2026-02-18,CAN,departure,16:05,SGN Ho Chi Minh City,9C7347,Spring Airlines,text,Duration: 2h 50m,,True,2026-02-17T09:46:23.309847
2026-02-18,CAN,departure,16:05,SHA Shanghai,9C6720,Spring Airlines,text,Duration: 1h 55m,,True,2026-02-17T09:46:23.309853
2026-02-18,CAN,departure,16:05,PVG Shanghai,AQ1011,9 Air,text,Duration: 2h 15m,,True,2026-02-17T09:46:23.309859
2026-02-18,CAN,departure,16:05,CGQ Changchun,CZ3606,China Southern,text,Duration: 4h 15m,,True,2026-02-17T09:46:23.309864
2026-02-18,CAN,departure,16:05,CXR Nha Trang,CZ6049,China Southern,text,Duration: 2h 35m,,True,2026-02-17T09:46:23.309870
2026-02-18,CAN,departure,16:10,HGH Hangzhou,CZ3847,China Southern,text,Duration: 2h 0m,,True,2026-02-17T09:46:23.309875
2026-02-18,CAN,departure,16:15,URC Urumqi,CA4370,Air China,text,Duration: 5h 50m,,True,2026-02-17T09:46:23.309880
2026-02-18,CAN,departure,16:15,RUH Riyadh,CZ375,China Southern,text,Duration: 10h 50m,,True,2026-02-17T09:46:23.309889
2026-02-18,CAN,departure,16:15,HAK Haikou,ZH8991,Shenzhen Airlines,text,Duration: 1h 25m,,True,2026-02-17T09:46:23.309894
2026-02-18,CAN,departure,16:15,DLC Dalian,CZ6200,China Southern,text,Duration: 3h 20m,,True,2026-02-17T09:46:23.309900
2026-02-18,CAN,departure,16:20,SHA Shanghai,CA1829,Air China,text,Duration: 2h 20m,,True,2026-02-17T09:46:23.309907
2026-02-18,CAN,departure,16:20,LFQ Qiaoli,CZ8927,China Southern,text,Duration: 2h 50m,,True,2026-02-17T09:46:23.309912
2026-02-18,CAN,departure,16:25,URC Urumqi,UQ2592,Urumqi Airlines,text,Duration: 5h 30m,,True,2026-02-17T09:46:23.309917
2026-02-18,CAN,departure,16:25,HAN Hanoi,VN507,Vietnam Airlines,text,Duration: 2h 10m,,True,2026-02-17T09:46:23.309923
2026-02-18,CAN,departure,16:25,CKG Chongqing,3U8748,Sichuan Airlines,text,Duration: 2h 5m,,True,2026-02-17T09:46:23.309928
2026-02-18,CAN,departure,16:25,KMG Kunming,CZ3499,China Southern,text,Duration: 2h 35m,,True,2026-02-17T09:46:23.309933
2026-02-18,CAN,departure,16:30,CTU Chengdu,3U8734,Sichuan Airlines,text,Duration: 2h 20m,,True,2026-02-17T09:46:23.309939
2026-02-18,CAN,departure,16:30,SYX Sanya,CZ6740,China Southern,text,Duration: 1h 45m,,True,2026-02-17T09:46:23.309946
2026-02-18,CAN,departure,16:30,HGH Hangzhou,MF8382,XiamenAir,text,Duration: 2h 10m,,True,2026-02-17T09:46:23.309952
2026-02-18,CAN,departure,16:30,HAK Haikou,CZ6778,China Southern,text,Duration: 1h 25m,,True,2026-02-17T09:46:23.309957
2026-02-18,CAN,departure,16:30,SHA Shanghai,MU5312,China Eastern,text,Duration: 2h 10m,,True,2026-02-17T09:46:23.309964
2026-02-18,CAN,departure,16:35,TFU Chengdu,MU6832,China Eastern,text,Duration: 2h 10m,,True,2026-02-17T09:46:23.309969
2026-02-18,CAN,departure,16:35,SQJ Sanming,CZ8607,China Southern,text,Duration: 1h 20m,,True,2026-02-17T09:46:23.309974
2026-02-18,CAN,departure,16:40,LZO Luzhou,3U3051,Sichuan Airlines,text,Duration: 2h 5m,,True,2026-02-17T09:46:23.309981
2026-02-18,CAN,departure,16:40,NGB Ningbo,MU5238,China Eastern,text,Duration: 1h 45m,,True,2026-02-17T09:46:23.309986
2026-02-18,CAN,departure,16:40,TAO Qingdao,CZ3609,China Southern,text,Duration: 3h 0m,,True,2026-02-17T09:46:23.309992
2026-02-18,CAN,departure,16:45,PEK Beijing,CA1340,Air China,text,Duration: 3h 25m,,True,2026-02-17T09:46:23.309997
2026-02-18,CAN,departure,16:50,BKK Bangkok,CZ8019,China Southern,text,Duration: 3h 5m,,True,2026-02-17T09:46:23.310002
2026-02-18,CAN,departure,16:50,LUM Mangshi,MU9730,China Eastern,text,Duration: 3h 30m,,True,2026-02-17T09:46:23.310007
2026-02-18,CAN,departure,16:50,HFE Hefei,ZH9989,Shenzhen Airlines,text,Duration: 2h 10m,,True,2026-02-17T09:46:23.310012
2026-02-18,CAN,departure,16:55,TNA Jinan,MU5260,China Eastern,text,Duration: 2h 30m,,True,2026-02-17T09:46:23.310019
2026-02-18,CAN,departure,16:55,CKG Chongqing,OQ2324,Chongqing Airlines,text,Duration: 2h 20m,,True,2026-02-17T09:46:23.310025
2026-02-18,CAN,departure,16:55,YCU Yuncheng,CZ3985,China Southern,text,Duration: 2h 35m,,True,2026-02-17T09:46:23.310031
2026-02-18,CAN,departure,17:00,WUH Wuhan,CZ3346,China Southern,text,Duration: 1h 50m,,True,2026-02-17T09:46:23.310036
2026-02-18,CAN,departure,17:00,CGO Zhengzhou,HU7283,Hainan Airlines,text,Duration: 2h 25m,,True,2026-02-17T09:46:23.310042
2026-02-18,CAN,departure,17:00,HRB Harbin,CZ6262,China Southern,text,Duration: 4h 10m,,True,2026-02-17T09:46:23.310047
2026-02-18,CAN,departure,17:00,LYI Linyi,CZ5669,China Southern,text,Duration: 2h 30m,,True,2026-02-17T09:46:23.310052
2026-02-18,CAN,departure,17:00,WNZ Wenzhou,CZ3527,China Southern,text,Duration: 1h 30m,,True,2026-02-17T09:46:23.310057
2026-02-18,CAN,departure,17:05,PKX Beijing,AQ1001,9 Air,text,Duration: 3h 10m,,True,2026-02-17T09:46:23.310062
2026-02-18,CAN,departure,17:05,PEN Penang,CZ395,China Southern,text,Duration: 3h 55m,,True,2026-02-17T09:46:23.310069
2026-02-18,CAN,departure,17:05,LIJ Lishui,CZ3867,China Southern,text,Duration: 2h 15m,,True,2026-02-17T09:46:23.310076
2026-02-18,CAN,departure,17:05,TYN Taiyuan,CZ3951,China Southern,text,Duration: 2h 40m,,True,2026-02-17T09:46:23.310081
2026-02-18,CAN,departure,17:05,XIY Xian,CZ3203,China Southern,text,Duration: 2h 40m,,True,2026-02-17T09:46:23.310087
2026-02-18,CAN,departure,17:10,HGH Hangzhou,CZ3829,China Southern,text,Duration: 2h 10m,,True,2026-02-17T09:46:23.310092
2026-02-18,CAN,departure,17:10,WUH Wuhan,MU2541,China Eastern,text,Duration: 1h 50m,,True,2026-02-17T09:46:23.310097
2026-02-18,CAN,departure,17:10,YNT Yantai,ZH9675,Shenzhen Airlines,text,Duration: 3h 10m,,True,2026-02-17T09:46:23.310102
2026-02-18,CAN,departure,17:10,URC Urumqi,CZ6896,China Southern,text,Duration: 5h 30m,,True,2026-02-17T09:46:23.310206
2026-02-18,CAN,departure,17:15,SHE Shenyang,CZ6348,China Southern,text,Duration: 4h 0m,,True,2026-02-17T09:46:23.310214
2026-02-18,CAN,departure,17:15,NKG Nanjing,ZH9873,Shenzhen Airlines,text,Duration: 2h 5m,,True,2026-02-17T09:46:23.310220
2026-02-18,CAN,departure,17:15,YNZ Yancheng,CZ8215,China Southern,text,Duration: 2h 25m,,True,2026-02-17T09:46:23.310225
2026-02-18,CAN,departure,17:15,TFU Chengdu,3U6704,Sichuan Airlines,text,Duration: 2h 10m,,True,2026-02-17T09:46:23.310235
2026-02-18,CAN,departure,17:15,NGB Ningbo,CZ3321,China Southern,text,Duration: 2h 0m,,True,2026-02-17T09:46:23.310240
2026-02-18,CAN,departure,17:15,PEK Beijing,HU7812,Hainan Airlines,text,Duration: 2h 40m,,True,2026-02-17T09:46:23.310245
2026-02-18,CAN,departure,17:15,TYN Taiyuan,HU7249,Hainan Airlines,text,Duration: 2h 40m,,True,2026-02-17T09:46:23.310250
2026-02-18,CAN,departure,17:20,WUX Wuxi,MU2918,China Eastern,text,Duration: 2h 30m,,True,2026-02-17T09:46:23.310256
2026-02-18,CAN,departure,17:20,JHG Jinghong,OQ2105,Chongqing Airlines,text,Duration: 3h 10m,,True,2026-02-17T09:46:23.310263
2026-02-18,CAN,departure,17:20,CKG Chongqing,CA4350,Air China,text,Duration: 2h 20m,,True,2026-02-17T09:46:23.310268
2026-02-18,CAN,departure,17:25,DZH Dazhou,CZ3263,China Southern,text,Duration: 2h 30m,,True,2026-02-17T09:46:23.310274
2026-02-18,CAN,departure,17:25,RIZ Rizhao,CZ8776,China Southern,text,Duration: 2h 40m,,True,2026-02-17T09:46:23.310279
2026-02-18,CAN,departure,17:25,XFN Xiangyang,GJ8381,Loong Air,text,Duration: 2h 0m,,True,2026-02-17T09:46:23.310284
2026-02-18,CAN,departure,17:25,MIG Mian Yang,CZ3399,China Southern,text,Duration: 2h 50m,,True,2026-02-17T09:46:23.310291
2026-02-18,CAN,departure,17:30,ICN Seoul,CZ339,China Southern,text,Duration: 3h 20m,,True,2026-02-17T09:46:23.310297
2026-02-18,CAN,departure,17:30,TNA Jinan,CZ3707,China Southern,text,Duration: 2h 50m,,True,2026-02-17T09:46:23.310302
2026-02-18,CAN,departure,17:30,CTU Chengdu,CA4302,Air China,text,Duration: 2h 30m,,True,2026-02-17T09:46:23.310307
2026-02-18,CAN,departure,17:30,SHA Shanghai,MU5330,China Eastern,text,Duration: 2h 5m,,True,2026-02-17T09:46:23.310313
2026-02-18,CAN,departure,17:35,YTY Yangzhou,ZH8909,Shenzhen Airlines,text,Duration: 2h 15m,,True,2026-02-17T09:46:23.310318
2026-02-18,CAN,departure,17:35,FOC Fuzhou,CZ3647,China Southern,text,Duration: 1h 35m,,True,2026-02-17T09:46:23.310323
2026-02-18,CAN,departure,17:35,DLC Dalian,CZ6468,China Southern,text,Duration: 3h 25m,,True,2026-02-17T09:46:23.310328
2026-02-18,CAN,departure,17:35,HFE Hefei,CZ3817,China Southern,text,Duration: 2h 5m,,True,2026-02-17T09:46:23.310333
2026-02-18,CAN,departure,17:40,PEK Beijing,CA1392,Air China,text,Duration: 3h 15m,,True,2026-02-17T09:46:23.310338
2026-02-18,CAN,departure,17:45,NGB Ningbo,CA4583,Air China,text,Duration: 2h 5m,,True,2026-02-17T09:46:23.310345
2026-02-18,CAN,departure,17:45,WMT Zunyi,CZ3313,China Southern,text,Duration: 1h 55m,,True,2026-02-17T09:46:23.310352
2026-02-18,CAN,departure,17:45,XFN Xiangyang,CZ3361,China Southern,text,Duration: 2h 10m,,True,2026-02-17T09:46:23.310357
2026-02-18,CAN,departure,17:50,LUM Mangshi,CZ6499,China Southern,text,Duration: 3h 20m,,True,2026-02-17T09:46:23.310363
2026-02-18,CAN,departure,17:50,SUB Surabaya,CZ8137,China Southern,text,Duration: 5h 10m,,True,2026-02-17T09:46:23.310368
2026-02-18,CAN,departure,17:55,CGO Zhengzhou,CZ3195,China Southern,text,Duration: 2h 20m,,True,2026-02-17T09:46:23.310373
2026-02-18,CAN,departure,17:55,ZHA Zhanjiang,CZ3331,China Southern,text,Duration: 1h 20m,,True,2026-02-17T09:46:23.310378
2026-02-18,CAN,departure,17:55,TAO Qingdao,MU5258,China Eastern,text,Duration: 3h 15m,,True,2026-02-17T09:46:23.310384
2026-02-18,CAN,departure,17:55,HGH Hangzhou,MU5216,China Eastern,text,Duration: 2h 15m,,True,2026-02-17T09:46:23.310389
2026-02-18,CAN,departure,17:55,XIY Xian,MU2308,China Eastern,text,Duration: 3h 10m,,True,2026-02-17T09:46:23.310394
2026-02-18,CAN,departure,18:00,AKA Ankang,CZ3265,China Southern,text,Duration: 2h 30m,,True,2026-02-17T09:46:23.310401
2026-02-18,CAN,departure,18:00,PKX Beijing,CZ3111,China Southern,text,Duration: 3h 5m,,True,2026-02-17T09:46:23.310406
2026-02-18,CAN,departure,18:00,CGQ Changchun,CZ8237,China Southern,text,Duration: 4h 5m,,True,2026-02-17T09:46:23.310411
2026-02-18,CAN,departure,18:00,NAO Nanchong,CZ3293,China Southern,text,Duration: 2h 35m,,True,2026-02-17T09:46:23.310416
2026-02-18,CAN,departure,18:00,SHA Shanghai,CZ3581,China Southern,text,Duration: 2h 20m,,True,2026-02-17T09:46:23.310421
2026-02-18,CAN,departure,18:00,HGH Hangzhou,HU7261,Hainan Airlines,text,Duration: 2h 0m,,True,2026-02-17T09:46:23.310426
2026-02-18,CAN,departure,18:05,SHA Shanghai,9C8856,Spring Airlines,text,Duration: 2h 5m,,True,2026-02-17T09:46:23.310432
2026-02-18,CAN,departure,18:05,DPS Denpasar,CZ625,China Southern,text,Duration: 5h 20m,,True,2026-02-17T09:46:23.310438
2026-02-18,CAN,departure,18:05,TNA Jinan,MU6575,China Eastern,text,Duration: 2h 40m,,True,2026-02-17T09:46:23.310443
2026-02-18,CAN,departure,18:05,NKG Nanjing,MU2808,China Eastern,text,Duration: 2h 25m,,True,2026-02-17T09:46:23.310450
2026-02-18,CAN,departure,18:10,INC Yinchuan,CZ5731,China Southern,text,Duration: 2h 50m,,True,2026-02-17T09:46:23.310457
2026-02-18,CAN,departure,18:10,SYD Sydney,CZ601,China Southern,text,Duration: 9h 25m,,True,2026-02-17T09:46:23.310463
2026-02-18,CAN,departure,18:15,KMG Kunming,MU5738,China Eastern,text,Duration: 2h 40m,,True,2026-02-17T09:46:23.310468
2026-02-18,CAN,departure,18:15,CKG Chongqing,OQ2340,Chongqing Airlines,text,Duration: 2h 45m,,True,2026-02-17T09:46:23.310473
2026-02-18,CAN,departure,18:15,NKG Nanjing,ZH9875,Shenzhen Airlines,text,Duration: 2h 0m,,True,2026-02-17T09:46:23.310478
2026-02-18,CAN,departure,18:15,FOC Fuzhou,MF8326,XiamenAir,text,Duration: 1h 30m,,True,2026-02-17T09:46:23.310484
2026-02-18,CAN,departure,18:20,XMN Xiamen,MF8306,XiamenAir,text,Duration: 1h 20m,,True,2026-02-17T09:46:23.310572
2026-02-18,CAN,departure,18:20,HGH Hangzhou,ZH9983,Shenzhen Airlines,text,Duration: 1h 55m,,True,2026-02-17T09:46:23.310579
2026-02-18,CAN,departure,18:25,MEL Melbourne,CZ643,China Southern,text,Duration: 9h 25m,,True,2026-02-17T09:46:23.310585
2026-02-18,CAN,departure,18:25,XMN Xiamen,CZ3805,China Southern,text,Duration: 1h 20m,,True,2026-02-17T09:46:23.310590
2026-02-18,CAN,departure,18:30,TFU Chengdu,CA4334,Air China,text,Duration: 2h 35m,,True,2026-02-17T09:46:23.310598
2026-02-18,CAN,departure,18:30,HAK Haikou,CZ6792,China Southern,text,Duration: 1h 30m,,True,2026-02-17T09:46:23.310604
2026-02-18,CAN,departure,18:30,SHA Shanghai,MU5314,China Eastern,text,Duration: 2h 10m,,True,2026-02-17T09:46:23.310609
2026-02-18,CAN,departure,18:30,CTU Chengdu,CZ3427,China Southern,text,Duration: 2h 50m,,True,2026-02-17T09:46:23.310616
2026-02-18,CAN,departure,18:30,KHN Nanchang,CZ8531,China Southern,text,Duration: 1h 35m,,True,2026-02-17T09:46:23.310621
2026-02-18,CAN,departure,18:35,DXB Dubai,CZ383,China Southern,text,Duration: 9h 30m,,True,2026-02-17T09:46:23.310627
2026-02-18,CAN,departure,18:35,KUL Kuala Lumpur,CZ365,China Southern,text,Duration: 4h 15m,,True,2026-02-17T09:46:23.310632
2026-02-18,CAN,departure,18:35,KMG Kunming,CZ3489,China Southern,text,Duration: 2h 45m,,True,2026-02-17T09:46:23.310638
2026-02-18,CAN,departure,18:40,SHA Shanghai,HO1870,Juneyao Airlines,text,Duration: 2h 20m,,True,2026-02-17T09:46:23.310643
2026-02-18,CAN,departure,18:40,HRB Harbin,CZ5301,China Southern,text,Duration: 4h 15m,,True,2026-02-17T09:46:23.310648
2026-02-18,CAN,departure,18:40,PEK Beijing,CA1328,Air China,text,Duration: 3h 20m,,True,2026-02-17T09:46:23.310655
2026-02-18,CAN,departure,18:45,DOH Doha,CZ333,China Southern,text,Duration: 9h 30m,,True,2026-02-17T09:46:23.310661
2026-02-18,CAN,departure,18:45,PEN Penang,CZ8073,China Southern,text,Duration: 4h 0m,,True,2026-02-17T09:46:23.310666
2026-02-18,CAN,departure,18:50,SIN Singapore,CZ351,China Southern,text,Duration: 4h 10m,,True,2026-02-17T09:46:23.310671
2026-02-18,CAN,departure,18:55,KMG Kunming,AQ1119,9 Air,text,Duration: 2h 50m,,True,2026-02-17T09:46:23.310677
2026-02-18,CAN,departure,18:55,SWA Jieyang,CZ3894,China Southern,text,Duration: 1h 25m,,True,2026-02-17T09:46:23.310682
2026-02-18,CAN,departure,18:55,HAK Haikou,HU7006,Hainan Airlines,text,Duration: 1h 40m,,True,2026-02-17T09:46:23.310687
2026-02-18,CAN,departure,18:55,HFE Hefei,MU6426,China Eastern,text,Duration: 2h 5m,,True,2026-02-17T09:46:23.310692
2026-02-18,CAN,departure,19:00,PKX Beijing,CZ3105,China Southern,text,Duration: 3h 5m,,True,2026-02-17T09:46:23.310697
2026-02-18,CAN,departure,19:00,XUZ Xuzhou,CZ3339,China Southern,text,Duration: 2h 25m,,True,2026-02-17T09:46:23.310704
2026-02-18,CAN,departure,19:05,WUH Wuhan,CZ6589,China Southern,text,Duration: 1h 55m,,True,2026-02-17T09:46:23.310711
2026-02-18,CAN,departure,19:05,CKG Chongqing,OQ2129,Chongqing Airlines,text,Duration: 2h 0m,,True,2026-02-17T09:46:23.310716
2026-02-18,CAN,departure,19:10,PVG Shanghai,CZ3586,China Southern,text,Duration: 2h 25m,,True,2026-02-17T09:46:23.310722
2026-02-18,CAN,departure,19:15,CGK Jakarta,CZ387,China Southern,text,Duration: 5h 10m,,True,2026-02-17T09:46:23.310727
2026-02-18,CAN,departure,19:15,URC Urumqi,CZ6884,China Southern,text,Duration: 5h 35m,,True,2026-02-17T09:46:23.310732
2026-02-18,CAN,departure,19:15,HGH Hangzhou,CA1796,Air China,text,Duration: 2h 0m,,True,2026-02-17T09:46:23.310738
2026-02-18,CAN,departure,19:20,SYX Sanya,AQ1111,9 Air,text,Duration: 1h 35m,,True,2026-02-17T09:46:23.310743
2026-02-18,CAN,departure,19:20,KTM Kathmandu,CZ3067,China Southern,text,Duration: 5h 25m,,True,2026-02-17T09:46:23.310748
2026-02-18,CAN,departure,19:20,XIY Xian,CZ3231,China Southern,text,Duration: 2h 40m,,True,2026-02-17T09:46:23.310753
2026-02-18,CAN,departure,19:20,WNZ Wenzhou,ZH9963,Shenzhen Airlines,text,Duration: 1h 40m,,True,2026-02-17T09:46:23.310759
2026-02-18,CAN,departure,19:25,HGH Hangzhou,AQ1071,9 Air,text,Duration: 1h 55m,,True,2026-02-17T09:46:23.310766
2026-02-18,CAN,departure,19:25,DAC Dhaka,CZ391,China Southern,text,Duration: 4h 25m,,True,2026-02-17T09:46:23.310771
2026-02-18,CAN,departure,19:30,SHA Shanghai,FM9318,Shanghai Airlines,text,Duration: 2h 5m,,True,2026-02-17T09:46:23.310776
2026-02-18,CAN,departure,19:30,XIY Xian,HU7858,Hainan Airlines,text,Duration: 2h 50m,,True,2026-02-17T09:46:23.310781
2026-02-18,CAN,departure,19:35,SHA Shanghai,CA4585,Air China,text,Duration: 2h 5m,,True,2026-02-17T09:46:23.310786
2026-02-18,CAN,departure,19:35,DLC Dalian,CZ3608,China Southern,text,Duration: 3h 20m,,True,2026-02-17T09:46:23.310794
2026-02-18,CAN,departure,19:40,CTU Chengdu,3U8736,Sichuan Airlines,text,Duration: 2h 30m,,True,2026-02-17T09:46:23.310799
2026-02-18,CAN,departure,19:40,TSN Tianjin,CA2804,Air China,text,Duration: 3h 0m,,True,2026-02-17T09:46:23.310804
2026-02-18,CAN,departure,19:40,HRB Harbin,CZ5394,China Southern,text,Duration: 4h 15m,,True,2026-02-17T09:46:23.310810
2026-02-18,CAN,departure,19:40,PEK Beijing,CA1302,Air China,text,Duration: 3h 20m,,True,2026-02-17T09:46:23.310815
2026-02-18,CAN,departure,19:45,CGD Changde,CZ3247,China Southern,text,Duration: 1h 35m,,True,2026-02-17T09:46:23.310822
2026-02-18,CAN,departure,19:45,HKT Phuket,CZ6057,China Southern,text,Duration: 3h 30m,,True,2026-02-17T09:46:23.310828
2026-02-18,CAN,departure,19:45,TNA Jinan,SC1172,Shandong Airlines,text,Duration: 2h 35m,,True,2026-02-17T09:46:23.310833
2026-02-18,CAN,departure,19:50,HRB Harbin,ZH9537,Shenzhen Airlines,text,Duration: 4h 30m,,True,2026-02-17T09:46:23.310838
2026-02-18,CAN,departure,19:50,KUL Kuala Lumpur,CZ5035,China Southern,text,Duration: 4h 25m,,True,2026-02-17T09:46:23.310843
2026-02-18,CAN,departure,19:55,WXN Wanxian,CA4390,Air China,text,Duration: 2h 10m,,True,2026-02-17T09:46:23.310849
2026-02-18,CAN,departure,19:55,TSN Tianjin,CZ3349,China Southern,text,Duration: 3h 0m,,True,2026-02-17T09:46:23.310932
2026-02-18,CAN,departure,19:55,PKX Beijing,KN5322,China United Airlines,text,Duration: 2h 45m,,True,2026-02-17T09:46:23.310939
2026-02-18,CAN,departure,19:55,LHW Lanzhou,MU2306,China Eastern,text,Duration: 3h 20m,,True,2026-02-17T09:46:23.310944
2026-02-18,CAN,departure,19:55,CGO Zhengzhou,CZ3394,China Southern,text,Duration: 2h 20m,,True,2026-02-17T09:46:23.310949
2026-02-18,CAN,departure,20:00,HRB Harbin,CZ3905,China Southern,text,Duration: 4h 30m,,True,2026-02-17T09:46:23.310958
2026-02-18,CAN,departure,20:00,MNL Manila,CZ3077,China Southern,text,Duration: 2h 30m,,True,2026-02-17T09:46:23.310965
2026-02-18,CAN,departure,20:00,CKG Chongqing,HU7241,Hainan Airlines,text,Duration: 2h 25m,,True,2026-02-17T09:46:23.310970
2026-02-18,CAN,departure,20:00,PKX Beijing,CZ3161,China Southern,text,Duration: 2h 55m,,True,2026-02-17T09:46:23.310976
2026-02-18,CAN,departure,20:00,SHA Shanghai,CZ3595,China Southern,text,Duration: 2h 15m,,True,2026-02-17T09:46:23.310981
2026-02-18,CAN,departure,20:00,HIA Huai'an,CZ3995,China Southern,text,Duration: 2h 25m,,True,2026-02-17T09:46:23.310986
2026-02-18,CAN,departure,20:05,SGN Ho Chi Minh City,CZ367,China Southern,text,Duration: 3h 5m,,True,2026-02-17T09:46:23.310992
2026-02-18,CAN,departure,20:05,XIY Xian,CZ3211,China Southern,text,Duration: 2h 50m,,True,2026-02-17T09:46:23.310999
2026-02-18,CAN,departure,20:05,SHE Shenyang,CZ8021,China Southern,text,Duration: 4h 0m,,True,2026-02-17T09:46:23.311004
2026-02-18,CAN,departure,20:10,WXN Wanxian,CZ8253,China Southern,text,Duration: 2h 5m,,True,2026-02-17T09:46:23.311009
2026-02-18,CAN,departure,20:10,SYX Sanya,HU7310,Hainan Airlines,text,Duration: 1h 40m,,True,2026-02-17T09:46:23.311016
2026-02-18,CAN,departure,20:10,PVG Shanghai,MU5318,China Eastern,text,Duration: 2h 10m,,True,2026-02-17T09:46:23.311022
2026-02-18,CAN,departure,20:10,CGQ Changchun,CZ6852,China Southern,text,Duration: 4h 15m,,True,2026-02-17T09:46:23.311027
2026-02-18,CAN,departure,20:15,PVG Shanghai,HO1868,Juneyao Airlines,text,Duration: 2h 15m,,True,2026-02-17T09:46:23.311032
2026-02-18,CAN,departure,20:15,LJG Lijiang,JD5131,Capital Airlines,text,Duration: 2h 35m,,True,2026-02-17T09:46:23.311038
2026-02-18,CAN,departure,20:15,HGH Hangzhou,MU5218,China Eastern,text,Duration: 2h 0m,,True,2026-02-17T09:46:23.311043
2026-02-18,CAN,departure,20:15,PEK Beijing,HU7814,Hainan Airlines,text,Duration: 2h 55m,,True,2026-02-17T09:46:23.311048
2026-02-18,CAN,departure,20:20,BKK Bangkok,CZ361,China Southern,text,Duration: 3h 10m,,True,2026-02-17T09:46:23.311055
2026-02-18,CAN,departure,20:20,HET Hohhot,CZ3181,China Southern,text,Duration: 3h 15m,,True,2026-02-17T09:46:23.311060
2026-02-18,CAN,departure,20:20,HAK Haikou,ZH8993,Shenzhen Airlines,text,Duration: 1h 35m,,True,2026-02-17T09:46:23.311067
2026-02-18,CAN,departure,20:20,AQG Anqing,CZ8993,China Southern,text,Duration: 1h 55m,,True,2026-02-17T09:46:23.311075
2026-02-18,CAN,departure,20:20,LHW Lanzhou,CZ3251,China Southern,text,Duration: 3h 25m,,True,2026-02-17T09:46:23.311080
2026-02-18,CAN,departure,20:25,LUM Mangshi,MU5794,China Eastern,text,Duration: 3h 20m,,True,2026-02-17T09:46:23.311086
2026-02-18,CAN,departure,20:25,PKX Beijing,JD5922,Capital Airlines,text,Duration: 3h 0m,,True,2026-02-17T09:46:23.311091
2026-02-18,CAN,departure,20:25,CZX Changzhou,MU2948,China Eastern,text,Duration: 2h 35m,,True,2026-02-17T09:46:23.311096
2026-02-18,CAN,departure,20:30,SHA Shanghai,FM9320,Shanghai Airlines,text,Duration: 2h 0m,,True,2026-02-17T09:46:23.311102
2026-02-18,CAN,departure,20:30,KMG Kunming,MU7638,China Eastern,text,Duration: 2h 45m,,True,2026-02-17T09:46:23.311107
2026-02-18,CAN,departure,20:30,TAO Qingdao,SC4676,Shandong Airlines,text,Duration: 3h 0m,,True,2026-02-17T09:46:23.311112
2026-02-18,CAN,departure,20:30,CTU Chengdu,CA4304,Air China,text,Duration: 2h 30m,,True,2026-02-17T09:46:23.311117
2026-02-18,CAN,departure,20:30,CTU Chengdu,CZ3413,China Southern,text,Duration: 2h 50m,,True,2026-02-17T09:46:23.311122
2026-02-18,CAN,departure,20:30,WUH Wuhan,CZ8722,China Southern,text,Duration: 1h 55m,,True,2026-02-17T09:46:23.311129
2026-02-18,CAN,departure,20:35,WNZ Wenzhou,CA8306,Air China,text,Duration: 1h 45m,,True,2026-02-17T09:46:23.311134
2026-02-18,CAN,departure,20:35,TYN Taiyuan,CZ3377,China Southern,text,Duration: 2h 40m,,True,2026-02-17T09:46:23.311139
2026-02-18,CAN,departure,20:40,DMK Bangkok,AQ1279,9 Air,text,Duration: 3h 5m,,True,2026-02-17T09:46:23.311146
2026-02-18,CAN,departure,20:40,PVG Shanghai,HU7231,Hainan Airlines,text,Duration: 2h 20m,,True,2026-02-17T09:46:23.311152
2026-02-18,CAN,departure,20:40,PEK Beijing,CA1366,Air China,text,Duration: 3h 25m,,True,2026-02-17T09:46:23.311157
2026-02-18,CAN,departure,20:40,XIY Xian,MU6262,China Eastern,text,Duration: 2h 45m,,True,2026-02-17T09:46:23.311162
2026-02-18,CAN,departure,20:45,KUL Kuala Lumpur,CZ8071,China Southern,text,Duration: 4h 25m,,True,2026-02-17T09:46:23.311167
2026-02-18,CAN,departure,20:45,KWE Guiyang,CZ3662,China Southern,text,Duration: 1h 45m,,True,2026-02-17T09:46:23.311173
2026-02-18,CAN,departure,20:50,CTU Chengdu,MU9371,China Eastern,text,Duration: 2h 35m,,True,2026-02-17T09:46:23.311178
2026-02-18,CAN,departure,20:50,TAO Qingdao,CZ3715,China Southern,text,Duration: 3h 0m,,True,2026-02-17T09:46:23.311185
2026-02-18,CAN,departure,20:50,NNG Nanning,CZ3296,China Southern,text,Duration: 1h 45m,,True,2026-02-17T09:46:23.311190
2026-02-18,CAN,departure,20:55,KMG Kunming,3U8206,Sichuan Airlines,text,Duration: 2h 45m,,True,2026-02-17T09:46:23.311195
2026-02-18,CAN,departure,20:55,NGB Ningbo,CZ3671,China Southern,text,Duration: 2h 0m,,True,2026-02-17T09:46:23.311200
2026-02-18,CAN,departure,20:55,PKX Beijing,MU6310,China Eastern,text,Duration: 3h 0m,,True,2026-02-17T09:46:23.311205
2026-02-18,CAN,departure,20:55,CKG Chongqing,CA4342,Air China,text,Duration: 2h 20m,,True,2026-02-17T09:46:23.311211
2026-02-18,CAN,departure,20:55,KMG Kunming,CZ3419,China Southern,text,Duration: 2h 35m,,True,2026-02-17T09:46:23.311298
2026-02-18,CAN,departure,21:00,SYD Sydney,CZ325,China Southern,text,Duration: 9h 25m,,True,2026-02-17T09:46:23.311305
2026-02-18,CAN,departure,21:00,PKX Beijing,CZ3107,China Southern,text,Duration: 3h 10m,,True,2026-02-17T09:46:23.311313
2026-02-18,CAN,departure,21:00,TFU Chengdu,ZH9445,Shenzhen Airlines,text,Duration: 2h 25m,,True,2026-02-17T09:46:23.311319
2026-02-18,CAN,departure,21:05,BKI Kota Kinabalu,CZ8483,China Southern,text,Duration: 3h 25m,,True,2026-02-17T09:46:23.311326
2026-02-18,CAN,departure,21:05,XIY Xian,ZH9225,Shenzhen Airlines,text,Duration: 2h 30m,,True,2026-02-17T09:46:23.311331
2026-02-18,CAN,departure,21:05,YIH Yichang,ZH9475,Shenzhen Airlines,text,Duration: 1h 35m,,True,2026-02-17T09:46:23.311336
2026-02-18,CAN,departure,21:10,BNE Brisbane,CZ381,China Southern,text,Duration: 9h 5m,,True,2026-02-17T09:46:23.311342
2026-02-18,CAN,departure,21:10,HGH Hangzhou,CZ3819,China Southern,text,Duration: 2h 5m,,True,2026-02-17T09:46:23.311347
2026-02-18,CAN,departure,21:10,PKX Beijing,MF8340,XiamenAir,text,Duration: 3h 0m,,True,2026-02-17T09:46:23.311352
2026-02-18,CAN,departure,21:10,TNA Jinan,SC1176,Shandong Airlines,text,Duration: 2h 35m,,True,2026-02-17T09:46:23.311358
2026-02-18,CAN,departure,21:15,XIY Xian,CZ3217,China Southern,text,Duration: 2h 35m,,True,2026-02-17T09:46:23.311364
2026-02-18,CAN,departure,21:15,PVG Shanghai,CA1866,Air China,text,Duration: 2h 20m,,True,2026-02-17T09:46:23.311370
2026-02-18,CAN,departure,21:15,TNA Jinan,CZ3663,China Southern,text,Duration: 2h 35m,,True,2026-02-17T09:46:23.311375
2026-02-18,CAN,departure,21:15,HGH Hangzhou,MF8312,XiamenAir,text,Duration: 2h 10m,,True,2026-02-17T09:46:23.311382
2026-02-18,CAN,departure,21:20,DLC Dalian,CZ6458,China Southern,text,Duration: 3h 25m,,True,2026-02-17T09:46:23.311387
2026-02-18,CAN,departure,21:20,MEL Melbourne,CZ321,China Southern,text,Duration: 9h 25m,,True,2026-02-17T09:46:23.311392
2026-02-18,CAN,departure,21:20,NAO Nanchong,CZ8753,China Southern,text,Duration: 2h 30m,,True,2026-02-17T09:46:23.311397
2026-02-18,CAN,departure,21:20,SHA Shanghai,HO1852,Juneyao Airlines,text,Duration: 2h 10m,,True,2026-02-17T09:46:23.311404
2026-02-18,CAN,departure,21:20,PEK Beijing,HU7816,Hainan Airlines,text,Duration: 2h 50m,,True,2026-02-17T09:46:23.311410
2026-02-18,CAN,departure,21:20,KMG Kunming,KY8282,Kunming Airlines,text,Duration: 2h 45m,,True,2026-02-17T09:46:23.311415
2026-02-18,CAN,departure,21:20,NKG Nanjing,CZ3871,China Southern,text,Duration: 2h 15m,,True,2026-02-17T09:46:23.311420
2026-02-18,CAN,departure,21:20,SHE Shenyang,CZ3601,China Southern,text,Duration: 3h 50m,,True,2026-02-17T09:46:23.311426
2026-02-18,CAN,departure,21:25,KUL Kuala Lumpur,AK117,AirAsia,text,Duration: 4h 15m,,True,2026-02-17T09:46:23.311431
2026-02-18,CAN,departure,21:25,VTE Vientiane,AQ1277,9 Air,text,Duration: 2h 25m,,True,2026-02-17T09:46:23.311438
2026-02-18,CAN,departure,21:25,HYN Taizhou,CZ3235,China Southern,text,Duration: 1h 55m,,True,2026-02-17T09:46:23.311443
2026-02-18,CAN,departure,21:25,LYI Linyi,CZ3991,China Southern,text,Duration: 2h 30m,,True,2026-02-17T09:46:23.311449
2026-02-18,CAN,departure,21:25,HAK Haikou,HU7010,Hainan Airlines,text,Duration: 1h 35m,,True,2026-02-17T09:46:23.311454
2026-02-18,CAN,departure,21:30,KMG Kunming,8L9976,Lucky Air,text,Duration: 2h 45m,,True,2026-02-17T09:46:23.311459
2026-02-18,CAN,departure,21:30,SHA Shanghai,MU9200,China Eastern,text,Duration: 1h 55m,,True,2026-02-17T09:46:23.311465
2026-02-18,CAN,departure,21:35,CTU Chengdu,3U8738,Sichuan Airlines,text,Duration: 2h 20m,,True,2026-02-17T09:46:23.311470
2026-02-18,CAN,departure,21:35,SHA Shanghai,9C8932,Spring Airlines,text,Duration: 2h 15m,,True,2026-02-17T09:46:23.311475
2026-02-18,CAN,departure,21:35,KTI Phnom Penh,CZ323,China Southern,text,Duration: 2h 55m,,True,2026-02-17T09:46:23.311480
2026-02-18,CAN,departure,21:35,TSN Tianjin,MF8356,XiamenAir,text,Duration: 3h 0m,,True,2026-02-17T09:46:23.311486
2026-02-18,CAN,departure,21:40,CGO Zhengzhou,CZ3392,China Southern,text,Duration: 2h 25m,,True,2026-02-17T09:46:23.311494
2026-02-18,CAN,departure,21:50,LAX Los Angeles,CZ327,China Southern,text,Duration: 12h 40m,,True,2026-02-17T09:46:23.311499
2026-02-18,CAN,departure,22:00,FOC Fuzhou,CZ8779,China Southern,text,Duration: 1h 35m,,True,2026-02-17T09:46:23.311505
2026-02-18,CAN,departure,22:00,YIH Yichang,CZ3311,China Southern,text,Duration: 1h 55m,,True,2026-02-17T09:46:23.311510
2026-02-18,CAN,departure,22:00,HGH Hangzhou,HU7361,Hainan Airlines,text,Duration: 2h 15m,,True,2026-02-17T09:46:23.311515
2026-02-18,CAN,departure,22:00,PKX Beijing,MU6312,China Eastern,text,Duration: 2h 50m,,True,2026-02-17T09:46:23.311520
2026-02-18,CAN,departure,22:00,HFE Hefei,CZ3815,China Southern,text,Duration: 2h 5m,,True,2026-02-17T09:46:23.311525
2026-02-18,CAN,departure,22:00,SJW Shijiazhuang,CZ5639,China Southern,text,Duration: 2h 45m,,True,2026-02-17T09:46:23.311531
2026-02-18,CAN,departure,22:05,NNY Nanyang,CZ3383,China Southern,text,Duration: 2h 5m,,True,2026-02-17T09:46:23.311536
2026-02-18,CAN,departure,22:05,SYX Sanya,CZ6736,China Southern,text,Duration: 1h 40m,,True,2026-02-17T09:46:23.311541
2026-02-18,CAN,departure,22:05,NTG Nantong,ZH8695,Shenzhen Airlines,text,Duration: 2h 15m,,True,2026-02-17T09:46:23.311548
2026-02-18,CAN,departure,22:05,WNZ Wenzhou,CZ3769,China Southern,text,Duration: 1h 45m,,True,2026-02-17T09:46:23.311553
2026-02-18,CAN,departure,22:10,HGH Hangzhou,CA1798,Air China,text,Duration: 2h 5m,,True,2026-02-17T09:46:23.311558
2026-02-18,CAN,departure,22:10,HAN Hanoi,CZ371,China Southern,text,Duration: 2h 5m,,True,2026-02-17T09:46:23.311563
2026-02-18,CAN,departure,22:10,YNZ Yancheng,CZ3267,China Southern,text,Duration: 2h 25m,,True,2026-02-17T09:46:23.311569
2026-02-18,CAN,departure,22:15,HKG Hong Kong,CX989,Cathay Pacific,text,Duration: 1h 20m,,True,2026-02-17T09:46:23.311574
2026-02-18,CAN,departure,22:15,CZX Changzhou,CZ3993,China Southern,text,Duration: 2h 15m,,True,2026-02-17T09:46:23.311660
2026-02-18,CAN,departure,22:15,PVG Shanghai,CZ3832,China Southern,text,Duration: 2h 30m,,True,2026-02-17T09:46:23.311667
2026-02-18,CAN,departure,22:15,SJW Shijiazhuang,NS3658,Hebei Airlines,text,Duration: 2h 30m,,True,2026-02-17T09:46:23.311672
2026-02-18,CAN,departure,22:15,CGO Zhengzhou,ZH8903,Shenzhen Airlines,text,Duration: 2h 20m,,True,2026-02-17T09:46:23.311678
2026-02-18,CAN,departure,22:15,TYN Taiyuan,MU6388,China Eastern,text,Duration: 2h 50m,,True,2026-02-17T09:46:23.311686
2026-02-18,CAN,departure,22:20,XUZ Xuzhou,CZ6281,China Southern,text,Duration: 2h 20m,,True,2026-02-17T09:46:23.311691
2026-02-18,CAN,departure,22:20,YTY Yangzhou,CZ3957,China Southern,text,Duration: 2h 15m,,True,2026-02-17T09:46:23.311696
2026-02-18,CAN,departure,22:20,KMG Kunming,MU5740,China Eastern,text,Duration: 2h 35m,,True,2026-02-17T09:46:23.311701
2026-02-18,CAN,departure,22:20,NKG Nanjing,ZH9877,Shenzhen Airlines,text,Duration: 2h 0m,,True,2026-02-17T09:46:23.311707
2026-02-18,CAN,departure,22:20,CKG Chongqing,OQ2326,Chongqing Airlines,text,Duration: 2h 10m,,True,2026-02-17T09:46:23.311712
2026-02-18,CAN,departure,22:20,SWA Jieyang,CZ3896,China Southern,text,Duration: 1h 15m,,True,2026-02-17T09:46:23.311717
2026-02-18,CAN,departure,22:25,ADL Adelaide,CZ663,China Southern,text,Duration: 9h 0m,,True,2026-02-17T09:46:23.311724
2026-02-18,CAN,departure,22:25,DRW Darwin,CZ8361,China Southern,text,Duration: 6h 25m,,True,2026-02-17T09:46:23.311731
2026-02-18,CAN,departure,22:30,HAK Haikou,CZ6788,China Southern,text,Duration: 1h 25m,,True,2026-02-17T09:46:23.311737
2026-02-18,CAN,departure,22:30,JED Jeddah,SV883,Saudia,text,Duration: 11h 10m,,True,2026-02-17T09:46:23.311744
2026-02-18,CAN,departure,22:35,HGH Hangzhou,GJ8996,Loong Air,text,Duration: 2h 10m,,True,2026-02-17T09:46:23.311749
2026-02-18,CAN,departure,22:40,SIN Singapore,CZ8489,China Southern,text,Duration: 4h 10m,,True,2026-02-17T09:46:23.311756
2026-02-18,CAN,departure,22:45,CSX Changsha,CZ5592,China Southern,text,Duration: 1h 35m,,True,2026-02-17T09:46:23.311761
2026-02-18,CAN,departure,23:00,BKK Bangkok,CZ3035,China Southern,text,Duration: 3h 5m,,True,2026-02-17T09:46:23.311766
2026-02-18,CAN,departure,23:00,XIY Xian,MU2304,China Eastern,text,Duration: 2h 30m,,True,2026-02-17T09:46:23.311771
2026-02-18,CAN,departure,23:00,WUH Wuhan,CZ3367,China Southern,text,Duration: 1h 55m,,True,2026-02-17T09:46:23.311776
2026-02-18,CAN,departure,23:05,CGO Zhengzhou,PN6380,West Air (China),text,Duration: 2h 20m,,True,2026-02-17T09:46:23.311782
2026-02-18,CAN,departure,23:05,NKG Nanjing,MU9768,China Eastern,text,Duration: 2h 25m,,True,2026-02-17T09:46:23.311787
2026-02-18,CAN,departure,23:10,KHN Nanchang,MU5232,China Eastern,text,Duration: 1h 30m,,True,2026-02-17T09:46:23.311792
2026-02-18,CAN,departure,23:10,ZHA Zhanjiang,CZ3329,China Southern,text,Duration: 1h 20m,,True,2026-02-17T09:46:23.311799
2026-02-18,CAN,departure,23:15,KHN Nanchang,CZ3343,China Southern,text,Duration: 1h 40m,,True,2026-02-17T09:46:23.311804
2026-02-18,CAN,departure,23:15,IST Istanbul,TK73,Turkish Airlines,text,Duration: 11h 35m,,True,2026-02-17T09:46:23.311809
2026-02-18,CAN,departure,23:15,HAK Haikou,CZ6780,China Southern,text,Duration: 1h 40m,,True,2026-02-17T09:46:23.311814
2026-02-18,CAN,departure,23:20,CAI Cairo,MS959,EgyptAir,text,Duration: 12h 5m,,True,2026-02-17T09:46:23.311819
2026-02-18,CAN,departure,23:25,SYX Sanya,CZ6732,China Southern,text,Duration: 1h 50m,,True,2026-02-17T09:46:23.311825
2026-02-18,CAN,departure,23:25,BHY Beihai,CZ3353,China Southern,text,Duration: 1h 25m,,True,2026-02-17T09:46:23.311830
2026-02-18,CAN,departure,23:25,SGN Ho Chi Minh City,CZ6089,China Southern,text,Duration: 2h 55m,,True,2026-02-17T09:46:23.311835
2026-02-18,CAN,departure,23:30,BAR Qionghai,AQ1145,9 Air,text,Duration: 1h 25m,,True,2026-02-17T09:46:23.311842
2026-02-18,CAN,departure,23:30,BKK Bangkok,AQ1265,9 Air,text,Duration: 2h 55m,,True,2026-02-17T09:46:23.311848
2026-02-18,CAN,departure,23:30,IKA Tehran,W580,Mahan Air,text,Duration: 9h 30m,,True,2026-02-17T09:46:23.311854
2026-02-18,CAN,departure,23:35,SIN Singapore,CZ5061,China Southern,text,Duration: 4h 15m,,True,2026-02-17T09:46:23.311860
2026-02-18,CAN,departure,23:40,CKG Chongqing,PN6206,West Air (China),text,Duration: 2h 15m,,True,2026-02-17T09:46:23.311865
2026-02-18,CAN,arrival,00:05,DLC Dalian,CZ6246,China Southern,text,Duration: 4h 0m,,True,2026-02-17T09:47:17.471825
2026-02-18,CAN,arrival,00:05,KMG Kunming,CZ3490,China Southern,text,Duration: 1h 40m,,True,2026-02-17T09:47:17.471834
2026-02-18,CAN,arrival,00:05,TSN Tianjin,CZ3136,China Southern,text,Duration: 3h 35m,,True,2026-02-17T09:47:17.471841
2026-02-18,CAN,arrival,00:05,HET Hohhot,GJ8568,Loong Air,text,Duration: 3h 15m,,True,2026-02-17T09:47:17.471846
2026-02-18,CAN,arrival,00:05,ICN Seoul,OZ357,Asiana,text,Duration: 4h 5m,,True,2026-02-17T09:47:17.471852
2026-02-18,CAN,arrival,00:10,NKG Nanjing,AQ1030,9 Air,text,Duration: 2h 55m,,True,2026-02-17T09:47:17.471858
2026-02-18,CAN,arrival,00:10,XIY Xian,HU7827,Hainan Airlines,text,Duration: 2h 40m,,True,2026-02-17T09:47:17.471863
2026-02-18,CAN,arrival,00:10,LUM Mangshi,MU9729,China Eastern,text,Duration: 2h 40m,,True,2026-02-17T09:47:17.471869
2026-02-18,CAN,arrival,00:10,PVG Shanghai,MU5325,China Eastern,text,Duration: 2h 55m,,True,2026-02-17T09:47:17.471874
2026-02-18,CAN,arrival,00:15,LUM Mangshi,CZ6500,China Southern,text,Duration: 2h 20m,,True,2026-02-17T09:47:17.471880
2026-02-18,CAN,arrival,00:15,TAO Qingdao,CZ3610,China Southern,text,Duration: 3h 35m,,True,2026-02-17T09:47:17.471885
2026-02-18,CAN,arrival,00:15,WXN Wanxian,CZ8254,China Southern,text,Duration: 2h 20m,,True,2026-02-17T09:47:17.471890
2026-02-18,CAN,arrival,00:15,SHA Shanghai,HO1853,Juneyao Airlines,text,Duration: 2h 40m,,True,2026-02-17T09:47:17.471895
2026-02-18,CAN,arrival,00:15,CGQ Changchun,ZH9696,Shenzhen Airlines,text,Duration: 4h 45m,,True,2026-02-17T09:47:17.471909
2026-02-18,CAN,arrival,00:20,SJW Shijiazhuang,9C8900,Spring Airlines,text,Duration: 3h 20m,,True,2026-02-17T09:47:17.471915
2026-02-18,CAN,arrival,00:20,SYX Sanya,AQ1112,9 Air,text,Duration: 1h 50m,,True,2026-02-17T09:47:17.471920
2026-02-18,CAN,arrival,00:20,TSN Tianjin,BK2788,OkAir,text,Duration: 3h 25m,,True,2026-02-17T09:47:17.471925
2026-02-18,CAN,arrival,00:20,CKG Chongqing,MU6826,China Eastern,text,Duration: 2h 5m,,True,2026-02-17T09:47:17.471930
2026-02-18,CAN,arrival,00:20,DIG Diqing,MU5773,China Eastern,text,Duration: 2h 30m,,True,2026-02-17T09:47:17.471936
2026-02-18,CAN,arrival,00:20,SIN Singapore,SQ852,Singapore Airlines,text,Duration: 4h 25m,,True,2026-02-17T09:47:17.471941
2026-02-18,CAN,arrival,00:25,SHA Shanghai,9C6883,Spring Airlines,text,Duration: 2h 40m,,True,2026-02-17T09:47:17.471946
2026-02-18,CAN,arrival,00:25,URC Urumqi,AQ1062,9 Air,text,Duration: 5h 35m,,True,2026-02-17T09:47:17.471951
2026-02-18,CAN,arrival,00:25,PEK Beijing,CA1329,Air China,text,Duration: 3h 25m,,True,2026-02-17T09:47:17.471956
2026-02-18,CAN,arrival,00:25,HGH Hangzhou,GJ8859,Loong Air,text,Duration: 2h 30m,,True,2026-02-17T09:47:17.471961
2026-02-18,CAN,arrival,00:25,CKG Chongqing,OQ2130,Chongqing Airlines,text,Duration: 1h 50m,,True,2026-02-17T09:47:17.471966
2026-02-18,CAN,arrival,00:30,KUL Kuala Lumpur,AK118,AirAsia,text,Duration: 4h 15m,,True,2026-02-17T09:47:17.471972
2026-02-18,CAN,arrival,00:30,CGQ Changchun,CZ6275,China Southern,text,Duration: 4h 40m,,True,2026-02-17T09:47:17.471977
2026-02-18,CAN,arrival,00:30,SHA Shanghai,CZ3582,China Southern,text,Duration: 2h 40m,,True,2026-02-17T09:47:17.471982
2026-02-18,CAN,arrival,00:30,WUH Wuhan,CZ6607,China Southern,text,Duration: 2h 0m,,True,2026-02-17T09:47:17.471987
2026-02-18,CAN,arrival,00:30,TYN Taiyuan,HU7250,Hainan Airlines,text,Duration: 2h 55m,,True,2026-02-17T09:47:17.471992
2026-02-18,CAN,arrival,00:30,TFU Chengdu,JD5162,Capital Airlines,text,Duration: 2h 0m,,True,2026-02-17T09:47:17.471997
2026-02-18,CAN,arrival,00:35,HRB Harbin,CZ3624,China Southern,text,Duration: 5h 5m,,True,2026-02-17T09:47:17.472002
2026-02-18,CAN,arrival,00:35,WUX Wuxi,MU2817,China Eastern,text,Duration: 2h 40m,,True,2026-02-17T09:47:17.472008
2026-02-18,CAN,arrival,00:40,PKX Beijing,AQ1002,9 Air,text,Duration: 3h 20m,,True,2026-02-17T09:47:17.472013
2026-02-18,CAN,arrival,00:40,TNA Jinan,CZ3708,China Southern,text,Duration: 3h 5m,,True,2026-02-17T09:47:17.472018
2026-02-18,CAN,arrival,00:40,ENH Enshi,GJ6032,Loong Air,text,Duration: 2h 5m,,True,2026-02-17T09:47:17.472023
2026-02-18,CAN,arrival,00:40,HGH Hangzhou,JD5270,Capital Airlines,text,Duration: 2h 30m,,True,2026-02-17T09:47:17.472028
2026-02-18,CAN,arrival,00:40,TFU Chengdu,MU6763,China Eastern,text,Duration: 2h 45m,,True,2026-02-17T09:47:17.472033
2026-02-18,CAN,arrival,00:45,PEK Beijing,CA1385,Air China,text,Duration: 3h 10m,,True,2026-02-17T09:47:17.472038
2026-02-18,CAN,arrival,00:45,PKX Beijing,MU6317,China Eastern,text,Duration: 3h 25m,,True,2026-02-17T09:47:17.472043
2026-02-18,CAN,arrival,00:45,JDZ Jingdezhen,ZH9998,Shenzhen Airlines,text,Duration: 1h 50m,,True,2026-02-17T09:47:17.472048
2026-02-18,CAN,arrival,00:50,CNX Chiang Mai,9C8934,Spring Airlines,text,Duration: 2h 35m,,True,2026-02-17T09:47:17.472053
2026-02-18,CAN,arrival,00:50,PKX Beijing,CZ3114,China Southern,text,Duration: 3h 20m,,True,2026-02-17T09:47:17.472058
2026-02-18,CAN,arrival,00:50,SYX Sanya,HU7309,Hainan Airlines,text,Duration: 1h 50m,,True,2026-02-17T09:47:17.472063
2026-02-18,CAN,arrival,00:55,SYX Sanya,CZ6747,China Southern,text,Duration: 1h 40m,,True,2026-02-17T09:47:17.472068
2026-02-18,CAN,arrival,00:55,XUZ Xuzhou,CZ3340,China Southern,text,Duration: 2h 40m,,True,2026-02-17T09:47:17.472073
2026-02-18,CAN,arrival,00:55,PKX Beijing,JD5209,Capital Airlines,text,Duration: 2h 55m,,True,2026-02-17T09:47:17.472078
2026-02-18,CAN,arrival,00:55,TSN Tianjin,JD5186,Capital Airlines,text,Duration: 3h 5m,,True,2026-02-17T09:47:17.472083
2026-02-18,CAN,arrival,01:00,MDC Manado,8B167,TransNusa,text,Duration: 3h 55m,,True,2026-02-17T09:47:17.472089
2026-02-18,CAN,arrival,01:00,CKG Chongqing,AQ1102,9 Air,text,Duration: 2h 0m,,True,2026-02-17T09:47:17.472098
2026-02-18,CAN,arrival,01:00,SZH Shuozhou,AQ1724,9 Air,text,Duration: 3h 15m,,True,2026-02-17T09:47:17.472187
2026-02-18,CAN,arrival,01:05,DPS Denpasar,8B969,TransNusa,text,Duration: 5h 20m,,True,2026-02-17T09:47:17.472194
2026-02-18,CAN,arrival,01:05,JHG Jinghong,AQ1042,9 Air,text,Duration: 2h 25m,,True,2026-02-17T09:47:17.472200
2026-02-18,CAN,arrival,01:05,WEF Weifang,AQ1722,9 Air,text,Duration: 3h 20m,,True,2026-02-17T09:47:17.472205
2026-02-18,CAN,arrival,01:05,XIY Xian,AQ1106,9 Air,text,Duration: 2h 50m,,True,2026-02-17T09:47:17.472211
2026-02-18,CAN,arrival,01:05,CGO Zhengzhou,GJ8584,Loong Air,text,Duration: 2h 25m,,True,2026-02-17T09:47:17.472216
2026-02-18,CAN,arrival,01:05,YIH Yichang,ZH9476,Shenzhen Airlines,text,Duration: 1h 35m,,True,2026-02-17T09:47:17.472221
2026-02-18,CAN,arrival,01:10,LYG Lianyungang,AQ1180,9 Air,text,Duration: 3h 10m,,True,2026-02-17T09:47:17.472226
2026-02-18,CAN,arrival,01:10,CTU Chengdu,CZ3428,China Southern,text,Duration: 2h 40m,,True,2026-02-17T09:47:17.472231
2026-02-18,CAN,arrival,01:10,SHE Shenyang,CZ6331,China Southern,text,Duration: 4h 40m,,True,2026-02-17T09:47:17.472240
2026-02-18,CAN,arrival,01:10,URC Urumqi,HU7224,Hainan Airlines,text,Duration: 5h 20m,,True,2026-02-17T09:47:17.472245
2026-02-18,CAN,arrival,01:10,LJG Lijiang,MU5741,China Eastern,text,Duration: 2h 25m,,True,2026-02-17T09:47:17.472250
2026-02-18,CAN,arrival,01:15,HFE Hefei,AQ1128,9 Air,text,Duration: 2h 20m,,True,2026-02-17T09:47:17.472256
2026-02-18,CAN,arrival,01:15,JUH Chizhou,AQ1156,9 Air,text,Duration: 2h 25m,,True,2026-02-17T09:47:17.472261
2026-02-18,CAN,arrival,01:15,DZH Dazhou,CA4064,Air China,text,Duration: 2h 15m,,True,2026-02-17T09:47:17.472266
2026-02-18,CAN,arrival,01:15,WXN Wanxian,CA4389,Air China,text,Duration: 2h 20m,,True,2026-02-17T09:47:17.472272
2026-02-18,CAN,arrival,01:15,XUZ Xuzhou,GJ8060,Loong Air,text,Duration: 2h 35m,,True,2026-02-17T09:47:17.472278
2026-02-18,CAN,arrival,01:20,HFE Hefei,HU7204,Hainan Airlines,text,Duration: 2h 25m,,True,2026-02-17T09:47:17.472283
2026-02-18,CAN,arrival,01:30,CGK Jakarta,8B860,TransNusa,text,Duration: 5h 40m,,True,2026-02-17T09:47:17.472288
2026-02-18,CAN,arrival,01:30,TWU Tawau,AK1618,AirAsia,text,Duration: 3h 30m,,True,2026-02-17T09:47:17.472295
2026-02-18,CAN,arrival,01:30,SGN Ho Chi Minh City,VJ3908,VietJet,text,Duration: 2h 45m,,True,2026-02-17T09:47:17.472301
2026-02-18,CAN,arrival,01:35,SHA Shanghai,CA4586,Air China,text,Duration: 2h 40m,,True,2026-02-17T09:47:17.472306
2026-02-18,CAN,arrival,01:35,PVG Shanghai,CZ3585,China Southern,text,Duration: 2h 45m,,True,2026-02-17T09:47:17.472311
2026-02-18,CAN,arrival,01:40,XIY Xian,MU6956,China Eastern,text,Duration: 2h 40m,,True,2026-02-17T09:47:17.472317
2026-02-18,CAN,arrival,01:50,DMK Bangkok,SL900,Thai Lion Air,text,Duration: 2h 50m,,True,2026-02-17T09:47:17.472323
2026-02-18,CAN,arrival,02:00,BKK Bangkok,9C7420,Spring Airlines,text,Duration: 3h 5m,,True,2026-02-17T09:47:17.472328
2026-02-18,CAN,arrival,02:00,BKI Kota Kinabalu,AK1532,AirAsia,text,Duration: 3h 20m,,True,2026-02-17T09:47:17.472334
2026-02-18,CAN,arrival,02:00,JHB Johor Bharu,AK1394,AirAsia,text,Duration: 4h 0m,,True,2026-02-17T09:47:17.472340
2026-02-18,CAN,arrival,02:10,KUL Kuala Lumpur,OD612,Batik Air,text,Duration: 4h 25m,,True,2026-02-17T09:47:17.472346
2026-02-18,CAN,arrival,02:15,MNL Manila,5J286,Cebu Pacific,text,Duration: 2h 50m,,True,2026-02-17T09:47:17.472352
2026-02-18,CAN,arrival,02:15,HAN Hanoi,VJ7526,VietJet,text,Duration: 1h 35m,,True,2026-02-17T09:47:17.472358
2026-02-18,CAN,arrival,02:20,HKG Hong Kong,CX950,Cathay Pacific,text,Duration: 1h 5m,,True,2026-02-17T09:47:17.472363
2026-02-18,CAN,arrival,02:45,IKT Irkutsk,S76319,S7 Airlines,text,Duration: 5h 20m,,True,2026-02-17T09:47:17.472368
2026-02-18,CAN,arrival,02:50,KTI Phnom Penh,KR937,Cambodia Airways,text,Duration: 3h 0m,,True,2026-02-17T09:47:17.472373
2026-02-18,CAN,arrival,03:15,HKT Phuket,9C8772,Spring Airlines,text,Duration: 3h 45m,,True,2026-02-17T09:47:17.472379
2026-02-18,CAN,arrival,03:15,TAS Tashkent,C6511,Centrum Air,text,Duration: 6h 55m,,True,2026-02-17T09:47:17.472384
2026-02-18,CAN,arrival,03:35,HKT Phuket,CZ6058,China Southern,text,Duration: 3h 15m,,True,2026-02-17T09:47:17.472389
2026-02-18,CAN,arrival,03:50,DAC Dhaka,BS325,US-Bangla Airlines,text,Duration: 3h 30m,,True,2026-02-17T09:47:17.472394
2026-02-18,CAN,arrival,03:50,PEN Penang,CZ8074,China Southern,text,Duration: 3h 55m,,True,2026-02-17T09:47:17.472399
2026-02-18,CAN,arrival,04:05,CCU Kolkata,6E1703,IndiGo,text,Duration: 3h 35m,,True,2026-02-17T09:47:17.472406
2026-02-18,CAN,arrival,04:45,KUL Kuala Lumpur,AK114,AirAsia,text,Duration: 4h 20m,,True,2026-02-17T09:47:17.472412
2026-02-18,CAN,arrival,04:45,DAC Dhaka,CZ392,China Southern,text,Duration: 3h 30m,,True,2026-02-17T09:47:17.472418
2026-02-18,CAN,arrival,04:50,DEL Delhi,6E1701,IndiGo,text,Duration: 4h 35m,,True,2026-02-17T09:47:17.472423
2026-02-18,CAN,arrival,05:00,AKL Auckland,CZ306,China Southern,text,Duration: 11h 50m,,True,2026-02-17T09:47:17.472428
2026-02-18,CAN,arrival,05:00,SYD Sydney,CZ302,China Southern,text,Duration: 10h 0m,,True,2026-02-17T09:47:17.472433
2026-02-18,CAN,arrival,05:15,BKI Kota Kinabalu,CZ8484,China Southern,text,Duration: 3h 30m,,True,2026-02-17T09:47:17.472439
2026-02-18,CAN,arrival,05:20,CHC Christchurch,CZ618,China Southern,text,Duration: 11h 50m,,True,2026-02-17T09:47:17.472444
2026-02-18,CAN,arrival,05:35,KUL Kuala Lumpur,CZ5036,China Southern,text,Duration: 4h 20m,,True,2026-02-17T09:47:17.472450
2026-02-18,CAN,arrival,05:45,FRA Frankfurt,CZ332,China Southern,text,Duration: 11h 20m,,True,2026-02-17T09:47:17.472455
2026-02-18,CAN,arrival,05:50,BUD Budapest,CZ650,China Southern,text,Duration: 11h 5m,,True,2026-02-17T09:47:17.472461
2026-02-18,CAN,arrival,05:50,DPS Denpasar,CZ626,China Southern,text,Duration: 5h 10m,,True,2026-02-17T09:47:17.472539
2026-02-18,CAN,arrival,05:55,KTM Kathmandu,CZ3068,China Southern,text,Duration: 4h 10m,,True,2026-02-17T09:47:17.472546
2026-02-18,CAN,arrival,06:05,BKK Bangkok,CZ3036,China Southern,text,Duration: 2h 55m,,True,2026-02-17T09:47:17.472551
2026-02-18,CAN,arrival,06:05,CDG Paris,CZ348,China Southern,text,Duration: 12h 0m,,True,2026-02-17T09:47:17.472556
2026-02-18,CAN,arrival,06:20,BKK Bangkok,AQ1266,9 Air,text,Duration: 2h 50m,,True,2026-02-17T09:47:17.472561
2026-02-18,CAN,arrival,06:20,SGN Ho Chi Minh City,CZ6090,China Southern,text,Duration: 2h 55m,,True,2026-02-17T09:47:17.472569
2026-02-18,CAN,arrival,06:25,ISB Islamabad,CZ8070,China Southern,text,Duration: 5h 10m,,True,2026-02-17T09:47:17.472575
2026-02-18,CAN,arrival,06:40,KUL Kuala Lumpur,CZ8072,China Southern,text,Duration: 4h 20m,,True,2026-02-17T09:47:17.472580
2026-02-18,CAN,arrival,06:55,KUL Kuala Lumpur,AQ1272,9 Air,text,Duration: 4h 15m,,True,2026-02-17T09:47:17.472585
2026-02-18,CAN,arrival,07:35,DXB Dubai,CZ8058,China Southern,text,Duration: 7h 15m,,True,2026-02-17T09:47:17.472593
2026-02-18,CAN,arrival,07:55,SIN Singapore,CZ8490,China Southern,text,Duration: 4h 0m,,True,2026-02-17T09:47:17.472598
2026-02-18,CAN,arrival,07:55,HAK Haikou,HU7001,Hainan Airlines,text,Duration: 1h 25m,,True,2026-02-17T09:47:17.472603
2026-02-18,CAN,arrival,07:55,BKK Bangkok,MU2078,China Eastern,text,Duration: 3h 45m,,True,2026-02-17T09:47:17.472609
2026-02-18,CAN,arrival,08:15,SYX Sanya,HU7307,Hainan Airlines,text,Duration: 1h 40m,,True,2026-02-17T09:47:17.472614
2026-02-18,CAN,arrival,08:20,HAK Haikou,CZ6773,China Southern,text,Duration: 1h 20m,,True,2026-02-17T09:47:17.472619
2026-02-18,CAN,arrival,08:20,SYX Sanya,CZ6731,China Southern,text,Duration: 1h 20m,,True,2026-02-17T09:47:17.472624
2026-02-18,CAN,arrival,08:25,BHY Beihai,CZ3354,China Southern,text,Duration: 1h 25m,,True,2026-02-17T09:47:17.472630
2026-02-18,CAN,arrival,08:30,NNG Nanning,CZ3291,China Southern,text,Duration: 1h 10m,,True,2026-02-17T09:47:17.472635
2026-02-18,CAN,arrival,08:30,ZHA Zhanjiang,CZ3330,China Southern,text,Duration: 1h 10m,,True,2026-02-17T09:47:17.472640
2026-02-18,CAN,arrival,08:30,CGO Zhengzhou,PN6381,West Air (China),text,Duration: 2h 25m,,True,2026-02-17T09:47:17.472647
2026-02-18,CAN,arrival,08:40,BAR Qionghai,AQ1146,9 Air,text,Duration: 1h 30m,,True,2026-02-17T09:47:17.472652
2026-02-18,CAN,arrival,08:40,SWA Jieyang,CZ3895,China Southern,text,Duration: 1h 15m,,True,2026-02-17T09:47:17.472659
2026-02-18,CAN,arrival,08:45,WNZ Wenzhou,ZH9962,Shenzhen Airlines,text,Duration: 2h 0m,,True,2026-02-17T09:47:17.472664
2026-02-18,CAN,arrival,08:50,CGO Zhengzhou,CZ3389,China Southern,text,Duration: 2h 15m,,True,2026-02-17T09:47:17.472669
2026-02-18,CAN,arrival,08:50,KHN Nanchang,CZ3344,China Southern,text,Duration: 1h 45m,,True,2026-02-17T09:47:17.472674
2026-02-18,CAN,arrival,08:50,NAO Nanchong,CZ8754,China Southern,text,Duration: 2h 5m,,True,2026-02-17T09:47:17.472679
2026-02-18,CAN,arrival,08:50,YIH Yichang,CZ3312,China Southern,text,Duration: 1h 50m,,True,2026-02-17T09:47:17.472684
2026-02-18,CAN,arrival,08:50,YVR Vancouver,CZ330,China Southern,text,Duration: 14h 50m,,True,2026-02-17T09:47:17.472689
2026-02-18,CAN,arrival,08:50,IKA Tehran,W581,Mahan Air,text,Duration: 7h 20m,,True,2026-02-17T09:47:17.472694
2026-02-18,CAN,arrival,08:55,HKG Hong Kong,CX982,Cathay Pacific,text,Duration: 1h 5m,,True,2026-02-17T09:47:17.472702
2026-02-18,CAN,arrival,08:55,KMG Kunming,CZ3420,China Southern,text,Duration: 2h 0m,,True,2026-02-17T09:47:17.472707
2026-02-18,CAN,arrival,08:55,NNY Nanyang,CZ3384,China Southern,text,Duration: 2h 10m,,True,2026-02-17T09:47:17.472712
2026-02-18,CAN,arrival,08:55,HGH Hangzhou,HU7362,Hainan Airlines,text,Duration: 2h 20m,,True,2026-02-17T09:47:17.472717
2026-02-18,CAN,arrival,08:55,WUH Wuhan,MU2542,China Eastern,text,Duration: 1h 40m,,True,2026-02-17T09:47:17.472722
2026-02-18,CAN,arrival,08:55,CGO Zhengzhou,ZH8904,Shenzhen Airlines,text,Duration: 2h 15m,,True,2026-02-17T09:47:17.472727
2026-02-18,CAN,arrival,09:00,CKG Chongqing,CA4361,Air China,text,Duration: 2h 0m,,True,2026-02-17T09:47:17.472732
2026-02-18,CAN,arrival,09:05,CKG Chongqing,3U8745,Sichuan Airlines,text,Duration: 2h 5m,,True,2026-02-17T09:47:17.472737
2026-02-18,CAN,arrival,09:05,XMN Xiamen,MF8301,XiamenAir,text,Duration: 1h 35m,,True,2026-02-17T09:47:17.472744
2026-02-18,CAN,arrival,09:20,XIC Xichang,3U3060,Sichuan Airlines,text,Duration: 2h 20m,,True,2026-02-17T09:47:17.472749
2026-02-18,CAN,arrival,09:20,KUL Kuala Lumpur,AK112,AirAsia,text,Duration: 4h 15m,,True,2026-02-17T09:47:17.472756
2026-02-18,CAN,arrival,09:25,HAK Haikou,CZ6775,China Southern,text,Duration: 1h 25m,,True,2026-02-17T09:47:17.472761
2026-02-18,CAN,arrival,09:30,KWE Guiyang,CZ3661,China Southern,text,Duration: 1h 40m,,True,2026-02-17T09:47:17.472766
2026-02-18,CAN,arrival,09:30,PVG Shanghai,CZ3549,China Southern,text,Duration: 2h 45m,,True,2026-02-17T09:47:17.472771
2026-02-18,CAN,arrival,09:30,CKG Chongqing,OQ2323,Chongqing Airlines,text,Duration: 2h 0m,,True,2026-02-17T09:47:17.472776
2026-02-18,CAN,arrival,09:30,SIN Singapore,TR100,Scoot,text,Duration: 4h 5m,,True,2026-02-17T09:47:17.472781
2026-02-18,CAN,arrival,09:35,HGH Hangzhou,CA1789,Air China,text,Duration: 2h 20m,,True,2026-02-17T09:47:17.472786
2026-02-18,CAN,arrival,09:35,HFE Hefei,CZ3816,China Southern,text,Duration: 2h 20m,,True,2026-02-17T09:47:17.472791
2026-02-18,CAN,arrival,09:35,HYN Taizhou,CZ3236,China Southern,text,Duration: 2h 15m,,True,2026-02-17T09:47:17.472796
2026-02-18,CAN,arrival,09:35,XUZ Xuzhou,CZ6282,China Southern,text,Duration: 2h 35m,,True,2026-02-17T09:47:17.472801
2026-02-18,CAN,arrival,09:35,XIY Xian,MU2303,China Eastern,text,Duration: 2h 35m,,True,2026-02-17T09:47:17.472808
2026-02-18,CAN,arrival,09:35,WUX Wuxi,ZH9834,Shenzhen Airlines,text,Duration: 2h 35m,,True,2026-02-17T09:47:17.472882
2026-02-18,CAN,arrival,09:40,CZX Changzhou,CZ3994,China Southern,text,Duration: 2h 35m,,True,2026-02-17T09:47:17.472888
2026-02-18,CAN,arrival,09:40,SYX Sanya,CZ6781,China Southern,text,Duration: 1h 40m,,True,2026-02-17T09:47:17.472894
2026-02-18,CAN,arrival,09:40,YNZ Yancheng,CZ3268,China Southern,text,Duration: 2h 40m,,True,2026-02-17T09:47:17.472912
2026-02-18,CAN,arrival,09:40,CTU Chengdu,EU2235,Chengdu Airlines,text,Duration: 2h 5m,,True,2026-02-17T09:47:17.472918
2026-02-18,CAN,arrival,09:40,HFE Hefei,MU5287,China Eastern,text,Duration: 2h 5m,,True,2026-02-17T09:47:17.472923
2026-02-18,CAN,arrival,09:45,LYI Linyi,CZ3992,China Southern,text,Duration: 2h 45m,,True,2026-02-17T09:47:17.472928
2026-02-18,CAN,arrival,09:45,NGB Ningbo,CZ3672,China Southern,text,Duration: 2h 25m,,True,2026-02-17T09:47:17.472933
2026-02-18,CAN,arrival,09:45,WNZ Wenzhou,CZ3770,China Southern,text,Duration: 2h 10m,,True,2026-02-17T09:47:17.472938
2026-02-18,CAN,arrival,09:45,TYN Taiyuan,MU6363,China Eastern,text,Duration: 2h 45m,,True,2026-02-17T09:47:17.472945
2026-02-18,CAN,arrival,09:45,NKG Nanjing,ZH9878,Shenzhen Airlines,text,Duration: 2h 25m,,True,2026-02-17T09:47:17.472950
2026-02-18,CAN,arrival,09:50,SHA Shanghai,9C8835,Spring Airlines,text,Duration: 2h 25m,,True,2026-02-17T09:47:17.472955
2026-02-18,CAN,arrival,09:50,PVG Shanghai,CA8581,Air China,text,Duration: 2h 50m,,True,2026-02-17T09:47:17.472960
2026-02-18,CAN,arrival,09:50,TFU Chengdu,CA4319,Air China,text,Duration: 1h 50m,,True,2026-02-17T09:47:17.472965
2026-02-18,CAN,arrival,09:50,CSX Changsha,CZ3387,China Southern,text,Duration: 1h 45m,,True,2026-02-17T09:47:17.472970
2026-02-18,CAN,arrival,09:50,HIA Huai'an,CZ3996,China Southern,text,Duration: 2h 40m,,True,2026-02-17T09:47:17.472975
2026-02-18,CAN,arrival,09:50,NTG Nantong,ZH8696,Shenzhen Airlines,text,Duration: 2h 35m,,True,2026-02-17T09:47:17.472980
2026-02-18,CAN,arrival,09:55,WUH Wuhan,CZ5841,China Southern,text,Duration: 1h 55m,,True,2026-02-17T09:47:17.472985
2026-02-18,CAN,arrival,09:55,YTY Yangzhou,CZ3958,China Southern,text,Duration: 2h 45m,,True,2026-02-17T09:47:17.472990
2026-02-18,CAN,arrival,09:55,HGH Hangzhou,HU7462,Hainan Airlines,text,Duration: 2h 20m,,True,2026-02-17T09:47:17.472999
2026-02-18,CAN,arrival,09:55,HGH Hangzhou,MF8319,XiamenAir,text,Duration: 2h 30m,,True,2026-02-17T09:47:17.473004
2026-02-18,CAN,arrival,09:55,NGB Ningbo,MU6950,China Eastern,text,Duration: 2h 5m,,True,2026-02-17T09:47:17.473009
2026-02-18,CAN,arrival,10:00,NKG Nanjing,MU2907,China Eastern,text,Duration: 2h 30m,,True,2026-02-17T09:47:17.473014
2026-02-18,CAN,arrival,10:00,CTU Chengdu,TV9765,Tibet Airlines,text,Duration: 2h 20m,,True,2026-02-17T09:47:17.473020
2026-02-18,CAN,arrival,10:05,FOC Fuzhou,CZ8780,China Southern,text,Duration: 1h 50m,,True,2026-02-17T09:47:17.473026
2026-02-18,CAN,arrival,10:05,KMG Kunming,MU5731,China Eastern,text,Duration: 2h 5m,,True,2026-02-17T09:47:17.473031
2026-02-18,CAN,arrival,10:10,SVO Moscow,SU220,Aeroflot,text,Duration: 9h 20m,,True,2026-02-17T09:47:17.473036
2026-02-18,CAN,arrival,10:15,XIY Xian,ZH9226,Shenzhen Airlines,text,Duration: 2h 45m,,True,2026-02-17T09:47:17.473042
2026-02-18,CAN,arrival,10:20,KMG Kunming,KY8279,Kunming Airlines,text,Duration: 2h 0m,,True,2026-02-17T09:47:17.473047
2026-02-18,CAN,arrival,10:20,HGH Hangzhou,MU5211,China Eastern,text,Duration: 2h 20m,,True,2026-02-17T09:47:17.473054
2026-02-18,CAN,arrival,10:25,HGH Hangzhou,3U3151,Sichuan Airlines,text,Duration: 2h 10m,,True,2026-02-17T09:47:17.473059
2026-02-18,CAN,arrival,10:25,TFU Chengdu,3U6701,Sichuan Airlines,text,Duration: 2h 5m,,True,2026-02-17T09:47:17.473064
2026-02-18,CAN,arrival,10:25,PEK Beijing,CA1359,Air China,text,Duration: 3h 25m,,True,2026-02-17T09:47:17.473069
2026-02-18,CAN,arrival,10:25,SHA Shanghai,CA9667,Air China,text,Duration: 2h 20m,,True,2026-02-17T09:47:17.473074
2026-02-18,CAN,arrival,10:25,HAK Haikou,CZ6785,China Southern,text,Duration: 1h 25m,,True,2026-02-17T09:47:17.473079
2026-02-18,CAN,arrival,10:25,CKG Chongqing,HU7342,Hainan Airlines,text,Duration: 1h 55m,,True,2026-02-17T09:47:17.473085
2026-02-18,CAN,arrival,10:30,CGO Zhengzhou,CZ3391,China Southern,text,Duration: 2h 30m,,True,2026-02-17T09:47:17.473091
2026-02-18,CAN,arrival,10:30,WUH Wuhan,CZ660,China Southern,text,Duration: 2h 0m,,True,2026-02-17T09:47:17.473096
2026-02-18,CAN,arrival,10:30,PVG Shanghai,HO1855,Juneyao Airlines,text,Duration: 2h 40m,,True,2026-02-17T09:47:17.473101
2026-02-18,CAN,arrival,10:35,HET Hohhot,CZ3182,China Southern,text,Duration: 3h 15m,,True,2026-02-17T09:47:17.473108
2026-02-18,CAN,arrival,10:35,CTU Chengdu,MU9372,China Eastern,text,Duration: 2h 0m,,True,2026-02-17T09:47:17.473113
2026-02-18,CAN,arrival,10:35,PKX Beijing,MU6305,China Eastern,text,Duration: 3h 15m,,True,2026-02-17T09:47:17.473118
2026-02-18,CAN,arrival,10:35,CKG Chongqing,OQ2305,Chongqing Airlines,text,Duration: 2h 10m,,True,2026-02-17T09:47:17.473123
2026-02-18,CAN,arrival,10:40,CGD Changde,CZ3230,China Southern,text,Duration: 1h 40m,,True,2026-02-17T09:47:17.473128
2026-02-18,CAN,arrival,10:40,LHW Lanzhou,CZ3252,China Southern,text,Duration: 3h 15m,,True,2026-02-17T09:47:17.473133
2026-02-18,CAN,arrival,10:40,LHW Lanzhou,MU5261,China Eastern,text,Duration: 2h 50m,,True,2026-02-17T09:47:17.473138
2026-02-18,CAN,arrival,10:40,TAO Qingdao,MU5255,China Eastern,text,Duration: 3h 25m,,True,2026-02-17T09:47:17.473143
2026-02-18,CAN,arrival,10:40,WUX Wuxi,ZH9826,Shenzhen Airlines,text,Duration: 2h 35m,,True,2026-02-17T09:47:17.473148
2026-02-18,CAN,arrival,10:45,CTU Chengdu,CZ3414,China Southern,text,Duration: 2h 15m,,True,2026-02-17T09:47:17.473153
2026-02-18,CAN,arrival,10:50,CTU Chengdu,CA4305,Air China,text,Duration: 2h 20m,,True,2026-02-17T09:47:17.473160
2026-02-18,CAN,arrival,10:50,TSN Tianjin,CA2801,Air China,text,Duration: 3h 15m,,True,2026-02-17T09:47:17.473253
2026-02-18,CAN,arrival,10:50,MNL Manila,CZ3078,China Southern,text,Duration: 2h 30m,,True,2026-02-17T09:47:17.473260
2026-02-18,CAN,arrival,10:50,XIY Xian,CZ3220,China Southern,text,Duration: 2h 50m,,True,2026-02-17T09:47:17.473266
2026-02-18,CAN,arrival,10:55,HAN Hanoi,CZ372,China Southern,text,Duration: 1h 40m,,True,2026-02-17T09:47:17.473271
2026-02-18,CAN,arrival,10:55,HGH Hangzhou,CZ3820,China Southern,text,Duration: 2h 20m,,True,2026-02-17T09:47:17.473276
2026-02-18,CAN,arrival,10:55,NKG Nanjing,CZ3872,China Southern,text,Duration: 2h 25m,,True,2026-02-17T09:47:17.473282
2026-02-18,CAN,arrival,10:55,TNA Jinan,CZ3664,China Southern,text,Duration: 3h 5m,,True,2026-02-17T09:47:17.473287
2026-02-18,CAN,arrival,10:55,INC Yinchuan,MF8753,XiamenAir,text,Duration: 3h 25m,,True,2026-02-17T09:47:17.473292
2026-02-18,CAN,arrival,10:55,TNA Jinan,SC1173,Shandong Airlines,text,Duration: 2h 55m,,True,2026-02-17T09:47:17.473297
2026-02-18,CAN,arrival,11:00,SHA Shanghai,9C6721,Spring Airlines,text,Duration: 2h 30m,,True,2026-02-17T09:47:17.473304
2026-02-18,CAN,arrival,11:00,PVG Shanghai,HU7332,Hainan Airlines,text,Duration: 3h 5m,,True,2026-02-17T09:47:17.473309
2026-02-18,CAN,arrival,11:00,PKX Beijing,MF8395,XiamenAir,text,Duration: 3h 15m,,True,2026-02-17T09:47:17.473314
2026-02-18,CAN,arrival,11:00,XIY Xian,MU2325,China Eastern,text,Duration: 2h 30m,,True,2026-02-17T09:47:17.473319
2026-02-18,CAN,arrival,11:05,SHA Shanghai,FM9303,Shanghai Airlines,text,Duration: 2h 35m,,True,2026-02-17T09:47:17.473324
2026-02-18,CAN,arrival,11:10,SJW Shijiazhuang,NS3203,Hebei Airlines,text,Duration: 3h 10m,,True,2026-02-17T09:47:17.473330
2026-02-18,CAN,arrival,11:15,HAK Haikou,ZH8996,Shenzhen Airlines,text,Duration: 1h 0m,,True,2026-02-17T09:47:17.473335
2026-02-18,CAN,arrival,11:15,TFU Chengdu,ZH9446,Shenzhen Airlines,text,Duration: 2h 15m,,True,2026-02-17T09:47:17.473340
2026-02-18,CAN,arrival,11:20,SYX Sanya,AQ1114,9 Air,text,Duration: 1h 40m,,True,2026-02-17T09:47:17.473346
2026-02-18,CAN,arrival,11:20,XIY Xian,HU7837,Hainan Airlines,text,Duration: 2h 50m,,True,2026-02-17T09:47:17.473351
2026-02-18,CAN,arrival,11:20,CTU Chengdu,MU5321,China Eastern,text,Duration: 2h 15m,,True,2026-02-17T09:47:17.473358
2026-02-18,CAN,arrival,11:25,CTU Chengdu,3U8731,Sichuan Airlines,text,Duration: 2h 25m,,True,2026-02-17T09:47:17.473363
2026-02-18,CAN,arrival,11:25,PEK Beijing,CA1351,Air China,text,Duration: 3h 25m,,True,2026-02-17T09:47:17.473368
2026-02-18,CAN,arrival,11:25,ACX Xingyi,CZ3924,China Southern,text,Duration: 1h 40m,,True,2026-02-17T09:47:17.473373
2026-02-18,CAN,arrival,11:25,CGO Zhengzhou,CZ8685,China Southern,text,Duration: 2h 30m,,True,2026-02-17T09:47:17.473378
2026-02-18,CAN,arrival,11:25,HAK Haikou,CZ6771,China Southern,text,Duration: 1h 30m,,True,2026-02-17T09:47:17.473383
2026-02-18,CAN,arrival,11:25,SHA Shanghai,CZ3596,China Southern,text,Duration: 2h 35m,,True,2026-02-17T09:47:17.473388
2026-02-18,CAN,arrival,11:30,HGH Hangzhou,CA1791,Air China,text,Duration: 2h 35m,,True,2026-02-17T09:47:17.473393
2026-02-18,CAN,arrival,11:30,DLC Dalian,CZ6321,China Southern,text,Duration: 3h 50m,,True,2026-02-17T09:47:17.473398
2026-02-18,CAN,arrival,11:30,WUH Wuhan,CZ6590,China Southern,text,Duration: 2h 0m,,True,2026-02-17T09:47:17.473403
2026-02-18,CAN,arrival,11:30,PKX Beijing,MU6303,China Eastern,text,Duration: 3h 15m,,True,2026-02-17T09:47:17.473411
2026-02-18,CAN,arrival,11:30,ICN Seoul,OZ369,Asiana,text,Duration: 4h 10m,,True,2026-02-17T09:47:17.473416
2026-02-18,CAN,arrival,11:35,TSN Tianjin,CZ3350,China Southern,text,Duration: 3h 20m,,True,2026-02-17T09:47:17.473421
2026-02-18,CAN,arrival,11:35,PVG Shanghai,FM9305,Shanghai Airlines,text,Duration: 2h 35m,,True,2026-02-17T09:47:17.473426
2026-02-18,CAN,arrival,11:35,SHA Shanghai,HO2287,Juneyao Airlines,text,Duration: 2h 40m,,True,2026-02-17T09:47:17.473434
2026-02-18,CAN,arrival,11:35,YNT Yantai,SC7621,Shandong Airlines,text,Duration: 3h 35m,,True,2026-02-17T09:47:17.473439
2026-02-18,CAN,arrival,11:40,PKX Beijing,CZ3108,China Southern,text,Duration: 3h 10m,,True,2026-02-17T09:47:17.473444
2026-02-18,CAN,arrival,11:40,TAO Qingdao,CZ3716,China Southern,text,Duration: 3h 35m,,True,2026-02-17T09:47:17.473449
2026-02-18,CAN,arrival,11:45,CTU Chengdu,CA4307,Air China,text,Duration: 2h 15m,,True,2026-02-17T09:47:17.473454
2026-02-18,CAN,arrival,11:45,LZO Luzhou,CA4351,Air China,text,Duration: 2h 5m,,True,2026-02-17T09:47:17.473459
2026-02-18,CAN,arrival,11:45,SGN Ho Chi Minh City,CZ368,China Southern,text,Duration: 2h 45m,,True,2026-02-17T09:47:17.473466
2026-02-18,CAN,arrival,11:45,TYN Taiyuan,CZ3378,China Southern,text,Duration: 3h 0m,,True,2026-02-17T09:47:17.473471
2026-02-18,CAN,arrival,11:45,WUS Wuyishan,SC4673,Shandong Airlines,text,Duration: 1h 45m,,True,2026-02-17T09:47:17.473477
2026-02-18,CAN,arrival,11:50,SHS Shashi,CZ6660,China Southern,text,Duration: 1h 55m,,True,2026-02-17T09:47:17.473481
2026-02-18,CAN,arrival,11:50,XIY Xian,CZ3216,China Southern,text,Duration: 2h 50m,,True,2026-02-17T09:47:17.473486
2026-02-18,CAN,arrival,11:50,HYN Taizhou,ZH8990,Shenzhen Airlines,text,Duration: 2h 10m,,True,2026-02-17T09:47:17.473492
2026-02-18,CAN,arrival,11:55,JJN Jinjiang,CZ3284,China Southern,text,Duration: 1h 40m,,True,2026-02-17T09:47:17.473497
2026-02-18,CAN,arrival,11:55,WHA Wuhu,CZ3316,China Southern,text,Duration: 2h 20m,,True,2026-02-17T09:47:17.473502
2026-02-18,CAN,arrival,11:55,YIH Yichang,CZ3300,China Southern,text,Duration: 1h 55m,,True,2026-02-17T09:47:17.473507
2026-02-18,CAN,arrival,11:55,WNZ Wenzhou,KN5037,China United Airlines,text,Duration: 2h 15m,,True,2026-02-17T09:47:17.473511
2026-02-18,CAN,arrival,12:00,HAK Haikou,HU7005,Hainan Airlines,text,Duration: 1h 30m,,True,2026-02-17T09:47:17.473519
2026-02-18,CAN,arrival,12:00,PEK Beijing,HU7801,Hainan Airlines,text,Duration: 3h 30m,,True,2026-02-17T09:47:17.473611
2026-02-18,CAN,arrival,12:00,FOC Fuzhou,MF8323,XiamenAir,text,Duration: 2h 5m,,True,2026-02-17T09:47:17.473617
2026-02-18,CAN,arrival,12:00,CZX Changzhou,MU2947,China Eastern,text,Duration: 2h 50m,,True,2026-02-17T09:47:17.473622
2026-02-18,CAN,arrival,12:05,ICN Seoul,KE867,Korean Air,text,Duration: 4h 10m,,True,2026-02-17T09:47:17.473628
2026-02-18,CAN,arrival,12:05,SHA Shanghai,MU5309,China Eastern,text,Duration: 2h 25m,,True,2026-02-17T09:47:17.473633
2026-02-18,CAN,arrival,12:10,BKK Bangkok,CZ362,China Southern,text,Duration: 2h 50m,,True,2026-02-17T09:47:17.473638
2026-02-18,CAN,arrival,12:10,HGH Hangzhou,CZ3512,China Southern,text,Duration: 2h 35m,,True,2026-02-17T09:47:17.473643
2026-02-18,CAN,arrival,12:10,TYN Taiyuan,MU5251,China Eastern,text,Duration: 3h 30m,,True,2026-02-17T09:47:17.473648
2026-02-18,CAN,arrival,12:10,SIN Singapore,SQ850,Singapore Airlines,text,Duration: 4h 5m,,True,2026-02-17T09:47:17.473653
2026-02-18,CAN,arrival,12:15,SIN Singapore,CZ352,China Southern,text,Duration: 4h 15m,,True,2026-02-17T09:47:17.473661
2026-02-18,CAN,arrival,12:15,KTI Phnom Penh,K6668,Air Cambodia,text,Duration: 2h 50m,,True,2026-02-17T09:47:17.473667
2026-02-18,CAN,arrival,12:15,CKG Chongqing,MU5796,China Eastern,text,Duration: 2h 5m,,True,2026-02-17T09:47:17.473672
2026-02-18,CAN,arrival,12:15,NKG Nanjing,ZH9862,Shenzhen Airlines,text,Duration: 2h 45m,,True,2026-02-17T09:47:17.473678
2026-02-18,CAN,arrival,12:20,DYG Dayong,CZ3382,China Southern,text,Duration: 1h 45m,,True,2026-02-17T09:47:17.473683
2026-02-18,CAN,arrival,12:20,XFN Xiangyang,CZ5354,China Southern,text,Duration: 2h 5m,,True,2026-02-17T09:47:17.473688
2026-02-18,CAN,arrival,12:25,KUL Kuala Lumpur,CZ366,China Southern,text,Duration: 4h 20m,,True,2026-02-17T09:47:17.473695
2026-02-18,CAN,arrival,12:25,WNZ Wenzhou,CZ3812,China Southern,text,Duration: 2h 10m,,True,2026-02-17T09:47:17.473700
2026-02-18,CAN,arrival,12:25,XIY Xian,MU2301,China Eastern,text,Duration: 2h 55m,,True,2026-02-17T09:47:17.473705
2026-02-18,CAN,arrival,12:30,PEK Beijing,CA1321,Air China,text,Duration: 3h 30m,,True,2026-02-17T09:47:17.473710
2026-02-18,CAN,arrival,12:30,YCU Yuncheng,CA4593,Air China,text,Duration: 2h 45m,,True,2026-02-17T09:47:17.473718
2026-02-18,CAN,arrival,12:35,SHE Shenyang,CZ6301,China Southern,text,Duration: 4h 35m,,True,2026-02-17T09:47:17.473723
2026-02-18,CAN,arrival,12:40,CKG Chongqing,CA4347,Air China,text,Duration: 2h 10m,,True,2026-02-17T09:47:17.473728
2026-02-18,CAN,arrival,12:40,AQG Anqing,CZ3320,China Southern,text,Duration: 2h 0m,,True,2026-02-17T09:47:17.473733
2026-02-18,CAN,arrival,12:40,CGQ Changchun,CZ6341,China Southern,text,Duration: 4h 50m,,True,2026-02-17T09:47:17.473738
2026-02-18,CAN,arrival,12:40,LYG Lianyungang,CZ5358,China Southern,text,Duration: 2h 45m,,True,2026-02-17T09:47:17.473743
2026-02-18,CAN,arrival,12:40,XUZ Xuzhou,CZ3258,China Southern,text,Duration: 2h 25m,,True,2026-02-17T09:47:17.473748
2026-02-18,CAN,arrival,12:40,LYI Linyi,ZH8948,Shenzhen Airlines,text,Duration: 2h 40m,,True,2026-02-17T09:47:17.473753
2026-02-18,CAN,arrival,12:45,DLU Dali City,CZ3482,China Southern,text,Duration: 2h 15m,,True,2026-02-17T09:47:17.473759
2026-02-18,CAN,arrival,12:45,DZH Dazhou,CZ5666,China Southern,text,Duration: 2h 10m,,True,2026-02-17T09:47:17.473764
2026-02-18,CAN,arrival,12:45,CKG Chongqing,JD5228,Capital Airlines,text,Duration: 1h 55m,,True,2026-02-17T09:47:17.473772
2026-02-18,CAN,arrival,12:50,DXB Dubai,CZ384,China Southern,text,Duration: 6h 55m,,True,2026-02-17T09:47:17.473777
2026-02-18,CAN,arrival,12:50,HRB Harbin,CZ3906,China Southern,text,Duration: 4h 50m,,True,2026-02-17T09:47:17.473784
2026-02-18,CAN,arrival,12:50,KMG Kunming,CZ3498,China Southern,text,Duration: 1h 55m,,True,2026-02-17T09:47:17.473790
2026-02-18,CAN,arrival,12:55,PKX Beijing,CZ3000,China Southern,text,Duration: 3h 25m,,True,2026-02-17T09:47:17.473795
2026-02-18,CAN,arrival,12:55,NKG Nanjing,HU7114,Hainan Airlines,text,Duration: 2h 20m,,True,2026-02-17T09:47:17.473800
2026-02-18,CAN,arrival,12:55,PEK Beijing,HU7803,Hainan Airlines,text,Duration: 3h 25m,,True,2026-02-17T09:47:17.473805
2026-02-18,CAN,arrival,12:55,WNZ Wenzhou,HU7286,Hainan Airlines,text,Duration: 2h 0m,,True,2026-02-17T09:47:17.473810
2026-02-18,CAN,arrival,13:00,PVG Shanghai,AQ1006,9 Air,text,Duration: 2h 40m,,True,2026-02-17T09:47:17.473815
2026-02-18,CAN,arrival,13:00,HZA Heze,CZ3126,China Southern,text,Duration: 2h 30m,,True,2026-02-17T09:47:17.473820
2026-02-18,CAN,arrival,13:00,PEN Penang,CZ396,China Southern,text,Duration: 3h 55m,,True,2026-02-17T09:47:17.473826
2026-02-18,CAN,arrival,13:00,SHA Shanghai,HO1857,Juneyao Airlines,text,Duration: 2h 35m,,True,2026-02-17T09:47:17.473832
2026-02-18,CAN,arrival,13:05,FUG Fuyang,CZ3932,China Southern,text,Duration: 2h 5m,,True,2026-02-17T09:47:17.473837
2026-02-18,CAN,arrival,13:05,MXZ Mei Xian,CZ3334,China Southern,text,Duration: 1h 15m,,True,2026-02-17T09:47:17.473842
2026-02-18,CAN,arrival,13:05,HND Tokyo,JL87,JAL,text,Duration: 5h 25m,,True,2026-02-17T09:47:17.473847
2026-02-18,CAN,arrival,13:05,JJN Jinjiang,MF8385,XiamenAir,text,Duration: 1h 35m,,True,2026-02-17T09:47:17.473852
2026-02-18,CAN,arrival,13:05,SHA Shanghai,MU5301,China Eastern,text,Duration: 2h 35m,,True,2026-02-17T09:47:17.473857
2026-02-18,CAN,arrival,13:10,"JUZ Quzhou, Zhejiang Province",CZ6290,China Southern,text,Duration: 2h 5m,,True,2026-02-17T09:47:17.473862
2026-02-18,CAN,arrival,13:10,LYA Luoyang,CZ3364,China Southern,text,Duration: 2h 45m,,True,2026-02-17T09:47:17.473869
2026-02-18,CAN,arrival,13:10,PVG Shanghai,HU7132,Hainan Airlines,text,Duration: 2h 45m,,True,2026-02-17T09:47:17.473874
2026-02-18,CAN,arrival,13:20,LJG Lijiang,CZ6604,China Southern,text,Duration: 2h 20m,,True,2026-02-17T09:47:17.473881
2026-02-18,CAN,arrival,13:20,SHA Shanghai,CZ3534,China Southern,text,Duration: 2h 30m,,True,2026-02-17T09:47:17.473964
2026-02-18,CAN,arrival,13:20,BKK Bangkok,TG668,Thai Airways,text,Duration: 3h 0m,,True,2026-02-17T09:47:17.473970
2026-02-18,CAN,arrival,13:20,LJG Lijiang,ZH9460,Shenzhen Airlines,text,Duration: 2h 30m,,True,2026-02-17T09:47:17.473975
2026-02-18,CAN,arrival,13:25,HAK Haikou,CZ5493,China Southern,text,Duration: 1h 25m,,True,2026-02-17T09:47:17.473981
2026-02-18,CAN,arrival,13:25,HGH Hangzhou,GJ8699,Loong Air,text,Duration: 2h 35m,,True,2026-02-17T09:47:17.473986
2026-02-18,CAN,arrival,13:25,TFU Chengdu,ZH9480,Shenzhen Airlines,text,Duration: 2h 5m,,True,2026-02-17T09:47:17.473991
2026-02-18,CAN,arrival,13:30,GYS Guangyuan,CA4378,Air China,text,Duration: 2h 35m,,True,2026-02-17T09:47:17.473996
2026-02-18,CAN,arrival,13:30,CGO Zhengzhou,CZ3196,China Southern,text,Duration: 2h 30m,,True,2026-02-17T09:47:17.474001
2026-02-18,CAN,arrival,13:30,DOH Doha,CZ334,China Southern,text,Duration: 7h 15m,,True,2026-02-17T09:47:17.474006
2026-02-18,CAN,arrival,13:35,FOC Fuzhou,CZ3506,China Southern,text,Duration: 2h 0m,,True,2026-02-17T09:47:17.474015
2026-02-18,CAN,arrival,13:35,KMG Kunming,HU7208,Hainan Airlines,text,Duration: 2h 5m,,True,2026-02-17T09:47:17.474020
2026-02-18,CAN,arrival,13:35,KUL Kuala Lumpur,MH376,Malaysia Airlines,text,Duration: 4h 10m,,True,2026-02-17T09:47:17.474025
2026-02-18,CAN,arrival,13:40,CSX Changsha,CZ3379,China Southern,text,Duration: 1h 30m,,True,2026-02-17T09:47:17.474031
2026-02-18,CAN,arrival,13:40,NTG Nantong,CZ3638,China Southern,text,Duration: 2h 40m,,True,2026-02-17T09:47:17.474037
2026-02-18,CAN,arrival,13:40,HGH Hangzhou,HU7162,Hainan Airlines,text,Duration: 2h 20m,,True,2026-02-17T09:47:17.474043
2026-02-18,CAN,arrival,13:45,NGB Ningbo,CZ3778,China Southern,text,Duration: 2h 25m,,True,2026-02-17T09:47:17.474048
2026-02-18,CAN,arrival,13:45,YIW Yiwu,CZ3303,China Southern,text,Duration: 2h 10m,,True,2026-02-17T09:47:17.474053
2026-02-18,CAN,arrival,13:45,DLU Dali City,OQ2040,Chongqing Airlines,text,Duration: 2h 20m,,True,2026-02-17T09:47:17.474058
2026-02-18,CAN,arrival,13:45,JHG Jinghong,OQ2104,Chongqing Airlines,text,Duration: 2h 20m,,True,2026-02-17T09:47:17.474063
2026-02-18,CAN,arrival,13:45,HRB Harbin,ZH9538,Shenzhen Airlines,text,Duration: 4h 40m,,True,2026-02-17T09:47:17.474070
2026-02-18,CAN,arrival,13:50,KMG Kunming,CZ3410,China Southern,text,Duration: 2h 0m,,True,2026-02-17T09:47:17.474075
2026-02-18,CAN,arrival,13:50,KWE Guiyang,CZ3617,China Southern,text,Duration: 1h 35m,,True,2026-02-17T09:47:17.474080
2026-02-18,CAN,arrival,13:50,HND Tokyo,NH923,ANA,text,Duration: 5h 30m,,True,2026-02-17T09:47:17.474085
2026-02-18,CAN,arrival,13:50,CKG Chongqing,OQ2317,Chongqing Airlines,text,Duration: 2h 5m,,True,2026-02-17T09:47:17.474090
2026-02-18,CAN,arrival,13:55,DPS Denpasar,CZ8482,China Southern,text,Duration: 5h 20m,,True,2026-02-17T09:47:17.474096
2026-02-18,CAN,arrival,13:55,ICN Seoul,CZ340,China Southern,text,Duration: 4h 0m,,True,2026-02-17T09:47:17.474101
2026-02-18,CAN,arrival,13:55,URC Urumqi,CZ6014,China Southern,text,Duration: 5h 10m,,True,2026-02-17T09:47:17.474106
2026-02-18,CAN,arrival,13:55,WUH Wuhan,CZ8725,China Southern,text,Duration: 1h 55m,,True,2026-02-17T09:47:17.474111
2026-02-18,CAN,arrival,13:55,XIY Xian,CZ3202,China Southern,text,Duration: 2h 45m,,True,2026-02-17T09:47:17.474116
2026-02-18,CAN,arrival,13:55,PEK Beijing,HU7805,Hainan Airlines,text,Duration: 3h 25m,,True,2026-02-17T09:47:17.474125
2026-02-18,CAN,arrival,14:00,SUB Surabaya,CZ8138,China Southern,text,Duration: 5h 0m,,True,2026-02-17T09:47:17.474130
2026-02-18,CAN,arrival,14:00,SVO Moscow,CZ656,China Southern,text,Duration: 9h 45m,,True,2026-02-17T09:47:17.474135
2026-02-18,CAN,arrival,14:00,CGO Zhengzhou,HU7270,Hainan Airlines,text,Duration: 2h 45m,,True,2026-02-17T09:47:17.474140
2026-02-18,CAN,arrival,14:05,SHA Shanghai,FM9309,Shanghai Airlines,text,Duration: 2h 35m,,True,2026-02-17T09:47:17.474146
2026-02-18,CAN,arrival,14:05,KMG Kunming,MU5733,China Eastern,text,Duration: 1h 55m,,True,2026-02-17T09:47:17.474151
2026-02-18,CAN,arrival,14:10,HAK Haikou,AQ1024,9 Air,text,Duration: 1h 20m,,True,2026-02-17T09:47:17.474156
2026-02-18,CAN,arrival,14:10,NKG Nanjing,CZ3844,China Southern,text,Duration: 2h 30m,,True,2026-02-17T09:47:17.474161
2026-02-18,CAN,arrival,14:10,PZI Pan Zhi Hua,CZ3934,China Southern,text,Duration: 2h 15m,,True,2026-02-17T09:47:17.474166
2026-02-18,CAN,arrival,14:10,SGN Ho Chi Minh City,VN502,Vietnam Airlines,text,Duration: 2h 55m,,True,2026-02-17T09:47:17.474172
2026-02-18,CAN,arrival,14:15,TSN Tianjin,GS7895,Tianjin Airlines,text,Duration: 3h 10m,,True,2026-02-17T09:47:17.474178
2026-02-18,CAN,arrival,14:15,SJW Shijiazhuang,NS3625,Hebei Airlines,text,Duration: 3h 10m,,True,2026-02-17T09:47:17.474184
2026-02-18,CAN,arrival,14:20,PEK Beijing,CA1315,Air China,text,Duration: 3h 35m,,True,2026-02-17T09:47:17.474189
2026-02-18,CAN,arrival,14:20,LZG Langzhong,CZ8692,China Southern,text,Duration: 2h 25m,,True,2026-02-17T09:47:17.474194
2026-02-18,CAN,arrival,14:20,XNN Xining,CZ6242,China Southern,text,Duration: 3h 5m,,True,2026-02-17T09:47:17.474199
2026-02-18,CAN,arrival,14:25,CXR Nha Trang,CZ8476,China Southern,text,Duration: 2h 45m,,True,2026-02-17T09:47:17.474204
2026-02-18,CAN,arrival,14:25,DOH Doha,QR874,Qatar Airways,text,Duration: 7h 30m,,True,2026-02-17T09:47:17.474210
2026-02-18,CAN,arrival,14:30,HAN Hanoi,CZ3050,China Southern,text,Duration: 1h 45m,,True,2026-02-17T09:47:17.474215
2026-02-18,CAN,arrival,14:30,NNY Nanyang,CZ3222,China Southern,text,Duration: 2h 15m,,True,2026-02-17T09:47:17.474221
2026-02-18,CAN,arrival,14:30,SHA Shanghai,CZ3524,China Southern,text,Duration: 2h 40m,,True,2026-02-17T09:47:17.474226
2026-02-18,CAN,arrival,14:30,CGO Zhengzhou,ZH9474,Shenzhen Airlines,text,Duration: 2h 25m,,True,2026-02-17T09:47:17.474232
2026-02-18,CAN,arrival,14:35,HET Hohhot,CZ3198,China Southern,text,Duration: 3h 40m,,True,2026-02-17T09:47:17.474307
2026-02-18,CAN,arrival,14:35,SHE Shenyang,CZ6367,China Southern,text,Duration: 4h 35m,,True,2026-02-17T09:47:17.474313
2026-02-18,CAN,arrival,14:35,SJW Shijiazhuang,OQ2134,Chongqing Airlines,text,Duration: 3h 5m,,True,2026-02-17T09:47:17.474319
2026-02-18,CAN,arrival,14:35,NKG Nanjing,ZH9864,Shenzhen Airlines,text,Duration: 2h 25m,,True,2026-02-17T09:47:17.474325
2026-02-18,CAN,arrival,14:40,CTU Chengdu,CA4317,Air China,text,Duration: 2h 10m,,True,2026-02-17T09:47:17.474330
2026-02-18,CAN,arrival,14:40,CZX Changzhou,CZ3908,China Southern,text,Duration: 2h 30m,,True,2026-02-17T09:47:17.474336
2026-02-18,CAN,arrival,14:40,DLU Dali City,CZ6596,China Southern,text,Duration: 2h 15m,,True,2026-02-17T09:47:17.474342
2026-02-18,CAN,arrival,14:40,MNL Manila,CZ3092,China Southern,text,Duration: 2h 40m,,True,2026-02-17T09:47:17.474347
2026-02-18,CAN,arrival,14:40,TAO Qingdao,ZH9996,Shenzhen Airlines,text,Duration: 3h 30m,,True,2026-02-17T09:47:17.474352
2026-02-18,CAN,arrival,14:45,URC Urumqi,CA4369,Air China,text,Duration: 5h 35m,,True,2026-02-17T09:47:17.474360
2026-02-18,CAN,arrival,14:45,CTU Chengdu,CZ3402,China Southern,text,Duration: 2h 15m,,True,2026-02-17T09:47:17.474365
2026-02-18,CAN,arrival,14:45,LHW Lanzhou,CZ3206,China Southern,text,Duration: 3h 5m,,True,2026-02-17T09:47:17.474372
2026-02-18,CAN,arrival,14:45,PKX Beijing,CZ3112,China Southern,text,Duration: 3h 15m,,True,2026-02-17T09:47:17.474377
2026-02-18,CAN,arrival,14:45,SYD Sydney,CZ602,China Southern,text,Duration: 9h 35m,,True,2026-02-17T09:47:17.474382
2026-02-18,CAN,arrival,14:50,CGQ Changchun,CZ3605,China Southern,text,Duration: 4h 50m,,True,2026-02-17T09:47:17.474387
2026-02-18,CAN,arrival,14:50,DLC Dalian,CZ6199,China Southern,text,Duration: 3h 55m,,True,2026-02-17T09:47:17.474392
2026-02-18,CAN,arrival,14:50,HGH Hangzhou,CZ3804,China Southern,text,Duration: 2h 15m,,True,2026-02-17T09:47:17.474398
2026-02-18,CAN,arrival,14:50,MEL Melbourne,CZ644,China Southern,text,Duration: 9h 10m,,True,2026-02-17T09:47:17.474416
2026-02-18,CAN,arrival,14:50,TYN Taiyuan,CZ3702,China Southern,text,Duration: 2h 55m,,True,2026-02-17T09:47:17.474425
2026-02-18,CAN,arrival,14:50,YTY Yangzhou,CZ8214,China Southern,text,Duration: 2h 25m,,True,2026-02-17T09:47:17.474432
2026-02-18,CAN,arrival,14:55,KUL Kuala Lumpur,9C6922,Spring Airlines,text,Duration: 4h 55m,,True,2026-02-17T09:47:17.474438
2026-02-18,CAN,arrival,14:55,SYX Sanya,CZ5517,China Southern,text,Duration: 1h 45m,,True,2026-02-17T09:47:17.474443
2026-02-18,CAN,arrival,14:55,PVG Shanghai,HU7432,Hainan Airlines,text,Duration: 2h 50m,,True,2026-02-17T09:47:17.474448
2026-02-18,CAN,arrival,14:55,PEK Beijing,ZH9148,Shenzhen Airlines,text,Duration: 3h 30m,,True,2026-02-17T09:47:17.474453
2026-02-18,CAN,arrival,14:55,PVG Shanghai,ZH9534,Shenzhen Airlines,text,Duration: 2h 45m,,True,2026-02-17T09:47:17.474458
2026-02-18,CAN,arrival,15:00,SHA Shanghai,9C6719,Spring Airlines,text,Duration: 2h 40m,,True,2026-02-17T09:47:17.474463
2026-02-18,CAN,arrival,15:00,SHA Shanghai,CA1837,Air China,text,Duration: 2h 25m,,True,2026-02-17T09:47:17.474468
2026-02-18,CAN,arrival,15:00,YCU Yuncheng,CZ3922,China Southern,text,Duration: 2h 35m,,True,2026-02-17T09:47:17.474475
2026-02-18,CAN,arrival,15:00,ADD Addis Ababa,ET606,Ethiopian,text,Duration: 9h 55m,,True,2026-02-17T09:47:17.474480
2026-02-18,CAN,arrival,15:05,TAO Qingdao,AQ1020,9 Air,text,Duration: 3h 40m,,True,2026-02-17T09:47:17.474487
2026-02-18,CAN,arrival,15:05,TNA Jinan,ZH9972,Shenzhen Airlines,text,Duration: 2h 55m,,True,2026-02-17T09:47:17.474494
2026-02-18,CAN,arrival,15:10,SHA Shanghai,MU5305,China Eastern,text,Duration: 2h 40m,,True,2026-02-17T09:47:17.474499
2026-02-18,CAN,arrival,15:15,CAI Cairo,MS958,EgyptAir,text,Duration: 9h 5m,,True,2026-02-17T09:47:17.474504
2026-02-18,CAN,arrival,15:15,URC Urumqi,UQ2591,Urumqi Airlines,text,Duration: 5h 5m,,True,2026-02-17T09:47:17.474509
2026-02-18,CAN,arrival,15:15,XIY Xian,ZH9222,Shenzhen Airlines,text,Duration: 2h 45m,,True,2026-02-17T09:47:17.474514
2026-02-18,CAN,arrival,15:20,CKG Chongqing,3U8747,Sichuan Airlines,text,Duration: 1h 55m,,True,2026-02-17T09:47:17.474520
2026-02-18,CAN,arrival,15:20,CTU Chengdu,3U8733,Sichuan Airlines,text,Duration: 2h 20m,,True,2026-02-17T09:47:17.474525
2026-02-18,CAN,arrival,15:20,CKG Chongqing,CZ3406,China Southern,text,Duration: 2h 10m,,True,2026-02-17T09:47:17.474530
2026-02-18,CAN,arrival,15:20,KMG Kunming,CZ3494,China Southern,text,Duration: 2h 15m,,True,2026-02-17T09:47:17.474535
2026-02-18,CAN,arrival,15:20,LFQ Qiaoli,CZ5648,China Southern,text,Duration: 2h 40m,,True,2026-02-17T09:47:17.474542
2026-02-18,CAN,arrival,15:20,TCZ Tengchong,CZ6664,China Southern,text,Duration: 2h 20m,,True,2026-02-17T09:47:17.474547
2026-02-18,CAN,arrival,15:25,PEK Beijing,CA1339,Air China,text,Duration: 3h 25m,,True,2026-02-17T09:47:17.474552
2026-02-18,CAN,arrival,15:25,BKK Bangkok,CZ358,China Southern,text,Duration: 3h 0m,,True,2026-02-17T09:47:17.474557
2026-02-18,CAN,arrival,15:25,HAK Haikou,CZ6777,China Southern,text,Duration: 1h 25m,,True,2026-02-17T09:47:17.474564
2026-02-18,CAN,arrival,15:25,HGH Hangzhou,MF8381,XiamenAir,text,Duration: 2h 30m,,True,2026-02-17T09:47:17.474569
2026-02-18,CAN,arrival,15:25,JED Jeddah,SV882,Saudia,text,Duration: 8h 35m,,True,2026-02-17T09:47:17.474574
2026-02-18,CAN,arrival,15:25,HAN Hanoi,VN506,Vietnam Airlines,text,Duration: 1h 40m,,True,2026-02-17T09:47:17.474579
2026-02-18,CAN,arrival,15:30,YBP Yibin,3U3054,Sichuan Airlines,text,Duration: 2h 20m,,True,2026-02-17T09:47:17.474584
2026-02-18,CAN,arrival,15:30,CGK Jakarta,CZ388,China Southern,text,Duration: 5h 25m,,True,2026-02-17T09:47:17.474590
2026-02-18,CAN,arrival,15:30,HND Tokyo,CZ3086,China Southern,text,Duration: 5h 45m,,True,2026-02-17T09:47:17.474597
2026-02-18,CAN,arrival,15:30,WNZ Wenzhou,CZ3764,China Southern,text,Duration: 2h 15m,,True,2026-02-17T09:47:17.474670
2026-02-18,CAN,arrival,15:30,CTU Chengdu,MU6852,China Eastern,text,Duration: 2h 5m,,True,2026-02-17T09:47:17.474678
2026-02-18,CAN,arrival,15:35,CKG Chongqing,HU6142,Hainan Airlines,text,Duration: 2h 5m,,True,2026-02-17T09:47:17.474684
2026-02-18,CAN,arrival,15:35,HGH Hangzhou,MU5215,China Eastern,text,Duration: 2h 40m,,True,2026-02-17T09:47:17.474689
2026-02-18,CAN,arrival,15:35,KMG Kunming,MU5739,China Eastern,text,Duration: 2h 5m,,True,2026-02-17T09:47:17.474694
2026-02-18,CAN,arrival,15:40,HRB Harbin,CZ6261,China Southern,text,Duration: 5h 10m,,True,2026-02-17T09:47:17.474700
2026-02-18,CAN,arrival,15:40,XUZ Xuzhou,CZ5472,China Southern,text,Duration: 2h 30m,,True,2026-02-17T09:47:17.474705
2026-02-18,CAN,arrival,15:40,HYN Taizhou,MU2476,China Eastern,text,Duration: 2h 10m,,True,2026-02-17T09:47:17.474710
2026-02-18,CAN,arrival,15:45,PKX Beijing,CZ3102,China Southern,text,Duration: 3h 15m,,True,2026-02-17T09:47:17.474715
2026-02-18,CAN,arrival,15:45,TNA Jinan,MU5259,China Eastern,text,Duration: 2h 40m,,True,2026-02-17T09:47:17.474725
2026-02-18,CAN,arrival,15:45,TSN Tianjin,OQ2124,Chongqing Airlines,text,Duration: 3h 25m,,True,2026-02-17T09:47:17.474730
2026-02-18,CAN,arrival,15:45,YNT Yantai,ZH9676,Shenzhen Airlines,text,Duration: 3h 45m,,True,2026-02-17T09:47:17.474735
2026-02-18,CAN,arrival,15:50,HFE Hefei,CZ3398,China Southern,text,Duration: 2h 25m,,True,2026-02-17T09:47:17.474741
2026-02-18,CAN,arrival,15:50,TAO Qingdao,CZ3520,China Southern,text,Duration: 3h 25m,,True,2026-02-17T09:47:17.474746
2026-02-18,CAN,arrival,15:50,WUH Wuhan,CZ3345,China Southern,text,Duration: 1h 50m,,True,2026-02-17T09:47:17.474751
2026-02-18,CAN,arrival,15:50,XIY Xian,CZ3238,China Southern,text,Duration: 2h 50m,,True,2026-02-17T09:47:17.474756
2026-02-18,CAN,arrival,15:50,NGB Ningbo,OQ2028,Chongqing Airlines,text,Duration: 2h 25m,,True,2026-02-17T09:47:17.474761
2026-02-18,CAN,arrival,15:55,CKG Chongqing,CA4349,Air China,text,Duration: 2h 10m,,True,2026-02-17T09:47:17.474766
2026-02-18,CAN,arrival,15:55,SGN Ho Chi Minh City,CZ8160,China Southern,text,Duration: 3h 0m,,True,2026-02-17T09:47:17.474772
2026-02-18,CAN,arrival,15:55,TNA Jinan,CZ3510,China Southern,text,Duration: 2h 50m,,True,2026-02-17T09:47:17.474778
2026-02-18,CAN,arrival,15:55,URC Urumqi,CZ6895,China Southern,text,Duration: 5h 10m,,True,2026-02-17T09:47:17.474784
2026-02-18,CAN,arrival,15:55,PVG Shanghai,MU5329,China Eastern,text,Duration: 2h 25m,,True,2026-02-17T09:47:17.474789
2026-02-18,CAN,arrival,16:00,HGH Hangzhou,CZ3864,China Southern,text,Duration: 2h 25m,,True,2026-02-17T09:47:17.474794
2026-02-18,CAN,arrival,16:00,PEK Beijing,HU7807,Hainan Airlines,text,Duration: 3h 30m,,True,2026-02-17T09:47:17.474799
2026-02-18,CAN,arrival,16:05,TFU Chengdu,3U6703,Sichuan Airlines,text,Duration: 2h 5m,,True,2026-02-17T09:47:17.474806
2026-02-18,CAN,arrival,16:05,NKG Nanjing,CZ3600,China Southern,text,Duration: 2h 30m,,True,2026-02-17T09:47:17.474811
2026-02-18,CAN,arrival,16:05,SHE Shenyang,CZ6347,China Southern,text,Duration: 4h 35m,,True,2026-02-17T09:47:17.474816
2026-02-18,CAN,arrival,16:10,AMS Amsterdam,CZ308,China Southern,text,Duration: 11h 30m,,True,2026-02-17T09:47:17.474821
2026-02-18,CAN,arrival,16:10,TFU Chengdu,HU7152,Hainan Airlines,text,Duration: 2h 10m,,True,2026-02-17T09:47:17.474826
2026-02-18,CAN,arrival,16:15,CTU Chengdu,CZ3438,China Southern,text,Duration: 2h 45m,,True,2026-02-17T09:47:17.474833
2026-02-18,CAN,arrival,16:15,WDS Shiyan,CZ3336,China Southern,text,Duration: 2h 25m,,True,2026-02-17T09:47:17.474838
2026-02-18,CAN,arrival,16:15,WNH Wenshan,CZ6488,China Southern,text,Duration: 1h 40m,,True,2026-02-17T09:47:17.474843
2026-02-18,CAN,arrival,16:15,XMN Xiamen,CZ3742,China Southern,text,Duration: 1h 45m,,True,2026-02-17T09:47:17.474850
2026-02-18,CAN,arrival,16:15,WUX Wuxi,MU2917,China Eastern,text,Duration: 2h 45m,,True,2026-02-17T09:47:17.474855
2026-02-18,CAN,arrival,16:20,CTU Chengdu,CA4301,Air China,text,Duration: 2h 20m,,True,2026-02-17T09:47:17.474860
2026-02-18,CAN,arrival,16:20,BKK Bangkok,CZ8080,China Southern,text,Duration: 2h 55m,,True,2026-02-17T09:47:17.474866
2026-02-18,CAN,arrival,16:20,RIZ Rizhao,CZ8775,China Southern,text,Duration: 3h 5m,,True,2026-02-17T09:47:17.474871
2026-02-18,CAN,arrival,16:20,SYX Sanya,CZ6743,China Southern,text,Duration: 1h 35m,,True,2026-02-17T09:47:17.474877
2026-02-18,CAN,arrival,16:20,XFN Xiangyang,GJ8382,Loong Air,text,Duration: 2h 5m,,True,2026-02-17T09:47:17.474882
2026-02-18,CAN,arrival,16:25,PEK Beijing,CA1391,Air China,text,Duration: 3h 25m,,True,2026-02-17T09:47:17.474889
2026-02-18,CAN,arrival,16:25,AKL Auckland,CZ336,China Southern,text,Duration: 11h 25m,,True,2026-02-17T09:47:17.474895
2026-02-18,CAN,arrival,16:25,SHA Shanghai,CZ8526,China Southern,text,Duration: 2h 35m,,True,2026-02-17T09:47:17.474901
2026-02-18,CAN,arrival,16:30,DLC Dalian,CZ6467,China Southern,text,Duration: 3h 50m,,True,2026-02-17T09:47:17.474906
2026-02-18,CAN,arrival,16:30,WUX Wuxi,CZ3918,China Southern,text,Duration: 2h 40m,,True,2026-02-17T09:47:17.474911
2026-02-18,CAN,arrival,16:30,TNA Jinan,ZH9974,Shenzhen Airlines,text,Duration: 2h 55m,,True,2026-02-17T09:47:17.474916
2026-02-18,CAN,arrival,16:35,IST Istanbul,TK72,Turkish Airlines,text,Duration: 9h 50m,,True,2026-02-17T09:47:17.474921
2026-02-18,CAN,arrival,16:35,HAN Hanoi,ZH122,Shenzhen Airlines,text,Duration: 1h 50m,,True,2026-02-17T09:47:17.474926
2026-02-18,CAN,arrival,16:40,HET Hohhot,CA1381,Air China,text,Duration: 3h 20m,,True,2026-02-17T09:47:17.474931
2026-02-18,CAN,arrival,16:40,MAD Madrid,CZ378,China Southern,text,Duration: 13h 10m,,True,2026-02-17T09:47:17.474936
2026-02-18,CAN,arrival,16:45,TYN Taiyuan,CZ3714,China Southern,text,Duration: 2h 55m,,True,2026-02-17T09:47:17.474943
2026-02-18,CAN,arrival,16:45,XIY Xian,MU2307,China Eastern,text,Duration: 2h 40m,,True,2026-02-17T09:47:17.475035
2026-02-18,CAN,arrival,16:50,CGO Zhengzhou,CZ6625,China Southern,text,Duration: 2h 30m,,True,2026-02-17T09:47:17.475046
2026-02-18,CAN,arrival,16:50,HRB Harbin,CZ5302,China Southern,text,Duration: 4h 50m,,True,2026-02-17T09:47:17.475054
2026-02-18,CAN,arrival,16:50,JNG Jining,CZ3954,China Southern,text,Duration: 2h 50m,,True,2026-02-17T09:47:17.475060
2026-02-18,CAN,arrival,16:50,HGH Hangzhou,MU5217,China Eastern,text,Duration: 2h 20m,,True,2026-02-17T09:47:17.475067
2026-02-18,CAN,arrival,16:50,TAO Qingdao,MU5257,China Eastern,text,Duration: 3h 25m,,True,2026-02-17T09:47:17.475073
2026-02-18,CAN,arrival,16:55,SHA Shanghai,9C8855,Spring Airlines,text,Duration: 2h 35m,,True,2026-02-17T09:47:17.475085
2026-02-18,CAN,arrival,16:55,TFU Chengdu,CA4333,Air China,text,Duration: 2h 10m,,True,2026-02-17T09:47:17.475093
2026-02-18,CAN,arrival,16:55,JHG Jinghong,CZ5900,China Southern,text,Duration: 2h 5m,,True,2026-02-17T09:47:17.475100
2026-02-18,CAN,arrival,16:55,HGH Hangzhou,HU7262,Hainan Airlines,text,Duration: 2h 30m,,True,2026-02-17T09:47:17.475109
2026-02-18,CAN,arrival,16:55,FOC Fuzhou,MF8325,XiamenAir,text,Duration: 1h 45m,,True,2026-02-17T09:47:17.475115
2026-02-18,CAN,arrival,16:55,KMG Kunming,MU5737,China Eastern,text,Duration: 1h 55m,,True,2026-02-17T09:47:17.475121
2026-02-18,CAN,arrival,17:00,PKX Beijing,CZ3106,China Southern,text,Duration: 3h 30m,,True,2026-02-17T09:47:17.475128
2026-02-18,CAN,arrival,17:00,LHW Lanzhou,MU2219,China Eastern,text,Duration: 3h 10m,,True,2026-02-17T09:47:17.475134
2026-02-18,CAN,arrival,17:00,NKG Nanjing,MU2807,China Eastern,text,Duration: 2h 20m,,True,2026-02-17T09:47:17.475140
2026-02-18,CAN,arrival,17:05,KMG Kunming,CZ3416,China Southern,text,Duration: 2h 5m,,True,2026-02-17T09:47:17.475146
2026-02-18,CAN,arrival,17:05,NBS Baishan,CZ5944,China Southern,text,Duration: 4h 50m,,True,2026-02-17T09:47:17.475153
2026-02-18,CAN,arrival,17:05,SWA Jieyang,CZ3893,China Southern,text,Duration: 1h 15m,,True,2026-02-17T09:47:17.475159
2026-02-18,CAN,arrival,17:05,WNZ Wenzhou,CZ3536,China Southern,text,Duration: 2h 5m,,True,2026-02-17T09:47:17.475165
2026-02-18,CAN,arrival,17:05,SHA Shanghai,MU5307,China Eastern,text,Duration: 2h 35m,,True,2026-02-17T09:47:17.475174
2026-02-18,CAN,arrival,17:10,XMN Xiamen,MF8305,XiamenAir,text,Duration: 1h 40m,,True,2026-02-17T09:47:17.475180
2026-02-18,CAN,arrival,17:10,CKG Chongqing,OQ2339,Chongqing Airlines,text,Duration: 2h 5m,,True,2026-02-17T09:47:17.475187
2026-02-18,CAN,arrival,17:10,INC Yinchuan,ZH8942,Shenzhen Airlines,text,Duration: 3h 10m,,True,2026-02-17T09:47:17.475195
2026-02-18,CAN,arrival,17:15,NGB Ningbo,CZ3518,China Southern,text,Duration: 2h 35m,,True,2026-02-17T09:47:17.475201
2026-02-18,CAN,arrival,17:20,BNE Brisbane,CZ382,China Southern,text,Duration: 9h 5m,,True,2026-02-17T09:47:17.475208
2026-02-18,CAN,arrival,17:25,PEK Beijing,CA1327,Air China,text,Duration: 3h 25m,,True,2026-02-17T09:47:17.475214
2026-02-18,CAN,arrival,17:25,HAK Haikou,CZ6791,China Southern,text,Duration: 1h 25m,,True,2026-02-17T09:47:17.475220
2026-02-18,CAN,arrival,17:25,SHA Shanghai,CZ3538,China Southern,text,Duration: 2h 35m,,True,2026-02-17T09:47:17.475227
2026-02-18,CAN,arrival,17:30,WSK Wushan,CZ3962,China Southern,text,Duration: 2h 0m,,True,2026-02-17T09:47:17.475233
2026-02-18,CAN,arrival,17:30,SHA Shanghai,HO1869,Juneyao Airlines,text,Duration: 2h 40m,,True,2026-02-17T09:47:17.475241
2026-02-18,CAN,arrival,17:30,SHE Shenyang,OQ2128,Chongqing Airlines,text,Duration: 4h 30m,,True,2026-02-17T09:47:17.475248
2026-02-18,CAN,arrival,17:45,PKX Beijing,CZ3162,China Southern,text,Duration: 3h 15m,,True,2026-02-17T09:47:17.475254
2026-02-18,CAN,arrival,17:45,TPE Taipei,CZ3098,China Southern,text,Duration: 2h 15m,,True,2026-02-17T09:47:17.475264
2026-02-18,CAN,arrival,17:45,WUH Wuhan,MU6734,China Eastern,text,Duration: 1h 45m,,True,2026-02-17T09:47:17.475270
2026-02-18,CAN,arrival,17:45,HRB Harbin,ZH9672,Shenzhen Airlines,text,Duration: 4h 25m,,True,2026-02-17T09:47:17.475276
2026-02-18,CAN,arrival,17:50,SQD Shangrao,AQ1718,9 Air,text,Duration: 1h 45m,,True,2026-02-17T09:47:17.475283
2026-02-18,CAN,arrival,17:50,HRB Harbin,CZ3616,China Southern,text,Duration: 4h 35m,,True,2026-02-17T09:47:17.475289
2026-02-18,CAN,arrival,17:50,SIN Singapore,CZ354,China Southern,text,Duration: 4h 10m,,True,2026-02-17T09:47:17.475295
2026-02-18,CAN,arrival,17:50,URC Urumqi,CZ6883,China Southern,text,Duration: 5h 5m,,True,2026-02-17T09:47:17.475303
2026-02-18,CAN,arrival,17:50,DOY Dongying,HU7260,Hainan Airlines,text,Duration: 3h 15m,,True,2026-02-17T09:47:17.475314
2026-02-18,CAN,arrival,17:55,HGH Hangzhou,CA1795,Air China,text,Duration: 2h 30m,,True,2026-02-17T09:47:17.475321
2026-02-18,CAN,arrival,17:55,BKK Bangkok,CZ8100,China Southern,text,Duration: 3h 0m,,True,2026-02-17T09:47:17.475327
2026-02-18,CAN,arrival,17:55,WUH Wuhan,CZ8671,China Southern,text,Duration: 1h 55m,,True,2026-02-17T09:47:17.475334
2026-02-18,CAN,arrival,17:55,XIY Xian,CZ3232,China Southern,text,Duration: 2h 55m,,True,2026-02-17T09:47:17.475340
2026-02-18,CAN,arrival,17:55,SHA Shanghai,FM9313,Shanghai Airlines,text,Duration: 2h 25m,,True,2026-02-17T09:47:17.475346
2026-02-18,CAN,arrival,18:00,CZX Changzhou,CZ3900,China Southern,text,Duration: 2h 30m,,True,2026-02-17T09:47:17.475352
2026-02-18,CAN,arrival,18:00,LHR London,CZ304,China Southern,text,Duration: 12h 0m,,True,2026-02-17T09:47:17.475359
2026-02-18,CAN,arrival,18:00,MEL Melbourne,CZ322,China Southern,text,Duration: 9h 35m,,True,2026-02-17T09:47:17.475365
2026-02-18,CAN,arrival,18:00,SYD Sydney,CZ326,China Southern,text,Duration: 9h 35m,,True,2026-02-17T09:47:17.475371
2026-02-18,CAN,arrival,18:05,CTU Chengdu,CZ3444,China Southern,text,Duration: 2h 35m,,True,2026-02-17T09:47:17.475379
2026-02-18,CAN,arrival,18:05,HGH Hangzhou,CZ3870,China Southern,text,Duration: 2h 30m,,True,2026-02-17T09:47:17.475489
2026-02-18,CAN,arrival,18:05,ICN Seoul,CZ338,China Southern,text,Duration: 4h 15m,,True,2026-02-17T09:47:17.475498
2026-02-18,CAN,arrival,18:10,DAC Dhaka,CZ5016,China Southern,text,Duration: 3h 20m,,True,2026-02-17T09:47:17.475503
2026-02-18,CAN,arrival,18:10,HFE Hefei,CZ3874,China Southern,text,Duration: 2h 20m,,True,2026-02-17T09:47:17.475508
2026-02-18,CAN,arrival,18:15,TFU Chengdu,AQ1116,9 Air,text,Duration: 2h 15m,,True,2026-02-17T09:47:17.475517
2026-02-18,CAN,arrival,18:15,KMG Kunming,CZ3448,China Southern,text,Duration: 2h 10m,,True,2026-02-17T09:47:17.475522
2026-02-18,CAN,arrival,18:15,KUL Kuala Lumpur,CZ350,China Southern,text,Duration: 4h 15m,,True,2026-02-17T09:47:17.475528
2026-02-18,CAN,arrival,18:15,TSN Tianjin,CZ3302,China Southern,text,Duration: 3h 20m,,True,2026-02-17T09:47:17.475533
2026-02-18,CAN,arrival,18:15,XMN Xiamen,CZ3880,China Southern,text,Duration: 1h 45m,,True,2026-02-17T09:47:17.475538
2026-02-18,CAN,arrival,18:20,CTU Chengdu,3U8735,Sichuan Airlines,text,Duration: 2h 20m,,True,2026-02-17T09:47:17.475545
2026-02-18,CAN,arrival,18:20,WUX Wuxi,AQ1056,9 Air,text,Duration: 2h 40m,,True,2026-02-17T09:47:17.475550
2026-02-18,CAN,arrival,18:20,PEK Beijing,CA1301,Air China,text,Duration: 3h 20m,,True,2026-02-17T09:47:17.475556
2026-02-18,CAN,arrival,18:20,JNH Jiaxing,CZ3386,China Southern,text,Duration: 2h 20m,,True,2026-02-17T09:47:17.475561
2026-02-18,CAN,arrival,18:20,SYX Sanya,CZ5492,China Southern,text,Duration: 1h 20m,,True,2026-02-17T09:47:17.475566
2026-02-18,CAN,arrival,18:20,PKX Beijing,MU6311,China Eastern,text,Duration: 3h 25m,,True,2026-02-17T09:47:17.475571
2026-02-18,CAN,arrival,18:25,HAN Hanoi,CZ8316,China Southern,text,Duration: 1h 40m,,True,2026-02-17T09:47:17.475576
2026-02-18,CAN,arrival,18:25,SHA Shanghai,CZ3540,China Southern,text,Duration: 2h 35m,,True,2026-02-17T09:47:17.475581
2026-02-18,CAN,arrival,18:25,YNT Yantai,CZ8778,China Southern,text,Duration: 3h 40m,,True,2026-02-17T09:47:17.475586
2026-02-18,CAN,arrival,18:25,XIY Xian,HU7857,Hainan Airlines,text,Duration: 2h 55m,,True,2026-02-17T09:47:17.475591
2026-02-18,CAN,arrival,18:30,DZH Dazhou,CA4355,Air China,text,Duration: 2h 15m,,True,2026-02-17T09:47:17.475598
2026-02-18,CAN,arrival,18:30,CGO Zhengzhou,CZ5746,China Southern,text,Duration: 2h 30m,,True,2026-02-17T09:47:17.475605
2026-02-18,CAN,arrival,18:30,DLC Dalian,CZ3607,China Southern,text,Duration: 3h 55m,,True,2026-02-17T09:47:17.475611
2026-02-18,CAN,arrival,18:30,NKG Nanjing,CZ3822,China Southern,text,Duration: 2h 30m,,True,2026-02-17T09:47:17.475616
2026-02-18,CAN,arrival,18:35,TSN Tianjin,CA2803,Air China,text,Duration: 3h 20m,,True,2026-02-17T09:47:17.475622
2026-02-18,CAN,arrival,18:40,TAO Qingdao,CZ3800,China Southern,text,Duration: 3h 35m,,True,2026-02-17T09:47:17.475627
2026-02-18,CAN,arrival,18:40,LHW Lanzhou,MU2305,China Eastern,text,Duration: 3h 5m,,True,2026-02-17T09:47:17.475632
2026-02-18,CAN,arrival,18:40,TNA Jinan,SC1171,Shandong Airlines,text,Duration: 2h 50m,,True,2026-02-17T09:47:17.475637
2026-02-18,CAN,arrival,18:45,BKK Bangkok,CZ5096,China Southern,text,Duration: 3h 0m,,True,2026-02-17T09:47:17.475642
2026-02-18,CAN,arrival,18:45,HAK Haikou,HU7007,Hainan Airlines,text,Duration: 1h 15m,,True,2026-02-17T09:47:17.475647
2026-02-18,CAN,arrival,18:50,AAT Altay,CZ5834,China Southern,text,Duration: 5h 15m,,True,2026-02-17T09:47:17.475654
2026-02-18,CAN,arrival,18:50,CNX Chiang Mai,CZ8328,China Southern,text,Duration: 2h 30m,,True,2026-02-17T09:47:17.475659
2026-02-18,CAN,arrival,18:50,KTM Kathmandu,CZ6068,China Southern,text,Duration: 4h 5m,,True,2026-02-17T09:47:17.475665
2026-02-18,CAN,arrival,18:50,YIW Yiwu,CZ3885,China Southern,text,Duration: 2h 15m,,True,2026-02-17T09:47:17.475670
2026-02-18,CAN,arrival,18:50,LJG Lijiang,JD5132,Capital Airlines,text,Duration: 2h 10m,,True,2026-02-17T09:47:17.475676
2026-02-18,CAN,arrival,18:50,PKX Beijing,KN5321,China United Airlines,text,Duration: 3h 20m,,True,2026-02-17T09:47:17.475681
2026-02-18,CAN,arrival,18:55,CTU Chengdu,CA4303,Air China,text,Duration: 2h 25m,,True,2026-02-17T09:47:17.475686
2026-02-18,CAN,arrival,18:55,INC Yinchuan,CZ3270,China Southern,text,Duration: 3h 15m,,True,2026-02-17T09:47:17.475693
2026-02-18,CAN,arrival,18:55,SJW Shijiazhuang,CZ3132,China Southern,text,Duration: 3h 10m,,True,2026-02-17T09:47:17.475698
2026-02-18,CAN,arrival,18:55,WNZ Wenzhou,CZ3676,China Southern,text,Duration: 2h 10m,,True,2026-02-17T09:47:17.475704
2026-02-18,CAN,arrival,18:55,SHA Shanghai,FM9315,Shanghai Airlines,text,Duration: 2h 15m,,True,2026-02-17T09:47:17.475710
2026-02-18,CAN,arrival,18:55,CKG Chongqing,HU7242,Hainan Airlines,text,Duration: 2h 0m,,True,2026-02-17T09:47:17.475716
2026-02-18,CAN,arrival,18:55,PEK Beijing,HU7809,Hainan Airlines,text,Duration: 3h 25m,,True,2026-02-17T09:47:17.475721
2026-02-18,CAN,arrival,18:55,XIY Xian,ZH9224,Shenzhen Airlines,text,Duration: 2h 25m,,True,2026-02-17T09:47:17.475726
2026-02-18,CAN,arrival,19:00,HGH Hangzhou,CZ3802,China Southern,text,Duration: 2h 25m,,True,2026-02-17T09:47:17.475731
2026-02-18,CAN,arrival,19:00,PKX Beijing,CZ3104,China Southern,text,Duration: 3h 30m,,True,2026-02-17T09:47:17.475736
2026-02-18,CAN,arrival,19:00,XIY Xian,CZ3212,China Southern,text,Duration: 3h 0m,,True,2026-02-17T09:47:17.475741
2026-02-18,CAN,arrival,19:00,SHA Shanghai,HO1867,Juneyao Airlines,text,Duration: 2h 30m,,True,2026-02-17T09:47:17.475746
2026-02-18,CAN,arrival,19:00,PVG Shanghai,MU5311,China Eastern,text,Duration: 2h 45m,,True,2026-02-17T09:47:17.475751
2026-02-18,CAN,arrival,19:05,CGQ Changchun,CZ6851,China Southern,text,Duration: 4h 50m,,True,2026-02-17T09:47:17.475756
2026-02-18,CAN,arrival,19:05,LUM Mangshi,MU5793,China Eastern,text,Duration: 2h 40m,,True,2026-02-17T09:47:17.475763
2026-02-18,CAN,arrival,19:10,KUL Kuala Lumpur,CZ3048,China Southern,text,Duration: 4h 25m,,True,2026-02-17T09:47:17.475863
2026-02-18,CAN,arrival,19:10,NRT Tokyo,CZ8102,China Southern,text,Duration: 5h 35m,,True,2026-02-17T09:47:17.475873
2026-02-18,CAN,arrival,19:10,SWA Jieyang,CZ3891,China Southern,text,Duration: 1h 15m,,True,2026-02-17T09:47:17.475879
2026-02-18,CAN,arrival,19:10,PKX Beijing,JD5921,Capital Airlines,text,Duration: 3h 25m,,True,2026-02-17T09:47:17.475884
2026-02-18,CAN,arrival,19:10,NGB Ningbo,MU5237,China Eastern,text,Duration: 2h 20m,,True,2026-02-17T09:47:17.475889
2026-02-18,CAN,arrival,19:15,CKG Chongqing,CZ3426,China Southern,text,Duration: 2h 0m,,True,2026-02-17T09:47:17.475894
2026-02-18,CAN,arrival,19:15,HQQ An Yang,CZ8250,China Southern,text,Duration: 2h 50m,,True,2026-02-17T09:47:17.475899
2026-02-18,CAN,arrival,19:15,YTY Yangzhou,CZ3942,China Southern,text,Duration: 2h 30m,,True,2026-02-17T09:47:17.475905
2026-02-18,CAN,arrival,19:15,HIA Huai'an,MU2869,China Eastern,text,Duration: 2h 55m,,True,2026-02-17T09:47:17.475910
2026-02-18,CAN,arrival,19:20,FOC Fuzhou,CZ3878,China Southern,text,Duration: 2h 0m,,True,2026-02-17T09:47:17.475917
2026-02-18,CAN,arrival,19:20,HND Tokyo,CZ386,China Southern,text,Duration: 5h 15m,,True,2026-02-17T09:47:17.475922
2026-02-18,CAN,arrival,19:20,PVG Shanghai,HU7232,Hainan Airlines,text,Duration: 2h 50m,,True,2026-02-17T09:47:17.475927
2026-02-18,CAN,arrival,19:20,HGH Hangzhou,MU6992,China Eastern,text,Duration: 2h 30m,,True,2026-02-17T09:47:17.475932
2026-02-18,CAN,arrival,19:25,HGH Hangzhou,CA1797,Air China,text,Duration: 2h 40m,,True,2026-02-17T09:47:17.475937
2026-02-18,CAN,arrival,19:25,PEK Beijing,CA1365,Air China,text,Duration: 3h 25m,,True,2026-02-17T09:47:17.475942
2026-02-18,CAN,arrival,19:25,KMG Kunming,MU7637,China Eastern,text,Duration: 2h 0m,,True,2026-02-17T09:47:17.475947
2026-02-18,CAN,arrival,19:25,TAO Qingdao,SC4675,Shandong Airlines,text,Duration: 3h 25m,,True,2026-02-17T09:47:17.475952
2026-02-18,CAN,arrival,19:25,WUX Wuxi,ZH9828,Shenzhen Airlines,text,Duration: 2h 35m,,True,2026-02-17T09:47:17.475957
2026-02-18,CAN,arrival,19:30,ICN Seoul,CZ3062,China Southern,text,Duration: 4h 15m,,True,2026-02-17T09:47:17.475964
2026-02-18,CAN,arrival,19:30,NNG Nanning,CZ3295,China Southern,text,Duration: 1h 10m,,True,2026-02-17T09:47:17.475971
2026-02-18,CAN,arrival,19:30,SHA Shanghai,CZ3526,China Southern,text,Duration: 2h 40m,,True,2026-02-17T09:47:17.475976
2026-02-18,CAN,arrival,19:30,URC Urumqi,CZ6885,China Southern,text,Duration: 5h 5m,,True,2026-02-17T09:47:17.475981
2026-02-18,CAN,arrival,19:30,WUH Wuhan,CZ8721,China Southern,text,Duration: 2h 0m,,True,2026-02-17T09:47:17.475986
2026-02-18,CAN,arrival,19:35,CKG Chongqing,AQ1102,9 Air,text,Duration: 2h 5m,,True,2026-02-17T09:47:17.475991
2026-02-18,CAN,arrival,19:35,CGK Jakarta,CZ3038,China Southern,text,Duration: 5h 20m,,True,2026-02-17T09:47:17.475996
2026-02-18,CAN,arrival,19:35,CGO Zhengzhou,CZ5764,China Southern,text,Duration: 2h 40m,,True,2026-02-17T09:47:17.476001
2026-02-18,CAN,arrival,19:35,XIY Xian,MU6261,China Eastern,text,Duration: 2h 25m,,True,2026-02-17T09:47:17.476007
2026-02-18,CAN,arrival,19:40,CKG Chongqing,CA4341,Air China,text,Duration: 2h 0m,,True,2026-02-17T09:47:17.476012
2026-02-18,CAN,arrival,19:40,BKK Bangkok,CZ3082,China Southern,text,Duration: 2h 55m,,True,2026-02-17T09:47:17.476017
2026-02-18,CAN,arrival,19:40,KWE Guiyang,CZ6419,China Southern,text,Duration: 1h 40m,,True,2026-02-17T09:47:17.476024
2026-02-18,CAN,arrival,19:40,VTE Vientiane,CZ6092,China Southern,text,Duration: 2h 15m,,True,2026-02-17T09:47:17.476029
2026-02-18,CAN,arrival,19:45,KIX Osaka,CZ8108,China Southern,text,Duration: 4h 45m,,True,2026-02-17T09:47:17.476034
2026-02-18,CAN,arrival,19:45,HAK Haikou,HU7009,Hainan Airlines,text,Duration: 1h 15m,,True,2026-02-17T09:47:17.476039
2026-02-18,CAN,arrival,19:45,WEH Weihai,MU6896,China Eastern,text,Duration: 3h 30m,,True,2026-02-17T09:47:17.476044
2026-02-18,CAN,arrival,19:45,LYI Linyi,ZH9482,Shenzhen Airlines,text,Duration: 2h 45m,,True,2026-02-17T09:47:17.476053
2026-02-18,CAN,arrival,19:50,KMG Kunming,3U8205,Sichuan Airlines,text,Duration: 2h 10m,,True,2026-02-17T09:47:17.476058
2026-02-18,CAN,arrival,19:50,TYN Taiyuan,CZ6528,China Southern,text,Duration: 3h 0m,,True,2026-02-17T09:47:17.476063
2026-02-18,CAN,arrival,19:50,YIW Yiwu,CZ3636,China Southern,text,Duration: 2h 10m,,True,2026-02-17T09:47:17.476068
2026-02-18,CAN,arrival,19:50,PKX Beijing,MU6309,China Eastern,text,Duration: 3h 5m,,True,2026-02-17T09:47:17.476073
2026-02-18,CAN,arrival,19:50,LHW Lanzhou,ZH9472,Shenzhen Airlines,text,Duration: 2h 40m,,True,2026-02-17T09:47:17.476079
2026-02-18,CAN,arrival,19:55,CSX Changsha,CZ5591,China Southern,text,Duration: 1h 45m,,True,2026-02-17T09:47:17.476085
2026-02-18,CAN,arrival,19:55,CTU Chengdu,CZ3472,China Southern,text,Duration: 2h 25m,,True,2026-02-17T09:47:17.476090
2026-02-18,CAN,arrival,19:55,KTI Phnom Penh,CZ6060,China Southern,text,Duration: 2h 45m,,True,2026-02-17T09:47:17.476095
2026-02-18,CAN,arrival,19:55,PEK Beijing,HU7811,Hainan Airlines,text,Duration: 3h 25m,,True,2026-02-17T09:47:17.476101
2026-02-18,CAN,arrival,19:55,HAK Haikou,ZH8992,Shenzhen Airlines,text,Duration: 1h 15m,,True,2026-02-17T09:47:17.476106
2026-02-18,CAN,arrival,20:00,PVG Shanghai,CA1865,Air China,text,Duration: 3h 0m,,True,2026-02-17T09:47:17.476111
2026-02-18,CAN,arrival,20:00,PKX Beijing,CZ3180,China Southern,text,Duration: 3h 30m,,True,2026-02-17T09:47:17.476117
2026-02-18,CAN,arrival,20:00,HGH Hangzhou,MF8311,XiamenAir,text,Duration: 2h 30m,,True,2026-02-17T09:47:17.476122
2026-02-18,CAN,arrival,20:00,PKX Beijing,MF8339,XiamenAir,text,Duration: 3h 35m,,True,2026-02-17T09:47:17.476127
2026-02-18,CAN,arrival,20:05,SGN Ho Chi Minh City,CZ374,China Southern,text,Duration: 2h 55m,,True,2026-02-17T09:47:17.476134
2026-02-18,CAN,arrival,20:05,SHE Shenyang,CZ3602,China Southern,text,Duration: 4h 35m,,True,2026-02-17T09:47:17.476232
2026-02-18,CAN,arrival,20:05,TNA Jinan,SC1175,Shandong Airlines,text,Duration: 2h 55m,,True,2026-02-17T09:47:17.476239
2026-02-18,CAN,arrival,20:10,DLC Dalian,CZ6457,China Southern,text,Duration: 4h 10m,,True,2026-02-17T09:47:17.476244
2026-02-18,CAN,arrival,20:10,NBS Baishan,CZ3360,China Southern,text,Duration: 4h 40m,,True,2026-02-17T09:47:17.476249
2026-02-18,CAN,arrival,20:10,SHA Shanghai,HO1851,Juneyao Airlines,text,Duration: 2h 35m,,True,2026-02-17T09:47:17.476254
2026-02-18,CAN,arrival,20:15,KMG Kunming,8L9975,Lucky Air,text,Duration: 2h 0m,,True,2026-02-17T09:47:17.476259
2026-02-18,CAN,arrival,20:15,TFU Chengdu,HU7252,Hainan Airlines,text,Duration: 2h 15m,,True,2026-02-17T09:47:17.476265
2026-02-18,CAN,arrival,20:15,KMG Kunming,KY8281,Kunming Airlines,text,Duration: 2h 15m,,True,2026-02-17T09:47:17.476270
2026-02-18,CAN,arrival,20:15,SHA Shanghai,MU9199,China Eastern,text,Duration: 2h 45m,,True,2026-02-17T09:47:17.476275
2026-02-18,CAN,arrival,20:20,CTU Chengdu,3U8737,Sichuan Airlines,text,Duration: 2h 20m,,True,2026-02-17T09:47:17.476280
2026-02-18,CAN,arrival,20:20,KUL Kuala Lumpur,AK116,AirAsia,text,Duration: 4h 10m,,True,2026-02-17T09:47:17.476286
2026-02-18,CAN,arrival,20:20,NKG Nanjing,AQ1034,9 Air,text,Duration: 2h 35m,,True,2026-02-17T09:47:17.476291
2026-02-18,CAN,arrival,20:20,LJG Lijiang,CZ3424,China Southern,text,Duration: 2h 25m,,True,2026-02-17T09:47:17.476297
2026-02-18,CAN,arrival,20:20,NKG Nanjing,CZ3700,China Southern,text,Duration: 2h 25m,,True,2026-02-17T09:47:17.476302
2026-02-18,CAN,arrival,20:20,SQJ Sanming,CZ8608,China Southern,text,Duration: 1h 35m,,True,2026-02-17T09:47:17.476307
2026-02-18,CAN,arrival,20:25,NGB Ningbo,CZ8294,China Southern,text,Duration: 2h 35m,,True,2026-02-17T09:47:17.476313
2026-02-18,CAN,arrival,20:30,SHA Shanghai,9C8931,Spring Airlines,text,Duration: 2h 25m,,True,2026-02-17T09:47:17.476318
2026-02-18,CAN,arrival,20:30,MNL Manila,CZ398,China Southern,text,Duration: 2h 35m,,True,2026-02-17T09:47:17.476323
2026-02-18,CAN,arrival,20:30,WUH Wuhan,CZ3706,China Southern,text,Duration: 2h 0m,,True,2026-02-17T09:47:17.476328
2026-02-18,CAN,arrival,20:30,TSN Tianjin,MF8355,XiamenAir,text,Duration: 3h 15m,,True,2026-02-17T09:47:17.476334
2026-02-18,CAN,arrival,20:35,CGO Zhengzhou,CZ5486,China Southern,text,Duration: 2h 30m,,True,2026-02-17T09:47:17.476339
2026-02-18,CAN,arrival,20:45,KMG Kunming,CZ3450,China Southern,text,Duration: 2h 5m,,True,2026-02-17T09:47:17.476344
2026-02-18,CAN,arrival,20:50,SYX Sanya,CZ6749,China Southern,text,Duration: 1h 35m,,True,2026-02-17T09:47:17.476349
2026-02-18,CAN,arrival,20:50,XIY Xian,CZ3208,China Southern,text,Duration: 2h 50m,,True,2026-02-17T09:47:17.476355
2026-02-18,CAN,arrival,20:50,NKG Nanjing,HU7314,Hainan Airlines,text,Duration: 2h 25m,,True,2026-02-17T09:47:17.476359
2026-02-18,CAN,arrival,20:50,HFE Hefei,MU6552,China Eastern,text,Duration: 2h 20m,,True,2026-02-17T09:47:17.476365
2026-02-18,CAN,arrival,20:50,HFE Hefei,ZH9988,Shenzhen Airlines,text,Duration: 2h 10m,,True,2026-02-17T09:47:17.476370
2026-02-18,CAN,arrival,20:55,WNZ Wenzhou,CA8305,Air China,text,Duration: 2h 5m,,True,2026-02-17T09:47:17.476375
2026-02-18,CAN,arrival,20:55,CGQ Changchun,CZ5176,China Southern,text,Duration: 4h 40m,,True,2026-02-17T09:47:17.476380
2026-02-18,CAN,arrival,20:55,HGH Hangzhou,CZ3502,China Southern,text,Duration: 2h 20m,,True,2026-02-17T09:47:17.476385
2026-02-18,CAN,arrival,20:55,TFU Chengdu,CZ3440,China Southern,text,Duration: 2h 25m,,True,2026-02-17T09:47:17.476390
2026-02-18,CAN,arrival,20:55,WUX Wuxi,CZ3298,China Southern,text,Duration: 2h 40m,,True,2026-02-17T09:47:17.476395
2026-02-18,CAN,arrival,21:00,TFU Chengdu,CA4309,Air China,text,Duration: 2h 30m,,True,2026-02-17T09:47:17.476401
2026-02-18,CAN,arrival,21:00,HKG Hong Kong,CX940,Cathay Pacific,text,Duration: 1h 5m,,True,2026-02-17T09:47:17.476406
2026-02-18,CAN,arrival,21:00,HRB Harbin,CZ3914,China Southern,text,Duration: 4h 45m,,True,2026-02-17T09:47:17.476419
2026-02-18,CAN,arrival,21:00,PKX Beijing,CZ3122,China Southern,text,Duration: 3h 30m,,True,2026-02-17T09:47:17.476425
2026-02-18,CAN,arrival,21:05,URC Urumqi,CA9674,Air China,text,Duration: 5h 40m,,True,2026-02-17T09:47:17.476430
2026-02-18,CAN,arrival,21:05,SHE Shenyang,CZ6307,China Southern,text,Duration: 4h 35m,,True,2026-02-17T09:47:17.476435
2026-02-18,CAN,arrival,21:05,DLU Dali City,MU9741,China Eastern,text,Duration: 2h 20m,,True,2026-02-17T09:47:17.476441
2026-02-18,CAN,arrival,21:05,TFU Chengdu,MU6185,China Eastern,text,Duration: 2h 20m,,True,2026-02-17T09:47:17.476446
2026-02-18,CAN,arrival,21:05,CZX Changzhou,ZH9654,Shenzhen Airlines,text,Duration: 2h 30m,,True,2026-02-17T09:47:17.476451
2026-02-18,CAN,arrival,21:10,NTG Nantong,CZ3640,China Southern,text,Duration: 2h 50m,,True,2026-02-17T09:47:17.476456
2026-02-18,CAN,arrival,21:10,PVG Shanghai,CZ3831,China Southern,text,Duration: 2h 45m,,True,2026-02-17T09:47:17.476461
2026-02-18,CAN,arrival,21:10,ZHA Zhanjiang,CZ3332,China Southern,text,Duration: 1h 10m,,True,2026-02-17T09:47:17.476467
2026-02-18,CAN,arrival,21:10,TYN Taiyuan,MU6387,China Eastern,text,Duration: 2h 55m,,True,2026-02-17T09:47:17.476472
2026-02-18,CAN,arrival,21:10,SJW Shijiazhuang,NS3657,Hebei Airlines,text,Duration: 3h 0m,,True,2026-02-17T09:47:17.476477
2026-02-18,CAN,arrival,21:10,TNA Jinan,ZH9978,Shenzhen Airlines,text,Duration: 3h 0m,,True,2026-02-17T09:47:17.476482
2026-02-18,CAN,arrival,21:15,KUL Kuala Lumpur,CZ8012,China Southern,text,Duration: 4h 20m,,True,2026-02-17T09:47:17.476487
2026-02-18,CAN,arrival,21:15,KWE Guiyang,CZ6394,China Southern,text,Duration: 1h 40m,,True,2026-02-17T09:47:17.476493
2026-02-18,CAN,arrival,21:20,JNG Jining,CZ5672,China Southern,text,Duration: 2h 50m,,True,2026-02-17T09:47:17.476498
2026-02-18,CAN,arrival,21:20,SHA Shanghai,MU5327,China Eastern,text,Duration: 2h 50m,,True,2026-02-17T09:47:17.476610
2026-02-18,CAN,arrival,21:20,LJG Lijiang,OQ2112,Chongqing Airlines,text,Duration: 2h 40m,,True,2026-02-17T09:47:17.476621
2026-02-18,CAN,arrival,21:25,PEK Beijing,CA1309,Air China,text,Duration: 3h 25m,,True,2026-02-17T09:47:17.476629
2026-02-18,CAN,arrival,21:25,TSN Tianjin,CA2805,Air China,text,Duration: 3h 25m,,True,2026-02-17T09:47:17.476635
2026-02-18,CAN,arrival,21:25,HAK Haikou,CZ6787,China Southern,text,Duration: 1h 25m,,True,2026-02-17T09:47:17.476642
2026-02-18,CAN,arrival,21:25,NGB Ningbo,CZ3372,China Southern,text,Duration: 2h 25m,,True,2026-02-17T09:47:17.476648
2026-02-18,CAN,arrival,21:30,DLC Dalian,CZ6447,China Southern,text,Duration: 4h 0m,,True,2026-02-17T09:47:17.476655
2026-02-18,CAN,arrival,21:30,LYG Lianyungang,CZ3234,China Southern,text,Duration: 2h 50m,,True,2026-02-17T09:47:17.476661
2026-02-18,CAN,arrival,21:30,HGH Hangzhou,GJ8995,Loong Air,text,Duration: 2h 25m,,True,2026-02-17T09:47:17.476667
2026-02-18,CAN,arrival,21:30,CKG Chongqing,HU7442,Hainan Airlines,text,Duration: 2h 0m,,True,2026-02-17T09:47:17.476674
2026-02-18,CAN,arrival,21:30,NKG Nanjing,MU9767,China Eastern,text,Duration: 2h 40m,,True,2026-02-17T09:47:17.476680
2026-02-18,CAN,arrival,21:30,HGH Hangzhou,ZH9982,Shenzhen Airlines,text,Duration: 2h 20m,,True,2026-02-17T09:47:17.476687
2026-02-18,CAN,arrival,21:35,CGO Zhengzhou,CZ3959,China Southern,text,Duration: 2h 35m,,True,2026-02-17T09:47:17.476693
2026-02-18,CAN,arrival,21:35,KUL Kuala Lumpur,CZ8348,China Southern,text,Duration: 4h 20m,,True,2026-02-17T09:47:17.476700
2026-02-18,CAN,arrival,21:35,XNT Xingtai,CZ8246,China Southern,text,Duration: 2h 55m,,True,2026-02-17T09:47:17.476707
2026-02-18,CAN,arrival,21:40,XIY Xian,HU7847,Hainan Airlines,text,Duration: 2h 50m,,True,2026-02-17T09:47:17.476713
2026-02-18,CAN,arrival,21:45,LZO Luzhou,3U3052,Sichuan Airlines,text,Duration: 1h 55m,,True,2026-02-17T09:47:17.476720
2026-02-18,CAN,arrival,21:45,NKG Nanjing,CZ3856,China Southern,text,Duration: 2h 30m,,True,2026-02-17T09:47:17.476726
2026-02-18,CAN,arrival,21:45,URC Urumqi,CZ6881,China Southern,text,Duration: 5h 0m,,True,2026-02-17T09:47:17.476732
2026-02-18,CAN,arrival,21:45,DXB Dubai,EK362,Emirates,text,Duration: 6h 55m,,True,2026-02-17T09:47:17.476739
2026-02-18,CAN,arrival,21:50,PKX Beijing,CZ3100,China Southern,text,Duration: 3h 20m,,True,2026-02-17T09:47:17.476745
2026-02-18,CAN,arrival,21:50,TYN Taiyuan,CZ3696,China Southern,text,Duration: 2h 55m,,True,2026-02-17T09:47:17.476751
2026-02-18,CAN,arrival,21:50,WNZ Wenzhou,CZ3528,China Southern,text,Duration: 2h 15m,,True,2026-02-17T09:47:17.476758
2026-02-18,CAN,arrival,21:50,WUH Wuhan,CZ3347,China Southern,text,Duration: 1h 50m,,True,2026-02-17T09:47:17.476766
2026-02-18,CAN,arrival,21:55,CKG Chongqing,3U8749,Sichuan Airlines,text,Duration: 1h 45m,,True,2026-02-17T09:47:17.476772
2026-02-18,CAN,arrival,21:55,BKK Bangkok,CZ8024,China Southern,text,Duration: 2h 50m,,True,2026-02-17T09:47:17.476778
2026-02-18,CAN,arrival,21:55,HGH Hangzhou,CZ3848,China Southern,text,Duration: 2h 20m,,True,2026-02-17T09:47:17.476785
2026-02-18,CAN,arrival,21:55,HKT Phuket,CZ6064,China Southern,text,Duration: 3h 30m,,True,2026-02-17T09:47:17.476792
2026-02-18,CAN,arrival,21:55,XIY Xian,MU2311,China Eastern,text,Duration: 2h 45m,,True,2026-02-17T09:47:17.476798
2026-02-18,CAN,arrival,22:00,SIN Singapore,CZ3040,China Southern,text,Duration: 4h 10m,,True,2026-02-17T09:47:17.476805
2026-02-18,CAN,arrival,22:00,SHA Shanghai,MU5315,China Eastern,text,Duration: 2h 40m,,True,2026-02-17T09:47:17.476811
2026-02-18,CAN,arrival,22:00,LJG Lijiang,PN6507,West Air (China),text,Duration: 2h 40m,,True,2026-02-17T09:47:17.476818
2026-02-18,CAN,arrival,22:00,PVG Shanghai,ZH9536,Shenzhen Airlines,text,Duration: 3h 5m,,True,2026-02-17T09:47:17.476824
2026-02-18,CAN,arrival,22:00,WUX Wuxi,ZH9830,Shenzhen Airlines,text,Duration: 2h 40m,,True,2026-02-17T09:47:17.476830
2026-02-18,CAN,arrival,22:05,SYD Sydney,CZ8092,China Southern,text,Duration: 9h 50m,,True,2026-02-17T09:47:17.476837
2026-02-18,CAN,arrival,22:05,TSN Tianjin,CZ3144,China Southern,text,Duration: 3h 15m,,True,2026-02-17T09:47:17.476843
2026-02-18,CAN,arrival,22:05,KHN Nanchang,MU5231,China Eastern,text,Duration: 1h 45m,,True,2026-02-17T09:47:17.476849
2026-02-18,CAN,arrival,22:05,HFE Hefei,ZH9990,Shenzhen Airlines,text,Duration: 2h 15m,,True,2026-02-17T09:47:17.476856
2026-02-18,CAN,arrival,22:05,YTY Yangzhou,ZH9694,Shenzhen Airlines,text,Duration: 2h 35m,,True,2026-02-17T09:47:17.476862
2026-02-18,CAN,arrival,22:10,PVG Shanghai,AQ1012,9 Air,text,Duration: 2h 45m,,True,2026-02-17T09:47:17.476869
2026-02-18,CAN,arrival,22:10,WNZ Wenzhou,AQ1132,9 Air,text,Duration: 2h 30m,,True,2026-02-17T09:47:17.476875
2026-02-18,CAN,arrival,22:10,FOC Fuzhou,CZ3648,China Southern,text,Duration: 2h 0m,,True,2026-02-17T09:47:17.476882
2026-02-18,CAN,arrival,22:10,SYX Sanya,CZ6737,China Southern,text,Duration: 1h 45m,,True,2026-02-17T09:47:17.476888
2026-02-18,CAN,arrival,22:15,TFU Chengdu,3U6709,Sichuan Airlines,text,Duration: 2h 20m,,True,2026-02-17T09:47:17.476894
2026-02-18,CAN,arrival,22:15,CTU Chengdu,CZ3418,China Southern,text,Duration: 2h 45m,,True,2026-02-17T09:47:17.476900
2026-02-18,CAN,arrival,22:15,WMT Zunyi,CZ3314,China Southern,text,Duration: 1h 50m,,True,2026-02-17T09:47:17.476907
2026-02-18,CAN,arrival,22:15,TFU Chengdu,HU7352,Hainan Airlines,text,Duration: 2h 15m,,True,2026-02-17T09:47:17.476913
2026-02-18,CAN,arrival,22:15,LUM Mangshi,OQ2026,Chongqing Airlines,text,Duration: 2h 30m,,True,2026-02-17T09:47:17.476919
2026-02-18,CAN,arrival,22:15,SHE Shenyang,ZH9656,Shenzhen Airlines,text,Duration: 4h 30m,,True,2026-02-17T09:47:17.476926
2026-02-18,CAN,arrival,22:20,TAO Qingdao,CZ3574,China Southern,text,Duration: 3h 35m,,True,2026-02-17T09:47:17.476932
2026-02-18,CAN,arrival,22:20,TNA Jinan,CZ3712,China Southern,text,Duration: 3h 10m,,True,2026-02-17T09:47:17.477040
2026-02-18,CAN,arrival,22:20,NGB Ningbo,HU7234,Hainan Airlines,text,Duration: 2h 20m,,True,2026-02-17T09:47:17.477047
2026-02-18,CAN,arrival,22:25,CTU Chengdu,CA4328,Air China,text,Duration: 2h 25m,,True,2026-02-17T09:47:17.477052
2026-02-18,CAN,arrival,22:25,SHA Shanghai,CA1830,Air China,text,Duration: 2h 30m,,True,2026-02-17T09:47:17.477058
2026-02-18,CAN,arrival,22:25,CNX Chiang Mai,CZ3034,China Southern,text,Duration: 2h 35m,,True,2026-02-17T09:47:17.477063
2026-02-18,CAN,arrival,22:25,CXR Nha Trang,CZ6050,China Southern,text,Duration: 2h 40m,,True,2026-02-17T09:47:17.477069
2026-02-18,CAN,arrival,22:25,HET Hohhot,CZ3308,China Southern,text,Duration: 3h 25m,,True,2026-02-17T09:47:17.477074
2026-02-18,CAN,arrival,22:25,KMG Kunming,CZ3500,China Southern,text,Duration: 2h 10m,,True,2026-02-17T09:47:17.477079
2026-02-18,CAN,arrival,22:30,BKI Kota Kinabalu,CZ8336,China Southern,text,Duration: 3h 25m,,True,2026-02-17T09:47:17.477084
2026-02-18,CAN,arrival,22:30,LIJ Lishui,CZ3868,China Southern,text,Duration: 2h 20m,,True,2026-02-17T09:47:17.477089
2026-02-18,CAN,arrival,22:30,XMN Xiamen,CZ3806,China Southern,text,Duration: 1h 45m,,True,2026-02-17T09:47:17.477095
2026-02-18,CAN,arrival,22:30,HRB Harbin,ZH9678,Shenzhen Airlines,text,Duration: 5h 5m,,True,2026-02-17T09:47:17.477100
2026-02-18,CAN,arrival,22:35,CGO Zhengzhou,CZ6632,China Southern,text,Duration: 2h 35m,,True,2026-02-17T09:47:17.477105
2026-02-18,CAN,arrival,22:35,HRB Harbin,MU9376,China Eastern,text,Duration: 4h 55m,,True,2026-02-17T09:47:17.477110
2026-02-18,CAN,arrival,22:35,CKG Chongqing,PN6205,West Air (China),text,Duration: 2h 5m,,True,2026-02-17T09:47:17.477115
2026-02-18,CAN,arrival,22:40,PEK Beijing,CA1379,Air China,text,Duration: 3h 25m,,True,2026-02-17T09:47:17.477120
2026-02-18,CAN,arrival,22:40,KHN Nanchang,CZ8532,China Southern,text,Duration: 1h 40m,,True,2026-02-17T09:47:17.477125
2026-02-18,CAN,arrival,22:40,KUL Kuala Lumpur,CZ8302,China Southern,text,Duration: 4h 20m,,True,2026-02-17T09:47:17.477130
2026-02-18,CAN,arrival,22:40,SHA Shanghai,CZ3504,China Southern,text,Duration: 2h 35m,,True,2026-02-17T09:47:17.477136
2026-02-18,CAN,arrival,22:45,PKX Beijing,CA8394,Air China,text,Duration: 3h 15m,,True,2026-02-17T09:47:17.477141
2026-02-18,CAN,arrival,22:50,CTU Chengdu,3U8739,Sichuan Airlines,text,Duration: 2h 20m,,True,2026-02-17T09:47:17.477146
2026-02-18,CAN,arrival,22:50,PEN Penang,CZ5048,China Southern,text,Duration: 3h 50m,,True,2026-02-17T09:47:17.477151
2026-02-18,CAN,arrival,22:50,TFU Chengdu,ZH9444,Shenzhen Airlines,text,Duration: 2h 20m,,True,2026-02-17T09:47:17.477156
2026-02-18,CAN,arrival,22:55,NGB Ningbo,CZ3322,China Southern,text,Duration: 2h 40m,,True,2026-02-17T09:47:17.477161
2026-02-18,CAN,arrival,22:55,CGO Zhengzhou,HU7284,Hainan Airlines,text,Duration: 2h 30m,,True,2026-02-17T09:47:17.477166
2026-02-18,CAN,arrival,22:55,NKG Nanjing,HU7214,Hainan Airlines,text,Duration: 2h 15m,,True,2026-02-17T09:47:17.477171
2026-02-18,CAN,arrival,22:55,NKG Nanjing,ZH9874,Shenzhen Airlines,text,Duration: 2h 25m,,True,2026-02-17T09:47:17.477176
2026-02-18,CAN,arrival,23:00,SGN Ho Chi Minh City,9C7348,Spring Airlines,text,Duration: 3h 5m,,True,2026-02-17T09:47:17.477183
2026-02-18,CAN,arrival,23:00,NKG Nanjing,CZ3514,China Southern,text,Duration: 2h 50m,,True,2026-02-17T09:47:17.477188
2026-02-18,CAN,arrival,23:00,XIY Xian,CZ3218,China Southern,text,Duration: 3h 0m,,True,2026-02-17T09:47:17.477193
2026-02-18,CAN,arrival,23:00,DMK Bangkok,FD532,Thai AirAsia,text,Duration: 3h 5m,,True,2026-02-17T09:47:17.477198
2026-02-18,CAN,arrival,23:00,PEK Beijing,HU7813,Hainan Airlines,text,Duration: 3h 30m,,True,2026-02-17T09:47:17.477203
2026-02-18,CAN,arrival,23:00,NTG Nantong,ZH8694,Shenzhen Airlines,text,Duration: 2h 40m,,True,2026-02-17T09:47:17.477208
2026-02-18,CAN,arrival,23:05,BKK Bangkok,CZ364,China Southern,text,Duration: 3h 10m,,True,2026-02-17T09:47:17.477213
2026-02-18,CAN,arrival,23:05,LFQ Qiaoli,CZ8928,China Southern,text,Duration: 3h 0m,,True,2026-02-17T09:47:17.477218
2026-02-18,CAN,arrival,23:05,PKX Beijing,CZ3110,China Southern,text,Duration: 3h 35m,,True,2026-02-17T09:47:17.477223
2026-02-18,CAN,arrival,23:05,SHA Shanghai,MU5317,China Eastern,text,Duration: 2h 40m,,True,2026-02-17T09:47:17.477228
2026-02-18,CAN,arrival,23:05,LHW Lanzhou,OQ2132,Chongqing Airlines,text,Duration: 3h 10m,,True,2026-02-17T09:47:17.477233
2026-02-18,CAN,arrival,23:05,YTY Yangzhou,ZH8910,Shenzhen Airlines,text,Duration: 2h 30m,,True,2026-02-17T09:47:17.477239
2026-02-18,CAN,arrival,23:10,DZH Dazhou,CZ3264,China Southern,text,Duration: 2h 25m,,True,2026-02-17T09:47:17.477244
2026-02-18,CAN,arrival,23:10,HFE Hefei,CZ3818,China Southern,text,Duration: 2h 30m,,True,2026-02-17T09:47:17.477249
2026-02-18,CAN,arrival,23:10,HGH Hangzhou,CZ3830,China Southern,text,Duration: 2h 35m,,True,2026-02-17T09:47:17.477254
2026-02-18,CAN,arrival,23:10,PVG Shanghai,CZ8212,China Southern,text,Duration: 2h 45m,,True,2026-02-17T09:47:17.477259
2026-02-18,CAN,arrival,23:10,XFN Xiangyang,CZ3362,China Southern,text,Duration: 2h 15m,,True,2026-02-17T09:47:17.477264
2026-02-18,CAN,arrival,23:15,CKG Chongqing,CA4353,Air China,text,Duration: 2h 10m,,True,2026-02-17T09:47:17.477270
2026-02-18,CAN,arrival,23:15,CKG Chongqing,OQ2325,Chongqing Airlines,text,Duration: 2h 20m,,True,2026-02-17T09:47:17.477275
2026-02-18,CAN,arrival,23:20,LYI Linyi,CZ5670,China Southern,text,Duration: 3h 0m,,True,2026-02-17T09:47:17.477281
2026-02-18,CAN,arrival,23:20,YCU Yuncheng,CZ3986,China Southern,text,Duration: 3h 0m,,True,2026-02-17T09:47:17.477285
2026-02-18,CAN,arrival,23:20,YNZ Yancheng,CZ8216,China Southern,text,Duration: 2h 50m,,True,2026-02-17T09:47:17.477291
2026-02-18,CAN,arrival,23:20,SJW Shijiazhuang,OQ2136,Chongqing Airlines,text,Duration: 3h 20m,,True,2026-02-17T09:47:17.477296
2026-02-18,CAN,arrival,23:25,NGB Ningbo,CA4584,Air China,text,Duration: 2h 25m,,True,2026-02-17T09:47:17.477393
2026-02-18,CAN,arrival,23:25,HAK Haikou,CZ6779,China Southern,text,Duration: 1h 25m,,True,2026-02-17T09:47:17.477401
2026-02-18,CAN,arrival,23:25,MIG Mian Yang,CZ3400,China Southern,text,Duration: 2h 25m,,True,2026-02-17T09:47:17.477416
2026-02-18,CAN,arrival,23:25,HAK Haikou,HU7011,Hainan Airlines,text,Duration: 1h 20m,,True,2026-02-17T09:47:17.477422
2026-02-18,CAN,arrival,23:25,TNA Jinan,HU7210,Hainan Airlines,text,Duration: 3h 5m,,True,2026-02-17T09:47:17.477428
2026-02-18,CAN,arrival,23:25,HRB Harbin,JD5166,Capital Airlines,text,Duration: 4h 30m,,True,2026-02-17T09:47:17.477433
2026-02-18,CAN,arrival,23:30,AKA Ankang,CZ3266,China Southern,text,Duration: 2h 15m,,True,2026-02-17T09:47:17.477438
2026-02-18,CAN,arrival,23:30,NAO Nanchong,CZ3294,China Southern,text,Duration: 2h 5m,,True,2026-02-17T09:47:17.477443
2026-02-18,CAN,arrival,23:30,YNT Yantai,CZ5466,China Southern,text,Duration: 3h 30m,,True,2026-02-17T09:47:17.477448
2026-02-18,CAN,arrival,23:35,LHW Lanzhou,9C7396,Spring Airlines,text,Duration: 3h 30m,,True,2026-02-17T09:47:17.477454
2026-02-18,CAN,arrival,23:35,JHG Jinghong,OQ2106,Chongqing Airlines,text,Duration: 2h 20m,,True,2026-02-17T09:47:17.477459
2026-02-18,CAN,arrival,23:35,TAO Qingdao,ZH9994,Shenzhen Airlines,text,Duration: 3h 30m,,True,2026-02-17T09:47:17.477466
2026-02-18,CAN,arrival,23:35,WUX Wuxi,ZH9832,Shenzhen Airlines,text,Duration: 2h 35m,,True,2026-02-17T09:47:17.477471
2026-02-18,CAN,arrival,23:40,CGO Zhengzhou,CZ3395,China Southern,text,Duration: 2h 30m,,True,2026-02-17T09:47:17.477476
2026-02-18,CAN,arrival,23:45,BKK Bangkok,CZ8020,China Southern,text,Duration: 2h 50m,,True,2026-02-17T09:47:17.477482
2026-02-18,CAN,arrival,23:45,HET Hohhot,CZ3254,China Southern,text,Duration: 3h 20m,,True,2026-02-17T09:47:17.477487
2026-02-18,CAN,arrival,23:45,PKX Beijing,CZ3178,China Southern,text,Duration: 3h 15m,,True,2026-02-17T09:47:17.477492
2026-02-18,CAN,arrival,23:45,HGH Hangzhou,ZH9984,Shenzhen Airlines,text,Duration: 2h 20m,,True,2026-02-17T09:47:17.477498
2026-02-18,CAN,arrival,23:50,CGD Changde,CZ3248,China Southern,text,Duration: 1h 45m,,True,2026-02-17T09:47:17.477503
2026-02-18,CAN,arrival,23:50,CGQ Changchun,CZ6377,China Southern,text,Duration: 4h 55m,,True,2026-02-17T09:47:17.477508
2026-02-18,CAN,arrival,23:50,TYN Taiyuan,CZ3952,China Southern,text,Duration: 2h 55m,,True,2026-02-17T09:47:17.477513
2026-02-18,CAN,arrival,23:50,XIY Xian,CZ3204,China Southern,text,Duration: 2h 50m,,True,2026-02-17T09:47:17.477518
2026-02-18,CAN,arrival,23:50,TYN Taiyuan,HU7250,Hainan Airlines,text,Duration: 2h 50m,,True,2026-02-17T09:47:17.477523
2026-02-18,CAN,arrival,23:50,NKG Nanjing,ZH9870,Shenzhen Airlines,text,Duration: 2h 20m,,True,2026-02-17T09:47:17.477528
2026-02-18,CAN,arrival,23:55,URC Urumqi,CZ6887,China Southern,text,Duration: 5h 10m,,True,2026-02-17T09:47:17.477534
2026-02-18,CAN,arrival,23:55,CGO Zhengzhou,HU7288,Hainan Airlines,text,Duration: 2h 40m,,True,2026-02-17T09:47:17.477539
2026-02-18,CAN,arrival,23:55,PEK Beijing,HU7815,Hainan Airlines,text,Duration: 3h 25m,,True,2026-02-17T09:47:17.477545
2026-02-18,CAN,arrival,23:55,NKG Nanjing,ZH9876,Shenzhen Airlines,text,Duration: 2h 30m,,True,2026-02-17T09:47:17.477550
2026-02-18,CAN,arrival,23:55,WNZ Wenzhou,ZH9964,Shenzhen Airlines,text,Duration: 2h 0m,,True,2026-02-17T09:47:17.477556
