date,airport,direction,time,destination,flight,airline,airline_source,duration,aircraft,page_date_verified,scraped_at
2026-06-06,CAN,departure,00:05,FRA Frankfurt,CZ331,China Southern,text,Duration: 12h 5m,,True,2026-02-17T14:09:22.398668
2026-06-06,CAN,departure,00:10,IST Istanbul,CZ8065,China Southern,text,Duration: 11h 5m,,True,2026-02-17T14:09:22.398678
2026-06-06,CAN,departure,00:10,DMK Bangkok,FD531,Thai AirAsia,text,Duration: 2h 45m,,True,2026-02-17T14:09:22.398685
2026-06-06,CAN,departure,00:20,DXB Dubai,EK363,Emirates,text,Duration: 7h 40m,,True,2026-02-17T14:09:22.398690
2026-06-06,CAN,departure,00:25,BKI Kota Kinabalu,AK1535,AirAsia,text,Duration: 3h 10m,,True,2026-02-17T14:09:22.398696
2026-06-06,CAN,departure,00:25,CDG Paris,CZ347,China Southern,text,Duration: 12h 35m,,True,2026-02-17T14:09:22.398701
2026-06-06,CAN,departure,00:30,ADD Addis Ababa,ET607,Ethiopian,text,Duration: 10h 50m,,True,2026-02-17T14:09:22.398706
2026-06-06,CAN,departure,00:35,AKL Auckland,CZ305,China Southern,text,Duration: 11h 0m,,True,2026-02-17T14:09:22.398711
2026-06-06,CAN,departure,00:50,YVR Vancouver,CZ329,China Southern,text,Duration: 11h 55m,,True,2026-02-17T14:09:22.398717
2026-06-06,CAN,departure,00:55,BUD Budapest,CZ649,China Southern,text,Duration: 12h 5m,,True,2026-02-17T14:09:22.398722
2026-06-06,CAN,departure,00:55,SYD Sydney,CZ8091,China Southern,text,Duration: 9h 40m,,True,2026-02-17T14:09:22.398727
2026-06-06,CAN,departure,01:15,POM Port Moresby,CZ5055,China Southern,text,Duration: 7h 15m,,True,2026-02-17T14:09:22.398733
2026-06-06,CAN,departure,01:15,ICN Seoul,OZ358,Asiana,text,Duration: 3h 30m,,True,2026-02-17T14:09:22.398738
2026-06-06,CAN,departure,01:20,SIN Singapore,SQ853,Singapore Airlines,text,Duration: 4h 10m,,True,2026-02-17T14:09:22.398744
2026-06-06,CAN,departure,01:35,KUL Kuala Lumpur,AK119,AirAsia,text,Duration: 4h 10m,,True,2026-02-17T14:09:22.398749
2026-06-06,CAN,departure,01:35,DOH Doha,QR875,Qatar Airways,text,Duration: 7h 55m,,True,2026-02-17T14:09:22.398754
2026-06-06,CAN,departure,01:50,AMS Amsterdam,CZ307,China Southern,text,Duration: 12h 10m,,True,2026-02-17T14:09:22.398759
2026-06-06,CAN,departure,02:05,DPS Denpasar,8B968,TransNusa,text,Duration: 5h 15m,,True,2026-02-17T14:09:22.398765
2026-06-06,CAN,departure,02:10,MDC Manado,8B168,TransNusa,text,Duration: 3h 55m,,True,2026-02-17T14:09:22.398770
2026-06-06,CAN,departure,02:30,CGK Jakarta,8B861,TransNusa,text,Duration: 5h 5m,,True,2026-02-17T14:09:22.398775
2026-06-06,CAN,departure,02:30,SGN Ho Chi Minh City,VJ3909,VietJet,text,Duration: 2h 40m,,True,2026-02-17T14:09:22.398781
2026-06-06,CAN,departure,02:35,DPS Denpasar,CZ8481,China Southern,text,Duration: 5h 10m,,True,2026-02-17T14:09:22.398786
2026-06-06,CAN,departure,02:45,DMK Bangkok,SL901,Thai Lion Air,text,Duration: 3h 0m,,True,2026-02-17T14:09:22.398791
2026-06-06,CAN,departure,03:05,JHB Johor Bharu,AK1395,AirAsia,text,Duration: 3h 55m,,True,2026-02-17T14:09:22.398796
2026-06-06,CAN,departure,03:10,KUL Kuala Lumpur,OD613,Batik Air,text,Duration: 4h 5m,,True,2026-02-17T14:09:22.398802
2026-06-06,CAN,departure,03:30,HAN Hanoi,VJ7527,VietJet,text,Duration: 1h 55m,,True,2026-02-17T14:09:22.398807
2026-06-06,CAN,departure,03:50,KTI Phnom Penh,KR938,Cambodia Airways,text,Duration: 2h 50m,,True,2026-02-17T14:09:22.398812
2026-06-06,CAN,departure,04:30,DAC Dhaka,BG367,Biman,text,Duration: 3h 55m,,True,2026-02-17T14:09:22.398818
2026-06-06,CAN,departure,04:35,TAS Tashkent,C6512,Centrum Air,text,Duration: 7h 20m,,True,2026-02-17T14:09:22.398823
2026-06-06,CAN,departure,05:00,DEL Delhi,6E1702,IndiGo,text,Duration: 5h 45m,,True,2026-02-17T14:09:22.398828
2026-06-06,CAN,departure,05:00,DAC Dhaka,BS326,US-Bangla Airlines,text,Duration: 3h 50m,,True,2026-02-17T14:09:22.398834
2026-06-06,CAN,departure,05:00,HKG Hong Kong,CX953,Cathay Pacific,text,Duration: 1h 25m,,True,2026-02-17T14:09:22.398839
2026-06-06,CAN,departure,05:00,KTI Phnom Penh,K6611,Air Cambodia,text,Duration: 2h 50m,,True,2026-02-17T14:09:22.398845
2026-06-06,CAN,departure,05:15,CCU Kolkata,6E1704,IndiGo,text,Duration: 4h 45m,,True,2026-02-17T14:09:22.398850
2026-06-06,CAN,departure,05:55,KTI Phnom Penh,9C7007,Spring Airlines,text,Duration: 3h 5m,,True,2026-02-17T14:09:22.398855
2026-06-06,CAN,departure,06:10,JUH Chizhou,AQ1155,9 Air,text,Duration: 2h 10m,,True,2026-02-17T14:09:22.398861
2026-06-06,CAN,departure,06:10,XUZ Xuzhou,GJ8059,Loong Air,text,Duration: 2h 20m,,True,2026-02-17T14:09:22.398866
2026-06-06,CAN,departure,06:15,CJU Jeju,9C6105,Spring Airlines,text,Duration: 3h 5m,,True,2026-02-17T14:09:22.398871
2026-06-06,CAN,departure,06:15,DZH Dazhou,CZ3263,China Southern,text,Duration: 2h 25m,,True,2026-02-17T14:09:22.398876
2026-06-06,CAN,departure,06:20,XIY Xian,AQ1105,9 Air,text,Duration: 2h 30m,,True,2026-02-17T14:09:22.398881
2026-06-06,CAN,departure,06:20,CGO Zhengzhou,GJ8583,Loong Air,text,Duration: 2h 25m,,True,2026-02-17T14:09:22.398887
2026-06-06,CAN,departure,06:20,ENH Enshi,GJ6031,Loong Air,text,Duration: 1h 50m,,True,2026-02-17T14:09:22.398892
2026-06-06,CAN,departure,06:25,SJW Shijiazhuang,9C8899,Spring Airlines,text,Duration: 2h 55m,,True,2026-02-17T14:09:22.398898
2026-06-06,CAN,departure,06:25,SZH Shuozhou,AQ1723,9 Air,text,Duration: 3h 15m,,True,2026-02-17T14:09:22.398903
2026-06-06,CAN,departure,06:25,PEK Beijing,CA1386,Air China,text,Duration: 3h 10m,,True,2026-02-17T14:09:22.398909
2026-06-06,CAN,departure,06:25,HGH Hangzhou,GJ8860,Loong Air,text,Duration: 2h 10m,,True,2026-02-17T14:09:22.398914
2026-06-06,CAN,departure,06:25,WEH Weihai,MU6895,China Eastern,text,Duration: 3h 20m,,True,2026-02-17T14:09:22.398919
2026-06-06,CAN,departure,06:30,CNX Chiang Mai,9C8933,Spring Airlines,text,Duration: 3h 0m,,True,2026-02-17T14:09:22.398925
2026-06-06,CAN,departure,06:30,NGB Ningbo,9C7749,Spring Airlines,text,Duration: 2h 0m,,True,2026-02-17T14:09:22.398930
2026-06-06,CAN,departure,06:30,SHA Shanghai,9C6884,Spring Airlines,text,Duration: 2h 0m,,True,2026-02-17T14:09:22.398935
2026-06-06,CAN,departure,06:30,SYX Sanya,CZ6748,China Southern,text,Duration: 1h 50m,,True,2026-02-17T14:09:22.399034
2026-06-06,CAN,departure,06:30,HET Hohhot,GJ8567,Loong Air,text,Duration: 3h 15m,,True,2026-02-17T14:09:22.399041
2026-06-06,CAN,departure,06:30,SJW Shijiazhuang,JD5355,Capital Airlines,text,Duration: 2h 30m,,True,2026-02-17T14:09:22.399047
2026-06-06,CAN,departure,06:30,KMG Kunming,MU6823,China Eastern,text,Duration: 2h 25m,,True,2026-02-17T14:09:22.399053
2026-06-06,CAN,departure,06:35,WUX Wuxi,AQ1055,9 Air,text,Duration: 2h 10m,,True,2026-02-17T14:09:22.399058
2026-06-06,CAN,departure,06:35,PVG Shanghai,HU7431,Hainan Airlines,text,Duration: 2h 20m,,True,2026-02-17T14:09:22.399064
2026-06-06,CAN,departure,06:40,SHA Shanghai,HO1854,Juneyao Airlines,text,Duration: 2h 25m,,True,2026-02-17T14:09:22.399069
2026-06-06,CAN,departure,06:40,WUH Wuhan,MU6733,China Eastern,text,Duration: 1h 50m,,True,2026-02-17T14:09:22.399074
2026-06-06,CAN,departure,06:40,HYN Taizhou,ZH8989,Shenzhen Airlines,text,Duration: 1h 55m,,True,2026-02-17T14:09:22.399079
2026-06-06,CAN,departure,06:40,LYI Linyi,ZH8947,Shenzhen Airlines,text,Duration: 2h 35m,,True,2026-02-17T14:09:22.399085
2026-06-06,CAN,departure,06:45,LHW Lanzhou,9C7395,Spring Airlines,text,Duration: 3h 30m,,True,2026-02-17T14:09:22.399090
2026-06-06,CAN,departure,06:45,PVG Shanghai,AQ1005,9 Air,text,Duration: 2h 30m,,True,2026-02-17T14:09:22.399096
2026-06-06,CAN,departure,06:45,WHA Wuhu,CZ5839,China Southern,text,Duration: 2h 5m,,True,2026-02-17T14:09:22.399101
2026-06-06,CAN,departure,06:45,XNN Xining,CZ3249,China Southern,text,Duration: 3h 25m,,True,2026-02-17T14:09:22.399106
2026-06-06,CAN,departure,06:45,WUX Wuxi,ZH9821,Shenzhen Airlines,text,Duration: 2h 25m,,True,2026-02-17T14:09:22.399112
2026-06-06,CAN,departure,06:50,JHG Jinghong,AQ1041,9 Air,text,Duration: 3h 0m,,True,2026-02-17T14:09:22.399118
2026-06-06,CAN,departure,06:50,WEF Weifang,AQ1721,9 Air,text,Duration: 2h 55m,,True,2026-02-17T14:09:22.399124
2026-06-06,CAN,departure,06:50,LZO Luzhou,CA4352,Air China,text,Duration: 2h 15m,,True,2026-02-17T14:09:22.399129
2026-06-06,CAN,departure,06:50,DOY Dongying,HU7259,Hainan Airlines,text,Duration: 2h 55m,,True,2026-02-17T14:09:22.399134
2026-06-06,CAN,departure,06:50,ALA Almaty,KC188,Air Astana,text,Duration: 6h 35m,,True,2026-02-17T14:09:22.399140
2026-06-06,CAN,departure,06:50,XIY Xian,MU6955,China Eastern,text,Duration: 2h 20m,,True,2026-02-17T14:09:22.399145
2026-06-06,CAN,departure,06:50,TAO Qingdao,ZH9995,Shenzhen Airlines,text,Duration: 3h 10m,,True,2026-02-17T14:09:22.399150
2026-06-06,CAN,departure,06:50,WNZ Wenzhou,ZH9961,Shenzhen Airlines,text,Duration: 1h 40m,,True,2026-02-17T14:09:22.399156
2026-06-06,CAN,departure,06:55,CKG Chongqing,3U8750,Sichuan Airlines,text,Duration: 2h 10m,,True,2026-02-17T14:09:22.399161
2026-06-06,CAN,departure,06:55,KMG Kunming,3U8206,Sichuan Airlines,text,Duration: 2h 5m,,True,2026-02-17T14:09:22.399166
2026-06-06,CAN,departure,06:55,NKG Nanjing,AQ1033,9 Air,text,Duration: 2h 15m,,True,2026-02-17T14:09:22.399172
2026-06-06,CAN,departure,06:55,TSN Tianjin,BK2787,OkAir,text,Duration: 3h 0m,,True,2026-02-17T14:09:22.399177
2026-06-06,CAN,departure,06:55,DLU Dali City,CZ3481,China Southern,text,Duration: 2h 50m,,True,2026-02-17T14:09:22.399183
2026-06-06,CAN,departure,07:00,KMG Kunming,CZ3497,China Southern,text,Duration: 2h 35m,,True,2026-02-17T14:09:22.399188
2026-06-06,CAN,departure,07:00,LZY Nyingchi,CZ3477,China Southern,text,Duration: 3h 40m,,True,2026-02-17T14:09:22.399193
2026-06-06,CAN,departure,07:00,SHA Shanghai,CZ3533,China Southern,text,Duration: 2h 20m,,True,2026-02-17T14:09:22.399198
2026-06-06,CAN,departure,07:00,YTY Yangzhou,CZ5905,China Southern,text,Duration: 2h 20m,,True,2026-02-17T14:09:22.399203
2026-06-06,CAN,departure,07:05,TFU Chengdu,3U6706,Sichuan Airlines,text,Duration: 2h 15m,,True,2026-02-17T14:09:22.399209
2026-06-06,CAN,departure,07:05,KWE Guiyang,CZ8802,China Southern,text,Duration: 2h 0m,,True,2026-02-17T14:09:22.399214
2026-06-06,CAN,departure,07:05,LJG Lijiang,CZ6603,China Southern,text,Duration: 3h 10m,,True,2026-02-17T14:09:22.399219
2026-06-06,CAN,departure,07:05,XMN Xiamen,CZ3723,China Southern,text,Duration: 1h 25m,,True,2026-02-17T14:09:22.399224
2026-06-06,CAN,departure,07:05,HGH Hangzhou,HU7161,Hainan Airlines,text,Duration: 2h 0m,,True,2026-02-17T14:09:22.399229
2026-06-06,CAN,departure,07:05,NKG Nanjing,HU7113,Hainan Airlines,text,Duration: 2h 15m,,True,2026-02-17T14:09:22.399234
2026-06-06,CAN,departure,07:10,YCU Yuncheng,CA4594,Air China,text,Duration: 2h 30m,,True,2026-02-17T14:09:22.399239
2026-06-06,CAN,departure,07:10,AKA Ankang,CZ6463,China Southern,text,Duration: 2h 25m,,True,2026-02-17T14:09:22.399244
2026-06-06,CAN,departure,07:10,TAO Qingdao,CZ3199,China Southern,text,Duration: 3h 20m,,True,2026-02-17T14:09:22.399250
2026-06-06,CAN,departure,07:10,YIH Yichang,CZ3311,China Southern,text,Duration: 1h 55m,,True,2026-02-17T14:09:22.399256
2026-06-06,CAN,departure,07:10,HGH Hangzhou,JD5269,Capital Airlines,text,Duration: 1h 35m,,True,2026-02-17T14:09:22.399261
2026-06-06,CAN,departure,07:10,NKG Nanjing,ZH9861,Shenzhen Airlines,text,Duration: 2h 15m,,True,2026-02-17T14:09:22.399267
2026-06-06,CAN,departure,07:15,NNG Nanning,CZ3295,China Southern,text,Duration: 1h 40m,,True,2026-02-17T14:09:22.399273
2026-06-06,CAN,departure,07:15,TFU Chengdu,CZ3403,China Southern,text,Duration: 2h 25m,,True,2026-02-17T14:09:22.399279
2026-06-06,CAN,departure,07:15,WDS Shiyan,CZ3335,China Southern,text,Duration: 2h 20m,,True,2026-02-17T14:09:22.399284
2026-06-06,CAN,departure,07:15,XIY Xian,CZ3201,China Southern,text,Duration: 2h 30m,,True,2026-02-17T14:09:22.399289
2026-06-06,CAN,departure,07:15,PEK Beijing,ZH9147,Shenzhen Airlines,text,Duration: 3h 5m,,True,2026-02-17T14:09:22.399295
2026-06-06,CAN,departure,07:20,TSN Tianjin,CA4547,Air China,text,Duration: 3h 5m,,True,2026-02-17T14:09:22.399300
2026-06-06,CAN,departure,07:20,FOC Fuzhou,CZ3505,China Southern,text,Duration: 1h 50m,,True,2026-02-17T14:09:22.399386
2026-06-06,CAN,departure,07:20,XIY Xian,HU7828,Hainan Airlines,text,Duration: 2h 45m,,True,2026-02-17T14:09:22.399393
2026-06-06,CAN,departure,07:20,JHG Jinghong,OQ2103,Chongqing Airlines,text,Duration: 3h 15m,,True,2026-02-17T14:09:22.399399
2026-06-06,CAN,departure,07:25,URC Urumqi,AQ1061,9 Air,text,Duration: 5h 35m,,True,2026-02-17T14:09:22.399405
2026-06-06,CAN,departure,07:25,CKG Chongqing,HU7141,Hainan Airlines,text,Duration: 2h 10m,,True,2026-02-17T14:09:22.399410
2026-06-06,CAN,departure,07:30,HAK Haikou,CZ6772,China Southern,text,Duration: 1h 20m,,True,2026-02-17T14:09:22.399415
2026-06-06,CAN,departure,07:30,PVG Shanghai,MU5320,China Eastern,text,Duration: 2h 5m,,True,2026-02-17T14:09:22.399421
2026-06-06,CAN,departure,07:35,DLC Dalian,CZ3604,China Southern,text,Duration: 3h 40m,,True,2026-02-17T14:09:22.399426
2026-06-06,CAN,departure,07:35,NGB Ningbo,CZ3777,China Southern,text,Duration: 2h 5m,,True,2026-02-17T14:09:22.399431
2026-06-06,CAN,departure,07:35,WNZ Wenzhou,CZ3811,China Southern,text,Duration: 1h 50m,,True,2026-02-17T14:09:22.399437
2026-06-06,CAN,departure,07:35,URC Urumqi,HU7223,Hainan Airlines,text,Duration: 5h 15m,,True,2026-02-17T14:09:22.399443
2026-06-06,CAN,departure,07:35,TSN Tianjin,JD5185,Capital Airlines,text,Duration: 3h 20m,,True,2026-02-17T14:09:22.399448
2026-06-06,CAN,departure,07:35,PKX Beijing,MU6302,China Eastern,text,Duration: 2h 50m,,True,2026-02-17T14:09:22.399453
2026-06-06,CAN,departure,07:35,DLU Dali City,OQ2039,Chongqing Airlines,text,Duration: 3h 10m,,True,2026-02-17T14:09:22.399459
2026-06-06,CAN,departure,07:40,ALG Algiers,AH3181,Air Algerie,text,Duration: 14h 55m,,True,2026-02-17T14:09:22.399464
2026-06-06,CAN,departure,07:40,TAO Qingdao,AQ1019,9 Air,text,Duration: 3h 5m,,True,2026-02-17T14:09:22.399469
2026-06-06,CAN,departure,07:40,SHA Shanghai,HU7131,Hainan Airlines,text,Duration: 2h 30m,,True,2026-02-17T14:09:22.399475
2026-06-06,CAN,departure,07:40,SYX Sanya,HU7308,Hainan Airlines,text,Duration: 1h 45m,,True,2026-02-17T14:09:22.399480
2026-06-06,CAN,departure,07:40,CKG Chongqing,JD5227,Capital Airlines,text,Duration: 2h 0m,,True,2026-02-17T14:09:22.399485
2026-06-06,CAN,departure,07:40,LUM Mangshi,OQ2025,Chongqing Airlines,text,Duration: 3h 15m,,True,2026-02-17T14:09:22.399490
2026-06-06,CAN,departure,07:45,HET Hohhot,CZ3197,China Southern,text,Duration: 3h 10m,,True,2026-02-17T14:09:22.399495
2026-06-06,CAN,departure,07:45,WUX Wuxi,MU2908,China Eastern,text,Duration: 2h 10m,,True,2026-02-17T14:09:22.399501
2026-06-06,CAN,departure,07:45,CZX Changzhou,ZH9653,Shenzhen Airlines,text,Duration: 2h 20m,,True,2026-02-17T14:09:22.399506
2026-06-06,CAN,departure,07:45,YTY Yangzhou,ZH8905,Shenzhen Airlines,text,Duration: 2h 20m,,True,2026-02-17T14:09:22.399511
2026-06-06,CAN,departure,07:50,WUX Wuxi,CZ3913,China Southern,text,Duration: 2h 35m,,True,2026-02-17T14:09:22.399516
2026-06-06,CAN,departure,07:50,KMG Kunming,HU7207,Hainan Airlines,text,Duration: 2h 35m,,True,2026-02-17T14:09:22.399521
2026-06-06,CAN,departure,07:50,PEK Beijing,HU7802,Hainan Airlines,text,Duration: 3h 5m,,True,2026-02-17T14:09:22.399526
2026-06-06,CAN,departure,07:50,TFU Chengdu,JD5161,Capital Airlines,text,Duration: 2h 15m,,True,2026-02-17T14:09:22.399531
2026-06-06,CAN,departure,07:50,SJW Shijiazhuang,OQ2133,Chongqing Airlines,text,Duration: 2h 50m,,True,2026-02-17T14:09:22.399536
2026-06-06,CAN,departure,07:55,TFU Chengdu,CA4310,Air China,text,Duration: 2h 30m,,True,2026-02-17T14:09:22.399542
2026-06-06,CAN,departure,07:55,JNG Jining,CZ3953,China Southern,text,Duration: 2h 35m,,True,2026-02-17T14:09:22.399547
2026-06-06,CAN,departure,07:55,CGO Zhengzhou,HU7269,Hainan Airlines,text,Duration: 2h 20m,,True,2026-02-17T14:09:22.399552
2026-06-06,CAN,departure,07:55,HAK Haikou,HU7002,Hainan Airlines,text,Duration: 1h 35m,,True,2026-02-17T14:09:22.399557
2026-06-06,CAN,departure,07:55,HAK Haikou,HU7004,Hainan Airlines,text,Duration: 1h 30m,,True,2026-02-17T14:09:22.399562
2026-06-06,CAN,departure,07:55,TPE Taipei,HU7981,Hainan Airlines,text,Duration: 2h 5m,,True,2026-02-17T14:09:22.399567
2026-06-06,CAN,departure,07:55,DLU Dali City,MU9742,China Eastern,text,Duration: 2h 50m,,True,2026-02-17T14:09:22.399572
2026-06-06,CAN,departure,07:55,HFE Hefei,ZH9987,Shenzhen Airlines,text,Duration: 2h 5m,,True,2026-02-17T14:09:22.399578
2026-06-06,CAN,departure,08:00,MEL Melbourne,CZ343,China Southern,text,Duration: 9h 20m,,True,2026-02-17T14:09:22.399583
2026-06-06,CAN,departure,08:00,PKX Beijing,CZ3101,China Southern,text,Duration: 3h 5m,,True,2026-02-17T14:09:22.399588
2026-06-06,CAN,departure,08:00,SHA Shanghai,CZ3523,China Southern,text,Duration: 2h 20m,,True,2026-02-17T14:09:22.399593
2026-06-06,CAN,departure,08:00,SHE Shenyang,CZ6316,China Southern,text,Duration: 4h 0m,,True,2026-02-17T14:09:22.399598
2026-06-06,CAN,departure,08:00,SHE Shenyang,OQ2127,Chongqing Airlines,text,Duration: 3h 50m,,True,2026-02-17T14:09:22.399603
2026-06-06,CAN,departure,08:05,NKG Nanjing,AQ1029,9 Air,text,Duration: 2h 10m,,True,2026-02-17T14:09:22.399608
2026-06-06,CAN,departure,08:05,CKG Chongqing,CA4354,Air China,text,Duration: 2h 0m,,True,2026-02-17T14:09:22.399614
2026-06-06,CAN,departure,08:05,CGK Jakarta,CZ3037,China Southern,text,Duration: 5h 10m,,True,2026-02-17T14:09:22.399619
2026-06-06,CAN,departure,08:05,CGO Zhengzhou,CZ3396,China Southern,text,Duration: 2h 20m,,True,2026-02-17T14:09:22.399625
2026-06-06,CAN,departure,08:05,MNL Manila,CZ3091,China Southern,text,Duration: 2h 30m,,True,2026-02-17T14:09:22.399630
2026-06-06,CAN,departure,08:05,SYD Sydney,CZ301,China Southern,text,Duration: 9h 35m,,True,2026-02-17T14:09:22.399636
2026-06-06,CAN,departure,08:05,XNT Xingtai,CZ8245,China Southern,text,Duration: 2h 50m,,True,2026-02-17T14:09:22.399642
2026-06-06,CAN,departure,08:10,CKG Chongqing,CZ3463,China Southern,text,Duration: 2h 10m,,True,2026-02-17T14:09:22.399648
2026-06-06,CAN,departure,08:10,HGH Hangzhou,CZ3521,China Southern,text,Duration: 2h 10m,,True,2026-02-17T14:09:22.399729
2026-06-06,CAN,departure,08:10,HZA Heze,CZ3125,China Southern,text,Duration: 2h 30m,,True,2026-02-17T14:09:22.399736
2026-06-06,CAN,departure,08:10,KMG Kunming,CZ3409,China Southern,text,Duration: 2h 30m,,True,2026-02-17T14:09:22.399742
2026-06-06,CAN,departure,08:10,NKG Nanjing,CZ3513,China Southern,text,Duration: 2h 20m,,True,2026-02-17T14:09:22.399747
2026-06-06,CAN,departure,08:10,TSN Tianjin,OQ2123,Chongqing Airlines,text,Duration: 3h 0m,,True,2026-02-17T14:09:22.399753
2026-06-06,CAN,departure,08:10,HRB Harbin,ZH9671,Shenzhen Airlines,text,Duration: 4h 15m,,True,2026-02-17T14:09:22.399758
2026-06-06,CAN,departure,08:15,BKK Bangkok,CZ357,China Southern,text,Duration: 3h 5m,,True,2026-02-17T14:09:22.399763
2026-06-06,CAN,departure,08:15,CTU Chengdu,CZ3401,China Southern,text,Duration: 2h 30m,,True,2026-02-17T14:09:22.399769
2026-06-06,CAN,departure,08:15,KUL Kuala Lumpur,CZ349,China Southern,text,Duration: 4h 10m,,True,2026-02-17T14:09:22.399774
2026-06-06,CAN,departure,08:15,URC Urumqi,CZ6886,China Southern,text,Duration: 5h 15m,,True,2026-02-17T14:09:22.399780
2026-06-06,CAN,departure,08:15,XUZ Xuzhou,CZ3257,China Southern,text,Duration: 2h 20m,,True,2026-02-17T14:09:22.399785
2026-06-06,CAN,departure,08:20,HRB Harbin,CZ3615,China Southern,text,Duration: 4h 20m,,True,2026-02-17T14:09:22.399791
2026-06-06,CAN,departure,08:20,RGN Yangon,CZ3055,China Southern,text,Duration: 3h 25m,,True,2026-02-17T14:09:22.399796
2026-06-06,CAN,departure,08:20,SIN Singapore,CZ353,China Southern,text,Duration: 4h 10m,,True,2026-02-17T14:09:22.399801
2026-06-06,CAN,departure,08:20,TYN Taiyuan,CZ3701,China Southern,text,Duration: 2h 45m,,True,2026-02-17T14:09:22.399806
2026-06-06,CAN,departure,08:20,YIW Yiwu,CZ3727,China Southern,text,Duration: 1h 55m,,True,2026-02-17T14:09:22.399812
2026-06-06,CAN,departure,08:25,PEK Beijing,CA1310,Air China,text,Duration: 3h 15m,,True,2026-02-17T14:09:22.399817
2026-06-06,CAN,departure,08:25,LHW Lanzhou,CZ8985,China Southern,text,Duration: 3h 10m,,True,2026-02-17T14:09:22.399823
2026-06-06,CAN,departure,08:25,TNA Jinan,CZ3509,China Southern,text,Duration: 2h 45m,,True,2026-02-17T14:09:22.399828
2026-06-06,CAN,departure,08:25,TNA Jinan,ZH9971,Shenzhen Airlines,text,Duration: 2h 40m,,True,2026-02-17T14:09:22.399833
2026-06-06,CAN,departure,08:25,XIY Xian,ZH9221,Shenzhen Airlines,text,Duration: 2h 50m,,True,2026-02-17T14:09:22.399838
2026-06-06,CAN,departure,08:30,URC Urumqi,CA4370,Air China,text,Duration: 5h 15m,,True,2026-02-17T14:09:22.399844
2026-06-06,CAN,departure,08:30,CXR Nha Trang,CZ8475,China Southern,text,Duration: 2h 35m,,True,2026-02-17T14:09:22.399849
2026-06-06,CAN,departure,08:30,LYA Luoyang,CZ3363,China Southern,text,Duration: 2h 30m,,True,2026-02-17T14:09:22.399855
2026-06-06,CAN,departure,08:30,TFU Chengdu,HU7151,Hainan Airlines,text,Duration: 2h 15m,,True,2026-02-17T14:09:22.399860
2026-06-06,CAN,departure,08:30,SHE Shenyang,MU9869,China Eastern,text,Duration: 3h 45m,,True,2026-02-17T14:09:22.399865
2026-06-06,CAN,departure,08:35,TSN Tianjin,CA2806,Air China,text,Duration: 3h 10m,,True,2026-02-17T14:09:22.399870
2026-06-06,CAN,departure,08:35,NNY Nanyang,CZ3221,China Southern,text,Duration: 2h 5m,,True,2026-02-17T14:09:22.399876
2026-06-06,CAN,departure,08:35,SHA Shanghai,MU5302,China Eastern,text,Duration: 2h 10m,,True,2026-02-17T14:09:22.399881
2026-06-06,CAN,departure,08:40,TAO Qingdao,CZ3519,China Southern,text,Duration: 3h 0m,,True,2026-02-17T14:09:22.399886
2026-06-06,CAN,departure,08:40,PVG Shanghai,ZH9533,Shenzhen Airlines,text,Duration: 2h 20m,,True,2026-02-17T14:09:22.399892
2026-06-06,CAN,departure,08:45,CGQ Changchun,CZ6378,China Southern,text,Duration: 4h 15m,,True,2026-02-17T14:09:22.399898
2026-06-06,CAN,departure,08:45,WUH Wuhan,CZ3705,China Southern,text,Duration: 1h 45m,,True,2026-02-17T14:09:22.399903
2026-06-06,CAN,departure,08:45,NGB Ningbo,MU6949,China Eastern,text,Duration: 2h 5m,,True,2026-02-17T14:09:22.399908
2026-06-06,CAN,departure,08:45,YTY Yangzhou,ZH9693,Shenzhen Airlines,text,Duration: 2h 20m,,True,2026-02-17T14:09:22.399914
2026-06-06,CAN,departure,08:50,HND Tokyo,CZ385,China Southern,text,Duration: 4h 30m,,True,2026-02-17T14:09:22.399919
2026-06-06,CAN,departure,08:50,KTI Phnom Penh,CZ8313,China Southern,text,Duration: 2h 50m,,True,2026-02-17T14:09:22.399925
2026-06-06,CAN,departure,08:50,IST Istanbul,TK299,Turkish Airlines,text,Duration: 11h 30m,,True,2026-02-17T14:09:22.399930
2026-06-06,CAN,departure,08:55,CGO Zhengzhou,CZ3971,China Southern,text,Duration: 2h 25m,,True,2026-02-17T14:09:22.399935
2026-06-06,CAN,departure,08:55,ENY Yan'an,CZ3223,China Southern,text,Duration: 2h 50m,,True,2026-02-17T14:09:22.399940
2026-06-06,CAN,departure,08:55,KTM Kathmandu,CZ6067,China Southern,text,Duration: 5h 10m,,True,2026-02-17T14:09:22.399945
2026-06-06,CAN,departure,08:55,MIG Mian Yang,CZ8637,China Southern,text,Duration: 2h 50m,,True,2026-02-17T14:09:22.399951
2026-06-06,CAN,departure,09:00,BKK Bangkok,9C7419,Spring Airlines,text,Duration: 3h 0m,,True,2026-02-17T14:09:22.399956
2026-06-06,CAN,departure,09:00,HZG Hanzhong,AQ1153,9 Air,text,Duration: 2h 35m,,True,2026-02-17T14:09:22.399961
2026-06-06,CAN,departure,09:00,SHA Shanghai,CA1838,Air China,text,Duration: 2h 20m,,True,2026-02-17T14:09:22.399966
2026-06-06,CAN,departure,09:00,PKX Beijing,CZ3099,China Southern,text,Duration: 3h 5m,,True,2026-02-17T14:09:22.399972
2026-06-06,CAN,departure,09:00,SHA Shanghai,CZ3529,China Southern,text,Duration: 2h 20m,,True,2026-02-17T14:09:22.399977
2026-06-06,CAN,departure,09:00,VTE Vientiane,CZ8149,China Southern,text,Duration: 2h 30m,,True,2026-02-17T14:09:22.399982
2026-06-06,CAN,departure,09:00,DIG Diqing,MU5774,China Eastern,text,Duration: 3h 20m,,True,2026-02-17T14:09:22.399987
2026-06-06,CAN,departure,09:00,PVG Shanghai,MU5372,China Eastern,text,Duration: 2h 5m,,True,2026-02-17T14:09:22.399992
2026-06-06,CAN,departure,09:05,SGN Ho Chi Minh City,CZ8159,China Southern,text,Duration: 2h 55m,,True,2026-02-17T14:09:22.400079
2026-06-06,CAN,departure,09:05,URC Urumqi,CZ6900,China Southern,text,Duration: 5h 0m,,True,2026-02-17T14:09:22.400087
2026-06-06,CAN,departure,09:05,XIY Xian,CZ3237,China Southern,text,Duration: 2h 30m,,True,2026-02-17T14:09:22.400093
2026-06-06,CAN,departure,09:05,NKG Nanjing,ZH9863,Shenzhen Airlines,text,Duration: 2h 25m,,True,2026-02-17T14:09:22.400098
2026-06-06,CAN,departure,09:10,HGH Hangzhou,CZ3803,China Southern,text,Duration: 2h 5m,,True,2026-02-17T14:09:22.400104
2026-06-06,CAN,departure,09:10,NGB Ningbo,CZ8293,China Southern,text,Duration: 2h 10m,,True,2026-02-17T14:09:22.400109
2026-06-06,CAN,departure,09:10,NKG Nanjing,CZ3843,China Southern,text,Duration: 2h 20m,,True,2026-02-17T14:09:22.400115
2026-06-06,CAN,departure,09:15,PEK Beijing,CA1380,Air China,text,Duration: 3h 15m,,True,2026-02-17T14:09:22.400120
2026-06-06,CAN,departure,09:15,CTU Chengdu,CZ3437,China Southern,text,Duration: 2h 30m,,True,2026-02-17T14:09:22.400126
2026-06-06,CAN,departure,09:15,DLC Dalian,CZ6485,China Southern,text,Duration: 3h 25m,,True,2026-02-17T14:09:22.400131
2026-06-06,CAN,departure,09:15,ADD Addis Ababa,ET617,Ethiopian,text,Duration: 9h 45m,,True,2026-02-17T14:09:22.400137
2026-06-06,CAN,departure,09:15,PEK Beijing,HU7804,Hainan Airlines,text,Duration: 3h 5m,,True,2026-02-17T14:09:22.400142
2026-06-06,CAN,departure,09:15,KHN Nanchang,MU9875,China Eastern,text,Duration: 1h 45m,,True,2026-02-17T14:09:22.400148
2026-06-06,CAN,departure,09:20,CTU Chengdu,3U8734,Sichuan Airlines,text,Duration: 2h 20m,,True,2026-02-17T14:09:22.400154
2026-06-06,CAN,departure,09:20,KUL Kuala Lumpur,CZ3047,China Southern,text,Duration: 4h 5m,,True,2026-02-17T14:09:22.400159
2026-06-06,CAN,departure,09:20,SHE Shenyang,CZ6332,China Southern,text,Duration: 3h 35m,,True,2026-02-17T14:09:22.400165
2026-06-06,CAN,departure,09:20,WUX Wuxi,ZH9823,Shenzhen Airlines,text,Duration: 2h 20m,,True,2026-02-17T14:09:22.400171
2026-06-06,CAN,departure,09:25,CGO Zhengzhou,CZ5763,China Southern,text,Duration: 2h 30m,,True,2026-02-17T14:09:22.400176
2026-06-06,CAN,departure,09:25,KIX Osaka,CZ389,China Southern,text,Duration: 3h 45m,,True,2026-02-17T14:09:22.400181
2026-06-06,CAN,departure,09:25,TNA Jinan,HU7209,Hainan Airlines,text,Duration: 2h 45m,,True,2026-02-17T14:09:22.400187
2026-06-06,CAN,departure,09:30,HAK Haikou,CZ6774,China Southern,text,Duration: 1h 20m,,True,2026-02-17T14:09:22.400192
2026-06-06,CAN,departure,09:30,WUH Wuhan,CZ6608,China Southern,text,Duration: 1h 55m,,True,2026-02-17T14:09:22.400197
2026-06-06,CAN,departure,09:30,SHA Shanghai,MU5304,China Eastern,text,Duration: 2h 5m,,True,2026-02-17T14:09:22.400203
2026-06-06,CAN,departure,09:35,DAC Dhaka,CZ5015,China Southern,text,Duration: 4h 15m,,True,2026-02-17T14:09:22.400208
2026-06-06,CAN,departure,09:35,ICN Seoul,CZ337,China Southern,text,Duration: 3h 20m,,True,2026-02-17T14:09:22.400214
2026-06-06,CAN,departure,09:35,KMG Kunming,CZ3493,China Southern,text,Duration: 2h 35m,,True,2026-02-17T14:09:22.400219
2026-06-06,CAN,departure,09:35,CGO Zhengzhou,PN6382,West Air (China),text,Duration: 2h 10m,,True,2026-02-17T14:09:22.400225
2026-06-06,CAN,departure,09:40,BKK Bangkok,CZ8079,China Southern,text,Duration: 3h 0m,,True,2026-02-17T14:09:22.400230
2026-06-06,CAN,departure,09:45,DLU Dali City,CZ6595,China Southern,text,Duration: 3h 5m,,True,2026-02-17T14:09:22.400235
2026-06-06,CAN,departure,09:45,HAN Hanoi,CZ3049,China Southern,text,Duration: 2h 0m,,True,2026-02-17T14:09:22.400241
2026-06-06,CAN,departure,09:45,YNZ Yancheng,CZ3267,China Southern,text,Duration: 2h 25m,,True,2026-02-17T14:09:22.400246
2026-06-06,CAN,departure,09:50,HAK Haikou,AQ1023,9 Air,text,Duration: 1h 30m,,True,2026-02-17T14:09:22.400251
2026-06-06,CAN,departure,09:50,KIX Osaka,AQ1259,9 Air,text,Duration: 3h 55m,,True,2026-02-17T14:09:22.400257
2026-06-06,CAN,departure,09:50,ACX Xingyi,CZ3923,China Southern,text,Duration: 2h 20m,,True,2026-02-17T14:09:22.400263
2026-06-06,CAN,departure,09:50,HFE Hefei,CZ3813,China Southern,text,Duration: 2h 20m,,True,2026-02-17T14:09:22.400268
2026-06-06,CAN,departure,09:50,"JUZ Quzhou, Zhejiang Province",CZ6289,China Southern,text,Duration: 2h 5m,,True,2026-02-17T14:09:22.400274
2026-06-06,CAN,departure,09:50,INC Yinchuan,ZH8941,Shenzhen Airlines,text,Duration: 3h 20m,,True,2026-02-17T14:09:22.400280
2026-06-06,CAN,departure,09:50,TNA Jinan,ZH9973,Shenzhen Airlines,text,Duration: 2h 45m,,True,2026-02-17T14:09:22.400286
2026-06-06,CAN,departure,09:55,LYG Lianyungang,AQ1179,9 Air,text,Duration: 2h 20m,,True,2026-02-17T14:09:22.400291
2026-06-06,CAN,departure,09:55,NTG Nantong,CZ3639,China Southern,text,Duration: 2h 20m,,True,2026-02-17T14:09:22.400297
2026-06-06,CAN,departure,09:55,SYX Sanya,CZ6732,China Southern,text,Duration: 1h 50m,,True,2026-02-17T14:09:22.400302
2026-06-06,CAN,departure,10:00,PKX Beijing,CZ3121,China Southern,text,Duration: 3h 10m,,True,2026-02-17T14:09:22.400308
2026-06-06,CAN,departure,10:00,SHA Shanghai,CZ3531,China Southern,text,Duration: 2h 20m,,True,2026-02-17T14:09:22.400313
2026-06-06,CAN,departure,10:00,YIC Yichun,HU7201,Hainan Airlines,text,Duration: 1h 35m,,True,2026-02-17T14:09:22.400318
2026-06-06,CAN,departure,10:05,BNE Brisbane,CZ635,China Southern,text,Duration: 9h 5m,,True,2026-02-17T14:09:22.400324
2026-06-06,CAN,departure,10:10,HKG Hong Kong,CX983,Cathay Pacific,text,Duration: 1h 35m,,True,2026-02-17T14:09:22.400329
2026-06-06,CAN,departure,10:10,HGH Hangzhou,CZ3863,China Southern,text,Duration: 2h 10m,,True,2026-02-17T14:09:22.400335
2026-06-06,CAN,departure,10:10,MAD Madrid,CZ377,China Southern,text,Duration: 14h 20m,,True,2026-02-17T14:09:22.400340
2026-06-06,CAN,departure,10:10,NKG Nanjing,CZ3599,China Southern,text,Duration: 2h 20m,,True,2026-02-17T14:09:22.400346
2026-06-06,CAN,departure,10:10,XMN Xiamen,MF8306,XiamenAir,text,Duration: 1h 20m,,True,2026-02-17T14:09:22.400351
2026-06-06,CAN,departure,10:15,PEK Beijing,HU7806,Hainan Airlines,text,Duration: 3h 0m,,True,2026-02-17T14:09:22.400436
2026-06-06,CAN,departure,10:20,KUL Kuala Lumpur,AK113,AirAsia,text,Duration: 4h 20m,,True,2026-02-17T14:09:22.400443
2026-06-06,CAN,departure,10:25,KWE Guiyang,CZ6393,China Southern,text,Duration: 1h 50m,,True,2026-02-17T14:09:22.400449
2026-06-06,CAN,departure,10:25,HYN Taizhou,MU2475,China Eastern,text,Duration: 2h 5m,,True,2026-02-17T14:09:22.400454
2026-06-06,CAN,departure,10:30,PEK Beijing,CA1330,Air China,text,Duration: 3h 10m,,True,2026-02-17T14:09:22.400459
2026-06-06,CAN,departure,10:30,LHW Lanzhou,CZ3205,China Southern,text,Duration: 3h 15m,,True,2026-02-17T14:09:22.400465
2026-06-06,CAN,departure,10:30,PVG Shanghai,CZ3550,China Southern,text,Duration: 2h 30m,,True,2026-02-17T14:09:22.400470
2026-06-06,CAN,departure,10:30,SHA Shanghai,MU5306,China Eastern,text,Duration: 2h 30m,,True,2026-02-17T14:09:22.400475
2026-06-06,CAN,departure,10:35,CTU Chengdu,3U8738,Sichuan Airlines,text,Duration: 2h 15m,,True,2026-02-17T14:09:22.400481
2026-06-06,CAN,departure,10:35,HGH Hangzhou,CA1790,Air China,text,Duration: 2h 10m,,True,2026-02-17T14:09:22.400486
2026-06-06,CAN,departure,10:35,CGQ Changchun,CZ8460,China Southern,text,Duration: 4h 15m,,True,2026-02-17T14:09:22.400491
2026-06-06,CAN,departure,10:35,TNA Jinan,CZ3619,China Southern,text,Duration: 2h 45m,,True,2026-02-17T14:09:22.400496
2026-06-06,CAN,departure,10:35,NGB Ningbo,OQ2027,Chongqing Airlines,text,Duration: 2h 0m,,True,2026-02-17T14:09:22.400502
2026-06-06,CAN,departure,10:40,BKK Bangkok,CZ8099,China Southern,text,Duration: 3h 10m,,True,2026-02-17T14:09:22.400507
2026-06-06,CAN,departure,10:40,HFE Hefei,MU5288,China Eastern,text,Duration: 2h 5m,,True,2026-02-17T14:09:22.400512
2026-06-06,CAN,departure,10:40,SIN Singapore,TR101,Scoot,text,Duration: 4h 5m,,True,2026-02-17T14:09:22.400517
2026-06-06,CAN,departure,10:45,CSX Changsha,CZ3380,China Southern,text,Duration: 1h 35m,,True,2026-02-17T14:09:22.400522
2026-06-06,CAN,departure,10:45,CTU Chengdu,EU2236,Chengdu Airlines,text,Duration: 2h 30m,,True,2026-02-17T14:09:22.400528
2026-06-06,CAN,departure,10:45,SHA Shanghai,HO1856,Juneyao Airlines,text,Duration: 2h 20m,,True,2026-02-17T14:09:22.400533
2026-06-06,CAN,departure,10:45,WUX Wuxi,ZH9825,Shenzhen Airlines,text,Duration: 2h 35m,,True,2026-02-17T14:09:22.400539
2026-06-06,CAN,departure,10:50,ICN Seoul,CZ3061,China Southern,text,Duration: 3h 35m,,True,2026-02-17T14:09:22.400544
2026-06-06,CAN,departure,10:50,TSN Tianjin,CZ3301,China Southern,text,Duration: 3h 25m,,True,2026-02-17T14:09:22.400550
2026-06-06,CAN,departure,10:50,YIW Yiwu,CZ3883,China Southern,text,Duration: 1h 55m,,True,2026-02-17T14:09:22.400555
2026-06-06,CAN,departure,10:50,NKG Nanjing,MU2818,China Eastern,text,Duration: 2h 20m,,True,2026-02-17T14:09:22.400560
2026-06-06,CAN,departure,10:55,SHA Shanghai,9C8836,Spring Airlines,text,Duration: 2h 20m,,True,2026-02-17T14:09:22.400565
2026-06-06,CAN,departure,10:55,KMG Kunming,CZ3415,China Southern,text,Duration: 2h 40m,,True,2026-02-17T14:09:22.400570
2026-06-06,CAN,departure,10:55,WMT Zunyi,CZ3313,China Southern,text,Duration: 1h 55m,,True,2026-02-17T14:09:22.400576
2026-06-06,CAN,departure,11:00,PKX Beijing,CZ3177,China Southern,text,Duration: 3h 15m,,True,2026-02-17T14:09:22.400581
2026-06-06,CAN,departure,11:00,SHA Shanghai,CZ3537,China Southern,text,Duration: 2h 20m,,True,2026-02-17T14:09:22.400586
2026-06-06,CAN,departure,11:00,HGH Hangzhou,HU7261,Hainan Airlines,text,Duration: 2h 10m,,True,2026-02-17T14:09:22.400592
2026-06-06,CAN,departure,11:05,NTG Nantong,ZH8693,Shenzhen Airlines,text,Duration: 2h 15m,,True,2026-02-17T14:09:22.400597
2026-06-06,CAN,departure,11:10,HGH Hangzhou,CZ6567,China Southern,text,Duration: 2h 10m,,True,2026-02-17T14:09:22.400603
2026-06-06,CAN,departure,11:10,HGH Hangzhou,HU7461,Hainan Airlines,text,Duration: 1h 55m,,True,2026-02-17T14:09:22.400608
2026-06-06,CAN,departure,11:10,SVO Moscow,SU221,Aeroflot,text,Duration: 10h 5m,,True,2026-02-17T14:09:22.400614
2026-06-06,CAN,departure,11:15,CTU Chengdu,CZ3443,China Southern,text,Duration: 2h 25m,,True,2026-02-17T14:09:22.400619
2026-06-06,CAN,departure,11:15,TPE Taipei,CZ3097,China Southern,text,Duration: 2h 15m,,True,2026-02-17T14:09:22.400625
2026-06-06,CAN,departure,11:15,FOC Fuzhou,MF8324,XiamenAir,text,Duration: 1h 45m,,True,2026-02-17T14:09:22.400630
2026-06-06,CAN,departure,11:15,CTU Chengdu,TV9766,Tibet Airlines,text,Duration: 2h 25m,,True,2026-02-17T14:09:22.400636
2026-06-06,CAN,departure,11:20,KUL Kuala Lumpur,CZ8011,China Southern,text,Duration: 4h 20m,,True,2026-02-17T14:09:22.400641
2026-06-06,CAN,departure,11:20,WNZ Wenzhou,CZ3763,China Southern,text,Duration: 2h 5m,,True,2026-02-17T14:09:22.400647
2026-06-06,CAN,departure,11:20,TFU Chengdu,ZH9443,Shenzhen Airlines,text,Duration: 2h 25m,,True,2026-02-17T14:09:22.400652
2026-06-06,CAN,departure,11:25,PZI Pan Zhi Hua,CZ3933,China Southern,text,Duration: 2h 20m,,True,2026-02-17T14:09:22.400658
2026-06-06,CAN,departure,11:25,KMG Kunming,KY8280,Kunming Airlines,text,Duration: 2h 25m,,True,2026-02-17T14:09:22.400663
2026-06-06,CAN,departure,11:25,HGH Hangzhou,MU5212,China Eastern,text,Duration: 2h 5m,,True,2026-02-17T14:09:22.400668
2026-06-06,CAN,departure,11:25,KMG Kunming,MU5732,China Eastern,text,Duration: 2h 30m,,True,2026-02-17T14:09:22.400674
2026-06-06,CAN,departure,11:30,CKG Chongqing,CA4362,Air China,text,Duration: 2h 20m,,True,2026-02-17T14:09:22.400680
2026-06-06,CAN,departure,11:30,CGO Zhengzhou,CZ6593,China Southern,text,Duration: 2h 20m,,True,2026-02-17T14:09:22.400685
2026-06-06,CAN,departure,11:30,HAK Haikou,CZ6786,China Southern,text,Duration: 1h 25m,,True,2026-02-17T14:09:22.400690
2026-06-06,CAN,departure,11:30,WUH Wuhan,CZ3348,China Southern,text,Duration: 1h 55m,,True,2026-02-17T14:09:22.400696
2026-06-06,CAN,departure,11:35,HGH Hangzhou,3U3152,Sichuan Airlines,text,Duration: 2h 5m,,True,2026-02-17T14:09:22.400701
2026-06-06,CAN,departure,11:35,HET Hohhot,CZ3245,China Southern,text,Duration: 3h 10m,,True,2026-02-17T14:09:22.400785
2026-06-06,CAN,departure,11:35,HAN Hanoi,ZH121,Shenzhen Airlines,text,Duration: 2h 10m,,True,2026-02-17T14:09:22.400792
2026-06-06,CAN,departure,11:40,PEK Beijing,CA1360,Air China,text,Duration: 3h 5m,,True,2026-02-17T14:09:22.400798
2026-06-06,CAN,departure,11:40,CKG Chongqing,OQ2306,Chongqing Airlines,text,Duration: 2h 20m,,True,2026-02-17T14:09:22.400803
2026-06-06,CAN,departure,11:40,NKG Nanjing,ZH9865,Shenzhen Airlines,text,Duration: 2h 30m,,True,2026-02-17T14:09:22.400809
2026-06-06,CAN,departure,11:45,HGH Hangzhou,CA8592,Air China,text,Duration: 2h 30m,,True,2026-02-17T14:09:22.400814
2026-06-06,CAN,departure,11:45,TSN Tianjin,CA2802,Air China,text,Duration: 3h 10m,,True,2026-02-17T14:09:22.400819
2026-06-06,CAN,departure,11:45,LJG Lijiang,CZ3423,China Southern,text,Duration: 3h 10m,,True,2026-02-17T14:09:22.400825
2026-06-06,CAN,departure,11:45,TAO Qingdao,CZ3535,China Southern,text,Duration: 3h 0m,,True,2026-02-17T14:09:22.400830
2026-06-06,CAN,departure,11:45,URC Urumqi,CZ6888,China Southern,text,Duration: 5h 20m,,True,2026-02-17T14:09:22.400836
2026-06-06,CAN,departure,11:50,NGB Ningbo,CZ3517,China Southern,text,Duration: 1h 55m,,True,2026-02-17T14:09:22.400841
2026-06-06,CAN,departure,11:50,TSN Tianjin,CZ3143,China Southern,text,Duration: 3h 25m,,True,2026-02-17T14:09:22.400847
2026-06-06,CAN,departure,11:50,PKX Beijing,MU6304,China Eastern,text,Duration: 3h 5m,,True,2026-02-17T14:09:22.400852
2026-06-06,CAN,departure,11:50,TYN Taiyuan,MU5252,China Eastern,text,Duration: 3h 10m,,True,2026-02-17T14:09:22.400857
2026-06-06,CAN,departure,11:50,WUX Wuxi,ZH9827,Shenzhen Airlines,text,Duration: 2h 25m,,True,2026-02-17T14:09:22.400863
2026-06-06,CAN,departure,11:55,CTU Chengdu,CA4306,Air China,text,Duration: 2h 35m,,True,2026-02-17T14:09:22.400868
2026-06-06,CAN,departure,11:55,KUL Kuala Lumpur,CZ8347,China Southern,text,Duration: 4h 10m,,True,2026-02-17T14:09:22.400874
2026-06-06,CAN,departure,11:55,XIY Xian,CZ3219,China Southern,text,Duration: 2h 50m,,True,2026-02-17T14:09:22.400879
2026-06-06,CAN,departure,11:55,PVG Shanghai,HU7331,Hainan Airlines,text,Duration: 2h 35m,,True,2026-02-17T14:09:22.400884
2026-06-06,CAN,departure,11:55,TSN Tianjin,MF8314,XiamenAir,text,Duration: 3h 20m,,True,2026-02-17T14:09:22.400890
2026-06-06,CAN,departure,11:55,LHW Lanzhou,MU2220,China Eastern,text,Duration: 3h 15m,,True,2026-02-17T14:09:22.400895
2026-06-06,CAN,departure,12:00,TFU Chengdu,3U6702,Sichuan Airlines,text,Duration: 2h 5m,,True,2026-02-17T14:09:22.400900
2026-06-06,CAN,departure,12:00,PKX Beijing,CZ3103,China Southern,text,Duration: 2h 55m,,True,2026-02-17T14:09:22.400905
2026-06-06,CAN,departure,12:00,SHA Shanghai,CZ3539,China Southern,text,Duration: 2h 20m,,True,2026-02-17T14:09:22.400911
2026-06-06,CAN,departure,12:00,TAO Qingdao,MU5256,China Eastern,text,Duration: 2h 55m,,True,2026-02-17T14:09:22.400916
2026-06-06,CAN,departure,12:00,YNT Yantai,SC7622,Shandong Airlines,text,Duration: 3h 10m,,True,2026-02-17T14:09:22.400921
2026-06-06,CAN,departure,12:05,SHA Shanghai,9C6722,Spring Airlines,text,Duration: 2h 25m,,True,2026-02-17T14:09:22.400926
2026-06-06,CAN,departure,12:05,BKK Bangkok,CZ5095,China Southern,text,Duration: 3h 0m,,True,2026-02-17T14:09:22.400932
2026-06-06,CAN,departure,12:05,XMN Xiamen,CZ3741,China Southern,text,Duration: 1h 25m,,True,2026-02-17T14:09:22.400937
2026-06-06,CAN,departure,12:05,INC Yinchuan,MF8754,XiamenAir,text,Duration: 3h 20m,,True,2026-02-17T14:09:22.400943
2026-06-06,CAN,departure,12:10,WNZ Wenzhou,CA8352,Air China,text,Duration: 2h 10m,,True,2026-02-17T14:09:22.400948
2026-06-06,CAN,departure,12:10,DLC Dalian,CZ6322,China Southern,text,Duration: 3h 20m,,True,2026-02-17T14:09:22.400953
2026-06-06,CAN,departure,12:10,HGH Hangzhou,CZ3869,China Southern,text,Duration: 2h 10m,,True,2026-02-17T14:09:22.400958
2026-06-06,CAN,departure,12:15,PKX Beijing,MF8396,XiamenAir,text,Duration: 3h 0m,,True,2026-02-17T14:09:22.400963
2026-06-06,CAN,departure,12:15,XIY Xian,MU2312,China Eastern,text,Duration: 2h 20m,,True,2026-02-17T14:09:22.400969
2026-06-06,CAN,departure,12:20,HIA Huai'an,MU2870,China Eastern,text,Duration: 2h 25m,,True,2026-02-17T14:09:22.400974
2026-06-06,CAN,departure,12:20,HRB Harbin,ZH9677,Shenzhen Airlines,text,Duration: 4h 5m,,True,2026-02-17T14:09:22.400979
2026-06-06,CAN,departure,12:25,TFU Chengdu,AQ1115,9 Air,text,Duration: 2h 25m,,True,2026-02-17T14:09:22.400984
2026-06-06,CAN,departure,12:25,HFE Hefei,CZ3873,China Southern,text,Duration: 2h 15m,,True,2026-02-17T14:09:22.400990
2026-06-06,CAN,departure,12:25,HGH Hangzhou,MF8320,XiamenAir,text,Duration: 2h 0m,,True,2026-02-17T14:09:22.400996
2026-06-06,CAN,departure,12:25,ICN Seoul,OZ370,Asiana,text,Duration: 3h 35m,,True,2026-02-17T14:09:22.401001
2026-06-06,CAN,departure,12:30,BKK Bangkok,CZ3081,China Southern,text,Duration: 3h 0m,,True,2026-02-17T14:09:22.401007
2026-06-06,CAN,departure,12:30,WUH Wuhan,CZ8728,China Southern,text,Duration: 1h 50m,,True,2026-02-17T14:09:22.401012
2026-06-06,CAN,departure,12:30,SHA Shanghai,FM9308,Shanghai Airlines,text,Duration: 2h 10m,,True,2026-02-17T14:09:22.401018
2026-06-06,CAN,departure,12:30,XIY Xian,HU7838,Hainan Airlines,text,Duration: 2h 40m,,True,2026-02-17T14:09:22.401023
2026-06-06,CAN,departure,12:30,SJW Shijiazhuang,NS3204,Hebei Airlines,text,Duration: 2h 40m,,True,2026-02-17T14:09:22.401029
2026-06-06,CAN,departure,12:35,CGO Zhengzhou,CZ8686,China Southern,text,Duration: 2h 20m,,True,2026-02-17T14:09:22.401035
2026-06-06,CAN,departure,12:35,KTI Phnom Penh,CZ6059,China Southern,text,Duration: 2h 55m,,True,2026-02-17T14:09:22.401041
2026-06-06,CAN,departure,12:35,TNA Jinan,CZ3711,China Southern,text,Duration: 2h 45m,,True,2026-02-17T14:09:22.401046
2026-06-06,CAN,departure,12:40,PEK Beijing,CA1352,Air China,text,Duration: 3h 15m,,True,2026-02-17T14:09:22.401051
2026-06-06,CAN,departure,12:40,KUL Kuala Lumpur,CZ8301,China Southern,text,Duration: 4h 20m,,True,2026-02-17T14:09:22.401136
2026-06-06,CAN,departure,12:40,SGN Ho Chi Minh City,CZ373,China Southern,text,Duration: 2h 50m,,True,2026-02-17T14:09:22.401144
2026-06-06,CAN,departure,12:40,SHA Shanghai,HO2288,Juneyao Airlines,text,Duration: 2h 15m,,True,2026-02-17T14:09:22.401149
2026-06-06,CAN,departure,12:40,CKG Chongqing,HU7341,Hainan Airlines,text,Duration: 2h 25m,,True,2026-02-17T14:09:22.401156
2026-06-06,CAN,departure,12:40,ICN Seoul,KE868,Korean Air,text,Duration: 3h 35m,,True,2026-02-17T14:09:22.401161
2026-06-06,CAN,departure,12:45,SIN Singapore,CZ3039,China Southern,text,Duration: 4h 5m,,True,2026-02-17T14:09:22.401167
2026-06-06,CAN,departure,12:45,ZHA Zhanjiang,CZ3331,China Southern,text,Duration: 1h 15m,,True,2026-02-17T14:09:22.401172
2026-06-06,CAN,departure,12:50,PKX Beijing,MU6306,China Eastern,text,Duration: 2h 55m,,True,2026-02-17T14:09:22.401177
2026-06-06,CAN,departure,12:50,TNA Jinan,SC1170,Shandong Airlines,text,Duration: 2h 35m,,True,2026-02-17T14:09:22.401183
2026-06-06,CAN,departure,12:50,WUS Wuyishan,SC4674,Shandong Airlines,text,Duration: 1h 25m,,True,2026-02-17T14:09:22.401188
2026-06-06,CAN,departure,12:50,NKG Nanjing,ZH9867,Shenzhen Airlines,text,Duration: 2h 25m,,True,2026-02-17T14:09:22.401194
2026-06-06,CAN,departure,12:55,HKT Phuket,CZ6063,China Southern,text,Duration: 3h 45m,,True,2026-02-17T14:09:22.401199
2026-06-06,CAN,departure,12:55,MXZ Mei Xian,CZ3333,China Southern,text,Duration: 1h 5m,,True,2026-02-17T14:09:22.401205
2026-06-06,CAN,departure,12:55,TAO Qingdao,CZ3799,China Southern,text,Duration: 3h 5m,,True,2026-02-17T14:09:22.401211
2026-06-06,CAN,departure,12:55,TFU Chengdu,MU5322,China Eastern,text,Duration: 2h 15m,,True,2026-02-17T14:09:22.401216
2026-06-06,CAN,departure,12:55,XIY Xian,ZH9223,Shenzhen Airlines,text,Duration: 2h 30m,,True,2026-02-17T14:09:22.401221
2026-06-06,CAN,departure,13:00,DXB Dubai,CZ8057,China Southern,text,Duration: 9h 10m,,True,2026-02-17T14:09:22.401227
2026-06-06,CAN,departure,13:00,PKX Beijing,CZ3179,China Southern,text,Duration: 2h 55m,,True,2026-02-17T14:09:22.401232
2026-06-06,CAN,departure,13:00,SHA Shanghai,CZ3525,China Southern,text,Duration: 2h 25m,,True,2026-02-17T14:09:22.401237
2026-06-06,CAN,departure,13:00,PVG Shanghai,FM9310,Shanghai Airlines,text,Duration: 2h 15m,,True,2026-02-17T14:09:22.401243
2026-06-06,CAN,departure,13:00,HAK Haikou,HU7008,Hainan Airlines,text,Duration: 1h 30m,,True,2026-02-17T14:09:22.401248
2026-06-06,CAN,departure,13:05,DZH Dazhou,CA4356,Air China,text,Duration: 2h 30m,,True,2026-02-17T14:09:22.401253
2026-06-06,CAN,departure,13:05,XIY Xian,CZ3207,China Southern,text,Duration: 2h 35m,,True,2026-02-17T14:09:22.401258
2026-06-06,CAN,departure,13:05,YIW Yiwu,CZ3149,China Southern,text,Duration: 2h 0m,,True,2026-02-17T14:09:22.401264
2026-06-06,CAN,departure,13:05,HFE Hefei,HU7203,Hainan Airlines,text,Duration: 2h 0m,,True,2026-02-17T14:09:22.401269
2026-06-06,CAN,departure,13:05,SHE Shenyang,ZH9655,Shenzhen Airlines,text,Duration: 3h 35m,,True,2026-02-17T14:09:22.401274
2026-06-06,CAN,departure,13:10,CKG Chongqing,CZ3485,China Southern,text,Duration: 2h 10m,,True,2026-02-17T14:09:22.401280
2026-06-06,CAN,departure,13:10,HGH Hangzhou,CZ3511,China Southern,text,Duration: 2h 10m,,True,2026-02-17T14:09:22.401285
2026-06-06,CAN,departure,13:10,NKG Nanjing,CZ3821,China Southern,text,Duration: 2h 20m,,True,2026-02-17T14:09:22.401291
2026-06-06,CAN,departure,13:10,WNZ Wenzhou,KN5038,China United Airlines,text,Duration: 1h 45m,,True,2026-02-17T14:09:22.401296
2026-06-06,CAN,departure,13:15,CTU Chengdu,CZ3471,China Southern,text,Duration: 2h 25m,,True,2026-02-17T14:09:22.401302
2026-06-06,CAN,departure,13:15,PEK Beijing,HU7808,Hainan Airlines,text,Duration: 3h 0m,,True,2026-02-17T14:09:22.401307
2026-06-06,CAN,departure,13:15,FOC Fuzhou,MF8356,XiamenAir,text,Duration: 1h 55m,,True,2026-02-17T14:09:22.401313
2026-06-06,CAN,departure,13:20,LHR London,CZ303,China Southern,text,Duration: 12h 40m,,True,2026-02-17T14:09:22.401318
2026-06-06,CAN,departure,13:20,VTE Vientiane,CZ6091,China Southern,text,Duration: 2h 25m,,True,2026-02-17T14:09:22.401323
2026-06-06,CAN,departure,13:25,TYN Taiyuan,CZ6527,China Southern,text,Duration: 2h 50m,,True,2026-02-17T14:09:22.401328
2026-06-06,CAN,departure,13:25,KTI Phnom Penh,K6669,Air Cambodia,text,Duration: 2h 55m,,True,2026-02-17T14:09:22.401333
2026-06-06,CAN,departure,13:25,SIN Singapore,SQ851,Singapore Airlines,text,Duration: 4h 20m,,True,2026-02-17T14:09:22.401339
2026-06-06,CAN,departure,13:30,HET Hohhot,CA1382,Air China,text,Duration: 3h 25m,,True,2026-02-17T14:09:22.401344
2026-06-06,CAN,departure,13:30,SHE Shenyang,CZ6302,China Southern,text,Duration: 4h 0m,,True,2026-02-17T14:09:22.401349
2026-06-06,CAN,departure,13:30,WUH Wuhan,CZ8672,China Southern,text,Duration: 1h 55m,,True,2026-02-17T14:09:22.401354
2026-06-06,CAN,departure,13:30,SHA Shanghai,FM9312,Shanghai Airlines,text,Duration: 2h 15m,,True,2026-02-17T14:09:22.401359
2026-06-06,CAN,departure,13:30,XIY Xian,MU2302,China Eastern,text,Duration: 2h 35m,,True,2026-02-17T14:09:22.401365
2026-06-06,CAN,departure,13:30,CZX Changzhou,ZH8943,Shenzhen Airlines,text,Duration: 2h 15m,,True,2026-02-17T14:09:22.401370
2026-06-06,CAN,departure,13:35,CKG Chongqing,3U8748,Sichuan Airlines,text,Duration: 2h 0m,,True,2026-02-17T14:09:22.401376
2026-06-06,CAN,departure,13:35,CXR Nha Trang,CZ6049,China Southern,text,Duration: 2h 35m,,True,2026-02-17T14:09:22.401381
2026-06-06,CAN,departure,13:40,PEK Beijing,CA1322,Air China,text,Duration: 3h 15m,,True,2026-02-17T14:09:22.401387
2026-06-06,CAN,departure,13:40,HAN Hanoi,CZ8315,China Southern,text,Duration: 2h 5m,,True,2026-02-17T14:09:22.401392
2026-06-06,CAN,departure,13:45,CGQ Changchun,CZ6342,China Southern,text,Duration: 4h 15m,,True,2026-02-17T14:09:22.401398
2026-06-06,CAN,departure,13:50,FOC Fuzhou,CZ3877,China Southern,text,Duration: 1h 45m,,True,2026-02-17T14:09:22.401403
2026-06-06,CAN,departure,13:50,NGB Ningbo,CZ3775,China Southern,text,Duration: 2h 10m,,True,2026-02-17T14:09:22.401483
2026-06-06,CAN,departure,13:50,SVO Moscow,CZ655,China Southern,text,Duration: 10h 25m,,True,2026-02-17T14:09:22.401490
2026-06-06,CAN,departure,13:50,LYI Linyi,ZH9481,Shenzhen Airlines,text,Duration: 2h 45m,,True,2026-02-17T14:09:22.401496
2026-06-06,CAN,departure,13:50,NKG Nanjing,ZH9869,Shenzhen Airlines,text,Duration: 2h 20m,,True,2026-02-17T14:09:22.401502
2026-06-06,CAN,departure,13:55,KMG Kunming,CZ3407,China Southern,text,Duration: 2h 40m,,True,2026-02-17T14:09:22.401507
2026-06-06,CAN,departure,13:55,MNL Manila,CZ397,China Southern,text,Duration: 2h 50m,,True,2026-02-17T14:09:22.401513
2026-06-06,CAN,departure,13:55,PEN Penang,CZ5047,China Southern,text,Duration: 4h 5m,,True,2026-02-17T14:09:22.401518
2026-06-06,CAN,departure,14:00,TFU Chengdu,CA4308,Air China,text,Duration: 2h 20m,,True,2026-02-17T14:09:22.401523
2026-06-06,CAN,departure,14:00,PKX Beijing,CZ3109,China Southern,text,Duration: 3h 5m,,True,2026-02-17T14:09:22.401529
2026-06-06,CAN,departure,14:00,PVG Shanghai,CZ3487,China Southern,text,Duration: 2h 30m,,True,2026-02-17T14:09:22.401534
2026-06-06,CAN,departure,14:00,HRB Harbin,JD5165,Capital Airlines,text,Duration: 3h 55m,,True,2026-02-17T14:09:22.401540
2026-06-06,CAN,departure,14:00,SHA Shanghai,MU5316,China Eastern,text,Duration: 2h 15m,,True,2026-02-17T14:09:22.401545
2026-06-06,CAN,departure,14:05,SYX Sanya,CZ6734,China Southern,text,Duration: 1h 40m,,True,2026-02-17T14:09:22.401550
2026-06-06,CAN,departure,14:05,XMN Xiamen,CZ3879,China Southern,text,Duration: 1h 25m,,True,2026-02-17T14:09:22.401555
2026-06-06,CAN,departure,14:10,PVG Shanghai,CA8582,Air China,text,Duration: 2h 30m,,True,2026-02-17T14:09:22.401561
2026-06-06,CAN,departure,14:10,KWE Guiyang,CZ3692,China Southern,text,Duration: 1h 55m,,True,2026-02-17T14:09:22.401566
2026-06-06,CAN,departure,14:10,LHW Lanzhou,CZ3385,China Southern,text,Duration: 3h 15m,,True,2026-02-17T14:09:22.401572
2026-06-06,CAN,departure,14:10,HND Tokyo,JL88,JAL,text,Duration: 4h 20m,,True,2026-02-17T14:09:22.401578
2026-06-06,CAN,departure,14:10,JJN Jinjiang,MF8386,XiamenAir,text,Duration: 1h 35m,,True,2026-02-17T14:09:22.401583
2026-06-06,CAN,departure,14:15,CTU Chengdu,3U8732,Sichuan Airlines,text,Duration: 2h 20m,,True,2026-02-17T14:09:22.401588
2026-06-06,CAN,departure,14:15,CGO Zhengzhou,CZ6626,China Southern,text,Duration: 2h 20m,,True,2026-02-17T14:09:22.401593
2026-06-06,CAN,departure,14:15,NKG Nanjing,HU7213,Hainan Airlines,text,Duration: 2h 10m,,True,2026-02-17T14:09:22.401599
2026-06-06,CAN,departure,14:15,HND Tokyo,NH924,ANA,text,Duration: 4h 30m,,True,2026-02-17T14:09:22.401604
2026-06-06,CAN,departure,14:20,TNA Jinan,CZ8479,China Southern,text,Duration: 2h 45m,,True,2026-02-17T14:09:22.401609
2026-06-06,CAN,departure,14:20,YIW Yiwu,CZ3795,China Southern,text,Duration: 2h 0m,,True,2026-02-17T14:09:22.401614
2026-06-06,CAN,departure,14:25,HRB Harbin,CZ3623,China Southern,text,Duration: 4h 15m,,True,2026-02-17T14:09:22.401619
2026-06-06,CAN,departure,14:25,XIY Xian,CZ3215,China Southern,text,Duration: 2h 35m,,True,2026-02-17T14:09:22.401624
2026-06-06,CAN,departure,14:25,LJG Lijiang,MU5742,China Eastern,text,Duration: 3h 0m,,True,2026-02-17T14:09:22.401630
2026-06-06,CAN,departure,14:30,TAO Qingdao,CZ5899,China Southern,text,Duration: 3h 5m,,True,2026-02-17T14:09:22.401635
2026-06-06,CAN,departure,14:30,SHA Shanghai,HO1858,Juneyao Airlines,text,Duration: 2h 20m,,True,2026-02-17T14:09:22.401640
2026-06-06,CAN,departure,14:30,CKG Chongqing,HU7441,Hainan Airlines,text,Duration: 2h 10m,,True,2026-02-17T14:09:22.401646
2026-06-06,CAN,departure,14:30,SHA Shanghai,MU5308,China Eastern,text,Duration: 2h 25m,,True,2026-02-17T14:09:22.401651
2026-06-06,CAN,departure,14:30,TNA Jinan,ZH9977,Shenzhen Airlines,text,Duration: 2h 35m,,True,2026-02-17T14:09:22.401657
2026-06-06,CAN,departure,14:35,HGH Hangzhou,GJ8700,Loong Air,text,Duration: 2h 25m,,True,2026-02-17T14:09:22.401662
2026-06-06,CAN,departure,14:35,KUL Kuala Lumpur,MH377,Malaysia Airlines,text,Duration: 4h 5m,,True,2026-02-17T14:09:22.401668
2026-06-06,CAN,departure,14:35,CTU Chengdu,MU6832,China Eastern,text,Duration: 2h 10m,,True,2026-02-17T14:09:22.401673
2026-06-06,CAN,departure,14:40,PEK Beijing,CA1318,Air China,text,Duration: 3h 5m,,True,2026-02-17T14:09:22.401679
2026-06-06,CAN,departure,14:40,HND Tokyo,CZ3085,China Southern,text,Duration: 4h 5m,,True,2026-02-17T14:09:22.401684
2026-06-06,CAN,departure,14:45,HGH Hangzhou,AQ1071,9 Air,text,Duration: 2h 5m,,True,2026-02-17T14:09:22.401689
2026-06-06,CAN,departure,14:45,LJG Lijiang,OQ2111,Chongqing Airlines,text,Duration: 3h 10m,,True,2026-02-17T14:09:22.401695
2026-06-06,CAN,departure,14:50,BKK Bangkok,CZ8023,China Southern,text,Duration: 3h 0m,,True,2026-02-17T14:09:22.401700
2026-06-06,CAN,departure,14:50,HFE Hefei,CZ6585,China Southern,text,Duration: 2h 15m,,True,2026-02-17T14:09:22.401705
2026-06-06,CAN,departure,14:55,LUM Mangshi,CZ6499,China Southern,text,Duration: 3h 5m,,True,2026-02-17T14:09:22.401711
2026-06-06,CAN,departure,14:55,WNZ Wenzhou,CZ3527,China Southern,text,Duration: 1h 55m,,True,2026-02-17T14:09:22.401716
2026-06-06,CAN,departure,15:00,PKX Beijing,CZ3999,China Southern,text,Duration: 2h 55m,,True,2026-02-17T14:09:22.401721
2026-06-06,CAN,departure,15:00,SHA Shanghai,CZ3571,China Southern,text,Duration: 2h 25m,,True,2026-02-17T14:09:22.401727
2026-06-06,CAN,departure,15:00,WUH Wuhan,CZ5770,China Southern,text,Duration: 1h 45m,,True,2026-02-17T14:09:22.401732
2026-06-06,CAN,departure,15:05,KMG Kunming,CZ3449,China Southern,text,Duration: 2h 30m,,True,2026-02-17T14:09:22.401738
2026-06-06,CAN,departure,15:05,XUZ Xuzhou,CZ3339,China Southern,text,Duration: 2h 20m,,True,2026-02-17T14:09:22.401743
2026-06-06,CAN,departure,15:05,CGO Zhengzhou,HU7287,Hainan Airlines,text,Duration: 2h 25m,,True,2026-02-17T14:09:22.401748
2026-06-06,CAN,departure,15:05,CKG Chongqing,OQ2318,Chongqing Airlines,text,Duration: 2h 25m,,True,2026-02-17T14:09:22.401828
2026-06-06,CAN,departure,15:10,BKI Kota Kinabalu,CZ8335,China Southern,text,Duration: 3h 10m,,True,2026-02-17T14:09:22.401835
2026-06-06,CAN,departure,15:10,HGH Hangzhou,CZ3501,China Southern,text,Duration: 2h 10m,,True,2026-02-17T14:09:22.401840
2026-06-06,CAN,departure,15:10,NKG Nanjing,CZ3699,China Southern,text,Duration: 2h 20m,,True,2026-02-17T14:09:22.401846
2026-06-06,CAN,departure,15:15,CTU Chengdu,CZ3417,China Southern,text,Duration: 2h 20m,,True,2026-02-17T14:09:22.401851
2026-06-06,CAN,departure,15:15,TAS Tashkent,CZ3053,China Southern,text,Duration: 7h 15m,,True,2026-02-17T14:09:22.401856
2026-06-06,CAN,departure,15:15,NKG Nanjing,HU7313,Hainan Airlines,text,Duration: 2h 10m,,True,2026-02-17T14:09:22.401862
2026-06-06,CAN,departure,15:15,PEK Beijing,HU7810,Hainan Airlines,text,Duration: 3h 0m,,True,2026-02-17T14:09:22.401868
2026-06-06,CAN,departure,15:15,PKX Beijing,MU6308,China Eastern,text,Duration: 3h 0m,,True,2026-02-17T14:09:22.401873
2026-06-06,CAN,departure,15:15,SGN Ho Chi Minh City,VN503,Vietnam Airlines,text,Duration: 3h 5m,,True,2026-02-17T14:09:22.401880
2026-06-06,CAN,departure,15:20,TFU Chengdu,HU7251,Hainan Airlines,text,Duration: 2h 20m,,True,2026-02-17T14:09:22.401885
2026-06-06,CAN,departure,15:25,TSN Tianjin,GS7896,Tianjin Airlines,text,Duration: 2h 50m,,True,2026-02-17T14:09:22.401891
2026-06-06,CAN,departure,15:25,PVG Shanghai,ZH9535,Shenzhen Airlines,text,Duration: 2h 20m,,True,2026-02-17T14:09:22.401896
2026-06-06,CAN,departure,15:30,CGO Zhengzhou,CZ8766,China Southern,text,Duration: 2h 20m,,True,2026-02-17T14:09:22.401902
2026-06-06,CAN,departure,15:30,SHA Shanghai,MU5310,China Eastern,text,Duration: 2h 15m,,True,2026-02-17T14:09:22.401908
2026-06-06,CAN,departure,15:30,LHW Lanzhou,OQ2131,Chongqing Airlines,text,Duration: 3h 25m,,True,2026-02-17T14:09:22.401913
2026-06-06,CAN,departure,15:35,SHE Shenyang,CZ6368,China Southern,text,Duration: 3h 50m,,True,2026-02-17T14:09:22.401918
2026-06-06,CAN,departure,15:40,PEK Beijing,CA1316,Air China,text,Duration: 3h 20m,,True,2026-02-17T14:09:22.401924
2026-06-06,CAN,departure,15:40,URC Urumqi,CZ6892,China Southern,text,Duration: 5h 20m,,True,2026-02-17T14:09:22.401929
2026-06-06,CAN,departure,15:40,WSK Wushan,CZ3961,China Southern,text,Duration: 2h 10m,,True,2026-02-17T14:09:22.401935
2026-06-06,CAN,departure,15:45,CGQ Changchun,CZ3606,China Southern,text,Duration: 4h 15m,,True,2026-02-17T14:09:22.401940
2026-06-06,CAN,departure,15:45,BKK Bangkok,TG669,Thai Airways,text,Duration: 3h 0m,,True,2026-02-17T14:09:22.401945
2026-06-06,CAN,departure,15:50,CNX Chiang Mai,CZ3033,China Southern,text,Duration: 3h 0m,,True,2026-02-17T14:09:22.401951
2026-06-06,CAN,departure,15:55,BKK Bangkok,CZ363,China Southern,text,Duration: 3h 0m,,True,2026-02-17T14:09:22.401956
2026-06-06,CAN,departure,15:55,HGH Hangzhou,MF8382,XiamenAir,text,Duration: 1h 55m,,True,2026-02-17T14:09:22.401961
2026-06-06,CAN,departure,15:55,HPH Haiphong,ZH129,Shenzhen Airlines,text,Duration: 2h 25m,,True,2026-02-17T14:09:22.401966
2026-06-06,CAN,departure,16:00,CTU Chengdu,CA4318,Air China,text,Duration: 2h 35m,,True,2026-02-17T14:09:22.401972
2026-06-06,CAN,departure,16:00,PKX Beijing,CZ3115,China Southern,text,Duration: 3h 15m,,True,2026-02-17T14:09:22.401977
2026-06-06,CAN,departure,16:00,SHA Shanghai,CZ3503,China Southern,text,Duration: 2h 25m,,True,2026-02-17T14:09:22.401982
2026-06-06,CAN,departure,16:00,NGB Ningbo,HU7233,Hainan Airlines,text,Duration: 1h 55m,,True,2026-02-17T14:09:22.401987
2026-06-06,CAN,departure,16:00,NGB Ningbo,MU5238,China Eastern,text,Duration: 1h 55m,,True,2026-02-17T14:09:22.401993
2026-06-06,CAN,departure,16:00,TAO Qingdao,ZH9993,Shenzhen Airlines,text,Duration: 3h 5m,,True,2026-02-17T14:09:22.401998
2026-06-06,CAN,departure,16:05,SHA Shanghai,9C6720,Spring Airlines,text,Duration: 1h 55m,,True,2026-02-17T14:09:22.402003
2026-06-06,CAN,departure,16:05,PVG Shanghai,AQ1011,9 Air,text,Duration: 2h 15m,,True,2026-02-17T14:09:22.402008
2026-06-06,CAN,departure,16:05,IST Istanbul,CZ8089,China Southern,text,Duration: 11h 5m,,True,2026-02-17T14:09:22.402013
2026-06-06,CAN,departure,16:05,TSN Tianjin,CZ3135,China Southern,text,Duration: 3h 0m,,True,2026-02-17T14:09:22.402019
2026-06-06,CAN,departure,16:05,TFU Chengdu,HU7351,Hainan Airlines,text,Duration: 2h 25m,,True,2026-02-17T14:09:22.402024
2026-06-06,CAN,departure,16:05,WUX Wuxi,ZH9829,Shenzhen Airlines,text,Duration: 2h 25m,,True,2026-02-17T14:09:22.402029
2026-06-06,CAN,departure,16:10,TAO Qingdao,CZ3573,China Southern,text,Duration: 3h 5m,,True,2026-02-17T14:09:22.402035
2026-06-06,CAN,departure,16:10,TYN Taiyuan,CZ3695,China Southern,text,Duration: 2h 40m,,True,2026-02-17T14:09:22.402040
2026-06-06,CAN,departure,16:10,SJW Shijiazhuang,OQ2135,Chongqing Airlines,text,Duration: 2h 45m,,True,2026-02-17T14:09:22.402046
2026-06-06,CAN,departure,16:10,RUH Riyadh,SV885,Saudia,text,Duration: 9h 10m,,True,2026-02-17T14:09:22.402051
2026-06-06,CAN,departure,16:15,SGN Ho Chi Minh City,9C7347,Spring Airlines,text,Duration: 2h 40m,,True,2026-02-17T14:09:22.402057
2026-06-06,CAN,departure,16:15,LFQ Qiaoli,CZ8927,China Southern,text,Duration: 2h 50m,,True,2026-02-17T14:09:22.402062
2026-06-06,CAN,departure,16:15,YNT Yantai,CZ8777,China Southern,text,Duration: 3h 15m,,True,2026-02-17T14:09:22.402068
2026-06-06,CAN,departure,16:15,HAK Haikou,ZH8991,Shenzhen Airlines,text,Duration: 1h 25m,,True,2026-02-17T14:09:22.402073
2026-06-06,CAN,departure,16:20,SHA Shanghai,CA1829,Air China,text,Duration: 2h 20m,,True,2026-02-17T14:09:22.402079
2026-06-06,CAN,departure,16:20,CKG Chongqing,CZ3411,China Southern,text,Duration: 2h 20m,,True,2026-02-17T14:09:22.402085
2026-06-06,CAN,departure,16:20,INC Yinchuan,CZ5701,China Southern,text,Duration: 2h 55m,,True,2026-02-17T14:09:22.402090
2026-06-06,CAN,departure,16:20,HAN Hanoi,VN507,Vietnam Airlines,text,Duration: 2h 10m,,True,2026-02-17T14:09:22.402096
2026-06-06,CAN,departure,16:25,SWA Jieyang,CZ3892,China Southern,text,Duration: 1h 10m,,True,2026-02-17T14:09:22.402174
2026-06-06,CAN,departure,16:25,YCU Yuncheng,CZ3921,China Southern,text,Duration: 2h 50m,,True,2026-02-17T14:09:22.402182
2026-06-06,CAN,departure,16:25,KMG Kunming,MU9690,China Eastern,text,Duration: 2h 30m,,True,2026-02-17T14:09:22.402187
2026-06-06,CAN,departure,16:30,HAK Haikou,CZ6778,China Southern,text,Duration: 1h 20m,,True,2026-02-17T14:09:22.402193
2026-06-06,CAN,departure,16:30,XNN Xining,CZ6241,China Southern,text,Duration: 3h 10m,,True,2026-02-17T14:09:22.402198
2026-06-06,CAN,departure,16:30,SHA Shanghai,MU5312,China Eastern,text,Duration: 2h 20m,,True,2026-02-17T14:09:22.402204
2026-06-06,CAN,departure,16:35,LHE Lahore,CZ6037,China Southern,text,Duration: 6h 10m,,True,2026-02-17T14:09:22.402210
2026-06-06,CAN,departure,16:35,WUH Wuhan,MU2541,China Eastern,text,Duration: 1h 50m,,True,2026-02-17T14:09:22.402215
2026-06-06,CAN,departure,16:40,PEK Beijing,CA1340,Air China,text,Duration: 3h 35m,,True,2026-02-17T14:09:22.402220
2026-06-06,CAN,departure,16:40,CZX Changzhou,CZ3899,China Southern,text,Duration: 2h 15m,,True,2026-02-17T14:09:22.402226
2026-06-06,CAN,departure,16:40,URC Urumqi,UQ2592,Urumqi Airlines,text,Duration: 5h 15m,,True,2026-02-17T14:09:22.402231
2026-06-06,CAN,departure,16:45,YIW Yiwu,CZ3304,China Southern,text,Duration: 2h 5m,,True,2026-02-17T14:09:22.402236
2026-06-06,CAN,departure,16:50,WUH Wuhan,CA8232,Air China,text,Duration: 1h 40m,,True,2026-02-17T14:09:22.402242
2026-06-06,CAN,departure,16:50,PEN Penang,CZ395,China Southern,text,Duration: 4h 10m,,True,2026-02-17T14:09:22.402247
2026-06-06,CAN,departure,16:50,WXN Wanxian,CZ8253,China Southern,text,Duration: 2h 10m,,True,2026-02-17T14:09:22.402253
2026-06-06,CAN,departure,16:55,BKK Bangkok,CZ8019,China Southern,text,Duration: 3h 0m,,True,2026-02-17T14:09:22.402258
2026-06-06,CAN,departure,16:55,CSX Changsha,CZ3388,China Southern,text,Duration: 1h 35m,,True,2026-02-17T14:09:22.402263
2026-06-06,CAN,departure,16:55,FUG Fuyang,CZ3931,China Southern,text,Duration: 2h 15m,,True,2026-02-17T14:09:22.402269
2026-06-06,CAN,departure,16:55,KHN Nanchang,CZ8531,China Southern,text,Duration: 1h 40m,,True,2026-02-17T14:09:22.402274
2026-06-06,CAN,departure,16:55,SHE Shenyang,CZ6348,China Southern,text,Duration: 4h 0m,,True,2026-02-17T14:09:22.402280
2026-06-06,CAN,departure,16:55,WUX Wuxi,MU2918,China Eastern,text,Duration: 2h 25m,,True,2026-02-17T14:09:22.402285
2026-06-06,CAN,departure,16:55,CKG Chongqing,OQ2324,Chongqing Airlines,text,Duration: 1h 55m,,True,2026-02-17T14:09:22.402291
2026-06-06,CAN,departure,17:00,YBP Yibin,3U3053,Sichuan Airlines,text,Duration: 2h 5m,,True,2026-02-17T14:09:22.402297
2026-06-06,CAN,departure,17:00,PKX Beijing,CZ3113,China Southern,text,Duration: 3h 15m,,True,2026-02-17T14:09:22.402302
2026-06-06,CAN,departure,17:00,WUH Wuhan,CZ3346,China Southern,text,Duration: 1h 45m,,True,2026-02-17T14:09:22.402307
2026-06-06,CAN,departure,17:00,CGO Zhengzhou,HU7283,Hainan Airlines,text,Duration: 2h 25m,,True,2026-02-17T14:09:22.402313
2026-06-06,CAN,departure,17:00,HFE Hefei,ZH9989,Shenzhen Airlines,text,Duration: 2h 0m,,True,2026-02-17T14:09:22.402319
2026-06-06,CAN,departure,17:05,PKX Beijing,AQ1001,9 Air,text,Duration: 3h 10m,,True,2026-02-17T14:09:22.402324
2026-06-06,CAN,departure,17:05,CGO Zhengzhou,CZ3394,China Southern,text,Duration: 2h 25m,,True,2026-02-17T14:09:22.402330
2026-06-06,CAN,departure,17:05,XIY Xian,CZ3203,China Southern,text,Duration: 2h 40m,,True,2026-02-17T14:09:22.402335
2026-06-06,CAN,departure,17:05,NKG Nanjing,ZH9871,Shenzhen Airlines,text,Duration: 2h 25m,,True,2026-02-17T14:09:22.402340
2026-06-06,CAN,departure,17:10,TFU Chengdu,3U6704,Sichuan Airlines,text,Duration: 2h 5m,,True,2026-02-17T14:09:22.402346
2026-06-06,CAN,departure,17:10,HGH Hangzhou,CZ3829,China Southern,text,Duration: 2h 10m,,True,2026-02-17T14:09:22.402351
2026-06-06,CAN,departure,17:10,NKG Nanjing,CZ3697,China Southern,text,Duration: 2h 20m,,True,2026-02-17T14:09:22.402356
2026-06-06,CAN,departure,17:10,URC Urumqi,CZ6896,China Southern,text,Duration: 5h 20m,,True,2026-02-17T14:09:22.402361
2026-06-06,CAN,departure,17:10,VTE Vientiane,QV882,Lao Airlines,text,Duration: 2h 30m,,True,2026-02-17T14:09:22.402367
2026-06-06,CAN,departure,17:10,YNT Yantai,ZH9675,Shenzhen Airlines,text,Duration: 3h 10m,,True,2026-02-17T14:09:22.402372
2026-06-06,CAN,departure,17:15,TFU Chengdu,CZ3475,China Southern,text,Duration: 2h 20m,,True,2026-02-17T14:09:22.402377
2026-06-06,CAN,departure,17:15,TNA Jinan,CZ3707,China Southern,text,Duration: 2h 55m,,True,2026-02-17T14:09:22.402382
2026-06-06,CAN,departure,17:15,NKG Nanjing,ZH9873,Shenzhen Airlines,text,Duration: 2h 5m,,True,2026-02-17T14:09:22.402388
2026-06-06,CAN,departure,17:20,ICN Seoul,CZ339,China Southern,text,Duration: 3h 30m,,True,2026-02-17T14:09:22.402393
2026-06-06,CAN,departure,17:20,TAO Qingdao,CZ3609,China Southern,text,Duration: 3h 5m,,True,2026-02-17T14:09:22.402398
2026-06-06,CAN,departure,17:20,TYN Taiyuan,CZ3951,China Southern,text,Duration: 2h 35m,,True,2026-02-17T14:09:22.402404
2026-06-06,CAN,departure,17:20,WNZ Wenzhou,CZ3809,China Southern,text,Duration: 1h 45m,,True,2026-02-17T14:09:22.402409
2026-06-06,CAN,departure,17:20,JHG Jinghong,OQ2105,Chongqing Airlines,text,Duration: 3h 10m,,True,2026-02-17T14:09:22.402414
2026-06-06,CAN,departure,17:25,DLC Dalian,CZ6458,China Southern,text,Duration: 3h 25m,,True,2026-02-17T14:09:22.402419
2026-06-06,CAN,departure,17:25,XFN Xiangyang,GJ8381,Loong Air,text,Duration: 2h 0m,,True,2026-02-17T14:09:22.402425
2026-06-06,CAN,departure,17:30,HGH Hangzhou,CA1794,Air China,text,Duration: 2h 25m,,True,2026-02-17T14:09:22.402430
2026-06-06,CAN,departure,17:30,TPE Taipei,CI522,China Airlines,text,Duration: 2h 10m,,True,2026-02-17T14:09:22.402435
2026-06-06,CAN,departure,17:30,HAN Hanoi,CZ8177,China Southern,text,Duration: 2h 10m,,True,2026-02-17T14:09:22.402441
2026-06-06,CAN,departure,17:30,SHA Shanghai,MU5354,China Eastern,text,Duration: 2h 35m,,True,2026-02-17T14:09:22.402520
2026-06-06,CAN,departure,17:35,CKG Chongqing,CA4350,Air China,text,Duration: 2h 30m,,True,2026-02-17T14:09:22.402527
2026-06-06,CAN,departure,17:35,KUL Kuala Lumpur,CZ365,China Southern,text,Duration: 4h 15m,,True,2026-02-17T14:09:22.402533
2026-06-06,CAN,departure,17:35,YTY Yangzhou,ZH8909,Shenzhen Airlines,text,Duration: 2h 15m,,True,2026-02-17T14:09:22.402538
2026-06-06,CAN,departure,17:40,LUM Mangshi,MU9730,China Eastern,text,Duration: 3h 15m,,True,2026-02-17T14:09:22.402544
2026-06-06,CAN,departure,17:45,DXB Dubai,CZ383,China Southern,text,Duration: 9h 15m,,True,2026-02-17T14:09:22.402549
2026-06-06,CAN,departure,17:45,YNZ Yancheng,CZ8215,China Southern,text,Duration: 2h 40m,,True,2026-02-17T14:09:22.402555
2026-06-06,CAN,departure,17:45,NKG Nanjing,MU2718,China Eastern,text,Duration: 2h 25m,,True,2026-02-17T14:09:22.402560
2026-06-06,CAN,departure,17:45,TAO Qingdao,SC4678,Shandong Airlines,text,Duration: 2h 55m,,True,2026-02-17T14:09:22.402566
2026-06-06,CAN,departure,17:50,KMG Kunming,CZ3499,China Southern,text,Duration: 2h 35m,,True,2026-02-17T14:09:22.402571
2026-06-06,CAN,departure,17:50,NAO Nanchong,CZ3429,China Southern,text,Duration: 2h 30m,,True,2026-02-17T14:09:22.402577
2026-06-06,CAN,departure,17:50,SUB Surabaya,CZ8137,China Southern,text,Duration: 5h 10m,,True,2026-02-17T14:09:22.402582
2026-06-06,CAN,departure,17:50,XFN Xiangyang,CZ3361,China Southern,text,Duration: 2h 15m,,True,2026-02-17T14:09:22.402588
2026-06-06,CAN,departure,17:50,HGH Hangzhou,MU5216,China Eastern,text,Duration: 2h 0m,,True,2026-02-17T14:09:22.402593
2026-06-06,CAN,departure,17:55,WUX Wuxi,CZ3917,China Southern,text,Duration: 2h 30m,,True,2026-02-17T14:09:22.402598
2026-06-06,CAN,departure,17:55,YIH Yichang,CZ3299,China Southern,text,Duration: 1h 55m,,True,2026-02-17T14:09:22.402604
2026-06-06,CAN,departure,17:55,YIW Yiwu,CZ3635,China Southern,text,Duration: 2h 0m,,True,2026-02-17T14:09:22.402609
2026-06-06,CAN,departure,17:55,TAO Qingdao,MU5258,China Eastern,text,Duration: 2h 55m,,True,2026-02-17T14:09:22.402615
2026-06-06,CAN,departure,18:00,TFU Chengdu,CA4302,Air China,text,Duration: 2h 25m,,True,2026-02-17T14:09:22.402620
2026-06-06,CAN,departure,18:00,PKX Beijing,CZ3111,China Southern,text,Duration: 3h 5m,,True,2026-02-17T14:09:22.402625
2026-06-06,CAN,departure,18:00,PVG Shanghai,CZ8211,China Southern,text,Duration: 2h 30m,,True,2026-02-17T14:09:22.402631
2026-06-06,CAN,departure,18:05,SHA Shanghai,9C8856,Spring Airlines,text,Duration: 2h 5m,,True,2026-02-17T14:09:22.402636
2026-06-06,CAN,departure,18:05,BZX Bazhong,CZ8209,China Southern,text,Duration: 2h 20m,,True,2026-02-17T14:09:22.402642
2026-06-06,CAN,departure,18:05,LHW Lanzhou,HU7253,Hainan Airlines,text,Duration: 3h 0m,,True,2026-02-17T14:09:22.402647
2026-06-06,CAN,departure,18:10,HGH Hangzhou,CZ3801,China Southern,text,Duration: 2h 10m,,True,2026-02-17T14:09:22.402653
2026-06-06,CAN,departure,18:15,CTU Chengdu,CZ3427,China Southern,text,Duration: 2h 25m,,True,2026-02-17T14:09:22.402658
2026-06-06,CAN,departure,18:15,DPS Denpasar,CZ625,China Southern,text,Duration: 5h 15m,,True,2026-02-17T14:09:22.402663
2026-06-06,CAN,departure,18:15,PEK Beijing,HU7812,Hainan Airlines,text,Duration: 3h 15m,,True,2026-02-17T14:09:22.402669
2026-06-06,CAN,departure,18:15,FOC Fuzhou,MF8348,XiamenAir,text,Duration: 1h 55m,,True,2026-02-17T14:09:22.402675
2026-06-06,CAN,departure,18:15,CKG Chongqing,OQ2340,Chongqing Airlines,text,Duration: 2h 45m,,True,2026-02-17T14:09:22.402680
2026-06-06,CAN,departure,18:20,SYX Sanya,CZ6744,China Southern,text,Duration: 1h 50m,,True,2026-02-17T14:09:22.402685
2026-06-06,CAN,departure,18:20,HGH Hangzhou,ZH9983,Shenzhen Airlines,text,Duration: 1h 55m,,True,2026-02-17T14:09:22.402691
2026-06-06,CAN,departure,18:25,PVG Shanghai,HO1870,Juneyao Airlines,text,Duration: 2h 35m,,True,2026-02-17T14:09:22.402696
2026-06-06,CAN,departure,18:25,HGH Hangzhou,HU7361,Hainan Airlines,text,Duration: 2h 5m,,True,2026-02-17T14:09:22.402701
2026-06-06,CAN,departure,18:25,XMN Xiamen,MF8388,XiamenAir,text,Duration: 1h 25m,,True,2026-02-17T14:09:22.402707
2026-06-06,CAN,departure,18:25,CKG Chongqing,MU6825,China Eastern,text,Duration: 2h 5m,,True,2026-02-17T14:09:22.402712
2026-06-06,CAN,departure,18:30,HAK Haikou,CZ6792,China Southern,text,Duration: 1h 35m,,True,2026-02-17T14:09:22.402718
2026-06-06,CAN,departure,18:30,YYZ Toronto,CZ311,China Southern,text,Duration: 15h 0m,,True,2026-02-17T14:09:22.402723
2026-06-06,CAN,departure,18:30,SHA Shanghai,MU5314,China Eastern,text,Duration: 2h 30m,,True,2026-02-17T14:09:22.402728
2026-06-06,CAN,departure,18:35,SHE Shenyang,CZ6340,China Southern,text,Duration: 3h 55m,,True,2026-02-17T14:09:22.402734
2026-06-06,CAN,departure,18:40,PEK Beijing,CA1328,Air China,text,Duration: 3h 15m,,True,2026-02-17T14:09:22.402740
2026-06-06,CAN,departure,18:40,DYG Dayong,CZ3381,China Southern,text,Duration: 1h 50m,,True,2026-02-17T14:09:22.402745
2026-06-06,CAN,departure,18:40,HRB Harbin,CZ5393,China Southern,text,Duration: 4h 20m,,True,2026-02-17T14:09:22.402750
2026-06-06,CAN,departure,18:40,NKG Nanjing,CZ3507,China Southern,text,Duration: 2h 20m,,True,2026-02-17T14:09:22.402757
2026-06-06,CAN,departure,18:50,KMG Kunming,MU5734,China Eastern,text,Duration: 2h 40m,,True,2026-02-17T14:09:22.402762
2026-06-06,CAN,departure,18:55,HGH Hangzhou,CA1796,Air China,text,Duration: 2h 15m,,True,2026-02-17T14:09:22.402767
2026-06-06,CAN,departure,18:55,AQG Anqing,CZ3319,China Southern,text,Duration: 2h 0m,,True,2026-02-17T14:09:22.402773
2026-06-06,CAN,departure,19:00,HFE Hefei,CZ3817,China Southern,text,Duration: 2h 5m,,True,2026-02-17T14:09:22.402778
2026-06-06,CAN,departure,19:00,PEN Penang,CZ8073,China Southern,text,Duration: 3h 55m,,True,2026-02-17T14:09:22.402784
2026-06-06,CAN,departure,19:00,PKX Beijing,CZ3105,China Southern,text,Duration: 3h 10m,,True,2026-02-17T14:09:22.402790
2026-06-06,CAN,departure,19:00,HAK Haikou,HU7006,Hainan Airlines,text,Duration: 1h 35m,,True,2026-02-17T14:09:22.402868
2026-06-06,CAN,departure,19:05,CKG Chongqing,3U8746,Sichuan Airlines,text,Duration: 1h 50m,,True,2026-02-17T14:09:22.402875
2026-06-06,CAN,departure,19:05,CTU Chengdu,CA4334,Air China,text,Duration: 2h 55m,,True,2026-02-17T14:09:22.402880
2026-06-06,CAN,departure,19:05,KWE Guiyang,CZ6411,China Southern,text,Duration: 1h 50m,,True,2026-02-17T14:09:22.402886
2026-06-06,CAN,departure,19:05,CKG Chongqing,OQ2129,Chongqing Airlines,text,Duration: 2h 25m,,True,2026-02-17T14:09:22.402892
2026-06-06,CAN,departure,19:10,HGH Hangzhou,CZ3819,China Southern,text,Duration: 2h 10m,,True,2026-02-17T14:09:22.402897
2026-06-06,CAN,departure,19:10,KMG Kunming,CZ3489,China Southern,text,Duration: 2h 30m,,True,2026-02-17T14:09:22.402903
2026-06-06,CAN,departure,19:10,CZX Changzhou,MU2948,China Eastern,text,Duration: 2h 10m,,True,2026-02-17T14:09:22.402908
2026-06-06,CAN,departure,19:15,CGK Jakarta,CZ387,China Southern,text,Duration: 5h 10m,,True,2026-02-17T14:09:22.402914
2026-06-06,CAN,departure,19:15,SHS Shashi,CZ6659,China Southern,text,Duration: 1h 50m,,True,2026-02-17T14:09:22.402919
2026-06-06,CAN,departure,19:15,URC Urumqi,CZ6884,China Southern,text,Duration: 5h 20m,,True,2026-02-17T14:09:22.402925
2026-06-06,CAN,departure,19:15,PEK Beijing,HU7814,Hainan Airlines,text,Duration: 3h 10m,,True,2026-02-17T14:09:22.402930
2026-06-06,CAN,departure,19:20,SYX Sanya,AQ1111,9 Air,text,Duration: 1h 35m,,True,2026-02-17T14:09:22.402936
2026-06-06,CAN,departure,19:20,TSN Tianjin,CA2804,Air China,text,Duration: 3h 15m,,True,2026-02-17T14:09:22.402941
2026-06-06,CAN,departure,19:20,DLC Dalian,CZ3608,China Southern,text,Duration: 3h 20m,,True,2026-02-17T14:09:22.402947
2026-06-06,CAN,departure,19:20,SYX Sanya,CZ6738,China Southern,text,Duration: 1h 35m,,True,2026-02-17T14:09:22.402952
2026-06-06,CAN,departure,19:20,BAH Bahrain,GF123,Gulf Air,text,Duration: 8h 40m,,True,2026-02-17T14:09:22.402957
2026-06-06,CAN,departure,19:20,WNZ Wenzhou,ZH9963,Shenzhen Airlines,text,Duration: 1h 40m,,True,2026-02-17T14:09:22.402963
2026-06-06,CAN,departure,19:25,NGB Ningbo,CZ3371,China Southern,text,Duration: 2h 5m,,True,2026-02-17T14:09:22.402969
2026-06-06,CAN,departure,19:25,SIN Singapore,CZ351,China Southern,text,Duration: 4h 5m,,True,2026-02-17T14:09:22.402974
2026-06-06,CAN,departure,19:25,XIY Xian,CZ3231,China Southern,text,Duration: 2h 40m,,True,2026-02-17T14:09:22.402979
2026-06-06,CAN,departure,19:30,DOH Doha,CZ333,China Southern,text,Duration: 8h 20m,,True,2026-02-17T14:09:22.402985
2026-06-06,CAN,departure,19:30,SHA Shanghai,FM9318,Shanghai Airlines,text,Duration: 2h 10m,,True,2026-02-17T14:09:22.402990
2026-06-06,CAN,departure,19:30,WUX Wuxi,ZH9831,Shenzhen Airlines,text,Duration: 2h 20m,,True,2026-02-17T14:09:22.402995
2026-06-06,CAN,departure,19:35,DAC Dhaka,CZ391,China Southern,text,Duration: 4h 15m,,True,2026-02-17T14:09:22.403001
2026-06-06,CAN,departure,19:35,HRB Harbin,CZ3905,China Southern,text,Duration: 4h 15m,,True,2026-02-17T14:09:22.403006
2026-06-06,CAN,departure,19:35,TSN Tianjin,GS7926,Tianjin Airlines,text,Duration: 3h 5m,,True,2026-02-17T14:09:22.403011
2026-06-06,CAN,departure,19:40,CKG Chongqing,AQ1101,9 Air,text,Duration: 2h 15m,,True,2026-02-17T14:09:22.403017
2026-06-06,CAN,departure,19:40,PEK Beijing,CA1302,Air China,text,Duration: 3h 15m,,True,2026-02-17T14:09:22.403022
2026-06-06,CAN,departure,19:40,PKX Beijing,MU6310,China Eastern,text,Duration: 3h 20m,,True,2026-02-17T14:09:22.403027
2026-06-06,CAN,departure,19:40,TFU Chengdu,MU6186,China Eastern,text,Duration: 2h 10m,,True,2026-02-17T14:09:22.403033
2026-06-06,CAN,departure,19:45,CGQ Changchun,CZ6852,China Southern,text,Duration: 4h 20m,,True,2026-02-17T14:09:22.403038
2026-06-06,CAN,departure,19:45,HET Hohhot,CZ3181,China Southern,text,Duration: 3h 10m,,True,2026-02-17T14:09:22.403043
2026-06-06,CAN,departure,19:45,CKG Chongqing,HU7241,Hainan Airlines,text,Duration: 2h 15m,,True,2026-02-17T14:09:22.403049
2026-06-06,CAN,departure,19:45,LHW Lanzhou,MU2306,China Eastern,text,Duration: 3h 5m,,True,2026-02-17T14:09:22.403054
2026-06-06,CAN,departure,19:55,CKG Chongqing,CA4342,Air China,text,Duration: 2h 10m,,True,2026-02-17T14:09:22.403059
2026-06-06,CAN,departure,19:55,WXN Wanxian,CA4390,Air China,text,Duration: 1h 55m,,True,2026-02-17T14:09:22.403065
2026-06-06,CAN,departure,19:55,KTM Kathmandu,CZ3067,China Southern,text,Duration: 4h 50m,,True,2026-02-17T14:09:22.403070
2026-06-06,CAN,departure,19:55,KUL Kuala Lumpur,CZ5035,China Southern,text,Duration: 4h 20m,,True,2026-02-17T14:09:22.403076
2026-06-06,CAN,departure,19:55,PKX Beijing,KN5322,China United Airlines,text,Duration: 2h 45m,,True,2026-02-17T14:09:22.403081
2026-06-06,CAN,departure,20:00,PKX Beijing,CZ3161,China Southern,text,Duration: 3h 10m,,True,2026-02-17T14:09:22.403086
2026-06-06,CAN,departure,20:00,SHA Shanghai,CZ3595,China Southern,text,Duration: 2h 20m,,True,2026-02-17T14:09:22.403091
2026-06-06,CAN,departure,20:00,TSN Tianjin,CZ3349,China Southern,text,Duration: 2h 55m,,True,2026-02-17T14:09:22.403097
2026-06-06,CAN,departure,20:00,PVG Shanghai,FM9320,Shanghai Airlines,text,Duration: 2h 20m,,True,2026-02-17T14:09:22.403102
2026-06-06,CAN,departure,20:00,XIY Xian,HU7858,Hainan Airlines,text,Duration: 2h 45m,,True,2026-02-17T14:09:22.403107
2026-06-06,CAN,departure,20:00,KTI Phnom Penh,KR936,Cambodia Airways,text,Duration: 2h 50m,,True,2026-02-17T14:09:22.403113
2026-06-06,CAN,departure,20:05,BKK Bangkok,CZ361,China Southern,text,Duration: 2h 55m,,True,2026-02-17T14:09:22.403118
2026-06-06,CAN,departure,20:05,FOC Fuzhou,CZ3647,China Southern,text,Duration: 1h 35m,,True,2026-02-17T14:09:22.403123
2026-06-06,CAN,departure,20:05,XMN Xiamen,CZ3805,China Southern,text,Duration: 1h 25m,,True,2026-02-17T14:09:22.403129
2026-06-06,CAN,departure,20:10,HGH Hangzhou,CZ3849,China Southern,text,Duration: 2h 15m,,True,2026-02-17T14:09:22.403134
2026-06-06,CAN,departure,20:10,NKG Nanjing,CZ3871,China Southern,text,Duration: 2h 20m,,True,2026-02-17T14:09:22.403223
2026-06-06,CAN,departure,20:10,WNZ Wenzhou,CZ3675,China Southern,text,Duration: 1h 45m,,True,2026-02-17T14:09:22.403229
2026-06-06,CAN,departure,20:10,TNA Jinan,SC1172,Shandong Airlines,text,Duration: 2h 45m,,True,2026-02-17T14:09:22.403235
2026-06-06,CAN,departure,20:15,CGD Changde,CZ3247,China Southern,text,Duration: 1h 30m,,True,2026-02-17T14:09:22.403240
2026-06-06,CAN,departure,20:15,CTU Chengdu,CZ3413,China Southern,text,Duration: 2h 25m,,True,2026-02-17T14:09:22.403245
2026-06-06,CAN,departure,20:15,SGN Ho Chi Minh City,CZ367,China Southern,text,Duration: 2h 45m,,True,2026-02-17T14:09:22.403251
2026-06-06,CAN,departure,20:15,SJW Shijiazhuang,CZ3131,China Southern,text,Duration: 2h 40m,,True,2026-02-17T14:09:22.403256
2026-06-06,CAN,departure,20:15,TYN Taiyuan,CZ3377,China Southern,text,Duration: 2h 40m,,True,2026-02-17T14:09:22.403261
2026-06-06,CAN,departure,20:15,SHA Shanghai,HO1868,Juneyao Airlines,text,Duration: 2h 10m,,True,2026-02-17T14:09:22.403267
2026-06-06,CAN,departure,20:15,LJG Lijiang,JD5131,Capital Airlines,text,Duration: 2h 35m,,True,2026-02-17T14:09:22.403273
2026-06-06,CAN,departure,20:15,TAO Qingdao,SC4676,Shandong Airlines,text,Duration: 2h 55m,,True,2026-02-17T14:09:22.403278
2026-06-06,CAN,departure,20:20,JDZ Jingdezhen,ZH9997,Shenzhen Airlines,text,Duration: 1h 45m,,True,2026-02-17T14:09:22.403283
2026-06-06,CAN,departure,20:25,CTU Chengdu,3U8740,Sichuan Airlines,text,Duration: 2h 35m,,True,2026-02-17T14:09:22.403289
2026-06-06,CAN,departure,20:25,XIY Xian,CZ3211,China Southern,text,Duration: 2h 40m,,True,2026-02-17T14:09:22.403294
2026-06-06,CAN,departure,20:25,PKX Beijing,JD5922,Capital Airlines,text,Duration: 3h 0m,,True,2026-02-17T14:09:22.403300
2026-06-06,CAN,departure,20:30,HAK Haikou,CZ6784,China Southern,text,Duration: 1h 40m,,True,2026-02-17T14:09:22.403305
2026-06-06,CAN,departure,20:30,LHW Lanzhou,CZ3251,China Southern,text,Duration: 3h 15m,,True,2026-02-17T14:09:22.403311
2026-06-06,CAN,departure,20:30,MNL Manila,CZ3077,China Southern,text,Duration: 2h 45m,,True,2026-02-17T14:09:22.403316
2026-06-06,CAN,departure,20:30,WUH Wuhan,CZ6589,China Southern,text,Duration: 1h 45m,,True,2026-02-17T14:09:22.403322
2026-06-06,CAN,departure,20:30,SHA Shanghai,MU5318,China Eastern,text,Duration: 2h 15m,,True,2026-02-17T14:09:22.403327
2026-06-06,CAN,departure,20:35,CKG Chongqing,CZ3439,China Southern,text,Duration: 2h 5m,,True,2026-02-17T14:09:22.403332
2026-06-06,CAN,departure,20:35,HIA Huai'an,CZ3995,China Southern,text,Duration: 2h 30m,,True,2026-02-17T14:09:22.403338
2026-06-06,CAN,departure,20:40,HFE Hefei,AQ1127,9 Air,text,Duration: 2h 0m,,True,2026-02-17T14:09:22.403344
2026-06-06,CAN,departure,20:40,PEK Beijing,CA1366,Air China,text,Duration: 3h 15m,,True,2026-02-17T14:09:22.403351
2026-06-06,CAN,departure,20:40,LYI Linyi,CZ3991,China Southern,text,Duration: 2h 35m,,True,2026-02-17T14:09:22.403356
2026-06-06,CAN,departure,20:40,PVG Shanghai,HU7231,Hainan Airlines,text,Duration: 2h 20m,,True,2026-02-17T14:09:22.403361
2026-06-06,CAN,departure,20:45,HRB Harbin,CZ8720,China Southern,text,Duration: 4h 5m,,True,2026-02-17T14:09:22.403367
2026-06-06,CAN,departure,20:45,NGB Ningbo,CZ3671,China Southern,text,Duration: 2h 0m,,True,2026-02-17T14:09:22.403372
2026-06-06,CAN,departure,20:50,TAO Qingdao,CZ3715,China Southern,text,Duration: 3h 5m,,True,2026-02-17T14:09:22.403378
2026-06-06,CAN,departure,20:50,PKX Beijing,MU6312,China Eastern,text,Duration: 3h 15m,,True,2026-02-17T14:09:22.403383
2026-06-06,CAN,departure,20:55,PVG Shanghai,CA1866,Air China,text,Duration: 2h 25m,,True,2026-02-17T14:09:22.403388
2026-06-06,CAN,departure,20:55,HGH Hangzhou,MU5218,China Eastern,text,Duration: 2h 15m,,True,2026-02-17T14:09:22.403393
2026-06-06,CAN,departure,21:00,CTU Chengdu,CA4304,Air China,text,Duration: 2h 30m,,True,2026-02-17T14:09:22.403399
2026-06-06,CAN,departure,21:00,KUL Kuala Lumpur,CZ8071,China Southern,text,Duration: 4h 10m,,True,2026-02-17T14:09:22.403404
2026-06-06,CAN,departure,21:00,PKX Beijing,CZ3107,China Southern,text,Duration: 3h 10m,,True,2026-02-17T14:09:22.403409
2026-06-06,CAN,departure,21:00,SYD Sydney,CZ325,China Southern,text,Duration: 9h 25m,,True,2026-02-17T14:09:22.403415
2026-06-06,CAN,departure,21:00,HAK Haikou,HU7010,Hainan Airlines,text,Duration: 1h 30m,,True,2026-02-17T14:09:22.403420
2026-06-06,CAN,departure,21:00,TFU Chengdu,ZH9445,Shenzhen Airlines,text,Duration: 2h 25m,,True,2026-02-17T14:09:22.403426
2026-06-06,CAN,departure,21:05,CSX Changsha,CZ6043,China Southern,text,Duration: 1h 25m,,True,2026-02-17T14:09:22.403431
2026-06-06,CAN,departure,21:05,DLC Dalian,CZ6468,China Southern,text,Duration: 3h 20m,,True,2026-02-17T14:09:22.403436
2026-06-06,CAN,departure,21:05,SHE Shenyang,CZ3601,China Southern,text,Duration: 3h 50m,,True,2026-02-17T14:09:22.403441
2026-06-06,CAN,departure,21:05,NKG Nanjing,ZH9877,Shenzhen Airlines,text,Duration: 2h 10m,,True,2026-02-17T14:09:22.403446
2026-06-06,CAN,departure,21:10,BKI Kota Kinabalu,CZ8483,China Southern,text,Duration: 3h 20m,,True,2026-02-17T14:09:22.403452
2026-06-06,CAN,departure,21:10,TNA Jinan,CZ3663,China Southern,text,Duration: 2h 40m,,True,2026-02-17T14:09:22.403457
2026-06-06,CAN,departure,21:10,PKX Beijing,MF8340,XiamenAir,text,Duration: 3h 0m,,True,2026-02-17T14:09:22.403463
2026-06-06,CAN,departure,21:10,TNA Jinan,SC1176,Shandong Airlines,text,Duration: 2h 35m,,True,2026-02-17T14:09:22.403469
2026-06-06,CAN,departure,21:10,WUX Wuxi,ZH9833,Shenzhen Airlines,text,Duration: 2h 25m,,True,2026-02-17T14:09:22.403474
2026-06-06,CAN,departure,21:15,BNE Brisbane,CZ381,China Southern,text,Duration: 9h 0m,,True,2026-02-17T14:09:22.403480
2026-06-06,CAN,departure,21:15,PEK Beijing,HU7816,Hainan Airlines,text,Duration: 3h 0m,,True,2026-02-17T14:09:22.403485
2026-06-06,CAN,departure,21:15,NKG Nanjing,ZH9875,Shenzhen Airlines,text,Duration: 2h 40m,,True,2026-02-17T14:09:22.403490
2026-06-06,CAN,departure,21:20,MEL Melbourne,CZ321,China Southern,text,Duration: 9h 20m,,True,2026-02-17T14:09:22.403578
2026-06-06,CAN,departure,21:20,NNG Nanning,CZ3291,China Southern,text,Duration: 1h 55m,,True,2026-02-17T14:09:22.403585
2026-06-06,CAN,departure,21:20,KMG Kunming,KY8282,Kunming Airlines,text,Duration: 2h 45m,,True,2026-02-17T14:09:22.403590
2026-06-06,CAN,departure,21:20,TNA Jinan,SC1174,Shandong Airlines,text,Duration: 2h 50m,,True,2026-02-17T14:09:22.403596
2026-06-06,CAN,departure,21:25,KUL Kuala Lumpur,AQ1271,9 Air,text,Duration: 4h 15m,,True,2026-02-17T14:09:22.403602
2026-06-06,CAN,departure,21:25,XIY Xian,CZ3217,China Southern,text,Duration: 2h 50m,,True,2026-02-17T14:09:22.403607
2026-06-06,CAN,departure,21:25,HGH Hangzhou,MF8312,XiamenAir,text,Duration: 2h 15m,,True,2026-02-17T14:09:22.403613
2026-06-06,CAN,departure,21:30,KMG Kunming,8L9976,Lucky Air,text,Duration: 2h 45m,,True,2026-02-17T14:09:22.403618
2026-06-06,CAN,departure,21:30,CGO Zhengzhou,CZ3390,China Southern,text,Duration: 2h 25m,,True,2026-02-17T14:09:22.403624
2026-06-06,CAN,departure,21:30,HYN Taizhou,CZ8261,China Southern,text,Duration: 2h 0m,,True,2026-02-17T14:09:22.403629
2026-06-06,CAN,departure,21:30,LAX Los Angeles,CZ327,China Southern,text,Duration: 13h 10m,,True,2026-02-17T14:09:22.403635
2026-06-06,CAN,departure,21:30,SHA Shanghai,MU9200,China Eastern,text,Duration: 2h 25m,,True,2026-02-17T14:09:22.403641
2026-06-06,CAN,departure,21:30,XIY Xian,ZH9225,Shenzhen Airlines,text,Duration: 2h 50m,,True,2026-02-17T14:09:22.403646
2026-06-06,CAN,departure,21:35,SHA Shanghai,9C8932,Spring Airlines,text,Duration: 2h 15m,,True,2026-02-17T14:09:22.403651
2026-06-06,CAN,departure,21:40,KMG Kunming,CZ3419,China Southern,text,Duration: 2h 30m,,True,2026-02-17T14:09:22.403657
2026-06-06,CAN,departure,21:40,LZO Luzhou,CZ3949,China Southern,text,Duration: 2h 10m,,True,2026-02-17T14:09:22.403662
2026-06-06,CAN,departure,21:40,SHA Shanghai,HO1852,Juneyao Airlines,text,Duration: 2h 15m,,True,2026-02-17T14:09:22.403668
2026-06-06,CAN,departure,21:50,TNA Jinan,MU5260,China Eastern,text,Duration: 2h 40m,,True,2026-02-17T14:09:22.403673
2026-06-06,CAN,departure,21:55,XUZ Xuzhou,CZ6281,China Southern,text,Duration: 2h 25m,,True,2026-02-17T14:09:22.403678
2026-06-06,CAN,departure,22:00,KUL Kuala Lumpur,AK117,AirAsia,text,Duration: 4h 15m,,True,2026-02-17T14:09:22.403683
2026-06-06,CAN,departure,22:00,PVG Shanghai,CZ3586,China Southern,text,Duration: 2h 20m,,True,2026-02-17T14:09:22.403689
2026-06-06,CAN,departure,22:00,WNZ Wenzhou,CZ3769,China Southern,text,Duration: 1h 40m,,True,2026-02-17T14:09:22.403694
2026-06-06,CAN,departure,22:00,YIW Yiwu,CZ3886,China Southern,text,Duration: 1h 55m,,True,2026-02-17T14:09:22.403700
2026-06-06,CAN,departure,22:05,NNY Nanyang,CZ3383,China Southern,text,Duration: 2h 5m,,True,2026-02-17T14:09:22.403705
2026-06-06,CAN,departure,22:05,SYX Sanya,CZ6736,China Southern,text,Duration: 1h 45m,,True,2026-02-17T14:09:22.403710
2026-06-06,CAN,departure,22:05,TYN Taiyuan,HU7249,Hainan Airlines,text,Duration: 2h 40m,,True,2026-02-17T14:09:22.403715
2026-06-06,CAN,departure,22:05,NTG Nantong,ZH8695,Shenzhen Airlines,text,Duration: 2h 15m,,True,2026-02-17T14:09:22.403721
2026-06-06,CAN,departure,22:10,HAN Hanoi,CZ371,China Southern,text,Duration: 2h 5m,,True,2026-02-17T14:09:22.403726
2026-06-06,CAN,departure,22:10,HFE Hefei,CZ3815,China Southern,text,Duration: 2h 15m,,True,2026-02-17T14:09:22.403731
2026-06-06,CAN,departure,22:10,KHN Nanchang,CZ3343,China Southern,text,Duration: 1h 35m,,True,2026-02-17T14:09:22.403737
2026-06-06,CAN,departure,22:10,BKK Bangkok,KQ887,Kenya Airways,text,Duration: 2h 25m,,True,2026-02-17T14:09:22.403742
2026-06-06,CAN,departure,22:15,INC Yinchuan,CZ3253,China Southern,text,Duration: 2h 55m,,True,2026-02-17T14:09:22.403747
2026-06-06,CAN,departure,22:15,KTI Phnom Penh,CZ323,China Southern,text,Duration: 2h 55m,,True,2026-02-17T14:09:22.403753
2026-06-06,CAN,departure,22:15,KWE Guiyang,CZ3662,China Southern,text,Duration: 1h 40m,,True,2026-02-17T14:09:22.403758
2026-06-06,CAN,departure,22:15,SWA Jieyang,CZ3896,China Southern,text,Duration: 1h 15m,,True,2026-02-17T14:09:22.403763
2026-06-06,CAN,departure,22:15,CGO Zhengzhou,ZH8903,Shenzhen Airlines,text,Duration: 2h 20m,,True,2026-02-17T14:09:22.403769
2026-06-06,CAN,departure,22:20,HKG Hong Kong,CX989,Cathay Pacific,text,Duration: 1h 20m,,True,2026-02-17T14:09:22.403774
2026-06-06,CAN,departure,22:20,CZX Changzhou,CZ3993,China Southern,text,Duration: 2h 15m,,True,2026-02-17T14:09:22.403780
2026-06-06,CAN,departure,22:20,CKG Chongqing,OQ2326,Chongqing Airlines,text,Duration: 2h 10m,,True,2026-02-17T14:09:22.403785
2026-06-06,CAN,departure,22:25,YTY Yangzhou,CZ3957,China Southern,text,Duration: 2h 20m,,True,2026-02-17T14:09:22.403791
2026-06-06,CAN,departure,22:25,KMG Kunming,MU5740,China Eastern,text,Duration: 2h 30m,,True,2026-02-17T14:09:22.403796
2026-06-06,CAN,departure,22:30,HAK Haikou,CZ6788,China Southern,text,Duration: 1h 15m,,True,2026-02-17T14:09:22.403801
2026-06-06,CAN,departure,22:30,WUH Wuhan,CZ3367,China Southern,text,Duration: 1h 50m,,True,2026-02-17T14:09:22.403807
2026-06-06,CAN,departure,22:35,HGH Hangzhou,GJ8996,Loong Air,text,Duration: 2h 10m,,True,2026-02-17T14:09:22.403813
2026-06-06,CAN,departure,22:55,SFO San Francisco,CZ657,China Southern,text,Duration: 12h 45m,,True,2026-02-17T14:09:22.403819
2026-06-06,CAN,departure,23:00,HGH Hangzhou,3U3154,Sichuan Airlines,text,Duration: 1h 50m,,True,2026-02-17T14:09:22.403824
2026-06-06,CAN,departure,23:00,BAR Qionghai,AQ1145,9 Air,text,Duration: 1h 35m,,True,2026-02-17T14:09:22.403830
2026-06-06,CAN,departure,23:00,CSX Changsha,CZ5592,China Southern,text,Duration: 1h 35m,,True,2026-02-17T14:09:22.403835
2026-06-06,CAN,departure,23:00,HAK Haikou,HU7012,Hainan Airlines,text,Duration: 2h 0m,,True,2026-02-17T14:09:22.403841
2026-06-06,CAN,departure,23:00,SYX Sanya,HU7310,Hainan Airlines,text,Duration: 1h 35m,,True,2026-02-17T14:09:22.403846
2026-06-06,CAN,departure,23:00,NKG Nanjing,MU9768,China Eastern,text,Duration: 2h 20m,,True,2026-02-17T14:09:22.403931
2026-06-06,CAN,departure,23:00,IST Istanbul,TK73,Turkish Airlines,text,Duration: 11h 30m,,True,2026-02-17T14:09:22.403938
2026-06-06,CAN,departure,23:05,CGO Zhengzhou,CZ3960,China Southern,text,Duration: 2h 20m,,True,2026-02-17T14:09:22.403943
2026-06-06,CAN,departure,23:05,SIN Singapore,CZ8489,China Southern,text,Duration: 4h 0m,,True,2026-02-17T14:09:22.403949
2026-06-06,CAN,departure,23:05,BKK Bangkok,MU2077,China Eastern,text,Duration: 3h 10m,,True,2026-02-17T14:09:22.403955
2026-06-06,CAN,departure,23:05,SJW Shijiazhuang,NS3658,Hebei Airlines,text,Duration: 2h 30m,,True,2026-02-17T14:09:22.403961
2026-06-06,CAN,departure,23:05,CGO Zhengzhou,PN6380,West Air (China),text,Duration: 2h 20m,,True,2026-02-17T14:09:22.403967
2026-06-06,CAN,departure,23:10,BHY Beihai,CZ3353,China Southern,text,Duration: 1h 25m,,True,2026-02-17T14:09:22.403973
2026-06-06,CAN,departure,23:10,CGD Changde,CZ3229,China Southern,text,Duration: 1h 30m,,True,2026-02-17T14:09:22.403979
2026-06-06,CAN,departure,23:10,ZHA Zhanjiang,CZ3329,China Southern,text,Duration: 1h 15m,,True,2026-02-17T14:09:22.403984
2026-06-06,CAN,departure,23:20,CAI Cairo,MS959,EgyptAir,text,Duration: 10h 30m,,True,2026-02-17T14:09:22.403989
2026-06-06,CAN,departure,23:30,BKK Bangkok,AQ1265,9 Air,text,Duration: 2h 55m,,True,2026-02-17T14:09:22.403996
2026-06-06,CAN,departure,23:30,HAK Haikou,CZ6776,China Southern,text,Duration: 1h 25m,,True,2026-02-17T14:09:22.404001
2026-06-06,CAN,departure,23:30,XIY Xian,MU2304,China Eastern,text,Duration: 2h 25m,,True,2026-02-17T14:09:22.404006
2026-06-06,CAN,departure,23:30,IKA Tehran,W580,Mahan Air,text,Duration: 9h 30m,,True,2026-02-17T14:09:22.404012
2026-06-06,CAN,departure,23:35,BKK Bangkok,CZ3035,China Southern,text,Duration: 2h 55m,,True,2026-02-17T14:09:22.404017
2026-06-06,CAN,departure,23:35,SGN Ho Chi Minh City,CZ6089,China Southern,text,Duration: 3h 0m,,True,2026-02-17T14:09:22.404023
2026-06-06,CAN,departure,23:40,CKG Chongqing,PN6206,West Air (China),text,Duration: 2h 15m,,True,2026-02-17T14:09:22.404028
2026-06-06,CAN,arrival,00:05,BKK Bangkok,CZ8020,China Southern,text,Duration: 3h 10m,,True,2026-02-17T14:11:02.427705
2026-06-06,CAN,arrival,00:05,XMN Xiamen,CZ3806,China Southern,text,Duration: 1h 35m,,True,2026-02-17T14:11:02.427717
2026-06-06,CAN,arrival,00:05,HET Hohhot,GJ8568,Loong Air,text,Duration: 3h 15m,,True,2026-02-17T14:11:02.427725
2026-06-06,CAN,arrival,00:05,HGH Hangzhou,HU7362,Hainan Airlines,text,Duration: 2h 20m,,True,2026-02-17T14:11:02.427731
2026-06-06,CAN,arrival,00:05,ICN Seoul,OZ357,Asiana,text,Duration: 3h 55m,,True,2026-02-17T14:11:02.427737
2026-06-06,CAN,arrival,00:10,NKG Nanjing,AQ1030,9 Air,text,Duration: 2h 40m,,True,2026-02-17T14:11:02.427744
2026-06-06,CAN,arrival,00:10,XIY Xian,HU7827,Hainan Airlines,text,Duration: 2h 40m,,True,2026-02-17T14:11:02.427750
2026-06-06,CAN,arrival,00:10,SHA Shanghai,MU5319,China Eastern,text,Duration: 2h 15m,,True,2026-02-17T14:11:02.427757
2026-06-06,CAN,arrival,00:15,SJW Shijiazhuang,9C8900,Spring Airlines,text,Duration: 3h 30m,,True,2026-02-17T14:11:02.427763
2026-06-06,CAN,arrival,00:15,SHA Shanghai,CZ3582,China Southern,text,Duration: 2h 25m,,True,2026-02-17T14:11:02.427769
2026-06-06,CAN,arrival,00:15,HGH Hangzhou,GJ8859,Loong Air,text,Duration: 2h 25m,,True,2026-02-17T14:11:02.427776
2026-06-06,CAN,arrival,00:15,SHA Shanghai,HO1853,Juneyao Airlines,text,Duration: 2h 20m,,True,2026-02-17T14:11:02.427782
2026-06-06,CAN,arrival,00:15,SIN Singapore,SQ852,Singapore Airlines,text,Duration: 4h 25m,,True,2026-02-17T14:11:02.427787
2026-06-06,CAN,arrival,00:20,SYX Sanya,AQ1112,9 Air,text,Duration: 1h 50m,,True,2026-02-17T14:11:02.427793
2026-06-06,CAN,arrival,00:20,TSN Tianjin,BK2788,OkAir,text,Duration: 3h 5m,,True,2026-02-17T14:11:02.427798
2026-06-06,CAN,arrival,00:20,PEK Beijing,CA1329,Air China,text,Duration: 3h 20m,,True,2026-02-17T14:11:02.427804
2026-06-06,CAN,arrival,00:20,NKG Nanjing,CZ3508,China Southern,text,Duration: 2h 20m,,True,2026-02-17T14:11:02.427810
2026-06-06,CAN,arrival,00:20,CGQ Changchun,ZH9696,Shenzhen Airlines,text,Duration: 4h 45m,,True,2026-02-17T14:11:02.427816
2026-06-06,CAN,arrival,00:20,HAK Haikou,ZH8994,Shenzhen Airlines,text,Duration: 1h 15m,,True,2026-02-17T14:11:02.427822
2026-06-06,CAN,arrival,00:25,SHA Shanghai,9C6883,Spring Airlines,text,Duration: 2h 40m,,True,2026-02-17T14:11:02.427828
2026-06-06,CAN,arrival,00:25,LYG Lianyungang,AQ1180,9 Air,text,Duration: 3h 5m,,True,2026-02-17T14:11:02.427834
2026-06-06,CAN,arrival,00:25,FOC Fuzhou,CZ3648,China Southern,text,Duration: 1h 55m,,True,2026-02-17T14:11:02.427840
2026-06-06,CAN,arrival,00:25,HFE Hefei,CZ3818,China Southern,text,Duration: 2h 20m,,True,2026-02-17T14:11:02.427845
2026-06-06,CAN,arrival,00:25,PVG Shanghai,CZ8212,China Southern,text,Duration: 2h 30m,,True,2026-02-17T14:11:02.427852
2026-06-06,CAN,arrival,00:25,ENH Enshi,GJ6032,Loong Air,text,Duration: 1h 50m,,True,2026-02-17T14:11:02.427857
2026-06-06,CAN,arrival,00:25,CKG Chongqing,OQ2130,Chongqing Airlines,text,Duration: 1h 50m,,True,2026-02-17T14:11:02.427863
2026-06-06,CAN,arrival,00:30,KUL Kuala Lumpur,AK118,AirAsia,text,Duration: 4h 15m,,True,2026-02-17T14:11:02.427869
2026-06-06,CAN,arrival,00:30,PKX Beijing,CA8678,Air China,text,Duration: 3h 15m,,True,2026-02-17T14:11:02.427876
2026-06-06,CAN,arrival,00:30,CTU Chengdu,CZ3428,China Southern,text,Duration: 2h 30m,,True,2026-02-17T14:11:02.427881
2026-06-06,CAN,arrival,00:30,TFU Chengdu,JD5162,Capital Airlines,text,Duration: 2h 0m,,True,2026-02-17T14:11:02.427887
2026-06-06,CAN,arrival,00:35,JHG Jinghong,AQ1042,9 Air,text,Duration: 2h 25m,,True,2026-02-17T14:11:02.427893
2026-06-06,CAN,arrival,00:40,WXN Wanxian,CA4389,Air China,text,Duration: 2h 5m,,True,2026-02-17T14:11:02.427899
2026-06-06,CAN,arrival,00:40,TAO Qingdao,CZ3610,China Southern,text,Duration: 3h 15m,,True,2026-02-17T14:11:02.427905
2026-06-06,CAN,arrival,00:40,CGO Zhengzhou,GJ8584,Loong Air,text,Duration: 2h 40m,,True,2026-02-17T14:11:02.427911
2026-06-06,CAN,arrival,00:40,HGH Hangzhou,JD5270,Capital Airlines,text,Duration: 2h 30m,,True,2026-02-17T14:11:02.427916
2026-06-06,CAN,arrival,00:40,DIG Diqing,MU5773,China Eastern,text,Duration: 3h 0m,,True,2026-02-17T14:11:02.427922
2026-06-06,CAN,arrival,00:40,WUX Wuxi,MU2907,China Eastern,text,Duration: 2h 20m,,True,2026-02-17T14:11:02.427928
2026-06-06,CAN,arrival,00:45,PKX Beijing,AQ1002,9 Air,text,Duration: 3h 25m,,True,2026-02-17T14:11:02.427933
2026-06-06,CAN,arrival,00:45,WNZ Wenzhou,CZ3676,China Southern,text,Duration: 2h 0m,,True,2026-02-17T14:11:02.427939
2026-06-06,CAN,arrival,00:50,KMG Kunming,AQ1120,9 Air,text,Duration: 1h 55m,,True,2026-02-17T14:11:02.427945
2026-06-06,CAN,arrival,00:50,NGB Ningbo,CZ3372,China Southern,text,Duration: 2h 30m,,True,2026-02-17T14:11:02.427951
2026-06-06,CAN,arrival,00:50,PKX Beijing,CZ3114,China Southern,text,Duration: 3h 20m,,True,2026-02-17T14:11:02.427957
2026-06-06,CAN,arrival,00:50,PVG Shanghai,MU5313,China Eastern,text,Duration: 2h 30m,,True,2026-02-17T14:11:02.427962
2026-06-06,CAN,arrival,00:55,HRB Harbin,CZ3624,China Southern,text,Duration: 4h 40m,,True,2026-02-17T14:11:02.427968
2026-06-06,CAN,arrival,00:55,LHW Lanzhou,HU7254,Hainan Airlines,text,Duration: 3h 0m,,True,2026-02-17T14:11:02.427973
2026-06-06,CAN,arrival,00:55,TSN Tianjin,JD5186,Capital Airlines,text,Duration: 3h 5m,,True,2026-02-17T14:11:02.427979
2026-06-06,CAN,arrival,01:00,DPS Denpasar,8B969,TransNusa,text,Duration: 5h 20m,,True,2026-02-17T14:11:02.427984
2026-06-06,CAN,arrival,01:00,HGH Hangzhou,AQ1072,9 Air,text,Duration: 2h 35m,,True,2026-02-17T14:11:02.427990
2026-06-06,CAN,arrival,01:00,WUT Xinzhou,AQ1162,9 Air,text,Duration: 3h 15m,,True,2026-02-17T14:11:02.427995
2026-06-06,CAN,arrival,01:05,MDC Manado,8B167,TransNusa,text,Duration: 4h 0m,,True,2026-02-17T14:11:02.428001
2026-06-06,CAN,arrival,01:05,XIY Xian,AQ1106,9 Air,text,Duration: 2h 50m,,True,2026-02-17T14:11:02.428104
2026-06-06,CAN,arrival,01:10,KMG Kunming,CZ3490,China Southern,text,Duration: 2h 25m,,True,2026-02-17T14:11:02.428114
2026-06-06,CAN,arrival,01:10,URC Urumqi,HU7224,Hainan Airlines,text,Duration: 5h 10m,,True,2026-02-17T14:11:02.428121
2026-06-06,CAN,arrival,01:10,XIY Xian,MU6956,China Eastern,text,Duration: 2h 40m,,True,2026-02-17T14:11:02.428129
2026-06-06,CAN,arrival,01:15,CGO Zhengzhou,AQ1174,9 Air,text,Duration: 2h 30m,,True,2026-02-17T14:11:02.428136
2026-06-06,CAN,arrival,01:15,XUZ Xuzhou,GJ8060,Loong Air,text,Duration: 2h 35m,,True,2026-02-17T14:11:02.428142
2026-06-06,CAN,arrival,01:15,PKX Beijing,MU6311,China Eastern,text,Duration: 3h 25m,,True,2026-02-17T14:11:02.428149
2026-06-06,CAN,arrival,01:20,HFE Hefei,HU7204,Hainan Airlines,text,Duration: 2h 25m,,True,2026-02-17T14:11:02.428156
2026-06-06,CAN,arrival,01:20,LJG Lijiang,JD5132,Capital Airlines,text,Duration: 2h 30m,,True,2026-02-17T14:11:02.428163
2026-06-06,CAN,arrival,01:25,CGK Jakarta,8B860,TransNusa,text,Duration: 5h 15m,,True,2026-02-17T14:11:02.428170
2026-06-06,CAN,arrival,01:25,KMG Kunming,MU6824,China Eastern,text,Duration: 2h 5m,,True,2026-02-17T14:11:02.428177
2026-06-06,CAN,arrival,01:30,JGN Jiayuguan,AQ1160,9 Air,text,Duration: 3h 40m,,True,2026-02-17T14:11:02.428184
2026-06-06,CAN,arrival,01:30,KMG Kunming,MU5733,China Eastern,text,Duration: 2h 10m,,True,2026-02-17T14:11:02.428191
2026-06-06,CAN,arrival,01:30,SGN Ho Chi Minh City,VJ3908,VietJet,text,Duration: 2h 45m,,True,2026-02-17T14:11:02.428199
2026-06-06,CAN,arrival,01:40,DMK Bangkok,SL900,Thai Lion Air,text,Duration: 3h 0m,,True,2026-02-17T14:11:02.428206
2026-06-06,CAN,arrival,01:55,CKG Chongqing,CZ3440,China Southern,text,Duration: 2h 5m,,True,2026-02-17T14:11:02.428214
2026-06-06,CAN,arrival,02:00,BKK Bangkok,9C7420,Spring Airlines,text,Duration: 3h 5m,,True,2026-02-17T14:11:02.428221
2026-06-06,CAN,arrival,02:00,CNX Chiang Mai,9C8934,Spring Airlines,text,Duration: 3h 15m,,True,2026-02-17T14:11:02.428228
2026-06-06,CAN,arrival,02:00,KTI Phnom Penh,9C7008,Spring Airlines,text,Duration: 3h 5m,,True,2026-02-17T14:11:02.428235
2026-06-06,CAN,arrival,02:00,JHB Johor Bharu,AK1394,AirAsia,text,Duration: 4h 0m,,True,2026-02-17T14:11:02.428243
2026-06-06,CAN,arrival,02:10,KUL Kuala Lumpur,OD612,Batik Air,text,Duration: 4h 15m,,True,2026-02-17T14:11:02.428250
2026-06-06,CAN,arrival,02:15,HAN Hanoi,VJ7526,VietJet,text,Duration: 1h 40m,,True,2026-02-17T14:11:02.428257
2026-06-06,CAN,arrival,02:20,HKG Hong Kong,CX950,Cathay Pacific,text,Duration: 1h 5m,,True,2026-02-17T14:11:02.428264
2026-06-06,CAN,arrival,02:50,KTI Phnom Penh,KR937,Cambodia Airways,text,Duration: 2h 55m,,True,2026-02-17T14:11:02.428271
2026-06-06,CAN,arrival,03:05,VTE Vientiane,AQ1278,9 Air,text,Duration: 2h 15m,,True,2026-02-17T14:11:02.428278
2026-06-06,CAN,arrival,03:15,TAS Tashkent,C6511,Centrum Air,text,Duration: 6h 55m,,True,2026-02-17T14:11:02.428285
2026-06-06,CAN,arrival,03:30,DAC Dhaka,BG366,Biman,text,Duration: 3h 45m,,True,2026-02-17T14:11:02.428292
2026-06-06,CAN,arrival,03:35,DMK Bangkok,AQ1280,9 Air,text,Duration: 2h 50m,,True,2026-02-17T14:11:02.428301
2026-06-06,CAN,arrival,03:45,CCU Kolkata,6E1703,IndiGo,text,Duration: 3h 35m,,True,2026-02-17T14:11:02.428308
2026-06-06,CAN,arrival,03:50,DAC Dhaka,BS325,US-Bangla Airlines,text,Duration: 3h 40m,,True,2026-02-17T14:11:02.428315
2026-06-06,CAN,arrival,04:00,DEL Delhi,6E1701,IndiGo,text,Duration: 4h 35m,,True,2026-02-17T14:11:02.428322
2026-06-06,CAN,arrival,04:00,KTI Phnom Penh,K6610,Air Cambodia,text,Duration: 3h 10m,,True,2026-02-17T14:11:02.428329
2026-06-06,CAN,arrival,04:05,PEN Penang,CZ8074,China Southern,text,Duration: 4h 0m,,True,2026-02-17T14:11:02.428337
2026-06-06,CAN,arrival,05:00,DAC Dhaka,CZ392,China Southern,text,Duration: 3h 45m,,True,2026-02-17T14:11:02.428344
2026-06-06,CAN,arrival,05:00,MEL Melbourne,CZ344,China Southern,text,Duration: 10h 0m,,True,2026-02-17T14:11:02.428351
2026-06-06,CAN,arrival,05:00,YYZ Toronto,CZ312,China Southern,text,Duration: 15h 30m,,True,2026-02-17T14:11:02.428358
2026-06-06,CAN,arrival,05:15,BKI Kota Kinabalu,CZ8484,China Southern,text,Duration: 3h 30m,,True,2026-02-17T14:11:02.428366
2026-06-06,CAN,arrival,05:25,AKL Auckland,CZ306,China Southern,text,Duration: 12h 0m,,True,2026-02-17T14:11:02.428373
2026-06-06,CAN,arrival,05:25,SYD Sydney,CZ302,China Southern,text,Duration: 9h 40m,,True,2026-02-17T14:11:02.428380
2026-06-06,CAN,arrival,05:35,ALA Almaty,KC187,Air Astana,text,Duration: 5h 55m,,True,2026-02-17T14:11:02.428387
2026-06-06,CAN,arrival,05:40,ALG Algiers,AH3180,Air Algerie,text,Duration: 12h 50m,,True,2026-02-17T14:11:02.428394
2026-06-06,CAN,arrival,05:45,KUL Kuala Lumpur,CZ5036,China Southern,text,Duration: 4h 25m,,True,2026-02-17T14:11:02.428402
2026-06-06,CAN,arrival,05:50,CDG Paris,CZ348,China Southern,text,Duration: 11h 40m,,True,2026-02-17T14:11:02.428409
2026-06-06,CAN,arrival,05:50,DPS Denpasar,CZ626,China Southern,text,Duration: 5h 20m,,True,2026-02-17T14:11:02.428417
2026-06-06,CAN,arrival,06:00,BNE Brisbane,CZ636,China Southern,text,Duration: 9h 0m,,True,2026-02-17T14:11:02.428424
2026-06-06,CAN,arrival,06:15,ALA Almaty,CZ3084,China Southern,text,Duration: 6h 15m,,True,2026-02-17T14:11:02.428431
2026-06-06,CAN,arrival,06:15,LHE Lahore,CZ6038,China Southern,text,Duration: 5h 30m,,True,2026-02-17T14:11:02.428438
2026-06-06,CAN,arrival,06:20,BKK Bangkok,AQ1266,9 Air,text,Duration: 2h 50m,,True,2026-02-17T14:11:02.428446
2026-06-06,CAN,arrival,06:20,KTM Kathmandu,CZ3068,China Southern,text,Duration: 4h 35m,,True,2026-02-17T14:11:02.428453
2026-06-06,CAN,arrival,06:30,SGN Ho Chi Minh City,CZ6090,China Southern,text,Duration: 2h 55m,,True,2026-02-17T14:11:02.428461
2026-06-06,CAN,arrival,06:35,KUL Kuala Lumpur,CZ8072,China Southern,text,Duration: 4h 15m,,True,2026-02-17T14:11:02.428565
2026-06-06,CAN,arrival,06:40,AMS Amsterdam,CZ308,China Southern,text,Duration: 11h 20m,,True,2026-02-17T14:11:02.428575
2026-06-06,CAN,arrival,06:40,LGW London,CZ690,China Southern,text,Duration: 11h 40m,,True,2026-02-17T14:11:02.428582
2026-06-06,CAN,arrival,06:55,BKK Bangkok,CZ3036,China Southern,text,Duration: 2h 55m,,True,2026-02-17T14:11:02.428589
2026-06-06,CAN,arrival,06:55,IST Istanbul,CZ8066,China Southern,text,Duration: 9h 55m,,True,2026-02-17T14:11:02.428597
2026-06-06,CAN,arrival,07:05,ADD Addis Ababa,ET616,Ethiopian,text,Duration: 10h 30m,,True,2026-02-17T14:11:02.428604
2026-06-06,CAN,arrival,07:20,IST Istanbul,TK298,Turkish Airlines,text,Duration: 10h 30m,,True,2026-02-17T14:11:02.428611
2026-06-06,CAN,arrival,07:35,PER Perth,CZ320,China Southern,text,Duration: 8h 0m,,True,2026-02-17T14:11:02.428618
2026-06-06,CAN,arrival,07:45,DXB Dubai,CZ8058,China Southern,text,Duration: 7h 50m,,True,2026-02-17T14:11:02.428626
2026-06-06,CAN,arrival,07:50,BKK Bangkok,MU2078,China Eastern,text,Duration: 3h 50m,,True,2026-02-17T14:11:02.428634
2026-06-06,CAN,arrival,07:55,HAK Haikou,HU7001,Hainan Airlines,text,Duration: 1h 25m,,True,2026-02-17T14:11:02.428641
2026-06-06,CAN,arrival,08:15,SIN Singapore,CZ8490,China Southern,text,Duration: 4h 20m,,True,2026-02-17T14:11:02.428648
2026-06-06,CAN,arrival,08:20,HAK Haikou,CZ6773,China Southern,text,Duration: 1h 20m,,True,2026-02-17T14:11:02.428655
2026-06-06,CAN,arrival,08:25,ZHA Zhanjiang,CZ3330,China Southern,text,Duration: 1h 15m,,True,2026-02-17T14:11:02.428662
2026-06-06,CAN,arrival,08:30,CGD Changde,CZ3230,China Southern,text,Duration: 1h 30m,,True,2026-02-17T14:11:02.428669
2026-06-06,CAN,arrival,08:30,CGO Zhengzhou,PN6381,West Air (China),text,Duration: 2h 25m,,True,2026-02-17T14:11:02.428676
2026-06-06,CAN,arrival,08:35,SYX Sanya,HU7307,Hainan Airlines,text,Duration: 1h 45m,,True,2026-02-17T14:11:02.428683
2026-06-06,CAN,arrival,08:40,BAR Qionghai,AQ1146,9 Air,text,Duration: 1h 30m,,True,2026-02-17T14:11:02.428690
2026-06-06,CAN,arrival,08:45,BHY Beihai,CZ3354,China Southern,text,Duration: 1h 30m,,True,2026-02-17T14:11:02.428696
2026-06-06,CAN,arrival,08:45,SWA Jieyang,CZ3895,China Southern,text,Duration: 1h 15m,,True,2026-02-17T14:11:02.428703
2026-06-06,CAN,arrival,08:45,HAK Haikou,HU7003,Hainan Airlines,text,Duration: 1h 15m,,True,2026-02-17T14:11:02.428710
2026-06-06,CAN,arrival,08:45,WNZ Wenzhou,ZH9962,Shenzhen Airlines,text,Duration: 2h 0m,,True,2026-02-17T14:11:02.428716
2026-06-06,CAN,arrival,08:50,HIA Huai'an,CZ3996,China Southern,text,Duration: 2h 25m,,True,2026-02-17T14:11:02.428723
2026-06-06,CAN,arrival,08:50,KHN Nanchang,CZ3344,China Southern,text,Duration: 1h 35m,,True,2026-02-17T14:11:02.428730
2026-06-06,CAN,arrival,08:50,SYX Sanya,CZ6731,China Southern,text,Duration: 1h 45m,,True,2026-02-17T14:11:02.428737
2026-06-06,CAN,arrival,08:50,IKA Tehran,W581,Mahan Air,text,Duration: 7h 20m,,True,2026-02-17T14:11:02.428745
2026-06-06,CAN,arrival,08:55,HKG Hong Kong,CX982,Cathay Pacific,text,Duration: 1h 5m,,True,2026-02-17T14:11:02.428752
2026-06-06,CAN,arrival,08:55,NNG Nanning,CZ3292,China Southern,text,Duration: 1h 30m,,True,2026-02-17T14:11:02.428759
2026-06-06,CAN,arrival,08:55,XUZ Xuzhou,CZ6282,China Southern,text,Duration: 2h 25m,,True,2026-02-17T14:11:02.428766
2026-06-06,CAN,arrival,08:55,CGO Zhengzhou,ZH8904,Shenzhen Airlines,text,Duration: 2h 15m,,True,2026-02-17T14:11:02.428774
2026-06-06,CAN,arrival,09:05,XMN Xiamen,MF8305,XiamenAir,text,Duration: 1h 35m,,True,2026-02-17T14:11:02.428782
2026-06-06,CAN,arrival,09:15,KUL Kuala Lumpur,AK112,AirAsia,text,Duration: 4h 15m,,True,2026-02-17T14:11:02.428789
2026-06-06,CAN,arrival,09:15,PVG Shanghai,CZ3549,China Southern,text,Duration: 2h 20m,,True,2026-02-17T14:11:02.428795
2026-06-06,CAN,arrival,09:20,CTU Chengdu,3U8737,Sichuan Airlines,text,Duration: 2h 20m,,True,2026-02-17T14:11:02.428802
2026-06-06,CAN,arrival,09:20,HGH Hangzhou,CA1789,Air China,text,Duration: 2h 5m,,True,2026-02-17T14:11:02.428809
2026-06-06,CAN,arrival,09:20,KWE Guiyang,CZ3661,China Southern,text,Duration: 1h 35m,,True,2026-02-17T14:11:02.428816
2026-06-06,CAN,arrival,09:20,WUH Wuhan,MU2542,China Eastern,text,Duration: 1h 40m,,True,2026-02-17T14:11:02.428823
2026-06-06,CAN,arrival,09:25,SIN Singapore,TR100,Scoot,text,Duration: 4h 10m,,True,2026-02-17T14:11:02.428829
2026-06-06,CAN,arrival,09:30,PVG Shanghai,HO1855,Juneyao Airlines,text,Duration: 2h 30m,,True,2026-02-17T14:11:02.428836
2026-06-06,CAN,arrival,09:30,CKG Chongqing,OQ2323,Chongqing Airlines,text,Duration: 2h 0m,,True,2026-02-17T14:11:02.428843
2026-06-06,CAN,arrival,09:30,SVO Moscow,SU220,Aeroflot,text,Duration: 9h 15m,,True,2026-02-17T14:11:02.428850
2026-06-06,CAN,arrival,09:35,LYI Linyi,CZ3992,China Southern,text,Duration: 2h 35m,,True,2026-02-17T14:11:02.428856
2026-06-06,CAN,arrival,09:35,HFE Hefei,MU5287,China Eastern,text,Duration: 2h 10m,,True,2026-02-17T14:11:02.428863
2026-06-06,CAN,arrival,09:40,CSX Changsha,CZ3387,China Southern,text,Duration: 1h 40m,,True,2026-02-17T14:11:02.428870
2026-06-06,CAN,arrival,09:40,NNY Nanyang,CZ3384,China Southern,text,Duration: 2h 10m,,True,2026-02-17T14:11:02.428877
2026-06-06,CAN,arrival,09:40,CTU Chengdu,EU2235,Chengdu Airlines,text,Duration: 2h 10m,,True,2026-02-17T14:11:02.428884
2026-06-06,CAN,arrival,09:40,WUX Wuxi,ZH9834,Shenzhen Airlines,text,Duration: 2h 30m,,True,2026-02-17T14:11:02.428890
2026-06-06,CAN,arrival,09:45,KMG Kunming,CZ3420,China Southern,text,Duration: 2h 0m,,True,2026-02-17T14:11:02.428898
2026-06-06,CAN,arrival,09:45,NGB Ningbo,CZ3672,China Southern,text,Duration: 2h 15m,,True,2026-02-17T14:11:02.428905
2026-06-06,CAN,arrival,09:45,WNZ Wenzhou,CZ3770,China Southern,text,Duration: 1h 55m,,True,2026-02-17T14:11:02.428913
2026-06-06,CAN,arrival,09:45,YIW Yiwu,CZ3796,China Southern,text,Duration: 2h 5m,,True,2026-02-17T14:11:02.429019
2026-06-06,CAN,arrival,09:45,NKG Nanjing,MU2817,China Eastern,text,Duration: 2h 20m,,True,2026-02-17T14:11:02.429028
2026-06-06,CAN,arrival,09:45,NKG Nanjing,ZH9878,Shenzhen Airlines,text,Duration: 2h 25m,,True,2026-02-17T14:11:02.429035
2026-06-06,CAN,arrival,09:50,SHA Shanghai,9C8835,Spring Airlines,text,Duration: 2h 25m,,True,2026-02-17T14:11:02.429042
2026-06-06,CAN,arrival,09:50,CZX Changzhou,CZ3994,China Southern,text,Duration: 2h 25m,,True,2026-02-17T14:11:02.429049
2026-06-06,CAN,arrival,09:50,HYN Taizhou,CZ8262,China Southern,text,Duration: 2h 10m,,True,2026-02-17T14:11:02.429056
2026-06-06,CAN,arrival,09:50,LZO Luzhou,CZ3950,China Southern,text,Duration: 2h 5m,,True,2026-02-17T14:11:02.429063
2026-06-06,CAN,arrival,09:50,NKG Nanjing,ZH9876,Shenzhen Airlines,text,Duration: 2h 25m,,True,2026-02-17T14:11:02.429070
2026-06-06,CAN,arrival,09:50,NTG Nantong,ZH8696,Shenzhen Airlines,text,Duration: 2h 35m,,True,2026-02-17T14:11:02.429076
2026-06-06,CAN,arrival,09:55,WUH Wuhan,CZ660,China Southern,text,Duration: 1h 55m,,True,2026-02-17T14:11:02.429082
2026-06-06,CAN,arrival,09:55,YTY Yangzhou,CZ3958,China Southern,text,Duration: 2h 30m,,True,2026-02-17T14:11:02.429088
2026-06-06,CAN,arrival,09:55,HGH Hangzhou,HU7262,Hainan Airlines,text,Duration: 2h 10m,,True,2026-02-17T14:11:02.429094
2026-06-06,CAN,arrival,09:55,HGH Hangzhou,HU7462,Hainan Airlines,text,Duration: 2h 15m,,True,2026-02-17T14:11:02.429099
2026-06-06,CAN,arrival,09:55,FOC Fuzhou,MF8323,XiamenAir,text,Duration: 1h 55m,,True,2026-02-17T14:11:02.429105
2026-06-06,CAN,arrival,10:00,CTU Chengdu,TV9765,Tibet Airlines,text,Duration: 2h 20m,,True,2026-02-17T14:11:02.429111
2026-06-06,CAN,arrival,10:05,HGH Hangzhou,MU5211,China Eastern,text,Duration: 2h 10m,,True,2026-02-17T14:11:02.429116
2026-06-06,CAN,arrival,10:10,KMG Kunming,MU5731,China Eastern,text,Duration: 2h 5m,,True,2026-02-17T14:11:02.429122
2026-06-06,CAN,arrival,10:15,CKG Chongqing,CA4361,Air China,text,Duration: 2h 15m,,True,2026-02-17T14:11:02.429128
2026-06-06,CAN,arrival,10:15,HFE Hefei,CZ3816,China Southern,text,Duration: 2h 10m,,True,2026-02-17T14:11:02.429134
2026-06-06,CAN,arrival,10:15,XIY Xian,ZH9226,Shenzhen Airlines,text,Duration: 2h 45m,,True,2026-02-17T14:11:02.429139
2026-06-06,CAN,arrival,10:20,WNZ Wenzhou,CA8351,Air China,text,Duration: 1h 55m,,True,2026-02-17T14:11:02.429145
2026-06-06,CAN,arrival,10:20,INC Yinchuan,CZ3254,China Southern,text,Duration: 3h 10m,,True,2026-02-17T14:11:02.429151
2026-06-06,CAN,arrival,10:20,WUH Wuhan,CZ3368,China Southern,text,Duration: 1h 50m,,True,2026-02-17T14:11:02.429157
2026-06-06,CAN,arrival,10:20,KMG Kunming,KY8279,Kunming Airlines,text,Duration: 2h 0m,,True,2026-02-17T14:11:02.429163
2026-06-06,CAN,arrival,10:25,TFU Chengdu,3U6701,Sichuan Airlines,text,Duration: 2h 25m,,True,2026-02-17T14:11:02.429169
2026-06-06,CAN,arrival,10:25,PEK Beijing,CA1359,Air China,text,Duration: 3h 25m,,True,2026-02-17T14:11:02.429175
2026-06-06,CAN,arrival,10:25,CGO Zhengzhou,CZ3391,China Southern,text,Duration: 2h 25m,,True,2026-02-17T14:11:02.429182
2026-06-06,CAN,arrival,10:25,HAK Haikou,CZ6785,China Southern,text,Duration: 1h 25m,,True,2026-02-17T14:11:02.429187
2026-06-06,CAN,arrival,10:30,HGH Hangzhou,3U3151,Sichuan Airlines,text,Duration: 2h 10m,,True,2026-02-17T14:11:02.429193
2026-06-06,CAN,arrival,10:30,HGH Hangzhou,CA8591,Air China,text,Duration: 2h 5m,,True,2026-02-17T14:11:02.429198
2026-06-06,CAN,arrival,10:30,TAO Qingdao,MU5255,China Eastern,text,Duration: 3h 5m,,True,2026-02-17T14:11:02.429204
2026-06-06,CAN,arrival,10:30,XIY Xian,MU2303,China Eastern,text,Duration: 3h 0m,,True,2026-02-17T14:11:02.429210
2026-06-06,CAN,arrival,10:30,WUX Wuxi,ZH9832,Shenzhen Airlines,text,Duration: 2h 30m,,True,2026-02-17T14:11:02.429215
2026-06-06,CAN,arrival,10:35,CTU Chengdu,CA4305,Air China,text,Duration: 2h 20m,,True,2026-02-17T14:11:02.429222
2026-06-06,CAN,arrival,10:35,TSN Tianjin,CA2801,Air China,text,Duration: 3h 15m,,True,2026-02-17T14:11:02.429228
2026-06-06,CAN,arrival,10:35,PKX Beijing,CZ3116,China Southern,text,Duration: 3h 5m,,True,2026-02-17T14:11:02.429233
2026-06-06,CAN,arrival,10:35,XIY Xian,CZ3220,China Southern,text,Duration: 2h 35m,,True,2026-02-17T14:11:02.429239
2026-06-06,CAN,arrival,10:35,PKX Beijing,MU6301,China Eastern,text,Duration: 3h 20m,,True,2026-02-17T14:11:02.429244
2026-06-06,CAN,arrival,10:35,CKG Chongqing,OQ2305,Chongqing Airlines,text,Duration: 1h 35m,,True,2026-02-17T14:11:02.429250
2026-06-06,CAN,arrival,10:40,PVG Shanghai,HU7332,Hainan Airlines,text,Duration: 2h 40m,,True,2026-02-17T14:11:02.429255
2026-06-06,CAN,arrival,10:40,TYN Taiyuan,MU5251,China Eastern,text,Duration: 2h 40m,,True,2026-02-17T14:11:02.429261
2026-06-06,CAN,arrival,10:40,YNT Yantai,SC7621,Shandong Airlines,text,Duration: 3h 10m,,True,2026-02-17T14:11:02.429267
2026-06-06,CAN,arrival,10:45,TNA Jinan,CZ3664,China Southern,text,Duration: 2h 35m,,True,2026-02-17T14:11:02.429273
2026-06-06,CAN,arrival,10:45,TSN Tianjin,MF8313,XiamenAir,text,Duration: 3h 5m,,True,2026-02-17T14:11:02.429279
2026-06-06,CAN,arrival,10:50,HGH Hangzhou,CZ3820,China Southern,text,Duration: 2h 15m,,True,2026-02-17T14:11:02.429284
2026-06-06,CAN,arrival,10:50,MNL Manila,CZ3078,China Southern,text,Duration: 2h 30m,,True,2026-02-17T14:11:02.429290
2026-06-06,CAN,arrival,10:50,SYX Sanya,CZ6747,China Southern,text,Duration: 1h 30m,,True,2026-02-17T14:11:02.429296
2026-06-06,CAN,arrival,10:50,LHW Lanzhou,MU2219,China Eastern,text,Duration: 3h 5m,,True,2026-02-17T14:11:02.429301
2026-06-06,CAN,arrival,10:55,DLC Dalian,CZ6321,China Southern,text,Duration: 3h 35m,,True,2026-02-17T14:11:02.429307
2026-06-06,CAN,arrival,10:55,HAN Hanoi,CZ372,China Southern,text,Duration: 1h 40m,,True,2026-02-17T14:11:02.429312
2026-06-06,CAN,arrival,10:55,LHW Lanzhou,CZ3252,China Southern,text,Duration: 3h 15m,,True,2026-02-17T14:11:02.429392
2026-06-06,CAN,arrival,10:55,NKG Nanjing,CZ3872,China Southern,text,Duration: 2h 20m,,True,2026-02-17T14:11:02.429400
2026-06-06,CAN,arrival,10:55,XMN Xiamen,CZ3724,China Southern,text,Duration: 1h 25m,,True,2026-02-17T14:11:02.429405
2026-06-06,CAN,arrival,10:55,INC Yinchuan,MF8753,XiamenAir,text,Duration: 3h 25m,,True,2026-02-17T14:11:02.429411
2026-06-06,CAN,arrival,10:55,TFU Chengdu,ZH9446,Shenzhen Airlines,text,Duration: 1h 55m,,True,2026-02-17T14:11:02.429417
2026-06-06,CAN,arrival,11:00,SHA Shanghai,9C6721,Spring Airlines,text,Duration: 2h 30m,,True,2026-02-17T14:11:02.429423
2026-06-06,CAN,arrival,11:00,SHA Shanghai,FM9303,Shanghai Airlines,text,Duration: 2h 30m,,True,2026-02-17T14:11:02.429429
2026-06-06,CAN,arrival,11:10,PKX Beijing,MF8395,XiamenAir,text,Duration: 3h 10m,,True,2026-02-17T14:11:02.429434
2026-06-06,CAN,arrival,11:10,CZX Changzhou,MU2947,China Eastern,text,Duration: 2h 20m,,True,2026-02-17T14:11:02.429440
2026-06-06,CAN,arrival,11:15,HET Hohhot,CZ3182,China Southern,text,Duration: 3h 15m,,True,2026-02-17T14:11:02.429445
2026-06-06,CAN,arrival,11:15,SHA Shanghai,CZ3596,China Southern,text,Duration: 2h 25m,,True,2026-02-17T14:11:02.429451
2026-06-06,CAN,arrival,11:15,TAO Qingdao,CZ3716,China Southern,text,Duration: 3h 5m,,True,2026-02-17T14:11:02.429457
2026-06-06,CAN,arrival,11:15,ICN Seoul,OZ369,Asiana,text,Duration: 3h 45m,,True,2026-02-17T14:11:02.429462
2026-06-06,CAN,arrival,11:20,HAK Haikou,AQ1024,9 Air,text,Duration: 1h 30m,,True,2026-02-17T14:11:02.429467
2026-06-06,CAN,arrival,11:20,PEK Beijing,CA1351,Air China,text,Duration: 3h 20m,,True,2026-02-17T14:11:02.429473
2026-06-06,CAN,arrival,11:20,NNG Nanning,CZ3296,China Southern,text,Duration: 1h 25m,,True,2026-02-17T14:11:02.429478
2026-06-06,CAN,arrival,11:20,WUH Wuhan,CZ8727,China Southern,text,Duration: 1h 50m,,True,2026-02-17T14:11:02.429483
2026-06-06,CAN,arrival,11:20,CKG Chongqing,HU7342,Hainan Airlines,text,Duration: 1h 50m,,True,2026-02-17T14:11:02.429489
2026-06-06,CAN,arrival,11:20,HGH Hangzhou,MF8319,XiamenAir,text,Duration: 2h 15m,,True,2026-02-17T14:11:02.429494
2026-06-06,CAN,arrival,11:25,CGO Zhengzhou,CZ8685,China Southern,text,Duration: 2h 25m,,True,2026-02-17T14:11:02.429499
2026-06-06,CAN,arrival,11:25,CSX Changsha,CZ6044,China Southern,text,Duration: 1h 35m,,True,2026-02-17T14:11:02.429505
2026-06-06,CAN,arrival,11:25,SHA Shanghai,HO2287,Juneyao Airlines,text,Duration: 2h 35m,,True,2026-02-17T14:11:02.429510
2026-06-06,CAN,arrival,11:25,XIY Xian,HU7837,Hainan Airlines,text,Duration: 2h 55m,,True,2026-02-17T14:11:02.429515
2026-06-06,CAN,arrival,11:25,SJW Shijiazhuang,NS3203,Hebei Airlines,text,Duration: 3h 10m,,True,2026-02-17T14:11:02.429521
2026-06-06,CAN,arrival,11:30,CTU Chengdu,CZ3414,China Southern,text,Duration: 2h 30m,,True,2026-02-17T14:11:02.429526
2026-06-06,CAN,arrival,11:30,PVG Shanghai,FM9305,Shanghai Airlines,text,Duration: 2h 30m,,True,2026-02-17T14:11:02.429537
2026-06-06,CAN,arrival,11:30,ICN Seoul,KE867,Korean Air,text,Duration: 3h 40m,,True,2026-02-17T14:11:02.429546
2026-06-06,CAN,arrival,11:30,TFU Chengdu,MU5321,China Eastern,text,Duration: 2h 30m,,True,2026-02-17T14:11:02.429555
2026-06-06,CAN,arrival,11:35,HAK Haikou,CZ6771,China Southern,text,Duration: 1h 35m,,True,2026-02-17T14:11:02.429566
2026-06-06,CAN,arrival,11:35,TYN Taiyuan,CZ3378,China Southern,text,Duration: 2h 50m,,True,2026-02-17T14:11:02.429580
2026-06-06,CAN,arrival,11:35,PKX Beijing,MU6303,China Eastern,text,Duration: 3h 20m,,True,2026-02-17T14:11:02.429596
2026-06-06,CAN,arrival,11:40,SGN Ho Chi Minh City,CZ368,China Southern,text,Duration: 2h 40m,,True,2026-02-17T14:11:02.429605
2026-06-06,CAN,arrival,11:40,SJW Shijiazhuang,CZ3132,China Southern,text,Duration: 3h 5m,,True,2026-02-17T14:11:02.429612
2026-06-06,CAN,arrival,11:40,SVO Moscow,CZ656,China Southern,text,Duration: 9h 25m,,True,2026-02-17T14:11:02.429622
2026-06-06,CAN,arrival,11:40,XIY Xian,CZ3216,China Southern,text,Duration: 2h 40m,,True,2026-02-17T14:11:02.429635
2026-06-06,CAN,arrival,11:45,DZH Dazhou,CZ3264,China Southern,text,Duration: 2h 20m,,True,2026-02-17T14:11:02.429646
2026-06-06,CAN,arrival,11:45,KTI Phnom Penh,CZ324,China Southern,text,Duration: 2h 45m,,True,2026-02-17T14:11:02.429658
2026-06-06,CAN,arrival,11:45,YIH Yichang,CZ3312,China Southern,text,Duration: 1h 50m,,True,2026-02-17T14:11:02.429665
2026-06-06,CAN,arrival,11:45,TNA Jinan,SC1169,Shandong Airlines,text,Duration: 2h 50m,,True,2026-02-17T14:11:02.429671
2026-06-06,CAN,arrival,11:45,WUS Wuyishan,SC4673,Shandong Airlines,text,Duration: 1h 45m,,True,2026-02-17T14:11:02.429677
2026-06-06,CAN,arrival,11:50,HGH Hangzhou,CZ3870,China Southern,text,Duration: 2h 15m,,True,2026-02-17T14:11:02.429682
2026-06-06,CAN,arrival,11:50,PEK Beijing,HU7801,Hainan Airlines,text,Duration: 3h 20m,,True,2026-02-17T14:11:02.429688
2026-06-06,CAN,arrival,11:50,HYN Taizhou,ZH8990,Shenzhen Airlines,text,Duration: 2h 10m,,True,2026-02-17T14:11:02.429693
2026-06-06,CAN,arrival,11:55,TFU Chengdu,CA4307,Air China,text,Duration: 2h 25m,,True,2026-02-17T14:11:02.429699
2026-06-06,CAN,arrival,11:55,WHA Wuhu,CZ5840,China Southern,text,Duration: 2h 20m,,True,2026-02-17T14:11:02.429705
2026-06-06,CAN,arrival,11:55,SHA Shanghai,FM9307,Shanghai Airlines,text,Duration: 2h 25m,,True,2026-02-17T14:11:02.429711
2026-06-06,CAN,arrival,11:55,HAK Haikou,HU7005,Hainan Airlines,text,Duration: 1h 25m,,True,2026-02-17T14:11:02.429717
2026-06-06,CAN,arrival,11:55,WNZ Wenzhou,KN5037,China United Airlines,text,Duration: 2h 15m,,True,2026-02-17T14:11:02.429722
2026-06-06,CAN,arrival,11:55,FOC Fuzhou,MF8355,XiamenAir,text,Duration: 1h 55m,,True,2026-02-17T14:11:02.429728
2026-06-06,CAN,arrival,12:00,BAH Bahrain,GF122,Gulf Air,text,Duration: 8h 0m,,True,2026-02-17T14:11:02.429734
2026-06-06,CAN,arrival,12:05,LZO Luzhou,CA4351,Air China,text,Duration: 2h 0m,,True,2026-02-17T14:11:02.429864
2026-06-06,CAN,arrival,12:05,CGO Zhengzhou,CZ678,China Southern,text,Duration: 2h 15m,,True,2026-02-17T14:11:02.429876
2026-06-06,CAN,arrival,12:05,FOC Fuzhou,CZ3506,China Southern,text,Duration: 1h 45m,,True,2026-02-17T14:11:02.429887
2026-06-06,CAN,arrival,12:10,SIN Singapore,SQ850,Singapore Airlines,text,Duration: 4h 10m,,True,2026-02-17T14:11:02.429894
2026-06-06,CAN,arrival,12:15,KUL Kuala Lumpur,CZ366,China Southern,text,Duration: 4h 10m,,True,2026-02-17T14:11:02.429901
2026-06-06,CAN,arrival,12:15,TSN Tianjin,CZ3350,China Southern,text,Duration: 3h 15m,,True,2026-02-17T14:11:02.429909
2026-06-06,CAN,arrival,12:15,KTI Phnom Penh,K6668,Air Cambodia,text,Duration: 2h 55m,,True,2026-02-17T14:11:02.429916
2026-06-06,CAN,arrival,12:15,XIY Xian,MU2301,China Eastern,text,Duration: 2h 45m,,True,2026-02-17T14:11:02.429923
2026-06-06,CAN,arrival,12:20,PEK Beijing,CA1321,Air China,text,Duration: 3h 20m,,True,2026-02-17T14:11:02.429930
2026-06-06,CAN,arrival,12:20,BKK Bangkok,CZ362,China Southern,text,Duration: 3h 0m,,True,2026-02-17T14:11:02.429937
2026-06-06,CAN,arrival,12:20,SIN Singapore,CZ352,China Southern,text,Duration: 4h 20m,,True,2026-02-17T14:11:02.429945
2026-06-06,CAN,arrival,12:20,WUH Wuhan,CZ6590,China Southern,text,Duration: 1h 50m,,True,2026-02-17T14:11:02.429952
2026-06-06,CAN,arrival,12:25,CKG Chongqing,3U8747,Sichuan Airlines,text,Duration: 2h 5m,,True,2026-02-17T14:11:02.429959
2026-06-06,CAN,arrival,12:25,CGQ Changchun,CZ6341,China Southern,text,Duration: 4h 35m,,True,2026-02-17T14:11:02.429965
2026-06-06,CAN,arrival,12:25,DRW Darwin,CZ8362,China Southern,text,Duration: 6h 25m,,True,2026-02-17T14:11:02.429972
2026-06-06,CAN,arrival,12:25,WNZ Wenzhou,CZ3812,China Southern,text,Duration: 2h 5m,,True,2026-02-17T14:11:02.429979
2026-06-06,CAN,arrival,12:25,SHA Shanghai,MU5309,China Eastern,text,Duration: 2h 25m,,True,2026-02-17T14:11:02.429986
2026-06-06,CAN,arrival,12:30,ICN Seoul,CZ340,China Southern,text,Duration: 3h 50m,,True,2026-02-17T14:11:02.429993
2026-06-06,CAN,arrival,12:30,HND Tokyo,JL87,JAL,text,Duration: 4h 50m,,True,2026-02-17T14:11:02.429999
2026-06-06,CAN,arrival,12:35,PVG Shanghai,HU7432,Hainan Airlines,text,Duration: 2h 35m,,True,2026-02-17T14:11:02.430008
2026-06-06,CAN,arrival,12:40,DXB Dubai,CZ384,China Southern,text,Duration: 7h 40m,,True,2026-02-17T14:11:02.430015
2026-06-06,CAN,arrival,12:40,PKX Beijing,CZ3000,China Southern,text,Duration: 3h 10m,,True,2026-02-17T14:11:02.430022
2026-06-06,CAN,arrival,12:40,WDS Shiyan,CZ3336,China Southern,text,Duration: 2h 15m,,True,2026-02-17T14:11:02.430028
2026-06-06,CAN,arrival,12:40,SHA Shanghai,MU5301,China Eastern,text,Duration: 2h 10m,,True,2026-02-17T14:11:02.430035
2026-06-06,CAN,arrival,12:40,LYI Linyi,ZH8948,Shenzhen Airlines,text,Duration: 2h 40m,,True,2026-02-17T14:11:02.430041
2026-06-06,CAN,arrival,12:45,AKA Ankang,CZ6464,China Southern,text,Duration: 2h 10m,,True,2026-02-17T14:11:02.430048
2026-06-06,CAN,arrival,12:45,KMG Kunming,CZ3498,China Southern,text,Duration: 2h 0m,,True,2026-02-17T14:11:02.430054
2026-06-06,CAN,arrival,12:45,CKG Chongqing,JD5228,Capital Airlines,text,Duration: 1h 55m,,True,2026-02-17T14:11:02.430061
2026-06-06,CAN,arrival,12:45,NKG Nanjing,ZH9862,Shenzhen Airlines,text,Duration: 2h 20m,,True,2026-02-17T14:11:02.430067
2026-06-06,CAN,arrival,12:50,DLU Dali City,CZ3482,China Southern,text,Duration: 2h 20m,,True,2026-02-17T14:11:02.430074
2026-06-06,CAN,arrival,12:50,NGB Ningbo,CZ3778,China Southern,text,Duration: 2h 20m,,True,2026-02-17T14:11:02.430081
2026-06-06,CAN,arrival,12:50,PEK Beijing,HU7803,Hainan Airlines,text,Duration: 3h 20m,,True,2026-02-17T14:11:02.430087
2026-06-06,CAN,arrival,12:50,JJN Jinjiang,MF8385,XiamenAir,text,Duration: 1h 35m,,True,2026-02-17T14:11:02.430092
2026-06-06,CAN,arrival,12:55,PVG Shanghai,CA8581,Air China,text,Duration: 2h 50m,,True,2026-02-17T14:11:02.430098
2026-06-06,CAN,arrival,12:55,YCU Yuncheng,CA4593,Air China,text,Duration: 2h 30m,,True,2026-02-17T14:11:02.430104
2026-06-06,CAN,arrival,12:55,SYX Sanya,CZ6733,China Southern,text,Duration: 1h 30m,,True,2026-02-17T14:11:02.430109
2026-06-06,CAN,arrival,12:55,CKG Chongqing,HU7142,Hainan Airlines,text,Duration: 2h 15m,,True,2026-02-17T14:11:02.430115
2026-06-06,CAN,arrival,13:00,CTU Chengdu,3U8731,Sichuan Airlines,text,Duration: 2h 30m,,True,2026-02-17T14:11:02.430122
2026-06-06,CAN,arrival,13:00,PVG Shanghai,AQ1006,9 Air,text,Duration: 2h 40m,,True,2026-02-17T14:11:02.430127
2026-06-06,CAN,arrival,13:00,YIW Yiwu,CZ3728,China Southern,text,Duration: 2h 0m,,True,2026-02-17T14:11:02.430133
2026-06-06,CAN,arrival,13:00,NKG Nanjing,HU7114,Hainan Airlines,text,Duration: 2h 25m,,True,2026-02-17T14:11:02.430139
2026-06-06,CAN,arrival,13:00,LJG Lijiang,MU5741,China Eastern,text,Duration: 2h 35m,,True,2026-02-17T14:11:02.430146
2026-06-06,CAN,arrival,13:05,KWE Guiyang,CZ6412,China Southern,text,Duration: 1h 45m,,True,2026-02-17T14:11:02.430151
2026-06-06,CAN,arrival,13:05,PEN Penang,CZ396,China Southern,text,Duration: 4h 0m,,True,2026-02-17T14:11:02.430157
2026-06-06,CAN,arrival,13:05,HND Tokyo,NH923,ANA,text,Duration: 4h 55m,,True,2026-02-17T14:11:02.430163
2026-06-06,CAN,arrival,13:10,PVG Shanghai,HU7132,Hainan Airlines,text,Duration: 2h 45m,,True,2026-02-17T14:11:02.430169
2026-06-06,CAN,arrival,13:10,KUL Kuala Lumpur,MH376,Malaysia Airlines,text,Duration: 4h 10m,,True,2026-02-17T14:11:02.430175
2026-06-06,CAN,arrival,13:15,SHA Shanghai,CZ3534,China Southern,text,Duration: 2h 25m,,True,2026-02-17T14:11:02.430181
2026-06-06,CAN,arrival,13:15,SHA Shanghai,HO1857,Juneyao Airlines,text,Duration: 2h 20m,,True,2026-02-17T14:11:02.430186
2026-06-06,CAN,arrival,13:15,HGH Hangzhou,HU7162,Hainan Airlines,text,Duration: 2h 15m,,True,2026-02-17T14:11:02.430192
2026-06-06,CAN,arrival,13:20,PEK Beijing,CA1317,Air China,text,Duration: 3h 20m,,True,2026-02-17T14:11:02.430299
2026-06-06,CAN,arrival,13:20,HRB Harbin,CZ8326,China Southern,text,Duration: 4h 40m,,True,2026-02-17T14:11:02.430308
2026-06-06,CAN,arrival,13:25,TFU Chengdu,CZ3404,China Southern,text,Duration: 2h 25m,,True,2026-02-17T14:11:02.430314
2026-06-06,CAN,arrival,13:25,HGH Hangzhou,GJ8699,Loong Air,text,Duration: 2h 35m,,True,2026-02-17T14:11:02.430320
2026-06-06,CAN,arrival,13:25,YTY Yangzhou,ZH8906,Shenzhen Airlines,text,Duration: 2h 30m,,True,2026-02-17T14:11:02.430326
2026-06-06,CAN,arrival,13:30,KHN Nanchang,MU9876,China Eastern,text,Duration: 1h 30m,,True,2026-02-17T14:11:02.430331
2026-06-06,CAN,arrival,13:35,NNY Nanyang,CZ3222,China Southern,text,Duration: 2h 10m,,True,2026-02-17T14:11:02.430337
2026-06-06,CAN,arrival,13:35,KMG Kunming,HU7208,Hainan Airlines,text,Duration: 2h 5m,,True,2026-02-17T14:11:02.430342
2026-06-06,CAN,arrival,13:40,LJG Lijiang,CZ6604,China Southern,text,Duration: 2h 30m,,True,2026-02-17T14:11:02.430348
2026-06-06,CAN,arrival,13:40,XUZ Xuzhou,CZ3258,China Southern,text,Duration: 2h 20m,,True,2026-02-17T14:11:02.430355
2026-06-06,CAN,arrival,13:45,NKG Nanjing,CZ3514,China Southern,text,Duration: 2h 10m,,True,2026-02-17T14:11:02.430361
2026-06-06,CAN,arrival,13:45,PKX Beijing,CZ3166,China Southern,text,Duration: 3h 15m,,True,2026-02-17T14:11:02.430367
2026-06-06,CAN,arrival,13:45,RUH Riyadh,CZ376,China Southern,text,Duration: 8h 40m,,True,2026-02-17T14:11:02.430372
2026-06-06,CAN,arrival,13:45,XIY Xian,CZ3202,China Southern,text,Duration: 2h 45m,,True,2026-02-17T14:11:02.430378
2026-06-06,CAN,arrival,13:45,DLU Dali City,OQ2040,Chongqing Airlines,text,Duration: 2h 20m,,True,2026-02-17T14:11:02.430383
2026-06-06,CAN,arrival,13:45,JHG Jinghong,OQ2104,Chongqing Airlines,text,Duration: 2h 20m,,True,2026-02-17T14:11:02.430389
2026-06-06,CAN,arrival,13:50,DPS Denpasar,CZ8482,China Southern,text,Duration: 5h 10m,,True,2026-02-17T14:11:02.430395
2026-06-06,CAN,arrival,13:50,JNG Jining,CZ3954,China Southern,text,Duration: 2h 35m,,True,2026-02-17T14:11:02.430400
2026-06-06,CAN,arrival,13:50,WUH Wuhan,CZ5769,China Southern,text,Duration: 1h 50m,,True,2026-02-17T14:11:02.430406
2026-06-06,CAN,arrival,13:50,WUX Wuxi,CZ3914,China Southern,text,Duration: 2h 20m,,True,2026-02-17T14:11:02.430412
2026-06-06,CAN,arrival,13:50,CKG Chongqing,OQ2317,Chongqing Airlines,text,Duration: 2h 0m,,True,2026-02-17T14:11:02.430417
2026-06-06,CAN,arrival,13:55,HGH Hangzhou,CZ3522,China Southern,text,Duration: 2h 20m,,True,2026-02-17T14:11:02.430422
2026-06-06,CAN,arrival,13:55,HZA Heze,CZ3126,China Southern,text,Duration: 2h 30m,,True,2026-02-17T14:11:02.430427
2026-06-06,CAN,arrival,13:55,NGB Ningbo,MU6950,China Eastern,text,Duration: 2h 5m,,True,2026-02-17T14:11:02.430432
2026-06-06,CAN,arrival,14:00,CJU Jeju,9C6106,Spring Airlines,text,Duration: 3h 40m,,True,2026-02-17T14:11:02.430438
2026-06-06,CAN,arrival,14:00,CGO Zhengzhou,HU7270,Hainan Airlines,text,Duration: 2h 45m,,True,2026-02-17T14:11:02.430443
2026-06-06,CAN,arrival,14:00,PEK Beijing,HU7805,Hainan Airlines,text,Duration: 3h 30m,,True,2026-02-17T14:11:02.430448
2026-06-06,CAN,arrival,14:00,SHA Shanghai,HU7132,Hainan Airlines,text,Duration: 2h 25m,,True,2026-02-17T14:11:02.430453
2026-06-06,CAN,arrival,14:00,SHA Shanghai,MU5303,China Eastern,text,Duration: 2h 30m,,True,2026-02-17T14:11:02.430459
2026-06-06,CAN,arrival,14:05,DOH Doha,CZ334,China Southern,text,Duration: 7h 50m,,True,2026-02-17T14:11:02.430464
2026-06-06,CAN,arrival,14:05,KMG Kunming,CZ3410,China Southern,text,Duration: 2h 10m,,True,2026-02-17T14:11:02.430469
2026-06-06,CAN,arrival,14:05,TPE Taipei,HU7982,Hainan Airlines,text,Duration: 2h 10m,,True,2026-02-17T14:11:02.430474
2026-06-06,CAN,arrival,14:10,SHA Shanghai,CZ3524,China Southern,text,Duration: 2h 20m,,True,2026-02-17T14:11:02.430480
2026-06-06,CAN,arrival,14:10,SGN Ho Chi Minh City,VN502,Vietnam Airlines,text,Duration: 3h 0m,,True,2026-02-17T14:11:02.430486
2026-06-06,CAN,arrival,14:15,LYA Luoyang,CZ3364,China Southern,text,Duration: 2h 30m,,True,2026-02-17T14:11:02.430492
2026-06-06,CAN,arrival,14:15,SUB Surabaya,CZ8138,China Southern,text,Duration: 5h 15m,,True,2026-02-17T14:11:02.430497
2026-06-06,CAN,arrival,14:15,TSN Tianjin,GS7895,Tianjin Airlines,text,Duration: 3h 10m,,True,2026-02-17T14:11:02.430502
2026-06-06,CAN,arrival,14:20,CGO Zhengzhou,CZ8765,China Southern,text,Duration: 2h 20m,,True,2026-02-17T14:11:02.430508
2026-06-06,CAN,arrival,14:20,CGQ Changchun,CZ6377,China Southern,text,Duration: 4h 35m,,True,2026-02-17T14:11:02.430513
2026-06-06,CAN,arrival,14:25,PEK Beijing,CA1315,Air China,text,Duration: 3h 30m,,True,2026-02-17T14:11:02.430519
2026-06-06,CAN,arrival,14:25,SHE Shenyang,CZ6367,China Southern,text,Duration: 4h 25m,,True,2026-02-17T14:11:02.430524
2026-06-06,CAN,arrival,14:25,URC Urumqi,CZ6024,China Southern,text,Duration: 5h 15m,,True,2026-02-17T14:11:02.430530
2026-06-06,CAN,arrival,14:25,TFU Chengdu,HU7152,Hainan Airlines,text,Duration: 2h 25m,,True,2026-02-17T14:11:02.430536
2026-06-06,CAN,arrival,14:30,CTU Chengdu,CZ3402,China Southern,text,Duration: 2h 30m,,True,2026-02-17T14:11:02.430542
2026-06-06,CAN,arrival,14:30,MNL Manila,CZ3092,China Southern,text,Duration: 2h 35m,,True,2026-02-17T14:11:02.430548
2026-06-06,CAN,arrival,14:30,BKK Bangkok,TG668,Thai Airways,text,Duration: 3h 0m,,True,2026-02-17T14:11:02.430554
2026-06-06,CAN,arrival,14:35,HAN Hanoi,CZ3050,China Southern,text,Duration: 1h 50m,,True,2026-02-17T14:11:02.430559
2026-06-06,CAN,arrival,14:35,HND Tokyo,CZ3086,China Southern,text,Duration: 4h 50m,,True,2026-02-17T14:11:02.430565
2026-06-06,CAN,arrival,14:35,XNN Xining,CZ3250,China Southern,text,Duration: 3h 25m,,True,2026-02-17T14:11:02.430571
2026-06-06,CAN,arrival,14:35,HGH Hangzhou,MU5215,China Eastern,text,Duration: 2h 10m,,True,2026-02-17T14:11:02.430577
2026-06-06,CAN,arrival,14:35,SJW Shijiazhuang,OQ2134,Chongqing Airlines,text,Duration: 3h 5m,,True,2026-02-17T14:11:02.430669
2026-06-06,CAN,arrival,14:40,CTU Chengdu,CA4317,Air China,text,Duration: 2h 40m,,True,2026-02-17T14:11:02.430677
2026-06-06,CAN,arrival,14:40,CXR Nha Trang,CZ8476,China Southern,text,Duration: 2h 35m,,True,2026-02-17T14:11:02.430683
2026-06-06,CAN,arrival,14:40,NGB Ningbo,CZ8294,China Southern,text,Duration: 2h 10m,,True,2026-02-17T14:11:02.430689
2026-06-06,CAN,arrival,14:40,PKX Beijing,CZ3112,China Southern,text,Duration: 3h 10m,,True,2026-02-17T14:11:02.430695
2026-06-06,CAN,arrival,14:40,TAO Qingdao,CZ3200,China Southern,text,Duration: 3h 5m,,True,2026-02-17T14:11:02.430701
2026-06-06,CAN,arrival,14:40,TAO Qingdao,ZH9996,Shenzhen Airlines,text,Duration: 3h 30m,,True,2026-02-17T14:11:02.430707
2026-06-06,CAN,arrival,14:45,HGH Hangzhou,CZ3804,China Southern,text,Duration: 2h 10m,,True,2026-02-17T14:11:02.430713
2026-06-06,CAN,arrival,14:45,"JUZ Quzhou, Zhejiang Province",CZ6290,China Southern,text,Duration: 2h 0m,,True,2026-02-17T14:11:02.430720
2026-06-06,CAN,arrival,14:45,RUH Riyadh,SV884,Saudia,text,Duration: 8h 45m,,True,2026-02-17T14:11:02.430725
2026-06-06,CAN,arrival,14:45,NKG Nanjing,ZH9864,Shenzhen Airlines,text,Duration: 2h 15m,,True,2026-02-17T14:11:02.430731
2026-06-06,CAN,arrival,14:50,ACX Xingyi,CZ3924,China Southern,text,Duration: 1h 50m,,True,2026-02-17T14:11:02.430737
2026-06-06,CAN,arrival,14:50,XNT Xingtai,CZ8246,China Southern,text,Duration: 2h 50m,,True,2026-02-17T14:11:02.430742
2026-06-06,CAN,arrival,14:50,HGH Hangzhou,MF8381,XiamenAir,text,Duration: 2h 20m,,True,2026-02-17T14:11:02.430748
2026-06-06,CAN,arrival,14:55,HZG Hanzhong,AQ1154,9 Air,text,Duration: 2h 35m,,True,2026-02-17T14:11:02.430753
2026-06-06,CAN,arrival,14:55,TNA Jinan,CZ3510,China Southern,text,Duration: 2h 45m,,True,2026-02-17T14:11:02.430759
2026-06-06,CAN,arrival,14:55,ADD Addis Ababa,ET606,Ethiopian,text,Duration: 10h 30m,,True,2026-02-17T14:11:02.430765
2026-06-06,CAN,arrival,14:55,PEK Beijing,ZH9148,Shenzhen Airlines,text,Duration: 3h 30m,,True,2026-02-17T14:11:02.430770
2026-06-06,CAN,arrival,14:55,PVG Shanghai,ZH9534,Shenzhen Airlines,text,Duration: 2h 45m,,True,2026-02-17T14:11:02.430775
2026-06-06,CAN,arrival,14:55,WUX Wuxi,ZH9824,Shenzhen Airlines,text,Duration: 2h 25m,,True,2026-02-17T14:11:02.430781
2026-06-06,CAN,arrival,15:00,SHA Shanghai,9C6719,Spring Airlines,text,Duration: 2h 40m,,True,2026-02-17T14:11:02.430787
2026-06-06,CAN,arrival,15:00,TYN Taiyuan,CZ3702,China Southern,text,Duration: 2h 55m,,True,2026-02-17T14:11:02.430792
2026-06-06,CAN,arrival,15:00,VTE Vientiane,CZ8150,China Southern,text,Duration: 2h 30m,,True,2026-02-17T14:11:02.430797
2026-06-06,CAN,arrival,15:05,SHA Shanghai,CA1837,Air China,text,Duration: 2h 30m,,True,2026-02-17T14:11:02.430803
2026-06-06,CAN,arrival,15:05,HET Hohhot,CZ3198,China Southern,text,Duration: 3h 20m,,True,2026-02-17T14:11:02.430809
2026-06-06,CAN,arrival,15:05,NKG Nanjing,CZ3844,China Southern,text,Duration: 2h 30m,,True,2026-02-17T14:11:02.430814
2026-06-06,CAN,arrival,15:05,SHA Shanghai,MU5305,China Eastern,text,Duration: 2h 35m,,True,2026-02-17T14:11:02.430820
2026-06-06,CAN,arrival,15:05,TNA Jinan,ZH9972,Shenzhen Airlines,text,Duration: 2h 55m,,True,2026-02-17T14:11:02.430825
2026-06-06,CAN,arrival,15:10,BKK Bangkok,CZ358,China Southern,text,Duration: 2h 50m,,True,2026-02-17T14:11:02.430831
2026-06-06,CAN,arrival,15:10,KMG Kunming,MU9689,China Eastern,text,Duration: 2h 5m,,True,2026-02-17T14:11:02.430836
2026-06-06,CAN,arrival,15:15,HFE Hefei,CZ3814,China Southern,text,Duration: 2h 5m,,True,2026-02-17T14:11:02.430841
2026-06-06,CAN,arrival,15:15,MIG Mian Yang,CZ8638,China Southern,text,Duration: 2h 35m,,True,2026-02-17T14:11:02.430847
2026-06-06,CAN,arrival,15:15,XIY Xian,ZH9222,Shenzhen Airlines,text,Duration: 2h 45m,,True,2026-02-17T14:11:02.430853
2026-06-06,CAN,arrival,15:20,TAO Qingdao,AQ1020,9 Air,text,Duration: 3h 35m,,True,2026-02-17T14:11:02.430858
2026-06-06,CAN,arrival,15:20,PEK Beijing,CA1339,Air China,text,Duration: 3h 20m,,True,2026-02-17T14:11:02.430864
2026-06-06,CAN,arrival,15:20,HAN Hanoi,VN506,Vietnam Airlines,text,Duration: 1h 55m,,True,2026-02-17T14:11:02.430869
2026-06-06,CAN,arrival,15:25,CGK Jakarta,CZ388,China Southern,text,Duration: 5h 15m,,True,2026-02-17T14:11:02.430875
2026-06-06,CAN,arrival,15:25,HAK Haikou,CZ6777,China Southern,text,Duration: 1h 25m,,True,2026-02-17T14:11:02.430880
2026-06-06,CAN,arrival,15:25,KMG Kunming,CZ3494,China Southern,text,Duration: 2h 10m,,True,2026-02-17T14:11:02.430886
2026-06-06,CAN,arrival,15:25,URC Urumqi,UQ2591,Urumqi Airlines,text,Duration: 5h 10m,,True,2026-02-17T14:11:02.430891
2026-06-06,CAN,arrival,15:30,CTU Chengdu,CZ3438,China Southern,text,Duration: 2h 30m,,True,2026-02-17T14:11:02.430896
2026-06-06,CAN,arrival,15:30,CAI Cairo,MS958,EgyptAir,text,Duration: 10h 10m,,True,2026-02-17T14:11:02.430902
2026-06-06,CAN,arrival,15:30,HYN Taizhou,MU2476,China Eastern,text,Duration: 2h 10m,,True,2026-02-17T14:11:02.430907
2026-06-06,CAN,arrival,15:30,DOH Doha,QR874,Qatar Airways,text,Duration: 8h 20m,,True,2026-02-17T14:11:02.430912
2026-06-06,CAN,arrival,15:35,CTU Chengdu,3U8733,Sichuan Airlines,text,Duration: 2h 35m,,True,2026-02-17T14:11:02.430918
2026-06-06,CAN,arrival,15:35,NTG Nantong,CZ3640,China Southern,text,Duration: 2h 30m,,True,2026-02-17T14:11:02.430923
2026-06-06,CAN,arrival,15:35,WMT Zunyi,CZ3314,China Southern,text,Duration: 1h 55m,,True,2026-02-17T14:11:02.430929
2026-06-06,CAN,arrival,15:35,YNZ Yancheng,CZ3268,China Southern,text,Duration: 2h 30m,,True,2026-02-17T14:11:02.430934
2026-06-06,CAN,arrival,15:35,WUX Wuxi,MU2917,China Eastern,text,Duration: 2h 25m,,True,2026-02-17T14:11:02.430939
2026-06-06,CAN,arrival,15:40,CSX Changsha,CZ3379,China Southern,text,Duration: 1h 40m,,True,2026-02-17T14:11:02.430944
2026-06-06,CAN,arrival,15:40,PKX Beijing,CZ3102,China Southern,text,Duration: 3h 10m,,True,2026-02-17T14:11:02.431027
2026-06-06,CAN,arrival,15:40,YIW Yiwu,CZ3884,China Southern,text,Duration: 2h 5m,,True,2026-02-17T14:11:02.431037
2026-06-06,CAN,arrival,15:45,WUH Wuhan,CA8231,Air China,text,Duration: 1h 45m,,True,2026-02-17T14:11:02.431044
2026-06-06,CAN,arrival,15:45,XIY Xian,CZ3238,China Southern,text,Duration: 2h 45m,,True,2026-02-17T14:11:02.431050
2026-06-06,CAN,arrival,15:45,TSN Tianjin,OQ2124,Chongqing Airlines,text,Duration: 3h 25m,,True,2026-02-17T14:11:02.431056
2026-06-06,CAN,arrival,15:45,YNT Yantai,ZH9676,Shenzhen Airlines,text,Duration: 3h 45m,,True,2026-02-17T14:11:02.431062
2026-06-06,CAN,arrival,15:50,TFU Chengdu,3U6703,Sichuan Airlines,text,Duration: 2h 20m,,True,2026-02-17T14:11:02.431068
2026-06-06,CAN,arrival,15:50,ENY Yan'an,CZ3224,China Southern,text,Duration: 3h 5m,,True,2026-02-17T14:11:02.431073
2026-06-06,CAN,arrival,15:50,HGH Hangzhou,CZ3864,China Southern,text,Duration: 2h 15m,,True,2026-02-17T14:11:02.431080
2026-06-06,CAN,arrival,15:50,SHE Shenyang,CZ6347,China Southern,text,Duration: 4h 20m,,True,2026-02-17T14:11:02.431085
2026-06-06,CAN,arrival,15:50,PVG Shanghai,MU5345,China Eastern,text,Duration: 2h 20m,,True,2026-02-17T14:11:02.431092
2026-06-06,CAN,arrival,15:50,NGB Ningbo,OQ2028,Chongqing Airlines,text,Duration: 2h 25m,,True,2026-02-17T14:11:02.431098
2026-06-06,CAN,arrival,15:55,LHW Lanzhou,CZ8986,China Southern,text,Duration: 3h 25m,,True,2026-02-17T14:11:02.431104
2026-06-06,CAN,arrival,15:55,SGN Ho Chi Minh City,CZ8160,China Southern,text,Duration: 3h 0m,,True,2026-02-17T14:11:02.431110
2026-06-06,CAN,arrival,15:55,URC Urumqi,CZ6895,China Southern,text,Duration: 5h 10m,,True,2026-02-17T14:11:02.431116
2026-06-06,CAN,arrival,15:55,WUH Wuhan,CZ3345,China Southern,text,Duration: 1h 55m,,True,2026-02-17T14:11:02.431122
2026-06-06,CAN,arrival,16:00,CGO Zhengzhou,CZ3393,China Southern,text,Duration: 2h 30m,,True,2026-02-17T14:11:02.431129
2026-06-06,CAN,arrival,16:00,KTI Phnom Penh,CZ8314,China Southern,text,Duration: 2h 55m,,True,2026-02-17T14:11:02.431135
2026-06-06,CAN,arrival,16:00,ZHA Zhanjiang,CZ3332,China Southern,text,Duration: 1h 15m,,True,2026-02-17T14:11:02.431141
2026-06-06,CAN,arrival,16:00,PEK Beijing,HU7807,Hainan Airlines,text,Duration: 3h 30m,,True,2026-02-17T14:11:02.431147
2026-06-06,CAN,arrival,16:05,NKG Nanjing,CZ3600,China Southern,text,Duration: 2h 20m,,True,2026-02-17T14:11:02.431152
2026-06-06,CAN,arrival,16:05,XMN Xiamen,CZ3742,China Southern,text,Duration: 1h 35m,,True,2026-02-17T14:11:02.431159
2026-06-06,CAN,arrival,16:10,DLU Dali City,CZ6596,China Southern,text,Duration: 2h 35m,,True,2026-02-17T14:11:02.431164
2026-06-06,CAN,arrival,16:10,SHA Shanghai,CZ3532,China Southern,text,Duration: 2h 20m,,True,2026-02-17T14:11:02.431170
2026-06-06,CAN,arrival,16:10,TAO Qingdao,CZ3520,China Southern,text,Duration: 3h 20m,,True,2026-02-17T14:11:02.431175
2026-06-06,CAN,arrival,16:10,VTE Vientiane,QV881,Lao Airlines,text,Duration: 2h 0m,,True,2026-02-17T14:11:02.431182
2026-06-06,CAN,arrival,16:15,HGH Hangzhou,CA1793,Air China,text,Duration: 2h 10m,,True,2026-02-17T14:11:02.431187
2026-06-06,CAN,arrival,16:15,TPE Taipei,CI521,China Airlines,text,Duration: 2h 5m,,True,2026-02-17T14:11:02.431193
2026-06-06,CAN,arrival,16:15,DLC Dalian,CZ6457,China Southern,text,Duration: 3h 45m,,True,2026-02-17T14:11:02.431199
2026-06-06,CAN,arrival,16:15,RGN Yangon,CZ3056,China Southern,text,Duration: 3h 20m,,True,2026-02-17T14:11:02.431205
2026-06-06,CAN,arrival,16:15,WNZ Wenzhou,CZ3764,China Southern,text,Duration: 2h 0m,,True,2026-02-17T14:11:02.431211
2026-06-06,CAN,arrival,16:20,CKG Chongqing,CA4349,Air China,text,Duration: 2h 20m,,True,2026-02-17T14:11:02.431216
2026-06-06,CAN,arrival,16:20,XFN Xiangyang,GJ8382,Loong Air,text,Duration: 2h 5m,,True,2026-02-17T14:11:02.431222
2026-06-06,CAN,arrival,16:30,TFU Chengdu,CA4301,Air China,text,Duration: 2h 30m,,True,2026-02-17T14:11:02.431227
2026-06-06,CAN,arrival,16:30,LUM Mangshi,MU9729,China Eastern,text,Duration: 2h 35m,,True,2026-02-17T14:11:02.431233
2026-06-06,CAN,arrival,16:30,TNA Jinan,ZH9974,Shenzhen Airlines,text,Duration: 2h 55m,,True,2026-02-17T14:11:02.431239
2026-06-06,CAN,arrival,16:35,HGH Hangzhou,MU5217,China Eastern,text,Duration: 2h 0m,,True,2026-02-17T14:11:02.431245
2026-06-06,CAN,arrival,16:35,HAN Hanoi,ZH122,Shenzhen Airlines,text,Duration: 1h 50m,,True,2026-02-17T14:11:02.431251
2026-06-06,CAN,arrival,16:40,AKL Auckland,CZ336,China Southern,text,Duration: 11h 40m,,True,2026-02-17T14:11:02.431256
2026-06-06,CAN,arrival,16:40,BKK Bangkok,CZ8080,China Southern,text,Duration: 3h 0m,,True,2026-02-17T14:11:02.431262
2026-06-06,CAN,arrival,16:40,PKX Beijing,CZ3106,China Southern,text,Duration: 3h 10m,,True,2026-02-17T14:11:02.431269
2026-06-06,CAN,arrival,16:40,NKG Nanjing,MU2717,China Eastern,text,Duration: 2h 10m,,True,2026-02-17T14:11:02.431275
2026-06-06,CAN,arrival,16:40,TAO Qingdao,SC4677,Shandong Airlines,text,Duration: 3h 20m,,True,2026-02-17T14:11:02.431281
2026-06-06,CAN,arrival,16:45,SHA Shanghai,MU5307,China Eastern,text,Duration: 2h 15m,,True,2026-02-17T14:11:02.431287
2026-06-06,CAN,arrival,16:50,KMG Kunming,CZ3416,China Southern,text,Duration: 2h 10m,,True,2026-02-17T14:11:02.431293
2026-06-06,CAN,arrival,16:50,LHR London,CZ304,China Southern,text,Duration: 11h 40m,,True,2026-02-17T14:11:02.431299
2026-06-06,CAN,arrival,16:50,TAO Qingdao,MU5257,China Eastern,text,Duration: 3h 0m,,True,2026-02-17T14:11:02.431304
2026-06-06,CAN,arrival,16:50,IST Istanbul,TK72,Turkish Airlines,text,Duration: 10h 30m,,True,2026-02-17T14:11:02.431311
2026-06-06,CAN,arrival,16:55,SHA Shanghai,9C8855,Spring Airlines,text,Duration: 2h 35m,,True,2026-02-17T14:11:02.431316
2026-06-06,CAN,arrival,16:55,HGH Hangzhou,CZ6568,China Southern,text,Duration: 2h 20m,,True,2026-02-17T14:11:02.431323
2026-06-06,CAN,arrival,16:55,TNA Jinan,CZ3620,China Southern,text,Duration: 2h 45m,,True,2026-02-17T14:11:02.431402
2026-06-06,CAN,arrival,16:55,TPE Taipei,CZ3098,China Southern,text,Duration: 2h 5m,,True,2026-02-17T14:11:02.431410
2026-06-06,CAN,arrival,16:55,HAK Haikou,HU7007,Hainan Airlines,text,Duration: 1h 25m,,True,2026-02-17T14:11:02.431416
2026-06-06,CAN,arrival,17:00,PZI Pan Zhi Hua,CZ3934,China Southern,text,Duration: 2h 30m,,True,2026-02-17T14:11:02.431422
2026-06-06,CAN,arrival,17:00,FOC Fuzhou,MF8347,XiamenAir,text,Duration: 2h 0m,,True,2026-02-17T14:11:02.431429
2026-06-06,CAN,arrival,17:10,SHA Shanghai,HO1869,Juneyao Airlines,text,Duration: 2h 20m,,True,2026-02-17T14:11:02.431435
2026-06-06,CAN,arrival,17:10,XMN Xiamen,MF8387,XiamenAir,text,Duration: 1h 40m,,True,2026-02-17T14:11:02.431442
2026-06-06,CAN,arrival,17:10,CKG Chongqing,OQ2339,Chongqing Airlines,text,Duration: 2h 5m,,True,2026-02-17T14:11:02.431450
2026-06-06,CAN,arrival,17:10,INC Yinchuan,ZH8942,Shenzhen Airlines,text,Duration: 3h 10m,,True,2026-02-17T14:11:02.431456
2026-06-06,CAN,arrival,17:15,PKX Beijing,CZ3186,China Southern,text,Duration: 3h 15m,,True,2026-02-17T14:11:02.431462
2026-06-06,CAN,arrival,17:15,SHA Shanghai,CZ3538,China Southern,text,Duration: 2h 25m,,True,2026-02-17T14:11:02.431468
2026-06-06,CAN,arrival,17:15,SYX Sanya,CZ6743,China Southern,text,Duration: 1h 40m,,True,2026-02-17T14:11:02.431475
2026-06-06,CAN,arrival,17:20,NGB Ningbo,CZ3518,China Southern,text,Duration: 2h 25m,,True,2026-02-17T14:11:02.431481
2026-06-06,CAN,arrival,17:20,SHE Shenyang,MU9870,China Eastern,text,Duration: 4h 5m,,True,2026-02-17T14:11:02.431487
2026-06-06,CAN,arrival,17:25,PEK Beijing,CA1327,Air China,text,Duration: 3h 25m,,True,2026-02-17T14:11:02.431493
2026-06-06,CAN,arrival,17:25,CGO Zhengzhou,CZ6625,China Southern,text,Duration: 2h 25m,,True,2026-02-17T14:11:02.431498
2026-06-06,CAN,arrival,17:25,HAK Haikou,CZ6791,China Southern,text,Duration: 1h 25m,,True,2026-02-17T14:11:02.431505
2026-06-06,CAN,arrival,17:25,SHE Shenyang,CZ6315,China Southern,text,Duration: 4h 25m,,True,2026-02-17T14:11:02.431510
2026-06-06,CAN,arrival,17:30,BNE Brisbane,CZ382,China Southern,text,Duration: 9h 20m,,True,2026-02-17T14:11:02.431516
2026-06-06,CAN,arrival,17:30,CTU Chengdu,CZ3444,China Southern,text,Duration: 2h 30m,,True,2026-02-17T14:11:02.431522
2026-06-06,CAN,arrival,17:30,HRB Harbin,CZ5394,China Southern,text,Duration: 5h 0m,,True,2026-02-17T14:11:02.431528
2026-06-06,CAN,arrival,17:30,POM Port Moresby,CZ5056,China Southern,text,Duration: 7h 0m,,True,2026-02-17T14:11:02.431534
2026-06-06,CAN,arrival,17:30,WUH Wuhan,MU6734,China Eastern,text,Duration: 1h 55m,,True,2026-02-17T14:11:02.431539
2026-06-06,CAN,arrival,17:30,SHE Shenyang,OQ2128,Chongqing Airlines,text,Duration: 4h 30m,,True,2026-02-17T14:11:02.431545
2026-06-06,CAN,arrival,17:35,CTU Chengdu,CA4333,Air China,text,Duration: 2h 35m,,True,2026-02-17T14:11:02.431551
2026-06-06,CAN,arrival,17:35,KUL Kuala Lumpur,CZ350,China Southern,text,Duration: 4h 10m,,True,2026-02-17T14:11:02.431558
2026-06-06,CAN,arrival,17:40,HGH Hangzhou,CA1795,Air China,text,Duration: 2h 25m,,True,2026-02-17T14:11:02.431564
2026-06-06,CAN,arrival,17:40,PKX Beijing,CZ3162,China Southern,text,Duration: 3h 10m,,True,2026-02-17T14:11:02.431570
2026-06-06,CAN,arrival,17:40,DLU Dali City,MU9741,China Eastern,text,Duration: 2h 25m,,True,2026-02-17T14:11:02.431576
2026-06-06,CAN,arrival,17:45,BKK Bangkok,CZ8100,China Southern,text,Duration: 3h 0m,,True,2026-02-17T14:11:02.431583
2026-06-06,CAN,arrival,17:45,XIY Xian,CZ3232,China Southern,text,Duration: 2h 45m,,True,2026-02-17T14:11:02.431589
2026-06-06,CAN,arrival,17:50,CKG Chongqing,3U8745,Sichuan Airlines,text,Duration: 2h 5m,,True,2026-02-17T14:11:02.431594
2026-06-06,CAN,arrival,17:50,SIN Singapore,CZ354,China Southern,text,Duration: 4h 20m,,True,2026-02-17T14:11:02.431600
2026-06-06,CAN,arrival,17:50,DOY Dongying,HU7260,Hainan Airlines,text,Duration: 3h 15m,,True,2026-02-17T14:11:02.431606
2026-06-06,CAN,arrival,17:50,PEK Beijing,HU7809,Hainan Airlines,text,Duration: 3h 20m,,True,2026-02-17T14:11:02.431612
2026-06-06,CAN,arrival,17:50,HIA Huai'an,MU2869,China Eastern,text,Duration: 2h 20m,,True,2026-02-17T14:11:02.431618
2026-06-06,CAN,arrival,17:50,WUX Wuxi,ZH9826,Shenzhen Airlines,text,Duration: 2h 30m,,True,2026-02-17T14:11:02.431624
2026-06-06,CAN,arrival,17:55,KWE Guiyang,CZ3691,China Southern,text,Duration: 1h 40m,,True,2026-02-17T14:11:02.431630
2026-06-06,CAN,arrival,17:55,SYD Sydney,CZ326,China Southern,text,Duration: 9h 50m,,True,2026-02-17T14:11:02.431636
2026-06-06,CAN,arrival,17:55,URC Urumqi,CZ6883,China Southern,text,Duration: 5h 5m,,True,2026-02-17T14:11:02.431642
2026-06-06,CAN,arrival,17:55,PKX Beijing,MU6305,China Eastern,text,Duration: 3h 15m,,True,2026-02-17T14:11:02.431648
2026-06-06,CAN,arrival,18:00,HGH Hangzhou,CZ3850,China Southern,text,Duration: 2h 25m,,True,2026-02-17T14:11:02.431653
2026-06-06,CAN,arrival,18:00,MEL Melbourne,CZ322,China Southern,text,Duration: 9h 40m,,True,2026-02-17T14:11:02.431659
2026-06-06,CAN,arrival,18:00,SHA Shanghai,FM9313,Shanghai Airlines,text,Duration: 2h 5m,,True,2026-02-17T14:11:02.431665
2026-06-06,CAN,arrival,18:05,ADL Adelaide,CZ664,China Southern,text,Duration: 9h 5m,,True,2026-02-17T14:11:02.431671
2026-06-06,CAN,arrival,18:05,HFE Hefei,CZ3874,China Southern,text,Duration: 2h 15m,,True,2026-02-17T14:11:02.431676
2026-06-06,CAN,arrival,18:05,LHW Lanzhou,CZ3206,China Southern,text,Duration: 3h 20m,,True,2026-02-17T14:11:02.431683
2026-06-06,CAN,arrival,18:05,XMN Xiamen,CZ3880,China Southern,text,Duration: 1h 35m,,True,2026-02-17T14:11:02.431689
2026-06-06,CAN,arrival,18:10,ICN Seoul,CZ338,China Southern,text,Duration: 3h 55m,,True,2026-02-17T14:11:02.431695
2026-06-06,CAN,arrival,18:10,YIW Yiwu,CZ3150,China Southern,text,Duration: 2h 5m,,True,2026-02-17T14:11:02.431701
2026-06-06,CAN,arrival,18:10,TSN Tianjin,GS7925,Tianjin Airlines,text,Duration: 3h 30m,,True,2026-02-17T14:11:02.431776
2026-06-06,CAN,arrival,18:10,NKG Nanjing,ZH9866,Shenzhen Airlines,text,Duration: 2h 30m,,True,2026-02-17T14:11:02.431783
2026-06-06,CAN,arrival,18:15,TFU Chengdu,AQ1116,9 Air,text,Duration: 2h 15m,,True,2026-02-17T14:11:02.431790
2026-06-06,CAN,arrival,18:15,TSN Tianjin,CA2803,Air China,text,Duration: 3h 20m,,True,2026-02-17T14:11:02.431796
2026-06-06,CAN,arrival,18:15,DLC Dalian,CZ3607,China Southern,text,Duration: 3h 40m,,True,2026-02-17T14:11:02.431802
2026-06-06,CAN,arrival,18:15,SHA Shanghai,CZ3540,China Southern,text,Duration: 2h 25m,,True,2026-02-17T14:11:02.431808
2026-06-06,CAN,arrival,18:15,TAO Qingdao,SC4675,Shandong Airlines,text,Duration: 3h 15m,,True,2026-02-17T14:11:02.431814
2026-06-06,CAN,arrival,18:15,HRB Harbin,ZH9672,Shenzhen Airlines,text,Duration: 4h 50m,,True,2026-02-17T14:11:02.431820
2026-06-06,CAN,arrival,18:20,PEK Beijing,CA1301,Air China,text,Duration: 3h 20m,,True,2026-02-17T14:11:02.431825
2026-06-06,CAN,arrival,18:20,LJG Lijiang,CZ3424,China Southern,text,Duration: 2h 35m,,True,2026-02-17T14:11:02.431831
2026-06-06,CAN,arrival,18:25,FOC Fuzhou,CZ3878,China Southern,text,Duration: 2h 0m,,True,2026-02-17T14:11:02.431837
2026-06-06,CAN,arrival,18:25,TSN Tianjin,CZ3302,China Southern,text,Duration: 3h 10m,,True,2026-02-17T14:11:02.431843
2026-06-06,CAN,arrival,18:25,WUH Wuhan,CZ3706,China Southern,text,Duration: 1h 55m,,True,2026-02-17T14:11:02.431849
2026-06-06,CAN,arrival,18:25,XIY Xian,HU7857,Hainan Airlines,text,Duration: 2h 55m,,True,2026-02-17T14:11:02.431854
2026-06-06,CAN,arrival,18:30,CKG Chongqing,CZ3486,China Southern,text,Duration: 2h 5m,,True,2026-02-17T14:11:02.431860
2026-06-06,CAN,arrival,18:30,HAN Hanoi,CZ8316,China Southern,text,Duration: 1h 45m,,True,2026-02-17T14:11:02.431866
2026-06-06,CAN,arrival,18:30,HRB Harbin,CZ3616,China Southern,text,Duration: 4h 50m,,True,2026-02-17T14:11:02.431872
2026-06-06,CAN,arrival,18:35,WUX Wuxi,AQ1056,9 Air,text,Duration: 2h 35m,,True,2026-02-17T14:11:02.431878
2026-06-06,CAN,arrival,18:35,TFU Chengdu,MU6185,China Eastern,text,Duration: 2h 35m,,True,2026-02-17T14:11:02.431883
2026-06-06,CAN,arrival,18:40,CGQ Changchun,CZ6851,China Southern,text,Duration: 4h 45m,,True,2026-02-17T14:11:02.431889
2026-06-06,CAN,arrival,18:40,PKX Beijing,CZ3104,China Southern,text,Duration: 3h 10m,,True,2026-02-17T14:11:02.431895
2026-06-06,CAN,arrival,18:40,YTY Yangzhou,CZ5906,China Southern,text,Duration: 2h 35m,,True,2026-02-17T14:11:02.431902
2026-06-06,CAN,arrival,18:40,CKG Chongqing,HU7242,Hainan Airlines,text,Duration: 2h 10m,,True,2026-02-17T14:11:02.431907
2026-06-06,CAN,arrival,18:40,LHW Lanzhou,MU2305,China Eastern,text,Duration: 3h 10m,,True,2026-02-17T14:11:02.431913
2026-06-06,CAN,arrival,18:45,XIY Xian,CZ3212,China Southern,text,Duration: 2h 45m,,True,2026-02-17T14:11:02.431920
2026-06-06,CAN,arrival,18:45,PVG Shanghai,FM9315,Shanghai Airlines,text,Duration: 2h 15m,,True,2026-02-17T14:11:02.431926
2026-06-06,CAN,arrival,18:50,CKG Chongqing,CA4341,Air China,text,Duration: 2h 5m,,True,2026-02-17T14:11:02.431932
2026-06-06,CAN,arrival,18:50,DZH Dazhou,CA4355,Air China,text,Duration: 2h 30m,,True,2026-02-17T14:11:02.431937
2026-06-06,CAN,arrival,18:50,SJW Shijiazhuang,JD5356,Capital Airlines,text,Duration: 3h 0m,,True,2026-02-17T14:11:02.431943
2026-06-06,CAN,arrival,18:50,PKX Beijing,KN5321,China United Airlines,text,Duration: 3h 20m,,True,2026-02-17T14:11:02.431949
2026-06-06,CAN,arrival,18:55,HGH Hangzhou,CZ3512,China Southern,text,Duration: 2h 20m,,True,2026-02-17T14:11:02.431955
2026-06-06,CAN,arrival,18:55,TNA Jinan,CZ3712,China Southern,text,Duration: 2h 45m,,True,2026-02-17T14:11:02.431961
2026-06-06,CAN,arrival,18:55,SHA Shanghai,MU5311,China Eastern,text,Duration: 2h 25m,,True,2026-02-17T14:11:02.431967
2026-06-06,CAN,arrival,18:55,NKG Nanjing,ZH9868,Shenzhen Airlines,text,Duration: 2h 15m,,True,2026-02-17T14:11:02.431972
2026-06-06,CAN,arrival,19:00,HET Hohhot,CZ3246,China Southern,text,Duration: 3h 25m,,True,2026-02-17T14:11:02.431978
2026-06-06,CAN,arrival,19:00,NKG Nanjing,CZ3822,China Southern,text,Duration: 2h 15m,,True,2026-02-17T14:11:02.431983
2026-06-06,CAN,arrival,19:00,TAO Qingdao,CZ3536,China Southern,text,Duration: 3h 10m,,True,2026-02-17T14:11:02.431989
2026-06-06,CAN,arrival,19:00,KTI Phnom Penh,KR935,Cambodia Airways,text,Duration: 2h 55m,,True,2026-02-17T14:11:02.431996
2026-06-06,CAN,arrival,19:05,BKK Bangkok,CZ5096,China Southern,text,Duration: 3h 0m,,True,2026-02-17T14:11:02.432001
2026-06-06,CAN,arrival,19:05,DAC Dhaka,CZ5016,China Southern,text,Duration: 3h 50m,,True,2026-02-17T14:11:02.432007
2026-06-06,CAN,arrival,19:05,KUL Kuala Lumpur,CZ3048,China Southern,text,Duration: 4h 20m,,True,2026-02-17T14:11:02.432012
2026-06-06,CAN,arrival,19:05,SHA Shanghai,HO1867,Juneyao Airlines,text,Duration: 2h 35m,,True,2026-02-17T14:11:02.432018
2026-06-06,CAN,arrival,19:05,BKK Bangkok,KQ886,Kenya Airways,text,Duration: 3h 0m,,True,2026-02-17T14:11:02.432024
2026-06-06,CAN,arrival,19:05,TNA Jinan,SC1171,Shandong Airlines,text,Duration: 3h 0m,,True,2026-02-17T14:11:02.432030
2026-06-06,CAN,arrival,19:05,CZX Changzhou,ZH8944,Shenzhen Airlines,text,Duration: 2h 30m,,True,2026-02-17T14:11:02.432035
2026-06-06,CAN,arrival,19:10,CTU Chengdu,3U8739,Sichuan Airlines,text,Duration: 2h 30m,,True,2026-02-17T14:11:02.432041
2026-06-06,CAN,arrival,19:10,KIX Osaka,CZ390,China Southern,text,Duration: 4h 10m,,True,2026-02-17T14:11:02.432046
2026-06-06,CAN,arrival,19:10,NGB Ningbo,CZ3776,China Southern,text,Duration: 2h 20m,,True,2026-02-17T14:11:02.432052
2026-06-06,CAN,arrival,19:10,SHA Shanghai,CZ3526,China Southern,text,Duration: 2h 20m,,True,2026-02-17T14:11:02.432057
2026-06-06,CAN,arrival,19:10,PKX Beijing,JD5921,Capital Airlines,text,Duration: 3h 30m,,True,2026-02-17T14:11:02.432063
2026-06-06,CAN,arrival,19:15,HND Tokyo,CZ386,China Southern,text,Duration: 4h 35m,,True,2026-02-17T14:11:02.432169
2026-06-06,CAN,arrival,19:15,NGB Ningbo,MU5237,China Eastern,text,Duration: 2h 10m,,True,2026-02-17T14:11:02.432179
2026-06-06,CAN,arrival,19:15,XIY Xian,ZH9224,Shenzhen Airlines,text,Duration: 2h 45m,,True,2026-02-17T14:11:02.432187
2026-06-06,CAN,arrival,19:20,VTE Vientiane,CZ6092,China Southern,text,Duration: 2h 30m,,True,2026-02-17T14:11:02.432194
2026-06-06,CAN,arrival,19:20,WUH Wuhan,CZ6224,China Southern,text,Duration: 1h 50m,,True,2026-02-17T14:11:02.432201
2026-06-06,CAN,arrival,19:20,PVG Shanghai,HU7232,Hainan Airlines,text,Duration: 2h 50m,,True,2026-02-17T14:11:02.432208
2026-06-06,CAN,arrival,19:25,PEK Beijing,CA1365,Air China,text,Duration: 3h 25m,,True,2026-02-17T14:11:02.432215
2026-06-06,CAN,arrival,19:25,HAK Haikou,CZ6783,China Southern,text,Duration: 1h 25m,,True,2026-02-17T14:11:02.432222
2026-06-06,CAN,arrival,19:25,ICN Seoul,CZ3062,China Southern,text,Duration: 3h 40m,,True,2026-02-17T14:11:02.432230
2026-06-06,CAN,arrival,19:25,KTI Phnom Penh,CZ6060,China Southern,text,Duration: 2h 50m,,True,2026-02-17T14:11:02.432237
2026-06-06,CAN,arrival,19:25,TSN Tianjin,CZ3144,China Southern,text,Duration: 3h 10m,,True,2026-02-17T14:11:02.432244
2026-06-06,CAN,arrival,19:30,KTM Kathmandu,CZ6068,China Southern,text,Duration: 4h 25m,,True,2026-02-17T14:11:02.432251
2026-06-06,CAN,arrival,19:30,WEH Weihai,MU6896,China Eastern,text,Duration: 3h 40m,,True,2026-02-17T14:11:02.432258
2026-06-06,CAN,arrival,19:35,KIX Osaka,AQ1260,9 Air,text,Duration: 4h 50m,,True,2026-02-17T14:11:02.432265
2026-06-06,CAN,arrival,19:35,CGK Jakarta,CZ3038,China Southern,text,Duration: 5h 20m,,True,2026-02-17T14:11:02.432272
2026-06-06,CAN,arrival,19:35,CTU Chengdu,CZ3472,China Southern,text,Duration: 2h 35m,,True,2026-02-17T14:11:02.432278
2026-06-06,CAN,arrival,19:35,SGN Ho Chi Minh City,CZ374,China Southern,text,Duration: 2h 55m,,True,2026-02-17T14:11:02.432286
2026-06-06,CAN,arrival,19:35,SWA Jieyang,CZ3891,China Southern,text,Duration: 1h 15m,,True,2026-02-17T14:11:02.432294
2026-06-06,CAN,arrival,19:35,PKX Beijing,MU6307,China Eastern,text,Duration: 3h 20m,,True,2026-02-17T14:11:02.432301
2026-06-06,CAN,arrival,19:40,CTU Chengdu,CA4303,Air China,text,Duration: 2h 40m,,True,2026-02-17T14:11:02.432308
2026-06-06,CAN,arrival,19:40,PVG Shanghai,CA1865,Air China,text,Duration: 2h 35m,,True,2026-02-17T14:11:02.432315
2026-06-06,CAN,arrival,19:40,HRB Harbin,CZ8719,China Southern,text,Duration: 4h 50m,,True,2026-02-17T14:11:02.432322
2026-06-06,CAN,arrival,19:40,PKX Beijing,CZ3180,China Southern,text,Duration: 3h 10m,,True,2026-02-17T14:11:02.432329
2026-06-06,CAN,arrival,19:40,WNZ Wenzhou,CZ3528,China Southern,text,Duration: 1h 55m,,True,2026-02-17T14:11:02.432336
2026-06-06,CAN,arrival,19:45,DLC Dalian,CZ6467,China Southern,text,Duration: 3h 45m,,True,2026-02-17T14:11:02.432342
2026-06-06,CAN,arrival,19:45,URC Urumqi,CZ6885,China Southern,text,Duration: 5h 5m,,True,2026-02-17T14:11:02.432349
2026-06-06,CAN,arrival,19:45,HAK Haikou,HU7009,Hainan Airlines,text,Duration: 1h 15m,,True,2026-02-17T14:11:02.432357
2026-06-06,CAN,arrival,19:50,CXR Nha Trang,CZ6050,China Southern,text,Duration: 2h 50m,,True,2026-02-17T14:11:02.432364
2026-06-06,CAN,arrival,19:50,KMG Kunming,CZ3408,China Southern,text,Duration: 2h 10m,,True,2026-02-17T14:11:02.432371
2026-06-06,CAN,arrival,19:50,XIY Xian,CZ3208,China Southern,text,Duration: 2h 50m,,True,2026-02-17T14:11:02.432378
2026-06-06,CAN,arrival,19:55,PEK Beijing,HU7811,Hainan Airlines,text,Duration: 3h 25m,,True,2026-02-17T14:11:02.432385
2026-06-06,CAN,arrival,20:00,BKK Bangkok,CZ3082,China Southern,text,Duration: 3h 5m,,True,2026-02-17T14:11:02.432392
2026-06-06,CAN,arrival,20:00,SHE Shenyang,CZ3602,China Southern,text,Duration: 4h 30m,,True,2026-02-17T14:11:02.432399
2026-06-06,CAN,arrival,20:00,TYN Taiyuan,CZ6528,China Southern,text,Duration: 2h 55m,,True,2026-02-17T14:11:02.432406
2026-06-06,CAN,arrival,20:00,SHA Shanghai,MU9199,China Eastern,text,Duration: 2h 30m,,True,2026-02-17T14:11:02.432413
2026-06-06,CAN,arrival,20:00,HAK Haikou,ZH8992,Shenzhen Airlines,text,Duration: 1h 20m,,True,2026-02-17T14:11:02.432420
2026-06-06,CAN,arrival,20:05,HFE Hefei,CZ6586,China Southern,text,Duration: 2h 5m,,True,2026-02-17T14:11:02.432427
2026-06-06,CAN,arrival,20:05,PKX Beijing,MF8339,XiamenAir,text,Duration: 3h 5m,,True,2026-02-17T14:11:02.432434
2026-06-06,CAN,arrival,20:05,TNA Jinan,SC1175,Shandong Airlines,text,Duration: 2h 55m,,True,2026-02-17T14:11:02.432441
2026-06-06,CAN,arrival,20:05,WUX Wuxi,ZH9828,Shenzhen Airlines,text,Duration: 2h 30m,,True,2026-02-17T14:11:02.432448
2026-06-06,CAN,arrival,20:10,CKG Chongqing,HU7442,Hainan Airlines,text,Duration: 2h 10m,,True,2026-02-17T14:11:02.432454
2026-06-06,CAN,arrival,20:15,KMG Kunming,8L9975,Lucky Air,text,Duration: 2h 0m,,True,2026-02-17T14:11:02.432461
2026-06-06,CAN,arrival,20:15,TAO Qingdao,CZ3800,China Southern,text,Duration: 3h 10m,,True,2026-02-17T14:11:02.432468
2026-06-06,CAN,arrival,20:15,KMG Kunming,KY8281,Kunming Airlines,text,Duration: 2h 15m,,True,2026-02-17T14:11:02.432476
2026-06-06,CAN,arrival,20:15,TNA Jinan,SC1173,Shandong Airlines,text,Duration: 2h 35m,,True,2026-02-17T14:11:02.432483
2026-06-06,CAN,arrival,20:20,NKG Nanjing,AQ1034,9 Air,text,Duration: 2h 35m,,True,2026-02-17T14:11:02.432490
2026-06-06,CAN,arrival,20:20,TSN Tianjin,CA4548,Air China,text,Duration: 2h 55m,,True,2026-02-17T14:11:02.432497
2026-06-06,CAN,arrival,20:20,MNL Manila,CZ398,China Southern,text,Duration: 2h 35m,,True,2026-02-17T14:11:02.432503
2026-06-06,CAN,arrival,20:20,HGH Hangzhou,MF8311,XiamenAir,text,Duration: 2h 20m,,True,2026-02-17T14:11:02.432510
2026-06-06,CAN,arrival,20:25,CGO Zhengzhou,CZ3972,China Southern,text,Duration: 2h 25m,,True,2026-02-17T14:11:02.432517
2026-06-06,CAN,arrival,20:25,PVG Shanghai,CZ3488,China Southern,text,Duration: 2h 35m,,True,2026-02-17T14:11:02.432644
2026-06-06,CAN,arrival,20:25,SHA Shanghai,HO1851,Juneyao Airlines,text,Duration: 2h 20m,,True,2026-02-17T14:11:02.432654
2026-06-06,CAN,arrival,20:30,SHA Shanghai,9C8931,Spring Airlines,text,Duration: 2h 25m,,True,2026-02-17T14:11:02.432661
2026-06-06,CAN,arrival,20:30,WSK Wushan,CZ3962,China Southern,text,Duration: 1h 55m,,True,2026-02-17T14:11:02.432668
2026-06-06,CAN,arrival,20:30,CTU Chengdu,MU6831,China Eastern,text,Duration: 2h 25m,,True,2026-02-17T14:11:02.432675
2026-06-06,CAN,arrival,20:30,NKG Nanjing,ZH9870,Shenzhen Airlines,text,Duration: 2h 30m,,True,2026-02-17T14:11:02.432682
2026-06-06,CAN,arrival,20:35,MXZ Mei Xian,CZ3334,China Southern,text,Duration: 1h 10m,,True,2026-02-17T14:11:02.432689
2026-06-06,CAN,arrival,20:40,PKX Beijing,CZ3122,China Southern,text,Duration: 3h 10m,,True,2026-02-17T14:11:02.432695
2026-06-06,CAN,arrival,20:40,XUZ Xuzhou,CZ3340,China Southern,text,Duration: 2h 30m,,True,2026-02-17T14:11:02.432702
2026-06-06,CAN,arrival,20:40,YIW Yiwu,CZ3885,China Southern,text,Duration: 2h 0m,,True,2026-02-17T14:11:02.432709
2026-06-06,CAN,arrival,20:45,CKG Chongqing,CZ3464,China Southern,text,Duration: 2h 0m,,True,2026-02-17T14:11:02.432717
2026-06-06,CAN,arrival,20:45,TNA Jinan,MU5259,China Eastern,text,Duration: 2h 45m,,True,2026-02-17T14:11:02.432724
2026-06-06,CAN,arrival,20:50,KMG Kunming,CZ3450,China Southern,text,Duration: 2h 10m,,True,2026-02-17T14:11:02.432732
2026-06-06,CAN,arrival,20:50,NKG Nanjing,HU7314,Hainan Airlines,text,Duration: 2h 25m,,True,2026-02-17T14:11:02.432739
2026-06-06,CAN,arrival,20:55,HGH Hangzhou,3U3153,Sichuan Airlines,text,Duration: 2h 10m,,True,2026-02-17T14:11:02.432746
2026-06-06,CAN,arrival,20:55,KUL Kuala Lumpur,AK116,AirAsia,text,Duration: 4h 20m,,True,2026-02-17T14:11:02.432754
2026-06-06,CAN,arrival,20:55,PVG Shanghai,CZ3585,China Southern,text,Duration: 2h 35m,,True,2026-02-17T14:11:02.432761
2026-06-06,CAN,arrival,21:00,HGH Hangzhou,AQ1072,9 Air,text,Duration: 2h 25m,,True,2026-02-17T14:11:02.432768
2026-06-06,CAN,arrival,21:00,SYX Sanya,CZ6735,China Southern,text,Duration: 1h 45m,,True,2026-02-17T14:11:02.432775
2026-06-06,CAN,arrival,21:00,URC Urumqi,CZ6899,China Southern,text,Duration: 5h 5m,,True,2026-02-17T14:11:02.432783
2026-06-06,CAN,arrival,21:00,CGO Zhengzhou,HU7288,Hainan Airlines,text,Duration: 2h 30m,,True,2026-02-17T14:11:02.432790
2026-06-06,CAN,arrival,21:00,TYN Taiyuan,HU7250,Hainan Airlines,text,Duration: 3h 5m,,True,2026-02-17T14:11:02.432797
2026-06-06,CAN,arrival,21:00,SHA Shanghai,MU5371,China Eastern,text,Duration: 2h 30m,,True,2026-02-17T14:11:02.432804
2026-06-06,CAN,arrival,21:00,HFE Hefei,ZH9988,Shenzhen Airlines,text,Duration: 2h 20m,,True,2026-02-17T14:11:02.432811
2026-06-06,CAN,arrival,21:05,HKG Hong Kong,CX988,Cathay Pacific,text,Duration: 1h 5m,,True,2026-02-17T14:11:02.432819
2026-06-06,CAN,arrival,21:05,HGH Hangzhou,CZ3502,China Southern,text,Duration: 2h 30m,,True,2026-02-17T14:11:02.432826
2026-06-06,CAN,arrival,21:05,TNA Jinan,CZ8480,China Southern,text,Duration: 3h 5m,,True,2026-02-17T14:11:02.432834
2026-06-06,CAN,arrival,21:05,CZX Changzhou,ZH9654,Shenzhen Airlines,text,Duration: 2h 30m,,True,2026-02-17T14:11:02.432841
2026-06-06,CAN,arrival,21:10,KWE Guiyang,CZ6394,China Southern,text,Duration: 1h 45m,,True,2026-02-17T14:11:02.432849
2026-06-06,CAN,arrival,21:10,NKG Nanjing,CZ3700,China Southern,text,Duration: 2h 5m,,True,2026-02-17T14:11:02.432857
2026-06-06,CAN,arrival,21:10,KMG Kunming,MU5739,China Eastern,text,Duration: 2h 15m,,True,2026-02-17T14:11:02.432864
2026-06-06,CAN,arrival,21:10,LYI Linyi,ZH9482,Shenzhen Airlines,text,Duration: 3h 0m,,True,2026-02-17T14:11:02.432872
2026-06-06,CAN,arrival,21:10,TNA Jinan,ZH9978,Shenzhen Airlines,text,Duration: 3h 0m,,True,2026-02-17T14:11:02.432879
2026-06-06,CAN,arrival,21:15,CGQ Changchun,CZ8459,China Southern,text,Duration: 4h 35m,,True,2026-02-17T14:11:02.432887
2026-06-06,CAN,arrival,21:15,LUM Mangshi,CZ6500,China Southern,text,Duration: 2h 30m,,True,2026-02-17T14:11:02.432894
2026-06-06,CAN,arrival,21:15,SHA Shanghai,CZ3572,China Southern,text,Duration: 2h 25m,,True,2026-02-17T14:11:02.432902
2026-06-06,CAN,arrival,21:15,NKG Nanjing,MU9767,China Eastern,text,Duration: 2h 15m,,True,2026-02-17T14:11:02.432910
2026-06-06,CAN,arrival,21:15,DAR Dar Es Salaam,TC402,Air Tanzania,text,Duration: 11h 0m,,True,2026-02-17T14:11:02.432918
2026-06-06,CAN,arrival,21:15,HPH Haiphong,ZH130,Shenzhen Airlines,text,Duration: 1h 55m,,True,2026-02-17T14:11:02.432925
2026-06-06,CAN,arrival,21:20,PEK Beijing,CA1309,Air China,text,Duration: 3h 20m,,True,2026-02-17T14:11:02.432933
2026-06-06,CAN,arrival,21:20,TSN Tianjin,CA2805,Air China,text,Duration: 3h 20m,,True,2026-02-17T14:11:02.432940
2026-06-06,CAN,arrival,21:20,HKT Phuket,CZ6064,China Southern,text,Duration: 3h 40m,,True,2026-02-17T14:11:02.432947
2026-06-06,CAN,arrival,21:20,KUL Kuala Lumpur,CZ8012,China Southern,text,Duration: 4h 25m,,True,2026-02-17T14:11:02.432954
2026-06-06,CAN,arrival,21:20,LJG Lijiang,OQ2112,Chongqing Airlines,text,Duration: 2h 40m,,True,2026-02-17T14:11:02.432962
2026-06-06,CAN,arrival,21:25,CGO Zhengzhou,CZ3959,China Southern,text,Duration: 2h 30m,,True,2026-02-17T14:11:02.432970
2026-06-06,CAN,arrival,21:25,KHN Nanchang,CZ8532,China Southern,text,Duration: 1h 45m,,True,2026-02-17T14:11:02.432977
2026-06-06,CAN,arrival,21:25,WUH Wuhan,CZ3347,China Southern,text,Duration: 1h 55m,,True,2026-02-17T14:11:02.432984
2026-06-06,CAN,arrival,21:30,CSX Changsha,CZ5591,China Southern,text,Duration: 1h 45m,,True,2026-02-17T14:11:02.432992
2026-06-06,CAN,arrival,21:30,HGH Hangzhou,GJ8995,Loong Air,text,Duration: 2h 25m,,True,2026-02-17T14:11:02.433000
2026-06-06,CAN,arrival,21:30,TFU Chengdu,HU7252,Hainan Airlines,text,Duration: 2h 30m,,True,2026-02-17T14:11:02.433008
2026-06-06,CAN,arrival,21:35,CTU Chengdu,CZ3418,China Southern,text,Duration: 2h 35m,,True,2026-02-17T14:11:02.433124
2026-06-06,CAN,arrival,21:35,KUL Kuala Lumpur,CZ8348,China Southern,text,Duration: 4h 20m,,True,2026-02-17T14:11:02.433133
2026-06-06,CAN,arrival,21:35,LHW Lanzhou,CZ3386,China Southern,text,Duration: 3h 20m,,True,2026-02-17T14:11:02.433139
2026-06-06,CAN,arrival,21:45,TFU Chengdu,3U6705,Sichuan Airlines,text,Duration: 2h 15m,,True,2026-02-17T14:11:02.433145
2026-06-06,CAN,arrival,21:45,TFU Chengdu,CA4309,Air China,text,Duration: 2h 15m,,True,2026-02-17T14:11:02.433152
2026-06-06,CAN,arrival,21:45,PKX Beijing,CZ3100,China Southern,text,Duration: 3h 15m,,True,2026-02-17T14:11:02.433158
2026-06-06,CAN,arrival,21:45,YIW Yiwu,CZ3303,China Southern,text,Duration: 2h 5m,,True,2026-02-17T14:11:02.433164
2026-06-06,CAN,arrival,21:50,SHA Shanghai,MU5315,China Eastern,text,Duration: 2h 20m,,True,2026-02-17T14:11:02.433170
2026-06-06,CAN,arrival,21:55,XIY Xian,MU2311,China Eastern,text,Duration: 2h 25m,,True,2026-02-17T14:11:02.433204
2026-06-06,CAN,arrival,22:00,YBP Yibin,3U3054,Sichuan Airlines,text,Duration: 2h 10m,,True,2026-02-17T14:11:02.433221
2026-06-06,CAN,arrival,22:00,CKG Chongqing,CZ3412,China Southern,text,Duration: 2h 5m,,True,2026-02-17T14:11:02.433230
2026-06-06,CAN,arrival,22:00,TAO Qingdao,CZ5900,China Southern,text,Duration: 3h 25m,,True,2026-02-17T14:11:02.433237
2026-06-06,CAN,arrival,22:00,WXN Wanxian,CZ8254,China Southern,text,Duration: 2h 10m,,True,2026-02-17T14:11:02.433242
2026-06-06,CAN,arrival,22:00,DXB Dubai,EK362,Emirates,text,Duration: 7h 45m,,True,2026-02-17T14:11:02.433248
2026-06-06,CAN,arrival,22:00,SJW Shijiazhuang,NS3657,Hebei Airlines,text,Duration: 3h 10m,,True,2026-02-17T14:11:02.433275
2026-06-06,CAN,arrival,22:00,CGO Zhengzhou,PN6379,West Air (China),text,Duration: 2h 25m,,True,2026-02-17T14:11:02.433300
2026-06-06,CAN,arrival,22:00,PVG Shanghai,ZH9536,Shenzhen Airlines,text,Duration: 3h 10m,,True,2026-02-17T14:11:02.433359
2026-06-06,CAN,arrival,22:05,HET Hohhot,CA1381,Air China,text,Duration: 3h 35m,,True,2026-02-17T14:11:02.433377
2026-06-06,CAN,arrival,22:05,CZX Changzhou,CZ3900,China Southern,text,Duration: 2h 20m,,True,2026-02-17T14:11:02.433385
2026-06-06,CAN,arrival,22:05,SIN Singapore,CZ3040,China Southern,text,Duration: 4h 15m,,True,2026-02-17T14:11:02.433391
2026-06-06,CAN,arrival,22:05,SYD Sydney,CZ8092,China Southern,text,Duration: 9h 50m,,True,2026-02-17T14:11:02.433397
2026-06-06,CAN,arrival,22:05,HFE Hefei,ZH9990,Shenzhen Airlines,text,Duration: 2h 15m,,True,2026-02-17T14:11:02.433404
2026-06-06,CAN,arrival,22:05,YTY Yangzhou,ZH9694,Shenzhen Airlines,text,Duration: 2h 35m,,True,2026-02-17T14:11:02.433409
2026-06-06,CAN,arrival,22:10,PVG Shanghai,AQ1012,9 Air,text,Duration: 2h 45m,,True,2026-02-17T14:11:02.433418
2026-06-06,CAN,arrival,22:10,TFU Chengdu,HU7352,Hainan Airlines,text,Duration: 2h 10m,,True,2026-02-17T14:11:02.433424
2026-06-06,CAN,arrival,22:10,WUX Wuxi,ZH9830,Shenzhen Airlines,text,Duration: 2h 35m,,True,2026-02-17T14:11:02.433429
2026-06-06,CAN,arrival,22:15,BKK Bangkok,CZ8024,China Southern,text,Duration: 3h 10m,,True,2026-02-17T14:11:02.433435
2026-06-06,CAN,arrival,22:15,WNZ Wenzhou,CZ3810,China Southern,text,Duration: 2h 15m,,True,2026-02-17T14:11:02.433441
2026-06-06,CAN,arrival,22:15,SHE Shenyang,ZH9656,Shenzhen Airlines,text,Duration: 4h 30m,,True,2026-02-17T14:11:02.433447
2026-06-06,CAN,arrival,22:20,PEK Beijing,CA1379,Air China,text,Duration: 3h 20m,,True,2026-02-17T14:11:02.433453
2026-06-06,CAN,arrival,22:20,SHA Shanghai,CA1830,Air China,text,Duration: 2h 25m,,True,2026-02-17T14:11:02.433459
2026-06-06,CAN,arrival,22:20,NGB Ningbo,HU7234,Hainan Airlines,text,Duration: 2h 20m,,True,2026-02-17T14:11:02.433465
2026-06-06,CAN,arrival,22:20,LUM Mangshi,OQ2026,Chongqing Airlines,text,Duration: 2h 35m,,True,2026-02-17T14:11:02.433471
2026-06-06,CAN,arrival,22:25,CKG Chongqing,CA4353,Air China,text,Duration: 2h 5m,,True,2026-02-17T14:11:02.433477
2026-06-06,CAN,arrival,22:25,DLC Dalian,CZ3603,China Southern,text,Duration: 3h 55m,,True,2026-02-17T14:11:02.433483
2026-06-06,CAN,arrival,22:25,HAK Haikou,CZ6787,China Southern,text,Duration: 1h 25m,,True,2026-02-17T14:11:02.433490
2026-06-06,CAN,arrival,22:25,KUL Kuala Lumpur,CZ8302,China Southern,text,Duration: 4h 25m,,True,2026-02-17T14:11:02.433496
2026-06-06,CAN,arrival,22:25,SHA Shanghai,CZ3504,China Southern,text,Duration: 2h 25m,,True,2026-02-17T14:11:02.433502
2026-06-06,CAN,arrival,22:30,CGO Zhengzhou,CZ6594,China Southern,text,Duration: 2h 30m,,True,2026-02-17T14:11:02.433508
2026-06-06,CAN,arrival,22:30,FUG Fuyang,CZ3932,China Southern,text,Duration: 2h 20m,,True,2026-02-17T14:11:02.433514
2026-06-06,CAN,arrival,22:30,YIH Yichang,CZ3300,China Southern,text,Duration: 1h 50m,,True,2026-02-17T14:11:02.433520
2026-06-06,CAN,arrival,22:30,HRB Harbin,ZH9678,Shenzhen Airlines,text,Duration: 5h 5m,,True,2026-02-17T14:11:02.433527
2026-06-06,CAN,arrival,22:35,CNX Chiang Mai,CZ3034,China Southern,text,Duration: 2h 45m,,True,2026-02-17T14:11:02.433533
2026-06-06,CAN,arrival,22:35,LFQ Qiaoli,CZ8928,China Southern,text,Duration: 2h 40m,,True,2026-02-17T14:11:02.433539
2026-06-06,CAN,arrival,22:35,SHE Shenyang,CZ6339,China Southern,text,Duration: 4h 5m,,True,2026-02-17T14:11:02.433545
2026-06-06,CAN,arrival,22:35,CKG Chongqing,PN6205,West Air (China),text,Duration: 2h 5m,,True,2026-02-17T14:11:02.433551
2026-06-06,CAN,arrival,22:40,YCU Yuncheng,CZ3922,China Southern,text,Duration: 2h 25m,,True,2026-02-17T14:11:02.433557
2026-06-06,CAN,arrival,22:45,BKI Kota Kinabalu,CZ8336,China Southern,text,Duration: 3h 25m,,True,2026-02-17T14:11:02.433563
2026-06-06,CAN,arrival,22:45,HAN Hanoi,CZ8178,China Southern,text,Duration: 2h 0m,,True,2026-02-17T14:11:02.433569
2026-06-06,CAN,arrival,22:45,TYN Taiyuan,CZ3696,China Southern,text,Duration: 3h 5m,,True,2026-02-17T14:11:02.433575
2026-06-06,CAN,arrival,22:45,XIY Xian,CZ3218,China Southern,text,Duration: 2h 45m,,True,2026-02-17T14:11:02.433701
2026-06-06,CAN,arrival,22:45,YIW Yiwu,CZ3636,China Southern,text,Duration: 1h 55m,,True,2026-02-17T14:11:02.433711
2026-06-06,CAN,arrival,22:45,PKX Beijing,MU6309,China Eastern,text,Duration: 3h 15m,,True,2026-02-17T14:11:02.433718
2026-06-06,CAN,arrival,22:50,HGH Hangzhou,CZ3830,China Southern,text,Duration: 2h 15m,,True,2026-02-17T14:11:02.433724
2026-06-06,CAN,arrival,22:50,XFN Xiangyang,CZ3362,China Southern,text,Duration: 2h 0m,,True,2026-02-17T14:11:02.433730
2026-06-06,CAN,arrival,22:50,TFU Chengdu,ZH9444,Shenzhen Airlines,text,Duration: 2h 20m,,True,2026-02-17T14:11:02.433736
2026-06-06,CAN,arrival,22:55,CKG Chongqing,3U8749,Sichuan Airlines,text,Duration: 2h 5m,,True,2026-02-17T14:11:02.433742
2026-06-06,CAN,arrival,22:55,KMG Kunming,3U8205,Sichuan Airlines,text,Duration: 1h 50m,,True,2026-02-17T14:11:02.433748
2026-06-06,CAN,arrival,22:55,PKX Beijing,CZ3110,China Southern,text,Duration: 3h 25m,,True,2026-02-17T14:11:02.433754
2026-06-06,CAN,arrival,22:55,CGO Zhengzhou,HU7284,Hainan Airlines,text,Duration: 2h 30m,,True,2026-02-17T14:11:02.433760
2026-06-06,CAN,arrival,22:55,PEK Beijing,HU7813,Hainan Airlines,text,Duration: 3h 25m,,True,2026-02-17T14:11:02.433766
2026-06-06,CAN,arrival,22:55,TNA Jinan,HU7210,Hainan Airlines,text,Duration: 2h 55m,,True,2026-02-17T14:11:02.433771
2026-06-06,CAN,arrival,22:55,SHA Shanghai,MU5317,China Eastern,text,Duration: 2h 20m,,True,2026-02-17T14:11:02.433777
2026-06-06,CAN,arrival,23:00,SGN Ho Chi Minh City,9C7348,Spring Airlines,text,Duration: 3h 5m,,True,2026-02-17T14:11:02.433784
2026-06-06,CAN,arrival,23:00,DYG Dayong,CZ3382,China Southern,text,Duration: 1h 40m,,True,2026-02-17T14:11:02.433790
2026-06-06,CAN,arrival,23:00,NKG Nanjing,ZH9872,Shenzhen Airlines,text,Duration: 2h 25m,,True,2026-02-17T14:11:02.433796
2026-06-06,CAN,arrival,23:00,NKG Nanjing,ZH9874,Shenzhen Airlines,text,Duration: 2h 30m,,True,2026-02-17T14:11:02.433802
2026-06-06,CAN,arrival,23:00,NTG Nantong,ZH8694,Shenzhen Airlines,text,Duration: 2h 40m,,True,2026-02-17T14:11:02.433808
2026-06-06,CAN,arrival,23:00,YTY Yangzhou,ZH8910,Shenzhen Airlines,text,Duration: 2h 25m,,True,2026-02-17T14:11:02.433815
2026-06-06,CAN,arrival,23:05,YIC Yichun,HU7202,Hainan Airlines,text,Duration: 1h 40m,,True,2026-02-17T14:11:02.433821
2026-06-06,CAN,arrival,23:05,LHW Lanzhou,OQ2132,Chongqing Airlines,text,Duration: 3h 10m,,True,2026-02-17T14:11:02.433827
2026-06-06,CAN,arrival,23:10,PEK Beijing,CA1385,Air China,text,Duration: 3h 5m,,True,2026-02-17T14:11:02.433833
2026-06-06,CAN,arrival,23:10,BKK Bangkok,CZ364,China Southern,text,Duration: 3h 10m,,True,2026-02-17T14:11:02.433838
2026-06-06,CAN,arrival,23:10,PEN Penang,CZ5048,China Southern,text,Duration: 4h 5m,,True,2026-02-17T14:11:02.433844
2026-06-06,CAN,arrival,23:10,DMK Bangkok,FD530,Thai AirAsia,text,Duration: 3h 5m,,True,2026-02-17T14:11:02.433851
2026-06-06,CAN,arrival,23:15,CKG Chongqing,OQ2325,Chongqing Airlines,text,Duration: 2h 0m,,True,2026-02-17T14:11:02.433857
2026-06-06,CAN,arrival,23:20,BKI Kota Kinabalu,AK1534,AirAsia,text,Duration: 3h 15m,,True,2026-02-17T14:11:02.433863
2026-06-06,CAN,arrival,23:20,BZX Bazhong,CZ8210,China Southern,text,Duration: 2h 10m,,True,2026-02-17T14:11:02.433868
2026-06-06,CAN,arrival,23:20,INC Yinchuan,CZ5702,China Southern,text,Duration: 3h 15m,,True,2026-02-17T14:11:02.433874
2026-06-06,CAN,arrival,23:20,NAO Nanchong,CZ3430,China Southern,text,Duration: 2h 10m,,True,2026-02-17T14:11:02.433880
2026-06-06,CAN,arrival,23:20,WUH Wuhan,CZ6607,China Southern,text,Duration: 1h 50m,,True,2026-02-17T14:11:02.433886
2026-06-06,CAN,arrival,23:20,NKG Nanjing,HU7214,Hainan Airlines,text,Duration: 2h 30m,,True,2026-02-17T14:11:02.433891
2026-06-06,CAN,arrival,23:20,SJW Shijiazhuang,OQ2136,Chongqing Airlines,text,Duration: 3h 20m,,True,2026-02-17T14:11:02.433898
2026-06-06,CAN,arrival,23:25,CGQ Changchun,CZ3605,China Southern,text,Duration: 4h 25m,,True,2026-02-17T14:11:02.433904
2026-06-06,CAN,arrival,23:25,KWE Guiyang,CZ8801,China Southern,text,Duration: 1h 50m,,True,2026-02-17T14:11:02.433910
2026-06-06,CAN,arrival,23:25,NKG Nanjing,CZ3698,China Southern,text,Duration: 2h 20m,,True,2026-02-17T14:11:02.433916
2026-06-06,CAN,arrival,23:25,TFU Chengdu,CZ3476,China Southern,text,Duration: 2h 25m,,True,2026-02-17T14:11:02.433922
2026-06-06,CAN,arrival,23:25,TSN Tianjin,CZ3136,China Southern,text,Duration: 3h 10m,,True,2026-02-17T14:11:02.433927
2026-06-06,CAN,arrival,23:25,HAK Haikou,HU7011,Hainan Airlines,text,Duration: 1h 25m,,True,2026-02-17T14:11:02.433933
2026-06-06,CAN,arrival,23:25,HRB Harbin,JD5166,Capital Airlines,text,Duration: 4h 30m,,True,2026-02-17T14:11:02.433939
2026-06-06,CAN,arrival,23:30,CGO Zhengzhou,CZ3395,China Southern,text,Duration: 2h 30m,,True,2026-02-17T14:11:02.433945
2026-06-06,CAN,arrival,23:30,SHS Shashi,CZ6660,China Southern,text,Duration: 1h 40m,,True,2026-02-17T14:11:02.433950
2026-06-06,CAN,arrival,23:30,TAO Qingdao,CZ3574,China Southern,text,Duration: 3h 15m,,True,2026-02-17T14:11:02.433957
2026-06-06,CAN,arrival,23:35,AQG Anqing,CZ3320,China Southern,text,Duration: 1h 55m,,True,2026-02-17T14:11:02.433963
2026-06-06,CAN,arrival,23:35,KMG Kunming,CZ3500,China Southern,text,Duration: 2h 5m,,True,2026-02-17T14:11:02.433969
2026-06-06,CAN,arrival,23:35,XIY Xian,CZ3204,China Southern,text,Duration: 2h 35m,,True,2026-02-17T14:11:02.433974
2026-06-06,CAN,arrival,23:35,CKG Chongqing,MU6826,China Eastern,text,Duration: 2h 0m,,True,2026-02-17T14:11:02.433980
2026-06-06,CAN,arrival,23:35,JHG Jinghong,OQ2106,Chongqing Airlines,text,Duration: 2h 20m,,True,2026-02-17T14:11:02.433986
2026-06-06,CAN,arrival,23:35,TAO Qingdao,ZH9994,Shenzhen Airlines,text,Duration: 3h 30m,,True,2026-02-17T14:11:02.433991
2026-06-06,CAN,arrival,23:40,WUX Wuxi,ZH9822,Shenzhen Airlines,text,Duration: 2h 25m,,True,2026-02-17T14:11:02.433997
2026-06-06,CAN,arrival,23:45,DLC Dalian,CZ6486,China Southern,text,Duration: 3h 45m,,True,2026-02-17T14:11:02.434100
2026-06-06,CAN,arrival,23:45,SHE Shenyang,CZ6331,China Southern,text,Duration: 4h 30m,,True,2026-02-17T14:11:02.434109
2026-06-06,CAN,arrival,23:45,URC Urumqi,CZ6887,China Southern,text,Duration: 5h 5m,,True,2026-02-17T14:11:02.434115
2026-06-06,CAN,arrival,23:45,WUX Wuxi,CZ3918,China Southern,text,Duration: 2h 20m,,True,2026-02-17T14:11:02.434121
2026-06-06,CAN,arrival,23:45,YNZ Yancheng,CZ8216,China Southern,text,Duration: 2h 35m,,True,2026-02-17T14:11:02.434127
2026-06-06,CAN,arrival,23:45,SYX Sanya,HU7309,Hainan Airlines,text,Duration: 1h 45m,,True,2026-02-17T14:11:02.434133
2026-06-06,CAN,arrival,23:45,HGH Hangzhou,ZH9984,Shenzhen Airlines,text,Duration: 2h 20m,,True,2026-02-17T14:11:02.434139
2026-06-06,CAN,arrival,23:50,HGH Hangzhou,CZ3802,China Southern,text,Duration: 2h 15m,,True,2026-02-17T14:11:02.434145
2026-06-06,CAN,arrival,23:50,TYN Taiyuan,CZ3952,China Southern,text,Duration: 2h 55m,,True,2026-02-17T14:11:02.434150
2026-06-06,CAN,arrival,23:50,XNN Xining,CZ6242,China Southern,text,Duration: 3h 20m,,True,2026-02-17T14:11:02.434156
2026-06-06,CAN,arrival,23:50,YNT Yantai,CZ8778,China Southern,text,Duration: 3h 25m,,True,2026-02-17T14:11:02.434162
2026-06-06,CAN,arrival,23:55,CGD Changde,CZ3248,China Southern,text,Duration: 1h 25m,,True,2026-02-17T14:11:02.434171
2026-06-06,CAN,arrival,23:55,SYX Sanya,CZ6737,China Southern,text,Duration: 1h 45m,,True,2026-02-17T14:11:02.434177
2026-06-06,CAN,arrival,23:55,TNA Jinan,CZ3708,China Southern,text,Duration: 2h 45m,,True,2026-02-17T14:11:02.434183
2026-06-06,CAN,arrival,23:55,PEK Beijing,HU7815,Hainan Airlines,text,Duration: 3h 25m,,True,2026-02-17T14:11:02.434189
2026-06-06,CAN,arrival,23:55,ICN Seoul,OZ355,Asiana,text,Duration: 3h 55m,,True,2026-02-17T14:11:02.434195
2026-06-06,CAN,arrival,23:55,WNZ Wenzhou,ZH9964,Shenzhen Airlines,text,Duration: 2h 0m,,True,2026-02-17T14:11:02.434202
