date,airport,direction,time,destination,flight,airline,airline_source,duration,aircraft,page_date_verified,scraped_at
2026-10-15,CKG,departure,01:50,DOH Doha,QR881,Qatar Airways,text,Duration: 8h 10m,,True,2026-02-19T11:37:17.859916
2026-10-15,CKG,departure,02:00,ICN Seoul,OZ354,Asiana,text,Duration: 3h 25m,,True,2026-02-19T11:37:17.859928
2026-10-15,CKG,departure,02:10,DMK Bangkok,SL931,Thai Lion Air,text,Duration: 3h 10m,,True,2026-02-19T11:37:17.859936
2026-10-15,CKG,departure,02:25,MAD Madrid,HU727,Hainan Airlines,text,Duration: 12h 35m,,True,2026-02-19T11:37:17.859943
2026-10-15,CKG,departure,02:35,SIN Singapore,SQ819,Singapore Airlines,text,Duration: 4h 55m,,True,2026-02-19T11:37:17.859950
2026-10-15,CKG,departure,02:50,BRU Brussels,HU469,Hainan Airlines,text,Duration: 11h 30m,,True,2026-02-19T11:37:17.859957
2026-10-15,CKG,departure,05:40,PVG Shanghai,9C6108,Spring Airlines,text,Duration: 2h 25m,,True,2026-02-19T11:37:17.859964
2026-10-15,CKG,departure,06:05,NKG Nanjing,PN6259,West Air (China),text,Duration: 2h 15m,,True,2026-02-19T11:37:17.859970
2026-10-15,CKG,departure,06:20,TNA Jinan,PN6327,West Air (China),text,Duration: 2h 5m,,True,2026-02-19T11:37:17.859977
2026-10-15,CKG,departure,06:25,BPX Bangda,PN6215,West Air (China),text,Duration: 2h 5m,,True,2026-02-19T11:37:17.859983
2026-10-15,CKG,departure,06:25,LXA Lhasa/Lasa,TV9813,Tibet Airlines,text,Duration: 3h 5m,,True,2026-02-19T11:37:17.860105
2026-10-15,CKG,departure,06:30,CGO Zhengzhou,PN6273,West Air (China),text,Duration: 1h 50m,,True,2026-02-19T11:37:17.860115
2026-10-15,CKG,departure,06:30,SHA Shanghai,MU5422,China Eastern,text,Duration: 2h 25m,,True,2026-02-19T11:37:17.860121
2026-10-15,CKG,departure,06:30,TSN Tianjin,3U8013,Sichuan Airlines,text,Duration: 2h 30m,,True,2026-02-19T11:37:17.860128
2026-10-15,CKG,departure,06:35,DLU Dali City,TV9809,Tibet Airlines,text,Duration: 1h 55m,,True,2026-02-19T11:37:17.860135
2026-10-15,CKG,departure,06:35,LLV Luliang,G52913,Gestair,text,Duration: 1h 40m,,True,2026-02-19T11:37:17.860142
2026-10-15,CKG,departure,06:35,LZH Liuzhou,G54769,Gestair,text,Duration: 1h 40m,,True,2026-02-19T11:37:17.860148
2026-10-15,CKG,departure,06:35,SJW Shijiazhuang,PN6349,West Air (China),text,Duration: 2h 5m,,True,2026-02-19T11:37:17.860155
2026-10-15,CKG,departure,06:35,SZX Shenzhen,PN6229,West Air (China),text,Duration: 2h 5m,,True,2026-02-19T11:37:17.860161
2026-10-15,CKG,departure,06:40,HUZ Huizhou,MU6691,China Eastern,text,Duration: 2h 5m,,True,2026-02-19T11:37:17.860168
2026-10-15,CKG,departure,06:40,JIC Jinchang,G52749,Gestair,text,Duration: 2h 20m,,True,2026-02-19T11:37:17.860270
2026-10-15,CKG,departure,06:40,TAO Qingdao,SC4838,Shandong Airlines,text,Duration: 2h 35m,,True,2026-02-19T11:37:17.860278
2026-10-15,CKG,departure,06:40,TSN Tianjin,OQ2081,Chongqing Airlines,text,Duration: 3h 0m,,True,2026-02-19T11:37:17.860285
2026-10-15,CKG,departure,06:40,ZAT Zhaotong,G54603,Gestair,text,Duration: 1h 15m,,True,2026-02-19T11:37:17.860290
2026-10-15,CKG,departure,06:45,HFE Hefei,PN6415,West Air (China),text,Duration: 1h 50m,,True,2026-02-19T11:37:17.860295
2026-10-15,CKG,departure,06:45,JGN Jiayuguan,G52851,Gestair,text,Duration: 2h 50m,,True,2026-02-19T11:37:17.860300
2026-10-15,CKG,departure,06:45,LXA Lhasa/Lasa,3U8633,Sichuan Airlines,text,Duration: 2h 45m,,True,2026-02-19T11:37:17.860306
2026-10-15,CKG,departure,06:45,SYX Sanya,PN6213,West Air (China),text,Duration: 2h 10m,,True,2026-02-19T11:37:17.860311
2026-10-15,CKG,departure,06:45,XUZ Xuzhou,G52807,Gestair,text,Duration: 2h 5m,,True,2026-02-19T11:37:17.860317
2026-10-15,CKG,departure,06:50,BPX Bangda,TV9907,Tibet Airlines,text,Duration: 2h 5m,,True,2026-02-19T11:37:17.860322
2026-10-15,CKG,departure,06:50,HDG Handan,G54301,Gestair,text,Duration: 1h 45m,,True,2026-02-19T11:37:17.860417
2026-10-15,CKG,departure,06:50,KMG Kunming,MU5449,China Eastern,text,Duration: 1h 30m,,True,2026-02-19T11:37:17.860424
2026-10-15,CKG,departure,06:50,SWA Jieyang,3U8005,Sichuan Airlines,text,Duration: 2h 0m,,True,2026-02-19T11:37:17.860430
2026-10-15,CKG,departure,06:50,ZUH Zhuhai,3U8047,Sichuan Airlines,text,Duration: 2h 10m,,True,2026-02-19T11:37:17.860436
2026-10-15,CKG,departure,06:55,HNY Hengyang,GS7435,Tianjin Airlines,text,Duration: 1h 30m,,True,2026-02-19T11:37:17.860441
2026-10-15,CKG,departure,06:55,NGB Ningbo,3U8109,Sichuan Airlines,text,Duration: 2h 30m,,True,2026-02-19T11:37:17.860447
2026-10-15,CKG,departure,06:55,NNG Nanning,3U8137,Sichuan Airlines,text,Duration: 1h 40m,,True,2026-02-19T11:37:17.860452
2026-10-15,CKG,departure,06:55,WNZ Wenzhou,3U8033,Sichuan Airlines,text,Duration: 2h 40m,,True,2026-02-19T11:37:17.860457
2026-10-15,CKG,departure,06:55,XIY Xian,GS7666,Tianjin Airlines,text,Duration: 1h 35m,,True,2026-02-19T11:37:17.860463
2026-10-15,CKG,departure,07:00,CIH Changzhi,G52721,Gestair,text,Duration: 1h 35m,,True,2026-02-19T11:37:17.860468
2026-10-15,CKG,departure,07:00,FOC Fuzhou,3U8103,Sichuan Airlines,text,Duration: 2h 20m,,True,2026-02-19T11:37:17.860552
2026-10-15,CKG,departure,07:00,KHN Nanchang,CA4561,Air China,text,Duration: 2h 0m,,True,2026-02-19T11:37:17.860559
2026-10-15,CKG,departure,07:00,SWA Jieyang,OQ2349,Chongqing Airlines,text,Duration: 2h 20m,,True,2026-02-19T11:37:17.860564
2026-10-15,CKG,departure,07:00,TNA Jinan,SC8806,Shandong Airlines,text,Duration: 2h 10m,,True,2026-02-19T11:37:17.860569
2026-10-15,CKG,departure,07:05,AKU Aksu,OQ2007,Chongqing Airlines,text,Duration: 4h 50m,,True,2026-02-19T11:37:17.860575
2026-10-15,CKG,departure,07:05,YCU Yuncheng,CA4013,Air China,text,Duration: 1h 30m,,True,2026-02-19T11:37:17.860580
2026-10-15,CKG,departure,07:05,YTY Yangzhou,3U8167,Sichuan Airlines,text,Duration: 2h 15m,,True,2026-02-19T11:37:17.860585
2026-10-15,CKG,departure,07:10,HRB Harbin,CA4011,Air China,text,Duration: 3h 50m,,True,2026-02-19T11:37:17.860591
2026-10-15,CKG,departure,07:10,LHW Lanzhou,G54033,Gestair,text,Duration: 1h 50m,,True,2026-02-19T11:37:17.860596
2026-10-15,CKG,departure,07:10,NKG Nanjing,CA4545,Air China,text,Duration: 2h 10m,,True,2026-02-19T11:37:17.860601
2026-10-15,CKG,departure,07:10,SZX Shenzhen,3U8781,Sichuan Airlines,text,Duration: 2h 0m,,True,2026-02-19T11:37:17.860680
2026-10-15,CKG,departure,07:10,SZX Shenzhen,CA4343,Air China,text,Duration: 2h 10m,,True,2026-02-19T11:37:17.860687
2026-10-15,CKG,departure,07:15,HGH Hangzhou,3U8081,Sichuan Airlines,text,Duration: 2h 10m,,True,2026-02-19T11:37:17.860692
2026-10-15,CKG,departure,07:15,LYG Lianyungang,G52835,Gestair,text,Duration: 2h 15m,,True,2026-02-19T11:37:17.860698
2026-10-15,CKG,departure,07:15,NKG Nanjing,3U8041,Sichuan Airlines,text,Duration: 2h 5m,,True,2026-02-19T11:37:17.860703
2026-10-15,CKG,departure,07:15,PEK Beijing,3U8829,Sichuan Airlines,text,Duration: 2h 25m,,True,2026-02-19T11:37:17.860708
2026-10-15,CKG,departure,07:15,PVG Shanghai,3U8971,Sichuan Airlines,text,Duration: 2h 25m,,True,2026-02-19T11:37:17.860713
2026-10-15,CKG,departure,07:20,HAK Haikou,OQ2341,Chongqing Airlines,text,Duration: 2h 15m,,True,2026-02-19T11:37:17.860719
2026-10-15,CKG,departure,07:20,SHA Shanghai,MU5424,China Eastern,text,Duration: 2h 15m,,True,2026-02-19T11:37:17.860724
2026-10-15,CKG,departure,07:20,SHE Shenyang,3U8037,Sichuan Airlines,text,Duration: 3h 0m,,True,2026-02-19T11:37:17.860729
2026-10-15,CKG,departure,07:20,UCB Ulanqab,G54917,Gestair,text,Duration: 2h 45m,,True,2026-02-19T11:37:17.860806
2026-10-15,CKG,departure,07:25,LYI Linyi,OQ2363,Chongqing Airlines,text,Duration: 2h 30m,,True,2026-02-19T11:37:17.860813
2026-10-15,CKG,departure,07:30,CAN Guangzhou,OQ2323,Chongqing Airlines,text,Duration: 2h 0m,,True,2026-02-19T11:37:17.860818
2026-10-15,CKG,departure,07:30,CSX Changsha,GS6587,Tianjin Airlines,text,Duration: 1h 25m,,True,2026-02-19T11:37:17.860823
2026-10-15,CKG,departure,07:30,HGH Hangzhou,CA4553,Air China,text,Duration: 2h 25m,,True,2026-02-19T11:37:17.860829
2026-10-15,CKG,departure,07:30,SHS Shashi,G54753,Gestair,text,Duration: 1h 25m,,True,2026-02-19T11:37:17.860834
2026-10-15,CKG,departure,07:30,SZX Shenzhen,OQ2335,Chongqing Airlines,text,Duration: 2h 10m,,True,2026-02-19T11:37:17.860840
2026-10-15,CKG,departure,07:35,FUG Fuyang,PN6219,West Air (China),text,Duration: 2h 0m,,True,2026-02-19T11:37:17.860845
2026-10-15,CKG,departure,07:40,XMN Xiamen,CA4565,Air China,text,Duration: 2h 30m,,True,2026-02-19T11:37:17.860851
2026-10-15,CKG,departure,07:50,LZY Nyingchi,TV9869,Tibet Airlines,text,Duration: 2h 20m,,True,2026-02-19T11:37:17.860856
2026-10-15,CKG,departure,07:50,NGB Ningbo,CA4549,Air China,text,Duration: 2h 25m,,True,2026-02-19T11:37:17.860933
2026-10-15,CKG,departure,07:50,SHE Shenyang,OQ2073,Chongqing Airlines,text,Duration: 3h 0m,,True,2026-02-19T11:37:17.860940
2026-10-15,CKG,departure,07:50,TSN Tianjin,GS7906,Tianjin Airlines,text,Duration: 2h 15m,,True,2026-02-19T11:37:17.860945
2026-10-15,CKG,departure,07:55,JHG Jinghong,G54263,Gestair,text,Duration: 2h 15m,,True,2026-02-19T11:37:17.860951
2026-10-15,CKG,departure,07:55,KRL Korla,3U8141,Sichuan Airlines,text,Duration: 4h 25m,,True,2026-02-19T11:37:17.860956
2026-10-15,CKG,departure,07:55,SZX Shenzhen,HU7458,Hainan Airlines,text,Duration: 2h 0m,,True,2026-02-19T11:37:17.860961
2026-10-15,CKG,departure,08:00,CAN Guangzhou,CA4361,Air China,text,Duration: 2h 15m,,True,2026-02-19T11:37:17.860967
2026-10-15,CKG,departure,08:00,CGQ Changchun,CA4015,Air China,text,Duration: 3h 20m,,True,2026-02-19T11:37:17.860973
2026-10-15,CKG,departure,08:00,DLU Dali City,CA4481,Air China,text,Duration: 2h 0m,,True,2026-02-19T11:37:17.860979
2026-10-15,CKG,departure,08:00,PEK Beijing,CA4131,Air China,text,Duration: 2h 25m,,True,2026-02-19T11:37:17.860984
2026-10-15,CKG,departure,08:00,PKX Beijing,OQ2001,Chongqing Airlines,text,Duration: 2h 35m,,True,2026-02-19T11:37:17.861076
2026-10-15,CKG,departure,08:00,SJW Shijiazhuang,NS3240,Hebei Airlines,text,Duration: 2h 5m,,True,2026-02-19T11:37:17.861083
2026-10-15,CKG,departure,08:05,HFE Hefei,CA4563,Air China,text,Duration: 1h 40m,,True,2026-02-19T11:37:17.861088
2026-10-15,CKG,departure,08:05,HRB Harbin,3U8165,Sichuan Airlines,text,Duration: 3h 25m,,True,2026-02-19T11:37:17.861093
2026-10-15,CKG,departure,08:05,KIX Osaka,MF8653,XiamenAir,text,Duration: 3h 55m,,True,2026-02-19T11:37:17.861099
2026-10-15,CKG,departure,08:05,SHA Shanghai,CA4543,Air China,text,Duration: 2h 25m,,True,2026-02-19T11:37:17.861104
2026-10-15,CKG,departure,08:05,XIY Xian,OQ2303,Chongqing Airlines,text,Duration: 1h 45m,,True,2026-02-19T11:37:17.861109
2026-10-15,CKG,departure,08:05,XMN Xiamen,MF8434,XiamenAir,text,Duration: 2h 15m,,True,2026-02-19T11:37:17.861115
2026-10-15,CKG,departure,08:10,KMG Kunming,OQ2117,Chongqing Airlines,text,Duration: 1h 45m,,True,2026-02-19T11:37:17.861120
2026-10-15,CKG,departure,08:10,KUL Kuala Lumpur,MF8687,XiamenAir,text,Duration: 4h 40m,,True,2026-02-19T11:37:17.861125
2026-10-15,CKG,departure,08:10,SIN Singapore,CA449,Air China,text,Duration: 5h 20m,,True,2026-02-19T11:37:17.861220
2026-10-15,CKG,departure,08:10,XIC Xichang,G54165,Gestair,text,Duration: 1h 40m,,True,2026-02-19T11:37:17.861227
2026-10-15,CKG,departure,08:10,ZUH Zhuhai,CA4371,Air China,text,Duration: 1h 55m,,True,2026-02-19T11:37:17.861232
2026-10-15,CKG,departure,08:15,BKK Bangkok,HU423,Hainan Airlines,text,Duration: 3h 20m,,True,2026-02-19T11:37:17.861238
2026-10-15,CKG,departure,08:15,HGH Hangzhou,GS6581,Tianjin Airlines,text,Duration: 2h 10m,,True,2026-02-19T11:37:17.861243
2026-10-15,CKG,departure,08:15,NNG Nanning,ZH9382,Shenzhen Airlines,text,Duration: 1h 40m,,True,2026-02-19T11:37:17.861249
2026-10-15,CKG,departure,08:15,SHA Shanghai,MF8581,XiamenAir,text,Duration: 2h 15m,,True,2026-02-19T11:37:17.861254
2026-10-15,CKG,departure,08:15,SZX Shenzhen,ZH9470,Shenzhen Airlines,text,Duration: 2h 20m,,True,2026-02-19T11:37:17.861259
2026-10-15,CKG,departure,08:15,TAO Qingdao,SC4842,Shandong Airlines,text,Duration: 2h 25m,,True,2026-02-19T11:37:17.861265
2026-10-15,CKG,departure,08:15,TYN Taiyuan,SC2267,Shandong Airlines,text,Duration: 1h 45m,,True,2026-02-19T11:37:17.861270
2026-10-15,CKG,departure,08:20,PVG Shanghai,OQ2307,Chongqing Airlines,text,Duration: 2h 30m,,True,2026-02-19T11:37:17.861353
2026-10-15,CKG,departure,08:20,XMN Xiamen,SC2142,Shandong Airlines,text,Duration: 2h 5m,,True,2026-02-19T11:37:17.861360
2026-10-15,CKG,departure,08:25,CAN Guangzhou,OQ2305,Chongqing Airlines,text,Duration: 2h 10m,,True,2026-02-19T11:37:17.861365
2026-10-15,CKG,departure,08:25,HGH Hangzhou,OQ2379,Chongqing Airlines,text,Duration: 2h 10m,,True,2026-02-19T11:37:17.861370
2026-10-15,CKG,departure,08:25,PVG Shanghai,CA4575,Air China,text,Duration: 2h 45m,,True,2026-02-19T11:37:17.861375
2026-10-15,CKG,departure,08:30,ICN Seoul,CA439,Air China,text,Duration: 3h 35m,,True,2026-02-19T11:37:17.861380
2026-10-15,CKG,departure,08:30,SYX Sanya,HU7340,Hainan Airlines,text,Duration: 2h 20m,,True,2026-02-19T11:37:17.861385
2026-10-15,CKG,departure,08:30,SZX Shenzhen,CZ3642,China Southern,text,Duration: 2h 15m,,True,2026-02-19T11:37:17.861390
2026-10-15,CKG,departure,08:30,TNA Jinan,SC8810,Shandong Airlines,text,Duration: 2h 10m,,True,2026-02-19T11:37:17.861396
2026-10-15,CKG,departure,08:30,WNZ Wenzhou,HU7471,Hainan Airlines,text,Duration: 2h 35m,,True,2026-02-19T11:37:17.861402
2026-10-15,CKG,departure,08:35,SIN Singapore,OQ2095,Chongqing Airlines,text,Duration: 4h 50m,,True,2026-02-19T11:37:17.861479
2026-10-15,CKG,departure,08:35,WUX Wuxi,3U8025,Sichuan Airlines,text,Duration: 1h 55m,,True,2026-02-19T11:37:17.861485
2026-10-15,CKG,departure,08:40,CGQ Changchun,MF8037,XiamenAir,text,Duration: 3h 50m,,True,2026-02-19T11:37:17.861491
2026-10-15,CKG,departure,08:40,KOW Ganzhou,G54921,Gestair,text,Duration: 2h 0m,,True,2026-02-19T11:37:17.861496
2026-10-15,CKG,departure,08:45,PVG Shanghai,MU5426,China Eastern,text,Duration: 2h 25m,,True,2026-02-19T11:37:17.861502
2026-10-15,CKG,departure,08:45,URC Urumqi,GS6591,Tianjin Airlines,text,Duration: 4h 0m,,True,2026-02-19T11:37:17.861507
2026-10-15,CKG,departure,08:50,BHY Beihai,3U8123,Sichuan Airlines,text,Duration: 2h 0m,,True,2026-02-19T11:37:17.861512
2026-10-15,CKG,departure,08:50,HKG Hong Kong,HX497,Hong Kong Airlines,text,Duration: 2h 30m,,True,2026-02-19T11:37:17.861518
2026-10-15,CKG,departure,08:50,INC Yinchuan,G54337,Gestair,text,Duration: 1h 55m,,True,2026-02-19T11:37:17.861523
2026-10-15,CKG,departure,08:50,YNT Yantai,SC7653,Shandong Airlines,text,Duration: 2h 50m,,True,2026-02-19T11:37:17.861529
2026-10-15,CKG,departure,08:55,YIC Yichun,PN6479,West Air (China),text,Duration: 1h 35m,,True,2026-02-19T11:37:17.861601
2026-10-15,CKG,departure,09:00,DLU Dali City,OQ2347,Chongqing Airlines,text,Duration: 2h 5m,,True,2026-02-19T11:37:17.861608
2026-10-15,CKG,departure,09:00,PEK Beijing,CA4137,Air China,text,Duration: 2h 25m,,True,2026-02-19T11:37:17.861614
2026-10-15,CKG,departure,09:00,XMN Xiamen,HU7411,Hainan Airlines,text,Duration: 2h 30m,,True,2026-02-19T11:37:17.861619
2026-10-15,CKG,departure,09:05,CGQ Changchun,OQ2077,Chongqing Airlines,text,Duration: 3h 20m,,True,2026-02-19T11:37:17.861624
2026-10-15,CKG,departure,09:05,HGH Hangzhou,MF8476,XiamenAir,text,Duration: 2h 20m,,True,2026-02-19T11:37:17.861629
2026-10-15,CKG,departure,09:05,HIA Huai'an,OQ2035,Chongqing Airlines,text,Duration: 2h 5m,,True,2026-02-19T11:37:17.861635
2026-10-15,CKG,departure,09:05,LJG Lijiang,PN6239,West Air (China),text,Duration: 1h 45m,,True,2026-02-19T11:37:17.861640
2026-10-15,CKG,departure,09:05,LXA Lhasa/Lasa,3U8635,Sichuan Airlines,text,Duration: 2h 55m,,True,2026-02-19T11:37:17.861646
2026-10-15,CKG,departure,09:05,URC Urumqi,CA4255,Air China,text,Duration: 3h 55m,,True,2026-02-19T11:37:17.861651
2026-10-15,CKG,departure,09:05,WNZ Wenzhou,HU7463,Hainan Airlines,text,Duration: 2h 20m,,True,2026-02-19T11:37:17.861722
2026-10-15,CKG,departure,09:05,ZUH Zhuhai,SC2265,Shandong Airlines,text,Duration: 1h 55m,,True,2026-02-19T11:37:17.861729
2026-10-15,CKG,departure,09:10,CGO Zhengzhou,CZ6650,China Southern,text,Duration: 1h 45m,,True,2026-02-19T11:37:17.861734
2026-10-15,CKG,departure,09:10,HYN Taizhou,OQ2013,Chongqing Airlines,text,Duration: 2h 10m,,True,2026-02-19T11:37:17.861739
2026-10-15,CKG,departure,09:10,NKG Nanjing,OQ2321,Chongqing Airlines,text,Duration: 1h 55m,,True,2026-02-19T11:37:17.861744
2026-10-15,CKG,departure,09:10,TNA Jinan,PN6265,West Air (China),text,Duration: 2h 5m,,True,2026-02-19T11:37:17.861749
2026-10-15,CKG,departure,09:15,HFE Hefei,MU9981,China Eastern,text,Duration: 1h 40m,,True,2026-02-19T11:37:17.861755
2026-10-15,CKG,departure,09:15,TYN Taiyuan,SC2269,Shandong Airlines,text,Duration: 2h 5m,,True,2026-02-19T11:37:17.861760
2026-10-15,CKG,departure,09:20,PVG Shanghai,PN6373,West Air (China),text,Duration: 2h 15m,,True,2026-02-19T11:37:17.861766
2026-10-15,CKG,departure,09:30,CAN Guangzhou,HU7342,Hainan Airlines,text,Duration: 1h 50m,,True,2026-02-19T11:37:17.861771
2026-10-15,CKG,departure,09:30,NKG Nanjing,3U8043,Sichuan Airlines,text,Duration: 2h 5m,,True,2026-02-19T11:37:17.861843
2026-10-15,CKG,departure,09:35,JHG Jinghong,8L9606,Lucky Air,text,Duration: 2h 10m,,True,2026-02-19T11:37:17.861849
2026-10-15,CKG,departure,09:35,TNA Jinan,SC8812,Shandong Airlines,text,Duration: 2h 30m,,True,2026-02-19T11:37:17.861855
2026-10-15,CKG,departure,09:50,LZY Nyingchi,3U3181,Sichuan Airlines,text,Duration: 2h 30m,,True,2026-02-19T11:37:17.861860
2026-10-15,CKG,departure,09:55,BAV Baotou,G54179,Gestair,text,Duration: 2h 10m,,True,2026-02-19T11:37:17.861865
2026-10-15,CKG,departure,09:55,SZX Shenzhen,9C8614,Spring Airlines,text,Duration: 2h 15m,,True,2026-02-19T11:37:17.861870
2026-10-15,CKG,departure,09:55,TCZ Tengchong,KY3005,Kunming Airlines,text,Duration: 2h 15m,,True,2026-02-19T11:37:17.861875
2026-10-15,CKG,departure,10:00,INC Yinchuan,3U8283,Sichuan Airlines,text,Duration: 1h 45m,,True,2026-02-19T11:37:17.861880
2026-10-15,CKG,departure,10:00,JHG Jinghong,PN6403,West Air (China),text,Duration: 2h 0m,,True,2026-02-19T11:37:17.861885
2026-10-15,CKG,departure,10:00,PEK Beijing,CA1450,Air China,text,Duration: 2h 30m,,True,2026-02-19T11:37:17.861891
2026-10-15,CKG,departure,10:00,WUH Wuhan,CZ6176,China Southern,text,Duration: 1h 30m,,True,2026-02-19T11:37:17.861963
2026-10-15,CKG,departure,10:05,NKG Nanjing,CA4559,Air China,text,Duration: 2h 10m,,True,2026-02-19T11:37:17.861970
2026-10-15,CKG,departure,10:15,SWA Jieyang,PN6385,West Air (China),text,Duration: 2h 20m,,True,2026-02-19T11:37:17.861975
2026-10-15,CKG,departure,10:20,CAN Guangzhou,3U8747,Sichuan Airlines,text,Duration: 2h 5m,,True,2026-02-19T11:37:17.861980
2026-10-15,CKG,departure,10:25,INC Yinchuan,CA4267,Air China,text,Duration: 1h 55m,,True,2026-02-19T11:37:17.861986
2026-10-15,CKG,departure,10:25,JNG Jining,GX8891,GX Airlines,text,Duration: 2h 15m,,True,2026-02-19T11:37:17.861991
2026-10-15,CKG,departure,10:30,CAN Guangzhou,JD5228,Capital Airlines,text,Duration: 2h 5m,,True,2026-02-19T11:37:17.861996
2026-10-15,CKG,departure,10:30,TSN Tianjin,GS7774,Tianjin Airlines,text,Duration: 2h 25m,,True,2026-02-19T11:37:17.862001
2026-10-15,CKG,departure,10:35,JNH Jiaxing,GJ8783,Loong Air,text,Duration: 2h 40m,,True,2026-02-19T11:37:17.862006
2026-10-15,CKG,departure,10:35,XIY Xian,MU2262,China Eastern,text,Duration: 1h 25m,,True,2026-02-19T11:37:17.862011
2026-10-15,CKG,departure,10:40,CAN Guangzhou,HU7142,Hainan Airlines,text,Duration: 2h 15m,,True,2026-02-19T11:37:17.862082
2026-10-15,CKG,departure,10:40,CZX Changzhou,MU2904,China Eastern,text,Duration: 2h 5m,,True,2026-02-19T11:37:17.862089
2026-10-15,CKG,departure,10:40,TNA Jinan,SC8814,Shandong Airlines,text,Duration: 2h 5m,,True,2026-02-19T11:37:17.862094
2026-10-15,CKG,departure,10:45,KHN Nanchang,ZH8846,Shenzhen Airlines,text,Duration: 1h 35m,,True,2026-02-19T11:37:17.862099
2026-10-15,CKG,departure,10:45,TYN Taiyuan,DR5311,Ruili Airlines,text,Duration: 2h 15m,,True,2026-02-19T11:37:17.862104
2026-10-15,CKG,departure,10:45,YNT Yantai,3U8173,Sichuan Airlines,text,Duration: 2h 20m,,True,2026-02-19T11:37:17.862109
2026-10-15,CKG,departure,10:50,KMG Kunming,MU5866,China Eastern,text,Duration: 1h 35m,,True,2026-02-19T11:37:17.862114
2026-10-15,CKG,departure,10:50,LXA Lhasa/Lasa,MF8411,XiamenAir,text,Duration: 3h 5m,,True,2026-02-19T11:37:17.862120
2026-10-15,CKG,departure,10:50,TNA Jinan,SC8804,Shandong Airlines,text,Duration: 2h 10m,,True,2026-02-19T11:37:17.862125
2026-10-15,CKG,departure,10:50,WUX Wuxi,MU9766,China Eastern,text,Duration: 2h 20m,,True,2026-02-19T11:37:17.862130
2026-10-15,CKG,departure,10:50,YTY Yangzhou,9C6196,Spring Airlines,text,Duration: 2h 25m,,True,2026-02-19T11:37:17.862201
2026-10-15,CKG,departure,10:55,FOC Fuzhou,HU7263,Hainan Airlines,text,Duration: 2h 40m,,True,2026-02-19T11:37:17.862208
2026-10-15,CKG,departure,10:55,HGH Hangzhou,JD5692,Capital Airlines,text,Duration: 2h 0m,,True,2026-02-19T11:37:17.862214
2026-10-15,CKG,departure,10:55,JJN Jinjiang,MF8612,XiamenAir,text,Duration: 2h 25m,,True,2026-02-19T11:37:17.862220
2026-10-15,CKG,departure,10:55,NNG Nanning,CZ5836,China Southern,text,Duration: 2h 0m,,True,2026-02-19T11:37:17.862225
2026-10-15,CKG,departure,10:55,SZX Shenzhen,HU7158,Hainan Airlines,text,Duration: 1h 55m,,True,2026-02-19T11:37:17.862230
2026-10-15,CKG,departure,10:55,TAO Qingdao,SC4834,Shandong Airlines,text,Duration: 2h 35m,,True,2026-02-19T11:37:17.862236
2026-10-15,CKG,departure,11:00,CGK Jakarta,MF8673,XiamenAir,text,Duration: 5h 40m,,True,2026-02-19T11:37:17.862241
2026-10-15,CKG,departure,11:00,WUH Wuhan,MF8029,XiamenAir,text,Duration: 1h 40m,,True,2026-02-19T11:37:17.862246
2026-10-15,CKG,departure,11:00,XMN Xiamen,SC2136,Shandong Airlines,text,Duration: 2h 20m,,True,2026-02-19T11:37:17.862251
2026-10-15,CKG,departure,11:05,ACX Xingyi,BK2953,OkAir,text,Duration: 1h 35m,,True,2026-02-19T11:37:17.862324
2026-10-15,CKG,departure,11:05,CSX Changsha,CZ3422,China Southern,text,Duration: 1h 35m,,True,2026-02-19T11:37:17.862331
2026-10-15,CKG,departure,11:05,HAK Haikou,HU7172,Hainan Airlines,text,Duration: 2h 15m,,True,2026-02-19T11:37:17.862336
2026-10-15,CKG,departure,11:05,NKG Nanjing,HO1708,Juneyao Airlines,text,Duration: 2h 0m,,True,2026-02-19T11:37:17.862341
2026-10-15,CKG,departure,11:10,DMK Bangkok,FD557,Thai AirAsia,text,Duration: 3h 10m,,True,2026-02-19T11:37:17.862346
2026-10-15,CKG,departure,11:10,SYX Sanya,CZ6228,China Southern,text,Duration: 2h 30m,,True,2026-02-19T11:37:17.862352
2026-10-15,CKG,departure,11:10,XMN Xiamen,MF8404,XiamenAir,text,Duration: 2h 25m,,True,2026-02-19T11:37:17.862357
2026-10-15,CKG,departure,11:15,FOC Fuzhou,MF8462,XiamenAir,text,Duration: 2h 30m,,True,2026-02-19T11:37:17.862362
2026-10-15,CKG,departure,11:15,WUH Wuhan,CZ3628,China Southern,text,Duration: 1h 40m,,True,2026-02-19T11:37:17.862368
2026-10-15,CKG,departure,11:20,HKG Hong Kong,CA419,Air China,text,Duration: 2h 30m,,True,2026-02-19T11:37:17.862373
2026-10-15,CKG,departure,11:20,PKX Beijing,MU6682,China Eastern,text,Duration: 2h 40m,,True,2026-02-19T11:37:17.862444
2026-10-15,CKG,departure,11:20,TAO Qingdao,SC4846,Shandong Airlines,text,Duration: 2h 25m,,True,2026-02-19T11:37:17.862451
2026-10-15,CKG,departure,11:25,HGH Hangzhou,CA1760,Air China,text,Duration: 2h 30m,,True,2026-02-19T11:37:17.862457
2026-10-15,CKG,departure,11:25,LXA Lhasa/Lasa,CZ3463,China Southern,text,Duration: 2h 45m,,True,2026-02-19T11:37:17.862462
2026-10-15,CKG,departure,11:30,HGH Hangzhou,MF8472,XiamenAir,text,Duration: 2h 20m,,True,2026-02-19T11:37:17.862467
2026-10-15,CKG,departure,11:30,NKG Nanjing,MU2926,China Eastern,text,Duration: 2h 0m,,True,2026-02-19T11:37:17.862472
2026-10-15,CKG,departure,11:30,PEK Beijing,CA4135,Air China,text,Duration: 2h 30m,,True,2026-02-19T11:37:17.862478
2026-10-15,CKG,departure,11:30,SYX Sanya,HU7350,Hainan Airlines,text,Duration: 2h 25m,,True,2026-02-19T11:37:17.862483
2026-10-15,CKG,departure,11:30,TNA Jinan,SC8808,Shandong Airlines,text,Duration: 2h 0m,,True,2026-02-19T11:37:17.862488
2026-10-15,CKG,departure,11:35,HAK Haikou,CZ6314,China Southern,text,Duration: 2h 20m,,True,2026-02-19T11:37:17.862493
2026-10-15,CKG,departure,11:35,HFE Hefei,MU5365,China Eastern,text,Duration: 1h 50m,,True,2026-02-19T11:37:17.862566
2026-10-15,CKG,departure,11:35,PVG Shanghai,HO1250,Juneyao Airlines,text,Duration: 2h 40m,,True,2026-02-19T11:37:17.862574
2026-10-15,CKG,departure,11:35,YIW Yiwu,CZ3888,China Southern,text,Duration: 2h 20m,,True,2026-02-19T11:37:17.862579
2026-10-15,CKG,departure,11:45,SZX Shenzhen,CZ3466,China Southern,text,Duration: 2h 10m,,True,2026-02-19T11:37:17.862584
2026-10-15,CKG,departure,11:45,ZUH Zhuhai,CZ8286,China Southern,text,Duration: 2h 0m,,True,2026-02-19T11:37:17.862590
2026-10-15,CKG,departure,11:50,CAN Guangzhou,OQ2317,Chongqing Airlines,text,Duration: 2h 0m,,True,2026-02-19T11:37:17.862595
2026-10-15,CKG,departure,11:50,SZX Shenzhen,ZH9462,Shenzhen Airlines,text,Duration: 2h 10m,,True,2026-02-19T11:37:17.862600
2026-10-15,CKG,departure,11:50,WNZ Wenzhou,CA8304,Air China,text,Duration: 2h 35m,,True,2026-02-19T11:37:17.862605
2026-10-15,CKG,departure,11:55,TSN Tianjin,CA2862,Air China,text,Duration: 2h 45m,,True,2026-02-19T11:37:17.862610
2026-10-15,CKG,departure,12:00,CGO Zhengzhou,CZ3480,China Southern,text,Duration: 1h 35m,,True,2026-02-19T11:37:17.862616
2026-10-15,CKG,departure,12:00,CMB Colombo,OQ2393,Chongqing Airlines,text,Duration: 6h 10m,,True,2026-02-19T11:37:17.862689
2026-10-15,CKG,departure,12:00,HKG Hong Kong,CX945,Cathay Pacific,text,Duration: 2h 30m,,True,2026-02-19T11:37:17.862696
2026-10-15,CKG,departure,12:00,PEK Beijing,CA1432,Air China,text,Duration: 2h 30m,,True,2026-02-19T11:37:17.862701
2026-10-15,CKG,departure,12:00,PKX Beijing,NS8036,Hebei Airlines,text,Duration: 2h 15m,,True,2026-02-19T11:37:17.862707
2026-10-15,CKG,departure,12:00,WNZ Wenzhou,KN5298,China United Airlines,text,Duration: 2h 20m,,True,2026-02-19T11:37:17.862712
2026-10-15,CKG,departure,12:05,LXA Lhasa/Lasa,PN6568,West Air (China),text,Duration: 3h 0m,,True,2026-02-19T11:37:17.862717
2026-10-15,CKG,departure,12:05,PKX Beijing,CA8652,Air China,text,Duration: 2h 20m,,True,2026-02-19T11:37:17.862722
2026-10-15,CKG,departure,12:05,PKX Beijing,JD5756,Capital Airlines,text,Duration: 2h 20m,,True,2026-02-19T11:37:17.862727
2026-10-15,CKG,departure,12:05,WUX Wuxi,ZH9552,Shenzhen Airlines,text,Duration: 2h 10m,,True,2026-02-19T11:37:17.862732
2026-10-15,CKG,departure,12:05,YYA Yueyang,DZ6285,Donghai Airlines,text,Duration: 1h 30m,,True,2026-02-19T11:37:17.862737
2026-10-15,CKG,departure,12:10,DLC Dalian,CZ6580,China Southern,text,Duration: 2h 50m,,True,2026-02-19T11:37:17.862809
2026-10-15,CKG,departure,12:10,SEA Seattle,HU445,Hainan Airlines,text,Duration: 11h 55m,,True,2026-02-19T11:37:17.862816
2026-10-15,CKG,departure,12:15,LXA Lhasa/Lasa,EU2738,Chengdu Airlines,text,Duration: 3h 0m,,True,2026-02-19T11:37:17.862821
2026-10-15,CKG,departure,12:15,PEK Beijing,HU7168,Hainan Airlines,text,Duration: 2h 35m,,True,2026-02-19T11:37:17.862826
2026-10-15,CKG,departure,12:15,PKX Beijing,CZ8918,China Southern,text,Duration: 2h 30m,,True,2026-02-19T11:37:17.862831
2026-10-15,CKG,departure,12:20,SJW Shijiazhuang,PN6335,West Air (China),text,Duration: 2h 0m,,True,2026-02-19T11:37:17.862836
2026-10-15,CKG,departure,12:25,NTG Nantong,ZH8672,Shenzhen Airlines,text,Duration: 2h 20m,,True,2026-02-19T11:37:17.862842
2026-10-15,CKG,departure,12:30,HGH Hangzhou,OQ2389,Chongqing Airlines,text,Duration: 2h 20m,,True,2026-02-19T11:37:17.862847
2026-10-15,CKG,departure,12:30,NKG Nanjing,MU2664,China Eastern,text,Duration: 2h 0m,,True,2026-02-19T11:37:17.862851
2026-10-15,CKG,departure,12:40,SHA Shanghai,9C8898,Spring Airlines,text,Duration: 2h 20m,,True,2026-02-19T11:37:17.862857
2026-10-15,CKG,departure,12:45,HET Hohhot,OQ2175,Chongqing Airlines,text,Duration: 2h 30m,,True,2026-02-19T11:37:17.862929
2026-10-15,CKG,departure,12:50,DHH Hami,EU2223,Chengdu Airlines,text,Duration: 4h 10m,,True,2026-02-19T11:37:17.862937
2026-10-15,CKG,departure,12:55,PVG Shanghai,9C7298,Spring Airlines,text,Duration: 2h 40m,,True,2026-02-19T11:37:17.862942
2026-10-15,CKG,departure,13:00,PEK Beijing,CA1430,Air China,text,Duration: 2h 30m,,True,2026-02-19T11:37:17.862948
2026-10-15,CKG,departure,13:00,SZX Shenzhen,3U8783,Sichuan Airlines,text,Duration: 2h 20m,,True,2026-02-19T11:37:17.862954
2026-10-15,CKG,departure,13:00,URC Urumqi,3U3209,Sichuan Airlines,text,Duration: 4h 10m,,True,2026-02-19T11:37:17.862959
2026-10-15,CKG,departure,13:05,TNA Jinan,SC8818,Shandong Airlines,text,Duration: 2h 0m,,True,2026-02-19T11:37:17.862964
2026-10-15,CKG,departure,13:05,WNZ Wenzhou,PN6283,West Air (China),text,Duration: 2h 15m,,True,2026-02-19T11:37:17.862969
2026-10-15,CKG,departure,13:10,LXA Lhasa/Lasa,TV9719,Tibet Airlines,text,Duration: 3h 10m,,True,2026-02-19T11:37:17.862975
2026-10-15,CKG,departure,13:20,LXA Lhasa/Lasa,PN6391,West Air (China),text,Duration: 2h 55m,,True,2026-02-19T11:37:17.862980
2026-10-15,CKG,departure,13:20,PVG Shanghai,CA8544,Air China,text,Duration: 2h 30m,,True,2026-02-19T11:37:17.863054
2026-10-15,CKG,departure,13:20,SHE Shenyang,CZ6404,China Southern,text,Duration: 3h 10m,,True,2026-02-19T11:37:17.863061
2026-10-15,CKG,departure,13:25,WEF Weifang,G52773,Gestair,text,Duration: 2h 25m,,True,2026-02-19T11:37:17.863066
2026-10-15,CKG,departure,13:30,"JUZ Quzhou, Zhejiang Province",G54683,Gestair,text,Duration: 2h 10m,,True,2026-02-19T11:37:17.863072
2026-10-15,CKG,departure,13:30,KHG Kashi,OQ2009,Chongqing Airlines,text,Duration: 5h 25m,,True,2026-02-19T11:37:17.863077
2026-10-15,CKG,departure,13:30,SHA Shanghai,MU9196,China Eastern,text,Duration: 2h 30m,,True,2026-02-19T11:37:17.863083
2026-10-15,CKG,departure,13:30,TNA Jinan,SC8802,Shandong Airlines,text,Duration: 2h 15m,,True,2026-02-19T11:37:17.863088
2026-10-15,CKG,departure,13:35,CGQ Changchun,CZ6364,China Southern,text,Duration: 3h 40m,,True,2026-02-19T11:37:17.863093
2026-10-15,CKG,departure,13:40,DLU Dali City,CA4485,Air China,text,Duration: 1h 50m,,True,2026-02-19T11:37:17.863099
2026-10-15,CKG,departure,13:40,SYX Sanya,PN6203,West Air (China),text,Duration: 2h 25m,,True,2026-02-19T11:37:17.863104
2026-10-15,CKG,departure,13:40,URC Urumqi,CZ6986,China Southern,text,Duration: 3h 55m,,True,2026-02-19T11:37:17.863175
2026-10-15,CKG,departure,13:50,FOC Fuzhou,MF8486,XiamenAir,text,Duration: 2h 20m,,True,2026-02-19T11:37:17.863182
2026-10-15,CKG,departure,13:50,HGH Hangzhou,3U8083,Sichuan Airlines,text,Duration: 2h 30m,,True,2026-02-19T11:37:17.863188
2026-10-15,CKG,departure,13:55,CSX Changsha,3U8009,Sichuan Airlines,text,Duration: 1h 25m,,True,2026-02-19T11:37:17.863193
2026-10-15,CKG,departure,13:55,PEK Beijing,CA4141,Air China,text,Duration: 2h 35m,,True,2026-02-19T11:37:17.863198
2026-10-15,CKG,departure,13:55,XMN Xiamen,MF8414,XiamenAir,text,Duration: 2h 20m,,True,2026-02-19T11:37:17.863204
2026-10-15,CKG,departure,14:00,CAN Guangzhou,CA4349,Air China,text,Duration: 2h 20m,,True,2026-02-19T11:37:17.863209
2026-10-15,CKG,departure,14:00,SZX Shenzhen,OQ2345,Chongqing Airlines,text,Duration: 1h 50m,,True,2026-02-19T11:37:17.863214
2026-10-15,CKG,departure,14:00,WUH Wuhan,3U8155,Sichuan Airlines,text,Duration: 1h 25m,,True,2026-02-19T11:37:17.863219
2026-10-15,CKG,departure,14:00,XMN Xiamen,3U8087,Sichuan Airlines,text,Duration: 2h 35m,,True,2026-02-19T11:37:17.863224
2026-10-15,CKG,departure,14:05,HET Hohhot,G54151,Gestair,text,Duration: 2h 25m,,True,2026-02-19T11:37:17.863296
2026-10-15,CKG,departure,14:05,HFE Hefei,3U8197,Sichuan Airlines,text,Duration: 1h 55m,,True,2026-02-19T11:37:17.863302
2026-10-15,CKG,departure,14:05,HTN Hotan,CA4253,Air China,text,Duration: 5h 0m,,True,2026-02-19T11:37:17.863308
2026-10-15,CKG,departure,14:05,WUX Wuxi,HO2014,Juneyao Airlines,text,Duration: 2h 20m,,True,2026-02-19T11:37:17.863313
2026-10-15,CKG,departure,14:05,XUZ Xuzhou,G54607,Gestair,text,Duration: 1h 55m,,True,2026-02-19T11:37:17.863318
2026-10-15,CKG,departure,14:05,YIW Yiwu,GY7278,Colorful GuiZhou Airlines,text,Duration: 2h 10m,,True,2026-02-19T11:37:17.863324
2026-10-15,CKG,departure,14:10,CZX Changzhou,3U8097,Sichuan Airlines,text,Duration: 2h 10m,,True,2026-02-19T11:37:17.863329
2026-10-15,CKG,departure,14:10,HRB Harbin,OQ2327,Chongqing Airlines,text,Duration: 3h 45m,,True,2026-02-19T11:37:17.863335
2026-10-15,CKG,departure,14:10,WHA Wuhu,3U8071,Sichuan Airlines,text,Duration: 2h 10m,,True,2026-02-19T11:37:17.863340
2026-10-15,CKG,departure,14:15,CGO Zhengzhou,3U8159,Sichuan Airlines,text,Duration: 1h 45m,,True,2026-02-19T11:37:17.863347
2026-10-15,CKG,departure,14:15,DOY Dongying,G54009,Gestair,text,Duration: 2h 10m,,True,2026-02-19T11:37:17.863418
2026-10-15,CKG,departure,14:15,HZA Heze,GJ8292,Loong Air,text,Duration: 2h 5m,,True,2026-02-19T11:37:17.863425
2026-10-15,CKG,departure,14:15,PKX Beijing,CZ8912,China Southern,text,Duration: 2h 25m,,True,2026-02-19T11:37:17.863430
2026-10-15,CKG,departure,14:15,XNN Xining,TV9911,Tibet Airlines,text,Duration: 1h 55m,,True,2026-02-19T11:37:17.863436
2026-10-15,CKG,departure,14:20,LXA Lhasa/Lasa,CA4420,Air China,text,Duration: 2h 50m,,True,2026-02-19T11:37:17.863441
2026-10-15,CKG,departure,14:30,KRL Korla,OQ2017,Chongqing Airlines,text,Duration: 4h 25m,,True,2026-02-19T11:37:17.863446
2026-10-15,CKG,departure,14:30,LXA Lhasa/Lasa,TV9843,Tibet Airlines,text,Duration: 3h 30m,,True,2026-02-19T11:37:17.863452
2026-10-15,CKG,departure,14:30,XMN Xiamen,HU7425,Hainan Airlines,text,Duration: 2h 20m,,True,2026-02-19T11:37:17.863457
2026-10-15,CKG,departure,14:55,KHN Nanchang,3U8181,Sichuan Airlines,text,Duration: 1h 50m,,True,2026-02-19T11:37:17.863462
2026-10-15,CKG,departure,14:55,PEK Beijing,CA4143,Air China,text,Duration: 2h 35m,,True,2026-02-19T11:37:17.863468
2026-10-15,CKG,departure,14:55,WDS Shiyan,G54487,Gestair,text,Duration: 1h 15m,,True,2026-02-19T11:37:17.863539
2026-10-15,CKG,departure,14:55,WUH Wuhan,CZ6292,China Southern,text,Duration: 1h 35m,,True,2026-02-19T11:37:17.863546
2026-10-15,CKG,departure,15:00,PEK Beijing,3U8831,Sichuan Airlines,text,Duration: 2h 30m,,True,2026-02-19T11:37:17.863551
2026-10-15,CKG,departure,15:00,PVG Shanghai,3U8973,Sichuan Airlines,text,Duration: 2h 35m,,True,2026-02-19T11:37:17.863557
2026-10-15,CKG,departure,15:05,CAN Guangzhou,OQ2339,Chongqing Airlines,text,Duration: 2h 5m,,True,2026-02-19T11:37:17.863562
2026-10-15,CKG,departure,15:05,HUZ Huizhou,OQ2343,Chongqing Airlines,text,Duration: 2h 10m,,True,2026-02-19T11:37:17.863567
2026-10-15,CKG,departure,15:10,PKX Beijing,CA8673,Air China,text,Duration: 2h 30m,,True,2026-02-19T11:37:17.863573
2026-10-15,CKG,departure,15:15,PEK Beijing,HU7568,Hainan Airlines,text,Duration: 2h 25m,,True,2026-02-19T11:37:17.863578
2026-10-15,CKG,departure,15:20,INC Yinchuan,HU7271,Hainan Airlines,text,Duration: 2h 0m,,True,2026-02-19T11:37:17.863583
2026-10-15,CKG,departure,15:20,PVG Shanghai,MU5432,China Eastern,text,Duration: 2h 30m,,True,2026-02-19T11:37:17.863589
2026-10-15,CKG,departure,15:20,SJW Shijiazhuang,NS3241,Hebei Airlines,text,Duration: 2h 5m,,True,2026-02-19T11:37:17.863661
2026-10-15,CKG,departure,15:20,TAO Qingdao,SC4836,Shandong Airlines,text,Duration: 2h 45m,,True,2026-02-19T11:37:17.863667
2026-10-15,CKG,departure,15:20,TSA Taipei,CA469,Air China,text,Duration: 3h 10m,,True,2026-02-19T11:37:17.863673
2026-10-15,CKG,departure,15:25,KRL Korla,G54005,Gestair,text,Duration: 4h 5m,,True,2026-02-19T11:37:17.863678
2026-10-15,CKG,departure,15:25,XNN Xining,MF8865,XiamenAir,text,Duration: 2h 0m,,True,2026-02-19T11:37:17.863683
2026-10-15,CKG,departure,15:30,KMG Kunming,3U8284,Sichuan Airlines,text,Duration: 1h 30m,,True,2026-02-19T11:37:17.863689
2026-10-15,CKG,departure,15:30,KMG Kunming,MU5864,China Eastern,text,Duration: 1h 40m,,True,2026-02-19T11:37:17.863694
2026-10-15,CKG,departure,15:35,DIG Diqing,OQ2147,Chongqing Airlines,text,Duration: 2h 5m,,True,2026-02-19T11:37:17.863700
2026-10-15,CKG,departure,15:40,HGH Hangzhou,CA4577,Air China,text,Duration: 2h 25m,,True,2026-02-19T11:37:17.863705
2026-10-15,CKG,departure,15:45,CAN Guangzhou,3U8745,Sichuan Airlines,text,Duration: 2h 5m,,True,2026-02-19T11:37:17.863710
2026-10-15,CKG,departure,15:45,PKX Beijing,MF8454,XiamenAir,text,Duration: 2h 25m,,True,2026-02-19T11:37:17.863782
2026-10-15,CKG,departure,15:50,LYA Luoyang,QW6054,Qingdao Airlines,text,Duration: 1h 40m,,True,2026-02-19T11:37:17.863788
2026-10-15,CKG,departure,15:50,SZX Shenzhen,ZH9464,Shenzhen Airlines,text,Duration: 2h 15m,,True,2026-02-19T11:37:17.863794
2026-10-15,CKG,departure,15:55,PVG Shanghai,CA4555,Air China,text,Duration: 2h 50m,,True,2026-02-19T11:37:17.863799
2026-10-15,CKG,departure,16:00,DLC Dalian,3U8007,Sichuan Airlines,text,Duration: 3h 0m,,True,2026-02-19T11:37:17.863805
2026-10-15,CKG,departure,16:00,PEK Beijing,CA1438,Air China,text,Duration: 2h 30m,,True,2026-02-19T11:37:17.863810
2026-10-15,CKG,departure,16:00,SHE Shenyang,HU7101,Hainan Airlines,text,Duration: 3h 5m,,True,2026-02-19T11:37:17.863815
2026-10-15,CKG,departure,16:00,TVS Tangshan,GT1069,Air Guilin,text,Duration: 2h 35m,,True,2026-02-19T11:37:17.863820
2026-10-15,CKG,departure,16:00,URC Urumqi,OQ2311,Chongqing Airlines,text,Duration: 4h 0m,,True,2026-02-19T11:37:17.863825
2026-10-15,CKG,departure,16:05,ENY Yan'an,G52907,Gestair,text,Duration: 1h 30m,,True,2026-02-19T11:37:17.863831
2026-10-15,CKG,departure,16:10,HGH Hangzhou,PN6435,West Air (China),text,Duration: 2h 5m,,True,2026-02-19T11:37:17.863903
2026-10-15,CKG,departure,16:10,SJW Shijiazhuang,OQ2053,Chongqing Airlines,text,Duration: 2h 5m,,True,2026-02-19T11:37:17.863910
2026-10-15,CKG,departure,16:10,TSN Tianjin,CA4001,Air China,text,Duration: 2h 40m,,True,2026-02-19T11:37:17.863915
2026-10-15,CKG,departure,16:10,ZUH Zhuhai,OQ2385,Chongqing Airlines,text,Duration: 2h 5m,,True,2026-02-19T11:37:17.863920
2026-10-15,CKG,departure,16:15,HGH Hangzhou,3U3182,Sichuan Airlines,text,Duration: 2h 10m,,True,2026-02-19T11:37:17.863925
2026-10-15,CKG,departure,16:15,JGS Ji'An,9C8751,Spring Airlines,text,Duration: 1h 50m,,True,2026-02-19T11:37:17.863930
2026-10-15,CKG,departure,16:15,XMN Xiamen,CA4567,Air China,text,Duration: 2h 25m,,True,2026-02-19T11:37:17.863936
2026-10-15,CKG,departure,16:15,YCU Yuncheng,MF8785,XiamenAir,text,Duration: 1h 40m,,True,2026-02-19T11:37:17.863941
2026-10-15,CKG,departure,16:20,NGB Ningbo,OQ2315,Chongqing Airlines,text,Duration: 2h 30m,,True,2026-02-19T11:37:17.863946
2026-10-15,CKG,departure,16:25,CAN Guangzhou,CZ3486,China Southern,text,Duration: 2h 5m,,True,2026-02-19T11:37:17.863951
2026-10-15,CKG,departure,16:25,HAN Hanoi,PN6423,West Air (China),text,Duration: 2h 0m,,True,2026-02-19T11:37:17.864022
2026-10-15,CKG,departure,16:25,KHN Nanchang,ZH8854,Shenzhen Airlines,text,Duration: 1h 40m,,True,2026-02-19T11:37:17.864029
2026-10-15,CKG,departure,16:30,CAN Guangzhou,HU7242,Hainan Airlines,text,Duration: 2h 10m,,True,2026-02-19T11:37:17.864034
2026-10-15,CKG,departure,16:30,SZX Shenzhen,HU7358,Hainan Airlines,text,Duration: 2h 20m,,True,2026-02-19T11:37:17.864039
2026-10-15,CKG,departure,16:40,BKK Bangkok,3U3771,Sichuan Airlines,text,Duration: 3h 15m,,True,2026-02-19T11:37:17.864045
2026-10-15,CKG,departure,16:40,SHA Shanghai,MU5434,China Eastern,text,Duration: 2h 40m,,True,2026-02-19T11:37:17.864050
2026-10-15,CKG,departure,16:40,SZX Shenzhen,CZ3456,China Southern,text,Duration: 2h 15m,,True,2026-02-19T11:37:17.864055
2026-10-15,CKG,departure,16:45,CAN Guangzhou,CA4341,Air China,text,Duration: 2h 5m,,True,2026-02-19T11:37:17.864061
2026-10-15,CKG,departure,16:45,HIA Huai'an,8L9817,Lucky Air,text,Duration: 2h 10m,,True,2026-02-19T11:37:17.864066
2026-10-15,CKG,departure,16:45,SZX Shenzhen,3U8785,Sichuan Airlines,text,Duration: 2h 5m,,True,2026-02-19T11:37:17.864071
2026-10-15,CKG,departure,16:50,KRL Korla,PN6387,West Air (China),text,Duration: 4h 10m,,True,2026-02-19T11:37:17.864142
2026-10-15,CKG,departure,16:50,URC Urumqi,CZ6432,China Southern,text,Duration: 3h 55m,,True,2026-02-19T11:37:17.864149
2026-10-15,CKG,departure,16:55,FOC Fuzhou,PN6275,West Air (China),text,Duration: 2h 20m,,True,2026-02-19T11:37:17.864154
2026-10-15,CKG,departure,16:55,SZX Shenzhen,CA4345,Air China,text,Duration: 2h 20m,,True,2026-02-19T11:37:17.864160
2026-10-15,CKG,departure,16:55,UYN Yulin,GX8881,GX Airlines,text,Duration: 1h 55m,,True,2026-02-19T11:37:17.864165
2026-10-15,CKG,departure,17:00,NGB Ningbo,GJ8398,Loong Air,text,Duration: 2h 20m,,True,2026-02-19T11:37:17.864170
2026-10-15,CKG,departure,17:00,NKG Nanjing,MU2738,China Eastern,text,Duration: 2h 10m,,True,2026-02-19T11:37:17.864175
2026-10-15,CKG,departure,17:00,SHE Shenyang,CZ6470,China Southern,text,Duration: 3h 15m,,True,2026-02-19T11:37:17.864180
2026-10-15,CKG,departure,17:05,HAK Haikou,HU7372,Hainan Airlines,text,Duration: 2h 10m,,True,2026-02-19T11:37:17.864186
2026-10-15,CKG,departure,17:05,NKG Nanjing,HO1694,Juneyao Airlines,text,Duration: 2h 5m,,True,2026-02-19T11:37:17.864191
2026-10-15,CKG,departure,17:05,PKX Beijing,CZ8816,China Southern,text,Duration: 2h 25m,,True,2026-02-19T11:37:17.864263
2026-10-15,CKG,departure,17:05,TYN Taiyuan,KY3006,Kunming Airlines,text,Duration: 2h 5m,,True,2026-02-19T11:37:17.864270
2026-10-15,CKG,departure,17:05,WUX Wuxi,3U8027,Sichuan Airlines,text,Duration: 2h 20m,,True,2026-02-19T11:37:17.864275
2026-10-15,CKG,departure,17:10,PEK Beijing,3U8833,Sichuan Airlines,text,Duration: 2h 40m,,True,2026-02-19T11:37:17.864281
2026-10-15,CKG,departure,17:10,YNT Yantai,QW6032,Qingdao Airlines,text,Duration: 2h 35m,,True,2026-02-19T11:37:17.864286
2026-10-15,CKG,departure,17:15,TAO Qingdao,SC4832,Shandong Airlines,text,Duration: 2h 25m,,True,2026-02-19T11:37:17.864291
2026-10-15,CKG,departure,17:20,HRB Harbin,CZ6346,China Southern,text,Duration: 3h 25m,,True,2026-02-19T11:37:17.864296
2026-10-15,CKG,departure,17:20,TSN Tianjin,PN6237,West Air (China),text,Duration: 2h 40m,,True,2026-02-19T11:37:17.864301
2026-10-15,CKG,departure,17:20,WMT Zunyi,G54785,Gestair,text,Duration: 0h 50m,,True,2026-02-19T11:37:17.864307
2026-10-15,CKG,departure,17:25,NKG Nanjing,CA4557,Air China,text,Duration: 2h 0m,,True,2026-02-19T11:37:17.864312
2026-10-15,CKG,departure,17:30,CZX Changzhou,MU2786,China Eastern,text,Duration: 1h 55m,,True,2026-02-19T11:37:17.864384
2026-10-15,CKG,departure,17:30,HGH Hangzhou,MF8478,XiamenAir,text,Duration: 2h 35m,,True,2026-02-19T11:37:17.864391
2026-10-15,CKG,departure,17:30,NGB Ningbo,OQ2357,Chongqing Airlines,text,Duration: 2h 20m,,True,2026-02-19T11:37:17.864396
2026-10-15,CKG,departure,17:30,PEK Beijing,CA4147,Air China,text,Duration: 2h 45m,,True,2026-02-19T11:37:17.864402
2026-10-15,CKG,departure,17:30,SHA Shanghai,CA4541,Air China,text,Duration: 2h 30m,,True,2026-02-19T11:37:17.864407
2026-10-15,CKG,departure,17:30,SZX Shenzhen,MU6611,China Eastern,text,Duration: 2h 25m,,True,2026-02-19T11:37:17.864413
2026-10-15,CKG,departure,17:30,VTE Vientiane,G52805,Gestair,text,Duration: 2h 35m,,True,2026-02-19T11:37:17.864418
2026-10-15,CKG,departure,17:40,CGO Zhengzhou,CZ8716,China Southern,text,Duration: 1h 45m,,True,2026-02-19T11:37:17.864423
2026-10-15,CKG,departure,17:40,MFM Macau,PN6593,West Air (China),text,Duration: 2h 20m,,True,2026-02-19T11:37:17.864429
2026-10-15,CKG,departure,17:50,SHA Shanghai,FM9420,Shanghai Airlines,text,Duration: 2h 40m,,True,2026-02-19T11:37:17.864434
2026-10-15,CKG,departure,17:55,PVG Shanghai,9C8868,Spring Airlines,text,Duration: 2h 30m,,True,2026-02-19T11:37:17.864505
2026-10-15,CKG,departure,17:55,SYX Sanya,OQ2331,Chongqing Airlines,text,Duration: 2h 40m,,True,2026-02-19T11:37:17.864512
2026-10-15,CKG,departure,17:55,WUX Wuxi,MU9776,China Eastern,text,Duration: 2h 15m,,True,2026-02-19T11:37:17.864517
2026-10-15,CKG,departure,18:00,CAN Guangzhou,HU7442,Hainan Airlines,text,Duration: 2h 10m,,True,2026-02-19T11:37:17.864522
2026-10-15,CKG,departure,18:00,PEK Beijing,CA1440,Air China,text,Duration: 2h 30m,,True,2026-02-19T11:37:17.864527
2026-10-15,CKG,departure,18:00,TNA Jinan,3U8053,Sichuan Airlines,text,Duration: 1h 55m,,True,2026-02-19T11:37:17.864532
2026-10-15,CKG,departure,18:00,TYN Taiyuan,PN6539,West Air (China),text,Duration: 2h 0m,,True,2026-02-19T11:37:17.864537
2026-10-15,CKG,departure,18:05,NGB Ningbo,MU2396,China Eastern,text,Duration: 2h 20m,,True,2026-02-19T11:37:17.864543
2026-10-15,CKG,departure,18:05,PVG Shanghai,3U8975,Sichuan Airlines,text,Duration: 2h 45m,,True,2026-02-19T11:37:17.864549
2026-10-15,CKG,departure,18:10,XMN Xiamen,MF8424,XiamenAir,text,Duration: 2h 20m,,True,2026-02-19T11:37:17.864555
2026-10-15,CKG,departure,18:15,HAK Haikou,3U8065,Sichuan Airlines,text,Duration: 2h 0m,,True,2026-02-19T11:37:17.864627
2026-10-15,CKG,departure,18:15,HGH Hangzhou,CA1762,Air China,text,Duration: 2h 25m,,True,2026-02-19T11:37:17.864634
2026-10-15,CKG,departure,18:20,FOC Fuzhou,MF8412,XiamenAir,text,Duration: 2h 15m,,True,2026-02-19T11:37:17.864639
2026-10-15,CKG,departure,18:20,HGH Hangzhou,GJ8692,Loong Air,text,Duration: 2h 10m,,True,2026-02-19T11:37:17.864645
2026-10-15,CKG,departure,18:25,YZY Zhangye,GS7594,Tianjin Airlines,text,Duration: 2h 5m,,True,2026-02-19T11:37:17.864650
2026-10-15,CKG,departure,18:30,FOC Fuzhou,MF8490,XiamenAir,text,Duration: 2h 35m,,True,2026-02-19T11:37:17.864656
2026-10-15,CKG,departure,18:30,HAK Haikou,CA4379,Air China,text,Duration: 2h 10m,,True,2026-02-19T11:37:17.864661
2026-10-15,CKG,departure,18:30,HYN Taizhou,G54509,Gestair,text,Duration: 2h 30m,,True,2026-02-19T11:37:17.864666
2026-10-15,CKG,departure,18:30,PEK Beijing,HU7368,Hainan Airlines,text,Duration: 2h 25m,,True,2026-02-19T11:37:17.864671
2026-10-15,CKG,departure,18:30,TNA Jinan,SC8816,Shandong Airlines,text,Duration: 2h 35m,,True,2026-02-19T11:37:17.864677
2026-10-15,CKG,departure,18:40,CGQ Changchun,CZ8256,China Southern,text,Duration: 3h 40m,,True,2026-02-19T11:37:17.864748
2026-10-15,CKG,departure,18:40,DXB Dubai,CA451,Air China,text,Duration: 7h 20m,,True,2026-02-19T11:37:17.864755
2026-10-15,CKG,departure,18:40,SGN Ho Chi Minh City,CA407,Air China,text,Duration: 3h 40m,,True,2026-02-19T11:37:17.864761
2026-10-15,CKG,departure,18:40,YNZ Yancheng,MF8777,XiamenAir,text,Duration: 2h 0m,,True,2026-02-19T11:37:17.864766
2026-10-15,CKG,departure,18:45,CAN Guangzhou,CZ3464,China Southern,text,Duration: 2h 0m,,True,2026-02-19T11:37:17.864772
2026-10-15,CKG,departure,18:50,XNN Xining,3U8073,Sichuan Airlines,text,Duration: 2h 5m,,True,2026-02-19T11:37:17.864777
2026-10-15,CKG,departure,18:55,DMK Bangkok,FD553,Thai AirAsia,text,Duration: 3h 5m,,True,2026-02-19T11:37:17.864782
2026-10-15,CKG,departure,18:55,KUL Kuala Lumpur,3U3773,Sichuan Airlines,text,Duration: 4h 45m,,True,2026-02-19T11:37:17.864788
2026-10-15,CKG,departure,18:55,WUH Wuhan,CA4381,Air China,text,Duration: 1h 40m,,True,2026-02-19T11:37:17.864793
2026-10-15,CKG,departure,19:00,BKI Kota Kinabalu,OQ2193,Chongqing Airlines,text,Duration: 4h 15m,,True,2026-02-19T11:37:17.864799
2026-10-15,CKG,departure,19:00,ZHA Zhanjiang,CA4359,Air China,text,Duration: 2h 10m,,True,2026-02-19T11:37:17.864870
2026-10-15,CKG,departure,19:05,IQN Qingyang,NS8068,Hebei Airlines,text,Duration: 1h 20m,,True,2026-02-19T11:37:17.864877
2026-10-15,CKG,departure,19:05,SZX Shenzhen,MF8389,XiamenAir,text,Duration: 2h 0m,,True,2026-02-19T11:37:17.864883
2026-10-15,CKG,departure,19:10,KUL Kuala Lumpur,MF8711,XiamenAir,text,Duration: 4h 45m,,True,2026-02-19T11:37:17.864888
2026-10-15,CKG,departure,19:10,NKG Nanjing,3U8045,Sichuan Airlines,text,Duration: 2h 5m,,True,2026-02-19T11:37:17.864893
2026-10-15,CKG,departure,19:10,PVG Shanghai,PN6437,West Air (China),text,Duration: 2h 10m,,True,2026-02-19T11:37:17.864899
2026-10-15,CKG,departure,19:15,LHW Lanzhou,9C6282,Spring Airlines,text,Duration: 2h 10m,,True,2026-02-19T11:37:17.864904
2026-10-15,CKG,departure,19:15,PEK Beijing,CA1412,Air China,text,Duration: 2h 30m,,True,2026-02-19T11:37:17.864909
2026-10-15,CKG,departure,19:20,SWA Jieyang,3U8015,Sichuan Airlines,text,Duration: 2h 0m,,True,2026-02-19T11:37:17.864914
2026-10-15,CKG,departure,19:20,TAO Qingdao,SC4840,Shandong Airlines,text,Duration: 2h 25m,,True,2026-02-19T11:37:17.864920
2026-10-15,CKG,departure,19:25,NKG Nanjing,ZH9592,Shenzhen Airlines,text,Duration: 1h 55m,,True,2026-02-19T11:37:17.864992
2026-10-15,CKG,departure,19:30,KMG Kunming,OQ2119,Chongqing Airlines,text,Duration: 1h 35m,,True,2026-02-19T11:37:17.865000
2026-10-15,CKG,departure,19:30,TSN Tianjin,MF8621,XiamenAir,text,Duration: 2h 25m,,True,2026-02-19T11:37:17.865005
2026-10-15,CKG,departure,19:30,XUZ Xuzhou,G54121,Gestair,text,Duration: 2h 0m,,True,2026-02-19T11:37:17.865011
2026-10-15,CKG,departure,19:35,SHA Shanghai,MU9194,China Eastern,text,Duration: 2h 20m,,True,2026-02-19T11:37:17.865016
2026-10-15,CKG,departure,19:40,CGO Zhengzhou,CZ6354,China Southern,text,Duration: 1h 45m,,True,2026-02-19T11:37:17.865021
2026-10-15,CKG,departure,19:40,INC Yinchuan,CA4269,Air China,text,Duration: 2h 20m,,True,2026-02-19T11:37:17.865026
2026-10-15,CKG,departure,19:50,PKX Beijing,MU6686,China Eastern,text,Duration: 2h 35m,,True,2026-02-19T11:37:17.865032
2026-10-15,CKG,departure,19:50,WUH Wuhan,CZ8422,China Southern,text,Duration: 1h 35m,,True,2026-02-19T11:37:17.865037
2026-10-15,CKG,departure,19:55,CAN Guangzhou,CZ3412,China Southern,text,Duration: 2h 5m,,True,2026-02-19T11:37:17.865042
2026-10-15,CKG,departure,19:55,PKX Beijing,CZ8818,China Southern,text,Duration: 2h 40m,,True,2026-02-19T11:37:17.865147
2026-10-15,CKG,departure,20:00,CSX Changsha,CA4383,Air China,text,Duration: 1h 40m,,True,2026-02-19T11:37:17.865158
2026-10-15,CKG,departure,20:00,HAK Haikou,HU7472,Hainan Airlines,text,Duration: 1h 50m,,True,2026-02-19T11:37:17.865166
2026-10-15,CKG,departure,20:00,TAO Qingdao,3U8151,Sichuan Airlines,text,Duration: 2h 10m,,True,2026-02-19T11:37:17.865173
2026-10-15,CKG,departure,20:00,WHA Wuhu,GT1118,Air Guilin,text,Duration: 2h 0m,,True,2026-02-19T11:37:17.865180
2026-10-15,CKG,departure,20:05,CAN Guangzhou,CA4353,Air China,text,Duration: 2h 20m,,True,2026-02-19T11:37:17.865186
2026-10-15,CKG,departure,20:05,HAK Haikou,PN6531,West Air (China),text,Duration: 2h 5m,,True,2026-02-19T11:37:17.865193
2026-10-15,CKG,departure,20:05,LFQ Qiaoli,G54317,Gestair,text,Duration: 1h 40m,,True,2026-02-19T11:37:17.865200
2026-10-15,CKG,departure,20:05,LHW Lanzhou,3U8019,Sichuan Airlines,text,Duration: 1h 45m,,True,2026-02-19T11:37:17.865207
2026-10-15,CKG,departure,20:05,WNZ Wenzhou,PN6433,West Air (China),text,Duration: 2h 5m,,True,2026-02-19T11:37:17.865214
2026-10-15,CKG,departure,20:10,SHA Shanghai,9C8996,Spring Airlines,text,Duration: 2h 30m,,True,2026-02-19T11:37:17.865336
2026-10-15,CKG,departure,20:10,TYN Taiyuan,3U8051,Sichuan Airlines,text,Duration: 1h 40m,,True,2026-02-19T11:37:17.865345
2026-10-15,CKG,departure,20:15,JHG Jinghong,OQ2373,Chongqing Airlines,text,Duration: 1h 55m,,True,2026-02-19T11:37:17.865351
2026-10-15,CKG,departure,20:15,SZX Shenzhen,ZH9466,Shenzhen Airlines,text,Duration: 2h 15m,,True,2026-02-19T11:37:17.865357
2026-10-15,CKG,departure,20:15,WUX Wuxi,ZH9554,Shenzhen Airlines,text,Duration: 2h 10m,,True,2026-02-19T11:37:17.865362
2026-10-15,CKG,departure,20:20,FOC Fuzhou,FU6508,Fuzhou Airline,text,Duration: 2h 35m,,True,2026-02-19T11:37:17.865367
2026-10-15,CKG,departure,20:20,PEK Beijing,CA1410,Air China,text,Duration: 2h 20m,,True,2026-02-19T11:37:17.865372
2026-10-15,CKG,departure,20:20,YIW Yiwu,OQ2391,Chongqing Airlines,text,Duration: 2h 5m,,True,2026-02-19T11:37:17.865378
2026-10-15,CKG,departure,20:25,AKU Aksu,G54684,Gestair,text,Duration: 4h 30m,,True,2026-02-19T11:37:17.865383
2026-10-15,CKG,departure,20:30,CAN Guangzhou,PN6205,West Air (China),text,Duration: 2h 5m,,True,2026-02-19T11:37:17.865388
2026-10-15,CKG,departure,20:30,ZUH Zhuhai,PN6263,West Air (China),text,Duration: 1h 50m,,True,2026-02-19T11:37:17.865487
2026-10-15,CKG,departure,20:35,CSX Changsha,CZ3826,China Southern,text,Duration: 1h 30m,,True,2026-02-19T11:37:17.865495
2026-10-15,CKG,departure,20:35,LUM Mangshi,KY3110,Kunming Airlines,text,Duration: 2h 25m,,True,2026-02-19T11:37:17.865500
2026-10-15,CKG,departure,20:35,PVG Shanghai,FM9426,Shanghai Airlines,text,Duration: 2h 40m,,True,2026-02-19T11:37:17.865506
2026-10-15,CKG,departure,20:40,PVG Shanghai,HO1248,Juneyao Airlines,text,Duration: 2h 45m,,True,2026-02-19T11:37:17.865511
2026-10-15,CKG,departure,20:50,CAN Guangzhou,3U8749,Sichuan Airlines,text,Duration: 2h 5m,,True,2026-02-19T11:37:17.865517
2026-10-15,CKG,departure,20:50,SHE Shenyang,CZ6466,China Southern,text,Duration: 3h 20m,,True,2026-02-19T11:37:17.865523
2026-10-15,CKG,departure,20:50,SZX Shenzhen,CZ5920,China Southern,text,Duration: 2h 15m,,True,2026-02-19T11:37:17.865528
2026-10-15,CKG,departure,20:55,NKG Nanjing,MU2846,China Eastern,text,Duration: 2h 20m,,True,2026-02-19T11:37:17.865534
2026-10-15,CKG,departure,20:55,SHA Shanghai,9C8998,Spring Airlines,text,Duration: 2h 30m,,True,2026-02-19T11:37:17.865540
2026-10-15,CKG,departure,21:00,SGN Ho Chi Minh City,OQ2395,Chongqing Airlines,text,Duration: 3h 40m,,True,2026-02-19T11:37:17.865635
2026-10-15,CKG,departure,21:00,SZX Shenzhen,CA4367,Air China,text,Duration: 2h 20m,,True,2026-02-19T11:37:17.865642
2026-10-15,CKG,departure,21:05,PKX Beijing,OQ2148,Chongqing Airlines,text,Duration: 2h 30m,,True,2026-02-19T11:37:17.865648
2026-10-15,CKG,departure,21:05,PVG Shanghai,HU7494,Hainan Airlines,text,Duration: 2h 40m,,True,2026-02-19T11:37:17.865653
2026-10-15,CKG,departure,21:05,TNA Jinan,3U8055,Sichuan Airlines,text,Duration: 2h 10m,,True,2026-02-19T11:37:17.865659
2026-10-15,CKG,departure,21:05,YNZ Yancheng,9C7346,Spring Airlines,text,Duration: 2h 0m,,True,2026-02-19T11:37:17.865665
2026-10-15,CKG,departure,21:10,BHY Beihai,3U8121,Sichuan Airlines,text,Duration: 1h 50m,,True,2026-02-19T11:37:17.865670
2026-10-15,CKG,departure,21:10,KHN Nanchang,PN6255,West Air (China),text,Duration: 1h 40m,,True,2026-02-19T11:37:17.865676
2026-10-15,CKG,departure,21:10,TAO Qingdao,SC4844,Shandong Airlines,text,Duration: 2h 30m,,True,2026-02-19T11:37:17.865682
2026-10-15,CKG,departure,21:10,URC Urumqi,CZ6974,China Southern,text,Duration: 4h 10m,,True,2026-02-19T11:37:17.865688
2026-10-15,CKG,departure,21:15,BKK Bangkok,OQ2361,Chongqing Airlines,text,Duration: 3h 15m,,True,2026-02-19T11:37:17.865769
2026-10-15,CKG,departure,21:15,JJN Jinjiang,MF8866,XiamenAir,text,Duration: 2h 30m,,True,2026-02-19T11:37:17.865777
2026-10-15,CKG,departure,21:15,KMG Kunming,8L9858,Lucky Air,text,Duration: 1h 35m,,True,2026-02-19T11:37:17.865782
2026-10-15,CKG,departure,21:15,PEK Beijing,CA1436,Air China,text,Duration: 2h 30m,,True,2026-02-19T11:37:17.865788
2026-10-15,CKG,departure,21:15,PVG Shanghai,Y87514,Suparna Airlines,text,Duration: 2h 25m,,True,2026-02-19T11:37:17.865793
2026-10-15,CKG,departure,21:15,WUX Wuxi,MU9786,China Eastern,text,Duration: 2h 15m,,True,2026-02-19T11:37:17.865799
2026-10-15,CKG,departure,21:20,CAN Guangzhou,OQ2325,Chongqing Airlines,text,Duration: 1h 55m,,True,2026-02-19T11:37:17.865804
2026-10-15,CKG,departure,21:20,LJG Lijiang,3U8011,Sichuan Airlines,text,Duration: 1h 35m,,True,2026-02-19T11:37:17.865811
2026-10-15,CKG,departure,21:20,NKG Nanjing,HO1692,Juneyao Airlines,text,Duration: 2h 0m,,True,2026-02-19T11:37:17.865816
2026-10-15,CKG,departure,21:20,SHA Shanghai,MU5436,China Eastern,text,Duration: 2h 5m,,True,2026-02-19T11:37:17.865822
2026-10-15,CKG,departure,21:30,CSX Changsha,BK2922,OkAir,text,Duration: 1h 35m,,True,2026-02-19T11:37:17.865939
2026-10-15,CKG,departure,21:30,HAK Haikou,HU7272,Hainan Airlines,text,Duration: 2h 10m,,True,2026-02-19T11:37:17.865954
2026-10-15,CKG,departure,21:30,PEK Beijing,HU7268,Hainan Airlines,text,Duration: 2h 25m,,True,2026-02-19T11:37:17.865964
2026-10-15,CKG,departure,21:35,CAN Guangzhou,MU6826,China Eastern,text,Duration: 2h 0m,,True,2026-02-19T11:37:17.865974
2026-10-15,CKG,departure,21:35,XIY Xian,MU2268,China Eastern,text,Duration: 1h 25m,,True,2026-02-19T11:37:17.865984
2026-10-15,CKG,departure,21:40,PVG Shanghai,HO2370,Juneyao Airlines,text,Duration: 2h 15m,,True,2026-02-19T11:37:17.865997
2026-10-15,CKG,departure,21:55,HFE Hefei,MU5484,China Eastern,text,Duration: 1h 45m,,True,2026-02-19T11:37:17.866012
2026-10-15,CKG,departure,21:55,XIY Xian,JD5078,Capital Airlines,text,Duration: 1h 30m,,True,2026-02-19T11:37:17.866019
2026-10-15,CKG,departure,22:00,HAK Haikou,HU785,Hainan Airlines,text,Duration: 2h 25m,,True,2026-02-19T11:37:17.866025
2026-10-15,CKG,departure,22:05,HGH Hangzhou,MF8474,XiamenAir,text,Duration: 2h 15m,,True,2026-02-19T11:37:17.866032
2026-10-15,CKG,departure,22:05,NTG Nantong,DZ6294,Donghai Airlines,text,Duration: 2h 15m,,True,2026-02-19T11:37:17.866147
2026-10-15,CKG,departure,22:05,PKX Beijing,CZ3260,China Southern,text,Duration: 2h 40m,,True,2026-02-19T11:37:17.866156
2026-10-15,CKG,departure,22:05,WUH Wuhan,MU2540,China Eastern,text,Duration: 1h 30m,,True,2026-02-19T11:37:17.866163
2026-10-15,CKG,departure,22:10,HAK Haikou,CZ8690,China Southern,text,Duration: 2h 5m,,True,2026-02-19T11:37:17.866170
2026-10-15,CKG,departure,22:10,KHN Nanchang,RY6682,Jiangxi Airlines,text,Duration: 1h 45m,,True,2026-02-19T11:37:17.866177
2026-10-15,CKG,departure,22:15,PKX Beijing,MU6690,China Eastern,text,Duration: 2h 20m,,True,2026-02-19T11:37:17.866183
2026-10-15,CKG,departure,22:20,SJW Shijiazhuang,9C8994,Spring Airlines,text,Duration: 2h 5m,,True,2026-02-19T11:37:17.866190
2026-10-15,CKG,departure,22:20,SZX Shenzhen,9C8616,Spring Airlines,text,Duration: 2h 5m,,True,2026-02-19T11:37:17.866196
2026-10-15,CKG,departure,22:20,SZX Shenzhen,ZH9468,Shenzhen Airlines,text,Duration: 2h 10m,,True,2026-02-19T11:37:17.866203
2026-10-15,CKG,departure,22:35,CAN Guangzhou,OQ2130,Chongqing Airlines,text,Duration: 1h 50m,,True,2026-02-19T11:37:17.866209
2026-10-15,CKG,departure,22:45,SYX Sanya,3U8061,Sichuan Airlines,text,Duration: 2h 15m,,True,2026-02-19T11:37:17.866305
2026-10-15,CKG,departure,22:50,HAK Haikou,EU2737,Chengdu Airlines,text,Duration: 2h 25m,,True,2026-02-19T11:37:17.866313
2026-10-15,CKG,departure,22:50,LUM Mangshi,DR5312,Ruili Airlines,text,Duration: 2h 20m,,True,2026-02-19T11:37:17.866319
2026-10-15,CKG,departure,22:55,NKG Nanjing,MU2836,China Eastern,text,Duration: 2h 15m,,True,2026-02-19T11:37:17.866325
2026-10-15,CKG,departure,23:00,CAN Guangzhou,AQ1102,9 Air,text,Duration: 2h 0m,,True,2026-02-19T11:37:17.866330
2026-10-15,CKG,departure,23:05,FOC Fuzhou,EU2224,Chengdu Airlines,text,Duration: 1h 50m,,True,2026-02-19T11:37:17.866336
2026-10-15,CKG,departure,23:05,HGH Hangzhou,JD5696,Capital Airlines,text,Duration: 2h 20m,,True,2026-02-19T11:37:17.866341
2026-10-15,CKG,departure,23:05,JJN Jinjiang,PN6301,West Air (China),text,Duration: 2h 25m,,True,2026-02-19T11:37:17.866346
2026-10-15,CKG,departure,23:10,TYN Taiyuan,MU6996,China Eastern,text,Duration: 1h 50m,,True,2026-02-19T11:37:17.866352
2026-10-15,CKG,departure,23:15,TNA Jinan,MU5472,China Eastern,text,Duration: 2h 5m,,True,2026-02-19T11:37:17.866357
2026-10-15,CKG,departure,23:20,HAK Haikou,GS6599,Tianjin Airlines,text,Duration: 1h 50m,,True,2026-02-19T11:37:17.866446
2026-10-15,CKG,departure,23:20,KWL Guilin,GT1070,Air Guilin,text,Duration: 1h 25m,,True,2026-02-19T11:37:17.866454
2026-10-15,CKG,departure,23:20,LJG Lijiang,8L9818,Lucky Air,text,Duration: 1h 45m,,True,2026-02-19T11:37:17.866459
2026-10-15,CKG,departure,23:20,SYX Sanya,3U3210,Sichuan Airlines,text,Duration: 2h 20m,,True,2026-02-19T11:37:17.866465
2026-10-15,CKG,departure,23:35,LJG Lijiang,JD5610,Capital Airlines,text,Duration: 1h 45m,,True,2026-02-19T11:37:17.866471
2026-10-15,CKG,departure,23:50,CAN Guangzhou,CZ3440,China Southern,text,Duration: 2h 5m,,True,2026-02-19T11:37:17.866477
2026-10-15,CKG,departure,23:55,WUH Wuhan,CZ3644,China Southern,text,Duration: 1h 30m,,True,2026-02-19T11:37:17.866482
2026-10-15,CKG,arrival,00:05,NRT Tokyo,CA434,Air China,text,Duration: 5h 40m,,True,2026-02-19T11:37:40.972016
2026-10-15,CKG,arrival,00:05,SHA Shanghai,CA4542,Air China,text,Duration: 2h 45m,,True,2026-02-19T11:37:40.972031
2026-10-15,CKG,arrival,00:05,WUA Wu Hai,G54279,Gestair,text,Duration: 2h 25m,,True,2026-02-19T11:37:40.972038
2026-10-15,CKG,arrival,00:05,PVG Shanghai,MU5433,China Eastern,text,Duration: 2h 55m,,True,2026-02-19T11:37:40.972045
2026-10-15,CKG,arrival,00:05,HTN Hotan,OQ2012,Chongqing Airlines,text,Duration: 4h 30m,,True,2026-02-19T11:37:40.972051
2026-10-15,CKG,arrival,00:05,TNA Jinan,SC8801,Shandong Airlines,text,Duration: 2h 35m,,True,2026-02-19T11:37:40.972057
2026-10-15,CKG,arrival,00:10,BKK Bangkok,3U3772,Sichuan Airlines,text,Duration: 3h 15m,,True,2026-02-19T11:37:40.972064
2026-10-15,CKG,arrival,00:10,XMN Xiamen,MF8433,XiamenAir,text,Duration: 2h 40m,,True,2026-02-19T11:37:40.972069
2026-10-15,CKG,arrival,00:10,SYX Sanya,OQ2332,Chongqing Airlines,text,Duration: 2h 30m,,True,2026-02-19T11:37:40.972075
2026-10-15,CKG,arrival,00:10,TAO Qingdao,SC4845,Shandong Airlines,text,Duration: 3h 0m,,True,2026-02-19T11:37:40.972081
2026-10-15,CKG,arrival,00:10,SYM Pu'er,TV9916,Tibet Airlines,text,Duration: 2h 0m,,True,2026-02-19T11:37:40.972189
2026-10-15,CKG,arrival,00:15,CSX Changsha,CA4384,Air China,text,Duration: 1h 35m,,True,2026-02-19T11:37:40.972197
2026-10-15,CKG,arrival,00:15,HAK Haikou,GS6600,Tianjin Airlines,text,Duration: 2h 5m,,True,2026-02-19T11:37:40.972203
2026-10-15,CKG,arrival,00:15,DLU Dali City,TV9810,Tibet Airlines,text,Duration: 2h 5m,,True,2026-02-19T11:37:40.972210
2026-10-15,CKG,arrival,00:20,XNN Xining,3U8074,Sichuan Airlines,text,Duration: 2h 10m,,True,2026-02-19T11:37:40.972216
2026-10-15,CKG,arrival,00:20,JUH Chizhou,G52830,Gestair,text,Duration: 2h 25m,,True,2026-02-19T11:37:40.972221
2026-10-15,CKG,arrival,00:20,SJW Shijiazhuang,G52658,Gestair,text,Duration: 2h 35m,,True,2026-02-19T11:37:40.972227
2026-10-15,CKG,arrival,00:20,URC Urumqi,GS6592,Tianjin Airlines,text,Duration: 4h 5m,,True,2026-02-19T11:37:40.972233
2026-10-15,CKG,arrival,00:20,SZX Shenzhen,MF8390,XiamenAir,text,Duration: 2h 10m,,True,2026-02-19T11:37:40.972239
2026-10-15,CKG,arrival,00:25,ACX Xingyi,G54680,Gestair,text,Duration: 1h 20m,,True,2026-02-19T11:37:40.972245
2026-10-15,CKG,arrival,00:25,YIN Yining,OQ2020,Chongqing Airlines,text,Duration: 4h 25m,,True,2026-02-19T11:37:40.972337
2026-10-15,CKG,arrival,00:30,KHN Nanchang,3U8182,Sichuan Airlines,text,Duration: 1h 50m,,True,2026-02-19T11:37:40.972347
2026-10-15,CKG,arrival,00:30,XIY Xian,GS7665,Tianjin Airlines,text,Duration: 1h 40m,,True,2026-02-19T11:37:40.972353
2026-10-15,CKG,arrival,00:30,CAN Guangzhou,OQ2326,Chongqing Airlines,text,Duration: 2h 10m,,True,2026-02-19T11:37:40.972359
2026-10-15,CKG,arrival,00:30,TNA Jinan,SC8817,Shandong Airlines,text,Duration: 2h 35m,,True,2026-02-19T11:37:40.972365
2026-10-15,CKG,arrival,00:35,NKG Nanjing,3U8046,Sichuan Airlines,text,Duration: 2h 10m,,True,2026-02-19T11:37:40.972370
2026-10-15,CKG,arrival,00:35,SHE Shenyang,HU7102,Hainan Airlines,text,Duration: 4h 10m,,True,2026-02-19T11:37:40.972376
2026-10-15,CKG,arrival,00:35,TNA Jinan,SC8807,Shandong Airlines,text,Duration: 2h 40m,,True,2026-02-19T11:37:40.972382
2026-10-15,CKG,arrival,00:40,JGN Jiayuguan,G54460,Gestair,text,Duration: 2h 40m,,True,2026-02-19T11:37:40.972388
2026-10-15,CKG,arrival,00:45,ZHA Zhanjiang,CA4360,Air China,text,Duration: 2h 20m,,True,2026-02-19T11:37:40.972394
2026-10-15,CKG,arrival,00:45,HYN Taizhou,G54510,Gestair,text,Duration: 2h 50m,,True,2026-02-19T11:37:40.972501
2026-10-15,CKG,arrival,00:45,CSX Changsha,OQ2030,Chongqing Airlines,text,Duration: 1h 50m,,True,2026-02-19T11:37:40.972509
2026-10-15,CKG,arrival,00:45,YIW Yiwu,OQ2392,Chongqing Airlines,text,Duration: 2h 45m,,True,2026-02-19T11:37:40.972516
2026-10-15,CKG,arrival,00:45,HFE Hefei,PN6416,West Air (China),text,Duration: 2h 15m,,True,2026-02-19T11:37:40.972522
2026-10-15,CKG,arrival,00:50,URC Urumqi,OQ2312,Chongqing Airlines,text,Duration: 3h 50m,,True,2026-02-19T11:37:40.972528
2026-10-15,CKG,arrival,00:55,PVG Shanghai,3U8976,Sichuan Airlines,text,Duration: 2h 45m,,True,2026-02-19T11:37:40.972533
2026-10-15,CKG,arrival,00:55,PEK Beijing,HU7367,Hainan Airlines,text,Duration: 2h 50m,,True,2026-02-19T11:37:40.972539
2026-10-15,CKG,arrival,00:55,SJW Shijiazhuang,PN6336,West Air (China),text,Duration: 2h 10m,,True,2026-02-19T11:37:40.972544
2026-10-15,CKG,arrival,01:00,LHW Lanzhou,3U8020,Sichuan Airlines,text,Duration: 2h 5m,,True,2026-02-19T11:37:40.972550
2026-10-15,CKG,arrival,01:00,KRL Korla,G54006,Gestair,text,Duration: 3h 40m,,True,2026-02-19T11:37:40.972555
2026-10-15,CKG,arrival,01:00,ICN Seoul,OZ353,Asiana,text,Duration: 4h 5m,,True,2026-02-19T11:37:40.972647
2026-10-15,CKG,arrival,01:00,XMN Xiamen,SC2139,Shandong Airlines,text,Duration: 2h 35m,,True,2026-02-19T11:37:40.972654
2026-10-15,CKG,arrival,01:00,NKG Nanjing,ZH9591,Shenzhen Airlines,text,Duration: 2h 25m,,True,2026-02-19T11:37:40.972660
2026-10-15,CKG,arrival,01:05,TYN Taiyuan,3U8052,Sichuan Airlines,text,Duration: 2h 25m,,True,2026-02-19T11:37:40.972666
2026-10-15,CKG,arrival,01:05,XUZ Xuzhou,G54122,Gestair,text,Duration: 2h 40m,,True,2026-02-19T11:37:40.972672
2026-10-15,CKG,arrival,01:05,DMK Bangkok,SL930,Thai Lion Air,text,Duration: 3h 10m,,True,2026-02-19T11:37:40.972677
2026-10-15,CKG,arrival,01:10,HUZ Huizhou,OQ2338,Chongqing Airlines,text,Duration: 2h 15m,,True,2026-02-19T11:37:40.972682
2026-10-15,CKG,arrival,01:15,SQD Shangrao,GS6596,Tianjin Airlines,text,Duration: 2h 35m,,True,2026-02-19T11:37:40.972688
2026-10-15,CKG,arrival,01:15,KRL Korla,PN6388,West Air (China),text,Duration: 4h 0m,,True,2026-02-19T11:37:40.972693
2026-10-15,CKG,arrival,01:15,SIN Singapore,SQ818,Singapore Airlines,text,Duration: 5h 10m,,True,2026-02-19T11:37:40.972699
2026-10-15,CKG,arrival,01:20,LJG Lijiang,3U8012,Sichuan Airlines,text,Duration: 1h 40m,,True,2026-02-19T11:37:40.972787
2026-10-15,CKG,arrival,01:25,PVG Shanghai,PN6438,West Air (China),text,Duration: 2h 55m,,True,2026-02-19T11:37:40.972794
2026-10-15,CKG,arrival,01:30,BHY Beihai,3U8122,Sichuan Airlines,text,Duration: 1h 45m,,True,2026-02-19T11:37:40.972800
2026-10-15,CKG,arrival,01:30,HAK Haikou,PN6532,West Air (China),text,Duration: 2h 20m,,True,2026-02-19T11:37:40.972806
2026-10-15,CKG,arrival,01:30,ZUH Zhuhai,PN6264,West Air (China),text,Duration: 2h 20m,,True,2026-02-19T11:37:40.972811
2026-10-15,CKG,arrival,01:35,KHG Kashi,CA4278,Air China,text,Duration: 5h 15m,,True,2026-02-19T11:37:40.972817
2026-10-15,CKG,arrival,01:35,CGO Zhengzhou,PN6274,West Air (China),text,Duration: 2h 0m,,True,2026-02-19T11:37:40.972823
2026-10-15,CKG,arrival,01:45,KHN Nanchang,PN6256,West Air (China),text,Duration: 2h 5m,,True,2026-02-19T11:37:40.972829
2026-10-15,CKG,arrival,01:55,PEK Beijing,3U8834,Sichuan Airlines,text,Duration: 2h 50m,,True,2026-02-19T11:37:40.972835
2026-10-15,CKG,arrival,01:55,TAO Qingdao,3U8152,Sichuan Airlines,text,Duration: 2h 45m,,True,2026-02-19T11:37:40.972840
2026-10-15,CKG,arrival,01:55,CAN Guangzhou,PN6206,West Air (China),text,Duration: 2h 15m,,True,2026-02-19T11:37:40.972925
2026-10-15,CKG,arrival,01:55,NKG Nanjing,PN6260,West Air (China),text,Duration: 2h 15m,,True,2026-02-19T11:37:40.972932
2026-10-15,CKG,arrival,01:55,SYX Sanya,PN6214,West Air (China),text,Duration: 2h 30m,,True,2026-02-19T11:37:40.972938
2026-10-15,CKG,arrival,01:55,SZX Shenzhen,PN6230,West Air (China),text,Duration: 2h 20m,,True,2026-02-19T11:37:40.972944
2026-10-15,CKG,arrival,01:55,URC Urumqi,PN6262,West Air (China),text,Duration: 3h 55m,,True,2026-02-19T11:37:40.972949
2026-10-15,CKG,arrival,01:55,WNZ Wenzhou,PN6434,West Air (China),text,Duration: 2h 55m,,True,2026-02-19T11:37:40.972956
2026-10-15,CKG,arrival,02:05,PVG Shanghai,9C6107,Spring Airlines,text,Duration: 3h 5m,,True,2026-02-19T11:37:40.972962
2026-10-15,CKG,arrival,03:50,SGN Ho Chi Minh City,CA408,Air China,text,Duration: 3h 30m,,True,2026-02-19T11:37:40.972968
2026-10-15,CKG,arrival,04:10,BUD Budapest,CA436,Air China,text,Duration: 10h 10m,,True,2026-02-19T11:37:40.972974
2026-10-15,CKG,arrival,05:00,HKT Phuket,3U3706,Sichuan Airlines,text,Duration: 4h 5m,,True,2026-02-19T11:37:40.972979
2026-10-15,CKG,arrival,05:00,FCO Rome,HU7992,Hainan Airlines,text,Duration: 10h 35m,,True,2026-02-19T11:37:40.973063
2026-10-15,CKG,arrival,05:00,MAD Madrid,HU728,Hainan Airlines,text,Duration: 11h 55m,,True,2026-02-19T11:37:40.973070
2026-10-15,CKG,arrival,05:00,BKK Bangkok,OQ2362,Chongqing Airlines,text,Duration: 3h 30m,,True,2026-02-19T11:37:40.973076
2026-10-15,CKG,arrival,05:15,HKT Phuket,3U3706,Sichuan Airlines,text,Duration: 3h 45m,,True,2026-02-19T11:37:40.973082
2026-10-15,CKG,arrival,05:15,KUL Kuala Lumpur,3U3774,Sichuan Airlines,text,Duration: 4h 30m,,True,2026-02-19T11:37:40.973088
2026-10-15,CKG,arrival,05:40,SIN Singapore,PN6444,West Air (China),text,Duration: 5h 0m,,True,2026-02-19T11:37:40.973094
2026-10-15,CKG,arrival,06:10,PEN Penang,OQ2196,Chongqing Airlines,text,Duration: 4h 40m,,True,2026-02-19T11:37:40.973099
2026-10-15,CKG,arrival,08:25,KMG Kunming,3U8283,Sichuan Airlines,text,Duration: 1h 45m,,True,2026-02-19T11:37:40.973106
2026-10-15,CKG,arrival,08:25,KUL Kuala Lumpur,OQ2192,Chongqing Airlines,text,Duration: 4h 55m,,True,2026-02-19T11:37:40.973112
2026-10-15,CKG,arrival,08:30,KMG Kunming,8L9857,Lucky Air,text,Duration: 1h 30m,,True,2026-02-19T11:37:40.973117
2026-10-15,CKG,arrival,08:45,BAV Baotou,G54180,Gestair,text,Duration: 2h 20m,,True,2026-02-19T11:37:40.973200
2026-10-15,CKG,arrival,08:50,SZX Shenzhen,9C8613,Spring Airlines,text,Duration: 2h 15m,,True,2026-02-19T11:37:40.973207
2026-10-15,CKG,arrival,08:50,TYN Taiyuan,KY3005,Kunming Airlines,text,Duration: 2h 0m,,True,2026-02-19T11:37:40.973213
2026-10-15,CKG,arrival,08:55,HGH Hangzhou,3U3181,Sichuan Airlines,text,Duration: 2h 20m,,True,2026-02-19T11:37:40.973218
2026-10-15,CKG,arrival,08:55,WUH Wuhan,CZ6175,China Southern,text,Duration: 1h 35m,,True,2026-02-19T11:37:40.973224
2026-10-15,CKG,arrival,09:05,CAN Guangzhou,3U8750,Sichuan Airlines,text,Duration: 2h 10m,,True,2026-02-19T11:37:40.973230
2026-10-15,CKG,arrival,09:15,CAN Guangzhou,JD5227,Capital Airlines,text,Duration: 2h 20m,,True,2026-02-19T11:37:40.973235
2026-10-15,CKG,arrival,09:20,INC Yinchuan,CA4270,Air China,text,Duration: 2h 0m,,True,2026-02-19T11:37:40.973241
2026-10-15,CKG,arrival,09:20,TSN Tianjin,GS7773,Tianjin Airlines,text,Duration: 2h 55m,,True,2026-02-19T11:37:40.973246
2026-10-15,CKG,arrival,09:20,JNG Jining,GX8892,GX Airlines,text,Duration: 2h 20m,,True,2026-02-19T11:37:40.973252
2026-10-15,CKG,arrival,09:30,TNA Jinan,3U8056,Sichuan Airlines,text,Duration: 2h 10m,,True,2026-02-19T11:37:40.973329
2026-10-15,CKG,arrival,09:30,HGH Hangzhou,GJ8691,Loong Air,text,Duration: 2h 55m,,True,2026-02-19T11:37:40.973337
2026-10-15,CKG,arrival,09:30,HAK Haikou,HU445,Hainan Airlines,text,Duration: 2h 20m,,True,2026-02-19T11:37:40.973342
2026-10-15,CKG,arrival,09:30,XIY Xian,MU2261,China Eastern,text,Duration: 1h 30m,,True,2026-02-19T11:37:40.973349
2026-10-15,CKG,arrival,09:35,LUM Mangshi,DR5311,Ruili Airlines,text,Duration: 1h 55m,,True,2026-02-19T11:37:40.973355
2026-10-15,CKG,arrival,09:35,CAN Guangzhou,HU7141,Hainan Airlines,text,Duration: 2h 10m,,True,2026-02-19T11:37:40.973361
2026-10-15,CKG,arrival,09:35,CZX Changzhou,MU2903,China Eastern,text,Duration: 2h 15m,,True,2026-02-19T11:37:40.973367
2026-10-15,CKG,arrival,09:35,KMG Kunming,MU5865,China Eastern,text,Duration: 1h 30m,,True,2026-02-19T11:37:40.973372
2026-10-15,CKG,arrival,09:40,YTY Yangzhou,9C6195,Spring Airlines,text,Duration: 2h 35m,,True,2026-02-19T11:37:40.973377
2026-10-15,CKG,arrival,09:40,SZX Shenzhen,HU7157,Hainan Airlines,text,Duration: 2h 10m,,True,2026-02-19T11:37:40.973383
2026-10-15,CKG,arrival,09:40,FOC Fuzhou,MF8411,XiamenAir,text,Duration: 2h 35m,,True,2026-02-19T11:37:40.973461
2026-10-15,CKG,arrival,09:40,XMN Xiamen,MF8403,XiamenAir,text,Duration: 2h 35m,,True,2026-02-19T11:37:40.973468
2026-10-15,CKG,arrival,09:40,WUX Wuxi,MU9765,China Eastern,text,Duration: 2h 25m,,True,2026-02-19T11:37:40.973473
2026-10-15,CKG,arrival,09:40,SIN Singapore,PN6568,West Air (China),text,Duration: 5h 0m,,True,2026-02-19T11:37:40.973479
2026-10-15,CKG,arrival,09:40,TNA Jinan,SC8803,Shandong Airlines,text,Duration: 2h 20m,,True,2026-02-19T11:37:40.973485
2026-10-15,CKG,arrival,09:40,KHN Nanchang,ZH8845,Shenzhen Airlines,text,Duration: 2h 15m,,True,2026-02-19T11:37:40.973490
2026-10-15,CKG,arrival,09:45,NNG Nanning,CZ5835,China Southern,text,Duration: 1h 40m,,True,2026-02-19T11:37:40.973496
2026-10-15,CKG,arrival,09:50,HGH Hangzhou,JD5691,Capital Airlines,text,Duration: 2h 40m,,True,2026-02-19T11:37:40.973501
2026-10-15,CKG,arrival,09:50,JJN Jinjiang,MF8611,XiamenAir,text,Duration: 2h 40m,,True,2026-02-19T11:37:40.973507
2026-10-15,CKG,arrival,09:50,TAO Qingdao,SC4831,Shandong Airlines,text,Duration: 2h 40m,,True,2026-02-19T11:37:40.973513
2026-10-15,CKG,arrival,09:50,XMN Xiamen,SC2135,Shandong Airlines,text,Duration: 2h 55m,,True,2026-02-19T11:37:40.973592
2026-10-15,CKG,arrival,09:55,HGH Hangzhou,CA1759,Air China,text,Duration: 2h 25m,,True,2026-02-19T11:37:40.973599
2026-10-15,CKG,arrival,09:55,PEK Beijing,CA1437,Air China,text,Duration: 2h 55m,,True,2026-02-19T11:37:40.973605
2026-10-15,CKG,arrival,09:55,CSX Changsha,CZ3421,China Southern,text,Duration: 1h 40m,,True,2026-02-19T11:37:40.973611
2026-10-15,CKG,arrival,10:00,CSX Changsha,BK2921,OkAir,text,Duration: 1h 50m,,True,2026-02-19T11:37:40.973617
2026-10-15,CKG,arrival,10:00,PKX Beijing,MU6681,China Eastern,text,Duration: 2h 45m,,True,2026-02-19T11:37:40.973622
2026-10-15,CKG,arrival,10:05,CAN Guangzhou,CA4354,Air China,text,Duration: 2h 0m,,True,2026-02-19T11:37:40.973628
2026-10-15,CKG,arrival,10:05,SZX Shenzhen,CA4368,Air China,text,Duration: 2h 20m,,True,2026-02-19T11:37:40.973634
2026-10-15,CKG,arrival,10:05,SYX Sanya,CZ6227,China Southern,text,Duration: 2h 40m,,True,2026-02-19T11:37:40.973639
2026-10-15,CKG,arrival,10:05,TSN Tianjin,MF8622,XiamenAir,text,Duration: 2h 45m,,True,2026-02-19T11:37:40.973645
2026-10-15,CKG,arrival,10:10,WUH Wuhan,CZ3627,China Southern,text,Duration: 1h 45m,,True,2026-02-19T11:37:40.973722
2026-10-15,CKG,arrival,10:10,DMK Bangkok,FD556,Thai AirAsia,text,Duration: 3h 10m,,True,2026-02-19T11:37:40.973729
2026-10-15,CKG,arrival,10:10,FOC Fuzhou,MF8461,XiamenAir,text,Duration: 2h 40m,,True,2026-02-19T11:37:40.973735
2026-10-15,CKG,arrival,10:20,CAN Guangzhou,CZ3463,China Southern,text,Duration: 2h 10m,,True,2026-02-19T11:37:40.973741
2026-10-15,CKG,arrival,10:20,PKX Beijing,JD5755,Capital Airlines,text,Duration: 2h 45m,,True,2026-02-19T11:37:40.973746
2026-10-15,CKG,arrival,10:25,SYX Sanya,HU7349,Hainan Airlines,text,Duration: 2h 35m,,True,2026-02-19T11:37:40.973752
2026-10-15,CKG,arrival,10:25,HGH Hangzhou,MF8471,XiamenAir,text,Duration: 2h 35m,,True,2026-02-19T11:37:40.973758
2026-10-15,CKG,arrival,10:25,NKG Nanjing,MU2925,China Eastern,text,Duration: 2h 30m,,True,2026-02-19T11:37:40.973763
2026-10-15,CKG,arrival,10:30,HAK Haikou,CZ6313,China Southern,text,Duration: 2h 25m,,True,2026-02-19T11:37:40.973769
2026-10-15,CKG,arrival,10:30,SZX Shenzhen,CZ3465,China Southern,text,Duration: 2h 20m,,True,2026-02-19T11:37:40.973776
2026-10-15,CKG,arrival,10:30,YIW Yiwu,CZ3887,China Southern,text,Duration: 2h 35m,,True,2026-02-19T11:37:40.973852
2026-10-15,CKG,arrival,10:30,PVG Shanghai,HO1249,Juneyao Airlines,text,Duration: 3h 5m,,True,2026-02-19T11:37:40.973860
2026-10-15,CKG,arrival,10:30,HFE Hefei,MU5483,China Eastern,text,Duration: 2h 5m,,True,2026-02-19T11:37:40.973866
2026-10-15,CKG,arrival,10:40,PEK Beijing,CA1431,Air China,text,Duration: 2h 40m,,True,2026-02-19T11:37:40.973871
2026-10-15,CKG,arrival,10:40,CGO Zhengzhou,CZ3479,China Southern,text,Duration: 2h 0m,,True,2026-02-19T11:37:40.973877
2026-10-15,CKG,arrival,10:40,ZUH Zhuhai,CZ8285,China Southern,text,Duration: 2h 20m,,True,2026-02-19T11:37:40.973883
2026-10-15,CKG,arrival,10:40,SJW Shijiazhuang,NS3239,Hebei Airlines,text,Duration: 2h 30m,,True,2026-02-19T11:37:40.973888
2026-10-15,CKG,arrival,10:45,TSN Tianjin,CA2861,Air China,text,Duration: 2h 55m,,True,2026-02-19T11:37:40.973894
2026-10-15,CKG,arrival,10:45,WNZ Wenzhou,CA8303,Air China,text,Duration: 2h 40m,,True,2026-02-19T11:37:40.973900
2026-10-15,CKG,arrival,10:45,WNZ Wenzhou,KN5297,China United Airlines,text,Duration: 2h 55m,,True,2026-02-19T11:37:40.973906
2026-10-15,CKG,arrival,10:45,HYN Taizhou,OQ2014,Chongqing Airlines,text,Duration: 3h 0m,,True,2026-02-19T11:37:40.974009
2026-10-15,CKG,arrival,10:45,SZX Shenzhen,ZH9461,Shenzhen Airlines,text,Duration: 2h 20m,,True,2026-02-19T11:37:40.974017
2026-10-15,CKG,arrival,10:50,NNG Nanning,3U8138,Sichuan Airlines,text,Duration: 1h 25m,,True,2026-02-19T11:37:40.974022
2026-10-15,CKG,arrival,10:50,HUZ Huizhou,OQ2344,Chongqing Airlines,text,Duration: 2h 30m,,True,2026-02-19T11:37:40.974028
2026-10-15,CKG,arrival,10:55,PEK Beijing,HU7167,Hainan Airlines,text,Duration: 2h 55m,,True,2026-02-19T11:37:40.974033
2026-10-15,CKG,arrival,11:00,PKX Beijing,CA8651,Air China,text,Duration: 3h 20m,,True,2026-02-19T11:37:40.974039
2026-10-15,CKG,arrival,11:00,HKG Hong Kong,CX928,Cathay Pacific,text,Duration: 2h 50m,,True,2026-02-19T11:37:40.974045
2026-10-15,CKG,arrival,11:00,PKX Beijing,CZ8917,China Southern,text,Duration: 2h 45m,,True,2026-02-19T11:37:40.974050
2026-10-15,CKG,arrival,11:00,NTG Nantong,DZ6293,Donghai Airlines,text,Duration: 2h 30m,,True,2026-02-19T11:37:40.974055
2026-10-15,CKG,arrival,11:00,WUX Wuxi,ZH9551,Shenzhen Airlines,text,Duration: 2h 40m,,True,2026-02-19T11:37:40.974062
2026-10-15,CKG,arrival,11:05,DLC Dalian,CZ6579,China Southern,text,Duration: 3h 35m,,True,2026-02-19T11:37:40.974144
2026-10-15,CKG,arrival,11:05,BPX Bangda,PN6216,West Air (China),text,Duration: 1h 55m,,True,2026-02-19T11:37:40.974151
2026-10-15,CKG,arrival,11:10,HAK Haikou,EU2738,Chengdu Airlines,text,Duration: 2h 5m,,True,2026-02-19T11:37:40.974156
2026-10-15,CKG,arrival,11:10,LJG Lijiang,PN6240,West Air (China),text,Duration: 1h 40m,,True,2026-02-19T11:37:40.974162
2026-10-15,CKG,arrival,11:20,NKG Nanjing,MU2663,China Eastern,text,Duration: 2h 20m,,True,2026-02-19T11:37:40.974168
2026-10-15,CKG,arrival,11:20,NTG Nantong,ZH8671,Shenzhen Airlines,text,Duration: 2h 50m,,True,2026-02-19T11:37:40.974174
2026-10-15,CKG,arrival,11:25,PKX Beijing,OQ2002,Chongqing Airlines,text,Duration: 3h 0m,,True,2026-02-19T11:37:40.974179
2026-10-15,CKG,arrival,11:35,SHA Shanghai,9C8897,Spring Airlines,text,Duration: 3h 5m,,True,2026-02-19T11:37:40.974185
2026-10-15,CKG,arrival,11:45,PVG Shanghai,9C7297,Spring Airlines,text,Duration: 2h 45m,,True,2026-02-19T11:37:40.974191
2026-10-15,CKG,arrival,11:45,PEK Beijing,CA1429,Air China,text,Duration: 2h 45m,,True,2026-02-19T11:37:40.974197
2026-10-15,CKG,arrival,11:45,FOC Fuzhou,EU2223,Chengdu Airlines,text,Duration: 2h 45m,,True,2026-02-19T11:37:40.974317
2026-10-15,CKG,arrival,11:50,SYX Sanya,3U3209,Sichuan Airlines,text,Duration: 2h 25m,,True,2026-02-19T11:37:40.974328
2026-10-15,CKG,arrival,11:50,KHN Nanchang,CA4562,Air China,text,Duration: 1h 45m,,True,2026-02-19T11:37:40.974334
2026-10-15,CKG,arrival,11:50,PVG Shanghai,CA8543,Air China,text,Duration: 2h 50m,,True,2026-02-19T11:37:40.974340
2026-10-15,CKG,arrival,11:55,SWA Jieyang,3U8006,Sichuan Airlines,text,Duration: 2h 20m,,True,2026-02-19T11:37:40.974346
2026-10-15,CKG,arrival,11:55,ZUH Zhuhai,3U8048,Sichuan Airlines,text,Duration: 2h 5m,,True,2026-02-19T11:37:40.974351
2026-10-15,CKG,arrival,11:55,SHA Shanghai,MU9195,China Eastern,text,Duration: 2h 45m,,True,2026-02-19T11:37:40.974357
2026-10-15,CKG,arrival,11:55,BPX Bangda,TV9908,Tibet Airlines,text,Duration: 1h 55m,,True,2026-02-19T11:37:40.974362
2026-10-15,CKG,arrival,12:05,SJW Shijiazhuang,PN6350,West Air (China),text,Duration: 2h 35m,,True,2026-02-19T11:37:40.974368
2026-10-15,CKG,arrival,12:15,SHE Shenyang,CZ6403,China Southern,text,Duration: 4h 0m,,True,2026-02-19T11:37:40.974375
2026-10-15,CKG,arrival,12:15,XUZ Xuzhou,G52808,Gestair,text,Duration: 2h 40m,,True,2026-02-19T11:37:40.974476
2026-10-15,CKG,arrival,12:20,AKU Aksu,G54683,Gestair,text,Duration: 4h 10m,,True,2026-02-19T11:37:40.974485
2026-10-15,CKG,arrival,12:25,XIY Xian,OQ2304,Chongqing Airlines,text,Duration: 1h 30m,,True,2026-02-19T11:37:40.974491
2026-10-15,CKG,arrival,12:25,TNA Jinan,SC8805,Shandong Airlines,text,Duration: 2h 25m,,True,2026-02-19T11:37:40.974498
2026-10-15,CKG,arrival,12:30,CGQ Changchun,CZ6363,China Southern,text,Duration: 4h 15m,,True,2026-02-19T11:37:40.974504
2026-10-15,CKG,arrival,12:35,YTY Yangzhou,3U8168,Sichuan Airlines,text,Duration: 2h 25m,,True,2026-02-19T11:37:40.974510
2026-10-15,CKG,arrival,12:35,URC Urumqi,CZ6985,China Southern,text,Duration: 3h 50m,,True,2026-02-19T11:37:40.974515
2026-10-15,CKG,arrival,12:35,KMG Kunming,OQ2118,Chongqing Airlines,text,Duration: 1h 35m,,True,2026-02-19T11:37:40.974521
2026-10-15,CKG,arrival,12:40,LXA Lhasa/Lasa,3U8634,Sichuan Airlines,text,Duration: 2h 20m,,True,2026-02-19T11:37:40.974527
2026-10-15,CKG,arrival,12:40,NKG Nanjing,3U8042,Sichuan Airlines,text,Duration: 2h 15m,,True,2026-02-19T11:37:40.974533
2026-10-15,CKG,arrival,12:40,DLU Dali City,CA4482,Air China,text,Duration: 1h 55m,,True,2026-02-19T11:37:40.974621
2026-10-15,CKG,arrival,12:40,URC Urumqi,CA780,Air China,text,Duration: 4h 10m,,True,2026-02-19T11:37:40.974628
2026-10-15,CKG,arrival,12:40,FOC Fuzhou,MF8485,XiamenAir,text,Duration: 2h 45m,,True,2026-02-19T11:37:40.974634
2026-10-15,CKG,arrival,12:45,SZX Shenzhen,3U8782,Sichuan Airlines,text,Duration: 2h 20m,,True,2026-02-19T11:37:40.974641
2026-10-15,CKG,arrival,12:45,WNZ Wenzhou,3U8034,Sichuan Airlines,text,Duration: 2h 20m,,True,2026-02-19T11:37:40.974646
2026-10-15,CKG,arrival,12:45,XMN Xiamen,MF8413,XiamenAir,text,Duration: 2h 40m,,True,2026-02-19T11:37:40.974652
2026-10-15,CKG,arrival,12:50,FOC Fuzhou,3U8104,Sichuan Airlines,text,Duration: 2h 40m,,True,2026-02-19T11:37:40.974658
2026-10-15,CKG,arrival,12:50,LXA Lhasa/Lasa,CA4419,Air China,text,Duration: 2h 30m,,True,2026-02-19T11:37:40.974664
2026-10-15,CKG,arrival,12:50,NKG Nanjing,CA4546,Air China,text,Duration: 2h 30m,,True,2026-02-19T11:37:40.974670
2026-10-15,CKG,arrival,12:50,SHA Shanghai,MU5425,China Eastern,text,Duration: 2h 45m,,True,2026-02-19T11:37:40.974676
2026-10-15,CKG,arrival,12:50,LZY Nyingchi,TV9870,Tibet Airlines,text,Duration: 2h 0m,,True,2026-02-19T11:37:40.974757
2026-10-15,CKG,arrival,12:55,NGB Ningbo,3U8110,Sichuan Airlines,text,Duration: 2h 30m,,True,2026-02-19T11:37:40.974764
2026-10-15,CKG,arrival,12:55,TSN Tianjin,3U8014,Sichuan Airlines,text,Duration: 2h 40m,,True,2026-02-19T11:37:40.974770
2026-10-15,CKG,arrival,12:55,HFE Hefei,CA4564,Air China,text,Duration: 2h 10m,,True,2026-02-19T11:37:40.974777
2026-10-15,CKG,arrival,12:55,SZX Shenzhen,CA4344,Air China,text,Duration: 2h 15m,,True,2026-02-19T11:37:40.974783
2026-10-15,CKG,arrival,12:55,YIW Yiwu,GY7277,Colorful GuiZhou Airlines,text,Duration: 2h 35m,,True,2026-02-19T11:37:40.974789
2026-10-15,CKG,arrival,13:00,KOW Ganzhou,G54922,Gestair,text,Duration: 2h 15m,,True,2026-02-19T11:37:40.974796
2026-10-15,CKG,arrival,13:00,LYG Lianyungang,G52836,Gestair,text,Duration: 2h 45m,,True,2026-02-19T11:37:40.974802
2026-10-15,CKG,arrival,13:00,WUX Wuxi,HO2013,Juneyao Airlines,text,Duration: 2h 30m,,True,2026-02-19T11:37:40.974808
2026-10-15,CKG,arrival,13:00,HAK Haikou,OQ2342,Chongqing Airlines,text,Duration: 2h 25m,,True,2026-02-19T11:37:40.974813
2026-10-15,CKG,arrival,13:05,PKX Beijing,CZ8911,China Southern,text,Duration: 3h 10m,,True,2026-02-19T11:37:40.974892
2026-10-15,CKG,arrival,13:10,HZA Heze,GJ8291,Loong Air,text,Duration: 2h 25m,,True,2026-02-19T11:37:40.974900
2026-10-15,CKG,arrival,13:20,HGH Hangzhou,3U8082,Sichuan Airlines,text,Duration: 2h 40m,,True,2026-02-19T11:37:40.974906
2026-10-15,CKG,arrival,13:20,LXA Lhasa/Lasa,TV9814,Tibet Airlines,text,Duration: 2h 30m,,True,2026-02-19T11:37:40.974912
2026-10-15,CKG,arrival,13:25,SZX Shenzhen,HU7457,Hainan Airlines,text,Duration: 2h 25m,,True,2026-02-19T11:37:40.974918
2026-10-15,CKG,arrival,13:25,SZX Shenzhen,OQ2336,Chongqing Airlines,text,Duration: 2h 40m,,True,2026-02-19T11:37:40.974924
2026-10-15,CKG,arrival,13:30,WUX Wuxi,3U8026,Sichuan Airlines,text,Duration: 2h 15m,,True,2026-02-19T11:37:40.974929
2026-10-15,CKG,arrival,13:35,ZUH Zhuhai,CA4372,Air China,text,Duration: 2h 30m,,True,2026-02-19T11:37:40.974935
2026-10-15,CKG,arrival,13:40,PEK Beijing,3U8830,Sichuan Airlines,text,Duration: 2h 45m,,True,2026-02-19T11:37:40.974941
2026-10-15,CKG,arrival,13:45,WUH Wuhan,CZ6291,China Southern,text,Duration: 1h 40m,,True,2026-02-19T11:37:40.974947
2026-10-15,CKG,arrival,13:45,SZX Shenzhen,ZH9463,Shenzhen Airlines,text,Duration: 2h 25m,,True,2026-02-19T11:37:40.975043
2026-10-15,CKG,arrival,13:50,BHY Beihai,3U8124,Sichuan Airlines,text,Duration: 1h 50m,,True,2026-02-19T11:37:40.975054
2026-10-15,CKG,arrival,13:50,PVG Shanghai,3U8972,Sichuan Airlines,text,Duration: 2h 45m,,True,2026-02-19T11:37:40.975062
2026-10-15,CKG,arrival,13:50,CAN Guangzhou,CA4362,Air China,text,Duration: 2h 20m,,True,2026-02-19T11:37:40.975069
2026-10-15,CKG,arrival,13:50,NGB Ningbo,CA4550,Air China,text,Duration: 2h 45m,,True,2026-02-19T11:37:40.975076
2026-10-15,CKG,arrival,13:50,PEK Beijing,CA4148,Air China,text,Duration: 2h 55m,,True,2026-02-19T11:37:40.975084
2026-10-15,CKG,arrival,14:00,ZAT Zhaotong,G54604,Gestair,text,Duration: 1h 10m,,True,2026-02-19T11:37:40.975091
2026-10-15,CKG,arrival,14:00,IQN Qingyang,NS8067,Hebei Airlines,text,Duration: 1h 40m,,True,2026-02-19T11:37:40.975098
2026-10-15,CKG,arrival,14:00,CAN Guangzhou,OQ2306,Chongqing Airlines,text,Duration: 2h 20m,,True,2026-02-19T11:37:40.975106
2026-10-15,CKG,arrival,14:00,TSN Tianjin,OQ2082,Chongqing Airlines,text,Duration: 3h 20m,,True,2026-02-19T11:37:40.975113
2026-10-15,CKG,arrival,14:05,DLU Dali City,OQ2348,Chongqing Airlines,text,Duration: 2h 5m,,True,2026-02-19T11:37:40.975218
2026-10-15,CKG,arrival,14:10,SYX Sanya,HU7339,Hainan Airlines,text,Duration: 2h 20m,,True,2026-02-19T11:37:40.975227
2026-10-15,CKG,arrival,14:10,KMG Kunming,MU5863,China Eastern,text,Duration: 1h 35m,,True,2026-02-19T11:37:40.975234
2026-10-15,CKG,arrival,14:10,PVG Shanghai,MU5427,China Eastern,text,Duration: 3h 15m,,True,2026-02-19T11:37:40.975239
2026-10-15,CKG,arrival,14:15,HGH Hangzhou,CA4554,Air China,text,Duration: 3h 5m,,True,2026-02-19T11:37:40.975246
2026-10-15,CKG,arrival,14:15,HAK Haikou,HU7271,Hainan Airlines,text,Duration: 2h 15m,,True,2026-02-19T11:37:40.975251
2026-10-15,CKG,arrival,14:15,TAO Qingdao,SC4835,Shandong Airlines,text,Duration: 3h 5m,,True,2026-02-19T11:37:40.975257
2026-10-15,CKG,arrival,14:20,JHG Jinghong,G54264,Gestair,text,Duration: 2h 0m,,True,2026-02-19T11:37:40.975263
2026-10-15,CKG,arrival,14:20,JJN Jinjiang,MF8865,XiamenAir,text,Duration: 2h 35m,,True,2026-02-19T11:37:40.975269
2026-10-15,CKG,arrival,14:25,INC Yinchuan,3U8284,Sichuan Airlines,text,Duration: 1h 50m,,True,2026-02-19T11:37:40.975275
2026-10-15,CKG,arrival,14:25,SHA Shanghai,MF8582,XiamenAir,text,Duration: 2h 45m,,True,2026-02-19T11:37:40.975367
2026-10-15,CKG,arrival,14:30,PEK Beijing,CA4132,Air China,text,Duration: 2h 45m,,True,2026-02-19T11:37:40.975375
2026-10-15,CKG,arrival,14:35,PKX Beijing,OQ2147,Chongqing Airlines,text,Duration: 2h 55m,,True,2026-02-19T11:37:40.975380
2026-10-15,CKG,arrival,14:40,SHA Shanghai,CA4544,Air China,text,Duration: 2h 55m,,True,2026-02-19T11:37:40.975388
2026-10-15,CKG,arrival,14:40,HGH Hangzhou,OQ2380,Chongqing Airlines,text,Duration: 3h 0m,,True,2026-02-19T11:37:40.975394
2026-10-15,CKG,arrival,14:40,TNA Jinan,PN6266,West Air (China),text,Duration: 2h 25m,,True,2026-02-19T11:37:40.975400
2026-10-15,CKG,arrival,14:45,LYA Luoyang,QW6053,Qingdao Airlines,text,Duration: 1h 45m,,True,2026-02-19T11:37:40.975406
2026-10-15,CKG,arrival,14:50,XMN Xiamen,CA4566,Air China,text,Duration: 2h 35m,,True,2026-02-19T11:37:40.975412
2026-10-15,CKG,arrival,14:50,YCU Yuncheng,MF8786,XiamenAir,text,Duration: 1h 55m,,True,2026-02-19T11:37:40.975418
2026-10-15,CKG,arrival,14:55,PVG Shanghai,CA4576,Air China,text,Duration: 2h 40m,,True,2026-02-19T11:37:40.975424
2026-10-15,CKG,arrival,14:55,XIC Xichang,G54166,Gestair,text,Duration: 1h 20m,,True,2026-02-19T11:37:40.975504
2026-10-15,CKG,arrival,14:55,KWL Guilin,GT1069,Air Guilin,text,Duration: 1h 30m,,True,2026-02-19T11:37:40.975512
2026-10-15,CKG,arrival,15:00,SHE Shenyang,3U8038,Sichuan Airlines,text,Duration: 3h 40m,,True,2026-02-19T11:37:40.975517
2026-10-15,CKG,arrival,15:00,NKG Nanjing,OQ2322,Chongqing Airlines,text,Duration: 2h 55m,,True,2026-02-19T11:37:40.975523
2026-10-15,CKG,arrival,15:05,LZH Liuzhou,G54770,Gestair,text,Duration: 2h 0m,,True,2026-02-19T11:37:40.975544
2026-10-15,CKG,arrival,15:05,CAN Guangzhou,HU7341,Hainan Airlines,text,Duration: 2h 25m,,True,2026-02-19T11:37:40.975550
2026-10-15,CKG,arrival,15:10,JGS Ji'An,9C8752,Spring Airlines,text,Duration: 1h 55m,,True,2026-02-19T11:37:40.975560
2026-10-15,CKG,arrival,15:10,INC Yinchuan,CA4268,Air China,text,Duration: 2h 0m,,True,2026-02-19T11:37:40.975567
2026-10-15,CKG,arrival,15:10,KUL Kuala Lumpur,MF8712,XiamenAir,text,Duration: 4h 30m,,True,2026-02-19T11:37:40.975577
2026-10-15,CKG,arrival,15:15,PVG Shanghai,OQ2308,Chongqing Airlines,text,Duration: 3h 15m,,True,2026-02-19T11:37:40.975583
2026-10-15,CKG,arrival,15:20,LZY Nyingchi,3U3182,Sichuan Airlines,text,Duration: 2h 20m,,True,2026-02-19T11:37:40.975668
2026-10-15,CKG,arrival,15:20,CAN Guangzhou,CZ3485,China Southern,text,Duration: 2h 10m,,True,2026-02-19T11:37:40.975675
2026-10-15,CKG,arrival,15:20,XMN Xiamen,HU7412,Hainan Airlines,text,Duration: 2h 45m,,True,2026-02-19T11:37:40.975681
2026-10-15,CKG,arrival,15:20,KHN Nanchang,ZH8853,Shenzhen Airlines,text,Duration: 2h 5m,,True,2026-02-19T11:37:40.975687
2026-10-15,CKG,arrival,15:25,SHA Shanghai,MU5429,China Eastern,text,Duration: 2h 45m,,True,2026-02-19T11:37:40.975694
2026-10-15,CKG,arrival,15:30,SZX Shenzhen,CZ3455,China Southern,text,Duration: 2h 25m,,True,2026-02-19T11:37:40.975699
2026-10-15,CKG,arrival,15:35,CAN Guangzhou,3U8748,Sichuan Airlines,text,Duration: 2h 0m,,True,2026-02-19T11:37:40.975706
2026-10-15,CKG,arrival,15:40,LJG Lijiang,8L9817,Lucky Air,text,Duration: 1h 35m,,True,2026-02-19T11:37:40.975712
2026-10-15,CKG,arrival,15:40,NKG Nanjing,CA4560,Air China,text,Duration: 2h 25m,,True,2026-02-19T11:37:40.975718
2026-10-15,CKG,arrival,15:40,PEK Beijing,CA4138,Air China,text,Duration: 2h 55m,,True,2026-02-19T11:37:40.975724
2026-10-15,CKG,arrival,15:40,SWA Jieyang,PN6386,West Air (China),text,Duration: 2h 40m,,True,2026-02-19T11:37:40.975802
2026-10-15,CKG,arrival,15:45,URC Urumqi,CZ6431,China Southern,text,Duration: 3h 55m,,True,2026-02-19T11:37:40.975809
2026-10-15,CKG,arrival,15:45,HGH Hangzhou,MF8475,XiamenAir,text,Duration: 2h 55m,,True,2026-02-19T11:37:40.975815
2026-10-15,CKG,arrival,15:45,PVG Shanghai,PN6374,West Air (China),text,Duration: 3h 5m,,True,2026-02-19T11:37:40.975821
2026-10-15,CKG,arrival,15:50,SHE Shenyang,CZ6469,China Southern,text,Duration: 3h 50m,,True,2026-02-19T11:37:40.975827
2026-10-15,CKG,arrival,15:50,UYN Yulin,GX8882,GX Airlines,text,Duration: 1h 50m,,True,2026-02-19T11:37:40.975833
2026-10-15,CKG,arrival,15:50,TCZ Tengchong,KY3006,Kunming Airlines,text,Duration: 1h 55m,,True,2026-02-19T11:37:40.975840
2026-10-15,CKG,arrival,15:50,NKG Nanjing,MU2737,China Eastern,text,Duration: 2h 10m,,True,2026-02-19T11:37:40.975846
2026-10-15,CKG,arrival,15:55,NKG Nanjing,3U8044,Sichuan Airlines,text,Duration: 2h 10m,,True,2026-02-19T11:37:40.975851
2026-10-15,CKG,arrival,15:55,NGB Ningbo,GJ8397,Loong Air,text,Duration: 2h 55m,,True,2026-02-19T11:37:40.975860
2026-10-15,CKG,arrival,15:55,LHR London,GS7966,Tianjin Airlines,text,Duration: 10h 55m,,True,2026-02-19T11:37:40.975937
2026-10-15,CKG,arrival,15:55,HAK Haikou,HU7371,Hainan Airlines,text,Duration: 2h 25m,,True,2026-02-19T11:37:40.975944
2026-10-15,CKG,arrival,16:00,PKX Beijing,CZ8815,China Southern,text,Duration: 2h 50m,,True,2026-02-19T11:37:40.975950
2026-10-15,CKG,arrival,16:00,NKG Nanjing,HO1693,Juneyao Airlines,text,Duration: 2h 25m,,True,2026-02-19T11:37:40.975955
2026-10-15,CKG,arrival,16:05,BKK Bangkok,HU424,Hainan Airlines,text,Duration: 3h 20m,,True,2026-02-19T11:37:40.975962
2026-10-15,CKG,arrival,16:05,YNT Yantai,QW6031,Qingdao Airlines,text,Duration: 3h 5m,,True,2026-02-19T11:37:40.975967
2026-10-15,CKG,arrival,16:10,TAO Qingdao,SC4833,Shandong Airlines,text,Duration: 3h 0m,,True,2026-02-19T11:37:40.975973
2026-10-15,CKG,arrival,16:15,HRB Harbin,CZ6345,China Southern,text,Duration: 4h 20m,,True,2026-02-19T11:37:40.975979
2026-10-15,CKG,arrival,16:20,CGQ Changchun,CA4016,Air China,text,Duration: 4h 5m,,True,2026-02-19T11:37:40.975985
2026-10-15,CKG,arrival,16:20,XUZ Xuzhou,G54608,Gestair,text,Duration: 2h 25m,,True,2026-02-19T11:37:40.975990
2026-10-15,CKG,arrival,16:20,CZX Changzhou,MU2785,China Eastern,text,Duration: 2h 35m,,True,2026-02-19T11:37:40.976067
2026-10-15,CKG,arrival,16:25,SZX Shenzhen,9C8615,Spring Airlines,text,Duration: 2h 30m,,True,2026-02-19T11:37:40.976074
2026-10-15,CKG,arrival,16:25,HRB Harbin,CA4012,Air China,text,Duration: 4h 25m,,True,2026-02-19T11:37:40.976080
2026-10-15,CKG,arrival,16:25,JIC Jinchang,G52750,Gestair,text,Duration: 2h 15m,,True,2026-02-19T11:37:40.976086
2026-10-15,CKG,arrival,16:30,WUX Wuxi,MU9775,China Eastern,text,Duration: 2h 30m,,True,2026-02-19T11:37:40.976091
2026-10-15,CKG,arrival,16:35,CGO Zhengzhou,CZ8715,China Southern,text,Duration: 2h 0m,,True,2026-02-19T11:37:40.976097
2026-10-15,CKG,arrival,16:40,PEK Beijing,CA1439,Air China,text,Duration: 2h 40m,,True,2026-02-19T11:37:40.976102
2026-10-15,CKG,arrival,16:40,CAN Guangzhou,HU7441,Hainan Airlines,text,Duration: 2h 10m,,True,2026-02-19T11:37:40.976108
2026-10-15,CKG,arrival,16:40,NGB Ningbo,MU2395,China Eastern,text,Duration: 2h 45m,,True,2026-02-19T11:37:40.976114
2026-10-15,CKG,arrival,16:45,SHA Shanghai,FM9419,Shanghai Airlines,text,Duration: 2h 40m,,True,2026-02-19T11:37:40.976119
2026-10-15,CKG,arrival,16:50,YNT Yantai,3U8174,Sichuan Airlines,text,Duration: 2h 55m,,True,2026-02-19T11:37:40.976195
2026-10-15,CKG,arrival,16:55,SHS Shashi,G54754,Gestair,text,Duration: 1h 30m,,True,2026-02-19T11:37:40.976203
2026-10-15,CKG,arrival,16:55,XMN Xiamen,MF8423,XiamenAir,text,Duration: 2h 40m,,True,2026-02-19T11:37:40.976208
2026-10-15,CKG,arrival,17:00,HRB Harbin,3U8166,Sichuan Airlines,text,Duration: 4h 20m,,True,2026-02-19T11:37:40.976214
2026-10-15,CKG,arrival,17:00,HGH Hangzhou,CA1761,Air China,text,Duration: 2h 50m,,True,2026-02-19T11:37:40.976219
2026-10-15,CKG,arrival,17:00,ICN Seoul,CA440,Air China,text,Duration: 3h 55m,,True,2026-02-19T11:37:40.976225
2026-10-15,CKG,arrival,17:00,AKU Aksu,OQ2008,Chongqing Airlines,text,Duration: 4h 20m,,True,2026-02-19T11:37:40.976230
2026-10-15,CKG,arrival,17:05,TAO Qingdao,SC4837,Shandong Airlines,text,Duration: 2h 55m,,True,2026-02-19T11:37:40.976236
2026-10-15,CKG,arrival,17:10,JNH Jiaxing,GJ8784,Loong Air,text,Duration: 3h 10m,,True,2026-02-19T11:37:40.976242
2026-10-15,CKG,arrival,17:15,LXA Lhasa/Lasa,MF8412,XiamenAir,text,Duration: 2h 35m,,True,2026-02-19T11:37:40.976249
2026-10-15,CKG,arrival,17:20,CSX Changsha,GS6588,Tianjin Airlines,text,Duration: 1h 30m,,True,2026-02-19T11:37:40.976324
2026-10-15,CKG,arrival,17:25,HKG Hong Kong,CA420,Air China,text,Duration: 2h 35m,,True,2026-02-19T11:37:40.976331
2026-10-15,CKG,arrival,17:25,CIH Changzhi,G52722,Gestair,text,Duration: 2h 0m,,True,2026-02-19T11:37:40.976338
2026-10-15,CKG,arrival,17:25,FOC Fuzhou,MF8489,XiamenAir,text,Duration: 2h 50m,,True,2026-02-19T11:37:40.976344
2026-10-15,CKG,arrival,17:25,KIX Osaka,MF8654,XiamenAir,text,Duration: 4h 25m,,True,2026-02-19T11:37:40.976350
2026-10-15,CKG,arrival,17:25,TNA Jinan,SC8815,Shandong Airlines,text,Duration: 2h 25m,,True,2026-02-19T11:37:40.976356
2026-10-15,CKG,arrival,17:30,CAN Guangzhou,OQ2318,Chongqing Airlines,text,Duration: 2h 25m,,True,2026-02-19T11:37:40.976363
2026-10-15,CKG,arrival,17:35,CGQ Changchun,CZ8255,China Southern,text,Duration: 4h 25m,,True,2026-02-19T11:37:40.976370
2026-10-15,CKG,arrival,17:35,CGQ Changchun,MF8038,XiamenAir,text,Duration: 4h 10m,,True,2026-02-19T11:37:40.976376
2026-10-15,CKG,arrival,17:40,KRL Korla,3U8142,Sichuan Airlines,text,Duration: 4h 5m,,True,2026-02-19T11:37:40.976384
2026-10-15,CKG,arrival,17:40,LXA Lhasa/Lasa,CZ3464,China Southern,text,Duration: 2h 40m,,True,2026-02-19T11:37:40.976461
2026-10-15,CKG,arrival,17:40,FUG Fuyang,PN6220,West Air (China),text,Duration: 2h 15m,,True,2026-02-19T11:37:40.976469
2026-10-15,CKG,arrival,17:40,SJW Shijiazhuang,PN6336,West Air (China),text,Duration: 2h 30m,,True,2026-02-19T11:37:40.976476
2026-10-15,CKG,arrival,17:50,URC Urumqi,CA4256,Air China,text,Duration: 3h 45m,,True,2026-02-19T11:37:40.976482
2026-10-15,CKG,arrival,17:50,SHA Shanghai,MU9193,China Eastern,text,Duration: 2h 40m,,True,2026-02-19T11:37:40.976488
2026-10-15,CKG,arrival,17:55,DLU Dali City,CA4486,Air China,text,Duration: 2h 0m,,True,2026-02-19T11:37:40.976495
2026-10-15,CKG,arrival,17:55,PEK Beijing,CA1411,Air China,text,Duration: 2h 55m,,True,2026-02-19T11:37:40.976502
2026-10-15,CKG,arrival,18:00,DMK Bangkok,FD552,Thai AirAsia,text,Duration: 3h 15m,,True,2026-02-19T11:37:40.976508
2026-10-15,CKG,arrival,18:00,PKX Beijing,NS8035,Hebei Airlines,text,Duration: 2h 40m,,True,2026-02-19T11:37:40.976514
2026-10-15,CKG,arrival,18:00,CGQ Changchun,OQ2078,Chongqing Airlines,text,Duration: 4h 40m,,True,2026-02-19T11:37:40.976520
2026-10-15,CKG,arrival,18:05,CSX Changsha,3U8010,Sichuan Airlines,text,Duration: 1h 40m,,True,2026-02-19T11:37:40.976600
2026-10-15,CKG,arrival,18:05,WUH Wuhan,3U8156,Sichuan Airlines,text,Duration: 1h 40m,,True,2026-02-19T11:37:40.976608
2026-10-15,CKG,arrival,18:05,LYI Linyi,OQ2364,Chongqing Airlines,text,Duration: 2h 35m,,True,2026-02-19T11:37:40.976615
2026-10-15,CKG,arrival,18:05,YIC Yichun,PN6480,West Air (China),text,Duration: 1h 50m,,True,2026-02-19T11:37:40.976621
2026-10-15,CKG,arrival,18:05,TAO Qingdao,SC4839,Shandong Airlines,text,Duration: 2h 55m,,True,2026-02-19T11:37:40.976631
2026-10-15,CKG,arrival,18:10,LHW Lanzhou,9C6281,Spring Airlines,text,Duration: 2h 15m,,True,2026-02-19T11:37:40.976638
2026-10-15,CKG,arrival,18:15,LHW Lanzhou,G54034,Gestair,text,Duration: 1h 55m,,True,2026-02-19T11:37:40.976644
2026-10-15,CKG,arrival,18:25,LLV Luliang,G52914,Gestair,text,Duration: 1h 50m,,True,2026-02-19T11:37:40.976649
2026-10-15,CKG,arrival,18:25,HAK Haikou,HU7471,Hainan Airlines,text,Duration: 2h 25m,,True,2026-02-19T11:37:40.976655
2026-10-15,CKG,arrival,18:25,KUL Kuala Lumpur,MF8688,XiamenAir,text,Duration: 4h 35m,,True,2026-02-19T11:37:40.976661
2026-10-15,CKG,arrival,18:25,HET Hohhot,OQ2176,Chongqing Airlines,text,Duration: 2h 20m,,True,2026-02-19T11:37:40.976738
2026-10-15,CKG,arrival,18:30,PKX Beijing,MU6685,China Eastern,text,Duration: 2h 50m,,True,2026-02-19T11:37:40.976746
2026-10-15,CKG,arrival,18:35,CGO Zhengzhou,CZ6353,China Southern,text,Duration: 2h 5m,,True,2026-02-19T11:37:40.976751
2026-10-15,CKG,arrival,18:40,CAN Guangzhou,CZ3411,China Southern,text,Duration: 2h 20m,,True,2026-02-19T11:37:40.976757
2026-10-15,CKG,arrival,18:45,WUH Wuhan,CZ8421,China Southern,text,Duration: 1h 50m,,True,2026-02-19T11:37:40.976763
2026-10-15,CKG,arrival,18:50,PEK Beijing,CA1409,Air China,text,Duration: 2h 50m,,True,2026-02-19T11:37:40.976768
2026-10-15,CKG,arrival,18:50,YCU Yuncheng,CA4014,Air China,text,Duration: 2h 5m,,True,2026-02-19T11:37:40.976774
2026-10-15,CKG,arrival,18:50,PKX Beijing,CZ8817,China Southern,text,Duration: 2h 50m,,True,2026-02-19T11:37:40.976780
2026-10-15,CKG,arrival,18:50,JGN Jiayuguan,G52852,Gestair,text,Duration: 2h 45m,,True,2026-02-19T11:37:40.976785
2026-10-15,CKG,arrival,18:50,"JUZ Quzhou, Zhejiang Province",G54684,Gestair,text,Duration: 2h 20m,,True,2026-02-19T11:37:40.976792
2026-10-15,CKG,arrival,18:55,WHA Wuhu,GT1117,Air Guilin,text,Duration: 2h 30m,,True,2026-02-19T11:37:40.976864
2026-10-15,CKG,arrival,18:55,HGH Hangzhou,OQ2390,Chongqing Airlines,text,Duration: 3h 0m,,True,2026-02-19T11:37:40.976871
2026-10-15,CKG,arrival,18:55,XMN Xiamen,SC2141,Shandong Airlines,text,Duration: 2h 35m,,True,2026-02-19T11:37:40.976877
2026-10-15,CKG,arrival,18:55,WUX Wuxi,ZH9553,Shenzhen Airlines,text,Duration: 2h 35m,,True,2026-02-19T11:37:40.976883
2026-10-15,CKG,arrival,19:00,CGO Zhengzhou,3U8160,Sichuan Airlines,text,Duration: 2h 0m,,True,2026-02-19T11:37:40.976889
2026-10-15,CKG,arrival,19:00,SZX Shenzhen,3U8784,Sichuan Airlines,text,Duration: 2h 30m,,True,2026-02-19T11:37:40.976896
2026-10-15,CKG,arrival,19:00,SHA Shanghai,9C8995,Spring Airlines,text,Duration: 2h 55m,,True,2026-02-19T11:37:40.976902
2026-10-15,CKG,arrival,19:00,PVG Shanghai,FM9425,Shanghai Airlines,text,Duration: 2h 55m,,True,2026-02-19T11:37:40.976909
2026-10-15,CKG,arrival,19:05,FOC Fuzhou,FU6507,Fuzhou Airline,text,Duration: 2h 40m,,True,2026-02-19T11:37:40.976914
2026-10-15,CKG,arrival,19:10,FOC Fuzhou,HU7264,Hainan Airlines,text,Duration: 3h 0m,,True,2026-02-19T11:37:40.976920
2026-10-15,CKG,arrival,19:10,WNZ Wenzhou,PN6284,West Air (China),text,Duration: 3h 0m,,True,2026-02-19T11:37:40.976993
2026-10-15,CKG,arrival,19:10,SZX Shenzhen,ZH9465,Shenzhen Airlines,text,Duration: 2h 20m,,True,2026-02-19T11:37:40.977001
2026-10-15,CKG,arrival,19:15,HFE Hefei,3U8198,Sichuan Airlines,text,Duration: 2h 15m,,True,2026-02-19T11:37:40.977006
2026-10-15,CKG,arrival,19:15,CAN Guangzhou,OQ2324,Chongqing Airlines,text,Duration: 2h 20m,,True,2026-02-19T11:37:40.977013
2026-10-15,CKG,arrival,19:15,JHG Jinghong,PN6404,West Air (China),text,Duration: 2h 0m,,True,2026-02-19T11:37:40.977019
2026-10-15,CKG,arrival,19:15,PVG Shanghai,Y87513,Suparna Airlines,text,Duration: 3h 20m,,True,2026-02-19T11:37:40.977025
2026-10-15,CKG,arrival,19:25,SYX Sanya,PN6204,West Air (China),text,Duration: 2h 20m,,True,2026-02-19T11:37:40.977031
2026-10-15,CKG,arrival,19:30,WHA Wuhu,3U8072,Sichuan Airlines,text,Duration: 2h 25m,,True,2026-02-19T11:37:40.977037
2026-10-15,CKG,arrival,19:30,CSX Changsha,CZ3825,China Southern,text,Duration: 1h 35m,,True,2026-02-19T11:37:40.977043
2026-10-15,CKG,arrival,19:30,SZX Shenzhen,OQ2346,Chongqing Airlines,text,Duration: 2h 35m,,True,2026-02-19T11:37:40.977049
2026-10-15,CKG,arrival,19:35,SZX Shenzhen,CZ5919,China Southern,text,Duration: 2h 30m,,True,2026-02-19T11:37:40.977147
2026-10-15,CKG,arrival,19:35,PVG Shanghai,HO1247,Juneyao Airlines,text,Duration: 3h 5m,,True,2026-02-19T11:37:40.977159
2026-10-15,CKG,arrival,19:35,LUM Mangshi,KY3109,Kunming Airlines,text,Duration: 1h 55m,,True,2026-02-19T11:37:40.977167
2026-10-15,CKG,arrival,19:35,SIN Singapore,OQ2096,Chongqing Airlines,text,Duration: 5h 0m,,True,2026-02-19T11:37:40.977175
2026-10-15,CKG,arrival,19:40,SIN Singapore,CA450,Air China,text,Duration: 5h 10m,,True,2026-02-19T11:37:40.977183
2026-10-15,CKG,arrival,19:45,PEK Beijing,CA1435,Air China,text,Duration: 2h 45m,,True,2026-02-19T11:37:40.977190
2026-10-15,CKG,arrival,19:45,SHE Shenyang,CZ6465,China Southern,text,Duration: 3h 50m,,True,2026-02-19T11:37:40.977197
2026-10-15,CKG,arrival,19:50,SHA Shanghai,9C8997,Spring Airlines,text,Duration: 2h 50m,,True,2026-02-19T11:37:40.977206
2026-10-15,CKG,arrival,19:50,CAN Guangzhou,CA4350,Air China,text,Duration: 2h 15m,,True,2026-02-19T11:37:40.977215
2026-10-15,CKG,arrival,19:50,NKG Nanjing,MU2845,China Eastern,text,Duration: 2h 15m,,True,2026-02-19T11:37:40.977222
2026-10-15,CKG,arrival,19:55,SHA Shanghai,MU5435,China Eastern,text,Duration: 2h 40m,,True,2026-02-19T11:37:40.977351
2026-10-15,CKG,arrival,20:00,YNZ Yancheng,9C7345,Spring Airlines,text,Duration: 2h 45m,,True,2026-02-19T11:37:40.977361
2026-10-15,CKG,arrival,20:00,PVG Shanghai,HU7493,Hainan Airlines,text,Duration: 3h 0m,,True,2026-02-19T11:37:40.977369
2026-10-15,CKG,arrival,20:00,WUX Wuxi,MU9785,China Eastern,text,Duration: 2h 40m,,True,2026-02-19T11:37:40.977377
2026-10-15,CKG,arrival,20:00,DIG Diqing,OQ2148,Chongqing Airlines,text,Duration: 1h 40m,,True,2026-02-19T11:37:40.977384
2026-10-15,CKG,arrival,20:05,HGH Hangzhou,3U8084,Sichuan Airlines,text,Duration: 2h 40m,,True,2026-02-19T11:37:40.977392
2026-10-15,CKG,arrival,20:05,URC Urumqi,CZ6973,China Southern,text,Duration: 3h 40m,,True,2026-02-19T11:37:40.977400
2026-10-15,CKG,arrival,20:05,TAO Qingdao,SC4841,Shandong Airlines,text,Duration: 2h 50m,,True,2026-02-19T11:37:40.977407
2026-10-15,CKG,arrival,20:10,CZX Changzhou,3U8098,Sichuan Airlines,text,Duration: 2h 35m,,True,2026-02-19T11:37:40.977414
2026-10-15,CKG,arrival,20:10,XMN Xiamen,3U8088,Sichuan Airlines,text,Duration: 2h 35m,,True,2026-02-19T11:37:40.977422
2026-10-15,CKG,arrival,20:10,XNN Xining,MF8866,XiamenAir,text,Duration: 2h 0m,,True,2026-02-19T11:37:40.977529
2026-10-15,CKG,arrival,20:10,LXA Lhasa/Lasa,PN6392,West Air (China),text,Duration: 2h 50m,,True,2026-02-19T11:37:40.977539
2026-10-15,CKG,arrival,20:15,NKG Nanjing,HO1691,Juneyao Airlines,text,Duration: 2h 35m,,True,2026-02-19T11:37:40.977547
2026-10-15,CKG,arrival,20:15,PEK Beijing,HU7267,Hainan Airlines,text,Duration: 2h 45m,,True,2026-02-19T11:37:40.977554
2026-10-15,CKG,arrival,20:15,TNA Jinan,SC8809,Shandong Airlines,text,Duration: 2h 20m,,True,2026-02-19T11:37:40.977562
2026-10-15,CKG,arrival,20:20,TYN Taiyuan,SC2268,Shandong Airlines,text,Duration: 2h 25m,,True,2026-02-19T11:37:40.977568
2026-10-15,CKG,arrival,20:25,ACX Xingyi,BK2954,OkAir,text,Duration: 1h 55m,,True,2026-02-19T11:37:40.977576
2026-10-15,CKG,arrival,20:25,INC Yinchuan,HU7272,Hainan Airlines,text,Duration: 2h 5m,,True,2026-02-19T11:37:40.977583
2026-10-15,CKG,arrival,20:25,LXA Lhasa/Lasa,PN6272,West Air (China),text,Duration: 2h 50m,,True,2026-02-19T11:37:40.977591
2026-10-15,CKG,arrival,20:30,CAN Guangzhou,MU6825,China Eastern,text,Duration: 2h 5m,,True,2026-02-19T11:37:40.977599
2026-10-15,CKG,arrival,20:30,XIY Xian,MU2267,China Eastern,text,Duration: 1h 40m,,True,2026-02-19T11:37:40.977697
2026-10-15,CKG,arrival,20:35,PVG Shanghai,HO2369,Juneyao Airlines,text,Duration: 3h 15m,,True,2026-02-19T11:37:40.977707
2026-10-15,CKG,arrival,20:50,CAN Guangzhou,3U8746,Sichuan Airlines,text,Duration: 1h 45m,,True,2026-02-19T11:37:40.977715
2026-10-15,CKG,arrival,20:50,LXA Lhasa/Lasa,EU2737,Chengdu Airlines,text,Duration: 2h 20m,,True,2026-02-19T11:37:40.977723
2026-10-15,CKG,arrival,20:50,XIY Xian,JD5077,Capital Airlines,text,Duration: 1h 35m,,True,2026-02-19T11:37:40.977730
2026-10-15,CKG,arrival,20:50,HFE Hefei,MU9982,China Eastern,text,Duration: 2h 5m,,True,2026-02-19T11:37:40.977737
2026-10-15,CKG,arrival,20:55,PEK Beijing,CA4142,Air China,text,Duration: 2h 40m,,True,2026-02-19T11:37:40.977746
2026-10-15,CKG,arrival,20:55,HAK Haikou,CZ8689,China Southern,text,Duration: 2h 25m,,True,2026-02-19T11:37:40.977754
2026-10-15,CKG,arrival,20:55,XMN Xiamen,HU7426,Hainan Airlines,text,Duration: 3h 5m,,True,2026-02-19T11:37:40.977762
2026-10-15,CKG,arrival,20:55,HGH Hangzhou,MF8473,XiamenAir,text,Duration: 2h 40m,,True,2026-02-19T11:37:40.977769
2026-10-15,CKG,arrival,21:00,PKX Beijing,CZ3259,China Southern,text,Duration: 2h 35m,,True,2026-02-19T11:37:40.977873
2026-10-15,CKG,arrival,21:00,YYA Yueyang,DZ6286,Donghai Airlines,text,Duration: 1h 30m,,True,2026-02-19T11:37:40.977884
2026-10-15,CKG,arrival,21:00,PKX Beijing,MU6687,China Eastern,text,Duration: 2h 45m,,True,2026-02-19T11:37:40.977891
2026-10-15,CKG,arrival,21:00,WUH Wuhan,MU2539,China Eastern,text,Duration: 1h 35m,,True,2026-02-19T11:37:40.977898
2026-10-15,CKG,arrival,21:00,CAN Guangzhou,OQ2340,Chongqing Airlines,text,Duration: 2h 45m,,True,2026-02-19T11:37:40.977904
2026-10-15,CKG,arrival,21:05,KHN Nanchang,RY6681,Jiangxi Airlines,text,Duration: 2h 10m,,True,2026-02-19T11:37:40.977910
2026-10-15,CKG,arrival,21:15,PVG Shanghai,9C8867,Spring Airlines,text,Duration: 3h 10m,,True,2026-02-19T11:37:40.977916
2026-10-15,CKG,arrival,21:15,SJW Shijiazhuang,9C8993,Spring Airlines,text,Duration: 2h 35m,,True,2026-02-19T11:37:40.977922
2026-10-15,CKG,arrival,21:15,HGH Hangzhou,JD5695,Capital Airlines,text,Duration: 3h 20m,,True,2026-02-19T11:37:40.977928
2026-10-15,CKG,arrival,21:15,TAO Qingdao,SC4843,Shandong Airlines,text,Duration: 3h 5m,,True,2026-02-19T11:37:40.977935
2026-10-15,CKG,arrival,21:15,SZX Shenzhen,ZH9467,Shenzhen Airlines,text,Duration: 2h 15m,,True,2026-02-19T11:37:40.978031
2026-10-15,CKG,arrival,21:20,TNA Jinan,SC8811,Shandong Airlines,text,Duration: 2h 15m,,True,2026-02-19T11:37:40.978039
2026-10-15,CKG,arrival,21:20,LXA Lhasa/Lasa,TV9844,Tibet Airlines,text,Duration: 2h 40m,,True,2026-02-19T11:37:40.978045
2026-10-15,CKG,arrival,21:25,HAN Hanoi,PN6424,West Air (China),text,Duration: 2h 0m,,True,2026-02-19T11:37:40.978051
2026-10-15,CKG,arrival,21:30,PEK Beijing,3U8832,Sichuan Airlines,text,Duration: 2h 45m,,True,2026-02-19T11:37:40.978058
2026-10-15,CKG,arrival,21:30,PEK Beijing,CA1449,Air China,text,Duration: 2h 45m,,True,2026-02-19T11:37:40.978064
2026-10-15,CKG,arrival,21:30,CAN Guangzhou,OQ2129,Chongqing Airlines,text,Duration: 2h 25m,,True,2026-02-19T11:37:40.978069
2026-10-15,CKG,arrival,21:30,ZUH Zhuhai,SC2266,Shandong Airlines,text,Duration: 2h 30m,,True,2026-02-19T11:37:40.978075
2026-10-15,CKG,arrival,21:35,SJW Shijiazhuang,OQ2054,Chongqing Airlines,text,Duration: 2h 30m,,True,2026-02-19T11:37:40.978081
2026-10-15,CKG,arrival,21:35,TNA Jinan,SC8813,Shandong Airlines,text,Duration: 2h 25m,,True,2026-02-19T11:37:40.978087
2026-10-15,CKG,arrival,21:35,TYN Taiyuan,SC2270,Shandong Airlines,text,Duration: 2h 0m,,True,2026-02-19T11:37:40.978177
2026-10-15,CKG,arrival,21:45,TYN Taiyuan,DR5312,Ruili Airlines,text,Duration: 1h 55m,,True,2026-02-19T11:37:40.978184
2026-10-15,CKG,arrival,21:50,PKX Beijing,CA8674,Air China,text,Duration: 2h 55m,,True,2026-02-19T11:37:40.978207
2026-10-15,CKG,arrival,21:50,CGO Zhengzhou,CZ6649,China Southern,text,Duration: 2h 0m,,True,2026-02-19T11:37:40.978213
2026-10-15,CKG,arrival,21:50,NKG Nanjing,MU2835,China Eastern,text,Duration: 2h 10m,,True,2026-02-19T11:37:40.978219
2026-10-15,CKG,arrival,21:55,CAN Guangzhou,AQ1101,9 Air,text,Duration: 2h 15m,,True,2026-02-19T11:37:40.978225
2026-10-15,CKG,arrival,21:55,HGH Hangzhou,CA4578,Air China,text,Duration: 2h 35m,,True,2026-02-19T11:37:40.978236
2026-10-15,CKG,arrival,21:55,PEK Beijing,CA4144,Air China,text,Duration: 2h 25m,,True,2026-02-19T11:37:40.978242
2026-10-15,CKG,arrival,22:00,LXA Lhasa/Lasa,3U8636,Sichuan Airlines,text,Duration: 2h 40m,,True,2026-02-19T11:37:40.978248
2026-10-15,CKG,arrival,22:00,PVG Shanghai,3U8974,Sichuan Airlines,text,Duration: 3h 5m,,True,2026-02-19T11:37:40.978254
2026-10-15,CKG,arrival,22:00,CAN Guangzhou,CA4342,Air China,text,Duration: 2h 5m,,True,2026-02-19T11:37:40.978339
2026-10-15,CKG,arrival,22:00,DHH Hami,EU2224,Chengdu Airlines,text,Duration: 3h 40m,,True,2026-02-19T11:37:40.978347
2026-10-15,CKG,arrival,22:00,CAN Guangzhou,HU7241,Hainan Airlines,text,Duration: 2h 15m,,True,2026-02-19T11:37:40.978352
2026-10-15,CKG,arrival,22:00,PEK Beijing,HU7567,Hainan Airlines,text,Duration: 3h 0m,,True,2026-02-19T11:37:40.978359
2026-10-15,CKG,arrival,22:00,WNZ Wenzhou,HU7464,Hainan Airlines,text,Duration: 3h 10m,,True,2026-02-19T11:37:40.978365
2026-10-15,CKG,arrival,22:00,TNA Jinan,PN6328,West Air (China),text,Duration: 2h 45m,,True,2026-02-19T11:37:40.978371
2026-10-15,CKG,arrival,22:05,TSN Tianjin,GS7905,Tianjin Airlines,text,Duration: 2h 50m,,True,2026-02-19T11:37:40.978377
2026-10-15,CKG,arrival,22:05,TYN Taiyuan,MU6995,China Eastern,text,Duration: 2h 5m,,True,2026-02-19T11:37:40.978384
2026-10-15,CKG,arrival,22:10,SZX Shenzhen,3U8786,Sichuan Airlines,text,Duration: 2h 15m,,True,2026-02-19T11:37:40.978389
2026-10-15,CKG,arrival,22:10,URC Urumqi,3U3210,Sichuan Airlines,text,Duration: 3h 50m,,True,2026-02-19T11:37:40.978396
2026-10-15,CKG,arrival,22:10,WNZ Wenzhou,HU7472,Hainan Airlines,text,Duration: 3h 0m,,True,2026-02-19T11:37:40.978470
2026-10-15,CKG,arrival,22:10,TNA Jinan,MU5471,China Eastern,text,Duration: 2h 35m,,True,2026-02-19T11:37:40.978478
2026-10-15,CKG,arrival,22:10,HGH Hangzhou,PN6436,West Air (China),text,Duration: 2h 35m,,True,2026-02-19T11:37:40.978483
2026-10-15,CKG,arrival,22:15,HIA Huai'an,8L9818,Lucky Air,text,Duration: 2h 35m,,True,2026-02-19T11:37:40.978490
2026-10-15,CKG,arrival,22:15,LFQ Qiaoli,G54318,Gestair,text,Duration: 2h 10m,,True,2026-02-19T11:37:40.978496
2026-10-15,CKG,arrival,22:15,TVS Tangshan,GT1070,Air Guilin,text,Duration: 2h 55m,,True,2026-02-19T11:37:40.978503
2026-10-15,CKG,arrival,22:20,SHA Shanghai,MU5431,China Eastern,text,Duration: 3h 10m,,True,2026-02-19T11:37:40.978509
2026-10-15,CKG,arrival,22:20,ZUH Zhuhai,OQ2386,Chongqing Airlines,text,Duration: 2h 40m,,True,2026-02-19T11:37:40.978516
2026-10-15,CKG,arrival,22:30,LJG Lijiang,JD5609,Capital Airlines,text,Duration: 1h 40m,,True,2026-02-19T11:37:40.978521
2026-10-15,CKG,arrival,22:35,WUX Wuxi,3U8028,Sichuan Airlines,text,Duration: 2h 15m,,True,2026-02-19T11:37:40.978528
2026-10-15,CKG,arrival,22:40,CAN Guangzhou,CZ3439,China Southern,text,Duration: 2h 5m,,True,2026-02-19T11:37:40.978603
2026-10-15,CKG,arrival,22:50,TNA Jinan,3U8054,Sichuan Airlines,text,Duration: 2h 5m,,True,2026-02-19T11:37:40.978611
2026-10-15,CKG,arrival,22:50,WUH Wuhan,CZ3643,China Southern,text,Duration: 1h 35m,,True,2026-02-19T11:37:40.978616
2026-10-15,CKG,arrival,22:50,SZX Shenzhen,HU7357,Hainan Airlines,text,Duration: 2h 40m,,True,2026-02-19T11:37:40.978622
2026-10-15,CKG,arrival,22:50,PKX Beijing,MF8453,XiamenAir,text,Duration: 2h 55m,,True,2026-02-19T11:37:40.978629
2026-10-15,CKG,arrival,22:55,NKG Nanjing,CA4558,Air China,text,Duration: 2h 25m,,True,2026-02-19T11:37:40.978635
2026-10-15,CKG,arrival,22:55,PVG Shanghai,CA4556,Air China,text,Duration: 2h 55m,,True,2026-02-19T11:37:40.978641
2026-10-15,CKG,arrival,22:55,SZX Shenzhen,CA4346,Air China,text,Duration: 2h 15m,,True,2026-02-19T11:37:40.978649
2026-10-15,CKG,arrival,22:55,TSA Taipei,CA470,Air China,text,Duration: 3h 25m,,True,2026-02-19T11:37:40.978654
2026-10-15,CKG,arrival,22:55,FOC Fuzhou,PN6276,West Air (China),text,Duration: 2h 40m,,True,2026-02-19T11:37:40.978661
2026-10-15,CKG,arrival,23:00,TSN Tianjin,CA4002,Air China,text,Duration: 2h 40m,,True,2026-02-19T11:37:40.978748
2026-10-15,CKG,arrival,23:00,XMN Xiamen,CA4568,Air China,text,Duration: 3h 10m,,True,2026-02-19T11:37:40.978756
2026-10-15,CKG,arrival,23:00,HGH Hangzhou,GS6582,Tianjin Airlines,text,Duration: 3h 10m,,True,2026-02-19T11:37:40.978762
2026-10-15,CKG,arrival,23:00,SJW Shijiazhuang,NS3242,Hebei Airlines,text,Duration: 2h 45m,,True,2026-02-19T11:37:40.978769
2026-10-15,CKG,arrival,23:00,NGB Ningbo,OQ2316,Chongqing Airlines,text,Duration: 3h 5m,,True,2026-02-19T11:37:40.978775
2026-10-15,CKG,arrival,23:05,HFE Hefei,MU5366,China Eastern,text,Duration: 2h 15m,,True,2026-02-19T11:37:40.978781
2026-10-15,CKG,arrival,23:10,PEK Beijing,CA4136,Air China,text,Duration: 2h 40m,,True,2026-02-19T11:37:40.978788
2026-10-15,CKG,arrival,23:15,XNN Xining,TV9912,Tibet Airlines,text,Duration: 2h 5m,,True,2026-02-19T11:37:40.978794
2026-10-15,CKG,arrival,23:20,URC Urumqi,GS6592,Tianjin Airlines,text,Duration: 3h 55m,,True,2026-02-19T11:37:40.978800
2026-10-15,CKG,arrival,23:20,SZX Shenzhen,MU6612,China Eastern,text,Duration: 2h 5m,,True,2026-02-19T11:37:40.978806
2026-10-15,CKG,arrival,23:20,MFM Macau,PN6594,West Air (China),text,Duration: 2h 20m,,True,2026-02-19T11:37:40.978886
2026-10-15,CKG,arrival,23:25,DLC Dalian,3U8008,Sichuan Airlines,text,Duration: 3h 15m,,True,2026-02-19T11:37:40.978894
2026-10-15,CKG,arrival,23:25,SZX Shenzhen,CZ3641,China Southern,text,Duration: 2h 30m,,True,2026-02-19T11:37:40.978900
2026-10-15,CKG,arrival,23:25,CGK Jakarta,MF8674,XiamenAir,text,Duration: 5h 45m,,True,2026-02-19T11:37:40.978906
2026-10-15,CKG,arrival,23:25,SHE Shenyang,OQ2074,Chongqing Airlines,text,Duration: 4h 25m,,True,2026-02-19T11:37:40.978912
2026-10-15,CKG,arrival,23:25,NNG Nanning,ZH9381,Shenzhen Airlines,text,Duration: 1h 45m,,True,2026-02-19T11:37:40.978919
2026-10-15,CKG,arrival,23:30,DOY Dongying,G54010,Gestair,text,Duration: 2h 55m,,True,2026-02-19T11:37:40.978924
2026-10-15,CKG,arrival,23:30,VTE Vientiane,G52806,Gestair,text,Duration: 2h 25m,,True,2026-02-19T11:37:40.978931
2026-10-15,CKG,arrival,23:30,HKG Hong Kong,HX496,Hong Kong Airlines,text,Duration: 2h 35m,,True,2026-02-19T11:37:40.978937
2026-10-15,CKG,arrival,23:30,HRB Harbin,OQ2328,Chongqing Airlines,text,Duration: 4h 35m,,True,2026-02-19T11:37:40.978943
2026-10-15,CKG,arrival,23:30,YNT Yantai,SC7654,Shandong Airlines,text,Duration: 2h 55m,,True,2026-02-19T11:37:40.979021
2026-10-15,CKG,arrival,23:30,SZX Shenzhen,ZH9469,Shenzhen Airlines,text,Duration: 2h 25m,,True,2026-02-19T11:37:40.979028
2026-10-15,CKG,arrival,23:40,HAK Haikou,3U8066,Sichuan Airlines,text,Duration: 2h 15m,,True,2026-02-19T11:37:40.979035
2026-10-15,CKG,arrival,23:40,UCB Ulanqab,G54918,Gestair,text,Duration: 2h 50m,,True,2026-02-19T11:37:40.979041
2026-10-15,CKG,arrival,23:45,WUH Wuhan,CA4382,Air China,text,Duration: 2h 10m,,True,2026-02-19T11:37:40.979047
2026-10-15,CKG,arrival,23:45,TSN Tianjin,PN6238,West Air (China),text,Duration: 2h 30m,,True,2026-02-19T11:37:40.979054
2026-10-15,CKG,arrival,23:50,HDG Handan,G54302,Gestair,text,Duration: 2h 10m,,True,2026-02-19T11:37:40.979062
2026-10-15,CKG,arrival,23:50,WUH Wuhan,MF8030,XiamenAir,text,Duration: 1h 45m,,True,2026-02-19T11:37:40.979069
2026-10-15,CKG,arrival,23:50,KMG Kunming,MU5450,China Eastern,text,Duration: 1h 30m,,True,2026-02-19T11:37:40.979075
2026-10-15,CKG,arrival,23:55,HAK Haikou,CA4380,Air China,text,Duration: 2h 0m,,True,2026-02-19T11:37:40.979082
2026-10-15,CKG,arrival,23:55,SHA Shanghai,CA4542,Air China,text,Duration: 2h 35m,,True,2026-02-19T11:37:40.979168
2026-10-15,CKG,arrival,23:55,WMT Zunyi,G54786,Gestair,text,Duration: 0h 40m,,True,2026-02-19T11:37:40.979175
2026-10-15,CKG,arrival,23:55,HGH Hangzhou,MF8477,XiamenAir,text,Duration: 2h 40m,,True,2026-02-19T11:37:40.979181
