date,airport,direction,time,destination,flight,airline,airline_source,duration,aircraft,page_date_verified,scraped_at
2026-04-23,CAN,departure,00:10,IST Istanbul,CZ8065,China Southern,text,Duration: 11h 5m,,True,2026-02-17T12:17:43.906033
2026-04-23,CAN,departure,00:10,DMK Bangkok,FD531,Thai AirAsia,text,Duration: 2h 45m,,True,2026-02-17T12:17:43.906043
2026-04-23,CAN,departure,00:20,DXB Dubai,EK363,Emirates,text,Duration: 8h 10m,,True,2026-02-17T12:17:43.906049
2026-04-23,CAN,departure,00:25,BKI Kota Kinabalu,AK1535,AirAsia,text,Duration: 3h 10m,,True,2026-02-17T12:17:43.906055
2026-04-23,CAN,departure,00:25,CDG Paris,CZ347,China Southern,text,Duration: 12h 35m,,True,2026-02-17T12:17:43.906060
2026-04-23,CAN,departure,00:30,ADD Addis Ababa,ET607,Ethiopian,text,Duration: 10h 50m,,True,2026-02-17T12:17:43.906066
2026-04-23,CAN,departure,00:35,AKL Auckland,CZ305,China Southern,text,Duration: 11h 0m,,True,2026-02-17T12:17:43.906071
2026-04-23,CAN,departure,00:55,BUD Budapest,CZ649,China Southern,text,Duration: 12h 5m,,True,2026-02-17T12:17:43.906076
2026-04-23,CAN,departure,00:55,SYD Sydney,CZ8091,China Southern,text,Duration: 9h 40m,,True,2026-02-17T12:17:43.906081
2026-04-23,CAN,departure,01:15,POM Port Moresby,CZ5055,China Southern,text,Duration: 7h 15m,,True,2026-02-17T12:17:43.906087
2026-04-23,CAN,departure,01:15,ICN Seoul,OZ358,Asiana,text,Duration: 3h 30m,,True,2026-02-17T12:17:43.906093
2026-04-23,CAN,departure,01:20,SIN Singapore,SQ853,Singapore Airlines,text,Duration: 4h 10m,,True,2026-02-17T12:17:43.906098
2026-04-23,CAN,departure,01:25,LGW London,CZ689,China Southern,text,Duration: 12h 40m,,True,2026-02-17T12:17:43.906104
2026-04-23,CAN,departure,01:35,KUL Kuala Lumpur,AK119,AirAsia,text,Duration: 4h 10m,,True,2026-02-17T12:17:43.906109
2026-04-23,CAN,departure,01:35,DOH Doha,QR875,Qatar Airways,text,Duration: 8h 45m,,True,2026-02-17T12:17:43.906115
2026-04-23,CAN,departure,02:05,DPS Denpasar,8B968,TransNusa,text,Duration: 5h 15m,,True,2026-02-17T12:17:43.906120
2026-04-23,CAN,departure,02:10,MDC Manado,8B168,TransNusa,text,Duration: 3h 55m,,True,2026-02-17T12:17:43.906125
2026-04-23,CAN,departure,02:30,CGK Jakarta,8B861,TransNusa,text,Duration: 5h 5m,,True,2026-02-17T12:17:43.906131
2026-04-23,CAN,departure,02:30,SGN Ho Chi Minh City,VJ3909,VietJet,text,Duration: 2h 40m,,True,2026-02-17T12:17:43.906137
2026-04-23,CAN,departure,02:35,DPS Denpasar,CZ8481,China Southern,text,Duration: 5h 10m,,True,2026-02-17T12:17:43.906143
2026-04-23,CAN,departure,02:45,DMK Bangkok,SL901,Thai Lion Air,text,Duration: 3h 0m,,True,2026-02-17T12:17:43.906148
2026-04-23,CAN,departure,03:05,JHB Johor Bharu,AK1395,AirAsia,text,Duration: 3h 55m,,True,2026-02-17T12:17:43.906153
2026-04-23,CAN,departure,03:10,KUL Kuala Lumpur,OD613,Batik Air,text,Duration: 4h 5m,,True,2026-02-17T12:17:43.906159
2026-04-23,CAN,departure,03:30,HAN Hanoi,VJ7527,VietJet,text,Duration: 1h 55m,,True,2026-02-17T12:17:43.906166
2026-04-23,CAN,departure,03:50,KTI Phnom Penh,KR938,Cambodia Airways,text,Duration: 2h 50m,,True,2026-02-17T12:17:43.906174
2026-04-23,CAN,departure,04:00,BGW Baghdad,IA474,Iraqi Airways,text,Duration: 9h 20m,,True,2026-02-17T12:17:43.906180
2026-04-23,CAN,departure,04:35,TAS Tashkent,C6512,Centrum Air,text,Duration: 7h 20m,,True,2026-02-17T12:17:43.906185
2026-04-23,CAN,departure,04:50,KWI Kuwait,KU420,Kuwait Airways,text,Duration: 9h 30m,,True,2026-02-17T12:17:43.906190
2026-04-23,CAN,departure,05:00,DEL Delhi,6E1702,IndiGo,text,Duration: 5h 45m,,True,2026-02-17T12:17:43.906196
2026-04-23,CAN,departure,05:00,DAC Dhaka,BS326,US-Bangla Airlines,text,Duration: 3h 50m,,True,2026-02-17T12:17:43.906201
2026-04-23,CAN,departure,05:00,HKG Hong Kong,CX953,Cathay Pacific,text,Duration: 1h 25m,,True,2026-02-17T12:17:43.906206
2026-04-23,CAN,departure,05:00,KTI Phnom Penh,K6611,Air Cambodia,text,Duration: 2h 50m,,True,2026-02-17T12:17:43.906212
2026-04-23,CAN,departure,05:15,CCU Kolkata,6E1704,IndiGo,text,Duration: 4h 45m,,True,2026-02-17T12:17:43.906217
2026-04-23,CAN,departure,05:55,KTI Phnom Penh,9C7007,Spring Airlines,text,Duration: 3h 5m,,True,2026-02-17T12:17:43.906222
2026-04-23,CAN,departure,06:10,JUH Chizhou,AQ1155,9 Air,text,Duration: 2h 10m,,True,2026-02-17T12:17:43.906228
2026-04-23,CAN,departure,06:10,XUZ Xuzhou,GJ8059,Loong Air,text,Duration: 2h 20m,,True,2026-02-17T12:17:43.906233
2026-04-23,CAN,departure,06:15,BKK Bangkok,9C8893,Spring Airlines,text,Duration: 3h 5m,,True,2026-02-17T12:17:43.906238
2026-04-23,CAN,departure,06:15,DZH Dazhou,CZ3263,China Southern,text,Duration: 2h 25m,,True,2026-02-17T12:17:43.906243
2026-04-23,CAN,departure,06:20,XIY Xian,AQ1105,9 Air,text,Duration: 2h 30m,,True,2026-02-17T12:17:43.906248
2026-04-23,CAN,departure,06:20,CGO Zhengzhou,GJ8583,Loong Air,text,Duration: 2h 25m,,True,2026-02-17T12:17:43.906253
2026-04-23,CAN,departure,06:20,ENH Enshi,GJ6031,Loong Air,text,Duration: 1h 50m,,True,2026-02-17T12:17:43.906258
2026-04-23,CAN,departure,06:25,SZH Shuozhou,AQ1723,9 Air,text,Duration: 3h 15m,,True,2026-02-17T12:17:43.906264
2026-04-23,CAN,departure,06:25,PEK Beijing,CA1386,Air China,text,Duration: 3h 10m,,True,2026-02-17T12:17:43.906269
2026-04-23,CAN,departure,06:25,HGH Hangzhou,GJ8860,Loong Air,text,Duration: 2h 10m,,True,2026-02-17T12:17:43.906274
2026-04-23,CAN,departure,06:25,WEH Weihai,MU6895,China Eastern,text,Duration: 3h 20m,,True,2026-02-17T12:17:43.906279
2026-04-23,CAN,departure,06:30,CNX Chiang Mai,9C8933,Spring Airlines,text,Duration: 3h 0m,,True,2026-02-17T12:17:43.906285
2026-04-23,CAN,departure,06:30,SHA Shanghai,9C6884,Spring Airlines,text,Duration: 2h 0m,,True,2026-02-17T12:17:43.906290
2026-04-23,CAN,departure,06:30,SYX Sanya,CZ6748,China Southern,text,Duration: 1h 50m,,True,2026-02-17T12:17:43.906295
2026-04-23,CAN,departure,06:30,HET Hohhot,GJ8567,Loong Air,text,Duration: 3h 15m,,True,2026-02-17T12:17:43.906300
2026-04-23,CAN,departure,06:30,SJW Shijiazhuang,JD5355,Capital Airlines,text,Duration: 2h 30m,,True,2026-02-17T12:17:43.906305
2026-04-23,CAN,departure,06:30,KMG Kunming,MU6823,China Eastern,text,Duration: 2h 25m,,True,2026-02-17T12:17:43.906445
2026-04-23,CAN,departure,06:35,NGB Ningbo,AQ1045,9 Air,text,Duration: 2h 10m,,True,2026-02-17T12:17:43.906461
2026-04-23,CAN,departure,06:35,WUX Wuxi,AQ1055,9 Air,text,Duration: 2h 10m,,True,2026-02-17T12:17:43.906470
2026-04-23,CAN,departure,06:35,PVG Shanghai,HU7431,Hainan Airlines,text,Duration: 2h 20m,,True,2026-02-17T12:17:43.906475
2026-04-23,CAN,departure,06:40,SJW Shijiazhuang,9C8899,Spring Airlines,text,Duration: 2h 55m,,True,2026-02-17T12:17:43.906480
2026-04-23,CAN,departure,06:40,SHA Shanghai,HO1854,Juneyao Airlines,text,Duration: 2h 25m,,True,2026-02-17T12:17:43.906485
2026-04-23,CAN,departure,06:40,WUH Wuhan,MU6733,China Eastern,text,Duration: 1h 50m,,True,2026-02-17T12:17:43.906491
2026-04-23,CAN,departure,06:40,HYN Taizhou,ZH8989,Shenzhen Airlines,text,Duration: 1h 55m,,True,2026-02-17T12:17:43.906496
2026-04-23,CAN,departure,06:40,LYI Linyi,ZH8947,Shenzhen Airlines,text,Duration: 2h 35m,,True,2026-02-17T12:17:43.906501
2026-04-23,CAN,departure,06:45,LHW Lanzhou,9C7395,Spring Airlines,text,Duration: 3h 30m,,True,2026-02-17T12:17:43.906506
2026-04-23,CAN,departure,06:45,PVG Shanghai,AQ1005,9 Air,text,Duration: 2h 30m,,True,2026-02-17T12:17:43.906511
2026-04-23,CAN,departure,06:45,WHA Wuhu,CZ5839,China Southern,text,Duration: 2h 5m,,True,2026-02-17T12:17:43.906516
2026-04-23,CAN,departure,06:45,XNN Xining,CZ3249,China Southern,text,Duration: 3h 25m,,True,2026-02-17T12:17:43.906522
2026-04-23,CAN,departure,06:45,WUX Wuxi,ZH9821,Shenzhen Airlines,text,Duration: 2h 25m,,True,2026-02-17T12:17:43.906528
2026-04-23,CAN,departure,06:50,JHG Jinghong,AQ1041,9 Air,text,Duration: 3h 0m,,True,2026-02-17T12:17:43.906535
2026-04-23,CAN,departure,06:50,WEF Weifang,AQ1721,9 Air,text,Duration: 2h 55m,,True,2026-02-17T12:17:43.906546
2026-04-23,CAN,departure,06:50,LZO Luzhou,CA4352,Air China,text,Duration: 2h 15m,,True,2026-02-17T12:17:43.906552
2026-04-23,CAN,departure,06:50,DOY Dongying,HU7259,Hainan Airlines,text,Duration: 2h 55m,,True,2026-02-17T12:17:43.906557
2026-04-23,CAN,departure,06:50,ALA Almaty,KC188,Air Astana,text,Duration: 6h 35m,,True,2026-02-17T12:17:43.906563
2026-04-23,CAN,departure,06:50,XIY Xian,MU6955,China Eastern,text,Duration: 2h 20m,,True,2026-02-17T12:17:43.906569
2026-04-23,CAN,departure,06:50,TAO Qingdao,ZH9995,Shenzhen Airlines,text,Duration: 3h 10m,,True,2026-02-17T12:17:43.906577
2026-04-23,CAN,departure,06:50,WNZ Wenzhou,ZH9961,Shenzhen Airlines,text,Duration: 1h 40m,,True,2026-02-17T12:17:43.906582
2026-04-23,CAN,departure,06:55,CKG Chongqing,3U8750,Sichuan Airlines,text,Duration: 2h 10m,,True,2026-02-17T12:17:43.906587
2026-04-23,CAN,departure,06:55,KMG Kunming,3U8206,Sichuan Airlines,text,Duration: 2h 5m,,True,2026-02-17T12:17:43.906593
2026-04-23,CAN,departure,06:55,NKG Nanjing,AQ1033,9 Air,text,Duration: 2h 15m,,True,2026-02-17T12:17:43.906598
2026-04-23,CAN,departure,06:55,TSN Tianjin,BK2787,OkAir,text,Duration: 3h 0m,,True,2026-02-17T12:17:43.906603
2026-04-23,CAN,departure,06:55,DLU Dali City,CZ3481,China Southern,text,Duration: 2h 50m,,True,2026-02-17T12:17:43.906609
2026-04-23,CAN,departure,06:55,CKG Chongqing,JD5227,Capital Airlines,text,Duration: 2h 20m,,True,2026-02-17T12:17:43.906615
2026-04-23,CAN,departure,07:00,KMG Kunming,CZ3497,China Southern,text,Duration: 2h 35m,,True,2026-02-17T12:17:43.906620
2026-04-23,CAN,departure,07:00,LZY Nyingchi,CZ3477,China Southern,text,Duration: 3h 40m,,True,2026-02-17T12:17:43.906625
2026-04-23,CAN,departure,07:00,SHA Shanghai,CZ3533,China Southern,text,Duration: 2h 20m,,True,2026-02-17T12:17:43.906630
2026-04-23,CAN,departure,07:00,YTY Yangzhou,CZ5905,China Southern,text,Duration: 2h 20m,,True,2026-02-17T12:17:43.906635
2026-04-23,CAN,departure,07:05,TFU Chengdu,3U6706,Sichuan Airlines,text,Duration: 2h 15m,,True,2026-02-17T12:17:43.906640
2026-04-23,CAN,departure,07:05,KWE Guiyang,CZ8802,China Southern,text,Duration: 2h 0m,,True,2026-02-17T12:17:43.906645
2026-04-23,CAN,departure,07:05,LJG Lijiang,CZ6603,China Southern,text,Duration: 3h 10m,,True,2026-02-17T12:17:43.906651
2026-04-23,CAN,departure,07:05,XMN Xiamen,CZ3723,China Southern,text,Duration: 1h 25m,,True,2026-02-17T12:17:43.906655
2026-04-23,CAN,departure,07:05,HGH Hangzhou,HU7161,Hainan Airlines,text,Duration: 2h 0m,,True,2026-02-17T12:17:43.906660
2026-04-23,CAN,departure,07:05,NKG Nanjing,HU7113,Hainan Airlines,text,Duration: 2h 15m,,True,2026-02-17T12:17:43.906665
2026-04-23,CAN,departure,07:10,YCU Yuncheng,CA4594,Air China,text,Duration: 2h 30m,,True,2026-02-17T12:17:43.906671
2026-04-23,CAN,departure,07:10,AKA Ankang,CZ6463,China Southern,text,Duration: 2h 25m,,True,2026-02-17T12:17:43.906678
2026-04-23,CAN,departure,07:10,TAO Qingdao,CZ3199,China Southern,text,Duration: 3h 20m,,True,2026-02-17T12:17:43.906684
2026-04-23,CAN,departure,07:10,YIH Yichang,CZ3311,China Southern,text,Duration: 1h 55m,,True,2026-02-17T12:17:43.906692
2026-04-23,CAN,departure,07:10,HGH Hangzhou,JD5269,Capital Airlines,text,Duration: 1h 35m,,True,2026-02-17T12:17:43.906698
2026-04-23,CAN,departure,07:10,NKG Nanjing,ZH9861,Shenzhen Airlines,text,Duration: 2h 15m,,True,2026-02-17T12:17:43.906725
2026-04-23,CAN,departure,07:15,NNG Nanning,CZ3295,China Southern,text,Duration: 1h 40m,,True,2026-02-17T12:17:43.906745
2026-04-23,CAN,departure,07:15,TFU Chengdu,CZ3403,China Southern,text,Duration: 2h 25m,,True,2026-02-17T12:17:43.906751
2026-04-23,CAN,departure,07:15,WDS Shiyan,CZ3335,China Southern,text,Duration: 2h 20m,,True,2026-02-17T12:17:43.906759
2026-04-23,CAN,departure,07:15,XIY Xian,CZ3201,China Southern,text,Duration: 2h 30m,,True,2026-02-17T12:17:43.906767
2026-04-23,CAN,departure,07:15,PEK Beijing,ZH9147,Shenzhen Airlines,text,Duration: 3h 5m,,True,2026-02-17T12:17:43.906772
2026-04-23,CAN,departure,07:20,TSN Tianjin,CA4547,Air China,text,Duration: 3h 5m,,True,2026-02-17T12:17:43.906777
2026-04-23,CAN,departure,07:20,FOC Fuzhou,CZ3505,China Southern,text,Duration: 1h 50m,,True,2026-02-17T12:17:43.906940
2026-04-23,CAN,departure,07:20,XIY Xian,HU7828,Hainan Airlines,text,Duration: 2h 45m,,True,2026-02-17T12:17:43.906950
2026-04-23,CAN,departure,07:20,JHG Jinghong,OQ2103,Chongqing Airlines,text,Duration: 3h 15m,,True,2026-02-17T12:17:43.906958
2026-04-23,CAN,departure,07:25,URC Urumqi,AQ1061,9 Air,text,Duration: 5h 35m,,True,2026-02-17T12:17:43.906965
2026-04-23,CAN,departure,07:25,CKG Chongqing,HU7141,Hainan Airlines,text,Duration: 2h 10m,,True,2026-02-17T12:17:43.906972
2026-04-23,CAN,departure,07:30,HAK Haikou,CZ6772,China Southern,text,Duration: 1h 20m,,True,2026-02-17T12:17:43.906978
2026-04-23,CAN,departure,07:30,PVG Shanghai,MU5320,China Eastern,text,Duration: 2h 5m,,True,2026-02-17T12:17:43.906984
2026-04-23,CAN,departure,07:35,DLC Dalian,CZ3604,China Southern,text,Duration: 3h 40m,,True,2026-02-17T12:17:43.906992
2026-04-23,CAN,departure,07:35,NGB Ningbo,CZ3777,China Southern,text,Duration: 2h 5m,,True,2026-02-17T12:17:43.907001
2026-04-23,CAN,departure,07:35,WNZ Wenzhou,CZ3811,China Southern,text,Duration: 1h 50m,,True,2026-02-17T12:17:43.907012
2026-04-23,CAN,departure,07:35,URC Urumqi,HU7223,Hainan Airlines,text,Duration: 5h 15m,,True,2026-02-17T12:17:43.907019
2026-04-23,CAN,departure,07:35,TSN Tianjin,JD5185,Capital Airlines,text,Duration: 3h 20m,,True,2026-02-17T12:17:43.907026
2026-04-23,CAN,departure,07:35,PKX Beijing,MU6302,China Eastern,text,Duration: 2h 50m,,True,2026-02-17T12:17:43.907033
2026-04-23,CAN,departure,07:35,DLU Dali City,OQ2039,Chongqing Airlines,text,Duration: 3h 10m,,True,2026-02-17T12:17:43.907039
2026-04-23,CAN,departure,07:40,ALG Algiers,AH3181,Air Algerie,text,Duration: 14h 55m,,True,2026-02-17T12:17:43.907046
2026-04-23,CAN,departure,07:40,TAO Qingdao,AQ1019,9 Air,text,Duration: 3h 5m,,True,2026-02-17T12:17:43.907053
2026-04-23,CAN,departure,07:40,SHA Shanghai,HU7131,Hainan Airlines,text,Duration: 2h 30m,,True,2026-02-17T12:17:43.907060
2026-04-23,CAN,departure,07:40,SYX Sanya,HU7308,Hainan Airlines,text,Duration: 1h 45m,,True,2026-02-17T12:17:43.907066
2026-04-23,CAN,departure,07:40,LUM Mangshi,OQ2025,Chongqing Airlines,text,Duration: 3h 15m,,True,2026-02-17T12:17:43.907073
2026-04-23,CAN,departure,07:45,HET Hohhot,CZ3197,China Southern,text,Duration: 3h 10m,,True,2026-02-17T12:17:43.907080
2026-04-23,CAN,departure,07:45,WUX Wuxi,MU2908,China Eastern,text,Duration: 2h 10m,,True,2026-02-17T12:17:43.907086
2026-04-23,CAN,departure,07:45,CZX Changzhou,ZH9653,Shenzhen Airlines,text,Duration: 2h 20m,,True,2026-02-17T12:17:43.907093
2026-04-23,CAN,departure,07:45,YTY Yangzhou,ZH8905,Shenzhen Airlines,text,Duration: 2h 20m,,True,2026-02-17T12:17:43.907100
2026-04-23,CAN,departure,07:50,WUX Wuxi,CZ3913,China Southern,text,Duration: 2h 35m,,True,2026-02-17T12:17:43.907107
2026-04-23,CAN,departure,07:50,KMG Kunming,HU7207,Hainan Airlines,text,Duration: 2h 35m,,True,2026-02-17T12:17:43.907113
2026-04-23,CAN,departure,07:50,PEK Beijing,HU7802,Hainan Airlines,text,Duration: 3h 5m,,True,2026-02-17T12:17:43.907120
2026-04-23,CAN,departure,07:50,TFU Chengdu,JD5161,Capital Airlines,text,Duration: 2h 15m,,True,2026-02-17T12:17:43.907126
2026-04-23,CAN,departure,07:50,SJW Shijiazhuang,OQ2133,Chongqing Airlines,text,Duration: 2h 50m,,True,2026-02-17T12:17:43.907132
2026-04-23,CAN,departure,07:55,TFU Chengdu,CA4310,Air China,text,Duration: 2h 30m,,True,2026-02-17T12:17:43.907139
2026-04-23,CAN,departure,07:55,JNG Jining,CZ3953,China Southern,text,Duration: 2h 35m,,True,2026-02-17T12:17:43.907146
2026-04-23,CAN,departure,07:55,CGO Zhengzhou,HU7269,Hainan Airlines,text,Duration: 2h 20m,,True,2026-02-17T12:17:43.907152
2026-04-23,CAN,departure,07:55,HAK Haikou,HU7002,Hainan Airlines,text,Duration: 1h 35m,,True,2026-02-17T12:17:43.907159
2026-04-23,CAN,departure,07:55,HAK Haikou,HU7004,Hainan Airlines,text,Duration: 1h 30m,,True,2026-02-17T12:17:43.907165
2026-04-23,CAN,departure,07:55,TPE Taipei,HU7981,Hainan Airlines,text,Duration: 2h 5m,,True,2026-02-17T12:17:43.907171
2026-04-23,CAN,departure,07:55,DLU Dali City,MU9742,China Eastern,text,Duration: 2h 50m,,True,2026-02-17T12:17:43.907178
2026-04-23,CAN,departure,07:55,HFE Hefei,ZH9987,Shenzhen Airlines,text,Duration: 2h 5m,,True,2026-02-17T12:17:43.907184
2026-04-23,CAN,departure,08:00,MEL Melbourne,CZ343,China Southern,text,Duration: 9h 20m,,True,2026-02-17T12:17:43.907191
2026-04-23,CAN,departure,08:00,PKX Beijing,CZ3101,China Southern,text,Duration: 3h 5m,,True,2026-02-17T12:17:43.907197
2026-04-23,CAN,departure,08:00,SHA Shanghai,CZ3523,China Southern,text,Duration: 2h 20m,,True,2026-02-17T12:17:43.907203
2026-04-23,CAN,departure,08:00,SHE Shenyang,CZ6316,China Southern,text,Duration: 4h 0m,,True,2026-02-17T12:17:43.907210
2026-04-23,CAN,departure,08:00,SHE Shenyang,OQ2127,Chongqing Airlines,text,Duration: 3h 50m,,True,2026-02-17T12:17:43.907216
2026-04-23,CAN,departure,08:05,NKG Nanjing,AQ1029,9 Air,text,Duration: 2h 10m,,True,2026-02-17T12:17:43.907222
2026-04-23,CAN,departure,08:05,CKG Chongqing,CA4354,Air China,text,Duration: 2h 0m,,True,2026-02-17T12:17:43.907229
2026-04-23,CAN,departure,08:05,CGK Jakarta,CZ3037,China Southern,text,Duration: 5h 10m,,True,2026-02-17T12:17:43.907235
2026-04-23,CAN,departure,08:05,CGO Zhengzhou,CZ3396,China Southern,text,Duration: 2h 20m,,True,2026-02-17T12:17:43.907242
2026-04-23,CAN,departure,08:05,MNL Manila,CZ3091,China Southern,text,Duration: 2h 30m,,True,2026-02-17T12:17:43.907248
2026-04-23,CAN,departure,08:05,SYD Sydney,CZ301,China Southern,text,Duration: 9h 35m,,True,2026-02-17T12:17:43.907254
2026-04-23,CAN,departure,08:05,XNT Xingtai,CZ8245,China Southern,text,Duration: 2h 50m,,True,2026-02-17T12:17:43.907261
2026-04-23,CAN,departure,08:10,CKG Chongqing,CZ3463,China Southern,text,Duration: 2h 10m,,True,2026-02-17T12:17:43.907268
2026-04-23,CAN,departure,08:10,HGH Hangzhou,CZ3521,China Southern,text,Duration: 2h 10m,,True,2026-02-17T12:17:43.907275
2026-04-23,CAN,departure,08:10,HZA Heze,CZ3125,China Southern,text,Duration: 2h 30m,,True,2026-02-17T12:17:43.907388
2026-04-23,CAN,departure,08:10,KMG Kunming,CZ3409,China Southern,text,Duration: 2h 30m,,True,2026-02-17T12:17:43.907397
2026-04-23,CAN,departure,08:10,NKG Nanjing,CZ3513,China Southern,text,Duration: 2h 20m,,True,2026-02-17T12:17:43.907403
2026-04-23,CAN,departure,08:10,TSN Tianjin,OQ2123,Chongqing Airlines,text,Duration: 3h 0m,,True,2026-02-17T12:17:43.907408
2026-04-23,CAN,departure,08:10,HRB Harbin,ZH9671,Shenzhen Airlines,text,Duration: 4h 15m,,True,2026-02-17T12:17:43.907414
2026-04-23,CAN,departure,08:15,BKK Bangkok,CZ357,China Southern,text,Duration: 3h 5m,,True,2026-02-17T12:17:43.907419
2026-04-23,CAN,departure,08:15,CTU Chengdu,CZ3401,China Southern,text,Duration: 2h 30m,,True,2026-02-17T12:17:43.907424
2026-04-23,CAN,departure,08:15,KUL Kuala Lumpur,CZ349,China Southern,text,Duration: 4h 10m,,True,2026-02-17T12:17:43.907430
2026-04-23,CAN,departure,08:15,URC Urumqi,CZ6886,China Southern,text,Duration: 5h 15m,,True,2026-02-17T12:17:43.907435
2026-04-23,CAN,departure,08:15,XUZ Xuzhou,CZ3257,China Southern,text,Duration: 2h 20m,,True,2026-02-17T12:17:43.907440
2026-04-23,CAN,departure,08:20,HRB Harbin,CZ3615,China Southern,text,Duration: 4h 20m,,True,2026-02-17T12:17:43.907445
2026-04-23,CAN,departure,08:20,RGN Yangon,CZ3055,China Southern,text,Duration: 3h 25m,,True,2026-02-17T12:17:43.907450
2026-04-23,CAN,departure,08:20,SIN Singapore,CZ353,China Southern,text,Duration: 4h 10m,,True,2026-02-17T12:17:43.907456
2026-04-23,CAN,departure,08:20,TYN Taiyuan,CZ3701,China Southern,text,Duration: 2h 45m,,True,2026-02-17T12:17:43.907461
2026-04-23,CAN,departure,08:20,YIW Yiwu,CZ3727,China Southern,text,Duration: 1h 55m,,True,2026-02-17T12:17:43.907466
2026-04-23,CAN,departure,08:25,PEK Beijing,CA1310,Air China,text,Duration: 3h 15m,,True,2026-02-17T12:17:43.907472
2026-04-23,CAN,departure,08:25,LHW Lanzhou,CZ8985,China Southern,text,Duration: 3h 10m,,True,2026-02-17T12:17:43.907477
2026-04-23,CAN,departure,08:25,TNA Jinan,CZ3509,China Southern,text,Duration: 2h 45m,,True,2026-02-17T12:17:43.907482
2026-04-23,CAN,departure,08:25,TNA Jinan,ZH9971,Shenzhen Airlines,text,Duration: 2h 40m,,True,2026-02-17T12:17:43.907488
2026-04-23,CAN,departure,08:25,XIY Xian,ZH9221,Shenzhen Airlines,text,Duration: 2h 50m,,True,2026-02-17T12:17:43.907492
2026-04-23,CAN,departure,08:30,URC Urumqi,CA4370,Air China,text,Duration: 5h 15m,,True,2026-02-17T12:17:43.907497
2026-04-23,CAN,departure,08:30,CXR Nha Trang,CZ8475,China Southern,text,Duration: 2h 35m,,True,2026-02-17T12:17:43.907503
2026-04-23,CAN,departure,08:30,LYA Luoyang,CZ3363,China Southern,text,Duration: 2h 30m,,True,2026-02-17T12:17:43.907508
2026-04-23,CAN,departure,08:30,TFU Chengdu,HU7151,Hainan Airlines,text,Duration: 2h 15m,,True,2026-02-17T12:17:43.907514
2026-04-23,CAN,departure,08:30,SHE Shenyang,MU9869,China Eastern,text,Duration: 3h 45m,,True,2026-02-17T12:17:43.907519
2026-04-23,CAN,departure,08:35,TSN Tianjin,CA2806,Air China,text,Duration: 3h 10m,,True,2026-02-17T12:17:43.907524
2026-04-23,CAN,departure,08:35,NNY Nanyang,CZ3221,China Southern,text,Duration: 2h 5m,,True,2026-02-17T12:17:43.907530
2026-04-23,CAN,departure,08:35,SHA Shanghai,MU5302,China Eastern,text,Duration: 2h 10m,,True,2026-02-17T12:17:43.907535
2026-04-23,CAN,departure,08:40,SVO Moscow,CZ8027,China Southern,text,Duration: 10h 15m,,True,2026-02-17T12:17:43.907540
2026-04-23,CAN,departure,08:40,TAO Qingdao,CZ3519,China Southern,text,Duration: 3h 0m,,True,2026-02-17T12:17:43.907545
2026-04-23,CAN,departure,08:40,PVG Shanghai,ZH9533,Shenzhen Airlines,text,Duration: 2h 20m,,True,2026-02-17T12:17:43.907550
2026-04-23,CAN,departure,08:45,CGQ Changchun,CZ6378,China Southern,text,Duration: 4h 15m,,True,2026-02-17T12:17:43.907556
2026-04-23,CAN,departure,08:45,WUH Wuhan,CZ3705,China Southern,text,Duration: 1h 45m,,True,2026-02-17T12:17:43.907561
2026-04-23,CAN,departure,08:45,NGB Ningbo,MU6949,China Eastern,text,Duration: 2h 5m,,True,2026-02-17T12:17:43.907566
2026-04-23,CAN,departure,08:45,YTY Yangzhou,ZH9693,Shenzhen Airlines,text,Duration: 2h 20m,,True,2026-02-17T12:17:43.907571
2026-04-23,CAN,departure,08:50,HND Tokyo,CZ385,China Southern,text,Duration: 4h 30m,,True,2026-02-17T12:17:43.907576
2026-04-23,CAN,departure,08:50,KTI Phnom Penh,CZ8313,China Southern,text,Duration: 2h 50m,,True,2026-02-17T12:17:43.907581
2026-04-23,CAN,departure,08:50,IST Istanbul,TK299,Turkish Airlines,text,Duration: 11h 30m,,True,2026-02-17T12:17:43.907586
2026-04-23,CAN,departure,08:55,CGO Zhengzhou,CZ3971,China Southern,text,Duration: 2h 25m,,True,2026-02-17T12:17:43.907591
2026-04-23,CAN,departure,08:55,ENY Yan'an,CZ3223,China Southern,text,Duration: 2h 50m,,True,2026-02-17T12:17:43.907596
2026-04-23,CAN,departure,08:55,KTM Kathmandu,CZ6067,China Southern,text,Duration: 5h 10m,,True,2026-02-17T12:17:43.907601
2026-04-23,CAN,departure,08:55,MIG Mian Yang,CZ8637,China Southern,text,Duration: 2h 50m,,True,2026-02-17T12:17:43.907606
2026-04-23,CAN,departure,09:00,BKK Bangkok,9C7419,Spring Airlines,text,Duration: 3h 0m,,True,2026-02-17T12:17:43.907611
2026-04-23,CAN,departure,09:00,HZG Hanzhong,AQ1153,9 Air,text,Duration: 2h 35m,,True,2026-02-17T12:17:43.907616
2026-04-23,CAN,departure,09:00,SHA Shanghai,CA1838,Air China,text,Duration: 2h 20m,,True,2026-02-17T12:17:43.907621
2026-04-23,CAN,departure,09:00,PKX Beijing,CZ3099,China Southern,text,Duration: 3h 15m,,True,2026-02-17T12:17:43.907626
2026-04-23,CAN,departure,09:00,SHA Shanghai,CZ3529,China Southern,text,Duration: 2h 20m,,True,2026-02-17T12:17:43.907632
2026-04-23,CAN,departure,09:00,VTE Vientiane,CZ8149,China Southern,text,Duration: 2h 30m,,True,2026-02-17T12:17:43.907637
2026-04-23,CAN,departure,09:00,DIG Diqing,MU5774,China Eastern,text,Duration: 3h 20m,,True,2026-02-17T12:17:43.907642
2026-04-23,CAN,departure,09:00,PVG Shanghai,MU5372,China Eastern,text,Duration: 2h 5m,,True,2026-02-17T12:17:43.907646
2026-04-23,CAN,departure,09:05,SGN Ho Chi Minh City,CZ8159,China Southern,text,Duration: 2h 55m,,True,2026-02-17T12:17:43.907735
2026-04-23,CAN,departure,09:05,URC Urumqi,CZ6900,China Southern,text,Duration: 5h 0m,,True,2026-02-17T12:17:43.907742
2026-04-23,CAN,departure,09:05,XIY Xian,CZ3237,China Southern,text,Duration: 2h 30m,,True,2026-02-17T12:17:43.907748
2026-04-23,CAN,departure,09:05,NKG Nanjing,ZH9863,Shenzhen Airlines,text,Duration: 2h 25m,,True,2026-02-17T12:17:43.907753
2026-04-23,CAN,departure,09:10,HGH Hangzhou,CZ3803,China Southern,text,Duration: 2h 5m,,True,2026-02-17T12:17:43.907759
2026-04-23,CAN,departure,09:10,NGB Ningbo,CZ8293,China Southern,text,Duration: 2h 10m,,True,2026-02-17T12:17:43.907764
2026-04-23,CAN,departure,09:10,NKG Nanjing,CZ3843,China Southern,text,Duration: 2h 20m,,True,2026-02-17T12:17:43.907770
2026-04-23,CAN,departure,09:15,PEK Beijing,CA1380,Air China,text,Duration: 3h 15m,,True,2026-02-17T12:17:43.907775
2026-04-23,CAN,departure,09:15,CTU Chengdu,CZ3437,China Southern,text,Duration: 2h 30m,,True,2026-02-17T12:17:43.907780
2026-04-23,CAN,departure,09:15,DLC Dalian,CZ6485,China Southern,text,Duration: 3h 25m,,True,2026-02-17T12:17:43.907786
2026-04-23,CAN,departure,09:15,ADD Addis Ababa,ET617,Ethiopian,text,Duration: 9h 45m,,True,2026-02-17T12:17:43.907791
2026-04-23,CAN,departure,09:15,PEK Beijing,HU7804,Hainan Airlines,text,Duration: 3h 5m,,True,2026-02-17T12:17:43.907797
2026-04-23,CAN,departure,09:20,CTU Chengdu,3U8734,Sichuan Airlines,text,Duration: 2h 20m,,True,2026-02-17T12:17:43.907802
2026-04-23,CAN,departure,09:20,KUL Kuala Lumpur,CZ3047,China Southern,text,Duration: 4h 5m,,True,2026-02-17T12:17:43.907808
2026-04-23,CAN,departure,09:20,SHE Shenyang,CZ6332,China Southern,text,Duration: 3h 35m,,True,2026-02-17T12:17:43.907813
2026-04-23,CAN,departure,09:20,WUX Wuxi,ZH9823,Shenzhen Airlines,text,Duration: 2h 20m,,True,2026-02-17T12:17:43.907818
2026-04-23,CAN,departure,09:25,CGO Zhengzhou,CZ677,China Southern,text,Duration: 2h 30m,,True,2026-02-17T12:17:43.907823
2026-04-23,CAN,departure,09:25,KIX Osaka,CZ389,China Southern,text,Duration: 3h 45m,,True,2026-02-17T12:17:43.907828
2026-04-23,CAN,departure,09:25,TNA Jinan,HU7209,Hainan Airlines,text,Duration: 2h 45m,,True,2026-02-17T12:17:43.907834
2026-04-23,CAN,departure,09:30,HAK Haikou,CZ6774,China Southern,text,Duration: 1h 20m,,True,2026-02-17T12:17:43.907839
2026-04-23,CAN,departure,09:30,WUH Wuhan,CZ6608,China Southern,text,Duration: 1h 55m,,True,2026-02-17T12:17:43.907844
2026-04-23,CAN,departure,09:30,SHA Shanghai,MU5304,China Eastern,text,Duration: 2h 5m,,True,2026-02-17T12:17:43.907850
2026-04-23,CAN,departure,09:35,DAC Dhaka,CZ5015,China Southern,text,Duration: 4h 15m,,True,2026-02-17T12:17:43.907855
2026-04-23,CAN,departure,09:35,ICN Seoul,CZ337,China Southern,text,Duration: 3h 20m,,True,2026-02-17T12:17:43.907860
2026-04-23,CAN,departure,09:35,KMG Kunming,CZ3493,China Southern,text,Duration: 2h 35m,,True,2026-02-17T12:17:43.907866
2026-04-23,CAN,departure,09:35,CGO Zhengzhou,PN6382,West Air (China),text,Duration: 2h 10m,,True,2026-02-17T12:17:43.907871
2026-04-23,CAN,departure,09:40,BKK Bangkok,CZ8079,China Southern,text,Duration: 3h 0m,,True,2026-02-17T12:17:43.907876
2026-04-23,CAN,departure,09:45,HAN Hanoi,CZ3049,China Southern,text,Duration: 2h 0m,,True,2026-02-17T12:17:43.907881
2026-04-23,CAN,departure,09:45,YNZ Yancheng,CZ3267,China Southern,text,Duration: 2h 25m,,True,2026-02-17T12:17:43.907886
2026-04-23,CAN,departure,09:50,HAK Haikou,AQ1023,9 Air,text,Duration: 1h 30m,,True,2026-02-17T12:17:43.907891
2026-04-23,CAN,departure,09:50,ACX Xingyi,CZ3923,China Southern,text,Duration: 2h 20m,,True,2026-02-17T12:17:43.907896
2026-04-23,CAN,departure,09:50,DLU Dali City,CZ6595,China Southern,text,Duration: 3h 0m,,True,2026-02-17T12:17:43.907901
2026-04-23,CAN,departure,09:50,"JUZ Quzhou, Zhejiang Province",CZ6289,China Southern,text,Duration: 2h 5m,,True,2026-02-17T12:17:43.907907
2026-04-23,CAN,departure,09:50,INC Yinchuan,ZH8941,Shenzhen Airlines,text,Duration: 3h 20m,,True,2026-02-17T12:17:43.907912
2026-04-23,CAN,departure,09:50,TNA Jinan,ZH9973,Shenzhen Airlines,text,Duration: 2h 45m,,True,2026-02-17T12:17:43.907917
2026-04-23,CAN,departure,09:55,LYG Lianyungang,AQ1179,9 Air,text,Duration: 2h 20m,,True,2026-02-17T12:17:43.907922
2026-04-23,CAN,departure,09:55,HFE Hefei,CZ3813,China Southern,text,Duration: 2h 15m,,True,2026-02-17T12:17:43.907927
2026-04-23,CAN,departure,09:55,NTG Nantong,CZ3639,China Southern,text,Duration: 2h 20m,,True,2026-02-17T12:17:43.907932
2026-04-23,CAN,departure,09:55,SYX Sanya,CZ6732,China Southern,text,Duration: 1h 50m,,True,2026-02-17T12:17:43.907937
2026-04-23,CAN,departure,10:00,PKX Beijing,CZ3121,China Southern,text,Duration: 3h 10m,,True,2026-02-17T12:17:43.907942
2026-04-23,CAN,departure,10:00,SHA Shanghai,CZ3531,China Southern,text,Duration: 2h 20m,,True,2026-02-17T12:17:43.907947
2026-04-23,CAN,departure,10:00,YIC Yichun,HU7201,Hainan Airlines,text,Duration: 1h 35m,,True,2026-02-17T12:17:43.907952
2026-04-23,CAN,departure,10:05,BNE Brisbane,CZ635,China Southern,text,Duration: 9h 5m,,True,2026-02-17T12:17:43.907957
2026-04-23,CAN,departure,10:10,HKG Hong Kong,CX983,Cathay Pacific,text,Duration: 1h 35m,,True,2026-02-17T12:17:43.907963
2026-04-23,CAN,departure,10:10,HGH Hangzhou,CZ3863,China Southern,text,Duration: 2h 10m,,True,2026-02-17T12:17:43.907967
2026-04-23,CAN,departure,10:10,MAD Madrid,CZ377,China Southern,text,Duration: 14h 20m,,True,2026-02-17T12:17:43.907973
2026-04-23,CAN,departure,10:10,NKG Nanjing,CZ3599,China Southern,text,Duration: 2h 20m,,True,2026-02-17T12:17:43.907978
2026-04-23,CAN,departure,10:10,XMN Xiamen,MF8306,XiamenAir,text,Duration: 1h 20m,,True,2026-02-17T12:17:43.907983
2026-04-23,CAN,departure,10:15,PEK Beijing,HU7806,Hainan Airlines,text,Duration: 3h 0m,,True,2026-02-17T12:17:43.907988
2026-04-23,CAN,departure,10:20,KUL Kuala Lumpur,AK113,AirAsia,text,Duration: 4h 20m,,True,2026-02-17T12:17:43.907993
2026-04-23,CAN,departure,10:25,KWE Guiyang,CZ6393,China Southern,text,Duration: 1h 50m,,True,2026-02-17T12:17:43.908069
2026-04-23,CAN,departure,10:25,HYN Taizhou,MU2475,China Eastern,text,Duration: 2h 5m,,True,2026-02-17T12:17:43.908076
2026-04-23,CAN,departure,10:30,PEK Beijing,CA1330,Air China,text,Duration: 3h 10m,,True,2026-02-17T12:17:43.908081
2026-04-23,CAN,departure,10:30,LHW Lanzhou,CZ3205,China Southern,text,Duration: 3h 15m,,True,2026-02-17T12:17:43.908087
2026-04-23,CAN,departure,10:30,PVG Shanghai,CZ3550,China Southern,text,Duration: 2h 30m,,True,2026-02-17T12:17:43.908092
2026-04-23,CAN,departure,10:30,SHA Shanghai,MU5306,China Eastern,text,Duration: 2h 30m,,True,2026-02-17T12:17:43.908098
2026-04-23,CAN,departure,10:35,CTU Chengdu,3U8738,Sichuan Airlines,text,Duration: 2h 15m,,True,2026-02-17T12:17:43.908103
2026-04-23,CAN,departure,10:35,HGH Hangzhou,CA1790,Air China,text,Duration: 2h 10m,,True,2026-02-17T12:17:43.908109
2026-04-23,CAN,departure,10:35,CGQ Changchun,CZ8460,China Southern,text,Duration: 4h 15m,,True,2026-02-17T12:17:43.908114
2026-04-23,CAN,departure,10:35,TNA Jinan,CZ3619,China Southern,text,Duration: 2h 45m,,True,2026-02-17T12:17:43.908119
2026-04-23,CAN,departure,10:35,NGB Ningbo,OQ2027,Chongqing Airlines,text,Duration: 2h 0m,,True,2026-02-17T12:17:43.908125
2026-04-23,CAN,departure,10:40,BKK Bangkok,CZ8099,China Southern,text,Duration: 3h 10m,,True,2026-02-17T12:17:43.908130
2026-04-23,CAN,departure,10:40,HFE Hefei,MU5288,China Eastern,text,Duration: 2h 5m,,True,2026-02-17T12:17:43.908135
2026-04-23,CAN,departure,10:40,SIN Singapore,TR101,Scoot,text,Duration: 4h 5m,,True,2026-02-17T12:17:43.908141
2026-04-23,CAN,departure,10:45,CSX Changsha,CZ3380,China Southern,text,Duration: 1h 35m,,True,2026-02-17T12:17:43.908146
2026-04-23,CAN,departure,10:45,CTU Chengdu,EU2236,Chengdu Airlines,text,Duration: 2h 30m,,True,2026-02-17T12:17:43.908151
2026-04-23,CAN,departure,10:45,SHA Shanghai,HO1856,Juneyao Airlines,text,Duration: 2h 20m,,True,2026-02-17T12:17:43.908156
2026-04-23,CAN,departure,10:45,WUX Wuxi,ZH9825,Shenzhen Airlines,text,Duration: 2h 35m,,True,2026-02-17T12:17:43.908161
2026-04-23,CAN,departure,10:50,ICN Seoul,CZ3061,China Southern,text,Duration: 3h 35m,,True,2026-02-17T12:17:43.908166
2026-04-23,CAN,departure,10:50,TSN Tianjin,CZ3301,China Southern,text,Duration: 3h 25m,,True,2026-02-17T12:17:43.908172
2026-04-23,CAN,departure,10:50,YIW Yiwu,CZ3883,China Southern,text,Duration: 1h 55m,,True,2026-02-17T12:17:43.908178
2026-04-23,CAN,departure,10:50,NKG Nanjing,MU2818,China Eastern,text,Duration: 2h 20m,,True,2026-02-17T12:17:43.908183
2026-04-23,CAN,departure,10:55,SHA Shanghai,9C8836,Spring Airlines,text,Duration: 2h 20m,,True,2026-02-17T12:17:43.908188
2026-04-23,CAN,departure,10:55,KMG Kunming,CZ3415,China Southern,text,Duration: 2h 40m,,True,2026-02-17T12:17:43.908193
2026-04-23,CAN,departure,10:55,WMT Zunyi,CZ3313,China Southern,text,Duration: 1h 55m,,True,2026-02-17T12:17:43.908198
2026-04-23,CAN,departure,11:00,PKX Beijing,CZ3177,China Southern,text,Duration: 3h 15m,,True,2026-02-17T12:17:43.908204
2026-04-23,CAN,departure,11:00,SHA Shanghai,CZ3537,China Southern,text,Duration: 2h 20m,,True,2026-02-17T12:17:43.908209
2026-04-23,CAN,departure,11:00,HGH Hangzhou,HU7261,Hainan Airlines,text,Duration: 2h 10m,,True,2026-02-17T12:17:43.908214
2026-04-23,CAN,departure,11:05,NTG Nantong,ZH8693,Shenzhen Airlines,text,Duration: 2h 15m,,True,2026-02-17T12:17:43.908219
2026-04-23,CAN,departure,11:10,HGH Hangzhou,CZ6567,China Southern,text,Duration: 2h 10m,,True,2026-02-17T12:17:43.908224
2026-04-23,CAN,departure,11:10,HGH Hangzhou,HU7461,Hainan Airlines,text,Duration: 1h 55m,,True,2026-02-17T12:17:43.908229
2026-04-23,CAN,departure,11:10,SVO Moscow,SU221,Aeroflot,text,Duration: 10h 5m,,True,2026-02-17T12:17:43.908234
2026-04-23,CAN,departure,11:15,CTU Chengdu,CZ3443,China Southern,text,Duration: 2h 25m,,True,2026-02-17T12:17:43.908239
2026-04-23,CAN,departure,11:15,TPE Taipei,CZ3097,China Southern,text,Duration: 2h 15m,,True,2026-02-17T12:17:43.908245
2026-04-23,CAN,departure,11:15,FOC Fuzhou,MF8324,XiamenAir,text,Duration: 1h 45m,,True,2026-02-17T12:17:43.908250
2026-04-23,CAN,departure,11:15,CTU Chengdu,TV9766,Tibet Airlines,text,Duration: 2h 25m,,True,2026-02-17T12:17:43.908254
2026-04-23,CAN,departure,11:20,KUL Kuala Lumpur,CZ8011,China Southern,text,Duration: 4h 20m,,True,2026-02-17T12:17:43.908260
2026-04-23,CAN,departure,11:20,WNZ Wenzhou,CZ3763,China Southern,text,Duration: 2h 5m,,True,2026-02-17T12:17:43.908265
2026-04-23,CAN,departure,11:20,TFU Chengdu,ZH9443,Shenzhen Airlines,text,Duration: 2h 25m,,True,2026-02-17T12:17:43.908270
2026-04-23,CAN,departure,11:25,PZI Pan Zhi Hua,CZ3933,China Southern,text,Duration: 2h 20m,,True,2026-02-17T12:17:43.908275
2026-04-23,CAN,departure,11:25,KMG Kunming,KY8280,Kunming Airlines,text,Duration: 2h 25m,,True,2026-02-17T12:17:43.908281
2026-04-23,CAN,departure,11:25,HGH Hangzhou,MU5212,China Eastern,text,Duration: 2h 5m,,True,2026-02-17T12:17:43.908286
2026-04-23,CAN,departure,11:25,KMG Kunming,MU5732,China Eastern,text,Duration: 2h 30m,,True,2026-02-17T12:17:43.908291
2026-04-23,CAN,departure,11:30,CKG Chongqing,CA4362,Air China,text,Duration: 2h 20m,,True,2026-02-17T12:17:43.908296
2026-04-23,CAN,departure,11:30,CGO Zhengzhou,CZ6593,China Southern,text,Duration: 2h 20m,,True,2026-02-17T12:17:43.908301
2026-04-23,CAN,departure,11:30,HAK Haikou,CZ6786,China Southern,text,Duration: 1h 25m,,True,2026-02-17T12:17:43.908306
2026-04-23,CAN,departure,11:30,WUH Wuhan,CZ3348,China Southern,text,Duration: 1h 55m,,True,2026-02-17T12:17:43.908311
2026-04-23,CAN,departure,11:35,HGH Hangzhou,3U3152,Sichuan Airlines,text,Duration: 2h 5m,,True,2026-02-17T12:17:43.908317
2026-04-23,CAN,departure,11:35,HET Hohhot,CZ3245,China Southern,text,Duration: 3h 10m,,True,2026-02-17T12:17:43.908322
2026-04-23,CAN,departure,11:35,HAN Hanoi,ZH121,Shenzhen Airlines,text,Duration: 2h 10m,,True,2026-02-17T12:17:43.908327
2026-04-23,CAN,departure,11:40,PEK Beijing,CA1360,Air China,text,Duration: 3h 15m,,True,2026-02-17T12:17:43.908401
2026-04-23,CAN,departure,11:40,CKG Chongqing,OQ2306,Chongqing Airlines,text,Duration: 2h 20m,,True,2026-02-17T12:17:43.908408
2026-04-23,CAN,departure,11:40,NKG Nanjing,ZH9865,Shenzhen Airlines,text,Duration: 2h 30m,,True,2026-02-17T12:17:43.908413
2026-04-23,CAN,departure,11:45,TSN Tianjin,CA2802,Air China,text,Duration: 3h 10m,,True,2026-02-17T12:17:43.908418
2026-04-23,CAN,departure,11:45,LJG Lijiang,CZ3423,China Southern,text,Duration: 3h 10m,,True,2026-02-17T12:17:43.908424
2026-04-23,CAN,departure,11:45,TAO Qingdao,CZ3535,China Southern,text,Duration: 3h 0m,,True,2026-02-17T12:17:43.908429
2026-04-23,CAN,departure,11:45,URC Urumqi,CZ6888,China Southern,text,Duration: 5h 20m,,True,2026-02-17T12:17:43.908434
2026-04-23,CAN,departure,11:50,NGB Ningbo,CZ3517,China Southern,text,Duration: 1h 55m,,True,2026-02-17T12:17:43.908440
2026-04-23,CAN,departure,11:50,TSN Tianjin,CZ3143,China Southern,text,Duration: 3h 25m,,True,2026-02-17T12:17:43.908445
2026-04-23,CAN,departure,11:50,PKX Beijing,MU6304,China Eastern,text,Duration: 3h 5m,,True,2026-02-17T12:17:43.908451
2026-04-23,CAN,departure,11:50,TYN Taiyuan,MU5252,China Eastern,text,Duration: 3h 10m,,True,2026-02-17T12:17:43.908456
2026-04-23,CAN,departure,11:50,WUX Wuxi,ZH9827,Shenzhen Airlines,text,Duration: 2h 25m,,True,2026-02-17T12:17:43.908462
2026-04-23,CAN,departure,11:55,CTU Chengdu,CA4306,Air China,text,Duration: 2h 35m,,True,2026-02-17T12:17:43.908467
2026-04-23,CAN,departure,11:55,KUL Kuala Lumpur,CZ8347,China Southern,text,Duration: 4h 10m,,True,2026-02-17T12:17:43.908472
2026-04-23,CAN,departure,11:55,XIY Xian,CZ3219,China Southern,text,Duration: 2h 50m,,True,2026-02-17T12:17:43.908477
2026-04-23,CAN,departure,11:55,PVG Shanghai,HU7331,Hainan Airlines,text,Duration: 2h 35m,,True,2026-02-17T12:17:43.908482
2026-04-23,CAN,departure,11:55,TSN Tianjin,MF8314,XiamenAir,text,Duration: 3h 20m,,True,2026-02-17T12:17:43.908487
2026-04-23,CAN,departure,11:55,LHW Lanzhou,MU2220,China Eastern,text,Duration: 3h 15m,,True,2026-02-17T12:17:43.908492
2026-04-23,CAN,departure,12:00,TFU Chengdu,3U6702,Sichuan Airlines,text,Duration: 2h 5m,,True,2026-02-17T12:17:43.908498
2026-04-23,CAN,departure,12:00,PKX Beijing,CZ3103,China Southern,text,Duration: 2h 55m,,True,2026-02-17T12:17:43.908503
2026-04-23,CAN,departure,12:00,SHA Shanghai,CZ3539,China Southern,text,Duration: 2h 20m,,True,2026-02-17T12:17:43.908508
2026-04-23,CAN,departure,12:00,TAO Qingdao,MU5256,China Eastern,text,Duration: 2h 55m,,True,2026-02-17T12:17:43.908513
2026-04-23,CAN,departure,12:00,YNT Yantai,SC7622,Shandong Airlines,text,Duration: 3h 10m,,True,2026-02-17T12:17:43.908518
2026-04-23,CAN,departure,12:05,SHA Shanghai,9C6722,Spring Airlines,text,Duration: 2h 25m,,True,2026-02-17T12:17:43.908523
2026-04-23,CAN,departure,12:05,BKK Bangkok,CZ5095,China Southern,text,Duration: 3h 0m,,True,2026-02-17T12:17:43.908528
2026-04-23,CAN,departure,12:05,XMN Xiamen,CZ3741,China Southern,text,Duration: 1h 25m,,True,2026-02-17T12:17:43.908533
2026-04-23,CAN,departure,12:05,INC Yinchuan,MF8754,XiamenAir,text,Duration: 3h 20m,,True,2026-02-17T12:17:43.908538
2026-04-23,CAN,departure,12:10,WNZ Wenzhou,CA8352,Air China,text,Duration: 2h 10m,,True,2026-02-17T12:17:43.908544
2026-04-23,CAN,departure,12:10,DLC Dalian,CZ6322,China Southern,text,Duration: 3h 20m,,True,2026-02-17T12:17:43.908549
2026-04-23,CAN,departure,12:10,HGH Hangzhou,CZ3869,China Southern,text,Duration: 2h 10m,,True,2026-02-17T12:17:43.908554
2026-04-23,CAN,departure,12:15,PKX Beijing,MF8396,XiamenAir,text,Duration: 3h 0m,,True,2026-02-17T12:17:43.908559
2026-04-23,CAN,departure,12:15,XIY Xian,MU2312,China Eastern,text,Duration: 2h 20m,,True,2026-02-17T12:17:43.908564
2026-04-23,CAN,departure,12:20,HIA Huai'an,MU2870,China Eastern,text,Duration: 2h 25m,,True,2026-02-17T12:17:43.908569
2026-04-23,CAN,departure,12:20,HRB Harbin,ZH9677,Shenzhen Airlines,text,Duration: 4h 5m,,True,2026-02-17T12:17:43.908574
2026-04-23,CAN,departure,12:25,TFU Chengdu,AQ1115,9 Air,text,Duration: 2h 25m,,True,2026-02-17T12:17:43.908579
2026-04-23,CAN,departure,12:25,HFE Hefei,CZ3873,China Southern,text,Duration: 2h 15m,,True,2026-02-17T12:17:43.908584
2026-04-23,CAN,departure,12:25,HGH Hangzhou,MF8320,XiamenAir,text,Duration: 2h 0m,,True,2026-02-17T12:17:43.908589
2026-04-23,CAN,departure,12:25,ICN Seoul,OZ370,Asiana,text,Duration: 3h 35m,,True,2026-02-17T12:17:43.908595
2026-04-23,CAN,departure,12:30,BKK Bangkok,CZ3081,China Southern,text,Duration: 3h 0m,,True,2026-02-17T12:17:43.908599
2026-04-23,CAN,departure,12:30,WUH Wuhan,CZ8728,China Southern,text,Duration: 1h 50m,,True,2026-02-17T12:17:43.908605
2026-04-23,CAN,departure,12:30,SHA Shanghai,FM9308,Shanghai Airlines,text,Duration: 2h 10m,,True,2026-02-17T12:17:43.908610
2026-04-23,CAN,departure,12:30,XIY Xian,HU7838,Hainan Airlines,text,Duration: 2h 40m,,True,2026-02-17T12:17:43.908615
2026-04-23,CAN,departure,12:30,SJW Shijiazhuang,NS3204,Hebei Airlines,text,Duration: 2h 40m,,True,2026-02-17T12:17:43.908620
2026-04-23,CAN,departure,12:35,CGO Zhengzhou,CZ8686,China Southern,text,Duration: 2h 20m,,True,2026-02-17T12:17:43.908625
2026-04-23,CAN,departure,12:35,KTI Phnom Penh,CZ6059,China Southern,text,Duration: 2h 55m,,True,2026-02-17T12:17:43.908630
2026-04-23,CAN,departure,12:35,TNA Jinan,CZ3711,China Southern,text,Duration: 2h 45m,,True,2026-02-17T12:17:43.908635
2026-04-23,CAN,departure,12:40,PEK Beijing,CA1352,Air China,text,Duration: 3h 20m,,True,2026-02-17T12:17:43.908640
2026-04-23,CAN,departure,12:40,KUL Kuala Lumpur,CZ8301,China Southern,text,Duration: 4h 20m,,True,2026-02-17T12:17:43.908646
2026-04-23,CAN,departure,12:40,SGN Ho Chi Minh City,CZ373,China Southern,text,Duration: 2h 50m,,True,2026-02-17T12:17:43.908651
2026-04-23,CAN,departure,12:40,SHA Shanghai,HO2288,Juneyao Airlines,text,Duration: 2h 15m,,True,2026-02-17T12:17:43.908656
2026-04-23,CAN,departure,12:40,CKG Chongqing,HU7341,Hainan Airlines,text,Duration: 2h 25m,,True,2026-02-17T12:17:43.908728
2026-04-23,CAN,departure,12:40,ICN Seoul,KE868,Korean Air,text,Duration: 3h 35m,,True,2026-02-17T12:17:43.908735
2026-04-23,CAN,departure,12:45,SIN Singapore,CZ3039,China Southern,text,Duration: 4h 5m,,True,2026-02-17T12:17:43.908740
2026-04-23,CAN,departure,12:45,ZHA Zhanjiang,CZ3331,China Southern,text,Duration: 1h 15m,,True,2026-02-17T12:17:43.908746
2026-04-23,CAN,departure,12:50,PKX Beijing,MU6306,China Eastern,text,Duration: 2h 55m,,True,2026-02-17T12:17:43.908752
2026-04-23,CAN,departure,12:50,TNA Jinan,SC1170,Shandong Airlines,text,Duration: 2h 35m,,True,2026-02-17T12:17:43.908757
2026-04-23,CAN,departure,12:50,WUS Wuyishan,SC4674,Shandong Airlines,text,Duration: 1h 25m,,True,2026-02-17T12:17:43.908763
2026-04-23,CAN,departure,12:50,NKG Nanjing,ZH9867,Shenzhen Airlines,text,Duration: 2h 25m,,True,2026-02-17T12:17:43.908768
2026-04-23,CAN,departure,12:55,HKT Phuket,CZ6063,China Southern,text,Duration: 3h 45m,,True,2026-02-17T12:17:43.908773
2026-04-23,CAN,departure,12:55,MXZ Mei Xian,CZ3333,China Southern,text,Duration: 1h 5m,,True,2026-02-17T12:17:43.908779
2026-04-23,CAN,departure,12:55,TAO Qingdao,CZ3799,China Southern,text,Duration: 3h 10m,,True,2026-02-17T12:17:43.908784
2026-04-23,CAN,departure,12:55,TFU Chengdu,MU5322,China Eastern,text,Duration: 2h 15m,,True,2026-02-17T12:17:43.908789
2026-04-23,CAN,departure,12:55,XIY Xian,ZH9223,Shenzhen Airlines,text,Duration: 2h 30m,,True,2026-02-17T12:17:43.908794
2026-04-23,CAN,departure,13:00,DXB Dubai,CZ8057,China Southern,text,Duration: 9h 10m,,True,2026-02-17T12:17:43.908800
2026-04-23,CAN,departure,13:00,PKX Beijing,CZ3179,China Southern,text,Duration: 2h 55m,,True,2026-02-17T12:17:43.908805
2026-04-23,CAN,departure,13:00,SHA Shanghai,CZ3525,China Southern,text,Duration: 2h 25m,,True,2026-02-17T12:17:43.908810
2026-04-23,CAN,departure,13:00,PVG Shanghai,FM9310,Shanghai Airlines,text,Duration: 2h 15m,,True,2026-02-17T12:17:43.908815
2026-04-23,CAN,departure,13:00,HAK Haikou,HU7008,Hainan Airlines,text,Duration: 1h 30m,,True,2026-02-17T12:17:43.908821
2026-04-23,CAN,departure,13:05,DZH Dazhou,CA4356,Air China,text,Duration: 2h 30m,,True,2026-02-17T12:17:43.908826
2026-04-23,CAN,departure,13:05,XIY Xian,CZ3207,China Southern,text,Duration: 2h 35m,,True,2026-02-17T12:17:43.908831
2026-04-23,CAN,departure,13:05,YIW Yiwu,CZ3149,China Southern,text,Duration: 2h 0m,,True,2026-02-17T12:17:43.908836
2026-04-23,CAN,departure,13:05,HFE Hefei,HU7203,Hainan Airlines,text,Duration: 2h 0m,,True,2026-02-17T12:17:43.908841
2026-04-23,CAN,departure,13:05,SHE Shenyang,ZH9655,Shenzhen Airlines,text,Duration: 3h 35m,,True,2026-02-17T12:17:43.908846
2026-04-23,CAN,departure,13:10,CKG Chongqing,CZ3485,China Southern,text,Duration: 2h 10m,,True,2026-02-17T12:17:43.908852
2026-04-23,CAN,departure,13:10,HGH Hangzhou,CZ3511,China Southern,text,Duration: 2h 10m,,True,2026-02-17T12:17:43.908857
2026-04-23,CAN,departure,13:10,NKG Nanjing,CZ3821,China Southern,text,Duration: 2h 20m,,True,2026-02-17T12:17:43.908862
2026-04-23,CAN,departure,13:10,WNZ Wenzhou,KN5038,China United Airlines,text,Duration: 1h 45m,,True,2026-02-17T12:17:43.908867
2026-04-23,CAN,departure,13:15,CTU Chengdu,CZ3471,China Southern,text,Duration: 2h 25m,,True,2026-02-17T12:17:43.908872
2026-04-23,CAN,departure,13:15,PEK Beijing,HU7808,Hainan Airlines,text,Duration: 3h 0m,,True,2026-02-17T12:17:43.908878
2026-04-23,CAN,departure,13:15,FOC Fuzhou,MF8356,XiamenAir,text,Duration: 1h 55m,,True,2026-02-17T12:17:43.908883
2026-04-23,CAN,departure,13:20,LHR London,CZ303,China Southern,text,Duration: 12h 40m,,True,2026-02-17T12:17:43.908888
2026-04-23,CAN,departure,13:20,VTE Vientiane,CZ6091,China Southern,text,Duration: 2h 25m,,True,2026-02-17T12:17:43.908894
2026-04-23,CAN,departure,13:25,TYN Taiyuan,CZ6527,China Southern,text,Duration: 2h 50m,,True,2026-02-17T12:17:43.908899
2026-04-23,CAN,departure,13:25,SIN Singapore,SQ851,Singapore Airlines,text,Duration: 4h 20m,,True,2026-02-17T12:17:43.908904
2026-04-23,CAN,departure,13:30,HET Hohhot,CA1382,Air China,text,Duration: 3h 25m,,True,2026-02-17T12:17:43.908909
2026-04-23,CAN,departure,13:30,SHE Shenyang,CZ6302,China Southern,text,Duration: 4h 0m,,True,2026-02-17T12:17:43.908914
2026-04-23,CAN,departure,13:30,WUH Wuhan,CZ8672,China Southern,text,Duration: 1h 55m,,True,2026-02-17T12:17:43.908920
2026-04-23,CAN,departure,13:30,SHA Shanghai,FM9312,Shanghai Airlines,text,Duration: 2h 15m,,True,2026-02-17T12:17:43.908925
2026-04-23,CAN,departure,13:30,XIY Xian,MU2302,China Eastern,text,Duration: 2h 35m,,True,2026-02-17T12:17:43.908930
2026-04-23,CAN,departure,13:30,CZX Changzhou,ZH8943,Shenzhen Airlines,text,Duration: 2h 15m,,True,2026-02-17T12:17:43.908935
2026-04-23,CAN,departure,13:35,CKG Chongqing,3U8748,Sichuan Airlines,text,Duration: 2h 0m,,True,2026-02-17T12:17:43.908940
2026-04-23,CAN,departure,13:35,CXR Nha Trang,CZ6049,China Southern,text,Duration: 2h 35m,,True,2026-02-17T12:17:43.908945
2026-04-23,CAN,departure,13:40,PEK Beijing,CA1322,Air China,text,Duration: 3h 20m,,True,2026-02-17T12:17:43.908950
2026-04-23,CAN,departure,13:40,HAN Hanoi,CZ8315,China Southern,text,Duration: 2h 5m,,True,2026-02-17T12:17:43.908955
2026-04-23,CAN,departure,13:45,CGQ Changchun,CZ6342,China Southern,text,Duration: 4h 15m,,True,2026-02-17T12:17:43.908960
2026-04-23,CAN,departure,13:45,KTI Phnom Penh,K6669,Air Cambodia,text,Duration: 2h 30m,,True,2026-02-17T12:17:43.908966
2026-04-23,CAN,departure,13:50,FOC Fuzhou,CZ3877,China Southern,text,Duration: 1h 45m,,True,2026-02-17T12:17:43.908971
2026-04-23,CAN,departure,13:50,NGB Ningbo,CZ3775,China Southern,text,Duration: 2h 10m,,True,2026-02-17T12:17:43.908975
2026-04-23,CAN,departure,13:50,SVO Moscow,CZ655,China Southern,text,Duration: 10h 25m,,True,2026-02-17T12:17:43.908980
2026-04-23,CAN,departure,13:50,LYI Linyi,ZH9481,Shenzhen Airlines,text,Duration: 2h 45m,,True,2026-02-17T12:17:43.908985
2026-04-23,CAN,departure,13:50,NKG Nanjing,ZH9869,Shenzhen Airlines,text,Duration: 2h 20m,,True,2026-02-17T12:17:43.909060
2026-04-23,CAN,departure,13:55,KMG Kunming,CZ3407,China Southern,text,Duration: 2h 40m,,True,2026-02-17T12:17:43.909067
2026-04-23,CAN,departure,13:55,LHW Lanzhou,CZ3385,China Southern,text,Duration: 3h 30m,,True,2026-02-17T12:17:43.909073
2026-04-23,CAN,departure,13:55,MNL Manila,CZ397,China Southern,text,Duration: 2h 50m,,True,2026-02-17T12:17:43.909078
2026-04-23,CAN,departure,13:55,PEN Penang,CZ5047,China Southern,text,Duration: 4h 5m,,True,2026-02-17T12:17:43.909083
2026-04-23,CAN,departure,14:00,TFU Chengdu,CA4308,Air China,text,Duration: 2h 20m,,True,2026-02-17T12:17:43.909088
2026-04-23,CAN,departure,14:00,PKX Beijing,CZ3109,China Southern,text,Duration: 3h 5m,,True,2026-02-17T12:17:43.909093
2026-04-23,CAN,departure,14:00,PVG Shanghai,CZ3487,China Southern,text,Duration: 2h 30m,,True,2026-02-17T12:17:43.909098
2026-04-23,CAN,departure,14:00,HRB Harbin,JD5165,Capital Airlines,text,Duration: 3h 55m,,True,2026-02-17T12:17:43.909103
2026-04-23,CAN,departure,14:00,SHA Shanghai,MU5316,China Eastern,text,Duration: 2h 15m,,True,2026-02-17T12:17:43.909109
2026-04-23,CAN,departure,14:05,SYX Sanya,CZ6734,China Southern,text,Duration: 1h 40m,,True,2026-02-17T12:17:43.909114
2026-04-23,CAN,departure,14:05,XMN Xiamen,CZ3879,China Southern,text,Duration: 1h 25m,,True,2026-02-17T12:17:43.909120
2026-04-23,CAN,departure,14:10,PVG Shanghai,CA8582,Air China,text,Duration: 2h 30m,,True,2026-02-17T12:17:43.909125
2026-04-23,CAN,departure,14:10,KWE Guiyang,CZ3692,China Southern,text,Duration: 1h 55m,,True,2026-02-17T12:17:43.909131
2026-04-23,CAN,departure,14:10,HND Tokyo,JL88,JAL,text,Duration: 4h 20m,,True,2026-02-17T12:17:43.909136
2026-04-23,CAN,departure,14:10,JJN Jinjiang,MF8386,XiamenAir,text,Duration: 1h 35m,,True,2026-02-17T12:17:43.909141
2026-04-23,CAN,departure,14:15,CTU Chengdu,3U8732,Sichuan Airlines,text,Duration: 2h 20m,,True,2026-02-17T12:17:43.909147
2026-04-23,CAN,departure,14:15,RGN Yangon,8M712,MAI,text,Duration: 3h 5m,,True,2026-02-17T12:17:43.909152
2026-04-23,CAN,departure,14:15,CGO Zhengzhou,CZ6626,China Southern,text,Duration: 2h 20m,,True,2026-02-17T12:17:43.909157
2026-04-23,CAN,departure,14:15,NKG Nanjing,HU7213,Hainan Airlines,text,Duration: 2h 10m,,True,2026-02-17T12:17:43.909163
2026-04-23,CAN,departure,14:15,HND Tokyo,NH924,ANA,text,Duration: 4h 30m,,True,2026-02-17T12:17:43.909168
2026-04-23,CAN,departure,14:20,TNA Jinan,CZ8479,China Southern,text,Duration: 2h 45m,,True,2026-02-17T12:17:43.909174
2026-04-23,CAN,departure,14:20,YIW Yiwu,CZ3795,China Southern,text,Duration: 2h 0m,,True,2026-02-17T12:17:43.909179
2026-04-23,CAN,departure,14:25,HRB Harbin,CZ3623,China Southern,text,Duration: 4h 15m,,True,2026-02-17T12:17:43.909185
2026-04-23,CAN,departure,14:25,XIY Xian,CZ3215,China Southern,text,Duration: 2h 35m,,True,2026-02-17T12:17:43.909190
2026-04-23,CAN,departure,14:25,LJG Lijiang,MU5742,China Eastern,text,Duration: 3h 0m,,True,2026-02-17T12:17:43.909195
2026-04-23,CAN,departure,14:30,TAO Qingdao,CZ5899,China Southern,text,Duration: 3h 5m,,True,2026-02-17T12:17:43.909200
2026-04-23,CAN,departure,14:30,SHA Shanghai,HO1858,Juneyao Airlines,text,Duration: 2h 20m,,True,2026-02-17T12:17:43.909205
2026-04-23,CAN,departure,14:30,CKG Chongqing,HU7441,Hainan Airlines,text,Duration: 2h 10m,,True,2026-02-17T12:17:43.909211
2026-04-23,CAN,departure,14:30,SHA Shanghai,MU5308,China Eastern,text,Duration: 2h 25m,,True,2026-02-17T12:17:43.909216
2026-04-23,CAN,departure,14:30,TNA Jinan,ZH9977,Shenzhen Airlines,text,Duration: 2h 35m,,True,2026-02-17T12:17:43.909221
2026-04-23,CAN,departure,14:35,HGH Hangzhou,GJ8700,Loong Air,text,Duration: 2h 25m,,True,2026-02-17T12:17:43.909227
2026-04-23,CAN,departure,14:35,KUL Kuala Lumpur,MH377,Malaysia Airlines,text,Duration: 4h 5m,,True,2026-02-17T12:17:43.909232
2026-04-23,CAN,departure,14:35,CTU Chengdu,MU6832,China Eastern,text,Duration: 2h 10m,,True,2026-02-17T12:17:43.909237
2026-04-23,CAN,departure,14:40,PEK Beijing,CA1318,Air China,text,Duration: 3h 5m,,True,2026-02-17T12:17:43.909242
2026-04-23,CAN,departure,14:40,HND Tokyo,CZ3085,China Southern,text,Duration: 4h 5m,,True,2026-02-17T12:17:43.909248
2026-04-23,CAN,departure,14:45,HGH Hangzhou,AQ1071,9 Air,text,Duration: 2h 5m,,True,2026-02-17T12:17:43.909253
2026-04-23,CAN,departure,14:45,LJG Lijiang,OQ2111,Chongqing Airlines,text,Duration: 3h 10m,,True,2026-02-17T12:17:43.909258
2026-04-23,CAN,departure,14:50,BKK Bangkok,CZ8023,China Southern,text,Duration: 3h 0m,,True,2026-02-17T12:17:43.909263
2026-04-23,CAN,departure,14:50,HFE Hefei,CZ6585,China Southern,text,Duration: 2h 15m,,True,2026-02-17T12:17:43.909268
2026-04-23,CAN,departure,14:55,LUM Mangshi,CZ6499,China Southern,text,Duration: 3h 5m,,True,2026-02-17T12:17:43.909273
2026-04-23,CAN,departure,14:55,WNZ Wenzhou,CZ3527,China Southern,text,Duration: 1h 55m,,True,2026-02-17T12:17:43.909278
2026-04-23,CAN,departure,15:00,PKX Beijing,CZ3999,China Southern,text,Duration: 3h 10m,,True,2026-02-17T12:17:43.909283
2026-04-23,CAN,departure,15:00,SHA Shanghai,CZ3571,China Southern,text,Duration: 2h 25m,,True,2026-02-17T12:17:43.909289
2026-04-23,CAN,departure,15:00,WUH Wuhan,CZ5770,China Southern,text,Duration: 1h 45m,,True,2026-02-17T12:17:43.909294
2026-04-23,CAN,departure,15:05,KMG Kunming,CZ3449,China Southern,text,Duration: 2h 30m,,True,2026-02-17T12:17:43.909299
2026-04-23,CAN,departure,15:05,XUZ Xuzhou,CZ3339,China Southern,text,Duration: 2h 20m,,True,2026-02-17T12:17:43.909304
2026-04-23,CAN,departure,15:05,CGO Zhengzhou,HU7287,Hainan Airlines,text,Duration: 2h 25m,,True,2026-02-17T12:17:43.909309
2026-04-23,CAN,departure,15:05,CKG Chongqing,OQ2318,Chongqing Airlines,text,Duration: 2h 25m,,True,2026-02-17T12:17:43.909314
2026-04-23,CAN,departure,15:10,BKI Kota Kinabalu,CZ8335,China Southern,text,Duration: 3h 10m,,True,2026-02-17T12:17:43.909320
2026-04-23,CAN,departure,15:10,HGH Hangzhou,CZ3501,China Southern,text,Duration: 2h 10m,,True,2026-02-17T12:17:43.909396
2026-04-23,CAN,departure,15:10,NKG Nanjing,CZ3699,China Southern,text,Duration: 2h 20m,,True,2026-02-17T12:17:43.909403
2026-04-23,CAN,departure,15:15,CTU Chengdu,CZ3417,China Southern,text,Duration: 2h 20m,,True,2026-02-17T12:17:43.909408
2026-04-23,CAN,departure,15:15,TAS Tashkent,CZ3053,China Southern,text,Duration: 7h 15m,,True,2026-02-17T12:17:43.909414
2026-04-23,CAN,departure,15:15,NKG Nanjing,HU7313,Hainan Airlines,text,Duration: 2h 10m,,True,2026-02-17T12:17:43.909419
2026-04-23,CAN,departure,15:15,PEK Beijing,HU7810,Hainan Airlines,text,Duration: 3h 0m,,True,2026-02-17T12:17:43.909424
2026-04-23,CAN,departure,15:15,PKX Beijing,MU6308,China Eastern,text,Duration: 3h 0m,,True,2026-02-17T12:17:43.909430
2026-04-23,CAN,departure,15:15,SGN Ho Chi Minh City,VN503,Vietnam Airlines,text,Duration: 3h 5m,,True,2026-02-17T12:17:43.909436
2026-04-23,CAN,departure,15:20,TFU Chengdu,HU7251,Hainan Airlines,text,Duration: 2h 20m,,True,2026-02-17T12:17:43.909442
2026-04-23,CAN,departure,15:25,TSN Tianjin,GS7896,Tianjin Airlines,text,Duration: 2h 50m,,True,2026-02-17T12:17:43.909447
2026-04-23,CAN,departure,15:25,PVG Shanghai,ZH9535,Shenzhen Airlines,text,Duration: 2h 20m,,True,2026-02-17T12:17:43.909452
2026-04-23,CAN,departure,15:30,CGO Zhengzhou,CZ8766,China Southern,text,Duration: 2h 20m,,True,2026-02-17T12:17:43.909458
2026-04-23,CAN,departure,15:30,SHA Shanghai,MU5310,China Eastern,text,Duration: 2h 15m,,True,2026-02-17T12:17:43.909463
2026-04-23,CAN,departure,15:30,LHW Lanzhou,OQ2131,Chongqing Airlines,text,Duration: 3h 25m,,True,2026-02-17T12:17:43.909469
2026-04-23,CAN,departure,15:35,SHE Shenyang,CZ6368,China Southern,text,Duration: 3h 50m,,True,2026-02-17T12:17:43.909474
2026-04-23,CAN,departure,15:40,PEK Beijing,CA1316,Air China,text,Duration: 3h 20m,,True,2026-02-17T12:17:43.909479
2026-04-23,CAN,departure,15:40,URC Urumqi,CZ6892,China Southern,text,Duration: 5h 15m,,True,2026-02-17T12:17:43.909484
2026-04-23,CAN,departure,15:40,WSK Wushan,CZ3961,China Southern,text,Duration: 2h 10m,,True,2026-02-17T12:17:43.909489
2026-04-23,CAN,departure,15:45,CGQ Changchun,CZ3606,China Southern,text,Duration: 4h 15m,,True,2026-02-17T12:17:43.909495
2026-04-23,CAN,departure,15:45,CGK Jakarta,GA899,Garuda Indonesia,text,Duration: 4h 55m,,True,2026-02-17T12:17:43.909500
2026-04-23,CAN,departure,15:45,BKK Bangkok,TG669,Thai Airways,text,Duration: 3h 0m,,True,2026-02-17T12:17:43.909505
2026-04-23,CAN,departure,15:55,BKK Bangkok,CZ363,China Southern,text,Duration: 3h 0m,,True,2026-02-17T12:17:43.909511
2026-04-23,CAN,departure,15:55,HGH Hangzhou,MF8382,XiamenAir,text,Duration: 1h 55m,,True,2026-02-17T12:17:43.909516
2026-04-23,CAN,departure,15:55,HPH Haiphong,ZH129,Shenzhen Airlines,text,Duration: 2h 25m,,True,2026-02-17T12:17:43.909521
2026-04-23,CAN,departure,16:00,CTU Chengdu,CA4318,Air China,text,Duration: 2h 35m,,True,2026-02-17T12:17:43.909526
2026-04-23,CAN,departure,16:00,CNX Chiang Mai,CZ3033,China Southern,text,Duration: 2h 50m,,True,2026-02-17T12:17:43.909532
2026-04-23,CAN,departure,16:00,PKX Beijing,CZ3115,China Southern,text,Duration: 3h 15m,,True,2026-02-17T12:17:43.909537
2026-04-23,CAN,departure,16:00,SHA Shanghai,CZ3503,China Southern,text,Duration: 2h 25m,,True,2026-02-17T12:17:43.909542
2026-04-23,CAN,departure,16:00,NGB Ningbo,HU7233,Hainan Airlines,text,Duration: 2h 10m,,True,2026-02-17T12:17:43.909548
2026-04-23,CAN,departure,16:00,NGB Ningbo,MU5238,China Eastern,text,Duration: 1h 55m,,True,2026-02-17T12:17:43.909553
2026-04-23,CAN,departure,16:00,TAO Qingdao,ZH9993,Shenzhen Airlines,text,Duration: 3h 5m,,True,2026-02-17T12:17:43.909558
2026-04-23,CAN,departure,16:05,SGN Ho Chi Minh City,9C7347,Spring Airlines,text,Duration: 2h 50m,,True,2026-02-17T12:17:43.909564
2026-04-23,CAN,departure,16:05,SHA Shanghai,9C6720,Spring Airlines,text,Duration: 1h 55m,,True,2026-02-17T12:17:43.909569
2026-04-23,CAN,departure,16:05,PVG Shanghai,AQ1011,9 Air,text,Duration: 2h 15m,,True,2026-02-17T12:17:43.909574
2026-04-23,CAN,departure,16:05,ISB Islamabad,CZ8069,China Southern,text,Duration: 6h 30m,,True,2026-02-17T12:17:43.909579
2026-04-23,CAN,departure,16:05,IST Istanbul,CZ8089,China Southern,text,Duration: 11h 5m,,True,2026-02-17T12:17:43.909585
2026-04-23,CAN,departure,16:05,TSN Tianjin,CZ3135,China Southern,text,Duration: 3h 0m,,True,2026-02-17T12:17:43.909590
2026-04-23,CAN,departure,16:05,TFU Chengdu,HU7351,Hainan Airlines,text,Duration: 2h 25m,,True,2026-02-17T12:17:43.909595
2026-04-23,CAN,departure,16:05,WUX Wuxi,ZH9829,Shenzhen Airlines,text,Duration: 2h 25m,,True,2026-02-17T12:17:43.909601
2026-04-23,CAN,departure,16:10,TAO Qingdao,CZ3573,China Southern,text,Duration: 3h 5m,,True,2026-02-17T12:17:43.909606
2026-04-23,CAN,departure,16:10,TYN Taiyuan,CZ3695,China Southern,text,Duration: 2h 40m,,True,2026-02-17T12:17:43.909612
2026-04-23,CAN,departure,16:10,SJW Shijiazhuang,OQ2135,Chongqing Airlines,text,Duration: 2h 45m,,True,2026-02-17T12:17:43.909617
2026-04-23,CAN,departure,16:10,RUH Riyadh,SV885,Saudia,text,Duration: 9h 10m,,True,2026-02-17T12:17:43.909622
2026-04-23,CAN,departure,16:15,LFQ Qiaoli,CZ8927,China Southern,text,Duration: 2h 50m,,True,2026-02-17T12:17:43.909628
2026-04-23,CAN,departure,16:15,YNT Yantai,CZ8777,China Southern,text,Duration: 3h 15m,,True,2026-02-17T12:17:43.909633
2026-04-23,CAN,departure,16:15,HAK Haikou,ZH8991,Shenzhen Airlines,text,Duration: 1h 25m,,True,2026-02-17T12:17:43.909638
2026-04-23,CAN,departure,16:20,SHA Shanghai,CA1829,Air China,text,Duration: 2h 20m,,True,2026-02-17T12:17:43.909644
2026-04-23,CAN,departure,16:20,CKG Chongqing,CZ3411,China Southern,text,Duration: 2h 20m,,True,2026-02-17T12:17:43.909649
2026-04-23,CAN,departure,16:20,INC Yinchuan,CZ5701,China Southern,text,Duration: 2h 55m,,True,2026-02-17T12:17:43.909654
2026-04-23,CAN,departure,16:20,HAN Hanoi,VN507,Vietnam Airlines,text,Duration: 2h 10m,,True,2026-02-17T12:17:43.909659
2026-04-23,CAN,departure,16:25,SWA Jieyang,CZ3892,China Southern,text,Duration: 1h 10m,,True,2026-02-17T12:17:43.909733
2026-04-23,CAN,departure,16:25,KMG Kunming,MU9690,China Eastern,text,Duration: 2h 30m,,True,2026-02-17T12:17:43.909740
2026-04-23,CAN,departure,16:30,HAK Haikou,CZ6778,China Southern,text,Duration: 1h 20m,,True,2026-02-17T12:17:43.909745
2026-04-23,CAN,departure,16:30,XNN Xining,CZ6241,China Southern,text,Duration: 3h 10m,,True,2026-02-17T12:17:43.909751
2026-04-23,CAN,departure,16:30,SHA Shanghai,MU5312,China Eastern,text,Duration: 2h 20m,,True,2026-02-17T12:17:43.909756
2026-04-23,CAN,departure,16:35,LHE Lahore,CZ6037,China Southern,text,Duration: 6h 10m,,True,2026-02-17T12:17:43.909761
2026-04-23,CAN,departure,16:35,WUH Wuhan,MU2541,China Eastern,text,Duration: 1h 50m,,True,2026-02-17T12:17:43.909766
2026-04-23,CAN,departure,16:40,PEK Beijing,CA1340,Air China,text,Duration: 3h 35m,,True,2026-02-17T12:17:43.909771
2026-04-23,CAN,departure,16:40,CZX Changzhou,CZ3899,China Southern,text,Duration: 2h 15m,,True,2026-02-17T12:17:43.909777
2026-04-23,CAN,departure,16:40,URC Urumqi,UQ2592,Urumqi Airlines,text,Duration: 5h 15m,,True,2026-02-17T12:17:43.909782
2026-04-23,CAN,departure,16:45,YIW Yiwu,CZ3304,China Southern,text,Duration: 2h 5m,,True,2026-02-17T12:17:43.909787
2026-04-23,CAN,departure,16:50,WUH Wuhan,CA8232,Air China,text,Duration: 1h 40m,,True,2026-02-17T12:17:43.909792
2026-04-23,CAN,departure,16:50,PEN Penang,CZ395,China Southern,text,Duration: 4h 10m,,True,2026-02-17T12:17:43.909798
2026-04-23,CAN,departure,16:50,WXN Wanxian,CZ8253,China Southern,text,Duration: 2h 10m,,True,2026-02-17T12:17:43.909803
2026-04-23,CAN,departure,16:50,YCU Yuncheng,CZ3921,China Southern,text,Duration: 2h 40m,,True,2026-02-17T12:17:43.909808
2026-04-23,CAN,departure,16:55,BKK Bangkok,CZ8019,China Southern,text,Duration: 3h 0m,,True,2026-02-17T12:17:43.909813
2026-04-23,CAN,departure,16:55,CSX Changsha,CZ3388,China Southern,text,Duration: 1h 35m,,True,2026-02-17T12:17:43.909818
2026-04-23,CAN,departure,16:55,FUG Fuyang,CZ3931,China Southern,text,Duration: 2h 15m,,True,2026-02-17T12:17:43.909823
2026-04-23,CAN,departure,16:55,KHN Nanchang,CZ8531,China Southern,text,Duration: 1h 40m,,True,2026-02-17T12:17:43.909828
2026-04-23,CAN,departure,16:55,SHE Shenyang,CZ6348,China Southern,text,Duration: 4h 0m,,True,2026-02-17T12:17:43.909833
2026-04-23,CAN,departure,16:55,WUX Wuxi,MU2918,China Eastern,text,Duration: 2h 25m,,True,2026-02-17T12:17:43.909838
2026-04-23,CAN,departure,16:55,CKG Chongqing,OQ2324,Chongqing Airlines,text,Duration: 2h 20m,,True,2026-02-17T12:17:43.909844
2026-04-23,CAN,departure,17:00,YBP Yibin,3U3053,Sichuan Airlines,text,Duration: 2h 5m,,True,2026-02-17T12:17:43.909849
2026-04-23,CAN,departure,17:00,PKX Beijing,CZ3113,China Southern,text,Duration: 3h 10m,,True,2026-02-17T12:17:43.909855
2026-04-23,CAN,departure,17:00,WUH Wuhan,CZ3346,China Southern,text,Duration: 1h 45m,,True,2026-02-17T12:17:43.909860
2026-04-23,CAN,departure,17:00,CGO Zhengzhou,HU7283,Hainan Airlines,text,Duration: 2h 25m,,True,2026-02-17T12:17:43.909865
2026-04-23,CAN,departure,17:00,HFE Hefei,ZH9989,Shenzhen Airlines,text,Duration: 2h 0m,,True,2026-02-17T12:17:43.909871
2026-04-23,CAN,departure,17:05,PKX Beijing,AQ1001,9 Air,text,Duration: 3h 10m,,True,2026-02-17T12:17:43.909883
2026-04-23,CAN,departure,17:05,CGO Zhengzhou,CZ3394,China Southern,text,Duration: 2h 25m,,True,2026-02-17T12:17:43.909888
2026-04-23,CAN,departure,17:05,XIY Xian,CZ3203,China Southern,text,Duration: 2h 40m,,True,2026-02-17T12:17:43.909893
2026-04-23,CAN,departure,17:05,NKG Nanjing,ZH9871,Shenzhen Airlines,text,Duration: 2h 25m,,True,2026-02-17T12:17:43.909898
2026-04-23,CAN,departure,17:10,TFU Chengdu,3U6704,Sichuan Airlines,text,Duration: 2h 5m,,True,2026-02-17T12:17:43.909903
2026-04-23,CAN,departure,17:10,HGH Hangzhou,CZ3829,China Southern,text,Duration: 2h 10m,,True,2026-02-17T12:17:43.909908
2026-04-23,CAN,departure,17:10,NKG Nanjing,CZ3697,China Southern,text,Duration: 2h 20m,,True,2026-02-17T12:17:43.909914
2026-04-23,CAN,departure,17:10,URC Urumqi,CZ6013,China Southern,text,Duration: 5h 20m,,True,2026-02-17T12:17:43.909919
2026-04-23,CAN,departure,17:10,VTE Vientiane,QV882,Lao Airlines,text,Duration: 2h 30m,,True,2026-02-17T12:17:43.909924
2026-04-23,CAN,departure,17:10,YNT Yantai,ZH9675,Shenzhen Airlines,text,Duration: 3h 10m,,True,2026-02-17T12:17:43.909929
2026-04-23,CAN,departure,17:15,TFU Chengdu,CZ3475,China Southern,text,Duration: 2h 20m,,True,2026-02-17T12:17:43.909934
2026-04-23,CAN,departure,17:15,TNA Jinan,CZ3707,China Southern,text,Duration: 2h 55m,,True,2026-02-17T12:17:43.909939
2026-04-23,CAN,departure,17:15,NKG Nanjing,ZH9873,Shenzhen Airlines,text,Duration: 2h 5m,,True,2026-02-17T12:17:43.909944
2026-04-23,CAN,departure,17:20,ICN Seoul,CZ339,China Southern,text,Duration: 3h 30m,,True,2026-02-17T12:17:43.909949
2026-04-23,CAN,departure,17:20,TAO Qingdao,CZ3609,China Southern,text,Duration: 3h 5m,,True,2026-02-17T12:17:43.909954
2026-04-23,CAN,departure,17:20,TYN Taiyuan,CZ3951,China Southern,text,Duration: 2h 35m,,True,2026-02-17T12:17:43.909959
2026-04-23,CAN,departure,17:20,WNZ Wenzhou,CZ3809,China Southern,text,Duration: 1h 45m,,True,2026-02-17T12:17:43.909964
2026-04-23,CAN,departure,17:20,JHG Jinghong,OQ2105,Chongqing Airlines,text,Duration: 3h 10m,,True,2026-02-17T12:17:43.909969
2026-04-23,CAN,departure,17:25,DLC Dalian,CZ6458,China Southern,text,Duration: 3h 25m,,True,2026-02-17T12:17:43.909974
2026-04-23,CAN,departure,17:25,XFN Xiangyang,GJ8381,Loong Air,text,Duration: 2h 0m,,True,2026-02-17T12:17:43.909979
2026-04-23,CAN,departure,17:30,HGH Hangzhou,CA1794,Air China,text,Duration: 2h 25m,,True,2026-02-17T12:17:43.909985
2026-04-23,CAN,departure,17:30,TPE Taipei,CI522,China Airlines,text,Duration: 2h 10m,,True,2026-02-17T12:17:43.909990
2026-04-23,CAN,departure,17:30,HAN Hanoi,CZ8177,China Southern,text,Duration: 2h 10m,,True,2026-02-17T12:17:43.909995
2026-04-23,CAN,departure,17:30,SHA Shanghai,MU5354,China Eastern,text,Duration: 2h 35m,,True,2026-02-17T12:17:43.910071
2026-04-23,CAN,departure,17:35,CKG Chongqing,CA4350,Air China,text,Duration: 2h 15m,,True,2026-02-17T12:17:43.910077
2026-04-23,CAN,departure,17:35,KUL Kuala Lumpur,CZ365,China Southern,text,Duration: 4h 15m,,True,2026-02-17T12:17:43.910083
2026-04-23,CAN,departure,17:35,YTY Yangzhou,ZH8909,Shenzhen Airlines,text,Duration: 2h 15m,,True,2026-02-17T12:17:43.910088
2026-04-23,CAN,departure,17:40,LUM Mangshi,MU9730,China Eastern,text,Duration: 3h 15m,,True,2026-02-17T12:17:43.910094
2026-04-23,CAN,departure,17:45,DXB Dubai,CZ383,China Southern,text,Duration: 9h 15m,,True,2026-02-17T12:17:43.910099
2026-04-23,CAN,departure,17:45,YNZ Yancheng,CZ8215,China Southern,text,Duration: 2h 40m,,True,2026-02-17T12:17:43.910104
2026-04-23,CAN,departure,17:45,NKG Nanjing,MU2718,China Eastern,text,Duration: 2h 25m,,True,2026-02-17T12:17:43.910110
2026-04-23,CAN,departure,17:45,TAO Qingdao,SC4678,Shandong Airlines,text,Duration: 2h 55m,,True,2026-02-17T12:17:43.910115
2026-04-23,CAN,departure,17:50,KMG Kunming,CZ3499,China Southern,text,Duration: 2h 35m,,True,2026-02-17T12:17:43.910120
2026-04-23,CAN,departure,17:50,NAO Nanchong,CZ3429,China Southern,text,Duration: 2h 30m,,True,2026-02-17T12:17:43.910126
2026-04-23,CAN,departure,17:50,SUB Surabaya,CZ8137,China Southern,text,Duration: 5h 10m,,True,2026-02-17T12:17:43.910131
2026-04-23,CAN,departure,17:50,XFN Xiangyang,CZ3361,China Southern,text,Duration: 2h 15m,,True,2026-02-17T12:17:43.910136
2026-04-23,CAN,departure,17:50,HGH Hangzhou,MU5216,China Eastern,text,Duration: 2h 0m,,True,2026-02-17T12:17:43.910142
2026-04-23,CAN,departure,17:55,WUX Wuxi,CZ3917,China Southern,text,Duration: 2h 30m,,True,2026-02-17T12:17:43.910148
2026-04-23,CAN,departure,17:55,YIH Yichang,CZ3299,China Southern,text,Duration: 1h 55m,,True,2026-02-17T12:17:43.910153
2026-04-23,CAN,departure,17:55,YIW Yiwu,CZ3635,China Southern,text,Duration: 2h 0m,,True,2026-02-17T12:17:43.910158
2026-04-23,CAN,departure,17:55,TAO Qingdao,MU5258,China Eastern,text,Duration: 2h 55m,,True,2026-02-17T12:17:43.910163
2026-04-23,CAN,departure,18:00,TFU Chengdu,CA4302,Air China,text,Duration: 2h 25m,,True,2026-02-17T12:17:43.910168
2026-04-23,CAN,departure,18:00,PKX Beijing,CZ3111,China Southern,text,Duration: 3h 5m,,True,2026-02-17T12:17:43.910173
2026-04-23,CAN,departure,18:00,PVG Shanghai,CZ8211,China Southern,text,Duration: 2h 30m,,True,2026-02-17T12:17:43.910178
2026-04-23,CAN,departure,18:05,SHA Shanghai,9C8856,Spring Airlines,text,Duration: 2h 5m,,True,2026-02-17T12:17:43.910183
2026-04-23,CAN,departure,18:05,BZX Bazhong,CZ8209,China Southern,text,Duration: 2h 20m,,True,2026-02-17T12:17:43.910188
2026-04-23,CAN,departure,18:05,LHW Lanzhou,HU7253,Hainan Airlines,text,Duration: 3h 0m,,True,2026-02-17T12:17:43.910193
2026-04-23,CAN,departure,18:10,HGH Hangzhou,CZ3801,China Southern,text,Duration: 2h 10m,,True,2026-02-17T12:17:43.910198
2026-04-23,CAN,departure,18:10,JFK New York,CZ699,China Southern,text,Duration: 15h 50m,,True,2026-02-17T12:17:43.910204
2026-04-23,CAN,departure,18:15,CTU Chengdu,CZ3427,China Southern,text,Duration: 2h 25m,,True,2026-02-17T12:17:43.910209
2026-04-23,CAN,departure,18:15,DPS Denpasar,CZ625,China Southern,text,Duration: 5h 15m,,True,2026-02-17T12:17:43.910214
2026-04-23,CAN,departure,18:15,PEK Beijing,HU7812,Hainan Airlines,text,Duration: 3h 15m,,True,2026-02-17T12:17:43.910219
2026-04-23,CAN,departure,18:15,FOC Fuzhou,MF8348,XiamenAir,text,Duration: 1h 55m,,True,2026-02-17T12:17:43.910224
2026-04-23,CAN,departure,18:15,CKG Chongqing,OQ2340,Chongqing Airlines,text,Duration: 2h 45m,,True,2026-02-17T12:17:43.910229
2026-04-23,CAN,departure,18:20,SYX Sanya,CZ6744,China Southern,text,Duration: 1h 50m,,True,2026-02-17T12:17:43.910234
2026-04-23,CAN,departure,18:20,HGH Hangzhou,ZH9983,Shenzhen Airlines,text,Duration: 1h 55m,,True,2026-02-17T12:17:43.910239
2026-04-23,CAN,departure,18:25,PVG Shanghai,HO1870,Juneyao Airlines,text,Duration: 2h 35m,,True,2026-02-17T12:17:43.910244
2026-04-23,CAN,departure,18:25,HGH Hangzhou,HU7361,Hainan Airlines,text,Duration: 2h 5m,,True,2026-02-17T12:17:43.910250
2026-04-23,CAN,departure,18:25,XMN Xiamen,MF8388,XiamenAir,text,Duration: 1h 25m,,True,2026-02-17T12:17:43.910255
2026-04-23,CAN,departure,18:25,CKG Chongqing,MU6825,China Eastern,text,Duration: 2h 5m,,True,2026-02-17T12:17:43.910260
2026-04-23,CAN,departure,18:30,HAK Haikou,CZ6792,China Southern,text,Duration: 1h 35m,,True,2026-02-17T12:17:43.910266
2026-04-23,CAN,departure,18:30,YYZ Toronto,CZ311,China Southern,text,Duration: 15h 0m,,True,2026-02-17T12:17:43.910271
2026-04-23,CAN,departure,18:30,SHA Shanghai,MU5314,China Eastern,text,Duration: 2h 30m,,True,2026-02-17T12:17:43.910276
2026-04-23,CAN,departure,18:35,SHE Shenyang,CZ6340,China Southern,text,Duration: 3h 55m,,True,2026-02-17T12:17:43.910282
2026-04-23,CAN,departure,18:40,PEK Beijing,CA1328,Air China,text,Duration: 3h 20m,,True,2026-02-17T12:17:43.910287
2026-04-23,CAN,departure,18:40,DOH Doha,CZ333,China Southern,text,Duration: 9h 10m,,True,2026-02-17T12:17:43.910292
2026-04-23,CAN,departure,18:40,DYG Dayong,CZ3381,China Southern,text,Duration: 1h 50m,,True,2026-02-17T12:17:43.910298
2026-04-23,CAN,departure,18:40,HRB Harbin,CZ5393,China Southern,text,Duration: 4h 20m,,True,2026-02-17T12:17:43.910303
2026-04-23,CAN,departure,18:40,NKG Nanjing,CZ3507,China Southern,text,Duration: 2h 20m,,True,2026-02-17T12:17:43.910309
2026-04-23,CAN,departure,18:50,KMG Kunming,MU5734,China Eastern,text,Duration: 2h 40m,,True,2026-02-17T12:17:43.910314
2026-04-23,CAN,departure,18:55,HGH Hangzhou,CA1796,Air China,text,Duration: 2h 15m,,True,2026-02-17T12:17:43.910319
2026-04-23,CAN,departure,18:55,AQG Anqing,CZ3319,China Southern,text,Duration: 2h 0m,,True,2026-02-17T12:17:43.910324
2026-04-23,CAN,departure,19:00,HFE Hefei,CZ3817,China Southern,text,Duration: 2h 5m,,True,2026-02-17T12:17:43.910330
2026-04-23,CAN,departure,19:00,PEN Penang,CZ8073,China Southern,text,Duration: 3h 55m,,True,2026-02-17T12:17:43.910403
2026-04-23,CAN,departure,19:00,PKX Beijing,CZ3105,China Southern,text,Duration: 3h 10m,,True,2026-02-17T12:17:43.910409
2026-04-23,CAN,departure,19:00,HAK Haikou,HU7006,Hainan Airlines,text,Duration: 1h 35m,,True,2026-02-17T12:17:43.910415
2026-04-23,CAN,departure,19:05,CKG Chongqing,3U8746,Sichuan Airlines,text,Duration: 1h 45m,,True,2026-02-17T12:17:43.910420
2026-04-23,CAN,departure,19:05,CTU Chengdu,CA4334,Air China,text,Duration: 2h 55m,,True,2026-02-17T12:17:43.910425
2026-04-23,CAN,departure,19:05,KWE Guiyang,CZ6411,China Southern,text,Duration: 1h 50m,,True,2026-02-17T12:17:43.910430
2026-04-23,CAN,departure,19:05,CKG Chongqing,OQ2129,Chongqing Airlines,text,Duration: 2h 25m,,True,2026-02-17T12:17:43.910435
2026-04-23,CAN,departure,19:10,HGH Hangzhou,CZ3819,China Southern,text,Duration: 2h 10m,,True,2026-02-17T12:17:43.910441
2026-04-23,CAN,departure,19:10,KMG Kunming,CZ3489,China Southern,text,Duration: 2h 30m,,True,2026-02-17T12:17:43.910446
2026-04-23,CAN,departure,19:10,CZX Changzhou,MU2948,China Eastern,text,Duration: 2h 10m,,True,2026-02-17T12:17:43.910451
2026-04-23,CAN,departure,19:15,CGK Jakarta,CZ387,China Southern,text,Duration: 5h 10m,,True,2026-02-17T12:17:43.910457
2026-04-23,CAN,departure,19:15,SHS Shashi,CZ6659,China Southern,text,Duration: 1h 50m,,True,2026-02-17T12:17:43.910462
2026-04-23,CAN,departure,19:15,URC Urumqi,CZ6884,China Southern,text,Duration: 5h 20m,,True,2026-02-17T12:17:43.910467
2026-04-23,CAN,departure,19:15,PEK Beijing,HU7814,Hainan Airlines,text,Duration: 3h 10m,,True,2026-02-17T12:17:43.910472
2026-04-23,CAN,departure,19:20,SYX Sanya,AQ1111,9 Air,text,Duration: 1h 35m,,True,2026-02-17T12:17:43.910477
2026-04-23,CAN,departure,19:20,TSN Tianjin,CA2804,Air China,text,Duration: 3h 15m,,True,2026-02-17T12:17:43.910482
2026-04-23,CAN,departure,19:20,DLC Dalian,CZ3608,China Southern,text,Duration: 3h 20m,,True,2026-02-17T12:17:43.910487
2026-04-23,CAN,departure,19:20,SYX Sanya,CZ6738,China Southern,text,Duration: 1h 35m,,True,2026-02-17T12:17:43.910492
2026-04-23,CAN,departure,19:20,WUH Wuhan,CZ659,China Southern,text,Duration: 1h 45m,,True,2026-02-17T12:17:43.910498
2026-04-23,CAN,departure,19:20,BAH Bahrain,GF123,Gulf Air,text,Duration: 8h 40m,,True,2026-02-17T12:17:43.910503
2026-04-23,CAN,departure,19:20,WNZ Wenzhou,ZH9963,Shenzhen Airlines,text,Duration: 1h 40m,,True,2026-02-17T12:17:43.910508
2026-04-23,CAN,departure,19:25,NGB Ningbo,CZ3371,China Southern,text,Duration: 2h 5m,,True,2026-02-17T12:17:43.910513
2026-04-23,CAN,departure,19:25,SIN Singapore,CZ351,China Southern,text,Duration: 4h 5m,,True,2026-02-17T12:17:43.910519
2026-04-23,CAN,departure,19:25,XIY Xian,CZ3231,China Southern,text,Duration: 2h 40m,,True,2026-02-17T12:17:43.910524
2026-04-23,CAN,departure,19:30,SHA Shanghai,FM9318,Shanghai Airlines,text,Duration: 2h 10m,,True,2026-02-17T12:17:43.910529
2026-04-23,CAN,departure,19:30,WUX Wuxi,ZH9831,Shenzhen Airlines,text,Duration: 2h 20m,,True,2026-02-17T12:17:43.910534
2026-04-23,CAN,departure,19:35,DAC Dhaka,CZ391,China Southern,text,Duration: 4h 15m,,True,2026-02-17T12:17:43.910539
2026-04-23,CAN,departure,19:35,HRB Harbin,CZ3905,China Southern,text,Duration: 4h 15m,,True,2026-02-17T12:17:43.910544
2026-04-23,CAN,departure,19:35,TSN Tianjin,GS7926,Tianjin Airlines,text,Duration: 3h 5m,,True,2026-02-17T12:17:43.910549
2026-04-23,CAN,departure,19:40,CKG Chongqing,AQ1101,9 Air,text,Duration: 2h 15m,,True,2026-02-17T12:17:43.910554
2026-04-23,CAN,departure,19:40,PEK Beijing,CA1302,Air China,text,Duration: 3h 15m,,True,2026-02-17T12:17:43.910559
2026-04-23,CAN,departure,19:40,PKX Beijing,MU6310,China Eastern,text,Duration: 3h 20m,,True,2026-02-17T12:17:43.910564
2026-04-23,CAN,departure,19:40,TFU Chengdu,MU6186,China Eastern,text,Duration: 2h 10m,,True,2026-02-17T12:17:43.910569
2026-04-23,CAN,departure,19:45,CGQ Changchun,CZ6852,China Southern,text,Duration: 4h 20m,,True,2026-02-17T12:17:43.910574
2026-04-23,CAN,departure,19:45,HET Hohhot,CZ3181,China Southern,text,Duration: 3h 10m,,True,2026-02-17T12:17:43.910579
2026-04-23,CAN,departure,19:45,CKG Chongqing,HU7241,Hainan Airlines,text,Duration: 2h 15m,,True,2026-02-17T12:17:43.910584
2026-04-23,CAN,departure,19:45,LHW Lanzhou,MU2306,China Eastern,text,Duration: 3h 5m,,True,2026-02-17T12:17:43.910589
2026-04-23,CAN,departure,19:55,CKG Chongqing,CA4342,Air China,text,Duration: 2h 5m,,True,2026-02-17T12:17:43.910594
2026-04-23,CAN,departure,19:55,WXN Wanxian,CA4390,Air China,text,Duration: 1h 55m,,True,2026-02-17T12:17:43.910599
2026-04-23,CAN,departure,19:55,KTM Kathmandu,CZ3067,China Southern,text,Duration: 4h 50m,,True,2026-02-17T12:17:43.910604
2026-04-23,CAN,departure,19:55,KUL Kuala Lumpur,CZ5035,China Southern,text,Duration: 4h 20m,,True,2026-02-17T12:17:43.910610
2026-04-23,CAN,departure,19:55,PKX Beijing,KN5322,China United Airlines,text,Duration: 2h 45m,,True,2026-02-17T12:17:43.910615
2026-04-23,CAN,departure,20:00,PKX Beijing,CZ3161,China Southern,text,Duration: 3h 10m,,True,2026-02-17T12:17:43.910621
2026-04-23,CAN,departure,20:00,SHA Shanghai,CZ3595,China Southern,text,Duration: 2h 20m,,True,2026-02-17T12:17:43.910626
2026-04-23,CAN,departure,20:00,TSN Tianjin,CZ3349,China Southern,text,Duration: 2h 55m,,True,2026-02-17T12:17:43.910632
2026-04-23,CAN,departure,20:00,PVG Shanghai,FM9320,Shanghai Airlines,text,Duration: 2h 20m,,True,2026-02-17T12:17:43.910637
2026-04-23,CAN,departure,20:00,XIY Xian,HU7858,Hainan Airlines,text,Duration: 2h 45m,,True,2026-02-17T12:17:43.910642
2026-04-23,CAN,departure,20:00,KTI Phnom Penh,KR936,Cambodia Airways,text,Duration: 2h 50m,,True,2026-02-17T12:17:43.910648
2026-04-23,CAN,departure,20:05,BKK Bangkok,CZ361,China Southern,text,Duration: 2h 55m,,True,2026-02-17T12:17:43.910653
2026-04-23,CAN,departure,20:05,FOC Fuzhou,CZ3647,China Southern,text,Duration: 1h 35m,,True,2026-02-17T12:17:43.910659
2026-04-23,CAN,departure,20:05,XMN Xiamen,CZ3805,China Southern,text,Duration: 1h 25m,,True,2026-02-17T12:17:43.910731
2026-04-23,CAN,departure,20:10,HGH Hangzhou,CZ3849,China Southern,text,Duration: 2h 15m,,True,2026-02-17T12:17:43.910738
2026-04-23,CAN,departure,20:10,NKG Nanjing,CZ3871,China Southern,text,Duration: 2h 20m,,True,2026-02-17T12:17:43.910743
2026-04-23,CAN,departure,20:10,WNZ Wenzhou,CZ3675,China Southern,text,Duration: 1h 45m,,True,2026-02-17T12:17:43.910749
2026-04-23,CAN,departure,20:10,TNA Jinan,SC1172,Shandong Airlines,text,Duration: 2h 45m,,True,2026-02-17T12:17:43.910754
2026-04-23,CAN,departure,20:15,CGD Changde,CZ3247,China Southern,text,Duration: 1h 30m,,True,2026-02-17T12:17:43.910759
2026-04-23,CAN,departure,20:15,CTU Chengdu,CZ3413,China Southern,text,Duration: 2h 25m,,True,2026-02-17T12:17:43.910764
2026-04-23,CAN,departure,20:15,SGN Ho Chi Minh City,CZ367,China Southern,text,Duration: 2h 45m,,True,2026-02-17T12:17:43.910770
2026-04-23,CAN,departure,20:15,SJW Shijiazhuang,CZ3131,China Southern,text,Duration: 2h 40m,,True,2026-02-17T12:17:43.910775
2026-04-23,CAN,departure,20:15,TYN Taiyuan,CZ3377,China Southern,text,Duration: 2h 40m,,True,2026-02-17T12:17:43.910781
2026-04-23,CAN,departure,20:15,SHA Shanghai,HO1868,Juneyao Airlines,text,Duration: 2h 10m,,True,2026-02-17T12:17:43.910786
2026-04-23,CAN,departure,20:15,LJG Lijiang,JD5131,Capital Airlines,text,Duration: 2h 35m,,True,2026-02-17T12:17:43.910791
2026-04-23,CAN,departure,20:15,TAO Qingdao,SC4676,Shandong Airlines,text,Duration: 2h 55m,,True,2026-02-17T12:17:43.910796
2026-04-23,CAN,departure,20:20,JDZ Jingdezhen,ZH9997,Shenzhen Airlines,text,Duration: 1h 45m,,True,2026-02-17T12:17:43.910802
2026-04-23,CAN,departure,20:25,CTU Chengdu,3U8740,Sichuan Airlines,text,Duration: 2h 35m,,True,2026-02-17T12:17:43.910807
2026-04-23,CAN,departure,20:25,XIY Xian,CZ3211,China Southern,text,Duration: 2h 40m,,True,2026-02-17T12:17:43.910812
2026-04-23,CAN,departure,20:25,PKX Beijing,JD5922,Capital Airlines,text,Duration: 3h 0m,,True,2026-02-17T12:17:43.910818
2026-04-23,CAN,departure,20:30,HAK Haikou,CZ6784,China Southern,text,Duration: 1h 40m,,True,2026-02-17T12:17:43.910823
2026-04-23,CAN,departure,20:30,LHW Lanzhou,CZ3251,China Southern,text,Duration: 3h 15m,,True,2026-02-17T12:17:43.910828
2026-04-23,CAN,departure,20:30,MNL Manila,CZ3077,China Southern,text,Duration: 2h 45m,,True,2026-02-17T12:17:43.910833
2026-04-23,CAN,departure,20:30,WUH Wuhan,CZ6589,China Southern,text,Duration: 1h 45m,,True,2026-02-17T12:17:43.910838
2026-04-23,CAN,departure,20:30,SHA Shanghai,MU5318,China Eastern,text,Duration: 2h 15m,,True,2026-02-17T12:17:43.910843
2026-04-23,CAN,departure,20:35,CKG Chongqing,CZ3439,China Southern,text,Duration: 2h 5m,,True,2026-02-17T12:17:43.910848
2026-04-23,CAN,departure,20:35,HIA Huai'an,CZ3995,China Southern,text,Duration: 2h 30m,,True,2026-02-17T12:17:43.910854
2026-04-23,CAN,departure,20:40,HFE Hefei,AQ1127,9 Air,text,Duration: 2h 0m,,True,2026-02-17T12:17:43.910860
2026-04-23,CAN,departure,20:40,PEK Beijing,CA1366,Air China,text,Duration: 3h 15m,,True,2026-02-17T12:17:43.910865
2026-04-23,CAN,departure,20:40,LYI Linyi,CZ3991,China Southern,text,Duration: 2h 35m,,True,2026-02-17T12:17:43.910870
2026-04-23,CAN,departure,20:40,PVG Shanghai,HU7231,Hainan Airlines,text,Duration: 2h 20m,,True,2026-02-17T12:17:43.910875
2026-04-23,CAN,departure,20:45,HRB Harbin,CZ8720,China Southern,text,Duration: 4h 5m,,True,2026-02-17T12:17:43.910880
2026-04-23,CAN,departure,20:45,NGB Ningbo,CZ3671,China Southern,text,Duration: 2h 0m,,True,2026-02-17T12:17:43.910885
2026-04-23,CAN,departure,20:50,TAO Qingdao,CZ3715,China Southern,text,Duration: 3h 5m,,True,2026-02-17T12:17:43.910890
2026-04-23,CAN,departure,20:50,PKX Beijing,MU6312,China Eastern,text,Duration: 3h 15m,,True,2026-02-17T12:17:43.910896
2026-04-23,CAN,departure,20:55,PVG Shanghai,CA1866,Air China,text,Duration: 2h 25m,,True,2026-02-17T12:17:43.910901
2026-04-23,CAN,departure,20:55,HGH Hangzhou,MU5218,China Eastern,text,Duration: 2h 15m,,True,2026-02-17T12:17:43.910906
2026-04-23,CAN,departure,21:00,CTU Chengdu,CA4304,Air China,text,Duration: 2h 30m,,True,2026-02-17T12:17:43.910911
2026-04-23,CAN,departure,21:00,KUL Kuala Lumpur,CZ8071,China Southern,text,Duration: 4h 10m,,True,2026-02-17T12:17:43.910916
2026-04-23,CAN,departure,21:00,PKX Beijing,CZ3107,China Southern,text,Duration: 3h 10m,,True,2026-02-17T12:17:43.910921
2026-04-23,CAN,departure,21:00,SYD Sydney,CZ325,China Southern,text,Duration: 9h 25m,,True,2026-02-17T12:17:43.910926
2026-04-23,CAN,departure,21:00,HAK Haikou,HU7010,Hainan Airlines,text,Duration: 1h 30m,,True,2026-02-17T12:17:43.910932
2026-04-23,CAN,departure,21:00,TFU Chengdu,ZH9445,Shenzhen Airlines,text,Duration: 2h 25m,,True,2026-02-17T12:17:43.910937
2026-04-23,CAN,departure,21:05,CSX Changsha,CZ6043,China Southern,text,Duration: 1h 25m,,True,2026-02-17T12:17:43.910943
2026-04-23,CAN,departure,21:05,DLC Dalian,CZ6468,China Southern,text,Duration: 3h 20m,,True,2026-02-17T12:17:43.910948
2026-04-23,CAN,departure,21:05,SHE Shenyang,CZ3601,China Southern,text,Duration: 3h 50m,,True,2026-02-17T12:17:43.910953
2026-04-23,CAN,departure,21:05,NKG Nanjing,ZH9877,Shenzhen Airlines,text,Duration: 2h 10m,,True,2026-02-17T12:17:43.910958
2026-04-23,CAN,departure,21:10,BKI Kota Kinabalu,CZ8483,China Southern,text,Duration: 3h 20m,,True,2026-02-17T12:17:43.910964
2026-04-23,CAN,departure,21:10,TNA Jinan,CZ3663,China Southern,text,Duration: 2h 40m,,True,2026-02-17T12:17:43.910969
2026-04-23,CAN,departure,21:10,PKX Beijing,MF8340,XiamenAir,text,Duration: 3h 0m,,True,2026-02-17T12:17:43.910974
2026-04-23,CAN,departure,21:10,TNA Jinan,SC1176,Shandong Airlines,text,Duration: 2h 35m,,True,2026-02-17T12:17:43.910979
2026-04-23,CAN,departure,21:10,WUX Wuxi,ZH9833,Shenzhen Airlines,text,Duration: 2h 25m,,True,2026-02-17T12:17:43.910985
2026-04-23,CAN,departure,21:15,BNE Brisbane,CZ381,China Southern,text,Duration: 9h 0m,,True,2026-02-17T12:17:43.910990
2026-04-23,CAN,departure,21:15,PEK Beijing,HU7816,Hainan Airlines,text,Duration: 3h 0m,,True,2026-02-17T12:17:43.911068
2026-04-23,CAN,departure,21:15,NKG Nanjing,ZH9875,Shenzhen Airlines,text,Duration: 2h 40m,,True,2026-02-17T12:17:43.911075
2026-04-23,CAN,departure,21:20,MEL Melbourne,CZ321,China Southern,text,Duration: 9h 20m,,True,2026-02-17T12:17:43.911080
2026-04-23,CAN,departure,21:20,NNG Nanning,CZ3291,China Southern,text,Duration: 1h 55m,,True,2026-02-17T12:17:43.911085
2026-04-23,CAN,departure,21:20,KMG Kunming,KY8282,Kunming Airlines,text,Duration: 2h 45m,,True,2026-02-17T12:17:43.911090
2026-04-23,CAN,departure,21:20,TNA Jinan,SC1174,Shandong Airlines,text,Duration: 2h 50m,,True,2026-02-17T12:17:43.911096
2026-04-23,CAN,departure,21:25,KUL Kuala Lumpur,AQ1271,9 Air,text,Duration: 4h 15m,,True,2026-02-17T12:17:43.911101
2026-04-23,CAN,departure,21:25,XIY Xian,CZ3217,China Southern,text,Duration: 2h 50m,,True,2026-02-17T12:17:43.911107
2026-04-23,CAN,departure,21:25,HGH Hangzhou,MF8312,XiamenAir,text,Duration: 2h 15m,,True,2026-02-17T12:17:43.911112
2026-04-23,CAN,departure,21:30,KMG Kunming,8L9976,Lucky Air,text,Duration: 2h 45m,,True,2026-02-17T12:17:43.911117
2026-04-23,CAN,departure,21:30,CGO Zhengzhou,CZ3390,China Southern,text,Duration: 2h 25m,,True,2026-02-17T12:17:43.911122
2026-04-23,CAN,departure,21:30,HYN Taizhou,CZ8261,China Southern,text,Duration: 2h 0m,,True,2026-02-17T12:17:43.911127
2026-04-23,CAN,departure,21:30,SHA Shanghai,MU9200,China Eastern,text,Duration: 2h 25m,,True,2026-02-17T12:17:43.911133
2026-04-23,CAN,departure,21:30,XIY Xian,ZH9225,Shenzhen Airlines,text,Duration: 2h 50m,,True,2026-02-17T12:17:43.911138
2026-04-23,CAN,departure,21:35,SHA Shanghai,9C8932,Spring Airlines,text,Duration: 2h 15m,,True,2026-02-17T12:17:43.911143
2026-04-23,CAN,departure,21:40,KMG Kunming,CZ3419,China Southern,text,Duration: 2h 30m,,True,2026-02-17T12:17:43.911148
2026-04-23,CAN,departure,21:40,LZO Luzhou,CZ3949,China Southern,text,Duration: 2h 10m,,True,2026-02-17T12:17:43.911154
2026-04-23,CAN,departure,21:40,SHA Shanghai,HO1852,Juneyao Airlines,text,Duration: 2h 15m,,True,2026-02-17T12:17:43.911159
2026-04-23,CAN,departure,21:50,TNA Jinan,MU5260,China Eastern,text,Duration: 2h 40m,,True,2026-02-17T12:17:43.911164
2026-04-23,CAN,departure,21:55,NNY Nanyang,CZ3383,China Southern,text,Duration: 2h 15m,,True,2026-02-17T12:17:43.911169
2026-04-23,CAN,departure,21:55,WNZ Wenzhou,CZ3769,China Southern,text,Duration: 1h 45m,,True,2026-02-17T12:17:43.911174
2026-04-23,CAN,departure,22:00,KUL Kuala Lumpur,AK117,AirAsia,text,Duration: 4h 15m,,True,2026-02-17T12:17:43.911180
2026-04-23,CAN,departure,22:00,PVG Shanghai,CZ3586,China Southern,text,Duration: 2h 20m,,True,2026-02-17T12:17:43.911185
2026-04-23,CAN,departure,22:00,XUZ Xuzhou,CZ6281,China Southern,text,Duration: 2h 20m,,True,2026-02-17T12:17:43.911190
2026-04-23,CAN,departure,22:00,YIW Yiwu,CZ3886,China Southern,text,Duration: 1h 55m,,True,2026-02-17T12:17:43.911195
2026-04-23,CAN,departure,22:05,SYX Sanya,CZ6736,China Southern,text,Duration: 1h 45m,,True,2026-02-17T12:17:43.911201
2026-04-23,CAN,departure,22:05,TYN Taiyuan,HU7249,Hainan Airlines,text,Duration: 2h 40m,,True,2026-02-17T12:17:43.911206
2026-04-23,CAN,departure,22:05,NTG Nantong,ZH8695,Shenzhen Airlines,text,Duration: 2h 15m,,True,2026-02-17T12:17:43.911212
2026-04-23,CAN,departure,22:10,HAN Hanoi,CZ371,China Southern,text,Duration: 2h 5m,,True,2026-02-17T12:17:43.911216
2026-04-23,CAN,departure,22:10,HFE Hefei,CZ3815,China Southern,text,Duration: 2h 15m,,True,2026-02-17T12:17:43.911222
2026-04-23,CAN,departure,22:10,KHN Nanchang,CZ3343,China Southern,text,Duration: 1h 35m,,True,2026-02-17T12:17:43.911227
2026-04-23,CAN,departure,22:10,BKK Bangkok,KQ887,Kenya Airways,text,Duration: 2h 25m,,True,2026-02-17T12:17:43.911232
2026-04-23,CAN,departure,22:15,INC Yinchuan,CZ3253,China Southern,text,Duration: 2h 55m,,True,2026-02-17T12:17:43.911238
2026-04-23,CAN,departure,22:15,KTI Phnom Penh,CZ323,China Southern,text,Duration: 2h 55m,,True,2026-02-17T12:17:43.911243
2026-04-23,CAN,departure,22:15,KWE Guiyang,CZ3662,China Southern,text,Duration: 1h 40m,,True,2026-02-17T12:17:43.911249
2026-04-23,CAN,departure,22:15,SWA Jieyang,CZ3896,China Southern,text,Duration: 1h 15m,,True,2026-02-17T12:17:43.911254
2026-04-23,CAN,departure,22:15,CGO Zhengzhou,ZH8903,Shenzhen Airlines,text,Duration: 2h 20m,,True,2026-02-17T12:17:43.911259
2026-04-23,CAN,departure,22:20,HKG Hong Kong,CX989,Cathay Pacific,text,Duration: 1h 20m,,True,2026-02-17T12:17:43.911265
2026-04-23,CAN,departure,22:20,CZX Changzhou,CZ3993,China Southern,text,Duration: 2h 15m,,True,2026-02-17T12:17:43.911270
2026-04-23,CAN,departure,22:20,CKG Chongqing,OQ2326,Chongqing Airlines,text,Duration: 2h 10m,,True,2026-02-17T12:17:43.911276
2026-04-23,CAN,departure,22:25,YTY Yangzhou,CZ3957,China Southern,text,Duration: 2h 20m,,True,2026-02-17T12:17:43.911281
2026-04-23,CAN,departure,22:25,KMG Kunming,MU5740,China Eastern,text,Duration: 2h 30m,,True,2026-02-17T12:17:43.911286
2026-04-23,CAN,departure,22:30,HAK Haikou,CZ6788,China Southern,text,Duration: 1h 15m,,True,2026-02-17T12:17:43.911292
2026-04-23,CAN,departure,22:30,WUH Wuhan,CZ3367,China Southern,text,Duration: 1h 50m,,True,2026-02-17T12:17:43.911297
2026-04-23,CAN,departure,22:35,HGH Hangzhou,GJ8996,Loong Air,text,Duration: 2h 10m,,True,2026-02-17T12:17:43.911302
2026-04-23,CAN,departure,22:55,CSX Changsha,CZ5592,China Southern,text,Duration: 1h 40m,,True,2026-02-17T12:17:43.911307
2026-04-23,CAN,departure,22:55,SIN Singapore,CZ8489,China Southern,text,Duration: 4h 10m,,True,2026-02-17T12:17:43.911313
2026-04-23,CAN,departure,23:00,HGH Hangzhou,3U3154,Sichuan Airlines,text,Duration: 1h 50m,,True,2026-02-17T12:17:43.911318
2026-04-23,CAN,departure,23:00,BAR Qionghai,AQ1145,9 Air,text,Duration: 1h 35m,,True,2026-02-17T12:17:43.911323
2026-04-23,CAN,departure,23:00,HAK Haikou,HU7012,Hainan Airlines,text,Duration: 1h 35m,,True,2026-02-17T12:17:43.911329
2026-04-23,CAN,departure,23:00,SYX Sanya,HU7310,Hainan Airlines,text,Duration: 1h 35m,,True,2026-02-17T12:17:43.911414
2026-04-23,CAN,departure,23:00,NKG Nanjing,MU9768,China Eastern,text,Duration: 2h 20m,,True,2026-02-17T12:17:43.911422
2026-04-23,CAN,departure,23:00,IST Istanbul,TK73,Turkish Airlines,text,Duration: 11h 30m,,True,2026-02-17T12:17:43.911429
2026-04-23,CAN,departure,23:05,CGO Zhengzhou,CZ3960,China Southern,text,Duration: 2h 20m,,True,2026-02-17T12:17:43.911434
2026-04-23,CAN,departure,23:05,BKK Bangkok,MU2077,China Eastern,text,Duration: 3h 10m,,True,2026-02-17T12:17:43.911440
2026-04-23,CAN,departure,23:05,SJW Shijiazhuang,NS3658,Hebei Airlines,text,Duration: 2h 30m,,True,2026-02-17T12:17:43.911445
2026-04-23,CAN,departure,23:05,CGO Zhengzhou,PN6380,West Air (China),text,Duration: 2h 20m,,True,2026-02-17T12:17:43.911451
2026-04-23,CAN,departure,23:10,BHY Beihai,CZ3353,China Southern,text,Duration: 1h 25m,,True,2026-02-17T12:17:43.911457
2026-04-23,CAN,departure,23:10,CGD Changde,CZ3229,China Southern,text,Duration: 1h 30m,,True,2026-02-17T12:17:43.911462
2026-04-23,CAN,departure,23:10,ZHA Zhanjiang,CZ3329,China Southern,text,Duration: 1h 15m,,True,2026-02-17T12:17:43.911467
2026-04-23,CAN,departure,23:20,CAI Cairo,MS959,EgyptAir,text,Duration: 10h 30m,,True,2026-02-17T12:17:43.911473
2026-04-23,CAN,departure,23:30,BKK Bangkok,AQ1265,9 Air,text,Duration: 2h 55m,,True,2026-02-17T12:17:43.911480
2026-04-23,CAN,departure,23:30,HAK Haikou,CZ6776,China Southern,text,Duration: 1h 25m,,True,2026-02-17T12:17:43.911486
2026-04-23,CAN,departure,23:30,XIY Xian,MU2304,China Eastern,text,Duration: 2h 25m,,True,2026-02-17T12:17:43.911491
2026-04-23,CAN,departure,23:35,BKK Bangkok,CZ3035,China Southern,text,Duration: 2h 55m,,True,2026-02-17T12:17:43.911496
2026-04-23,CAN,departure,23:35,SGN Ho Chi Minh City,CZ6089,China Southern,text,Duration: 3h 0m,,True,2026-02-17T12:17:43.911503
2026-04-23,CAN,departure,23:40,CKG Chongqing,PN6206,West Air (China),text,Duration: 2h 15m,,True,2026-02-17T12:17:43.911508
2026-04-23,CAN,arrival,00:05,BKK Bangkok,CZ8020,China Southern,text,Duration: 3h 10m,,True,2026-02-17T12:18:45.619193
2026-04-23,CAN,arrival,00:05,XMN Xiamen,CZ3806,China Southern,text,Duration: 1h 35m,,True,2026-02-17T12:18:45.619203
2026-04-23,CAN,arrival,00:05,HET Hohhot,GJ8568,Loong Air,text,Duration: 3h 15m,,True,2026-02-17T12:18:45.619209
2026-04-23,CAN,arrival,00:05,HGH Hangzhou,HU7362,Hainan Airlines,text,Duration: 2h 20m,,True,2026-02-17T12:18:45.619215
2026-04-23,CAN,arrival,00:05,ICN Seoul,OZ357,Asiana,text,Duration: 3h 55m,,True,2026-02-17T12:18:45.619220
2026-04-23,CAN,arrival,00:10,SJW Shijiazhuang,9C8900,Spring Airlines,text,Duration: 3h 25m,,True,2026-02-17T12:18:45.619226
2026-04-23,CAN,arrival,00:10,NKG Nanjing,AQ1030,9 Air,text,Duration: 2h 40m,,True,2026-02-17T12:18:45.619231
2026-04-23,CAN,arrival,00:10,XIY Xian,HU7827,Hainan Airlines,text,Duration: 2h 40m,,True,2026-02-17T12:18:45.619236
2026-04-23,CAN,arrival,00:10,SHA Shanghai,MU5319,China Eastern,text,Duration: 2h 15m,,True,2026-02-17T12:18:45.619242
2026-04-23,CAN,arrival,00:15,SHA Shanghai,CZ3582,China Southern,text,Duration: 2h 25m,,True,2026-02-17T12:18:45.619247
2026-04-23,CAN,arrival,00:15,HGH Hangzhou,GJ8859,Loong Air,text,Duration: 2h 25m,,True,2026-02-17T12:18:45.619252
2026-04-23,CAN,arrival,00:15,SHA Shanghai,HO1853,Juneyao Airlines,text,Duration: 2h 20m,,True,2026-02-17T12:18:45.619257
2026-04-23,CAN,arrival,00:15,SIN Singapore,SQ852,Singapore Airlines,text,Duration: 4h 25m,,True,2026-02-17T12:18:45.619263
2026-04-23,CAN,arrival,00:20,LYG Lianyungang,AQ1180,9 Air,text,Duration: 3h 0m,,True,2026-02-17T12:18:45.619268
2026-04-23,CAN,arrival,00:20,SYX Sanya,AQ1112,9 Air,text,Duration: 1h 50m,,True,2026-02-17T12:18:45.619274
2026-04-23,CAN,arrival,00:20,TSN Tianjin,BK2788,OkAir,text,Duration: 3h 5m,,True,2026-02-17T12:18:45.619279
2026-04-23,CAN,arrival,00:20,PEK Beijing,CA1329,Air China,text,Duration: 3h 20m,,True,2026-02-17T12:18:45.619285
2026-04-23,CAN,arrival,00:20,NKG Nanjing,CZ3508,China Southern,text,Duration: 2h 20m,,True,2026-02-17T12:18:45.619290
2026-04-23,CAN,arrival,00:20,CGQ Changchun,ZH9696,Shenzhen Airlines,text,Duration: 4h 45m,,True,2026-02-17T12:18:45.619295
2026-04-23,CAN,arrival,00:20,HAK Haikou,ZH8994,Shenzhen Airlines,text,Duration: 1h 15m,,True,2026-02-17T12:18:45.619301
2026-04-23,CAN,arrival,00:25,SHA Shanghai,9C6883,Spring Airlines,text,Duration: 2h 40m,,True,2026-02-17T12:18:45.619307
2026-04-23,CAN,arrival,00:25,FOC Fuzhou,CZ3648,China Southern,text,Duration: 1h 55m,,True,2026-02-17T12:18:45.619312
2026-04-23,CAN,arrival,00:25,HFE Hefei,CZ3818,China Southern,text,Duration: 2h 20m,,True,2026-02-17T12:18:45.619317
2026-04-23,CAN,arrival,00:25,PVG Shanghai,CZ8212,China Southern,text,Duration: 2h 30m,,True,2026-02-17T12:18:45.619323
2026-04-23,CAN,arrival,00:25,ENH Enshi,GJ6032,Loong Air,text,Duration: 1h 50m,,True,2026-02-17T12:18:45.619328
2026-04-23,CAN,arrival,00:25,CKG Chongqing,OQ2130,Chongqing Airlines,text,Duration: 1h 50m,,True,2026-02-17T12:18:45.619334
2026-04-23,CAN,arrival,00:30,KUL Kuala Lumpur,AK118,AirAsia,text,Duration: 4h 15m,,True,2026-02-17T12:18:45.619339
2026-04-23,CAN,arrival,00:30,PKX Beijing,CA8678,Air China,text,Duration: 3h 15m,,True,2026-02-17T12:18:45.619345
2026-04-23,CAN,arrival,00:30,CTU Chengdu,CZ3428,China Southern,text,Duration: 2h 30m,,True,2026-02-17T12:18:45.619350
2026-04-23,CAN,arrival,00:30,TFU Chengdu,JD5162,Capital Airlines,text,Duration: 2h 0m,,True,2026-02-17T12:18:45.619355
2026-04-23,CAN,arrival,00:35,JHG Jinghong,AQ1042,9 Air,text,Duration: 2h 25m,,True,2026-02-17T12:18:45.619361
2026-04-23,CAN,arrival,00:40,WXN Wanxian,CA4389,Air China,text,Duration: 2h 5m,,True,2026-02-17T12:18:45.619366
2026-04-23,CAN,arrival,00:40,TAO Qingdao,CZ3610,China Southern,text,Duration: 3h 15m,,True,2026-02-17T12:18:45.619372
2026-04-23,CAN,arrival,00:40,CGO Zhengzhou,GJ8584,Loong Air,text,Duration: 2h 40m,,True,2026-02-17T12:18:45.619377
2026-04-23,CAN,arrival,00:40,HGH Hangzhou,JD5270,Capital Airlines,text,Duration: 2h 30m,,True,2026-02-17T12:18:45.619383
2026-04-23,CAN,arrival,00:40,DIG Diqing,MU5773,China Eastern,text,Duration: 3h 0m,,True,2026-02-17T12:18:45.619388
2026-04-23,CAN,arrival,00:40,WUX Wuxi,MU2907,China Eastern,text,Duration: 2h 20m,,True,2026-02-17T12:18:45.619393
2026-04-23,CAN,arrival,00:45,PKX Beijing,AQ1002,9 Air,text,Duration: 3h 25m,,True,2026-02-17T12:18:45.619399
2026-04-23,CAN,arrival,00:45,WNZ Wenzhou,CZ3676,China Southern,text,Duration: 2h 0m,,True,2026-02-17T12:18:45.619404
2026-04-23,CAN,arrival,00:50,KMG Kunming,AQ1120,9 Air,text,Duration: 1h 55m,,True,2026-02-17T12:18:45.619409
2026-04-23,CAN,arrival,00:50,NGB Ningbo,CZ3372,China Southern,text,Duration: 2h 30m,,True,2026-02-17T12:18:45.619414
2026-04-23,CAN,arrival,00:50,PVG Shanghai,MU5313,China Eastern,text,Duration: 2h 30m,,True,2026-02-17T12:18:45.619420
2026-04-23,CAN,arrival,00:55,PKX Beijing,CZ3114,China Southern,text,Duration: 3h 25m,,True,2026-02-17T12:18:45.619425
2026-04-23,CAN,arrival,00:55,LHW Lanzhou,HU7254,Hainan Airlines,text,Duration: 3h 0m,,True,2026-02-17T12:18:45.619430
2026-04-23,CAN,arrival,00:55,TSN Tianjin,JD5186,Capital Airlines,text,Duration: 3h 5m,,True,2026-02-17T12:18:45.619436
2026-04-23,CAN,arrival,01:00,DPS Denpasar,8B969,TransNusa,text,Duration: 5h 20m,,True,2026-02-17T12:18:45.619441
2026-04-23,CAN,arrival,01:00,HGH Hangzhou,AQ1072,9 Air,text,Duration: 2h 35m,,True,2026-02-17T12:18:45.619447
2026-04-23,CAN,arrival,01:00,HRB Harbin,CZ3624,China Southern,text,Duration: 4h 45m,,True,2026-02-17T12:18:45.619452
2026-04-23,CAN,arrival,01:05,MDC Manado,8B167,TransNusa,text,Duration: 4h 0m,,True,2026-02-17T12:18:45.619457
2026-04-23,CAN,arrival,01:05,XIY Xian,AQ1106,9 Air,text,Duration: 2h 50m,,True,2026-02-17T12:18:45.619462
2026-04-23,CAN,arrival,01:10,KMG Kunming,CZ3490,China Southern,text,Duration: 2h 25m,,True,2026-02-17T12:18:45.619555
2026-04-23,CAN,arrival,01:10,URC Urumqi,HU7224,Hainan Airlines,text,Duration: 5h 10m,,True,2026-02-17T12:18:45.619562
2026-04-23,CAN,arrival,01:10,XIY Xian,MU6956,China Eastern,text,Duration: 2h 40m,,True,2026-02-17T12:18:45.619568
2026-04-23,CAN,arrival,01:15,CGO Zhengzhou,AQ1174,9 Air,text,Duration: 2h 30m,,True,2026-02-17T12:18:45.619573
2026-04-23,CAN,arrival,01:15,XUZ Xuzhou,GJ8060,Loong Air,text,Duration: 2h 35m,,True,2026-02-17T12:18:45.619579
2026-04-23,CAN,arrival,01:15,PKX Beijing,MU6311,China Eastern,text,Duration: 3h 25m,,True,2026-02-17T12:18:45.619584
2026-04-23,CAN,arrival,01:20,HFE Hefei,HU7204,Hainan Airlines,text,Duration: 2h 25m,,True,2026-02-17T12:18:45.619589
2026-04-23,CAN,arrival,01:20,LJG Lijiang,JD5132,Capital Airlines,text,Duration: 2h 30m,,True,2026-02-17T12:18:45.619594
2026-04-23,CAN,arrival,01:25,CGK Jakarta,8B860,TransNusa,text,Duration: 5h 15m,,True,2026-02-17T12:18:45.619600
2026-04-23,CAN,arrival,01:25,KMG Kunming,MU6824,China Eastern,text,Duration: 2h 5m,,True,2026-02-17T12:18:45.619605
2026-04-23,CAN,arrival,01:30,JGN Jiayuguan,AQ1160,9 Air,text,Duration: 3h 40m,,True,2026-02-17T12:18:45.619610
2026-04-23,CAN,arrival,01:30,KMG Kunming,MU5733,China Eastern,text,Duration: 2h 10m,,True,2026-02-17T12:18:45.619615
2026-04-23,CAN,arrival,01:30,SGN Ho Chi Minh City,VJ3908,VietJet,text,Duration: 2h 45m,,True,2026-02-17T12:18:45.619621
2026-04-23,CAN,arrival,01:40,DMK Bangkok,SL900,Thai Lion Air,text,Duration: 3h 0m,,True,2026-02-17T12:18:45.619626
2026-04-23,CAN,arrival,01:55,CKG Chongqing,CZ3440,China Southern,text,Duration: 2h 5m,,True,2026-02-17T12:18:45.619631
2026-04-23,CAN,arrival,02:00,BKK Bangkok,9C7420,Spring Airlines,text,Duration: 3h 5m,,True,2026-02-17T12:18:45.619637
2026-04-23,CAN,arrival,02:00,CNX Chiang Mai,9C8934,Spring Airlines,text,Duration: 3h 15m,,True,2026-02-17T12:18:45.619642
2026-04-23,CAN,arrival,02:00,KTI Phnom Penh,9C7008,Spring Airlines,text,Duration: 3h 5m,,True,2026-02-17T12:18:45.619648
2026-04-23,CAN,arrival,02:00,JHB Johor Bharu,AK1394,AirAsia,text,Duration: 4h 0m,,True,2026-02-17T12:18:45.619653
2026-04-23,CAN,arrival,02:10,KUL Kuala Lumpur,OD612,Batik Air,text,Duration: 4h 15m,,True,2026-02-17T12:18:45.619659
2026-04-23,CAN,arrival,02:15,HAN Hanoi,VJ7526,VietJet,text,Duration: 1h 40m,,True,2026-02-17T12:18:45.619664
2026-04-23,CAN,arrival,02:20,HKG Hong Kong,CX950,Cathay Pacific,text,Duration: 1h 5m,,True,2026-02-17T12:18:45.619669
2026-04-23,CAN,arrival,02:30,BGW Baghdad,IA473,Iraqi Airways,text,Duration: 8h 30m,,True,2026-02-17T12:18:45.619674
2026-04-23,CAN,arrival,02:50,KTI Phnom Penh,KR937,Cambodia Airways,text,Duration: 2h 55m,,True,2026-02-17T12:18:45.619680
2026-04-23,CAN,arrival,03:05,VTE Vientiane,AQ1278,9 Air,text,Duration: 2h 15m,,True,2026-02-17T12:18:45.619685
2026-04-23,CAN,arrival,03:15,TAS Tashkent,C6511,Centrum Air,text,Duration: 6h 55m,,True,2026-02-17T12:18:45.619690
2026-04-23,CAN,arrival,03:20,KWI Kuwait,KU419,Kuwait Airways,text,Duration: 8h 35m,,True,2026-02-17T12:18:45.619695
2026-04-23,CAN,arrival,03:35,DMK Bangkok,AQ1280,9 Air,text,Duration: 2h 50m,,True,2026-02-17T12:18:45.619701
2026-04-23,CAN,arrival,03:45,CCU Kolkata,6E1703,IndiGo,text,Duration: 3h 35m,,True,2026-02-17T12:18:45.619706
2026-04-23,CAN,arrival,03:50,DAC Dhaka,BS325,US-Bangla Airlines,text,Duration: 3h 40m,,True,2026-02-17T12:18:45.619711
2026-04-23,CAN,arrival,04:00,DEL Delhi,6E1701,IndiGo,text,Duration: 4h 35m,,True,2026-02-17T12:18:45.619716
2026-04-23,CAN,arrival,04:00,BEG Belgrade,CZ668,China Southern,text,Duration: 11h 0m,,True,2026-02-17T12:18:45.619721
2026-04-23,CAN,arrival,04:00,KTI Phnom Penh,K6610,Air Cambodia,text,Duration: 3h 10m,,True,2026-02-17T12:18:45.619726
2026-04-23,CAN,arrival,04:05,PEN Penang,CZ8074,China Southern,text,Duration: 4h 0m,,True,2026-02-17T12:18:45.619732
2026-04-23,CAN,arrival,05:00,DAC Dhaka,CZ392,China Southern,text,Duration: 3h 45m,,True,2026-02-17T12:18:45.619737
2026-04-23,CAN,arrival,05:00,MEL Melbourne,CZ344,China Southern,text,Duration: 10h 0m,,True,2026-02-17T12:18:45.619742
2026-04-23,CAN,arrival,05:00,YYZ Toronto,CZ312,China Southern,text,Duration: 15h 30m,,True,2026-02-17T12:18:45.619747
2026-04-23,CAN,arrival,05:15,BKI Kota Kinabalu,CZ8484,China Southern,text,Duration: 3h 30m,,True,2026-02-17T12:18:45.619752
2026-04-23,CAN,arrival,05:25,AKL Auckland,CZ306,China Southern,text,Duration: 12h 0m,,True,2026-02-17T12:18:45.619758
2026-04-23,CAN,arrival,05:25,SYD Sydney,CZ302,China Southern,text,Duration: 9h 40m,,True,2026-02-17T12:18:45.619763
2026-04-23,CAN,arrival,05:30,YVR Vancouver,CZ330,China Southern,text,Duration: 13h 55m,,True,2026-02-17T12:18:45.619768
2026-04-23,CAN,arrival,05:35,ALA Almaty,KC187,Air Astana,text,Duration: 5h 55m,,True,2026-02-17T12:18:45.619774
2026-04-23,CAN,arrival,05:40,ALG Algiers,AH3180,Air Algerie,text,Duration: 12h 50m,,True,2026-02-17T12:18:45.619779
2026-04-23,CAN,arrival,05:45,KUL Kuala Lumpur,CZ5036,China Southern,text,Duration: 4h 25m,,True,2026-02-17T12:18:45.619785
2026-04-23,CAN,arrival,05:50,CDG Paris,CZ348,China Southern,text,Duration: 11h 40m,,True,2026-02-17T12:18:45.619791
2026-04-23,CAN,arrival,05:50,DPS Denpasar,CZ626,China Southern,text,Duration: 5h 20m,,True,2026-02-17T12:18:45.619796
2026-04-23,CAN,arrival,06:00,BNE Brisbane,CZ636,China Southern,text,Duration: 9h 0m,,True,2026-02-17T12:18:45.619801
2026-04-23,CAN,arrival,06:15,ALA Almaty,CZ3084,China Southern,text,Duration: 6h 15m,,True,2026-02-17T12:18:45.619806
2026-04-23,CAN,arrival,06:15,LHE Lahore,CZ6038,China Southern,text,Duration: 5h 30m,,True,2026-02-17T12:18:45.619812
2026-04-23,CAN,arrival,06:15,SFO San Francisco,CZ658,China Southern,text,Duration: 14h 40m,,True,2026-02-17T12:18:45.619817
2026-04-23,CAN,arrival,06:20,BKK Bangkok,AQ1266,9 Air,text,Duration: 2h 50m,,True,2026-02-17T12:18:45.619899
2026-04-23,CAN,arrival,06:20,KTM Kathmandu,CZ3068,China Southern,text,Duration: 4h 35m,,True,2026-02-17T12:18:45.619906
2026-04-23,CAN,arrival,06:30,SGN Ho Chi Minh City,CZ6090,China Southern,text,Duration: 2h 55m,,True,2026-02-17T12:18:45.619912
2026-04-23,CAN,arrival,06:35,KUL Kuala Lumpur,CZ8072,China Southern,text,Duration: 4h 15m,,True,2026-02-17T12:18:45.619918
2026-04-23,CAN,arrival,06:40,AMS Amsterdam,CZ308,China Southern,text,Duration: 11h 20m,,True,2026-02-17T12:18:45.619923
2026-04-23,CAN,arrival,06:55,BKK Bangkok,CZ3036,China Southern,text,Duration: 2h 55m,,True,2026-02-17T12:18:45.619929
2026-04-23,CAN,arrival,06:55,IST Istanbul,CZ8066,China Southern,text,Duration: 9h 55m,,True,2026-02-17T12:18:45.619934
2026-04-23,CAN,arrival,07:05,ADD Addis Ababa,ET616,Ethiopian,text,Duration: 10h 30m,,True,2026-02-17T12:18:45.619940
2026-04-23,CAN,arrival,07:20,IST Istanbul,TK298,Turkish Airlines,text,Duration: 10h 30m,,True,2026-02-17T12:18:45.619945
2026-04-23,CAN,arrival,07:35,BSZ Bishkek,CZ8148,China Southern,text,Duration: 6h 15m,,True,2026-02-17T12:18:45.619951
2026-04-23,CAN,arrival,07:35,PER Perth,CZ320,China Southern,text,Duration: 8h 0m,,True,2026-02-17T12:18:45.619956
2026-04-23,CAN,arrival,07:45,DXB Dubai,CZ8058,China Southern,text,Duration: 7h 50m,,True,2026-02-17T12:18:45.619961
2026-04-23,CAN,arrival,07:50,BKK Bangkok,MU2078,China Eastern,text,Duration: 3h 50m,,True,2026-02-17T12:18:45.619966
2026-04-23,CAN,arrival,07:55,HAK Haikou,HU7001,Hainan Airlines,text,Duration: 1h 25m,,True,2026-02-17T12:18:45.619972
2026-04-23,CAN,arrival,08:15,SIN Singapore,CZ8490,China Southern,text,Duration: 4h 20m,,True,2026-02-17T12:18:45.619977
2026-04-23,CAN,arrival,08:20,HAK Haikou,CZ6773,China Southern,text,Duration: 1h 20m,,True,2026-02-17T12:18:45.619982
2026-04-23,CAN,arrival,08:25,ZHA Zhanjiang,CZ3330,China Southern,text,Duration: 1h 15m,,True,2026-02-17T12:18:45.619987
2026-04-23,CAN,arrival,08:30,CGD Changde,CZ3230,China Southern,text,Duration: 1h 30m,,True,2026-02-17T12:18:45.619992
2026-04-23,CAN,arrival,08:30,CGO Zhengzhou,PN6381,West Air (China),text,Duration: 2h 25m,,True,2026-02-17T12:18:45.619998
2026-04-23,CAN,arrival,08:35,SYX Sanya,HU7307,Hainan Airlines,text,Duration: 1h 45m,,True,2026-02-17T12:18:45.620003
2026-04-23,CAN,arrival,08:40,BAR Qionghai,AQ1146,9 Air,text,Duration: 1h 30m,,True,2026-02-17T12:18:45.620008
2026-04-23,CAN,arrival,08:45,BHY Beihai,CZ3354,China Southern,text,Duration: 1h 30m,,True,2026-02-17T12:18:45.620013
2026-04-23,CAN,arrival,08:45,SWA Jieyang,CZ3895,China Southern,text,Duration: 1h 15m,,True,2026-02-17T12:18:45.620018
2026-04-23,CAN,arrival,08:45,HAK Haikou,HU7003,Hainan Airlines,text,Duration: 1h 15m,,True,2026-02-17T12:18:45.620023
2026-04-23,CAN,arrival,08:45,WNZ Wenzhou,ZH9962,Shenzhen Airlines,text,Duration: 2h 0m,,True,2026-02-17T12:18:45.620028
2026-04-23,CAN,arrival,08:50,HIA Huai'an,CZ3996,China Southern,text,Duration: 2h 25m,,True,2026-02-17T12:18:45.620034
2026-04-23,CAN,arrival,08:50,KHN Nanchang,CZ3344,China Southern,text,Duration: 1h 35m,,True,2026-02-17T12:18:45.620039
2026-04-23,CAN,arrival,08:50,SYX Sanya,CZ6731,China Southern,text,Duration: 1h 45m,,True,2026-02-17T12:18:45.620044
2026-04-23,CAN,arrival,08:55,HKG Hong Kong,CX982,Cathay Pacific,text,Duration: 1h 5m,,True,2026-02-17T12:18:45.620049
2026-04-23,CAN,arrival,08:55,NNG Nanning,CZ3292,China Southern,text,Duration: 1h 30m,,True,2026-02-17T12:18:45.620055
2026-04-23,CAN,arrival,08:55,XUZ Xuzhou,CZ6282,China Southern,text,Duration: 2h 25m,,True,2026-02-17T12:18:45.620060
2026-04-23,CAN,arrival,08:55,CGO Zhengzhou,ZH8904,Shenzhen Airlines,text,Duration: 2h 15m,,True,2026-02-17T12:18:45.620065
2026-04-23,CAN,arrival,09:05,XMN Xiamen,MF8305,XiamenAir,text,Duration: 1h 35m,,True,2026-02-17T12:18:45.620071
2026-04-23,CAN,arrival,09:15,KUL Kuala Lumpur,AK112,AirAsia,text,Duration: 4h 15m,,True,2026-02-17T12:18:45.620076
2026-04-23,CAN,arrival,09:15,PVG Shanghai,CZ3549,China Southern,text,Duration: 2h 20m,,True,2026-02-17T12:18:45.620082
2026-04-23,CAN,arrival,09:20,CTU Chengdu,3U8737,Sichuan Airlines,text,Duration: 2h 20m,,True,2026-02-17T12:18:45.620087
2026-04-23,CAN,arrival,09:20,HGH Hangzhou,CA1789,Air China,text,Duration: 2h 5m,,True,2026-02-17T12:18:45.620092
2026-04-23,CAN,arrival,09:20,KWE Guiyang,CZ3661,China Southern,text,Duration: 1h 35m,,True,2026-02-17T12:18:45.620098
2026-04-23,CAN,arrival,09:20,WUH Wuhan,MU2542,China Eastern,text,Duration: 1h 40m,,True,2026-02-17T12:18:45.620103
2026-04-23,CAN,arrival,09:25,SIN Singapore,TR100,Scoot,text,Duration: 4h 10m,,True,2026-02-17T12:18:45.620108
2026-04-23,CAN,arrival,09:30,PVG Shanghai,HO1855,Juneyao Airlines,text,Duration: 2h 30m,,True,2026-02-17T12:18:45.620114
2026-04-23,CAN,arrival,09:30,CKG Chongqing,OQ2323,Chongqing Airlines,text,Duration: 2h 0m,,True,2026-02-17T12:18:45.620119
2026-04-23,CAN,arrival,09:30,SVO Moscow,SU220,Aeroflot,text,Duration: 9h 15m,,True,2026-02-17T12:18:45.620125
2026-04-23,CAN,arrival,09:35,LYI Linyi,CZ3992,China Southern,text,Duration: 2h 35m,,True,2026-02-17T12:18:45.620130
2026-04-23,CAN,arrival,09:35,HFE Hefei,MU5287,China Eastern,text,Duration: 2h 10m,,True,2026-02-17T12:18:45.620136
2026-04-23,CAN,arrival,09:40,CSX Changsha,CZ3387,China Southern,text,Duration: 1h 40m,,True,2026-02-17T12:18:45.620141
2026-04-23,CAN,arrival,09:40,NNY Nanyang,CZ3384,China Southern,text,Duration: 2h 10m,,True,2026-02-17T12:18:45.620146
2026-04-23,CAN,arrival,09:40,CTU Chengdu,EU2235,Chengdu Airlines,text,Duration: 2h 10m,,True,2026-02-17T12:18:45.620152
2026-04-23,CAN,arrival,09:40,WUX Wuxi,ZH9834,Shenzhen Airlines,text,Duration: 2h 30m,,True,2026-02-17T12:18:45.620157
2026-04-23,CAN,arrival,09:45,KMG Kunming,CZ3420,China Southern,text,Duration: 2h 0m,,True,2026-02-17T12:18:45.620163
2026-04-23,CAN,arrival,09:45,NGB Ningbo,CZ3672,China Southern,text,Duration: 2h 15m,,True,2026-02-17T12:18:45.620240
2026-04-23,CAN,arrival,09:45,WNZ Wenzhou,CZ3770,China Southern,text,Duration: 1h 55m,,True,2026-02-17T12:18:45.620248
2026-04-23,CAN,arrival,09:45,YIW Yiwu,CZ3796,China Southern,text,Duration: 2h 5m,,True,2026-02-17T12:18:45.620253
2026-04-23,CAN,arrival,09:45,NKG Nanjing,MU2817,China Eastern,text,Duration: 2h 20m,,True,2026-02-17T12:18:45.620259
2026-04-23,CAN,arrival,09:45,NKG Nanjing,ZH9878,Shenzhen Airlines,text,Duration: 2h 25m,,True,2026-02-17T12:18:45.620264
2026-04-23,CAN,arrival,09:50,SHA Shanghai,9C8835,Spring Airlines,text,Duration: 2h 25m,,True,2026-02-17T12:18:45.620269
2026-04-23,CAN,arrival,09:50,CZX Changzhou,CZ3994,China Southern,text,Duration: 2h 25m,,True,2026-02-17T12:18:45.620274
2026-04-23,CAN,arrival,09:50,HYN Taizhou,CZ8262,China Southern,text,Duration: 2h 10m,,True,2026-02-17T12:18:45.620279
2026-04-23,CAN,arrival,09:50,LZO Luzhou,CZ3950,China Southern,text,Duration: 2h 5m,,True,2026-02-17T12:18:45.620285
2026-04-23,CAN,arrival,09:50,NKG Nanjing,ZH9876,Shenzhen Airlines,text,Duration: 2h 25m,,True,2026-02-17T12:18:45.620290
2026-04-23,CAN,arrival,09:50,NTG Nantong,ZH8696,Shenzhen Airlines,text,Duration: 2h 35m,,True,2026-02-17T12:18:45.620295
2026-04-23,CAN,arrival,09:55,HGH Hangzhou,HU7262,Hainan Airlines,text,Duration: 2h 10m,,True,2026-02-17T12:18:45.620300
2026-04-23,CAN,arrival,09:55,HGH Hangzhou,HU7462,Hainan Airlines,text,Duration: 2h 15m,,True,2026-02-17T12:18:45.620306
2026-04-23,CAN,arrival,09:55,FOC Fuzhou,MF8323,XiamenAir,text,Duration: 1h 55m,,True,2026-02-17T12:18:45.620311
2026-04-23,CAN,arrival,10:00,YTY Yangzhou,CZ3958,China Southern,text,Duration: 2h 35m,,True,2026-02-17T12:18:45.620317
2026-04-23,CAN,arrival,10:00,CTU Chengdu,TV9765,Tibet Airlines,text,Duration: 2h 20m,,True,2026-02-17T12:18:45.620322
2026-04-23,CAN,arrival,10:05,HGH Hangzhou,MU5211,China Eastern,text,Duration: 2h 10m,,True,2026-02-17T12:18:45.620327
2026-04-23,CAN,arrival,10:10,KMG Kunming,MU5731,China Eastern,text,Duration: 2h 5m,,True,2026-02-17T12:18:45.620333
2026-04-23,CAN,arrival,10:15,CKG Chongqing,CA4361,Air China,text,Duration: 2h 15m,,True,2026-02-17T12:18:45.620338
2026-04-23,CAN,arrival,10:15,HFE Hefei,CZ3816,China Southern,text,Duration: 2h 10m,,True,2026-02-17T12:18:45.620343
2026-04-23,CAN,arrival,10:15,XIY Xian,ZH9226,Shenzhen Airlines,text,Duration: 2h 45m,,True,2026-02-17T12:18:45.620348
2026-04-23,CAN,arrival,10:20,WNZ Wenzhou,CA8351,Air China,text,Duration: 1h 55m,,True,2026-02-17T12:18:45.620354
2026-04-23,CAN,arrival,10:20,WUH Wuhan,CZ3368,China Southern,text,Duration: 1h 50m,,True,2026-02-17T12:18:45.620359
2026-04-23,CAN,arrival,10:20,KMG Kunming,KY8279,Kunming Airlines,text,Duration: 2h 0m,,True,2026-02-17T12:18:45.620364
2026-04-23,CAN,arrival,10:25,TFU Chengdu,3U6701,Sichuan Airlines,text,Duration: 2h 25m,,True,2026-02-17T12:18:45.620369
2026-04-23,CAN,arrival,10:25,PEK Beijing,CA1359,Air China,text,Duration: 3h 25m,,True,2026-02-17T12:18:45.620375
2026-04-23,CAN,arrival,10:25,CGO Zhengzhou,CZ3391,China Southern,text,Duration: 2h 25m,,True,2026-02-17T12:18:45.620380
2026-04-23,CAN,arrival,10:25,HAK Haikou,CZ6785,China Southern,text,Duration: 1h 25m,,True,2026-02-17T12:18:45.620385
2026-04-23,CAN,arrival,10:30,HGH Hangzhou,3U3151,Sichuan Airlines,text,Duration: 2h 10m,,True,2026-02-17T12:18:45.620390
2026-04-23,CAN,arrival,10:30,INC Yinchuan,CZ3254,China Southern,text,Duration: 3h 20m,,True,2026-02-17T12:18:45.620395
2026-04-23,CAN,arrival,10:30,TAO Qingdao,MU5255,China Eastern,text,Duration: 3h 5m,,True,2026-02-17T12:18:45.620409
2026-04-23,CAN,arrival,10:30,XIY Xian,MU2303,China Eastern,text,Duration: 3h 0m,,True,2026-02-17T12:18:45.620414
2026-04-23,CAN,arrival,10:30,WUX Wuxi,ZH9832,Shenzhen Airlines,text,Duration: 2h 30m,,True,2026-02-17T12:18:45.620419
2026-04-23,CAN,arrival,10:35,CTU Chengdu,CA4305,Air China,text,Duration: 2h 20m,,True,2026-02-17T12:18:45.620424
2026-04-23,CAN,arrival,10:35,TSN Tianjin,CA2801,Air China,text,Duration: 3h 15m,,True,2026-02-17T12:18:45.620430
2026-04-23,CAN,arrival,10:35,PKX Beijing,CZ3116,China Southern,text,Duration: 3h 5m,,True,2026-02-17T12:18:45.620435
2026-04-23,CAN,arrival,10:35,XIY Xian,CZ3220,China Southern,text,Duration: 2h 35m,,True,2026-02-17T12:18:45.620440
2026-04-23,CAN,arrival,10:35,PKX Beijing,MU6301,China Eastern,text,Duration: 3h 20m,,True,2026-02-17T12:18:45.620445
2026-04-23,CAN,arrival,10:35,CKG Chongqing,OQ2305,Chongqing Airlines,text,Duration: 2h 10m,,True,2026-02-17T12:18:45.620450
2026-04-23,CAN,arrival,10:40,PVG Shanghai,HU7332,Hainan Airlines,text,Duration: 2h 40m,,True,2026-02-17T12:18:45.620455
2026-04-23,CAN,arrival,10:40,TYN Taiyuan,MU5251,China Eastern,text,Duration: 2h 40m,,True,2026-02-17T12:18:45.620460
2026-04-23,CAN,arrival,10:40,YNT Yantai,SC7621,Shandong Airlines,text,Duration: 3h 10m,,True,2026-02-17T12:18:45.620466
2026-04-23,CAN,arrival,10:45,TNA Jinan,CZ3664,China Southern,text,Duration: 2h 35m,,True,2026-02-17T12:18:45.620471
2026-04-23,CAN,arrival,10:45,TSN Tianjin,MF8313,XiamenAir,text,Duration: 3h 5m,,True,2026-02-17T12:18:45.620476
2026-04-23,CAN,arrival,10:50,HGH Hangzhou,CZ3820,China Southern,text,Duration: 2h 15m,,True,2026-02-17T12:18:45.620482
2026-04-23,CAN,arrival,10:50,MNL Manila,CZ3078,China Southern,text,Duration: 2h 30m,,True,2026-02-17T12:18:45.620487
2026-04-23,CAN,arrival,10:50,SYX Sanya,CZ6747,China Southern,text,Duration: 1h 30m,,True,2026-02-17T12:18:45.620493
2026-04-23,CAN,arrival,10:50,LHW Lanzhou,MU2219,China Eastern,text,Duration: 3h 5m,,True,2026-02-17T12:18:45.620498
2026-04-23,CAN,arrival,10:55,DLC Dalian,CZ6321,China Southern,text,Duration: 3h 35m,,True,2026-02-17T12:18:45.620504
2026-04-23,CAN,arrival,10:55,HAN Hanoi,CZ372,China Southern,text,Duration: 1h 40m,,True,2026-02-17T12:18:45.620509
2026-04-23,CAN,arrival,10:55,LHW Lanzhou,CZ3252,China Southern,text,Duration: 3h 15m,,True,2026-02-17T12:18:45.620590
2026-04-23,CAN,arrival,10:55,NKG Nanjing,CZ3872,China Southern,text,Duration: 2h 20m,,True,2026-02-17T12:18:45.620598
2026-04-23,CAN,arrival,10:55,INC Yinchuan,MF8753,XiamenAir,text,Duration: 3h 25m,,True,2026-02-17T12:18:45.620603
2026-04-23,CAN,arrival,10:55,TFU Chengdu,ZH9446,Shenzhen Airlines,text,Duration: 1h 55m,,True,2026-02-17T12:18:45.620608
2026-04-23,CAN,arrival,11:00,SHA Shanghai,9C6721,Spring Airlines,text,Duration: 2h 30m,,True,2026-02-17T12:18:45.620614
2026-04-23,CAN,arrival,11:00,SHA Shanghai,FM9303,Shanghai Airlines,text,Duration: 2h 30m,,True,2026-02-17T12:18:45.620619
2026-04-23,CAN,arrival,11:05,XMN Xiamen,CZ3724,China Southern,text,Duration: 1h 35m,,True,2026-02-17T12:18:45.620624
2026-04-23,CAN,arrival,11:10,PKX Beijing,MF8395,XiamenAir,text,Duration: 3h 10m,,True,2026-02-17T12:18:45.620630
2026-04-23,CAN,arrival,11:10,CZX Changzhou,MU2947,China Eastern,text,Duration: 2h 20m,,True,2026-02-17T12:18:45.620635
2026-04-23,CAN,arrival,11:15,HET Hohhot,CZ3182,China Southern,text,Duration: 3h 15m,,True,2026-02-17T12:18:45.620640
2026-04-23,CAN,arrival,11:15,SHA Shanghai,CZ3596,China Southern,text,Duration: 2h 25m,,True,2026-02-17T12:18:45.620645
2026-04-23,CAN,arrival,11:15,TAO Qingdao,CZ3716,China Southern,text,Duration: 3h 5m,,True,2026-02-17T12:18:45.620651
2026-04-23,CAN,arrival,11:15,ICN Seoul,OZ369,Asiana,text,Duration: 3h 45m,,True,2026-02-17T12:18:45.620656
2026-04-23,CAN,arrival,11:20,HAK Haikou,AQ1024,9 Air,text,Duration: 1h 30m,,True,2026-02-17T12:18:45.620661
2026-04-23,CAN,arrival,11:20,PEK Beijing,CA1351,Air China,text,Duration: 3h 20m,,True,2026-02-17T12:18:45.620666
2026-04-23,CAN,arrival,11:20,NNG Nanning,CZ3296,China Southern,text,Duration: 1h 25m,,True,2026-02-17T12:18:45.620671
2026-04-23,CAN,arrival,11:20,WUH Wuhan,CZ8727,China Southern,text,Duration: 1h 50m,,True,2026-02-17T12:18:45.620677
2026-04-23,CAN,arrival,11:20,CKG Chongqing,HU7342,Hainan Airlines,text,Duration: 1h 50m,,True,2026-02-17T12:18:45.620682
2026-04-23,CAN,arrival,11:20,HGH Hangzhou,MF8319,XiamenAir,text,Duration: 2h 15m,,True,2026-02-17T12:18:45.620687
2026-04-23,CAN,arrival,11:25,CGO Zhengzhou,CZ8685,China Southern,text,Duration: 2h 25m,,True,2026-02-17T12:18:45.620692
2026-04-23,CAN,arrival,11:25,CSX Changsha,CZ6044,China Southern,text,Duration: 1h 35m,,True,2026-02-17T12:18:45.620698
2026-04-23,CAN,arrival,11:25,SHA Shanghai,HO2287,Juneyao Airlines,text,Duration: 2h 35m,,True,2026-02-17T12:18:45.620703
2026-04-23,CAN,arrival,11:25,XIY Xian,HU7837,Hainan Airlines,text,Duration: 2h 55m,,True,2026-02-17T12:18:45.620709
2026-04-23,CAN,arrival,11:25,SJW Shijiazhuang,NS3203,Hebei Airlines,text,Duration: 3h 10m,,True,2026-02-17T12:18:45.620714
2026-04-23,CAN,arrival,11:30,CTU Chengdu,CZ3414,China Southern,text,Duration: 2h 30m,,True,2026-02-17T12:18:45.620719
2026-04-23,CAN,arrival,11:30,PVG Shanghai,FM9305,Shanghai Airlines,text,Duration: 2h 30m,,True,2026-02-17T12:18:45.620724
2026-04-23,CAN,arrival,11:30,ICN Seoul,KE867,Korean Air,text,Duration: 3h 40m,,True,2026-02-17T12:18:45.620730
2026-04-23,CAN,arrival,11:30,TFU Chengdu,MU5321,China Eastern,text,Duration: 2h 30m,,True,2026-02-17T12:18:45.620735
2026-04-23,CAN,arrival,11:35,HAK Haikou,CZ6771,China Southern,text,Duration: 1h 35m,,True,2026-02-17T12:18:45.620740
2026-04-23,CAN,arrival,11:35,TYN Taiyuan,CZ3378,China Southern,text,Duration: 2h 50m,,True,2026-02-17T12:18:45.620745
2026-04-23,CAN,arrival,11:35,PKX Beijing,MU6303,China Eastern,text,Duration: 3h 20m,,True,2026-02-17T12:18:45.620750
2026-04-23,CAN,arrival,11:40,SGN Ho Chi Minh City,CZ368,China Southern,text,Duration: 2h 40m,,True,2026-02-17T12:18:45.620756
2026-04-23,CAN,arrival,11:40,SJW Shijiazhuang,CZ3132,China Southern,text,Duration: 3h 5m,,True,2026-02-17T12:18:45.620761
2026-04-23,CAN,arrival,11:40,SVO Moscow,CZ656,China Southern,text,Duration: 9h 25m,,True,2026-02-17T12:18:45.620767
2026-04-23,CAN,arrival,11:40,XIY Xian,CZ3216,China Southern,text,Duration: 2h 40m,,True,2026-02-17T12:18:45.620772
2026-04-23,CAN,arrival,11:45,DZH Dazhou,CZ3264,China Southern,text,Duration: 2h 20m,,True,2026-02-17T12:18:45.620777
2026-04-23,CAN,arrival,11:45,KTI Phnom Penh,CZ324,China Southern,text,Duration: 2h 45m,,True,2026-02-17T12:18:45.620782
2026-04-23,CAN,arrival,11:45,YIH Yichang,CZ3312,China Southern,text,Duration: 1h 50m,,True,2026-02-17T12:18:45.620788
2026-04-23,CAN,arrival,11:45,TNA Jinan,SC1169,Shandong Airlines,text,Duration: 2h 50m,,True,2026-02-17T12:18:45.620793
2026-04-23,CAN,arrival,11:45,WUS Wuyishan,SC4673,Shandong Airlines,text,Duration: 1h 45m,,True,2026-02-17T12:18:45.620798
2026-04-23,CAN,arrival,11:50,HGH Hangzhou,CZ3870,China Southern,text,Duration: 2h 15m,,True,2026-02-17T12:18:45.620803
2026-04-23,CAN,arrival,11:50,PEK Beijing,HU7801,Hainan Airlines,text,Duration: 3h 20m,,True,2026-02-17T12:18:45.620808
2026-04-23,CAN,arrival,11:50,HYN Taizhou,ZH8990,Shenzhen Airlines,text,Duration: 2h 10m,,True,2026-02-17T12:18:45.620813
2026-04-23,CAN,arrival,11:55,TFU Chengdu,CA4307,Air China,text,Duration: 2h 25m,,True,2026-02-17T12:18:45.620818
2026-04-23,CAN,arrival,11:55,WHA Wuhu,CZ5840,China Southern,text,Duration: 2h 20m,,True,2026-02-17T12:18:45.620823
2026-04-23,CAN,arrival,11:55,SHA Shanghai,FM9307,Shanghai Airlines,text,Duration: 2h 25m,,True,2026-02-17T12:18:45.620828
2026-04-23,CAN,arrival,11:55,HAK Haikou,HU7005,Hainan Airlines,text,Duration: 1h 25m,,True,2026-02-17T12:18:45.620834
2026-04-23,CAN,arrival,11:55,WNZ Wenzhou,KN5037,China United Airlines,text,Duration: 2h 15m,,True,2026-02-17T12:18:45.620839
2026-04-23,CAN,arrival,11:55,FOC Fuzhou,MF8355,XiamenAir,text,Duration: 1h 55m,,True,2026-02-17T12:18:45.620844
2026-04-23,CAN,arrival,12:00,BAH Bahrain,GF122,Gulf Air,text,Duration: 8h 0m,,True,2026-02-17T12:18:45.620849
2026-04-23,CAN,arrival,12:05,LZO Luzhou,CA4351,Air China,text,Duration: 2h 0m,,True,2026-02-17T12:18:45.620917
2026-04-23,CAN,arrival,12:05,FOC Fuzhou,CZ3506,China Southern,text,Duration: 1h 45m,,True,2026-02-17T12:18:45.620924
2026-04-23,CAN,arrival,12:10,SIN Singapore,SQ850,Singapore Airlines,text,Duration: 4h 10m,,True,2026-02-17T12:18:45.620929
2026-04-23,CAN,arrival,12:15,KUL Kuala Lumpur,CZ366,China Southern,text,Duration: 4h 10m,,True,2026-02-17T12:18:45.620935
2026-04-23,CAN,arrival,12:15,TSN Tianjin,CZ3350,China Southern,text,Duration: 3h 15m,,True,2026-02-17T12:18:45.620940
2026-04-23,CAN,arrival,12:15,XIY Xian,MU2301,China Eastern,text,Duration: 2h 45m,,True,2026-02-17T12:18:45.620945
2026-04-23,CAN,arrival,12:20,PEK Beijing,CA1321,Air China,text,Duration: 3h 20m,,True,2026-02-17T12:18:45.620951
2026-04-23,CAN,arrival,12:20,BKK Bangkok,CZ362,China Southern,text,Duration: 3h 0m,,True,2026-02-17T12:18:45.620956
2026-04-23,CAN,arrival,12:20,SIN Singapore,CZ352,China Southern,text,Duration: 4h 20m,,True,2026-02-17T12:18:45.620962
2026-04-23,CAN,arrival,12:20,WUH Wuhan,CZ6590,China Southern,text,Duration: 1h 50m,,True,2026-02-17T12:18:45.620967
2026-04-23,CAN,arrival,12:25,CKG Chongqing,3U8747,Sichuan Airlines,text,Duration: 2h 5m,,True,2026-02-17T12:18:45.620973
2026-04-23,CAN,arrival,12:25,CGQ Changchun,CZ6341,China Southern,text,Duration: 4h 35m,,True,2026-02-17T12:18:45.620979
2026-04-23,CAN,arrival,12:25,DRW Darwin,CZ8362,China Southern,text,Duration: 6h 25m,,True,2026-02-17T12:18:45.620984
2026-04-23,CAN,arrival,12:25,SHE Shenyang,CZ6301,China Southern,text,Duration: 4h 25m,,True,2026-02-17T12:18:45.620989
2026-04-23,CAN,arrival,12:25,WNZ Wenzhou,CZ3812,China Southern,text,Duration: 2h 5m,,True,2026-02-17T12:18:45.620995
2026-04-23,CAN,arrival,12:25,SHA Shanghai,MU5309,China Eastern,text,Duration: 2h 25m,,True,2026-02-17T12:18:45.621000
2026-04-23,CAN,arrival,12:30,ICN Seoul,CZ340,China Southern,text,Duration: 3h 50m,,True,2026-02-17T12:18:45.621005
2026-04-23,CAN,arrival,12:30,HND Tokyo,JL87,JAL,text,Duration: 4h 50m,,True,2026-02-17T12:18:45.621011
2026-04-23,CAN,arrival,12:35,PVG Shanghai,HU7432,Hainan Airlines,text,Duration: 2h 35m,,True,2026-02-17T12:18:45.621016
2026-04-23,CAN,arrival,12:35,CKG Chongqing,JD5228,Capital Airlines,text,Duration: 2h 5m,,True,2026-02-17T12:18:45.621022
2026-04-23,CAN,arrival,12:35,KTI Phnom Penh,K6668,Air Cambodia,text,Duration: 2h 55m,,True,2026-02-17T12:18:45.621027
2026-04-23,CAN,arrival,12:40,DXB Dubai,CZ384,China Southern,text,Duration: 7h 40m,,True,2026-02-17T12:18:45.621033
2026-04-23,CAN,arrival,12:40,PKX Beijing,CZ3000,China Southern,text,Duration: 3h 10m,,True,2026-02-17T12:18:45.621038
2026-04-23,CAN,arrival,12:40,WDS Shiyan,CZ3336,China Southern,text,Duration: 2h 15m,,True,2026-02-17T12:18:45.621043
2026-04-23,CAN,arrival,12:40,SHA Shanghai,MU5301,China Eastern,text,Duration: 2h 10m,,True,2026-02-17T12:18:45.621048
2026-04-23,CAN,arrival,12:40,LYI Linyi,ZH8948,Shenzhen Airlines,text,Duration: 2h 40m,,True,2026-02-17T12:18:45.621053
2026-04-23,CAN,arrival,12:45,AKA Ankang,CZ6464,China Southern,text,Duration: 2h 10m,,True,2026-02-17T12:18:45.621059
2026-04-23,CAN,arrival,12:45,KMG Kunming,CZ3498,China Southern,text,Duration: 2h 0m,,True,2026-02-17T12:18:45.621064
2026-04-23,CAN,arrival,12:45,NGB Ningbo,CZ3778,China Southern,text,Duration: 2h 15m,,True,2026-02-17T12:18:45.621069
2026-04-23,CAN,arrival,12:45,NKG Nanjing,ZH9862,Shenzhen Airlines,text,Duration: 2h 20m,,True,2026-02-17T12:18:45.621074
2026-04-23,CAN,arrival,12:50,DLU Dali City,CZ3482,China Southern,text,Duration: 2h 20m,,True,2026-02-17T12:18:45.621080
2026-04-23,CAN,arrival,12:50,PEK Beijing,HU7803,Hainan Airlines,text,Duration: 3h 20m,,True,2026-02-17T12:18:45.621085
2026-04-23,CAN,arrival,12:50,JJN Jinjiang,MF8385,XiamenAir,text,Duration: 1h 35m,,True,2026-02-17T12:18:45.621090
2026-04-23,CAN,arrival,12:55,PVG Shanghai,CA8581,Air China,text,Duration: 2h 50m,,True,2026-02-17T12:18:45.621095
2026-04-23,CAN,arrival,12:55,YCU Yuncheng,CA4593,Air China,text,Duration: 2h 30m,,True,2026-02-17T12:18:45.621100
2026-04-23,CAN,arrival,12:55,SYX Sanya,CZ6733,China Southern,text,Duration: 1h 30m,,True,2026-02-17T12:18:45.621105
2026-04-23,CAN,arrival,12:55,CKG Chongqing,HU7142,Hainan Airlines,text,Duration: 2h 15m,,True,2026-02-17T12:18:45.621111
2026-04-23,CAN,arrival,13:00,CTU Chengdu,3U8731,Sichuan Airlines,text,Duration: 2h 30m,,True,2026-02-17T12:18:45.621116
2026-04-23,CAN,arrival,13:00,PVG Shanghai,AQ1006,9 Air,text,Duration: 2h 40m,,True,2026-02-17T12:18:45.621121
2026-04-23,CAN,arrival,13:00,YIW Yiwu,CZ3728,China Southern,text,Duration: 2h 0m,,True,2026-02-17T12:18:45.621126
2026-04-23,CAN,arrival,13:00,NKG Nanjing,HU7114,Hainan Airlines,text,Duration: 2h 25m,,True,2026-02-17T12:18:45.621131
2026-04-23,CAN,arrival,13:00,LJG Lijiang,MU5741,China Eastern,text,Duration: 2h 35m,,True,2026-02-17T12:18:45.621136
2026-04-23,CAN,arrival,13:05,KWE Guiyang,CZ6412,China Southern,text,Duration: 1h 45m,,True,2026-02-17T12:18:45.621141
2026-04-23,CAN,arrival,13:05,PEN Penang,CZ396,China Southern,text,Duration: 4h 0m,,True,2026-02-17T12:18:45.621146
2026-04-23,CAN,arrival,13:05,HND Tokyo,NH923,ANA,text,Duration: 4h 55m,,True,2026-02-17T12:18:45.621151
2026-04-23,CAN,arrival,13:10,PVG Shanghai,HU7132,Hainan Airlines,text,Duration: 2h 45m,,True,2026-02-17T12:18:45.621157
2026-04-23,CAN,arrival,13:10,KUL Kuala Lumpur,MH376,Malaysia Airlines,text,Duration: 4h 10m,,True,2026-02-17T12:18:45.621162
2026-04-23,CAN,arrival,13:15,RGN Yangon,8M711,MAI,text,Duration: 3h 5m,,True,2026-02-17T12:18:45.621167
2026-04-23,CAN,arrival,13:15,SHA Shanghai,CZ3534,China Southern,text,Duration: 2h 25m,,True,2026-02-17T12:18:45.621172
2026-04-23,CAN,arrival,13:15,SHA Shanghai,HO1857,Juneyao Airlines,text,Duration: 2h 20m,,True,2026-02-17T12:18:45.621177
2026-04-23,CAN,arrival,13:15,HGH Hangzhou,HU7162,Hainan Airlines,text,Duration: 2h 15m,,True,2026-02-17T12:18:45.621247
2026-04-23,CAN,arrival,13:20,PEK Beijing,CA1317,Air China,text,Duration: 3h 20m,,True,2026-02-17T12:18:45.621254
2026-04-23,CAN,arrival,13:20,HRB Harbin,CZ8326,China Southern,text,Duration: 4h 40m,,True,2026-02-17T12:18:45.621259
2026-04-23,CAN,arrival,13:25,TFU Chengdu,CZ3404,China Southern,text,Duration: 2h 25m,,True,2026-02-17T12:18:45.621264
2026-04-23,CAN,arrival,13:25,HGH Hangzhou,GJ8699,Loong Air,text,Duration: 2h 35m,,True,2026-02-17T12:18:45.621269
2026-04-23,CAN,arrival,13:25,YTY Yangzhou,ZH8906,Shenzhen Airlines,text,Duration: 2h 30m,,True,2026-02-17T12:18:45.621275
2026-04-23,CAN,arrival,13:35,NNY Nanyang,CZ3222,China Southern,text,Duration: 2h 10m,,True,2026-02-17T12:18:45.621280
2026-04-23,CAN,arrival,13:35,KMG Kunming,HU7208,Hainan Airlines,text,Duration: 2h 5m,,True,2026-02-17T12:18:45.621285
2026-04-23,CAN,arrival,13:40,LJG Lijiang,CZ6604,China Southern,text,Duration: 2h 30m,,True,2026-02-17T12:18:45.621290
2026-04-23,CAN,arrival,13:40,PKX Beijing,CZ3166,China Southern,text,Duration: 3h 10m,,True,2026-02-17T12:18:45.621296
2026-04-23,CAN,arrival,13:40,XIY Xian,CZ3202,China Southern,text,Duration: 2h 40m,,True,2026-02-17T12:18:45.621301
2026-04-23,CAN,arrival,13:45,HGH Hangzhou,CZ3522,China Southern,text,Duration: 2h 10m,,True,2026-02-17T12:18:45.621307
2026-04-23,CAN,arrival,13:45,HZA Heze,CZ3126,China Southern,text,Duration: 2h 20m,,True,2026-02-17T12:18:45.621312
2026-04-23,CAN,arrival,13:45,NKG Nanjing,CZ3514,China Southern,text,Duration: 2h 10m,,True,2026-02-17T12:18:45.621318
2026-04-23,CAN,arrival,13:45,DLU Dali City,OQ2040,Chongqing Airlines,text,Duration: 2h 20m,,True,2026-02-17T12:18:45.621323
2026-04-23,CAN,arrival,13:45,JHG Jinghong,OQ2104,Chongqing Airlines,text,Duration: 2h 20m,,True,2026-02-17T12:18:45.621329
2026-04-23,CAN,arrival,13:50,DPS Denpasar,CZ8482,China Southern,text,Duration: 5h 10m,,True,2026-02-17T12:18:45.621334
2026-04-23,CAN,arrival,13:50,JNG Jining,CZ3954,China Southern,text,Duration: 2h 35m,,True,2026-02-17T12:18:45.621339
2026-04-23,CAN,arrival,13:50,RUH Riyadh,CZ376,China Southern,text,Duration: 8h 40m,,True,2026-02-17T12:18:45.621344
2026-04-23,CAN,arrival,13:50,WUH Wuhan,CZ5769,China Southern,text,Duration: 1h 50m,,True,2026-02-17T12:18:45.621350
2026-04-23,CAN,arrival,13:50,WUX Wuxi,CZ3914,China Southern,text,Duration: 2h 20m,,True,2026-02-17T12:18:45.621355
2026-04-23,CAN,arrival,13:50,CKG Chongqing,OQ2317,Chongqing Airlines,text,Duration: 2h 0m,,True,2026-02-17T12:18:45.621361
2026-04-23,CAN,arrival,13:55,KMG Kunming,CZ3410,China Southern,text,Duration: 2h 0m,,True,2026-02-17T12:18:45.621366
2026-04-23,CAN,arrival,13:55,XUZ Xuzhou,CZ3258,China Southern,text,Duration: 2h 35m,,True,2026-02-17T12:18:45.621372
2026-04-23,CAN,arrival,13:55,NGB Ningbo,MU6950,China Eastern,text,Duration: 2h 5m,,True,2026-02-17T12:18:45.621377
2026-04-23,CAN,arrival,14:00,CGO Zhengzhou,HU7270,Hainan Airlines,text,Duration: 2h 45m,,True,2026-02-17T12:18:45.621382
2026-04-23,CAN,arrival,14:00,PEK Beijing,HU7805,Hainan Airlines,text,Duration: 3h 30m,,True,2026-02-17T12:18:45.621387
2026-04-23,CAN,arrival,14:00,SHA Shanghai,HU7132,Hainan Airlines,text,Duration: 2h 25m,,True,2026-02-17T12:18:45.621392
2026-04-23,CAN,arrival,14:00,SHA Shanghai,MU5303,China Eastern,text,Duration: 2h 30m,,True,2026-02-17T12:18:45.621398
2026-04-23,CAN,arrival,14:05,DOH Doha,CZ334,China Southern,text,Duration: 7h 50m,,True,2026-02-17T12:18:45.621403
2026-04-23,CAN,arrival,14:05,TPE Taipei,HU7982,Hainan Airlines,text,Duration: 2h 5m,,True,2026-02-17T12:18:45.621408
2026-04-23,CAN,arrival,14:10,BKK Bangkok,9C8894,Spring Airlines,text,Duration: 2h 50m,,True,2026-02-17T12:18:45.621413
2026-04-23,CAN,arrival,14:10,SHA Shanghai,CZ3524,China Southern,text,Duration: 2h 20m,,True,2026-02-17T12:18:45.621419
2026-04-23,CAN,arrival,14:10,SGN Ho Chi Minh City,VN502,Vietnam Airlines,text,Duration: 3h 0m,,True,2026-02-17T12:18:45.621424
2026-04-23,CAN,arrival,14:15,LYA Luoyang,CZ3364,China Southern,text,Duration: 2h 30m,,True,2026-02-17T12:18:45.621430
2026-04-23,CAN,arrival,14:15,SUB Surabaya,CZ8138,China Southern,text,Duration: 5h 15m,,True,2026-02-17T12:18:45.621435
2026-04-23,CAN,arrival,14:15,TSN Tianjin,GS7895,Tianjin Airlines,text,Duration: 3h 10m,,True,2026-02-17T12:18:45.621440
2026-04-23,CAN,arrival,14:20,CGO Zhengzhou,CZ8765,China Southern,text,Duration: 2h 20m,,True,2026-02-17T12:18:45.621445
2026-04-23,CAN,arrival,14:20,CGQ Changchun,CZ6377,China Southern,text,Duration: 4h 35m,,True,2026-02-17T12:18:45.621450
2026-04-23,CAN,arrival,14:25,PEK Beijing,CA1315,Air China,text,Duration: 3h 30m,,True,2026-02-17T12:18:45.621456
2026-04-23,CAN,arrival,14:25,SHE Shenyang,CZ6367,China Southern,text,Duration: 4h 25m,,True,2026-02-17T12:18:45.621461
2026-04-23,CAN,arrival,14:25,URC Urumqi,CZ6024,China Southern,text,Duration: 5h 15m,,True,2026-02-17T12:18:45.621466
2026-04-23,CAN,arrival,14:25,TFU Chengdu,HU7152,Hainan Airlines,text,Duration: 2h 25m,,True,2026-02-17T12:18:45.621471
2026-04-23,CAN,arrival,14:30,CTU Chengdu,CZ3402,China Southern,text,Duration: 2h 30m,,True,2026-02-17T12:18:45.621476
2026-04-23,CAN,arrival,14:30,MNL Manila,CZ3092,China Southern,text,Duration: 2h 35m,,True,2026-02-17T12:18:45.621482
2026-04-23,CAN,arrival,14:30,BKK Bangkok,TG668,Thai Airways,text,Duration: 3h 0m,,True,2026-02-17T12:18:45.621487
2026-04-23,CAN,arrival,14:35,HAN Hanoi,CZ3050,China Southern,text,Duration: 1h 50m,,True,2026-02-17T12:18:45.621492
2026-04-23,CAN,arrival,14:35,HND Tokyo,CZ3086,China Southern,text,Duration: 4h 50m,,True,2026-02-17T12:18:45.621497
2026-04-23,CAN,arrival,14:35,XNN Xining,CZ3250,China Southern,text,Duration: 3h 25m,,True,2026-02-17T12:18:45.621502
2026-04-23,CAN,arrival,14:35,HGH Hangzhou,MU5215,China Eastern,text,Duration: 2h 10m,,True,2026-02-17T12:18:45.621508
2026-04-23,CAN,arrival,14:35,SJW Shijiazhuang,OQ2134,Chongqing Airlines,text,Duration: 3h 5m,,True,2026-02-17T12:18:45.621578
2026-04-23,CAN,arrival,14:40,CTU Chengdu,CA4317,Air China,text,Duration: 2h 40m,,True,2026-02-17T12:18:45.621585
2026-04-23,CAN,arrival,14:40,CXR Nha Trang,CZ8476,China Southern,text,Duration: 2h 35m,,True,2026-02-17T12:18:45.621590
2026-04-23,CAN,arrival,14:40,NGB Ningbo,CZ8294,China Southern,text,Duration: 2h 10m,,True,2026-02-17T12:18:45.621597
2026-04-23,CAN,arrival,14:40,PKX Beijing,CZ3112,China Southern,text,Duration: 3h 10m,,True,2026-02-17T12:18:45.621602
2026-04-23,CAN,arrival,14:40,TAO Qingdao,CZ3200,China Southern,text,Duration: 3h 5m,,True,2026-02-17T12:18:45.621607
2026-04-23,CAN,arrival,14:40,TAO Qingdao,ZH9996,Shenzhen Airlines,text,Duration: 3h 30m,,True,2026-02-17T12:18:45.621612
2026-04-23,CAN,arrival,14:40,WUX Wuxi,ZH9824,Shenzhen Airlines,text,Duration: 2h 10m,,True,2026-02-17T12:18:45.621617
2026-04-23,CAN,arrival,14:45,HGH Hangzhou,CZ3804,China Southern,text,Duration: 2h 10m,,True,2026-02-17T12:18:45.621623
2026-04-23,CAN,arrival,14:45,"JUZ Quzhou, Zhejiang Province",CZ6290,China Southern,text,Duration: 2h 0m,,True,2026-02-17T12:18:45.621628
2026-04-23,CAN,arrival,14:45,CGK Jakarta,GA898,Garuda Indonesia,text,Duration: 5h 30m,,True,2026-02-17T12:18:45.621633
2026-04-23,CAN,arrival,14:45,RUH Riyadh,SV884,Saudia,text,Duration: 8h 45m,,True,2026-02-17T12:18:45.621638
2026-04-23,CAN,arrival,14:45,NKG Nanjing,ZH9864,Shenzhen Airlines,text,Duration: 2h 15m,,True,2026-02-17T12:18:45.621643
2026-04-23,CAN,arrival,14:50,XNT Xingtai,CZ8246,China Southern,text,Duration: 2h 50m,,True,2026-02-17T12:18:45.621649
2026-04-23,CAN,arrival,14:50,HGH Hangzhou,MF8381,XiamenAir,text,Duration: 2h 20m,,True,2026-02-17T12:18:45.621654
2026-04-23,CAN,arrival,14:55,HZG Hanzhong,AQ1154,9 Air,text,Duration: 2h 35m,,True,2026-02-17T12:18:45.621659
2026-04-23,CAN,arrival,14:55,ACX Xingyi,CZ3924,China Southern,text,Duration: 1h 55m,,True,2026-02-17T12:18:45.621664
2026-04-23,CAN,arrival,14:55,TNA Jinan,CZ3510,China Southern,text,Duration: 2h 45m,,True,2026-02-17T12:18:45.621669
2026-04-23,CAN,arrival,14:55,TYN Taiyuan,CZ3702,China Southern,text,Duration: 2h 50m,,True,2026-02-17T12:18:45.621675
2026-04-23,CAN,arrival,14:55,ADD Addis Ababa,ET606,Ethiopian,text,Duration: 10h 30m,,True,2026-02-17T12:18:45.621680
2026-04-23,CAN,arrival,14:55,PEK Beijing,ZH9148,Shenzhen Airlines,text,Duration: 3h 30m,,True,2026-02-17T12:18:45.621685
2026-04-23,CAN,arrival,14:55,PVG Shanghai,ZH9534,Shenzhen Airlines,text,Duration: 2h 45m,,True,2026-02-17T12:18:45.621690
2026-04-23,CAN,arrival,15:00,SHA Shanghai,9C6719,Spring Airlines,text,Duration: 2h 40m,,True,2026-02-17T12:18:45.621695
2026-04-23,CAN,arrival,15:00,VTE Vientiane,CZ8150,China Southern,text,Duration: 2h 30m,,True,2026-02-17T12:18:45.621701
2026-04-23,CAN,arrival,15:05,SHA Shanghai,CA1837,Air China,text,Duration: 2h 30m,,True,2026-02-17T12:18:45.621706
2026-04-23,CAN,arrival,15:05,HET Hohhot,CZ3198,China Southern,text,Duration: 3h 20m,,True,2026-02-17T12:18:45.621712
2026-04-23,CAN,arrival,15:05,NKG Nanjing,CZ3844,China Southern,text,Duration: 2h 30m,,True,2026-02-17T12:18:45.621717
2026-04-23,CAN,arrival,15:05,SHA Shanghai,MU5305,China Eastern,text,Duration: 2h 35m,,True,2026-02-17T12:18:45.621722
2026-04-23,CAN,arrival,15:05,TNA Jinan,ZH9972,Shenzhen Airlines,text,Duration: 2h 55m,,True,2026-02-17T12:18:45.621728
2026-04-23,CAN,arrival,15:10,BKK Bangkok,CZ358,China Southern,text,Duration: 2h 50m,,True,2026-02-17T12:18:45.621733
2026-04-23,CAN,arrival,15:10,KMG Kunming,MU9689,China Eastern,text,Duration: 2h 5m,,True,2026-02-17T12:18:45.621738
2026-04-23,CAN,arrival,15:15,HFE Hefei,CZ3814,China Southern,text,Duration: 2h 5m,,True,2026-02-17T12:18:45.621744
2026-04-23,CAN,arrival,15:15,MIG Mian Yang,CZ8638,China Southern,text,Duration: 2h 35m,,True,2026-02-17T12:18:45.621749
2026-04-23,CAN,arrival,15:15,XIY Xian,ZH9222,Shenzhen Airlines,text,Duration: 2h 45m,,True,2026-02-17T12:18:45.621754
2026-04-23,CAN,arrival,15:20,TAO Qingdao,AQ1020,9 Air,text,Duration: 3h 35m,,True,2026-02-17T12:18:45.621759
2026-04-23,CAN,arrival,15:20,PEK Beijing,CA1339,Air China,text,Duration: 3h 20m,,True,2026-02-17T12:18:45.621764
2026-04-23,CAN,arrival,15:20,HAN Hanoi,VN506,Vietnam Airlines,text,Duration: 1h 55m,,True,2026-02-17T12:18:45.621770
2026-04-23,CAN,arrival,15:25,CGK Jakarta,CZ388,China Southern,text,Duration: 5h 15m,,True,2026-02-17T12:18:45.621775
2026-04-23,CAN,arrival,15:25,HAK Haikou,CZ6777,China Southern,text,Duration: 1h 25m,,True,2026-02-17T12:18:45.621780
2026-04-23,CAN,arrival,15:25,KMG Kunming,CZ3494,China Southern,text,Duration: 2h 10m,,True,2026-02-17T12:18:45.621785
2026-04-23,CAN,arrival,15:25,URC Urumqi,UQ2591,Urumqi Airlines,text,Duration: 5h 10m,,True,2026-02-17T12:18:45.621791
2026-04-23,CAN,arrival,15:30,CTU Chengdu,CZ3438,China Southern,text,Duration: 2h 30m,,True,2026-02-17T12:18:45.621796
2026-04-23,CAN,arrival,15:30,CAI Cairo,MS958,EgyptAir,text,Duration: 10h 10m,,True,2026-02-17T12:18:45.621801
2026-04-23,CAN,arrival,15:30,HYN Taizhou,MU2476,China Eastern,text,Duration: 2h 10m,,True,2026-02-17T12:18:45.621806
2026-04-23,CAN,arrival,15:30,DOH Doha,QR874,Qatar Airways,text,Duration: 7h 35m,,True,2026-02-17T12:18:45.621811
2026-04-23,CAN,arrival,15:35,CTU Chengdu,3U8733,Sichuan Airlines,text,Duration: 2h 35m,,True,2026-02-17T12:18:45.621816
2026-04-23,CAN,arrival,15:35,NTG Nantong,CZ3640,China Southern,text,Duration: 2h 30m,,True,2026-02-17T12:18:45.621821
2026-04-23,CAN,arrival,15:35,WMT Zunyi,CZ3314,China Southern,text,Duration: 1h 55m,,True,2026-02-17T12:18:45.621826
2026-04-23,CAN,arrival,15:35,YNZ Yancheng,CZ3268,China Southern,text,Duration: 2h 30m,,True,2026-02-17T12:18:45.621831
2026-04-23,CAN,arrival,15:35,WUX Wuxi,MU2917,China Eastern,text,Duration: 2h 25m,,True,2026-02-17T12:18:45.621837
2026-04-23,CAN,arrival,15:40,CSX Changsha,CZ3379,China Southern,text,Duration: 1h 40m,,True,2026-02-17T12:18:45.621922
2026-04-23,CAN,arrival,15:40,PKX Beijing,CZ3102,China Southern,text,Duration: 3h 10m,,True,2026-02-17T12:18:45.621930
2026-04-23,CAN,arrival,15:40,YIW Yiwu,CZ3884,China Southern,text,Duration: 2h 5m,,True,2026-02-17T12:18:45.621935
2026-04-23,CAN,arrival,15:45,WUH Wuhan,CA8231,Air China,text,Duration: 1h 45m,,True,2026-02-17T12:18:45.621940
2026-04-23,CAN,arrival,15:45,XIY Xian,CZ3238,China Southern,text,Duration: 2h 45m,,True,2026-02-17T12:18:45.621945
2026-04-23,CAN,arrival,15:45,TSN Tianjin,OQ2124,Chongqing Airlines,text,Duration: 3h 25m,,True,2026-02-17T12:18:45.621950
2026-04-23,CAN,arrival,15:45,YNT Yantai,ZH9676,Shenzhen Airlines,text,Duration: 3h 45m,,True,2026-02-17T12:18:45.621956
2026-04-23,CAN,arrival,15:50,TFU Chengdu,3U6703,Sichuan Airlines,text,Duration: 2h 20m,,True,2026-02-17T12:18:45.621961
2026-04-23,CAN,arrival,15:50,ENY Yan'an,CZ3224,China Southern,text,Duration: 3h 5m,,True,2026-02-17T12:18:45.621966
2026-04-23,CAN,arrival,15:50,HGH Hangzhou,CZ3864,China Southern,text,Duration: 2h 15m,,True,2026-02-17T12:18:45.621971
2026-04-23,CAN,arrival,15:50,SHE Shenyang,CZ6347,China Southern,text,Duration: 4h 20m,,True,2026-02-17T12:18:45.621976
2026-04-23,CAN,arrival,15:50,PVG Shanghai,MU5345,China Eastern,text,Duration: 2h 20m,,True,2026-02-17T12:18:45.621982
2026-04-23,CAN,arrival,15:50,NGB Ningbo,OQ2028,Chongqing Airlines,text,Duration: 2h 25m,,True,2026-02-17T12:18:45.621987
2026-04-23,CAN,arrival,15:55,LHW Lanzhou,CZ8986,China Southern,text,Duration: 3h 25m,,True,2026-02-17T12:18:45.621992
2026-04-23,CAN,arrival,15:55,SGN Ho Chi Minh City,CZ8160,China Southern,text,Duration: 3h 0m,,True,2026-02-17T12:18:45.621998
2026-04-23,CAN,arrival,15:55,URC Urumqi,CZ6895,China Southern,text,Duration: 5h 10m,,True,2026-02-17T12:18:45.622003
2026-04-23,CAN,arrival,15:55,WUH Wuhan,CZ3345,China Southern,text,Duration: 1h 55m,,True,2026-02-17T12:18:45.622008
2026-04-23,CAN,arrival,15:55,ZHA Zhanjiang,CZ3332,China Southern,text,Duration: 1h 10m,,True,2026-02-17T12:18:45.622013
2026-04-23,CAN,arrival,16:00,CGO Zhengzhou,CZ3393,China Southern,text,Duration: 2h 30m,,True,2026-02-17T12:18:45.622018
2026-04-23,CAN,arrival,16:00,KTI Phnom Penh,CZ8314,China Southern,text,Duration: 2h 55m,,True,2026-02-17T12:18:45.622024
2026-04-23,CAN,arrival,16:00,PEK Beijing,HU7807,Hainan Airlines,text,Duration: 3h 30m,,True,2026-02-17T12:18:45.622030
2026-04-23,CAN,arrival,16:05,NKG Nanjing,CZ3600,China Southern,text,Duration: 2h 20m,,True,2026-02-17T12:18:45.622035
2026-04-23,CAN,arrival,16:05,XMN Xiamen,CZ3742,China Southern,text,Duration: 1h 35m,,True,2026-02-17T12:18:45.622040
2026-04-23,CAN,arrival,16:10,DLU Dali City,CZ6596,China Southern,text,Duration: 2h 35m,,True,2026-02-17T12:18:45.622046
2026-04-23,CAN,arrival,16:10,SHA Shanghai,CZ3532,China Southern,text,Duration: 2h 20m,,True,2026-02-17T12:18:45.622051
2026-04-23,CAN,arrival,16:10,TAO Qingdao,CZ3520,China Southern,text,Duration: 3h 20m,,True,2026-02-17T12:18:45.622056
2026-04-23,CAN,arrival,16:10,VTE Vientiane,QV881,Lao Airlines,text,Duration: 2h 0m,,True,2026-02-17T12:18:45.622061
2026-04-23,CAN,arrival,16:15,HGH Hangzhou,CA1793,Air China,text,Duration: 2h 10m,,True,2026-02-17T12:18:45.622067
2026-04-23,CAN,arrival,16:15,TPE Taipei,CI521,China Airlines,text,Duration: 2h 5m,,True,2026-02-17T12:18:45.622072
2026-04-23,CAN,arrival,16:15,DLC Dalian,CZ6457,China Southern,text,Duration: 3h 45m,,True,2026-02-17T12:18:45.622077
2026-04-23,CAN,arrival,16:15,RGN Yangon,CZ3056,China Southern,text,Duration: 3h 20m,,True,2026-02-17T12:18:45.622083
2026-04-23,CAN,arrival,16:15,WNZ Wenzhou,CZ3764,China Southern,text,Duration: 2h 0m,,True,2026-02-17T12:18:45.622088
2026-04-23,CAN,arrival,16:20,CKG Chongqing,CA4349,Air China,text,Duration: 2h 20m,,True,2026-02-17T12:18:45.622093
2026-04-23,CAN,arrival,16:20,XFN Xiangyang,GJ8382,Loong Air,text,Duration: 2h 5m,,True,2026-02-17T12:18:45.622099
2026-04-23,CAN,arrival,16:30,TFU Chengdu,CA4301,Air China,text,Duration: 2h 30m,,True,2026-02-17T12:18:45.622104
2026-04-23,CAN,arrival,16:30,LUM Mangshi,MU9729,China Eastern,text,Duration: 2h 35m,,True,2026-02-17T12:18:45.622109
2026-04-23,CAN,arrival,16:30,TNA Jinan,ZH9974,Shenzhen Airlines,text,Duration: 2h 55m,,True,2026-02-17T12:18:45.622114
2026-04-23,CAN,arrival,16:35,HGH Hangzhou,MU5217,China Eastern,text,Duration: 2h 0m,,True,2026-02-17T12:18:45.622120
2026-04-23,CAN,arrival,16:35,HAN Hanoi,ZH122,Shenzhen Airlines,text,Duration: 1h 50m,,True,2026-02-17T12:18:45.622125
2026-04-23,CAN,arrival,16:40,AKL Auckland,CZ336,China Southern,text,Duration: 11h 40m,,True,2026-02-17T12:18:45.622130
2026-04-23,CAN,arrival,16:40,BKK Bangkok,CZ8080,China Southern,text,Duration: 3h 0m,,True,2026-02-17T12:18:45.622135
2026-04-23,CAN,arrival,16:40,PKX Beijing,CZ3106,China Southern,text,Duration: 3h 10m,,True,2026-02-17T12:18:45.622141
2026-04-23,CAN,arrival,16:40,NKG Nanjing,MU2717,China Eastern,text,Duration: 2h 10m,,True,2026-02-17T12:18:45.622146
2026-04-23,CAN,arrival,16:40,TAO Qingdao,SC4677,Shandong Airlines,text,Duration: 3h 20m,,True,2026-02-17T12:18:45.622151
2026-04-23,CAN,arrival,16:45,PZI Pan Zhi Hua,CZ3934,China Southern,text,Duration: 2h 15m,,True,2026-02-17T12:18:45.622157
2026-04-23,CAN,arrival,16:45,SHA Shanghai,MU5307,China Eastern,text,Duration: 2h 15m,,True,2026-02-17T12:18:45.622162
2026-04-23,CAN,arrival,16:50,KMG Kunming,CZ3416,China Southern,text,Duration: 2h 10m,,True,2026-02-17T12:18:45.622167
2026-04-23,CAN,arrival,16:50,LHR London,CZ304,China Southern,text,Duration: 11h 40m,,True,2026-02-17T12:18:45.622173
2026-04-23,CAN,arrival,16:50,TAO Qingdao,MU5257,China Eastern,text,Duration: 3h 0m,,True,2026-02-17T12:18:45.622178
2026-04-23,CAN,arrival,16:50,IST Istanbul,TK72,Turkish Airlines,text,Duration: 10h 30m,,True,2026-02-17T12:18:45.622183
2026-04-23,CAN,arrival,16:55,SHA Shanghai,9C8855,Spring Airlines,text,Duration: 2h 35m,,True,2026-02-17T12:18:45.622259
2026-04-23,CAN,arrival,16:55,HGH Hangzhou,CZ6568,China Southern,text,Duration: 2h 20m,,True,2026-02-17T12:18:45.622266
2026-04-23,CAN,arrival,16:55,TNA Jinan,CZ3620,China Southern,text,Duration: 2h 45m,,True,2026-02-17T12:18:45.622271
2026-04-23,CAN,arrival,16:55,TPE Taipei,CZ3098,China Southern,text,Duration: 2h 5m,,True,2026-02-17T12:18:45.622276
2026-04-23,CAN,arrival,16:55,HAK Haikou,HU7007,Hainan Airlines,text,Duration: 1h 25m,,True,2026-02-17T12:18:45.622282
2026-04-23,CAN,arrival,17:00,FOC Fuzhou,MF8347,XiamenAir,text,Duration: 2h 0m,,True,2026-02-17T12:18:45.622288
2026-04-23,CAN,arrival,17:10,SHA Shanghai,HO1869,Juneyao Airlines,text,Duration: 2h 20m,,True,2026-02-17T12:18:45.622293
2026-04-23,CAN,arrival,17:10,XMN Xiamen,MF8387,XiamenAir,text,Duration: 1h 40m,,True,2026-02-17T12:18:45.622300
2026-04-23,CAN,arrival,17:10,CKG Chongqing,OQ2339,Chongqing Airlines,text,Duration: 2h 5m,,True,2026-02-17T12:18:45.622305
2026-04-23,CAN,arrival,17:10,INC Yinchuan,ZH8942,Shenzhen Airlines,text,Duration: 3h 10m,,True,2026-02-17T12:18:45.622310
2026-04-23,CAN,arrival,17:15,PKX Beijing,CZ3186,China Southern,text,Duration: 3h 15m,,True,2026-02-17T12:18:45.622315
2026-04-23,CAN,arrival,17:15,SHA Shanghai,CZ3538,China Southern,text,Duration: 2h 25m,,True,2026-02-17T12:18:45.622321
2026-04-23,CAN,arrival,17:15,SYX Sanya,CZ6743,China Southern,text,Duration: 1h 40m,,True,2026-02-17T12:18:45.622326
2026-04-23,CAN,arrival,17:20,NGB Ningbo,CZ3518,China Southern,text,Duration: 2h 25m,,True,2026-02-17T12:18:45.622331
2026-04-23,CAN,arrival,17:20,SHE Shenyang,MU9870,China Eastern,text,Duration: 4h 5m,,True,2026-02-17T12:18:45.622336
2026-04-23,CAN,arrival,17:25,PEK Beijing,CA1327,Air China,text,Duration: 3h 25m,,True,2026-02-17T12:18:45.622341
2026-04-23,CAN,arrival,17:25,CGO Zhengzhou,CZ6625,China Southern,text,Duration: 2h 25m,,True,2026-02-17T12:18:45.622346
2026-04-23,CAN,arrival,17:25,HAK Haikou,CZ6791,China Southern,text,Duration: 1h 25m,,True,2026-02-17T12:18:45.622351
2026-04-23,CAN,arrival,17:25,SHE Shenyang,CZ6315,China Southern,text,Duration: 4h 25m,,True,2026-02-17T12:18:45.622356
2026-04-23,CAN,arrival,17:30,BNE Brisbane,CZ382,China Southern,text,Duration: 9h 20m,,True,2026-02-17T12:18:45.622361
2026-04-23,CAN,arrival,17:30,CTU Chengdu,CZ3444,China Southern,text,Duration: 2h 30m,,True,2026-02-17T12:18:45.622366
2026-04-23,CAN,arrival,17:30,HRB Harbin,CZ5394,China Southern,text,Duration: 5h 0m,,True,2026-02-17T12:18:45.622372
2026-04-23,CAN,arrival,17:30,POM Port Moresby,CZ5056,China Southern,text,Duration: 7h 0m,,True,2026-02-17T12:18:45.622377
2026-04-23,CAN,arrival,17:30,WUH Wuhan,MU6734,China Eastern,text,Duration: 1h 55m,,True,2026-02-17T12:18:45.622382
2026-04-23,CAN,arrival,17:30,SHE Shenyang,OQ2128,Chongqing Airlines,text,Duration: 4h 30m,,True,2026-02-17T12:18:45.622387
2026-04-23,CAN,arrival,17:35,CTU Chengdu,CA4333,Air China,text,Duration: 2h 35m,,True,2026-02-17T12:18:45.622392
2026-04-23,CAN,arrival,17:35,KUL Kuala Lumpur,CZ350,China Southern,text,Duration: 4h 10m,,True,2026-02-17T12:18:45.622398
2026-04-23,CAN,arrival,17:40,HGH Hangzhou,CA1795,Air China,text,Duration: 2h 25m,,True,2026-02-17T12:18:45.622404
2026-04-23,CAN,arrival,17:40,PKX Beijing,CZ3162,China Southern,text,Duration: 3h 10m,,True,2026-02-17T12:18:45.622409
2026-04-23,CAN,arrival,17:40,DLU Dali City,MU9741,China Eastern,text,Duration: 2h 25m,,True,2026-02-17T12:18:45.622415
2026-04-23,CAN,arrival,17:45,BKK Bangkok,CZ8100,China Southern,text,Duration: 3h 0m,,True,2026-02-17T12:18:45.622420
2026-04-23,CAN,arrival,17:45,XIY Xian,CZ3232,China Southern,text,Duration: 2h 45m,,True,2026-02-17T12:18:45.622426
2026-04-23,CAN,arrival,17:50,CKG Chongqing,3U8745,Sichuan Airlines,text,Duration: 2h 5m,,True,2026-02-17T12:18:45.622432
2026-04-23,CAN,arrival,17:50,HGH Hangzhou,CZ3850,China Southern,text,Duration: 2h 15m,,True,2026-02-17T12:18:45.622437
2026-04-23,CAN,arrival,17:50,SIN Singapore,CZ354,China Southern,text,Duration: 4h 20m,,True,2026-02-17T12:18:45.622443
2026-04-23,CAN,arrival,17:50,DOY Dongying,HU7260,Hainan Airlines,text,Duration: 3h 15m,,True,2026-02-17T12:18:45.622448
2026-04-23,CAN,arrival,17:50,PEK Beijing,HU7809,Hainan Airlines,text,Duration: 3h 20m,,True,2026-02-17T12:18:45.622454
2026-04-23,CAN,arrival,17:50,HIA Huai'an,MU2869,China Eastern,text,Duration: 2h 20m,,True,2026-02-17T12:18:45.622459
2026-04-23,CAN,arrival,17:50,WUX Wuxi,ZH9826,Shenzhen Airlines,text,Duration: 2h 30m,,True,2026-02-17T12:18:45.622465
2026-04-23,CAN,arrival,17:55,KWE Guiyang,CZ3691,China Southern,text,Duration: 1h 40m,,True,2026-02-17T12:18:45.622470
2026-04-23,CAN,arrival,17:55,SYD Sydney,CZ326,China Southern,text,Duration: 9h 50m,,True,2026-02-17T12:18:45.622475
2026-04-23,CAN,arrival,17:55,URC Urumqi,CZ6883,China Southern,text,Duration: 5h 5m,,True,2026-02-17T12:18:45.622480
2026-04-23,CAN,arrival,17:55,PKX Beijing,MU6305,China Eastern,text,Duration: 3h 15m,,True,2026-02-17T12:18:45.622486
2026-04-23,CAN,arrival,18:00,MEL Melbourne,CZ322,China Southern,text,Duration: 9h 40m,,True,2026-02-17T12:18:45.622491
2026-04-23,CAN,arrival,18:00,SHA Shanghai,FM9313,Shanghai Airlines,text,Duration: 2h 5m,,True,2026-02-17T12:18:45.622497
2026-04-23,CAN,arrival,18:05,ADL Adelaide,CZ664,China Southern,text,Duration: 9h 5m,,True,2026-02-17T12:18:45.622502
2026-04-23,CAN,arrival,18:05,HFE Hefei,CZ3874,China Southern,text,Duration: 2h 15m,,True,2026-02-17T12:18:45.622507
2026-04-23,CAN,arrival,18:05,LHW Lanzhou,CZ3206,China Southern,text,Duration: 3h 20m,,True,2026-02-17T12:18:45.622512
2026-04-23,CAN,arrival,18:05,XMN Xiamen,CZ3880,China Southern,text,Duration: 1h 35m,,True,2026-02-17T12:18:45.622517
2026-04-23,CAN,arrival,18:10,ICN Seoul,CZ338,China Southern,text,Duration: 3h 55m,,True,2026-02-17T12:18:45.622523
2026-04-23,CAN,arrival,18:10,YIW Yiwu,CZ3150,China Southern,text,Duration: 2h 5m,,True,2026-02-17T12:18:45.622599
2026-04-23,CAN,arrival,18:10,TSN Tianjin,GS7925,Tianjin Airlines,text,Duration: 3h 30m,,True,2026-02-17T12:18:45.622606
2026-04-23,CAN,arrival,18:10,NKG Nanjing,ZH9866,Shenzhen Airlines,text,Duration: 2h 30m,,True,2026-02-17T12:18:45.622611
2026-04-23,CAN,arrival,18:15,TFU Chengdu,AQ1116,9 Air,text,Duration: 2h 15m,,True,2026-02-17T12:18:45.622617
2026-04-23,CAN,arrival,18:15,TSN Tianjin,CA2803,Air China,text,Duration: 3h 20m,,True,2026-02-17T12:18:45.622622
2026-04-23,CAN,arrival,18:15,DLC Dalian,CZ3607,China Southern,text,Duration: 3h 40m,,True,2026-02-17T12:18:45.622627
2026-04-23,CAN,arrival,18:15,SHA Shanghai,CZ3540,China Southern,text,Duration: 2h 25m,,True,2026-02-17T12:18:45.622633
2026-04-23,CAN,arrival,18:15,TAO Qingdao,SC4675,Shandong Airlines,text,Duration: 3h 15m,,True,2026-02-17T12:18:45.622638
2026-04-23,CAN,arrival,18:15,HRB Harbin,ZH9672,Shenzhen Airlines,text,Duration: 4h 50m,,True,2026-02-17T12:18:45.622643
2026-04-23,CAN,arrival,18:20,PEK Beijing,CA1301,Air China,text,Duration: 3h 20m,,True,2026-02-17T12:18:45.622648
2026-04-23,CAN,arrival,18:20,LJG Lijiang,CZ3424,China Southern,text,Duration: 2h 35m,,True,2026-02-17T12:18:45.622653
2026-04-23,CAN,arrival,18:25,FOC Fuzhou,CZ3878,China Southern,text,Duration: 2h 0m,,True,2026-02-17T12:18:45.622659
2026-04-23,CAN,arrival,18:25,TSN Tianjin,CZ3302,China Southern,text,Duration: 3h 10m,,True,2026-02-17T12:18:45.622664
2026-04-23,CAN,arrival,18:25,WUH Wuhan,CZ3706,China Southern,text,Duration: 1h 55m,,True,2026-02-17T12:18:45.622670
2026-04-23,CAN,arrival,18:25,XIY Xian,HU7857,Hainan Airlines,text,Duration: 2h 55m,,True,2026-02-17T12:18:45.622675
2026-04-23,CAN,arrival,18:30,CKG Chongqing,CZ3486,China Southern,text,Duration: 2h 5m,,True,2026-02-17T12:18:45.622680
2026-04-23,CAN,arrival,18:30,HAN Hanoi,CZ8316,China Southern,text,Duration: 1h 45m,,True,2026-02-17T12:18:45.622685
2026-04-23,CAN,arrival,18:30,HRB Harbin,CZ3616,China Southern,text,Duration: 4h 50m,,True,2026-02-17T12:18:45.622690
2026-04-23,CAN,arrival,18:35,WUX Wuxi,AQ1056,9 Air,text,Duration: 2h 35m,,True,2026-02-17T12:18:45.622695
2026-04-23,CAN,arrival,18:35,TFU Chengdu,MU6185,China Eastern,text,Duration: 2h 35m,,True,2026-02-17T12:18:45.622701
2026-04-23,CAN,arrival,18:40,CGQ Changchun,CZ6851,China Southern,text,Duration: 4h 45m,,True,2026-02-17T12:18:45.622706
2026-04-23,CAN,arrival,18:40,PKX Beijing,CZ3104,China Southern,text,Duration: 3h 10m,,True,2026-02-17T12:18:45.622712
2026-04-23,CAN,arrival,18:40,YTY Yangzhou,CZ5906,China Southern,text,Duration: 2h 35m,,True,2026-02-17T12:18:45.622718
2026-04-23,CAN,arrival,18:40,CKG Chongqing,HU7242,Hainan Airlines,text,Duration: 2h 10m,,True,2026-02-17T12:18:45.622723
2026-04-23,CAN,arrival,18:40,LHW Lanzhou,MU2305,China Eastern,text,Duration: 3h 10m,,True,2026-02-17T12:18:45.622728
2026-04-23,CAN,arrival,18:45,XIY Xian,CZ3212,China Southern,text,Duration: 2h 45m,,True,2026-02-17T12:18:45.622733
2026-04-23,CAN,arrival,18:45,PVG Shanghai,FM9315,Shanghai Airlines,text,Duration: 2h 15m,,True,2026-02-17T12:18:45.622739
2026-04-23,CAN,arrival,18:50,CKG Chongqing,CA4341,Air China,text,Duration: 2h 5m,,True,2026-02-17T12:18:45.622744
2026-04-23,CAN,arrival,18:50,DZH Dazhou,CA4355,Air China,text,Duration: 2h 30m,,True,2026-02-17T12:18:45.622749
2026-04-23,CAN,arrival,18:50,SJW Shijiazhuang,JD5356,Capital Airlines,text,Duration: 3h 0m,,True,2026-02-17T12:18:45.622754
2026-04-23,CAN,arrival,18:50,PKX Beijing,KN5321,China United Airlines,text,Duration: 3h 20m,,True,2026-02-17T12:18:45.622759
2026-04-23,CAN,arrival,18:55,HGH Hangzhou,CZ3512,China Southern,text,Duration: 2h 20m,,True,2026-02-17T12:18:45.622764
2026-04-23,CAN,arrival,18:55,TNA Jinan,CZ3712,China Southern,text,Duration: 2h 45m,,True,2026-02-17T12:18:45.622769
2026-04-23,CAN,arrival,18:55,SHA Shanghai,MU5311,China Eastern,text,Duration: 2h 25m,,True,2026-02-17T12:18:45.622774
2026-04-23,CAN,arrival,18:55,NKG Nanjing,ZH9868,Shenzhen Airlines,text,Duration: 2h 15m,,True,2026-02-17T12:18:45.622779
2026-04-23,CAN,arrival,19:00,TAO Qingdao,CZ3536,China Southern,text,Duration: 3h 10m,,True,2026-02-17T12:18:45.622784
2026-04-23,CAN,arrival,19:00,BKK Bangkok,KQ886,Kenya Airways,text,Duration: 2h 55m,,True,2026-02-17T12:18:45.622789
2026-04-23,CAN,arrival,19:00,KTI Phnom Penh,KR935,Cambodia Airways,text,Duration: 2h 55m,,True,2026-02-17T12:18:45.622794
2026-04-23,CAN,arrival,19:05,BKK Bangkok,CZ5096,China Southern,text,Duration: 3h 0m,,True,2026-02-17T12:18:45.622799
2026-04-23,CAN,arrival,19:05,DAC Dhaka,CZ5016,China Southern,text,Duration: 3h 50m,,True,2026-02-17T12:18:45.622805
2026-04-23,CAN,arrival,19:05,KUL Kuala Lumpur,CZ3048,China Southern,text,Duration: 4h 20m,,True,2026-02-17T12:18:45.622810
2026-04-23,CAN,arrival,19:05,NKG Nanjing,CZ3822,China Southern,text,Duration: 2h 20m,,True,2026-02-17T12:18:45.622815
2026-04-23,CAN,arrival,19:05,SHA Shanghai,HO1867,Juneyao Airlines,text,Duration: 2h 35m,,True,2026-02-17T12:18:45.622821
2026-04-23,CAN,arrival,19:05,TNA Jinan,SC1171,Shandong Airlines,text,Duration: 3h 0m,,True,2026-02-17T12:18:45.622826
2026-04-23,CAN,arrival,19:05,CZX Changzhou,ZH8944,Shenzhen Airlines,text,Duration: 2h 30m,,True,2026-02-17T12:18:45.622832
2026-04-23,CAN,arrival,19:10,CTU Chengdu,3U8739,Sichuan Airlines,text,Duration: 2h 30m,,True,2026-02-17T12:18:45.622837
2026-04-23,CAN,arrival,19:10,HET Hohhot,CZ3246,China Southern,text,Duration: 3h 35m,,True,2026-02-17T12:18:45.622842
2026-04-23,CAN,arrival,19:10,KIX Osaka,CZ390,China Southern,text,Duration: 4h 10m,,True,2026-02-17T12:18:45.622848
2026-04-23,CAN,arrival,19:10,NGB Ningbo,CZ3776,China Southern,text,Duration: 2h 20m,,True,2026-02-17T12:18:45.622853
2026-04-23,CAN,arrival,19:10,SHA Shanghai,CZ3526,China Southern,text,Duration: 2h 20m,,True,2026-02-17T12:18:45.622858
2026-04-23,CAN,arrival,19:10,PKX Beijing,JD5921,Capital Airlines,text,Duration: 3h 30m,,True,2026-02-17T12:18:45.622930
2026-04-23,CAN,arrival,19:15,HND Tokyo,CZ386,China Southern,text,Duration: 4h 35m,,True,2026-02-17T12:18:45.622937
2026-04-23,CAN,arrival,19:15,NGB Ningbo,MU5237,China Eastern,text,Duration: 2h 10m,,True,2026-02-17T12:18:45.622943
2026-04-23,CAN,arrival,19:15,XIY Xian,ZH9224,Shenzhen Airlines,text,Duration: 2h 45m,,True,2026-02-17T12:18:45.622948
2026-04-23,CAN,arrival,19:20,VTE Vientiane,CZ6092,China Southern,text,Duration: 2h 30m,,True,2026-02-17T12:18:45.622954
2026-04-23,CAN,arrival,19:20,WUH Wuhan,CZ6224,China Southern,text,Duration: 1h 50m,,True,2026-02-17T12:18:45.622959
2026-04-23,CAN,arrival,19:20,PVG Shanghai,HU7232,Hainan Airlines,text,Duration: 2h 50m,,True,2026-02-17T12:18:45.622964
2026-04-23,CAN,arrival,19:25,PEK Beijing,CA1365,Air China,text,Duration: 3h 25m,,True,2026-02-17T12:18:45.622970
2026-04-23,CAN,arrival,19:25,HAK Haikou,CZ6783,China Southern,text,Duration: 1h 25m,,True,2026-02-17T12:18:45.622975
2026-04-23,CAN,arrival,19:25,ICN Seoul,CZ3062,China Southern,text,Duration: 3h 40m,,True,2026-02-17T12:18:45.622980
2026-04-23,CAN,arrival,19:25,KTI Phnom Penh,CZ6060,China Southern,text,Duration: 2h 50m,,True,2026-02-17T12:18:45.622986
2026-04-23,CAN,arrival,19:25,TSN Tianjin,CZ3144,China Southern,text,Duration: 3h 10m,,True,2026-02-17T12:18:45.622992
2026-04-23,CAN,arrival,19:30,KTM Kathmandu,CZ6068,China Southern,text,Duration: 4h 25m,,True,2026-02-17T12:18:45.622997
2026-04-23,CAN,arrival,19:30,WEH Weihai,MU6896,China Eastern,text,Duration: 3h 40m,,True,2026-02-17T12:18:45.623003
2026-04-23,CAN,arrival,19:35,CGK Jakarta,CZ3038,China Southern,text,Duration: 5h 20m,,True,2026-02-17T12:18:45.623008
2026-04-23,CAN,arrival,19:35,CTU Chengdu,CZ3472,China Southern,text,Duration: 2h 35m,,True,2026-02-17T12:18:45.623013
2026-04-23,CAN,arrival,19:35,SGN Ho Chi Minh City,CZ374,China Southern,text,Duration: 2h 55m,,True,2026-02-17T12:18:45.623020
2026-04-23,CAN,arrival,19:35,SWA Jieyang,CZ3891,China Southern,text,Duration: 1h 15m,,True,2026-02-17T12:18:45.623025
2026-04-23,CAN,arrival,19:35,PKX Beijing,MU6307,China Eastern,text,Duration: 3h 20m,,True,2026-02-17T12:18:45.623030
2026-04-23,CAN,arrival,19:40,CTU Chengdu,CA4303,Air China,text,Duration: 2h 40m,,True,2026-02-17T12:18:45.623035
2026-04-23,CAN,arrival,19:40,PVG Shanghai,CA1865,Air China,text,Duration: 2h 35m,,True,2026-02-17T12:18:45.623040
2026-04-23,CAN,arrival,19:40,HRB Harbin,CZ8719,China Southern,text,Duration: 4h 50m,,True,2026-02-17T12:18:45.623046
2026-04-23,CAN,arrival,19:40,PKX Beijing,CZ3180,China Southern,text,Duration: 3h 10m,,True,2026-02-17T12:18:45.623051
2026-04-23,CAN,arrival,19:40,WNZ Wenzhou,CZ3528,China Southern,text,Duration: 1h 55m,,True,2026-02-17T12:18:45.623056
2026-04-23,CAN,arrival,19:45,DLC Dalian,CZ6467,China Southern,text,Duration: 3h 45m,,True,2026-02-17T12:18:45.623061
2026-04-23,CAN,arrival,19:45,URC Urumqi,CZ6885,China Southern,text,Duration: 5h 5m,,True,2026-02-17T12:18:45.623066
2026-04-23,CAN,arrival,19:45,HAK Haikou,HU7009,Hainan Airlines,text,Duration: 1h 15m,,True,2026-02-17T12:18:45.623072
2026-04-23,CAN,arrival,19:50,CXR Nha Trang,CZ6050,China Southern,text,Duration: 2h 50m,,True,2026-02-17T12:18:45.623077
2026-04-23,CAN,arrival,19:50,KMG Kunming,CZ3408,China Southern,text,Duration: 2h 10m,,True,2026-02-17T12:18:45.623082
2026-04-23,CAN,arrival,19:50,XIY Xian,CZ3208,China Southern,text,Duration: 2h 50m,,True,2026-02-17T12:18:45.623088
2026-04-23,CAN,arrival,19:55,SHE Shenyang,CZ3602,China Southern,text,Duration: 4h 25m,,True,2026-02-17T12:18:45.623093
2026-04-23,CAN,arrival,19:55,PEK Beijing,HU7811,Hainan Airlines,text,Duration: 3h 25m,,True,2026-02-17T12:18:45.623098
2026-04-23,CAN,arrival,20:00,BKK Bangkok,CZ3082,China Southern,text,Duration: 3h 5m,,True,2026-02-17T12:18:45.623103
2026-04-23,CAN,arrival,20:00,TYN Taiyuan,CZ6528,China Southern,text,Duration: 2h 55m,,True,2026-02-17T12:18:45.623109
2026-04-23,CAN,arrival,20:00,SHA Shanghai,MU9199,China Eastern,text,Duration: 2h 30m,,True,2026-02-17T12:18:45.623114
2026-04-23,CAN,arrival,20:00,HAK Haikou,ZH8992,Shenzhen Airlines,text,Duration: 1h 20m,,True,2026-02-17T12:18:45.623119
2026-04-23,CAN,arrival,20:05,HFE Hefei,CZ6586,China Southern,text,Duration: 2h 5m,,True,2026-02-17T12:18:45.623125
2026-04-23,CAN,arrival,20:05,PKX Beijing,MF8339,XiamenAir,text,Duration: 3h 5m,,True,2026-02-17T12:18:45.623131
2026-04-23,CAN,arrival,20:05,TNA Jinan,SC1175,Shandong Airlines,text,Duration: 2h 55m,,True,2026-02-17T12:18:45.623136
2026-04-23,CAN,arrival,20:05,WUX Wuxi,ZH9828,Shenzhen Airlines,text,Duration: 2h 30m,,True,2026-02-17T12:18:45.623141
2026-04-23,CAN,arrival,20:10,CKG Chongqing,HU7442,Hainan Airlines,text,Duration: 2h 10m,,True,2026-02-17T12:18:45.623147
2026-04-23,CAN,arrival,20:15,KMG Kunming,8L9975,Lucky Air,text,Duration: 2h 0m,,True,2026-02-17T12:18:45.623153
2026-04-23,CAN,arrival,20:15,TAO Qingdao,CZ3800,China Southern,text,Duration: 3h 10m,,True,2026-02-17T12:18:45.623158
2026-04-23,CAN,arrival,20:15,KMG Kunming,KY8281,Kunming Airlines,text,Duration: 2h 15m,,True,2026-02-17T12:18:45.623164
2026-04-23,CAN,arrival,20:15,TNA Jinan,SC1173,Shandong Airlines,text,Duration: 2h 35m,,True,2026-02-17T12:18:45.623170
2026-04-23,CAN,arrival,20:20,NKG Nanjing,AQ1034,9 Air,text,Duration: 2h 35m,,True,2026-02-17T12:18:45.623175
2026-04-23,CAN,arrival,20:20,TSN Tianjin,CA4548,Air China,text,Duration: 2h 55m,,True,2026-02-17T12:18:45.623181
2026-04-23,CAN,arrival,20:20,MNL Manila,CZ398,China Southern,text,Duration: 2h 35m,,True,2026-02-17T12:18:45.623186
2026-04-23,CAN,arrival,20:20,HGH Hangzhou,MF8311,XiamenAir,text,Duration: 2h 20m,,True,2026-02-17T12:18:45.623191
2026-04-23,CAN,arrival,20:25,CGO Zhengzhou,CZ3972,China Southern,text,Duration: 2h 25m,,True,2026-02-17T12:18:45.623197
2026-04-23,CAN,arrival,20:25,PVG Shanghai,CZ3488,China Southern,text,Duration: 2h 35m,,True,2026-02-17T12:18:45.623270
2026-04-23,CAN,arrival,20:25,SHA Shanghai,HO1851,Juneyao Airlines,text,Duration: 2h 20m,,True,2026-02-17T12:18:45.623276
2026-04-23,CAN,arrival,20:30,SHA Shanghai,9C8931,Spring Airlines,text,Duration: 2h 25m,,True,2026-02-17T12:18:45.623281
2026-04-23,CAN,arrival,20:30,WSK Wushan,CZ3962,China Southern,text,Duration: 1h 55m,,True,2026-02-17T12:18:45.623287
2026-04-23,CAN,arrival,20:30,CTU Chengdu,MU6831,China Eastern,text,Duration: 2h 25m,,True,2026-02-17T12:18:45.623292
2026-04-23,CAN,arrival,20:30,NKG Nanjing,ZH9870,Shenzhen Airlines,text,Duration: 2h 30m,,True,2026-02-17T12:18:45.623297
2026-04-23,CAN,arrival,20:35,MXZ Mei Xian,CZ3334,China Southern,text,Duration: 1h 10m,,True,2026-02-17T12:18:45.623303
2026-04-23,CAN,arrival,20:40,PKX Beijing,CZ3122,China Southern,text,Duration: 3h 10m,,True,2026-02-17T12:18:45.623308
2026-04-23,CAN,arrival,20:40,XUZ Xuzhou,CZ3340,China Southern,text,Duration: 2h 30m,,True,2026-02-17T12:18:45.623314
2026-04-23,CAN,arrival,20:40,YIW Yiwu,CZ3885,China Southern,text,Duration: 2h 0m,,True,2026-02-17T12:18:45.623319
2026-04-23,CAN,arrival,20:45,CKG Chongqing,CZ3464,China Southern,text,Duration: 2h 0m,,True,2026-02-17T12:18:45.623325
2026-04-23,CAN,arrival,20:45,TNA Jinan,MU5259,China Eastern,text,Duration: 2h 45m,,True,2026-02-17T12:18:45.623330
2026-04-23,CAN,arrival,20:50,KMG Kunming,CZ3450,China Southern,text,Duration: 2h 10m,,True,2026-02-17T12:18:45.623336
2026-04-23,CAN,arrival,20:50,TNA Jinan,CZ8480,China Southern,text,Duration: 2h 50m,,True,2026-02-17T12:18:45.623341
2026-04-23,CAN,arrival,20:50,NKG Nanjing,HU7314,Hainan Airlines,text,Duration: 2h 25m,,True,2026-02-17T12:18:45.623346
2026-04-23,CAN,arrival,20:55,HGH Hangzhou,3U3153,Sichuan Airlines,text,Duration: 2h 10m,,True,2026-02-17T12:18:45.623352
2026-04-23,CAN,arrival,20:55,KUL Kuala Lumpur,AK116,AirAsia,text,Duration: 4h 20m,,True,2026-02-17T12:18:45.623357
2026-04-23,CAN,arrival,20:55,PVG Shanghai,CZ3585,China Southern,text,Duration: 2h 35m,,True,2026-02-17T12:18:45.623363
2026-04-23,CAN,arrival,21:00,HGH Hangzhou,AQ1072,9 Air,text,Duration: 2h 25m,,True,2026-02-17T12:18:45.623368
2026-04-23,CAN,arrival,21:00,SYX Sanya,CZ6735,China Southern,text,Duration: 1h 45m,,True,2026-02-17T12:18:45.623373
2026-04-23,CAN,arrival,21:00,URC Urumqi,CZ6899,China Southern,text,Duration: 5h 5m,,True,2026-02-17T12:18:45.623378
2026-04-23,CAN,arrival,21:00,CGO Zhengzhou,HU7288,Hainan Airlines,text,Duration: 2h 30m,,True,2026-02-17T12:18:45.623383
2026-04-23,CAN,arrival,21:00,TYN Taiyuan,HU7250,Hainan Airlines,text,Duration: 3h 5m,,True,2026-02-17T12:18:45.623389
2026-04-23,CAN,arrival,21:00,SHA Shanghai,MU5371,China Eastern,text,Duration: 2h 30m,,True,2026-02-17T12:18:45.623394
2026-04-23,CAN,arrival,21:00,HFE Hefei,ZH9988,Shenzhen Airlines,text,Duration: 2h 20m,,True,2026-02-17T12:18:45.623400
2026-04-23,CAN,arrival,21:05,HKG Hong Kong,CX988,Cathay Pacific,text,Duration: 1h 5m,,True,2026-02-17T12:18:45.623406
2026-04-23,CAN,arrival,21:05,HGH Hangzhou,CZ3502,China Southern,text,Duration: 2h 30m,,True,2026-02-17T12:18:45.623411
2026-04-23,CAN,arrival,21:05,CZX Changzhou,ZH9654,Shenzhen Airlines,text,Duration: 2h 30m,,True,2026-02-17T12:18:45.623417
2026-04-23,CAN,arrival,21:10,KWE Guiyang,CZ6394,China Southern,text,Duration: 1h 45m,,True,2026-02-17T12:18:45.623422
2026-04-23,CAN,arrival,21:10,NKG Nanjing,CZ3700,China Southern,text,Duration: 2h 5m,,True,2026-02-17T12:18:45.623428
2026-04-23,CAN,arrival,21:10,KMG Kunming,MU5739,China Eastern,text,Duration: 2h 15m,,True,2026-02-17T12:18:45.623433
2026-04-23,CAN,arrival,21:10,LYI Linyi,ZH9482,Shenzhen Airlines,text,Duration: 3h 0m,,True,2026-02-17T12:18:45.623439
2026-04-23,CAN,arrival,21:10,TNA Jinan,ZH9978,Shenzhen Airlines,text,Duration: 3h 0m,,True,2026-02-17T12:18:45.623444
2026-04-23,CAN,arrival,21:15,CGQ Changchun,CZ8459,China Southern,text,Duration: 4h 35m,,True,2026-02-17T12:18:45.623450
2026-04-23,CAN,arrival,21:15,LUM Mangshi,CZ6500,China Southern,text,Duration: 2h 30m,,True,2026-02-17T12:18:45.623455
2026-04-23,CAN,arrival,21:15,SHA Shanghai,CZ3572,China Southern,text,Duration: 2h 25m,,True,2026-02-17T12:18:45.623461
2026-04-23,CAN,arrival,21:15,NKG Nanjing,MU9767,China Eastern,text,Duration: 2h 15m,,True,2026-02-17T12:18:45.623466
2026-04-23,CAN,arrival,21:15,HPH Haiphong,ZH130,Shenzhen Airlines,text,Duration: 1h 55m,,True,2026-02-17T12:18:45.623472
2026-04-23,CAN,arrival,21:20,PEK Beijing,CA1309,Air China,text,Duration: 3h 20m,,True,2026-02-17T12:18:45.623477
2026-04-23,CAN,arrival,21:20,TSN Tianjin,CA2805,Air China,text,Duration: 3h 20m,,True,2026-02-17T12:18:45.623482
2026-04-23,CAN,arrival,21:20,HKT Phuket,CZ6064,China Southern,text,Duration: 3h 40m,,True,2026-02-17T12:18:45.623488
2026-04-23,CAN,arrival,21:20,KUL Kuala Lumpur,CZ8012,China Southern,text,Duration: 4h 25m,,True,2026-02-17T12:18:45.623493
2026-04-23,CAN,arrival,21:20,LJG Lijiang,OQ2112,Chongqing Airlines,text,Duration: 2h 40m,,True,2026-02-17T12:18:45.623499
2026-04-23,CAN,arrival,21:25,CGO Zhengzhou,CZ3959,China Southern,text,Duration: 2h 30m,,True,2026-02-17T12:18:45.623504
2026-04-23,CAN,arrival,21:25,KHN Nanchang,CZ8532,China Southern,text,Duration: 1h 45m,,True,2026-02-17T12:18:45.623509
2026-04-23,CAN,arrival,21:25,WUH Wuhan,CZ3347,China Southern,text,Duration: 1h 55m,,True,2026-02-17T12:18:45.623515
2026-04-23,CAN,arrival,21:30,CSX Changsha,CZ5591,China Southern,text,Duration: 1h 45m,,True,2026-02-17T12:18:45.623520
2026-04-23,CAN,arrival,21:30,HGH Hangzhou,GJ8995,Loong Air,text,Duration: 2h 25m,,True,2026-02-17T12:18:45.623525
2026-04-23,CAN,arrival,21:30,TFU Chengdu,HU7252,Hainan Airlines,text,Duration: 2h 30m,,True,2026-02-17T12:18:45.623531
2026-04-23,CAN,arrival,21:35,CTU Chengdu,CZ3418,China Southern,text,Duration: 2h 35m,,True,2026-02-17T12:18:45.623536
2026-04-23,CAN,arrival,21:35,KUL Kuala Lumpur,CZ8348,China Southern,text,Duration: 4h 20m,,True,2026-02-17T12:18:45.623609
2026-04-23,CAN,arrival,21:35,LHW Lanzhou,CZ3386,China Southern,text,Duration: 3h 20m,,True,2026-02-17T12:18:45.623617
2026-04-23,CAN,arrival,21:45,TFU Chengdu,3U6705,Sichuan Airlines,text,Duration: 2h 15m,,True,2026-02-17T12:18:45.623622
2026-04-23,CAN,arrival,21:45,TFU Chengdu,CA4309,Air China,text,Duration: 2h 15m,,True,2026-02-17T12:18:45.623627
2026-04-23,CAN,arrival,21:45,PKX Beijing,CZ3100,China Southern,text,Duration: 3h 15m,,True,2026-02-17T12:18:45.623632
2026-04-23,CAN,arrival,21:45,YIW Yiwu,CZ3303,China Southern,text,Duration: 2h 5m,,True,2026-02-17T12:18:45.623638
2026-04-23,CAN,arrival,21:50,TAO Qingdao,CZ5900,China Southern,text,Duration: 3h 15m,,True,2026-02-17T12:18:45.623643
2026-04-23,CAN,arrival,21:50,SHA Shanghai,MU5315,China Eastern,text,Duration: 2h 20m,,True,2026-02-17T12:18:45.623648
2026-04-23,CAN,arrival,21:55,XIY Xian,MU2311,China Eastern,text,Duration: 2h 25m,,True,2026-02-17T12:18:45.623653
2026-04-23,CAN,arrival,22:00,YBP Yibin,3U3054,Sichuan Airlines,text,Duration: 2h 10m,,True,2026-02-17T12:18:45.623658
2026-04-23,CAN,arrival,22:00,CKG Chongqing,CZ3412,China Southern,text,Duration: 2h 5m,,True,2026-02-17T12:18:45.623664
2026-04-23,CAN,arrival,22:00,WXN Wanxian,CZ8254,China Southern,text,Duration: 2h 10m,,True,2026-02-17T12:18:45.623669
2026-04-23,CAN,arrival,22:00,DXB Dubai,EK362,Emirates,text,Duration: 7h 45m,,True,2026-02-17T12:18:45.623674
2026-04-23,CAN,arrival,22:00,SJW Shijiazhuang,NS3657,Hebei Airlines,text,Duration: 3h 10m,,True,2026-02-17T12:18:45.623679
2026-04-23,CAN,arrival,22:00,CGO Zhengzhou,PN6379,West Air (China),text,Duration: 2h 25m,,True,2026-02-17T12:18:45.623685
2026-04-23,CAN,arrival,22:00,PVG Shanghai,ZH9536,Shenzhen Airlines,text,Duration: 3h 10m,,True,2026-02-17T12:18:45.623690
2026-04-23,CAN,arrival,22:05,HET Hohhot,CA1381,Air China,text,Duration: 3h 35m,,True,2026-02-17T12:18:45.623695
2026-04-23,CAN,arrival,22:05,CZX Changzhou,CZ3900,China Southern,text,Duration: 2h 20m,,True,2026-02-17T12:18:45.623700
2026-04-23,CAN,arrival,22:05,SIN Singapore,CZ3040,China Southern,text,Duration: 4h 15m,,True,2026-02-17T12:18:45.623706
2026-04-23,CAN,arrival,22:05,SYD Sydney,CZ8092,China Southern,text,Duration: 9h 50m,,True,2026-02-17T12:18:45.623711
2026-04-23,CAN,arrival,22:05,HFE Hefei,ZH9990,Shenzhen Airlines,text,Duration: 2h 15m,,True,2026-02-17T12:18:45.623717
2026-04-23,CAN,arrival,22:05,YTY Yangzhou,ZH9694,Shenzhen Airlines,text,Duration: 2h 35m,,True,2026-02-17T12:18:45.623723
2026-04-23,CAN,arrival,22:10,PVG Shanghai,AQ1012,9 Air,text,Duration: 2h 45m,,True,2026-02-17T12:18:45.623728
2026-04-23,CAN,arrival,22:10,WUX Wuxi,ZH9830,Shenzhen Airlines,text,Duration: 2h 35m,,True,2026-02-17T12:18:45.623735
2026-04-23,CAN,arrival,22:15,BKK Bangkok,CZ8024,China Southern,text,Duration: 3h 10m,,True,2026-02-17T12:18:45.623741
2026-04-23,CAN,arrival,22:15,WNZ Wenzhou,CZ3810,China Southern,text,Duration: 2h 15m,,True,2026-02-17T12:18:45.623746
2026-04-23,CAN,arrival,22:15,SHE Shenyang,ZH9656,Shenzhen Airlines,text,Duration: 4h 30m,,True,2026-02-17T12:18:45.623752
2026-04-23,CAN,arrival,22:20,PEK Beijing,CA1379,Air China,text,Duration: 3h 20m,,True,2026-02-17T12:18:45.623757
2026-04-23,CAN,arrival,22:20,SHA Shanghai,CA1830,Air China,text,Duration: 2h 25m,,True,2026-02-17T12:18:45.623763
2026-04-23,CAN,arrival,22:20,NGB Ningbo,HU7234,Hainan Airlines,text,Duration: 2h 20m,,True,2026-02-17T12:18:45.623768
2026-04-23,CAN,arrival,22:20,TFU Chengdu,HU7352,Hainan Airlines,text,Duration: 2h 20m,,True,2026-02-17T12:18:45.623774
2026-04-23,CAN,arrival,22:20,LUM Mangshi,OQ2026,Chongqing Airlines,text,Duration: 2h 35m,,True,2026-02-17T12:18:45.623780
2026-04-23,CAN,arrival,22:25,CKG Chongqing,CA4353,Air China,text,Duration: 2h 20m,,True,2026-02-17T12:18:45.623785
2026-04-23,CAN,arrival,22:25,DLC Dalian,CZ3603,China Southern,text,Duration: 3h 55m,,True,2026-02-17T12:18:45.623791
2026-04-23,CAN,arrival,22:25,HAK Haikou,CZ6787,China Southern,text,Duration: 1h 25m,,True,2026-02-17T12:18:45.623796
2026-04-23,CAN,arrival,22:25,KUL Kuala Lumpur,CZ8302,China Southern,text,Duration: 4h 25m,,True,2026-02-17T12:18:45.623802
2026-04-23,CAN,arrival,22:25,SHA Shanghai,CZ3504,China Southern,text,Duration: 2h 25m,,True,2026-02-17T12:18:45.623808
2026-04-23,CAN,arrival,22:30,CGO Zhengzhou,CZ6594,China Southern,text,Duration: 2h 30m,,True,2026-02-17T12:18:45.623814
2026-04-23,CAN,arrival,22:30,FUG Fuyang,CZ3932,China Southern,text,Duration: 2h 20m,,True,2026-02-17T12:18:45.623819
2026-04-23,CAN,arrival,22:30,YIH Yichang,CZ3300,China Southern,text,Duration: 1h 50m,,True,2026-02-17T12:18:45.623825
2026-04-23,CAN,arrival,22:30,HRB Harbin,ZH9678,Shenzhen Airlines,text,Duration: 5h 5m,,True,2026-02-17T12:18:45.623830
2026-04-23,CAN,arrival,22:35,CNX Chiang Mai,CZ3034,China Southern,text,Duration: 2h 45m,,True,2026-02-17T12:18:45.623836
2026-04-23,CAN,arrival,22:35,LFQ Qiaoli,CZ8928,China Southern,text,Duration: 2h 40m,,True,2026-02-17T12:18:45.623841
2026-04-23,CAN,arrival,22:35,SHE Shenyang,CZ6339,China Southern,text,Duration: 4h 5m,,True,2026-02-17T12:18:45.623847
2026-04-23,CAN,arrival,22:35,CKG Chongqing,PN6205,West Air (China),text,Duration: 2h 5m,,True,2026-02-17T12:18:45.623852
2026-04-23,CAN,arrival,22:40,PKX Beijing,CZ3110,China Southern,text,Duration: 3h 10m,,True,2026-02-17T12:18:45.623858
2026-04-23,CAN,arrival,22:45,BKI Kota Kinabalu,CZ8336,China Southern,text,Duration: 3h 25m,,True,2026-02-17T12:18:45.623863
2026-04-23,CAN,arrival,22:45,HAN Hanoi,CZ8178,China Southern,text,Duration: 2h 0m,,True,2026-02-17T12:18:45.623869
2026-04-23,CAN,arrival,22:45,TYN Taiyuan,CZ3696,China Southern,text,Duration: 3h 5m,,True,2026-02-17T12:18:45.623874
2026-04-23,CAN,arrival,22:45,PKX Beijing,MU6309,China Eastern,text,Duration: 3h 15m,,True,2026-02-17T12:18:45.623880
2026-04-23,CAN,arrival,22:50,XFN Xiangyang,CZ3362,China Southern,text,Duration: 2h 0m,,True,2026-02-17T12:18:45.623961
2026-04-23,CAN,arrival,22:50,TFU Chengdu,ZH9444,Shenzhen Airlines,text,Duration: 2h 20m,,True,2026-02-17T12:18:45.623968
2026-04-23,CAN,arrival,22:55,CKG Chongqing,3U8749,Sichuan Airlines,text,Duration: 2h 5m,,True,2026-02-17T12:18:45.623974
2026-04-23,CAN,arrival,22:55,KMG Kunming,3U8205,Sichuan Airlines,text,Duration: 1h 50m,,True,2026-02-17T12:18:45.623979
2026-04-23,CAN,arrival,22:55,YIW Yiwu,CZ3636,China Southern,text,Duration: 2h 5m,,True,2026-02-17T12:18:45.623984
2026-04-23,CAN,arrival,22:55,CGO Zhengzhou,HU7284,Hainan Airlines,text,Duration: 2h 30m,,True,2026-02-17T12:18:45.623990
2026-04-23,CAN,arrival,22:55,PEK Beijing,HU7813,Hainan Airlines,text,Duration: 3h 25m,,True,2026-02-17T12:18:45.623995
2026-04-23,CAN,arrival,22:55,TNA Jinan,HU7210,Hainan Airlines,text,Duration: 2h 55m,,True,2026-02-17T12:18:45.624001
2026-04-23,CAN,arrival,22:55,SHA Shanghai,MU5317,China Eastern,text,Duration: 2h 20m,,True,2026-02-17T12:18:45.624007
2026-04-23,CAN,arrival,23:00,SGN Ho Chi Minh City,9C7348,Spring Airlines,text,Duration: 3h 5m,,True,2026-02-17T12:18:45.624012
2026-04-23,CAN,arrival,23:00,DYG Dayong,CZ3382,China Southern,text,Duration: 1h 40m,,True,2026-02-17T12:18:45.624018
2026-04-23,CAN,arrival,23:00,NKG Nanjing,ZH9872,Shenzhen Airlines,text,Duration: 2h 25m,,True,2026-02-17T12:18:45.624023
2026-04-23,CAN,arrival,23:00,NKG Nanjing,ZH9874,Shenzhen Airlines,text,Duration: 2h 30m,,True,2026-02-17T12:18:45.624028
2026-04-23,CAN,arrival,23:00,NTG Nantong,ZH8694,Shenzhen Airlines,text,Duration: 2h 40m,,True,2026-02-17T12:18:45.624034
2026-04-23,CAN,arrival,23:00,YTY Yangzhou,ZH8910,Shenzhen Airlines,text,Duration: 2h 25m,,True,2026-02-17T12:18:45.624040
2026-04-23,CAN,arrival,23:05,HGH Hangzhou,CZ3830,China Southern,text,Duration: 2h 30m,,True,2026-02-17T12:18:45.624045
2026-04-23,CAN,arrival,23:05,YIC Yichun,HU7202,Hainan Airlines,text,Duration: 1h 40m,,True,2026-02-17T12:18:45.624050
2026-04-23,CAN,arrival,23:05,LHW Lanzhou,OQ2132,Chongqing Airlines,text,Duration: 3h 10m,,True,2026-02-17T12:18:45.624056
2026-04-23,CAN,arrival,23:10,PEK Beijing,CA1385,Air China,text,Duration: 3h 5m,,True,2026-02-17T12:18:45.624062
2026-04-23,CAN,arrival,23:10,BKK Bangkok,CZ364,China Southern,text,Duration: 3h 10m,,True,2026-02-17T12:18:45.624067
2026-04-23,CAN,arrival,23:10,PEN Penang,CZ5048,China Southern,text,Duration: 4h 5m,,True,2026-02-17T12:18:45.624073
2026-04-23,CAN,arrival,23:10,YCU Yuncheng,CZ3922,China Southern,text,Duration: 2h 40m,,True,2026-02-17T12:18:45.624078
2026-04-23,CAN,arrival,23:10,DMK Bangkok,FD530,Thai AirAsia,text,Duration: 3h 5m,,True,2026-02-17T12:18:45.624084
2026-04-23,CAN,arrival,23:15,CKG Chongqing,OQ2325,Chongqing Airlines,text,Duration: 1h 55m,,True,2026-02-17T12:18:45.624089
2026-04-23,CAN,arrival,23:20,BKI Kota Kinabalu,AK1534,AirAsia,text,Duration: 3h 15m,,True,2026-02-17T12:18:45.624095
2026-04-23,CAN,arrival,23:20,BZX Bazhong,CZ8210,China Southern,text,Duration: 2h 10m,,True,2026-02-17T12:18:45.624101
2026-04-23,CAN,arrival,23:20,INC Yinchuan,CZ5702,China Southern,text,Duration: 3h 15m,,True,2026-02-17T12:18:45.624106
2026-04-23,CAN,arrival,23:20,NAO Nanchong,CZ3430,China Southern,text,Duration: 2h 10m,,True,2026-02-17T12:18:45.624111
2026-04-23,CAN,arrival,23:20,WUH Wuhan,CZ6607,China Southern,text,Duration: 1h 50m,,True,2026-02-17T12:18:45.624117
2026-04-23,CAN,arrival,23:20,NKG Nanjing,HU7214,Hainan Airlines,text,Duration: 2h 30m,,True,2026-02-17T12:18:45.624123
2026-04-23,CAN,arrival,23:20,SJW Shijiazhuang,OQ2136,Chongqing Airlines,text,Duration: 3h 20m,,True,2026-02-17T12:18:45.624129
2026-04-23,CAN,arrival,23:25,CGQ Changchun,CZ3605,China Southern,text,Duration: 4h 25m,,True,2026-02-17T12:18:45.624135
2026-04-23,CAN,arrival,23:25,KWE Guiyang,CZ8801,China Southern,text,Duration: 1h 50m,,True,2026-02-17T12:18:45.624140
2026-04-23,CAN,arrival,23:25,NKG Nanjing,CZ3698,China Southern,text,Duration: 2h 20m,,True,2026-02-17T12:18:45.624145
2026-04-23,CAN,arrival,23:25,TFU Chengdu,CZ3476,China Southern,text,Duration: 2h 25m,,True,2026-02-17T12:18:45.624151
2026-04-23,CAN,arrival,23:25,TSN Tianjin,CZ3136,China Southern,text,Duration: 3h 10m,,True,2026-02-17T12:18:45.624157
2026-04-23,CAN,arrival,23:25,HAK Haikou,HU7011,Hainan Airlines,text,Duration: 1h 25m,,True,2026-02-17T12:18:45.624162
2026-04-23,CAN,arrival,23:25,HRB Harbin,JD5166,Capital Airlines,text,Duration: 4h 30m,,True,2026-02-17T12:18:45.624168
2026-04-23,CAN,arrival,23:30,CGO Zhengzhou,CZ3395,China Southern,text,Duration: 2h 25m,,True,2026-02-17T12:18:45.624173
2026-04-23,CAN,arrival,23:30,SHS Shashi,CZ6660,China Southern,text,Duration: 1h 40m,,True,2026-02-17T12:18:45.624179
2026-04-23,CAN,arrival,23:30,TAO Qingdao,CZ3574,China Southern,text,Duration: 3h 15m,,True,2026-02-17T12:18:45.624184
2026-04-23,CAN,arrival,23:35,AQG Anqing,CZ3320,China Southern,text,Duration: 1h 55m,,True,2026-02-17T12:18:45.624189
2026-04-23,CAN,arrival,23:35,KMG Kunming,CZ3500,China Southern,text,Duration: 2h 5m,,True,2026-02-17T12:18:45.624195
2026-04-23,CAN,arrival,23:35,XIY Xian,CZ3204,China Southern,text,Duration: 2h 35m,,True,2026-02-17T12:18:45.624200
2026-04-23,CAN,arrival,23:35,CKG Chongqing,MU6826,China Eastern,text,Duration: 2h 0m,,True,2026-02-17T12:18:45.624206
2026-04-23,CAN,arrival,23:35,JHG Jinghong,OQ2106,Chongqing Airlines,text,Duration: 2h 20m,,True,2026-02-17T12:18:45.624211
2026-04-23,CAN,arrival,23:35,TAO Qingdao,ZH9994,Shenzhen Airlines,text,Duration: 3h 30m,,True,2026-02-17T12:18:45.624216
2026-04-23,CAN,arrival,23:40,WUX Wuxi,ZH9822,Shenzhen Airlines,text,Duration: 2h 25m,,True,2026-02-17T12:18:45.624221
2026-04-23,CAN,arrival,23:45,DLC Dalian,CZ6486,China Southern,text,Duration: 3h 45m,,True,2026-02-17T12:18:45.624226
2026-04-23,CAN,arrival,23:45,SHE Shenyang,CZ6331,China Southern,text,Duration: 4h 30m,,True,2026-02-17T12:18:45.624231
2026-04-23,CAN,arrival,23:45,URC Urumqi,CZ6887,China Southern,text,Duration: 5h 5m,,True,2026-02-17T12:18:45.624313
2026-04-23,CAN,arrival,23:45,WUX Wuxi,CZ3918,China Southern,text,Duration: 2h 20m,,True,2026-02-17T12:18:45.624320
2026-04-23,CAN,arrival,23:45,YNZ Yancheng,CZ8216,China Southern,text,Duration: 2h 35m,,True,2026-02-17T12:18:45.624326
2026-04-23,CAN,arrival,23:45,SYX Sanya,HU7309,Hainan Airlines,text,Duration: 1h 45m,,True,2026-02-17T12:18:45.624332
2026-04-23,CAN,arrival,23:45,HGH Hangzhou,ZH9984,Shenzhen Airlines,text,Duration: 2h 20m,,True,2026-02-17T12:18:45.624338
2026-04-23,CAN,arrival,23:50,NGB Ningbo,9C7750,Spring Airlines,text,Duration: 2h 25m,,True,2026-02-17T12:18:45.624343
2026-04-23,CAN,arrival,23:50,HGH Hangzhou,CZ3802,China Southern,text,Duration: 2h 15m,,True,2026-02-17T12:18:45.624348
2026-04-23,CAN,arrival,23:50,TYN Taiyuan,CZ3952,China Southern,text,Duration: 2h 55m,,True,2026-02-17T12:18:45.624354
2026-04-23,CAN,arrival,23:50,XNN Xining,CZ6242,China Southern,text,Duration: 3h 20m,,True,2026-02-17T12:18:45.624359
2026-04-23,CAN,arrival,23:50,YNT Yantai,CZ8778,China Southern,text,Duration: 3h 25m,,True,2026-02-17T12:18:45.624364
2026-04-23,CAN,arrival,23:55,CGD Changde,CZ3248,China Southern,text,Duration: 1h 25m,,True,2026-02-17T12:18:45.624370
2026-04-23,CAN,arrival,23:55,SYX Sanya,CZ6737,China Southern,text,Duration: 1h 40m,,True,2026-02-17T12:18:45.624377
2026-04-23,CAN,arrival,23:55,TNA Jinan,CZ3708,China Southern,text,Duration: 2h 45m,,True,2026-02-17T12:18:45.624383
2026-04-23,CAN,arrival,23:55,PEK Beijing,HU7815,Hainan Airlines,text,Duration: 3h 25m,,True,2026-02-17T12:18:45.624388
2026-04-23,CAN,arrival,23:55,ICN Seoul,OZ355,Asiana,text,Duration: 3h 55m,,True,2026-02-17T12:18:45.624393
2026-04-23,CAN,arrival,23:55,WNZ Wenzhou,ZH9964,Shenzhen Airlines,text,Duration: 2h 0m,,True,2026-02-17T12:18:45.624399
