date,airport,direction,time,destination,flight,airline,airline_source,duration,aircraft,page_date_verified,scraped_at
2026-03-08,CKG,departure,02:00,KUL Kuala Lumpur,D7807,AirAsia X,text,Duration: 5h 0m,,True,2026-02-19T09:27:06.374823
2026-03-08,CKG,departure,02:30,MAD Madrid,HU727,Hainan Airlines,text,Duration: 12h 55m,,True,2026-02-19T09:27:06.374837
2026-03-08,CKG,departure,02:35,SIN Singapore,SQ819,Singapore Airlines,text,Duration: 5h 25m,,True,2026-02-19T09:27:06.374845
2026-03-08,CKG,departure,02:50,DMK Bangkok,SL931,Thai Lion Air,text,Duration: 3h 10m,,True,2026-02-19T09:27:06.374852
2026-03-08,CKG,departure,05:40,PVG Shanghai,9C6108,Spring Airlines,text,Duration: 2h 25m,,True,2026-02-19T09:27:06.374859
2026-03-08,CKG,departure,06:05,NKG Nanjing,PN6259,West Air (China),text,Duration: 1h 55m,,True,2026-02-19T09:27:06.374866
2026-03-08,CKG,departure,06:20,FOC Fuzhou,PN6275,West Air (China),text,Duration: 2h 10m,,True,2026-02-19T09:27:06.374873
2026-03-08,CKG,departure,06:20,TNA Jinan,PN6327,West Air (China),text,Duration: 2h 5m,,True,2026-02-19T09:27:06.374879
2026-03-08,CKG,departure,06:20,ZHY Zhongwei,PN6497,West Air (China),text,Duration: 2h 5m,,True,2026-02-19T09:27:06.374886
2026-03-08,CKG,departure,06:20,LJG Lijiang,PN6239,West Air (China),text,Duration: 1h 50m,,True,2026-02-19T09:27:06.374893
2026-03-08,CKG,departure,06:20,SWA Jieyang,PN6305,West Air (China),text,Duration: 2h 15m,,True,2026-02-19T09:27:06.375037
2026-03-08,CKG,departure,06:25,SHA Shanghai,MU5422,China Eastern,text,Duration: 2h 20m,,True,2026-02-19T09:27:06.375047
2026-03-08,CKG,departure,06:25,HAK Haikou,PN6207,West Air (China),text,Duration: 2h 25m,,True,2026-02-19T09:27:06.375054
2026-03-08,CKG,departure,06:25,RIZ Rizhao,PN6357,West Air (China),text,Duration: 2h 35m,,True,2026-02-19T09:27:06.375061
2026-03-08,CKG,departure,06:25,LXA Lhasa/Lasa,TV9813,Tibet Airlines,text,Duration: 3h 5m,,True,2026-02-19T09:27:06.375068
2026-03-08,CKG,departure,06:25,LZY Nyingchi,PN6211,West Air (China),text,Duration: 2h 35m,,True,2026-02-19T09:27:06.375074
2026-03-08,CKG,departure,06:30,CSX Changsha,PN6509,West Air (China),text,Duration: 1h 30m,,True,2026-02-19T09:27:06.375081
2026-03-08,CKG,departure,06:30,CGO Zhengzhou,PN6273,West Air (China),text,Duration: 1h 50m,,True,2026-02-19T09:27:06.375088
2026-03-08,CKG,departure,06:30,CZX Changzhou,3U8097,Sichuan Airlines,text,Duration: 2h 15m,,True,2026-02-19T09:27:06.375094
2026-03-08,CKG,departure,06:35,HET Hohhot,G52825,Gestair,text,Duration: 2h 25m,,True,2026-02-19T09:27:06.375101
2026-03-08,CKG,departure,06:35,KMG Kunming,MU5449,China Eastern,text,Duration: 1h 50m,,True,2026-02-19T09:27:06.375212
2026-03-08,CKG,departure,06:35,SJW Shijiazhuang,PN6349,West Air (China),text,Duration: 2h 5m,,True,2026-02-19T09:27:06.375221
2026-03-08,CKG,departure,06:35,SZX Shenzhen,PN6229,West Air (China),text,Duration: 2h 5m,,True,2026-02-19T09:27:06.375228
2026-03-08,CKG,departure,06:35,DLU Dali City,TV9809,Tibet Airlines,text,Duration: 1h 55m,,True,2026-02-19T09:27:06.375235
2026-03-08,CKG,departure,06:40,CIH Changzhi,G52719,Gestair,text,Duration: 1h 40m,,True,2026-02-19T09:27:06.375242
2026-03-08,CKG,departure,06:40,XUZ Xuzhou,G52807,Gestair,text,Duration: 2h 10m,,True,2026-02-19T09:27:06.375249
2026-03-08,CKG,departure,06:40,XNN Xining,3U8073,Sichuan Airlines,text,Duration: 2h 10m,,True,2026-02-19T09:27:06.375255
2026-03-08,CKG,departure,06:40,HET Hohhot,GS6597,Tianjin Airlines,text,Duration: 2h 20m,,True,2026-02-19T09:27:06.375262
2026-03-08,CKG,departure,06:40,XIC Xichang,G54515,Gestair,text,Duration: 1h 45m,,True,2026-02-19T09:27:06.375268
2026-03-08,CKG,departure,06:40,NKG Nanjing,MU7718,China Eastern,text,Duration: 2h 20m,,True,2026-02-19T09:27:06.375275
2026-03-08,CKG,departure,06:45,KRL Korla,3U8141,Sichuan Airlines,text,Duration: 3h 55m,,True,2026-02-19T09:27:06.375384
2026-03-08,CKG,departure,06:45,SYX Sanya,PN6213,West Air (China),text,Duration: 2h 20m,,True,2026-02-19T09:27:06.375393
2026-03-08,CKG,departure,06:45,BPX Bangda,PN6215,West Air (China),text,Duration: 2h 0m,,True,2026-02-19T09:27:06.375399
2026-03-08,CKG,departure,06:45,HFE Hefei,PN6415,West Air (China),text,Duration: 1h 50m,,True,2026-02-19T09:27:06.375405
2026-03-08,CKG,departure,06:50,HDG Handan,G54301,Gestair,text,Duration: 1h 50m,,True,2026-02-19T09:27:06.375410
2026-03-08,CKG,departure,06:50,ENY Yan'an,G54977,Gestair,text,Duration: 1h 35m,,True,2026-02-19T09:27:06.375415
2026-03-08,CKG,departure,06:50,SWA Jieyang,3U8001,Sichuan Airlines,text,Duration: 2h 10m,,True,2026-02-19T09:27:06.375421
2026-03-08,CKG,departure,06:50,TSN Tianjin,3U8013,Sichuan Airlines,text,Duration: 2h 35m,,True,2026-02-19T09:27:06.375426
2026-03-08,CKG,departure,06:50,YTY Yangzhou,3U8167,Sichuan Airlines,text,Duration: 2h 0m,,True,2026-02-19T09:27:06.375431
2026-03-08,CKG,departure,06:50,BPX Bangda,TV9907,Tibet Airlines,text,Duration: 2h 5m,,True,2026-02-19T09:27:06.375437
2026-03-08,CKG,departure,06:55,HRB Harbin,3U8165,Sichuan Airlines,text,Duration: 3h 50m,,True,2026-02-19T09:27:06.375542
2026-03-08,CKG,departure,06:55,WUA Wu Hai,G54280,Gestair,text,Duration: 2h 20m,,True,2026-02-19T09:27:06.375552
2026-03-08,CKG,departure,06:55,AKU Aksu,OQ2007,Chongqing Airlines,text,Duration: 5h 0m,,True,2026-02-19T09:27:06.375559
2026-03-08,CKG,departure,06:55,XIY Xian,GS7666,Tianjin Airlines,text,Duration: 1h 35m,,True,2026-02-19T09:27:06.375566
2026-03-08,CKG,departure,06:55,NNG Nanning,3U8137,Sichuan Airlines,text,Duration: 1h 50m,,True,2026-02-19T09:27:06.375572
2026-03-08,CKG,departure,06:55,YCU Yuncheng,CA4013,Air China,text,Duration: 1h 20m,,True,2026-02-19T09:27:06.375579
2026-03-08,CKG,departure,07:00,SWA Jieyang,OQ2349,Chongqing Airlines,text,Duration: 2h 20m,,True,2026-02-19T09:27:06.375585
2026-03-08,CKG,departure,07:00,HCZ Chenzhou,PN6291,West Air (China),text,Duration: 1h 45m,,True,2026-02-19T09:27:06.375592
2026-03-08,CKG,departure,07:00,CAN Guangzhou,3U8745,Sichuan Airlines,text,Duration: 2h 5m,,True,2026-02-19T09:27:06.375598
2026-03-08,CKG,departure,07:00,CAN Guangzhou,CA4361,Air China,text,Duration: 2h 0m,,True,2026-02-19T09:27:06.375605
2026-03-08,CKG,departure,07:00,SZX Shenzhen,CA4343,Air China,text,Duration: 2h 0m,,True,2026-02-19T09:27:06.375700
2026-03-08,CKG,departure,07:05,ZUH Zhuhai,3U8047,Sichuan Airlines,text,Duration: 2h 0m,,True,2026-02-19T09:27:06.375708
2026-03-08,CKG,departure,07:05,DSN Dongsheng,G54389,Gestair,text,Duration: 1h 50m,,True,2026-02-19T09:27:06.375714
2026-03-08,CKG,departure,07:05,TEN Tongren,G54661,Gestair,text,Duration: 1h 20m,,True,2026-02-19T09:27:06.375720
2026-03-08,CKG,departure,07:05,TSN Tianjin,OQ2081,Chongqing Airlines,text,Duration: 2h 35m,,True,2026-02-19T09:27:06.375725
2026-03-08,CKG,departure,07:10,PVG Shanghai,3U8971,Sichuan Airlines,text,Duration: 2h 20m,,True,2026-02-19T09:27:06.375731
2026-03-08,CKG,departure,07:10,TAO Qingdao,SC4838,Shandong Airlines,text,Duration: 2h 35m,,True,2026-02-19T09:27:06.375736
2026-03-08,CKG,departure,07:10,TYN Taiyuan,PN6475,West Air (China),text,Duration: 1h 50m,,True,2026-02-19T09:27:06.375742
2026-03-08,CKG,departure,07:10,LHW Lanzhou,G54033,Gestair,text,Duration: 1h 50m,,True,2026-02-19T09:27:06.375748
2026-03-08,CKG,departure,07:10,HGH Hangzhou,3U8081,Sichuan Airlines,text,Duration: 2h 5m,,True,2026-02-19T09:27:06.375753
2026-03-08,CKG,departure,07:15,LXA Lhasa/Lasa,3U8635,Sichuan Airlines,text,Duration: 3h 5m,,True,2026-02-19T09:27:06.375848
2026-03-08,CKG,departure,07:15,HET Hohhot,CA4007,Air China,text,Duration: 2h 25m,,True,2026-02-19T09:27:06.375856
2026-03-08,CKG,departure,07:15,LYG Lianyungang,G52835,Gestair,text,Duration: 2h 20m,,True,2026-02-19T09:27:06.375862
2026-03-08,CKG,departure,07:15,KHN Nanchang,CA4561,Air China,text,Duration: 1h 45m,,True,2026-02-19T09:27:06.375867
2026-03-08,CKG,departure,07:15,HRB Harbin,CA4011,Air China,text,Duration: 3h 40m,,True,2026-02-19T09:27:06.375873
2026-03-08,CKG,departure,07:15,JHG Jinghong,3U8079,Sichuan Airlines,text,Duration: 1h 55m,,True,2026-02-19T09:27:06.375879
2026-03-08,CKG,departure,07:20,HAK Haikou,OQ2341,Chongqing Airlines,text,Duration: 2h 15m,,True,2026-02-19T09:27:06.375885
2026-03-08,CKG,departure,07:20,HUZ Huizhou,PN6297,West Air (China),text,Duration: 2h 0m,,True,2026-02-19T09:27:06.375891
2026-03-08,CKG,departure,07:20,SZX Shenzhen,3U8781,Sichuan Airlines,text,Duration: 1h 55m,,True,2026-02-19T09:27:06.375897
2026-03-08,CKG,departure,07:25,LYI Linyi,OQ2363,Chongqing Airlines,text,Duration: 2h 30m,,True,2026-02-19T09:27:06.375903
2026-03-08,CKG,departure,07:25,PVG Shanghai,MU5424,China Eastern,text,Duration: 2h 30m,,True,2026-02-19T09:27:06.375985
2026-03-08,CKG,departure,07:30,YNZ Yancheng,G52821,Gestair,text,Duration: 2h 0m,,True,2026-02-19T09:27:06.375993
2026-03-08,CKG,departure,07:30,CAN Guangzhou,OQ2323,Chongqing Airlines,text,Duration: 2h 0m,,True,2026-02-19T09:27:06.375998
2026-03-08,CKG,departure,07:30,SZX Shenzhen,OQ2335,Chongqing Airlines,text,Duration: 2h 10m,,True,2026-02-19T09:27:06.376004
2026-03-08,CKG,departure,07:30,NKG Nanjing,HU6327,Hainan Airlines,text,Duration: 2h 0m,,True,2026-02-19T09:27:06.376009
2026-03-08,CKG,departure,07:30,CSX Changsha,GS6587,Tianjin Airlines,text,Duration: 1h 25m,,True,2026-02-19T09:27:06.376015
2026-03-08,CKG,departure,07:35,SIN Singapore,CA449,Air China,text,Duration: 5h 5m,,True,2026-02-19T09:27:06.376021
2026-03-08,CKG,departure,07:35,TNA Jinan,SC8802,Shandong Airlines,text,Duration: 1h 55m,,True,2026-02-19T09:27:06.376027
2026-03-08,CKG,departure,07:35,FUG Fuyang,PN6219,West Air (China),text,Duration: 2h 0m,,True,2026-02-19T09:27:06.376033
2026-03-08,CKG,departure,07:35,CGO Zhengzhou,SC2313,Shandong Airlines,text,Duration: 1h 45m,,True,2026-02-19T09:27:06.376038
2026-03-08,CKG,departure,07:40,WHA Wuhu,OQ2033,Chongqing Airlines,text,Duration: 2h 5m,,True,2026-02-19T09:27:06.376117
2026-03-08,CKG,departure,07:50,LZY Nyingchi,TV9869,Tibet Airlines,text,Duration: 2h 20m,,True,2026-02-19T09:27:06.376124
2026-03-08,CKG,departure,07:50,SHE Shenyang,3U8037,Sichuan Airlines,text,Duration: 3h 10m,,True,2026-02-19T09:27:06.376129
2026-03-08,CKG,departure,07:50,XMN Xiamen,MF8414,XiamenAir,text,Duration: 2h 15m,,True,2026-02-19T09:27:06.376135
2026-03-08,CKG,departure,07:50,TSN Tianjin,GS7906,Tianjin Airlines,text,Duration: 2h 15m,,True,2026-02-19T09:27:06.376140
2026-03-08,CKG,departure,07:55,PVG Shanghai,HU7494,Hainan Airlines,text,Duration: 2h 35m,,True,2026-02-19T09:27:06.376145
2026-03-08,CKG,departure,07:55,ZUH Zhuhai,CA4371,Air China,text,Duration: 2h 5m,,True,2026-02-19T09:27:06.376151
2026-03-08,CKG,departure,07:55,SHA Shanghai,CA4543,Air China,text,Duration: 2h 15m,,True,2026-02-19T09:27:06.376157
2026-03-08,CKG,departure,07:55,SZX Shenzhen,HU6458,Hainan Airlines,text,Duration: 2h 0m,,True,2026-02-19T09:27:06.376163
2026-03-08,CKG,departure,08:00,SJW Shijiazhuang,NS3240,Hebei Airlines,text,Duration: 2h 5m,,True,2026-02-19T09:27:06.376168
2026-03-08,CKG,departure,08:00,XMN Xiamen,CA4565,Air China,text,Duration: 2h 20m,,True,2026-02-19T09:27:06.376245
2026-03-08,CKG,departure,08:00,SZX Shenzhen,ZH9470,Shenzhen Airlines,text,Duration: 1h 55m,,True,2026-02-19T09:27:06.376252
2026-03-08,CKG,departure,08:00,PEK Beijing,CA4131,Air China,text,Duration: 2h 10m,,True,2026-02-19T09:27:06.376258
2026-03-08,CKG,departure,08:05,BKK Bangkok,HU423,Hainan Airlines,text,Duration: 3h 30m,,True,2026-02-19T09:27:06.376265
2026-03-08,CKG,departure,08:05,PKX Beijing,OQ2001,Chongqing Airlines,text,Duration: 2h 30m,,True,2026-02-19T09:27:06.376271
2026-03-08,CKG,departure,08:05,SHE Shenyang,OQ2073,Chongqing Airlines,text,Duration: 2h 45m,,True,2026-02-19T09:27:06.376277
2026-03-08,CKG,departure,08:05,JUH Chizhou,G52829,Gestair,text,Duration: 2h 10m,,True,2026-02-19T09:27:06.376282
2026-03-08,CKG,departure,08:05,KUL Kuala Lumpur,MF8687,XiamenAir,text,Duration: 4h 45m,,True,2026-02-19T09:27:06.376288
2026-03-08,CKG,departure,08:05,ZAT Zhaotong,G54603,Gestair,text,Duration: 1h 15m,,True,2026-02-19T09:27:06.376293
2026-03-08,CKG,departure,08:05,NGB Ningbo,CA4549,Air China,text,Duration: 2h 10m,,True,2026-02-19T09:27:06.376299
2026-03-08,CKG,departure,08:10,SHS Shashi,G54933,Gestair,text,Duration: 1h 20m,,True,2026-02-19T09:27:06.376383
2026-03-08,CKG,departure,08:10,WNZ Wenzhou,3U8021,Sichuan Airlines,text,Duration: 2h 10m,,True,2026-02-19T09:27:06.376391
2026-03-08,CKG,departure,08:15,HGH Hangzhou,GS6581,Tianjin Airlines,text,Duration: 2h 10m,,True,2026-02-19T09:27:06.376397
2026-03-08,CKG,departure,08:15,TYN Taiyuan,SC2267,Shandong Airlines,text,Duration: 1h 45m,,True,2026-02-19T09:27:06.376402
2026-03-08,CKG,departure,08:15,LXA Lhasa/Lasa,3U8633,Sichuan Airlines,text,Duration: 3h 5m,,True,2026-02-19T09:27:06.376408
2026-03-08,CKG,departure,08:15,LZY Nyingchi,OQ2043,Chongqing Airlines,text,Duration: 2h 20m,,True,2026-02-19T09:27:06.376413
2026-03-08,CKG,departure,08:15,NNG Nanning,ZH9382,Shenzhen Airlines,text,Duration: 1h 40m,,True,2026-02-19T09:27:06.376419
2026-03-08,CKG,departure,08:15,PKX Beijing,MF8454,XiamenAir,text,Duration: 2h 25m,,True,2026-02-19T09:27:06.376424
2026-03-08,CKG,departure,08:20,PVG Shanghai,OQ2307,Chongqing Airlines,text,Duration: 2h 30m,,True,2026-02-19T09:27:06.376429
2026-03-08,CKG,departure,08:20,XIY Xian,OQ2303,Chongqing Airlines,text,Duration: 1h 30m,,True,2026-02-19T09:27:06.376435
2026-03-08,CKG,departure,08:20,ICN Seoul,CA439,Air China,text,Duration: 3h 25m,,True,2026-02-19T09:27:06.376512
2026-03-08,CKG,departure,08:20,HFE Hefei,3U8197,Sichuan Airlines,text,Duration: 2h 0m,,True,2026-02-19T09:27:06.376519
2026-03-08,CKG,departure,08:25,HGH Hangzhou,OQ2379,Chongqing Airlines,text,Duration: 2h 10m,,True,2026-02-19T09:27:06.376525
2026-03-08,CKG,departure,08:25,JJN Jinjiang,MF8612,XiamenAir,text,Duration: 2h 10m,,True,2026-02-19T09:27:06.376530
2026-03-08,CKG,departure,08:30,JGN Jiayuguan,G54459,Gestair,text,Duration: 2h 45m,,True,2026-02-19T09:27:06.376536
2026-03-08,CKG,departure,08:30,SHA Shanghai,MU5426,China Eastern,text,Duration: 2h 5m,,True,2026-02-19T09:27:06.376541
2026-03-08,CKG,departure,08:30,CAN Guangzhou,HU7342,Hainan Airlines,text,Duration: 1h 55m,,True,2026-02-19T09:27:06.376546
2026-03-08,CKG,departure,08:35,SIN Singapore,OQ2095,Chongqing Airlines,text,Duration: 4h 50m,,True,2026-02-19T09:27:06.376552
2026-03-08,CKG,departure,08:40,URC Urumqi,CA4255,Air China,text,Duration: 4h 15m,,True,2026-02-19T09:27:06.376558
2026-03-08,CKG,departure,08:40,HGH Hangzhou,CA4553,Air China,text,Duration: 2h 10m,,True,2026-02-19T09:27:06.376563
2026-03-08,CKG,departure,08:40,HKG Hong Kong,HX497,Hong Kong Airlines,text,Duration: 2h 25m,,True,2026-02-19T09:27:06.376639
2026-03-08,CKG,departure,08:45,LIJ Lishui,HU7403,Hainan Airlines,text,Duration: 2h 35m,,True,2026-02-19T09:27:06.376645
2026-03-08,CKG,departure,08:45,URC Urumqi,GS6591,Tianjin Airlines,text,Duration: 3h 55m,,True,2026-02-19T09:27:06.376651
2026-03-08,CKG,departure,08:50,KTI Phnom Penh,MF8669,XiamenAir,text,Duration: 3h 15m,,True,2026-02-19T09:27:06.376656
2026-03-08,CKG,departure,08:50,PVG Shanghai,CA4575,Air China,text,Duration: 2h 40m,,True,2026-02-19T09:27:06.376662
2026-03-08,CKG,departure,08:50,YIC Yichun,PN6577,West Air (China),text,Duration: 1h 45m,,True,2026-02-19T09:27:06.376667
2026-03-08,CKG,departure,08:50,BHY Beihai,3U8123,Sichuan Airlines,text,Duration: 2h 0m,,True,2026-02-19T09:27:06.376672
2026-03-08,CKG,departure,08:50,PEK Beijing,HU6368,Hainan Airlines,text,Duration: 2h 30m,,True,2026-02-19T09:27:06.376678
2026-03-08,CKG,departure,08:55,HFE Hefei,MU9981,China Eastern,text,Duration: 1h 35m,,True,2026-02-19T09:27:06.376683
2026-03-08,CKG,departure,08:55,PKX Beijing,CZ5644,China Southern,text,Duration: 2h 35m,,True,2026-02-19T09:27:06.376689
2026-03-08,CKG,departure,09:00,LZY Nyingchi,3U8029,Sichuan Airlines,text,Duration: 2h 35m,,True,2026-02-19T09:27:06.376764
2026-03-08,CKG,departure,09:00,DLU Dali City,OQ2347,Chongqing Airlines,text,Duration: 2h 5m,,True,2026-02-19T09:27:06.376771
2026-03-08,CKG,departure,09:00,CAN Guangzhou,OQ2305,Chongqing Airlines,text,Duration: 1h 35m,,True,2026-02-19T09:27:06.376776
2026-03-08,CKG,departure,09:00,BHY Beihai,PN6225,West Air (China),text,Duration: 1h 55m,,True,2026-02-19T09:27:06.376782
2026-03-08,CKG,departure,09:00,SZX Shenzhen,ZH9466,Shenzhen Airlines,text,Duration: 1h 50m,,True,2026-02-19T09:27:06.376787
2026-03-08,CKG,departure,09:00,CGO Zhengzhou,CZ6650,China Southern,text,Duration: 1h 40m,,True,2026-02-19T09:27:06.376793
2026-03-08,CKG,departure,09:05,WNZ Wenzhou,HU7463,Hainan Airlines,text,Duration: 2h 20m,,True,2026-02-19T09:27:06.376798
2026-03-08,CKG,departure,09:05,CGQ Changchun,OQ2077,Chongqing Airlines,text,Duration: 3h 20m,,True,2026-02-19T09:27:06.376803
2026-03-08,CKG,departure,09:05,SHE Shenyang,SC2315,Shandong Airlines,text,Duration: 2h 55m,,True,2026-02-19T09:27:06.376809
2026-03-08,CKG,departure,09:05,ZUH Zhuhai,SC2265,Shandong Airlines,text,Duration: 1h 50m,,True,2026-02-19T09:27:06.376814
2026-03-08,CKG,departure,09:05,HGH Hangzhou,MF8474,XiamenAir,text,Duration: 2h 25m,,True,2026-02-19T09:27:06.376889
2026-03-08,CKG,departure,09:05,PEK Beijing,CA4137,Air China,text,Duration: 2h 15m,,True,2026-02-19T09:27:06.376896
2026-03-08,CKG,departure,09:10,HYN Taizhou,OQ2013,Chongqing Airlines,text,Duration: 2h 10m,,True,2026-02-19T09:27:06.376902
2026-03-08,CKG,departure,09:10,NKG Nanjing,OQ2321,Chongqing Airlines,text,Duration: 1h 55m,,True,2026-02-19T09:27:06.376907
2026-03-08,CKG,departure,09:10,SWA Jieyang,PN6385,West Air (China),text,Duration: 2h 10m,,True,2026-02-19T09:27:06.376913
2026-03-08,CKG,departure,09:15,DLC Dalian,HU6325,Hainan Airlines,text,Duration: 2h 45m,,True,2026-02-19T09:27:06.376918
2026-03-08,CKG,departure,09:20,PVG Shanghai,PN6373,West Air (China),text,Duration: 2h 15m,,True,2026-02-19T09:27:06.376924
2026-03-08,CKG,departure,09:20,TSN Tianjin,CA4001,Air China,text,Duration: 2h 30m,,True,2026-02-19T09:27:06.376929
2026-03-08,CKG,departure,09:30,TNA Jinan,SC8812,Shandong Airlines,text,Duration: 2h 5m,,True,2026-02-19T09:27:06.376935
2026-03-08,CKG,departure,09:30,WNZ Wenzhou,SC2311,Shandong Airlines,text,Duration: 2h 15m,,True,2026-02-19T09:27:06.376941
2026-03-08,CKG,departure,09:35,JHG Jinghong,8L9606,Lucky Air,text,Duration: 2h 10m,,True,2026-02-19T09:27:06.377016
2026-03-08,CKG,departure,09:40,INC Yinchuan,3U8283,Sichuan Airlines,text,Duration: 1h 55m,,True,2026-02-19T09:27:06.377023
2026-03-08,CKG,departure,09:45,DLU Dali City,PN6511,West Air (China),text,Duration: 1h 50m,,True,2026-02-19T09:27:06.377029
2026-03-08,CKG,departure,09:45,JHG Jinghong,PN6403,West Air (China),text,Duration: 2h 5m,,True,2026-02-19T09:27:06.377035
2026-03-08,CKG,departure,09:50,SWA Jieyang,BK2923,OkAir,text,Duration: 2h 10m,,True,2026-02-19T09:27:06.377041
2026-03-08,CKG,departure,09:55,SZX Shenzhen,9C8614,Spring Airlines,text,Duration: 2h 15m,,True,2026-02-19T09:27:06.377046
2026-03-08,CKG,departure,10:00,PEK Beijing,CA1450,Air China,text,Duration: 2h 25m,,True,2026-02-19T09:27:06.377051
2026-03-08,CKG,departure,10:00,HAK Haikou,CA4379,Air China,text,Duration: 2h 10m,,True,2026-02-19T09:27:06.377057
2026-03-08,CKG,departure,10:10,CGO Zhengzhou,UQ3510,Urumqi Airlines,text,Duration: 1h 50m,,True,2026-02-19T09:27:06.377063
2026-03-08,CKG,departure,10:10,CAN Guangzhou,MU5796,China Eastern,text,Duration: 2h 0m,,True,2026-02-19T09:27:06.377068
2026-03-08,CKG,departure,10:20,BAV Baotou,G54179,Gestair,text,Duration: 2h 10m,,True,2026-02-19T09:27:06.377142
2026-03-08,CKG,departure,10:25,JNH Jiaxing,GJ8783,Loong Air,text,Duration: 2h 50m,,True,2026-02-19T09:27:06.377149
2026-03-08,CKG,departure,10:25,JNG Jining,GX8891,GX Airlines,text,Duration: 2h 15m,,True,2026-02-19T09:27:06.377154
2026-03-08,CKG,departure,10:25,XIY Xian,MU2262,China Eastern,text,Duration: 1h 45m,,True,2026-02-19T09:27:06.377160
2026-03-08,CKG,departure,10:30,CAN Guangzhou,JD5228,Capital Airlines,text,Duration: 2h 5m,,True,2026-02-19T09:27:06.377165
2026-03-08,CKG,departure,10:30,TYN Taiyuan,3U8057,Sichuan Airlines,text,Duration: 1h 50m,,True,2026-02-19T09:27:06.377171
2026-03-08,CKG,departure,10:30,TSN Tianjin,GS7774,Tianjin Airlines,text,Duration: 2h 25m,,True,2026-02-19T09:27:06.377176
2026-03-08,CKG,departure,10:35,WDS Shiyan,DZ6341,Donghai Airlines,text,Duration: 1h 15m,,True,2026-02-19T09:27:06.377182
2026-03-08,CKG,departure,10:35,CZX Changzhou,MU2904,China Eastern,text,Duration: 2h 0m,,True,2026-02-19T09:27:06.377187
2026-03-08,CKG,departure,10:35,CGO Zhengzhou,CZ3620,China Southern,text,Duration: 2h 0m,,True,2026-02-19T09:27:06.377192
2026-03-08,CKG,departure,10:40,TNA Jinan,SC8816,Shandong Airlines,text,Duration: 2h 20m,,True,2026-02-19T09:27:06.377265
2026-03-08,CKG,departure,10:40,CAN Guangzhou,CA4347,Air China,text,Duration: 2h 10m,,True,2026-02-19T09:27:06.377272
2026-03-08,CKG,departure,10:45,KHN Nanchang,ZH8846,Shenzhen Airlines,text,Duration: 1h 35m,,True,2026-02-19T09:27:06.377278
2026-03-08,CKG,departure,10:45,TYN Taiyuan,DR5311,Ruili Airlines,text,Duration: 2h 10m,,True,2026-02-19T09:27:06.377284
2026-03-08,CKG,departure,10:50,YTY Yangzhou,9C6196,Spring Airlines,text,Duration: 2h 25m,,True,2026-02-19T09:27:06.377290
2026-03-08,CKG,departure,10:50,URC Urumqi,CZ6797,China Southern,text,Duration: 4h 5m,,True,2026-02-19T09:27:06.377295
2026-03-08,CKG,departure,10:50,ZHA Zhanjiang,CA4363,Air China,text,Duration: 2h 5m,,True,2026-02-19T09:27:06.377301
2026-03-08,CKG,departure,10:55,WUX Wuxi,MU9766,China Eastern,text,Duration: 2h 15m,,True,2026-02-19T09:27:06.377306
2026-03-08,CKG,departure,10:55,HGH Hangzhou,CA1760,Air China,text,Duration: 2h 0m,,True,2026-02-19T09:27:06.377312
2026-03-08,CKG,departure,11:00,HFE Hefei,CA4563,Air China,text,Duration: 1h 50m,,True,2026-02-19T09:27:06.377317
2026-03-08,CKG,departure,11:00,XMN Xiamen,SC2136,Shandong Airlines,text,Duration: 2h 20m,,True,2026-02-19T09:27:06.377391
2026-03-08,CKG,departure,11:00,CGK Jakarta,MF8673,XiamenAir,text,Duration: 5h 40m,,True,2026-02-19T09:27:06.377398
2026-03-08,CKG,departure,11:05,TYN Taiyuan,MU9834,China Eastern,text,Duration: 2h 10m,,True,2026-02-19T09:27:06.377404
2026-03-08,CKG,departure,11:05,HAK Haikou,HU7172,Hainan Airlines,text,Duration: 2h 15m,,True,2026-02-19T09:27:06.377409
2026-03-08,CKG,departure,11:05,XMN Xiamen,MF8404,XiamenAir,text,Duration: 2h 10m,,True,2026-02-19T09:27:06.377415
2026-03-08,CKG,departure,11:05,NKG Nanjing,HO1708,Juneyao Airlines,text,Duration: 2h 0m,,True,2026-02-19T09:27:06.377421
2026-03-08,CKG,departure,11:15,PKX Beijing,MU6682,China Eastern,text,Duration: 2h 35m,,True,2026-02-19T09:27:06.377427
2026-03-08,CKG,departure,11:20,TAO Qingdao,SC4846,Shandong Airlines,text,Duration: 2h 25m,,True,2026-02-19T09:27:06.377433
2026-03-08,CKG,departure,11:20,DMK Bangkok,FD557,Thai AirAsia,text,Duration: 3h 15m,,True,2026-02-19T09:27:06.377438
2026-03-08,CKG,departure,11:20,SZX Shenzhen,ZH9462,Shenzhen Airlines,text,Duration: 2h 0m,,True,2026-02-19T09:27:06.377444
2026-03-08,CKG,departure,11:25,PKX Beijing,MU6846,China Eastern,text,Duration: 2h 15m,,True,2026-02-19T09:27:06.377519
2026-03-08,CKG,departure,11:30,TSN Tianjin,CA2862,Air China,text,Duration: 2h 30m,,True,2026-02-19T09:27:06.377526
2026-03-08,CKG,departure,11:30,PKX Beijing,JD5756,Capital Airlines,text,Duration: 2h 25m,,True,2026-02-19T09:27:06.377532
2026-03-08,CKG,departure,11:30,PEK Beijing,CA4135,Air China,text,Duration: 2h 30m,,True,2026-02-19T09:27:06.377537
2026-03-08,CKG,departure,11:30,PKX Beijing,CZ8918,China Southern,text,Duration: 2h 30m,,True,2026-02-19T09:27:06.377543
2026-03-08,CKG,departure,11:30,SYX Sanya,HU7350,Hainan Airlines,text,Duration: 2h 30m,,True,2026-02-19T09:27:06.377549
2026-03-08,CKG,departure,11:35,HAK Haikou,CZ6314,China Southern,text,Duration: 2h 15m,,True,2026-02-19T09:27:06.377554
2026-03-08,CKG,departure,11:35,PVG Shanghai,CA8544,Air China,text,Duration: 2h 35m,,True,2026-02-19T09:27:06.377559
2026-03-08,CKG,departure,11:35,PVG Shanghai,HO1250,Juneyao Airlines,text,Duration: 2h 25m,,True,2026-02-19T09:27:06.377565
2026-03-08,CKG,departure,11:40,WUH Wuhan,CZ5754,China Southern,text,Duration: 1h 30m,,True,2026-02-19T09:27:06.377571
2026-03-08,CKG,departure,11:40,NKG Nanjing,MU2926,China Eastern,text,Duration: 2h 0m,,True,2026-02-19T09:27:06.377646
2026-03-08,CKG,departure,11:40,SZX Shenzhen,CZ3466,China Southern,text,Duration: 2h 5m,,True,2026-02-19T09:27:06.377654
2026-03-08,CKG,departure,11:45,CAN Guangzhou,OQ2317,Chongqing Airlines,text,Duration: 2h 5m,,True,2026-02-19T09:27:06.377659
2026-03-08,CKG,departure,11:50,LXA Lhasa/Lasa,3U3179,Sichuan Airlines,text,Duration: 2h 50m,,True,2026-02-19T09:27:06.377665
2026-03-08,CKG,departure,11:50,SWA Jieyang,CZ3860,China Southern,text,Duration: 2h 15m,,True,2026-02-19T09:27:06.377671
2026-03-08,CKG,departure,11:50,WNZ Wenzhou,CA8304,Air China,text,Duration: 2h 10m,,True,2026-02-19T09:27:06.377676
2026-03-08,CKG,departure,11:55,PEK Beijing,CA1432,Air China,text,Duration: 2h 30m,,True,2026-02-19T09:27:06.377681
2026-03-08,CKG,departure,11:55,YIW Yiwu,CZ3888,China Southern,text,Duration: 2h 10m,,True,2026-02-19T09:27:06.377687
2026-03-08,CKG,departure,12:00,HKG Hong Kong,CA419,Air China,text,Duration: 2h 25m,,True,2026-02-19T09:27:06.377693
2026-03-08,CKG,departure,12:00,PKX Beijing,NS8036,Hebei Airlines,text,Duration: 2h 15m,,True,2026-02-19T09:27:06.377698
2026-03-08,CKG,departure,12:00,HFE Hefei,MU9917,China Eastern,text,Duration: 1h 45m,,True,2026-02-19T09:27:06.377771
2026-03-08,CKG,departure,12:00,FOC Fuzhou,MF8488,XiamenAir,text,Duration: 2h 10m,,True,2026-02-19T09:27:06.377778
2026-03-08,CKG,departure,12:05,WUX Wuxi,ZH9552,Shenzhen Airlines,text,Duration: 2h 10m,,True,2026-02-19T09:27:06.377783
2026-03-08,CKG,departure,12:05,LXA Lhasa/Lasa,PN6271,West Air (China),text,Duration: 3h 0m,,True,2026-02-19T09:27:06.377788
2026-03-08,CKG,departure,12:05,WNZ Wenzhou,KN5298,China United Airlines,text,Duration: 2h 15m,,True,2026-02-19T09:27:06.377793
2026-03-08,CKG,departure,12:10,ACF Alaer,EU2267,Chengdu Airlines,text,Duration: 5h 0m,,True,2026-02-19T09:27:06.377799
2026-03-08,CKG,departure,12:10,SHA Shanghai,MU5428,China Eastern,text,Duration: 2h 20m,,True,2026-02-19T09:27:06.377804
2026-03-08,CKG,departure,12:15,JHG Jinghong,3U3551,Sichuan Airlines,text,Duration: 2h 10m,,True,2026-02-19T09:27:06.377809
2026-03-08,CKG,departure,12:15,URC Urumqi,3U3209,Sichuan Airlines,text,Duration: 4h 15m,,True,2026-02-19T09:27:06.377815
2026-03-08,CKG,departure,12:15,ZUH Zhuhai,CZ8286,China Southern,text,Duration: 1h 55m,,True,2026-02-19T09:27:06.377820
2026-03-08,CKG,departure,12:15,LXA Lhasa/Lasa,EU2738,Chengdu Airlines,text,Duration: 3h 0m,,True,2026-02-19T09:27:06.377893
2026-03-08,CKG,departure,12:15,DLC Dalian,CZ5750,China Southern,text,Duration: 2h 45m,,True,2026-02-19T09:27:06.377900
2026-03-08,CKG,departure,12:25,NTG Nantong,ZH8672,Shenzhen Airlines,text,Duration: 2h 20m,,True,2026-02-19T09:27:06.377905
2026-03-08,CKG,departure,12:30,SHA Shanghai,9C8898,Spring Airlines,text,Duration: 2h 30m,,True,2026-02-19T09:27:06.377911
2026-03-08,CKG,departure,12:30,HGH Hangzhou,OQ2389,Chongqing Airlines,text,Duration: 2h 20m,,True,2026-02-19T09:27:06.377916
2026-03-08,CKG,departure,12:30,TAO Qingdao,SC4840,Shandong Airlines,text,Duration: 2h 25m,,True,2026-02-19T09:27:06.377921
2026-03-08,CKG,departure,12:30,PEK Beijing,HU7168,Hainan Airlines,text,Duration: 2h 30m,,True,2026-02-19T09:27:06.377927
2026-03-08,CKG,departure,12:40,CGO Zhengzhou,CZ3480,China Southern,text,Duration: 1h 50m,,True,2026-02-19T09:27:06.377932
2026-03-08,CKG,departure,12:45,HET Hohhot,OQ2175,Chongqing Airlines,text,Duration: 2h 30m,,True,2026-02-19T09:27:06.377938
2026-03-08,CKG,departure,12:45,NKG Nanjing,MU2664,China Eastern,text,Duration: 1h 50m,,True,2026-02-19T09:27:06.377943
2026-03-08,CKG,departure,12:50,HFE Hefei,PN6571,West Air (China),text,Duration: 1h 45m,,True,2026-02-19T09:27:06.378015
2026-03-08,CKG,departure,12:50,HGH Hangzhou,MF8472,XiamenAir,text,Duration: 1h 50m,,True,2026-02-19T09:27:06.378023
2026-03-08,CKG,departure,12:55,YYA Yueyang,GY7268,Colorful GuiZhou Airlines,text,Duration: 1h 35m,,True,2026-02-19T09:27:06.378028
2026-03-08,CKG,departure,12:55,PVG Shanghai,9C7298,Spring Airlines,text,Duration: 2h 40m,,True,2026-02-19T09:27:06.378035
2026-03-08,CKG,departure,12:55,NKG Nanjing,3U8043,Sichuan Airlines,text,Duration: 1h 55m,,True,2026-02-19T09:27:06.378041
2026-03-08,CKG,departure,13:00,PEK Beijing,3U8831,Sichuan Airlines,text,Duration: 2h 35m,,True,2026-02-19T09:27:06.378046
2026-03-08,CKG,departure,13:00,SZX Shenzhen,HU7158,Hainan Airlines,text,Duration: 2h 0m,,True,2026-02-19T09:27:06.378052
2026-03-08,CKG,departure,13:05,TNA Jinan,SC8818,Shandong Airlines,text,Duration: 2h 0m,,True,2026-02-19T09:27:06.378057
2026-03-08,CKG,departure,13:10,NRT Tokyo,CA433,Air China,text,Duration: 4h 20m,,True,2026-02-19T09:27:06.378063
2026-03-08,CKG,departure,13:10,WNZ Wenzhou,PN6283,West Air (China),text,Duration: 2h 10m,,True,2026-02-19T09:27:06.378068
2026-03-08,CKG,departure,13:10,SYM Pu'er,TV9915,Tibet Airlines,text,Duration: 1h 50m,,True,2026-02-19T09:27:06.378141
2026-03-08,CKG,departure,13:10,CAN Guangzhou,CZ3406,China Southern,text,Duration: 2h 10m,,True,2026-02-19T09:27:06.378149
2026-03-08,CKG,departure,13:15,SZX Shenzhen,3U8783,Sichuan Airlines,text,Duration: 2h 10m,,True,2026-02-19T09:27:06.378155
2026-03-08,CKG,departure,13:15,PEK Beijing,CA1430,Air China,text,Duration: 2h 25m,,True,2026-02-19T09:27:06.378168
2026-03-08,CKG,departure,13:15,LXA Lhasa/Lasa,PN6391,West Air (China),text,Duration: 2h 55m,,True,2026-02-19T09:27:06.378174
2026-03-08,CKG,departure,13:15,PVG Shanghai,MU5430,China Eastern,text,Duration: 2h 30m,,True,2026-02-19T09:27:06.378180
2026-03-08,CKG,departure,13:20,WUH Wuhan,3U8155,Sichuan Airlines,text,Duration: 1h 30m,,True,2026-02-19T09:27:06.378185
2026-03-08,CKG,departure,13:20,HAK Haikou,HU6278,Hainan Airlines,text,Duration: 2h 15m,,True,2026-02-19T09:27:06.378192
2026-03-08,CKG,departure,13:25,KOW Ganzhou,G54859,Gestair,text,Duration: 2h 5m,,True,2026-02-19T09:27:06.378197
2026-03-08,CKG,departure,13:25,CAN Guangzhou,3U8747,Sichuan Airlines,text,Duration: 1h 55m,,True,2026-02-19T09:27:06.378203
2026-03-08,CKG,departure,13:30,"JUZ Quzhou, Zhejiang Province",G54683,Gestair,text,Duration: 2h 10m,,True,2026-02-19T09:27:06.378288
2026-03-08,CKG,departure,13:30,SWA Jieyang,PN6579,West Air (China),text,Duration: 2h 0m,,True,2026-02-19T09:27:06.378296
2026-03-08,CKG,departure,13:30,CAN Guangzhou,HU6142,Hainan Airlines,text,Duration: 2h 5m,,True,2026-02-19T09:27:06.378302
2026-03-08,CKG,departure,13:35,KHG Kashi,CA4277,Air China,text,Duration: 5h 45m,,True,2026-02-19T09:27:06.378308
2026-03-08,CKG,departure,13:35,HKG Hong Kong,CA565,Air China,text,Duration: 2h 35m,,True,2026-02-19T09:27:06.378315
2026-03-08,CKG,departure,13:40,JJN Jinjiang,PN6417,West Air (China),text,Duration: 2h 15m,,True,2026-02-19T09:27:06.378320
2026-03-08,CKG,departure,13:40,CGQ Changchun,CZ6364,China Southern,text,Duration: 3h 40m,,True,2026-02-19T09:27:06.378326
2026-03-08,CKG,departure,13:40,SYX Sanya,PN6203,West Air (China),text,Duration: 2h 25m,,True,2026-02-19T09:27:06.378332
2026-03-08,CKG,departure,13:45,LXA Lhasa/Lasa,CA4420,Air China,text,Duration: 3h 15m,,True,2026-02-19T09:27:06.378338
2026-03-08,CKG,departure,13:50,SHA Shanghai,MU9196,China Eastern,text,Duration: 2h 10m,,True,2026-02-19T09:27:06.378343
2026-03-08,CKG,departure,13:50,DLU Dali City,CA4485,Air China,text,Duration: 1h 50m,,True,2026-02-19T09:27:06.378437
2026-03-08,CKG,departure,13:50,SHE Shenyang,CZ6404,China Southern,text,Duration: 3h 10m,,True,2026-02-19T09:27:06.378445
2026-03-08,CKG,departure,13:55,CAN Guangzhou,CA4349,Air China,text,Duration: 2h 10m,,True,2026-02-19T09:27:06.378451
2026-03-08,CKG,departure,14:00,BHY Beihai,3U8121,Sichuan Airlines,text,Duration: 1h 50m,,True,2026-02-19T09:27:06.378457
2026-03-08,CKG,departure,14:00,DOY Dongying,G54009,Gestair,text,Duration: 2h 20m,,True,2026-02-19T09:27:06.378462
2026-03-08,CKG,departure,14:00,CSX Changsha,OQ2049,Chongqing Airlines,text,Duration: 1h 40m,,True,2026-02-19T09:27:06.378468
2026-03-08,CKG,departure,14:00,CSX Changsha,3U8009,Sichuan Airlines,text,Duration: 1h 25m,,True,2026-02-19T09:27:06.378473
2026-03-08,CKG,departure,14:05,SJW Shijiazhuang,G52657,Gestair,text,Duration: 2h 10m,,True,2026-02-19T09:27:06.378479
2026-03-08,CKG,departure,14:05,YIW Yiwu,GY7278,Colorful GuiZhou Airlines,text,Duration: 2h 25m,,True,2026-02-19T09:27:06.378484
2026-03-08,CKG,departure,14:05,HTN Hotan,OQ2011,Chongqing Airlines,text,Duration: 4h 45m,,True,2026-02-19T09:27:06.378491
2026-03-08,CKG,departure,14:10,XUZ Xuzhou,G54607,Gestair,text,Duration: 2h 0m,,True,2026-02-19T09:27:06.378580
2026-03-08,CKG,departure,14:10,HRB Harbin,OQ2327,Chongqing Airlines,text,Duration: 3h 45m,,True,2026-02-19T09:27:06.378588
2026-03-08,CKG,departure,14:10,KHN Nanchang,3U8181,Sichuan Airlines,text,Duration: 1h 40m,,True,2026-02-19T09:27:06.378594
2026-03-08,CKG,departure,14:15,NGB Ningbo,GJ8398,Loong Air,text,Duration: 2h 20m,,True,2026-02-19T09:27:06.378599
2026-03-08,CKG,departure,14:15,XNN Xining,TV9911,Tibet Airlines,text,Duration: 1h 55m,,True,2026-02-19T09:27:06.378604
2026-03-08,CKG,departure,14:15,CGO Zhengzhou,3U8159,Sichuan Airlines,text,Duration: 1h 45m,,True,2026-02-19T09:27:06.378610
2026-03-08,CKG,departure,14:20,PKX Beijing,OQ2003,Chongqing Airlines,text,Duration: 2h 30m,,True,2026-02-19T09:27:06.378615
2026-03-08,CKG,departure,14:20,KMG Kunming,MU5866,China Eastern,text,Duration: 1h 35m,,True,2026-02-19T09:27:06.378621
2026-03-08,CKG,departure,14:25,URC Urumqi,CZ6986,China Southern,text,Duration: 4h 0m,,True,2026-02-19T09:27:06.378627
2026-03-08,CKG,departure,14:25,PEK Beijing,CA4141,Air China,text,Duration: 2h 40m,,True,2026-02-19T09:27:06.378632
2026-03-08,CKG,departure,14:25,ZUH Zhuhai,CZ5726,China Southern,text,Duration: 1h 55m,,True,2026-02-19T09:27:06.378714
2026-03-08,CKG,departure,14:30,YIN Yining,OQ2019,Chongqing Airlines,text,Duration: 4h 45m,,True,2026-02-19T09:27:06.378721
2026-03-08,CKG,departure,14:30,LXA Lhasa/Lasa,TV9843,Tibet Airlines,text,Duration: 3h 30m,,True,2026-02-19T09:27:06.378726
2026-03-08,CKG,departure,14:30,XMN Xiamen,HU7425,Hainan Airlines,text,Duration: 2h 20m,,True,2026-02-19T09:27:06.378732
2026-03-08,CKG,departure,14:35,NGB Ningbo,3U8109,Sichuan Airlines,text,Duration: 2h 25m,,True,2026-02-19T09:27:06.378737
2026-03-08,CKG,departure,14:45,HAK Haikou,CA9657,Air China,text,Duration: 1h 55m,,True,2026-02-19T09:27:06.378742
2026-03-08,CKG,departure,14:50,PKX Beijing,MU6684,China Eastern,text,Duration: 2h 40m,,True,2026-02-19T09:27:06.378748
2026-03-08,CKG,departure,14:50,SZX Shenzhen,ZH9464,Shenzhen Airlines,text,Duration: 2h 15m,,True,2026-02-19T09:27:06.378753
2026-03-08,CKG,departure,15:00,FOC Fuzhou,MF8462,XiamenAir,text,Duration: 2h 10m,,True,2026-02-19T09:27:06.378758
2026-03-08,CKG,departure,15:00,XMN Xiamen,MF8434,XiamenAir,text,Duration: 1h 55m,,True,2026-02-19T09:27:06.378763
2026-03-08,CKG,departure,15:05,CAN Guangzhou,OQ2339,Chongqing Airlines,text,Duration: 2h 5m,,True,2026-02-19T09:27:06.378839
2026-03-08,CKG,departure,15:05,HUZ Huizhou,OQ2343,Chongqing Airlines,text,Duration: 2h 10m,,True,2026-02-19T09:27:06.378846
2026-03-08,CKG,departure,15:10,TSA Taipei,3U3783,Sichuan Airlines,text,Duration: 2h 50m,,True,2026-02-19T09:27:06.378852
2026-03-08,CKG,departure,15:10,URC Urumqi,CA4257,Air China,text,Duration: 4h 5m,,True,2026-02-19T09:27:06.378857
2026-03-08,CKG,departure,15:10,HTN Hotan,PN6453,West Air (China),text,Duration: 5h 0m,,True,2026-02-19T09:27:06.378863
2026-03-08,CKG,departure,15:10,WUX Wuxi,HO2014,Juneyao Airlines,text,Duration: 2h 5m,,True,2026-02-19T09:27:06.378868
2026-03-08,CKG,departure,15:15,KMG Kunming,3U8284,Sichuan Airlines,text,Duration: 1h 20m,,True,2026-02-19T09:27:06.378873
2026-03-08,CKG,departure,15:15,HGH Hangzhou,3U8083,Sichuan Airlines,text,Duration: 2h 10m,,True,2026-02-19T09:27:06.378879
2026-03-08,CKG,departure,15:15,MFM Macau,NX181,Air Macau,text,Duration: 2h 20m,,True,2026-02-19T09:27:06.378885
2026-03-08,CKG,departure,15:15,PEK Beijing,CA4143,Air China,text,Duration: 2h 30m,,True,2026-02-19T09:27:06.378891
2026-03-08,CKG,departure,15:15,PEK Beijing,HU6568,Hainan Airlines,text,Duration: 2h 25m,,True,2026-02-19T09:27:06.378966
2026-03-08,CKG,departure,15:20,TPE Taipei,CA409,Air China,text,Duration: 3h 0m,,True,2026-02-19T09:27:06.378974
2026-03-08,CKG,departure,15:20,INC Yinchuan,HU7271,Hainan Airlines,text,Duration: 2h 0m,,True,2026-02-19T09:27:06.378979
2026-03-08,CKG,departure,15:25,PVG Shanghai,FM7348,Shanghai Airlines,text,Duration: 2h 40m,,True,2026-02-19T09:27:06.378985
2026-03-08,CKG,departure,15:25,JJN Jinjiang,MF8466,XiamenAir,text,Duration: 2h 10m,,True,2026-02-19T09:27:06.378990
2026-03-08,CKG,departure,15:30,NGB Ningbo,9C7469,Spring Airlines,text,Duration: 2h 20m,,True,2026-02-19T09:27:06.378996
2026-03-08,CKG,departure,15:35,DIG Diqing,OQ2147,Chongqing Airlines,text,Duration: 2h 5m,,True,2026-02-19T09:27:06.379001
2026-03-08,CKG,departure,15:35,AKU Aksu,3U8145,Sichuan Airlines,text,Duration: 4h 45m,,True,2026-02-19T09:27:06.379007
2026-03-08,CKG,departure,15:35,SZX Shenzhen,CZ3456,China Southern,text,Duration: 2h 25m,,True,2026-02-19T09:27:06.379013
2026-03-08,CKG,departure,15:40,WMT Zunyi,G54785,Gestair,text,Duration: 0h 55m,,True,2026-02-19T09:27:06.379020
2026-03-08,CKG,departure,15:40,SHA Shanghai,MU5432,China Eastern,text,Duration: 2h 35m,,True,2026-02-19T09:27:06.379094
2026-03-08,CKG,departure,15:40,FOC Fuzhou,HU6323,Hainan Airlines,text,Duration: 2h 35m,,True,2026-02-19T09:27:06.379101
2026-03-08,CKG,departure,15:45,URC Urumqi,OQ2311,Chongqing Airlines,text,Duration: 4h 10m,,True,2026-02-19T09:27:06.379107
2026-03-08,CKG,departure,15:50,BKK Bangkok,3U3771,Sichuan Airlines,text,Duration: 3h 30m,,True,2026-02-19T09:27:06.379113
2026-03-08,CKG,departure,15:50,LYA Luoyang,QW6054,Qingdao Airlines,text,Duration: 1h 40m,,True,2026-02-19T09:27:06.379119
2026-03-08,CKG,departure,15:55,LZH Liuzhou,G54763,Gestair,text,Duration: 1h 40m,,True,2026-02-19T09:27:06.379124
2026-03-08,CKG,departure,15:55,WUH Wuhan,CZ6292,China Southern,text,Duration: 1h 30m,,True,2026-02-19T09:27:06.379130
2026-03-08,CKG,departure,16:00,SHE Shenyang,HU7101,Hainan Airlines,text,Duration: 3h 15m,,True,2026-02-19T09:27:06.379135
2026-03-08,CKG,departure,16:00,XMN Xiamen,3U8087,Sichuan Airlines,text,Duration: 2h 20m,,True,2026-02-19T09:27:06.379141
2026-03-08,CKG,departure,16:10,JJN Jinjiang,PN6323,West Air (China),text,Duration: 2h 15m,,True,2026-02-19T09:27:06.379146
2026-03-08,CKG,departure,16:10,SJW Shijiazhuang,NS3241,Hebei Airlines,text,Duration: 2h 20m,,True,2026-02-19T09:27:06.379219
2026-03-08,CKG,departure,16:10,YCU Yuncheng,MF8785,XiamenAir,text,Duration: 1h 25m,,True,2026-02-19T09:27:06.379226
2026-03-08,CKG,departure,16:10,SWA Jieyang,3U8005,Sichuan Airlines,text,Duration: 2h 10m,,True,2026-02-19T09:27:06.379232
2026-03-08,CKG,departure,16:10,TVS Tangshan,GT1078,Air Guilin,text,Duration: 2h 30m,,True,2026-02-19T09:27:06.379238
2026-03-08,CKG,departure,16:15,PEK Beijing,CA1438,Air China,text,Duration: 2h 30m,,True,2026-02-19T09:27:06.379243
2026-03-08,CKG,departure,16:15,KMG Kunming,MU5856,China Eastern,text,Duration: 1h 35m,,True,2026-02-19T09:27:06.379249
2026-03-08,CKG,departure,16:20,NGB Ningbo,OQ2315,Chongqing Airlines,text,Duration: 2h 30m,,True,2026-02-19T09:27:06.379254
2026-03-08,CKG,departure,16:25,KHN Nanchang,ZH8854,Shenzhen Airlines,text,Duration: 1h 40m,,True,2026-02-19T09:27:06.379260
2026-03-08,CKG,departure,16:25,TAO Qingdao,SC4832,Shandong Airlines,text,Duration: 2h 15m,,True,2026-02-19T09:27:06.379266
2026-03-08,CKG,departure,16:30,KRL Korla,G54005,Gestair,text,Duration: 4h 5m,,True,2026-02-19T09:27:06.379271
2026-03-08,CKG,departure,16:30,ZUH Zhuhai,OQ2385,Chongqing Airlines,text,Duration: 2h 5m,,True,2026-02-19T09:27:06.379344
2026-03-08,CKG,departure,16:35,HGH Hangzhou,MF8478,XiamenAir,text,Duration: 2h 15m,,True,2026-02-19T09:27:06.379351
2026-03-08,CKG,departure,16:35,HAK Haikou,3U8067,Sichuan Airlines,text,Duration: 2h 5m,,True,2026-02-19T09:27:06.379357
2026-03-08,CKG,departure,16:45,HIA Huai'an,8L9817,Lucky Air,text,Duration: 2h 10m,,True,2026-02-19T09:27:06.379362
2026-03-08,CKG,departure,16:45,HGH Hangzhou,CA4577,Air China,text,Duration: 2h 10m,,True,2026-02-19T09:27:06.379368
2026-03-08,CKG,departure,16:45,SHA Shanghai,MF8581,XiamenAir,text,Duration: 2h 20m,,True,2026-02-19T09:27:06.379373
2026-03-08,CKG,departure,16:50,HFE Hefei,PN6491,West Air (China),text,Duration: 1h 45m,,True,2026-02-19T09:27:06.379379
2026-03-08,CKG,departure,16:50,URC Urumqi,PN6261,West Air (China),text,Duration: 4h 10m,,True,2026-02-19T09:27:06.379384
2026-03-08,CKG,departure,16:50,CSX Changsha,CZ3422,China Southern,text,Duration: 1h 40m,,True,2026-02-19T09:27:06.379389
2026-03-08,CKG,departure,16:50,SYX Sanya,CA4387,Air China,text,Duration: 2h 30m,,True,2026-02-19T09:27:06.379394
2026-03-08,CKG,departure,16:55,SHA Shanghai,MU2550,China Eastern,text,Duration: 2h 30m,,True,2026-02-19T09:27:06.379468
2026-03-08,CKG,departure,16:55,UYN Yulin,GX8881,GX Airlines,text,Duration: 1h 55m,,True,2026-02-19T09:27:06.379475
2026-03-08,CKG,departure,16:55,PVG Shanghai,CA4555,Air China,text,Duration: 2h 35m,,True,2026-02-19T09:27:06.379480
2026-03-08,CKG,departure,16:55,CAN Guangzhou,HU7242,Hainan Airlines,text,Duration: 2h 0m,,True,2026-02-19T09:27:06.379485
2026-03-08,CKG,departure,17:00,TAO Qingdao,3U8151,Sichuan Airlines,text,Duration: 2h 20m,,True,2026-02-19T09:27:06.379491
2026-03-08,CKG,departure,17:00,NKG Nanjing,3U8045,Sichuan Airlines,text,Duration: 2h 5m,,True,2026-02-19T09:27:06.379496
2026-03-08,CKG,departure,17:05,HAK Haikou,HU7372,Hainan Airlines,text,Duration: 2h 0m,,True,2026-02-19T09:27:06.379502
2026-03-08,CKG,departure,17:10,YNT Yantai,QW6032,Qingdao Airlines,text,Duration: 2h 35m,,True,2026-02-19T09:27:06.379507
2026-03-08,CKG,departure,17:15,ACX Xingyi,G54679,Gestair,text,Duration: 1h 25m,,True,2026-02-19T09:27:06.379512
2026-03-08,CKG,departure,17:15,CAN Guangzhou,CZ3426,China Southern,text,Duration: 2h 5m,,True,2026-02-19T09:27:06.379518
2026-03-08,CKG,departure,17:20,PVG Shanghai,9C8868,Spring Airlines,text,Duration: 2h 25m,,True,2026-02-19T09:27:06.379590
2026-03-08,CKG,departure,17:20,HKG Hong Kong,CX929,Cathay Pacific,text,Duration: 2h 25m,,True,2026-02-19T09:27:06.379597
2026-03-08,CKG,departure,17:20,SHE Shenyang,CZ6470,China Southern,text,Duration: 3h 10m,,True,2026-02-19T09:27:06.379602
2026-03-08,CKG,departure,17:25,PKX Beijing,CZ8816,China Southern,text,Duration: 2h 35m,,True,2026-02-19T09:27:06.379609
2026-03-08,CKG,departure,17:25,SHA Shanghai,CA4541,Air China,text,Duration: 2h 15m,,True,2026-02-19T09:27:06.379615
2026-03-08,CKG,departure,17:30,CAN Guangzhou,AQ1102,9 Air,text,Duration: 2h 5m,,True,2026-02-19T09:27:06.379620
2026-03-08,CKG,departure,17:30,PKX Beijing,CA8673,Air China,text,Duration: 2h 45m,,True,2026-02-19T09:27:06.379626
2026-03-08,CKG,departure,17:30,PEK Beijing,CA4147,Air China,text,Duration: 2h 45m,,True,2026-02-19T09:27:06.379631
2026-03-08,CKG,departure,17:30,SZX Shenzhen,CA4345,Air China,text,Duration: 2h 5m,,True,2026-02-19T09:27:06.379637
2026-03-08,CKG,departure,17:35,SHA Shanghai,HO1242,Juneyao Airlines,text,Duration: 2h 20m,,True,2026-02-19T09:27:06.379643
2026-03-08,CKG,departure,17:40,NKG Nanjing,MU2738,China Eastern,text,Duration: 2h 5m,,True,2026-02-19T09:27:06.379715
2026-03-08,CKG,departure,17:40,CAN Guangzhou,CA4341,Air China,text,Duration: 2h 0m,,True,2026-02-19T09:27:06.379722
2026-03-08,CKG,departure,17:40,HGH Hangzhou,CA4023,Air China,text,Duration: 2h 5m,,True,2026-02-19T09:27:06.379728
2026-03-08,CKG,departure,17:45,CGO Zhengzhou,CZ8716,China Southern,text,Duration: 1h 45m,,True,2026-02-19T09:27:06.379734
2026-03-08,CKG,departure,17:45,SHA Shanghai,MU5434,China Eastern,text,Duration: 2h 30m,,True,2026-02-19T09:27:06.379739
2026-03-08,CKG,departure,17:50,TSN Tianjin,PN6237,West Air (China),text,Duration: 2h 20m,,True,2026-02-19T09:27:06.379745
2026-03-08,CKG,departure,17:50,WUX Wuxi,MU9776,China Eastern,text,Duration: 2h 25m,,True,2026-02-19T09:27:06.379751
2026-03-08,CKG,departure,17:55,SYX Sanya,OQ2331,Chongqing Airlines,text,Duration: 2h 40m,,True,2026-02-19T09:27:06.379756
2026-03-08,CKG,departure,17:55,JHG Jinghong,PN6587,West Air (China),text,Duration: 2h 0m,,True,2026-02-19T09:27:06.379762
2026-03-08,CKG,departure,17:55,JJN Jinjiang,SC2309,Shandong Airlines,text,Duration: 2h 20m,,True,2026-02-19T09:27:06.379768
2026-03-08,CKG,departure,18:00,TYN Taiyuan,MU9888,China Eastern,text,Duration: 1h 55m,,True,2026-02-19T09:27:06.379841
2026-03-08,CKG,departure,18:00,NKG Nanjing,CA4557,Air China,text,Duration: 1h 50m,,True,2026-02-19T09:27:06.379848
2026-03-08,CKG,departure,18:05,SZX Shenzhen,HU6358,Hainan Airlines,text,Duration: 1h 55m,,True,2026-02-19T09:27:06.379853
2026-03-08,CKG,departure,18:05,TNA Jinan,MU5472,China Eastern,text,Duration: 1h 50m,,True,2026-02-19T09:27:06.379859
2026-03-08,CKG,departure,18:10,FOC Fuzhou,3U8105,Sichuan Airlines,text,Duration: 2h 15m,,True,2026-02-19T09:27:06.379864
2026-03-08,CKG,departure,18:10,YNZ Yancheng,MF8777,XiamenAir,text,Duration: 2h 10m,,True,2026-02-19T09:27:06.379870
2026-03-08,CKG,departure,18:15,NGB Ningbo,HU6321,Hainan Airlines,text,Duration: 2h 10m,,True,2026-02-19T09:27:06.379875
2026-03-08,CKG,departure,18:15,SZX Shenzhen,MU6611,China Eastern,text,Duration: 1h 50m,,True,2026-02-19T09:27:06.379881
2026-03-08,CKG,departure,18:15,PEK Beijing,CA1440,Air China,text,Duration: 2h 45m,,True,2026-02-19T09:27:06.379887
2026-03-08,CKG,departure,18:20,HGH Hangzhou,GJ8692,Loong Air,text,Duration: 2h 10m,,True,2026-02-19T09:27:06.379892
2026-03-08,CKG,departure,18:20,SQJ Sanming,G52847,Gestair,text,Duration: 2h 15m,,True,2026-02-19T09:27:06.379965
2026-03-08,CKG,departure,18:25,DNH Dunhuang,GS7592,Tianjin Airlines,text,Duration: 3h 5m,,True,2026-02-19T09:27:06.379971
2026-03-08,CKG,departure,18:30,PEK Beijing,HU7368,Hainan Airlines,text,Duration: 2h 30m,,True,2026-02-19T09:27:06.379977
2026-03-08,CKG,departure,18:30,FOC Fuzhou,CA4569,Air China,text,Duration: 2h 15m,,True,2026-02-19T09:27:06.379983
2026-03-08,CKG,departure,18:35,JHG Jinghong,OQ2373,Chongqing Airlines,text,Duration: 1h 55m,,True,2026-02-19T09:27:06.379988
2026-03-08,CKG,departure,18:35,HYN Taizhou,G54509,Gestair,text,Duration: 2h 35m,,True,2026-02-19T09:27:06.379994
2026-03-08,CKG,departure,18:45,HGH Hangzhou,3U3180,Sichuan Airlines,text,Duration: 2h 0m,,True,2026-02-19T09:27:06.379999
2026-03-08,CKG,departure,18:45,HAN Hanoi,PN6423,West Air (China),text,Duration: 1h 55m,,True,2026-02-19T09:27:06.380005
2026-03-08,CKG,departure,18:50,TNA Jinan,SC8810,Shandong Airlines,text,Duration: 2h 10m,,True,2026-02-19T09:27:06.380010
2026-03-08,CKG,departure,18:50,WHA Wuhu,3U8071,Sichuan Airlines,text,Duration: 1h 55m,,True,2026-02-19T09:27:06.380016
2026-03-08,CKG,departure,18:55,YIW Yiwu,OQ2391,Chongqing Airlines,text,Duration: 2h 20m,,True,2026-02-19T09:27:06.380091
2026-03-08,CKG,departure,18:55,SZX Shenzhen,MF8389,XiamenAir,text,Duration: 2h 5m,,True,2026-02-19T09:27:06.380099
2026-03-08,CKG,departure,19:00,SGN Ho Chi Minh City,CA407,Air China,text,Duration: 3h 20m,,True,2026-02-19T09:27:06.380105
2026-03-08,CKG,departure,19:00,NGB Ningbo,MU2396,China Eastern,text,Duration: 2h 10m,,True,2026-02-19T09:27:06.380110
2026-03-08,CKG,departure,19:00,SZX Shenzhen,CZ6562,China Southern,text,Duration: 2h 30m,,True,2026-02-19T09:27:06.380116
2026-03-08,CKG,departure,19:05,WUH Wuhan,CA4381,Air China,text,Duration: 1h 20m,,True,2026-02-19T09:27:06.380121
2026-03-08,CKG,departure,19:05,SYX Sanya,3U8061,Sichuan Airlines,text,Duration: 2h 25m,,True,2026-02-19T09:27:06.380127
2026-03-08,CKG,departure,19:05,IQN Qingyang,NS8068,Hebei Airlines,text,Duration: 1h 20m,,True,2026-02-19T09:27:06.380132
2026-03-08,CKG,departure,19:10,PVG Shanghai,PN6437,West Air (China),text,Duration: 2h 10m,,True,2026-02-19T09:27:06.380137
2026-03-08,CKG,departure,19:10,WNZ Wenzhou,PN6433,West Air (China),text,Duration: 2h 20m,,True,2026-02-19T09:27:06.380142
2026-03-08,CKG,departure,19:15,PEK Beijing,CA1412,Air China,text,Duration: 2h 30m,,True,2026-02-19T09:27:06.380233
2026-03-08,CKG,departure,19:15,XAI Xinyang,MU5440,China Eastern,text,Duration: 1h 50m,,True,2026-02-19T09:27:06.380243
2026-03-08,CKG,departure,19:20,TAO Qingdao,SC4834,Shandong Airlines,text,Duration: 2h 30m,,True,2026-02-19T09:27:06.380249
2026-03-08,CKG,departure,19:20,SZX Shenzhen,3U8785,Sichuan Airlines,text,Duration: 2h 5m,,True,2026-02-19T09:27:06.380256
2026-03-08,CKG,departure,19:25,NKG Nanjing,ZH9592,Shenzhen Airlines,text,Duration: 1h 55m,,True,2026-02-19T09:27:06.380262
2026-03-08,CKG,departure,19:30,KMG Kunming,OQ2119,Chongqing Airlines,text,Duration: 1h 45m,,True,2026-02-19T09:27:06.380267
2026-03-08,CKG,departure,19:30,HAK Haikou,HU7472,Hainan Airlines,text,Duration: 2h 35m,,True,2026-02-19T09:27:06.380272
2026-03-08,CKG,departure,19:30,CAN Guangzhou,HU7442,Hainan Airlines,text,Duration: 2h 0m,,True,2026-02-19T09:27:06.380278
2026-03-08,CKG,departure,19:30,PKX Beijing,CZ8818,China Southern,text,Duration: 2h 30m,,True,2026-02-19T09:27:06.380284
2026-03-08,CKG,departure,19:35,LHW Lanzhou,3U8019,Sichuan Airlines,text,Duration: 1h 40m,,True,2026-02-19T09:27:06.380289
2026-03-08,CKG,departure,19:35,NGB Ningbo,PN6547,West Air (China),text,Duration: 2h 30m,,True,2026-02-19T09:27:06.380388
2026-03-08,CKG,departure,19:40,SQD Shangrao,GS6595,Tianjin Airlines,text,Duration: 2h 5m,,True,2026-02-19T09:27:06.380396
2026-03-08,CKG,departure,19:40,CGO Zhengzhou,CZ6354,China Southern,text,Duration: 1h 50m,,True,2026-02-19T09:27:06.380402
2026-03-08,CKG,departure,19:45,XUZ Xuzhou,G54121,Gestair,text,Duration: 1h 55m,,True,2026-02-19T09:27:06.380408
2026-03-08,CKG,departure,19:45,PEK Beijing,3U8833,Sichuan Airlines,text,Duration: 2h 10m,,True,2026-02-19T09:27:06.380414
2026-03-08,CKG,departure,19:45,DLC Dalian,CZ6580,China Southern,text,Duration: 2h 50m,,True,2026-02-19T09:27:06.380419
2026-03-08,CKG,departure,19:50,NTG Nantong,DZ6294,Donghai Airlines,text,Duration: 2h 10m,,True,2026-02-19T09:27:06.380425
2026-03-08,CKG,departure,19:50,LFQ Qiaoli,G54317,Gestair,text,Duration: 1h 40m,,True,2026-02-19T09:27:06.380430
2026-03-08,CKG,departure,19:50,XMN Xiamen,CA4021,Air China,text,Duration: 2h 0m,,True,2026-02-19T09:27:06.380436
2026-03-08,CKG,departure,19:50,FOC Fuzhou,MF8490,XiamenAir,text,Duration: 2h 5m,,True,2026-02-19T09:27:06.380442
2026-03-08,CKG,departure,19:55,SJW Shijiazhuang,PN6335,West Air (China),text,Duration: 2h 0m,,True,2026-02-19T09:27:06.380548
2026-03-08,CKG,departure,19:55,HAK Haikou,PN6531,West Air (China),text,Duration: 2h 15m,,True,2026-02-19T09:27:06.380558
2026-03-08,CKG,departure,19:55,HGH Hangzhou,MF8476,XiamenAir,text,Duration: 2h 40m,,True,2026-02-19T09:27:06.380565
2026-03-08,CKG,departure,19:55,PEK Beijing,CA1410,Air China,text,Duration: 2h 50m,,True,2026-02-19T09:27:06.380571
2026-03-08,CKG,departure,20:00,SHA Shanghai,MU9194,China Eastern,text,Duration: 2h 5m,,True,2026-02-19T09:27:06.380577
2026-03-08,CKG,departure,20:05,TYN Taiyuan,PN6539,West Air (China),text,Duration: 1h 45m,,True,2026-02-19T09:27:06.380583
2026-03-08,CKG,departure,20:05,PKX Beijing,MU6686,China Eastern,text,Duration: 2h 20m,,True,2026-02-19T09:27:06.380589
2026-03-08,CKG,departure,20:10,SHA Shanghai,9C8996,Spring Airlines,text,Duration: 2h 15m,,True,2026-02-19T09:27:06.380595
2026-03-08,CKG,departure,20:10,CAN Guangzhou,3U8749,Sichuan Airlines,text,Duration: 1h 45m,,True,2026-02-19T09:27:06.380600
2026-03-08,CKG,departure,20:10,LUM Mangshi,3U8091,Sichuan Airlines,text,Duration: 2h 20m,,True,2026-02-19T09:27:06.380606
2026-03-08,CKG,departure,20:15,WUX Wuxi,ZH9554,Shenzhen Airlines,text,Duration: 2h 10m,,True,2026-02-19T09:27:06.380730
2026-03-08,CKG,departure,20:25,HUZ Huizhou,OQ2337,Chongqing Airlines,text,Duration: 1h 45m,,True,2026-02-19T09:27:06.380739
2026-03-08,CKG,departure,20:25,AKU Aksu,G54684,Gestair,text,Duration: 4h 30m,,True,2026-02-19T09:27:06.380745
2026-03-08,CKG,departure,20:30,ZUH Zhuhai,PN6263,West Air (China),text,Duration: 1h 50m,,True,2026-02-19T09:27:06.380751
2026-03-08,CKG,departure,20:30,CAN Guangzhou,PN6205,West Air (China),text,Duration: 2h 5m,,True,2026-02-19T09:27:06.380758
2026-03-08,CKG,departure,20:35,LUM Mangshi,KY3110,Kunming Airlines,text,Duration: 2h 25m,,True,2026-02-19T09:27:06.380764
2026-03-08,CKG,departure,20:35,XMN Xiamen,SC2142,Shandong Airlines,text,Duration: 2h 15m,,True,2026-02-19T09:27:06.380770
2026-03-08,CKG,departure,20:35,HKT Phuket,3U3705,Sichuan Airlines,text,Duration: 3h 55m,,True,2026-02-19T09:27:06.380776
2026-03-08,CKG,departure,20:35,PVG Shanghai,FM9426,Shanghai Airlines,text,Duration: 2h 15m,,True,2026-02-19T09:27:06.380782
2026-03-08,CKG,departure,20:40,DLU Dali City,PN6575,West Air (China),text,Duration: 1h 50m,,True,2026-02-19T09:27:06.380789
2026-03-08,CKG,departure,20:40,ZHA Zhanjiang,CA4359,Air China,text,Duration: 1h 55m,,True,2026-02-19T09:27:06.380889
2026-03-08,CKG,departure,20:45,FOC Fuzhou,FU6508,Fuzhou Airline,text,Duration: 2h 25m,,True,2026-02-19T09:27:06.380897
2026-03-08,CKG,departure,20:50,WUH Wuhan,CZ3644,China Southern,text,Duration: 1h 40m,,True,2026-02-19T09:27:06.380902
2026-03-08,CKG,departure,20:50,TSN Tianjin,MF8621,XiamenAir,text,Duration: 2h 35m,,True,2026-02-19T09:27:06.380908
2026-03-08,CKG,departure,20:55,CAN Guangzhou,OQ2325,Chongqing Airlines,text,Duration: 2h 20m,,True,2026-02-19T09:27:06.380914
2026-03-08,CKG,departure,20:55,KHN Nanchang,RY6682,Jiangxi Airlines,text,Duration: 1h 45m,,True,2026-02-19T09:27:06.380920
2026-03-08,CKG,departure,20:55,SHA Shanghai,9C8998,Spring Airlines,text,Duration: 2h 50m,,True,2026-02-19T09:27:06.380926
2026-03-08,CKG,departure,20:55,XMN Xiamen,MF8424,XiamenAir,text,Duration: 2h 20m,,True,2026-02-19T09:27:06.380932
2026-03-08,CKG,departure,20:55,NKG Nanjing,HO1692,Juneyao Airlines,text,Duration: 2h 10m,,True,2026-02-19T09:27:06.380938
2026-03-08,CKG,departure,21:00,HGH Hangzhou,CA1762,Air China,text,Duration: 2h 25m,,True,2026-02-19T09:27:06.380943
2026-03-08,CKG,departure,21:00,SZX Shenzhen,ZH9468,Shenzhen Airlines,text,Duration: 2h 5m,,True,2026-02-19T09:27:06.381032
2026-03-08,CKG,departure,21:05,LJG Lijiang,3U8017,Sichuan Airlines,text,Duration: 1h 45m,,True,2026-02-19T09:27:06.381039
2026-03-08,CKG,departure,21:05,CAN Guangzhou,CA4353,Air China,text,Duration: 2h 10m,,True,2026-02-19T09:27:06.381045
2026-03-08,CKG,departure,21:05,NKG Nanjing,MU2846,China Eastern,text,Duration: 1h 50m,,True,2026-02-19T09:27:06.381052
2026-03-08,CKG,departure,21:10,LHW Lanzhou,9C6282,Spring Airlines,text,Duration: 2h 0m,,True,2026-02-19T09:27:06.381058
2026-03-08,CKG,departure,21:10,TNA Jinan,3U3552,Sichuan Airlines,text,Duration: 2h 5m,,True,2026-02-19T09:27:06.381063
2026-03-08,CKG,departure,21:10,KHN Nanchang,PN6255,West Air (China),text,Duration: 1h 40m,,True,2026-02-19T09:27:06.381069
2026-03-08,CKG,departure,21:10,NNG Nanning,CZ6798,China Southern,text,Duration: 1h 40m,,True,2026-02-19T09:27:06.381077
2026-03-08,CKG,departure,21:15,PVG Shanghai,HO2370,Juneyao Airlines,text,Duration: 2h 20m,,True,2026-02-19T09:27:06.381083
2026-03-08,CKG,departure,21:15,BKK Bangkok,OQ2361,Chongqing Airlines,text,Duration: 3h 15m,,True,2026-02-19T09:27:06.381089
2026-03-08,CKG,departure,21:15,KMG Kunming,8L9858,Lucky Air,text,Duration: 1h 40m,,True,2026-02-19T09:27:06.381170
2026-03-08,CKG,departure,21:15,PEK Beijing,CA1436,Air China,text,Duration: 2h 30m,,True,2026-02-19T09:27:06.381177
2026-03-08,CKG,departure,21:20,XIY Xian,9H8334,Air Changan,text,Duration: 1h 25m,,True,2026-02-19T09:27:06.381183
2026-03-08,CKG,departure,21:20,WUX Wuxi,MU9786,China Eastern,text,Duration: 2h 10m,,True,2026-02-19T09:27:06.381189
2026-03-08,CKG,departure,21:30,PKX Beijing,OQ2148,Chongqing Airlines,text,Duration: 2h 5m,,True,2026-02-19T09:27:06.381194
2026-03-08,CKG,departure,21:30,HAK Haikou,HU7272,Hainan Airlines,text,Duration: 2h 35m,,True,2026-02-19T09:27:06.381200
2026-03-08,CKG,departure,21:30,SHA Shanghai,MU5436,China Eastern,text,Duration: 2h 10m,,True,2026-02-19T09:27:06.381206
2026-03-08,CKG,departure,21:35,HRB Harbin,CZ3710,China Southern,text,Duration: 3h 20m,,True,2026-02-19T09:27:06.381211
2026-03-08,CKG,departure,21:40,SZX Shenzhen,CA4367,Air China,text,Duration: 2h 10m,,True,2026-02-19T09:27:06.381216
2026-03-08,CKG,departure,21:40,XIY Xian,MU2268,China Eastern,text,Duration: 1h 15m,,True,2026-02-19T09:27:06.381222
2026-03-08,CKG,departure,21:45,SHE Shenyang,CZ5356,China Southern,text,Duration: 3h 5m,,True,2026-02-19T09:27:06.381297
2026-03-08,CKG,departure,21:50,FOC Fuzhou,MF8482,XiamenAir,text,Duration: 2h 15m,,True,2026-02-19T09:27:06.381304
2026-03-08,CKG,departure,21:55,SZX Shenzhen,DZ6206,Donghai Airlines,text,Duration: 2h 10m,,True,2026-02-19T09:27:06.381310
2026-03-08,CKG,departure,21:55,NKG Nanjing,SC2305,Shandong Airlines,text,Duration: 1h 55m,,True,2026-02-19T09:27:06.381316
2026-03-08,CKG,departure,21:55,XIY Xian,JD5078,Capital Airlines,text,Duration: 1h 30m,,True,2026-02-19T09:27:06.381322
2026-03-08,CKG,departure,22:05,NTG Nantong,ZH8674,Shenzhen Airlines,text,Duration: 2h 20m,,True,2026-02-19T09:27:06.381327
2026-03-08,CKG,departure,22:10,WUH Wuhan,CA8242,Air China,text,Duration: 1h 55m,,True,2026-02-19T09:27:06.381333
2026-03-08,CKG,departure,22:10,INC Yinchuan,CA4269,Air China,text,Duration: 2h 20m,,True,2026-02-19T09:27:06.381339
2026-03-08,CKG,departure,22:10,SZX Shenzhen,CZ5920,China Southern,text,Duration: 2h 20m,,True,2026-02-19T09:27:06.381345
2026-03-08,CKG,departure,22:15,HFE Hefei,MU5484,China Eastern,text,Duration: 1h 40m,,True,2026-02-19T09:27:06.381351
2026-03-08,CKG,departure,22:20,SJW Shijiazhuang,9C8994,Spring Airlines,text,Duration: 2h 5m,,True,2026-02-19T09:27:06.381434
2026-03-08,CKG,departure,22:20,SZX Shenzhen,9C8616,Spring Airlines,text,Duration: 2h 5m,,True,2026-02-19T09:27:06.381442
2026-03-08,CKG,departure,22:20,ZUH Zhuhai,CZ8260,China Southern,text,Duration: 1h 55m,,True,2026-02-19T09:27:06.381449
2026-03-08,CKG,departure,22:25,KMG Kunming,MU9756,China Eastern,text,Duration: 1h 30m,,True,2026-02-19T09:27:06.381455
2026-03-08,CKG,departure,22:25,HAK Haikou,CZ8690,China Southern,text,Duration: 2h 20m,,True,2026-02-19T09:27:06.381460
2026-03-08,CKG,departure,22:25,LJG Lijiang,JD5610,Capital Airlines,text,Duration: 1h 50m,,True,2026-02-19T09:27:06.381466
2026-03-08,CKG,departure,22:25,SYX Sanya,HU7340,Hainan Airlines,text,Duration: 2h 15m,,True,2026-02-19T09:27:06.381472
2026-03-08,CKG,departure,22:30,NKG Nanjing,MU2836,China Eastern,text,Duration: 2h 10m,,True,2026-02-19T09:27:06.381477
2026-03-08,CKG,departure,22:35,CAN Guangzhou,OQ2130,Chongqing Airlines,text,Duration: 1h 50m,,True,2026-02-19T09:27:06.381483
2026-03-08,CKG,departure,22:40,TNA Jinan,SC8804,Shandong Airlines,text,Duration: 2h 0m,,True,2026-02-19T09:27:06.381489
2026-03-08,CKG,departure,22:40,JJN Jinjiang,MF8486,XiamenAir,text,Duration: 2h 10m,,True,2026-02-19T09:27:06.381587
2026-03-08,CKG,departure,22:50,HAK Haikou,EU2737,Chengdu Airlines,text,Duration: 2h 25m,,True,2026-02-19T09:27:06.381595
2026-03-08,CKG,departure,22:50,LUM Mangshi,DR5312,Ruili Airlines,text,Duration: 2h 20m,,True,2026-02-19T09:27:06.381601
2026-03-08,CKG,departure,22:55,WUH Wuhan,MU2540,China Eastern,text,Duration: 1h 25m,,True,2026-02-19T09:27:06.381606
2026-03-08,CKG,departure,23:00,FOC Fuzhou,EU2268,Chengdu Airlines,text,Duration: 1h 55m,,True,2026-02-19T09:27:06.381612
2026-03-08,CKG,departure,23:00,SYX Sanya,3U3210,Sichuan Airlines,text,Duration: 2h 20m,,True,2026-02-19T09:27:06.381618
2026-03-08,CKG,departure,23:05,CGO Zhengzhou,PN6513,West Air (China),text,Duration: 1h 45m,,True,2026-02-19T09:27:06.381624
2026-03-08,CKG,departure,23:05,CZX Changzhou,MU2786,China Eastern,text,Duration: 1h 55m,,True,2026-02-19T09:27:06.381629
2026-03-08,CKG,departure,23:10,CSX Changsha,BK2924,OkAir,text,Duration: 1h 20m,,True,2026-02-19T09:27:06.381635
2026-03-08,CKG,departure,23:10,WUH Wuhan,CZ5180,China Southern,text,Duration: 1h 40m,,True,2026-02-19T09:27:06.381641
2026-03-08,CKG,departure,23:15,JJN Jinjiang,PN6301,West Air (China),text,Duration: 2h 15m,,True,2026-02-19T09:27:06.381728
2026-03-08,CKG,departure,23:15,TAO Qingdao,MU5254,China Eastern,text,Duration: 2h 25m,,True,2026-02-19T09:27:06.381735
2026-03-08,CKG,departure,23:20,KMG Kunming,8L9674,Lucky Air,text,Duration: 1h 30m,,True,2026-02-19T09:27:06.381741
2026-03-08,CKG,departure,23:20,LJG Lijiang,8L9818,Lucky Air,text,Duration: 1h 45m,,True,2026-02-19T09:27:06.381747
2026-03-08,CKG,departure,23:20,HAK Haikou,GS6599,Tianjin Airlines,text,Duration: 2h 10m,,True,2026-02-19T09:27:06.381753
2026-03-08,CKG,arrival,00:05,FOC Fuzhou,CA4570,Air China,text,Duration: 2h 30m,,True,2026-02-19T09:27:17.819834
2026-03-08,CKG,arrival,00:05,URC Urumqi,GS6592,Tianjin Airlines,text,Duration: 3h 55m,,True,2026-02-19T09:27:17.819845
2026-03-08,CKG,arrival,00:05,YNZ Yancheng,MF8778,XiamenAir,text,Duration: 2h 40m,,True,2026-02-19T09:27:17.819852
2026-03-08,CKG,arrival,00:05,KMG Kunming,OQ2120,Chongqing Airlines,text,Duration: 1h 55m,,True,2026-02-19T09:27:17.819857
2026-03-08,CKG,arrival,00:05,KRL Korla,OQ2018,Chongqing Airlines,text,Duration: 4h 10m,,True,2026-02-19T09:27:17.819862
2026-03-08,CKG,arrival,00:05,NGB Ningbo,OQ2358,Chongqing Airlines,text,Duration: 3h 20m,,True,2026-02-19T09:27:17.819868
2026-03-08,CKG,arrival,00:10,KRL Korla,G54006,Gestair,text,Duration: 3h 55m,,True,2026-02-19T09:27:17.819873
2026-03-08,CKG,arrival,00:10,WDS Shiyan,G54488,Gestair,text,Duration: 1h 30m,,True,2026-02-19T09:27:17.819878
2026-03-08,CKG,arrival,00:10,YZY Zhangye,GS7593,Tianjin Airlines,text,Duration: 2h 35m,,True,2026-02-19T09:27:17.819884
2026-03-08,CKG,arrival,00:10,TSN Tianjin,PN6238,West Air (China),text,Duration: 3h 0m,,True,2026-02-19T09:27:17.819889
2026-03-08,CKG,arrival,00:10,TAO Qingdao,SC4843,Shandong Airlines,text,Duration: 3h 0m,,True,2026-02-19T09:27:17.819998
2026-03-08,CKG,arrival,00:10,DLU Dali City,TV9810,Tibet Airlines,text,Duration: 2h 0m,,True,2026-02-19T09:27:17.820006
2026-03-08,CKG,arrival,00:15,PEK Beijing,3U8834,Sichuan Airlines,text,Duration: 2h 55m,,True,2026-02-19T09:27:17.820011
2026-03-08,CKG,arrival,00:15,HAK Haikou,GS6600,Tianjin Airlines,text,Duration: 2h 20m,,True,2026-02-19T09:27:17.820016
2026-03-08,CKG,arrival,00:15,PVG Shanghai,MU5433,China Eastern,text,Duration: 3h 25m,,True,2026-02-19T09:27:17.820022
2026-03-08,CKG,arrival,00:15,SYX Sanya,OQ2332,Chongqing Airlines,text,Duration: 2h 35m,,True,2026-02-19T09:27:17.820027
2026-03-08,CKG,arrival,00:15,LXA Lhasa/Lasa,TV9720,Tibet Airlines,text,Duration: 2h 45m,,True,2026-02-19T09:27:17.820033
2026-03-08,CKG,arrival,00:20,INC Yinchuan,G54338,Gestair,text,Duration: 2h 0m,,True,2026-02-19T09:27:17.820039
2026-03-08,CKG,arrival,00:20,WEF Weifang,G52774,Gestair,text,Duration: 2h 40m,,True,2026-02-19T09:27:17.820044
2026-03-08,CKG,arrival,00:20,SWA Jieyang,OQ2350,Chongqing Airlines,text,Duration: 2h 45m,,True,2026-02-19T09:27:17.820049
2026-03-08,CKG,arrival,00:25,FOC Fuzhou,3U8106,Sichuan Airlines,text,Duration: 2h 40m,,True,2026-02-19T09:27:17.820133
2026-03-08,CKG,arrival,00:25,NRT Tokyo,CA434,Air China,text,Duration: 5h 55m,,True,2026-02-19T09:27:17.820140
2026-03-08,CKG,arrival,00:30,LJG Lijiang,3U8018,Sichuan Airlines,text,Duration: 1h 30m,,True,2026-02-19T09:27:17.820146
2026-03-08,CKG,arrival,00:30,XIY Xian,GS7665,Tianjin Airlines,text,Duration: 1h 40m,,True,2026-02-19T09:27:17.820151
2026-03-08,CKG,arrival,00:30,SZX Shenzhen,MF8390,XiamenAir,text,Duration: 2h 10m,,True,2026-02-19T09:27:17.820157
2026-03-08,CKG,arrival,00:30,NKG Nanjing,MU2835,China Eastern,text,Duration: 2h 40m,,True,2026-02-19T09:27:17.820162
2026-03-08,CKG,arrival,00:30,CAN Guangzhou,OQ2326,Chongqing Airlines,text,Duration: 2h 10m,,True,2026-02-19T09:27:17.820168
2026-03-08,CKG,arrival,00:30,TNA Jinan,SC8817,Shandong Airlines,text,Duration: 2h 20m,,True,2026-02-19T09:27:17.820174
2026-03-08,CKG,arrival,00:35,SHE Shenyang,HU7102,Hainan Airlines,text,Duration: 4h 10m,,True,2026-02-19T09:27:17.820179
2026-03-08,CKG,arrival,00:35,KHG Kashi,OQ2010,Chongqing Airlines,text,Duration: 4h 55m,,True,2026-02-19T09:27:17.820185
2026-03-08,CKG,arrival,00:35,TYN Taiyuan,PN6540,West Air (China),text,Duration: 2h 15m,,True,2026-02-19T09:27:17.820275
2026-03-08,CKG,arrival,00:45,KUL Kuala Lumpur,D7806,AirAsia X,text,Duration: 4h 45m,,True,2026-02-19T09:27:17.820283
2026-03-08,CKG,arrival,00:45,HYN Taizhou,G54510,Gestair,text,Duration: 3h 0m,,True,2026-02-19T09:27:17.820289
2026-03-08,CKG,arrival,00:45,XMN Xiamen,MF8433,XiamenAir,text,Duration: 2h 40m,,True,2026-02-19T09:27:17.820294
2026-03-08,CKG,arrival,00:50,ENY Yan'an,G52908,Gestair,text,Duration: 1h 45m,,True,2026-02-19T09:27:17.820300
2026-03-08,CKG,arrival,00:50,BHY Beihai,PN6226,West Air (China),text,Duration: 1h 50m,,True,2026-02-19T09:27:17.820305
2026-03-08,CKG,arrival,00:55,SZX Shenzhen,3U8786,Sichuan Airlines,text,Duration: 2h 15m,,True,2026-02-19T09:27:17.820311
2026-03-08,CKG,arrival,00:55,PEK Beijing,HU7367,Hainan Airlines,text,Duration: 2h 50m,,True,2026-02-19T09:27:17.820316
2026-03-08,CKG,arrival,00:55,DLU Dali City,PN6576,West Air (China),text,Duration: 1h 40m,,True,2026-02-19T09:27:17.820322
2026-03-08,CKG,arrival,01:00,LUM Mangshi,3U8092,Sichuan Airlines,text,Duration: 1h 45m,,True,2026-02-19T09:27:17.820327
2026-03-08,CKG,arrival,01:00,HET Hohhot,G54152,Gestair,text,Duration: 2h 30m,,True,2026-02-19T09:27:17.820412
2026-03-08,CKG,arrival,01:00,JHG Jinghong,OQ2374,Chongqing Airlines,text,Duration: 2h 5m,,True,2026-02-19T09:27:17.820418
2026-03-08,CKG,arrival,01:00,NKG Nanjing,ZH9591,Shenzhen Airlines,text,Duration: 2h 25m,,True,2026-02-19T09:27:17.820424
2026-03-08,CKG,arrival,01:05,SWA Jieyang,3U8016,Sichuan Airlines,text,Duration: 2h 45m,,True,2026-02-19T09:27:17.820429
2026-03-08,CKG,arrival,01:05,HTN Hotan,CA4254,Air China,text,Duration: 4h 30m,,True,2026-02-19T09:27:17.820435
2026-03-08,CKG,arrival,01:05,XUZ Xuzhou,G54122,Gestair,text,Duration: 2h 50m,,True,2026-02-19T09:27:17.820440
2026-03-08,CKG,arrival,01:05,HUZ Huizhou,OQ2138,Chongqing Airlines,text,Duration: 2h 0m,,True,2026-02-19T09:27:17.820446
2026-03-08,CKG,arrival,01:05,URC Urumqi,OQ2312,Chongqing Airlines,text,Duration: 4h 5m,,True,2026-02-19T09:27:17.820451
2026-03-08,CKG,arrival,01:15,SIN Singapore,SQ818,Singapore Airlines,text,Duration: 4h 55m,,True,2026-02-19T09:27:17.820456
2026-03-08,CKG,arrival,01:20,ZHA Zhanjiang,CA4360,Air China,text,Duration: 1h 55m,,True,2026-02-19T09:27:17.820462
2026-03-08,CKG,arrival,01:20,SJW Shijiazhuang,PN6336,West Air (China),text,Duration: 2h 35m,,True,2026-02-19T09:27:17.820537
2026-03-08,CKG,arrival,01:20,WNZ Wenzhou,PN6434,West Air (China),text,Duration: 2h 50m,,True,2026-02-19T09:27:17.820544
2026-03-08,CKG,arrival,01:25,PVG Shanghai,PN6438,West Air (China),text,Duration: 2h 55m,,True,2026-02-19T09:27:17.820550
2026-03-08,CKG,arrival,01:30,YIW Yiwu,OQ2392,Chongqing Airlines,text,Duration: 2h 35m,,True,2026-02-19T09:27:17.820555
2026-03-08,CKG,arrival,01:30,HAK Haikou,PN6532,West Air (China),text,Duration: 2h 20m,,True,2026-02-19T09:27:17.820561
2026-03-08,CKG,arrival,01:30,HFE Hefei,PN6416,West Air (China),text,Duration: 2h 15m,,True,2026-02-19T09:27:17.820566
2026-03-08,CKG,arrival,01:30,ZUH Zhuhai,PN6264,West Air (China),text,Duration: 2h 20m,,True,2026-02-19T09:27:17.820571
2026-03-08,CKG,arrival,01:35,CGO Zhengzhou,PN6274,West Air (China),text,Duration: 2h 0m,,True,2026-02-19T09:27:17.820577
2026-03-08,CKG,arrival,01:40,XMN Xiamen,CA4022,Air China,text,Duration: 2h 45m,,True,2026-02-19T09:27:17.820582
2026-03-08,CKG,arrival,01:45,KHN Nanchang,PN6256,West Air (China),text,Duration: 2h 5m,,True,2026-02-19T09:27:17.820588
2026-03-08,CKG,arrival,01:50,KHG Kashi,3U8148,Sichuan Airlines,text,Duration: 4h 25m,,True,2026-02-19T09:27:17.820661
2026-03-08,CKG,arrival,01:50,SWA Jieyang,PN6580,West Air (China),text,Duration: 2h 25m,,True,2026-02-19T09:27:17.820668
2026-03-08,CKG,arrival,01:50,DMK Bangkok,SL930,Thai Lion Air,text,Duration: 3h 5m,,True,2026-02-19T09:27:17.820673
2026-03-08,CKG,arrival,01:55,CAN Guangzhou,PN6206,West Air (China),text,Duration: 2h 15m,,True,2026-02-19T09:27:17.820679
2026-03-08,CKG,arrival,01:55,JJN Jinjiang,PN6418,West Air (China),text,Duration: 2h 40m,,True,2026-02-19T09:27:17.820684
2026-03-08,CKG,arrival,01:55,NGB Ningbo,PN6548,West Air (China),text,Duration: 2h 55m,,True,2026-02-19T09:27:17.820690
2026-03-08,CKG,arrival,01:55,NKG Nanjing,PN6260,West Air (China),text,Duration: 2h 15m,,True,2026-02-19T09:27:17.820696
2026-03-08,CKG,arrival,01:55,SYX Sanya,PN6214,West Air (China),text,Duration: 2h 30m,,True,2026-02-19T09:27:17.820701
2026-03-08,CKG,arrival,01:55,SZX Shenzhen,PN6230,West Air (China),text,Duration: 2h 20m,,True,2026-02-19T09:27:17.820707
2026-03-08,CKG,arrival,02:05,PVG Shanghai,9C6107,Spring Airlines,text,Duration: 3h 5m,,True,2026-02-19T09:27:17.820712
2026-03-08,CKG,arrival,04:40,BRU Brussels,HU470,Hainan Airlines,text,Duration: 10h 20m,,True,2026-02-19T09:27:17.820785
2026-03-08,CKG,arrival,04:40,CDG Paris,HU718,Hainan Airlines,text,Duration: 10h 40m,,True,2026-02-19T09:27:17.820791
2026-03-08,CKG,arrival,05:00,BKK Bangkok,OQ2362,Chongqing Airlines,text,Duration: 3h 30m,,True,2026-02-19T09:27:17.820797
2026-03-08,CKG,arrival,05:05,KUL Kuala Lumpur,3U3774,Sichuan Airlines,text,Duration: 4h 20m,,True,2026-02-19T09:27:17.820803
2026-03-08,CKG,arrival,05:30,CMB Colombo,OQ2394,Chongqing Airlines,text,Duration: 4h 45m,,True,2026-02-19T09:27:17.820808
2026-03-08,CKG,arrival,08:30,KMG Kunming,3U8283,Sichuan Airlines,text,Duration: 1h 25m,,True,2026-02-19T09:27:17.820813
2026-03-08,CKG,arrival,08:30,KMG Kunming,8L9857,Lucky Air,text,Duration: 1h 35m,,True,2026-02-19T09:27:17.820819
2026-03-08,CKG,arrival,08:40,CGO Zhengzhou,PN6514,West Air (China),text,Duration: 2h 0m,,True,2026-02-19T09:27:17.820826
2026-03-08,CKG,arrival,08:45,CSX Changsha,BK2923,OkAir,text,Duration: 1h 45m,,True,2026-02-19T09:27:17.820831
2026-03-08,CKG,arrival,08:50,SZX Shenzhen,9C8613,Spring Airlines,text,Duration: 2h 15m,,True,2026-02-19T09:27:17.820836
2026-03-08,CKG,arrival,08:50,SZX Shenzhen,DZ6205,Donghai Airlines,text,Duration: 2h 10m,,True,2026-02-19T09:27:17.820907
2026-03-08,CKG,arrival,08:55,HGH Hangzhou,GJ8691,Loong Air,text,Duration: 2h 25m,,True,2026-02-19T09:27:17.820914
2026-03-08,CKG,arrival,08:55,CAN Guangzhou,MU5795,China Eastern,text,Duration: 2h 0m,,True,2026-02-19T09:27:17.820919
2026-03-08,CKG,arrival,09:05,CGO Zhengzhou,UQ3509,Urumqi Airlines,text,Duration: 2h 5m,,True,2026-02-19T09:27:17.820924
2026-03-08,CKG,arrival,09:10,CAN Guangzhou,3U8750,Sichuan Airlines,text,Duration: 2h 0m,,True,2026-02-19T09:27:17.820930
2026-03-08,CKG,arrival,09:10,XIY Xian,MU2261,China Eastern,text,Duration: 1h 30m,,True,2026-02-19T09:27:17.820935
2026-03-08,CKG,arrival,09:15,BAV Baotou,G54180,Gestair,text,Duration: 2h 15m,,True,2026-02-19T09:27:17.820940
2026-03-08,CKG,arrival,09:15,CAN Guangzhou,JD5227,Capital Airlines,text,Duration: 2h 20m,,True,2026-02-19T09:27:17.820946
2026-03-08,CKG,arrival,09:20,TSN Tianjin,GS7773,Tianjin Airlines,text,Duration: 2h 55m,,True,2026-02-19T09:27:17.820952
2026-03-08,CKG,arrival,09:20,JNG Jining,GX8892,GX Airlines,text,Duration: 2h 20m,,True,2026-02-19T09:27:17.820957
2026-03-08,CKG,arrival,09:30,CGO Zhengzhou,CZ3619,China Southern,text,Duration: 2h 5m,,True,2026-02-19T09:27:17.821029
2026-03-08,CKG,arrival,09:30,CZX Changzhou,MU2903,China Eastern,text,Duration: 2h 30m,,True,2026-02-19T09:27:17.821036
2026-03-08,CKG,arrival,09:35,INC Yinchuan,CA4270,Air China,text,Duration: 1h 55m,,True,2026-02-19T09:27:17.821042
2026-03-08,CKG,arrival,09:35,LUM Mangshi,DR5311,Ruili Airlines,text,Duration: 1h 55m,,True,2026-02-19T09:27:17.821048
2026-03-08,CKG,arrival,09:35,TNA Jinan,SC8801,Shandong Airlines,text,Duration: 2h 35m,,True,2026-02-19T09:27:17.821054
2026-03-08,CKG,arrival,09:40,YTY Yangzhou,9C6195,Spring Airlines,text,Duration: 2h 35m,,True,2026-02-19T09:27:17.821059
2026-03-08,CKG,arrival,09:40,HGH Hangzhou,CA1759,Air China,text,Duration: 2h 30m,,True,2026-02-19T09:27:17.821065
2026-03-08,CKG,arrival,09:40,WUX Wuxi,MU9765,China Eastern,text,Duration: 2h 30m,,True,2026-02-19T09:27:17.821070
2026-03-08,CKG,arrival,09:40,KHN Nanchang,ZH8845,Shenzhen Airlines,text,Duration: 2h 15m,,True,2026-02-19T09:27:17.821076
2026-03-08,CKG,arrival,09:45,NNG Nanning,CZ6797,China Southern,text,Duration: 1h 45m,,True,2026-02-19T09:27:17.821082
2026-03-08,CKG,arrival,09:50,PEK Beijing,CA1437,Air China,text,Duration: 2h 55m,,True,2026-02-19T09:27:17.821155
2026-03-08,CKG,arrival,09:50,SZX Shenzhen,CA4368,Air China,text,Duration: 2h 25m,,True,2026-02-19T09:27:17.821162
2026-03-08,CKG,arrival,09:50,JJN Jinjiang,MF8611,XiamenAir,text,Duration: 2h 50m,,True,2026-02-19T09:27:17.821168
2026-03-08,CKG,arrival,09:50,XMN Xiamen,SC2135,Shandong Airlines,text,Duration: 2h 55m,,True,2026-02-19T09:27:17.821173
2026-03-08,CKG,arrival,09:55,CAN Guangzhou,CA4354,Air China,text,Duration: 2h 20m,,True,2026-02-19T09:27:17.821179
2026-03-08,CKG,arrival,09:55,WNZ Wenzhou,CA8303,Air China,text,Duration: 2h 35m,,True,2026-02-19T09:27:17.821184
2026-03-08,CKG,arrival,09:55,HAK Haikou,HU7171,Hainan Airlines,text,Duration: 2h 25m,,True,2026-02-19T09:27:17.821190
2026-03-08,CKG,arrival,09:55,XMN Xiamen,MF8403,XiamenAir,text,Duration: 3h 10m,,True,2026-02-19T09:27:17.821195
2026-03-08,CKG,arrival,09:55,PKX Beijing,MU6681,China Eastern,text,Duration: 2h 55m,,True,2026-02-19T09:27:17.821200
2026-03-08,CKG,arrival,10:00,NKG Nanjing,HO1707,Juneyao Airlines,text,Duration: 2h 40m,,True,2026-02-19T09:27:17.821206
2026-03-08,CKG,arrival,10:00,TYN Taiyuan,MU9833,China Eastern,text,Duration: 2h 0m,,True,2026-02-19T09:27:17.821278
2026-03-08,CKG,arrival,10:10,PKX Beijing,MU6845,China Eastern,text,Duration: 2h 40m,,True,2026-02-19T09:27:17.821285
2026-03-08,CKG,arrival,10:10,TAO Qingdao,SC4831,Shandong Airlines,text,Duration: 3h 0m,,True,2026-02-19T09:27:17.821291
2026-03-08,CKG,arrival,10:10,SZX Shenzhen,ZH9461,Shenzhen Airlines,text,Duration: 2h 20m,,True,2026-02-19T09:27:17.821296
2026-03-08,CKG,arrival,10:15,SYX Sanya,HU7349,Hainan Airlines,text,Duration: 2h 25m,,True,2026-02-19T09:27:17.821301
2026-03-08,CKG,arrival,10:20,TSN Tianjin,CA2861,Air China,text,Duration: 2h 55m,,True,2026-02-19T09:27:17.821306
2026-03-08,CKG,arrival,10:20,PKX Beijing,CZ8917,China Southern,text,Duration: 2h 55m,,True,2026-02-19T09:27:17.821312
2026-03-08,CKG,arrival,10:20,DMK Bangkok,FD556,Thai AirAsia,text,Duration: 3h 5m,,True,2026-02-19T09:27:17.821317
2026-03-08,CKG,arrival,10:20,PKX Beijing,JD5755,Capital Airlines,text,Duration: 2h 45m,,True,2026-02-19T09:27:17.821323
2026-03-08,CKG,arrival,10:25,PVG Shanghai,CA8543,Air China,text,Duration: 3h 0m,,True,2026-02-19T09:27:17.821328
2026-03-08,CKG,arrival,10:25,WUH Wuhan,CZ5753,China Southern,text,Duration: 1h 55m,,True,2026-02-19T09:27:17.821399
2026-03-08,CKG,arrival,10:30,HAK Haikou,CZ6313,China Southern,text,Duration: 2h 25m,,True,2026-02-19T09:27:17.821406
2026-03-08,CKG,arrival,10:30,PVG Shanghai,HO1249,Juneyao Airlines,text,Duration: 3h 15m,,True,2026-02-19T09:27:17.821411
2026-03-08,CKG,arrival,10:30,HFE Hefei,MU5483,China Eastern,text,Duration: 2h 15m,,True,2026-02-19T09:27:17.821416
2026-03-08,CKG,arrival,10:35,SZX Shenzhen,CZ3465,China Southern,text,Duration: 2h 35m,,True,2026-02-19T09:27:17.821422
2026-03-08,CKG,arrival,10:35,NKG Nanjing,MU2925,China Eastern,text,Duration: 2h 40m,,True,2026-02-19T09:27:17.821427
2026-03-08,CKG,arrival,10:35,SJW Shijiazhuang,NS3239,Hebei Airlines,text,Duration: 2h 25m,,True,2026-02-19T09:27:17.821432
2026-03-08,CKG,arrival,10:40,PEK Beijing,CA1431,Air China,text,Duration: 2h 45m,,True,2026-02-19T09:27:17.821437
2026-03-08,CKG,arrival,10:40,YIW Yiwu,CZ3887,China Southern,text,Duration: 2h 40m,,True,2026-02-19T09:27:17.821443
2026-03-08,CKG,arrival,10:40,HYN Taizhou,OQ2014,Chongqing Airlines,text,Duration: 2h 55m,,True,2026-02-19T09:27:17.821449
2026-03-08,CKG,arrival,10:45,HGH Hangzhou,3U3179,Sichuan Airlines,text,Duration: 2h 50m,,True,2026-02-19T09:27:17.821525
2026-03-08,CKG,arrival,10:45,SWA Jieyang,CZ3859,China Southern,text,Duration: 2h 50m,,True,2026-02-19T09:27:17.821532
2026-03-08,CKG,arrival,10:45,WNZ Wenzhou,KN5297,China United Airlines,text,Duration: 2h 55m,,True,2026-02-19T09:27:17.821537
2026-03-08,CKG,arrival,10:50,FOC Fuzhou,MF8487,XiamenAir,text,Duration: 2h 50m,,True,2026-02-19T09:27:17.821543
2026-03-08,CKG,arrival,10:50,HUZ Huizhou,OQ2344,Chongqing Airlines,text,Duration: 2h 30m,,True,2026-02-19T09:27:17.821548
2026-03-08,CKG,arrival,10:55,SHA Shanghai,9C8897,Spring Airlines,text,Duration: 3h 5m,,True,2026-02-19T09:27:17.821553
2026-03-08,CKG,arrival,10:55,DLC Dalian,CZ5749,China Southern,text,Duration: 3h 20m,,True,2026-02-19T09:27:17.821558
2026-03-08,CKG,arrival,10:55,SHA Shanghai,MU5421,China Eastern,text,Duration: 3h 0m,,True,2026-02-19T09:27:17.821563
2026-03-08,CKG,arrival,11:00,SYX Sanya,3U3209,Sichuan Airlines,text,Duration: 2h 25m,,True,2026-02-19T09:27:17.821569
2026-03-08,CKG,arrival,11:00,PEK Beijing,HU7167,Hainan Airlines,text,Duration: 2h 45m,,True,2026-02-19T09:27:17.821574
2026-03-08,CKG,arrival,11:00,WUX Wuxi,ZH9551,Shenzhen Airlines,text,Duration: 2h 40m,,True,2026-02-19T09:27:17.821646
2026-03-08,CKG,arrival,11:05,ZUH Zhuhai,CZ8285,China Southern,text,Duration: 2h 25m,,True,2026-02-19T09:27:17.821653
2026-03-08,CKG,arrival,11:05,FOC Fuzhou,EU2267,Chengdu Airlines,text,Duration: 3h 10m,,True,2026-02-19T09:27:17.821658
2026-03-08,CKG,arrival,11:05,BPX Bangda,PN6216,West Air (China),text,Duration: 1h 40m,,True,2026-02-19T09:27:17.821663
2026-03-08,CKG,arrival,11:10,TNA Jinan,3U3551,Sichuan Airlines,text,Duration: 2h 35m,,True,2026-02-19T09:27:17.821668
2026-03-08,CKG,arrival,11:10,HAK Haikou,EU2738,Chengdu Airlines,text,Duration: 2h 5m,,True,2026-02-19T09:27:17.821674
2026-03-08,CKG,arrival,11:20,NTG Nantong,ZH8671,Shenzhen Airlines,text,Duration: 2h 50m,,True,2026-02-19T09:27:17.821679
2026-03-08,CKG,arrival,11:25,PKX Beijing,OQ2002,Chongqing Airlines,text,Duration: 3h 0m,,True,2026-02-19T09:27:17.821684
2026-03-08,CKG,arrival,11:25,TNA Jinan,SC8803,Shandong Airlines,text,Duration: 2h 25m,,True,2026-02-19T09:27:17.821690
2026-03-08,CKG,arrival,11:30,DXB Dubai,CA452,Air China,text,Duration: 6h 30m,,True,2026-02-19T09:27:17.821697
2026-03-08,CKG,arrival,11:30,CGO Zhengzhou,CZ3479,China Southern,text,Duration: 2h 5m,,True,2026-02-19T09:27:17.821769
2026-03-08,CKG,arrival,11:40,SZX Shenzhen,HU7157,Hainan Airlines,text,Duration: 2h 25m,,True,2026-02-19T09:27:17.821776
2026-03-08,CKG,arrival,11:40,NKG Nanjing,MU2663,China Eastern,text,Duration: 2h 35m,,True,2026-02-19T09:27:17.821781
2026-03-08,CKG,arrival,11:40,LJG Lijiang,PN6240,West Air (China),text,Duration: 1h 45m,,True,2026-02-19T09:27:17.821786
2026-03-08,CKG,arrival,11:45,NNG Nanning,3U8138,Sichuan Airlines,text,Duration: 1h 55m,,True,2026-02-19T09:27:17.821792
2026-03-08,CKG,arrival,11:45,XNN Xining,3U8074,Sichuan Airlines,text,Duration: 2h 5m,,True,2026-02-19T09:27:17.821798
2026-03-08,CKG,arrival,11:45,PVG Shanghai,9C7297,Spring Airlines,text,Duration: 2h 45m,,True,2026-02-19T09:27:17.821803
2026-03-08,CKG,arrival,11:45,HGH Hangzhou,MF8471,XiamenAir,text,Duration: 2h 40m,,True,2026-02-19T09:27:17.821808
2026-03-08,CKG,arrival,11:50,PEK Beijing,CA1429,Air China,text,Duration: 2h 50m,,True,2026-02-19T09:27:17.821814
2026-03-08,CKG,arrival,11:50,YYA Yueyang,GY7267,Colorful GuiZhou Airlines,text,Duration: 1h 25m,,True,2026-02-19T09:27:17.821819
2026-03-08,CKG,arrival,11:50,BPX Bangda,TV9908,Tibet Airlines,text,Duration: 1h 50m,,True,2026-02-19T09:27:17.821891
2026-03-08,CKG,arrival,11:55,CZX Changzhou,3U8098,Sichuan Airlines,text,Duration: 2h 25m,,True,2026-02-19T09:27:17.821898
2026-03-08,CKG,arrival,11:55,KHN Nanchang,CA4562,Air China,text,Duration: 1h 45m,,True,2026-02-19T09:27:17.821903
2026-03-08,CKG,arrival,11:55,CAN Guangzhou,CZ3405,China Southern,text,Duration: 2h 20m,,True,2026-02-19T09:27:17.821908
2026-03-08,CKG,arrival,12:00,JHG Jinghong,3U8080,Sichuan Airlines,text,Duration: 2h 5m,,True,2026-02-19T09:27:17.821914
2026-03-08,CKG,arrival,12:00,PVG Shanghai,MU5423,China Eastern,text,Duration: 2h 45m,,True,2026-02-19T09:27:17.821919
2026-03-08,CKG,arrival,12:00,TAO Qingdao,SC4833,Shandong Airlines,text,Duration: 3h 10m,,True,2026-02-19T09:27:17.821925
2026-03-08,CKG,arrival,12:05,SJW Shijiazhuang,PN6350,West Air (China),text,Duration: 2h 35m,,True,2026-02-19T09:27:17.821930
2026-03-08,CKG,arrival,12:05,TYN Taiyuan,PN6476,West Air (China),text,Duration: 2h 15m,,True,2026-02-19T09:27:17.821935
2026-03-08,CKG,arrival,12:10,CAN Guangzhou,3U8746,Sichuan Airlines,text,Duration: 2h 0m,,True,2026-02-19T09:27:17.821941
2026-03-08,CKG,arrival,12:10,XUZ Xuzhou,G52808,Gestair,text,Duration: 2h 35m,,True,2026-02-19T09:27:17.822012
2026-03-08,CKG,arrival,12:15,YTY Yangzhou,3U8168,Sichuan Airlines,text,Duration: 2h 35m,,True,2026-02-19T09:27:17.822019
2026-03-08,CKG,arrival,12:15,HAK Haikou,HU6277,Hainan Airlines,text,Duration: 2h 20m,,True,2026-02-19T09:27:17.822024
2026-03-08,CKG,arrival,12:15,FOC Fuzhou,PN6276,West Air (China),text,Duration: 2h 55m,,True,2026-02-19T09:27:17.822030
2026-03-08,CKG,arrival,12:20,AKU Aksu,G54683,Gestair,text,Duration: 4h 10m,,True,2026-02-19T09:27:17.822036
2026-03-08,CKG,arrival,12:20,CAN Guangzhou,HU6141,Hainan Airlines,text,Duration: 2h 25m,,True,2026-02-19T09:27:17.822042
2026-03-08,CKG,arrival,12:20,LZY Nyingchi,PN6212,West Air (China),text,Duration: 2h 35m,,True,2026-02-19T09:27:17.822047
2026-03-08,CKG,arrival,12:25,CAN Guangzhou,CA4362,Air China,text,Duration: 2h 10m,,True,2026-02-19T09:27:17.822052
2026-03-08,CKG,arrival,12:25,LXA Lhasa/Lasa,CA4419,Air China,text,Duration: 2h 25m,,True,2026-02-19T09:27:17.822058
2026-03-08,CKG,arrival,12:25,XIY Xian,OQ2304,Chongqing Airlines,text,Duration: 1h 30m,,True,2026-02-19T09:27:17.822064
2026-03-08,CKG,arrival,12:30,ZUH Zhuhai,3U8048,Sichuan Airlines,text,Duration: 2h 35m,,True,2026-02-19T09:27:17.822135
2026-03-08,CKG,arrival,12:30,SZX Shenzhen,CA4344,Air China,text,Duration: 2h 20m,,True,2026-02-19T09:27:17.822141
2026-03-08,CKG,arrival,12:35,SWA Jieyang,3U8002,Sichuan Airlines,text,Duration: 2h 35m,,True,2026-02-19T09:27:17.822147
2026-03-08,CKG,arrival,12:35,CGQ Changchun,CZ6363,China Southern,text,Duration: 4h 25m,,True,2026-02-19T09:27:17.822152
2026-03-08,CKG,arrival,12:35,SHA Shanghai,MU9195,China Eastern,text,Duration: 2h 55m,,True,2026-02-19T09:27:17.822158
2026-03-08,CKG,arrival,12:35,HAK Haikou,PN6208,West Air (China),text,Duration: 2h 25m,,True,2026-02-19T09:27:17.822163
2026-03-08,CKG,arrival,12:35,HUZ Huizhou,PN6298,West Air (China),text,Duration: 2h 25m,,True,2026-02-19T09:27:17.822168
2026-03-08,CKG,arrival,12:45,SHE Shenyang,CZ6403,China Southern,text,Duration: 4h 15m,,True,2026-02-19T09:27:17.822174
2026-03-08,CKG,arrival,12:50,HET Hohhot,CA4008,Air China,text,Duration: 2h 20m,,True,2026-02-19T09:27:17.822179
2026-03-08,CKG,arrival,12:50,HAK Haikou,OQ2342,Chongqing Airlines,text,Duration: 2h 15m,,True,2026-02-19T09:27:17.822184
2026-03-08,CKG,arrival,12:50,WHA Wuhu,OQ2034,Chongqing Airlines,text,Duration: 2h 20m,,True,2026-02-19T09:27:17.822255
2026-03-08,CKG,arrival,12:55,YIW Yiwu,GY7277,Colorful GuiZhou Airlines,text,Duration: 2h 35m,,True,2026-02-19T09:27:17.822262
2026-03-08,CKG,arrival,13:00,YNZ Yancheng,G52822,Gestair,text,Duration: 2h 45m,,True,2026-02-19T09:27:17.822268
2026-03-08,CKG,arrival,13:00,LZY Nyingchi,TV9870,Tibet Airlines,text,Duration: 2h 0m,,True,2026-02-19T09:27:17.822273
2026-03-08,CKG,arrival,13:05,SZX Shenzhen,3U8782,Sichuan Airlines,text,Duration: 2h 25m,,True,2026-02-19T09:27:17.822278
2026-03-08,CKG,arrival,13:05,LYG Lianyungang,G52836,Gestair,text,Duration: 2h 45m,,True,2026-02-19T09:27:17.822283
2026-03-08,CKG,arrival,13:05,NGB Ningbo,GJ8397,Loong Air,text,Duration: 3h 0m,,True,2026-02-19T09:27:17.822288
2026-03-08,CKG,arrival,13:05,KMG Kunming,MU5865,China Eastern,text,Duration: 1h 40m,,True,2026-02-19T09:27:17.822294
2026-03-08,CKG,arrival,13:10,HFE Hefei,3U8198,Sichuan Airlines,text,Duration: 1h 45m,,True,2026-02-19T09:27:17.822299
2026-03-08,CKG,arrival,13:10,SHA Shanghai,MU5425,China Eastern,text,Duration: 3h 10m,,True,2026-02-19T09:27:17.822304
2026-03-08,CKG,arrival,13:20,URC Urumqi,CZ6985,China Southern,text,Duration: 3h 50m,,True,2026-02-19T09:27:17.822374
2026-03-08,CKG,arrival,13:20,ZUH Zhuhai,CZ5725,China Southern,text,Duration: 2h 20m,,True,2026-02-19T09:27:17.822382
2026-03-08,CKG,arrival,13:20,LXA Lhasa/Lasa,TV9814,Tibet Airlines,text,Duration: 2h 30m,,True,2026-02-19T09:27:17.822387
2026-03-08,CKG,arrival,13:25,TSN Tianjin,3U8014,Sichuan Airlines,text,Duration: 3h 0m,,True,2026-02-19T09:27:17.822392
2026-03-08,CKG,arrival,13:25,NKG Nanjing,HU6328,Hainan Airlines,text,Duration: 2h 45m,,True,2026-02-19T09:27:17.822398
2026-03-08,CKG,arrival,13:25,SZX Shenzhen,HU6457,Hainan Airlines,text,Duration: 2h 25m,,True,2026-02-19T09:27:17.822403
2026-03-08,CKG,arrival,13:25,LZY Nyingchi,OQ2044,Chongqing Airlines,text,Duration: 2h 10m,,True,2026-02-19T09:27:17.822408
2026-03-08,CKG,arrival,13:25,SZX Shenzhen,OQ2336,Chongqing Airlines,text,Duration: 2h 40m,,True,2026-02-19T09:27:17.822413
2026-03-08,CKG,arrival,13:30,HGH Hangzhou,3U8082,Sichuan Airlines,text,Duration: 2h 55m,,True,2026-02-19T09:27:17.822419
2026-03-08,CKG,arrival,13:35,DLU Dali City,OQ2348,Chongqing Airlines,text,Duration: 1h 35m,,True,2026-02-19T09:27:17.822425
2026-03-08,CKG,arrival,13:45,FOC Fuzhou,MF8461,XiamenAir,text,Duration: 2h 55m,,True,2026-02-19T09:27:17.822496
2026-03-08,CKG,arrival,13:45,SZX Shenzhen,ZH9463,Shenzhen Airlines,text,Duration: 2h 25m,,True,2026-02-19T09:27:17.822503
2026-03-08,CKG,arrival,13:50,BHY Beihai,3U8124,Sichuan Airlines,text,Duration: 1h 50m,,True,2026-02-19T09:27:17.822509
2026-03-08,CKG,arrival,13:50,WNZ Wenzhou,3U8022,Sichuan Airlines,text,Duration: 2h 35m,,True,2026-02-19T09:27:17.822514
2026-03-08,CKG,arrival,13:55,NGB Ningbo,CA4550,Air China,text,Duration: 2h 40m,,True,2026-02-19T09:27:17.822519
2026-03-08,CKG,arrival,13:55,PEK Beijing,CA4148,Air China,text,Duration: 2h 55m,,True,2026-02-19T09:27:17.822524
2026-03-08,CKG,arrival,13:55,CAN Guangzhou,HU7341,Hainan Airlines,text,Duration: 2h 15m,,True,2026-02-19T09:27:17.822530
2026-03-08,CKG,arrival,13:55,XMN Xiamen,MF8413,XiamenAir,text,Duration: 2h 45m,,True,2026-02-19T09:27:17.822535
2026-03-08,CKG,arrival,13:55,TSN Tianjin,OQ2082,Chongqing Airlines,text,Duration: 3h 15m,,True,2026-02-19T09:27:17.822541
2026-03-08,CKG,arrival,14:00,CAN Guangzhou,OQ2306,Chongqing Airlines,text,Duration: 2h 20m,,True,2026-02-19T09:27:17.822546
2026-03-08,CKG,arrival,14:05,WUX Wuxi,HO2013,Juneyao Airlines,text,Duration: 2h 45m,,True,2026-02-19T09:27:17.822617
2026-03-08,CKG,arrival,14:05,DLU Dali City,PN6512,West Air (China),text,Duration: 1h 45m,,True,2026-02-19T09:27:17.822624
2026-03-08,CKG,arrival,14:10,INC Yinchuan,3U8284,Sichuan Airlines,text,Duration: 1h 45m,,True,2026-02-19T09:27:17.822630
2026-03-08,CKG,arrival,14:15,SHA Shanghai,CA4544,Air China,text,Duration: 3h 0m,,True,2026-02-19T09:27:17.822635
2026-03-08,CKG,arrival,14:15,XMN Xiamen,CA4566,Air China,text,Duration: 2h 50m,,True,2026-02-19T09:27:17.822641
2026-03-08,CKG,arrival,14:15,HAK Haikou,HU7271,Hainan Airlines,text,Duration: 2h 15m,,True,2026-02-19T09:27:17.822646
2026-03-08,CKG,arrival,14:15,MFM Macau,NX182,Air Macau,text,Duration: 2h 30m,,True,2026-02-19T09:27:17.822651
2026-03-08,CKG,arrival,14:20,SZX Shenzhen,CZ3455,China Southern,text,Duration: 2h 25m,,True,2026-02-19T09:27:17.822656
2026-03-08,CKG,arrival,14:20,PVG Shanghai,FM7347,Shanghai Airlines,text,Duration: 3h 15m,,True,2026-02-19T09:27:17.822662
2026-03-08,CKG,arrival,14:20,JJN Jinjiang,MF8465,XiamenAir,text,Duration: 2h 45m,,True,2026-02-19T09:27:17.822668
2026-03-08,CKG,arrival,14:25,NGB Ningbo,9C7470,Spring Airlines,text,Duration: 3h 5m,,True,2026-02-19T09:27:17.822738
2026-03-08,CKG,arrival,14:25,SWA Jieyang,PN6306,West Air (China),text,Duration: 2h 45m,,True,2026-02-19T09:27:17.822745
2026-03-08,CKG,arrival,14:35,LZY Nyingchi,3U8030,Sichuan Airlines,text,Duration: 2h 10m,,True,2026-02-19T09:27:17.822750
2026-03-08,CKG,arrival,14:35,XIC Xichang,G54516,Gestair,text,Duration: 1h 30m,,True,2026-02-19T09:27:17.822757
2026-03-08,CKG,arrival,14:35,SHA Shanghai,MU5427,China Eastern,text,Duration: 2h 55m,,True,2026-02-19T09:27:17.822762
2026-03-08,CKG,arrival,14:35,PKX Beijing,OQ2147,Chongqing Airlines,text,Duration: 2h 55m,,True,2026-02-19T09:27:17.822767
2026-03-08,CKG,arrival,14:40,SWA Jieyang,PN6386,West Air (China),text,Duration: 2h 35m,,True,2026-02-19T09:27:17.822773
2026-03-08,CKG,arrival,14:45,KRL Korla,3U8142,Sichuan Airlines,text,Duration: 3h 20m,,True,2026-02-19T09:27:17.822779
2026-03-08,CKG,arrival,14:45,WUH Wuhan,CZ6291,China Southern,text,Duration: 1h 50m,,True,2026-02-19T09:27:17.822784
2026-03-08,CKG,arrival,14:45,TEN Tongren,G54662,Gestair,text,Duration: 1h 20m,,True,2026-02-19T09:27:17.822789
2026-03-08,CKG,arrival,14:45,LYA Luoyang,QW6053,Qingdao Airlines,text,Duration: 1h 45m,,True,2026-02-19T09:27:17.822859
2026-03-08,CKG,arrival,14:50,YCU Yuncheng,MF8786,XiamenAir,text,Duration: 1h 50m,,True,2026-02-19T09:27:17.822866
2026-03-08,CKG,arrival,14:55,PEK Beijing,CA4132,Air China,text,Duration: 3h 0m,,True,2026-02-19T09:27:17.822871
2026-03-08,CKG,arrival,14:55,ZAT Zhaotong,G54604,Gestair,text,Duration: 1h 5m,,True,2026-02-19T09:27:17.822877
2026-03-08,CKG,arrival,14:55,PVG Shanghai,HU7493,Hainan Airlines,text,Duration: 3h 10m,,True,2026-02-19T09:27:17.822882
2026-03-08,CKG,arrival,15:00,LXA Lhasa/Lasa,3U8634,Sichuan Airlines,text,Duration: 2h 35m,,True,2026-02-19T09:27:17.822888
2026-03-08,CKG,arrival,15:00,HGH Hangzhou,CA4554,Air China,text,Duration: 3h 0m,,True,2026-02-19T09:27:17.822894
2026-03-08,CKG,arrival,15:00,LIJ Lishui,HU7404,Hainan Airlines,text,Duration: 3h 10m,,True,2026-02-19T09:27:17.822899
2026-03-08,CKG,arrival,15:00,NKG Nanjing,OQ2322,Chongqing Airlines,text,Duration: 2h 55m,,True,2026-02-19T09:27:17.822904
2026-03-08,CKG,arrival,15:05,TVS Tangshan,GT1077,Air Guilin,text,Duration: 3h 5m,,True,2026-02-19T09:27:17.822910
2026-03-08,CKG,arrival,15:05,PKX Beijing,MF8453,XiamenAir,text,Duration: 2h 45m,,True,2026-02-19T09:27:17.822981
2026-03-08,CKG,arrival,15:05,IQN Qingyang,NS8067,Hebei Airlines,text,Duration: 1h 50m,,True,2026-02-19T09:27:17.822988
2026-03-08,CKG,arrival,15:05,HFE Hefei,PN6572,West Air (China),text,Duration: 2h 15m,,True,2026-02-19T09:27:17.822993
2026-03-08,CKG,arrival,15:15,KMG Kunming,MU5855,China Eastern,text,Duration: 1h 40m,,True,2026-02-19T09:27:17.822999
2026-03-08,CKG,arrival,15:15,PVG Shanghai,OQ2308,Chongqing Airlines,text,Duration: 3h 15m,,True,2026-02-19T09:27:17.823005
2026-03-08,CKG,arrival,15:20,WNZ Wenzhou,SC2312,Shandong Airlines,text,Duration: 2h 45m,,True,2026-02-19T09:27:17.823010
2026-03-08,CKG,arrival,15:20,KHN Nanchang,ZH8853,Shenzhen Airlines,text,Duration: 2h 5m,,True,2026-02-19T09:27:17.823016
2026-03-08,CKG,arrival,15:25,TYN Taiyuan,3U8058,Sichuan Airlines,text,Duration: 2h 15m,,True,2026-02-19T09:27:17.823022
2026-03-08,CKG,arrival,15:25,CIH Changzhi,G52720,Gestair,text,Duration: 2h 0m,,True,2026-02-19T09:27:17.823028
2026-03-08,CKG,arrival,15:35,HAK Haikou,CA4380,Air China,text,Duration: 2h 5m,,True,2026-02-19T09:27:17.823033
2026-03-08,CKG,arrival,15:40,LJG Lijiang,8L9817,Lucky Air,text,Duration: 1h 35m,,True,2026-02-19T09:27:17.823105
2026-03-08,CKG,arrival,15:40,PEK Beijing,CA4138,Air China,text,Duration: 3h 0m,,True,2026-02-19T09:27:17.823112
2026-03-08,CKG,arrival,15:40,HGH Hangzhou,MF8473,XiamenAir,text,Duration: 3h 0m,,True,2026-02-19T09:27:17.823118
2026-03-08,CKG,arrival,15:45,ZHA Zhanjiang,CA4364,Air China,text,Duration: 2h 0m,,True,2026-02-19T09:27:17.823123
2026-03-08,CKG,arrival,15:45,CSX Changsha,CZ3421,China Southern,text,Duration: 1h 45m,,True,2026-02-19T09:27:17.823129
2026-03-08,CKG,arrival,15:45,HAK Haikou,HU7371,Hainan Airlines,text,Duration: 2h 15m,,True,2026-02-19T09:27:17.823135
2026-03-08,CKG,arrival,15:45,PVG Shanghai,PN6374,West Air (China),text,Duration: 3h 5m,,True,2026-02-19T09:27:17.823140
2026-03-08,CKG,arrival,15:50,PVG Shanghai,CA4576,Air China,text,Duration: 2h 50m,,True,2026-02-19T09:27:17.823146
2026-03-08,CKG,arrival,15:50,UYN Yulin,GX8882,GX Airlines,text,Duration: 1h 50m,,True,2026-02-19T09:27:17.823151
2026-03-08,CKG,arrival,15:50,SHA Shanghai,MU5429,China Eastern,text,Duration: 2h 55m,,True,2026-02-19T09:27:17.823158
2026-03-08,CKG,arrival,15:50,WUH Wuhan,MU2539,China Eastern,text,Duration: 1h 45m,,True,2026-02-19T09:27:17.823228
2026-03-08,CKG,arrival,15:55,SHE Shenyang,3U8038,Sichuan Airlines,text,Duration: 3h 50m,,True,2026-02-19T09:27:17.823235
2026-03-08,CKG,arrival,15:55,HFE Hefei,CA4564,Air China,text,Duration: 2h 5m,,True,2026-02-19T09:27:17.823240
2026-03-08,CKG,arrival,15:55,LHR London,GS7966,Tianjin Airlines,text,Duration: 10h 55m,,True,2026-02-19T09:27:17.823246
2026-03-08,CKG,arrival,15:55,HCZ Chenzhou,PN6292,West Air (China),text,Duration: 1h 55m,,True,2026-02-19T09:27:17.823251
2026-03-08,CKG,arrival,16:00,TSN Tianjin,CA4002,Air China,text,Duration: 3h 0m,,True,2026-02-19T09:27:17.823257
2026-03-08,CKG,arrival,16:00,CAN Guangzhou,CZ3425,China Southern,text,Duration: 2h 25m,,True,2026-02-19T09:27:17.823262
2026-03-08,CKG,arrival,16:05,HKG Hong Kong,CX966,Cathay Pacific,text,Duration: 2h 40m,,True,2026-02-19T09:27:17.823267
2026-03-08,CKG,arrival,16:05,YNT Yantai,QW6031,Qingdao Airlines,text,Duration: 3h 10m,,True,2026-02-19T09:27:17.823273
2026-03-08,CKG,arrival,16:10,HRB Harbin,3U8166,Sichuan Airlines,text,Duration: 4h 20m,,True,2026-02-19T09:27:17.823278
2026-03-08,CKG,arrival,16:10,CAN Guangzhou,CA4348,Air China,text,Duration: 2h 15m,,True,2026-02-19T09:27:17.823349
2026-03-08,CKG,arrival,16:15,SZX Shenzhen,9C8615,Spring Airlines,text,Duration: 2h 20m,,True,2026-02-19T09:27:17.823356
2026-03-08,CKG,arrival,16:15,SHE Shenyang,CZ6469,China Southern,text,Duration: 4h 15m,,True,2026-02-19T09:27:17.823362
2026-03-08,CKG,arrival,16:15,BKK Bangkok,HU424,Hainan Airlines,text,Duration: 3h 30m,,True,2026-02-19T09:27:17.823367
2026-03-08,CKG,arrival,16:20,PKX Beijing,CZ8815,China Southern,text,Duration: 2h 55m,,True,2026-02-19T09:27:17.823372
2026-03-08,CKG,arrival,16:20,DSN Dongsheng,G54390,Gestair,text,Duration: 2h 10m,,True,2026-02-19T09:27:17.823378
2026-03-08,CKG,arrival,16:25,CAN Guangzhou,AQ1101,9 Air,text,Duration: 2h 15m,,True,2026-02-19T09:27:17.823383
2026-03-08,CKG,arrival,16:25,HRB Harbin,CA4012,Air China,text,Duration: 4h 25m,,True,2026-02-19T09:27:17.823388
2026-03-08,CKG,arrival,16:30,PVG Shanghai,HO1241,Juneyao Airlines,text,Duration: 3h 15m,,True,2026-02-19T09:27:17.823393
2026-03-08,CKG,arrival,16:35,NKG Nanjing,MU2737,China Eastern,text,Duration: 2h 30m,,True,2026-02-19T09:27:17.823399
2026-03-08,CKG,arrival,16:40,PEK Beijing,CA1439,Air China,text,Duration: 2h 40m,,True,2026-02-19T09:27:17.823470
2026-03-08,CKG,arrival,16:40,CGO Zhengzhou,CZ8715,China Southern,text,Duration: 2h 5m,,True,2026-02-19T09:27:17.823477
2026-03-08,CKG,arrival,16:40,SHE Shenyang,SC2316,Shandong Airlines,text,Duration: 3h 40m,,True,2026-02-19T09:27:17.823482
2026-03-08,CKG,arrival,16:45,TYN Taiyuan,MU9887,China Eastern,text,Duration: 2h 10m,,True,2026-02-19T09:27:17.823487
2026-03-08,CKG,arrival,16:45,WUX Wuxi,MU9775,China Eastern,text,Duration: 2h 45m,,True,2026-02-19T09:27:17.823493
2026-03-08,CKG,arrival,16:45,JJN Jinjiang,PN6324,West Air (China),text,Duration: 2h 50m,,True,2026-02-19T09:27:17.823498
2026-03-08,CKG,arrival,16:50,SHS Shashi,G54934,Gestair,text,Duration: 1h 30m,,True,2026-02-19T09:27:17.823504
2026-03-08,CKG,arrival,16:50,TNA Jinan,MU5471,China Eastern,text,Duration: 2h 25m,,True,2026-02-19T09:27:17.823509
2026-03-08,CKG,arrival,16:55,ICN Seoul,CA440,Air China,text,Duration: 4h 10m,,True,2026-02-19T09:27:17.823515
2026-03-08,CKG,arrival,16:55,AKU Aksu,OQ2008,Chongqing Airlines,text,Duration: 4h 15m,,True,2026-02-19T09:27:17.823520
2026-03-08,CKG,arrival,17:00,PEK Beijing,HU6367,Hainan Airlines,text,Duration: 3h 0m,,True,2026-02-19T09:27:17.823590
2026-03-08,CKG,arrival,17:00,KTI Phnom Penh,MF8670,XiamenAir,text,Duration: 3h 55m,,True,2026-02-19T09:27:17.823597
2026-03-08,CKG,arrival,17:05,DLC Dalian,HU6326,Hainan Airlines,text,Duration: 3h 45m,,True,2026-02-19T09:27:17.823603
2026-03-08,CKG,arrival,17:05,FOC Fuzhou,MF8489,XiamenAir,text,Duration: 2h 55m,,True,2026-02-19T09:27:17.823608
2026-03-08,CKG,arrival,17:10,JNH Jiaxing,GJ8784,Loong Air,text,Duration: 3h 10m,,True,2026-02-19T09:27:17.823613
2026-03-08,CKG,arrival,17:10,XIY Xian,MU2267,China Eastern,text,Duration: 1h 45m,,True,2026-02-19T09:27:17.823618
2026-03-08,CKG,arrival,17:15,HDG Handan,G54302,Gestair,text,Duration: 2h 20m,,True,2026-02-19T09:27:17.823624
2026-03-08,CKG,arrival,17:15,CAN Guangzhou,HU7441,Hainan Airlines,text,Duration: 2h 20m,,True,2026-02-19T09:27:17.823629
2026-03-08,CKG,arrival,17:20,CSX Changsha,GS6588,Tianjin Airlines,text,Duration: 1h 30m,,True,2026-02-19T09:27:17.823635
2026-03-08,CKG,arrival,17:25,YCU Yuncheng,CA4014,Air China,text,Duration: 1h 45m,,True,2026-02-19T09:27:17.823642
2026-03-08,CKG,arrival,17:25,ENY Yan'an,G54978,Gestair,text,Duration: 1h 30m,,True,2026-02-19T09:27:17.823713
2026-03-08,CKG,arrival,17:25,CSX Changsha,PN6510,West Air (China),text,Duration: 1h 45m,,True,2026-02-19T09:27:17.823720
2026-03-08,CKG,arrival,17:30,CAN Guangzhou,OQ2318,Chongqing Airlines,text,Duration: 2h 25m,,True,2026-02-19T09:27:17.823725
2026-03-08,CKG,arrival,17:30,TNA Jinan,SC8809,Shandong Airlines,text,Duration: 2h 25m,,True,2026-02-19T09:27:17.823731
2026-03-08,CKG,arrival,17:40,SZX Shenzhen,CZ6561,China Southern,text,Duration: 2h 35m,,True,2026-02-19T09:27:17.823736
2026-03-08,CKG,arrival,17:40,FUG Fuyang,PN6220,West Air (China),text,Duration: 2h 15m,,True,2026-02-19T09:27:17.823742
2026-03-08,CKG,arrival,17:40,HFE Hefei,PN6492,West Air (China),text,Duration: 2h 15m,,True,2026-02-19T09:27:17.823747
2026-03-08,CKG,arrival,17:45,WUH Wuhan,3U8156,Sichuan Airlines,text,Duration: 1h 40m,,True,2026-02-19T09:27:17.823752
2026-03-08,CKG,arrival,17:50,LXA Lhasa/Lasa,3U3180,Sichuan Airlines,text,Duration: 2h 25m,,True,2026-02-19T09:27:17.823758
2026-03-08,CKG,arrival,17:50,URC Urumqi,CA4256,Air China,text,Duration: 3h 55m,,True,2026-02-19T09:27:17.823763
2026-03-08,CKG,arrival,17:50,NGB Ningbo,MU2395,China Eastern,text,Duration: 2h 45m,,True,2026-02-19T09:27:17.823841
2026-03-08,CKG,arrival,17:50,CGQ Changchun,OQ2078,Chongqing Airlines,text,Duration: 4h 30m,,True,2026-02-19T09:27:17.823848
2026-03-08,CKG,arrival,17:50,YIC Yichun,PN6578,West Air (China),text,Duration: 1h 45m,,True,2026-02-19T09:27:17.823854
2026-03-08,CKG,arrival,17:55,DLU Dali City,CA4486,Air China,text,Duration: 1h 35m,,True,2026-02-19T09:27:17.823859
2026-03-08,CKG,arrival,17:55,PEK Beijing,CA1411,Air China,text,Duration: 2h 50m,,True,2026-02-19T09:27:17.823865
2026-03-08,CKG,arrival,17:55,HET Hohhot,GS6598,Tianjin Airlines,text,Duration: 2h 35m,,True,2026-02-19T09:27:17.823870
2026-03-08,CKG,arrival,18:00,CSX Changsha,3U8010,Sichuan Airlines,text,Duration: 1h 35m,,True,2026-02-19T09:27:17.823876
2026-03-08,CKG,arrival,18:00,HKG Hong Kong,CA420,Air China,text,Duration: 2h 35m,,True,2026-02-19T09:27:17.823881
2026-03-08,CKG,arrival,18:00,PKX Beijing,NS8035,Hebei Airlines,text,Duration: 2h 40m,,True,2026-02-19T09:27:17.823887
2026-03-08,CKG,arrival,18:05,XAI Xinyang,MU5439,China Eastern,text,Duration: 1h 50m,,True,2026-02-19T09:27:17.823892
2026-03-08,CKG,arrival,18:05,LYI Linyi,OQ2364,Chongqing Airlines,text,Duration: 2h 35m,,True,2026-02-19T09:27:17.823965
2026-03-08,CKG,arrival,18:15,NKG Nanjing,3U8044,Sichuan Airlines,text,Duration: 2h 25m,,True,2026-02-19T09:27:17.823972
2026-03-08,CKG,arrival,18:15,TAO Qingdao,SC4837,Shandong Airlines,text,Duration: 3h 5m,,True,2026-02-19T09:27:17.823977
2026-03-08,CKG,arrival,18:20,SZX Shenzhen,ZH9465,Shenzhen Airlines,text,Duration: 2h 5m,,True,2026-02-19T09:27:17.823983
2026-03-08,CKG,arrival,18:25,PKX Beijing,CZ8817,China Southern,text,Duration: 3h 0m,,True,2026-02-19T09:27:17.823988
2026-03-08,CKG,arrival,18:25,LHW Lanzhou,G54034,Gestair,text,Duration: 1h 55m,,True,2026-02-19T09:27:17.823994
2026-03-08,CKG,arrival,18:25,HAK Haikou,HU7471,Hainan Airlines,text,Duration: 2h 25m,,True,2026-02-19T09:27:17.824000
2026-03-08,CKG,arrival,18:25,KUL Kuala Lumpur,MF8688,XiamenAir,text,Duration: 4h 35m,,True,2026-02-19T09:27:17.824006
2026-03-08,CKG,arrival,18:25,HET Hohhot,OQ2176,Chongqing Airlines,text,Duration: 2h 20m,,True,2026-02-19T09:27:17.824012
2026-03-08,CKG,arrival,18:30,CAN Guangzhou,3U8748,Sichuan Airlines,text,Duration: 2h 5m,,True,2026-02-19T09:27:17.824017
2026-03-08,CKG,arrival,18:30,SHA Shanghai,MU9193,China Eastern,text,Duration: 3h 5m,,True,2026-02-19T09:27:17.824087
2026-03-08,CKG,arrival,18:35,CGO Zhengzhou,CZ6353,China Southern,text,Duration: 2h 10m,,True,2026-02-19T09:27:17.824094
2026-03-08,CKG,arrival,18:35,RIZ Rizhao,PN6358,West Air (China),text,Duration: 2h 50m,,True,2026-02-19T09:27:17.824100
2026-03-08,CKG,arrival,18:40,SZX Shenzhen,3U8784,Sichuan Airlines,text,Duration: 2h 5m,,True,2026-02-19T09:27:17.824105
2026-03-08,CKG,arrival,18:40,PEK Beijing,CA1409,Air China,text,Duration: 2h 40m,,True,2026-02-19T09:27:17.824111
2026-03-08,CKG,arrival,18:40,DLC Dalian,CZ6579,China Southern,text,Duration: 3h 40m,,True,2026-02-19T09:27:17.824116
2026-03-08,CKG,arrival,18:40,HET Hohhot,G52826,Gestair,text,Duration: 2h 25m,,True,2026-02-19T09:27:17.824122
2026-03-08,CKG,arrival,18:40,PKX Beijing,MU6685,China Eastern,text,Duration: 2h 55m,,True,2026-02-19T09:27:17.824128
2026-03-08,CKG,arrival,18:40,WNZ Wenzhou,PN6284,West Air (China),text,Duration: 2h 30m,,True,2026-02-19T09:27:17.824133
2026-03-08,CKG,arrival,18:45,SIN Singapore,CA450,Air China,text,Duration: 5h 0m,,True,2026-02-19T09:27:17.824138
2026-03-08,CKG,arrival,18:45,NTG Nantong,DZ6293,Donghai Airlines,text,Duration: 2h 50m,,True,2026-02-19T09:27:17.824209
2026-03-08,CKG,arrival,18:45,XUZ Xuzhou,G54608,Gestair,text,Duration: 2h 30m,,True,2026-02-19T09:27:17.824217
2026-03-08,CKG,arrival,18:50,HGH Hangzhou,MF8475,XiamenAir,text,Duration: 2h 35m,,True,2026-02-19T09:27:17.824222
2026-03-08,CKG,arrival,18:50,ZHY Zhongwei,PN6498,West Air (China),text,Duration: 2h 0m,,True,2026-02-19T09:27:17.824229
2026-03-08,CKG,arrival,18:55,SHA Shanghai,9C8995,Spring Airlines,text,Duration: 2h 50m,,True,2026-02-19T09:27:17.824234
2026-03-08,CKG,arrival,19:00,HGH Hangzhou,CA1761,Air China,text,Duration: 2h 50m,,True,2026-02-19T09:27:17.824240
2026-03-08,CKG,arrival,19:05,CGO Zhengzhou,3U8160,Sichuan Airlines,text,Duration: 2h 5m,,True,2026-02-19T09:27:17.824245
2026-03-08,CKG,arrival,19:05,HGH Hangzhou,OQ2390,Chongqing Airlines,text,Duration: 3h 10m,,True,2026-02-19T09:27:17.824251
2026-03-08,CKG,arrival,19:05,WUX Wuxi,ZH9553,Shenzhen Airlines,text,Duration: 2h 45m,,True,2026-02-19T09:27:17.824256
2026-03-08,CKG,arrival,19:10,BHY Beihai,3U8122,Sichuan Airlines,text,Duration: 2h 0m,,True,2026-02-19T09:27:17.824262
2026-03-08,CKG,arrival,19:10,"JUZ Quzhou, Zhejiang Province",G54684,Gestair,text,Duration: 2h 30m,,True,2026-02-19T09:27:17.824335
2026-03-08,CKG,arrival,19:10,JHG Jinghong,PN6404,West Air (China),text,Duration: 1h 50m,,True,2026-02-19T09:27:17.824342
2026-03-08,CKG,arrival,19:15,CAN Guangzhou,OQ2324,Chongqing Airlines,text,Duration: 2h 20m,,True,2026-02-19T09:27:17.824347
2026-03-08,CKG,arrival,19:20,PVG Shanghai,FM9425,Shanghai Airlines,text,Duration: 3h 10m,,True,2026-02-19T09:27:17.824352
2026-03-08,CKG,arrival,19:25,LXA Lhasa/Lasa,3U8636,Sichuan Airlines,text,Duration: 2h 25m,,True,2026-02-19T09:27:17.824358
2026-03-08,CKG,arrival,19:25,SYX Sanya,PN6204,West Air (China),text,Duration: 2h 20m,,True,2026-02-19T09:27:17.824363
2026-03-08,CKG,arrival,19:30,TNA Jinan,SC8811,Shandong Airlines,text,Duration: 2h 30m,,True,2026-02-19T09:27:17.824369
2026-03-08,CKG,arrival,19:35,PEK Beijing,3U8832,Sichuan Airlines,text,Duration: 2h 45m,,True,2026-02-19T09:27:17.824374
2026-03-08,CKG,arrival,19:35,HKG Hong Kong,CA566,Air China,text,Duration: 2h 20m,,True,2026-02-19T09:27:17.824380
2026-03-08,CKG,arrival,19:35,LUM Mangshi,KY3109,Kunming Airlines,text,Duration: 1h 55m,,True,2026-02-19T09:27:17.824385
2026-03-08,CKG,arrival,19:35,NKG Nanjing,MU2845,China Eastern,text,Duration: 2h 35m,,True,2026-02-19T09:27:17.824458
2026-03-08,CKG,arrival,19:35,SIN Singapore,OQ2096,Chongqing Airlines,text,Duration: 5h 0m,,True,2026-02-19T09:27:17.824464
2026-03-08,CKG,arrival,19:35,SZX Shenzhen,ZH9467,Shenzhen Airlines,text,Duration: 2h 25m,,True,2026-02-19T09:27:17.824470
2026-03-08,CKG,arrival,19:40,CAN Guangzhou,CA4350,Air China,text,Duration: 2h 20m,,True,2026-02-19T09:27:17.824475
2026-03-08,CKG,arrival,19:40,FOC Fuzhou,FU6507,Fuzhou Airline,text,Duration: 2h 40m,,True,2026-02-19T09:27:17.824481
2026-03-08,CKG,arrival,19:40,XMN Xiamen,MF8423,XiamenAir,text,Duration: 2h 55m,,True,2026-02-19T09:27:17.824486
2026-03-08,CKG,arrival,19:45,WUH Wuhan,CZ3643,China Southern,text,Duration: 1h 40m,,True,2026-02-19T09:27:17.824491
2026-03-08,CKG,arrival,19:45,TSN Tianjin,MF8622,XiamenAir,text,Duration: 2h 55m,,True,2026-02-19T09:27:17.824497
2026-03-08,CKG,arrival,19:45,KHN Nanchang,RY6681,Jiangxi Airlines,text,Duration: 2h 5m,,True,2026-02-19T09:27:17.824503
2026-03-08,CKG,arrival,19:50,SHA Shanghai,9C8997,Spring Airlines,text,Duration: 2h 50m,,True,2026-02-19T09:27:17.824508
2026-03-08,CKG,arrival,19:50,NKG Nanjing,HO1691,Juneyao Airlines,text,Duration: 2h 30m,,True,2026-02-19T09:27:17.824579
2026-03-08,CKG,arrival,20:00,JHG Jinghong,3U3552,Sichuan Airlines,text,Duration: 1h 50m,,True,2026-02-19T09:27:17.824586
2026-03-08,CKG,arrival,20:00,PEK Beijing,CA1435,Air China,text,Duration: 3h 0m,,True,2026-02-19T09:27:17.824592
2026-03-08,CKG,arrival,20:00,ZUH Zhuhai,CA4372,Air China,text,Duration: 2h 20m,,True,2026-02-19T09:27:17.824598
2026-03-08,CKG,arrival,20:00,WUX Wuxi,MU9785,China Eastern,text,Duration: 2h 40m,,True,2026-02-19T09:27:17.824604
2026-03-08,CKG,arrival,20:05,JHG Jinghong,8L9605,Lucky Air,text,Duration: 2h 0m,,True,2026-02-19T09:27:17.824609
2026-03-08,CKG,arrival,20:05,LHW Lanzhou,9C6281,Spring Airlines,text,Duration: 2h 15m,,True,2026-02-19T09:27:17.824616
2026-03-08,CKG,arrival,20:05,URC Urumqi,CZ6798,China Southern,text,Duration: 4h 10m,,True,2026-02-19T09:27:17.824622
2026-03-08,CKG,arrival,20:10,PVG Shanghai,HO2369,Juneyao Airlines,text,Duration: 3h 20m,,True,2026-02-19T09:27:17.824628
2026-03-08,CKG,arrival,20:15,XIY Xian,9H8333,Air Changan,text,Duration: 1h 40m,,True,2026-02-19T09:27:17.824633
2026-03-08,CKG,arrival,20:15,WDS Shiyan,DZ6342,Donghai Airlines,text,Duration: 1h 30m,,True,2026-02-19T09:27:17.824704
2026-03-08,CKG,arrival,20:15,SHA Shanghai,MU5435,China Eastern,text,Duration: 2h 55m,,True,2026-02-19T09:27:17.824711
2026-03-08,CKG,arrival,20:15,LXA Lhasa/Lasa,PN6392,West Air (China),text,Duration: 2h 30m,,True,2026-02-19T09:27:17.824717
2026-03-08,CKG,arrival,20:20,DIG Diqing,OQ2148,Chongqing Airlines,text,Duration: 2h 0m,,True,2026-02-19T09:27:17.824723
2026-03-08,CKG,arrival,20:20,TAO Qingdao,SC4839,Shandong Airlines,text,Duration: 3h 0m,,True,2026-02-19T09:27:17.824728
2026-03-08,CKG,arrival,20:20,TYN Taiyuan,SC2268,Shandong Airlines,text,Duration: 2h 25m,,True,2026-02-19T09:27:17.824734
2026-03-08,CKG,arrival,20:25,INC Yinchuan,HU7272,Hainan Airlines,text,Duration: 2h 5m,,True,2026-02-19T09:27:17.824739
2026-03-08,CKG,arrival,20:25,LXA Lhasa/Lasa,PN6272,West Air (China),text,Duration: 2h 50m,,True,2026-02-19T09:27:17.824745
2026-03-08,CKG,arrival,20:30,HAK Haikou,CA9658,Air China,text,Duration: 2h 30m,,True,2026-02-19T09:27:17.824751
2026-03-08,CKG,arrival,20:30,HRB Harbin,CZ3709,China Southern,text,Duration: 4h 25m,,True,2026-02-19T09:27:17.824756
2026-03-08,CKG,arrival,20:35,SZX Shenzhen,MU6612,China Eastern,text,Duration: 2h 20m,,True,2026-02-19T09:27:17.824826
2026-03-08,CKG,arrival,20:40,SHE Shenyang,CZ5355,China Southern,text,Duration: 4h 10m,,True,2026-02-19T09:27:17.824833
2026-03-08,CKG,arrival,20:45,FOC Fuzhou,MF8481,XiamenAir,text,Duration: 2h 40m,,True,2026-02-19T09:27:17.824839
2026-03-08,CKG,arrival,20:50,NGB Ningbo,3U8110,Sichuan Airlines,text,Duration: 2h 35m,,True,2026-02-19T09:27:17.824844
2026-03-08,CKG,arrival,20:50,WUH Wuhan,CA8241,Air China,text,Duration: 1h 30m,,True,2026-02-19T09:27:17.824849
2026-03-08,CKG,arrival,20:50,LXA Lhasa/Lasa,EU2737,Chengdu Airlines,text,Duration: 2h 20m,,True,2026-02-19T09:27:17.824855
2026-03-08,CKG,arrival,20:50,XIY Xian,JD5077,Capital Airlines,text,Duration: 1h 35m,,True,2026-02-19T09:27:17.824860
2026-03-08,CKG,arrival,20:55,XMN Xiamen,HU7426,Hainan Airlines,text,Duration: 3h 5m,,True,2026-02-19T09:27:17.824865
2026-03-08,CKG,arrival,20:55,PKX Beijing,OQ2004,Chongqing Airlines,text,Duration: 3h 0m,,True,2026-02-19T09:27:17.824871
2026-03-08,CKG,arrival,21:00,SZX Shenzhen,CZ5919,China Southern,text,Duration: 2h 25m,,True,2026-02-19T09:27:17.824876
2026-03-08,CKG,arrival,21:00,HFE Hefei,MU9982,China Eastern,text,Duration: 2h 15m,,True,2026-02-19T09:27:17.824948
2026-03-08,CKG,arrival,21:00,CAN Guangzhou,OQ2340,Chongqing Airlines,text,Duration: 2h 45m,,True,2026-02-19T09:27:17.824955
2026-03-08,CKG,arrival,21:00,LXA Lhasa/Lasa,TV9844,Tibet Airlines,text,Duration: 2h 20m,,True,2026-02-19T09:27:17.824960
2026-03-08,CKG,arrival,21:00,NTG Nantong,ZH8673,Shenzhen Airlines,text,Duration: 2h 50m,,True,2026-02-19T09:27:17.824966
2026-03-08,CKG,arrival,21:05,PEK Beijing,CA4142,Air China,text,Duration: 2h 50m,,True,2026-02-19T09:27:17.824971
2026-03-08,CKG,arrival,21:10,SYX Sanya,HU7339,Hainan Airlines,text,Duration: 2h 30m,,True,2026-02-19T09:27:17.824977
2026-03-08,CKG,arrival,21:15,PVG Shanghai,9C8867,Spring Airlines,text,Duration: 3h 10m,,True,2026-02-19T09:27:17.824982
2026-03-08,CKG,arrival,21:15,SJW Shijiazhuang,9C8993,Spring Airlines,text,Duration: 2h 35m,,True,2026-02-19T09:27:17.824987
2026-03-08,CKG,arrival,21:15,ZUH Zhuhai,CZ8259,China Southern,text,Duration: 2h 25m,,True,2026-02-19T09:27:17.824992
2026-03-08,CKG,arrival,21:15,KMG Kunming,MU9755,China Eastern,text,Duration: 1h 40m,,True,2026-02-19T09:27:17.824998
2026-03-08,CKG,arrival,21:20,HAK Haikou,CZ8689,China Southern,text,Duration: 2h 20m,,True,2026-02-19T09:27:17.825069
2026-03-08,CKG,arrival,21:20,LJG Lijiang,JD5609,Capital Airlines,text,Duration: 1h 30m,,True,2026-02-19T09:27:17.825076
2026-03-08,CKG,arrival,21:25,HGH Hangzhou,3U8084,Sichuan Airlines,text,Duration: 2h 50m,,True,2026-02-19T09:27:17.825082
2026-03-08,CKG,arrival,21:25,NKG Nanjing,MU7717,China Eastern,text,Duration: 2h 55m,,True,2026-02-19T09:27:17.825088
2026-03-08,CKG,arrival,21:30,CAN Guangzhou,OQ2129,Chongqing Airlines,text,Duration: 2h 25m,,True,2026-02-19T09:27:17.825093
2026-03-08,CKG,arrival,21:30,ZUH Zhuhai,SC2266,Shandong Airlines,text,Duration: 2h 30m,,True,2026-02-19T09:27:17.825099
2026-03-08,CKG,arrival,21:35,JJN Jinjiang,MF8485,XiamenAir,text,Duration: 2h 40m,,True,2026-02-19T09:27:17.825105
2026-03-08,CKG,arrival,21:40,URC Urumqi,3U3210,Sichuan Airlines,text,Duration: 4h 0m,,True,2026-02-19T09:27:17.825110
2026-03-08,CKG,arrival,21:40,NKG Nanjing,SC2306,Shandong Airlines,text,Duration: 2h 15m,,True,2026-02-19T09:27:17.825116
2026-03-08,CKG,arrival,21:45,TYN Taiyuan,DR5312,Ruili Airlines,text,Duration: 1h 55m,,True,2026-02-19T09:27:17.825122
2026-03-08,CKG,arrival,21:45,TNA Jinan,SC8815,Shandong Airlines,text,Duration: 2h 25m,,True,2026-02-19T09:27:17.825215
2026-03-08,CKG,arrival,21:50,SHA Shanghai,MU2549,China Eastern,text,Duration: 2h 45m,,True,2026-02-19T09:27:17.825224
2026-03-08,CKG,arrival,21:50,TNA Jinan,PN6328,West Air (China),text,Duration: 2h 30m,,True,2026-02-19T09:27:17.825231
2026-03-08,CKG,arrival,21:55,ACF Alaer,EU2268,Chengdu Airlines,text,Duration: 4h 0m,,True,2026-02-19T09:27:17.825237
2026-03-08,CKG,arrival,21:55,CZX Changzhou,MU2785,China Eastern,text,Duration: 2h 20m,,True,2026-02-19T09:27:17.825243
2026-03-08,CKG,arrival,21:55,SWA Jieyang,OQ2350,Chongqing Airlines,text,Duration: 2h 45m,,True,2026-02-19T09:27:17.825248
2026-03-08,CKG,arrival,22:00,PVG Shanghai,3U8974,Sichuan Airlines,text,Duration: 3h 15m,,True,2026-02-19T09:27:17.825254
2026-03-08,CKG,arrival,22:00,PEK Beijing,CA1449,Air China,text,Duration: 3h 15m,,True,2026-02-19T09:27:17.825260
2026-03-08,CKG,arrival,22:00,PEK Beijing,HU6567,Hainan Airlines,text,Duration: 3h 5m,,True,2026-02-19T09:27:17.825271
2026-03-08,CKG,arrival,22:00,WNZ Wenzhou,HU7464,Hainan Airlines,text,Duration: 3h 10m,,True,2026-02-19T09:27:17.825283
2026-03-08,CKG,arrival,22:00,ZUH Zhuhai,OQ2386,Chongqing Airlines,text,Duration: 2h 35m,,True,2026-02-19T09:27:17.825403
2026-03-08,CKG,arrival,22:00,JJN Jinjiang,PN6302,West Air (China),text,Duration: 2h 45m,,True,2026-02-19T09:27:17.825411
2026-03-08,CKG,arrival,22:05,XMN Xiamen,3U8088,Sichuan Airlines,text,Duration: 2h 45m,,True,2026-02-19T09:27:17.825418
2026-03-08,CKG,arrival,22:05,SWA Jieyang,BK2924,OkAir,text,Duration: 2h 40m,,True,2026-02-19T09:27:17.825424
2026-03-08,CKG,arrival,22:05,WUH Wuhan,CZ5179,China Southern,text,Duration: 1h 50m,,True,2026-02-19T09:27:17.825430
2026-03-08,CKG,arrival,22:05,TSN Tianjin,GS7905,Tianjin Airlines,text,Duration: 2h 50m,,True,2026-02-19T09:27:17.825436
2026-03-08,CKG,arrival,22:05,PKX Beijing,MU6689,China Eastern,text,Duration: 3h 5m,,True,2026-02-19T09:27:17.825442
2026-03-08,CKG,arrival,22:10,SWA Jieyang,3U8006,Sichuan Airlines,text,Duration: 2h 50m,,True,2026-02-19T09:27:17.825449
2026-03-08,CKG,arrival,22:10,TAO Qingdao,MU5253,China Eastern,text,Duration: 3h 15m,,True,2026-02-19T09:27:17.825455
2026-03-08,CKG,arrival,22:15,HAK Haikou,3U8068,Sichuan Airlines,text,Duration: 2h 25m,,True,2026-02-19T09:27:17.825460
2026-03-08,CKG,arrival,22:15,HIA Huai'an,8L9818,Lucky Air,text,Duration: 2h 35m,,True,2026-02-19T09:27:17.825584
2026-03-08,CKG,arrival,22:15,KMG Kunming,8L9673,Lucky Air,text,Duration: 1h 35m,,True,2026-02-19T09:27:17.825596
2026-03-08,CKG,arrival,22:20,TSA Taipei,3U3784,Sichuan Airlines,text,Duration: 3h 15m,,True,2026-02-19T09:27:17.825604
2026-03-08,CKG,arrival,22:20,HFE Hefei,MU9918,China Eastern,text,Duration: 2h 15m,,True,2026-02-19T09:27:17.825612
2026-03-08,CKG,arrival,22:25,CAN Guangzhou,HU7241,Hainan Airlines,text,Duration: 2h 25m,,True,2026-02-19T09:27:17.825620
2026-03-08,CKG,arrival,22:25,HGH Hangzhou,OQ2380,Chongqing Airlines,text,Duration: 3h 15m,,True,2026-02-19T09:27:17.825628
2026-03-08,CKG,arrival,22:30,PEK Beijing,CA4144,Air China,text,Duration: 3h 5m,,True,2026-02-19T09:27:17.825635
2026-03-08,CKG,arrival,22:30,LFQ Qiaoli,G54318,Gestair,text,Duration: 1h 55m,,True,2026-02-19T09:27:17.825644
2026-03-08,CKG,arrival,22:30,FOC Fuzhou,HU6324,Hainan Airlines,text,Duration: 3h 10m,,True,2026-02-19T09:27:17.825652
2026-03-08,CKG,arrival,22:35,CGO Zhengzhou,SC2314,Shandong Airlines,text,Duration: 2h 0m,,True,2026-02-19T09:27:17.825660
2026-03-08,CKG,arrival,22:40,WMT Zunyi,G54786,Gestair,text,Duration: 0h 50m,,True,2026-02-19T09:27:17.825808
2026-03-08,CKG,arrival,22:40,NGB Ningbo,OQ2316,Chongqing Airlines,text,Duration: 2h 45m,,True,2026-02-19T09:27:17.825821
2026-03-08,CKG,arrival,22:40,SZX Shenzhen,ZH9469,Shenzhen Airlines,text,Duration: 2h 25m,,True,2026-02-19T09:27:17.825832
2026-03-08,CKG,arrival,22:50,NKG Nanjing,3U8046,Sichuan Airlines,text,Duration: 2h 35m,,True,2026-02-19T09:27:17.825842
2026-03-08,CKG,arrival,22:50,HGH Hangzhou,GS6582,Tianjin Airlines,text,Duration: 3h 0m,,True,2026-02-19T09:27:17.825852
2026-03-08,CKG,arrival,22:50,SHA Shanghai,MU5431,China Eastern,text,Duration: 3h 0m,,True,2026-02-19T09:27:17.825862
2026-03-08,CKG,arrival,22:50,JHG Jinghong,PN6588,West Air (China),text,Duration: 1h 55m,,True,2026-02-19T09:27:17.825873
2026-03-08,CKG,arrival,22:50,XMN Xiamen,SC2141,Shandong Airlines,text,Duration: 2h 50m,,True,2026-02-19T09:27:17.825884
2026-03-08,CKG,arrival,22:55,PEK Beijing,CA4136,Air China,text,Duration: 2h 40m,,True,2026-02-19T09:27:17.825895
2026-03-08,CKG,arrival,22:55,SYX Sanya,CA4388,Air China,text,Duration: 2h 15m,,True,2026-02-19T09:27:17.825905
2026-03-08,CKG,arrival,22:55,PKX Beijing,CZ5643,China Southern,text,Duration: 3h 0m,,True,2026-02-19T09:27:17.826057
2026-03-08,CKG,arrival,22:55,HGH Hangzhou,MF8477,XiamenAir,text,Duration: 3h 0m,,True,2026-02-19T09:27:17.826070
2026-03-08,CKG,arrival,23:00,HGH Hangzhou,CA4578,Air China,text,Duration: 2h 50m,,True,2026-02-19T09:27:17.826080
2026-03-08,CKG,arrival,23:00,SZX Shenzhen,CA4346,Air China,text,Duration: 2h 10m,,True,2026-02-19T09:27:17.826089
2026-03-08,CKG,arrival,23:05,TPE Taipei,CA410,Air China,text,Duration: 3h 45m,,True,2026-02-19T09:27:17.826099
2026-03-08,CKG,arrival,23:05,SJW Shijiazhuang,NS3242,Hebei Airlines,text,Duration: 2h 50m,,True,2026-02-19T09:27:17.826109
2026-03-08,CKG,arrival,23:05,XNN Xining,TV9912,Tibet Airlines,text,Duration: 1h 55m,,True,2026-02-19T09:27:17.826119
2026-03-08,CKG,arrival,23:10,KHN Nanchang,3U8182,Sichuan Airlines,text,Duration: 1h 50m,,True,2026-02-19T09:27:17.826129
2026-03-08,CKG,arrival,23:10,TAO Qingdao,3U8152,Sichuan Airlines,text,Duration: 2h 50m,,True,2026-02-19T09:27:17.826139
2026-03-08,CKG,arrival,23:15,CAN Guangzhou,CA4342,Air China,text,Duration: 2h 20m,,True,2026-02-19T09:27:17.826150
2026-03-08,CKG,arrival,23:15,WUH Wuhan,CA4382,Air China,text,Duration: 1h 50m,,True,2026-02-19T09:27:17.826268
2026-03-08,CKG,arrival,23:15,SHA Shanghai,MF8582,XiamenAir,text,Duration: 3h 5m,,True,2026-02-19T09:27:17.826278
2026-03-08,CKG,arrival,23:15,JHG Jinghong,OQ2374,Chongqing Airlines,text,Duration: 2h 0m,,True,2026-02-19T09:27:17.826284
2026-03-08,CKG,arrival,23:20,NKG Nanjing,CA4558,Air China,text,Duration: 2h 30m,,True,2026-02-19T09:27:17.826290
2026-03-08,CKG,arrival,23:25,HKG Hong Kong,HX496,Hong Kong Airlines,text,Duration: 2h 40m,,True,2026-02-19T09:27:17.826297
2026-03-08,CKG,arrival,23:25,SHE Shenyang,OQ2074,Chongqing Airlines,text,Duration: 4h 25m,,True,2026-02-19T09:27:17.826303
2026-03-08,CKG,arrival,23:25,NNG Nanning,ZH9381,Shenzhen Airlines,text,Duration: 1h 45m,,True,2026-02-19T09:27:17.826309
2026-03-08,CKG,arrival,23:30,BKK Bangkok,3U3772,Sichuan Airlines,text,Duration: 3h 10m,,True,2026-02-19T09:27:17.826315
2026-03-08,CKG,arrival,23:30,KUL Kuala Lumpur,D7808,AirAsia X,text,Duration: 4h 45m,,True,2026-02-19T09:27:17.826322
2026-03-08,CKG,arrival,23:30,DOY Dongying,G54010,Gestair,text,Duration: 2h 45m,,True,2026-02-19T09:27:17.826328
2026-03-08,CKG,arrival,23:30,KOW Ganzhou,G54860,Gestair,text,Duration: 2h 15m,,True,2026-02-19T09:27:17.826426
2026-03-08,CKG,arrival,23:30,HRB Harbin,OQ2328,Chongqing Airlines,text,Duration: 4h 35m,,True,2026-02-19T09:27:17.826434
2026-03-08,CKG,arrival,23:35,JJN Jinjiang,SC2310,Shandong Airlines,text,Duration: 2h 35m,,True,2026-02-19T09:27:17.826440
2026-03-08,CKG,arrival,23:40,WHA Wuhu,3U8072,Sichuan Airlines,text,Duration: 2h 10m,,True,2026-02-19T09:27:17.826446
2026-03-08,CKG,arrival,23:40,HGH Hangzhou,CA4024,Air China,text,Duration: 2h 40m,,True,2026-02-19T09:27:17.826452
2026-03-08,CKG,arrival,23:40,CGO Zhengzhou,CZ6649,China Southern,text,Duration: 2h 5m,,True,2026-02-19T09:27:17.826458
2026-03-08,CKG,arrival,23:40,SQJ Sanming,G52848,Gestair,text,Duration: 2h 20m,,True,2026-02-19T09:27:17.826465
2026-03-08,CKG,arrival,23:40,DNH Dunhuang,GS7591,Tianjin Airlines,text,Duration: 2h 50m,,True,2026-02-19T09:27:17.826471
2026-03-08,CKG,arrival,23:40,SZX Shenzhen,HU6357,Hainan Airlines,text,Duration: 2h 30m,,True,2026-02-19T09:27:17.826477
2026-03-08,CKG,arrival,23:45,CSX Changsha,OQ2050,Chongqing Airlines,text,Duration: 1h 50m,,True,2026-02-19T09:27:17.826483
2026-03-08,CKG,arrival,23:45,HAN Hanoi,PN6424,West Air (China),text,Duration: 2h 5m,,True,2026-02-19T09:27:17.826565
2026-03-08,CKG,arrival,23:50,PVG Shanghai,CA4556,Air China,text,Duration: 3h 15m,,True,2026-02-19T09:27:17.826572
2026-03-08,CKG,arrival,23:50,URC Urumqi,CA4258,Air China,text,Duration: 3h 20m,,True,2026-02-19T09:27:17.826578
2026-03-08,CKG,arrival,23:50,CGK Jakarta,MF8674,XiamenAir,text,Duration: 6h 10m,,True,2026-02-19T09:27:17.826584
2026-03-08,CKG,arrival,23:50,YNZ Yancheng,MF8778,XiamenAir,text,Duration: 2h 45m,,True,2026-02-19T09:27:17.826589
2026-03-08,CKG,arrival,23:50,KMG Kunming,MU5450,China Eastern,text,Duration: 1h 30m,,True,2026-02-19T09:27:17.826595
2026-03-08,CKG,arrival,23:55,LHW Lanzhou,3U8020,Sichuan Airlines,text,Duration: 1h 50m,,True,2026-02-19T09:27:17.826601
2026-03-08,CKG,arrival,23:55,PKX Beijing,CA8674,Air China,text,Duration: 2h 35m,,True,2026-02-19T09:27:17.826607
2026-03-08,CKG,arrival,23:55,SHA Shanghai,CA4542,Air China,text,Duration: 2h 55m,,True,2026-02-19T09:27:17.826612
2026-03-08,CKG,arrival,23:55,NGB Ningbo,HU6322,Hainan Airlines,text,Duration: 2h 40m,,True,2026-02-19T09:27:17.826617
