date,airport,direction,time,destination,flight,airline,airline_source,duration,aircraft,page_date_verified,scraped_at
2026-03-31,CAN,departure,00:05,FRA Frankfurt,CZ331,China Southern,text,Duration: 12h 5m,,True,2026-02-17T11:29:46.225186
2026-03-31,CAN,departure,00:10,IST Istanbul,CZ8065,China Southern,text,Duration: 11h 5m,,True,2026-02-17T11:29:46.225199
2026-03-31,CAN,departure,00:10,DMK Bangkok,FD531,Thai AirAsia,text,Duration: 2h 45m,,True,2026-02-17T11:29:46.225207
2026-03-31,CAN,departure,00:20,DXB Dubai,EK363,Emirates,text,Duration: 8h 10m,,True,2026-02-17T11:29:46.225214
2026-03-31,CAN,departure,00:25,BKI Kota Kinabalu,AK1535,AirAsia,text,Duration: 3h 10m,,True,2026-02-17T11:29:46.225221
2026-03-31,CAN,departure,00:25,CDG Paris,CZ347,China Southern,text,Duration: 12h 35m,,True,2026-02-17T11:29:46.225227
2026-03-31,CAN,departure,00:30,ADD Addis Ababa,ET607,Ethiopian,text,Duration: 10h 50m,,True,2026-02-17T11:29:46.225234
2026-03-31,CAN,departure,00:35,AKL Auckland,CZ305,China Southern,text,Duration: 11h 0m,,True,2026-02-17T11:29:46.225241
2026-03-31,CAN,departure,00:55,BUD Budapest,CZ649,China Southern,text,Duration: 12h 5m,,True,2026-02-17T11:29:46.225247
2026-03-31,CAN,departure,01:15,POM Port Moresby,CZ5055,China Southern,text,Duration: 7h 15m,,True,2026-02-17T11:29:46.225254
2026-03-31,CAN,departure,01:15,ICN Seoul,OZ356,Asiana,text,Duration: 3h 30m,,True,2026-02-17T11:29:46.225261
2026-03-31,CAN,departure,01:20,SIN Singapore,SQ853,Singapore Airlines,text,Duration: 4h 10m,,True,2026-02-17T11:29:46.225268
2026-03-31,CAN,departure,01:35,KUL Kuala Lumpur,AK119,AirAsia,text,Duration: 4h 10m,,True,2026-02-17T11:29:46.225275
2026-03-31,CAN,departure,01:35,DOH Doha,QR875,Qatar Airways,text,Duration: 8h 40m,,True,2026-02-17T11:29:46.225281
2026-03-31,CAN,departure,02:05,DPS Denpasar,8B968,TransNusa,text,Duration: 5h 15m,,True,2026-02-17T11:29:46.225288
2026-03-31,CAN,departure,02:10,MDC Manado,8B168,TransNusa,text,Duration: 3h 55m,,True,2026-02-17T11:29:46.225294
2026-03-31,CAN,departure,02:30,CGK Jakarta,8B861,TransNusa,text,Duration: 5h 5m,,True,2026-02-17T11:29:46.225300
2026-03-31,CAN,departure,02:30,SGN Ho Chi Minh City,VJ3909,VietJet,text,Duration: 2h 40m,,True,2026-02-17T11:29:46.225308
2026-03-31,CAN,departure,02:35,DPS Denpasar,CZ8481,China Southern,text,Duration: 5h 10m,,True,2026-02-17T11:29:46.225314
2026-03-31,CAN,departure,02:45,DMK Bangkok,SL901,Thai Lion Air,text,Duration: 3h 0m,,True,2026-02-17T11:29:46.225321
2026-03-31,CAN,departure,03:05,JHB Johor Bharu,AK1395,AirAsia,text,Duration: 3h 55m,,True,2026-02-17T11:29:46.225327
2026-03-31,CAN,departure,03:10,KUL Kuala Lumpur,OD613,Batik Air,text,Duration: 4h 5m,,True,2026-02-17T11:29:46.225334
2026-03-31,CAN,departure,03:15,CMB Colombo,UL885,SriLankan Airlines,text,Duration: 5h 25m,,True,2026-02-17T11:29:46.225340
2026-03-31,CAN,departure,03:30,HAN Hanoi,VJ7527,VietJet,text,Duration: 1h 55m,,True,2026-02-17T11:29:46.225347
2026-03-31,CAN,departure,03:50,KTI Phnom Penh,KR938,Cambodia Airways,text,Duration: 2h 50m,,True,2026-02-17T11:29:46.225353
2026-03-31,CAN,departure,04:30,DAC Dhaka,BG367,Biman,text,Duration: 3h 55m,,True,2026-02-17T11:29:46.225359
2026-03-31,CAN,departure,04:35,TAS Tashkent,C6512,Centrum Air,text,Duration: 7h 20m,,True,2026-02-17T11:29:46.225366
2026-03-31,CAN,departure,04:45,AMS Amsterdam,CZ307,China Southern,text,Duration: 12h 15m,,True,2026-02-17T11:29:46.225372
2026-03-31,CAN,departure,04:50,KWI Kuwait,KU420,Kuwait Airways,text,Duration: 9h 30m,,True,2026-02-17T11:29:46.225379
2026-03-31,CAN,departure,05:00,DEL Delhi,6E1702,IndiGo,text,Duration: 5h 45m,,True,2026-02-17T11:29:46.225385
2026-03-31,CAN,departure,05:00,DAC Dhaka,BS326,US-Bangla Airlines,text,Duration: 3h 50m,,True,2026-02-17T11:29:46.225391
2026-03-31,CAN,departure,05:00,HKG Hong Kong,CX953,Cathay Pacific,text,Duration: 1h 25m,,True,2026-02-17T11:29:46.225398
2026-03-31,CAN,departure,05:00,KTI Phnom Penh,K6611,Air Cambodia,text,Duration: 2h 50m,,True,2026-02-17T11:29:46.225404
2026-03-31,CAN,departure,05:15,CCU Kolkata,6E1704,IndiGo,text,Duration: 4h 45m,,True,2026-02-17T11:29:46.225410
2026-03-31,CAN,departure,05:55,KTI Phnom Penh,9C7007,Spring Airlines,text,Duration: 3h 5m,,True,2026-02-17T11:29:46.225417
2026-03-31,CAN,departure,06:00,TAS Tashkent,HH872,Taban Air,text,Duration: 7h 40m,,True,2026-02-17T11:29:46.225423
2026-03-31,CAN,departure,06:10,JUH Chizhou,AQ1155,9 Air,text,Duration: 2h 10m,,True,2026-02-17T11:29:46.225429
2026-03-31,CAN,departure,06:10,XUZ Xuzhou,GJ8059,Loong Air,text,Duration: 2h 20m,,True,2026-02-17T11:29:46.225435
2026-03-31,CAN,departure,06:15,CJU Jeju,9C6105,Spring Airlines,text,Duration: 3h 5m,,True,2026-02-17T11:29:46.225442
2026-03-31,CAN,departure,06:15,DZH Dazhou,CZ3263,China Southern,text,Duration: 2h 25m,,True,2026-02-17T11:29:46.225448
2026-03-31,CAN,departure,06:20,XIY Xian,AQ1105,9 Air,text,Duration: 2h 30m,,True,2026-02-17T11:29:46.225454
2026-03-31,CAN,departure,06:20,CGO Zhengzhou,GJ8583,Loong Air,text,Duration: 2h 25m,,True,2026-02-17T11:29:46.225461
2026-03-31,CAN,departure,06:20,ENH Enshi,GJ6031,Loong Air,text,Duration: 1h 50m,,True,2026-02-17T11:29:46.225467
2026-03-31,CAN,departure,06:25,SZH Shuozhou,AQ1723,9 Air,text,Duration: 3h 15m,,True,2026-02-17T11:29:46.225473
2026-03-31,CAN,departure,06:25,PEK Beijing,CA1386,Air China,text,Duration: 3h 10m,,True,2026-02-17T11:29:46.225479
2026-03-31,CAN,departure,06:25,HGH Hangzhou,GJ8860,Loong Air,text,Duration: 2h 10m,,True,2026-02-17T11:29:46.225486
2026-03-31,CAN,departure,06:25,WEH Weihai,MU6895,China Eastern,text,Duration: 3h 20m,,True,2026-02-17T11:29:46.225493
2026-03-31,CAN,departure,06:30,CNX Chiang Mai,9C8933,Spring Airlines,text,Duration: 3h 0m,,True,2026-02-17T11:29:46.225499
2026-03-31,CAN,departure,06:30,NGB Ningbo,9C7749,Spring Airlines,text,Duration: 2h 0m,,True,2026-02-17T11:29:46.225506
2026-03-31,CAN,departure,06:30,SHA Shanghai,9C6884,Spring Airlines,text,Duration: 2h 0m,,True,2026-02-17T11:29:46.225512
2026-03-31,CAN,departure,06:30,SYX Sanya,CZ6748,China Southern,text,Duration: 1h 50m,,True,2026-02-17T11:29:46.225637
2026-03-31,CAN,departure,06:30,HET Hohhot,GJ8567,Loong Air,text,Duration: 3h 15m,,True,2026-02-17T11:29:46.225646
2026-03-31,CAN,departure,06:30,SJW Shijiazhuang,JD5355,Capital Airlines,text,Duration: 2h 30m,,True,2026-02-17T11:29:46.225654
2026-03-31,CAN,departure,06:30,KMG Kunming,MU6823,China Eastern,text,Duration: 2h 25m,,True,2026-02-17T11:29:46.225661
2026-03-31,CAN,departure,06:35,HAK Haikou,AQ1023,9 Air,text,Duration: 1h 45m,,True,2026-02-17T11:29:46.225667
2026-03-31,CAN,departure,06:35,NGB Ningbo,AQ1045,9 Air,text,Duration: 2h 10m,,True,2026-02-17T11:29:46.225674
2026-03-31,CAN,departure,06:35,WUX Wuxi,AQ1055,9 Air,text,Duration: 2h 10m,,True,2026-02-17T11:29:46.225681
2026-03-31,CAN,departure,06:35,DOY Dongying,HU7259,Hainan Airlines,text,Duration: 3h 0m,,True,2026-02-17T11:29:46.225687
2026-03-31,CAN,departure,06:35,PVG Shanghai,HU7431,Hainan Airlines,text,Duration: 2h 20m,,True,2026-02-17T11:29:46.225693
2026-03-31,CAN,departure,06:40,SHA Shanghai,HO1854,Juneyao Airlines,text,Duration: 2h 25m,,True,2026-02-17T11:29:46.225700
2026-03-31,CAN,departure,06:40,WUH Wuhan,MU6733,China Eastern,text,Duration: 1h 50m,,True,2026-02-17T11:29:46.225706
2026-03-31,CAN,departure,06:40,HYN Taizhou,ZH8989,Shenzhen Airlines,text,Duration: 1h 55m,,True,2026-02-17T11:29:46.225713
2026-03-31,CAN,departure,06:40,LYI Linyi,ZH8947,Shenzhen Airlines,text,Duration: 2h 35m,,True,2026-02-17T11:29:46.225719
2026-03-31,CAN,departure,06:45,LHW Lanzhou,9C7395,Spring Airlines,text,Duration: 3h 30m,,True,2026-02-17T11:29:46.225726
2026-03-31,CAN,departure,06:45,PVG Shanghai,AQ1005,9 Air,text,Duration: 2h 30m,,True,2026-02-17T11:29:46.225733
2026-03-31,CAN,departure,06:45,TAO Qingdao,AQ1019,9 Air,text,Duration: 3h 20m,,True,2026-02-17T11:29:46.225740
2026-03-31,CAN,departure,06:45,WHA Wuhu,CZ5839,China Southern,text,Duration: 2h 5m,,True,2026-02-17T11:29:46.225747
2026-03-31,CAN,departure,06:45,WUX Wuxi,ZH9821,Shenzhen Airlines,text,Duration: 2h 25m,,True,2026-02-17T11:29:46.225753
2026-03-31,CAN,departure,06:50,JHG Jinghong,AQ1041,9 Air,text,Duration: 3h 0m,,True,2026-02-17T11:29:46.225759
2026-03-31,CAN,departure,06:50,WEF Weifang,AQ1721,9 Air,text,Duration: 2h 55m,,True,2026-02-17T11:29:46.225766
2026-03-31,CAN,departure,06:50,LZO Luzhou,CA4352,Air China,text,Duration: 2h 15m,,True,2026-02-17T11:29:46.225773
2026-03-31,CAN,departure,06:50,ALA Almaty,KC188,Air Astana,text,Duration: 6h 35m,,True,2026-02-17T11:29:46.225779
2026-03-31,CAN,departure,06:50,XIY Xian,MU6955,China Eastern,text,Duration: 2h 20m,,True,2026-02-17T11:29:46.225785
2026-03-31,CAN,departure,06:50,TAO Qingdao,ZH9995,Shenzhen Airlines,text,Duration: 3h 10m,,True,2026-02-17T11:29:46.225791
2026-03-31,CAN,departure,06:50,WNZ Wenzhou,ZH9961,Shenzhen Airlines,text,Duration: 1h 40m,,True,2026-02-17T11:29:46.225798
2026-03-31,CAN,departure,06:55,CKG Chongqing,3U8750,Sichuan Airlines,text,Duration: 2h 10m,,True,2026-02-17T11:29:46.225804
2026-03-31,CAN,departure,06:55,KMG Kunming,3U8206,Sichuan Airlines,text,Duration: 2h 5m,,True,2026-02-17T11:29:46.225811
2026-03-31,CAN,departure,06:55,NKG Nanjing,AQ1033,9 Air,text,Duration: 2h 15m,,True,2026-02-17T11:29:46.225818
2026-03-31,CAN,departure,06:55,TSN Tianjin,BK2787,OkAir,text,Duration: 3h 0m,,True,2026-02-17T11:29:46.225824
2026-03-31,CAN,departure,06:55,CKG Chongqing,JD5227,Capital Airlines,text,Duration: 2h 20m,,True,2026-02-17T11:29:46.225830
2026-03-31,CAN,departure,07:00,PEN Penang,9C7097,Spring Airlines,text,Duration: 4h 0m,,True,2026-02-17T11:29:46.225836
2026-03-31,CAN,departure,07:00,DLU Dali City,CZ3481,China Southern,text,Duration: 2h 45m,,True,2026-02-17T11:29:46.225843
2026-03-31,CAN,departure,07:00,KMG Kunming,CZ3497,China Southern,text,Duration: 2h 35m,,True,2026-02-17T11:29:46.225850
2026-03-31,CAN,departure,07:00,LZY Nyingchi,CZ3477,China Southern,text,Duration: 3h 40m,,True,2026-02-17T11:29:46.225856
2026-03-31,CAN,departure,07:00,SHA Shanghai,CZ3533,China Southern,text,Duration: 2h 20m,,True,2026-02-17T11:29:46.225862
2026-03-31,CAN,departure,07:00,YTY Yangzhou,CZ5905,China Southern,text,Duration: 2h 20m,,True,2026-02-17T11:29:46.225868
2026-03-31,CAN,departure,07:05,TFU Chengdu,3U6706,Sichuan Airlines,text,Duration: 2h 15m,,True,2026-02-17T11:29:46.225875
2026-03-31,CAN,departure,07:05,KWE Guiyang,CZ8802,China Southern,text,Duration: 2h 0m,,True,2026-02-17T11:29:46.225881
2026-03-31,CAN,departure,07:05,LJG Lijiang,CZ6603,China Southern,text,Duration: 3h 10m,,True,2026-02-17T11:29:46.225887
2026-03-31,CAN,departure,07:05,XMN Xiamen,CZ3723,China Southern,text,Duration: 1h 25m,,True,2026-02-17T11:29:46.225894
2026-03-31,CAN,departure,07:05,HGH Hangzhou,HU7161,Hainan Airlines,text,Duration: 2h 0m,,True,2026-02-17T11:29:46.225901
2026-03-31,CAN,departure,07:05,NKG Nanjing,HU7113,Hainan Airlines,text,Duration: 2h 15m,,True,2026-02-17T11:29:46.225907
2026-03-31,CAN,departure,07:10,YCU Yuncheng,CA4594,Air China,text,Duration: 2h 30m,,True,2026-02-17T11:29:46.225914
2026-03-31,CAN,departure,07:10,TAO Qingdao,CZ3199,China Southern,text,Duration: 3h 20m,,True,2026-02-17T11:29:46.225921
2026-03-31,CAN,departure,07:10,XNN Xining,CZ3249,China Southern,text,Duration: 3h 10m,,True,2026-02-17T11:29:46.225927
2026-03-31,CAN,departure,07:10,YIH Yichang,CZ3311,China Southern,text,Duration: 1h 55m,,True,2026-02-17T11:29:46.225934
2026-03-31,CAN,departure,07:10,HGH Hangzhou,JD5269,Capital Airlines,text,Duration: 1h 35m,,True,2026-02-17T11:29:46.225940
2026-03-31,CAN,departure,07:10,NKG Nanjing,ZH9861,Shenzhen Airlines,text,Duration: 2h 15m,,True,2026-02-17T11:29:46.225947
2026-03-31,CAN,departure,07:15,AKA Ankang,CZ6463,China Southern,text,Duration: 2h 20m,,True,2026-02-17T11:29:46.225954
2026-03-31,CAN,departure,07:15,TFU Chengdu,CZ3403,China Southern,text,Duration: 2h 25m,,True,2026-02-17T11:29:46.225960
2026-03-31,CAN,departure,07:15,WDS Shiyan,CZ3335,China Southern,text,Duration: 2h 20m,,True,2026-02-17T11:29:46.226049
2026-03-31,CAN,departure,07:15,XIY Xian,CZ3201,China Southern,text,Duration: 2h 30m,,True,2026-02-17T11:29:46.226056
2026-03-31,CAN,departure,07:15,PEK Beijing,ZH9147,Shenzhen Airlines,text,Duration: 3h 5m,,True,2026-02-17T11:29:46.226061
2026-03-31,CAN,departure,07:20,FOC Fuzhou,CZ3505,China Southern,text,Duration: 1h 50m,,True,2026-02-17T11:29:46.226066
2026-03-31,CAN,departure,07:20,NNG Nanning,CZ3295,China Southern,text,Duration: 1h 35m,,True,2026-02-17T11:29:46.226071
2026-03-31,CAN,departure,07:20,XIY Xian,HU7828,Hainan Airlines,text,Duration: 2h 45m,,True,2026-02-17T11:29:46.226077
2026-03-31,CAN,departure,07:20,JHG Jinghong,OQ2103,Chongqing Airlines,text,Duration: 3h 15m,,True,2026-02-17T11:29:46.226082
2026-03-31,CAN,departure,07:25,URC Urumqi,AQ1061,9 Air,text,Duration: 5h 35m,,True,2026-02-17T11:29:46.226087
2026-03-31,CAN,departure,07:25,CKG Chongqing,HU7141,Hainan Airlines,text,Duration: 2h 10m,,True,2026-02-17T11:29:46.226092
2026-03-31,CAN,departure,07:30,HAK Haikou,CZ6772,China Southern,text,Duration: 1h 20m,,True,2026-02-17T11:29:46.226098
2026-03-31,CAN,departure,07:30,PVG Shanghai,MU5320,China Eastern,text,Duration: 2h 5m,,True,2026-02-17T11:29:46.226103
2026-03-31,CAN,departure,07:30,HAK Haikou,ZH8995,Shenzhen Airlines,text,Duration: 1h 30m,,True,2026-02-17T11:29:46.226109
2026-03-31,CAN,departure,07:35,DLC Dalian,CZ3604,China Southern,text,Duration: 3h 40m,,True,2026-02-17T11:29:46.226114
2026-03-31,CAN,departure,07:35,NGB Ningbo,CZ3777,China Southern,text,Duration: 2h 5m,,True,2026-02-17T11:29:46.226119
2026-03-31,CAN,departure,07:35,WNZ Wenzhou,CZ3811,China Southern,text,Duration: 1h 50m,,True,2026-02-17T11:29:46.226124
2026-03-31,CAN,departure,07:35,URC Urumqi,HU7223,Hainan Airlines,text,Duration: 5h 15m,,True,2026-02-17T11:29:46.226130
2026-03-31,CAN,departure,07:35,TSN Tianjin,JD5185,Capital Airlines,text,Duration: 3h 20m,,True,2026-02-17T11:29:46.226135
2026-03-31,CAN,departure,07:35,PKX Beijing,MU6302,China Eastern,text,Duration: 2h 50m,,True,2026-02-17T11:29:46.226140
2026-03-31,CAN,departure,07:35,DLU Dali City,OQ2039,Chongqing Airlines,text,Duration: 3h 10m,,True,2026-02-17T11:29:46.226145
2026-03-31,CAN,departure,07:40,ALG Algiers,AH3181,Air Algerie,text,Duration: 14h 55m,,True,2026-02-17T11:29:46.226150
2026-03-31,CAN,departure,07:40,SHA Shanghai,HU7131,Hainan Airlines,text,Duration: 2h 30m,,True,2026-02-17T11:29:46.226155
2026-03-31,CAN,departure,07:40,SYX Sanya,HU7308,Hainan Airlines,text,Duration: 1h 45m,,True,2026-02-17T11:29:46.226160
2026-03-31,CAN,departure,07:40,LUM Mangshi,OQ2025,Chongqing Airlines,text,Duration: 3h 15m,,True,2026-02-17T11:29:46.226165
2026-03-31,CAN,departure,07:45,HET Hohhot,CZ3197,China Southern,text,Duration: 3h 10m,,True,2026-02-17T11:29:46.226171
2026-03-31,CAN,departure,07:45,WUX Wuxi,MU2908,China Eastern,text,Duration: 2h 10m,,True,2026-02-17T11:29:46.226176
2026-03-31,CAN,departure,07:45,CZX Changzhou,ZH9653,Shenzhen Airlines,text,Duration: 2h 20m,,True,2026-02-17T11:29:46.226181
2026-03-31,CAN,departure,07:45,YTY Yangzhou,ZH8905,Shenzhen Airlines,text,Duration: 2h 20m,,True,2026-02-17T11:29:46.226186
2026-03-31,CAN,departure,07:50,KMG Kunming,HU7207,Hainan Airlines,text,Duration: 2h 35m,,True,2026-02-17T11:29:46.226191
2026-03-31,CAN,departure,07:50,PEK Beijing,HU7802,Hainan Airlines,text,Duration: 3h 10m,,True,2026-02-17T11:29:46.226196
2026-03-31,CAN,departure,07:50,TFU Chengdu,JD5161,Capital Airlines,text,Duration: 2h 15m,,True,2026-02-17T11:29:46.226201
2026-03-31,CAN,departure,07:50,SJW Shijiazhuang,OQ2133,Chongqing Airlines,text,Duration: 2h 50m,,True,2026-02-17T11:29:46.226206
2026-03-31,CAN,departure,07:55,TFU Chengdu,CA4310,Air China,text,Duration: 2h 30m,,True,2026-02-17T11:29:46.226211
2026-03-31,CAN,departure,07:55,JNG Jining,CZ3953,China Southern,text,Duration: 2h 35m,,True,2026-02-17T11:29:46.226216
2026-03-31,CAN,departure,07:55,CGO Zhengzhou,HU7269,Hainan Airlines,text,Duration: 2h 20m,,True,2026-02-17T11:29:46.226221
2026-03-31,CAN,departure,07:55,HAK Haikou,HU7002,Hainan Airlines,text,Duration: 1h 35m,,True,2026-02-17T11:29:46.226226
2026-03-31,CAN,departure,07:55,HAK Haikou,HU7004,Hainan Airlines,text,Duration: 1h 30m,,True,2026-02-17T11:29:46.226232
2026-03-31,CAN,departure,07:55,TPE Taipei,HU7981,Hainan Airlines,text,Duration: 2h 5m,,True,2026-02-17T11:29:46.226237
2026-03-31,CAN,departure,07:55,DLU Dali City,MU9742,China Eastern,text,Duration: 2h 50m,,True,2026-02-17T11:29:46.226242
2026-03-31,CAN,departure,07:55,HFE Hefei,ZH9987,Shenzhen Airlines,text,Duration: 2h 5m,,True,2026-02-17T11:29:46.226247
2026-03-31,CAN,departure,08:00,MEL Melbourne,CZ343,China Southern,text,Duration: 9h 20m,,True,2026-02-17T11:29:46.226252
2026-03-31,CAN,departure,08:00,PKX Beijing,CZ3101,China Southern,text,Duration: 3h 5m,,True,2026-02-17T11:29:46.226257
2026-03-31,CAN,departure,08:00,SHA Shanghai,CZ3523,China Southern,text,Duration: 2h 20m,,True,2026-02-17T11:29:46.226262
2026-03-31,CAN,departure,08:00,SHE Shenyang,CZ6316,China Southern,text,Duration: 4h 0m,,True,2026-02-17T11:29:46.226267
2026-03-31,CAN,departure,08:00,SHE Shenyang,OQ2127,Chongqing Airlines,text,Duration: 3h 50m,,True,2026-02-17T11:29:46.226272
2026-03-31,CAN,departure,08:05,NKG Nanjing,AQ1029,9 Air,text,Duration: 2h 10m,,True,2026-02-17T11:29:46.226277
2026-03-31,CAN,departure,08:05,CKG Chongqing,CA4354,Air China,text,Duration: 2h 0m,,True,2026-02-17T11:29:46.226283
2026-03-31,CAN,departure,08:05,CGK Jakarta,CZ3037,China Southern,text,Duration: 5h 10m,,True,2026-02-17T11:29:46.226288
2026-03-31,CAN,departure,08:05,CGO Zhengzhou,CZ3396,China Southern,text,Duration: 2h 20m,,True,2026-02-17T11:29:46.226293
2026-03-31,CAN,departure,08:05,MNL Manila,CZ3091,China Southern,text,Duration: 2h 30m,,True,2026-02-17T11:29:46.226299
2026-03-31,CAN,departure,08:05,SYD Sydney,CZ301,China Southern,text,Duration: 9h 35m,,True,2026-02-17T11:29:46.226305
2026-03-31,CAN,departure,08:05,WUX Wuxi,CZ3913,China Southern,text,Duration: 2h 20m,,True,2026-02-17T11:29:46.226385
2026-03-31,CAN,departure,08:10,CKG Chongqing,CZ3463,China Southern,text,Duration: 2h 10m,,True,2026-02-17T11:29:46.226392
2026-03-31,CAN,departure,08:10,HGH Hangzhou,CZ3521,China Southern,text,Duration: 2h 10m,,True,2026-02-17T11:29:46.226397
2026-03-31,CAN,departure,08:10,HZA Heze,CZ3125,China Southern,text,Duration: 2h 30m,,True,2026-02-17T11:29:46.226403
2026-03-31,CAN,departure,08:10,KMG Kunming,CZ3409,China Southern,text,Duration: 2h 30m,,True,2026-02-17T11:29:46.226409
2026-03-31,CAN,departure,08:10,NKG Nanjing,CZ3513,China Southern,text,Duration: 2h 20m,,True,2026-02-17T11:29:46.226414
2026-03-31,CAN,departure,08:10,TSN Tianjin,OQ2123,Chongqing Airlines,text,Duration: 3h 0m,,True,2026-02-17T11:29:46.226420
2026-03-31,CAN,departure,08:10,HRB Harbin,ZH9671,Shenzhen Airlines,text,Duration: 4h 15m,,True,2026-02-17T11:29:46.226425
2026-03-31,CAN,departure,08:15,BKK Bangkok,CZ357,China Southern,text,Duration: 3h 5m,,True,2026-02-17T11:29:46.226431
2026-03-31,CAN,departure,08:15,CTU Chengdu,CZ3401,China Southern,text,Duration: 2h 30m,,True,2026-02-17T11:29:46.226437
2026-03-31,CAN,departure,08:15,KUL Kuala Lumpur,CZ349,China Southern,text,Duration: 4h 10m,,True,2026-02-17T11:29:46.226442
2026-03-31,CAN,departure,08:15,URC Urumqi,CZ6886,China Southern,text,Duration: 5h 15m,,True,2026-02-17T11:29:46.226447
2026-03-31,CAN,departure,08:15,XNT Xingtai,CZ8245,China Southern,text,Duration: 2h 40m,,True,2026-02-17T11:29:46.226453
2026-03-31,CAN,departure,08:15,XUZ Xuzhou,CZ3257,China Southern,text,Duration: 2h 20m,,True,2026-02-17T11:29:46.226458
2026-03-31,CAN,departure,08:20,HRB Harbin,CZ3615,China Southern,text,Duration: 4h 20m,,True,2026-02-17T11:29:46.226463
2026-03-31,CAN,departure,08:20,RGN Yangon,CZ3055,China Southern,text,Duration: 3h 25m,,True,2026-02-17T11:29:46.226468
2026-03-31,CAN,departure,08:20,SIN Singapore,CZ353,China Southern,text,Duration: 4h 10m,,True,2026-02-17T11:29:46.226473
2026-03-31,CAN,departure,08:20,TYN Taiyuan,CZ3701,China Southern,text,Duration: 2h 45m,,True,2026-02-17T11:29:46.226479
2026-03-31,CAN,departure,08:20,YIW Yiwu,CZ3727,China Southern,text,Duration: 1h 55m,,True,2026-02-17T11:29:46.226484
2026-03-31,CAN,departure,08:25,PEK Beijing,CA1310,Air China,text,Duration: 3h 15m,,True,2026-02-17T11:29:46.226489
2026-03-31,CAN,departure,08:25,LHW Lanzhou,CZ8985,China Southern,text,Duration: 3h 10m,,True,2026-02-17T11:29:46.226494
2026-03-31,CAN,departure,08:25,TNA Jinan,CZ3509,China Southern,text,Duration: 2h 45m,,True,2026-02-17T11:29:46.226500
2026-03-31,CAN,departure,08:25,TNA Jinan,ZH9971,Shenzhen Airlines,text,Duration: 2h 40m,,True,2026-02-17T11:29:46.226505
2026-03-31,CAN,departure,08:25,XIY Xian,ZH9221,Shenzhen Airlines,text,Duration: 2h 50m,,True,2026-02-17T11:29:46.226511
2026-03-31,CAN,departure,08:30,URC Urumqi,CA4370,Air China,text,Duration: 5h 15m,,True,2026-02-17T11:29:46.226516
2026-03-31,CAN,departure,08:30,CXR Nha Trang,CZ8475,China Southern,text,Duration: 2h 35m,,True,2026-02-17T11:29:46.226522
2026-03-31,CAN,departure,08:30,LYA Luoyang,CZ3363,China Southern,text,Duration: 2h 30m,,True,2026-02-17T11:29:46.226527
2026-03-31,CAN,departure,08:30,TFU Chengdu,HU7151,Hainan Airlines,text,Duration: 2h 15m,,True,2026-02-17T11:29:46.226532
2026-03-31,CAN,departure,08:30,SHE Shenyang,MU9869,China Eastern,text,Duration: 3h 45m,,True,2026-02-17T11:29:46.226538
2026-03-31,CAN,departure,08:35,TSN Tianjin,CA2806,Air China,text,Duration: 3h 10m,,True,2026-02-17T11:29:46.226543
2026-03-31,CAN,departure,08:35,NNY Nanyang,CZ3221,China Southern,text,Duration: 2h 5m,,True,2026-02-17T11:29:46.226548
2026-03-31,CAN,departure,08:35,SHA Shanghai,MU5302,China Eastern,text,Duration: 2h 10m,,True,2026-02-17T11:29:46.226554
2026-03-31,CAN,departure,08:40,SVO Moscow,CZ8027,China Southern,text,Duration: 10h 15m,,True,2026-02-17T11:29:46.226559
2026-03-31,CAN,departure,08:40,TAO Qingdao,CZ3519,China Southern,text,Duration: 3h 0m,,True,2026-02-17T11:29:46.226565
2026-03-31,CAN,departure,08:40,PVG Shanghai,ZH9533,Shenzhen Airlines,text,Duration: 2h 20m,,True,2026-02-17T11:29:46.226570
2026-03-31,CAN,departure,08:45,CGQ Changchun,CZ6378,China Southern,text,Duration: 4h 15m,,True,2026-02-17T11:29:46.226575
2026-03-31,CAN,departure,08:45,WUH Wuhan,CZ3705,China Southern,text,Duration: 1h 45m,,True,2026-02-17T11:29:46.226581
2026-03-31,CAN,departure,08:45,NGB Ningbo,MU6949,China Eastern,text,Duration: 2h 5m,,True,2026-02-17T11:29:46.226586
2026-03-31,CAN,departure,08:45,YTY Yangzhou,ZH9693,Shenzhen Airlines,text,Duration: 2h 20m,,True,2026-02-17T11:29:46.226591
2026-03-31,CAN,departure,08:50,HND Tokyo,CZ385,China Southern,text,Duration: 4h 30m,,True,2026-02-17T11:29:46.226596
2026-03-31,CAN,departure,08:50,KTI Phnom Penh,CZ8313,China Southern,text,Duration: 2h 50m,,True,2026-02-17T11:29:46.226602
2026-03-31,CAN,departure,08:50,IST Istanbul,TK299,Turkish Airlines,text,Duration: 11h 30m,,True,2026-02-17T11:29:46.226607
2026-03-31,CAN,departure,08:55,ENY Yan'an,CZ3223,China Southern,text,Duration: 2h 50m,,True,2026-02-17T11:29:46.226612
2026-03-31,CAN,departure,08:55,KTM Kathmandu,CZ6067,China Southern,text,Duration: 5h 10m,,True,2026-02-17T11:29:46.226618
2026-03-31,CAN,departure,09:00,BKK Bangkok,9C7419,Spring Airlines,text,Duration: 3h 0m,,True,2026-02-17T11:29:46.226623
2026-03-31,CAN,departure,09:00,HZG Hanzhong,AQ1153,9 Air,text,Duration: 2h 35m,,True,2026-02-17T11:29:46.226629
2026-03-31,CAN,departure,09:00,SHA Shanghai,CA1838,Air China,text,Duration: 2h 20m,,True,2026-02-17T11:29:46.226634
2026-03-31,CAN,departure,09:00,CGO Zhengzhou,CZ3971,China Southern,text,Duration: 2h 20m,,True,2026-02-17T11:29:46.226639
2026-03-31,CAN,departure,09:00,PKX Beijing,CZ3099,China Southern,text,Duration: 3h 15m,,True,2026-02-17T11:29:46.226645
2026-03-31,CAN,departure,09:00,SHA Shanghai,CZ3529,China Southern,text,Duration: 2h 20m,,True,2026-02-17T11:29:46.226650
2026-03-31,CAN,departure,09:00,VTE Vientiane,CZ8149,China Southern,text,Duration: 2h 30m,,True,2026-02-17T11:29:46.226726
2026-03-31,CAN,departure,09:00,DIG Diqing,MU5774,China Eastern,text,Duration: 3h 20m,,True,2026-02-17T11:29:46.226734
2026-03-31,CAN,departure,09:00,PVG Shanghai,MU5372,China Eastern,text,Duration: 2h 5m,,True,2026-02-17T11:29:46.226739
2026-03-31,CAN,departure,09:05,MIG Mian Yang,CZ8637,China Southern,text,Duration: 2h 40m,,True,2026-02-17T11:29:46.226745
2026-03-31,CAN,departure,09:05,SGN Ho Chi Minh City,CZ8159,China Southern,text,Duration: 2h 55m,,True,2026-02-17T11:29:46.226750
2026-03-31,CAN,departure,09:05,URC Urumqi,CZ6900,China Southern,text,Duration: 5h 0m,,True,2026-02-17T11:29:46.226756
2026-03-31,CAN,departure,09:05,XIY Xian,CZ3237,China Southern,text,Duration: 2h 30m,,True,2026-02-17T11:29:46.226761
2026-03-31,CAN,departure,09:05,NKG Nanjing,ZH9863,Shenzhen Airlines,text,Duration: 2h 25m,,True,2026-02-17T11:29:46.226766
2026-03-31,CAN,departure,09:10,HGH Hangzhou,CZ3803,China Southern,text,Duration: 2h 5m,,True,2026-02-17T11:29:46.226771
2026-03-31,CAN,departure,09:10,NGB Ningbo,CZ8293,China Southern,text,Duration: 2h 10m,,True,2026-02-17T11:29:46.226776
2026-03-31,CAN,departure,09:10,NKG Nanjing,CZ3843,China Southern,text,Duration: 2h 20m,,True,2026-02-17T11:29:46.226781
2026-03-31,CAN,departure,09:15,PEK Beijing,CA1380,Air China,text,Duration: 3h 15m,,True,2026-02-17T11:29:46.226786
2026-03-31,CAN,departure,09:15,CTU Chengdu,CZ3437,China Southern,text,Duration: 2h 30m,,True,2026-02-17T11:29:46.226791
2026-03-31,CAN,departure,09:15,DLC Dalian,CZ6485,China Southern,text,Duration: 3h 25m,,True,2026-02-17T11:29:46.226796
2026-03-31,CAN,departure,09:15,ADD Addis Ababa,ET617,Ethiopian,text,Duration: 9h 45m,,True,2026-02-17T11:29:46.226802
2026-03-31,CAN,departure,09:15,PEK Beijing,HU7804,Hainan Airlines,text,Duration: 3h 5m,,True,2026-02-17T11:29:46.226807
2026-03-31,CAN,departure,09:15,KHN Nanchang,MU9875,China Eastern,text,Duration: 1h 45m,,True,2026-02-17T11:29:46.226812
2026-03-31,CAN,departure,09:20,CTU Chengdu,3U8734,Sichuan Airlines,text,Duration: 2h 20m,,True,2026-02-17T11:29:46.226817
2026-03-31,CAN,departure,09:20,KUL Kuala Lumpur,CZ3047,China Southern,text,Duration: 4h 5m,,True,2026-02-17T11:29:46.226822
2026-03-31,CAN,departure,09:20,SHE Shenyang,CZ6332,China Southern,text,Duration: 3h 35m,,True,2026-02-17T11:29:46.226827
2026-03-31,CAN,departure,09:20,WUX Wuxi,ZH9823,Shenzhen Airlines,text,Duration: 2h 20m,,True,2026-02-17T11:29:46.226832
2026-03-31,CAN,departure,09:25,CGO Zhengzhou,CZ5763,China Southern,text,Duration: 2h 30m,,True,2026-02-17T11:29:46.226838
2026-03-31,CAN,departure,09:25,KIX Osaka,CZ389,China Southern,text,Duration: 3h 45m,,True,2026-02-17T11:29:46.226843
2026-03-31,CAN,departure,09:25,TNA Jinan,HU7209,Hainan Airlines,text,Duration: 2h 45m,,True,2026-02-17T11:29:46.226847
2026-03-31,CAN,departure,09:30,HAK Haikou,CZ6774,China Southern,text,Duration: 1h 20m,,True,2026-02-17T11:29:46.226853
2026-03-31,CAN,departure,09:30,WUH Wuhan,CZ6608,China Southern,text,Duration: 1h 55m,,True,2026-02-17T11:29:46.226858
2026-03-31,CAN,departure,09:30,SHA Shanghai,MU5304,China Eastern,text,Duration: 2h 5m,,True,2026-02-17T11:29:46.226863
2026-03-31,CAN,departure,09:35,ICN Seoul,CZ337,China Southern,text,Duration: 3h 20m,,True,2026-02-17T11:29:46.226868
2026-03-31,CAN,departure,09:35,KMG Kunming,CZ3493,China Southern,text,Duration: 2h 35m,,True,2026-02-17T11:29:46.226873
2026-03-31,CAN,departure,09:35,CGO Zhengzhou,PN6382,West Air (China),text,Duration: 2h 10m,,True,2026-02-17T11:29:46.226878
2026-03-31,CAN,departure,09:40,BKK Bangkok,CZ8079,China Southern,text,Duration: 3h 0m,,True,2026-02-17T11:29:46.226883
2026-03-31,CAN,departure,09:45,DLU Dali City,CZ6595,China Southern,text,Duration: 3h 5m,,True,2026-02-17T11:29:46.226889
2026-03-31,CAN,departure,09:45,HAN Hanoi,CZ3049,China Southern,text,Duration: 2h 0m,,True,2026-02-17T11:29:46.226894
2026-03-31,CAN,departure,09:45,YNZ Yancheng,CZ3267,China Southern,text,Duration: 2h 25m,,True,2026-02-17T11:29:46.226900
2026-03-31,CAN,departure,09:50,ACX Xingyi,CZ3923,China Southern,text,Duration: 2h 20m,,True,2026-02-17T11:29:46.226905
2026-03-31,CAN,departure,09:50,INC Yinchuan,ZH8941,Shenzhen Airlines,text,Duration: 3h 20m,,True,2026-02-17T11:29:46.226910
2026-03-31,CAN,departure,09:50,TNA Jinan,ZH9973,Shenzhen Airlines,text,Duration: 2h 45m,,True,2026-02-17T11:29:46.226915
2026-03-31,CAN,departure,09:55,LYG Lianyungang,AQ1179,9 Air,text,Duration: 2h 20m,,True,2026-02-17T11:29:46.226921
2026-03-31,CAN,departure,09:55,HFE Hefei,CZ3813,China Southern,text,Duration: 2h 15m,,True,2026-02-17T11:29:46.226926
2026-03-31,CAN,departure,09:55,NTG Nantong,CZ3639,China Southern,text,Duration: 2h 20m,,True,2026-02-17T11:29:46.226931
2026-03-31,CAN,departure,09:55,SYX Sanya,CZ6732,China Southern,text,Duration: 1h 50m,,True,2026-02-17T11:29:46.226936
2026-03-31,CAN,departure,10:00,"JUZ Quzhou, Zhejiang Province",CZ6289,China Southern,text,Duration: 1h 55m,,True,2026-02-17T11:29:46.226942
2026-03-31,CAN,departure,10:00,PKX Beijing,CZ3121,China Southern,text,Duration: 3h 15m,,True,2026-02-17T11:29:46.226948
2026-03-31,CAN,departure,10:00,SHA Shanghai,CZ3531,China Southern,text,Duration: 2h 20m,,True,2026-02-17T11:29:46.226953
2026-03-31,CAN,departure,10:00,YIC Yichun,HU7201,Hainan Airlines,text,Duration: 1h 35m,,True,2026-02-17T11:29:46.226959
2026-03-31,CAN,departure,10:05,BNE Brisbane,CZ635,China Southern,text,Duration: 9h 5m,,True,2026-02-17T11:29:46.226964
2026-03-31,CAN,departure,10:10,HKG Hong Kong,CX983,Cathay Pacific,text,Duration: 1h 35m,,True,2026-02-17T11:29:46.226970
2026-03-31,CAN,departure,10:10,HGH Hangzhou,CZ3863,China Southern,text,Duration: 2h 10m,,True,2026-02-17T11:29:46.226975
2026-03-31,CAN,departure,10:10,MAD Madrid,CZ377,China Southern,text,Duration: 14h 20m,,True,2026-02-17T11:29:46.226981
2026-03-31,CAN,departure,10:10,NKG Nanjing,CZ3599,China Southern,text,Duration: 2h 20m,,True,2026-02-17T11:29:46.226986
2026-03-31,CAN,departure,10:10,XMN Xiamen,MF8306,XiamenAir,text,Duration: 1h 20m,,True,2026-02-17T11:29:46.227067
2026-03-31,CAN,departure,10:15,PEK Beijing,HU7806,Hainan Airlines,text,Duration: 3h 0m,,True,2026-02-17T11:29:46.227074
2026-03-31,CAN,departure,10:20,KUL Kuala Lumpur,AK113,AirAsia,text,Duration: 4h 20m,,True,2026-02-17T11:29:46.227080
2026-03-31,CAN,departure,10:25,KWE Guiyang,CZ6393,China Southern,text,Duration: 1h 50m,,True,2026-02-17T11:29:46.227085
2026-03-31,CAN,departure,10:25,HYN Taizhou,MU2475,China Eastern,text,Duration: 2h 5m,,True,2026-02-17T11:29:46.227091
2026-03-31,CAN,departure,10:30,PEK Beijing,CA1330,Air China,text,Duration: 3h 15m,,True,2026-02-17T11:29:46.227096
2026-03-31,CAN,departure,10:30,LHW Lanzhou,CZ3205,China Southern,text,Duration: 3h 15m,,True,2026-02-17T11:29:46.227102
2026-03-31,CAN,departure,10:30,PVG Shanghai,CZ3550,China Southern,text,Duration: 2h 30m,,True,2026-02-17T11:29:46.227107
2026-03-31,CAN,departure,10:30,SHA Shanghai,MU5306,China Eastern,text,Duration: 2h 25m,,True,2026-02-17T11:29:46.227113
2026-03-31,CAN,departure,10:35,CTU Chengdu,3U8738,Sichuan Airlines,text,Duration: 2h 15m,,True,2026-02-17T11:29:46.227119
2026-03-31,CAN,departure,10:35,HGH Hangzhou,CA1790,Air China,text,Duration: 2h 10m,,True,2026-02-17T11:29:46.227124
2026-03-31,CAN,departure,10:35,CGQ Changchun,CZ8460,China Southern,text,Duration: 4h 15m,,True,2026-02-17T11:29:46.227130
2026-03-31,CAN,departure,10:35,TNA Jinan,CZ3619,China Southern,text,Duration: 2h 45m,,True,2026-02-17T11:29:46.227135
2026-03-31,CAN,departure,10:35,NGB Ningbo,OQ2027,Chongqing Airlines,text,Duration: 2h 0m,,True,2026-02-17T11:29:46.227141
2026-03-31,CAN,departure,10:40,BKK Bangkok,CZ8099,China Southern,text,Duration: 3h 10m,,True,2026-02-17T11:29:46.227146
2026-03-31,CAN,departure,10:40,HFE Hefei,MU5288,China Eastern,text,Duration: 2h 5m,,True,2026-02-17T11:29:46.227152
2026-03-31,CAN,departure,10:40,SIN Singapore,TR101,Scoot,text,Duration: 4h 5m,,True,2026-02-17T11:29:46.227158
2026-03-31,CAN,departure,10:45,CSX Changsha,CZ3380,China Southern,text,Duration: 1h 35m,,True,2026-02-17T11:29:46.227163
2026-03-31,CAN,departure,10:45,TYN Taiyuan,CZ8767,China Southern,text,Duration: 2h 50m,,True,2026-02-17T11:29:46.227169
2026-03-31,CAN,departure,10:45,CTU Chengdu,EU2236,Chengdu Airlines,text,Duration: 2h 30m,,True,2026-02-17T11:29:46.227176
2026-03-31,CAN,departure,10:45,SHA Shanghai,HO1856,Juneyao Airlines,text,Duration: 2h 20m,,True,2026-02-17T11:29:46.227181
2026-03-31,CAN,departure,10:45,WUX Wuxi,ZH9825,Shenzhen Airlines,text,Duration: 2h 35m,,True,2026-02-17T11:29:46.227187
2026-03-31,CAN,departure,10:50,ICN Seoul,CZ3061,China Southern,text,Duration: 3h 35m,,True,2026-02-17T11:29:46.227193
2026-03-31,CAN,departure,10:50,TSN Tianjin,CZ3301,China Southern,text,Duration: 3h 25m,,True,2026-02-17T11:29:46.227198
2026-03-31,CAN,departure,10:50,YIW Yiwu,CZ3883,China Southern,text,Duration: 1h 55m,,True,2026-02-17T11:29:46.227204
2026-03-31,CAN,departure,10:50,NKG Nanjing,MU2818,China Eastern,text,Duration: 2h 20m,,True,2026-02-17T11:29:46.227209
2026-03-31,CAN,departure,10:55,SHA Shanghai,9C8836,Spring Airlines,text,Duration: 2h 20m,,True,2026-02-17T11:29:46.227215
2026-03-31,CAN,departure,10:55,WMT Zunyi,CZ3313,China Southern,text,Duration: 1h 55m,,True,2026-02-17T11:29:46.227220
2026-03-31,CAN,departure,11:00,KMG Kunming,CZ3415,China Southern,text,Duration: 2h 35m,,True,2026-02-17T11:29:46.227226
2026-03-31,CAN,departure,11:00,PKX Beijing,CZ3177,China Southern,text,Duration: 3h 15m,,True,2026-02-17T11:29:46.227231
2026-03-31,CAN,departure,11:00,SHA Shanghai,CZ3537,China Southern,text,Duration: 2h 20m,,True,2026-02-17T11:29:46.227237
2026-03-31,CAN,departure,11:00,HGH Hangzhou,HU7261,Hainan Airlines,text,Duration: 2h 10m,,True,2026-02-17T11:29:46.227242
2026-03-31,CAN,departure,11:05,NTG Nantong,ZH8693,Shenzhen Airlines,text,Duration: 2h 15m,,True,2026-02-17T11:29:46.227248
2026-03-31,CAN,departure,11:10,HGH Hangzhou,CZ6567,China Southern,text,Duration: 2h 10m,,True,2026-02-17T11:29:46.227253
2026-03-31,CAN,departure,11:10,HGH Hangzhou,HU7461,Hainan Airlines,text,Duration: 1h 55m,,True,2026-02-17T11:29:46.227259
2026-03-31,CAN,departure,11:10,SVO Moscow,SU221,Aeroflot,text,Duration: 10h 5m,,True,2026-02-17T11:29:46.227264
2026-03-31,CAN,departure,11:15,CTU Chengdu,CZ3443,China Southern,text,Duration: 2h 25m,,True,2026-02-17T11:29:46.227270
2026-03-31,CAN,departure,11:15,TPE Taipei,CZ3097,China Southern,text,Duration: 2h 15m,,True,2026-02-17T11:29:46.227275
2026-03-31,CAN,departure,11:15,FOC Fuzhou,MF8324,XiamenAir,text,Duration: 1h 45m,,True,2026-02-17T11:29:46.227281
2026-03-31,CAN,departure,11:15,CTU Chengdu,TV9766,Tibet Airlines,text,Duration: 2h 25m,,True,2026-02-17T11:29:46.227286
2026-03-31,CAN,departure,11:20,KUL Kuala Lumpur,CZ8011,China Southern,text,Duration: 4h 20m,,True,2026-02-17T11:29:46.227291
2026-03-31,CAN,departure,11:20,WNZ Wenzhou,CZ3763,China Southern,text,Duration: 2h 5m,,True,2026-02-17T11:29:46.227297
2026-03-31,CAN,departure,11:20,TFU Chengdu,ZH9443,Shenzhen Airlines,text,Duration: 2h 25m,,True,2026-02-17T11:29:46.227303
2026-03-31,CAN,departure,11:25,PZI Pan Zhi Hua,CZ3933,China Southern,text,Duration: 2h 20m,,True,2026-02-17T11:29:46.227308
2026-03-31,CAN,departure,11:25,KMG Kunming,KY8280,Kunming Airlines,text,Duration: 2h 25m,,True,2026-02-17T11:29:46.227314
2026-03-31,CAN,departure,11:25,HGH Hangzhou,MU5212,China Eastern,text,Duration: 2h 5m,,True,2026-02-17T11:29:46.227319
2026-03-31,CAN,departure,11:25,KMG Kunming,MU5732,China Eastern,text,Duration: 2h 30m,,True,2026-02-17T11:29:46.227325
2026-03-31,CAN,departure,11:30,CKG Chongqing,CA4362,Air China,text,Duration: 2h 20m,,True,2026-02-17T11:29:46.227331
2026-03-31,CAN,departure,11:30,CGO Zhengzhou,CZ6593,China Southern,text,Duration: 2h 20m,,True,2026-02-17T11:29:46.227337
2026-03-31,CAN,departure,11:30,HAK Haikou,CZ6786,China Southern,text,Duration: 1h 25m,,True,2026-02-17T11:29:46.227343
2026-03-31,CAN,departure,11:30,WUH Wuhan,CZ3348,China Southern,text,Duration: 1h 55m,,True,2026-02-17T11:29:46.227425
2026-03-31,CAN,departure,11:30,WUH Wuhan,CZ8003,China Southern,text,Duration: 1h 50m,,True,2026-02-17T11:29:46.227433
2026-03-31,CAN,departure,11:35,HGH Hangzhou,3U3152,Sichuan Airlines,text,Duration: 2h 5m,,True,2026-02-17T11:29:46.227438
2026-03-31,CAN,departure,11:35,HET Hohhot,CZ3245,China Southern,text,Duration: 3h 10m,,True,2026-02-17T11:29:46.227444
2026-03-31,CAN,departure,11:35,HAN Hanoi,ZH121,Shenzhen Airlines,text,Duration: 2h 10m,,True,2026-02-17T11:29:46.227449
2026-03-31,CAN,departure,11:40,PEK Beijing,CA1360,Air China,text,Duration: 3h 15m,,True,2026-02-17T11:29:46.227455
2026-03-31,CAN,departure,11:40,CKG Chongqing,OQ2306,Chongqing Airlines,text,Duration: 2h 20m,,True,2026-02-17T11:29:46.227460
2026-03-31,CAN,departure,11:40,NKG Nanjing,ZH9865,Shenzhen Airlines,text,Duration: 2h 30m,,True,2026-02-17T11:29:46.227466
2026-03-31,CAN,departure,11:45,HGH Hangzhou,CA8592,Air China,text,Duration: 2h 30m,,True,2026-02-17T11:29:46.227471
2026-03-31,CAN,departure,11:45,TSN Tianjin,CA2802,Air China,text,Duration: 3h 10m,,True,2026-02-17T11:29:46.227478
2026-03-31,CAN,departure,11:45,TAO Qingdao,CZ3535,China Southern,text,Duration: 3h 0m,,True,2026-02-17T11:29:46.227483
2026-03-31,CAN,departure,11:45,URC Urumqi,CZ6888,China Southern,text,Duration: 5h 20m,,True,2026-02-17T11:29:46.227489
2026-03-31,CAN,departure,11:50,NGB Ningbo,CZ3517,China Southern,text,Duration: 1h 55m,,True,2026-02-17T11:29:46.227494
2026-03-31,CAN,departure,11:50,PKX Beijing,MU6304,China Eastern,text,Duration: 3h 5m,,True,2026-02-17T11:29:46.227500
2026-03-31,CAN,departure,11:50,TYN Taiyuan,MU5252,China Eastern,text,Duration: 3h 10m,,True,2026-02-17T11:29:46.227505
2026-03-31,CAN,departure,11:50,WUX Wuxi,ZH9827,Shenzhen Airlines,text,Duration: 2h 25m,,True,2026-02-17T11:29:46.227510
2026-03-31,CAN,departure,11:55,CTU Chengdu,CA4306,Air China,text,Duration: 2h 35m,,True,2026-02-17T11:29:46.227515
2026-03-31,CAN,departure,11:55,KUL Kuala Lumpur,CZ8347,China Southern,text,Duration: 4h 10m,,True,2026-02-17T11:29:46.227520
2026-03-31,CAN,departure,11:55,XIY Xian,CZ3219,China Southern,text,Duration: 2h 50m,,True,2026-02-17T11:29:46.227526
2026-03-31,CAN,departure,11:55,PVG Shanghai,HU7331,Hainan Airlines,text,Duration: 2h 35m,,True,2026-02-17T11:29:46.227531
2026-03-31,CAN,departure,11:55,TSN Tianjin,MF8314,XiamenAir,text,Duration: 3h 20m,,True,2026-02-17T11:29:46.227537
2026-03-31,CAN,departure,11:55,LHW Lanzhou,MU2220,China Eastern,text,Duration: 3h 15m,,True,2026-02-17T11:29:46.227542
2026-03-31,CAN,departure,12:00,TFU Chengdu,3U6702,Sichuan Airlines,text,Duration: 2h 5m,,True,2026-02-17T11:29:46.227548
2026-03-31,CAN,departure,12:00,PKX Beijing,CZ3103,China Southern,text,Duration: 2h 55m,,True,2026-02-17T11:29:46.227553
2026-03-31,CAN,departure,12:00,SHA Shanghai,CZ3539,China Southern,text,Duration: 2h 20m,,True,2026-02-17T11:29:46.227559
2026-03-31,CAN,departure,12:00,TAO Qingdao,MU5256,China Eastern,text,Duration: 2h 55m,,True,2026-02-17T11:29:46.227564
2026-03-31,CAN,departure,12:00,YNT Yantai,SC7622,Shandong Airlines,text,Duration: 3h 10m,,True,2026-02-17T11:29:46.227569
2026-03-31,CAN,departure,12:05,SHA Shanghai,9C6722,Spring Airlines,text,Duration: 2h 25m,,True,2026-02-17T11:29:46.227574
2026-03-31,CAN,departure,12:05,BKK Bangkok,CZ5095,China Southern,text,Duration: 3h 0m,,True,2026-02-17T11:29:46.227579
2026-03-31,CAN,departure,12:05,LJG Lijiang,CZ3423,China Southern,text,Duration: 2h 50m,,True,2026-02-17T11:29:46.227584
2026-03-31,CAN,departure,12:05,TSN Tianjin,CZ3143,China Southern,text,Duration: 3h 10m,,True,2026-02-17T11:29:46.227589
2026-03-31,CAN,departure,12:05,XMN Xiamen,CZ3741,China Southern,text,Duration: 1h 25m,,True,2026-02-17T11:29:46.227595
2026-03-31,CAN,departure,12:05,INC Yinchuan,MF8754,XiamenAir,text,Duration: 3h 20m,,True,2026-02-17T11:29:46.227600
2026-03-31,CAN,departure,12:10,WNZ Wenzhou,CA8352,Air China,text,Duration: 2h 10m,,True,2026-02-17T11:29:46.227605
2026-03-31,CAN,departure,12:10,DLC Dalian,CZ6322,China Southern,text,Duration: 3h 20m,,True,2026-02-17T11:29:46.227610
2026-03-31,CAN,departure,12:10,HGH Hangzhou,CZ3869,China Southern,text,Duration: 2h 10m,,True,2026-02-17T11:29:46.227616
2026-03-31,CAN,departure,12:15,PKX Beijing,MF8396,XiamenAir,text,Duration: 3h 0m,,True,2026-02-17T11:29:46.227621
2026-03-31,CAN,departure,12:15,XIY Xian,MU2312,China Eastern,text,Duration: 2h 20m,,True,2026-02-17T11:29:46.227626
2026-03-31,CAN,departure,12:20,HIA Huai'an,MU2870,China Eastern,text,Duration: 2h 25m,,True,2026-02-17T11:29:46.227631
2026-03-31,CAN,departure,12:20,HRB Harbin,ZH9677,Shenzhen Airlines,text,Duration: 4h 5m,,True,2026-02-17T11:29:46.227636
2026-03-31,CAN,departure,12:25,TFU Chengdu,AQ1115,9 Air,text,Duration: 2h 25m,,True,2026-02-17T11:29:46.227641
2026-03-31,CAN,departure,12:25,HFE Hefei,CZ3873,China Southern,text,Duration: 2h 15m,,True,2026-02-17T11:29:46.227646
2026-03-31,CAN,departure,12:25,HGH Hangzhou,MF8320,XiamenAir,text,Duration: 2h 0m,,True,2026-02-17T11:29:46.227651
2026-03-31,CAN,departure,12:25,ICN Seoul,OZ370,Asiana,text,Duration: 3h 35m,,True,2026-02-17T11:29:46.227656
2026-03-31,CAN,departure,12:30,BKK Bangkok,CZ3081,China Southern,text,Duration: 3h 0m,,True,2026-02-17T11:29:46.227662
2026-03-31,CAN,departure,12:30,WUH Wuhan,CZ8728,China Southern,text,Duration: 1h 50m,,True,2026-02-17T11:29:46.227668
2026-03-31,CAN,departure,12:30,SHA Shanghai,FM9308,Shanghai Airlines,text,Duration: 2h 10m,,True,2026-02-17T11:29:46.227673
2026-03-31,CAN,departure,12:30,XIY Xian,HU7838,Hainan Airlines,text,Duration: 2h 40m,,True,2026-02-17T11:29:46.227678
2026-03-31,CAN,departure,12:30,SJW Shijiazhuang,NS3204,Hebei Airlines,text,Duration: 2h 40m,,True,2026-02-17T11:29:46.227684
2026-03-31,CAN,departure,12:35,CGO Zhengzhou,CZ8686,China Southern,text,Duration: 2h 20m,,True,2026-02-17T11:29:46.227689
2026-03-31,CAN,departure,12:35,KTI Phnom Penh,CZ6059,China Southern,text,Duration: 2h 55m,,True,2026-02-17T11:29:46.227768
2026-03-31,CAN,departure,12:35,TNA Jinan,CZ3711,China Southern,text,Duration: 2h 45m,,True,2026-02-17T11:29:46.227775
2026-03-31,CAN,departure,12:40,PEK Beijing,CA1352,Air China,text,Duration: 3h 20m,,True,2026-02-17T11:29:46.227780
2026-03-31,CAN,departure,12:40,KUL Kuala Lumpur,CZ8301,China Southern,text,Duration: 4h 20m,,True,2026-02-17T11:29:46.227787
2026-03-31,CAN,departure,12:40,SGN Ho Chi Minh City,CZ373,China Southern,text,Duration: 2h 50m,,True,2026-02-17T11:29:46.227793
2026-03-31,CAN,departure,12:40,SHA Shanghai,HO2288,Juneyao Airlines,text,Duration: 2h 15m,,True,2026-02-17T11:29:46.227798
2026-03-31,CAN,departure,12:40,CKG Chongqing,HU7341,Hainan Airlines,text,Duration: 2h 25m,,True,2026-02-17T11:29:46.227803
2026-03-31,CAN,departure,12:40,ICN Seoul,KE868,Korean Air,text,Duration: 3h 35m,,True,2026-02-17T11:29:46.227809
2026-03-31,CAN,departure,12:45,SIN Singapore,CZ3039,China Southern,text,Duration: 4h 5m,,True,2026-02-17T11:29:46.227814
2026-03-31,CAN,departure,12:50,PKX Beijing,MU6306,China Eastern,text,Duration: 2h 55m,,True,2026-02-17T11:29:46.227820
2026-03-31,CAN,departure,12:50,TNA Jinan,SC1170,Shandong Airlines,text,Duration: 2h 35m,,True,2026-02-17T11:29:46.227825
2026-03-31,CAN,departure,12:50,WUS Wuyishan,SC4674,Shandong Airlines,text,Duration: 1h 25m,,True,2026-02-17T11:29:46.227830
2026-03-31,CAN,departure,12:50,NKG Nanjing,ZH9867,Shenzhen Airlines,text,Duration: 2h 25m,,True,2026-02-17T11:29:46.227836
2026-03-31,CAN,departure,12:55,HKT Phuket,CZ6063,China Southern,text,Duration: 3h 45m,,True,2026-02-17T11:29:46.227841
2026-03-31,CAN,departure,12:55,MXZ Mei Xian,CZ3333,China Southern,text,Duration: 1h 5m,,True,2026-02-17T11:29:46.227847
2026-03-31,CAN,departure,12:55,TAO Qingdao,CZ3799,China Southern,text,Duration: 3h 5m,,True,2026-02-17T11:29:46.227852
2026-03-31,CAN,departure,12:55,TFU Chengdu,MU5322,China Eastern,text,Duration: 2h 15m,,True,2026-02-17T11:29:46.227857
2026-03-31,CAN,departure,12:55,XIY Xian,ZH9223,Shenzhen Airlines,text,Duration: 2h 30m,,True,2026-02-17T11:29:46.227863
2026-03-31,CAN,departure,13:00,DXB Dubai,CZ8057,China Southern,text,Duration: 9h 10m,,True,2026-02-17T11:29:46.227869
2026-03-31,CAN,departure,13:00,PKX Beijing,CZ3179,China Southern,text,Duration: 2h 55m,,True,2026-02-17T11:29:46.227874
2026-03-31,CAN,departure,13:00,SHA Shanghai,CZ3525,China Southern,text,Duration: 2h 25m,,True,2026-02-17T11:29:46.227880
2026-03-31,CAN,departure,13:00,PVG Shanghai,FM9310,Shanghai Airlines,text,Duration: 2h 15m,,True,2026-02-17T11:29:46.227885
2026-03-31,CAN,departure,13:00,HAK Haikou,HU7008,Hainan Airlines,text,Duration: 1h 30m,,True,2026-02-17T11:29:46.227890
2026-03-31,CAN,departure,13:05,DZH Dazhou,CA4356,Air China,text,Duration: 2h 30m,,True,2026-02-17T11:29:46.227895
2026-03-31,CAN,departure,13:05,XIY Xian,CZ3207,China Southern,text,Duration: 2h 35m,,True,2026-02-17T11:29:46.227901
2026-03-31,CAN,departure,13:05,YIW Yiwu,CZ3149,China Southern,text,Duration: 2h 0m,,True,2026-02-17T11:29:46.227906
2026-03-31,CAN,departure,13:05,HFE Hefei,HU7203,Hainan Airlines,text,Duration: 2h 0m,,True,2026-02-17T11:29:46.227911
2026-03-31,CAN,departure,13:05,SHE Shenyang,ZH9655,Shenzhen Airlines,text,Duration: 3h 35m,,True,2026-02-17T11:29:46.227916
2026-03-31,CAN,departure,13:10,CKG Chongqing,CZ3485,China Southern,text,Duration: 2h 10m,,True,2026-02-17T11:29:46.227921
2026-03-31,CAN,departure,13:10,HGH Hangzhou,CZ3511,China Southern,text,Duration: 2h 10m,,True,2026-02-17T11:29:46.227927
2026-03-31,CAN,departure,13:10,NKG Nanjing,CZ3821,China Southern,text,Duration: 2h 20m,,True,2026-02-17T11:29:46.227932
2026-03-31,CAN,departure,13:10,WNZ Wenzhou,KN5038,China United Airlines,text,Duration: 1h 45m,,True,2026-02-17T11:29:46.227938
2026-03-31,CAN,departure,13:15,CTU Chengdu,CZ3471,China Southern,text,Duration: 2h 25m,,True,2026-02-17T11:29:46.227943
2026-03-31,CAN,departure,13:15,PEK Beijing,HU7808,Hainan Airlines,text,Duration: 3h 0m,,True,2026-02-17T11:29:46.227948
2026-03-31,CAN,departure,13:15,FOC Fuzhou,MF8356,XiamenAir,text,Duration: 1h 55m,,True,2026-02-17T11:29:46.227954
2026-03-31,CAN,departure,13:20,LHR London,CZ303,China Southern,text,Duration: 12h 40m,,True,2026-02-17T11:29:46.227959
2026-03-31,CAN,departure,13:20,VTE Vientiane,CZ6091,China Southern,text,Duration: 2h 25m,,True,2026-02-17T11:29:46.227964
2026-03-31,CAN,departure,13:25,TYN Taiyuan,CZ6527,China Southern,text,Duration: 2h 50m,,True,2026-02-17T11:29:46.227969
2026-03-31,CAN,departure,13:25,KTI Phnom Penh,K6669,Air Cambodia,text,Duration: 2h 55m,,True,2026-02-17T11:29:46.227975
2026-03-31,CAN,departure,13:25,SIN Singapore,SQ851,Singapore Airlines,text,Duration: 4h 20m,,True,2026-02-17T11:29:46.227980
2026-03-31,CAN,departure,13:30,HET Hohhot,CA1382,Air China,text,Duration: 3h 25m,,True,2026-02-17T11:29:46.227985
2026-03-31,CAN,departure,13:30,SHE Shenyang,CZ6302,China Southern,text,Duration: 4h 0m,,True,2026-02-17T11:29:46.227990
2026-03-31,CAN,departure,13:30,WUH Wuhan,CZ8672,China Southern,text,Duration: 1h 55m,,True,2026-02-17T11:29:46.227996
2026-03-31,CAN,departure,13:30,SHA Shanghai,FM9312,Shanghai Airlines,text,Duration: 2h 15m,,True,2026-02-17T11:29:46.228001
2026-03-31,CAN,departure,13:30,XIY Xian,MU2302,China Eastern,text,Duration: 2h 35m,,True,2026-02-17T11:29:46.228006
2026-03-31,CAN,departure,13:30,CZX Changzhou,ZH8943,Shenzhen Airlines,text,Duration: 2h 15m,,True,2026-02-17T11:29:46.228011
2026-03-31,CAN,departure,13:35,CKG Chongqing,3U8748,Sichuan Airlines,text,Duration: 2h 0m,,True,2026-02-17T11:29:46.228016
2026-03-31,CAN,departure,13:35,CXR Nha Trang,CZ6049,China Southern,text,Duration: 2h 35m,,True,2026-02-17T11:29:46.228022
2026-03-31,CAN,departure,13:40,PEK Beijing,CA1322,Air China,text,Duration: 3h 20m,,True,2026-02-17T11:29:46.228027
2026-03-31,CAN,departure,13:40,HAN Hanoi,CZ8315,China Southern,text,Duration: 2h 5m,,True,2026-02-17T11:29:46.228032
2026-03-31,CAN,departure,13:45,CGQ Changchun,CZ6342,China Southern,text,Duration: 4h 15m,,True,2026-02-17T11:29:46.228106
2026-03-31,CAN,departure,13:50,FOC Fuzhou,CZ3877,China Southern,text,Duration: 1h 45m,,True,2026-02-17T11:29:46.228114
2026-03-31,CAN,departure,13:50,NGB Ningbo,CZ3775,China Southern,text,Duration: 2h 10m,,True,2026-02-17T11:29:46.228119
2026-03-31,CAN,departure,13:50,LYI Linyi,ZH9481,Shenzhen Airlines,text,Duration: 2h 45m,,True,2026-02-17T11:29:46.228125
2026-03-31,CAN,departure,13:50,NKG Nanjing,ZH9869,Shenzhen Airlines,text,Duration: 2h 20m,,True,2026-02-17T11:29:46.228130
2026-03-31,CAN,departure,13:55,KMG Kunming,CZ3407,China Southern,text,Duration: 2h 40m,,True,2026-02-17T11:29:46.228136
2026-03-31,CAN,departure,13:55,MNL Manila,CZ397,China Southern,text,Duration: 2h 50m,,True,2026-02-17T11:29:46.228141
2026-03-31,CAN,departure,13:55,PEN Penang,CZ5047,China Southern,text,Duration: 4h 5m,,True,2026-02-17T11:29:46.228146
2026-03-31,CAN,departure,14:00,TFU Chengdu,CA4308,Air China,text,Duration: 2h 20m,,True,2026-02-17T11:29:46.228152
2026-03-31,CAN,departure,14:00,PKX Beijing,CZ3109,China Southern,text,Duration: 3h 5m,,True,2026-02-17T11:29:46.228158
2026-03-31,CAN,departure,14:00,PVG Shanghai,CZ3487,China Southern,text,Duration: 2h 30m,,True,2026-02-17T11:29:46.228163
2026-03-31,CAN,departure,14:00,HRB Harbin,JD5165,Capital Airlines,text,Duration: 3h 55m,,True,2026-02-17T11:29:46.228169
2026-03-31,CAN,departure,14:00,SHA Shanghai,MU5316,China Eastern,text,Duration: 2h 15m,,True,2026-02-17T11:29:46.228174
2026-03-31,CAN,departure,14:05,SYX Sanya,CZ6734,China Southern,text,Duration: 1h 40m,,True,2026-02-17T11:29:46.228179
2026-03-31,CAN,departure,14:05,XMN Xiamen,CZ3879,China Southern,text,Duration: 1h 25m,,True,2026-02-17T11:29:46.228185
2026-03-31,CAN,departure,14:10,PVG Shanghai,CA8582,Air China,text,Duration: 2h 30m,,True,2026-02-17T11:29:46.228190
2026-03-31,CAN,departure,14:10,KWE Guiyang,CZ3692,China Southern,text,Duration: 1h 55m,,True,2026-02-17T11:29:46.228195
2026-03-31,CAN,departure,14:10,LHW Lanzhou,CZ3385,China Southern,text,Duration: 3h 15m,,True,2026-02-17T11:29:46.228200
2026-03-31,CAN,departure,14:10,HND Tokyo,JL88,JAL,text,Duration: 4h 20m,,True,2026-02-17T11:29:46.228206
2026-03-31,CAN,departure,14:10,JJN Jinjiang,MF8386,XiamenAir,text,Duration: 1h 35m,,True,2026-02-17T11:29:46.228211
2026-03-31,CAN,departure,14:15,CTU Chengdu,3U8732,Sichuan Airlines,text,Duration: 2h 20m,,True,2026-02-17T11:29:46.228216
2026-03-31,CAN,departure,14:15,RGN Yangon,8M712,MAI,text,Duration: 3h 5m,,True,2026-02-17T11:29:46.228222
2026-03-31,CAN,departure,14:15,CGO Zhengzhou,CZ6626,China Southern,text,Duration: 2h 20m,,True,2026-02-17T11:29:46.228227
2026-03-31,CAN,departure,14:15,NKG Nanjing,HU7213,Hainan Airlines,text,Duration: 2h 10m,,True,2026-02-17T11:29:46.228232
2026-03-31,CAN,departure,14:15,HND Tokyo,NH924,ANA,text,Duration: 4h 30m,,True,2026-02-17T11:29:46.228238
2026-03-31,CAN,departure,14:20,TNA Jinan,CZ8479,China Southern,text,Duration: 2h 45m,,True,2026-02-17T11:29:46.228243
2026-03-31,CAN,departure,14:20,YIW Yiwu,CZ3795,China Southern,text,Duration: 2h 0m,,True,2026-02-17T11:29:46.228248
2026-03-31,CAN,departure,14:25,HRB Harbin,CZ3623,China Southern,text,Duration: 4h 15m,,True,2026-02-17T11:29:46.228253
2026-03-31,CAN,departure,14:25,XIY Xian,CZ3215,China Southern,text,Duration: 2h 35m,,True,2026-02-17T11:29:46.228258
2026-03-31,CAN,departure,14:25,LJG Lijiang,MU5742,China Eastern,text,Duration: 3h 0m,,True,2026-02-17T11:29:46.228263
2026-03-31,CAN,departure,14:30,TAO Qingdao,CZ5899,China Southern,text,Duration: 3h 5m,,True,2026-02-17T11:29:46.228269
2026-03-31,CAN,departure,14:30,SHA Shanghai,HO1858,Juneyao Airlines,text,Duration: 2h 20m,,True,2026-02-17T11:29:46.228274
2026-03-31,CAN,departure,14:30,CKG Chongqing,HU7441,Hainan Airlines,text,Duration: 2h 10m,,True,2026-02-17T11:29:46.228279
2026-03-31,CAN,departure,14:30,SHA Shanghai,MU5308,China Eastern,text,Duration: 2h 25m,,True,2026-02-17T11:29:46.228284
2026-03-31,CAN,departure,14:30,TNA Jinan,ZH9977,Shenzhen Airlines,text,Duration: 2h 35m,,True,2026-02-17T11:29:46.228289
2026-03-31,CAN,departure,14:35,HGH Hangzhou,GJ8700,Loong Air,text,Duration: 2h 25m,,True,2026-02-17T11:29:46.228294
2026-03-31,CAN,departure,14:35,KUL Kuala Lumpur,MH377,Malaysia Airlines,text,Duration: 4h 5m,,True,2026-02-17T11:29:46.228300
2026-03-31,CAN,departure,14:35,CTU Chengdu,MU6832,China Eastern,text,Duration: 2h 10m,,True,2026-02-17T11:29:46.228305
2026-03-31,CAN,departure,14:40,PEK Beijing,CA1318,Air China,text,Duration: 3h 5m,,True,2026-02-17T11:29:46.228310
2026-03-31,CAN,departure,14:40,HND Tokyo,CZ3085,China Southern,text,Duration: 4h 5m,,True,2026-02-17T11:29:46.228315
2026-03-31,CAN,departure,14:45,HGH Hangzhou,AQ1071,9 Air,text,Duration: 2h 5m,,True,2026-02-17T11:29:46.228320
2026-03-31,CAN,departure,14:45,LJG Lijiang,OQ2111,Chongqing Airlines,text,Duration: 3h 10m,,True,2026-02-17T11:29:46.228325
2026-03-31,CAN,departure,14:50,BKK Bangkok,CZ8023,China Southern,text,Duration: 3h 0m,,True,2026-02-17T11:29:46.228330
2026-03-31,CAN,departure,14:50,HFE Hefei,CZ6585,China Southern,text,Duration: 2h 15m,,True,2026-02-17T11:29:46.228335
2026-03-31,CAN,departure,14:55,WNZ Wenzhou,CZ3527,China Southern,text,Duration: 1h 55m,,True,2026-02-17T11:29:46.228340
2026-03-31,CAN,departure,15:00,PKX Beijing,CZ3999,China Southern,text,Duration: 3h 15m,,True,2026-02-17T11:29:46.228345
2026-03-31,CAN,departure,15:00,SHA Shanghai,CZ3571,China Southern,text,Duration: 2h 25m,,True,2026-02-17T11:29:46.228350
2026-03-31,CAN,departure,15:00,WUH Wuhan,CZ5770,China Southern,text,Duration: 1h 45m,,True,2026-02-17T11:29:46.228355
2026-03-31,CAN,departure,15:05,KMG Kunming,CZ3449,China Southern,text,Duration: 2h 30m,,True,2026-02-17T11:29:46.228360
2026-03-31,CAN,departure,15:05,LUM Mangshi,CZ6499,China Southern,text,Duration: 2h 55m,,True,2026-02-17T11:29:46.228365
2026-03-31,CAN,departure,15:05,XUZ Xuzhou,CZ3339,China Southern,text,Duration: 2h 20m,,True,2026-02-17T11:29:46.228451
2026-03-31,CAN,departure,15:05,CGO Zhengzhou,HU7287,Hainan Airlines,text,Duration: 2h 25m,,True,2026-02-17T11:29:46.228458
2026-03-31,CAN,departure,15:05,CKG Chongqing,OQ2318,Chongqing Airlines,text,Duration: 2h 25m,,True,2026-02-17T11:29:46.228463
2026-03-31,CAN,departure,15:10,BKI Kota Kinabalu,CZ8335,China Southern,text,Duration: 3h 10m,,True,2026-02-17T11:29:46.228469
2026-03-31,CAN,departure,15:10,HGH Hangzhou,CZ3501,China Southern,text,Duration: 2h 10m,,True,2026-02-17T11:29:46.228474
2026-03-31,CAN,departure,15:10,NKG Nanjing,CZ3699,China Southern,text,Duration: 2h 20m,,True,2026-02-17T11:29:46.228479
2026-03-31,CAN,departure,15:15,CTU Chengdu,CZ3417,China Southern,text,Duration: 2h 20m,,True,2026-02-17T11:29:46.228484
2026-03-31,CAN,departure,15:15,NKG Nanjing,HU7313,Hainan Airlines,text,Duration: 2h 10m,,True,2026-02-17T11:29:46.228490
2026-03-31,CAN,departure,15:15,PEK Beijing,HU7810,Hainan Airlines,text,Duration: 3h 0m,,True,2026-02-17T11:29:46.228496
2026-03-31,CAN,departure,15:15,PKX Beijing,MU6308,China Eastern,text,Duration: 3h 0m,,True,2026-02-17T11:29:46.228501
2026-03-31,CAN,departure,15:15,SGN Ho Chi Minh City,VN503,Vietnam Airlines,text,Duration: 3h 5m,,True,2026-02-17T11:29:46.228506
2026-03-31,CAN,departure,15:20,TFU Chengdu,HU7251,Hainan Airlines,text,Duration: 2h 20m,,True,2026-02-17T11:29:46.228512
2026-03-31,CAN,departure,15:25,TSN Tianjin,GS7896,Tianjin Airlines,text,Duration: 2h 50m,,True,2026-02-17T11:29:46.228518
2026-03-31,CAN,departure,15:25,PVG Shanghai,ZH9535,Shenzhen Airlines,text,Duration: 2h 20m,,True,2026-02-17T11:29:46.228524
2026-03-31,CAN,departure,15:30,CGO Zhengzhou,CZ8766,China Southern,text,Duration: 2h 20m,,True,2026-02-17T11:29:46.228529
2026-03-31,CAN,departure,15:30,SHA Shanghai,MU5310,China Eastern,text,Duration: 2h 15m,,True,2026-02-17T11:29:46.228535
2026-03-31,CAN,departure,15:30,LHW Lanzhou,OQ2131,Chongqing Airlines,text,Duration: 3h 25m,,True,2026-02-17T11:29:46.228540
2026-03-31,CAN,departure,15:35,PKX Beijing,CA8677,Air China,text,Duration: 3h 15m,,True,2026-02-17T11:29:46.228545
2026-03-31,CAN,departure,15:35,SHE Shenyang,CZ6368,China Southern,text,Duration: 3h 50m,,True,2026-02-17T11:29:46.228551
2026-03-31,CAN,departure,15:35,TAS Tashkent,CZ3053,China Southern,text,Duration: 7h 15m,,True,2026-02-17T11:29:46.228556
2026-03-31,CAN,departure,15:40,PEK Beijing,CA1316,Air China,text,Duration: 3h 20m,,True,2026-02-17T11:29:46.228561
2026-03-31,CAN,departure,15:40,URC Urumqi,CZ6892,China Southern,text,Duration: 5h 20m,,True,2026-02-17T11:29:46.228567
2026-03-31,CAN,departure,15:40,WSK Wushan,CZ3961,China Southern,text,Duration: 2h 10m,,True,2026-02-17T11:29:46.228572
2026-03-31,CAN,departure,15:45,CGQ Changchun,CZ3606,China Southern,text,Duration: 4h 15m,,True,2026-02-17T11:29:46.228577
2026-03-31,CAN,departure,15:45,BKK Bangkok,TG669,Thai Airways,text,Duration: 3h 0m,,True,2026-02-17T11:29:46.228582
2026-03-31,CAN,departure,15:55,BKK Bangkok,CZ363,China Southern,text,Duration: 3h 0m,,True,2026-02-17T11:29:46.228588
2026-03-31,CAN,departure,15:55,HGH Hangzhou,MF8382,XiamenAir,text,Duration: 1h 55m,,True,2026-02-17T11:29:46.228593
2026-03-31,CAN,departure,15:55,HPH Haiphong,ZH129,Shenzhen Airlines,text,Duration: 2h 25m,,True,2026-02-17T11:29:46.228598
2026-03-31,CAN,departure,16:00,CTU Chengdu,CA4318,Air China,text,Duration: 2h 35m,,True,2026-02-17T11:29:46.228603
2026-03-31,CAN,departure,16:00,CNX Chiang Mai,CZ3033,China Southern,text,Duration: 2h 50m,,True,2026-02-17T11:29:46.228609
2026-03-31,CAN,departure,16:00,ISB Islamabad,CZ8069,China Southern,text,Duration: 6h 35m,,True,2026-02-17T11:29:46.228615
2026-03-31,CAN,departure,16:00,PKX Beijing,CZ3115,China Southern,text,Duration: 3h 10m,,True,2026-02-17T11:29:46.228620
2026-03-31,CAN,departure,16:00,SHA Shanghai,CZ3503,China Southern,text,Duration: 2h 25m,,True,2026-02-17T11:29:46.228625
2026-03-31,CAN,departure,16:00,NGB Ningbo,HU7233,Hainan Airlines,text,Duration: 1h 55m,,True,2026-02-17T11:29:46.228631
2026-03-31,CAN,departure,16:00,NGB Ningbo,MU5238,China Eastern,text,Duration: 1h 55m,,True,2026-02-17T11:29:46.228636
2026-03-31,CAN,departure,16:00,TAO Qingdao,ZH9993,Shenzhen Airlines,text,Duration: 3h 5m,,True,2026-02-17T11:29:46.228641
2026-03-31,CAN,departure,16:05,SGN Ho Chi Minh City,9C7347,Spring Airlines,text,Duration: 2h 50m,,True,2026-02-17T11:29:46.228647
2026-03-31,CAN,departure,16:05,SHA Shanghai,9C6720,Spring Airlines,text,Duration: 1h 55m,,True,2026-02-17T11:29:46.228653
2026-03-31,CAN,departure,16:05,PVG Shanghai,AQ1011,9 Air,text,Duration: 2h 15m,,True,2026-02-17T11:29:46.228658
2026-03-31,CAN,departure,16:05,TSN Tianjin,CZ3135,China Southern,text,Duration: 3h 0m,,True,2026-02-17T11:29:46.228664
2026-03-31,CAN,departure,16:05,WUX Wuxi,ZH9829,Shenzhen Airlines,text,Duration: 2h 25m,,True,2026-02-17T11:29:46.228669
2026-03-31,CAN,departure,16:10,TAO Qingdao,CZ3573,China Southern,text,Duration: 3h 5m,,True,2026-02-17T11:29:46.228674
2026-03-31,CAN,departure,16:10,TYN Taiyuan,CZ3695,China Southern,text,Duration: 2h 40m,,True,2026-02-17T11:29:46.228679
2026-03-31,CAN,departure,16:10,TFU Chengdu,HU7351,Hainan Airlines,text,Duration: 2h 20m,,True,2026-02-17T11:29:46.228684
2026-03-31,CAN,departure,16:10,SJW Shijiazhuang,OQ2135,Chongqing Airlines,text,Duration: 2h 45m,,True,2026-02-17T11:29:46.228690
2026-03-31,CAN,departure,16:10,RUH Riyadh,SV885,Saudia,text,Duration: 9h 10m,,True,2026-02-17T11:29:46.228695
2026-03-31,CAN,departure,16:15,LFQ Qiaoli,CZ8927,China Southern,text,Duration: 2h 50m,,True,2026-02-17T11:29:46.228700
2026-03-31,CAN,departure,16:15,YNT Yantai,CZ8777,China Southern,text,Duration: 3h 15m,,True,2026-02-17T11:29:46.228705
2026-03-31,CAN,departure,16:15,HAK Haikou,ZH8991,Shenzhen Airlines,text,Duration: 1h 25m,,True,2026-02-17T11:29:46.228710
2026-03-31,CAN,departure,16:20,SHA Shanghai,CA1829,Air China,text,Duration: 2h 20m,,True,2026-02-17T11:29:46.228715
2026-03-31,CAN,departure,16:20,CKG Chongqing,CZ3411,China Southern,text,Duration: 2h 20m,,True,2026-02-17T11:29:46.228790
2026-03-31,CAN,departure,16:20,INC Yinchuan,CZ5701,China Southern,text,Duration: 2h 55m,,True,2026-02-17T11:29:46.228797
2026-03-31,CAN,departure,16:20,HAN Hanoi,VN507,Vietnam Airlines,text,Duration: 2h 10m,,True,2026-02-17T11:29:46.228802
2026-03-31,CAN,departure,16:25,SWA Jieyang,CZ3892,China Southern,text,Duration: 1h 10m,,True,2026-02-17T11:29:46.228807
2026-03-31,CAN,departure,16:25,YCU Yuncheng,CZ3921,China Southern,text,Duration: 2h 50m,,True,2026-02-17T11:29:46.228812
2026-03-31,CAN,departure,16:25,KMG Kunming,MU9690,China Eastern,text,Duration: 2h 30m,,True,2026-02-17T11:29:46.228818
2026-03-31,CAN,departure,16:30,HAK Haikou,CZ6778,China Southern,text,Duration: 1h 20m,,True,2026-02-17T11:29:46.228823
2026-03-31,CAN,departure,16:30,XNN Xining,CZ6241,China Southern,text,Duration: 3h 10m,,True,2026-02-17T11:29:46.228828
2026-03-31,CAN,departure,16:30,SHA Shanghai,MU5312,China Eastern,text,Duration: 2h 20m,,True,2026-02-17T11:29:46.228833
2026-03-31,CAN,departure,16:35,LHE Lahore,CZ6037,China Southern,text,Duration: 6h 10m,,True,2026-02-17T11:29:46.228839
2026-03-31,CAN,departure,16:35,WUH Wuhan,MU2541,China Eastern,text,Duration: 1h 50m,,True,2026-02-17T11:29:46.228844
2026-03-31,CAN,departure,16:40,PEK Beijing,CA1340,Air China,text,Duration: 3h 35m,,True,2026-02-17T11:29:46.228849
2026-03-31,CAN,departure,16:40,CZX Changzhou,CZ3899,China Southern,text,Duration: 2h 15m,,True,2026-02-17T11:29:46.228854
2026-03-31,CAN,departure,16:40,URC Urumqi,UQ2592,Urumqi Airlines,text,Duration: 5h 15m,,True,2026-02-17T11:29:46.228860
2026-03-31,CAN,departure,16:45,YIW Yiwu,CZ3304,China Southern,text,Duration: 2h 5m,,True,2026-02-17T11:29:46.228865
2026-03-31,CAN,departure,16:50,WUH Wuhan,CA8232,Air China,text,Duration: 1h 40m,,True,2026-02-17T11:29:46.228870
2026-03-31,CAN,departure,16:50,PEN Penang,CZ395,China Southern,text,Duration: 4h 10m,,True,2026-02-17T11:29:46.228875
2026-03-31,CAN,departure,16:50,WXN Wanxian,CZ8253,China Southern,text,Duration: 2h 10m,,True,2026-02-17T11:29:46.228881
2026-03-31,CAN,departure,16:55,SJW Shijiazhuang,9C8899,Spring Airlines,text,Duration: 2h 50m,,True,2026-02-17T11:29:46.228887
2026-03-31,CAN,departure,16:55,BKK Bangkok,CZ8019,China Southern,text,Duration: 3h 0m,,True,2026-02-17T11:29:46.228892
2026-03-31,CAN,departure,16:55,CSX Changsha,CZ3388,China Southern,text,Duration: 1h 35m,,True,2026-02-17T11:29:46.228898
2026-03-31,CAN,departure,16:55,FUG Fuyang,CZ3931,China Southern,text,Duration: 2h 15m,,True,2026-02-17T11:29:46.228905
2026-03-31,CAN,departure,16:55,KHN Nanchang,CZ8531,China Southern,text,Duration: 1h 40m,,True,2026-02-17T11:29:46.228910
2026-03-31,CAN,departure,16:55,SHE Shenyang,CZ6348,China Southern,text,Duration: 4h 0m,,True,2026-02-17T11:29:46.228916
2026-03-31,CAN,departure,16:55,WUX Wuxi,MU2918,China Eastern,text,Duration: 2h 25m,,True,2026-02-17T11:29:46.228921
2026-03-31,CAN,departure,16:55,CKG Chongqing,OQ2324,Chongqing Airlines,text,Duration: 2h 20m,,True,2026-02-17T11:29:46.228926
2026-03-31,CAN,departure,17:00,YBP Yibin,3U3053,Sichuan Airlines,text,Duration: 2h 5m,,True,2026-02-17T11:29:46.228932
2026-03-31,CAN,departure,17:00,PKX Beijing,CZ3113,China Southern,text,Duration: 3h 15m,,True,2026-02-17T11:29:46.228937
2026-03-31,CAN,departure,17:00,WUH Wuhan,CZ3346,China Southern,text,Duration: 1h 45m,,True,2026-02-17T11:29:46.228943
2026-03-31,CAN,departure,17:00,CGO Zhengzhou,HU7283,Hainan Airlines,text,Duration: 2h 25m,,True,2026-02-17T11:29:46.228949
2026-03-31,CAN,departure,17:00,HFE Hefei,ZH9989,Shenzhen Airlines,text,Duration: 2h 0m,,True,2026-02-17T11:29:46.228955
2026-03-31,CAN,departure,17:05,PKX Beijing,AQ1001,9 Air,text,Duration: 3h 10m,,True,2026-02-17T11:29:46.228960
2026-03-31,CAN,departure,17:05,CGO Zhengzhou,CZ3394,China Southern,text,Duration: 2h 25m,,True,2026-02-17T11:29:46.228965
2026-03-31,CAN,departure,17:05,XIY Xian,CZ3203,China Southern,text,Duration: 2h 40m,,True,2026-02-17T11:29:46.228971
2026-03-31,CAN,departure,17:05,NKG Nanjing,ZH9871,Shenzhen Airlines,text,Duration: 2h 25m,,True,2026-02-17T11:29:46.228976
2026-03-31,CAN,departure,17:10,TFU Chengdu,3U6704,Sichuan Airlines,text,Duration: 2h 5m,,True,2026-02-17T11:29:46.228981
2026-03-31,CAN,departure,17:10,HGH Hangzhou,CZ3829,China Southern,text,Duration: 2h 10m,,True,2026-02-17T11:29:46.228987
2026-03-31,CAN,departure,17:10,NKG Nanjing,CZ3697,China Southern,text,Duration: 2h 20m,,True,2026-02-17T11:29:46.228992
2026-03-31,CAN,departure,17:10,URC Urumqi,CZ6013,China Southern,text,Duration: 5h 20m,,True,2026-02-17T11:29:46.228998
2026-03-31,CAN,departure,17:10,VTE Vientiane,QV882,Lao Airlines,text,Duration: 2h 30m,,True,2026-02-17T11:29:46.229003
2026-03-31,CAN,departure,17:10,YNT Yantai,ZH9675,Shenzhen Airlines,text,Duration: 3h 10m,,True,2026-02-17T11:29:46.229009
2026-03-31,CAN,departure,17:15,TFU Chengdu,CZ3475,China Southern,text,Duration: 2h 20m,,True,2026-02-17T11:29:46.229014
2026-03-31,CAN,departure,17:15,TNA Jinan,CZ3707,China Southern,text,Duration: 2h 55m,,True,2026-02-17T11:29:46.229019
2026-03-31,CAN,departure,17:15,NKG Nanjing,ZH9873,Shenzhen Airlines,text,Duration: 2h 5m,,True,2026-02-17T11:29:46.229024
2026-03-31,CAN,departure,17:20,ICN Seoul,CZ339,China Southern,text,Duration: 3h 30m,,True,2026-02-17T11:29:46.229030
2026-03-31,CAN,departure,17:20,TAO Qingdao,CZ3609,China Southern,text,Duration: 3h 5m,,True,2026-02-17T11:29:46.229035
2026-03-31,CAN,departure,17:20,TYN Taiyuan,CZ3951,China Southern,text,Duration: 2h 35m,,True,2026-02-17T11:29:46.229040
2026-03-31,CAN,departure,17:20,WNZ Wenzhou,CZ3809,China Southern,text,Duration: 1h 45m,,True,2026-02-17T11:29:46.229045
2026-03-31,CAN,departure,17:20,JHG Jinghong,OQ2105,Chongqing Airlines,text,Duration: 3h 10m,,True,2026-02-17T11:29:46.229050
2026-03-31,CAN,departure,17:25,DLC Dalian,CZ6458,China Southern,text,Duration: 3h 25m,,True,2026-02-17T11:29:46.229055
2026-03-31,CAN,departure,17:25,XFN Xiangyang,GJ8381,Loong Air,text,Duration: 2h 0m,,True,2026-02-17T11:29:46.229132
2026-03-31,CAN,departure,17:30,HGH Hangzhou,CA1794,Air China,text,Duration: 2h 25m,,True,2026-02-17T11:29:46.229139
2026-03-31,CAN,departure,17:30,TPE Taipei,CI522,China Airlines,text,Duration: 2h 10m,,True,2026-02-17T11:29:46.229144
2026-03-31,CAN,departure,17:30,HAN Hanoi,CZ8177,China Southern,text,Duration: 2h 10m,,True,2026-02-17T11:29:46.229149
2026-03-31,CAN,departure,17:30,SHA Shanghai,MU5354,China Eastern,text,Duration: 2h 35m,,True,2026-02-17T11:29:46.229155
2026-03-31,CAN,departure,17:35,CKG Chongqing,CA4350,Air China,text,Duration: 2h 30m,,True,2026-02-17T11:29:46.229160
2026-03-31,CAN,departure,17:35,KUL Kuala Lumpur,CZ365,China Southern,text,Duration: 4h 15m,,True,2026-02-17T11:29:46.229165
2026-03-31,CAN,departure,17:35,YTY Yangzhou,ZH8909,Shenzhen Airlines,text,Duration: 2h 15m,,True,2026-02-17T11:29:46.229171
2026-03-31,CAN,departure,17:40,LUM Mangshi,MU9730,China Eastern,text,Duration: 3h 15m,,True,2026-02-17T11:29:46.229176
2026-03-31,CAN,departure,17:45,DXB Dubai,CZ383,China Southern,text,Duration: 9h 15m,,True,2026-02-17T11:29:46.229181
2026-03-31,CAN,departure,17:45,YNZ Yancheng,CZ8215,China Southern,text,Duration: 2h 40m,,True,2026-02-17T11:29:46.229186
2026-03-31,CAN,departure,17:45,NKG Nanjing,MU2718,China Eastern,text,Duration: 2h 25m,,True,2026-02-17T11:29:46.229192
2026-03-31,CAN,departure,17:45,TAO Qingdao,SC4678,Shandong Airlines,text,Duration: 2h 55m,,True,2026-02-17T11:29:46.229197
2026-03-31,CAN,departure,17:50,KMG Kunming,CZ3499,China Southern,text,Duration: 2h 35m,,True,2026-02-17T11:29:46.229203
2026-03-31,CAN,departure,17:50,NAO Nanchong,CZ3429,China Southern,text,Duration: 2h 30m,,True,2026-02-17T11:29:46.229208
2026-03-31,CAN,departure,17:50,SUB Surabaya,CZ8137,China Southern,text,Duration: 5h 10m,,True,2026-02-17T11:29:46.229213
2026-03-31,CAN,departure,17:50,XFN Xiangyang,CZ3361,China Southern,text,Duration: 2h 15m,,True,2026-02-17T11:29:46.229218
2026-03-31,CAN,departure,17:50,HGH Hangzhou,MU5216,China Eastern,text,Duration: 2h 0m,,True,2026-02-17T11:29:46.229223
2026-03-31,CAN,departure,17:55,WUX Wuxi,CZ3917,China Southern,text,Duration: 2h 30m,,True,2026-02-17T11:29:46.229229
2026-03-31,CAN,departure,17:55,YIH Yichang,CZ3299,China Southern,text,Duration: 1h 55m,,True,2026-02-17T11:29:46.229235
2026-03-31,CAN,departure,17:55,YIW Yiwu,CZ3635,China Southern,text,Duration: 2h 0m,,True,2026-02-17T11:29:46.229240
2026-03-31,CAN,departure,18:00,TFU Chengdu,CA4302,Air China,text,Duration: 2h 25m,,True,2026-02-17T11:29:46.229245
2026-03-31,CAN,departure,18:00,PKX Beijing,CZ3111,China Southern,text,Duration: 3h 5m,,True,2026-02-17T11:29:46.229251
2026-03-31,CAN,departure,18:00,PVG Shanghai,CZ8211,China Southern,text,Duration: 2h 30m,,True,2026-02-17T11:29:46.229257
2026-03-31,CAN,departure,18:00,TAO Qingdao,MU5258,China Eastern,text,Duration: 2h 50m,,True,2026-02-17T11:29:46.229262
2026-03-31,CAN,departure,18:05,SHA Shanghai,9C8856,Spring Airlines,text,Duration: 2h 5m,,True,2026-02-17T11:29:46.229268
2026-03-31,CAN,departure,18:05,BZX Bazhong,CZ8209,China Southern,text,Duration: 2h 20m,,True,2026-02-17T11:29:46.229273
2026-03-31,CAN,departure,18:05,LHW Lanzhou,HU7253,Hainan Airlines,text,Duration: 3h 0m,,True,2026-02-17T11:29:46.229279
2026-03-31,CAN,departure,18:10,HGH Hangzhou,CZ3801,China Southern,text,Duration: 2h 10m,,True,2026-02-17T11:29:46.229285
2026-03-31,CAN,departure,18:15,CTU Chengdu,CZ3427,China Southern,text,Duration: 2h 25m,,True,2026-02-17T11:29:46.229290
2026-03-31,CAN,departure,18:15,DPS Denpasar,CZ625,China Southern,text,Duration: 5h 15m,,True,2026-02-17T11:29:46.229295
2026-03-31,CAN,departure,18:15,PEK Beijing,HU7812,Hainan Airlines,text,Duration: 3h 15m,,True,2026-02-17T11:29:46.229301
2026-03-31,CAN,departure,18:15,FOC Fuzhou,MF8348,XiamenAir,text,Duration: 1h 55m,,True,2026-02-17T11:29:46.229306
2026-03-31,CAN,departure,18:15,CKG Chongqing,OQ2340,Chongqing Airlines,text,Duration: 2h 45m,,True,2026-02-17T11:29:46.229312
2026-03-31,CAN,departure,18:20,SYX Sanya,CZ6744,China Southern,text,Duration: 1h 50m,,True,2026-02-17T11:29:46.229317
2026-03-31,CAN,departure,18:20,HGH Hangzhou,ZH9983,Shenzhen Airlines,text,Duration: 1h 55m,,True,2026-02-17T11:29:46.229322
2026-03-31,CAN,departure,18:25,PVG Shanghai,HO1870,Juneyao Airlines,text,Duration: 2h 35m,,True,2026-02-17T11:29:46.229328
2026-03-31,CAN,departure,18:25,HGH Hangzhou,HU7361,Hainan Airlines,text,Duration: 2h 5m,,True,2026-02-17T11:29:46.229333
2026-03-31,CAN,departure,18:25,XMN Xiamen,MF8388,XiamenAir,text,Duration: 1h 25m,,True,2026-02-17T11:29:46.229338
2026-03-31,CAN,departure,18:25,CKG Chongqing,MU6825,China Eastern,text,Duration: 2h 5m,,True,2026-02-17T11:29:46.229344
2026-03-31,CAN,departure,18:30,HAK Haikou,CZ6792,China Southern,text,Duration: 1h 35m,,True,2026-02-17T11:29:46.229349
2026-03-31,CAN,departure,18:30,YYZ Toronto,CZ311,China Southern,text,Duration: 15h 0m,,True,2026-02-17T11:29:46.229354
2026-03-31,CAN,departure,18:30,SHA Shanghai,MU5314,China Eastern,text,Duration: 2h 30m,,True,2026-02-17T11:29:46.229360
2026-03-31,CAN,departure,18:35,SHE Shenyang,CZ6340,China Southern,text,Duration: 3h 55m,,True,2026-02-17T11:29:46.229366
2026-03-31,CAN,departure,18:40,PEK Beijing,CA1328,Air China,text,Duration: 3h 20m,,True,2026-02-17T11:29:46.229371
2026-03-31,CAN,departure,18:40,DOH Doha,CZ333,China Southern,text,Duration: 9h 10m,,True,2026-02-17T11:29:46.229377
2026-03-31,CAN,departure,18:40,DYG Dayong,CZ3381,China Southern,text,Duration: 1h 50m,,True,2026-02-17T11:29:46.229382
2026-03-31,CAN,departure,18:40,HRB Harbin,CZ5393,China Southern,text,Duration: 4h 20m,,True,2026-02-17T11:29:46.229388
2026-03-31,CAN,departure,18:40,NKG Nanjing,CZ3507,China Southern,text,Duration: 2h 20m,,True,2026-02-17T11:29:46.229393
2026-03-31,CAN,departure,18:50,KMG Kunming,MU5734,China Eastern,text,Duration: 2h 40m,,True,2026-02-17T11:29:46.229398
2026-03-31,CAN,departure,18:55,HGH Hangzhou,CA1796,Air China,text,Duration: 2h 15m,,True,2026-02-17T11:29:46.229475
2026-03-31,CAN,departure,18:55,AQG Anqing,CZ3319,China Southern,text,Duration: 2h 0m,,True,2026-02-17T11:29:46.229482
2026-03-31,CAN,departure,19:00,HFE Hefei,CZ3817,China Southern,text,Duration: 2h 5m,,True,2026-02-17T11:29:46.229488
2026-03-31,CAN,departure,19:00,PEN Penang,CZ8073,China Southern,text,Duration: 3h 55m,,True,2026-02-17T11:29:46.229493
2026-03-31,CAN,departure,19:00,PKX Beijing,CZ3105,China Southern,text,Duration: 3h 10m,,True,2026-02-17T11:29:46.229499
2026-03-31,CAN,departure,19:05,CKG Chongqing,3U8746,Sichuan Airlines,text,Duration: 1h 50m,,True,2026-02-17T11:29:46.229504
2026-03-31,CAN,departure,19:05,CTU Chengdu,CA4334,Air China,text,Duration: 2h 55m,,True,2026-02-17T11:29:46.229510
2026-03-31,CAN,departure,19:05,KWE Guiyang,CZ6411,China Southern,text,Duration: 1h 50m,,True,2026-02-17T11:29:46.229515
2026-03-31,CAN,departure,19:05,HAK Haikou,HU7006,Hainan Airlines,text,Duration: 1h 30m,,True,2026-02-17T11:29:46.229521
2026-03-31,CAN,departure,19:05,CKG Chongqing,OQ2129,Chongqing Airlines,text,Duration: 2h 25m,,True,2026-02-17T11:29:46.229527
2026-03-31,CAN,departure,19:10,HGH Hangzhou,CZ3819,China Southern,text,Duration: 2h 10m,,True,2026-02-17T11:29:46.229533
2026-03-31,CAN,departure,19:10,KMG Kunming,CZ3489,China Southern,text,Duration: 2h 30m,,True,2026-02-17T11:29:46.229539
2026-03-31,CAN,departure,19:10,CZX Changzhou,MU2948,China Eastern,text,Duration: 2h 10m,,True,2026-02-17T11:29:46.229545
2026-03-31,CAN,departure,19:15,CGK Jakarta,CZ387,China Southern,text,Duration: 5h 10m,,True,2026-02-17T11:29:46.229550
2026-03-31,CAN,departure,19:15,SHS Shashi,CZ6659,China Southern,text,Duration: 1h 50m,,True,2026-02-17T11:29:46.229555
2026-03-31,CAN,departure,19:15,URC Urumqi,CZ6884,China Southern,text,Duration: 5h 20m,,True,2026-02-17T11:29:46.229561
2026-03-31,CAN,departure,19:15,PEK Beijing,HU7814,Hainan Airlines,text,Duration: 3h 10m,,True,2026-02-17T11:29:46.229566
2026-03-31,CAN,departure,19:20,SYX Sanya,AQ1111,9 Air,text,Duration: 1h 35m,,True,2026-02-17T11:29:46.229572
2026-03-31,CAN,departure,19:20,TSN Tianjin,CA2804,Air China,text,Duration: 3h 15m,,True,2026-02-17T11:29:46.229577
2026-03-31,CAN,departure,19:20,DLC Dalian,CZ3608,China Southern,text,Duration: 3h 20m,,True,2026-02-17T11:29:46.229583
2026-03-31,CAN,departure,19:20,SYX Sanya,CZ6738,China Southern,text,Duration: 1h 35m,,True,2026-02-17T11:29:46.229588
2026-03-31,CAN,departure,19:20,BAH Bahrain,GF123,Gulf Air,text,Duration: 8h 40m,,True,2026-02-17T11:29:46.229593
2026-03-31,CAN,departure,19:20,WNZ Wenzhou,ZH9963,Shenzhen Airlines,text,Duration: 1h 40m,,True,2026-02-17T11:29:46.229599
2026-03-31,CAN,departure,19:25,NGB Ningbo,CZ3371,China Southern,text,Duration: 2h 5m,,True,2026-02-17T11:29:46.229604
2026-03-31,CAN,departure,19:25,SIN Singapore,CZ351,China Southern,text,Duration: 4h 5m,,True,2026-02-17T11:29:46.229609
2026-03-31,CAN,departure,19:25,XIY Xian,CZ3231,China Southern,text,Duration: 2h 40m,,True,2026-02-17T11:29:46.229615
2026-03-31,CAN,departure,19:30,SHA Shanghai,FM9318,Shanghai Airlines,text,Duration: 2h 10m,,True,2026-02-17T11:29:46.229620
2026-03-31,CAN,departure,19:30,WUX Wuxi,ZH9831,Shenzhen Airlines,text,Duration: 2h 20m,,True,2026-02-17T11:29:46.229625
2026-03-31,CAN,departure,19:35,DAC Dhaka,CZ391,China Southern,text,Duration: 4h 15m,,True,2026-02-17T11:29:46.229630
2026-03-31,CAN,departure,19:35,HRB Harbin,CZ3905,China Southern,text,Duration: 4h 15m,,True,2026-02-17T11:29:46.229635
2026-03-31,CAN,departure,19:35,TSN Tianjin,GS7926,Tianjin Airlines,text,Duration: 3h 5m,,True,2026-02-17T11:29:46.229640
2026-03-31,CAN,departure,19:40,CKG Chongqing,AQ1101,9 Air,text,Duration: 2h 15m,,True,2026-02-17T11:29:46.229645
2026-03-31,CAN,departure,19:40,PEK Beijing,CA1302,Air China,text,Duration: 3h 15m,,True,2026-02-17T11:29:46.229650
2026-03-31,CAN,departure,19:40,PKX Beijing,MU6310,China Eastern,text,Duration: 3h 20m,,True,2026-02-17T11:29:46.229655
2026-03-31,CAN,departure,19:40,TFU Chengdu,MU6186,China Eastern,text,Duration: 2h 10m,,True,2026-02-17T11:29:46.229660
2026-03-31,CAN,departure,19:45,CGQ Changchun,CZ6852,China Southern,text,Duration: 4h 20m,,True,2026-02-17T11:29:46.229666
2026-03-31,CAN,departure,19:45,HET Hohhot,CZ3181,China Southern,text,Duration: 3h 10m,,True,2026-02-17T11:29:46.229671
2026-03-31,CAN,departure,19:45,CKG Chongqing,HU7241,Hainan Airlines,text,Duration: 2h 15m,,True,2026-02-17T11:29:46.229676
2026-03-31,CAN,departure,19:45,LHW Lanzhou,MU2306,China Eastern,text,Duration: 3h 5m,,True,2026-02-17T11:29:46.229681
2026-03-31,CAN,departure,19:55,CKG Chongqing,CA4342,Air China,text,Duration: 2h 10m,,True,2026-02-17T11:29:46.229687
2026-03-31,CAN,departure,19:55,WXN Wanxian,CA4390,Air China,text,Duration: 1h 55m,,True,2026-02-17T11:29:46.229692
2026-03-31,CAN,departure,19:55,KTM Kathmandu,CZ3067,China Southern,text,Duration: 4h 50m,,True,2026-02-17T11:29:46.229697
2026-03-31,CAN,departure,19:55,KUL Kuala Lumpur,CZ5035,China Southern,text,Duration: 4h 20m,,True,2026-02-17T11:29:46.229703
2026-03-31,CAN,departure,19:55,PKX Beijing,KN5322,China United Airlines,text,Duration: 2h 45m,,True,2026-02-17T11:29:46.229708
2026-03-31,CAN,departure,20:00,PKX Beijing,CZ3161,China Southern,text,Duration: 3h 10m,,True,2026-02-17T11:29:46.229713
2026-03-31,CAN,departure,20:00,SHA Shanghai,CZ3595,China Southern,text,Duration: 2h 20m,,True,2026-02-17T11:29:46.229718
2026-03-31,CAN,departure,20:00,TSN Tianjin,CZ3349,China Southern,text,Duration: 2h 55m,,True,2026-02-17T11:29:46.229723
2026-03-31,CAN,departure,20:00,PVG Shanghai,FM9320,Shanghai Airlines,text,Duration: 2h 20m,,True,2026-02-17T11:29:46.229729
2026-03-31,CAN,departure,20:00,XIY Xian,HU7858,Hainan Airlines,text,Duration: 2h 45m,,True,2026-02-17T11:29:46.229734
2026-03-31,CAN,departure,20:00,KTI Phnom Penh,KR936,Cambodia Airways,text,Duration: 2h 50m,,True,2026-02-17T11:29:46.229739
2026-03-31,CAN,departure,20:05,HFE Hefei,AQ1127,9 Air,text,Duration: 2h 0m,,True,2026-02-17T11:29:46.229822
2026-03-31,CAN,departure,20:05,BKK Bangkok,CZ361,China Southern,text,Duration: 2h 55m,,True,2026-02-17T11:29:46.229829
2026-03-31,CAN,departure,20:05,FOC Fuzhou,CZ3647,China Southern,text,Duration: 1h 35m,,True,2026-02-17T11:29:46.229834
2026-03-31,CAN,departure,20:05,XMN Xiamen,CZ3805,China Southern,text,Duration: 1h 25m,,True,2026-02-17T11:29:46.229840
2026-03-31,CAN,departure,20:10,HGH Hangzhou,CZ3849,China Southern,text,Duration: 2h 15m,,True,2026-02-17T11:29:46.229845
2026-03-31,CAN,departure,20:10,NKG Nanjing,CZ3871,China Southern,text,Duration: 2h 20m,,True,2026-02-17T11:29:46.229850
2026-03-31,CAN,departure,20:10,WNZ Wenzhou,CZ3675,China Southern,text,Duration: 1h 45m,,True,2026-02-17T11:29:46.229856
2026-03-31,CAN,departure,20:10,TNA Jinan,SC1172,Shandong Airlines,text,Duration: 2h 50m,,True,2026-02-17T11:29:46.229861
2026-03-31,CAN,departure,20:15,CGD Changde,CZ3247,China Southern,text,Duration: 1h 30m,,True,2026-02-17T11:29:46.229867
2026-03-31,CAN,departure,20:15,CTU Chengdu,CZ3413,China Southern,text,Duration: 2h 25m,,True,2026-02-17T11:29:46.229872
2026-03-31,CAN,departure,20:15,SGN Ho Chi Minh City,CZ367,China Southern,text,Duration: 2h 45m,,True,2026-02-17T11:29:46.229879
2026-03-31,CAN,departure,20:15,SJW Shijiazhuang,CZ3131,China Southern,text,Duration: 2h 40m,,True,2026-02-17T11:29:46.229884
2026-03-31,CAN,departure,20:15,TYN Taiyuan,CZ3377,China Southern,text,Duration: 2h 40m,,True,2026-02-17T11:29:46.229890
2026-03-31,CAN,departure,20:15,SHA Shanghai,HO1868,Juneyao Airlines,text,Duration: 2h 10m,,True,2026-02-17T11:29:46.229895
2026-03-31,CAN,departure,20:15,LJG Lijiang,JD5131,Capital Airlines,text,Duration: 2h 35m,,True,2026-02-17T11:29:46.229901
2026-03-31,CAN,departure,20:15,TAO Qingdao,SC4676,Shandong Airlines,text,Duration: 2h 55m,,True,2026-02-17T11:29:46.229907
2026-03-31,CAN,departure,20:20,JDZ Jingdezhen,ZH9997,Shenzhen Airlines,text,Duration: 1h 45m,,True,2026-02-17T11:29:46.229913
2026-03-31,CAN,departure,20:25,CTU Chengdu,3U8740,Sichuan Airlines,text,Duration: 2h 35m,,True,2026-02-17T11:29:46.229918
2026-03-31,CAN,departure,20:25,XIY Xian,CZ3211,China Southern,text,Duration: 2h 40m,,True,2026-02-17T11:29:46.229924
2026-03-31,CAN,departure,20:25,PKX Beijing,JD5922,Capital Airlines,text,Duration: 3h 0m,,True,2026-02-17T11:29:46.229929
2026-03-31,CAN,departure,20:30,HAK Haikou,CZ6784,China Southern,text,Duration: 1h 40m,,True,2026-02-17T11:29:46.229935
2026-03-31,CAN,departure,20:30,LHW Lanzhou,CZ3251,China Southern,text,Duration: 3h 15m,,True,2026-02-17T11:29:46.229940
2026-03-31,CAN,departure,20:30,MNL Manila,CZ3077,China Southern,text,Duration: 2h 45m,,True,2026-02-17T11:29:46.229946
2026-03-31,CAN,departure,20:30,WUH Wuhan,CZ6589,China Southern,text,Duration: 1h 45m,,True,2026-02-17T11:29:46.229953
2026-03-31,CAN,departure,20:30,SHA Shanghai,MU5318,China Eastern,text,Duration: 2h 15m,,True,2026-02-17T11:29:46.229958
2026-03-31,CAN,departure,20:35,CKG Chongqing,CZ3439,China Southern,text,Duration: 2h 5m,,True,2026-02-17T11:29:46.229964
2026-03-31,CAN,departure,20:35,HIA Huai'an,CZ3995,China Southern,text,Duration: 2h 30m,,True,2026-02-17T11:29:46.229969
2026-03-31,CAN,departure,20:40,PEK Beijing,CA1366,Air China,text,Duration: 3h 25m,,True,2026-02-17T11:29:46.229974
2026-03-31,CAN,departure,20:40,LYI Linyi,CZ3991,China Southern,text,Duration: 2h 35m,,True,2026-02-17T11:29:46.229980
2026-03-31,CAN,departure,20:40,PVG Shanghai,HU7231,Hainan Airlines,text,Duration: 2h 20m,,True,2026-02-17T11:29:46.229985
2026-03-31,CAN,departure,20:45,HRB Harbin,CZ8720,China Southern,text,Duration: 4h 5m,,True,2026-02-17T11:29:46.229990
2026-03-31,CAN,departure,20:45,NGB Ningbo,CZ3671,China Southern,text,Duration: 2h 0m,,True,2026-02-17T11:29:46.229996
2026-03-31,CAN,departure,20:50,TAO Qingdao,CZ3715,China Southern,text,Duration: 3h 5m,,True,2026-02-17T11:29:46.230001
2026-03-31,CAN,departure,20:50,PKX Beijing,MU6312,China Eastern,text,Duration: 3h 15m,,True,2026-02-17T11:29:46.230007
2026-03-31,CAN,departure,20:55,PVG Shanghai,CA1866,Air China,text,Duration: 2h 25m,,True,2026-02-17T11:29:46.230013
2026-03-31,CAN,departure,20:55,HGH Hangzhou,MU5218,China Eastern,text,Duration: 2h 15m,,True,2026-02-17T11:29:46.230018
2026-03-31,CAN,departure,21:00,CTU Chengdu,CA4304,Air China,text,Duration: 2h 30m,,True,2026-02-17T11:29:46.230023
2026-03-31,CAN,departure,21:00,KUL Kuala Lumpur,CZ8071,China Southern,text,Duration: 4h 10m,,True,2026-02-17T11:29:46.230029
2026-03-31,CAN,departure,21:00,PKX Beijing,CZ3107,China Southern,text,Duration: 3h 10m,,True,2026-02-17T11:29:46.230035
2026-03-31,CAN,departure,21:00,SYD Sydney,CZ325,China Southern,text,Duration: 9h 25m,,True,2026-02-17T11:29:46.230040
2026-03-31,CAN,departure,21:00,HAK Haikou,HU7010,Hainan Airlines,text,Duration: 1h 30m,,True,2026-02-17T11:29:46.230046
2026-03-31,CAN,departure,21:00,TFU Chengdu,ZH9445,Shenzhen Airlines,text,Duration: 2h 25m,,True,2026-02-17T11:29:46.230051
2026-03-31,CAN,departure,21:05,CSX Changsha,CZ6043,China Southern,text,Duration: 1h 25m,,True,2026-02-17T11:29:46.230056
2026-03-31,CAN,departure,21:05,DLC Dalian,CZ6468,China Southern,text,Duration: 3h 20m,,True,2026-02-17T11:29:46.230062
2026-03-31,CAN,departure,21:05,SHE Shenyang,CZ3601,China Southern,text,Duration: 3h 50m,,True,2026-02-17T11:29:46.230068
2026-03-31,CAN,departure,21:05,NKG Nanjing,ZH9877,Shenzhen Airlines,text,Duration: 2h 10m,,True,2026-02-17T11:29:46.230073
2026-03-31,CAN,departure,21:10,BKI Kota Kinabalu,CZ8483,China Southern,text,Duration: 3h 20m,,True,2026-02-17T11:29:46.230079
2026-03-31,CAN,departure,21:10,TNA Jinan,CZ3663,China Southern,text,Duration: 2h 40m,,True,2026-02-17T11:29:46.230084
2026-03-31,CAN,departure,21:10,PKX Beijing,MF8340,XiamenAir,text,Duration: 3h 0m,,True,2026-02-17T11:29:46.230089
2026-03-31,CAN,departure,21:10,TNA Jinan,SC1176,Shandong Airlines,text,Duration: 2h 35m,,True,2026-02-17T11:29:46.230095
2026-03-31,CAN,departure,21:10,WUX Wuxi,ZH9833,Shenzhen Airlines,text,Duration: 2h 25m,,True,2026-02-17T11:29:46.230184
2026-03-31,CAN,departure,21:15,BNE Brisbane,CZ381,China Southern,text,Duration: 9h 0m,,True,2026-02-17T11:29:46.230191
2026-03-31,CAN,departure,21:15,PEK Beijing,HU7816,Hainan Airlines,text,Duration: 3h 0m,,True,2026-02-17T11:29:46.230197
2026-03-31,CAN,departure,21:15,NKG Nanjing,ZH9875,Shenzhen Airlines,text,Duration: 2h 40m,,True,2026-02-17T11:29:46.230203
2026-03-31,CAN,departure,21:20,MEL Melbourne,CZ321,China Southern,text,Duration: 9h 20m,,True,2026-02-17T11:29:46.230208
2026-03-31,CAN,departure,21:20,NNG Nanning,CZ3291,China Southern,text,Duration: 1h 55m,,True,2026-02-17T11:29:46.230213
2026-03-31,CAN,departure,21:20,KMG Kunming,KY8282,Kunming Airlines,text,Duration: 2h 45m,,True,2026-02-17T11:29:46.230219
2026-03-31,CAN,departure,21:20,TNA Jinan,SC1174,Shandong Airlines,text,Duration: 2h 50m,,True,2026-02-17T11:29:46.230224
2026-03-31,CAN,departure,21:25,KUL Kuala Lumpur,AQ1271,9 Air,text,Duration: 4h 15m,,True,2026-02-17T11:29:46.230230
2026-03-31,CAN,departure,21:25,XIY Xian,CZ3217,China Southern,text,Duration: 2h 50m,,True,2026-02-17T11:29:46.230236
2026-03-31,CAN,departure,21:25,HGH Hangzhou,MF8312,XiamenAir,text,Duration: 2h 15m,,True,2026-02-17T11:29:46.230241
2026-03-31,CAN,departure,21:30,KMG Kunming,8L9976,Lucky Air,text,Duration: 2h 45m,,True,2026-02-17T11:29:46.230246
2026-03-31,CAN,departure,21:30,CGO Zhengzhou,CZ3390,China Southern,text,Duration: 2h 25m,,True,2026-02-17T11:29:46.230251
2026-03-31,CAN,departure,21:30,HYN Taizhou,CZ8261,China Southern,text,Duration: 2h 0m,,True,2026-02-17T11:29:46.230257
2026-03-31,CAN,departure,21:30,SHA Shanghai,MU9200,China Eastern,text,Duration: 2h 25m,,True,2026-02-17T11:29:46.230262
2026-03-31,CAN,departure,21:30,XIY Xian,ZH9225,Shenzhen Airlines,text,Duration: 2h 50m,,True,2026-02-17T11:29:46.230267
2026-03-31,CAN,departure,21:35,SHA Shanghai,9C8932,Spring Airlines,text,Duration: 2h 15m,,True,2026-02-17T11:29:46.230272
2026-03-31,CAN,departure,21:40,KMG Kunming,CZ3419,China Southern,text,Duration: 2h 30m,,True,2026-02-17T11:29:46.230277
2026-03-31,CAN,departure,21:40,LZO Luzhou,CZ3949,China Southern,text,Duration: 2h 10m,,True,2026-02-17T11:29:46.230282
2026-03-31,CAN,departure,21:40,SHA Shanghai,HO1852,Juneyao Airlines,text,Duration: 2h 15m,,True,2026-02-17T11:29:46.230288
2026-03-31,CAN,departure,21:50,TNA Jinan,MU5260,China Eastern,text,Duration: 2h 40m,,True,2026-02-17T11:29:46.230293
2026-03-31,CAN,departure,21:55,NNY Nanyang,CZ3383,China Southern,text,Duration: 2h 15m,,True,2026-02-17T11:29:46.230298
2026-03-31,CAN,departure,22:00,KUL Kuala Lumpur,AK117,AirAsia,text,Duration: 4h 15m,,True,2026-02-17T11:29:46.230304
2026-03-31,CAN,departure,22:00,PVG Shanghai,CZ3586,China Southern,text,Duration: 2h 20m,,True,2026-02-17T11:29:46.230309
2026-03-31,CAN,departure,22:00,WNZ Wenzhou,CZ3769,China Southern,text,Duration: 1h 40m,,True,2026-02-17T11:29:46.230315
2026-03-31,CAN,departure,22:00,XUZ Xuzhou,CZ6281,China Southern,text,Duration: 2h 20m,,True,2026-02-17T11:29:46.230320
2026-03-31,CAN,departure,22:05,SYX Sanya,CZ6736,China Southern,text,Duration: 1h 45m,,True,2026-02-17T11:29:46.230325
2026-03-31,CAN,departure,22:05,YIW Yiwu,CZ3886,China Southern,text,Duration: 1h 50m,,True,2026-02-17T11:29:46.230331
2026-03-31,CAN,departure,22:05,TYN Taiyuan,HU7249,Hainan Airlines,text,Duration: 2h 40m,,True,2026-02-17T11:29:46.230336
2026-03-31,CAN,departure,22:05,NTG Nantong,ZH8695,Shenzhen Airlines,text,Duration: 2h 15m,,True,2026-02-17T11:29:46.230342
2026-03-31,CAN,departure,22:10,HAN Hanoi,CZ371,China Southern,text,Duration: 2h 5m,,True,2026-02-17T11:29:46.230347
2026-03-31,CAN,departure,22:10,HFE Hefei,CZ3815,China Southern,text,Duration: 2h 15m,,True,2026-02-17T11:29:46.230353
2026-03-31,CAN,departure,22:10,KHN Nanchang,CZ3343,China Southern,text,Duration: 1h 35m,,True,2026-02-17T11:29:46.230358
2026-03-31,CAN,departure,22:10,BKK Bangkok,KQ887,Kenya Airways,text,Duration: 2h 25m,,True,2026-02-17T11:29:46.230363
2026-03-31,CAN,departure,22:15,INC Yinchuan,CZ3253,China Southern,text,Duration: 2h 55m,,True,2026-02-17T11:29:46.230369
2026-03-31,CAN,departure,22:15,KTI Phnom Penh,CZ323,China Southern,text,Duration: 2h 55m,,True,2026-02-17T11:29:46.230374
2026-03-31,CAN,departure,22:15,KWE Guiyang,CZ3662,China Southern,text,Duration: 1h 40m,,True,2026-02-17T11:29:46.230379
2026-03-31,CAN,departure,22:15,SWA Jieyang,CZ3896,China Southern,text,Duration: 1h 15m,,True,2026-02-17T11:29:46.230384
2026-03-31,CAN,departure,22:15,CGO Zhengzhou,ZH8903,Shenzhen Airlines,text,Duration: 2h 20m,,True,2026-02-17T11:29:46.230390
2026-03-31,CAN,departure,22:20,HKG Hong Kong,CX989,Cathay Pacific,text,Duration: 1h 20m,,True,2026-02-17T11:29:46.230395
2026-03-31,CAN,departure,22:20,CZX Changzhou,CZ3993,China Southern,text,Duration: 2h 15m,,True,2026-02-17T11:29:46.230400
2026-03-31,CAN,departure,22:20,CKG Chongqing,OQ2326,Chongqing Airlines,text,Duration: 2h 10m,,True,2026-02-17T11:29:46.230405
2026-03-31,CAN,departure,22:25,YTY Yangzhou,CZ3957,China Southern,text,Duration: 2h 20m,,True,2026-02-17T11:29:46.230410
2026-03-31,CAN,departure,22:25,KMG Kunming,MU5740,China Eastern,text,Duration: 2h 30m,,True,2026-02-17T11:29:46.230415
2026-03-31,CAN,departure,22:30,HAK Haikou,CZ6788,China Southern,text,Duration: 1h 15m,,True,2026-02-17T11:29:46.230421
2026-03-31,CAN,departure,22:30,WUH Wuhan,CZ3367,China Southern,text,Duration: 1h 50m,,True,2026-02-17T11:29:46.230426
2026-03-31,CAN,departure,22:35,HGH Hangzhou,GJ8996,Loong Air,text,Duration: 2h 10m,,True,2026-02-17T11:29:46.230431
2026-03-31,CAN,departure,22:55,SFO San Francisco,CZ657,China Southern,text,Duration: 12h 45m,,True,2026-02-17T11:29:46.230436
2026-03-31,CAN,departure,22:55,SIN Singapore,CZ8489,China Southern,text,Duration: 4h 10m,,True,2026-02-17T11:29:46.230442
2026-03-31,CAN,departure,23:00,HGH Hangzhou,3U3154,Sichuan Airlines,text,Duration: 1h 50m,,True,2026-02-17T11:29:46.230447
2026-03-31,CAN,departure,23:00,BAR Qionghai,AQ1145,9 Air,text,Duration: 1h 35m,,True,2026-02-17T11:29:46.230562
2026-03-31,CAN,departure,23:00,CSX Changsha,CZ5592,China Southern,text,Duration: 1h 35m,,True,2026-02-17T11:29:46.230574
2026-03-31,CAN,departure,23:00,HAK Haikou,HU7012,Hainan Airlines,text,Duration: 2h 0m,,True,2026-02-17T11:29:46.230581
2026-03-31,CAN,departure,23:00,SYX Sanya,HU7310,Hainan Airlines,text,Duration: 1h 35m,,True,2026-02-17T11:29:46.230588
2026-03-31,CAN,departure,23:00,NKG Nanjing,MU9768,China Eastern,text,Duration: 2h 20m,,True,2026-02-17T11:29:46.230595
2026-03-31,CAN,departure,23:00,IST Istanbul,TK73,Turkish Airlines,text,Duration: 11h 30m,,True,2026-02-17T11:29:46.230602
2026-03-31,CAN,departure,23:05,CGO Zhengzhou,CZ3960,China Southern,text,Duration: 2h 20m,,True,2026-02-17T11:29:46.230608
2026-03-31,CAN,departure,23:05,BKK Bangkok,MU2077,China Eastern,text,Duration: 3h 10m,,True,2026-02-17T11:29:46.230615
2026-03-31,CAN,departure,23:05,SJW Shijiazhuang,NS3658,Hebei Airlines,text,Duration: 2h 30m,,True,2026-02-17T11:29:46.230621
2026-03-31,CAN,departure,23:05,CGO Zhengzhou,PN6380,West Air (China),text,Duration: 2h 20m,,True,2026-02-17T11:29:46.230628
2026-03-31,CAN,departure,23:10,BHY Beihai,CZ3353,China Southern,text,Duration: 1h 25m,,True,2026-02-17T11:29:46.230635
2026-03-31,CAN,departure,23:10,CGD Changde,CZ3229,China Southern,text,Duration: 1h 30m,,True,2026-02-17T11:29:46.230643
2026-03-31,CAN,departure,23:10,ZHA Zhanjiang,CZ3329,China Southern,text,Duration: 1h 15m,,True,2026-02-17T11:29:46.230649
2026-03-31,CAN,departure,23:20,CAI Cairo,MS959,EgyptAir,text,Duration: 10h 30m,,True,2026-02-17T11:29:46.230656
2026-03-31,CAN,departure,23:30,BKK Bangkok,AQ1265,9 Air,text,Duration: 2h 55m,,True,2026-02-17T11:29:46.230662
2026-03-31,CAN,departure,23:30,HAK Haikou,CZ6776,China Southern,text,Duration: 1h 25m,,True,2026-02-17T11:29:46.230669
2026-03-31,CAN,departure,23:30,XIY Xian,MU2304,China Eastern,text,Duration: 2h 25m,,True,2026-02-17T11:29:46.230675
2026-03-31,CAN,departure,23:35,BKK Bangkok,CZ3035,China Southern,text,Duration: 2h 55m,,True,2026-02-17T11:29:46.230682
2026-03-31,CAN,departure,23:35,SGN Ho Chi Minh City,CZ6089,China Southern,text,Duration: 3h 0m,,True,2026-02-17T11:29:46.230689
2026-03-31,CAN,departure,23:40,CKG Chongqing,PN6206,West Air (China),text,Duration: 2h 15m,,True,2026-02-17T11:29:46.230696
2026-03-31,CAN,arrival,00:05,SJW Shijiazhuang,9C8900,Spring Airlines,text,Duration: 3h 20m,,True,2026-02-17T11:30:45.059573
2026-03-31,CAN,arrival,00:05,BKK Bangkok,CZ8020,China Southern,text,Duration: 3h 10m,,True,2026-02-17T11:30:45.059584
2026-03-31,CAN,arrival,00:05,XMN Xiamen,CZ3806,China Southern,text,Duration: 1h 35m,,True,2026-02-17T11:30:45.059590
2026-03-31,CAN,arrival,00:05,HGH Hangzhou,HU7362,Hainan Airlines,text,Duration: 2h 20m,,True,2026-02-17T11:30:45.059596
2026-03-31,CAN,arrival,00:10,NKG Nanjing,AQ1030,9 Air,text,Duration: 2h 40m,,True,2026-02-17T11:30:45.059602
2026-03-31,CAN,arrival,00:10,URC Urumqi,CA4369,Air China,text,Duration: 5h 30m,,True,2026-02-17T11:30:45.059607
2026-03-31,CAN,arrival,00:10,XIY Xian,HU7827,Hainan Airlines,text,Duration: 2h 40m,,True,2026-02-17T11:30:45.059613
2026-03-31,CAN,arrival,00:10,SHA Shanghai,MU5319,China Eastern,text,Duration: 2h 15m,,True,2026-02-17T11:30:45.059618
2026-03-31,CAN,arrival,00:15,SHA Shanghai,CZ3582,China Southern,text,Duration: 2h 25m,,True,2026-02-17T11:30:45.059623
2026-03-31,CAN,arrival,00:15,HGH Hangzhou,GJ8859,Loong Air,text,Duration: 2h 25m,,True,2026-02-17T11:30:45.059628
2026-03-31,CAN,arrival,00:15,SHA Shanghai,HO1853,Juneyao Airlines,text,Duration: 2h 20m,,True,2026-02-17T11:30:45.059633
2026-03-31,CAN,arrival,00:15,SIN Singapore,SQ852,Singapore Airlines,text,Duration: 4h 25m,,True,2026-02-17T11:30:45.059639
2026-03-31,CAN,arrival,00:20,SYX Sanya,AQ1112,9 Air,text,Duration: 1h 50m,,True,2026-02-17T11:30:45.059644
2026-03-31,CAN,arrival,00:20,TSN Tianjin,BK2788,OkAir,text,Duration: 3h 5m,,True,2026-02-17T11:30:45.059649
2026-03-31,CAN,arrival,00:20,PEK Beijing,CA1329,Air China,text,Duration: 3h 20m,,True,2026-02-17T11:30:45.059654
2026-03-31,CAN,arrival,00:20,NKG Nanjing,CZ3508,China Southern,text,Duration: 2h 20m,,True,2026-02-17T11:30:45.059659
2026-03-31,CAN,arrival,00:20,CGQ Changchun,ZH9696,Shenzhen Airlines,text,Duration: 4h 45m,,True,2026-02-17T11:30:45.059664
2026-03-31,CAN,arrival,00:20,HAK Haikou,ZH8994,Shenzhen Airlines,text,Duration: 1h 15m,,True,2026-02-17T11:30:45.059670
2026-03-31,CAN,arrival,00:25,SHA Shanghai,9C6883,Spring Airlines,text,Duration: 2h 40m,,True,2026-02-17T11:30:45.059675
2026-03-31,CAN,arrival,00:25,FOC Fuzhou,CZ3648,China Southern,text,Duration: 1h 55m,,True,2026-02-17T11:30:45.059680
2026-03-31,CAN,arrival,00:25,HFE Hefei,CZ3818,China Southern,text,Duration: 2h 20m,,True,2026-02-17T11:30:45.059685
2026-03-31,CAN,arrival,00:25,PVG Shanghai,CZ8212,China Southern,text,Duration: 2h 30m,,True,2026-02-17T11:30:45.059690
2026-03-31,CAN,arrival,00:25,ENH Enshi,GJ6032,Loong Air,text,Duration: 1h 50m,,True,2026-02-17T11:30:45.059695
2026-03-31,CAN,arrival,00:25,CKG Chongqing,OQ2130,Chongqing Airlines,text,Duration: 1h 50m,,True,2026-02-17T11:30:45.059700
2026-03-31,CAN,arrival,00:30,KUL Kuala Lumpur,AK118,AirAsia,text,Duration: 4h 15m,,True,2026-02-17T11:30:45.059705
2026-03-31,CAN,arrival,00:30,CTU Chengdu,CZ3428,China Southern,text,Duration: 2h 30m,,True,2026-02-17T11:30:45.059711
2026-03-31,CAN,arrival,00:30,TFU Chengdu,JD5162,Capital Airlines,text,Duration: 2h 0m,,True,2026-02-17T11:30:45.059716
2026-03-31,CAN,arrival,00:35,JHG Jinghong,AQ1042,9 Air,text,Duration: 2h 25m,,True,2026-02-17T11:30:45.059721
2026-03-31,CAN,arrival,00:40,WXN Wanxian,CA4389,Air China,text,Duration: 2h 5m,,True,2026-02-17T11:30:45.059727
2026-03-31,CAN,arrival,00:40,NGB Ningbo,CZ3372,China Southern,text,Duration: 2h 20m,,True,2026-02-17T11:30:45.059733
2026-03-31,CAN,arrival,00:40,TAO Qingdao,CZ3610,China Southern,text,Duration: 3h 15m,,True,2026-02-17T11:30:45.059739
2026-03-31,CAN,arrival,00:40,CGO Zhengzhou,GJ8584,Loong Air,text,Duration: 2h 40m,,True,2026-02-17T11:30:45.059746
2026-03-31,CAN,arrival,00:40,HGH Hangzhou,JD5270,Capital Airlines,text,Duration: 2h 30m,,True,2026-02-17T11:30:45.059752
2026-03-31,CAN,arrival,00:40,DIG Diqing,MU5773,China Eastern,text,Duration: 3h 0m,,True,2026-02-17T11:30:45.059758
2026-03-31,CAN,arrival,00:40,WUX Wuxi,MU2907,China Eastern,text,Duration: 2h 20m,,True,2026-02-17T11:30:45.059763
2026-03-31,CAN,arrival,00:45,PKX Beijing,AQ1002,9 Air,text,Duration: 3h 25m,,True,2026-02-17T11:30:45.059768
2026-03-31,CAN,arrival,00:45,WNZ Wenzhou,CZ3676,China Southern,text,Duration: 2h 0m,,True,2026-02-17T11:30:45.059774
2026-03-31,CAN,arrival,00:50,KMG Kunming,AQ1120,9 Air,text,Duration: 1h 55m,,True,2026-02-17T11:30:45.059779
2026-03-31,CAN,arrival,00:50,WUT Xinzhou,AQ1162,9 Air,text,Duration: 3h 5m,,True,2026-02-17T11:30:45.059784
2026-03-31,CAN,arrival,00:50,PVG Shanghai,MU5313,China Eastern,text,Duration: 2h 30m,,True,2026-02-17T11:30:45.059789
2026-03-31,CAN,arrival,00:55,HRB Harbin,CZ3624,China Southern,text,Duration: 4h 40m,,True,2026-02-17T11:30:45.059794
2026-03-31,CAN,arrival,00:55,PKX Beijing,CZ3114,China Southern,text,Duration: 3h 25m,,True,2026-02-17T11:30:45.059800
2026-03-31,CAN,arrival,00:55,HET Hohhot,GJ8568,Loong Air,text,Duration: 3h 50m,,True,2026-02-17T11:30:45.059805
2026-03-31,CAN,arrival,00:55,LHW Lanzhou,HU7254,Hainan Airlines,text,Duration: 3h 0m,,True,2026-02-17T11:30:45.059810
2026-03-31,CAN,arrival,00:55,TSN Tianjin,JD5186,Capital Airlines,text,Duration: 3h 5m,,True,2026-02-17T11:30:45.059815
2026-03-31,CAN,arrival,01:00,DPS Denpasar,8B969,TransNusa,text,Duration: 5h 20m,,True,2026-02-17T11:30:45.059820
2026-03-31,CAN,arrival,01:00,HGH Hangzhou,AQ1072,9 Air,text,Duration: 2h 35m,,True,2026-02-17T11:30:45.059825
2026-03-31,CAN,arrival,01:05,MDC Manado,8B167,TransNusa,text,Duration: 4h 0m,,True,2026-02-17T11:30:45.059831
2026-03-31,CAN,arrival,01:05,XIY Xian,AQ1106,9 Air,text,Duration: 2h 50m,,True,2026-02-17T11:30:45.059836
2026-03-31,CAN,arrival,01:10,KMG Kunming,CZ3490,China Southern,text,Duration: 2h 25m,,True,2026-02-17T11:30:45.059841
2026-03-31,CAN,arrival,01:10,URC Urumqi,HU7224,Hainan Airlines,text,Duration: 5h 10m,,True,2026-02-17T11:30:45.059943
2026-03-31,CAN,arrival,01:10,XIY Xian,MU6956,China Eastern,text,Duration: 2h 40m,,True,2026-02-17T11:30:45.059951
2026-03-31,CAN,arrival,01:15,CGO Zhengzhou,AQ1174,9 Air,text,Duration: 2h 30m,,True,2026-02-17T11:30:45.059956
2026-03-31,CAN,arrival,01:15,XUZ Xuzhou,GJ8060,Loong Air,text,Duration: 2h 35m,,True,2026-02-17T11:30:45.059962
2026-03-31,CAN,arrival,01:15,PKX Beijing,MU6311,China Eastern,text,Duration: 3h 25m,,True,2026-02-17T11:30:45.059967
2026-03-31,CAN,arrival,01:20,HFE Hefei,HU7204,Hainan Airlines,text,Duration: 2h 25m,,True,2026-02-17T11:30:45.059972
2026-03-31,CAN,arrival,01:20,LJG Lijiang,JD5132,Capital Airlines,text,Duration: 2h 30m,,True,2026-02-17T11:30:45.059978
2026-03-31,CAN,arrival,01:25,CGK Jakarta,8B860,TransNusa,text,Duration: 5h 15m,,True,2026-02-17T11:30:45.059983
2026-03-31,CAN,arrival,01:25,KMG Kunming,MU6824,China Eastern,text,Duration: 2h 5m,,True,2026-02-17T11:30:45.059988
2026-03-31,CAN,arrival,01:30,KMG Kunming,MU5733,China Eastern,text,Duration: 2h 10m,,True,2026-02-17T11:30:45.059993
2026-03-31,CAN,arrival,01:30,SGN Ho Chi Minh City,VJ3908,VietJet,text,Duration: 2h 45m,,True,2026-02-17T11:30:45.059999
2026-03-31,CAN,arrival,01:35,JGN Jiayuguan,AQ1160,9 Air,text,Duration: 3h 40m,,True,2026-02-17T11:30:45.060004
2026-03-31,CAN,arrival,01:40,DMK Bangkok,SL900,Thai Lion Air,text,Duration: 3h 0m,,True,2026-02-17T11:30:45.060009
2026-03-31,CAN,arrival,01:55,CKG Chongqing,CZ3440,China Southern,text,Duration: 2h 5m,,True,2026-02-17T11:30:45.060014
2026-03-31,CAN,arrival,02:00,BKK Bangkok,9C7420,Spring Airlines,text,Duration: 3h 5m,,True,2026-02-17T11:30:45.060019
2026-03-31,CAN,arrival,02:00,CNX Chiang Mai,9C8934,Spring Airlines,text,Duration: 3h 15m,,True,2026-02-17T11:30:45.060025
2026-03-31,CAN,arrival,02:00,KTI Phnom Penh,9C7008,Spring Airlines,text,Duration: 3h 5m,,True,2026-02-17T11:30:45.060030
2026-03-31,CAN,arrival,02:00,JHB Johor Bharu,AK1394,AirAsia,text,Duration: 4h 0m,,True,2026-02-17T11:30:45.060035
2026-03-31,CAN,arrival,02:05,CMB Colombo,UL884,SriLankan Airlines,text,Duration: 6h 0m,,True,2026-02-17T11:30:45.060041
2026-03-31,CAN,arrival,02:10,KUL Kuala Lumpur,OD612,Batik Air,text,Duration: 4h 15m,,True,2026-02-17T11:30:45.060046
2026-03-31,CAN,arrival,02:15,HAN Hanoi,VJ7526,VietJet,text,Duration: 1h 40m,,True,2026-02-17T11:30:45.060052
2026-03-31,CAN,arrival,02:20,HKG Hong Kong,CX950,Cathay Pacific,text,Duration: 1h 5m,,True,2026-02-17T11:30:45.060057
2026-03-31,CAN,arrival,02:50,KTI Phnom Penh,KR937,Cambodia Airways,text,Duration: 2h 55m,,True,2026-02-17T11:30:45.060063
2026-03-31,CAN,arrival,03:05,VTE Vientiane,AQ1278,9 Air,text,Duration: 2h 15m,,True,2026-02-17T11:30:45.060068
2026-03-31,CAN,arrival,03:15,TAS Tashkent,C6511,Centrum Air,text,Duration: 6h 55m,,True,2026-02-17T11:30:45.060073
2026-03-31,CAN,arrival,03:20,KWI Kuwait,KU419,Kuwait Airways,text,Duration: 8h 35m,,True,2026-02-17T11:30:45.060079
2026-03-31,CAN,arrival,03:30,DAC Dhaka,BG366,Biman,text,Duration: 3h 45m,,True,2026-02-17T11:30:45.060084
2026-03-31,CAN,arrival,03:35,DMK Bangkok,AQ1280,9 Air,text,Duration: 2h 50m,,True,2026-02-17T11:30:45.060090
2026-03-31,CAN,arrival,03:45,CCU Kolkata,6E1703,IndiGo,text,Duration: 3h 35m,,True,2026-02-17T11:30:45.060096
2026-03-31,CAN,arrival,03:50,DAC Dhaka,BS325,US-Bangla Airlines,text,Duration: 3h 40m,,True,2026-02-17T11:30:45.060101
2026-03-31,CAN,arrival,04:00,DEL Delhi,6E1701,IndiGo,text,Duration: 4h 35m,,True,2026-02-17T11:30:45.060106
2026-03-31,CAN,arrival,04:00,KTI Phnom Penh,K6610,Air Cambodia,text,Duration: 3h 10m,,True,2026-02-17T11:30:45.060112
2026-03-31,CAN,arrival,04:05,PEN Penang,CZ8074,China Southern,text,Duration: 4h 0m,,True,2026-02-17T11:30:45.060117
2026-03-31,CAN,arrival,04:40,TAS Tashkent,HH871,Taban Air,text,Duration: 7h 0m,,True,2026-02-17T11:30:45.060123
2026-03-31,CAN,arrival,05:00,DAC Dhaka,CZ392,China Southern,text,Duration: 3h 45m,,True,2026-02-17T11:30:45.060128
2026-03-31,CAN,arrival,05:00,MEL Melbourne,CZ344,China Southern,text,Duration: 10h 0m,,True,2026-02-17T11:30:45.060134
2026-03-31,CAN,arrival,05:00,YYZ Toronto,CZ312,China Southern,text,Duration: 15h 30m,,True,2026-02-17T11:30:45.060139
2026-03-31,CAN,arrival,05:15,BKI Kota Kinabalu,CZ8484,China Southern,text,Duration: 3h 30m,,True,2026-02-17T11:30:45.060144
2026-03-31,CAN,arrival,05:25,AKL Auckland,CZ306,China Southern,text,Duration: 12h 0m,,True,2026-02-17T11:30:45.060150
2026-03-31,CAN,arrival,05:25,SYD Sydney,CZ302,China Southern,text,Duration: 9h 40m,,True,2026-02-17T11:30:45.060155
2026-03-31,CAN,arrival,05:30,NBO Nairobi,CZ634,China Southern,text,Duration: 11h 5m,,True,2026-02-17T11:30:45.060160
2026-03-31,CAN,arrival,05:35,ALA Almaty,KC187,Air Astana,text,Duration: 5h 55m,,True,2026-02-17T11:30:45.060166
2026-03-31,CAN,arrival,05:40,ALG Algiers,AH3180,Air Algerie,text,Duration: 12h 50m,,True,2026-02-17T11:30:45.060171
2026-03-31,CAN,arrival,05:45,KUL Kuala Lumpur,CZ5036,China Southern,text,Duration: 4h 25m,,True,2026-02-17T11:30:45.060177
2026-03-31,CAN,arrival,05:50,CDG Paris,CZ348,China Southern,text,Duration: 11h 40m,,True,2026-02-17T11:30:45.060182
2026-03-31,CAN,arrival,05:50,DPS Denpasar,CZ626,China Southern,text,Duration: 5h 20m,,True,2026-02-17T11:30:45.060188
2026-03-31,CAN,arrival,06:15,ALA Almaty,CZ3084,China Southern,text,Duration: 6h 15m,,True,2026-02-17T11:30:45.060193
2026-03-31,CAN,arrival,06:15,LHE Lahore,CZ6038,China Southern,text,Duration: 5h 30m,,True,2026-02-17T11:30:45.060198
2026-03-31,CAN,arrival,06:20,BKK Bangkok,AQ1266,9 Air,text,Duration: 2h 50m,,True,2026-02-17T11:30:45.060204
2026-03-31,CAN,arrival,06:20,KTM Kathmandu,CZ3068,China Southern,text,Duration: 4h 35m,,True,2026-02-17T11:30:45.060209
2026-03-31,CAN,arrival,06:30,SGN Ho Chi Minh City,CZ6090,China Southern,text,Duration: 2h 55m,,True,2026-02-17T11:30:45.060291
2026-03-31,CAN,arrival,06:35,KUL Kuala Lumpur,CZ8072,China Southern,text,Duration: 4h 15m,,True,2026-02-17T11:30:45.060298
2026-03-31,CAN,arrival,06:40,AMS Amsterdam,CZ308,China Southern,text,Duration: 11h 20m,,True,2026-02-17T11:30:45.060304
2026-03-31,CAN,arrival,06:40,LGW London,CZ690,China Southern,text,Duration: 11h 40m,,True,2026-02-17T11:30:45.060310
2026-03-31,CAN,arrival,06:55,BKK Bangkok,CZ3036,China Southern,text,Duration: 2h 55m,,True,2026-02-17T11:30:45.060315
2026-03-31,CAN,arrival,06:55,IST Istanbul,CZ8066,China Southern,text,Duration: 9h 55m,,True,2026-02-17T11:30:45.060320
2026-03-31,CAN,arrival,07:05,ADD Addis Ababa,ET616,Ethiopian,text,Duration: 10h 30m,,True,2026-02-17T11:30:45.060326
2026-03-31,CAN,arrival,07:20,IST Istanbul,TK298,Turkish Airlines,text,Duration: 10h 30m,,True,2026-02-17T11:30:45.060331
2026-03-31,CAN,arrival,07:35,PER Perth,CZ320,China Southern,text,Duration: 8h 0m,,True,2026-02-17T11:30:45.060336
2026-03-31,CAN,arrival,07:45,DXB Dubai,CZ8058,China Southern,text,Duration: 7h 50m,,True,2026-02-17T11:30:45.060342
2026-03-31,CAN,arrival,07:50,BKK Bangkok,MU2078,China Eastern,text,Duration: 3h 50m,,True,2026-02-17T11:30:45.060347
2026-03-31,CAN,arrival,07:55,HAK Haikou,HU7001,Hainan Airlines,text,Duration: 1h 25m,,True,2026-02-17T11:30:45.060353
2026-03-31,CAN,arrival,08:15,SIN Singapore,CZ8490,China Southern,text,Duration: 4h 20m,,True,2026-02-17T11:30:45.060358
2026-03-31,CAN,arrival,08:20,HAK Haikou,CZ6773,China Southern,text,Duration: 1h 20m,,True,2026-02-17T11:30:45.060363
2026-03-31,CAN,arrival,08:25,ZHA Zhanjiang,CZ3330,China Southern,text,Duration: 1h 15m,,True,2026-02-17T11:30:45.060369
2026-03-31,CAN,arrival,08:30,CGD Changde,CZ3230,China Southern,text,Duration: 1h 30m,,True,2026-02-17T11:30:45.060374
2026-03-31,CAN,arrival,08:30,CGO Zhengzhou,PN6381,West Air (China),text,Duration: 2h 25m,,True,2026-02-17T11:30:45.060379
2026-03-31,CAN,arrival,08:35,SYX Sanya,HU7307,Hainan Airlines,text,Duration: 1h 45m,,True,2026-02-17T11:30:45.060385
2026-03-31,CAN,arrival,08:40,BAR Qionghai,AQ1146,9 Air,text,Duration: 1h 30m,,True,2026-02-17T11:30:45.060390
2026-03-31,CAN,arrival,08:45,BHY Beihai,CZ3354,China Southern,text,Duration: 1h 30m,,True,2026-02-17T11:30:45.060395
2026-03-31,CAN,arrival,08:45,SWA Jieyang,CZ3895,China Southern,text,Duration: 1h 15m,,True,2026-02-17T11:30:45.060400
2026-03-31,CAN,arrival,08:45,HAK Haikou,HU7003,Hainan Airlines,text,Duration: 1h 15m,,True,2026-02-17T11:30:45.060405
2026-03-31,CAN,arrival,08:45,WNZ Wenzhou,ZH9962,Shenzhen Airlines,text,Duration: 2h 0m,,True,2026-02-17T11:30:45.060410
2026-03-31,CAN,arrival,08:50,HIA Huai'an,CZ3996,China Southern,text,Duration: 2h 25m,,True,2026-02-17T11:30:45.060415
2026-03-31,CAN,arrival,08:50,KHN Nanchang,CZ3344,China Southern,text,Duration: 1h 35m,,True,2026-02-17T11:30:45.060420
2026-03-31,CAN,arrival,08:50,SYX Sanya,CZ6731,China Southern,text,Duration: 1h 45m,,True,2026-02-17T11:30:45.060425
2026-03-31,CAN,arrival,08:55,HKG Hong Kong,CX982,Cathay Pacific,text,Duration: 1h 5m,,True,2026-02-17T11:30:45.060431
2026-03-31,CAN,arrival,08:55,NNG Nanning,CZ3292,China Southern,text,Duration: 1h 30m,,True,2026-02-17T11:30:45.060437
2026-03-31,CAN,arrival,08:55,XUZ Xuzhou,CZ6282,China Southern,text,Duration: 2h 25m,,True,2026-02-17T11:30:45.060442
2026-03-31,CAN,arrival,08:55,CGO Zhengzhou,ZH8904,Shenzhen Airlines,text,Duration: 2h 15m,,True,2026-02-17T11:30:45.060448
2026-03-31,CAN,arrival,09:05,XMN Xiamen,MF8305,XiamenAir,text,Duration: 1h 35m,,True,2026-02-17T11:30:45.060453
2026-03-31,CAN,arrival,09:15,KUL Kuala Lumpur,AK112,AirAsia,text,Duration: 4h 15m,,True,2026-02-17T11:30:45.060459
2026-03-31,CAN,arrival,09:15,PVG Shanghai,CZ3549,China Southern,text,Duration: 2h 20m,,True,2026-02-17T11:30:45.060464
2026-03-31,CAN,arrival,09:20,CTU Chengdu,3U8737,Sichuan Airlines,text,Duration: 2h 20m,,True,2026-02-17T11:30:45.060470
2026-03-31,CAN,arrival,09:20,HGH Hangzhou,CA1789,Air China,text,Duration: 2h 5m,,True,2026-02-17T11:30:45.060475
2026-03-31,CAN,arrival,09:20,KWE Guiyang,CZ3661,China Southern,text,Duration: 1h 35m,,True,2026-02-17T11:30:45.060480
2026-03-31,CAN,arrival,09:20,WUH Wuhan,MU2542,China Eastern,text,Duration: 1h 40m,,True,2026-02-17T11:30:45.060486
2026-03-31,CAN,arrival,09:25,SIN Singapore,TR100,Scoot,text,Duration: 4h 10m,,True,2026-02-17T11:30:45.060491
2026-03-31,CAN,arrival,09:30,PVG Shanghai,HO1855,Juneyao Airlines,text,Duration: 2h 30m,,True,2026-02-17T11:30:45.060497
2026-03-31,CAN,arrival,09:30,CKG Chongqing,OQ2323,Chongqing Airlines,text,Duration: 2h 0m,,True,2026-02-17T11:30:45.060502
2026-03-31,CAN,arrival,09:30,SVO Moscow,SU220,Aeroflot,text,Duration: 9h 15m,,True,2026-02-17T11:30:45.060507
2026-03-31,CAN,arrival,09:35,LYI Linyi,CZ3992,China Southern,text,Duration: 2h 35m,,True,2026-02-17T11:30:45.060512
2026-03-31,CAN,arrival,09:35,HFE Hefei,MU5287,China Eastern,text,Duration: 2h 10m,,True,2026-02-17T11:30:45.060518
2026-03-31,CAN,arrival,09:40,CSX Changsha,CZ3387,China Southern,text,Duration: 1h 40m,,True,2026-02-17T11:30:45.060523
2026-03-31,CAN,arrival,09:40,NNY Nanyang,CZ3384,China Southern,text,Duration: 2h 10m,,True,2026-02-17T11:30:45.060528
2026-03-31,CAN,arrival,09:40,CTU Chengdu,EU2235,Chengdu Airlines,text,Duration: 2h 10m,,True,2026-02-17T11:30:45.060533
2026-03-31,CAN,arrival,09:40,WUX Wuxi,ZH9834,Shenzhen Airlines,text,Duration: 2h 30m,,True,2026-02-17T11:30:45.060538
2026-03-31,CAN,arrival,09:45,KMG Kunming,CZ3420,China Southern,text,Duration: 2h 0m,,True,2026-02-17T11:30:45.060543
2026-03-31,CAN,arrival,09:45,NGB Ningbo,CZ3672,China Southern,text,Duration: 2h 15m,,True,2026-02-17T11:30:45.060549
2026-03-31,CAN,arrival,09:45,WNZ Wenzhou,CZ3770,China Southern,text,Duration: 1h 55m,,True,2026-02-17T11:30:45.060554
2026-03-31,CAN,arrival,09:45,YIW Yiwu,CZ3796,China Southern,text,Duration: 2h 5m,,True,2026-02-17T11:30:45.060655
2026-03-31,CAN,arrival,09:45,NKG Nanjing,MU2817,China Eastern,text,Duration: 2h 20m,,True,2026-02-17T11:30:45.060668
2026-03-31,CAN,arrival,09:45,NKG Nanjing,ZH9878,Shenzhen Airlines,text,Duration: 2h 25m,,True,2026-02-17T11:30:45.060674
2026-03-31,CAN,arrival,09:50,SHA Shanghai,9C8835,Spring Airlines,text,Duration: 2h 25m,,True,2026-02-17T11:30:45.060680
2026-03-31,CAN,arrival,09:50,CZX Changzhou,CZ3994,China Southern,text,Duration: 2h 25m,,True,2026-02-17T11:30:45.060685
2026-03-31,CAN,arrival,09:50,HYN Taizhou,CZ8262,China Southern,text,Duration: 2h 10m,,True,2026-02-17T11:30:45.060691
2026-03-31,CAN,arrival,09:50,LZO Luzhou,CZ3950,China Southern,text,Duration: 2h 5m,,True,2026-02-17T11:30:45.060696
2026-03-31,CAN,arrival,09:50,NKG Nanjing,ZH9876,Shenzhen Airlines,text,Duration: 2h 25m,,True,2026-02-17T11:30:45.060702
2026-03-31,CAN,arrival,09:50,NTG Nantong,ZH8696,Shenzhen Airlines,text,Duration: 2h 35m,,True,2026-02-17T11:30:45.060707
2026-03-31,CAN,arrival,09:55,INC Yinchuan,CZ3254,China Southern,text,Duration: 3h 5m,,True,2026-02-17T11:30:45.060712
2026-03-31,CAN,arrival,09:55,YTY Yangzhou,CZ3958,China Southern,text,Duration: 2h 30m,,True,2026-02-17T11:30:45.060717
2026-03-31,CAN,arrival,09:55,HGH Hangzhou,HU7262,Hainan Airlines,text,Duration: 2h 10m,,True,2026-02-17T11:30:45.060722
2026-03-31,CAN,arrival,09:55,HGH Hangzhou,HU7462,Hainan Airlines,text,Duration: 2h 15m,,True,2026-02-17T11:30:45.060728
2026-03-31,CAN,arrival,09:55,FOC Fuzhou,MF8323,XiamenAir,text,Duration: 1h 55m,,True,2026-02-17T11:30:45.060733
2026-03-31,CAN,arrival,10:00,CTU Chengdu,TV9765,Tibet Airlines,text,Duration: 2h 20m,,True,2026-02-17T11:30:45.060738
2026-03-31,CAN,arrival,10:05,HGH Hangzhou,MU5211,China Eastern,text,Duration: 2h 10m,,True,2026-02-17T11:30:45.060743
2026-03-31,CAN,arrival,10:10,KMG Kunming,MU5731,China Eastern,text,Duration: 2h 5m,,True,2026-02-17T11:30:45.060748
2026-03-31,CAN,arrival,10:15,CKG Chongqing,CA4361,Air China,text,Duration: 2h 15m,,True,2026-02-17T11:30:45.060753
2026-03-31,CAN,arrival,10:15,HFE Hefei,CZ3816,China Southern,text,Duration: 2h 10m,,True,2026-02-17T11:30:45.060758
2026-03-31,CAN,arrival,10:15,XIY Xian,ZH9226,Shenzhen Airlines,text,Duration: 2h 45m,,True,2026-02-17T11:30:45.060763
2026-03-31,CAN,arrival,10:20,WNZ Wenzhou,CA8351,Air China,text,Duration: 1h 55m,,True,2026-02-17T11:30:45.060768
2026-03-31,CAN,arrival,10:20,WUH Wuhan,CZ3368,China Southern,text,Duration: 1h 50m,,True,2026-02-17T11:30:45.060773
2026-03-31,CAN,arrival,10:20,KMG Kunming,KY8279,Kunming Airlines,text,Duration: 2h 0m,,True,2026-02-17T11:30:45.060778
2026-03-31,CAN,arrival,10:25,TFU Chengdu,3U6701,Sichuan Airlines,text,Duration: 2h 25m,,True,2026-02-17T11:30:45.060784
2026-03-31,CAN,arrival,10:25,PEK Beijing,CA1359,Air China,text,Duration: 3h 25m,,True,2026-02-17T11:30:45.060789
2026-03-31,CAN,arrival,10:25,CGO Zhengzhou,CZ3391,China Southern,text,Duration: 2h 25m,,True,2026-02-17T11:30:45.060795
2026-03-31,CAN,arrival,10:25,HAK Haikou,CZ6785,China Southern,text,Duration: 1h 25m,,True,2026-02-17T11:30:45.060800
2026-03-31,CAN,arrival,10:30,HGH Hangzhou,3U3151,Sichuan Airlines,text,Duration: 2h 10m,,True,2026-02-17T11:30:45.060805
2026-03-31,CAN,arrival,10:30,HGH Hangzhou,CA8591,Air China,text,Duration: 2h 5m,,True,2026-02-17T11:30:45.060809
2026-03-31,CAN,arrival,10:30,TAO Qingdao,MU5255,China Eastern,text,Duration: 3h 5m,,True,2026-02-17T11:30:45.060814
2026-03-31,CAN,arrival,10:30,XIY Xian,MU2303,China Eastern,text,Duration: 3h 0m,,True,2026-02-17T11:30:45.060819
2026-03-31,CAN,arrival,10:30,WUX Wuxi,ZH9832,Shenzhen Airlines,text,Duration: 2h 30m,,True,2026-02-17T11:30:45.060824
2026-03-31,CAN,arrival,10:35,CTU Chengdu,CA4305,Air China,text,Duration: 2h 20m,,True,2026-02-17T11:30:45.060830
2026-03-31,CAN,arrival,10:35,TSN Tianjin,CA2801,Air China,text,Duration: 3h 15m,,True,2026-02-17T11:30:45.060835
2026-03-31,CAN,arrival,10:35,PKX Beijing,CZ3116,China Southern,text,Duration: 3h 5m,,True,2026-02-17T11:30:45.060840
2026-03-31,CAN,arrival,10:35,XIY Xian,CZ3220,China Southern,text,Duration: 2h 35m,,True,2026-02-17T11:30:45.060845
2026-03-31,CAN,arrival,10:35,PKX Beijing,MU6301,China Eastern,text,Duration: 3h 20m,,True,2026-02-17T11:30:45.060851
2026-03-31,CAN,arrival,10:35,CKG Chongqing,OQ2305,Chongqing Airlines,text,Duration: 2h 10m,,True,2026-02-17T11:30:45.060857
2026-03-31,CAN,arrival,10:40,PVG Shanghai,HU7332,Hainan Airlines,text,Duration: 2h 40m,,True,2026-02-17T11:30:45.060864
2026-03-31,CAN,arrival,10:40,TYN Taiyuan,MU5251,China Eastern,text,Duration: 2h 40m,,True,2026-02-17T11:30:45.060869
2026-03-31,CAN,arrival,10:40,YNT Yantai,SC7621,Shandong Airlines,text,Duration: 3h 10m,,True,2026-02-17T11:30:45.060874
2026-03-31,CAN,arrival,10:45,TNA Jinan,CZ3664,China Southern,text,Duration: 2h 35m,,True,2026-02-17T11:30:45.060879
2026-03-31,CAN,arrival,10:45,TSN Tianjin,MF8313,XiamenAir,text,Duration: 3h 5m,,True,2026-02-17T11:30:45.060884
2026-03-31,CAN,arrival,10:50,HGH Hangzhou,CZ3820,China Southern,text,Duration: 2h 15m,,True,2026-02-17T11:30:45.060890
2026-03-31,CAN,arrival,10:50,SYX Sanya,CZ6747,China Southern,text,Duration: 1h 30m,,True,2026-02-17T11:30:45.060895
2026-03-31,CAN,arrival,10:50,LHW Lanzhou,MU2219,China Eastern,text,Duration: 3h 5m,,True,2026-02-17T11:30:45.060901
2026-03-31,CAN,arrival,10:55,DLC Dalian,CZ6321,China Southern,text,Duration: 3h 35m,,True,2026-02-17T11:30:45.060906
2026-03-31,CAN,arrival,10:55,HAN Hanoi,CZ372,China Southern,text,Duration: 1h 40m,,True,2026-02-17T11:30:45.060911
2026-03-31,CAN,arrival,10:55,LHW Lanzhou,CZ3252,China Southern,text,Duration: 3h 15m,,True,2026-02-17T11:30:45.060917
2026-03-31,CAN,arrival,10:55,NKG Nanjing,CZ3872,China Southern,text,Duration: 2h 20m,,True,2026-02-17T11:30:45.060922
2026-03-31,CAN,arrival,10:55,INC Yinchuan,MF8753,XiamenAir,text,Duration: 3h 25m,,True,2026-02-17T11:30:45.061022
2026-03-31,CAN,arrival,10:55,TFU Chengdu,ZH9446,Shenzhen Airlines,text,Duration: 1h 55m,,True,2026-02-17T11:30:45.061031
2026-03-31,CAN,arrival,11:00,SHA Shanghai,9C6721,Spring Airlines,text,Duration: 2h 30m,,True,2026-02-17T11:30:45.061036
2026-03-31,CAN,arrival,11:00,MNL Manila,CZ3078,China Southern,text,Duration: 2h 40m,,True,2026-02-17T11:30:45.061042
2026-03-31,CAN,arrival,11:00,SHA Shanghai,FM9303,Shanghai Airlines,text,Duration: 2h 30m,,True,2026-02-17T11:30:45.061047
2026-03-31,CAN,arrival,11:05,XMN Xiamen,CZ3724,China Southern,text,Duration: 1h 35m,,True,2026-02-17T11:30:45.061053
2026-03-31,CAN,arrival,11:10,PKX Beijing,MF8395,XiamenAir,text,Duration: 3h 10m,,True,2026-02-17T11:30:45.061058
2026-03-31,CAN,arrival,11:10,CZX Changzhou,MU2947,China Eastern,text,Duration: 2h 20m,,True,2026-02-17T11:30:45.061064
2026-03-31,CAN,arrival,11:15,HET Hohhot,CZ3182,China Southern,text,Duration: 3h 15m,,True,2026-02-17T11:30:45.061070
2026-03-31,CAN,arrival,11:15,SHA Shanghai,CZ3596,China Southern,text,Duration: 2h 25m,,True,2026-02-17T11:30:45.061075
2026-03-31,CAN,arrival,11:15,TAO Qingdao,CZ3716,China Southern,text,Duration: 3h 5m,,True,2026-02-17T11:30:45.061080
2026-03-31,CAN,arrival,11:15,ICN Seoul,OZ369,Asiana,text,Duration: 3h 45m,,True,2026-02-17T11:30:45.061085
2026-03-31,CAN,arrival,11:15,HAK Haikou,ZH8996,Shenzhen Airlines,text,Duration: 1h 0m,,True,2026-02-17T11:30:45.061091
2026-03-31,CAN,arrival,11:20,HAK Haikou,AQ1024,9 Air,text,Duration: 1h 30m,,True,2026-02-17T11:30:45.061096
2026-03-31,CAN,arrival,11:20,PEK Beijing,CA1351,Air China,text,Duration: 3h 20m,,True,2026-02-17T11:30:45.061101
2026-03-31,CAN,arrival,11:20,NNG Nanning,CZ3296,China Southern,text,Duration: 1h 25m,,True,2026-02-17T11:30:45.061107
2026-03-31,CAN,arrival,11:20,WUH Wuhan,CZ8727,China Southern,text,Duration: 1h 50m,,True,2026-02-17T11:30:45.061112
2026-03-31,CAN,arrival,11:20,CKG Chongqing,HU7342,Hainan Airlines,text,Duration: 1h 50m,,True,2026-02-17T11:30:45.061117
2026-03-31,CAN,arrival,11:20,HGH Hangzhou,MF8319,XiamenAir,text,Duration: 2h 15m,,True,2026-02-17T11:30:45.061122
2026-03-31,CAN,arrival,11:25,CGO Zhengzhou,CZ8685,China Southern,text,Duration: 2h 25m,,True,2026-02-17T11:30:45.061127
2026-03-31,CAN,arrival,11:25,SHA Shanghai,HO2287,Juneyao Airlines,text,Duration: 2h 35m,,True,2026-02-17T11:30:45.061132
2026-03-31,CAN,arrival,11:25,XIY Xian,HU7837,Hainan Airlines,text,Duration: 2h 55m,,True,2026-02-17T11:30:45.061138
2026-03-31,CAN,arrival,11:25,SJW Shijiazhuang,NS3203,Hebei Airlines,text,Duration: 3h 10m,,True,2026-02-17T11:30:45.061143
2026-03-31,CAN,arrival,11:30,CTU Chengdu,CZ3414,China Southern,text,Duration: 2h 30m,,True,2026-02-17T11:30:45.061148
2026-03-31,CAN,arrival,11:30,PVG Shanghai,FM9305,Shanghai Airlines,text,Duration: 2h 30m,,True,2026-02-17T11:30:45.061153
2026-03-31,CAN,arrival,11:30,ICN Seoul,KE867,Korean Air,text,Duration: 3h 40m,,True,2026-02-17T11:30:45.061159
2026-03-31,CAN,arrival,11:30,TFU Chengdu,MU5321,China Eastern,text,Duration: 2h 30m,,True,2026-02-17T11:30:45.061164
2026-03-31,CAN,arrival,11:35,HAK Haikou,CZ6771,China Southern,text,Duration: 1h 35m,,True,2026-02-17T11:30:45.061169
2026-03-31,CAN,arrival,11:35,TYN Taiyuan,CZ3378,China Southern,text,Duration: 2h 50m,,True,2026-02-17T11:30:45.061174
2026-03-31,CAN,arrival,11:35,PKX Beijing,MU6303,China Eastern,text,Duration: 3h 20m,,True,2026-02-17T11:30:45.061179
2026-03-31,CAN,arrival,11:40,SGN Ho Chi Minh City,CZ368,China Southern,text,Duration: 2h 40m,,True,2026-02-17T11:30:45.061185
2026-03-31,CAN,arrival,11:40,SJW Shijiazhuang,CZ3132,China Southern,text,Duration: 3h 5m,,True,2026-02-17T11:30:45.061190
2026-03-31,CAN,arrival,11:40,SVO Moscow,CZ656,China Southern,text,Duration: 9h 25m,,True,2026-02-17T11:30:45.061196
2026-03-31,CAN,arrival,11:40,XIY Xian,CZ3216,China Southern,text,Duration: 2h 40m,,True,2026-02-17T11:30:45.061201
2026-03-31,CAN,arrival,11:45,DZH Dazhou,CZ3264,China Southern,text,Duration: 2h 20m,,True,2026-02-17T11:30:45.061206
2026-03-31,CAN,arrival,11:45,KTI Phnom Penh,CZ324,China Southern,text,Duration: 2h 45m,,True,2026-02-17T11:30:45.061212
2026-03-31,CAN,arrival,11:45,YIH Yichang,CZ3312,China Southern,text,Duration: 1h 50m,,True,2026-02-17T11:30:45.061217
2026-03-31,CAN,arrival,11:45,TNA Jinan,SC1169,Shandong Airlines,text,Duration: 2h 50m,,True,2026-02-17T11:30:45.061221
2026-03-31,CAN,arrival,11:45,WUS Wuyishan,SC4673,Shandong Airlines,text,Duration: 1h 45m,,True,2026-02-17T11:30:45.061226
2026-03-31,CAN,arrival,11:50,HGH Hangzhou,CZ3870,China Southern,text,Duration: 2h 15m,,True,2026-02-17T11:30:45.061232
2026-03-31,CAN,arrival,11:50,PEK Beijing,HU7801,Hainan Airlines,text,Duration: 3h 20m,,True,2026-02-17T11:30:45.061237
2026-03-31,CAN,arrival,11:50,HYN Taizhou,ZH8990,Shenzhen Airlines,text,Duration: 2h 10m,,True,2026-02-17T11:30:45.061241
2026-03-31,CAN,arrival,11:55,TFU Chengdu,CA4307,Air China,text,Duration: 2h 25m,,True,2026-02-17T11:30:45.061246
2026-03-31,CAN,arrival,11:55,WHA Wuhu,CZ5840,China Southern,text,Duration: 2h 20m,,True,2026-02-17T11:30:45.061251
2026-03-31,CAN,arrival,11:55,SHA Shanghai,FM9307,Shanghai Airlines,text,Duration: 2h 25m,,True,2026-02-17T11:30:45.061256
2026-03-31,CAN,arrival,11:55,HAK Haikou,HU7005,Hainan Airlines,text,Duration: 1h 25m,,True,2026-02-17T11:30:45.061261
2026-03-31,CAN,arrival,11:55,WNZ Wenzhou,KN5037,China United Airlines,text,Duration: 2h 15m,,True,2026-02-17T11:30:45.061266
2026-03-31,CAN,arrival,11:55,FOC Fuzhou,MF8355,XiamenAir,text,Duration: 1h 55m,,True,2026-02-17T11:30:45.061271
2026-03-31,CAN,arrival,12:00,BAH Bahrain,GF122,Gulf Air,text,Duration: 8h 0m,,True,2026-02-17T11:30:45.061276
2026-03-31,CAN,arrival,12:05,LZO Luzhou,CA4351,Air China,text,Duration: 2h 0m,,True,2026-02-17T11:30:45.061281
2026-03-31,CAN,arrival,12:05,FOC Fuzhou,CZ3506,China Southern,text,Duration: 1h 45m,,True,2026-02-17T11:30:45.061374
2026-03-31,CAN,arrival,12:10,SIN Singapore,SQ850,Singapore Airlines,text,Duration: 4h 10m,,True,2026-02-17T11:30:45.061381
2026-03-31,CAN,arrival,12:15,KUL Kuala Lumpur,CZ366,China Southern,text,Duration: 4h 10m,,True,2026-02-17T11:30:45.061386
2026-03-31,CAN,arrival,12:15,TSN Tianjin,CZ3350,China Southern,text,Duration: 3h 15m,,True,2026-02-17T11:30:45.061391
2026-03-31,CAN,arrival,12:15,KTI Phnom Penh,K6668,Air Cambodia,text,Duration: 2h 55m,,True,2026-02-17T11:30:45.061396
2026-03-31,CAN,arrival,12:15,XIY Xian,MU2301,China Eastern,text,Duration: 2h 45m,,True,2026-02-17T11:30:45.061402
2026-03-31,CAN,arrival,12:20,PEK Beijing,CA1321,Air China,text,Duration: 3h 20m,,True,2026-02-17T11:30:45.061407
2026-03-31,CAN,arrival,12:20,BKK Bangkok,CZ362,China Southern,text,Duration: 3h 0m,,True,2026-02-17T11:30:45.061412
2026-03-31,CAN,arrival,12:20,SIN Singapore,CZ352,China Southern,text,Duration: 4h 20m,,True,2026-02-17T11:30:45.061417
2026-03-31,CAN,arrival,12:20,WUH Wuhan,CZ6590,China Southern,text,Duration: 1h 50m,,True,2026-02-17T11:30:45.061422
2026-03-31,CAN,arrival,12:25,CKG Chongqing,3U8747,Sichuan Airlines,text,Duration: 2h 5m,,True,2026-02-17T11:30:45.061427
2026-03-31,CAN,arrival,12:25,CGQ Changchun,CZ6341,China Southern,text,Duration: 4h 35m,,True,2026-02-17T11:30:45.061432
2026-03-31,CAN,arrival,12:25,SHE Shenyang,CZ6301,China Southern,text,Duration: 4h 25m,,True,2026-02-17T11:30:45.061438
2026-03-31,CAN,arrival,12:25,WNZ Wenzhou,CZ3812,China Southern,text,Duration: 2h 5m,,True,2026-02-17T11:30:45.061443
2026-03-31,CAN,arrival,12:25,SHA Shanghai,MU5309,China Eastern,text,Duration: 2h 25m,,True,2026-02-17T11:30:45.061448
2026-03-31,CAN,arrival,12:30,ICN Seoul,CZ340,China Southern,text,Duration: 3h 50m,,True,2026-02-17T11:30:45.061453
2026-03-31,CAN,arrival,12:30,HND Tokyo,JL87,JAL,text,Duration: 4h 50m,,True,2026-02-17T11:30:45.061458
2026-03-31,CAN,arrival,12:35,PVG Shanghai,HU7432,Hainan Airlines,text,Duration: 2h 35m,,True,2026-02-17T11:30:45.061463
2026-03-31,CAN,arrival,12:35,CKG Chongqing,JD5228,Capital Airlines,text,Duration: 2h 5m,,True,2026-02-17T11:30:45.061469
2026-03-31,CAN,arrival,12:40,DXB Dubai,CZ384,China Southern,text,Duration: 7h 40m,,True,2026-02-17T11:30:45.061475
2026-03-31,CAN,arrival,12:40,PKX Beijing,CZ3000,China Southern,text,Duration: 3h 10m,,True,2026-02-17T11:30:45.061480
2026-03-31,CAN,arrival,12:40,WDS Shiyan,CZ3336,China Southern,text,Duration: 2h 15m,,True,2026-02-17T11:30:45.061485
2026-03-31,CAN,arrival,12:40,SHA Shanghai,MU5301,China Eastern,text,Duration: 2h 10m,,True,2026-02-17T11:30:45.061490
2026-03-31,CAN,arrival,12:40,LYI Linyi,ZH8948,Shenzhen Airlines,text,Duration: 2h 40m,,True,2026-02-17T11:30:45.061496
2026-03-31,CAN,arrival,12:45,KMG Kunming,CZ3498,China Southern,text,Duration: 2h 0m,,True,2026-02-17T11:30:45.061501
2026-03-31,CAN,arrival,12:45,NKG Nanjing,ZH9862,Shenzhen Airlines,text,Duration: 2h 20m,,True,2026-02-17T11:30:45.061506
2026-03-31,CAN,arrival,12:50,DLU Dali City,CZ3482,China Southern,text,Duration: 2h 20m,,True,2026-02-17T11:30:45.061512
2026-03-31,CAN,arrival,12:50,NGB Ningbo,CZ3778,China Southern,text,Duration: 2h 20m,,True,2026-02-17T11:30:45.061517
2026-03-31,CAN,arrival,12:50,PEK Beijing,HU7803,Hainan Airlines,text,Duration: 3h 20m,,True,2026-02-17T11:30:45.061522
2026-03-31,CAN,arrival,12:50,JJN Jinjiang,MF8385,XiamenAir,text,Duration: 1h 35m,,True,2026-02-17T11:30:45.061528
2026-03-31,CAN,arrival,12:55,PVG Shanghai,CA8581,Air China,text,Duration: 2h 50m,,True,2026-02-17T11:30:45.061533
2026-03-31,CAN,arrival,12:55,YCU Yuncheng,CA4593,Air China,text,Duration: 2h 30m,,True,2026-02-17T11:30:45.061538
2026-03-31,CAN,arrival,12:55,AKA Ankang,CZ6464,China Southern,text,Duration: 2h 20m,,True,2026-02-17T11:30:45.061544
2026-03-31,CAN,arrival,12:55,SYX Sanya,CZ6733,China Southern,text,Duration: 1h 30m,,True,2026-02-17T11:30:45.061549
2026-03-31,CAN,arrival,12:55,CKG Chongqing,HU7142,Hainan Airlines,text,Duration: 2h 15m,,True,2026-02-17T11:30:45.061554
2026-03-31,CAN,arrival,13:00,CTU Chengdu,3U8731,Sichuan Airlines,text,Duration: 2h 30m,,True,2026-02-17T11:30:45.061559
2026-03-31,CAN,arrival,13:00,PVG Shanghai,AQ1006,9 Air,text,Duration: 2h 40m,,True,2026-02-17T11:30:45.061565
2026-03-31,CAN,arrival,13:00,YIW Yiwu,CZ3728,China Southern,text,Duration: 2h 0m,,True,2026-02-17T11:30:45.061570
2026-03-31,CAN,arrival,13:00,NKG Nanjing,HU7114,Hainan Airlines,text,Duration: 2h 25m,,True,2026-02-17T11:30:45.061575
2026-03-31,CAN,arrival,13:00,LJG Lijiang,MU5741,China Eastern,text,Duration: 2h 35m,,True,2026-02-17T11:30:45.061581
2026-03-31,CAN,arrival,13:05,KWE Guiyang,CZ6412,China Southern,text,Duration: 1h 45m,,True,2026-02-17T11:30:45.061586
2026-03-31,CAN,arrival,13:05,PEN Penang,CZ396,China Southern,text,Duration: 4h 0m,,True,2026-02-17T11:30:45.061591
2026-03-31,CAN,arrival,13:05,HND Tokyo,NH923,ANA,text,Duration: 4h 55m,,True,2026-02-17T11:30:45.061596
2026-03-31,CAN,arrival,13:10,PVG Shanghai,HU7132,Hainan Airlines,text,Duration: 2h 45m,,True,2026-02-17T11:30:45.061601
2026-03-31,CAN,arrival,13:10,KUL Kuala Lumpur,MH376,Malaysia Airlines,text,Duration: 4h 10m,,True,2026-02-17T11:30:45.061607
2026-03-31,CAN,arrival,13:15,RGN Yangon,8M711,MAI,text,Duration: 3h 5m,,True,2026-02-17T11:30:45.061612
2026-03-31,CAN,arrival,13:15,SHA Shanghai,CZ3534,China Southern,text,Duration: 2h 25m,,True,2026-02-17T11:30:45.061617
2026-03-31,CAN,arrival,13:15,SHA Shanghai,HO1857,Juneyao Airlines,text,Duration: 2h 20m,,True,2026-02-17T11:30:45.061622
2026-03-31,CAN,arrival,13:15,HGH Hangzhou,HU7162,Hainan Airlines,text,Duration: 2h 15m,,True,2026-02-17T11:30:45.061627
2026-03-31,CAN,arrival,13:20,PEK Beijing,CA1317,Air China,text,Duration: 3h 20m,,True,2026-02-17T11:30:45.061632
2026-03-31,CAN,arrival,13:20,HRB Harbin,CZ8326,China Southern,text,Duration: 4h 40m,,True,2026-02-17T11:30:45.061713
2026-03-31,CAN,arrival,13:25,TFU Chengdu,CZ3404,China Southern,text,Duration: 2h 25m,,True,2026-02-17T11:30:45.061720
2026-03-31,CAN,arrival,13:25,HGH Hangzhou,GJ8699,Loong Air,text,Duration: 2h 35m,,True,2026-02-17T11:30:45.061725
2026-03-31,CAN,arrival,13:25,YTY Yangzhou,ZH8906,Shenzhen Airlines,text,Duration: 2h 30m,,True,2026-02-17T11:30:45.061731
2026-03-31,CAN,arrival,13:30,KHN Nanchang,MU9876,China Eastern,text,Duration: 1h 30m,,True,2026-02-17T11:30:45.061736
2026-03-31,CAN,arrival,13:35,NNY Nanyang,CZ3222,China Southern,text,Duration: 2h 10m,,True,2026-02-17T11:30:45.061741
2026-03-31,CAN,arrival,13:35,KMG Kunming,HU7208,Hainan Airlines,text,Duration: 2h 5m,,True,2026-02-17T11:30:45.061746
2026-03-31,CAN,arrival,13:40,LJG Lijiang,CZ6604,China Southern,text,Duration: 2h 30m,,True,2026-02-17T11:30:45.061751
2026-03-31,CAN,arrival,13:40,PKX Beijing,CZ3166,China Southern,text,Duration: 3h 10m,,True,2026-02-17T11:30:45.061757
2026-03-31,CAN,arrival,13:45,HGH Hangzhou,CZ3522,China Southern,text,Duration: 2h 10m,,True,2026-02-17T11:30:45.061762
2026-03-31,CAN,arrival,13:45,NKG Nanjing,CZ3514,China Southern,text,Duration: 2h 10m,,True,2026-02-17T11:30:45.061767
2026-03-31,CAN,arrival,13:45,XIY Xian,CZ3202,China Southern,text,Duration: 2h 45m,,True,2026-02-17T11:30:45.061773
2026-03-31,CAN,arrival,13:45,DLU Dali City,OQ2040,Chongqing Airlines,text,Duration: 2h 20m,,True,2026-02-17T11:30:45.061778
2026-03-31,CAN,arrival,13:45,JHG Jinghong,OQ2104,Chongqing Airlines,text,Duration: 2h 20m,,True,2026-02-17T11:30:45.061783
2026-03-31,CAN,arrival,13:50,DPS Denpasar,CZ8482,China Southern,text,Duration: 5h 10m,,True,2026-02-17T11:30:45.061788
2026-03-31,CAN,arrival,13:50,JNG Jining,CZ3954,China Southern,text,Duration: 2h 35m,,True,2026-02-17T11:30:45.061794
2026-03-31,CAN,arrival,13:50,RUH Riyadh,CZ376,China Southern,text,Duration: 8h 40m,,True,2026-02-17T11:30:45.061799
2026-03-31,CAN,arrival,13:50,WUH Wuhan,CZ5769,China Southern,text,Duration: 1h 50m,,True,2026-02-17T11:30:45.061804
2026-03-31,CAN,arrival,13:50,CKG Chongqing,OQ2317,Chongqing Airlines,text,Duration: 2h 0m,,True,2026-02-17T11:30:45.061809
2026-03-31,CAN,arrival,13:55,HZA Heze,CZ3126,China Southern,text,Duration: 2h 30m,,True,2026-02-17T11:30:45.061815
2026-03-31,CAN,arrival,13:55,XUZ Xuzhou,CZ3258,China Southern,text,Duration: 2h 35m,,True,2026-02-17T11:30:45.061820
2026-03-31,CAN,arrival,13:55,NGB Ningbo,MU6950,China Eastern,text,Duration: 2h 5m,,True,2026-02-17T11:30:45.061826
2026-03-31,CAN,arrival,14:00,CJU Jeju,9C6106,Spring Airlines,text,Duration: 3h 40m,,True,2026-02-17T11:30:45.061831
2026-03-31,CAN,arrival,14:00,WUX Wuxi,CZ3914,China Southern,text,Duration: 2h 30m,,True,2026-02-17T11:30:45.061836
2026-03-31,CAN,arrival,14:00,CGO Zhengzhou,HU7270,Hainan Airlines,text,Duration: 2h 45m,,True,2026-02-17T11:30:45.061842
2026-03-31,CAN,arrival,14:00,PEK Beijing,HU7805,Hainan Airlines,text,Duration: 3h 30m,,True,2026-02-17T11:30:45.061847
2026-03-31,CAN,arrival,14:00,SHA Shanghai,HU7132,Hainan Airlines,text,Duration: 2h 25m,,True,2026-02-17T11:30:45.061853
2026-03-31,CAN,arrival,14:00,SHA Shanghai,MU5303,China Eastern,text,Duration: 2h 30m,,True,2026-02-17T11:30:45.061858
2026-03-31,CAN,arrival,14:05,DOH Doha,CZ334,China Southern,text,Duration: 7h 50m,,True,2026-02-17T11:30:45.061864
2026-03-31,CAN,arrival,14:05,KMG Kunming,CZ3410,China Southern,text,Duration: 2h 10m,,True,2026-02-17T11:30:45.061869
2026-03-31,CAN,arrival,14:05,TPE Taipei,HU7982,Hainan Airlines,text,Duration: 2h 10m,,True,2026-02-17T11:30:45.061874
2026-03-31,CAN,arrival,14:10,SHA Shanghai,CZ3524,China Southern,text,Duration: 2h 20m,,True,2026-02-17T11:30:45.061879
2026-03-31,CAN,arrival,14:10,SGN Ho Chi Minh City,VN502,Vietnam Airlines,text,Duration: 3h 0m,,True,2026-02-17T11:30:45.061885
2026-03-31,CAN,arrival,14:15,LYA Luoyang,CZ3364,China Southern,text,Duration: 2h 30m,,True,2026-02-17T11:30:45.061890
2026-03-31,CAN,arrival,14:15,SUB Surabaya,CZ8138,China Southern,text,Duration: 5h 15m,,True,2026-02-17T11:30:45.061896
2026-03-31,CAN,arrival,14:15,TSN Tianjin,GS7895,Tianjin Airlines,text,Duration: 3h 10m,,True,2026-02-17T11:30:45.061901
2026-03-31,CAN,arrival,14:20,CGO Zhengzhou,CZ8765,China Southern,text,Duration: 2h 20m,,True,2026-02-17T11:30:45.061906
2026-03-31,CAN,arrival,14:20,CGQ Changchun,CZ6377,China Southern,text,Duration: 4h 35m,,True,2026-02-17T11:30:45.061911
2026-03-31,CAN,arrival,14:25,PEK Beijing,CA1315,Air China,text,Duration: 3h 25m,,True,2026-02-17T11:30:45.061916
2026-03-31,CAN,arrival,14:25,SHE Shenyang,CZ6367,China Southern,text,Duration: 4h 25m,,True,2026-02-17T11:30:45.061922
2026-03-31,CAN,arrival,14:25,URC Urumqi,CZ6024,China Southern,text,Duration: 5h 15m,,True,2026-02-17T11:30:45.061927
2026-03-31,CAN,arrival,14:25,TFU Chengdu,HU7152,Hainan Airlines,text,Duration: 2h 25m,,True,2026-02-17T11:30:45.061932
2026-03-31,CAN,arrival,14:30,CTU Chengdu,CZ3402,China Southern,text,Duration: 2h 30m,,True,2026-02-17T11:30:45.061937
2026-03-31,CAN,arrival,14:30,MNL Manila,CZ3092,China Southern,text,Duration: 2h 35m,,True,2026-02-17T11:30:45.061942
2026-03-31,CAN,arrival,14:30,BKK Bangkok,TG668,Thai Airways,text,Duration: 3h 0m,,True,2026-02-17T11:30:45.061947
2026-03-31,CAN,arrival,14:35,HAN Hanoi,CZ3050,China Southern,text,Duration: 1h 50m,,True,2026-02-17T11:30:45.061952
2026-03-31,CAN,arrival,14:35,HND Tokyo,CZ3086,China Southern,text,Duration: 4h 50m,,True,2026-02-17T11:30:45.061957
2026-03-31,CAN,arrival,14:35,XNN Xining,CZ3250,China Southern,text,Duration: 3h 25m,,True,2026-02-17T11:30:45.061963
2026-03-31,CAN,arrival,14:35,HGH Hangzhou,MU5215,China Eastern,text,Duration: 2h 10m,,True,2026-02-17T11:30:45.061968
2026-03-31,CAN,arrival,14:35,SJW Shijiazhuang,OQ2134,Chongqing Airlines,text,Duration: 3h 5m,,True,2026-02-17T11:30:45.061974
2026-03-31,CAN,arrival,14:40,CTU Chengdu,CA4317,Air China,text,Duration: 2h 40m,,True,2026-02-17T11:30:45.062065
2026-03-31,CAN,arrival,14:40,CXR Nha Trang,CZ8476,China Southern,text,Duration: 2h 35m,,True,2026-02-17T11:30:45.062072
2026-03-31,CAN,arrival,14:40,NGB Ningbo,CZ8294,China Southern,text,Duration: 2h 10m,,True,2026-02-17T11:30:45.062078
2026-03-31,CAN,arrival,14:40,PKX Beijing,CZ3112,China Southern,text,Duration: 3h 10m,,True,2026-02-17T11:30:45.062084
2026-03-31,CAN,arrival,14:40,TAO Qingdao,CZ3200,China Southern,text,Duration: 3h 5m,,True,2026-02-17T11:30:45.062089
2026-03-31,CAN,arrival,14:40,TAO Qingdao,ZH9996,Shenzhen Airlines,text,Duration: 3h 30m,,True,2026-02-17T11:30:45.062095
2026-03-31,CAN,arrival,14:45,HGH Hangzhou,CZ3804,China Southern,text,Duration: 2h 10m,,True,2026-02-17T11:30:45.062100
2026-03-31,CAN,arrival,14:45,"JUZ Quzhou, Zhejiang Province",CZ6290,China Southern,text,Duration: 2h 0m,,True,2026-02-17T11:30:45.062106
2026-03-31,CAN,arrival,14:45,RUH Riyadh,SV884,Saudia,text,Duration: 8h 45m,,True,2026-02-17T11:30:45.062111
2026-03-31,CAN,arrival,14:45,NKG Nanjing,ZH9864,Shenzhen Airlines,text,Duration: 2h 15m,,True,2026-02-17T11:30:45.062116
2026-03-31,CAN,arrival,14:50,ACX Xingyi,CZ3924,China Southern,text,Duration: 1h 50m,,True,2026-02-17T11:30:45.062121
2026-03-31,CAN,arrival,14:50,XNT Xingtai,CZ8246,China Southern,text,Duration: 2h 50m,,True,2026-02-17T11:30:45.062127
2026-03-31,CAN,arrival,14:50,HGH Hangzhou,MF8381,XiamenAir,text,Duration: 2h 20m,,True,2026-02-17T11:30:45.062132
2026-03-31,CAN,arrival,14:55,SHA Shanghai,9C6719,Spring Airlines,text,Duration: 2h 35m,,True,2026-02-17T11:30:45.062137
2026-03-31,CAN,arrival,14:55,HZG Hanzhong,AQ1154,9 Air,text,Duration: 2h 35m,,True,2026-02-17T11:30:45.062142
2026-03-31,CAN,arrival,14:55,ADD Addis Ababa,ET606,Ethiopian,text,Duration: 10h 30m,,True,2026-02-17T11:30:45.062148
2026-03-31,CAN,arrival,14:55,PEK Beijing,ZH9148,Shenzhen Airlines,text,Duration: 3h 30m,,True,2026-02-17T11:30:45.062153
2026-03-31,CAN,arrival,14:55,PVG Shanghai,ZH9534,Shenzhen Airlines,text,Duration: 2h 45m,,True,2026-02-17T11:30:45.062158
2026-03-31,CAN,arrival,14:55,WUX Wuxi,ZH9824,Shenzhen Airlines,text,Duration: 2h 25m,,True,2026-02-17T11:30:45.062163
2026-03-31,CAN,arrival,15:00,TNA Jinan,CZ3510,China Southern,text,Duration: 2h 50m,,True,2026-02-17T11:30:45.062168
2026-03-31,CAN,arrival,15:00,TYN Taiyuan,CZ3702,China Southern,text,Duration: 2h 55m,,True,2026-02-17T11:30:45.062174
2026-03-31,CAN,arrival,15:00,VTE Vientiane,CZ8150,China Southern,text,Duration: 2h 30m,,True,2026-02-17T11:30:45.062179
2026-03-31,CAN,arrival,15:05,TAO Qingdao,AQ1020,9 Air,text,Duration: 3h 40m,,True,2026-02-17T11:30:45.062184
2026-03-31,CAN,arrival,15:05,SHA Shanghai,CA1837,Air China,text,Duration: 2h 30m,,True,2026-02-17T11:30:45.062189
2026-03-31,CAN,arrival,15:05,HET Hohhot,CZ3198,China Southern,text,Duration: 3h 20m,,True,2026-02-17T11:30:45.062195
2026-03-31,CAN,arrival,15:05,NKG Nanjing,CZ3844,China Southern,text,Duration: 2h 30m,,True,2026-02-17T11:30:45.062200
2026-03-31,CAN,arrival,15:05,SHA Shanghai,MU5305,China Eastern,text,Duration: 2h 35m,,True,2026-02-17T11:30:45.062205
2026-03-31,CAN,arrival,15:05,TNA Jinan,ZH9972,Shenzhen Airlines,text,Duration: 2h 55m,,True,2026-02-17T11:30:45.062210
2026-03-31,CAN,arrival,15:10,BKK Bangkok,CZ358,China Southern,text,Duration: 2h 50m,,True,2026-02-17T11:30:45.062215
2026-03-31,CAN,arrival,15:10,KMG Kunming,MU9689,China Eastern,text,Duration: 2h 5m,,True,2026-02-17T11:30:45.062221
2026-03-31,CAN,arrival,15:15,HFE Hefei,CZ3814,China Southern,text,Duration: 2h 5m,,True,2026-02-17T11:30:45.062226
2026-03-31,CAN,arrival,15:15,MIG Mian Yang,CZ8638,China Southern,text,Duration: 2h 35m,,True,2026-02-17T11:30:45.062232
2026-03-31,CAN,arrival,15:15,XIY Xian,ZH9222,Shenzhen Airlines,text,Duration: 2h 45m,,True,2026-02-17T11:30:45.062237
2026-03-31,CAN,arrival,15:20,PEK Beijing,CA1339,Air China,text,Duration: 3h 20m,,True,2026-02-17T11:30:45.062242
2026-03-31,CAN,arrival,15:20,HAN Hanoi,VN506,Vietnam Airlines,text,Duration: 1h 55m,,True,2026-02-17T11:30:45.062248
2026-03-31,CAN,arrival,15:25,CGK Jakarta,CZ388,China Southern,text,Duration: 5h 15m,,True,2026-02-17T11:30:45.062253
2026-03-31,CAN,arrival,15:25,HAK Haikou,CZ6777,China Southern,text,Duration: 1h 25m,,True,2026-02-17T11:30:45.062258
2026-03-31,CAN,arrival,15:25,IST Istanbul,CZ8090,China Southern,text,Duration: 9h 55m,,True,2026-02-17T11:30:45.062263
2026-03-31,CAN,arrival,15:25,KMG Kunming,CZ3494,China Southern,text,Duration: 2h 10m,,True,2026-02-17T11:30:45.062269
2026-03-31,CAN,arrival,15:25,URC Urumqi,UQ2591,Urumqi Airlines,text,Duration: 5h 10m,,True,2026-02-17T11:30:45.062274
2026-03-31,CAN,arrival,15:30,CTU Chengdu,CZ3438,China Southern,text,Duration: 2h 30m,,True,2026-02-17T11:30:45.062279
2026-03-31,CAN,arrival,15:30,CAI Cairo,MS958,EgyptAir,text,Duration: 10h 10m,,True,2026-02-17T11:30:45.062284
2026-03-31,CAN,arrival,15:30,HYN Taizhou,MU2476,China Eastern,text,Duration: 2h 10m,,True,2026-02-17T11:30:45.062290
2026-03-31,CAN,arrival,15:30,DOH Doha,QR874,Qatar Airways,text,Duration: 7h 35m,,True,2026-02-17T11:30:45.062295
2026-03-31,CAN,arrival,15:35,CTU Chengdu,3U8733,Sichuan Airlines,text,Duration: 2h 35m,,True,2026-02-17T11:30:45.062301
2026-03-31,CAN,arrival,15:35,NTG Nantong,CZ3640,China Southern,text,Duration: 2h 30m,,True,2026-02-17T11:30:45.062306
2026-03-31,CAN,arrival,15:35,WMT Zunyi,CZ3314,China Southern,text,Duration: 1h 55m,,True,2026-02-17T11:30:45.062311
2026-03-31,CAN,arrival,15:35,YNZ Yancheng,CZ3268,China Southern,text,Duration: 2h 30m,,True,2026-02-17T11:30:45.062316
2026-03-31,CAN,arrival,15:35,WUX Wuxi,MU2917,China Eastern,text,Duration: 2h 25m,,True,2026-02-17T11:30:45.062321
2026-03-31,CAN,arrival,15:40,CSX Changsha,CZ3379,China Southern,text,Duration: 1h 40m,,True,2026-02-17T11:30:45.062326
2026-03-31,CAN,arrival,15:40,PKX Beijing,CZ3102,China Southern,text,Duration: 3h 10m,,True,2026-02-17T11:30:45.062405
2026-03-31,CAN,arrival,15:40,YIW Yiwu,CZ3884,China Southern,text,Duration: 2h 5m,,True,2026-02-17T11:30:45.062413
2026-03-31,CAN,arrival,15:45,WUH Wuhan,CA8231,Air China,text,Duration: 1h 45m,,True,2026-02-17T11:30:45.062419
2026-03-31,CAN,arrival,15:45,XIY Xian,CZ3238,China Southern,text,Duration: 2h 45m,,True,2026-02-17T11:30:45.062424
2026-03-31,CAN,arrival,15:45,TSN Tianjin,OQ2124,Chongqing Airlines,text,Duration: 3h 25m,,True,2026-02-17T11:30:45.062429
2026-03-31,CAN,arrival,15:45,YNT Yantai,ZH9676,Shenzhen Airlines,text,Duration: 3h 45m,,True,2026-02-17T11:30:45.062435
2026-03-31,CAN,arrival,15:50,TFU Chengdu,3U6703,Sichuan Airlines,text,Duration: 2h 20m,,True,2026-02-17T11:30:45.062440
2026-03-31,CAN,arrival,15:50,PEN Penang,9C7098,Spring Airlines,text,Duration: 3h 50m,,True,2026-02-17T11:30:45.062445
2026-03-31,CAN,arrival,15:50,ENY Yan'an,CZ3224,China Southern,text,Duration: 3h 5m,,True,2026-02-17T11:30:45.062451
2026-03-31,CAN,arrival,15:50,HGH Hangzhou,CZ3864,China Southern,text,Duration: 2h 15m,,True,2026-02-17T11:30:45.062456
2026-03-31,CAN,arrival,15:50,SHE Shenyang,CZ6347,China Southern,text,Duration: 4h 20m,,True,2026-02-17T11:30:45.062462
2026-03-31,CAN,arrival,15:50,PVG Shanghai,MU5345,China Eastern,text,Duration: 2h 20m,,True,2026-02-17T11:30:45.062467
2026-03-31,CAN,arrival,15:50,NGB Ningbo,OQ2028,Chongqing Airlines,text,Duration: 2h 25m,,True,2026-02-17T11:30:45.062472
2026-03-31,CAN,arrival,15:55,SGN Ho Chi Minh City,CZ8160,China Southern,text,Duration: 3h 0m,,True,2026-02-17T11:30:45.062479
2026-03-31,CAN,arrival,15:55,URC Urumqi,CZ6895,China Southern,text,Duration: 5h 10m,,True,2026-02-17T11:30:45.062484
2026-03-31,CAN,arrival,15:55,WUH Wuhan,CZ3345,China Southern,text,Duration: 1h 55m,,True,2026-02-17T11:30:45.062489
2026-03-31,CAN,arrival,16:00,CGO Zhengzhou,CZ3393,China Southern,text,Duration: 2h 30m,,True,2026-02-17T11:30:45.062494
2026-03-31,CAN,arrival,16:00,KTI Phnom Penh,CZ8314,China Southern,text,Duration: 2h 55m,,True,2026-02-17T11:30:45.062499
2026-03-31,CAN,arrival,16:00,LHW Lanzhou,CZ8986,China Southern,text,Duration: 3h 30m,,True,2026-02-17T11:30:45.062505
2026-03-31,CAN,arrival,16:00,PEK Beijing,HU7807,Hainan Airlines,text,Duration: 3h 30m,,True,2026-02-17T11:30:45.062510
2026-03-31,CAN,arrival,16:05,NKG Nanjing,CZ3600,China Southern,text,Duration: 2h 20m,,True,2026-02-17T11:30:45.062515
2026-03-31,CAN,arrival,16:05,XMN Xiamen,CZ3742,China Southern,text,Duration: 1h 35m,,True,2026-02-17T11:30:45.062520
2026-03-31,CAN,arrival,16:10,DLU Dali City,CZ6596,China Southern,text,Duration: 2h 35m,,True,2026-02-17T11:30:45.062525
2026-03-31,CAN,arrival,16:10,SHA Shanghai,CZ3532,China Southern,text,Duration: 2h 20m,,True,2026-02-17T11:30:45.062530
2026-03-31,CAN,arrival,16:10,TAO Qingdao,CZ3520,China Southern,text,Duration: 3h 20m,,True,2026-02-17T11:30:45.062535
2026-03-31,CAN,arrival,16:10,VTE Vientiane,QV881,Lao Airlines,text,Duration: 2h 0m,,True,2026-02-17T11:30:45.062540
2026-03-31,CAN,arrival,16:15,HGH Hangzhou,CA1793,Air China,text,Duration: 2h 10m,,True,2026-02-17T11:30:45.062546
2026-03-31,CAN,arrival,16:15,TPE Taipei,CI521,China Airlines,text,Duration: 2h 5m,,True,2026-02-17T11:30:45.062551
2026-03-31,CAN,arrival,16:15,DLC Dalian,CZ6457,China Southern,text,Duration: 3h 45m,,True,2026-02-17T11:30:45.062556
2026-03-31,CAN,arrival,16:15,RGN Yangon,CZ3056,China Southern,text,Duration: 3h 20m,,True,2026-02-17T11:30:45.062561
2026-03-31,CAN,arrival,16:15,WNZ Wenzhou,CZ3764,China Southern,text,Duration: 2h 0m,,True,2026-02-17T11:30:45.062566
2026-03-31,CAN,arrival,16:20,CKG Chongqing,CA4349,Air China,text,Duration: 2h 20m,,True,2026-02-17T11:30:45.062571
2026-03-31,CAN,arrival,16:20,XFN Xiangyang,GJ8382,Loong Air,text,Duration: 2h 5m,,True,2026-02-17T11:30:45.062576
2026-03-31,CAN,arrival,16:30,TFU Chengdu,CA4301,Air China,text,Duration: 2h 30m,,True,2026-02-17T11:30:45.062581
2026-03-31,CAN,arrival,16:30,LUM Mangshi,MU9729,China Eastern,text,Duration: 2h 35m,,True,2026-02-17T11:30:45.062586
2026-03-31,CAN,arrival,16:30,TNA Jinan,ZH9974,Shenzhen Airlines,text,Duration: 2h 55m,,True,2026-02-17T11:30:45.062592
2026-03-31,CAN,arrival,16:35,HGH Hangzhou,MU5217,China Eastern,text,Duration: 2h 0m,,True,2026-02-17T11:30:45.062598
2026-03-31,CAN,arrival,16:35,HAN Hanoi,ZH122,Shenzhen Airlines,text,Duration: 1h 50m,,True,2026-02-17T11:30:45.062603
2026-03-31,CAN,arrival,16:40,BKK Bangkok,CZ8080,China Southern,text,Duration: 3h 0m,,True,2026-02-17T11:30:45.062609
2026-03-31,CAN,arrival,16:40,PKX Beijing,CZ3106,China Southern,text,Duration: 3h 10m,,True,2026-02-17T11:30:45.062614
2026-03-31,CAN,arrival,16:40,NKG Nanjing,MU2717,China Eastern,text,Duration: 2h 10m,,True,2026-02-17T11:30:45.062619
2026-03-31,CAN,arrival,16:40,TAO Qingdao,SC4677,Shandong Airlines,text,Duration: 3h 30m,,True,2026-02-17T11:30:45.062625
2026-03-31,CAN,arrival,16:45,SHA Shanghai,MU5307,China Eastern,text,Duration: 2h 15m,,True,2026-02-17T11:30:45.062630
2026-03-31,CAN,arrival,16:50,KMG Kunming,CZ3416,China Southern,text,Duration: 2h 10m,,True,2026-02-17T11:30:45.062635
2026-03-31,CAN,arrival,16:50,LHR London,CZ304,China Southern,text,Duration: 11h 40m,,True,2026-02-17T11:30:45.062641
2026-03-31,CAN,arrival,16:50,TAO Qingdao,MU5257,China Eastern,text,Duration: 3h 0m,,True,2026-02-17T11:30:45.062646
2026-03-31,CAN,arrival,16:50,IST Istanbul,TK72,Turkish Airlines,text,Duration: 10h 30m,,True,2026-02-17T11:30:45.062652
2026-03-31,CAN,arrival,16:55,HGH Hangzhou,CZ6568,China Southern,text,Duration: 2h 20m,,True,2026-02-17T11:30:45.062657
2026-03-31,CAN,arrival,16:55,TNA Jinan,CZ3620,China Southern,text,Duration: 2h 45m,,True,2026-02-17T11:30:45.062662
2026-03-31,CAN,arrival,16:55,TPE Taipei,CZ3098,China Southern,text,Duration: 2h 5m,,True,2026-02-17T11:30:45.062667
2026-03-31,CAN,arrival,16:55,HAK Haikou,HU7007,Hainan Airlines,text,Duration: 1h 25m,,True,2026-02-17T11:30:45.062744
2026-03-31,CAN,arrival,17:00,SHA Shanghai,9C8855,Spring Airlines,text,Duration: 2h 40m,,True,2026-02-17T11:30:45.062751
2026-03-31,CAN,arrival,17:00,PZI Pan Zhi Hua,CZ3934,China Southern,text,Duration: 2h 30m,,True,2026-02-17T11:30:45.062757
2026-03-31,CAN,arrival,17:00,FOC Fuzhou,MF8347,XiamenAir,text,Duration: 2h 0m,,True,2026-02-17T11:30:45.062762
2026-03-31,CAN,arrival,17:10,SHA Shanghai,HO1869,Juneyao Airlines,text,Duration: 2h 20m,,True,2026-02-17T11:30:45.062767
2026-03-31,CAN,arrival,17:10,XMN Xiamen,MF8387,XiamenAir,text,Duration: 1h 40m,,True,2026-02-17T11:30:45.062773
2026-03-31,CAN,arrival,17:10,CKG Chongqing,OQ2339,Chongqing Airlines,text,Duration: 2h 5m,,True,2026-02-17T11:30:45.062778
2026-03-31,CAN,arrival,17:10,INC Yinchuan,ZH8942,Shenzhen Airlines,text,Duration: 3h 10m,,True,2026-02-17T11:30:45.062784
2026-03-31,CAN,arrival,17:15,PKX Beijing,CZ3186,China Southern,text,Duration: 3h 15m,,True,2026-02-17T11:30:45.062790
2026-03-31,CAN,arrival,17:15,SHA Shanghai,CZ3538,China Southern,text,Duration: 2h 25m,,True,2026-02-17T11:30:45.062795
2026-03-31,CAN,arrival,17:15,SYX Sanya,CZ6743,China Southern,text,Duration: 1h 40m,,True,2026-02-17T11:30:45.062800
2026-03-31,CAN,arrival,17:15,TYN Taiyuan,CZ8768,China Southern,text,Duration: 2h 50m,,True,2026-02-17T11:30:45.062806
2026-03-31,CAN,arrival,17:20,NGB Ningbo,CZ3518,China Southern,text,Duration: 2h 25m,,True,2026-02-17T11:30:45.062811
2026-03-31,CAN,arrival,17:20,SHE Shenyang,MU9870,China Eastern,text,Duration: 4h 5m,,True,2026-02-17T11:30:45.062816
2026-03-31,CAN,arrival,17:25,PEK Beijing,CA1327,Air China,text,Duration: 3h 25m,,True,2026-02-17T11:30:45.062821
2026-03-31,CAN,arrival,17:25,CGO Zhengzhou,CZ6625,China Southern,text,Duration: 2h 25m,,True,2026-02-17T11:30:45.062827
2026-03-31,CAN,arrival,17:25,HAK Haikou,CZ6791,China Southern,text,Duration: 1h 25m,,True,2026-02-17T11:30:45.062832
2026-03-31,CAN,arrival,17:25,SHE Shenyang,CZ6315,China Southern,text,Duration: 4h 25m,,True,2026-02-17T11:30:45.062837
2026-03-31,CAN,arrival,17:30,BNE Brisbane,CZ382,China Southern,text,Duration: 9h 20m,,True,2026-02-17T11:30:45.062842
2026-03-31,CAN,arrival,17:30,CTU Chengdu,CZ3444,China Southern,text,Duration: 2h 30m,,True,2026-02-17T11:30:45.062847
2026-03-31,CAN,arrival,17:30,HRB Harbin,CZ5394,China Southern,text,Duration: 5h 0m,,True,2026-02-17T11:30:45.062853
2026-03-31,CAN,arrival,17:30,POM Port Moresby,CZ5056,China Southern,text,Duration: 7h 0m,,True,2026-02-17T11:30:45.062858
2026-03-31,CAN,arrival,17:30,WUH Wuhan,MU6734,China Eastern,text,Duration: 1h 55m,,True,2026-02-17T11:30:45.062863
2026-03-31,CAN,arrival,17:30,SHE Shenyang,OQ2128,Chongqing Airlines,text,Duration: 4h 30m,,True,2026-02-17T11:30:45.062868
2026-03-31,CAN,arrival,17:35,CTU Chengdu,CA4333,Air China,text,Duration: 2h 35m,,True,2026-02-17T11:30:45.062873
2026-03-31,CAN,arrival,17:35,KUL Kuala Lumpur,CZ350,China Southern,text,Duration: 4h 10m,,True,2026-02-17T11:30:45.062879
2026-03-31,CAN,arrival,17:40,HGH Hangzhou,CA1795,Air China,text,Duration: 2h 25m,,True,2026-02-17T11:30:45.062884
2026-03-31,CAN,arrival,17:40,PKX Beijing,CZ3162,China Southern,text,Duration: 3h 10m,,True,2026-02-17T11:30:45.062889
2026-03-31,CAN,arrival,17:40,DLU Dali City,MU9741,China Eastern,text,Duration: 2h 25m,,True,2026-02-17T11:30:45.062895
2026-03-31,CAN,arrival,17:45,BKK Bangkok,CZ8100,China Southern,text,Duration: 3h 0m,,True,2026-02-17T11:30:45.062900
2026-03-31,CAN,arrival,17:45,XIY Xian,CZ3232,China Southern,text,Duration: 2h 45m,,True,2026-02-17T11:30:45.062905
2026-03-31,CAN,arrival,17:50,CKG Chongqing,3U8745,Sichuan Airlines,text,Duration: 2h 5m,,True,2026-02-17T11:30:45.062910
2026-03-31,CAN,arrival,17:50,SIN Singapore,CZ354,China Southern,text,Duration: 4h 20m,,True,2026-02-17T11:30:45.062915
2026-03-31,CAN,arrival,17:50,DOY Dongying,HU7260,Hainan Airlines,text,Duration: 3h 15m,,True,2026-02-17T11:30:45.062920
2026-03-31,CAN,arrival,17:50,PEK Beijing,HU7809,Hainan Airlines,text,Duration: 3h 20m,,True,2026-02-17T11:30:45.062925
2026-03-31,CAN,arrival,17:50,HIA Huai'an,MU2869,China Eastern,text,Duration: 2h 20m,,True,2026-02-17T11:30:45.062930
2026-03-31,CAN,arrival,17:50,WUX Wuxi,ZH9826,Shenzhen Airlines,text,Duration: 2h 30m,,True,2026-02-17T11:30:45.062935
2026-03-31,CAN,arrival,17:55,KWE Guiyang,CZ3691,China Southern,text,Duration: 1h 40m,,True,2026-02-17T11:30:45.062940
2026-03-31,CAN,arrival,17:55,SYD Sydney,CZ326,China Southern,text,Duration: 9h 50m,,True,2026-02-17T11:30:45.062945
2026-03-31,CAN,arrival,17:55,URC Urumqi,CZ6883,China Southern,text,Duration: 5h 5m,,True,2026-02-17T11:30:45.062950
2026-03-31,CAN,arrival,17:55,PKX Beijing,MU6305,China Eastern,text,Duration: 3h 15m,,True,2026-02-17T11:30:45.062955
2026-03-31,CAN,arrival,18:00,HGH Hangzhou,CZ3850,China Southern,text,Duration: 2h 25m,,True,2026-02-17T11:30:45.062960
2026-03-31,CAN,arrival,18:00,MEL Melbourne,CZ322,China Southern,text,Duration: 9h 40m,,True,2026-02-17T11:30:45.062965
2026-03-31,CAN,arrival,18:00,SHA Shanghai,FM9313,Shanghai Airlines,text,Duration: 2h 5m,,True,2026-02-17T11:30:45.062970
2026-03-31,CAN,arrival,18:05,HFE Hefei,CZ3874,China Southern,text,Duration: 2h 15m,,True,2026-02-17T11:30:45.062976
2026-03-31,CAN,arrival,18:05,LHW Lanzhou,CZ3206,China Southern,text,Duration: 3h 20m,,True,2026-02-17T11:30:45.062981
2026-03-31,CAN,arrival,18:05,XMN Xiamen,CZ3880,China Southern,text,Duration: 1h 35m,,True,2026-02-17T11:30:45.062987
2026-03-31,CAN,arrival,18:10,ICN Seoul,CZ338,China Southern,text,Duration: 3h 55m,,True,2026-02-17T11:30:45.062992
2026-03-31,CAN,arrival,18:10,YIW Yiwu,CZ3150,China Southern,text,Duration: 2h 5m,,True,2026-02-17T11:30:45.062998
2026-03-31,CAN,arrival,18:10,TSN Tianjin,GS7925,Tianjin Airlines,text,Duration: 3h 30m,,True,2026-02-17T11:30:45.063004
2026-03-31,CAN,arrival,18:10,NKG Nanjing,ZH9866,Shenzhen Airlines,text,Duration: 2h 30m,,True,2026-02-17T11:30:45.063081
2026-03-31,CAN,arrival,18:15,TFU Chengdu,AQ1116,9 Air,text,Duration: 2h 15m,,True,2026-02-17T11:30:45.063087
2026-03-31,CAN,arrival,18:15,TSN Tianjin,CA2803,Air China,text,Duration: 3h 20m,,True,2026-02-17T11:30:45.063093
2026-03-31,CAN,arrival,18:15,DLC Dalian,CZ3607,China Southern,text,Duration: 3h 40m,,True,2026-02-17T11:30:45.063098
2026-03-31,CAN,arrival,18:15,SHA Shanghai,CZ3540,China Southern,text,Duration: 2h 25m,,True,2026-02-17T11:30:45.063103
2026-03-31,CAN,arrival,18:15,TAO Qingdao,SC4675,Shandong Airlines,text,Duration: 3h 15m,,True,2026-02-17T11:30:45.063109
2026-03-31,CAN,arrival,18:15,HRB Harbin,ZH9672,Shenzhen Airlines,text,Duration: 4h 50m,,True,2026-02-17T11:30:45.063114
2026-03-31,CAN,arrival,18:20,PEK Beijing,CA1301,Air China,text,Duration: 3h 20m,,True,2026-02-17T11:30:45.063120
2026-03-31,CAN,arrival,18:20,LJG Lijiang,CZ3424,China Southern,text,Duration: 2h 35m,,True,2026-02-17T11:30:45.063125
2026-03-31,CAN,arrival,18:25,FOC Fuzhou,CZ3878,China Southern,text,Duration: 2h 0m,,True,2026-02-17T11:30:45.063130
2026-03-31,CAN,arrival,18:25,TSN Tianjin,CZ3302,China Southern,text,Duration: 3h 10m,,True,2026-02-17T11:30:45.063136
2026-03-31,CAN,arrival,18:25,WUH Wuhan,CZ3706,China Southern,text,Duration: 1h 55m,,True,2026-02-17T11:30:45.063141
2026-03-31,CAN,arrival,18:25,XIY Xian,HU7857,Hainan Airlines,text,Duration: 2h 55m,,True,2026-02-17T11:30:45.063147
2026-03-31,CAN,arrival,18:30,CKG Chongqing,CZ3486,China Southern,text,Duration: 2h 5m,,True,2026-02-17T11:30:45.063152
2026-03-31,CAN,arrival,18:30,HAN Hanoi,CZ8316,China Southern,text,Duration: 1h 45m,,True,2026-02-17T11:30:45.063158
2026-03-31,CAN,arrival,18:30,HRB Harbin,CZ3616,China Southern,text,Duration: 4h 50m,,True,2026-02-17T11:30:45.063163
2026-03-31,CAN,arrival,18:35,WUX Wuxi,AQ1056,9 Air,text,Duration: 2h 35m,,True,2026-02-17T11:30:45.063168
2026-03-31,CAN,arrival,18:35,TFU Chengdu,MU6185,China Eastern,text,Duration: 2h 35m,,True,2026-02-17T11:30:45.063174
2026-03-31,CAN,arrival,18:40,CGQ Changchun,CZ6851,China Southern,text,Duration: 4h 45m,,True,2026-02-17T11:30:45.063179
2026-03-31,CAN,arrival,18:40,PKX Beijing,CZ3104,China Southern,text,Duration: 3h 10m,,True,2026-02-17T11:30:45.063184
2026-03-31,CAN,arrival,18:40,YTY Yangzhou,CZ5906,China Southern,text,Duration: 2h 35m,,True,2026-02-17T11:30:45.063189
2026-03-31,CAN,arrival,18:40,CKG Chongqing,HU7242,Hainan Airlines,text,Duration: 2h 10m,,True,2026-02-17T11:30:45.063196
2026-03-31,CAN,arrival,18:40,LHW Lanzhou,MU2305,China Eastern,text,Duration: 3h 10m,,True,2026-02-17T11:30:45.063201
2026-03-31,CAN,arrival,18:45,XIY Xian,CZ3212,China Southern,text,Duration: 2h 45m,,True,2026-02-17T11:30:45.063207
2026-03-31,CAN,arrival,18:45,PVG Shanghai,FM9315,Shanghai Airlines,text,Duration: 2h 15m,,True,2026-02-17T11:30:45.063212
2026-03-31,CAN,arrival,18:50,CKG Chongqing,CA4341,Air China,text,Duration: 2h 5m,,True,2026-02-17T11:30:45.063217
2026-03-31,CAN,arrival,18:50,DZH Dazhou,CA4355,Air China,text,Duration: 2h 30m,,True,2026-02-17T11:30:45.063222
2026-03-31,CAN,arrival,18:50,SJW Shijiazhuang,JD5356,Capital Airlines,text,Duration: 3h 0m,,True,2026-02-17T11:30:45.063228
2026-03-31,CAN,arrival,18:50,PKX Beijing,KN5321,China United Airlines,text,Duration: 3h 20m,,True,2026-02-17T11:30:45.063233
2026-03-31,CAN,arrival,18:55,HGH Hangzhou,CZ3512,China Southern,text,Duration: 2h 20m,,True,2026-02-17T11:30:45.063238
2026-03-31,CAN,arrival,18:55,SHA Shanghai,MU5311,China Eastern,text,Duration: 2h 25m,,True,2026-02-17T11:30:45.063244
2026-03-31,CAN,arrival,18:55,NKG Nanjing,ZH9868,Shenzhen Airlines,text,Duration: 2h 15m,,True,2026-02-17T11:30:45.063249
2026-03-31,CAN,arrival,19:00,HET Hohhot,CZ3246,China Southern,text,Duration: 3h 25m,,True,2026-02-17T11:30:45.063254
2026-03-31,CAN,arrival,19:00,TAO Qingdao,CZ3536,China Southern,text,Duration: 3h 10m,,True,2026-02-17T11:30:45.063260
2026-03-31,CAN,arrival,19:00,TNA Jinan,CZ3712,China Southern,text,Duration: 2h 50m,,True,2026-02-17T11:30:45.063265
2026-03-31,CAN,arrival,19:00,BKK Bangkok,KQ886,Kenya Airways,text,Duration: 2h 55m,,True,2026-02-17T11:30:45.063270
2026-03-31,CAN,arrival,19:00,KTI Phnom Penh,KR935,Cambodia Airways,text,Duration: 2h 55m,,True,2026-02-17T11:30:45.063276
2026-03-31,CAN,arrival,19:05,BKK Bangkok,CZ5096,China Southern,text,Duration: 3h 0m,,True,2026-02-17T11:30:45.063281
2026-03-31,CAN,arrival,19:05,KUL Kuala Lumpur,CZ3048,China Southern,text,Duration: 4h 20m,,True,2026-02-17T11:30:45.063286
2026-03-31,CAN,arrival,19:05,NKG Nanjing,CZ3822,China Southern,text,Duration: 2h 20m,,True,2026-02-17T11:30:45.063292
2026-03-31,CAN,arrival,19:05,SHA Shanghai,HO1867,Juneyao Airlines,text,Duration: 2h 35m,,True,2026-02-17T11:30:45.063297
2026-03-31,CAN,arrival,19:05,TNA Jinan,SC1171,Shandong Airlines,text,Duration: 3h 0m,,True,2026-02-17T11:30:45.063302
2026-03-31,CAN,arrival,19:05,CZX Changzhou,ZH8944,Shenzhen Airlines,text,Duration: 2h 30m,,True,2026-02-17T11:30:45.063307
2026-03-31,CAN,arrival,19:10,CTU Chengdu,3U8739,Sichuan Airlines,text,Duration: 2h 30m,,True,2026-02-17T11:30:45.063313
2026-03-31,CAN,arrival,19:10,KIX Osaka,CZ390,China Southern,text,Duration: 4h 10m,,True,2026-02-17T11:30:45.063318
2026-03-31,CAN,arrival,19:10,NGB Ningbo,CZ3776,China Southern,text,Duration: 2h 20m,,True,2026-02-17T11:30:45.063323
2026-03-31,CAN,arrival,19:10,SHA Shanghai,CZ3526,China Southern,text,Duration: 2h 20m,,True,2026-02-17T11:30:45.063328
2026-03-31,CAN,arrival,19:10,PKX Beijing,JD5921,Capital Airlines,text,Duration: 3h 30m,,True,2026-02-17T11:30:45.063333
2026-03-31,CAN,arrival,19:15,HND Tokyo,CZ386,China Southern,text,Duration: 4h 35m,,True,2026-02-17T11:30:45.063338
2026-03-31,CAN,arrival,19:15,NGB Ningbo,MU5237,China Eastern,text,Duration: 2h 10m,,True,2026-02-17T11:30:45.063344
2026-03-31,CAN,arrival,19:15,XIY Xian,ZH9224,Shenzhen Airlines,text,Duration: 2h 45m,,True,2026-02-17T11:30:45.063420
2026-03-31,CAN,arrival,19:20,VTE Vientiane,CZ6092,China Southern,text,Duration: 2h 30m,,True,2026-02-17T11:30:45.063427
2026-03-31,CAN,arrival,19:20,WUH Wuhan,CZ6224,China Southern,text,Duration: 1h 50m,,True,2026-02-17T11:30:45.063432
2026-03-31,CAN,arrival,19:20,PVG Shanghai,HU7232,Hainan Airlines,text,Duration: 2h 50m,,True,2026-02-17T11:30:45.063437
2026-03-31,CAN,arrival,19:25,PEK Beijing,CA1365,Air China,text,Duration: 3h 25m,,True,2026-02-17T11:30:45.063442
2026-03-31,CAN,arrival,19:25,HAK Haikou,CZ6783,China Southern,text,Duration: 1h 25m,,True,2026-02-17T11:30:45.063447
2026-03-31,CAN,arrival,19:25,ICN Seoul,CZ3062,China Southern,text,Duration: 3h 40m,,True,2026-02-17T11:30:45.063453
2026-03-31,CAN,arrival,19:25,KTI Phnom Penh,CZ6060,China Southern,text,Duration: 2h 50m,,True,2026-02-17T11:30:45.063458
2026-03-31,CAN,arrival,19:25,TSN Tianjin,CZ3144,China Southern,text,Duration: 3h 10m,,True,2026-02-17T11:30:45.063463
2026-03-31,CAN,arrival,19:30,KTM Kathmandu,CZ6068,China Southern,text,Duration: 4h 25m,,True,2026-02-17T11:30:45.063469
2026-03-31,CAN,arrival,19:30,WEH Weihai,MU6896,China Eastern,text,Duration: 3h 40m,,True,2026-02-17T11:30:45.063475
2026-03-31,CAN,arrival,19:35,CGK Jakarta,CZ3038,China Southern,text,Duration: 5h 20m,,True,2026-02-17T11:30:45.063480
2026-03-31,CAN,arrival,19:35,CTU Chengdu,CZ3472,China Southern,text,Duration: 2h 35m,,True,2026-02-17T11:30:45.063485
2026-03-31,CAN,arrival,19:35,SGN Ho Chi Minh City,CZ374,China Southern,text,Duration: 2h 55m,,True,2026-02-17T11:30:45.063491
2026-03-31,CAN,arrival,19:35,SWA Jieyang,CZ3891,China Southern,text,Duration: 1h 15m,,True,2026-02-17T11:30:45.063497
2026-03-31,CAN,arrival,19:35,PKX Beijing,MU6307,China Eastern,text,Duration: 3h 20m,,True,2026-02-17T11:30:45.063502
2026-03-31,CAN,arrival,19:40,CTU Chengdu,CA4303,Air China,text,Duration: 2h 40m,,True,2026-02-17T11:30:45.063507
2026-03-31,CAN,arrival,19:40,PVG Shanghai,CA1865,Air China,text,Duration: 2h 35m,,True,2026-02-17T11:30:45.063513
2026-03-31,CAN,arrival,19:40,HRB Harbin,CZ8719,China Southern,text,Duration: 4h 50m,,True,2026-02-17T11:30:45.063518
2026-03-31,CAN,arrival,19:40,PKX Beijing,CZ3180,China Southern,text,Duration: 3h 10m,,True,2026-02-17T11:30:45.063524
2026-03-31,CAN,arrival,19:40,WNZ Wenzhou,CZ3528,China Southern,text,Duration: 1h 55m,,True,2026-02-17T11:30:45.063529
2026-03-31,CAN,arrival,19:45,DLC Dalian,CZ6467,China Southern,text,Duration: 3h 45m,,True,2026-02-17T11:30:45.063534
2026-03-31,CAN,arrival,19:45,URC Urumqi,CZ6885,China Southern,text,Duration: 5h 5m,,True,2026-02-17T11:30:45.063539
2026-03-31,CAN,arrival,19:45,HAK Haikou,HU7009,Hainan Airlines,text,Duration: 1h 15m,,True,2026-02-17T11:30:45.063545
2026-03-31,CAN,arrival,19:50,CXR Nha Trang,CZ6050,China Southern,text,Duration: 2h 50m,,True,2026-02-17T11:30:45.063550
2026-03-31,CAN,arrival,19:50,XIY Xian,CZ3208,China Southern,text,Duration: 2h 50m,,True,2026-02-17T11:30:45.063556
2026-03-31,CAN,arrival,19:55,PEK Beijing,HU7811,Hainan Airlines,text,Duration: 3h 25m,,True,2026-02-17T11:30:45.063561
2026-03-31,CAN,arrival,20:00,BKK Bangkok,CZ3082,China Southern,text,Duration: 3h 5m,,True,2026-02-17T11:30:45.063566
2026-03-31,CAN,arrival,20:00,KMG Kunming,CZ3408,China Southern,text,Duration: 2h 20m,,True,2026-02-17T11:30:45.063572
2026-03-31,CAN,arrival,20:00,SHE Shenyang,CZ3602,China Southern,text,Duration: 4h 30m,,True,2026-02-17T11:30:45.063577
2026-03-31,CAN,arrival,20:00,SHA Shanghai,MU9199,China Eastern,text,Duration: 2h 30m,,True,2026-02-17T11:30:45.063583
2026-03-31,CAN,arrival,20:00,HAK Haikou,ZH8992,Shenzhen Airlines,text,Duration: 1h 20m,,True,2026-02-17T11:30:45.063588
2026-03-31,CAN,arrival,20:05,HFE Hefei,CZ6586,China Southern,text,Duration: 2h 5m,,True,2026-02-17T11:30:45.063594
2026-03-31,CAN,arrival,20:05,TYN Taiyuan,CZ6528,China Southern,text,Duration: 3h 0m,,True,2026-02-17T11:30:45.063599
2026-03-31,CAN,arrival,20:05,PKX Beijing,MF8339,XiamenAir,text,Duration: 3h 5m,,True,2026-02-17T11:30:45.063604
2026-03-31,CAN,arrival,20:05,TNA Jinan,SC1175,Shandong Airlines,text,Duration: 2h 55m,,True,2026-02-17T11:30:45.063610
2026-03-31,CAN,arrival,20:05,WUX Wuxi,ZH9828,Shenzhen Airlines,text,Duration: 2h 30m,,True,2026-02-17T11:30:45.063615
2026-03-31,CAN,arrival,20:10,CKG Chongqing,HU7442,Hainan Airlines,text,Duration: 2h 10m,,True,2026-02-17T11:30:45.063621
2026-03-31,CAN,arrival,20:15,KMG Kunming,8L9975,Lucky Air,text,Duration: 2h 0m,,True,2026-02-17T11:30:45.063626
2026-03-31,CAN,arrival,20:15,TAO Qingdao,CZ3800,China Southern,text,Duration: 3h 10m,,True,2026-02-17T11:30:45.063631
2026-03-31,CAN,arrival,20:15,KMG Kunming,KY8281,Kunming Airlines,text,Duration: 2h 15m,,True,2026-02-17T11:30:45.063636
2026-03-31,CAN,arrival,20:15,TNA Jinan,SC1173,Shandong Airlines,text,Duration: 2h 35m,,True,2026-02-17T11:30:45.063642
2026-03-31,CAN,arrival,20:20,NKG Nanjing,AQ1034,9 Air,text,Duration: 2h 35m,,True,2026-02-17T11:30:45.063647
2026-03-31,CAN,arrival,20:20,MNL Manila,CZ398,China Southern,text,Duration: 2h 35m,,True,2026-02-17T11:30:45.063653
2026-03-31,CAN,arrival,20:20,HGH Hangzhou,MF8311,XiamenAir,text,Duration: 2h 20m,,True,2026-02-17T11:30:45.063658
2026-03-31,CAN,arrival,20:25,CGO Zhengzhou,CZ3972,China Southern,text,Duration: 2h 25m,,True,2026-02-17T11:30:45.063663
2026-03-31,CAN,arrival,20:25,PVG Shanghai,CZ3488,China Southern,text,Duration: 2h 35m,,True,2026-02-17T11:30:45.063668
2026-03-31,CAN,arrival,20:25,SHA Shanghai,HO1851,Juneyao Airlines,text,Duration: 2h 20m,,True,2026-02-17T11:30:45.063673
2026-03-31,CAN,arrival,20:30,SHA Shanghai,9C8931,Spring Airlines,text,Duration: 2h 25m,,True,2026-02-17T11:30:45.063678
2026-03-31,CAN,arrival,20:30,WSK Wushan,CZ3962,China Southern,text,Duration: 1h 55m,,True,2026-02-17T11:30:45.063684
2026-03-31,CAN,arrival,20:30,CTU Chengdu,MU6831,China Eastern,text,Duration: 2h 25m,,True,2026-02-17T11:30:45.063763
2026-03-31,CAN,arrival,20:30,NKG Nanjing,ZH9870,Shenzhen Airlines,text,Duration: 2h 30m,,True,2026-02-17T11:30:45.063769
2026-03-31,CAN,arrival,20:35,MXZ Mei Xian,CZ3334,China Southern,text,Duration: 1h 10m,,True,2026-02-17T11:30:45.063775
2026-03-31,CAN,arrival,20:40,PKX Beijing,CZ3122,China Southern,text,Duration: 3h 10m,,True,2026-02-17T11:30:45.063780
2026-03-31,CAN,arrival,20:40,XUZ Xuzhou,CZ3340,China Southern,text,Duration: 2h 30m,,True,2026-02-17T11:30:45.063786
2026-03-31,CAN,arrival,20:40,YIW Yiwu,CZ3885,China Southern,text,Duration: 2h 0m,,True,2026-02-17T11:30:45.063791
2026-03-31,CAN,arrival,20:45,CKG Chongqing,CZ3464,China Southern,text,Duration: 2h 0m,,True,2026-02-17T11:30:45.063797
2026-03-31,CAN,arrival,20:45,TNA Jinan,MU5259,China Eastern,text,Duration: 2h 55m,,True,2026-02-17T11:30:45.063803
2026-03-31,CAN,arrival,20:50,KMG Kunming,CZ3450,China Southern,text,Duration: 2h 10m,,True,2026-02-17T11:30:45.063808
2026-03-31,CAN,arrival,20:50,NKG Nanjing,HU7314,Hainan Airlines,text,Duration: 2h 25m,,True,2026-02-17T11:30:45.063814
2026-03-31,CAN,arrival,20:55,HGH Hangzhou,3U3153,Sichuan Airlines,text,Duration: 2h 10m,,True,2026-02-17T11:30:45.063820
2026-03-31,CAN,arrival,20:55,KUL Kuala Lumpur,AK116,AirAsia,text,Duration: 4h 20m,,True,2026-02-17T11:30:45.063825
2026-03-31,CAN,arrival,20:55,PVG Shanghai,CZ3585,China Southern,text,Duration: 2h 35m,,True,2026-02-17T11:30:45.063831
2026-03-31,CAN,arrival,21:00,HGH Hangzhou,AQ1072,9 Air,text,Duration: 2h 25m,,True,2026-02-17T11:30:45.063836
2026-03-31,CAN,arrival,21:00,SYX Sanya,CZ6735,China Southern,text,Duration: 1h 45m,,True,2026-02-17T11:30:45.063841
2026-03-31,CAN,arrival,21:00,URC Urumqi,CZ6899,China Southern,text,Duration: 5h 5m,,True,2026-02-17T11:30:45.063847
2026-03-31,CAN,arrival,21:00,CGO Zhengzhou,HU7288,Hainan Airlines,text,Duration: 2h 30m,,True,2026-02-17T11:30:45.063852
2026-03-31,CAN,arrival,21:00,TYN Taiyuan,HU7250,Hainan Airlines,text,Duration: 3h 5m,,True,2026-02-17T11:30:45.063857
2026-03-31,CAN,arrival,21:00,SHA Shanghai,MU5371,China Eastern,text,Duration: 2h 30m,,True,2026-02-17T11:30:45.063863
2026-03-31,CAN,arrival,21:00,HFE Hefei,ZH9988,Shenzhen Airlines,text,Duration: 2h 20m,,True,2026-02-17T11:30:45.063868
2026-03-31,CAN,arrival,21:05,HKG Hong Kong,CX988,Cathay Pacific,text,Duration: 1h 5m,,True,2026-02-17T11:30:45.063874
2026-03-31,CAN,arrival,21:05,HGH Hangzhou,CZ3502,China Southern,text,Duration: 2h 30m,,True,2026-02-17T11:30:45.063879
2026-03-31,CAN,arrival,21:05,TNA Jinan,CZ8480,China Southern,text,Duration: 3h 5m,,True,2026-02-17T11:30:45.063884
2026-03-31,CAN,arrival,21:05,CZX Changzhou,ZH9654,Shenzhen Airlines,text,Duration: 2h 30m,,True,2026-02-17T11:30:45.063890
2026-03-31,CAN,arrival,21:10,KWE Guiyang,CZ6394,China Southern,text,Duration: 1h 45m,,True,2026-02-17T11:30:45.063895
2026-03-31,CAN,arrival,21:10,NKG Nanjing,CZ3700,China Southern,text,Duration: 2h 5m,,True,2026-02-17T11:30:45.063900
2026-03-31,CAN,arrival,21:10,KMG Kunming,MU5739,China Eastern,text,Duration: 2h 15m,,True,2026-02-17T11:30:45.063905
2026-03-31,CAN,arrival,21:10,LYI Linyi,ZH9482,Shenzhen Airlines,text,Duration: 3h 0m,,True,2026-02-17T11:30:45.063911
2026-03-31,CAN,arrival,21:10,TNA Jinan,ZH9978,Shenzhen Airlines,text,Duration: 3h 0m,,True,2026-02-17T11:30:45.063916
2026-03-31,CAN,arrival,21:15,CGQ Changchun,CZ8459,China Southern,text,Duration: 4h 35m,,True,2026-02-17T11:30:45.063922
2026-03-31,CAN,arrival,21:15,LUM Mangshi,CZ6500,China Southern,text,Duration: 2h 30m,,True,2026-02-17T11:30:45.063927
2026-03-31,CAN,arrival,21:15,SHA Shanghai,CZ3572,China Southern,text,Duration: 2h 25m,,True,2026-02-17T11:30:45.063932
2026-03-31,CAN,arrival,21:15,NKG Nanjing,MU9767,China Eastern,text,Duration: 2h 15m,,True,2026-02-17T11:30:45.063937
2026-03-31,CAN,arrival,21:15,DAR Dar Es Salaam,TC402,Air Tanzania,text,Duration: 11h 0m,,True,2026-02-17T11:30:45.063943
2026-03-31,CAN,arrival,21:15,HPH Haiphong,ZH130,Shenzhen Airlines,text,Duration: 1h 55m,,True,2026-02-17T11:30:45.063949
2026-03-31,CAN,arrival,21:20,PEK Beijing,CA1309,Air China,text,Duration: 3h 20m,,True,2026-02-17T11:30:45.063954
2026-03-31,CAN,arrival,21:20,TSN Tianjin,CA2805,Air China,text,Duration: 3h 20m,,True,2026-02-17T11:30:45.063959
2026-03-31,CAN,arrival,21:20,HKT Phuket,CZ6064,China Southern,text,Duration: 3h 40m,,True,2026-02-17T11:30:45.063965
2026-03-31,CAN,arrival,21:20,KUL Kuala Lumpur,CZ8012,China Southern,text,Duration: 4h 25m,,True,2026-02-17T11:30:45.063970
2026-03-31,CAN,arrival,21:20,LJG Lijiang,OQ2112,Chongqing Airlines,text,Duration: 2h 40m,,True,2026-02-17T11:30:45.063975
2026-03-31,CAN,arrival,21:25,CGO Zhengzhou,CZ3959,China Southern,text,Duration: 2h 30m,,True,2026-02-17T11:30:45.063981
2026-03-31,CAN,arrival,21:25,KHN Nanchang,CZ8532,China Southern,text,Duration: 1h 45m,,True,2026-02-17T11:30:45.063986
2026-03-31,CAN,arrival,21:25,WUH Wuhan,CZ3347,China Southern,text,Duration: 1h 55m,,True,2026-02-17T11:30:45.063992
2026-03-31,CAN,arrival,21:30,CSX Changsha,CZ5591,China Southern,text,Duration: 1h 45m,,True,2026-02-17T11:30:45.063997
2026-03-31,CAN,arrival,21:30,HGH Hangzhou,GJ8995,Loong Air,text,Duration: 2h 35m,,True,2026-02-17T11:30:45.064003
2026-03-31,CAN,arrival,21:30,TFU Chengdu,HU7252,Hainan Airlines,text,Duration: 2h 30m,,True,2026-02-17T11:30:45.064008
2026-03-31,CAN,arrival,21:35,CTU Chengdu,CZ3418,China Southern,text,Duration: 2h 35m,,True,2026-02-17T11:30:45.064014
2026-03-31,CAN,arrival,21:35,KUL Kuala Lumpur,CZ8348,China Southern,text,Duration: 4h 20m,,True,2026-02-17T11:30:45.064020
2026-03-31,CAN,arrival,21:35,LHW Lanzhou,CZ3386,China Southern,text,Duration: 3h 20m,,True,2026-02-17T11:30:45.064025
2026-03-31,CAN,arrival,21:45,TFU Chengdu,3U6705,Sichuan Airlines,text,Duration: 2h 15m,,True,2026-02-17T11:30:45.064030
2026-03-31,CAN,arrival,21:45,TFU Chengdu,CA4309,Air China,text,Duration: 2h 15m,,True,2026-02-17T11:30:45.064108
2026-03-31,CAN,arrival,21:45,PKX Beijing,CZ3100,China Southern,text,Duration: 3h 15m,,True,2026-02-17T11:30:45.064115
2026-03-31,CAN,arrival,21:45,YIW Yiwu,CZ3303,China Southern,text,Duration: 2h 5m,,True,2026-02-17T11:30:45.064120
2026-03-31,CAN,arrival,21:50,SHA Shanghai,MU5315,China Eastern,text,Duration: 2h 20m,,True,2026-02-17T11:30:45.064125
2026-03-31,CAN,arrival,21:55,XIY Xian,MU2311,China Eastern,text,Duration: 2h 25m,,True,2026-02-17T11:30:45.064131
2026-03-31,CAN,arrival,22:00,YBP Yibin,3U3054,Sichuan Airlines,text,Duration: 2h 10m,,True,2026-02-17T11:30:45.064136
2026-03-31,CAN,arrival,22:00,CKG Chongqing,CZ3412,China Southern,text,Duration: 2h 5m,,True,2026-02-17T11:30:45.064142
2026-03-31,CAN,arrival,22:00,TAO Qingdao,CZ5900,China Southern,text,Duration: 3h 25m,,True,2026-02-17T11:30:45.064147
2026-03-31,CAN,arrival,22:00,WXN Wanxian,CZ8254,China Southern,text,Duration: 2h 10m,,True,2026-02-17T11:30:45.064153
2026-03-31,CAN,arrival,22:00,DXB Dubai,EK362,Emirates,text,Duration: 7h 45m,,True,2026-02-17T11:30:45.064158
2026-03-31,CAN,arrival,22:00,SJW Shijiazhuang,NS3657,Hebei Airlines,text,Duration: 3h 10m,,True,2026-02-17T11:30:45.064163
2026-03-31,CAN,arrival,22:00,CGO Zhengzhou,PN6379,West Air (China),text,Duration: 2h 25m,,True,2026-02-17T11:30:45.064168
2026-03-31,CAN,arrival,22:00,PVG Shanghai,ZH9536,Shenzhen Airlines,text,Duration: 3h 10m,,True,2026-02-17T11:30:45.064174
2026-03-31,CAN,arrival,22:05,HET Hohhot,CA1381,Air China,text,Duration: 3h 35m,,True,2026-02-17T11:30:45.064179
2026-03-31,CAN,arrival,22:05,CZX Changzhou,CZ3900,China Southern,text,Duration: 2h 20m,,True,2026-02-17T11:30:45.064184
2026-03-31,CAN,arrival,22:05,SIN Singapore,CZ3040,China Southern,text,Duration: 4h 15m,,True,2026-02-17T11:30:45.064189
2026-03-31,CAN,arrival,22:05,TFU Chengdu,HU7352,Hainan Airlines,text,Duration: 2h 10m,,True,2026-02-17T11:30:45.064194
2026-03-31,CAN,arrival,22:05,HFE Hefei,ZH9990,Shenzhen Airlines,text,Duration: 2h 15m,,True,2026-02-17T11:30:45.064199
2026-03-31,CAN,arrival,22:05,YTY Yangzhou,ZH9694,Shenzhen Airlines,text,Duration: 2h 35m,,True,2026-02-17T11:30:45.064204
2026-03-31,CAN,arrival,22:10,PVG Shanghai,AQ1012,9 Air,text,Duration: 2h 45m,,True,2026-02-17T11:30:45.064209
2026-03-31,CAN,arrival,22:10,WUX Wuxi,ZH9830,Shenzhen Airlines,text,Duration: 2h 35m,,True,2026-02-17T11:30:45.064214
2026-03-31,CAN,arrival,22:15,BKK Bangkok,CZ8024,China Southern,text,Duration: 3h 10m,,True,2026-02-17T11:30:45.064220
2026-03-31,CAN,arrival,22:15,WNZ Wenzhou,CZ3810,China Southern,text,Duration: 2h 15m,,True,2026-02-17T11:30:45.064225
2026-03-31,CAN,arrival,22:15,SHE Shenyang,ZH9656,Shenzhen Airlines,text,Duration: 4h 30m,,True,2026-02-17T11:30:45.064231
2026-03-31,CAN,arrival,22:20,PEK Beijing,CA1379,Air China,text,Duration: 3h 20m,,True,2026-02-17T11:30:45.064236
2026-03-31,CAN,arrival,22:20,SHA Shanghai,CA1830,Air China,text,Duration: 2h 25m,,True,2026-02-17T11:30:45.064241
2026-03-31,CAN,arrival,22:20,NGB Ningbo,HU7234,Hainan Airlines,text,Duration: 2h 20m,,True,2026-02-17T11:30:45.064247
2026-03-31,CAN,arrival,22:20,LUM Mangshi,OQ2026,Chongqing Airlines,text,Duration: 2h 35m,,True,2026-02-17T11:30:45.064252
2026-03-31,CAN,arrival,22:25,CKG Chongqing,CA4353,Air China,text,Duration: 2h 5m,,True,2026-02-17T11:30:45.064257
2026-03-31,CAN,arrival,22:25,DLC Dalian,CZ3603,China Southern,text,Duration: 3h 55m,,True,2026-02-17T11:30:45.064262
2026-03-31,CAN,arrival,22:25,HAK Haikou,CZ6787,China Southern,text,Duration: 1h 25m,,True,2026-02-17T11:30:45.064268
2026-03-31,CAN,arrival,22:25,KUL Kuala Lumpur,CZ8302,China Southern,text,Duration: 4h 25m,,True,2026-02-17T11:30:45.064273
2026-03-31,CAN,arrival,22:25,SHA Shanghai,CZ3504,China Southern,text,Duration: 2h 25m,,True,2026-02-17T11:30:45.064278
2026-03-31,CAN,arrival,22:30,CGO Zhengzhou,CZ6594,China Southern,text,Duration: 2h 30m,,True,2026-02-17T11:30:45.064283
2026-03-31,CAN,arrival,22:30,FUG Fuyang,CZ3932,China Southern,text,Duration: 2h 20m,,True,2026-02-17T11:30:45.064288
2026-03-31,CAN,arrival,22:30,YIH Yichang,CZ3300,China Southern,text,Duration: 1h 50m,,True,2026-02-17T11:30:45.064294
2026-03-31,CAN,arrival,22:30,CMB Colombo,UL880,SriLankan Airlines,text,Duration: 6h 0m,,True,2026-02-17T11:30:45.064299
2026-03-31,CAN,arrival,22:30,HRB Harbin,ZH9678,Shenzhen Airlines,text,Duration: 5h 5m,,True,2026-02-17T11:30:45.064305
2026-03-31,CAN,arrival,22:35,CNX Chiang Mai,CZ3034,China Southern,text,Duration: 2h 45m,,True,2026-02-17T11:30:45.064310
2026-03-31,CAN,arrival,22:35,LFQ Qiaoli,CZ8928,China Southern,text,Duration: 2h 40m,,True,2026-02-17T11:30:45.064315
2026-03-31,CAN,arrival,22:35,SHE Shenyang,CZ6339,China Southern,text,Duration: 4h 5m,,True,2026-02-17T11:30:45.064321
2026-03-31,CAN,arrival,22:35,CKG Chongqing,PN6205,West Air (China),text,Duration: 2h 5m,,True,2026-02-17T11:30:45.064326
2026-03-31,CAN,arrival,22:40,YCU Yuncheng,CZ3922,China Southern,text,Duration: 2h 25m,,True,2026-02-17T11:30:45.064332
2026-03-31,CAN,arrival,22:45,BKI Kota Kinabalu,CZ8336,China Southern,text,Duration: 3h 25m,,True,2026-02-17T11:30:45.064337
2026-03-31,CAN,arrival,22:45,HAN Hanoi,CZ8178,China Southern,text,Duration: 2h 0m,,True,2026-02-17T11:30:45.064342
2026-03-31,CAN,arrival,22:45,TYN Taiyuan,CZ3696,China Southern,text,Duration: 3h 5m,,True,2026-02-17T11:30:45.064348
2026-03-31,CAN,arrival,22:45,XIY Xian,CZ3218,China Southern,text,Duration: 2h 45m,,True,2026-02-17T11:30:45.064353
2026-03-31,CAN,arrival,22:45,YIW Yiwu,CZ3636,China Southern,text,Duration: 1h 55m,,True,2026-02-17T11:30:45.064358
2026-03-31,CAN,arrival,22:45,PKX Beijing,MU6309,China Eastern,text,Duration: 3h 15m,,True,2026-02-17T11:30:45.064364
2026-03-31,CAN,arrival,22:50,XFN Xiangyang,CZ3362,China Southern,text,Duration: 2h 0m,,True,2026-02-17T11:30:45.064369
2026-03-31,CAN,arrival,22:50,TFU Chengdu,ZH9444,Shenzhen Airlines,text,Duration: 2h 20m,,True,2026-02-17T11:30:45.064444
2026-03-31,CAN,arrival,22:55,CKG Chongqing,3U8749,Sichuan Airlines,text,Duration: 2h 5m,,True,2026-02-17T11:30:45.064451
2026-03-31,CAN,arrival,22:55,PKX Beijing,CZ3110,China Southern,text,Duration: 3h 25m,,True,2026-02-17T11:30:45.064456
2026-03-31,CAN,arrival,22:55,CGO Zhengzhou,HU7284,Hainan Airlines,text,Duration: 2h 30m,,True,2026-02-17T11:30:45.064462
2026-03-31,CAN,arrival,22:55,PEK Beijing,HU7813,Hainan Airlines,text,Duration: 3h 25m,,True,2026-02-17T11:30:45.064467
2026-03-31,CAN,arrival,22:55,SHA Shanghai,MU5317,China Eastern,text,Duration: 2h 20m,,True,2026-02-17T11:30:45.064472
2026-03-31,CAN,arrival,22:55,NKG Nanjing,ZH9874,Shenzhen Airlines,text,Duration: 2h 25m,,True,2026-02-17T11:30:45.064477
2026-03-31,CAN,arrival,23:00,KMG Kunming,3U8205,Sichuan Airlines,text,Duration: 1h 55m,,True,2026-02-17T11:30:45.064482
2026-03-31,CAN,arrival,23:00,SGN Ho Chi Minh City,9C7348,Spring Airlines,text,Duration: 3h 5m,,True,2026-02-17T11:30:45.064488
2026-03-31,CAN,arrival,23:00,TNA Jinan,HU7210,Hainan Airlines,text,Duration: 2h 55m,,True,2026-02-17T11:30:45.064493
2026-03-31,CAN,arrival,23:00,NKG Nanjing,ZH9872,Shenzhen Airlines,text,Duration: 2h 25m,,True,2026-02-17T11:30:45.064499
2026-03-31,CAN,arrival,23:00,NTG Nantong,ZH8694,Shenzhen Airlines,text,Duration: 2h 40m,,True,2026-02-17T11:30:45.064504
2026-03-31,CAN,arrival,23:00,YTY Yangzhou,ZH8910,Shenzhen Airlines,text,Duration: 2h 25m,,True,2026-02-17T11:30:45.064509
2026-03-31,CAN,arrival,23:05,DYG Dayong,CZ3382,China Southern,text,Duration: 1h 45m,,True,2026-02-17T11:30:45.064514
2026-03-31,CAN,arrival,23:05,HGH Hangzhou,CZ3830,China Southern,text,Duration: 2h 30m,,True,2026-02-17T11:30:45.064519
2026-03-31,CAN,arrival,23:05,YIC Yichun,HU7202,Hainan Airlines,text,Duration: 1h 40m,,True,2026-02-17T11:30:45.064524
2026-03-31,CAN,arrival,23:05,LHW Lanzhou,OQ2132,Chongqing Airlines,text,Duration: 3h 10m,,True,2026-02-17T11:30:45.064529
2026-03-31,CAN,arrival,23:10,PEK Beijing,CA1385,Air China,text,Duration: 3h 5m,,True,2026-02-17T11:30:45.064534
2026-03-31,CAN,arrival,23:10,BKK Bangkok,CZ364,China Southern,text,Duration: 3h 10m,,True,2026-02-17T11:30:45.064540
2026-03-31,CAN,arrival,23:10,PEN Penang,CZ5048,China Southern,text,Duration: 4h 5m,,True,2026-02-17T11:30:45.064545
2026-03-31,CAN,arrival,23:10,DMK Bangkok,FD530,Thai AirAsia,text,Duration: 3h 5m,,True,2026-02-17T11:30:45.064550
2026-03-31,CAN,arrival,23:15,LHW Lanzhou,9C7396,Spring Airlines,text,Duration: 3h 0m,,True,2026-02-17T11:30:45.064555
2026-03-31,CAN,arrival,23:15,CKG Chongqing,OQ2325,Chongqing Airlines,text,Duration: 2h 0m,,True,2026-02-17T11:30:45.064560
2026-03-31,CAN,arrival,23:20,BZX Bazhong,CZ8210,China Southern,text,Duration: 2h 10m,,True,2026-02-17T11:30:45.064565
2026-03-31,CAN,arrival,23:20,INC Yinchuan,CZ5702,China Southern,text,Duration: 3h 15m,,True,2026-02-17T11:30:45.064571
2026-03-31,CAN,arrival,23:20,NAO Nanchong,CZ3430,China Southern,text,Duration: 2h 10m,,True,2026-02-17T11:30:45.064576
2026-03-31,CAN,arrival,23:20,WUH Wuhan,CZ6607,China Southern,text,Duration: 1h 50m,,True,2026-02-17T11:30:45.064581
2026-03-31,CAN,arrival,23:20,NKG Nanjing,HU7214,Hainan Airlines,text,Duration: 2h 30m,,True,2026-02-17T11:30:45.064586
2026-03-31,CAN,arrival,23:20,SJW Shijiazhuang,OQ2136,Chongqing Airlines,text,Duration: 3h 20m,,True,2026-02-17T11:30:45.064591
2026-03-31,CAN,arrival,23:25,CGQ Changchun,CZ3605,China Southern,text,Duration: 4h 25m,,True,2026-02-17T11:30:45.064596
2026-03-31,CAN,arrival,23:25,KWE Guiyang,CZ8801,China Southern,text,Duration: 1h 50m,,True,2026-02-17T11:30:45.064601
2026-03-31,CAN,arrival,23:25,NKG Nanjing,CZ3698,China Southern,text,Duration: 2h 20m,,True,2026-02-17T11:30:45.064607
2026-03-31,CAN,arrival,23:25,TFU Chengdu,CZ3476,China Southern,text,Duration: 2h 25m,,True,2026-02-17T11:30:45.064612
2026-03-31,CAN,arrival,23:25,TSN Tianjin,CZ3136,China Southern,text,Duration: 3h 10m,,True,2026-02-17T11:30:45.064617
2026-03-31,CAN,arrival,23:25,HAK Haikou,HU7011,Hainan Airlines,text,Duration: 1h 30m,,True,2026-02-17T11:30:45.064622
2026-03-31,CAN,arrival,23:25,HRB Harbin,JD5166,Capital Airlines,text,Duration: 4h 30m,,True,2026-02-17T11:30:45.064627
2026-03-31,CAN,arrival,23:30,CGO Zhengzhou,CZ3395,China Southern,text,Duration: 2h 30m,,True,2026-02-17T11:30:45.064632
2026-03-31,CAN,arrival,23:30,SHS Shashi,CZ6660,China Southern,text,Duration: 1h 40m,,True,2026-02-17T11:30:45.064637
2026-03-31,CAN,arrival,23:30,TAO Qingdao,CZ3574,China Southern,text,Duration: 3h 15m,,True,2026-02-17T11:30:45.064642
2026-03-31,CAN,arrival,23:35,AQG Anqing,CZ3320,China Southern,text,Duration: 1h 55m,,True,2026-02-17T11:30:45.064647
2026-03-31,CAN,arrival,23:35,KMG Kunming,CZ3500,China Southern,text,Duration: 2h 5m,,True,2026-02-17T11:30:45.064652
2026-03-31,CAN,arrival,23:35,XIY Xian,CZ3204,China Southern,text,Duration: 2h 35m,,True,2026-02-17T11:30:45.064657
2026-03-31,CAN,arrival,23:35,CKG Chongqing,MU6826,China Eastern,text,Duration: 2h 0m,,True,2026-02-17T11:30:45.064662
2026-03-31,CAN,arrival,23:35,JHG Jinghong,OQ2106,Chongqing Airlines,text,Duration: 2h 20m,,True,2026-02-17T11:30:45.064667
2026-03-31,CAN,arrival,23:35,TAO Qingdao,ZH9994,Shenzhen Airlines,text,Duration: 3h 30m,,True,2026-02-17T11:30:45.064672
2026-03-31,CAN,arrival,23:40,WUX Wuxi,ZH9822,Shenzhen Airlines,text,Duration: 2h 25m,,True,2026-02-17T11:30:45.064677
2026-03-31,CAN,arrival,23:45,DLC Dalian,CZ6486,China Southern,text,Duration: 3h 45m,,True,2026-02-17T11:30:45.064682
2026-03-31,CAN,arrival,23:45,SHE Shenyang,CZ6331,China Southern,text,Duration: 4h 30m,,True,2026-02-17T11:30:45.064687
2026-03-31,CAN,arrival,23:45,URC Urumqi,CZ6887,China Southern,text,Duration: 5h 5m,,True,2026-02-17T11:30:45.064692
2026-03-31,CAN,arrival,23:45,WUX Wuxi,CZ3918,China Southern,text,Duration: 2h 20m,,True,2026-02-17T11:30:45.064697
2026-03-31,CAN,arrival,23:45,YNZ Yancheng,CZ8216,China Southern,text,Duration: 2h 35m,,True,2026-02-17T11:30:45.064772
2026-03-31,CAN,arrival,23:45,SYX Sanya,HU7309,Hainan Airlines,text,Duration: 1h 45m,,True,2026-02-17T11:30:45.064778
2026-03-31,CAN,arrival,23:45,HGH Hangzhou,ZH9984,Shenzhen Airlines,text,Duration: 2h 20m,,True,2026-02-17T11:30:45.064784
2026-03-31,CAN,arrival,23:50,HGH Hangzhou,CZ3802,China Southern,text,Duration: 2h 15m,,True,2026-02-17T11:30:45.064789
2026-03-31,CAN,arrival,23:50,TYN Taiyuan,CZ3952,China Southern,text,Duration: 2h 55m,,True,2026-02-17T11:30:45.064794
2026-03-31,CAN,arrival,23:50,XNN Xining,CZ6242,China Southern,text,Duration: 3h 20m,,True,2026-02-17T11:30:45.064800
2026-03-31,CAN,arrival,23:50,YNT Yantai,CZ8778,China Southern,text,Duration: 3h 25m,,True,2026-02-17T11:30:45.064805
2026-03-31,CAN,arrival,23:55,URC Urumqi,CA4369,Air China,text,Duration: 5h 15m,,True,2026-02-17T11:30:45.064810
2026-03-31,CAN,arrival,23:55,CGD Changde,CZ3248,China Southern,text,Duration: 1h 25m,,True,2026-02-17T11:30:45.064815
2026-03-31,CAN,arrival,23:55,SYX Sanya,CZ6737,China Southern,text,Duration: 1h 45m,,True,2026-02-17T11:30:45.064820
2026-03-31,CAN,arrival,23:55,TNA Jinan,CZ3708,China Southern,text,Duration: 2h 45m,,True,2026-02-17T11:30:45.064825
2026-03-31,CAN,arrival,23:55,PEK Beijing,HU7815,Hainan Airlines,text,Duration: 3h 25m,,True,2026-02-17T11:30:45.064831
2026-03-31,CAN,arrival,23:55,WNZ Wenzhou,ZH9964,Shenzhen Airlines,text,Duration: 2h 0m,,True,2026-02-17T11:30:45.064836
