date,airport,direction,time,destination,flight,airline,airline_source,duration,aircraft,page_date_verified,scraped_at
2026-06-08,CAN,departure,00:10,IST Istanbul,CZ8065,China Southern,text,Duration: 11h 5m,,True,2026-02-17T14:15:11.070783
2026-06-08,CAN,departure,00:10,DMK Bangkok,FD531,Thai AirAsia,text,Duration: 2h 45m,,True,2026-02-17T14:15:11.070793
2026-06-08,CAN,departure,00:20,AMS Amsterdam,CZ307,China Southern,text,Duration: 12h 15m,,True,2026-02-17T14:15:11.070800
2026-06-08,CAN,departure,00:20,DXB Dubai,EK363,Emirates,text,Duration: 7h 40m,,True,2026-02-17T14:15:11.070806
2026-06-08,CAN,departure,00:25,BKI Kota Kinabalu,AK1535,AirAsia,text,Duration: 3h 10m,,True,2026-02-17T14:15:11.070812
2026-06-08,CAN,departure,00:25,CDG Paris,CZ347,China Southern,text,Duration: 12h 35m,,True,2026-02-17T14:15:11.070818
2026-06-08,CAN,departure,00:30,ADD Addis Ababa,ET607,Ethiopian,text,Duration: 10h 50m,,True,2026-02-17T14:15:11.070823
2026-06-08,CAN,departure,00:35,AKL Auckland,CZ305,China Southern,text,Duration: 11h 0m,,True,2026-02-17T14:15:11.070829
2026-06-08,CAN,departure,00:55,NBO Nairobi,CZ633,China Southern,text,Duration: 10h 35m,,True,2026-02-17T14:15:11.070834
2026-06-08,CAN,departure,00:55,SYD Sydney,CZ8091,China Southern,text,Duration: 9h 40m,,True,2026-02-17T14:15:11.070840
2026-06-08,CAN,departure,01:15,ICN Seoul,OZ358,Asiana,text,Duration: 3h 30m,,True,2026-02-17T14:15:11.070845
2026-06-08,CAN,departure,01:20,SIN Singapore,SQ853,Singapore Airlines,text,Duration: 4h 10m,,True,2026-02-17T14:15:11.070851
2026-06-08,CAN,departure,01:25,LGW London,CZ689,China Southern,text,Duration: 12h 40m,,True,2026-02-17T14:15:11.070856
2026-06-08,CAN,departure,01:35,KUL Kuala Lumpur,AK119,AirAsia,text,Duration: 4h 10m,,True,2026-02-17T14:15:11.070862
2026-06-08,CAN,departure,01:35,DOH Doha,QR875,Qatar Airways,text,Duration: 7h 55m,,True,2026-02-17T14:15:11.070867
2026-06-08,CAN,departure,02:05,DPS Denpasar,8B968,TransNusa,text,Duration: 5h 15m,,True,2026-02-17T14:15:11.070873
2026-06-08,CAN,departure,02:10,MDC Manado,8B168,TransNusa,text,Duration: 3h 55m,,True,2026-02-17T14:15:11.070878
2026-06-08,CAN,departure,02:30,CGK Jakarta,8B861,TransNusa,text,Duration: 5h 5m,,True,2026-02-17T14:15:11.070884
2026-06-08,CAN,departure,02:30,SGN Ho Chi Minh City,VJ3909,VietJet,text,Duration: 2h 40m,,True,2026-02-17T14:15:11.070890
2026-06-08,CAN,departure,02:35,DPS Denpasar,CZ8481,China Southern,text,Duration: 5h 10m,,True,2026-02-17T14:15:11.070895
2026-06-08,CAN,departure,02:45,DMK Bangkok,SL901,Thai Lion Air,text,Duration: 3h 0m,,True,2026-02-17T14:15:11.070900
2026-06-08,CAN,departure,03:00,VKO Moscow,V0771,Conviasa,text,Duration: 11h 0m,,True,2026-02-17T14:15:11.070906
2026-06-08,CAN,departure,03:05,JHB Johor Bharu,AK1395,AirAsia,text,Duration: 3h 55m,,True,2026-02-17T14:15:11.070911
2026-06-08,CAN,departure,03:10,KUL Kuala Lumpur,OD613,Batik Air,text,Duration: 4h 5m,,True,2026-02-17T14:15:11.070917
2026-06-08,CAN,departure,03:30,HAN Hanoi,VJ7527,VietJet,text,Duration: 1h 55m,,True,2026-02-17T14:15:11.070923
2026-06-08,CAN,departure,03:50,KTI Phnom Penh,KR938,Cambodia Airways,text,Duration: 2h 50m,,True,2026-02-17T14:15:11.070928
2026-06-08,CAN,departure,04:00,BGW Baghdad,IA474,Iraqi Airways,text,Duration: 10h 0m,,True,2026-02-17T14:15:11.070933
2026-06-08,CAN,departure,04:35,TAS Tashkent,C6512,Centrum Air,text,Duration: 7h 20m,,True,2026-02-17T14:15:11.070939
2026-06-08,CAN,departure,05:00,DEL Delhi,6E1702,IndiGo,text,Duration: 5h 45m,,True,2026-02-17T14:15:11.070944
2026-06-08,CAN,departure,05:00,KUL Kuala Lumpur,9C6921,Spring Airlines,text,Duration: 4h 0m,,True,2026-02-17T14:15:11.070949
2026-06-08,CAN,departure,05:00,DAC Dhaka,BS326,US-Bangla Airlines,text,Duration: 3h 50m,,True,2026-02-17T14:15:11.070954
2026-06-08,CAN,departure,05:00,HKG Hong Kong,CX953,Cathay Pacific,text,Duration: 1h 25m,,True,2026-02-17T14:15:11.070960
2026-06-08,CAN,departure,05:00,KTI Phnom Penh,K6611,Air Cambodia,text,Duration: 2h 50m,,True,2026-02-17T14:15:11.070965
2026-06-08,CAN,departure,05:15,CCU Kolkata,6E1704,IndiGo,text,Duration: 4h 45m,,True,2026-02-17T14:15:11.070971
2026-06-08,CAN,departure,05:55,CNX Chiang Mai,9C8933,Spring Airlines,text,Duration: 3h 5m,,True,2026-02-17T14:15:11.070976
2026-06-08,CAN,departure,05:55,KTI Phnom Penh,9C7007,Spring Airlines,text,Duration: 3h 5m,,True,2026-02-17T14:15:11.070982
2026-06-08,CAN,departure,05:55,KUL Kuala Lumpur,AK115,AirAsia,text,Duration: 4h 15m,,True,2026-02-17T14:15:11.070988
2026-06-08,CAN,departure,06:05,JGN Jiayuguan,AQ1159,9 Air,text,Duration: 4h 10m,,True,2026-02-17T14:15:11.070993
2026-06-08,CAN,departure,06:10,YTY Yangzhou,CZ8213,China Southern,text,Duration: 2h 20m,,True,2026-02-17T14:15:11.070999
2026-06-08,CAN,departure,06:10,XUZ Xuzhou,GJ8059,Loong Air,text,Duration: 2h 20m,,True,2026-02-17T14:15:11.071004
2026-06-08,CAN,departure,06:15,DZH Dazhou,CZ3263,China Southern,text,Duration: 2h 25m,,True,2026-02-17T14:15:11.071010
2026-06-08,CAN,departure,06:20,CGO Zhengzhou,AQ1173,9 Air,text,Duration: 2h 10m,,True,2026-02-17T14:15:11.071016
2026-06-08,CAN,departure,06:20,XIY Xian,AQ1105,9 Air,text,Duration: 2h 30m,,True,2026-02-17T14:15:11.071021
2026-06-08,CAN,departure,06:20,ENH Enshi,GJ6031,Loong Air,text,Duration: 1h 50m,,True,2026-02-17T14:15:11.071026
2026-06-08,CAN,departure,06:20,HGH Hangzhou,GJ8860,Loong Air,text,Duration: 2h 10m,,True,2026-02-17T14:15:11.071032
2026-06-08,CAN,departure,06:25,NGB Ningbo,9C7749,Spring Airlines,text,Duration: 2h 5m,,True,2026-02-17T14:15:11.071037
2026-06-08,CAN,departure,06:25,WNZ Wenzhou,AQ1131,9 Air,text,Duration: 1h 55m,,True,2026-02-17T14:15:11.071043
2026-06-08,CAN,departure,06:25,PEK Beijing,CA1386,Air China,text,Duration: 3h 10m,,True,2026-02-17T14:15:11.071048
2026-06-08,CAN,departure,06:25,CGO Zhengzhou,GJ8583,Loong Air,text,Duration: 2h 25m,,True,2026-02-17T14:15:11.071054
2026-06-08,CAN,departure,06:25,WEH Weihai,MU6895,China Eastern,text,Duration: 3h 20m,,True,2026-02-17T14:15:11.071059
2026-06-08,CAN,departure,06:30,SYX Sanya,CZ6748,China Southern,text,Duration: 1h 50m,,True,2026-02-17T14:15:11.071154
2026-06-08,CAN,departure,06:30,HET Hohhot,GJ8567,Loong Air,text,Duration: 3h 15m,,True,2026-02-17T14:15:11.071161
2026-06-08,CAN,departure,06:30,SJW Shijiazhuang,JD5355,Capital Airlines,text,Duration: 2h 30m,,True,2026-02-17T14:15:11.071167
2026-06-08,CAN,departure,06:30,KMG Kunming,MU6823,China Eastern,text,Duration: 2h 25m,,True,2026-02-17T14:15:11.071172
2026-06-08,CAN,departure,06:35,WUX Wuxi,AQ1055,9 Air,text,Duration: 2h 10m,,True,2026-02-17T14:15:11.071178
2026-06-08,CAN,departure,06:35,PVG Shanghai,HU7431,Hainan Airlines,text,Duration: 2h 20m,,True,2026-02-17T14:15:11.071183
2026-06-08,CAN,departure,06:40,SHA Shanghai,HO1854,Juneyao Airlines,text,Duration: 2h 25m,,True,2026-02-17T14:15:11.071189
2026-06-08,CAN,departure,06:40,DOY Dongying,HU7259,Hainan Airlines,text,Duration: 2h 55m,,True,2026-02-17T14:15:11.071194
2026-06-08,CAN,departure,06:40,WUH Wuhan,MU6733,China Eastern,text,Duration: 1h 50m,,True,2026-02-17T14:15:11.071199
2026-06-08,CAN,departure,06:40,HYN Taizhou,ZH8989,Shenzhen Airlines,text,Duration: 1h 55m,,True,2026-02-17T14:15:11.071205
2026-06-08,CAN,departure,06:40,LYI Linyi,ZH8947,Shenzhen Airlines,text,Duration: 2h 35m,,True,2026-02-17T14:15:11.071210
2026-06-08,CAN,departure,06:45,LHW Lanzhou,9C7395,Spring Airlines,text,Duration: 3h 30m,,True,2026-02-17T14:15:11.071215
2026-06-08,CAN,departure,06:45,SHA Shanghai,9C6884,Spring Airlines,text,Duration: 2h 15m,,True,2026-02-17T14:15:11.071221
2026-06-08,CAN,departure,06:45,SQD Shangrao,AQ1717,9 Air,text,Duration: 1h 35m,,True,2026-02-17T14:15:11.071226
2026-06-08,CAN,departure,06:45,WHA Wuhu,CZ5839,China Southern,text,Duration: 2h 5m,,True,2026-02-17T14:15:11.071231
2026-06-08,CAN,departure,06:45,XNN Xining,CZ3249,China Southern,text,Duration: 3h 25m,,True,2026-02-17T14:15:11.071237
2026-06-08,CAN,departure,06:45,WUX Wuxi,ZH9821,Shenzhen Airlines,text,Duration: 2h 25m,,True,2026-02-17T14:15:11.071243
2026-06-08,CAN,departure,06:50,JHG Jinghong,AQ1041,9 Air,text,Duration: 2h 55m,,True,2026-02-17T14:15:11.071248
2026-06-08,CAN,departure,06:50,PVG Shanghai,AQ1005,9 Air,text,Duration: 2h 25m,,True,2026-02-17T14:15:11.071253
2026-06-08,CAN,departure,06:50,WUT Xinzhou,AQ1161,9 Air,text,Duration: 2h 55m,,True,2026-02-17T14:15:11.071259
2026-06-08,CAN,departure,06:50,LZO Luzhou,CA4352,Air China,text,Duration: 2h 15m,,True,2026-02-17T14:15:11.071264
2026-06-08,CAN,departure,06:50,XIY Xian,MU6955,China Eastern,text,Duration: 2h 20m,,True,2026-02-17T14:15:11.071269
2026-06-08,CAN,departure,06:50,TAO Qingdao,ZH9995,Shenzhen Airlines,text,Duration: 3h 10m,,True,2026-02-17T14:15:11.071275
2026-06-08,CAN,departure,06:50,WNZ Wenzhou,ZH9961,Shenzhen Airlines,text,Duration: 1h 40m,,True,2026-02-17T14:15:11.071280
2026-06-08,CAN,departure,06:55,CKG Chongqing,3U8750,Sichuan Airlines,text,Duration: 2h 10m,,True,2026-02-17T14:15:11.071285
2026-06-08,CAN,departure,06:55,NKG Nanjing,AQ1033,9 Air,text,Duration: 2h 15m,,True,2026-02-17T14:15:11.071291
2026-06-08,CAN,departure,06:55,TSN Tianjin,BK2787,OkAir,text,Duration: 3h 0m,,True,2026-02-17T14:15:11.071296
2026-06-08,CAN,departure,06:55,DLU Dali City,CZ3481,China Southern,text,Duration: 2h 50m,,True,2026-02-17T14:15:11.071302
2026-06-08,CAN,departure,07:00,XIC Xichang,3U3059,Sichuan Airlines,text,Duration: 2h 20m,,True,2026-02-17T14:15:11.071307
2026-06-08,CAN,departure,07:00,KMG Kunming,CZ3497,China Southern,text,Duration: 2h 35m,,True,2026-02-17T14:15:11.071313
2026-06-08,CAN,departure,07:00,SHA Shanghai,CZ3533,China Southern,text,Duration: 2h 20m,,True,2026-02-17T14:15:11.071318
2026-06-08,CAN,departure,07:00,HGH Hangzhou,JD5269,Capital Airlines,text,Duration: 1h 45m,,True,2026-02-17T14:15:11.071323
2026-06-08,CAN,departure,07:05,TFU Chengdu,3U6706,Sichuan Airlines,text,Duration: 2h 15m,,True,2026-02-17T14:15:11.071329
2026-06-08,CAN,departure,07:05,SYX Sanya,AQ1113,9 Air,text,Duration: 1h 55m,,True,2026-02-17T14:15:11.071334
2026-06-08,CAN,departure,07:05,KWE Guiyang,CZ8802,China Southern,text,Duration: 1h 50m,,True,2026-02-17T14:15:11.071339
2026-06-08,CAN,departure,07:05,LZY Nyingchi,CZ3477,China Southern,text,Duration: 3h 35m,,True,2026-02-17T14:15:11.071345
2026-06-08,CAN,departure,07:05,XMN Xiamen,CZ3723,China Southern,text,Duration: 1h 25m,,True,2026-02-17T14:15:11.071350
2026-06-08,CAN,departure,07:05,HGH Hangzhou,HU7161,Hainan Airlines,text,Duration: 2h 0m,,True,2026-02-17T14:15:11.071355
2026-06-08,CAN,departure,07:05,NKG Nanjing,HU7113,Hainan Airlines,text,Duration: 2h 15m,,True,2026-02-17T14:15:11.071361
2026-06-08,CAN,departure,07:10,YCU Yuncheng,CA4594,Air China,text,Duration: 2h 30m,,True,2026-02-17T14:15:11.071367
2026-06-08,CAN,departure,07:10,LJG Lijiang,CZ6603,China Southern,text,Duration: 3h 5m,,True,2026-02-17T14:15:11.071372
2026-06-08,CAN,departure,07:10,TAO Qingdao,CZ3199,China Southern,text,Duration: 3h 20m,,True,2026-02-17T14:15:11.071378
2026-06-08,CAN,departure,07:10,YIH Yichang,CZ3311,China Southern,text,Duration: 1h 55m,,True,2026-02-17T14:15:11.071383
2026-06-08,CAN,departure,07:10,NKG Nanjing,ZH9861,Shenzhen Airlines,text,Duration: 2h 15m,,True,2026-02-17T14:15:11.071389
2026-06-08,CAN,departure,07:15,AKA Ankang,CZ6463,China Southern,text,Duration: 2h 20m,,True,2026-02-17T14:15:11.071394
2026-06-08,CAN,departure,07:15,TFU Chengdu,CZ3403,China Southern,text,Duration: 2h 25m,,True,2026-02-17T14:15:11.071400
2026-06-08,CAN,departure,07:15,WDS Shiyan,CZ3335,China Southern,text,Duration: 2h 20m,,True,2026-02-17T14:15:11.071405
2026-06-08,CAN,departure,07:15,XIY Xian,CZ3201,China Southern,text,Duration: 2h 30m,,True,2026-02-17T14:15:11.071411
2026-06-08,CAN,departure,07:15,WNZ Wenzhou,HU7285,Hainan Airlines,text,Duration: 1h 45m,,True,2026-02-17T14:15:11.071416
2026-06-08,CAN,departure,07:15,PEK Beijing,ZH9147,Shenzhen Airlines,text,Duration: 3h 5m,,True,2026-02-17T14:15:11.071421
2026-06-08,CAN,departure,07:20,TSN Tianjin,CA4547,Air China,text,Duration: 3h 5m,,True,2026-02-17T14:15:11.071519
2026-06-08,CAN,departure,07:20,FOC Fuzhou,CZ3505,China Southern,text,Duration: 1h 50m,,True,2026-02-17T14:15:11.071526
2026-06-08,CAN,departure,07:20,NNG Nanning,CZ3295,China Southern,text,Duration: 1h 35m,,True,2026-02-17T14:15:11.071532
2026-06-08,CAN,departure,07:20,XIY Xian,HU7828,Hainan Airlines,text,Duration: 2h 45m,,True,2026-02-17T14:15:11.071537
2026-06-08,CAN,departure,07:20,JHG Jinghong,OQ2103,Chongqing Airlines,text,Duration: 3h 15m,,True,2026-02-17T14:15:11.071543
2026-06-08,CAN,departure,07:25,CKG Chongqing,HU7141,Hainan Airlines,text,Duration: 2h 10m,,True,2026-02-17T14:15:11.071548
2026-06-08,CAN,departure,07:30,HAK Haikou,CZ6772,China Southern,text,Duration: 1h 20m,,True,2026-02-17T14:15:11.071554
2026-06-08,CAN,departure,07:30,PVG Shanghai,MU5320,China Eastern,text,Duration: 2h 5m,,True,2026-02-17T14:15:11.071559
2026-06-08,CAN,departure,07:30,HAK Haikou,ZH8995,Shenzhen Airlines,text,Duration: 1h 30m,,True,2026-02-17T14:15:11.071565
2026-06-08,CAN,departure,07:35,DLC Dalian,CZ3604,China Southern,text,Duration: 3h 40m,,True,2026-02-17T14:15:11.071571
2026-06-08,CAN,departure,07:35,WNZ Wenzhou,CZ3811,China Southern,text,Duration: 1h 50m,,True,2026-02-17T14:15:11.071576
2026-06-08,CAN,departure,07:35,URC Urumqi,HU7223,Hainan Airlines,text,Duration: 5h 15m,,True,2026-02-17T14:15:11.071582
2026-06-08,CAN,departure,07:35,TSN Tianjin,JD5185,Capital Airlines,text,Duration: 3h 20m,,True,2026-02-17T14:15:11.071587
2026-06-08,CAN,departure,07:35,PKX Beijing,MU6302,China Eastern,text,Duration: 2h 50m,,True,2026-02-17T14:15:11.071593
2026-06-08,CAN,departure,07:35,DLU Dali City,OQ2039,Chongqing Airlines,text,Duration: 3h 10m,,True,2026-02-17T14:15:11.071598
2026-06-08,CAN,departure,07:40,TAO Qingdao,AQ1019,9 Air,text,Duration: 3h 5m,,True,2026-02-17T14:15:11.071604
2026-06-08,CAN,departure,07:40,HET Hohhot,CZ3197,China Southern,text,Duration: 3h 15m,,True,2026-02-17T14:15:11.071609
2026-06-08,CAN,departure,07:40,SJW Shijiazhuang,CZ3145,China Southern,text,Duration: 2h 50m,,True,2026-02-17T14:15:11.071614
2026-06-08,CAN,departure,07:40,SHA Shanghai,HU7131,Hainan Airlines,text,Duration: 2h 30m,,True,2026-02-17T14:15:11.071620
2026-06-08,CAN,departure,07:40,SYX Sanya,HU7308,Hainan Airlines,text,Duration: 1h 45m,,True,2026-02-17T14:15:11.071625
2026-06-08,CAN,departure,07:40,CKG Chongqing,JD5227,Capital Airlines,text,Duration: 2h 0m,,True,2026-02-17T14:15:11.071630
2026-06-08,CAN,departure,07:40,LUM Mangshi,OQ2025,Chongqing Airlines,text,Duration: 3h 15m,,True,2026-02-17T14:15:11.071635
2026-06-08,CAN,departure,07:45,NGB Ningbo,CZ3777,China Southern,text,Duration: 1h 55m,,True,2026-02-17T14:15:11.071640
2026-06-08,CAN,departure,07:45,WUX Wuxi,MU2908,China Eastern,text,Duration: 2h 10m,,True,2026-02-17T14:15:11.071646
2026-06-08,CAN,departure,07:45,CZX Changzhou,ZH9653,Shenzhen Airlines,text,Duration: 2h 20m,,True,2026-02-17T14:15:11.071651
2026-06-08,CAN,departure,07:45,YTY Yangzhou,ZH8905,Shenzhen Airlines,text,Duration: 2h 20m,,True,2026-02-17T14:15:11.071657
2026-06-08,CAN,departure,07:50,SJW Shijiazhuang,9C8899,Spring Airlines,text,Duration: 2h 40m,,True,2026-02-17T14:15:11.071662
2026-06-08,CAN,departure,07:50,KMG Kunming,HU7207,Hainan Airlines,text,Duration: 2h 35m,,True,2026-02-17T14:15:11.071667
2026-06-08,CAN,departure,07:50,PEK Beijing,HU7802,Hainan Airlines,text,Duration: 3h 5m,,True,2026-02-17T14:15:11.071672
2026-06-08,CAN,departure,07:50,TFU Chengdu,JD5161,Capital Airlines,text,Duration: 2h 15m,,True,2026-02-17T14:15:11.071678
2026-06-08,CAN,departure,07:50,SJW Shijiazhuang,OQ2133,Chongqing Airlines,text,Duration: 2h 50m,,True,2026-02-17T14:15:11.071684
2026-06-08,CAN,departure,07:55,TFU Chengdu,CA4310,Air China,text,Duration: 2h 30m,,True,2026-02-17T14:15:11.071689
2026-06-08,CAN,departure,07:55,JNG Jining,CZ3953,China Southern,text,Duration: 2h 35m,,True,2026-02-17T14:15:11.071694
2026-06-08,CAN,departure,07:55,CGO Zhengzhou,HU7269,Hainan Airlines,text,Duration: 2h 20m,,True,2026-02-17T14:15:11.071699
2026-06-08,CAN,departure,07:55,HAK Haikou,HU7002,Hainan Airlines,text,Duration: 1h 35m,,True,2026-02-17T14:15:11.071704
2026-06-08,CAN,departure,07:55,HAK Haikou,HU7004,Hainan Airlines,text,Duration: 1h 30m,,True,2026-02-17T14:15:11.071709
2026-06-08,CAN,departure,07:55,DLU Dali City,MU9742,China Eastern,text,Duration: 2h 50m,,True,2026-02-17T14:15:11.071715
2026-06-08,CAN,departure,07:55,HFE Hefei,ZH9987,Shenzhen Airlines,text,Duration: 2h 0m,,True,2026-02-17T14:15:11.071720
2026-06-08,CAN,departure,08:00,MEL Melbourne,CZ343,China Southern,text,Duration: 9h 20m,,True,2026-02-17T14:15:11.071725
2026-06-08,CAN,departure,08:00,NRT Tokyo,CZ8101,China Southern,text,Duration: 4h 30m,,True,2026-02-17T14:15:11.071730
2026-06-08,CAN,departure,08:00,PKX Beijing,CZ3101,China Southern,text,Duration: 3h 5m,,True,2026-02-17T14:15:11.071735
2026-06-08,CAN,departure,08:00,SHA Shanghai,CZ3523,China Southern,text,Duration: 2h 20m,,True,2026-02-17T14:15:11.071741
2026-06-08,CAN,departure,08:00,SHE Shenyang,CZ6316,China Southern,text,Duration: 3h 50m,,True,2026-02-17T14:15:11.071746
2026-06-08,CAN,departure,08:00,SHE Shenyang,OQ2127,Chongqing Airlines,text,Duration: 3h 50m,,True,2026-02-17T14:15:11.071751
2026-06-08,CAN,departure,08:05,NKG Nanjing,AQ1029,9 Air,text,Duration: 2h 10m,,True,2026-02-17T14:15:11.071756
2026-06-08,CAN,departure,08:05,CKG Chongqing,CA4354,Air China,text,Duration: 2h 0m,,True,2026-02-17T14:15:11.071762
2026-06-08,CAN,departure,08:05,CGK Jakarta,CZ3037,China Southern,text,Duration: 5h 10m,,True,2026-02-17T14:15:11.071768
2026-06-08,CAN,departure,08:05,CGO Zhengzhou,CZ3396,China Southern,text,Duration: 2h 20m,,True,2026-02-17T14:15:11.071773
2026-06-08,CAN,departure,08:05,MNL Manila,CZ3091,China Southern,text,Duration: 2h 30m,,True,2026-02-17T14:15:11.071779
2026-06-08,CAN,departure,08:05,SYD Sydney,CZ301,China Southern,text,Duration: 9h 35m,,True,2026-02-17T14:15:11.071785
2026-06-08,CAN,departure,08:05,WUX Wuxi,CZ3913,China Southern,text,Duration: 2h 20m,,True,2026-02-17T14:15:11.071870
2026-06-08,CAN,departure,08:10,CKG Chongqing,CZ3463,China Southern,text,Duration: 2h 10m,,True,2026-02-17T14:15:11.071878
2026-06-08,CAN,departure,08:10,HGH Hangzhou,CZ3521,China Southern,text,Duration: 2h 10m,,True,2026-02-17T14:15:11.071883
2026-06-08,CAN,departure,08:10,HZA Heze,CZ3125,China Southern,text,Duration: 2h 30m,,True,2026-02-17T14:15:11.071889
2026-06-08,CAN,departure,08:10,KMG Kunming,CZ3409,China Southern,text,Duration: 2h 30m,,True,2026-02-17T14:15:11.071894
2026-06-08,CAN,departure,08:10,NKG Nanjing,CZ3513,China Southern,text,Duration: 2h 20m,,True,2026-02-17T14:15:11.071900
2026-06-08,CAN,departure,08:10,TSN Tianjin,OQ2123,Chongqing Airlines,text,Duration: 3h 0m,,True,2026-02-17T14:15:11.071905
2026-06-08,CAN,departure,08:10,HRB Harbin,ZH9671,Shenzhen Airlines,text,Duration: 4h 15m,,True,2026-02-17T14:15:11.071911
2026-06-08,CAN,departure,08:15,BKK Bangkok,CZ357,China Southern,text,Duration: 3h 5m,,True,2026-02-17T14:15:11.071917
2026-06-08,CAN,departure,08:15,CTU Chengdu,CZ3401,China Southern,text,Duration: 2h 30m,,True,2026-02-17T14:15:11.071922
2026-06-08,CAN,departure,08:15,KUL Kuala Lumpur,CZ349,China Southern,text,Duration: 4h 10m,,True,2026-02-17T14:15:11.071928
2026-06-08,CAN,departure,08:15,URC Urumqi,CZ6886,China Southern,text,Duration: 5h 15m,,True,2026-02-17T14:15:11.071933
2026-06-08,CAN,departure,08:15,XUZ Xuzhou,CZ3257,China Southern,text,Duration: 2h 20m,,True,2026-02-17T14:15:11.071939
2026-06-08,CAN,departure,08:20,HRB Harbin,CZ3615,China Southern,text,Duration: 4h 20m,,True,2026-02-17T14:15:11.071944
2026-06-08,CAN,departure,08:20,RGN Yangon,CZ3055,China Southern,text,Duration: 3h 25m,,True,2026-02-17T14:15:11.071950
2026-06-08,CAN,departure,08:20,SIN Singapore,CZ353,China Southern,text,Duration: 4h 10m,,True,2026-02-17T14:15:11.071955
2026-06-08,CAN,departure,08:20,TYN Taiyuan,CZ3701,China Southern,text,Duration: 2h 45m,,True,2026-02-17T14:15:11.071961
2026-06-08,CAN,departure,08:20,YIW Yiwu,CZ3727,China Southern,text,Duration: 1h 55m,,True,2026-02-17T14:15:11.071966
2026-06-08,CAN,departure,08:25,PEK Beijing,CA1310,Air China,text,Duration: 3h 15m,,True,2026-02-17T14:15:11.071972
2026-06-08,CAN,departure,08:25,DLU Dali City,CZ5891,China Southern,text,Duration: 2h 45m,,True,2026-02-17T14:15:11.071978
2026-06-08,CAN,departure,08:25,LHW Lanzhou,CZ8985,China Southern,text,Duration: 3h 10m,,True,2026-02-17T14:15:11.071983
2026-06-08,CAN,departure,08:25,TNA Jinan,CZ3509,China Southern,text,Duration: 2h 45m,,True,2026-02-17T14:15:11.071988
2026-06-08,CAN,departure,08:25,TNA Jinan,ZH9971,Shenzhen Airlines,text,Duration: 2h 40m,,True,2026-02-17T14:15:11.071994
2026-06-08,CAN,departure,08:25,XIY Xian,ZH9221,Shenzhen Airlines,text,Duration: 2h 50m,,True,2026-02-17T14:15:11.072000
2026-06-08,CAN,departure,08:30,URC Urumqi,CA4370,Air China,text,Duration: 5h 15m,,True,2026-02-17T14:15:11.072005
2026-06-08,CAN,departure,08:30,CXR Nha Trang,CZ8475,China Southern,text,Duration: 2h 35m,,True,2026-02-17T14:15:11.072011
2026-06-08,CAN,departure,08:30,HQQ An Yang,CZ8225,China Southern,text,Duration: 2h 30m,,True,2026-02-17T14:15:11.072017
2026-06-08,CAN,departure,08:30,LYA Luoyang,CZ3363,China Southern,text,Duration: 2h 30m,,True,2026-02-17T14:15:11.072022
2026-06-08,CAN,departure,08:30,TFU Chengdu,HU7151,Hainan Airlines,text,Duration: 2h 15m,,True,2026-02-17T14:15:11.072028
2026-06-08,CAN,departure,08:30,SHE Shenyang,MU9869,China Eastern,text,Duration: 3h 45m,,True,2026-02-17T14:15:11.072034
2026-06-08,CAN,departure,08:35,TSN Tianjin,CA2806,Air China,text,Duration: 3h 10m,,True,2026-02-17T14:15:11.072039
2026-06-08,CAN,departure,08:35,NNY Nanyang,CZ3221,China Southern,text,Duration: 2h 5m,,True,2026-02-17T14:15:11.072045
2026-06-08,CAN,departure,08:35,SHA Shanghai,MU5302,China Eastern,text,Duration: 2h 10m,,True,2026-02-17T14:15:11.072051
2026-06-08,CAN,departure,08:40,TAO Qingdao,CZ3519,China Southern,text,Duration: 3h 0m,,True,2026-02-17T14:15:11.072057
2026-06-08,CAN,departure,08:40,PVG Shanghai,ZH9533,Shenzhen Airlines,text,Duration: 2h 20m,,True,2026-02-17T14:15:11.072063
2026-06-08,CAN,departure,08:45,CGQ Changchun,CZ6378,China Southern,text,Duration: 4h 15m,,True,2026-02-17T14:15:11.072068
2026-06-08,CAN,departure,08:45,WUH Wuhan,CZ3705,China Southern,text,Duration: 1h 45m,,True,2026-02-17T14:15:11.072073
2026-06-08,CAN,departure,08:45,NGB Ningbo,MU6949,China Eastern,text,Duration: 2h 5m,,True,2026-02-17T14:15:11.072079
2026-06-08,CAN,departure,08:45,YTY Yangzhou,ZH9693,Shenzhen Airlines,text,Duration: 2h 20m,,True,2026-02-17T14:15:11.072084
2026-06-08,CAN,departure,08:50,HND Tokyo,CZ385,China Southern,text,Duration: 4h 30m,,True,2026-02-17T14:15:11.072089
2026-06-08,CAN,departure,08:50,KTI Phnom Penh,CZ8313,China Southern,text,Duration: 2h 50m,,True,2026-02-17T14:15:11.072095
2026-06-08,CAN,departure,08:55,KTM Kathmandu,CZ6067,China Southern,text,Duration: 5h 10m,,True,2026-02-17T14:15:11.072101
2026-06-08,CAN,departure,09:00,BKK Bangkok,9C7419,Spring Airlines,text,Duration: 3h 0m,,True,2026-02-17T14:15:11.072107
2026-06-08,CAN,departure,09:00,SHA Shanghai,CA1838,Air China,text,Duration: 2h 20m,,True,2026-02-17T14:15:11.072113
2026-06-08,CAN,departure,09:00,CGO Zhengzhou,CZ5745,China Southern,text,Duration: 2h 20m,,True,2026-02-17T14:15:11.072119
2026-06-08,CAN,departure,09:00,PKX Beijing,CZ3099,China Southern,text,Duration: 3h 15m,,True,2026-02-17T14:15:11.072124
2026-06-08,CAN,departure,09:00,SHA Shanghai,CZ3529,China Southern,text,Duration: 2h 20m,,True,2026-02-17T14:15:11.072130
2026-06-08,CAN,departure,09:00,VTE Vientiane,CZ8149,China Southern,text,Duration: 2h 30m,,True,2026-02-17T14:15:11.072136
2026-06-08,CAN,departure,09:00,DIG Diqing,MU5774,China Eastern,text,Duration: 3h 20m,,True,2026-02-17T14:15:11.072142
2026-06-08,CAN,departure,09:00,PVG Shanghai,MU5372,China Eastern,text,Duration: 2h 5m,,True,2026-02-17T14:15:11.072147
2026-06-08,CAN,departure,09:05,MIG Mian Yang,CZ8637,China Southern,text,Duration: 2h 40m,,True,2026-02-17T14:15:11.072243
2026-06-08,CAN,departure,09:05,SGN Ho Chi Minh City,CZ8159,China Southern,text,Duration: 2h 55m,,True,2026-02-17T14:15:11.072252
2026-06-08,CAN,departure,09:05,URC Urumqi,CZ6900,China Southern,text,Duration: 5h 0m,,True,2026-02-17T14:15:11.072258
2026-06-08,CAN,departure,09:05,XIY Xian,CZ3237,China Southern,text,Duration: 2h 30m,,True,2026-02-17T14:15:11.072264
2026-06-08,CAN,departure,09:05,NKG Nanjing,ZH9863,Shenzhen Airlines,text,Duration: 2h 25m,,True,2026-02-17T14:15:11.072269
2026-06-08,CAN,departure,09:10,HGH Hangzhou,CZ3803,China Southern,text,Duration: 2h 5m,,True,2026-02-17T14:15:11.072275
2026-06-08,CAN,departure,09:10,NGB Ningbo,CZ8293,China Southern,text,Duration: 2h 10m,,True,2026-02-17T14:15:11.072281
2026-06-08,CAN,departure,09:10,NKG Nanjing,CZ3843,China Southern,text,Duration: 2h 20m,,True,2026-02-17T14:15:11.072286
2026-06-08,CAN,departure,09:15,PEK Beijing,CA1380,Air China,text,Duration: 3h 15m,,True,2026-02-17T14:15:11.072291
2026-06-08,CAN,departure,09:15,CTU Chengdu,CZ3437,China Southern,text,Duration: 2h 30m,,True,2026-02-17T14:15:11.072297
2026-06-08,CAN,departure,09:15,PEK Beijing,HU7804,Hainan Airlines,text,Duration: 3h 5m,,True,2026-02-17T14:15:11.072302
2026-06-08,CAN,departure,09:20,CTU Chengdu,3U8734,Sichuan Airlines,text,Duration: 2h 20m,,True,2026-02-17T14:15:11.072308
2026-06-08,CAN,departure,09:20,KUL Kuala Lumpur,CZ3047,China Southern,text,Duration: 4h 5m,,True,2026-02-17T14:15:11.072314
2026-06-08,CAN,departure,09:20,SHE Shenyang,CZ6332,China Southern,text,Duration: 3h 35m,,True,2026-02-17T14:15:11.072319
2026-06-08,CAN,departure,09:20,WUX Wuxi,ZH9823,Shenzhen Airlines,text,Duration: 2h 20m,,True,2026-02-17T14:15:11.072325
2026-06-08,CAN,departure,09:25,KIX Osaka,CZ389,China Southern,text,Duration: 3h 45m,,True,2026-02-17T14:15:11.072330
2026-06-08,CAN,departure,09:25,TNA Jinan,HU7209,Hainan Airlines,text,Duration: 2h 45m,,True,2026-02-17T14:15:11.072336
2026-06-08,CAN,departure,09:30,HAK Haikou,CZ6774,China Southern,text,Duration: 1h 20m,,True,2026-02-17T14:15:11.072341
2026-06-08,CAN,departure,09:30,WUH Wuhan,CZ8520,China Southern,text,Duration: 1h 55m,,True,2026-02-17T14:15:11.072347
2026-06-08,CAN,departure,09:30,SHA Shanghai,MU5304,China Eastern,text,Duration: 2h 5m,,True,2026-02-17T14:15:11.072352
2026-06-08,CAN,departure,09:35,DAC Dhaka,CZ5015,China Southern,text,Duration: 4h 15m,,True,2026-02-17T14:15:11.072358
2026-06-08,CAN,departure,09:35,ICN Seoul,CZ337,China Southern,text,Duration: 3h 20m,,True,2026-02-17T14:15:11.072364
2026-06-08,CAN,departure,09:35,KMG Kunming,CZ3493,China Southern,text,Duration: 2h 35m,,True,2026-02-17T14:15:11.072370
2026-06-08,CAN,departure,09:35,CGO Zhengzhou,PN6382,West Air (China),text,Duration: 2h 10m,,True,2026-02-17T14:15:11.072375
2026-06-08,CAN,departure,09:40,BKK Bangkok,CZ8079,China Southern,text,Duration: 3h 0m,,True,2026-02-17T14:15:11.072381
2026-06-08,CAN,departure,09:45,HAK Haikou,AQ1023,9 Air,text,Duration: 1h 45m,,True,2026-02-17T14:15:11.072386
2026-06-08,CAN,departure,09:45,DLU Dali City,CZ6595,China Southern,text,Duration: 3h 5m,,True,2026-02-17T14:15:11.072392
2026-06-08,CAN,departure,09:45,HAN Hanoi,CZ3049,China Southern,text,Duration: 2h 0m,,True,2026-02-17T14:15:11.072397
2026-06-08,CAN,departure,09:45,YNZ Yancheng,CZ3267,China Southern,text,Duration: 2h 25m,,True,2026-02-17T14:15:11.072402
2026-06-08,CAN,departure,09:50,ACX Xingyi,CZ3923,China Southern,text,Duration: 2h 20m,,True,2026-02-17T14:15:11.072408
2026-06-08,CAN,departure,09:50,HFE Hefei,CZ3813,China Southern,text,Duration: 2h 20m,,True,2026-02-17T14:15:11.072413
2026-06-08,CAN,departure,09:50,"JUZ Quzhou, Zhejiang Province",CZ6289,China Southern,text,Duration: 2h 5m,,True,2026-02-17T14:15:11.072419
2026-06-08,CAN,departure,09:50,CGO Zhengzhou,HU7287,Hainan Airlines,text,Duration: 2h 30m,,True,2026-02-17T14:15:11.072425
2026-06-08,CAN,departure,09:50,INC Yinchuan,ZH8941,Shenzhen Airlines,text,Duration: 3h 20m,,True,2026-02-17T14:15:11.072430
2026-06-08,CAN,departure,09:50,TNA Jinan,ZH9973,Shenzhen Airlines,text,Duration: 2h 45m,,True,2026-02-17T14:15:11.072436
2026-06-08,CAN,departure,09:55,LYG Lianyungang,AQ1179,9 Air,text,Duration: 2h 30m,,True,2026-02-17T14:15:11.072442
2026-06-08,CAN,departure,09:55,NTG Nantong,CZ3639,China Southern,text,Duration: 2h 20m,,True,2026-02-17T14:15:11.072447
2026-06-08,CAN,departure,09:55,SYX Sanya,CZ6732,China Southern,text,Duration: 1h 50m,,True,2026-02-17T14:15:11.072453
2026-06-08,CAN,departure,10:00,PKX Beijing,CZ3121,China Southern,text,Duration: 3h 10m,,True,2026-02-17T14:15:11.072458
2026-06-08,CAN,departure,10:00,SHA Shanghai,CZ3531,China Southern,text,Duration: 2h 20m,,True,2026-02-17T14:15:11.072463
2026-06-08,CAN,departure,10:05,BNE Brisbane,CZ635,China Southern,text,Duration: 9h 5m,,True,2026-02-17T14:15:11.072469
2026-06-08,CAN,departure,10:10,HKG Hong Kong,CX983,Cathay Pacific,text,Duration: 1h 35m,,True,2026-02-17T14:15:11.072474
2026-06-08,CAN,departure,10:10,HGH Hangzhou,CZ3863,China Southern,text,Duration: 2h 10m,,True,2026-02-17T14:15:11.072480
2026-06-08,CAN,departure,10:10,NKG Nanjing,CZ3599,China Southern,text,Duration: 2h 20m,,True,2026-02-17T14:15:11.072485
2026-06-08,CAN,departure,10:10,XMN Xiamen,MF8306,XiamenAir,text,Duration: 1h 20m,,True,2026-02-17T14:15:11.072490
2026-06-08,CAN,departure,10:15,PEK Beijing,HU7806,Hainan Airlines,text,Duration: 3h 0m,,True,2026-02-17T14:15:11.072495
2026-06-08,CAN,departure,10:20,KUL Kuala Lumpur,AK113,AirAsia,text,Duration: 4h 20m,,True,2026-02-17T14:15:11.072501
2026-06-08,CAN,departure,10:25,KWE Guiyang,CZ6393,China Southern,text,Duration: 1h 50m,,True,2026-02-17T14:15:11.072507
2026-06-08,CAN,departure,10:25,HYN Taizhou,MU2475,China Eastern,text,Duration: 2h 5m,,True,2026-02-17T14:15:11.072512
2026-06-08,CAN,departure,10:30,PEK Beijing,CA1330,Air China,text,Duration: 3h 15m,,True,2026-02-17T14:15:11.072518
2026-06-08,CAN,departure,10:30,LHW Lanzhou,CZ3205,China Southern,text,Duration: 3h 15m,,True,2026-02-17T14:15:11.072597
2026-06-08,CAN,departure,10:30,PVG Shanghai,CZ3550,China Southern,text,Duration: 2h 25m,,True,2026-02-17T14:15:11.072604
2026-06-08,CAN,departure,10:30,SHA Shanghai,MU5306,China Eastern,text,Duration: 2h 30m,,True,2026-02-17T14:15:11.072609
2026-06-08,CAN,departure,10:35,CTU Chengdu,3U8738,Sichuan Airlines,text,Duration: 2h 15m,,True,2026-02-17T14:15:11.072615
2026-06-08,CAN,departure,10:35,HGH Hangzhou,CA1790,Air China,text,Duration: 2h 10m,,True,2026-02-17T14:15:11.072621
2026-06-08,CAN,departure,10:35,CGQ Changchun,CZ8460,China Southern,text,Duration: 4h 15m,,True,2026-02-17T14:15:11.072626
2026-06-08,CAN,departure,10:35,TNA Jinan,CZ3619,China Southern,text,Duration: 2h 45m,,True,2026-02-17T14:15:11.072632
2026-06-08,CAN,departure,10:35,NGB Ningbo,OQ2027,Chongqing Airlines,text,Duration: 2h 0m,,True,2026-02-17T14:15:11.072638
2026-06-08,CAN,departure,10:40,BKK Bangkok,CZ8099,China Southern,text,Duration: 3h 10m,,True,2026-02-17T14:15:11.072644
2026-06-08,CAN,departure,10:40,TYN Taiyuan,CZ8767,China Southern,text,Duration: 2h 55m,,True,2026-02-17T14:15:11.072649
2026-06-08,CAN,departure,10:40,HFE Hefei,MU5288,China Eastern,text,Duration: 2h 5m,,True,2026-02-17T14:15:11.072655
2026-06-08,CAN,departure,10:40,SIN Singapore,TR101,Scoot,text,Duration: 4h 5m,,True,2026-02-17T14:15:11.072660
2026-06-08,CAN,departure,10:45,CSX Changsha,CZ3380,China Southern,text,Duration: 1h 35m,,True,2026-02-17T14:15:11.072666
2026-06-08,CAN,departure,10:45,CTU Chengdu,EU2236,Chengdu Airlines,text,Duration: 2h 30m,,True,2026-02-17T14:15:11.072671
2026-06-08,CAN,departure,10:45,SHA Shanghai,HO1856,Juneyao Airlines,text,Duration: 2h 20m,,True,2026-02-17T14:15:11.072677
2026-06-08,CAN,departure,10:45,WUX Wuxi,ZH9825,Shenzhen Airlines,text,Duration: 2h 35m,,True,2026-02-17T14:15:11.072682
2026-06-08,CAN,departure,10:50,ICN Seoul,CZ3061,China Southern,text,Duration: 3h 35m,,True,2026-02-17T14:15:11.072687
2026-06-08,CAN,departure,10:50,TSN Tianjin,CZ3301,China Southern,text,Duration: 3h 25m,,True,2026-02-17T14:15:11.072693
2026-06-08,CAN,departure,10:50,YIW Yiwu,CZ3883,China Southern,text,Duration: 1h 55m,,True,2026-02-17T14:15:11.072698
2026-06-08,CAN,departure,10:50,NKG Nanjing,MU2818,China Eastern,text,Duration: 2h 20m,,True,2026-02-17T14:15:11.072705
2026-06-08,CAN,departure,10:55,SHA Shanghai,9C8836,Spring Airlines,text,Duration: 2h 20m,,True,2026-02-17T14:15:11.072711
2026-06-08,CAN,departure,10:55,WMT Zunyi,CZ3313,China Southern,text,Duration: 1h 55m,,True,2026-02-17T14:15:11.072716
2026-06-08,CAN,departure,11:00,KMG Kunming,CZ3415,China Southern,text,Duration: 2h 35m,,True,2026-02-17T14:15:11.072722
2026-06-08,CAN,departure,11:00,PKX Beijing,CZ3177,China Southern,text,Duration: 3h 15m,,True,2026-02-17T14:15:11.072727
2026-06-08,CAN,departure,11:00,SHA Shanghai,CZ3537,China Southern,text,Duration: 2h 20m,,True,2026-02-17T14:15:11.072733
2026-06-08,CAN,departure,11:00,HGH Hangzhou,HU7261,Hainan Airlines,text,Duration: 2h 10m,,True,2026-02-17T14:15:11.072738
2026-06-08,CAN,departure,11:05,NTG Nantong,ZH8693,Shenzhen Airlines,text,Duration: 2h 15m,,True,2026-02-17T14:15:11.072744
2026-06-08,CAN,departure,11:10,HGH Hangzhou,CZ6567,China Southern,text,Duration: 2h 10m,,True,2026-02-17T14:15:11.072749
2026-06-08,CAN,departure,11:10,HGH Hangzhou,HU7461,Hainan Airlines,text,Duration: 1h 55m,,True,2026-02-17T14:15:11.072755
2026-06-08,CAN,departure,11:10,SVO Moscow,SU221,Aeroflot,text,Duration: 10h 5m,,True,2026-02-17T14:15:11.072760
2026-06-08,CAN,departure,11:15,CTU Chengdu,CZ3443,China Southern,text,Duration: 2h 25m,,True,2026-02-17T14:15:11.072766
2026-06-08,CAN,departure,11:15,TPE Taipei,CZ3097,China Southern,text,Duration: 2h 15m,,True,2026-02-17T14:15:11.072772
2026-06-08,CAN,departure,11:15,FOC Fuzhou,MF8324,XiamenAir,text,Duration: 1h 45m,,True,2026-02-17T14:15:11.072777
2026-06-08,CAN,departure,11:15,CTU Chengdu,TV9766,Tibet Airlines,text,Duration: 2h 25m,,True,2026-02-17T14:15:11.072782
2026-06-08,CAN,departure,11:20,KUL Kuala Lumpur,CZ8011,China Southern,text,Duration: 4h 20m,,True,2026-02-17T14:15:11.072788
2026-06-08,CAN,departure,11:20,WNZ Wenzhou,CZ3763,China Southern,text,Duration: 2h 5m,,True,2026-02-17T14:15:11.072793
2026-06-08,CAN,departure,11:20,TFU Chengdu,ZH9443,Shenzhen Airlines,text,Duration: 2h 25m,,True,2026-02-17T14:15:11.072798
2026-06-08,CAN,departure,11:25,PZI Pan Zhi Hua,CZ3933,China Southern,text,Duration: 2h 20m,,True,2026-02-17T14:15:11.072804
2026-06-08,CAN,departure,11:25,KMG Kunming,KY8280,Kunming Airlines,text,Duration: 2h 25m,,True,2026-02-17T14:15:11.072809
2026-06-08,CAN,departure,11:25,HGH Hangzhou,MU5212,China Eastern,text,Duration: 2h 5m,,True,2026-02-17T14:15:11.072814
2026-06-08,CAN,departure,11:25,KMG Kunming,MU5732,China Eastern,text,Duration: 2h 30m,,True,2026-02-17T14:15:11.072820
2026-06-08,CAN,departure,11:30,CKG Chongqing,CA4362,Air China,text,Duration: 2h 20m,,True,2026-02-17T14:15:11.072825
2026-06-08,CAN,departure,11:30,CGO Zhengzhou,CZ6631,China Southern,text,Duration: 2h 20m,,True,2026-02-17T14:15:11.072830
2026-06-08,CAN,departure,11:30,HAK Haikou,CZ6786,China Southern,text,Duration: 1h 25m,,True,2026-02-17T14:15:11.072836
2026-06-08,CAN,departure,11:30,WUH Wuhan,CZ3348,China Southern,text,Duration: 1h 55m,,True,2026-02-17T14:15:11.072841
2026-06-08,CAN,departure,11:35,HET Hohhot,CZ3245,China Southern,text,Duration: 3h 10m,,True,2026-02-17T14:15:11.072847
2026-06-08,CAN,departure,11:35,HAN Hanoi,ZH121,Shenzhen Airlines,text,Duration: 2h 10m,,True,2026-02-17T14:15:11.072852
2026-06-08,CAN,departure,11:40,PEK Beijing,CA1360,Air China,text,Duration: 3h 5m,,True,2026-02-17T14:15:11.072858
2026-06-08,CAN,departure,11:40,CKG Chongqing,OQ2306,Chongqing Airlines,text,Duration: 2h 20m,,True,2026-02-17T14:15:11.072863
2026-06-08,CAN,departure,11:40,NKG Nanjing,ZH9865,Shenzhen Airlines,text,Duration: 2h 30m,,True,2026-02-17T14:15:11.072869
2026-06-08,CAN,departure,11:45,TSN Tianjin,CA2802,Air China,text,Duration: 3h 10m,,True,2026-02-17T14:15:11.072974
2026-06-08,CAN,departure,11:45,TAO Qingdao,CZ3535,China Southern,text,Duration: 3h 0m,,True,2026-02-17T14:15:11.072987
2026-06-08,CAN,departure,11:45,URC Urumqi,CZ6023,China Southern,text,Duration: 5h 20m,,True,2026-02-17T14:15:11.072997
2026-06-08,CAN,departure,11:50,NGB Ningbo,CZ3517,China Southern,text,Duration: 1h 55m,,True,2026-02-17T14:15:11.073007
2026-06-08,CAN,departure,11:50,PKX Beijing,MU6304,China Eastern,text,Duration: 3h 5m,,True,2026-02-17T14:15:11.073016
2026-06-08,CAN,departure,11:50,TYN Taiyuan,MU5252,China Eastern,text,Duration: 2h 55m,,True,2026-02-17T14:15:11.073025
2026-06-08,CAN,departure,11:50,WUX Wuxi,ZH9827,Shenzhen Airlines,text,Duration: 2h 25m,,True,2026-02-17T14:15:11.073034
2026-06-08,CAN,departure,11:55,CTU Chengdu,CA4306,Air China,text,Duration: 2h 35m,,True,2026-02-17T14:15:11.073054
2026-06-08,CAN,departure,11:55,KUL Kuala Lumpur,CZ8347,China Southern,text,Duration: 4h 10m,,True,2026-02-17T14:15:11.073065
2026-06-08,CAN,departure,11:55,XIY Xian,CZ3219,China Southern,text,Duration: 2h 50m,,True,2026-02-17T14:15:11.073074
2026-06-08,CAN,departure,11:55,PVG Shanghai,HU7331,Hainan Airlines,text,Duration: 2h 35m,,True,2026-02-17T14:15:11.073083
2026-06-08,CAN,departure,11:55,TSN Tianjin,MF8314,XiamenAir,text,Duration: 3h 20m,,True,2026-02-17T14:15:11.073092
2026-06-08,CAN,departure,11:55,LHW Lanzhou,MU2220,China Eastern,text,Duration: 3h 15m,,True,2026-02-17T14:15:11.073101
2026-06-08,CAN,departure,12:00,TFU Chengdu,3U6702,Sichuan Airlines,text,Duration: 2h 5m,,True,2026-02-17T14:15:11.073110
2026-06-08,CAN,departure,12:00,PKX Beijing,CZ3103,China Southern,text,Duration: 2h 55m,,True,2026-02-17T14:15:11.073119
2026-06-08,CAN,departure,12:00,SHA Shanghai,CZ3539,China Southern,text,Duration: 2h 20m,,True,2026-02-17T14:15:11.073127
2026-06-08,CAN,departure,12:00,TAO Qingdao,MU5256,China Eastern,text,Duration: 2h 50m,,True,2026-02-17T14:15:11.073136
2026-06-08,CAN,departure,12:00,YNT Yantai,SC7622,Shandong Airlines,text,Duration: 3h 10m,,True,2026-02-17T14:15:11.073145
2026-06-08,CAN,departure,12:05,SHA Shanghai,9C6722,Spring Airlines,text,Duration: 2h 25m,,True,2026-02-17T14:15:11.073153
2026-06-08,CAN,departure,12:05,BKK Bangkok,CZ5095,China Southern,text,Duration: 3h 0m,,True,2026-02-17T14:15:11.073162
2026-06-08,CAN,departure,12:05,LJG Lijiang,CZ3423,China Southern,text,Duration: 2h 50m,,True,2026-02-17T14:15:11.073170
2026-06-08,CAN,departure,12:05,TSN Tianjin,CZ3143,China Southern,text,Duration: 3h 10m,,True,2026-02-17T14:15:11.073179
2026-06-08,CAN,departure,12:05,XMN Xiamen,CZ3741,China Southern,text,Duration: 1h 25m,,True,2026-02-17T14:15:11.073187
2026-06-08,CAN,departure,12:05,INC Yinchuan,MF8754,XiamenAir,text,Duration: 3h 20m,,True,2026-02-17T14:15:11.073196
2026-06-08,CAN,departure,12:10,WNZ Wenzhou,CA8352,Air China,text,Duration: 2h 10m,,True,2026-02-17T14:15:11.073205
2026-06-08,CAN,departure,12:10,DLC Dalian,CZ6322,China Southern,text,Duration: 3h 20m,,True,2026-02-17T14:15:11.073214
2026-06-08,CAN,departure,12:10,HGH Hangzhou,CZ3869,China Southern,text,Duration: 2h 10m,,True,2026-02-17T14:15:11.073222
2026-06-08,CAN,departure,12:15,PKX Beijing,MF8396,XiamenAir,text,Duration: 3h 0m,,True,2026-02-17T14:15:11.073231
2026-06-08,CAN,departure,12:15,XIY Xian,MU2312,China Eastern,text,Duration: 2h 25m,,True,2026-02-17T14:15:11.073241
2026-06-08,CAN,departure,12:20,HIA Huai'an,MU2870,China Eastern,text,Duration: 2h 25m,,True,2026-02-17T14:15:11.073252
2026-06-08,CAN,departure,12:25,TFU Chengdu,AQ1115,9 Air,text,Duration: 2h 25m,,True,2026-02-17T14:15:11.073263
2026-06-08,CAN,departure,12:25,HFE Hefei,CZ3873,China Southern,text,Duration: 2h 15m,,True,2026-02-17T14:15:11.073273
2026-06-08,CAN,departure,12:25,HGH Hangzhou,MF8320,XiamenAir,text,Duration: 2h 0m,,True,2026-02-17T14:15:11.073284
2026-06-08,CAN,departure,12:25,ICN Seoul,OZ370,Asiana,text,Duration: 3h 35m,,True,2026-02-17T14:15:11.073295
2026-06-08,CAN,departure,12:30,BKK Bangkok,CZ3081,China Southern,text,Duration: 3h 0m,,True,2026-02-17T14:15:11.073305
2026-06-08,CAN,departure,12:30,WUH Wuhan,CZ8728,China Southern,text,Duration: 1h 50m,,True,2026-02-17T14:15:11.073316
2026-06-08,CAN,departure,12:30,SHA Shanghai,FM9308,Shanghai Airlines,text,Duration: 2h 10m,,True,2026-02-17T14:15:11.073327
2026-06-08,CAN,departure,12:30,XIY Xian,HU7838,Hainan Airlines,text,Duration: 2h 40m,,True,2026-02-17T14:15:11.073338
2026-06-08,CAN,departure,12:30,SJW Shijiazhuang,NS3204,Hebei Airlines,text,Duration: 2h 40m,,True,2026-02-17T14:15:11.073348
2026-06-08,CAN,departure,12:35,CGO Zhengzhou,CZ8686,China Southern,text,Duration: 2h 20m,,True,2026-02-17T14:15:11.073359
2026-06-08,CAN,departure,12:35,KTI Phnom Penh,CZ6059,China Southern,text,Duration: 2h 55m,,True,2026-02-17T14:15:11.073370
2026-06-08,CAN,departure,12:35,TNA Jinan,CZ3711,China Southern,text,Duration: 2h 45m,,True,2026-02-17T14:15:11.073381
2026-06-08,CAN,departure,12:40,PEK Beijing,CA1352,Air China,text,Duration: 3h 20m,,True,2026-02-17T14:15:11.073391
2026-06-08,CAN,departure,12:40,KUL Kuala Lumpur,CZ8301,China Southern,text,Duration: 4h 20m,,True,2026-02-17T14:15:11.073402
2026-06-08,CAN,departure,12:40,SGN Ho Chi Minh City,CZ373,China Southern,text,Duration: 2h 50m,,True,2026-02-17T14:15:11.073414
2026-06-08,CAN,departure,12:40,SHA Shanghai,HO2288,Juneyao Airlines,text,Duration: 2h 15m,,True,2026-02-17T14:15:11.073425
2026-06-08,CAN,departure,12:40,CKG Chongqing,HU7341,Hainan Airlines,text,Duration: 2h 25m,,True,2026-02-17T14:15:11.073436
2026-06-08,CAN,departure,12:40,ICN Seoul,KE868,Korean Air,text,Duration: 3h 35m,,True,2026-02-17T14:15:11.073446
2026-06-08,CAN,departure,12:45,SIN Singapore,CZ3039,China Southern,text,Duration: 4h 5m,,True,2026-02-17T14:15:11.073457
2026-06-08,CAN,departure,12:45,ZHA Zhanjiang,CZ3331,China Southern,text,Duration: 1h 15m,,True,2026-02-17T14:15:11.073468
2026-06-08,CAN,departure,12:50,PKX Beijing,MU6306,China Eastern,text,Duration: 2h 55m,,True,2026-02-17T14:15:11.073602
2026-06-08,CAN,departure,12:50,TNA Jinan,SC1170,Shandong Airlines,text,Duration: 2h 35m,,True,2026-02-17T14:15:11.073611
2026-06-08,CAN,departure,12:50,WUS Wuyishan,SC4674,Shandong Airlines,text,Duration: 1h 25m,,True,2026-02-17T14:15:11.073617
2026-06-08,CAN,departure,12:50,NKG Nanjing,ZH9867,Shenzhen Airlines,text,Duration: 2h 25m,,True,2026-02-17T14:15:11.073624
2026-06-08,CAN,departure,12:55,HKT Phuket,CZ6063,China Southern,text,Duration: 3h 45m,,True,2026-02-17T14:15:11.073629
2026-06-08,CAN,departure,12:55,MXZ Mei Xian,CZ3333,China Southern,text,Duration: 1h 5m,,True,2026-02-17T14:15:11.073635
2026-06-08,CAN,departure,12:55,TAO Qingdao,CZ3799,China Southern,text,Duration: 3h 5m,,True,2026-02-17T14:15:11.073640
2026-06-08,CAN,departure,12:55,HFE Hefei,HU7203,Hainan Airlines,text,Duration: 2h 10m,,True,2026-02-17T14:15:11.073645
2026-06-08,CAN,departure,12:55,TFU Chengdu,MU5322,China Eastern,text,Duration: 2h 15m,,True,2026-02-17T14:15:11.073651
2026-06-08,CAN,departure,12:55,XIY Xian,ZH9223,Shenzhen Airlines,text,Duration: 2h 30m,,True,2026-02-17T14:15:11.073657
2026-06-08,CAN,departure,13:00,DXB Dubai,CZ8057,China Southern,text,Duration: 9h 10m,,True,2026-02-17T14:15:11.073662
2026-06-08,CAN,departure,13:00,PKX Beijing,CZ3179,China Southern,text,Duration: 2h 55m,,True,2026-02-17T14:15:11.073667
2026-06-08,CAN,departure,13:00,SHA Shanghai,CZ3525,China Southern,text,Duration: 2h 25m,,True,2026-02-17T14:15:11.073673
2026-06-08,CAN,departure,13:00,PVG Shanghai,FM9310,Shanghai Airlines,text,Duration: 2h 15m,,True,2026-02-17T14:15:11.073678
2026-06-08,CAN,departure,13:00,HAK Haikou,HU7008,Hainan Airlines,text,Duration: 1h 30m,,True,2026-02-17T14:15:11.073683
2026-06-08,CAN,departure,13:05,DZH Dazhou,CA4356,Air China,text,Duration: 2h 30m,,True,2026-02-17T14:15:11.073689
2026-06-08,CAN,departure,13:05,XIY Xian,CZ3207,China Southern,text,Duration: 2h 35m,,True,2026-02-17T14:15:11.073694
2026-06-08,CAN,departure,13:05,YIW Yiwu,CZ3149,China Southern,text,Duration: 2h 0m,,True,2026-02-17T14:15:11.073699
2026-06-08,CAN,departure,13:05,SHE Shenyang,ZH9655,Shenzhen Airlines,text,Duration: 3h 35m,,True,2026-02-17T14:15:11.073705
2026-06-08,CAN,departure,13:10,TPE Taipei,BR708,EVA Air,text,Duration: 2h 10m,,True,2026-02-17T14:15:11.073710
2026-06-08,CAN,departure,13:10,CKG Chongqing,CZ3485,China Southern,text,Duration: 2h 10m,,True,2026-02-17T14:15:11.073716
2026-06-08,CAN,departure,13:10,HGH Hangzhou,CZ3511,China Southern,text,Duration: 2h 10m,,True,2026-02-17T14:15:11.073721
2026-06-08,CAN,departure,13:10,NKG Nanjing,CZ3821,China Southern,text,Duration: 2h 20m,,True,2026-02-17T14:15:11.073726
2026-06-08,CAN,departure,13:10,WNZ Wenzhou,KN5038,China United Airlines,text,Duration: 1h 45m,,True,2026-02-17T14:15:11.073732
2026-06-08,CAN,departure,13:15,CTU Chengdu,CZ3471,China Southern,text,Duration: 2h 25m,,True,2026-02-17T14:15:11.073737
2026-06-08,CAN,departure,13:15,PEK Beijing,HU7808,Hainan Airlines,text,Duration: 3h 0m,,True,2026-02-17T14:15:11.073742
2026-06-08,CAN,departure,13:15,FOC Fuzhou,MF8356,XiamenAir,text,Duration: 1h 55m,,True,2026-02-17T14:15:11.073748
2026-06-08,CAN,departure,13:20,LHR London,CZ303,China Southern,text,Duration: 12h 40m,,True,2026-02-17T14:15:11.073753
2026-06-08,CAN,departure,13:20,VTE Vientiane,CZ6091,China Southern,text,Duration: 2h 25m,,True,2026-02-17T14:15:11.073758
2026-06-08,CAN,departure,13:25,TYN Taiyuan,CZ6527,China Southern,text,Duration: 2h 50m,,True,2026-02-17T14:15:11.073764
2026-06-08,CAN,departure,13:25,SIN Singapore,SQ851,Singapore Airlines,text,Duration: 4h 20m,,True,2026-02-17T14:15:11.073769
2026-06-08,CAN,departure,13:30,HET Hohhot,CA1382,Air China,text,Duration: 3h 25m,,True,2026-02-17T14:15:11.073774
2026-06-08,CAN,departure,13:30,SHE Shenyang,CZ6302,China Southern,text,Duration: 4h 0m,,True,2026-02-17T14:15:11.073779
2026-06-08,CAN,departure,13:30,WUH Wuhan,CZ8672,China Southern,text,Duration: 1h 55m,,True,2026-02-17T14:15:11.073784
2026-06-08,CAN,departure,13:30,SHA Shanghai,FM9312,Shanghai Airlines,text,Duration: 2h 15m,,True,2026-02-17T14:15:11.073789
2026-06-08,CAN,departure,13:30,XIY Xian,MU2302,China Eastern,text,Duration: 2h 35m,,True,2026-02-17T14:15:11.073795
2026-06-08,CAN,departure,13:30,CZX Changzhou,ZH8943,Shenzhen Airlines,text,Duration: 2h 15m,,True,2026-02-17T14:15:11.073800
2026-06-08,CAN,departure,13:35,CKG Chongqing,3U8748,Sichuan Airlines,text,Duration: 2h 0m,,True,2026-02-17T14:15:11.073805
2026-06-08,CAN,departure,13:35,CXR Nha Trang,CZ6049,China Southern,text,Duration: 2h 35m,,True,2026-02-17T14:15:11.073811
2026-06-08,CAN,departure,13:40,PEK Beijing,CA1322,Air China,text,Duration: 3h 20m,,True,2026-02-17T14:15:11.073816
2026-06-08,CAN,departure,13:40,HAN Hanoi,CZ8315,China Southern,text,Duration: 2h 5m,,True,2026-02-17T14:15:11.073822
2026-06-08,CAN,departure,13:45,CGQ Changchun,CZ6342,China Southern,text,Duration: 4h 15m,,True,2026-02-17T14:15:11.073828
2026-06-08,CAN,departure,13:45,KTI Phnom Penh,K6669,Air Cambodia,text,Duration: 2h 30m,,True,2026-02-17T14:15:11.073833
2026-06-08,CAN,departure,13:50,FOC Fuzhou,CZ3877,China Southern,text,Duration: 1h 45m,,True,2026-02-17T14:15:11.073839
2026-06-08,CAN,departure,13:50,NGB Ningbo,CZ3775,China Southern,text,Duration: 2h 10m,,True,2026-02-17T14:15:11.073844
2026-06-08,CAN,departure,13:50,SVO Moscow,CZ655,China Southern,text,Duration: 10h 25m,,True,2026-02-17T14:15:11.073850
2026-06-08,CAN,departure,13:50,LYI Linyi,ZH9481,Shenzhen Airlines,text,Duration: 2h 45m,,True,2026-02-17T14:15:11.073855
2026-06-08,CAN,departure,13:50,NKG Nanjing,ZH9869,Shenzhen Airlines,text,Duration: 2h 20m,,True,2026-02-17T14:15:11.073861
2026-06-08,CAN,departure,13:55,KMG Kunming,CZ3407,China Southern,text,Duration: 2h 40m,,True,2026-02-17T14:15:11.073866
2026-06-08,CAN,departure,13:55,LHW Lanzhou,CZ3385,China Southern,text,Duration: 3h 30m,,True,2026-02-17T14:15:11.073871
2026-06-08,CAN,departure,13:55,MNL Manila,CZ397,China Southern,text,Duration: 2h 50m,,True,2026-02-17T14:15:11.073965
2026-06-08,CAN,departure,13:55,PEN Penang,CZ5047,China Southern,text,Duration: 4h 5m,,True,2026-02-17T14:15:11.073974
2026-06-08,CAN,departure,13:55,PER Perth,CZ319,China Southern,text,Duration: 8h 0m,,True,2026-02-17T14:15:11.073980
2026-06-08,CAN,departure,14:00,TFU Chengdu,CA4308,Air China,text,Duration: 2h 20m,,True,2026-02-17T14:15:11.073985
2026-06-08,CAN,departure,14:00,PKX Beijing,CZ3109,China Southern,text,Duration: 3h 5m,,True,2026-02-17T14:15:11.073991
2026-06-08,CAN,departure,14:00,PVG Shanghai,CZ3487,China Southern,text,Duration: 2h 30m,,True,2026-02-17T14:15:11.073996
2026-06-08,CAN,departure,14:00,HRB Harbin,JD5165,Capital Airlines,text,Duration: 3h 55m,,True,2026-02-17T14:15:11.074002
2026-06-08,CAN,departure,14:00,SHA Shanghai,MU5316,China Eastern,text,Duration: 2h 15m,,True,2026-02-17T14:15:11.074008
2026-06-08,CAN,departure,14:05,SYX Sanya,CZ6734,China Southern,text,Duration: 1h 40m,,True,2026-02-17T14:15:11.074013
2026-06-08,CAN,departure,14:05,XMN Xiamen,CZ3879,China Southern,text,Duration: 1h 25m,,True,2026-02-17T14:15:11.074019
2026-06-08,CAN,departure,14:10,CKG Chongqing,AQ1101,9 Air,text,Duration: 2h 15m,,True,2026-02-17T14:15:11.074024
2026-06-08,CAN,departure,14:10,KWE Guiyang,CZ3692,China Southern,text,Duration: 1h 55m,,True,2026-02-17T14:15:11.074030
2026-06-08,CAN,departure,14:10,HND Tokyo,JL88,JAL,text,Duration: 4h 20m,,True,2026-02-17T14:15:11.074035
2026-06-08,CAN,departure,14:10,JJN Jinjiang,MF8386,XiamenAir,text,Duration: 1h 35m,,True,2026-02-17T14:15:11.074041
2026-06-08,CAN,departure,14:15,CTU Chengdu,3U8732,Sichuan Airlines,text,Duration: 2h 20m,,True,2026-02-17T14:15:11.074046
2026-06-08,CAN,departure,14:15,CGO Zhengzhou,CZ6626,China Southern,text,Duration: 2h 20m,,True,2026-02-17T14:15:11.074052
2026-06-08,CAN,departure,14:15,NKG Nanjing,HU7213,Hainan Airlines,text,Duration: 2h 10m,,True,2026-02-17T14:15:11.074057
2026-06-08,CAN,departure,14:15,HND Tokyo,NH924,ANA,text,Duration: 4h 30m,,True,2026-02-17T14:15:11.074063
2026-06-08,CAN,departure,14:20,TNA Jinan,CZ8479,China Southern,text,Duration: 2h 45m,,True,2026-02-17T14:15:11.074068
2026-06-08,CAN,departure,14:20,YIW Yiwu,CZ3795,China Southern,text,Duration: 2h 0m,,True,2026-02-17T14:15:11.074073
2026-06-08,CAN,departure,14:25,HRB Harbin,CZ3623,China Southern,text,Duration: 4h 15m,,True,2026-02-17T14:15:11.074079
2026-06-08,CAN,departure,14:25,XIY Xian,CZ3215,China Southern,text,Duration: 2h 35m,,True,2026-02-17T14:15:11.074084
2026-06-08,CAN,departure,14:25,LJG Lijiang,MU5742,China Eastern,text,Duration: 3h 0m,,True,2026-02-17T14:15:11.074089
2026-06-08,CAN,departure,14:30,TAO Qingdao,CZ5899,China Southern,text,Duration: 3h 5m,,True,2026-02-17T14:15:11.074095
2026-06-08,CAN,departure,14:30,SHA Shanghai,HO1858,Juneyao Airlines,text,Duration: 2h 20m,,True,2026-02-17T14:15:11.074100
2026-06-08,CAN,departure,14:30,CKG Chongqing,HU7441,Hainan Airlines,text,Duration: 2h 10m,,True,2026-02-17T14:15:11.074106
2026-06-08,CAN,departure,14:30,SHA Shanghai,MU5308,China Eastern,text,Duration: 2h 25m,,True,2026-02-17T14:15:11.074112
2026-06-08,CAN,departure,14:30,TNA Jinan,ZH9977,Shenzhen Airlines,text,Duration: 2h 35m,,True,2026-02-17T14:15:11.074117
2026-06-08,CAN,departure,14:35,HGH Hangzhou,GJ8700,Loong Air,text,Duration: 2h 35m,,True,2026-02-17T14:15:11.074123
2026-06-08,CAN,departure,14:35,KUL Kuala Lumpur,MH377,Malaysia Airlines,text,Duration: 4h 5m,,True,2026-02-17T14:15:11.074129
2026-06-08,CAN,departure,14:35,CTU Chengdu,MU6832,China Eastern,text,Duration: 2h 10m,,True,2026-02-17T14:15:11.074135
2026-06-08,CAN,departure,14:35,CGQ Changchun,ZH9695,Shenzhen Airlines,text,Duration: 4h 10m,,True,2026-02-17T14:15:11.074140
2026-06-08,CAN,departure,14:40,PEK Beijing,CA1318,Air China,text,Duration: 3h 35m,,True,2026-02-17T14:15:11.074146
2026-06-08,CAN,departure,14:40,HND Tokyo,CZ3085,China Southern,text,Duration: 4h 5m,,True,2026-02-17T14:15:11.074151
2026-06-08,CAN,departure,14:45,LJG Lijiang,OQ2111,Chongqing Airlines,text,Duration: 3h 10m,,True,2026-02-17T14:15:11.074157
2026-06-08,CAN,departure,14:50,BKK Bangkok,CZ8023,China Southern,text,Duration: 3h 0m,,True,2026-02-17T14:15:11.074162
2026-06-08,CAN,departure,14:50,HFE Hefei,CZ6585,China Southern,text,Duration: 2h 15m,,True,2026-02-17T14:15:11.074167
2026-06-08,CAN,departure,14:55,LUM Mangshi,CZ6499,China Southern,text,Duration: 3h 5m,,True,2026-02-17T14:15:11.074173
2026-06-08,CAN,departure,14:55,WNZ Wenzhou,CZ3527,China Southern,text,Duration: 1h 55m,,True,2026-02-17T14:15:11.074179
2026-06-08,CAN,departure,15:00,PKX Beijing,CZ3999,China Southern,text,Duration: 3h 10m,,True,2026-02-17T14:15:11.074184
2026-06-08,CAN,departure,15:00,SHA Shanghai,CZ3571,China Southern,text,Duration: 2h 25m,,True,2026-02-17T14:15:11.074189
2026-06-08,CAN,departure,15:00,WUH Wuhan,CZ5770,China Southern,text,Duration: 1h 45m,,True,2026-02-17T14:15:11.074195
2026-06-08,CAN,departure,15:05,KMG Kunming,CZ3449,China Southern,text,Duration: 2h 30m,,True,2026-02-17T14:15:11.074201
2026-06-08,CAN,departure,15:05,XUZ Xuzhou,CZ3339,China Southern,text,Duration: 2h 20m,,True,2026-02-17T14:15:11.074206
2026-06-08,CAN,departure,15:05,CKG Chongqing,OQ2318,Chongqing Airlines,text,Duration: 2h 25m,,True,2026-02-17T14:15:11.074211
2026-06-08,CAN,departure,15:10,BKI Kota Kinabalu,CZ8335,China Southern,text,Duration: 3h 10m,,True,2026-02-17T14:15:11.074217
2026-06-08,CAN,departure,15:10,HGH Hangzhou,CZ3501,China Southern,text,Duration: 2h 10m,,True,2026-02-17T14:15:11.074223
2026-06-08,CAN,departure,15:10,KHG Kashi,CZ6836,China Southern,text,Duration: 6h 35m,,True,2026-02-17T14:15:11.074228
2026-06-08,CAN,departure,15:10,NKG Nanjing,CZ3699,China Southern,text,Duration: 2h 20m,,True,2026-02-17T14:15:11.074234
2026-06-08,CAN,departure,15:10,XIY Xian,HU7848,Hainan Airlines,text,Duration: 2h 35m,,True,2026-02-17T14:15:11.074240
2026-06-08,CAN,departure,15:15,CTU Chengdu,CZ3417,China Southern,text,Duration: 2h 20m,,True,2026-02-17T14:15:11.074319
2026-06-08,CAN,departure,15:15,NKG Nanjing,HU7313,Hainan Airlines,text,Duration: 2h 10m,,True,2026-02-17T14:15:11.074326
2026-06-08,CAN,departure,15:15,PEK Beijing,HU7810,Hainan Airlines,text,Duration: 3h 0m,,True,2026-02-17T14:15:11.074332
2026-06-08,CAN,departure,15:15,PKX Beijing,MU6308,China Eastern,text,Duration: 3h 0m,,True,2026-02-17T14:15:11.074338
2026-06-08,CAN,departure,15:15,SGN Ho Chi Minh City,VN503,Vietnam Airlines,text,Duration: 3h 5m,,True,2026-02-17T14:15:11.074345
2026-06-08,CAN,departure,15:20,TFU Chengdu,HU7251,Hainan Airlines,text,Duration: 2h 20m,,True,2026-02-17T14:15:11.074350
2026-06-08,CAN,departure,15:25,ALA Almaty,CZ3083,China Southern,text,Duration: 7h 5m,,True,2026-02-17T14:15:11.074356
2026-06-08,CAN,departure,15:25,TSN Tianjin,GS7896,Tianjin Airlines,text,Duration: 2h 50m,,True,2026-02-17T14:15:11.074362
2026-06-08,CAN,departure,15:25,PVG Shanghai,ZH9535,Shenzhen Airlines,text,Duration: 2h 20m,,True,2026-02-17T14:15:11.074368
2026-06-08,CAN,departure,15:30,CGO Zhengzhou,CZ8766,China Southern,text,Duration: 2h 20m,,True,2026-02-17T14:15:11.074374
2026-06-08,CAN,departure,15:30,DLC Dalian,CZ6200,China Southern,text,Duration: 3h 25m,,True,2026-02-17T14:15:11.074380
2026-06-08,CAN,departure,15:30,SHA Shanghai,MU5310,China Eastern,text,Duration: 2h 15m,,True,2026-02-17T14:15:11.074385
2026-06-08,CAN,departure,15:30,LHW Lanzhou,OQ2131,Chongqing Airlines,text,Duration: 3h 25m,,True,2026-02-17T14:15:11.074391
2026-06-08,CAN,departure,15:35,SHE Shenyang,CZ6368,China Southern,text,Duration: 3h 50m,,True,2026-02-17T14:15:11.074396
2026-06-08,CAN,departure,15:40,PEK Beijing,CA1316,Air China,text,Duration: 3h 20m,,True,2026-02-17T14:15:11.074402
2026-06-08,CAN,departure,15:40,URC Urumqi,CZ6892,China Southern,text,Duration: 5h 15m,,True,2026-02-17T14:15:11.074407
2026-06-08,CAN,departure,15:45,CGQ Changchun,CZ3606,China Southern,text,Duration: 4h 15m,,True,2026-02-17T14:15:11.074412
2026-06-08,CAN,departure,15:45,CGK Jakarta,GA899,Garuda Indonesia,text,Duration: 4h 55m,,True,2026-02-17T14:15:11.074418
2026-06-08,CAN,departure,15:45,BKK Bangkok,TG669,Thai Airways,text,Duration: 3h 0m,,True,2026-02-17T14:15:11.074423
2026-06-08,CAN,departure,15:50,CNX Chiang Mai,CZ3033,China Southern,text,Duration: 3h 0m,,True,2026-02-17T14:15:11.074429
2026-06-08,CAN,departure,15:55,BKK Bangkok,CZ363,China Southern,text,Duration: 3h 0m,,True,2026-02-17T14:15:11.074434
2026-06-08,CAN,departure,15:55,TFU Chengdu,HU7351,Hainan Airlines,text,Duration: 2h 35m,,True,2026-02-17T14:15:11.074439
2026-06-08,CAN,departure,15:55,HGH Hangzhou,MF8382,XiamenAir,text,Duration: 1h 55m,,True,2026-02-17T14:15:11.074444
2026-06-08,CAN,departure,15:55,SJW Shijiazhuang,OQ2135,Chongqing Airlines,text,Duration: 3h 0m,,True,2026-02-17T14:15:11.074450
2026-06-08,CAN,departure,15:55,HGH Hangzhou,ZH9981,Shenzhen Airlines,text,Duration: 1h 55m,,True,2026-02-17T14:15:11.074455
2026-06-08,CAN,departure,16:00,CTU Chengdu,CA4318,Air China,text,Duration: 2h 35m,,True,2026-02-17T14:15:11.074460
2026-06-08,CAN,departure,16:00,PKX Beijing,CZ3115,China Southern,text,Duration: 3h 15m,,True,2026-02-17T14:15:11.074466
2026-06-08,CAN,departure,16:00,SHA Shanghai,CZ3503,China Southern,text,Duration: 2h 25m,,True,2026-02-17T14:15:11.074471
2026-06-08,CAN,departure,16:00,SYX Sanya,CZ6759,China Southern,text,Duration: 1h 40m,,True,2026-02-17T14:15:11.074476
2026-06-08,CAN,departure,16:00,NGB Ningbo,HU7233,Hainan Airlines,text,Duration: 2h 10m,,True,2026-02-17T14:15:11.074481
2026-06-08,CAN,departure,16:00,NGB Ningbo,MU5238,China Eastern,text,Duration: 1h 55m,,True,2026-02-17T14:15:11.074487
2026-06-08,CAN,departure,16:00,TAO Qingdao,ZH9993,Shenzhen Airlines,text,Duration: 3h 5m,,True,2026-02-17T14:15:11.074493
2026-06-08,CAN,departure,16:05,CKG Chongqing,3U8746,Sichuan Airlines,text,Duration: 2h 15m,,True,2026-02-17T14:15:11.074498
2026-06-08,CAN,departure,16:05,SGN Ho Chi Minh City,9C7347,Spring Airlines,text,Duration: 2h 50m,,True,2026-02-17T14:15:11.074505
2026-06-08,CAN,departure,16:05,SHA Shanghai,9C6720,Spring Airlines,text,Duration: 1h 55m,,True,2026-02-17T14:15:11.074510
2026-06-08,CAN,departure,16:05,PVG Shanghai,AQ1011,9 Air,text,Duration: 2h 15m,,True,2026-02-17T14:15:11.074516
2026-06-08,CAN,departure,16:05,IST Istanbul,CZ8089,China Southern,text,Duration: 11h 5m,,True,2026-02-17T14:15:11.074522
2026-06-08,CAN,departure,16:05,TSN Tianjin,CZ3135,China Southern,text,Duration: 3h 0m,,True,2026-02-17T14:15:11.074527
2026-06-08,CAN,departure,16:05,WUX Wuxi,ZH9829,Shenzhen Airlines,text,Duration: 2h 25m,,True,2026-02-17T14:15:11.074533
2026-06-08,CAN,departure,16:10,TAO Qingdao,CZ3573,China Southern,text,Duration: 3h 5m,,True,2026-02-17T14:15:11.074538
2026-06-08,CAN,departure,16:10,TYN Taiyuan,CZ3695,China Southern,text,Duration: 2h 40m,,True,2026-02-17T14:15:11.074544
2026-06-08,CAN,departure,16:15,LFQ Qiaoli,CZ8927,China Southern,text,Duration: 2h 50m,,True,2026-02-17T14:15:11.074549
2026-06-08,CAN,departure,16:15,YNT Yantai,CZ8777,China Southern,text,Duration: 3h 15m,,True,2026-02-17T14:15:11.074555
2026-06-08,CAN,departure,16:15,HAK Haikou,ZH8991,Shenzhen Airlines,text,Duration: 1h 25m,,True,2026-02-17T14:15:11.074560
2026-06-08,CAN,departure,16:20,SHA Shanghai,CA1829,Air China,text,Duration: 2h 20m,,True,2026-02-17T14:15:11.074566
2026-06-08,CAN,departure,16:20,CKG Chongqing,CZ3411,China Southern,text,Duration: 2h 20m,,True,2026-02-17T14:15:11.074571
2026-06-08,CAN,departure,16:20,INC Yinchuan,CZ5701,China Southern,text,Duration: 2h 55m,,True,2026-02-17T14:15:11.074577
2026-06-08,CAN,departure,16:20,HAN Hanoi,VN507,Vietnam Airlines,text,Duration: 2h 10m,,True,2026-02-17T14:15:11.074583
2026-06-08,CAN,departure,16:25,SWA Jieyang,CZ3892,China Southern,text,Duration: 1h 10m,,True,2026-02-17T14:15:11.074588
2026-06-08,CAN,departure,16:25,KMG Kunming,MU9690,China Eastern,text,Duration: 2h 30m,,True,2026-02-17T14:15:11.074594
2026-06-08,CAN,departure,16:30,HAK Haikou,CZ6778,China Southern,text,Duration: 1h 20m,,True,2026-02-17T14:15:11.074671
2026-06-08,CAN,departure,16:30,XNN Xining,CZ6241,China Southern,text,Duration: 3h 10m,,True,2026-02-17T14:15:11.074678
2026-06-08,CAN,departure,16:30,SHA Shanghai,MU5312,China Eastern,text,Duration: 2h 20m,,True,2026-02-17T14:15:11.074684
2026-06-08,CAN,departure,16:35,LHE Lahore,CZ6037,China Southern,text,Duration: 6h 10m,,True,2026-02-17T14:15:11.074690
2026-06-08,CAN,departure,16:35,LZG Langzhong,CZ5781,China Southern,text,Duration: 2h 25m,,True,2026-02-17T14:15:11.074696
2026-06-08,CAN,departure,16:35,WUH Wuhan,MU2541,China Eastern,text,Duration: 1h 50m,,True,2026-02-17T14:15:11.074701
2026-06-08,CAN,departure,16:40,PEK Beijing,CA1340,Air China,text,Duration: 3h 35m,,True,2026-02-17T14:15:11.074707
2026-06-08,CAN,departure,16:40,CZX Changzhou,CZ3899,China Southern,text,Duration: 2h 15m,,True,2026-02-17T14:15:11.074712
2026-06-08,CAN,departure,16:40,URC Urumqi,UQ2592,Urumqi Airlines,text,Duration: 5h 15m,,True,2026-02-17T14:15:11.074718
2026-06-08,CAN,departure,16:50,WUH Wuhan,CA8232,Air China,text,Duration: 1h 40m,,True,2026-02-17T14:15:11.074724
2026-06-08,CAN,departure,16:50,PEN Penang,CZ395,China Southern,text,Duration: 4h 10m,,True,2026-02-17T14:15:11.074729
2026-06-08,CAN,departure,16:50,WXN Wanxian,CZ8253,China Southern,text,Duration: 2h 10m,,True,2026-02-17T14:15:11.074735
2026-06-08,CAN,departure,16:50,YCU Yuncheng,CZ3921,China Southern,text,Duration: 2h 40m,,True,2026-02-17T14:15:11.074740
2026-06-08,CAN,departure,16:55,BKK Bangkok,CZ8019,China Southern,text,Duration: 3h 0m,,True,2026-02-17T14:15:11.074746
2026-06-08,CAN,departure,16:55,CSX Changsha,CZ3388,China Southern,text,Duration: 1h 35m,,True,2026-02-17T14:15:11.074751
2026-06-08,CAN,departure,16:55,KHN Nanchang,CZ8531,China Southern,text,Duration: 1h 40m,,True,2026-02-17T14:15:11.074757
2026-06-08,CAN,departure,16:55,SHE Shenyang,CZ6348,China Southern,text,Duration: 4h 0m,,True,2026-02-17T14:15:11.074762
2026-06-08,CAN,departure,16:55,YIW Yiwu,CZ3304,China Southern,text,Duration: 1h 55m,,True,2026-02-17T14:15:11.074768
2026-06-08,CAN,departure,16:55,WUX Wuxi,MU2918,China Eastern,text,Duration: 2h 25m,,True,2026-02-17T14:15:11.074774
2026-06-08,CAN,departure,16:55,CKG Chongqing,OQ2324,Chongqing Airlines,text,Duration: 2h 20m,,True,2026-02-17T14:15:11.074779
2026-06-08,CAN,departure,17:00,YBP Yibin,3U3053,Sichuan Airlines,text,Duration: 2h 5m,,True,2026-02-17T14:15:11.074784
2026-06-08,CAN,departure,17:00,PKX Beijing,CZ3113,China Southern,text,Duration: 3h 10m,,True,2026-02-17T14:15:11.074791
2026-06-08,CAN,departure,17:00,WUH Wuhan,CZ3346,China Southern,text,Duration: 1h 45m,,True,2026-02-17T14:15:11.074796
2026-06-08,CAN,departure,17:00,CGO Zhengzhou,HU7283,Hainan Airlines,text,Duration: 2h 25m,,True,2026-02-17T14:15:11.074802
2026-06-08,CAN,departure,17:00,HFE Hefei,ZH9989,Shenzhen Airlines,text,Duration: 2h 0m,,True,2026-02-17T14:15:11.074807
2026-06-08,CAN,departure,17:05,PKX Beijing,AQ1001,9 Air,text,Duration: 3h 10m,,True,2026-02-17T14:15:11.074813
2026-06-08,CAN,departure,17:05,CGO Zhengzhou,CZ3394,China Southern,text,Duration: 2h 25m,,True,2026-02-17T14:15:11.074818
2026-06-08,CAN,departure,17:05,FUG Fuyang,CZ3931,China Southern,text,Duration: 2h 5m,,True,2026-02-17T14:15:11.074824
2026-06-08,CAN,departure,17:05,XIY Xian,CZ3203,China Southern,text,Duration: 2h 40m,,True,2026-02-17T14:15:11.074830
2026-06-08,CAN,departure,17:05,NKG Nanjing,ZH9871,Shenzhen Airlines,text,Duration: 2h 25m,,True,2026-02-17T14:15:11.074835
2026-06-08,CAN,departure,17:10,TFU Chengdu,3U6704,Sichuan Airlines,text,Duration: 2h 5m,,True,2026-02-17T14:15:11.074841
2026-06-08,CAN,departure,17:10,HGH Hangzhou,CZ3829,China Southern,text,Duration: 2h 10m,,True,2026-02-17T14:15:11.074846
2026-06-08,CAN,departure,17:10,NKG Nanjing,CZ3697,China Southern,text,Duration: 2h 20m,,True,2026-02-17T14:15:11.074852
2026-06-08,CAN,departure,17:10,URC Urumqi,CZ6896,China Southern,text,Duration: 5h 20m,,True,2026-02-17T14:15:11.074857
2026-06-08,CAN,departure,17:10,YNT Yantai,ZH9675,Shenzhen Airlines,text,Duration: 3h 10m,,True,2026-02-17T14:15:11.074863
2026-06-08,CAN,departure,17:15,TFU Chengdu,CZ3475,China Southern,text,Duration: 2h 20m,,True,2026-02-17T14:15:11.074869
2026-06-08,CAN,departure,17:15,TNA Jinan,CZ3707,China Southern,text,Duration: 2h 55m,,True,2026-02-17T14:15:11.074875
2026-06-08,CAN,departure,17:15,NKG Nanjing,ZH9873,Shenzhen Airlines,text,Duration: 2h 5m,,True,2026-02-17T14:15:11.074881
2026-06-08,CAN,departure,17:20,ICN Seoul,CZ339,China Southern,text,Duration: 3h 30m,,True,2026-02-17T14:15:11.074887
2026-06-08,CAN,departure,17:20,TAO Qingdao,CZ3609,China Southern,text,Duration: 3h 5m,,True,2026-02-17T14:15:11.074892
2026-06-08,CAN,departure,17:20,TYN Taiyuan,CZ3951,China Southern,text,Duration: 2h 35m,,True,2026-02-17T14:15:11.074898
2026-06-08,CAN,departure,17:20,WNZ Wenzhou,CZ3809,China Southern,text,Duration: 1h 45m,,True,2026-02-17T14:15:11.074904
2026-06-08,CAN,departure,17:20,JHG Jinghong,OQ2105,Chongqing Airlines,text,Duration: 3h 10m,,True,2026-02-17T14:15:11.074910
2026-06-08,CAN,departure,17:25,DLC Dalian,CZ6458,China Southern,text,Duration: 3h 25m,,True,2026-02-17T14:15:11.074916
2026-06-08,CAN,departure,17:25,XFN Xiangyang,GJ8381,Loong Air,text,Duration: 2h 0m,,True,2026-02-17T14:15:11.074921
2026-06-08,CAN,departure,17:30,HGH Hangzhou,CA1794,Air China,text,Duration: 2h 25m,,True,2026-02-17T14:15:11.074927
2026-06-08,CAN,departure,17:30,TPE Taipei,CI522,China Airlines,text,Duration: 2h 10m,,True,2026-02-17T14:15:11.074932
2026-06-08,CAN,departure,17:30,HAN Hanoi,CZ8177,China Southern,text,Duration: 2h 10m,,True,2026-02-17T14:15:11.074938
2026-06-08,CAN,departure,17:30,RIZ Rizhao,CZ5160,China Southern,text,Duration: 2h 40m,,True,2026-02-17T14:15:11.074944
2026-06-08,CAN,departure,17:30,SHA Shanghai,MU5354,China Eastern,text,Duration: 2h 35m,,True,2026-02-17T14:15:11.074949
2026-06-08,CAN,departure,17:35,CKG Chongqing,CA4350,Air China,text,Duration: 2h 10m,,True,2026-02-17T14:15:11.075024
2026-06-08,CAN,departure,17:35,KUL Kuala Lumpur,CZ365,China Southern,text,Duration: 4h 15m,,True,2026-02-17T14:15:11.075032
2026-06-08,CAN,departure,17:35,YTY Yangzhou,ZH8909,Shenzhen Airlines,text,Duration: 2h 15m,,True,2026-02-17T14:15:11.075037
2026-06-08,CAN,departure,17:40,LUM Mangshi,MU9730,China Eastern,text,Duration: 3h 15m,,True,2026-02-17T14:15:11.075043
2026-06-08,CAN,departure,17:45,DXB Dubai,CZ383,China Southern,text,Duration: 9h 15m,,True,2026-02-17T14:15:11.075048
2026-06-08,CAN,departure,17:45,NKG Nanjing,MU2718,China Eastern,text,Duration: 2h 25m,,True,2026-02-17T14:15:11.075053
2026-06-08,CAN,departure,17:45,TAO Qingdao,SC4678,Shandong Airlines,text,Duration: 2h 55m,,True,2026-02-17T14:15:11.075059
2026-06-08,CAN,departure,17:50,KMG Kunming,CZ3499,China Southern,text,Duration: 2h 35m,,True,2026-02-17T14:15:11.075065
2026-06-08,CAN,departure,17:50,SUB Surabaya,CZ8137,China Southern,text,Duration: 5h 10m,,True,2026-02-17T14:15:11.075071
2026-06-08,CAN,departure,17:50,XFN Xiangyang,CZ3361,China Southern,text,Duration: 2h 15m,,True,2026-02-17T14:15:11.075076
2026-06-08,CAN,departure,17:50,HGH Hangzhou,MU5216,China Eastern,text,Duration: 2h 0m,,True,2026-02-17T14:15:11.075082
2026-06-08,CAN,departure,17:55,RUH Riyadh,CZ375,China Southern,text,Duration: 9h 10m,,True,2026-02-17T14:15:11.075087
2026-06-08,CAN,departure,17:55,YIH Yichang,CZ3299,China Southern,text,Duration: 1h 55m,,True,2026-02-17T14:15:11.075093
2026-06-08,CAN,departure,17:55,YIW Yiwu,CZ3635,China Southern,text,Duration: 2h 0m,,True,2026-02-17T14:15:11.075098
2026-06-08,CAN,departure,18:00,TFU Chengdu,CA4302,Air China,text,Duration: 2h 25m,,True,2026-02-17T14:15:11.075103
2026-06-08,CAN,departure,18:00,PKX Beijing,CZ3111,China Southern,text,Duration: 3h 5m,,True,2026-02-17T14:15:11.075109
2026-06-08,CAN,departure,18:00,PVG Shanghai,CZ8211,China Southern,text,Duration: 2h 30m,,True,2026-02-17T14:15:11.075114
2026-06-08,CAN,departure,18:00,TAO Qingdao,MU5258,China Eastern,text,Duration: 3h 10m,,True,2026-02-17T14:15:11.075120
2026-06-08,CAN,departure,18:05,SHA Shanghai,9C8856,Spring Airlines,text,Duration: 2h 5m,,True,2026-02-17T14:15:11.075125
2026-06-08,CAN,departure,18:05,NAO Nanchong,CZ3429,China Southern,text,Duration: 2h 15m,,True,2026-02-17T14:15:11.075130
2026-06-08,CAN,departure,18:05,YNZ Yancheng,CZ8215,China Southern,text,Duration: 2h 20m,,True,2026-02-17T14:15:11.075136
2026-06-08,CAN,departure,18:05,LHW Lanzhou,HU7253,Hainan Airlines,text,Duration: 3h 0m,,True,2026-02-17T14:15:11.075141
2026-06-08,CAN,departure,18:10,HGH Hangzhou,CZ3801,China Southern,text,Duration: 2h 10m,,True,2026-02-17T14:15:11.075146
2026-06-08,CAN,departure,18:10,WUX Wuxi,CZ3917,China Southern,text,Duration: 2h 15m,,True,2026-02-17T14:15:11.075151
2026-06-08,CAN,departure,18:15,CTU Chengdu,CZ3427,China Southern,text,Duration: 2h 25m,,True,2026-02-17T14:15:11.075157
2026-06-08,CAN,departure,18:15,DPS Denpasar,CZ625,China Southern,text,Duration: 5h 15m,,True,2026-02-17T14:15:11.075162
2026-06-08,CAN,departure,18:15,PEK Beijing,HU7812,Hainan Airlines,text,Duration: 3h 15m,,True,2026-02-17T14:15:11.075167
2026-06-08,CAN,departure,18:15,FOC Fuzhou,MF8348,XiamenAir,text,Duration: 1h 55m,,True,2026-02-17T14:15:11.075173
2026-06-08,CAN,departure,18:15,CKG Chongqing,OQ2340,Chongqing Airlines,text,Duration: 2h 45m,,True,2026-02-17T14:15:11.075179
2026-06-08,CAN,departure,18:20,SYX Sanya,CZ6744,China Southern,text,Duration: 1h 50m,,True,2026-02-17T14:15:11.075184
2026-06-08,CAN,departure,18:20,HGH Hangzhou,ZH9983,Shenzhen Airlines,text,Duration: 1h 55m,,True,2026-02-17T14:15:11.075189
2026-06-08,CAN,departure,18:25,PVG Shanghai,HO1870,Juneyao Airlines,text,Duration: 2h 35m,,True,2026-02-17T14:15:11.075195
2026-06-08,CAN,departure,18:25,HGH Hangzhou,HU7361,Hainan Airlines,text,Duration: 2h 5m,,True,2026-02-17T14:15:11.075200
2026-06-08,CAN,departure,18:25,XMN Xiamen,MF8388,XiamenAir,text,Duration: 1h 25m,,True,2026-02-17T14:15:11.075206
2026-06-08,CAN,departure,18:25,CKG Chongqing,MU6825,China Eastern,text,Duration: 2h 5m,,True,2026-02-17T14:15:11.075211
2026-06-08,CAN,departure,18:30,HAK Haikou,CZ6792,China Southern,text,Duration: 1h 35m,,True,2026-02-17T14:15:11.075216
2026-06-08,CAN,departure,18:30,SHA Shanghai,MU5314,China Eastern,text,Duration: 2h 30m,,True,2026-02-17T14:15:11.075222
2026-06-08,CAN,departure,18:35,SHE Shenyang,CZ6340,China Southern,text,Duration: 3h 55m,,True,2026-02-17T14:15:11.075227
2026-06-08,CAN,departure,18:40,PEK Beijing,CA1328,Air China,text,Duration: 3h 20m,,True,2026-02-17T14:15:11.075233
2026-06-08,CAN,departure,18:40,HRB Harbin,CZ8325,China Southern,text,Duration: 4h 20m,,True,2026-02-17T14:15:11.075238
2026-06-08,CAN,departure,18:40,NKG Nanjing,CZ3507,China Southern,text,Duration: 2h 20m,,True,2026-02-17T14:15:11.075244
2026-06-08,CAN,departure,18:50,KMG Kunming,MU5734,China Eastern,text,Duration: 2h 40m,,True,2026-02-17T14:15:11.075249
2026-06-08,CAN,departure,18:55,KMG Kunming,AQ1119,9 Air,text,Duration: 2h 50m,,True,2026-02-17T14:15:11.075255
2026-06-08,CAN,departure,18:55,HGH Hangzhou,CA1796,Air China,text,Duration: 2h 15m,,True,2026-02-17T14:15:11.075262
2026-06-08,CAN,departure,18:55,AQG Anqing,CZ3319,China Southern,text,Duration: 2h 0m,,True,2026-02-17T14:15:11.075267
2026-06-08,CAN,departure,18:55,HAK Haikou,HU7006,Hainan Airlines,text,Duration: 1h 40m,,True,2026-02-17T14:15:11.075273
2026-06-08,CAN,departure,19:00,HFE Hefei,CZ3817,China Southern,text,Duration: 2h 5m,,True,2026-02-17T14:15:11.075278
2026-06-08,CAN,departure,19:00,PEN Penang,CZ8073,China Southern,text,Duration: 3h 55m,,True,2026-02-17T14:15:11.075284
2026-06-08,CAN,departure,19:00,PKX Beijing,CZ3105,China Southern,text,Duration: 3h 10m,,True,2026-02-17T14:15:11.075289
2026-06-08,CAN,departure,19:05,CTU Chengdu,CA4334,Air China,text,Duration: 2h 55m,,True,2026-02-17T14:15:11.075294
2026-06-08,CAN,departure,19:05,KWE Guiyang,CZ6411,China Southern,text,Duration: 1h 50m,,True,2026-02-17T14:15:11.075373
2026-06-08,CAN,departure,19:05,CKG Chongqing,OQ2129,Chongqing Airlines,text,Duration: 2h 25m,,True,2026-02-17T14:15:11.075380
2026-06-08,CAN,departure,19:10,KMG Kunming,3U8206,Sichuan Airlines,text,Duration: 2h 20m,,True,2026-02-17T14:15:11.075386
2026-06-08,CAN,departure,19:10,HGH Hangzhou,CZ3819,China Southern,text,Duration: 2h 10m,,True,2026-02-17T14:15:11.075391
2026-06-08,CAN,departure,19:10,KMG Kunming,CZ3489,China Southern,text,Duration: 2h 30m,,True,2026-02-17T14:15:11.075397
2026-06-08,CAN,departure,19:10,CZX Changzhou,MU2948,China Eastern,text,Duration: 2h 10m,,True,2026-02-17T14:15:11.075403
2026-06-08,CAN,departure,19:15,CGK Jakarta,CZ387,China Southern,text,Duration: 5h 10m,,True,2026-02-17T14:15:11.075408
2026-06-08,CAN,departure,19:15,SHS Shashi,CZ6659,China Southern,text,Duration: 1h 50m,,True,2026-02-17T14:15:11.075414
2026-06-08,CAN,departure,19:15,URC Urumqi,CZ6884,China Southern,text,Duration: 5h 20m,,True,2026-02-17T14:15:11.075420
2026-06-08,CAN,departure,19:15,PEK Beijing,HU7814,Hainan Airlines,text,Duration: 3h 10m,,True,2026-02-17T14:15:11.075425
2026-06-08,CAN,departure,19:20,SYX Sanya,AQ1111,9 Air,text,Duration: 1h 35m,,True,2026-02-17T14:15:11.075431
2026-06-08,CAN,departure,19:20,TSN Tianjin,CA2804,Air China,text,Duration: 3h 15m,,True,2026-02-17T14:15:11.075436
2026-06-08,CAN,departure,19:20,DLC Dalian,CZ3608,China Southern,text,Duration: 3h 20m,,True,2026-02-17T14:15:11.075441
2026-06-08,CAN,departure,19:20,SYX Sanya,CZ6738,China Southern,text,Duration: 1h 35m,,True,2026-02-17T14:15:11.075447
2026-06-08,CAN,departure,19:20,WUH Wuhan,CZ659,China Southern,text,Duration: 1h 45m,,True,2026-02-17T14:15:11.075452
2026-06-08,CAN,departure,19:25,HGH Hangzhou,AQ1071,9 Air,text,Duration: 1h 55m,,True,2026-02-17T14:15:11.075458
2026-06-08,CAN,departure,19:25,NGB Ningbo,CZ3371,China Southern,text,Duration: 2h 5m,,True,2026-02-17T14:15:11.075463
2026-06-08,CAN,departure,19:25,SIN Singapore,CZ351,China Southern,text,Duration: 4h 5m,,True,2026-02-17T14:15:11.075469
2026-06-08,CAN,departure,19:25,XIY Xian,CZ3231,China Southern,text,Duration: 2h 40m,,True,2026-02-17T14:15:11.075474
2026-06-08,CAN,departure,19:30,DOH Doha,CZ333,China Southern,text,Duration: 8h 20m,,True,2026-02-17T14:15:11.075480
2026-06-08,CAN,departure,19:30,SHA Shanghai,FM9318,Shanghai Airlines,text,Duration: 2h 10m,,True,2026-02-17T14:15:11.075485
2026-06-08,CAN,departure,19:30,WUX Wuxi,ZH9831,Shenzhen Airlines,text,Duration: 2h 20m,,True,2026-02-17T14:15:11.075491
2026-06-08,CAN,departure,19:35,TFU Chengdu,3U6712,Sichuan Airlines,text,Duration: 2h 15m,,True,2026-02-17T14:15:11.075496
2026-06-08,CAN,departure,19:35,DAC Dhaka,CZ391,China Southern,text,Duration: 4h 15m,,True,2026-02-17T14:15:11.075501
2026-06-08,CAN,departure,19:35,HRB Harbin,CZ3905,China Southern,text,Duration: 4h 15m,,True,2026-02-17T14:15:11.075507
2026-06-08,CAN,departure,19:40,PEK Beijing,CA1302,Air China,text,Duration: 3h 15m,,True,2026-02-17T14:15:11.075513
2026-06-08,CAN,departure,19:40,PKX Beijing,MU6310,China Eastern,text,Duration: 3h 20m,,True,2026-02-17T14:15:11.075519
2026-06-08,CAN,departure,19:40,TFU Chengdu,MU6186,China Eastern,text,Duration: 2h 10m,,True,2026-02-17T14:15:11.075524
2026-06-08,CAN,departure,19:45,CGQ Changchun,CZ6852,China Southern,text,Duration: 4h 20m,,True,2026-02-17T14:15:11.075530
2026-06-08,CAN,departure,19:45,HET Hohhot,CZ3181,China Southern,text,Duration: 3h 10m,,True,2026-02-17T14:15:11.075536
2026-06-08,CAN,departure,19:45,CKG Chongqing,HU7241,Hainan Airlines,text,Duration: 2h 15m,,True,2026-02-17T14:15:11.075541
2026-06-08,CAN,departure,19:45,LHW Lanzhou,MU2306,China Eastern,text,Duration: 3h 5m,,True,2026-02-17T14:15:11.075547
2026-06-08,CAN,departure,19:55,CKG Chongqing,CA4342,Air China,text,Duration: 2h 10m,,True,2026-02-17T14:15:11.075552
2026-06-08,CAN,departure,19:55,WXN Wanxian,CA4390,Air China,text,Duration: 1h 55m,,True,2026-02-17T14:15:11.075558
2026-06-08,CAN,departure,19:55,KTM Kathmandu,CZ3067,China Southern,text,Duration: 4h 50m,,True,2026-02-17T14:15:11.075563
2026-06-08,CAN,departure,19:55,KUL Kuala Lumpur,CZ5035,China Southern,text,Duration: 4h 20m,,True,2026-02-17T14:15:11.075569
2026-06-08,CAN,departure,19:55,TYN Taiyuan,HU7249,Hainan Airlines,text,Duration: 2h 40m,,True,2026-02-17T14:15:11.075575
2026-06-08,CAN,departure,19:55,PKX Beijing,KN5322,China United Airlines,text,Duration: 2h 45m,,True,2026-02-17T14:15:11.075580
2026-06-08,CAN,departure,20:00,PKX Beijing,CZ3161,China Southern,text,Duration: 3h 10m,,True,2026-02-17T14:15:11.075586
2026-06-08,CAN,departure,20:00,SHA Shanghai,CZ3595,China Southern,text,Duration: 2h 20m,,True,2026-02-17T14:15:11.075591
2026-06-08,CAN,departure,20:00,TSN Tianjin,CZ3349,China Southern,text,Duration: 2h 55m,,True,2026-02-17T14:15:11.075597
2026-06-08,CAN,departure,20:00,PVG Shanghai,FM9320,Shanghai Airlines,text,Duration: 2h 20m,,True,2026-02-17T14:15:11.075603
2026-06-08,CAN,departure,20:00,XIY Xian,HU7858,Hainan Airlines,text,Duration: 2h 45m,,True,2026-02-17T14:15:11.075609
2026-06-08,CAN,departure,20:00,KTI Phnom Penh,KR936,Cambodia Airways,text,Duration: 2h 50m,,True,2026-02-17T14:15:11.075615
2026-06-08,CAN,departure,20:05,TFU Chengdu,3U6710,Sichuan Airlines,text,Duration: 2h 15m,,True,2026-02-17T14:15:11.075621
2026-06-08,CAN,departure,20:05,BKK Bangkok,CZ361,China Southern,text,Duration: 2h 55m,,True,2026-02-17T14:15:11.075627
2026-06-08,CAN,departure,20:05,FOC Fuzhou,CZ3647,China Southern,text,Duration: 1h 35m,,True,2026-02-17T14:15:11.075633
2026-06-08,CAN,departure,20:05,XMN Xiamen,CZ3805,China Southern,text,Duration: 1h 25m,,True,2026-02-17T14:15:11.075639
2026-06-08,CAN,departure,20:10,HGH Hangzhou,CZ3849,China Southern,text,Duration: 2h 15m,,True,2026-02-17T14:15:11.075645
2026-06-08,CAN,departure,20:10,NKG Nanjing,CZ3871,China Southern,text,Duration: 2h 20m,,True,2026-02-17T14:15:11.075650
2026-06-08,CAN,departure,20:10,WNZ Wenzhou,CZ3675,China Southern,text,Duration: 1h 45m,,True,2026-02-17T14:15:11.075750
2026-06-08,CAN,departure,20:10,TNA Jinan,SC1172,Shandong Airlines,text,Duration: 2h 50m,,True,2026-02-17T14:15:11.075758
2026-06-08,CAN,departure,20:15,CGD Changde,CZ3247,China Southern,text,Duration: 1h 30m,,True,2026-02-17T14:15:11.075764
2026-06-08,CAN,departure,20:15,CTU Chengdu,CZ3413,China Southern,text,Duration: 2h 25m,,True,2026-02-17T14:15:11.075770
2026-06-08,CAN,departure,20:15,SGN Ho Chi Minh City,CZ367,China Southern,text,Duration: 2h 45m,,True,2026-02-17T14:15:11.075777
2026-06-08,CAN,departure,20:15,SJW Shijiazhuang,CZ3131,China Southern,text,Duration: 2h 40m,,True,2026-02-17T14:15:11.075783
2026-06-08,CAN,departure,20:15,TYN Taiyuan,CZ3377,China Southern,text,Duration: 2h 40m,,True,2026-02-17T14:15:11.075788
2026-06-08,CAN,departure,20:15,SHA Shanghai,HO1868,Juneyao Airlines,text,Duration: 2h 10m,,True,2026-02-17T14:15:11.075794
2026-06-08,CAN,departure,20:15,LJG Lijiang,JD5131,Capital Airlines,text,Duration: 2h 35m,,True,2026-02-17T14:15:11.075800
2026-06-08,CAN,departure,20:15,TAO Qingdao,SC4676,Shandong Airlines,text,Duration: 2h 55m,,True,2026-02-17T14:15:11.075806
2026-06-08,CAN,departure,20:20,HAK Haikou,ZH8993,Shenzhen Airlines,text,Duration: 1h 35m,,True,2026-02-17T14:15:11.075811
2026-06-08,CAN,departure,20:25,CTU Chengdu,3U8740,Sichuan Airlines,text,Duration: 2h 35m,,True,2026-02-17T14:15:11.075817
2026-06-08,CAN,departure,20:25,XIY Xian,CZ3211,China Southern,text,Duration: 2h 40m,,True,2026-02-17T14:15:11.075823
2026-06-08,CAN,departure,20:25,PKX Beijing,JD5922,Capital Airlines,text,Duration: 3h 0m,,True,2026-02-17T14:15:11.075828
2026-06-08,CAN,departure,20:30,HAK Haikou,CZ6784,China Southern,text,Duration: 1h 40m,,True,2026-02-17T14:15:11.075833
2026-06-08,CAN,departure,20:30,LHW Lanzhou,CZ3251,China Southern,text,Duration: 3h 15m,,True,2026-02-17T14:15:11.075839
2026-06-08,CAN,departure,20:30,MNL Manila,CZ3077,China Southern,text,Duration: 2h 45m,,True,2026-02-17T14:15:11.075845
2026-06-08,CAN,departure,20:30,WUH Wuhan,CZ6589,China Southern,text,Duration: 1h 45m,,True,2026-02-17T14:15:11.075850
2026-06-08,CAN,departure,20:30,SHA Shanghai,MU5318,China Eastern,text,Duration: 2h 15m,,True,2026-02-17T14:15:11.075856
2026-06-08,CAN,departure,20:35,CKG Chongqing,CZ3439,China Southern,text,Duration: 2h 5m,,True,2026-02-17T14:15:11.075862
2026-06-08,CAN,departure,20:35,HIA Huai'an,CZ3995,China Southern,text,Duration: 2h 30m,,True,2026-02-17T14:15:11.075867
2026-06-08,CAN,departure,20:40,DMK Bangkok,AQ1279,9 Air,text,Duration: 3h 5m,,True,2026-02-17T14:15:11.075873
2026-06-08,CAN,departure,20:40,PEK Beijing,CA1366,Air China,text,Duration: 3h 15m,,True,2026-02-17T14:15:11.075879
2026-06-08,CAN,departure,20:40,LYI Linyi,CZ3991,China Southern,text,Duration: 2h 35m,,True,2026-02-17T14:15:11.075886
2026-06-08,CAN,departure,20:40,PVG Shanghai,HU7231,Hainan Airlines,text,Duration: 2h 20m,,True,2026-02-17T14:15:11.075892
2026-06-08,CAN,departure,20:45,NGB Ningbo,CZ3671,China Southern,text,Duration: 2h 0m,,True,2026-02-17T14:15:11.075898
2026-06-08,CAN,departure,20:50,TAO Qingdao,CZ3715,China Southern,text,Duration: 3h 5m,,True,2026-02-17T14:15:11.075904
2026-06-08,CAN,departure,20:50,PKX Beijing,MU6312,China Eastern,text,Duration: 3h 15m,,True,2026-02-17T14:15:11.075909
2026-06-08,CAN,departure,20:55,PVG Shanghai,CA1866,Air China,text,Duration: 2h 25m,,True,2026-02-17T14:15:11.075915
2026-06-08,CAN,departure,20:55,HGH Hangzhou,MU5218,China Eastern,text,Duration: 2h 15m,,True,2026-02-17T14:15:11.075921
2026-06-08,CAN,departure,21:00,CTU Chengdu,CA4304,Air China,text,Duration: 2h 30m,,True,2026-02-17T14:15:11.075927
2026-06-08,CAN,departure,21:00,DLC Dalian,CZ6468,China Southern,text,Duration: 3h 25m,,True,2026-02-17T14:15:11.075932
2026-06-08,CAN,departure,21:00,KUL Kuala Lumpur,CZ8071,China Southern,text,Duration: 4h 10m,,True,2026-02-17T14:15:11.075938
2026-06-08,CAN,departure,21:00,PKX Beijing,CZ3107,China Southern,text,Duration: 3h 10m,,True,2026-02-17T14:15:11.075943
2026-06-08,CAN,departure,21:00,SYD Sydney,CZ325,China Southern,text,Duration: 9h 25m,,True,2026-02-17T14:15:11.075949
2026-06-08,CAN,departure,21:00,HAK Haikou,HU7010,Hainan Airlines,text,Duration: 1h 30m,,True,2026-02-17T14:15:11.075954
2026-06-08,CAN,departure,21:00,TFU Chengdu,ZH9445,Shenzhen Airlines,text,Duration: 2h 25m,,True,2026-02-17T14:15:11.075960
2026-06-08,CAN,departure,21:05,SHE Shenyang,CZ3601,China Southern,text,Duration: 3h 50m,,True,2026-02-17T14:15:11.075965
2026-06-08,CAN,departure,21:05,NKG Nanjing,ZH9877,Shenzhen Airlines,text,Duration: 2h 10m,,True,2026-02-17T14:15:11.075970
2026-06-08,CAN,departure,21:05,XIY Xian,ZH9225,Shenzhen Airlines,text,Duration: 2h 30m,,True,2026-02-17T14:15:11.075976
2026-06-08,CAN,departure,21:10,BKI Kota Kinabalu,CZ8483,China Southern,text,Duration: 3h 20m,,True,2026-02-17T14:15:11.075983
2026-06-08,CAN,departure,21:10,TNA Jinan,CZ3663,China Southern,text,Duration: 2h 40m,,True,2026-02-17T14:15:11.075988
2026-06-08,CAN,departure,21:10,PKX Beijing,MF8340,XiamenAir,text,Duration: 3h 0m,,True,2026-02-17T14:15:11.075994
2026-06-08,CAN,departure,21:10,TNA Jinan,SC1176,Shandong Airlines,text,Duration: 2h 35m,,True,2026-02-17T14:15:11.075999
2026-06-08,CAN,departure,21:10,WUX Wuxi,ZH9833,Shenzhen Airlines,text,Duration: 2h 25m,,True,2026-02-17T14:15:11.076005
2026-06-08,CAN,departure,21:15,BNE Brisbane,CZ381,China Southern,text,Duration: 9h 0m,,True,2026-02-17T14:15:11.076010
2026-06-08,CAN,departure,21:15,PEK Beijing,HU7816,Hainan Airlines,text,Duration: 3h 0m,,True,2026-02-17T14:15:11.076016
2026-06-08,CAN,departure,21:15,NKG Nanjing,ZH9875,Shenzhen Airlines,text,Duration: 2h 40m,,True,2026-02-17T14:15:11.076021
2026-06-08,CAN,departure,21:20,MEL Melbourne,CZ321,China Southern,text,Duration: 9h 20m,,True,2026-02-17T14:15:11.076026
2026-06-08,CAN,departure,21:20,NNG Nanning,CZ3291,China Southern,text,Duration: 1h 45m,,True,2026-02-17T14:15:11.076032
2026-06-08,CAN,departure,21:20,KMG Kunming,KY8282,Kunming Airlines,text,Duration: 2h 45m,,True,2026-02-17T14:15:11.076171
2026-06-08,CAN,departure,21:20,TNA Jinan,SC1174,Shandong Airlines,text,Duration: 2h 50m,,True,2026-02-17T14:15:11.076179
2026-06-08,CAN,departure,21:25,VTE Vientiane,AQ1277,9 Air,text,Duration: 2h 25m,,True,2026-02-17T14:15:11.076184
2026-06-08,CAN,departure,21:25,XIY Xian,CZ3217,China Southern,text,Duration: 2h 50m,,True,2026-02-17T14:15:11.076190
2026-06-08,CAN,departure,21:25,HGH Hangzhou,MF8312,XiamenAir,text,Duration: 2h 15m,,True,2026-02-17T14:15:11.076196
2026-06-08,CAN,departure,21:30,KMG Kunming,8L9976,Lucky Air,text,Duration: 2h 45m,,True,2026-02-17T14:15:11.076202
2026-06-08,CAN,departure,21:30,CGO Zhengzhou,CZ3390,China Southern,text,Duration: 2h 25m,,True,2026-02-17T14:15:11.076207
2026-06-08,CAN,departure,21:30,HYN Taizhou,CZ8261,China Southern,text,Duration: 2h 0m,,True,2026-02-17T14:15:11.076213
2026-06-08,CAN,departure,21:30,LAX Los Angeles,CZ327,China Southern,text,Duration: 13h 10m,,True,2026-02-17T14:15:11.076220
2026-06-08,CAN,departure,21:30,SHA Shanghai,MU9200,China Eastern,text,Duration: 2h 25m,,True,2026-02-17T14:15:11.076225
2026-06-08,CAN,departure,21:35,SHA Shanghai,9C8932,Spring Airlines,text,Duration: 2h 15m,,True,2026-02-17T14:15:11.076235
2026-06-08,CAN,departure,21:40,KMG Kunming,CZ3419,China Southern,text,Duration: 2h 30m,,True,2026-02-17T14:15:11.076241
2026-06-08,CAN,departure,21:40,LZO Luzhou,CZ3949,China Southern,text,Duration: 2h 10m,,True,2026-02-17T14:15:11.076247
2026-06-08,CAN,departure,21:40,SHA Shanghai,HO1852,Juneyao Airlines,text,Duration: 2h 15m,,True,2026-02-17T14:15:11.076253
2026-06-08,CAN,departure,21:50,TNA Jinan,MU5260,China Eastern,text,Duration: 2h 40m,,True,2026-02-17T14:15:11.076259
2026-06-08,CAN,departure,22:00,KUL Kuala Lumpur,AK117,AirAsia,text,Duration: 4h 15m,,True,2026-02-17T14:15:11.076265
2026-06-08,CAN,departure,22:00,PVG Shanghai,CZ3586,China Southern,text,Duration: 2h 20m,,True,2026-02-17T14:15:11.076271
2026-06-08,CAN,departure,22:00,WNZ Wenzhou,CZ3769,China Southern,text,Duration: 1h 40m,,True,2026-02-17T14:15:11.076276
2026-06-08,CAN,departure,22:00,XUZ Xuzhou,CZ6281,China Southern,text,Duration: 2h 20m,,True,2026-02-17T14:15:11.076282
2026-06-08,CAN,departure,22:00,YIW Yiwu,CZ3886,China Southern,text,Duration: 1h 55m,,True,2026-02-17T14:15:11.076287
2026-06-08,CAN,departure,22:00,BEG Belgrade,JU989,Air Serbia,text,Duration: 12h 50m,,True,2026-02-17T14:15:11.076293
2026-06-08,CAN,departure,22:05,NNY Nanyang,CZ3383,China Southern,text,Duration: 2h 5m,,True,2026-02-17T14:15:11.076300
2026-06-08,CAN,departure,22:05,SYX Sanya,CZ6736,China Southern,text,Duration: 1h 45m,,True,2026-02-17T14:15:11.076306
2026-06-08,CAN,departure,22:05,NTG Nantong,ZH8695,Shenzhen Airlines,text,Duration: 2h 15m,,True,2026-02-17T14:15:11.076312
2026-06-08,CAN,departure,22:10,HAN Hanoi,CZ371,China Southern,text,Duration: 2h 5m,,True,2026-02-17T14:15:11.076317
2026-06-08,CAN,departure,22:10,HFE Hefei,CZ3815,China Southern,text,Duration: 2h 15m,,True,2026-02-17T14:15:11.076323
2026-06-08,CAN,departure,22:10,KHN Nanchang,CZ3343,China Southern,text,Duration: 1h 35m,,True,2026-02-17T14:15:11.076328
2026-06-08,CAN,departure,22:15,INC Yinchuan,CZ3253,China Southern,text,Duration: 2h 55m,,True,2026-02-17T14:15:11.076334
2026-06-08,CAN,departure,22:15,KTI Phnom Penh,CZ323,China Southern,text,Duration: 2h 55m,,True,2026-02-17T14:15:11.076340
2026-06-08,CAN,departure,22:15,KWE Guiyang,CZ3662,China Southern,text,Duration: 1h 40m,,True,2026-02-17T14:15:11.076346
2026-06-08,CAN,departure,22:15,SWA Jieyang,CZ3896,China Southern,text,Duration: 1h 15m,,True,2026-02-17T14:15:11.076351
2026-06-08,CAN,departure,22:15,CGO Zhengzhou,ZH8903,Shenzhen Airlines,text,Duration: 2h 20m,,True,2026-02-17T14:15:11.076357
2026-06-08,CAN,departure,22:20,HKG Hong Kong,CX989,Cathay Pacific,text,Duration: 1h 20m,,True,2026-02-17T14:15:11.076363
2026-06-08,CAN,departure,22:20,CZX Changzhou,CZ3993,China Southern,text,Duration: 2h 15m,,True,2026-02-17T14:15:11.076368
2026-06-08,CAN,departure,22:20,CKG Chongqing,OQ2326,Chongqing Airlines,text,Duration: 2h 10m,,True,2026-02-17T14:15:11.076374
2026-06-08,CAN,departure,22:25,YTY Yangzhou,CZ3957,China Southern,text,Duration: 2h 20m,,True,2026-02-17T14:15:11.076380
2026-06-08,CAN,departure,22:25,KMG Kunming,MU5740,China Eastern,text,Duration: 2h 30m,,True,2026-02-17T14:15:11.076385
2026-06-08,CAN,departure,22:30,HAK Haikou,CZ6788,China Southern,text,Duration: 1h 15m,,True,2026-02-17T14:15:11.076390
2026-06-08,CAN,departure,22:30,WUH Wuhan,CZ3367,China Southern,text,Duration: 1h 50m,,True,2026-02-17T14:15:11.076396
2026-06-08,CAN,departure,22:35,HGH Hangzhou,GJ8996,Loong Air,text,Duration: 2h 10m,,True,2026-02-17T14:15:11.076401
2026-06-08,CAN,departure,23:00,HGH Hangzhou,3U3154,Sichuan Airlines,text,Duration: 1h 50m,,True,2026-02-17T14:15:11.076406
2026-06-08,CAN,departure,23:00,CSX Changsha,CZ5592,China Southern,text,Duration: 1h 35m,,True,2026-02-17T14:15:11.076412
2026-06-08,CAN,departure,23:00,HAK Haikou,HU7012,Hainan Airlines,text,Duration: 1h 35m,,True,2026-02-17T14:15:11.076417
2026-06-08,CAN,departure,23:00,SYX Sanya,HU7310,Hainan Airlines,text,Duration: 1h 35m,,True,2026-02-17T14:15:11.076422
2026-06-08,CAN,departure,23:00,NKG Nanjing,MU9768,China Eastern,text,Duration: 2h 20m,,True,2026-02-17T14:15:11.076428
2026-06-08,CAN,departure,23:00,IST Istanbul,TK73,Turkish Airlines,text,Duration: 11h 30m,,True,2026-02-17T14:15:11.076433
2026-06-08,CAN,departure,23:05,CGO Zhengzhou,CZ3960,China Southern,text,Duration: 2h 20m,,True,2026-02-17T14:15:11.076438
2026-06-08,CAN,departure,23:05,SIN Singapore,CZ8489,China Southern,text,Duration: 4h 0m,,True,2026-02-17T14:15:11.076444
2026-06-08,CAN,departure,23:05,BKK Bangkok,MU2077,China Eastern,text,Duration: 3h 10m,,True,2026-02-17T14:15:11.076449
2026-06-08,CAN,departure,23:05,CGO Zhengzhou,PN6380,West Air (China),text,Duration: 2h 20m,,True,2026-02-17T14:15:11.076455
2026-06-08,CAN,departure,23:10,BHY Beihai,CZ3353,China Southern,text,Duration: 1h 25m,,True,2026-02-17T14:15:11.076557
2026-06-08,CAN,departure,23:10,CGD Changde,CZ3229,China Southern,text,Duration: 1h 30m,,True,2026-02-17T14:15:11.076564
2026-06-08,CAN,departure,23:10,TYN Taiyuan,MU9880,China Eastern,text,Duration: 2h 40m,,True,2026-02-17T14:15:11.076570
2026-06-08,CAN,departure,23:15,ZHA Zhanjiang,CZ3329,China Southern,text,Duration: 1h 10m,,True,2026-02-17T14:15:11.076577
2026-06-08,CAN,departure,23:20,CAI Cairo,MS959,EgyptAir,text,Duration: 10h 30m,,True,2026-02-17T14:15:11.076583
2026-06-08,CAN,departure,23:30,BAR Qionghai,AQ1145,9 Air,text,Duration: 1h 25m,,True,2026-02-17T14:15:11.076589
2026-06-08,CAN,departure,23:30,BKK Bangkok,AQ1265,9 Air,text,Duration: 2h 55m,,True,2026-02-17T14:15:11.076594
2026-06-08,CAN,departure,23:30,HAK Haikou,CZ6776,China Southern,text,Duration: 1h 25m,,True,2026-02-17T14:15:11.076600
2026-06-08,CAN,departure,23:30,XIY Xian,MU2304,China Eastern,text,Duration: 2h 25m,,True,2026-02-17T14:15:11.076606
2026-06-08,CAN,departure,23:30,JED Jeddah,SV883,Saudia,text,Duration: 9h 55m,,True,2026-02-17T14:15:11.076613
2026-06-08,CAN,departure,23:35,BKK Bangkok,CZ3035,China Southern,text,Duration: 2h 55m,,True,2026-02-17T14:15:11.076619
2026-06-08,CAN,departure,23:35,SGN Ho Chi Minh City,CZ6089,China Southern,text,Duration: 3h 0m,,True,2026-02-17T14:15:11.076628
2026-06-08,CAN,departure,23:40,CKG Chongqing,PN6206,West Air (China),text,Duration: 2h 15m,,True,2026-02-17T14:15:11.076634
2026-06-08,CAN,arrival,00:05,BKK Bangkok,CZ8020,China Southern,text,Duration: 3h 10m,,True,2026-02-17T14:16:31.874837
2026-06-08,CAN,arrival,00:05,XMN Xiamen,CZ3806,China Southern,text,Duration: 1h 35m,,True,2026-02-17T14:16:31.874851
2026-06-08,CAN,arrival,00:05,HET Hohhot,GJ8568,Loong Air,text,Duration: 3h 15m,,True,2026-02-17T14:16:31.874860
2026-06-08,CAN,arrival,00:05,HGH Hangzhou,HU7362,Hainan Airlines,text,Duration: 2h 20m,,True,2026-02-17T14:16:31.874868
2026-06-08,CAN,arrival,00:05,ICN Seoul,OZ357,Asiana,text,Duration: 3h 55m,,True,2026-02-17T14:16:31.874875
2026-06-08,CAN,arrival,00:10,NKG Nanjing,AQ1030,9 Air,text,Duration: 2h 40m,,True,2026-02-17T14:16:31.874883
2026-06-08,CAN,arrival,00:10,XIY Xian,HU7827,Hainan Airlines,text,Duration: 2h 40m,,True,2026-02-17T14:16:31.874890
2026-06-08,CAN,arrival,00:10,SHA Shanghai,MU5319,China Eastern,text,Duration: 2h 15m,,True,2026-02-17T14:16:31.874897
2026-06-08,CAN,arrival,00:15,NGB Ningbo,9C7750,Spring Airlines,text,Duration: 2h 40m,,True,2026-02-17T14:16:31.874904
2026-06-08,CAN,arrival,00:15,SHA Shanghai,CZ3582,China Southern,text,Duration: 2h 25m,,True,2026-02-17T14:16:31.874911
2026-06-08,CAN,arrival,00:15,HGH Hangzhou,GJ8859,Loong Air,text,Duration: 2h 25m,,True,2026-02-17T14:16:31.874918
2026-06-08,CAN,arrival,00:15,SHA Shanghai,HO1853,Juneyao Airlines,text,Duration: 2h 20m,,True,2026-02-17T14:16:31.874925
2026-06-08,CAN,arrival,00:15,SIN Singapore,SQ852,Singapore Airlines,text,Duration: 4h 25m,,True,2026-02-17T14:16:31.874932
2026-06-08,CAN,arrival,00:20,LYG Lianyungang,AQ1180,9 Air,text,Duration: 3h 0m,,True,2026-02-17T14:16:31.874939
2026-06-08,CAN,arrival,00:20,SYX Sanya,AQ1112,9 Air,text,Duration: 1h 50m,,True,2026-02-17T14:16:31.874946
2026-06-08,CAN,arrival,00:20,TSN Tianjin,BK2788,OkAir,text,Duration: 3h 5m,,True,2026-02-17T14:16:31.874953
2026-06-08,CAN,arrival,00:20,PEK Beijing,CA1329,Air China,text,Duration: 3h 20m,,True,2026-02-17T14:16:31.874960
2026-06-08,CAN,arrival,00:20,NKG Nanjing,CZ3508,China Southern,text,Duration: 2h 20m,,True,2026-02-17T14:16:31.874967
2026-06-08,CAN,arrival,00:20,HAK Haikou,ZH8994,Shenzhen Airlines,text,Duration: 1h 15m,,True,2026-02-17T14:16:31.874974
2026-06-08,CAN,arrival,00:25,SHA Shanghai,9C6883,Spring Airlines,text,Duration: 2h 40m,,True,2026-02-17T14:16:31.874981
2026-06-08,CAN,arrival,00:25,HFE Hefei,CZ3818,China Southern,text,Duration: 2h 20m,,True,2026-02-17T14:16:31.874988
2026-06-08,CAN,arrival,00:25,PVG Shanghai,CZ8212,China Southern,text,Duration: 2h 30m,,True,2026-02-17T14:16:31.874996
2026-06-08,CAN,arrival,00:25,ENH Enshi,GJ6032,Loong Air,text,Duration: 1h 50m,,True,2026-02-17T14:16:31.875003
2026-06-08,CAN,arrival,00:25,CKG Chongqing,OQ2130,Chongqing Airlines,text,Duration: 1h 50m,,True,2026-02-17T14:16:31.875010
2026-06-08,CAN,arrival,00:30,KUL Kuala Lumpur,AK118,AirAsia,text,Duration: 4h 15m,,True,2026-02-17T14:16:31.875017
2026-06-08,CAN,arrival,00:30,PKX Beijing,CA8678,Air China,text,Duration: 3h 15m,,True,2026-02-17T14:16:31.875025
2026-06-08,CAN,arrival,00:30,CTU Chengdu,CZ3428,China Southern,text,Duration: 2h 30m,,True,2026-02-17T14:16:31.875032
2026-06-08,CAN,arrival,00:30,FOC Fuzhou,CZ3648,China Southern,text,Duration: 2h 0m,,True,2026-02-17T14:16:31.875039
2026-06-08,CAN,arrival,00:30,TFU Chengdu,JD5162,Capital Airlines,text,Duration: 2h 0m,,True,2026-02-17T14:16:31.875046
2026-06-08,CAN,arrival,00:35,JHG Jinghong,AQ1042,9 Air,text,Duration: 2h 25m,,True,2026-02-17T14:16:31.875053
2026-06-08,CAN,arrival,00:40,PKX Beijing,AQ1002,9 Air,text,Duration: 3h 20m,,True,2026-02-17T14:16:31.875060
2026-06-08,CAN,arrival,00:40,WXN Wanxian,CA4389,Air China,text,Duration: 2h 5m,,True,2026-02-17T14:16:31.875067
2026-06-08,CAN,arrival,00:40,NGB Ningbo,CZ3372,China Southern,text,Duration: 2h 20m,,True,2026-02-17T14:16:31.875074
2026-06-08,CAN,arrival,00:40,TAO Qingdao,CZ3610,China Southern,text,Duration: 3h 15m,,True,2026-02-17T14:16:31.875081
2026-06-08,CAN,arrival,00:40,CGO Zhengzhou,GJ8584,Loong Air,text,Duration: 2h 40m,,True,2026-02-17T14:16:31.875088
2026-06-08,CAN,arrival,00:40,HGH Hangzhou,JD5270,Capital Airlines,text,Duration: 2h 30m,,True,2026-02-17T14:16:31.875095
2026-06-08,CAN,arrival,00:40,DIG Diqing,MU5773,China Eastern,text,Duration: 3h 0m,,True,2026-02-17T14:16:31.875102
2026-06-08,CAN,arrival,00:40,WUX Wuxi,MU2907,China Eastern,text,Duration: 2h 20m,,True,2026-02-17T14:16:31.875109
2026-06-08,CAN,arrival,00:45,CNX Chiang Mai,9C8934,Spring Airlines,text,Duration: 2h 35m,,True,2026-02-17T14:16:31.875116
2026-06-08,CAN,arrival,00:45,WNZ Wenzhou,CZ3676,China Southern,text,Duration: 2h 0m,,True,2026-02-17T14:16:31.875123
2026-06-08,CAN,arrival,00:50,KMG Kunming,AQ1120,9 Air,text,Duration: 1h 55m,,True,2026-02-17T14:16:31.875130
2026-06-08,CAN,arrival,00:50,SZH Shuozhou,AQ1724,9 Air,text,Duration: 3h 30m,,True,2026-02-17T14:16:31.875137
2026-06-08,CAN,arrival,00:50,WNZ Wenzhou,AQ1132,9 Air,text,Duration: 2h 20m,,True,2026-02-17T14:16:31.875144
2026-06-08,CAN,arrival,00:50,PKX Beijing,CZ3114,China Southern,text,Duration: 3h 20m,,True,2026-02-17T14:16:31.875151
2026-06-08,CAN,arrival,00:50,PVG Shanghai,MU5313,China Eastern,text,Duration: 2h 30m,,True,2026-02-17T14:16:31.875158
2026-06-08,CAN,arrival,00:55,HRB Harbin,CZ3624,China Southern,text,Duration: 4h 40m,,True,2026-02-17T14:16:31.875164
2026-06-08,CAN,arrival,00:55,KMG Kunming,CZ3490,China Southern,text,Duration: 2h 10m,,True,2026-02-17T14:16:31.875171
2026-06-08,CAN,arrival,00:55,LHW Lanzhou,HU7254,Hainan Airlines,text,Duration: 3h 0m,,True,2026-02-17T14:16:31.875178
2026-06-08,CAN,arrival,00:55,TSN Tianjin,JD5186,Capital Airlines,text,Duration: 3h 5m,,True,2026-02-17T14:16:31.875184
2026-06-08,CAN,arrival,01:00,DPS Denpasar,8B969,TransNusa,text,Duration: 5h 20m,,True,2026-02-17T14:16:31.875191
2026-06-08,CAN,arrival,01:00,HGH Hangzhou,AQ1072,9 Air,text,Duration: 2h 35m,,True,2026-02-17T14:16:31.875310
2026-06-08,CAN,arrival,01:05,MDC Manado,8B167,TransNusa,text,Duration: 4h 0m,,True,2026-02-17T14:16:31.875320
2026-06-08,CAN,arrival,01:05,XIY Xian,AQ1106,9 Air,text,Duration: 2h 50m,,True,2026-02-17T14:16:31.875328
2026-06-08,CAN,arrival,01:10,URC Urumqi,HU7224,Hainan Airlines,text,Duration: 5h 10m,,True,2026-02-17T14:16:31.875335
2026-06-08,CAN,arrival,01:10,XIY Xian,MU6956,China Eastern,text,Duration: 2h 40m,,True,2026-02-17T14:16:31.875342
2026-06-08,CAN,arrival,01:15,CGO Zhengzhou,AQ1174,9 Air,text,Duration: 2h 30m,,True,2026-02-17T14:16:31.875349
2026-06-08,CAN,arrival,01:15,XUZ Xuzhou,GJ8060,Loong Air,text,Duration: 2h 35m,,True,2026-02-17T14:16:31.875356
2026-06-08,CAN,arrival,01:15,PKX Beijing,MU6311,China Eastern,text,Duration: 3h 25m,,True,2026-02-17T14:16:31.875363
2026-06-08,CAN,arrival,01:20,HFE Hefei,HU7204,Hainan Airlines,text,Duration: 2h 25m,,True,2026-02-17T14:16:31.875370
2026-06-08,CAN,arrival,01:20,LJG Lijiang,JD5132,Capital Airlines,text,Duration: 2h 30m,,True,2026-02-17T14:16:31.875377
2026-06-08,CAN,arrival,01:25,CGK Jakarta,8B860,TransNusa,text,Duration: 5h 15m,,True,2026-02-17T14:16:31.875384
2026-06-08,CAN,arrival,01:25,KMG Kunming,MU6824,China Eastern,text,Duration: 2h 5m,,True,2026-02-17T14:16:31.875390
2026-06-08,CAN,arrival,01:30,KMG Kunming,MU5733,China Eastern,text,Duration: 2h 10m,,True,2026-02-17T14:16:31.875397
2026-06-08,CAN,arrival,01:30,SGN Ho Chi Minh City,VJ3908,VietJet,text,Duration: 2h 45m,,True,2026-02-17T14:16:31.875405
2026-06-08,CAN,arrival,01:35,JGN Jiayuguan,AQ1160,9 Air,text,Duration: 3h 40m,,True,2026-02-17T14:16:31.875412
2026-06-08,CAN,arrival,01:40,DMK Bangkok,SL900,Thai Lion Air,text,Duration: 3h 0m,,True,2026-02-17T14:16:31.875420
2026-06-08,CAN,arrival,01:55,CKG Chongqing,CZ3440,China Southern,text,Duration: 2h 5m,,True,2026-02-17T14:16:31.875427
2026-06-08,CAN,arrival,01:55,XIY Xian,CZ3218,China Southern,text,Duration: 2h 45m,,True,2026-02-17T14:16:31.875434
2026-06-08,CAN,arrival,02:00,BKK Bangkok,9C7420,Spring Airlines,text,Duration: 3h 5m,,True,2026-02-17T14:16:31.875440
2026-06-08,CAN,arrival,02:00,KTI Phnom Penh,9C7008,Spring Airlines,text,Duration: 3h 5m,,True,2026-02-17T14:16:31.875447
2026-06-08,CAN,arrival,02:00,JHB Johor Bharu,AK1394,AirAsia,text,Duration: 4h 0m,,True,2026-02-17T14:16:31.875454
2026-06-08,CAN,arrival,02:10,KUL Kuala Lumpur,OD612,Batik Air,text,Duration: 4h 15m,,True,2026-02-17T14:16:31.875461
2026-06-08,CAN,arrival,02:15,HAN Hanoi,VJ7526,VietJet,text,Duration: 1h 40m,,True,2026-02-17T14:16:31.875468
2026-06-08,CAN,arrival,02:20,HKG Hong Kong,CX950,Cathay Pacific,text,Duration: 1h 5m,,True,2026-02-17T14:16:31.875474
2026-06-08,CAN,arrival,02:30,BGW Baghdad,IA473,Iraqi Airways,text,Duration: 8h 30m,,True,2026-02-17T14:16:31.875481
2026-06-08,CAN,arrival,02:50,KTI Phnom Penh,KR937,Cambodia Airways,text,Duration: 2h 55m,,True,2026-02-17T14:16:31.875487
2026-06-08,CAN,arrival,03:05,VTE Vientiane,AQ1278,9 Air,text,Duration: 2h 15m,,True,2026-02-17T14:16:31.875494
2026-06-08,CAN,arrival,03:15,TAS Tashkent,C6511,Centrum Air,text,Duration: 6h 55m,,True,2026-02-17T14:16:31.875502
2026-06-08,CAN,arrival,03:45,CCU Kolkata,6E1703,IndiGo,text,Duration: 3h 35m,,True,2026-02-17T14:16:31.875508
2026-06-08,CAN,arrival,03:50,DAC Dhaka,BS325,US-Bangla Airlines,text,Duration: 3h 40m,,True,2026-02-17T14:16:31.875515
2026-06-08,CAN,arrival,04:00,DEL Delhi,6E1701,IndiGo,text,Duration: 4h 35m,,True,2026-02-17T14:16:31.875522
2026-06-08,CAN,arrival,04:00,BEG Belgrade,CZ668,China Southern,text,Duration: 11h 0m,,True,2026-02-17T14:16:31.875529
2026-06-08,CAN,arrival,04:00,KTI Phnom Penh,K6610,Air Cambodia,text,Duration: 3h 10m,,True,2026-02-17T14:16:31.875537
2026-06-08,CAN,arrival,04:05,PEN Penang,CZ8074,China Southern,text,Duration: 4h 0m,,True,2026-02-17T14:16:31.875543
2026-06-08,CAN,arrival,04:45,KUL Kuala Lumpur,AK114,AirAsia,text,Duration: 4h 15m,,True,2026-02-17T14:16:31.875551
2026-06-08,CAN,arrival,05:00,DAC Dhaka,CZ392,China Southern,text,Duration: 3h 45m,,True,2026-02-17T14:16:31.875557
2026-06-08,CAN,arrival,05:00,MEL Melbourne,CZ344,China Southern,text,Duration: 10h 0m,,True,2026-02-17T14:16:31.875565
2026-06-08,CAN,arrival,05:00,YYZ Toronto,CZ312,China Southern,text,Duration: 15h 30m,,True,2026-02-17T14:16:31.875571
2026-06-08,CAN,arrival,05:15,BKI Kota Kinabalu,CZ8484,China Southern,text,Duration: 3h 30m,,True,2026-02-17T14:16:31.875579
2026-06-08,CAN,arrival,05:25,AKL Auckland,CZ306,China Southern,text,Duration: 12h 0m,,True,2026-02-17T14:16:31.875586
2026-06-08,CAN,arrival,05:25,SYD Sydney,CZ302,China Southern,text,Duration: 9h 40m,,True,2026-02-17T14:16:31.875593
2026-06-08,CAN,arrival,05:45,KUL Kuala Lumpur,CZ5036,China Southern,text,Duration: 4h 25m,,True,2026-02-17T14:16:31.875600
2026-06-08,CAN,arrival,05:50,CDG Paris,CZ348,China Southern,text,Duration: 11h 40m,,True,2026-02-17T14:16:31.875606
2026-06-08,CAN,arrival,05:50,DPS Denpasar,CZ626,China Southern,text,Duration: 5h 20m,,True,2026-02-17T14:16:31.875614
2026-06-08,CAN,arrival,06:00,BNE Brisbane,CZ636,China Southern,text,Duration: 9h 0m,,True,2026-02-17T14:16:31.875620
2026-06-08,CAN,arrival,06:15,LHE Lahore,CZ6038,China Southern,text,Duration: 5h 30m,,True,2026-02-17T14:16:31.875627
2026-06-08,CAN,arrival,06:15,SFO San Francisco,CZ658,China Southern,text,Duration: 14h 40m,,True,2026-02-17T14:16:31.875634
2026-06-08,CAN,arrival,06:20,BKK Bangkok,AQ1266,9 Air,text,Duration: 2h 50m,,True,2026-02-17T14:16:31.875641
2026-06-08,CAN,arrival,06:20,ISB Islamabad,CZ8070,China Southern,text,Duration: 5h 45m,,True,2026-02-17T14:16:31.875648
2026-06-08,CAN,arrival,06:20,KTM Kathmandu,CZ3068,China Southern,text,Duration: 4h 35m,,True,2026-02-17T14:16:31.875654
2026-06-08,CAN,arrival,06:30,SGN Ho Chi Minh City,CZ6090,China Southern,text,Duration: 2h 55m,,True,2026-02-17T14:16:31.875765
2026-06-08,CAN,arrival,06:35,KUL Kuala Lumpur,CZ8072,China Southern,text,Duration: 4h 15m,,True,2026-02-17T14:16:31.875775
2026-06-08,CAN,arrival,06:35,SVO Moscow,CZ8028,China Southern,text,Duration: 9h 40m,,True,2026-02-17T14:16:31.875782
2026-06-08,CAN,arrival,06:40,AMS Amsterdam,CZ308,China Southern,text,Duration: 11h 20m,,True,2026-02-17T14:16:31.875790
2026-06-08,CAN,arrival,06:55,BKK Bangkok,CZ3036,China Southern,text,Duration: 2h 55m,,True,2026-02-17T14:16:31.875797
2026-06-08,CAN,arrival,06:55,IST Istanbul,CZ8066,China Southern,text,Duration: 9h 55m,,True,2026-02-17T14:16:31.875804
2026-06-08,CAN,arrival,07:35,BSZ Bishkek,CZ8148,China Southern,text,Duration: 6h 15m,,True,2026-02-17T14:16:31.875811
2026-06-08,CAN,arrival,07:45,DXB Dubai,CZ8058,China Southern,text,Duration: 7h 50m,,True,2026-02-17T14:16:31.875818
2026-06-08,CAN,arrival,07:50,BKK Bangkok,MU2078,China Eastern,text,Duration: 3h 50m,,True,2026-02-17T14:16:31.875825
2026-06-08,CAN,arrival,07:55,HAK Haikou,HU7001,Hainan Airlines,text,Duration: 1h 25m,,True,2026-02-17T14:16:31.875832
2026-06-08,CAN,arrival,08:15,SIN Singapore,CZ8490,China Southern,text,Duration: 4h 20m,,True,2026-02-17T14:16:31.875839
2026-06-08,CAN,arrival,08:20,HAK Haikou,CZ6773,China Southern,text,Duration: 1h 20m,,True,2026-02-17T14:16:31.875846
2026-06-08,CAN,arrival,08:25,ZHA Zhanjiang,CZ3330,China Southern,text,Duration: 1h 15m,,True,2026-02-17T14:16:31.875853
2026-06-08,CAN,arrival,08:30,CGD Changde,CZ3230,China Southern,text,Duration: 1h 30m,,True,2026-02-17T14:16:31.875860
2026-06-08,CAN,arrival,08:30,CGO Zhengzhou,PN6381,West Air (China),text,Duration: 2h 25m,,True,2026-02-17T14:16:31.875868
2026-06-08,CAN,arrival,08:35,SYX Sanya,HU7307,Hainan Airlines,text,Duration: 1h 45m,,True,2026-02-17T14:16:31.875875
2026-06-08,CAN,arrival,08:40,BAR Qionghai,AQ1146,9 Air,text,Duration: 1h 30m,,True,2026-02-17T14:16:31.875881
2026-06-08,CAN,arrival,08:45,BHY Beihai,CZ3354,China Southern,text,Duration: 1h 30m,,True,2026-02-17T14:16:31.875889
2026-06-08,CAN,arrival,08:45,SWA Jieyang,CZ3895,China Southern,text,Duration: 1h 15m,,True,2026-02-17T14:16:31.875896
2026-06-08,CAN,arrival,08:45,HAK Haikou,HU7003,Hainan Airlines,text,Duration: 1h 15m,,True,2026-02-17T14:16:31.875902
2026-06-08,CAN,arrival,08:45,WNZ Wenzhou,ZH9962,Shenzhen Airlines,text,Duration: 2h 0m,,True,2026-02-17T14:16:31.875910
2026-06-08,CAN,arrival,08:50,HIA Huai'an,CZ3996,China Southern,text,Duration: 2h 25m,,True,2026-02-17T14:16:31.875917
2026-06-08,CAN,arrival,08:50,KHN Nanchang,CZ3344,China Southern,text,Duration: 1h 35m,,True,2026-02-17T14:16:31.875924
2026-06-08,CAN,arrival,08:50,SYX Sanya,CZ6731,China Southern,text,Duration: 1h 45m,,True,2026-02-17T14:16:31.875930
2026-06-08,CAN,arrival,08:55,HKG Hong Kong,CX982,Cathay Pacific,text,Duration: 1h 5m,,True,2026-02-17T14:16:31.875936
2026-06-08,CAN,arrival,08:55,NNG Nanning,CZ3292,China Southern,text,Duration: 1h 30m,,True,2026-02-17T14:16:31.875942
2026-06-08,CAN,arrival,08:55,XUZ Xuzhou,CZ6282,China Southern,text,Duration: 2h 25m,,True,2026-02-17T14:16:31.875947
2026-06-08,CAN,arrival,08:55,CGO Zhengzhou,ZH8904,Shenzhen Airlines,text,Duration: 2h 15m,,True,2026-02-17T14:16:31.875953
2026-06-08,CAN,arrival,09:05,XMN Xiamen,MF8305,XiamenAir,text,Duration: 1h 35m,,True,2026-02-17T14:16:31.875958
2026-06-08,CAN,arrival,09:15,KUL Kuala Lumpur,AK112,AirAsia,text,Duration: 4h 15m,,True,2026-02-17T14:16:31.875964
2026-06-08,CAN,arrival,09:15,PVG Shanghai,CZ3549,China Southern,text,Duration: 2h 20m,,True,2026-02-17T14:16:31.875970
2026-06-08,CAN,arrival,09:20,CTU Chengdu,3U8737,Sichuan Airlines,text,Duration: 2h 20m,,True,2026-02-17T14:16:31.875976
2026-06-08,CAN,arrival,09:20,HGH Hangzhou,CA1789,Air China,text,Duration: 2h 5m,,True,2026-02-17T14:16:31.875981
2026-06-08,CAN,arrival,09:20,KWE Guiyang,CZ3661,China Southern,text,Duration: 1h 35m,,True,2026-02-17T14:16:31.875987
2026-06-08,CAN,arrival,09:20,WUH Wuhan,MU2542,China Eastern,text,Duration: 1h 40m,,True,2026-02-17T14:16:31.875993
2026-06-08,CAN,arrival,09:25,SIN Singapore,TR100,Scoot,text,Duration: 4h 10m,,True,2026-02-17T14:16:31.875999
2026-06-08,CAN,arrival,09:30,PVG Shanghai,HO1855,Juneyao Airlines,text,Duration: 2h 30m,,True,2026-02-17T14:16:31.876005
2026-06-08,CAN,arrival,09:30,CKG Chongqing,OQ2323,Chongqing Airlines,text,Duration: 2h 0m,,True,2026-02-17T14:16:31.876011
2026-06-08,CAN,arrival,09:30,SVO Moscow,SU220,Aeroflot,text,Duration: 9h 15m,,True,2026-02-17T14:16:31.876017
2026-06-08,CAN,arrival,09:35,LYI Linyi,CZ3992,China Southern,text,Duration: 2h 35m,,True,2026-02-17T14:16:31.876023
2026-06-08,CAN,arrival,09:35,HFE Hefei,MU5287,China Eastern,text,Duration: 2h 10m,,True,2026-02-17T14:16:31.876029
2026-06-08,CAN,arrival,09:40,CSX Changsha,CZ3387,China Southern,text,Duration: 1h 40m,,True,2026-02-17T14:16:31.876034
2026-06-08,CAN,arrival,09:40,NNY Nanyang,CZ3384,China Southern,text,Duration: 2h 10m,,True,2026-02-17T14:16:31.876040
2026-06-08,CAN,arrival,09:40,CTU Chengdu,EU2235,Chengdu Airlines,text,Duration: 2h 5m,,True,2026-02-17T14:16:31.876046
2026-06-08,CAN,arrival,09:40,WUX Wuxi,ZH9834,Shenzhen Airlines,text,Duration: 2h 30m,,True,2026-02-17T14:16:31.876052
2026-06-08,CAN,arrival,09:45,KMG Kunming,CZ3420,China Southern,text,Duration: 2h 0m,,True,2026-02-17T14:16:31.876058
2026-06-08,CAN,arrival,09:45,NGB Ningbo,CZ3672,China Southern,text,Duration: 2h 15m,,True,2026-02-17T14:16:31.876063
2026-06-08,CAN,arrival,09:45,RUH Riyadh,CZ376,China Southern,text,Duration: 8h 40m,,True,2026-02-17T14:16:31.876070
2026-06-08,CAN,arrival,09:45,WNZ Wenzhou,CZ3770,China Southern,text,Duration: 1h 55m,,True,2026-02-17T14:16:31.876075
2026-06-08,CAN,arrival,09:45,YIW Yiwu,CZ3796,China Southern,text,Duration: 2h 5m,,True,2026-02-17T14:16:31.876082
2026-06-08,CAN,arrival,09:45,NKG Nanjing,MU2817,China Eastern,text,Duration: 2h 20m,,True,2026-02-17T14:16:31.876167
2026-06-08,CAN,arrival,09:45,NKG Nanjing,ZH9878,Shenzhen Airlines,text,Duration: 2h 25m,,True,2026-02-17T14:16:31.876175
2026-06-08,CAN,arrival,09:50,SHA Shanghai,9C8835,Spring Airlines,text,Duration: 2h 25m,,True,2026-02-17T14:16:31.876181
2026-06-08,CAN,arrival,09:50,CZX Changzhou,CZ3994,China Southern,text,Duration: 2h 25m,,True,2026-02-17T14:16:31.876186
2026-06-08,CAN,arrival,09:50,HYN Taizhou,CZ8262,China Southern,text,Duration: 2h 10m,,True,2026-02-17T14:16:31.876192
2026-06-08,CAN,arrival,09:50,LZO Luzhou,CZ3950,China Southern,text,Duration: 2h 5m,,True,2026-02-17T14:16:31.876199
2026-06-08,CAN,arrival,09:50,NKG Nanjing,ZH9876,Shenzhen Airlines,text,Duration: 2h 25m,,True,2026-02-17T14:16:31.876205
2026-06-08,CAN,arrival,09:50,NTG Nantong,ZH8696,Shenzhen Airlines,text,Duration: 2h 35m,,True,2026-02-17T14:16:31.876211
2026-06-08,CAN,arrival,09:55,YTY Yangzhou,CZ3958,China Southern,text,Duration: 2h 30m,,True,2026-02-17T14:16:31.876217
2026-06-08,CAN,arrival,09:55,HGH Hangzhou,HU7262,Hainan Airlines,text,Duration: 2h 10m,,True,2026-02-17T14:16:31.876222
2026-06-08,CAN,arrival,09:55,HGH Hangzhou,HU7462,Hainan Airlines,text,Duration: 2h 20m,,True,2026-02-17T14:16:31.876228
2026-06-08,CAN,arrival,09:55,FOC Fuzhou,MF8323,XiamenAir,text,Duration: 1h 55m,,True,2026-02-17T14:16:31.876233
2026-06-08,CAN,arrival,10:00,CTU Chengdu,TV9765,Tibet Airlines,text,Duration: 2h 20m,,True,2026-02-17T14:16:31.876239
2026-06-08,CAN,arrival,10:05,HGH Hangzhou,MU5211,China Eastern,text,Duration: 1h 50m,,True,2026-02-17T14:16:31.876245
2026-06-08,CAN,arrival,10:10,KMG Kunming,MU5731,China Eastern,text,Duration: 2h 5m,,True,2026-02-17T14:16:31.876251
2026-06-08,CAN,arrival,10:15,CKG Chongqing,CA4361,Air China,text,Duration: 2h 15m,,True,2026-02-17T14:16:31.876257
2026-06-08,CAN,arrival,10:15,HFE Hefei,CZ3816,China Southern,text,Duration: 2h 10m,,True,2026-02-17T14:16:31.876262
2026-06-08,CAN,arrival,10:15,XIY Xian,ZH9226,Shenzhen Airlines,text,Duration: 2h 45m,,True,2026-02-17T14:16:31.876269
2026-06-08,CAN,arrival,10:20,WNZ Wenzhou,CA8351,Air China,text,Duration: 1h 55m,,True,2026-02-17T14:16:31.876274
2026-06-08,CAN,arrival,10:20,WUH Wuhan,CZ3368,China Southern,text,Duration: 1h 50m,,True,2026-02-17T14:16:31.876280
2026-06-08,CAN,arrival,10:20,KMG Kunming,KY8279,Kunming Airlines,text,Duration: 2h 0m,,True,2026-02-17T14:16:31.876285
2026-06-08,CAN,arrival,10:25,TFU Chengdu,3U6701,Sichuan Airlines,text,Duration: 2h 25m,,True,2026-02-17T14:16:31.876291
2026-06-08,CAN,arrival,10:25,PEK Beijing,CA1359,Air China,text,Duration: 3h 25m,,True,2026-02-17T14:16:31.876297
2026-06-08,CAN,arrival,10:25,CGO Zhengzhou,CZ3391,China Southern,text,Duration: 2h 25m,,True,2026-02-17T14:16:31.876303
2026-06-08,CAN,arrival,10:25,HAK Haikou,CZ6785,China Southern,text,Duration: 1h 25m,,True,2026-02-17T14:16:31.876309
2026-06-08,CAN,arrival,10:30,INC Yinchuan,CZ3254,China Southern,text,Duration: 3h 20m,,True,2026-02-17T14:16:31.876314
2026-06-08,CAN,arrival,10:30,TAO Qingdao,MU5255,China Eastern,text,Duration: 3h 5m,,True,2026-02-17T14:16:31.876320
2026-06-08,CAN,arrival,10:30,XIY Xian,MU2303,China Eastern,text,Duration: 3h 0m,,True,2026-02-17T14:16:31.876326
2026-06-08,CAN,arrival,10:30,WUX Wuxi,ZH9832,Shenzhen Airlines,text,Duration: 2h 30m,,True,2026-02-17T14:16:31.876331
2026-06-08,CAN,arrival,10:35,CTU Chengdu,CA4305,Air China,text,Duration: 2h 20m,,True,2026-02-17T14:16:31.876337
2026-06-08,CAN,arrival,10:35,TSN Tianjin,CA2801,Air China,text,Duration: 3h 15m,,True,2026-02-17T14:16:31.876342
2026-06-08,CAN,arrival,10:35,PKX Beijing,CZ3116,China Southern,text,Duration: 3h 5m,,True,2026-02-17T14:16:31.876348
2026-06-08,CAN,arrival,10:35,XIY Xian,CZ3220,China Southern,text,Duration: 2h 35m,,True,2026-02-17T14:16:31.876353
2026-06-08,CAN,arrival,10:35,PKX Beijing,MU6301,China Eastern,text,Duration: 3h 20m,,True,2026-02-17T14:16:31.876358
2026-06-08,CAN,arrival,10:35,CKG Chongqing,OQ2305,Chongqing Airlines,text,Duration: 2h 10m,,True,2026-02-17T14:16:31.876363
2026-06-08,CAN,arrival,10:40,PVG Shanghai,HU7332,Hainan Airlines,text,Duration: 2h 40m,,True,2026-02-17T14:16:31.876369
2026-06-08,CAN,arrival,10:40,TYN Taiyuan,MU5251,China Eastern,text,Duration: 2h 40m,,True,2026-02-17T14:16:31.876374
2026-06-08,CAN,arrival,10:40,YNT Yantai,SC7621,Shandong Airlines,text,Duration: 3h 10m,,True,2026-02-17T14:16:31.876379
2026-06-08,CAN,arrival,10:45,MNL Manila,CZ3078,China Southern,text,Duration: 2h 25m,,True,2026-02-17T14:16:31.876384
2026-06-08,CAN,arrival,10:45,TNA Jinan,CZ3664,China Southern,text,Duration: 2h 35m,,True,2026-02-17T14:16:31.876390
2026-06-08,CAN,arrival,10:45,TSN Tianjin,MF8313,XiamenAir,text,Duration: 3h 5m,,True,2026-02-17T14:16:31.876395
2026-06-08,CAN,arrival,10:50,HGH Hangzhou,CZ3820,China Southern,text,Duration: 2h 15m,,True,2026-02-17T14:16:31.876401
2026-06-08,CAN,arrival,10:50,SYX Sanya,CZ6747,China Southern,text,Duration: 1h 30m,,True,2026-02-17T14:16:31.876407
2026-06-08,CAN,arrival,10:50,LHW Lanzhou,MU2219,China Eastern,text,Duration: 3h 5m,,True,2026-02-17T14:16:31.876413
2026-06-08,CAN,arrival,10:55,DLC Dalian,CZ6321,China Southern,text,Duration: 3h 35m,,True,2026-02-17T14:16:31.876419
2026-06-08,CAN,arrival,10:55,HAN Hanoi,CZ372,China Southern,text,Duration: 1h 40m,,True,2026-02-17T14:16:31.876424
2026-06-08,CAN,arrival,10:55,LHW Lanzhou,CZ3252,China Southern,text,Duration: 3h 15m,,True,2026-02-17T14:16:31.876431
2026-06-08,CAN,arrival,10:55,NKG Nanjing,CZ3872,China Southern,text,Duration: 2h 20m,,True,2026-02-17T14:16:31.876436
2026-06-08,CAN,arrival,10:55,INC Yinchuan,MF8753,XiamenAir,text,Duration: 3h 25m,,True,2026-02-17T14:16:31.876442
2026-06-08,CAN,arrival,10:55,TFU Chengdu,ZH9446,Shenzhen Airlines,text,Duration: 1h 55m,,True,2026-02-17T14:16:31.876448
2026-06-08,CAN,arrival,11:00,SHA Shanghai,9C6721,Spring Airlines,text,Duration: 2h 30m,,True,2026-02-17T14:16:31.876526
2026-06-08,CAN,arrival,11:00,SHA Shanghai,FM9303,Shanghai Airlines,text,Duration: 2h 30m,,True,2026-02-17T14:16:31.876535
2026-06-08,CAN,arrival,11:05,XMN Xiamen,CZ3724,China Southern,text,Duration: 1h 35m,,True,2026-02-17T14:16:31.876542
2026-06-08,CAN,arrival,11:10,PKX Beijing,MF8395,XiamenAir,text,Duration: 3h 10m,,True,2026-02-17T14:16:31.876547
2026-06-08,CAN,arrival,11:10,CZX Changzhou,MU2947,China Eastern,text,Duration: 2h 20m,,True,2026-02-17T14:16:31.876553
2026-06-08,CAN,arrival,11:15,HET Hohhot,CZ3182,China Southern,text,Duration: 3h 15m,,True,2026-02-17T14:16:31.876559
2026-06-08,CAN,arrival,11:15,SHA Shanghai,CZ3596,China Southern,text,Duration: 2h 25m,,True,2026-02-17T14:16:31.876564
2026-06-08,CAN,arrival,11:15,TAO Qingdao,CZ3716,China Southern,text,Duration: 3h 5m,,True,2026-02-17T14:16:31.876570
2026-06-08,CAN,arrival,11:15,ICN Seoul,OZ369,Asiana,text,Duration: 3h 45m,,True,2026-02-17T14:16:31.876576
2026-06-08,CAN,arrival,11:15,HAK Haikou,ZH8996,Shenzhen Airlines,text,Duration: 1h 0m,,True,2026-02-17T14:16:31.876581
2026-06-08,CAN,arrival,11:20,SYX Sanya,AQ1114,9 Air,text,Duration: 1h 40m,,True,2026-02-17T14:16:31.876587
2026-06-08,CAN,arrival,11:20,PEK Beijing,CA1351,Air China,text,Duration: 3h 20m,,True,2026-02-17T14:16:31.876593
2026-06-08,CAN,arrival,11:20,NNG Nanning,CZ3296,China Southern,text,Duration: 1h 25m,,True,2026-02-17T14:16:31.876599
2026-06-08,CAN,arrival,11:20,WUH Wuhan,CZ8727,China Southern,text,Duration: 1h 50m,,True,2026-02-17T14:16:31.876604
2026-06-08,CAN,arrival,11:20,CKG Chongqing,HU7342,Hainan Airlines,text,Duration: 1h 50m,,True,2026-02-17T14:16:31.876610
2026-06-08,CAN,arrival,11:20,HGH Hangzhou,MF8319,XiamenAir,text,Duration: 2h 15m,,True,2026-02-17T14:16:31.876615
2026-06-08,CAN,arrival,11:25,CGO Zhengzhou,CZ8685,China Southern,text,Duration: 2h 25m,,True,2026-02-17T14:16:31.876621
2026-06-08,CAN,arrival,11:25,CSX Changsha,CZ6044,China Southern,text,Duration: 1h 40m,,True,2026-02-17T14:16:31.876627
2026-06-08,CAN,arrival,11:25,SHA Shanghai,HO2287,Juneyao Airlines,text,Duration: 2h 35m,,True,2026-02-17T14:16:31.876633
2026-06-08,CAN,arrival,11:25,XIY Xian,HU7837,Hainan Airlines,text,Duration: 2h 55m,,True,2026-02-17T14:16:31.876639
2026-06-08,CAN,arrival,11:25,SJW Shijiazhuang,NS3203,Hebei Airlines,text,Duration: 3h 10m,,True,2026-02-17T14:16:31.876645
2026-06-08,CAN,arrival,11:30,CTU Chengdu,CZ3414,China Southern,text,Duration: 2h 30m,,True,2026-02-17T14:16:31.876650
2026-06-08,CAN,arrival,11:30,PVG Shanghai,FM9305,Shanghai Airlines,text,Duration: 2h 30m,,True,2026-02-17T14:16:31.876655
2026-06-08,CAN,arrival,11:30,ICN Seoul,KE867,Korean Air,text,Duration: 3h 40m,,True,2026-02-17T14:16:31.876661
2026-06-08,CAN,arrival,11:30,TFU Chengdu,MU5321,China Eastern,text,Duration: 2h 30m,,True,2026-02-17T14:16:31.876666
2026-06-08,CAN,arrival,11:35,HAK Haikou,CZ6771,China Southern,text,Duration: 1h 35m,,True,2026-02-17T14:16:31.876672
2026-06-08,CAN,arrival,11:35,TYN Taiyuan,CZ3378,China Southern,text,Duration: 2h 50m,,True,2026-02-17T14:16:31.876677
2026-06-08,CAN,arrival,11:35,PKX Beijing,MU6303,China Eastern,text,Duration: 3h 20m,,True,2026-02-17T14:16:31.876682
2026-06-08,CAN,arrival,11:40,SGN Ho Chi Minh City,CZ368,China Southern,text,Duration: 2h 40m,,True,2026-02-17T14:16:31.876688
2026-06-08,CAN,arrival,11:40,SJW Shijiazhuang,CZ3132,China Southern,text,Duration: 3h 5m,,True,2026-02-17T14:16:31.876694
2026-06-08,CAN,arrival,11:40,XIY Xian,CZ3216,China Southern,text,Duration: 2h 40m,,True,2026-02-17T14:16:31.876699
2026-06-08,CAN,arrival,11:45,DZH Dazhou,CZ3264,China Southern,text,Duration: 2h 20m,,True,2026-02-17T14:16:31.876705
2026-06-08,CAN,arrival,11:45,KTI Phnom Penh,CZ324,China Southern,text,Duration: 2h 45m,,True,2026-02-17T14:16:31.876711
2026-06-08,CAN,arrival,11:45,WHA Wuhu,CZ5840,China Southern,text,Duration: 2h 10m,,True,2026-02-17T14:16:31.876718
2026-06-08,CAN,arrival,11:45,YIH Yichang,CZ3312,China Southern,text,Duration: 1h 50m,,True,2026-02-17T14:16:31.876723
2026-06-08,CAN,arrival,11:45,TNA Jinan,SC1169,Shandong Airlines,text,Duration: 2h 50m,,True,2026-02-17T14:16:31.876729
2026-06-08,CAN,arrival,11:45,WUS Wuyishan,SC4673,Shandong Airlines,text,Duration: 1h 45m,,True,2026-02-17T14:16:31.876735
2026-06-08,CAN,arrival,11:50,HGH Hangzhou,CZ3870,China Southern,text,Duration: 2h 15m,,True,2026-02-17T14:16:31.876740
2026-06-08,CAN,arrival,11:50,PEK Beijing,HU7801,Hainan Airlines,text,Duration: 3h 20m,,True,2026-02-17T14:16:31.876746
2026-06-08,CAN,arrival,11:50,HYN Taizhou,ZH8990,Shenzhen Airlines,text,Duration: 2h 10m,,True,2026-02-17T14:16:31.876752
2026-06-08,CAN,arrival,11:55,TPE Taipei,BR707,EVA Air,text,Duration: 1h 55m,,True,2026-02-17T14:16:31.876758
2026-06-08,CAN,arrival,11:55,TFU Chengdu,CA4307,Air China,text,Duration: 2h 25m,,True,2026-02-17T14:16:31.876764
2026-06-08,CAN,arrival,11:55,YTY Yangzhou,CZ8214,China Southern,text,Duration: 2h 40m,,True,2026-02-17T14:16:31.876769
2026-06-08,CAN,arrival,11:55,SHA Shanghai,FM9307,Shanghai Airlines,text,Duration: 2h 25m,,True,2026-02-17T14:16:31.876775
2026-06-08,CAN,arrival,11:55,HAK Haikou,HU7005,Hainan Airlines,text,Duration: 1h 25m,,True,2026-02-17T14:16:31.876781
2026-06-08,CAN,arrival,11:55,WNZ Wenzhou,KN5037,China United Airlines,text,Duration: 2h 15m,,True,2026-02-17T14:16:31.876786
2026-06-08,CAN,arrival,11:55,FOC Fuzhou,MF8355,XiamenAir,text,Duration: 1h 55m,,True,2026-02-17T14:16:31.876791
2026-06-08,CAN,arrival,12:05,LZO Luzhou,CA4351,Air China,text,Duration: 2h 0m,,True,2026-02-17T14:16:31.876797
2026-06-08,CAN,arrival,12:05,FOC Fuzhou,CZ3506,China Southern,text,Duration: 1h 45m,,True,2026-02-17T14:16:31.876802
2026-06-08,CAN,arrival,12:10,SIN Singapore,SQ850,Singapore Airlines,text,Duration: 4h 10m,,True,2026-02-17T14:16:31.876808
2026-06-08,CAN,arrival,12:15,KUL Kuala Lumpur,CZ366,China Southern,text,Duration: 4h 10m,,True,2026-02-17T14:16:31.876899
2026-06-08,CAN,arrival,12:15,TSN Tianjin,CZ3350,China Southern,text,Duration: 3h 15m,,True,2026-02-17T14:16:31.876908
2026-06-08,CAN,arrival,12:15,XIY Xian,MU2301,China Eastern,text,Duration: 2h 45m,,True,2026-02-17T14:16:31.876915
2026-06-08,CAN,arrival,12:20,PEK Beijing,CA1321,Air China,text,Duration: 3h 20m,,True,2026-02-17T14:16:31.876921
2026-06-08,CAN,arrival,12:20,BKK Bangkok,CZ362,China Southern,text,Duration: 3h 0m,,True,2026-02-17T14:16:31.876927
2026-06-08,CAN,arrival,12:20,SIN Singapore,CZ352,China Southern,text,Duration: 4h 20m,,True,2026-02-17T14:16:31.876933
2026-06-08,CAN,arrival,12:20,WUH Wuhan,CZ6590,China Southern,text,Duration: 1h 50m,,True,2026-02-17T14:16:31.876938
2026-06-08,CAN,arrival,12:25,CKG Chongqing,3U8747,Sichuan Airlines,text,Duration: 2h 5m,,True,2026-02-17T14:16:31.876944
2026-06-08,CAN,arrival,12:25,CGQ Changchun,CZ6341,China Southern,text,Duration: 4h 35m,,True,2026-02-17T14:16:31.876950
2026-06-08,CAN,arrival,12:25,DRW Darwin,CZ8362,China Southern,text,Duration: 6h 25m,,True,2026-02-17T14:16:31.877034
2026-06-08,CAN,arrival,12:25,SHE Shenyang,CZ6301,China Southern,text,Duration: 4h 25m,,True,2026-02-17T14:16:31.877042
2026-06-08,CAN,arrival,12:25,WNZ Wenzhou,CZ3812,China Southern,text,Duration: 2h 5m,,True,2026-02-17T14:16:31.877049
2026-06-08,CAN,arrival,12:25,SHA Shanghai,MU5309,China Eastern,text,Duration: 2h 25m,,True,2026-02-17T14:16:31.877056
2026-06-08,CAN,arrival,12:30,ICN Seoul,CZ340,China Southern,text,Duration: 3h 50m,,True,2026-02-17T14:16:31.877063
2026-06-08,CAN,arrival,12:30,HND Tokyo,JL87,JAL,text,Duration: 4h 50m,,True,2026-02-17T14:16:31.877070
2026-06-08,CAN,arrival,12:35,PVG Shanghai,HU7432,Hainan Airlines,text,Duration: 2h 35m,,True,2026-02-17T14:16:31.877076
2026-06-08,CAN,arrival,12:35,KTI Phnom Penh,K6668,Air Cambodia,text,Duration: 2h 55m,,True,2026-02-17T14:16:31.877084
2026-06-08,CAN,arrival,12:40,DXB Dubai,CZ384,China Southern,text,Duration: 7h 40m,,True,2026-02-17T14:16:31.877091
2026-06-08,CAN,arrival,12:40,PKX Beijing,CZ3000,China Southern,text,Duration: 3h 10m,,True,2026-02-17T14:16:31.877098
2026-06-08,CAN,arrival,12:40,WDS Shiyan,CZ3336,China Southern,text,Duration: 2h 15m,,True,2026-02-17T14:16:31.877107
2026-06-08,CAN,arrival,12:40,SHA Shanghai,MU5301,China Eastern,text,Duration: 2h 10m,,True,2026-02-17T14:16:31.877114
2026-06-08,CAN,arrival,12:40,LYI Linyi,ZH8948,Shenzhen Airlines,text,Duration: 2h 40m,,True,2026-02-17T14:16:31.877121
2026-06-08,CAN,arrival,12:45,AKA Ankang,CZ6464,China Southern,text,Duration: 2h 10m,,True,2026-02-17T14:16:31.877128
2026-06-08,CAN,arrival,12:45,KMG Kunming,CZ3498,China Southern,text,Duration: 2h 0m,,True,2026-02-17T14:16:31.877136
2026-06-08,CAN,arrival,12:45,CKG Chongqing,JD5228,Capital Airlines,text,Duration: 1h 55m,,True,2026-02-17T14:16:31.877144
2026-06-08,CAN,arrival,12:45,NKG Nanjing,ZH9862,Shenzhen Airlines,text,Duration: 2h 20m,,True,2026-02-17T14:16:31.877151
2026-06-08,CAN,arrival,12:50,DLU Dali City,CZ3482,China Southern,text,Duration: 2h 20m,,True,2026-02-17T14:16:31.877159
2026-06-08,CAN,arrival,12:50,NGB Ningbo,CZ3778,China Southern,text,Duration: 2h 20m,,True,2026-02-17T14:16:31.877166
2026-06-08,CAN,arrival,12:50,PEK Beijing,HU7803,Hainan Airlines,text,Duration: 3h 20m,,True,2026-02-17T14:16:31.877174
2026-06-08,CAN,arrival,12:50,JJN Jinjiang,MF8385,XiamenAir,text,Duration: 1h 35m,,True,2026-02-17T14:16:31.877181
2026-06-08,CAN,arrival,12:55,YCU Yuncheng,CA4593,Air China,text,Duration: 2h 30m,,True,2026-02-17T14:16:31.877188
2026-06-08,CAN,arrival,12:55,SYX Sanya,CZ6733,China Southern,text,Duration: 1h 30m,,True,2026-02-17T14:16:31.877195
2026-06-08,CAN,arrival,12:55,CKG Chongqing,HU7142,Hainan Airlines,text,Duration: 2h 15m,,True,2026-02-17T14:16:31.877202
2026-06-08,CAN,arrival,12:55,NKG Nanjing,HU7114,Hainan Airlines,text,Duration: 2h 20m,,True,2026-02-17T14:16:31.877209
2026-06-08,CAN,arrival,13:00,CTU Chengdu,3U8731,Sichuan Airlines,text,Duration: 2h 30m,,True,2026-02-17T14:16:31.877217
2026-06-08,CAN,arrival,13:00,PVG Shanghai,AQ1006,9 Air,text,Duration: 2h 40m,,True,2026-02-17T14:16:31.877224
2026-06-08,CAN,arrival,13:00,YIW Yiwu,CZ3728,China Southern,text,Duration: 2h 0m,,True,2026-02-17T14:16:31.877231
2026-06-08,CAN,arrival,13:00,WNZ Wenzhou,HU7286,Hainan Airlines,text,Duration: 2h 20m,,True,2026-02-17T14:16:31.877238
2026-06-08,CAN,arrival,13:00,LJG Lijiang,MU5741,China Eastern,text,Duration: 2h 35m,,True,2026-02-17T14:16:31.877245
2026-06-08,CAN,arrival,13:05,KWE Guiyang,CZ6412,China Southern,text,Duration: 1h 45m,,True,2026-02-17T14:16:31.877252
2026-06-08,CAN,arrival,13:05,PEN Penang,CZ396,China Southern,text,Duration: 4h 0m,,True,2026-02-17T14:16:31.877259
2026-06-08,CAN,arrival,13:05,HND Tokyo,NH923,ANA,text,Duration: 4h 55m,,True,2026-02-17T14:16:31.877266
2026-06-08,CAN,arrival,13:10,PVG Shanghai,HU7132,Hainan Airlines,text,Duration: 2h 45m,,True,2026-02-17T14:16:31.877273
2026-06-08,CAN,arrival,13:10,KUL Kuala Lumpur,MH376,Malaysia Airlines,text,Duration: 4h 10m,,True,2026-02-17T14:16:31.877280
2026-06-08,CAN,arrival,13:15,SHA Shanghai,CZ3534,China Southern,text,Duration: 2h 25m,,True,2026-02-17T14:16:31.877287
2026-06-08,CAN,arrival,13:15,SHA Shanghai,HO1857,Juneyao Airlines,text,Duration: 2h 20m,,True,2026-02-17T14:16:31.877294
2026-06-08,CAN,arrival,13:15,HGH Hangzhou,HU7162,Hainan Airlines,text,Duration: 2h 15m,,True,2026-02-17T14:16:31.877301
2026-06-08,CAN,arrival,13:20,PEK Beijing,CA1317,Air China,text,Duration: 3h 20m,,True,2026-02-17T14:16:31.877308
2026-06-08,CAN,arrival,13:20,HRB Harbin,CZ3906,China Southern,text,Duration: 4h 40m,,True,2026-02-17T14:16:31.877315
2026-06-08,CAN,arrival,13:25,TFU Chengdu,CZ3404,China Southern,text,Duration: 2h 25m,,True,2026-02-17T14:16:31.877322
2026-06-08,CAN,arrival,13:25,HGH Hangzhou,GJ8699,Loong Air,text,Duration: 2h 35m,,True,2026-02-17T14:16:31.877436
2026-06-08,CAN,arrival,13:25,YTY Yangzhou,ZH8906,Shenzhen Airlines,text,Duration: 2h 30m,,True,2026-02-17T14:16:31.877446
2026-06-08,CAN,arrival,13:35,NNY Nanyang,CZ3222,China Southern,text,Duration: 2h 10m,,True,2026-02-17T14:16:31.877452
2026-06-08,CAN,arrival,13:35,KMG Kunming,HU7208,Hainan Airlines,text,Duration: 2h 5m,,True,2026-02-17T14:16:31.877458
2026-06-08,CAN,arrival,13:40,LJG Lijiang,CZ6604,China Southern,text,Duration: 2h 30m,,True,2026-02-17T14:16:31.877464
2026-06-08,CAN,arrival,13:40,PKX Beijing,CZ3166,China Southern,text,Duration: 3h 10m,,True,2026-02-17T14:16:31.877470
2026-06-08,CAN,arrival,13:40,XIY Xian,CZ3202,China Southern,text,Duration: 2h 40m,,True,2026-02-17T14:16:31.877476
2026-06-08,CAN,arrival,13:45,HGH Hangzhou,CZ3522,China Southern,text,Duration: 2h 10m,,True,2026-02-17T14:16:31.877482
2026-06-08,CAN,arrival,13:45,HZA Heze,CZ3126,China Southern,text,Duration: 2h 20m,,True,2026-02-17T14:16:31.877487
2026-06-08,CAN,arrival,13:45,NKG Nanjing,CZ3514,China Southern,text,Duration: 2h 10m,,True,2026-02-17T14:16:31.877494
2026-06-08,CAN,arrival,13:45,DLU Dali City,OQ2040,Chongqing Airlines,text,Duration: 2h 20m,,True,2026-02-17T14:16:31.877500
2026-06-08,CAN,arrival,13:45,JHG Jinghong,OQ2104,Chongqing Airlines,text,Duration: 2h 20m,,True,2026-02-17T14:16:31.877506
2026-06-08,CAN,arrival,13:50,DPS Denpasar,CZ8482,China Southern,text,Duration: 5h 10m,,True,2026-02-17T14:16:31.877511
2026-06-08,CAN,arrival,13:50,JNG Jining,CZ3954,China Southern,text,Duration: 2h 35m,,True,2026-02-17T14:16:31.877517
2026-06-08,CAN,arrival,13:50,KHG Kashi,CZ6835,China Southern,text,Duration: 5h 50m,,True,2026-02-17T14:16:31.877523
2026-06-08,CAN,arrival,13:50,WUH Wuhan,CZ5769,China Southern,text,Duration: 1h 50m,,True,2026-02-17T14:16:31.877528
2026-06-08,CAN,arrival,13:50,WUX Wuxi,CZ3914,China Southern,text,Duration: 2h 20m,,True,2026-02-17T14:16:31.877534
2026-06-08,CAN,arrival,13:50,CKG Chongqing,OQ2317,Chongqing Airlines,text,Duration: 2h 10m,,True,2026-02-17T14:16:31.877540
2026-06-08,CAN,arrival,13:55,KMG Kunming,CZ3410,China Southern,text,Duration: 2h 0m,,True,2026-02-17T14:16:31.877545
2026-06-08,CAN,arrival,13:55,XUZ Xuzhou,CZ3258,China Southern,text,Duration: 2h 35m,,True,2026-02-17T14:16:31.877551
2026-06-08,CAN,arrival,13:55,NGB Ningbo,MU6950,China Eastern,text,Duration: 2h 5m,,True,2026-02-17T14:16:31.877557
2026-06-08,CAN,arrival,14:00,CGO Zhengzhou,HU7270,Hainan Airlines,text,Duration: 2h 45m,,True,2026-02-17T14:16:31.877562
2026-06-08,CAN,arrival,14:00,PEK Beijing,HU7805,Hainan Airlines,text,Duration: 3h 30m,,True,2026-02-17T14:16:31.877568
2026-06-08,CAN,arrival,14:00,SHA Shanghai,HU7132,Hainan Airlines,text,Duration: 2h 25m,,True,2026-02-17T14:16:31.877573
2026-06-08,CAN,arrival,14:00,SHA Shanghai,MU5303,China Eastern,text,Duration: 2h 30m,,True,2026-02-17T14:16:31.877579
2026-06-08,CAN,arrival,14:05,DOH Doha,CZ334,China Southern,text,Duration: 7h 50m,,True,2026-02-17T14:16:31.877585
2026-06-08,CAN,arrival,14:10,HAK Haikou,AQ1024,9 Air,text,Duration: 1h 20m,,True,2026-02-17T14:16:31.877590
2026-06-08,CAN,arrival,14:10,SHA Shanghai,CZ3524,China Southern,text,Duration: 2h 20m,,True,2026-02-17T14:16:31.877596
2026-06-08,CAN,arrival,14:10,SGN Ho Chi Minh City,VN502,Vietnam Airlines,text,Duration: 3h 0m,,True,2026-02-17T14:16:31.877602
2026-06-08,CAN,arrival,14:15,LYA Luoyang,CZ3364,China Southern,text,Duration: 2h 30m,,True,2026-02-17T14:16:31.877608
2026-06-08,CAN,arrival,14:15,SUB Surabaya,CZ8138,China Southern,text,Duration: 5h 15m,,True,2026-02-17T14:16:31.877614
2026-06-08,CAN,arrival,14:15,TSN Tianjin,GS7895,Tianjin Airlines,text,Duration: 3h 10m,,True,2026-02-17T14:16:31.877620
2026-06-08,CAN,arrival,14:20,CGO Zhengzhou,CZ8765,China Southern,text,Duration: 2h 20m,,True,2026-02-17T14:16:31.877625
2026-06-08,CAN,arrival,14:20,CGQ Changchun,CZ6377,China Southern,text,Duration: 4h 35m,,True,2026-02-17T14:16:31.877631
2026-06-08,CAN,arrival,14:20,SJW Shijiazhuang,CZ3146,China Southern,text,Duration: 3h 0m,,True,2026-02-17T14:16:31.877637
2026-06-08,CAN,arrival,14:20,URC Urumqi,CZ6014,China Southern,text,Duration: 5h 10m,,True,2026-02-17T14:16:31.877643
2026-06-08,CAN,arrival,14:25,PEK Beijing,CA1315,Air China,text,Duration: 3h 25m,,True,2026-02-17T14:16:31.877649
2026-06-08,CAN,arrival,14:25,DLC Dalian,CZ6199,China Southern,text,Duration: 3h 35m,,True,2026-02-17T14:16:31.877654
2026-06-08,CAN,arrival,14:25,DLU Dali City,CZ5892,China Southern,text,Duration: 2h 25m,,True,2026-02-17T14:16:31.877660
2026-06-08,CAN,arrival,14:25,SHE Shenyang,CZ6367,China Southern,text,Duration: 4h 25m,,True,2026-02-17T14:16:31.877666
2026-06-08,CAN,arrival,14:25,TFU Chengdu,HU7152,Hainan Airlines,text,Duration: 2h 25m,,True,2026-02-17T14:16:31.877672
2026-06-08,CAN,arrival,14:30,CTU Chengdu,CZ3402,China Southern,text,Duration: 2h 30m,,True,2026-02-17T14:16:31.877677
2026-06-08,CAN,arrival,14:30,MNL Manila,CZ3092,China Southern,text,Duration: 2h 35m,,True,2026-02-17T14:16:31.877683
2026-06-08,CAN,arrival,14:30,BKK Bangkok,TG668,Thai Airways,text,Duration: 3h 0m,,True,2026-02-17T14:16:31.877689
2026-06-08,CAN,arrival,14:35,HAN Hanoi,CZ3050,China Southern,text,Duration: 1h 50m,,True,2026-02-17T14:16:31.877694
2026-06-08,CAN,arrival,14:35,HND Tokyo,CZ3086,China Southern,text,Duration: 4h 50m,,True,2026-02-17T14:16:31.877700
2026-06-08,CAN,arrival,14:35,HQQ An Yang,CZ8226,China Southern,text,Duration: 2h 40m,,True,2026-02-17T14:16:31.877707
2026-06-08,CAN,arrival,14:35,XNN Xining,CZ3250,China Southern,text,Duration: 3h 25m,,True,2026-02-17T14:16:31.877712
2026-06-08,CAN,arrival,14:35,HGH Hangzhou,MU5215,China Eastern,text,Duration: 2h 10m,,True,2026-02-17T14:16:31.877718
2026-06-08,CAN,arrival,14:35,SJW Shijiazhuang,OQ2134,Chongqing Airlines,text,Duration: 3h 5m,,True,2026-02-17T14:16:31.877724
2026-06-08,CAN,arrival,14:40,CTU Chengdu,CA4317,Air China,text,Duration: 2h 40m,,True,2026-02-17T14:16:31.877821
2026-06-08,CAN,arrival,14:40,CXR Nha Trang,CZ8476,China Southern,text,Duration: 2h 35m,,True,2026-02-17T14:16:31.877829
2026-06-08,CAN,arrival,14:40,NGB Ningbo,CZ8294,China Southern,text,Duration: 2h 10m,,True,2026-02-17T14:16:31.877835
2026-06-08,CAN,arrival,14:40,PKX Beijing,CZ3112,China Southern,text,Duration: 3h 10m,,True,2026-02-17T14:16:31.877842
2026-06-08,CAN,arrival,14:40,TAO Qingdao,CZ3200,China Southern,text,Duration: 3h 5m,,True,2026-02-17T14:16:31.877847
2026-06-08,CAN,arrival,14:40,TAO Qingdao,ZH9996,Shenzhen Airlines,text,Duration: 3h 30m,,True,2026-02-17T14:16:31.877854
2026-06-08,CAN,arrival,14:45,HGH Hangzhou,CZ3804,China Southern,text,Duration: 2h 10m,,True,2026-02-17T14:16:31.877860
2026-06-08,CAN,arrival,14:45,"JUZ Quzhou, Zhejiang Province",CZ6290,China Southern,text,Duration: 2h 0m,,True,2026-02-17T14:16:31.877866
2026-06-08,CAN,arrival,14:45,CGK Jakarta,GA898,Garuda Indonesia,text,Duration: 5h 30m,,True,2026-02-17T14:16:31.877872
2026-06-08,CAN,arrival,14:45,NKG Nanjing,ZH9864,Shenzhen Airlines,text,Duration: 2h 15m,,True,2026-02-17T14:16:31.877877
2026-06-08,CAN,arrival,14:50,ACX Xingyi,CZ3924,China Southern,text,Duration: 1h 50m,,True,2026-02-17T14:16:31.877883
2026-06-08,CAN,arrival,14:50,HGH Hangzhou,MF8381,XiamenAir,text,Duration: 2h 20m,,True,2026-02-17T14:16:31.877897
2026-06-08,CAN,arrival,14:55,KUL Kuala Lumpur,9C6922,Spring Airlines,text,Duration: 4h 55m,,True,2026-02-17T14:16:31.877903
2026-06-08,CAN,arrival,14:55,TNA Jinan,CZ3510,China Southern,text,Duration: 2h 35m,,True,2026-02-17T14:16:31.877909
2026-06-08,CAN,arrival,14:55,TYN Taiyuan,CZ3702,China Southern,text,Duration: 2h 50m,,True,2026-02-17T14:16:31.877915
2026-06-08,CAN,arrival,14:55,WUH Wuhan,CZ8004,China Southern,text,Duration: 1h 55m,,True,2026-02-17T14:16:31.877920
2026-06-08,CAN,arrival,14:55,ADD Addis Ababa,ET606,Ethiopian,text,Duration: 10h 30m,,True,2026-02-17T14:16:31.877926
2026-06-08,CAN,arrival,14:55,PEK Beijing,ZH9148,Shenzhen Airlines,text,Duration: 3h 30m,,True,2026-02-17T14:16:31.877932
2026-06-08,CAN,arrival,14:55,PVG Shanghai,ZH9534,Shenzhen Airlines,text,Duration: 2h 45m,,True,2026-02-17T14:16:31.877938
2026-06-08,CAN,arrival,14:55,WUX Wuxi,ZH9824,Shenzhen Airlines,text,Duration: 2h 25m,,True,2026-02-17T14:16:31.877943
2026-06-08,CAN,arrival,15:00,CKG Chongqing,3U8745,Sichuan Airlines,text,Duration: 1h 55m,,True,2026-02-17T14:16:31.877949
2026-06-08,CAN,arrival,15:00,SHA Shanghai,9C6719,Spring Airlines,text,Duration: 2h 40m,,True,2026-02-17T14:16:31.877955
2026-06-08,CAN,arrival,15:00,VTE Vientiane,CZ8150,China Southern,text,Duration: 2h 30m,,True,2026-02-17T14:16:31.877960
2026-06-08,CAN,arrival,15:05,SHA Shanghai,CA1837,Air China,text,Duration: 2h 30m,,True,2026-02-17T14:16:31.877967
2026-06-08,CAN,arrival,15:05,HET Hohhot,CZ3198,China Southern,text,Duration: 3h 20m,,True,2026-02-17T14:16:31.877973
2026-06-08,CAN,arrival,15:05,NKG Nanjing,CZ3844,China Southern,text,Duration: 2h 30m,,True,2026-02-17T14:16:31.877978
2026-06-08,CAN,arrival,15:05,SHA Shanghai,MU5305,China Eastern,text,Duration: 2h 35m,,True,2026-02-17T14:16:31.877984
2026-06-08,CAN,arrival,15:05,TNA Jinan,ZH9972,Shenzhen Airlines,text,Duration: 2h 55m,,True,2026-02-17T14:16:31.877990
2026-06-08,CAN,arrival,15:10,BKK Bangkok,CZ358,China Southern,text,Duration: 2h 50m,,True,2026-02-17T14:16:31.877996
2026-06-08,CAN,arrival,15:10,KMG Kunming,MU9689,China Eastern,text,Duration: 2h 5m,,True,2026-02-17T14:16:31.878001
2026-06-08,CAN,arrival,15:15,HFE Hefei,CZ3814,China Southern,text,Duration: 2h 10m,,True,2026-02-17T14:16:31.878008
2026-06-08,CAN,arrival,15:15,MIG Mian Yang,CZ8638,China Southern,text,Duration: 2h 35m,,True,2026-02-17T14:16:31.878014
2026-06-08,CAN,arrival,15:15,XIY Xian,ZH9222,Shenzhen Airlines,text,Duration: 2h 45m,,True,2026-02-17T14:16:31.878020
2026-06-08,CAN,arrival,15:20,TAO Qingdao,AQ1020,9 Air,text,Duration: 3h 35m,,True,2026-02-17T14:16:31.878026
2026-06-08,CAN,arrival,15:20,PEK Beijing,CA1339,Air China,text,Duration: 3h 20m,,True,2026-02-17T14:16:31.878032
2026-06-08,CAN,arrival,15:20,LZY Nyingchi,CZ3478,China Southern,text,Duration: 3h 50m,,True,2026-02-17T14:16:31.878037
2026-06-08,CAN,arrival,15:20,HAN Hanoi,VN506,Vietnam Airlines,text,Duration: 1h 55m,,True,2026-02-17T14:16:31.878043
2026-06-08,CAN,arrival,15:25,CGK Jakarta,CZ388,China Southern,text,Duration: 5h 15m,,True,2026-02-17T14:16:31.878049
2026-06-08,CAN,arrival,15:25,HAK Haikou,CZ6777,China Southern,text,Duration: 1h 25m,,True,2026-02-17T14:16:31.878054
2026-06-08,CAN,arrival,15:25,KMG Kunming,CZ3494,China Southern,text,Duration: 2h 10m,,True,2026-02-17T14:16:31.878060
2026-06-08,CAN,arrival,15:25,JED Jeddah,SV882,Saudia,text,Duration: 9h 20m,,True,2026-02-17T14:16:31.878066
2026-06-08,CAN,arrival,15:25,URC Urumqi,UQ2591,Urumqi Airlines,text,Duration: 5h 10m,,True,2026-02-17T14:16:31.878071
2026-06-08,CAN,arrival,15:30,CTU Chengdu,CZ3438,China Southern,text,Duration: 2h 30m,,True,2026-02-17T14:16:31.878076
2026-06-08,CAN,arrival,15:30,CAI Cairo,MS958,EgyptAir,text,Duration: 10h 10m,,True,2026-02-17T14:16:31.878082
2026-06-08,CAN,arrival,15:30,HYN Taizhou,MU2476,China Eastern,text,Duration: 2h 10m,,True,2026-02-17T14:16:31.878087
2026-06-08,CAN,arrival,15:30,DOH Doha,QR874,Qatar Airways,text,Duration: 8h 20m,,True,2026-02-17T14:16:31.878092
2026-06-08,CAN,arrival,15:35,CTU Chengdu,3U8733,Sichuan Airlines,text,Duration: 2h 35m,,True,2026-02-17T14:16:31.878098
2026-06-08,CAN,arrival,15:35,NTG Nantong,CZ3640,China Southern,text,Duration: 2h 30m,,True,2026-02-17T14:16:31.878103
2026-06-08,CAN,arrival,15:35,WMT Zunyi,CZ3314,China Southern,text,Duration: 1h 55m,,True,2026-02-17T14:16:31.878108
2026-06-08,CAN,arrival,15:35,YNZ Yancheng,CZ3268,China Southern,text,Duration: 2h 30m,,True,2026-02-17T14:16:31.878113
2026-06-08,CAN,arrival,15:35,WUX Wuxi,MU2917,China Eastern,text,Duration: 2h 25m,,True,2026-02-17T14:16:31.878197
2026-06-08,CAN,arrival,15:40,CSX Changsha,CZ3379,China Southern,text,Duration: 1h 40m,,True,2026-02-17T14:16:31.878206
2026-06-08,CAN,arrival,15:40,PKX Beijing,CZ3102,China Southern,text,Duration: 3h 10m,,True,2026-02-17T14:16:31.878211
2026-06-08,CAN,arrival,15:40,YIW Yiwu,CZ3884,China Southern,text,Duration: 2h 5m,,True,2026-02-17T14:16:31.878217
2026-06-08,CAN,arrival,15:45,WUH Wuhan,CA8231,Air China,text,Duration: 1h 45m,,True,2026-02-17T14:16:31.878222
2026-06-08,CAN,arrival,15:45,XIY Xian,CZ3238,China Southern,text,Duration: 2h 45m,,True,2026-02-17T14:16:31.878228
2026-06-08,CAN,arrival,15:45,TSN Tianjin,OQ2124,Chongqing Airlines,text,Duration: 3h 25m,,True,2026-02-17T14:16:31.878233
2026-06-08,CAN,arrival,15:45,YNT Yantai,ZH9676,Shenzhen Airlines,text,Duration: 3h 45m,,True,2026-02-17T14:16:31.878239
2026-06-08,CAN,arrival,15:50,TFU Chengdu,3U6703,Sichuan Airlines,text,Duration: 2h 20m,,True,2026-02-17T14:16:31.878245
2026-06-08,CAN,arrival,15:50,HGH Hangzhou,CZ3864,China Southern,text,Duration: 2h 15m,,True,2026-02-17T14:16:31.878250
2026-06-08,CAN,arrival,15:50,SHE Shenyang,CZ6347,China Southern,text,Duration: 4h 20m,,True,2026-02-17T14:16:31.878256
2026-06-08,CAN,arrival,15:50,PVG Shanghai,MU5345,China Eastern,text,Duration: 2h 20m,,True,2026-02-17T14:16:31.878261
2026-06-08,CAN,arrival,15:50,NGB Ningbo,OQ2028,Chongqing Airlines,text,Duration: 2h 25m,,True,2026-02-17T14:16:31.878267
2026-06-08,CAN,arrival,15:55,KTI Phnom Penh,CZ8314,China Southern,text,Duration: 2h 50m,,True,2026-02-17T14:16:31.878273
2026-06-08,CAN,arrival,15:55,LHW Lanzhou,CZ8986,China Southern,text,Duration: 3h 25m,,True,2026-02-17T14:16:31.878279
2026-06-08,CAN,arrival,15:55,SGN Ho Chi Minh City,CZ8160,China Southern,text,Duration: 3h 0m,,True,2026-02-17T14:16:31.878285
2026-06-08,CAN,arrival,15:55,URC Urumqi,CZ6895,China Southern,text,Duration: 5h 10m,,True,2026-02-17T14:16:31.878291
2026-06-08,CAN,arrival,15:55,WUH Wuhan,CZ3345,China Southern,text,Duration: 1h 55m,,True,2026-02-17T14:16:31.878297
2026-06-08,CAN,arrival,16:00,CGO Zhengzhou,CZ3393,China Southern,text,Duration: 2h 30m,,True,2026-02-17T14:16:31.878302
2026-06-08,CAN,arrival,16:00,RIZ Rizhao,CZ5159,China Southern,text,Duration: 2h 50m,,True,2026-02-17T14:16:31.878308
2026-06-08,CAN,arrival,16:00,ZHA Zhanjiang,CZ3332,China Southern,text,Duration: 1h 15m,,True,2026-02-17T14:16:31.878315
2026-06-08,CAN,arrival,16:00,PEK Beijing,HU7807,Hainan Airlines,text,Duration: 3h 30m,,True,2026-02-17T14:16:31.878321
2026-06-08,CAN,arrival,16:05,MXZ Mei Xian,CZ3334,China Southern,text,Duration: 1h 10m,,True,2026-02-17T14:16:31.878327
2026-06-08,CAN,arrival,16:05,NKG Nanjing,CZ3600,China Southern,text,Duration: 2h 20m,,True,2026-02-17T14:16:31.878333
2026-06-08,CAN,arrival,16:05,XMN Xiamen,CZ3742,China Southern,text,Duration: 1h 35m,,True,2026-02-17T14:16:31.878339
2026-06-08,CAN,arrival,16:10,DLU Dali City,CZ6596,China Southern,text,Duration: 2h 35m,,True,2026-02-17T14:16:31.878344
2026-06-08,CAN,arrival,16:10,SHA Shanghai,CZ3532,China Southern,text,Duration: 2h 20m,,True,2026-02-17T14:16:31.878350
2026-06-08,CAN,arrival,16:10,TAO Qingdao,CZ3520,China Southern,text,Duration: 3h 20m,,True,2026-02-17T14:16:31.878356
2026-06-08,CAN,arrival,16:15,HGH Hangzhou,CA1793,Air China,text,Duration: 2h 10m,,True,2026-02-17T14:16:31.878362
2026-06-08,CAN,arrival,16:15,TPE Taipei,CI521,China Airlines,text,Duration: 2h 5m,,True,2026-02-17T14:16:31.878368
2026-06-08,CAN,arrival,16:15,DLC Dalian,CZ6457,China Southern,text,Duration: 3h 45m,,True,2026-02-17T14:16:31.878374
2026-06-08,CAN,arrival,16:15,RGN Yangon,CZ3056,China Southern,text,Duration: 3h 20m,,True,2026-02-17T14:16:31.878380
2026-06-08,CAN,arrival,16:15,WNZ Wenzhou,CZ3764,China Southern,text,Duration: 2h 0m,,True,2026-02-17T14:16:31.878385
2026-06-08,CAN,arrival,16:20,CKG Chongqing,CA4349,Air China,text,Duration: 2h 0m,,True,2026-02-17T14:16:31.878391
2026-06-08,CAN,arrival,16:20,XFN Xiangyang,GJ8382,Loong Air,text,Duration: 2h 5m,,True,2026-02-17T14:16:31.878396
2026-06-08,CAN,arrival,16:30,TFU Chengdu,CA4301,Air China,text,Duration: 2h 30m,,True,2026-02-17T14:16:31.878402
2026-06-08,CAN,arrival,16:30,LUM Mangshi,MU9729,China Eastern,text,Duration: 2h 35m,,True,2026-02-17T14:16:31.878407
2026-06-08,CAN,arrival,16:30,TNA Jinan,ZH9974,Shenzhen Airlines,text,Duration: 2h 55m,,True,2026-02-17T14:16:31.878413
2026-06-08,CAN,arrival,16:35,HGH Hangzhou,MU5217,China Eastern,text,Duration: 2h 0m,,True,2026-02-17T14:16:31.878419
2026-06-08,CAN,arrival,16:35,HAN Hanoi,ZH122,Shenzhen Airlines,text,Duration: 1h 50m,,True,2026-02-17T14:16:31.878425
2026-06-08,CAN,arrival,16:40,AKL Auckland,CZ336,China Southern,text,Duration: 11h 40m,,True,2026-02-17T14:16:31.878431
2026-06-08,CAN,arrival,16:40,BKK Bangkok,CZ8080,China Southern,text,Duration: 3h 0m,,True,2026-02-17T14:16:31.878437
2026-06-08,CAN,arrival,16:40,PKX Beijing,CZ3106,China Southern,text,Duration: 3h 10m,,True,2026-02-17T14:16:31.878442
2026-06-08,CAN,arrival,16:40,NKG Nanjing,MU2717,China Eastern,text,Duration: 2h 10m,,True,2026-02-17T14:16:31.878448
2026-06-08,CAN,arrival,16:40,TAO Qingdao,SC4677,Shandong Airlines,text,Duration: 3h 35m,,True,2026-02-17T14:16:31.878454
2026-06-08,CAN,arrival,16:45,SHA Shanghai,MU5307,China Eastern,text,Duration: 2h 15m,,True,2026-02-17T14:16:31.878459
2026-06-08,CAN,arrival,16:50,LHR London,CZ304,China Southern,text,Duration: 11h 40m,,True,2026-02-17T14:16:31.878465
2026-06-08,CAN,arrival,16:50,TAO Qingdao,MU5257,China Eastern,text,Duration: 3h 0m,,True,2026-02-17T14:16:31.878471
2026-06-08,CAN,arrival,16:50,IST Istanbul,TK72,Turkish Airlines,text,Duration: 10h 30m,,True,2026-02-17T14:16:31.878477
2026-06-08,CAN,arrival,16:55,SHA Shanghai,9C8855,Spring Airlines,text,Duration: 2h 35m,,True,2026-02-17T14:16:31.878482
2026-06-08,CAN,arrival,16:55,HGH Hangzhou,CZ6568,China Southern,text,Duration: 2h 20m,,True,2026-02-17T14:16:31.878563
2026-06-08,CAN,arrival,16:55,KMG Kunming,CZ3416,China Southern,text,Duration: 2h 15m,,True,2026-02-17T14:16:31.878571
2026-06-08,CAN,arrival,16:55,HAK Haikou,HU7007,Hainan Airlines,text,Duration: 1h 25m,,True,2026-02-17T14:16:31.878577
2026-06-08,CAN,arrival,17:00,PZI Pan Zhi Hua,CZ3934,China Southern,text,Duration: 2h 30m,,True,2026-02-17T14:16:31.878583
2026-06-08,CAN,arrival,17:00,TNA Jinan,CZ3620,China Southern,text,Duration: 2h 50m,,True,2026-02-17T14:16:31.878589
2026-06-08,CAN,arrival,17:00,TPE Taipei,CZ3098,China Southern,text,Duration: 2h 10m,,True,2026-02-17T14:16:31.878595
2026-06-08,CAN,arrival,17:00,FOC Fuzhou,MF8347,XiamenAir,text,Duration: 2h 0m,,True,2026-02-17T14:16:31.878601
2026-06-08,CAN,arrival,17:10,SHA Shanghai,HO1869,Juneyao Airlines,text,Duration: 2h 20m,,True,2026-02-17T14:16:31.878609
2026-06-08,CAN,arrival,17:10,XMN Xiamen,MF8387,XiamenAir,text,Duration: 1h 40m,,True,2026-02-17T14:16:31.878615
2026-06-08,CAN,arrival,17:10,CKG Chongqing,OQ2339,Chongqing Airlines,text,Duration: 2h 5m,,True,2026-02-17T14:16:31.878621
2026-06-08,CAN,arrival,17:10,INC Yinchuan,ZH8942,Shenzhen Airlines,text,Duration: 3h 10m,,True,2026-02-17T14:16:31.878627
2026-06-08,CAN,arrival,17:15,PKX Beijing,CZ3186,China Southern,text,Duration: 3h 15m,,True,2026-02-17T14:16:31.878633
2026-06-08,CAN,arrival,17:15,SHA Shanghai,CZ3538,China Southern,text,Duration: 2h 25m,,True,2026-02-17T14:16:31.878639
2026-06-08,CAN,arrival,17:15,SYX Sanya,CZ6743,China Southern,text,Duration: 1h 40m,,True,2026-02-17T14:16:31.878645
2026-06-08,CAN,arrival,17:15,TYN Taiyuan,CZ8768,China Southern,text,Duration: 2h 50m,,True,2026-02-17T14:16:31.878651
2026-06-08,CAN,arrival,17:20,NGB Ningbo,CZ3518,China Southern,text,Duration: 2h 25m,,True,2026-02-17T14:16:31.878656
2026-06-08,CAN,arrival,17:20,SHE Shenyang,MU9870,China Eastern,text,Duration: 4h 5m,,True,2026-02-17T14:16:31.878662
2026-06-08,CAN,arrival,17:25,TFU Chengdu,3U6711,Sichuan Airlines,text,Duration: 2h 25m,,True,2026-02-17T14:16:31.878668
2026-06-08,CAN,arrival,17:25,PEK Beijing,CA1327,Air China,text,Duration: 3h 25m,,True,2026-02-17T14:16:31.878674
2026-06-08,CAN,arrival,17:25,CGO Zhengzhou,CZ6625,China Southern,text,Duration: 2h 25m,,True,2026-02-17T14:16:31.878680
2026-06-08,CAN,arrival,17:25,HAK Haikou,CZ6791,China Southern,text,Duration: 1h 25m,,True,2026-02-17T14:16:31.878685
2026-06-08,CAN,arrival,17:25,SHE Shenyang,CZ6315,China Southern,text,Duration: 4h 25m,,True,2026-02-17T14:16:31.878691
2026-06-08,CAN,arrival,17:30,BNE Brisbane,CZ382,China Southern,text,Duration: 9h 20m,,True,2026-02-17T14:16:31.878697
2026-06-08,CAN,arrival,17:30,CTU Chengdu,CZ3444,China Southern,text,Duration: 2h 30m,,True,2026-02-17T14:16:31.878703
2026-06-08,CAN,arrival,17:30,HRB Harbin,CZ5394,China Southern,text,Duration: 5h 0m,,True,2026-02-17T14:16:31.878709
2026-06-08,CAN,arrival,17:30,WUH Wuhan,MU6734,China Eastern,text,Duration: 1h 55m,,True,2026-02-17T14:16:31.878715
2026-06-08,CAN,arrival,17:30,SHE Shenyang,OQ2128,Chongqing Airlines,text,Duration: 4h 30m,,True,2026-02-17T14:16:31.878722
2026-06-08,CAN,arrival,17:35,CTU Chengdu,CA4333,Air China,text,Duration: 2h 35m,,True,2026-02-17T14:16:31.878728
2026-06-08,CAN,arrival,17:35,KUL Kuala Lumpur,CZ350,China Southern,text,Duration: 4h 10m,,True,2026-02-17T14:16:31.878734
2026-06-08,CAN,arrival,17:40,HGH Hangzhou,CA1795,Air China,text,Duration: 2h 25m,,True,2026-02-17T14:16:31.878740
2026-06-08,CAN,arrival,17:40,PKX Beijing,CZ3162,China Southern,text,Duration: 3h 10m,,True,2026-02-17T14:16:31.878746
2026-06-08,CAN,arrival,17:40,DLU Dali City,MU9741,China Eastern,text,Duration: 2h 25m,,True,2026-02-17T14:16:31.878752
2026-06-08,CAN,arrival,17:45,KMG Kunming,3U8205,Sichuan Airlines,text,Duration: 2h 5m,,True,2026-02-17T14:16:31.878759
2026-06-08,CAN,arrival,17:45,BKK Bangkok,CZ8100,China Southern,text,Duration: 3h 0m,,True,2026-02-17T14:16:31.878764
2026-06-08,CAN,arrival,17:45,XIY Xian,CZ3232,China Southern,text,Duration: 2h 45m,,True,2026-02-17T14:16:31.878770
2026-06-08,CAN,arrival,17:50,SQD Shangrao,AQ1718,9 Air,text,Duration: 1h 45m,,True,2026-02-17T14:16:31.878776
2026-06-08,CAN,arrival,17:50,SIN Singapore,CZ354,China Southern,text,Duration: 4h 20m,,True,2026-02-17T14:16:31.878781
2026-06-08,CAN,arrival,17:50,DOY Dongying,HU7260,Hainan Airlines,text,Duration: 3h 15m,,True,2026-02-17T14:16:31.878787
2026-06-08,CAN,arrival,17:50,PEK Beijing,HU7809,Hainan Airlines,text,Duration: 3h 20m,,True,2026-02-17T14:16:31.878793
2026-06-08,CAN,arrival,17:50,HIA Huai'an,MU2869,China Eastern,text,Duration: 2h 20m,,True,2026-02-17T14:16:31.878799
2026-06-08,CAN,arrival,17:50,WUX Wuxi,ZH9826,Shenzhen Airlines,text,Duration: 2h 30m,,True,2026-02-17T14:16:31.878804
2026-06-08,CAN,arrival,17:55,SYD Sydney,CZ326,China Southern,text,Duration: 9h 50m,,True,2026-02-17T14:16:31.878810
2026-06-08,CAN,arrival,17:55,PKX Beijing,MU6305,China Eastern,text,Duration: 3h 15m,,True,2026-02-17T14:16:31.878816
2026-06-08,CAN,arrival,18:00,HGH Hangzhou,CZ3850,China Southern,text,Duration: 2h 25m,,True,2026-02-17T14:16:31.878821
2026-06-08,CAN,arrival,18:00,KWE Guiyang,CZ3691,China Southern,text,Duration: 1h 45m,,True,2026-02-17T14:16:31.878827
2026-06-08,CAN,arrival,18:00,MEL Melbourne,CZ322,China Southern,text,Duration: 9h 40m,,True,2026-02-17T14:16:31.878832
2026-06-08,CAN,arrival,18:00,URC Urumqi,CZ6883,China Southern,text,Duration: 5h 10m,,True,2026-02-17T14:16:31.878838
2026-06-08,CAN,arrival,18:00,SHA Shanghai,FM9313,Shanghai Airlines,text,Duration: 2h 5m,,True,2026-02-17T14:16:31.878844
2026-06-08,CAN,arrival,18:05,ADL Adelaide,CZ664,China Southern,text,Duration: 9h 5m,,True,2026-02-17T14:16:31.878849
2026-06-08,CAN,arrival,18:05,HFE Hefei,CZ3874,China Southern,text,Duration: 2h 15m,,True,2026-02-17T14:16:31.878855
2026-06-08,CAN,arrival,18:05,LHW Lanzhou,CZ3206,China Southern,text,Duration: 3h 20m,,True,2026-02-17T14:16:31.878932
2026-06-08,CAN,arrival,18:05,XMN Xiamen,CZ3880,China Southern,text,Duration: 1h 35m,,True,2026-02-17T14:16:31.878939
2026-06-08,CAN,arrival,18:10,ICN Seoul,CZ338,China Southern,text,Duration: 3h 55m,,True,2026-02-17T14:16:31.878945
2026-06-08,CAN,arrival,18:10,YIW Yiwu,CZ3150,China Southern,text,Duration: 2h 5m,,True,2026-02-17T14:16:31.878950
2026-06-08,CAN,arrival,18:10,NKG Nanjing,ZH9866,Shenzhen Airlines,text,Duration: 2h 30m,,True,2026-02-17T14:16:31.878956
2026-06-08,CAN,arrival,18:15,TFU Chengdu,AQ1116,9 Air,text,Duration: 2h 15m,,True,2026-02-17T14:16:31.878962
2026-06-08,CAN,arrival,18:15,TSN Tianjin,CA2803,Air China,text,Duration: 3h 20m,,True,2026-02-17T14:16:31.878967
2026-06-08,CAN,arrival,18:15,DLC Dalian,CZ3607,China Southern,text,Duration: 3h 40m,,True,2026-02-17T14:16:31.878972
2026-06-08,CAN,arrival,18:15,SHA Shanghai,CZ3540,China Southern,text,Duration: 2h 25m,,True,2026-02-17T14:16:31.878978
2026-06-08,CAN,arrival,18:15,TAO Qingdao,SC4675,Shandong Airlines,text,Duration: 3h 15m,,True,2026-02-17T14:16:31.878984
2026-06-08,CAN,arrival,18:15,HRB Harbin,ZH9672,Shenzhen Airlines,text,Duration: 4h 50m,,True,2026-02-17T14:16:31.878989
2026-06-08,CAN,arrival,18:20,WUX Wuxi,AQ1056,9 Air,text,Duration: 2h 40m,,True,2026-02-17T14:16:31.878995
2026-06-08,CAN,arrival,18:20,PEK Beijing,CA1301,Air China,text,Duration: 3h 20m,,True,2026-02-17T14:16:31.879000
2026-06-08,CAN,arrival,18:20,LJG Lijiang,CZ3424,China Southern,text,Duration: 2h 35m,,True,2026-02-17T14:16:31.879005
2026-06-08,CAN,arrival,18:20,BEG Belgrade,JU988,Air Serbia,text,Duration: 11h 35m,,True,2026-02-17T14:16:31.879011
2026-06-08,CAN,arrival,18:25,FOC Fuzhou,CZ3878,China Southern,text,Duration: 2h 0m,,True,2026-02-17T14:16:31.879017
2026-06-08,CAN,arrival,18:25,TSN Tianjin,CZ3302,China Southern,text,Duration: 3h 10m,,True,2026-02-17T14:16:31.879022
2026-06-08,CAN,arrival,18:25,WUH Wuhan,CZ3706,China Southern,text,Duration: 1h 55m,,True,2026-02-17T14:16:31.879028
2026-06-08,CAN,arrival,18:25,XIY Xian,HU7857,Hainan Airlines,text,Duration: 2h 55m,,True,2026-02-17T14:16:31.879033
2026-06-08,CAN,arrival,18:30,CKG Chongqing,CZ3486,China Southern,text,Duration: 2h 5m,,True,2026-02-17T14:16:31.879039
2026-06-08,CAN,arrival,18:30,HAN Hanoi,CZ8316,China Southern,text,Duration: 1h 45m,,True,2026-02-17T14:16:31.879044
2026-06-08,CAN,arrival,18:30,HRB Harbin,CZ3616,China Southern,text,Duration: 4h 50m,,True,2026-02-17T14:16:31.879052
2026-06-08,CAN,arrival,18:30,NRT Tokyo,CZ8102,China Southern,text,Duration: 4h 55m,,True,2026-02-17T14:16:31.879057
2026-06-08,CAN,arrival,18:35,TFU Chengdu,MU6185,China Eastern,text,Duration: 2h 35m,,True,2026-02-17T14:16:31.879063
2026-06-08,CAN,arrival,18:40,CGQ Changchun,CZ6851,China Southern,text,Duration: 4h 45m,,True,2026-02-17T14:16:31.879069
2026-06-08,CAN,arrival,18:40,PKX Beijing,CZ3104,China Southern,text,Duration: 3h 10m,,True,2026-02-17T14:16:31.879074
2026-06-08,CAN,arrival,18:40,CKG Chongqing,HU7242,Hainan Airlines,text,Duration: 2h 10m,,True,2026-02-17T14:16:31.879080
2026-06-08,CAN,arrival,18:40,LHW Lanzhou,MU2305,China Eastern,text,Duration: 3h 10m,,True,2026-02-17T14:16:31.879086
2026-06-08,CAN,arrival,18:45,PVG Shanghai,FM9315,Shanghai Airlines,text,Duration: 2h 15m,,True,2026-02-17T14:16:31.879092
2026-06-08,CAN,arrival,18:50,TFU Chengdu,3U6709,Sichuan Airlines,text,Duration: 2h 20m,,True,2026-02-17T14:16:31.879098
2026-06-08,CAN,arrival,18:50,CKG Chongqing,CA4341,Air China,text,Duration: 2h 5m,,True,2026-02-17T14:16:31.879105
2026-06-08,CAN,arrival,18:50,DZH Dazhou,CA4355,Air China,text,Duration: 2h 30m,,True,2026-02-17T14:16:31.879111
2026-06-08,CAN,arrival,18:50,TYN Taiyuan,HU7250,Hainan Airlines,text,Duration: 2h 55m,,True,2026-02-17T14:16:31.879117
2026-06-08,CAN,arrival,18:50,SJW Shijiazhuang,JD5356,Capital Airlines,text,Duration: 3h 0m,,True,2026-02-17T14:16:31.879123
2026-06-08,CAN,arrival,18:50,PKX Beijing,KN5321,China United Airlines,text,Duration: 3h 20m,,True,2026-02-17T14:16:31.879129
2026-06-08,CAN,arrival,18:55,SHA Shanghai,MU5311,China Eastern,text,Duration: 2h 25m,,True,2026-02-17T14:16:31.879134
2026-06-08,CAN,arrival,18:55,NKG Nanjing,ZH9868,Shenzhen Airlines,text,Duration: 2h 15m,,True,2026-02-17T14:16:31.879140
2026-06-08,CAN,arrival,19:00,HGH Hangzhou,CZ3512,China Southern,text,Duration: 2h 25m,,True,2026-02-17T14:16:31.879146
2026-06-08,CAN,arrival,19:00,TAO Qingdao,CZ3536,China Southern,text,Duration: 3h 10m,,True,2026-02-17T14:16:31.879152
2026-06-08,CAN,arrival,19:00,TNA Jinan,CZ3712,China Southern,text,Duration: 2h 50m,,True,2026-02-17T14:16:31.879158
2026-06-08,CAN,arrival,19:00,KTI Phnom Penh,KR935,Cambodia Airways,text,Duration: 2h 55m,,True,2026-02-17T14:16:31.879164
2026-06-08,CAN,arrival,19:05,BKK Bangkok,CZ5096,China Southern,text,Duration: 3h 0m,,True,2026-02-17T14:16:31.879170
2026-06-08,CAN,arrival,19:05,DAC Dhaka,CZ5016,China Southern,text,Duration: 3h 50m,,True,2026-02-17T14:16:31.879175
2026-06-08,CAN,arrival,19:05,NKG Nanjing,CZ3822,China Southern,text,Duration: 2h 20m,,True,2026-02-17T14:16:31.879181
2026-06-08,CAN,arrival,19:05,XIY Xian,CZ3212,China Southern,text,Duration: 3h 5m,,True,2026-02-17T14:16:31.879187
2026-06-08,CAN,arrival,19:05,SHA Shanghai,HO1867,Juneyao Airlines,text,Duration: 2h 35m,,True,2026-02-17T14:16:31.879192
2026-06-08,CAN,arrival,19:05,TNA Jinan,SC1171,Shandong Airlines,text,Duration: 3h 0m,,True,2026-02-17T14:16:31.879198
2026-06-08,CAN,arrival,19:05,CZX Changzhou,ZH8944,Shenzhen Airlines,text,Duration: 2h 30m,,True,2026-02-17T14:16:31.879204
2026-06-08,CAN,arrival,19:10,CTU Chengdu,3U8739,Sichuan Airlines,text,Duration: 2h 30m,,True,2026-02-17T14:16:31.879209
2026-06-08,CAN,arrival,19:10,HET Hohhot,CZ3246,China Southern,text,Duration: 3h 35m,,True,2026-02-17T14:16:31.879214
2026-06-08,CAN,arrival,19:10,KIX Osaka,CZ390,China Southern,text,Duration: 4h 10m,,True,2026-02-17T14:16:31.879296
2026-06-08,CAN,arrival,19:10,KUL Kuala Lumpur,CZ3048,China Southern,text,Duration: 4h 25m,,True,2026-02-17T14:16:31.879304
2026-06-08,CAN,arrival,19:10,NGB Ningbo,CZ3776,China Southern,text,Duration: 2h 20m,,True,2026-02-17T14:16:31.879310
2026-06-08,CAN,arrival,19:10,PKX Beijing,JD5921,Capital Airlines,text,Duration: 3h 25m,,True,2026-02-17T14:16:31.879316
2026-06-08,CAN,arrival,19:15,HND Tokyo,CZ386,China Southern,text,Duration: 4h 35m,,True,2026-02-17T14:16:31.879321
2026-06-08,CAN,arrival,19:15,SHA Shanghai,CZ3526,China Southern,text,Duration: 2h 25m,,True,2026-02-17T14:16:31.879327
2026-06-08,CAN,arrival,19:15,NGB Ningbo,MU5237,China Eastern,text,Duration: 2h 10m,,True,2026-02-17T14:16:31.879333
2026-06-08,CAN,arrival,19:15,XIY Xian,ZH9224,Shenzhen Airlines,text,Duration: 2h 45m,,True,2026-02-17T14:16:31.879339
2026-06-08,CAN,arrival,19:20,VTE Vientiane,CZ6092,China Southern,text,Duration: 2h 30m,,True,2026-02-17T14:16:31.879345
2026-06-08,CAN,arrival,19:20,WUH Wuhan,CZ6224,China Southern,text,Duration: 1h 50m,,True,2026-02-17T14:16:31.879350
2026-06-08,CAN,arrival,19:20,PVG Shanghai,HU7232,Hainan Airlines,text,Duration: 2h 50m,,True,2026-02-17T14:16:31.879356
2026-06-08,CAN,arrival,19:25,PEK Beijing,CA1365,Air China,text,Duration: 3h 25m,,True,2026-02-17T14:16:31.879362
2026-06-08,CAN,arrival,19:25,HAK Haikou,CZ6783,China Southern,text,Duration: 1h 25m,,True,2026-02-17T14:16:31.879368
2026-06-08,CAN,arrival,19:25,ICN Seoul,CZ3062,China Southern,text,Duration: 3h 40m,,True,2026-02-17T14:16:31.879374
2026-06-08,CAN,arrival,19:25,KTI Phnom Penh,CZ6060,China Southern,text,Duration: 2h 50m,,True,2026-02-17T14:16:31.879380
2026-06-08,CAN,arrival,19:25,TSN Tianjin,CZ3144,China Southern,text,Duration: 3h 10m,,True,2026-02-17T14:16:31.879386
2026-06-08,CAN,arrival,19:30,KTM Kathmandu,CZ6068,China Southern,text,Duration: 4h 25m,,True,2026-02-17T14:16:31.879392
2026-06-08,CAN,arrival,19:30,WEH Weihai,MU6896,China Eastern,text,Duration: 3h 40m,,True,2026-02-17T14:16:31.879398
2026-06-08,CAN,arrival,19:35,CKG Chongqing,AQ1102,9 Air,text,Duration: 2h 5m,,True,2026-02-17T14:16:31.879403
2026-06-08,CAN,arrival,19:35,CGK Jakarta,CZ3038,China Southern,text,Duration: 5h 20m,,True,2026-02-17T14:16:31.879409
2026-06-08,CAN,arrival,19:35,CTU Chengdu,CZ3472,China Southern,text,Duration: 2h 35m,,True,2026-02-17T14:16:31.879416
2026-06-08,CAN,arrival,19:35,SGN Ho Chi Minh City,CZ374,China Southern,text,Duration: 2h 55m,,True,2026-02-17T14:16:31.879423
2026-06-08,CAN,arrival,19:35,SWA Jieyang,CZ3891,China Southern,text,Duration: 1h 15m,,True,2026-02-17T14:16:31.879428
2026-06-08,CAN,arrival,19:35,PKX Beijing,MU6307,China Eastern,text,Duration: 3h 20m,,True,2026-02-17T14:16:31.879434
2026-06-08,CAN,arrival,19:40,CTU Chengdu,CA4303,Air China,text,Duration: 2h 40m,,True,2026-02-17T14:16:31.879440
2026-06-08,CAN,arrival,19:40,PVG Shanghai,CA1865,Air China,text,Duration: 2h 35m,,True,2026-02-17T14:16:31.879446
2026-06-08,CAN,arrival,19:40,PKX Beijing,CZ3180,China Southern,text,Duration: 3h 10m,,True,2026-02-17T14:16:31.879452
2026-06-08,CAN,arrival,19:40,WNZ Wenzhou,CZ3528,China Southern,text,Duration: 1h 55m,,True,2026-02-17T14:16:31.879459
2026-06-08,CAN,arrival,19:45,DLC Dalian,CZ6467,China Southern,text,Duration: 3h 45m,,True,2026-02-17T14:16:31.879464
2026-06-08,CAN,arrival,19:45,URC Urumqi,CZ6885,China Southern,text,Duration: 5h 5m,,True,2026-02-17T14:16:31.879470
2026-06-08,CAN,arrival,19:45,HAK Haikou,HU7009,Hainan Airlines,text,Duration: 1h 15m,,True,2026-02-17T14:16:31.879476
2026-06-08,CAN,arrival,19:50,CXR Nha Trang,CZ6050,China Southern,text,Duration: 2h 50m,,True,2026-02-17T14:16:31.879482
2026-06-08,CAN,arrival,19:50,KMG Kunming,CZ3408,China Southern,text,Duration: 2h 10m,,True,2026-02-17T14:16:31.879488
2026-06-08,CAN,arrival,19:55,PEK Beijing,HU7811,Hainan Airlines,text,Duration: 3h 25m,,True,2026-02-17T14:16:31.879495
2026-06-08,CAN,arrival,19:55,HAK Haikou,ZH8992,Shenzhen Airlines,text,Duration: 1h 15m,,True,2026-02-17T14:16:31.879501
2026-06-08,CAN,arrival,20:00,BKK Bangkok,CZ3082,China Southern,text,Duration: 3h 5m,,True,2026-02-17T14:16:31.879506
2026-06-08,CAN,arrival,20:00,SHE Shenyang,CZ3602,China Southern,text,Duration: 4h 30m,,True,2026-02-17T14:16:31.879512
2026-06-08,CAN,arrival,20:00,XIY Xian,CZ3208,China Southern,text,Duration: 3h 0m,,True,2026-02-17T14:16:31.879517
2026-06-08,CAN,arrival,20:00,SHA Shanghai,MU9199,China Eastern,text,Duration: 2h 30m,,True,2026-02-17T14:16:31.879523
2026-06-08,CAN,arrival,20:05,HFE Hefei,CZ6586,China Southern,text,Duration: 2h 5m,,True,2026-02-17T14:16:31.879529
2026-06-08,CAN,arrival,20:05,TYN Taiyuan,CZ6528,China Southern,text,Duration: 3h 0m,,True,2026-02-17T14:16:31.879536
2026-06-08,CAN,arrival,20:05,PKX Beijing,MF8339,XiamenAir,text,Duration: 3h 5m,,True,2026-02-17T14:16:31.879541
2026-06-08,CAN,arrival,20:05,TNA Jinan,SC1175,Shandong Airlines,text,Duration: 2h 55m,,True,2026-02-17T14:16:31.879547
2026-06-08,CAN,arrival,20:05,WUX Wuxi,ZH9828,Shenzhen Airlines,text,Duration: 2h 30m,,True,2026-02-17T14:16:31.879556
2026-06-08,CAN,arrival,20:10,CKG Chongqing,HU7442,Hainan Airlines,text,Duration: 2h 10m,,True,2026-02-17T14:16:31.879562
2026-06-08,CAN,arrival,20:15,KMG Kunming,8L9975,Lucky Air,text,Duration: 2h 0m,,True,2026-02-17T14:16:31.879568
2026-06-08,CAN,arrival,20:15,TAO Qingdao,CZ3800,China Southern,text,Duration: 3h 10m,,True,2026-02-17T14:16:31.879574
2026-06-08,CAN,arrival,20:15,KMG Kunming,KY8281,Kunming Airlines,text,Duration: 2h 15m,,True,2026-02-17T14:16:31.879579
2026-06-08,CAN,arrival,20:15,TNA Jinan,SC1173,Shandong Airlines,text,Duration: 2h 35m,,True,2026-02-17T14:16:31.879585
2026-06-08,CAN,arrival,20:20,NKG Nanjing,AQ1034,9 Air,text,Duration: 2h 35m,,True,2026-02-17T14:16:31.879591
2026-06-08,CAN,arrival,20:20,TSN Tianjin,CA4548,Air China,text,Duration: 2h 55m,,True,2026-02-17T14:16:31.879691
2026-06-08,CAN,arrival,20:20,MNL Manila,CZ398,China Southern,text,Duration: 2h 35m,,True,2026-02-17T14:16:31.879699
2026-06-08,CAN,arrival,20:20,HGH Hangzhou,MF8311,XiamenAir,text,Duration: 2h 20m,,True,2026-02-17T14:16:31.879706
2026-06-08,CAN,arrival,20:25,CGO Zhengzhou,CZ5746,China Southern,text,Duration: 2h 30m,,True,2026-02-17T14:16:31.879712
2026-06-08,CAN,arrival,20:25,PVG Shanghai,CZ3488,China Southern,text,Duration: 2h 35m,,True,2026-02-17T14:16:31.879718
2026-06-08,CAN,arrival,20:25,SHA Shanghai,HO1851,Juneyao Airlines,text,Duration: 2h 20m,,True,2026-02-17T14:16:31.879725
2026-06-08,CAN,arrival,20:30,SHA Shanghai,9C8931,Spring Airlines,text,Duration: 2h 25m,,True,2026-02-17T14:16:31.879731
2026-06-08,CAN,arrival,20:30,SYX Sanya,CZ6760,China Southern,text,Duration: 1h 45m,,True,2026-02-17T14:16:31.879738
2026-06-08,CAN,arrival,20:30,CTU Chengdu,MU6831,China Eastern,text,Duration: 2h 25m,,True,2026-02-17T14:16:31.879744
2026-06-08,CAN,arrival,20:30,NKG Nanjing,ZH9870,Shenzhen Airlines,text,Duration: 2h 30m,,True,2026-02-17T14:16:31.879750
2026-06-08,CAN,arrival,20:40,PKX Beijing,CZ3122,China Southern,text,Duration: 3h 10m,,True,2026-02-17T14:16:31.879756
2026-06-08,CAN,arrival,20:40,XUZ Xuzhou,CZ3340,China Southern,text,Duration: 2h 30m,,True,2026-02-17T14:16:31.879762
2026-06-08,CAN,arrival,20:40,YIW Yiwu,CZ3885,China Southern,text,Duration: 2h 0m,,True,2026-02-17T14:16:31.879768
2026-06-08,CAN,arrival,20:45,CKG Chongqing,CZ3464,China Southern,text,Duration: 2h 0m,,True,2026-02-17T14:16:31.879775
2026-06-08,CAN,arrival,20:45,TNA Jinan,MU5259,China Eastern,text,Duration: 2h 30m,,True,2026-02-17T14:16:31.879781
2026-06-08,CAN,arrival,20:50,KMG Kunming,CZ3450,China Southern,text,Duration: 2h 10m,,True,2026-02-17T14:16:31.879787
2026-06-08,CAN,arrival,20:50,NKG Nanjing,HU7314,Hainan Airlines,text,Duration: 2h 25m,,True,2026-02-17T14:16:31.879794
2026-06-08,CAN,arrival,20:50,HFE Hefei,ZH9988,Shenzhen Airlines,text,Duration: 2h 10m,,True,2026-02-17T14:16:31.879801
2026-06-08,CAN,arrival,20:55,HGH Hangzhou,3U3153,Sichuan Airlines,text,Duration: 2h 10m,,True,2026-02-17T14:16:31.879807
2026-06-08,CAN,arrival,20:55,KUL Kuala Lumpur,AK116,AirAsia,text,Duration: 4h 20m,,True,2026-02-17T14:16:31.879813
2026-06-08,CAN,arrival,20:55,PVG Shanghai,CZ3585,China Southern,text,Duration: 2h 35m,,True,2026-02-17T14:16:31.879819
2026-06-08,CAN,arrival,21:00,SYX Sanya,CZ6735,China Southern,text,Duration: 1h 45m,,True,2026-02-17T14:16:31.879826
2026-06-08,CAN,arrival,21:00,TNA Jinan,CZ8480,China Southern,text,Duration: 3h 0m,,True,2026-02-17T14:16:31.879832
2026-06-08,CAN,arrival,21:00,URC Urumqi,CZ6899,China Southern,text,Duration: 5h 5m,,True,2026-02-17T14:16:31.879839
2026-06-08,CAN,arrival,21:00,SHA Shanghai,MU5371,China Eastern,text,Duration: 2h 30m,,True,2026-02-17T14:16:31.879845
2026-06-08,CAN,arrival,21:05,HKG Hong Kong,CX988,Cathay Pacific,text,Duration: 1h 5m,,True,2026-02-17T14:16:31.879851
2026-06-08,CAN,arrival,21:05,HGH Hangzhou,CZ3502,China Southern,text,Duration: 2h 30m,,True,2026-02-17T14:16:31.879857
2026-06-08,CAN,arrival,21:05,CZX Changzhou,ZH9654,Shenzhen Airlines,text,Duration: 2h 30m,,True,2026-02-17T14:16:31.879864
2026-06-08,CAN,arrival,21:10,KWE Guiyang,CZ6394,China Southern,text,Duration: 1h 45m,,True,2026-02-17T14:16:31.879870
2026-06-08,CAN,arrival,21:10,NKG Nanjing,CZ3700,China Southern,text,Duration: 2h 15m,,True,2026-02-17T14:16:31.879875
2026-06-08,CAN,arrival,21:10,KMG Kunming,MU5739,China Eastern,text,Duration: 2h 15m,,True,2026-02-17T14:16:31.879881
2026-06-08,CAN,arrival,21:10,LYI Linyi,ZH9482,Shenzhen Airlines,text,Duration: 3h 0m,,True,2026-02-17T14:16:31.879887
2026-06-08,CAN,arrival,21:10,TNA Jinan,ZH9978,Shenzhen Airlines,text,Duration: 3h 0m,,True,2026-02-17T14:16:31.879893
2026-06-08,CAN,arrival,21:15,CGQ Changchun,CZ8459,China Southern,text,Duration: 4h 35m,,True,2026-02-17T14:16:31.879899
2026-06-08,CAN,arrival,21:15,LUM Mangshi,CZ6500,China Southern,text,Duration: 2h 30m,,True,2026-02-17T14:16:31.879904
2026-06-08,CAN,arrival,21:15,SHA Shanghai,CZ3572,China Southern,text,Duration: 2h 25m,,True,2026-02-17T14:16:31.879910
2026-06-08,CAN,arrival,21:15,NKG Nanjing,MU9767,China Eastern,text,Duration: 2h 15m,,True,2026-02-17T14:16:31.879916
2026-06-08,CAN,arrival,21:20,PEK Beijing,CA1309,Air China,text,Duration: 3h 20m,,True,2026-02-17T14:16:31.879921
2026-06-08,CAN,arrival,21:20,TSN Tianjin,CA2805,Air China,text,Duration: 3h 20m,,True,2026-02-17T14:16:31.879928
2026-06-08,CAN,arrival,21:20,HKT Phuket,CZ6064,China Southern,text,Duration: 3h 40m,,True,2026-02-17T14:16:31.879934
2026-06-08,CAN,arrival,21:20,KUL Kuala Lumpur,CZ8012,China Southern,text,Duration: 4h 25m,,True,2026-02-17T14:16:31.879940
2026-06-08,CAN,arrival,21:20,LJG Lijiang,OQ2112,Chongqing Airlines,text,Duration: 2h 40m,,True,2026-02-17T14:16:31.879945
2026-06-08,CAN,arrival,21:25,CGO Zhengzhou,CZ3959,China Southern,text,Duration: 2h 30m,,True,2026-02-17T14:16:31.879952
2026-06-08,CAN,arrival,21:25,KHN Nanchang,CZ8532,China Southern,text,Duration: 1h 45m,,True,2026-02-17T14:16:31.879957
2026-06-08,CAN,arrival,21:25,WUH Wuhan,CZ3347,China Southern,text,Duration: 1h 55m,,True,2026-02-17T14:16:31.879963
2026-06-08,CAN,arrival,21:30,CSX Changsha,CZ5591,China Southern,text,Duration: 1h 45m,,True,2026-02-17T14:16:31.879969
2026-06-08,CAN,arrival,21:30,HGH Hangzhou,GJ8995,Loong Air,text,Duration: 2h 25m,,True,2026-02-17T14:16:31.879975
2026-06-08,CAN,arrival,21:30,TFU Chengdu,HU7252,Hainan Airlines,text,Duration: 2h 30m,,True,2026-02-17T14:16:31.879980
2026-06-08,CAN,arrival,21:30,HGH Hangzhou,ZH9982,Shenzhen Airlines,text,Duration: 2h 20m,,True,2026-02-17T14:16:31.879986
2026-06-08,CAN,arrival,21:35,CTU Chengdu,CZ3418,China Southern,text,Duration: 2h 35m,,True,2026-02-17T14:16:31.879992
2026-06-08,CAN,arrival,21:35,KUL Kuala Lumpur,CZ8348,China Southern,text,Duration: 4h 20m,,True,2026-02-17T14:16:31.880082
2026-06-08,CAN,arrival,21:35,LHW Lanzhou,CZ3386,China Southern,text,Duration: 3h 20m,,True,2026-02-17T14:16:31.880089
2026-06-08,CAN,arrival,21:40,XIY Xian,HU7847,Hainan Airlines,text,Duration: 2h 50m,,True,2026-02-17T14:16:31.880095
2026-06-08,CAN,arrival,21:45,TFU Chengdu,3U6705,Sichuan Airlines,text,Duration: 2h 15m,,True,2026-02-17T14:16:31.880101
2026-06-08,CAN,arrival,21:45,TFU Chengdu,CA4309,Air China,text,Duration: 2h 15m,,True,2026-02-17T14:16:31.880106
2026-06-08,CAN,arrival,21:45,PKX Beijing,CZ3100,China Southern,text,Duration: 3h 15m,,True,2026-02-17T14:16:31.880112
2026-06-08,CAN,arrival,21:45,YIW Yiwu,CZ3303,China Southern,text,Duration: 2h 5m,,True,2026-02-17T14:16:31.880117
2026-06-08,CAN,arrival,21:50,TAO Qingdao,CZ5900,China Southern,text,Duration: 3h 15m,,True,2026-02-17T14:16:31.880123
2026-06-08,CAN,arrival,21:50,SHA Shanghai,MU5315,China Eastern,text,Duration: 2h 20m,,True,2026-02-17T14:16:31.880129
2026-06-08,CAN,arrival,21:55,XIC Xichang,3U3060,Sichuan Airlines,text,Duration: 2h 30m,,True,2026-02-17T14:16:31.880134
2026-06-08,CAN,arrival,21:55,WXN Wanxian,CZ8254,China Southern,text,Duration: 2h 5m,,True,2026-02-17T14:16:31.880139
2026-06-08,CAN,arrival,21:55,XIY Xian,MU2311,China Eastern,text,Duration: 2h 25m,,True,2026-02-17T14:16:31.880145
2026-06-08,CAN,arrival,22:00,CKG Chongqing,CZ3412,China Southern,text,Duration: 2h 5m,,True,2026-02-17T14:16:31.880151
2026-06-08,CAN,arrival,22:00,DXB Dubai,EK362,Emirates,text,Duration: 7h 45m,,True,2026-02-17T14:16:31.880156
2026-06-08,CAN,arrival,22:00,TYN Taiyuan,MU9879,China Eastern,text,Duration: 2h 45m,,True,2026-02-17T14:16:31.880162
2026-06-08,CAN,arrival,22:00,CGO Zhengzhou,PN6379,West Air (China),text,Duration: 2h 25m,,True,2026-02-17T14:16:31.880169
2026-06-08,CAN,arrival,22:00,PVG Shanghai,ZH9536,Shenzhen Airlines,text,Duration: 3h 10m,,True,2026-02-17T14:16:31.880176
2026-06-08,CAN,arrival,22:05,HET Hohhot,CA1381,Air China,text,Duration: 3h 35m,,True,2026-02-17T14:16:31.880182
2026-06-08,CAN,arrival,22:05,CZX Changzhou,CZ3900,China Southern,text,Duration: 2h 20m,,True,2026-02-17T14:16:31.880188
2026-06-08,CAN,arrival,22:05,SYD Sydney,CZ8092,China Southern,text,Duration: 9h 50m,,True,2026-02-17T14:16:31.880194
2026-06-08,CAN,arrival,22:05,HFE Hefei,ZH9990,Shenzhen Airlines,text,Duration: 2h 15m,,True,2026-02-17T14:16:31.880200
2026-06-08,CAN,arrival,22:05,YTY Yangzhou,ZH9694,Shenzhen Airlines,text,Duration: 2h 35m,,True,2026-02-17T14:16:31.880206
2026-06-08,CAN,arrival,22:10,PVG Shanghai,AQ1012,9 Air,text,Duration: 2h 45m,,True,2026-02-17T14:16:31.880213
2026-06-08,CAN,arrival,22:10,WNZ Wenzhou,AQ1132,9 Air,text,Duration: 2h 30m,,True,2026-02-17T14:16:31.880221
2026-06-08,CAN,arrival,22:10,SIN Singapore,CZ3040,China Southern,text,Duration: 4h 20m,,True,2026-02-17T14:16:31.880227
2026-06-08,CAN,arrival,22:10,WUX Wuxi,ZH9830,Shenzhen Airlines,text,Duration: 2h 35m,,True,2026-02-17T14:16:31.880233
2026-06-08,CAN,arrival,22:15,YBP Yibin,3U3054,Sichuan Airlines,text,Duration: 2h 25m,,True,2026-02-17T14:16:31.880239
2026-06-08,CAN,arrival,22:15,BKK Bangkok,CZ8024,China Southern,text,Duration: 3h 10m,,True,2026-02-17T14:16:31.880245
2026-06-08,CAN,arrival,22:15,LZG Langzhong,CZ5782,China Southern,text,Duration: 2h 30m,,True,2026-02-17T14:16:31.880251
2026-06-08,CAN,arrival,22:15,WNZ Wenzhou,CZ3810,China Southern,text,Duration: 2h 15m,,True,2026-02-17T14:16:31.880257
2026-06-08,CAN,arrival,22:15,TFU Chengdu,HU7352,Hainan Airlines,text,Duration: 2h 15m,,True,2026-02-17T14:16:31.880263
2026-06-08,CAN,arrival,22:15,LUM Mangshi,OQ2026,Chongqing Airlines,text,Duration: 2h 30m,,True,2026-02-17T14:16:31.880269
2026-06-08,CAN,arrival,22:15,SHE Shenyang,ZH9656,Shenzhen Airlines,text,Duration: 4h 30m,,True,2026-02-17T14:16:31.880275
2026-06-08,CAN,arrival,22:20,PEK Beijing,CA1379,Air China,text,Duration: 3h 20m,,True,2026-02-17T14:16:31.880280
2026-06-08,CAN,arrival,22:20,SHA Shanghai,CA1830,Air China,text,Duration: 2h 25m,,True,2026-02-17T14:16:31.880287
2026-06-08,CAN,arrival,22:20,NGB Ningbo,HU7234,Hainan Airlines,text,Duration: 2h 20m,,True,2026-02-17T14:16:31.880292
2026-06-08,CAN,arrival,22:25,CKG Chongqing,CA4353,Air China,text,Duration: 2h 25m,,True,2026-02-17T14:16:31.880298
2026-06-08,CAN,arrival,22:25,DLC Dalian,CZ3603,China Southern,text,Duration: 3h 55m,,True,2026-02-17T14:16:31.880303
2026-06-08,CAN,arrival,22:25,HAK Haikou,CZ6787,China Southern,text,Duration: 1h 25m,,True,2026-02-17T14:16:31.880309
2026-06-08,CAN,arrival,22:25,KUL Kuala Lumpur,CZ8302,China Southern,text,Duration: 4h 25m,,True,2026-02-17T14:16:31.880315
2026-06-08,CAN,arrival,22:25,SHA Shanghai,CZ3504,China Southern,text,Duration: 2h 25m,,True,2026-02-17T14:16:31.880320
2026-06-08,CAN,arrival,22:30,CGO Zhengzhou,CZ6632,China Southern,text,Duration: 2h 30m,,True,2026-02-17T14:16:31.880326
2026-06-08,CAN,arrival,22:30,FUG Fuyang,CZ3932,China Southern,text,Duration: 2h 20m,,True,2026-02-17T14:16:31.880332
2026-06-08,CAN,arrival,22:30,YIH Yichang,CZ3300,China Southern,text,Duration: 1h 50m,,True,2026-02-17T14:16:31.880337
2026-06-08,CAN,arrival,22:35,CNX Chiang Mai,CZ3034,China Southern,text,Duration: 2h 45m,,True,2026-02-17T14:16:31.880343
2026-06-08,CAN,arrival,22:35,LFQ Qiaoli,CZ8928,China Southern,text,Duration: 2h 40m,,True,2026-02-17T14:16:31.880349
2026-06-08,CAN,arrival,22:35,SHE Shenyang,CZ6339,China Southern,text,Duration: 4h 5m,,True,2026-02-17T14:16:31.880355
2026-06-08,CAN,arrival,22:35,CKG Chongqing,PN6205,West Air (China),text,Duration: 2h 5m,,True,2026-02-17T14:16:31.880361
2026-06-08,CAN,arrival,22:40,PKX Beijing,CZ3110,China Southern,text,Duration: 3h 10m,,True,2026-02-17T14:16:31.880366
2026-06-08,CAN,arrival,22:40,TYN Taiyuan,CZ3696,China Southern,text,Duration: 3h 0m,,True,2026-02-17T14:16:31.880372
2026-06-08,CAN,arrival,22:45,BKI Kota Kinabalu,CZ8336,China Southern,text,Duration: 3h 25m,,True,2026-02-17T14:16:31.880469
2026-06-08,CAN,arrival,22:45,HAN Hanoi,CZ8178,China Southern,text,Duration: 2h 0m,,True,2026-02-17T14:16:31.880476
2026-06-08,CAN,arrival,22:45,XIY Xian,CZ3218,China Southern,text,Duration: 2h 45m,,True,2026-02-17T14:16:31.880481
2026-06-08,CAN,arrival,22:45,PKX Beijing,MU6309,China Eastern,text,Duration: 3h 15m,,True,2026-02-17T14:16:31.880487
2026-06-08,CAN,arrival,22:50,XFN Xiangyang,CZ3362,China Southern,text,Duration: 2h 0m,,True,2026-02-17T14:16:31.880493
2026-06-08,CAN,arrival,22:50,TFU Chengdu,ZH9444,Shenzhen Airlines,text,Duration: 2h 20m,,True,2026-02-17T14:16:31.880498
2026-06-08,CAN,arrival,22:55,CKG Chongqing,3U8749,Sichuan Airlines,text,Duration: 1h 50m,,True,2026-02-17T14:16:31.880504
2026-06-08,CAN,arrival,22:55,NGB Ningbo,9C7750,Spring Airlines,text,Duration: 2h 25m,,True,2026-02-17T14:16:31.880510
2026-06-08,CAN,arrival,22:55,CGO Zhengzhou,HU7284,Hainan Airlines,text,Duration: 2h 30m,,True,2026-02-17T14:16:31.880516
2026-06-08,CAN,arrival,22:55,NKG Nanjing,HU7214,Hainan Airlines,text,Duration: 2h 15m,,True,2026-02-17T14:16:31.880522
2026-06-08,CAN,arrival,22:55,PEK Beijing,HU7813,Hainan Airlines,text,Duration: 3h 25m,,True,2026-02-17T14:16:31.880528
2026-06-08,CAN,arrival,22:55,SHA Shanghai,MU5317,China Eastern,text,Duration: 2h 20m,,True,2026-02-17T14:16:31.880534
2026-06-08,CAN,arrival,23:00,SGN Ho Chi Minh City,9C7348,Spring Airlines,text,Duration: 3h 5m,,True,2026-02-17T14:16:31.880540
2026-06-08,CAN,arrival,23:00,YIW Yiwu,CZ3636,China Southern,text,Duration: 2h 10m,,True,2026-02-17T14:16:31.880546
2026-06-08,CAN,arrival,23:00,TNA Jinan,HU7210,Hainan Airlines,text,Duration: 3h 0m,,True,2026-02-17T14:16:31.880552
2026-06-08,CAN,arrival,23:00,NKG Nanjing,ZH9872,Shenzhen Airlines,text,Duration: 2h 25m,,True,2026-02-17T14:16:31.880558
2026-06-08,CAN,arrival,23:00,NTG Nantong,ZH8694,Shenzhen Airlines,text,Duration: 2h 40m,,True,2026-02-17T14:16:31.880564
2026-06-08,CAN,arrival,23:00,YTY Yangzhou,ZH8910,Shenzhen Airlines,text,Duration: 2h 25m,,True,2026-02-17T14:16:31.880569
2026-06-08,CAN,arrival,23:05,HGH Hangzhou,CZ3830,China Southern,text,Duration: 2h 30m,,True,2026-02-17T14:16:31.880575
2026-06-08,CAN,arrival,23:05,LHW Lanzhou,OQ2132,Chongqing Airlines,text,Duration: 3h 10m,,True,2026-02-17T14:16:31.880581
2026-06-08,CAN,arrival,23:05,NKG Nanjing,ZH9874,Shenzhen Airlines,text,Duration: 2h 35m,,True,2026-02-17T14:16:31.880587
2026-06-08,CAN,arrival,23:10,LYG Lianyungang,AQ1180,9 Air,text,Duration: 2h 45m,,True,2026-02-17T14:16:31.880593
2026-06-08,CAN,arrival,23:10,PEK Beijing,CA1385,Air China,text,Duration: 3h 5m,,True,2026-02-17T14:16:31.880599
2026-06-08,CAN,arrival,23:10,BKK Bangkok,CZ364,China Southern,text,Duration: 3h 10m,,True,2026-02-17T14:16:31.880604
2026-06-08,CAN,arrival,23:10,PEN Penang,CZ5048,China Southern,text,Duration: 4h 5m,,True,2026-02-17T14:16:31.880610
2026-06-08,CAN,arrival,23:10,YCU Yuncheng,CZ3922,China Southern,text,Duration: 2h 40m,,True,2026-02-17T14:16:31.880616
2026-06-08,CAN,arrival,23:10,DMK Bangkok,FD530,Thai AirAsia,text,Duration: 3h 5m,,True,2026-02-17T14:16:31.880623
2026-06-08,CAN,arrival,23:15,CKG Chongqing,OQ2325,Chongqing Airlines,text,Duration: 2h 20m,,True,2026-02-17T14:16:31.880629
2026-06-08,CAN,arrival,23:20,BKI Kota Kinabalu,AK1534,AirAsia,text,Duration: 3h 15m,,True,2026-02-17T14:16:31.880634
2026-06-08,CAN,arrival,23:20,INC Yinchuan,CZ5702,China Southern,text,Duration: 3h 15m,,True,2026-02-17T14:16:31.880640
2026-06-08,CAN,arrival,23:20,NAO Nanchong,CZ3430,China Southern,text,Duration: 2h 10m,,True,2026-02-17T14:16:31.880646
2026-06-08,CAN,arrival,23:20,WUH Wuhan,CZ8519,China Southern,text,Duration: 1h 50m,,True,2026-02-17T14:16:31.880652
2026-06-08,CAN,arrival,23:20,SJW Shijiazhuang,OQ2136,Chongqing Airlines,text,Duration: 3h 20m,,True,2026-02-17T14:16:31.880658
2026-06-08,CAN,arrival,23:25,CGQ Changchun,CZ3605,China Southern,text,Duration: 4h 25m,,True,2026-02-17T14:16:31.880664
2026-06-08,CAN,arrival,23:25,KWE Guiyang,CZ8801,China Southern,text,Duration: 1h 50m,,True,2026-02-17T14:16:31.880670
2026-06-08,CAN,arrival,23:25,NKG Nanjing,CZ3698,China Southern,text,Duration: 2h 20m,,True,2026-02-17T14:16:31.880676
2026-06-08,CAN,arrival,23:25,TFU Chengdu,CZ3476,China Southern,text,Duration: 2h 25m,,True,2026-02-17T14:16:31.880681
2026-06-08,CAN,arrival,23:25,TSN Tianjin,CZ3136,China Southern,text,Duration: 3h 10m,,True,2026-02-17T14:16:31.880687
2026-06-08,CAN,arrival,23:25,HAK Haikou,HU7011,Hainan Airlines,text,Duration: 1h 20m,,True,2026-02-17T14:16:31.880693
2026-06-08,CAN,arrival,23:25,HRB Harbin,JD5166,Capital Airlines,text,Duration: 4h 30m,,True,2026-02-17T14:16:31.880699
2026-06-08,CAN,arrival,23:30,CGO Zhengzhou,CZ3395,China Southern,text,Duration: 2h 30m,,True,2026-02-17T14:16:31.880705
2026-06-08,CAN,arrival,23:30,SHS Shashi,CZ6660,China Southern,text,Duration: 1h 40m,,True,2026-02-17T14:16:31.880710
2026-06-08,CAN,arrival,23:30,TAO Qingdao,CZ3574,China Southern,text,Duration: 3h 15m,,True,2026-02-17T14:16:31.880716
2026-06-08,CAN,arrival,23:35,LHW Lanzhou,9C7396,Spring Airlines,text,Duration: 3h 30m,,True,2026-02-17T14:16:31.880721
2026-06-08,CAN,arrival,23:35,AQG Anqing,CZ3320,China Southern,text,Duration: 1h 55m,,True,2026-02-17T14:16:31.880727
2026-06-08,CAN,arrival,23:35,KMG Kunming,CZ3500,China Southern,text,Duration: 2h 5m,,True,2026-02-17T14:16:31.880732
2026-06-08,CAN,arrival,23:35,XIY Xian,CZ3204,China Southern,text,Duration: 2h 35m,,True,2026-02-17T14:16:31.880738
2026-06-08,CAN,arrival,23:35,CKG Chongqing,MU6826,China Eastern,text,Duration: 2h 0m,,True,2026-02-17T14:16:31.880744
2026-06-08,CAN,arrival,23:35,JHG Jinghong,OQ2106,Chongqing Airlines,text,Duration: 2h 20m,,True,2026-02-17T14:16:31.880749
2026-06-08,CAN,arrival,23:35,TAO Qingdao,ZH9994,Shenzhen Airlines,text,Duration: 3h 30m,,True,2026-02-17T14:16:31.880754
2026-06-08,CAN,arrival,23:40,WUX Wuxi,ZH9822,Shenzhen Airlines,text,Duration: 2h 25m,,True,2026-02-17T14:16:31.880839
2026-06-08,CAN,arrival,23:45,SHE Shenyang,CZ6331,China Southern,text,Duration: 4h 30m,,True,2026-02-17T14:16:31.880845
2026-06-08,CAN,arrival,23:45,URC Urumqi,CZ6887,China Southern,text,Duration: 5h 5m,,True,2026-02-17T14:16:31.880851
2026-06-08,CAN,arrival,23:45,WUX Wuxi,CZ3918,China Southern,text,Duration: 2h 20m,,True,2026-02-17T14:16:31.880858
2026-06-08,CAN,arrival,23:45,YNZ Yancheng,CZ8216,China Southern,text,Duration: 2h 35m,,True,2026-02-17T14:16:31.880864
2026-06-08,CAN,arrival,23:45,SYX Sanya,HU7309,Hainan Airlines,text,Duration: 1h 45m,,True,2026-02-17T14:16:31.880870
2026-06-08,CAN,arrival,23:45,HGH Hangzhou,ZH9984,Shenzhen Airlines,text,Duration: 2h 20m,,True,2026-02-17T14:16:31.880875
2026-06-08,CAN,arrival,23:50,HGH Hangzhou,CZ3802,China Southern,text,Duration: 2h 15m,,True,2026-02-17T14:16:31.880881
2026-06-08,CAN,arrival,23:50,SYX Sanya,CZ6737,China Southern,text,Duration: 1h 40m,,True,2026-02-17T14:16:31.880886
2026-06-08,CAN,arrival,23:50,TYN Taiyuan,CZ3952,China Southern,text,Duration: 2h 55m,,True,2026-02-17T14:16:31.880892
2026-06-08,CAN,arrival,23:50,XNN Xining,CZ6242,China Southern,text,Duration: 3h 20m,,True,2026-02-17T14:16:31.880897
2026-06-08,CAN,arrival,23:50,YNT Yantai,CZ8778,China Southern,text,Duration: 3h 25m,,True,2026-02-17T14:16:31.880906
2026-06-08,CAN,arrival,23:55,CGD Changde,CZ3248,China Southern,text,Duration: 1h 25m,,True,2026-02-17T14:16:31.880912
2026-06-08,CAN,arrival,23:55,TNA Jinan,CZ3708,China Southern,text,Duration: 2h 45m,,True,2026-02-17T14:16:31.880917
2026-06-08,CAN,arrival,23:55,CGO Zhengzhou,HU7288,Hainan Airlines,text,Duration: 2h 40m,,True,2026-02-17T14:16:31.880923
2026-06-08,CAN,arrival,23:55,PEK Beijing,HU7815,Hainan Airlines,text,Duration: 3h 25m,,True,2026-02-17T14:16:31.880928
2026-06-08,CAN,arrival,23:55,ICN Seoul,OZ355,Asiana,text,Duration: 3h 55m,,True,2026-02-17T14:16:31.880933
