date,airport,direction,time,destination,flight,airline,airline_source,duration,aircraft,page_date_verified,scraped_at
2026-08-18,CKG,departure,01:50,DOH Doha,QR881,Qatar Airways,text,Duration: 7h 35m,,True,2026-02-19T11:01:21.933143
2026-08-18,CKG,departure,02:00,ICN Seoul,OZ354,Asiana,text,Duration: 3h 25m,,True,2026-02-19T11:01:21.933156
2026-08-18,CKG,departure,02:10,DMK Bangkok,SL931,Thai Lion Air,text,Duration: 3h 10m,,True,2026-02-19T11:01:21.933163
2026-08-18,CKG,departure,02:30,CDG Paris,HU717,Hainan Airlines,text,Duration: 11h 25m,,True,2026-02-19T11:01:21.933170
2026-08-18,CKG,departure,02:35,SIN Singapore,SQ819,Singapore Airlines,text,Duration: 4h 55m,,True,2026-02-19T11:01:21.933178
2026-08-18,CKG,departure,02:40,MXP Milan,HU427,Hainan Airlines,text,Duration: 11h 15m,,True,2026-02-19T11:01:21.933185
2026-08-18,CKG,departure,05:40,PVG Shanghai,9C6108,Spring Airlines,text,Duration: 2h 25m,,True,2026-02-19T11:01:21.933191
2026-08-18,CKG,departure,06:05,NKG Nanjing,PN6259,West Air (China),text,Duration: 2h 15m,,True,2026-02-19T11:01:21.933198
2026-08-18,CKG,departure,06:20,TNA Jinan,PN6327,West Air (China),text,Duration: 2h 5m,,True,2026-02-19T11:01:21.933205
2026-08-18,CKG,departure,06:25,BPX Bangda,PN6215,West Air (China),text,Duration: 2h 5m,,True,2026-02-19T11:01:21.933211
2026-08-18,CKG,departure,06:25,RKZ Shigatse,TV9761,Tibet Airlines,text,Duration: 3h 10m,,True,2026-02-19T11:01:21.933367
2026-08-18,CKG,departure,06:30,CGO Zhengzhou,PN6273,West Air (China),text,Duration: 1h 50m,,True,2026-02-19T11:01:21.933376
2026-08-18,CKG,departure,06:30,SHA Shanghai,MU5422,China Eastern,text,Duration: 2h 25m,,True,2026-02-19T11:01:21.933382
2026-08-18,CKG,departure,06:30,TSN Tianjin,3U8013,Sichuan Airlines,text,Duration: 2h 30m,,True,2026-02-19T11:01:21.933388
2026-08-18,CKG,departure,06:35,DLU Dali City,TV9809,Tibet Airlines,text,Duration: 1h 55m,,True,2026-02-19T11:01:21.933394
2026-08-18,CKG,departure,06:35,LLV Luliang,G52913,Gestair,text,Duration: 1h 40m,,True,2026-02-19T11:01:21.933399
2026-08-18,CKG,departure,06:35,LZH Liuzhou,G54769,Gestair,text,Duration: 1h 40m,,True,2026-02-19T11:01:21.933407
2026-08-18,CKG,departure,06:35,SJW Shijiazhuang,PN6349,West Air (China),text,Duration: 2h 5m,,True,2026-02-19T11:01:21.933417
2026-08-18,CKG,departure,06:35,SZX Shenzhen,PN6229,West Air (China),text,Duration: 2h 5m,,True,2026-02-19T11:01:21.933423
2026-08-18,CKG,departure,06:40,HUZ Huizhou,MU6691,China Eastern,text,Duration: 2h 5m,,True,2026-02-19T11:01:21.933428
2026-08-18,CKG,departure,06:40,JIC Jinchang,G52749,Gestair,text,Duration: 2h 20m,,True,2026-02-19T11:01:21.933558
2026-08-18,CKG,departure,06:40,TAO Qingdao,SC4838,Shandong Airlines,text,Duration: 2h 35m,,True,2026-02-19T11:01:21.933575
2026-08-18,CKG,departure,06:40,TSN Tianjin,OQ2081,Chongqing Airlines,text,Duration: 3h 0m,,True,2026-02-19T11:01:21.933581
2026-08-18,CKG,departure,06:40,ZAT Zhaotong,G54603,Gestair,text,Duration: 1h 15m,,True,2026-02-19T11:01:21.933586
2026-08-18,CKG,departure,06:45,HFE Hefei,PN6415,West Air (China),text,Duration: 1h 50m,,True,2026-02-19T11:01:21.933591
2026-08-18,CKG,departure,06:45,JGN Jiayuguan,G52851,Gestair,text,Duration: 2h 50m,,True,2026-02-19T11:01:21.933597
2026-08-18,CKG,departure,06:45,LXA Lhasa/Lasa,3U8633,Sichuan Airlines,text,Duration: 2h 45m,,True,2026-02-19T11:01:21.933602
2026-08-18,CKG,departure,06:45,SYX Sanya,PN6213,West Air (China),text,Duration: 2h 10m,,True,2026-02-19T11:01:21.933608
2026-08-18,CKG,departure,06:45,XUZ Xuzhou,G52807,Gestair,text,Duration: 2h 5m,,True,2026-02-19T11:01:21.933613
2026-08-18,CKG,departure,06:50,BPX Bangda,TV9907,Tibet Airlines,text,Duration: 2h 5m,,True,2026-02-19T11:01:21.933618
2026-08-18,CKG,departure,06:50,HDG Handan,G54301,Gestair,text,Duration: 1h 45m,,True,2026-02-19T11:01:21.933735
2026-08-18,CKG,departure,06:50,KMG Kunming,MU5449,China Eastern,text,Duration: 1h 30m,,True,2026-02-19T11:01:21.933753
2026-08-18,CKG,departure,06:50,SWA Jieyang,3U8005,Sichuan Airlines,text,Duration: 2h 0m,,True,2026-02-19T11:01:21.933759
2026-08-18,CKG,departure,06:50,ZUH Zhuhai,3U8047,Sichuan Airlines,text,Duration: 2h 10m,,True,2026-02-19T11:01:21.933765
2026-08-18,CKG,departure,06:55,HNY Hengyang,GS7435,Tianjin Airlines,text,Duration: 1h 30m,,True,2026-02-19T11:01:21.933770
2026-08-18,CKG,departure,06:55,NNG Nanning,3U8137,Sichuan Airlines,text,Duration: 1h 40m,,True,2026-02-19T11:01:21.933776
2026-08-18,CKG,departure,06:55,WNZ Wenzhou,3U8033,Sichuan Airlines,text,Duration: 2h 40m,,True,2026-02-19T11:01:21.933781
2026-08-18,CKG,departure,06:55,XIY Xian,GS7666,Tianjin Airlines,text,Duration: 1h 35m,,True,2026-02-19T11:01:21.933786
2026-08-18,CKG,departure,06:55,YCU Yuncheng,CA4013,Air China,text,Duration: 1h 40m,,True,2026-02-19T11:01:21.933792
2026-08-18,CKG,departure,07:00,CIH Changzhi,G52721,Gestair,text,Duration: 1h 35m,,True,2026-02-19T11:01:21.933797
2026-08-18,CKG,departure,07:00,FOC Fuzhou,3U8103,Sichuan Airlines,text,Duration: 2h 20m,,True,2026-02-19T11:01:21.933908
2026-08-18,CKG,departure,07:00,KHN Nanchang,CA4561,Air China,text,Duration: 2h 0m,,True,2026-02-19T11:01:21.933929
2026-08-18,CKG,departure,07:00,SWA Jieyang,OQ2349,Chongqing Airlines,text,Duration: 2h 20m,,True,2026-02-19T11:01:21.933935
2026-08-18,CKG,departure,07:00,TNA Jinan,SC8806,Shandong Airlines,text,Duration: 2h 10m,,True,2026-02-19T11:01:21.933940
2026-08-18,CKG,departure,07:05,AKU Aksu,OQ2007,Chongqing Airlines,text,Duration: 4h 50m,,True,2026-02-19T11:01:21.933945
2026-08-18,CKG,departure,07:05,HRB Harbin,CA4011,Air China,text,Duration: 3h 55m,,True,2026-02-19T11:01:21.933951
2026-08-18,CKG,departure,07:05,NGB Ningbo,3U8109,Sichuan Airlines,text,Duration: 2h 20m,,True,2026-02-19T11:01:21.933956
2026-08-18,CKG,departure,07:05,YTY Yangzhou,3U8167,Sichuan Airlines,text,Duration: 2h 15m,,True,2026-02-19T11:01:21.933962
2026-08-18,CKG,departure,07:10,LHW Lanzhou,G54033,Gestair,text,Duration: 1h 50m,,True,2026-02-19T11:01:21.933967
2026-08-18,CKG,departure,07:10,NKG Nanjing,CA4545,Air China,text,Duration: 2h 10m,,True,2026-02-19T11:01:21.933972
2026-08-18,CKG,departure,07:10,SZX Shenzhen,3U8781,Sichuan Airlines,text,Duration: 2h 0m,,True,2026-02-19T11:01:21.934082
2026-08-18,CKG,departure,07:10,SZX Shenzhen,CA4343,Air China,text,Duration: 2h 10m,,True,2026-02-19T11:01:21.934089
2026-08-18,CKG,departure,07:15,HGH Hangzhou,3U8081,Sichuan Airlines,text,Duration: 2h 10m,,True,2026-02-19T11:01:21.934094
2026-08-18,CKG,departure,07:15,LYG Lianyungang,G52835,Gestair,text,Duration: 2h 15m,,True,2026-02-19T11:01:21.934100
2026-08-18,CKG,departure,07:15,NKG Nanjing,3U8041,Sichuan Airlines,text,Duration: 2h 5m,,True,2026-02-19T11:01:21.934105
2026-08-18,CKG,departure,07:15,PEK Beijing,3U8829,Sichuan Airlines,text,Duration: 2h 25m,,True,2026-02-19T11:01:21.934110
2026-08-18,CKG,departure,07:15,PVG Shanghai,3U8971,Sichuan Airlines,text,Duration: 2h 25m,,True,2026-02-19T11:01:21.934116
2026-08-18,CKG,departure,07:20,HAK Haikou,OQ2341,Chongqing Airlines,text,Duration: 2h 15m,,True,2026-02-19T11:01:21.934121
2026-08-18,CKG,departure,07:20,SHA Shanghai,MU5424,China Eastern,text,Duration: 2h 15m,,True,2026-02-19T11:01:21.934126
2026-08-18,CKG,departure,07:20,SHE Shenyang,3U8037,Sichuan Airlines,text,Duration: 3h 0m,,True,2026-02-19T11:01:21.934131
2026-08-18,CKG,departure,07:20,UCB Ulanqab,G54917,Gestair,text,Duration: 2h 45m,,True,2026-02-19T11:01:21.934214
2026-08-18,CKG,departure,07:25,LYI Linyi,OQ2363,Chongqing Airlines,text,Duration: 2h 30m,,True,2026-02-19T11:01:21.934222
2026-08-18,CKG,departure,07:30,CAN Guangzhou,OQ2323,Chongqing Airlines,text,Duration: 2h 0m,,True,2026-02-19T11:01:21.934227
2026-08-18,CKG,departure,07:30,CSX Changsha,GS6587,Tianjin Airlines,text,Duration: 1h 25m,,True,2026-02-19T11:01:21.934233
2026-08-18,CKG,departure,07:30,HGH Hangzhou,CA4553,Air China,text,Duration: 2h 25m,,True,2026-02-19T11:01:21.934238
2026-08-18,CKG,departure,07:30,SHS Shashi,G54753,Gestair,text,Duration: 1h 25m,,True,2026-02-19T11:01:21.934243
2026-08-18,CKG,departure,07:30,SZX Shenzhen,OQ2335,Chongqing Airlines,text,Duration: 2h 10m,,True,2026-02-19T11:01:21.934248
2026-08-18,CKG,departure,07:35,FUG Fuyang,PN6219,West Air (China),text,Duration: 2h 0m,,True,2026-02-19T11:01:21.934254
2026-08-18,CKG,departure,07:40,NGB Ningbo,CA4549,Air China,text,Duration: 2h 35m,,True,2026-02-19T11:01:21.934259
2026-08-18,CKG,departure,07:40,XMN Xiamen,CA4565,Air China,text,Duration: 2h 30m,,True,2026-02-19T11:01:21.934264
2026-08-18,CKG,departure,07:50,CGQ Changchun,CA4015,Air China,text,Duration: 3h 30m,,True,2026-02-19T11:01:21.934342
2026-08-18,CKG,departure,07:50,LZY Nyingchi,TV9869,Tibet Airlines,text,Duration: 2h 20m,,True,2026-02-19T11:01:21.934348
2026-08-18,CKG,departure,07:50,SHE Shenyang,OQ2073,Chongqing Airlines,text,Duration: 3h 0m,,True,2026-02-19T11:01:21.934354
2026-08-18,CKG,departure,07:50,TSN Tianjin,GS7906,Tianjin Airlines,text,Duration: 2h 15m,,True,2026-02-19T11:01:21.934359
2026-08-18,CKG,departure,07:55,JHG Jinghong,G54263,Gestair,text,Duration: 2h 15m,,True,2026-02-19T11:01:21.934364
2026-08-18,CKG,departure,07:55,SZX Shenzhen,HU7458,Hainan Airlines,text,Duration: 2h 0m,,True,2026-02-19T11:01:21.934369
2026-08-18,CKG,departure,08:00,CAN Guangzhou,CA4361,Air China,text,Duration: 2h 15m,,True,2026-02-19T11:01:21.934375
2026-08-18,CKG,departure,08:00,KRL Korla,3U8141,Sichuan Airlines,text,Duration: 4h 20m,,True,2026-02-19T11:01:21.934381
2026-08-18,CKG,departure,08:00,PEK Beijing,CA4131,Air China,text,Duration: 2h 25m,,True,2026-02-19T11:01:21.934386
2026-08-18,CKG,departure,08:00,PKX Beijing,OQ2001,Chongqing Airlines,text,Duration: 2h 35m,,True,2026-02-19T11:01:21.934391
2026-08-18,CKG,departure,08:00,SJW Shijiazhuang,NS3240,Hebei Airlines,text,Duration: 2h 5m,,True,2026-02-19T11:01:21.934467
2026-08-18,CKG,departure,08:00,ZUH Zhuhai,CA4371,Air China,text,Duration: 2h 5m,,True,2026-02-19T11:01:21.934474
2026-08-18,CKG,departure,08:05,HFE Hefei,CA4563,Air China,text,Duration: 1h 40m,,True,2026-02-19T11:01:21.934479
2026-08-18,CKG,departure,08:05,HRB Harbin,3U8165,Sichuan Airlines,text,Duration: 3h 25m,,True,2026-02-19T11:01:21.934484
2026-08-18,CKG,departure,08:05,KIX Osaka,MF8653,XiamenAir,text,Duration: 3h 55m,,True,2026-02-19T11:01:21.934489
2026-08-18,CKG,departure,08:05,SHA Shanghai,CA4543,Air China,text,Duration: 2h 25m,,True,2026-02-19T11:01:21.934494
2026-08-18,CKG,departure,08:05,XIY Xian,OQ2303,Chongqing Airlines,text,Duration: 1h 45m,,True,2026-02-19T11:01:21.934500
2026-08-18,CKG,departure,08:05,XMN Xiamen,MF8434,XiamenAir,text,Duration: 2h 15m,,True,2026-02-19T11:01:21.934505
2026-08-18,CKG,departure,08:10,KMG Kunming,OQ2117,Chongqing Airlines,text,Duration: 1h 45m,,True,2026-02-19T11:01:21.934511
2026-08-18,CKG,departure,08:10,KUL Kuala Lumpur,MF8687,XiamenAir,text,Duration: 4h 40m,,True,2026-02-19T11:01:21.934517
2026-08-18,CKG,departure,08:10,SIN Singapore,CA449,Air China,text,Duration: 5h 20m,,True,2026-02-19T11:01:21.934593
2026-08-18,CKG,departure,08:10,XIC Xichang,G54165,Gestair,text,Duration: 1h 40m,,True,2026-02-19T11:01:21.934600
2026-08-18,CKG,departure,08:15,BKK Bangkok,HU423,Hainan Airlines,text,Duration: 3h 20m,,True,2026-02-19T11:01:21.934605
2026-08-18,CKG,departure,08:15,HGH Hangzhou,GS6581,Tianjin Airlines,text,Duration: 2h 10m,,True,2026-02-19T11:01:21.934611
2026-08-18,CKG,departure,08:15,NNG Nanning,ZH9382,Shenzhen Airlines,text,Duration: 1h 40m,,True,2026-02-19T11:01:21.934617
2026-08-18,CKG,departure,08:15,SHA Shanghai,MF8581,XiamenAir,text,Duration: 2h 15m,,True,2026-02-19T11:01:21.934622
2026-08-18,CKG,departure,08:15,SZX Shenzhen,ZH9470,Shenzhen Airlines,text,Duration: 2h 20m,,True,2026-02-19T11:01:21.934628
2026-08-18,CKG,departure,08:15,TAO Qingdao,SC4842,Shandong Airlines,text,Duration: 2h 25m,,True,2026-02-19T11:01:21.934633
2026-08-18,CKG,departure,08:15,TYN Taiyuan,SC2267,Shandong Airlines,text,Duration: 1h 45m,,True,2026-02-19T11:01:21.934638
2026-08-18,CKG,departure,08:15,WUX Wuxi,3U8025,Sichuan Airlines,text,Duration: 2h 15m,,True,2026-02-19T11:01:21.934643
2026-08-18,CKG,departure,08:20,PVG Shanghai,OQ2307,Chongqing Airlines,text,Duration: 2h 30m,,True,2026-02-19T11:01:21.934716
2026-08-18,CKG,departure,08:20,XMN Xiamen,SC2142,Shandong Airlines,text,Duration: 2h 5m,,True,2026-02-19T11:01:21.934723
2026-08-18,CKG,departure,08:25,CAN Guangzhou,OQ2305,Chongqing Airlines,text,Duration: 2h 10m,,True,2026-02-19T11:01:21.934728
2026-08-18,CKG,departure,08:25,HGH Hangzhou,OQ2379,Chongqing Airlines,text,Duration: 2h 10m,,True,2026-02-19T11:01:21.934734
2026-08-18,CKG,departure,08:25,PVG Shanghai,CA4575,Air China,text,Duration: 2h 45m,,True,2026-02-19T11:01:21.934739
2026-08-18,CKG,departure,08:30,SYX Sanya,HU7340,Hainan Airlines,text,Duration: 2h 20m,,True,2026-02-19T11:01:21.934745
2026-08-18,CKG,departure,08:30,SZX Shenzhen,CZ3642,China Southern,text,Duration: 2h 15m,,True,2026-02-19T11:01:21.934750
2026-08-18,CKG,departure,08:30,TNA Jinan,SC8810,Shandong Airlines,text,Duration: 2h 10m,,True,2026-02-19T11:01:21.934756
2026-08-18,CKG,departure,08:30,WNZ Wenzhou,HU7471,Hainan Airlines,text,Duration: 2h 35m,,True,2026-02-19T11:01:21.934761
2026-08-18,CKG,departure,08:35,ICN Seoul,CA439,Air China,text,Duration: 3h 30m,,True,2026-02-19T11:01:21.934767
2026-08-18,CKG,departure,08:35,SIN Singapore,OQ2095,Chongqing Airlines,text,Duration: 4h 50m,,True,2026-02-19T11:01:21.934838
2026-08-18,CKG,departure,08:40,CGQ Changchun,MF8037,XiamenAir,text,Duration: 3h 50m,,True,2026-02-19T11:01:21.934845
2026-08-18,CKG,departure,08:40,KOW Ganzhou,G54921,Gestair,text,Duration: 2h 0m,,True,2026-02-19T11:01:21.934851
2026-08-18,CKG,departure,08:45,PVG Shanghai,MU5426,China Eastern,text,Duration: 2h 25m,,True,2026-02-19T11:01:21.934856
2026-08-18,CKG,departure,08:45,URC Urumqi,GS6591,Tianjin Airlines,text,Duration: 4h 15m,,True,2026-02-19T11:01:21.934862
2026-08-18,CKG,departure,08:50,BHY Beihai,3U8123,Sichuan Airlines,text,Duration: 2h 0m,,True,2026-02-19T11:01:21.934867
2026-08-18,CKG,departure,08:50,HKG Hong Kong,HX497,Hong Kong Airlines,text,Duration: 2h 30m,,True,2026-02-19T11:01:21.934872
2026-08-18,CKG,departure,08:50,INC Yinchuan,G54337,Gestair,text,Duration: 1h 55m,,True,2026-02-19T11:01:21.934882
2026-08-18,CKG,departure,08:50,YNT Yantai,SC7653,Shandong Airlines,text,Duration: 2h 50m,,True,2026-02-19T11:01:21.934892
2026-08-18,CKG,departure,08:55,URC Urumqi,CA4255,Air China,text,Duration: 4h 0m,,True,2026-02-19T11:01:21.934902
2026-08-18,CKG,departure,08:55,YIC Yichun,PN6479,West Air (China),text,Duration: 1h 35m,,True,2026-02-19T11:01:21.934991
2026-08-18,CKG,departure,09:00,DLU Dali City,OQ2347,Chongqing Airlines,text,Duration: 2h 5m,,True,2026-02-19T11:01:21.934998
2026-08-18,CKG,departure,09:00,XMN Xiamen,HU7411,Hainan Airlines,text,Duration: 2h 30m,,True,2026-02-19T11:01:21.935003
2026-08-18,CKG,departure,09:05,CGQ Changchun,OQ2077,Chongqing Airlines,text,Duration: 3h 20m,,True,2026-02-19T11:01:21.935009
2026-08-18,CKG,departure,09:05,HGH Hangzhou,MF8476,XiamenAir,text,Duration: 2h 20m,,True,2026-02-19T11:01:21.935014
2026-08-18,CKG,departure,09:05,HIA Huai'an,OQ2035,Chongqing Airlines,text,Duration: 2h 5m,,True,2026-02-19T11:01:21.935019
2026-08-18,CKG,departure,09:05,LJG Lijiang,PN6239,West Air (China),text,Duration: 1h 45m,,True,2026-02-19T11:01:21.935024
2026-08-18,CKG,departure,09:05,LXA Lhasa/Lasa,3U8635,Sichuan Airlines,text,Duration: 2h 55m,,True,2026-02-19T11:01:21.935029
2026-08-18,CKG,departure,09:05,PEK Beijing,CA4137,Air China,text,Duration: 2h 25m,,True,2026-02-19T11:01:21.935035
2026-08-18,CKG,departure,09:05,WNZ Wenzhou,HU7463,Hainan Airlines,text,Duration: 2h 20m,,True,2026-02-19T11:01:21.935040
2026-08-18,CKG,departure,09:05,ZUH Zhuhai,SC2265,Shandong Airlines,text,Duration: 1h 55m,,True,2026-02-19T11:01:21.935116
2026-08-18,CKG,departure,09:10,CGO Zhengzhou,CZ6650,China Southern,text,Duration: 1h 45m,,True,2026-02-19T11:01:21.935123
2026-08-18,CKG,departure,09:10,HYN Taizhou,OQ2013,Chongqing Airlines,text,Duration: 2h 10m,,True,2026-02-19T11:01:21.935128
2026-08-18,CKG,departure,09:10,NKG Nanjing,OQ2321,Chongqing Airlines,text,Duration: 1h 55m,,True,2026-02-19T11:01:21.935133
2026-08-18,CKG,departure,09:10,TNA Jinan,PN6265,West Air (China),text,Duration: 2h 5m,,True,2026-02-19T11:01:21.935138
2026-08-18,CKG,departure,09:15,HFE Hefei,MU9981,China Eastern,text,Duration: 1h 40m,,True,2026-02-19T11:01:21.935143
2026-08-18,CKG,departure,09:15,TYN Taiyuan,SC2269,Shandong Airlines,text,Duration: 2h 5m,,True,2026-02-19T11:01:21.935148
2026-08-18,CKG,departure,09:20,PVG Shanghai,PN6373,West Air (China),text,Duration: 2h 15m,,True,2026-02-19T11:01:21.935154
2026-08-18,CKG,departure,09:30,CAN Guangzhou,HU7342,Hainan Airlines,text,Duration: 1h 50m,,True,2026-02-19T11:01:21.935159
2026-08-18,CKG,departure,09:30,NKG Nanjing,3U8043,Sichuan Airlines,text,Duration: 2h 5m,,True,2026-02-19T11:01:21.935165
2026-08-18,CKG,departure,09:35,JHG Jinghong,8L9606,Lucky Air,text,Duration: 2h 10m,,True,2026-02-19T11:01:21.935238
2026-08-18,CKG,departure,09:35,TNA Jinan,SC8812,Shandong Airlines,text,Duration: 2h 30m,,True,2026-02-19T11:01:21.935245
2026-08-18,CKG,departure,09:50,LZY Nyingchi,3U3181,Sichuan Airlines,text,Duration: 2h 30m,,True,2026-02-19T11:01:21.935250
2026-08-18,CKG,departure,09:55,PEK Beijing,CA1450,Air China,text,Duration: 2h 35m,,True,2026-02-19T11:01:21.935256
2026-08-18,CKG,departure,09:55,SVO Moscow,GS7941,Tianjin Airlines,text,Duration: 9h 0m,,True,2026-02-19T11:01:21.935261
2026-08-18,CKG,departure,09:55,SZX Shenzhen,9C8614,Spring Airlines,text,Duration: 2h 15m,,True,2026-02-19T11:01:21.935267
2026-08-18,CKG,departure,09:55,TCZ Tengchong,KY3005,Kunming Airlines,text,Duration: 2h 15m,,True,2026-02-19T11:01:21.935272
2026-08-18,CKG,departure,10:00,INC Yinchuan,3U8283,Sichuan Airlines,text,Duration: 1h 45m,,True,2026-02-19T11:01:21.935277
2026-08-18,CKG,departure,10:00,JHG Jinghong,PN6403,West Air (China),text,Duration: 2h 0m,,True,2026-02-19T11:01:21.935283
2026-08-18,CKG,departure,10:00,WUH Wuhan,CZ6176,China Southern,text,Duration: 1h 30m,,True,2026-02-19T11:01:21.935289
2026-08-18,CKG,departure,10:05,NKG Nanjing,CA4559,Air China,text,Duration: 2h 10m,,True,2026-02-19T11:01:21.935361
2026-08-18,CKG,departure,10:15,SWA Jieyang,PN6385,West Air (China),text,Duration: 2h 20m,,True,2026-02-19T11:01:21.935367
2026-08-18,CKG,departure,10:20,CAN Guangzhou,3U8747,Sichuan Airlines,text,Duration: 2h 5m,,True,2026-02-19T11:01:21.935373
2026-08-18,CKG,departure,10:25,INC Yinchuan,CA4267,Air China,text,Duration: 1h 55m,,True,2026-02-19T11:01:21.935378
2026-08-18,CKG,departure,10:25,JNG Jining,GX8891,GX Airlines,text,Duration: 2h 15m,,True,2026-02-19T11:01:21.935384
2026-08-18,CKG,departure,10:30,BAV Baotou,G54179,Gestair,text,Duration: 2h 10m,,True,2026-02-19T11:01:21.935390
2026-08-18,CKG,departure,10:30,CAN Guangzhou,JD5228,Capital Airlines,text,Duration: 2h 5m,,True,2026-02-19T11:01:21.935395
2026-08-18,CKG,departure,10:30,TSN Tianjin,GS7774,Tianjin Airlines,text,Duration: 2h 25m,,True,2026-02-19T11:01:21.935401
2026-08-18,CKG,departure,10:35,JNH Jiaxing,GJ8783,Loong Air,text,Duration: 2h 40m,,True,2026-02-19T11:01:21.935406
2026-08-18,CKG,departure,10:35,XIY Xian,MU2262,China Eastern,text,Duration: 1h 25m,,True,2026-02-19T11:01:21.935412
2026-08-18,CKG,departure,10:40,CAN Guangzhou,HU7142,Hainan Airlines,text,Duration: 2h 15m,,True,2026-02-19T11:01:21.935483
2026-08-18,CKG,departure,10:40,CZX Changzhou,MU2904,China Eastern,text,Duration: 2h 5m,,True,2026-02-19T11:01:21.935490
2026-08-18,CKG,departure,10:40,TNA Jinan,SC8814,Shandong Airlines,text,Duration: 2h 5m,,True,2026-02-19T11:01:21.935496
2026-08-18,CKG,departure,10:45,KHN Nanchang,ZH8846,Shenzhen Airlines,text,Duration: 1h 35m,,True,2026-02-19T11:01:21.935501
2026-08-18,CKG,departure,10:45,TYN Taiyuan,DR5311,Ruili Airlines,text,Duration: 2h 15m,,True,2026-02-19T11:01:21.935507
2026-08-18,CKG,departure,10:45,YNT Yantai,3U8173,Sichuan Airlines,text,Duration: 2h 20m,,True,2026-02-19T11:01:21.935512
2026-08-18,CKG,departure,10:50,KMG Kunming,MU5866,China Eastern,text,Duration: 1h 35m,,True,2026-02-19T11:01:21.935518
2026-08-18,CKG,departure,10:50,LXA Lhasa/Lasa,MF8411,XiamenAir,text,Duration: 3h 5m,,True,2026-02-19T11:01:21.935523
2026-08-18,CKG,departure,10:50,TNA Jinan,SC8804,Shandong Airlines,text,Duration: 2h 10m,,True,2026-02-19T11:01:21.935528
2026-08-18,CKG,departure,10:50,WUX Wuxi,MU9766,China Eastern,text,Duration: 2h 20m,,True,2026-02-19T11:01:21.935534
2026-08-18,CKG,departure,10:50,YTY Yangzhou,9C6196,Spring Airlines,text,Duration: 2h 25m,,True,2026-02-19T11:01:21.935628
2026-08-18,CKG,departure,10:55,FOC Fuzhou,HU7263,Hainan Airlines,text,Duration: 2h 40m,,True,2026-02-19T11:01:21.935637
2026-08-18,CKG,departure,10:55,HGH Hangzhou,CA1760,Air China,text,Duration: 2h 50m,,True,2026-02-19T11:01:21.935643
2026-08-18,CKG,departure,10:55,HGH Hangzhou,JD5692,Capital Airlines,text,Duration: 2h 0m,,True,2026-02-19T11:01:21.935650
2026-08-18,CKG,departure,10:55,JJN Jinjiang,MF8612,XiamenAir,text,Duration: 2h 25m,,True,2026-02-19T11:01:21.935655
2026-08-18,CKG,departure,10:55,NNG Nanning,CZ5836,China Southern,text,Duration: 2h 0m,,True,2026-02-19T11:01:21.935661
2026-08-18,CKG,departure,10:55,SZX Shenzhen,HU7158,Hainan Airlines,text,Duration: 1h 55m,,True,2026-02-19T11:01:21.935666
2026-08-18,CKG,departure,10:55,TAO Qingdao,SC4834,Shandong Airlines,text,Duration: 2h 35m,,True,2026-02-19T11:01:21.935672
2026-08-18,CKG,departure,11:00,CGK Jakarta,MF8673,XiamenAir,text,Duration: 5h 40m,,True,2026-02-19T11:01:21.935677
2026-08-18,CKG,departure,11:00,XMN Xiamen,SC2136,Shandong Airlines,text,Duration: 2h 20m,,True,2026-02-19T11:01:21.935682
2026-08-18,CKG,departure,11:05,ACX Xingyi,BK2953,OkAir,text,Duration: 1h 35m,,True,2026-02-19T11:01:21.935788
2026-08-18,CKG,departure,11:05,CSX Changsha,CZ3422,China Southern,text,Duration: 1h 35m,,True,2026-02-19T11:01:21.935796
2026-08-18,CKG,departure,11:05,HAK Haikou,HU7172,Hainan Airlines,text,Duration: 2h 15m,,True,2026-02-19T11:01:21.935802
2026-08-18,CKG,departure,11:05,NKG Nanjing,HO1708,Juneyao Airlines,text,Duration: 2h 0m,,True,2026-02-19T11:01:21.935807
2026-08-18,CKG,departure,11:10,DMK Bangkok,FD557,Thai AirAsia,text,Duration: 3h 10m,,True,2026-02-19T11:01:21.935813
2026-08-18,CKG,departure,11:10,SYX Sanya,CZ6228,China Southern,text,Duration: 2h 30m,,True,2026-02-19T11:01:21.935818
2026-08-18,CKG,departure,11:10,XMN Xiamen,MF8404,XiamenAir,text,Duration: 2h 25m,,True,2026-02-19T11:01:21.935823
2026-08-18,CKG,departure,11:15,FOC Fuzhou,MF8462,XiamenAir,text,Duration: 2h 30m,,True,2026-02-19T11:01:21.935829
2026-08-18,CKG,departure,11:15,WUH Wuhan,CZ3628,China Southern,text,Duration: 1h 40m,,True,2026-02-19T11:01:21.935834
2026-08-18,CKG,departure,11:20,HKG Hong Kong,CA419,Air China,text,Duration: 2h 30m,,True,2026-02-19T11:01:21.935839
2026-08-18,CKG,departure,11:20,PKX Beijing,MU6682,China Eastern,text,Duration: 2h 40m,,True,2026-02-19T11:01:21.935927
2026-08-18,CKG,departure,11:20,TAO Qingdao,SC4846,Shandong Airlines,text,Duration: 2h 25m,,True,2026-02-19T11:01:21.935935
2026-08-18,CKG,departure,11:25,LXA Lhasa/Lasa,CZ3463,China Southern,text,Duration: 2h 45m,,True,2026-02-19T11:01:21.935940
2026-08-18,CKG,departure,11:30,HGH Hangzhou,MF8472,XiamenAir,text,Duration: 2h 20m,,True,2026-02-19T11:01:21.935946
2026-08-18,CKG,departure,11:30,NKG Nanjing,MU2926,China Eastern,text,Duration: 2h 0m,,True,2026-02-19T11:01:21.935951
2026-08-18,CKG,departure,11:30,PEK Beijing,CA4135,Air China,text,Duration: 2h 30m,,True,2026-02-19T11:01:21.935956
2026-08-18,CKG,departure,11:30,SYX Sanya,HU7350,Hainan Airlines,text,Duration: 2h 25m,,True,2026-02-19T11:01:21.935962
2026-08-18,CKG,departure,11:30,TNA Jinan,SC8808,Shandong Airlines,text,Duration: 2h 0m,,True,2026-02-19T11:01:21.935967
2026-08-18,CKG,departure,11:35,HAK Haikou,CZ6314,China Southern,text,Duration: 2h 20m,,True,2026-02-19T11:01:21.935972
2026-08-18,CKG,departure,11:35,HFE Hefei,MU5365,China Eastern,text,Duration: 1h 50m,,True,2026-02-19T11:01:21.935978
2026-08-18,CKG,departure,11:35,PVG Shanghai,HO1250,Juneyao Airlines,text,Duration: 2h 40m,,True,2026-02-19T11:01:21.936067
2026-08-18,CKG,departure,11:35,YIW Yiwu,CZ3888,China Southern,text,Duration: 2h 20m,,True,2026-02-19T11:01:21.936076
2026-08-18,CKG,departure,11:45,SZX Shenzhen,CZ3466,China Southern,text,Duration: 2h 10m,,True,2026-02-19T11:01:21.936082
2026-08-18,CKG,departure,11:45,ZUH Zhuhai,CZ8286,China Southern,text,Duration: 2h 0m,,True,2026-02-19T11:01:21.936087
2026-08-18,CKG,departure,11:50,CAN Guangzhou,OQ2317,Chongqing Airlines,text,Duration: 2h 0m,,True,2026-02-19T11:01:21.936095
2026-08-18,CKG,departure,11:50,SZX Shenzhen,ZH9462,Shenzhen Airlines,text,Duration: 2h 10m,,True,2026-02-19T11:01:21.936101
2026-08-18,CKG,departure,11:50,WNZ Wenzhou,CA8304,Air China,text,Duration: 2h 35m,,True,2026-02-19T11:01:21.936106
2026-08-18,CKG,departure,11:55,PKX Beijing,CA8652,Air China,text,Duration: 2h 30m,,True,2026-02-19T11:01:21.936112
2026-08-18,CKG,departure,12:00,CMB Colombo,OQ2393,Chongqing Airlines,text,Duration: 6h 10m,,True,2026-02-19T11:01:21.936117
2026-08-18,CKG,departure,12:00,PEK Beijing,CA1432,Air China,text,Duration: 2h 30m,,True,2026-02-19T11:01:21.936123
2026-08-18,CKG,departure,12:00,PKX Beijing,NS8036,Hebei Airlines,text,Duration: 2h 15m,,True,2026-02-19T11:01:21.936207
2026-08-18,CKG,departure,12:00,TSN Tianjin,CA2862,Air China,text,Duration: 2h 40m,,True,2026-02-19T11:01:21.936214
2026-08-18,CKG,departure,12:00,WNZ Wenzhou,KN5298,China United Airlines,text,Duration: 2h 20m,,True,2026-02-19T11:01:21.936220
2026-08-18,CKG,departure,12:05,CGO Zhengzhou,CZ3480,China Southern,text,Duration: 1h 30m,,True,2026-02-19T11:01:21.936226
2026-08-18,CKG,departure,12:05,LXA Lhasa/Lasa,PN6568,West Air (China),text,Duration: 3h 0m,,True,2026-02-19T11:01:21.936231
2026-08-18,CKG,departure,12:05,PKX Beijing,JD5756,Capital Airlines,text,Duration: 2h 20m,,True,2026-02-19T11:01:21.936237
2026-08-18,CKG,departure,12:05,WUX Wuxi,ZH9552,Shenzhen Airlines,text,Duration: 2h 10m,,True,2026-02-19T11:01:21.936243
2026-08-18,CKG,departure,12:05,YYA Yueyang,DZ6285,Donghai Airlines,text,Duration: 1h 30m,,True,2026-02-19T11:01:21.936248
2026-08-18,CKG,departure,12:10,DLC Dalian,CZ6580,China Southern,text,Duration: 2h 50m,,True,2026-02-19T11:01:21.936253
2026-08-18,CKG,departure,12:15,LXA Lhasa/Lasa,EU2738,Chengdu Airlines,text,Duration: 3h 0m,,True,2026-02-19T11:01:21.936259
2026-08-18,CKG,departure,12:15,PEK Beijing,HU7168,Hainan Airlines,text,Duration: 2h 35m,,True,2026-02-19T11:01:21.936333
2026-08-18,CKG,departure,12:15,PKX Beijing,CZ8918,China Southern,text,Duration: 2h 30m,,True,2026-02-19T11:01:21.936340
2026-08-18,CKG,departure,12:20,SJW Shijiazhuang,PN6335,West Air (China),text,Duration: 2h 0m,,True,2026-02-19T11:01:21.936346
2026-08-18,CKG,departure,12:25,NTG Nantong,ZH8672,Shenzhen Airlines,text,Duration: 2h 20m,,True,2026-02-19T11:01:21.936351
2026-08-18,CKG,departure,12:30,HGH Hangzhou,OQ2389,Chongqing Airlines,text,Duration: 2h 20m,,True,2026-02-19T11:01:21.936357
2026-08-18,CKG,departure,12:30,NKG Nanjing,MU2664,China Eastern,text,Duration: 2h 0m,,True,2026-02-19T11:01:21.936362
2026-08-18,CKG,departure,12:40,SHA Shanghai,9C8898,Spring Airlines,text,Duration: 2h 20m,,True,2026-02-19T11:01:21.936367
2026-08-18,CKG,departure,12:45,HET Hohhot,OQ2175,Chongqing Airlines,text,Duration: 2h 30m,,True,2026-02-19T11:01:21.936373
2026-08-18,CKG,departure,12:50,DHH Hami,EU2223,Chengdu Airlines,text,Duration: 4h 10m,,True,2026-02-19T11:01:21.936378
2026-08-18,CKG,departure,12:55,PVG Shanghai,9C7298,Spring Airlines,text,Duration: 2h 40m,,True,2026-02-19T11:01:21.936383
2026-08-18,CKG,departure,13:00,PEK Beijing,CA1430,Air China,text,Duration: 2h 30m,,True,2026-02-19T11:01:21.936455
2026-08-18,CKG,departure,13:00,SZX Shenzhen,3U8783,Sichuan Airlines,text,Duration: 2h 20m,,True,2026-02-19T11:01:21.936462
2026-08-18,CKG,departure,13:00,URC Urumqi,3U3209,Sichuan Airlines,text,Duration: 4h 10m,,True,2026-02-19T11:01:21.936467
2026-08-18,CKG,departure,13:05,TNA Jinan,SC8818,Shandong Airlines,text,Duration: 2h 0m,,True,2026-02-19T11:01:21.936473
2026-08-18,CKG,departure,13:05,WNZ Wenzhou,PN6283,West Air (China),text,Duration: 2h 15m,,True,2026-02-19T11:01:21.936479
2026-08-18,CKG,departure,13:10,LXA Lhasa/Lasa,TV9719,Tibet Airlines,text,Duration: 3h 10m,,True,2026-02-19T11:01:21.936484
2026-08-18,CKG,departure,13:20,LXA Lhasa/Lasa,PN6391,West Air (China),text,Duration: 2h 55m,,True,2026-02-19T11:01:21.936490
2026-08-18,CKG,departure,13:20,PVG Shanghai,CA8544,Air China,text,Duration: 2h 30m,,True,2026-02-19T11:01:21.936495
2026-08-18,CKG,departure,13:20,SHE Shenyang,CZ6404,China Southern,text,Duration: 3h 10m,,True,2026-02-19T11:01:21.936501
2026-08-18,CKG,departure,13:25,WEF Weifang,G52773,Gestair,text,Duration: 2h 25m,,True,2026-02-19T11:01:21.936506
2026-08-18,CKG,departure,13:30,"JUZ Quzhou, Zhejiang Province",G54683,Gestair,text,Duration: 2h 10m,,True,2026-02-19T11:01:21.936583
2026-08-18,CKG,departure,13:30,KHG Kashi,OQ2009,Chongqing Airlines,text,Duration: 5h 25m,,True,2026-02-19T11:01:21.936590
2026-08-18,CKG,departure,13:30,SHA Shanghai,MU9196,China Eastern,text,Duration: 2h 30m,,True,2026-02-19T11:01:21.936595
2026-08-18,CKG,departure,13:30,TNA Jinan,SC8802,Shandong Airlines,text,Duration: 2h 15m,,True,2026-02-19T11:01:21.936600
2026-08-18,CKG,departure,13:35,CGQ Changchun,CZ6364,China Southern,text,Duration: 3h 40m,,True,2026-02-19T11:01:21.936605
2026-08-18,CKG,departure,13:40,DLU Dali City,CA4485,Air China,text,Duration: 1h 50m,,True,2026-02-19T11:01:21.936611
2026-08-18,CKG,departure,13:40,SYX Sanya,PN6203,West Air (China),text,Duration: 2h 25m,,True,2026-02-19T11:01:21.936616
2026-08-18,CKG,departure,13:40,URC Urumqi,CZ6986,China Southern,text,Duration: 3h 55m,,True,2026-02-19T11:01:21.936622
2026-08-18,CKG,departure,13:50,FOC Fuzhou,MF8486,XiamenAir,text,Duration: 2h 20m,,True,2026-02-19T11:01:21.936627
2026-08-18,CKG,departure,13:50,HGH Hangzhou,3U8083,Sichuan Airlines,text,Duration: 2h 30m,,True,2026-02-19T11:01:21.936632
2026-08-18,CKG,departure,13:50,XMN Xiamen,3U8087,Sichuan Airlines,text,Duration: 2h 45m,,True,2026-02-19T11:01:21.936705
2026-08-18,CKG,departure,13:55,CSX Changsha,3U8009,Sichuan Airlines,text,Duration: 1h 25m,,True,2026-02-19T11:01:21.936711
2026-08-18,CKG,departure,13:55,PEK Beijing,CA4141,Air China,text,Duration: 2h 35m,,True,2026-02-19T11:01:21.936717
2026-08-18,CKG,departure,13:55,XMN Xiamen,MF8414,XiamenAir,text,Duration: 2h 20m,,True,2026-02-19T11:01:21.936723
2026-08-18,CKG,departure,14:00,CAN Guangzhou,CA4349,Air China,text,Duration: 2h 20m,,True,2026-02-19T11:01:21.936728
2026-08-18,CKG,departure,14:00,SZX Shenzhen,OQ2345,Chongqing Airlines,text,Duration: 1h 50m,,True,2026-02-19T11:01:21.936733
2026-08-18,CKG,departure,14:00,WUH Wuhan,3U8155,Sichuan Airlines,text,Duration: 1h 25m,,True,2026-02-19T11:01:21.936739
2026-08-18,CKG,departure,14:05,DOY Dongying,G54009,Gestair,text,Duration: 2h 20m,,True,2026-02-19T11:01:21.936744
2026-08-18,CKG,departure,14:05,HET Hohhot,G54151,Gestair,text,Duration: 2h 25m,,True,2026-02-19T11:01:21.936750
2026-08-18,CKG,departure,14:05,HFE Hefei,3U8197,Sichuan Airlines,text,Duration: 1h 55m,,True,2026-02-19T11:01:21.936755
2026-08-18,CKG,departure,14:05,HTN Hotan,CA4253,Air China,text,Duration: 5h 0m,,True,2026-02-19T11:01:21.936826
2026-08-18,CKG,departure,14:05,WUX Wuxi,HO2014,Juneyao Airlines,text,Duration: 2h 20m,,True,2026-02-19T11:01:21.936833
2026-08-18,CKG,departure,14:05,XUZ Xuzhou,G54607,Gestair,text,Duration: 1h 55m,,True,2026-02-19T11:01:21.936839
2026-08-18,CKG,departure,14:05,YIW Yiwu,GY7278,Colorful GuiZhou Airlines,text,Duration: 2h 10m,,True,2026-02-19T11:01:21.936844
2026-08-18,CKG,departure,14:10,CZX Changzhou,3U8097,Sichuan Airlines,text,Duration: 2h 10m,,True,2026-02-19T11:01:21.936850
2026-08-18,CKG,departure,14:10,HRB Harbin,OQ2327,Chongqing Airlines,text,Duration: 3h 45m,,True,2026-02-19T11:01:21.936856
2026-08-18,CKG,departure,14:10,WHA Wuhu,3U8071,Sichuan Airlines,text,Duration: 2h 10m,,True,2026-02-19T11:01:21.936862
2026-08-18,CKG,departure,14:15,CGO Zhengzhou,3U8159,Sichuan Airlines,text,Duration: 1h 45m,,True,2026-02-19T11:01:21.936867
2026-08-18,CKG,departure,14:15,HZA Heze,GJ8292,Loong Air,text,Duration: 2h 5m,,True,2026-02-19T11:01:21.936873
2026-08-18,CKG,departure,14:15,PKX Beijing,CZ8912,China Southern,text,Duration: 2h 25m,,True,2026-02-19T11:01:21.936880
2026-08-18,CKG,departure,14:15,XNN Xining,TV9911,Tibet Airlines,text,Duration: 1h 55m,,True,2026-02-19T11:01:21.936964
2026-08-18,CKG,departure,14:20,LXA Lhasa/Lasa,CA4420,Air China,text,Duration: 2h 50m,,True,2026-02-19T11:01:21.936971
2026-08-18,CKG,departure,14:30,KRL Korla,OQ2017,Chongqing Airlines,text,Duration: 4h 25m,,True,2026-02-19T11:01:21.936976
2026-08-18,CKG,departure,14:30,LXA Lhasa/Lasa,TV9843,Tibet Airlines,text,Duration: 3h 30m,,True,2026-02-19T11:01:21.936982
2026-08-18,CKG,departure,14:30,XMN Xiamen,HU7425,Hainan Airlines,text,Duration: 2h 20m,,True,2026-02-19T11:01:21.936987
2026-08-18,CKG,departure,14:50,PEK Beijing,CA4143,Air China,text,Duration: 2h 40m,,True,2026-02-19T11:01:21.936993
2026-08-18,CKG,departure,14:55,KHN Nanchang,3U8181,Sichuan Airlines,text,Duration: 1h 50m,,True,2026-02-19T11:01:21.936998
2026-08-18,CKG,departure,14:55,WDS Shiyan,G54487,Gestair,text,Duration: 1h 15m,,True,2026-02-19T11:01:21.937004
2026-08-18,CKG,departure,14:55,WUH Wuhan,CZ6292,China Southern,text,Duration: 1h 35m,,True,2026-02-19T11:01:21.937010
2026-08-18,CKG,departure,15:00,PEK Beijing,3U8831,Sichuan Airlines,text,Duration: 2h 30m,,True,2026-02-19T11:01:21.937015
2026-08-18,CKG,departure,15:00,PVG Shanghai,3U8973,Sichuan Airlines,text,Duration: 2h 35m,,True,2026-02-19T11:01:21.937097
2026-08-18,CKG,departure,15:05,CAN Guangzhou,OQ2339,Chongqing Airlines,text,Duration: 2h 5m,,True,2026-02-19T11:01:21.937104
2026-08-18,CKG,departure,15:05,HUZ Huizhou,OQ2343,Chongqing Airlines,text,Duration: 2h 10m,,True,2026-02-19T11:01:21.937109
2026-08-18,CKG,departure,15:05,TPE Taipei,CA409,Air China,text,Duration: 3h 15m,,True,2026-02-19T11:01:21.937115
2026-08-18,CKG,departure,15:10,PKX Beijing,CA8673,Air China,text,Duration: 2h 30m,,True,2026-02-19T11:01:21.937120
2026-08-18,CKG,departure,15:15,PEK Beijing,HU7568,Hainan Airlines,text,Duration: 2h 25m,,True,2026-02-19T11:01:21.937126
2026-08-18,CKG,departure,15:20,INC Yinchuan,HU7271,Hainan Airlines,text,Duration: 2h 0m,,True,2026-02-19T11:01:21.937131
2026-08-18,CKG,departure,15:20,SJW Shijiazhuang,NS3241,Hebei Airlines,text,Duration: 2h 5m,,True,2026-02-19T11:01:21.937136
2026-08-18,CKG,departure,15:20,TAO Qingdao,SC4836,Shandong Airlines,text,Duration: 2h 45m,,True,2026-02-19T11:01:21.937142
2026-08-18,CKG,departure,15:25,KRL Korla,G54005,Gestair,text,Duration: 4h 5m,,True,2026-02-19T11:01:21.937147
2026-08-18,CKG,departure,15:25,XNN Xining,MF8865,XiamenAir,text,Duration: 2h 0m,,True,2026-02-19T11:01:21.937222
2026-08-18,CKG,departure,15:30,KMG Kunming,3U8284,Sichuan Airlines,text,Duration: 1h 30m,,True,2026-02-19T11:01:21.937229
2026-08-18,CKG,departure,15:30,KMG Kunming,MU5864,China Eastern,text,Duration: 1h 40m,,True,2026-02-19T11:01:21.937235
2026-08-18,CKG,departure,15:35,DIG Diqing,OQ2147,Chongqing Airlines,text,Duration: 2h 5m,,True,2026-02-19T11:01:21.937240
2026-08-18,CKG,departure,15:40,HGH Hangzhou,CA4577,Air China,text,Duration: 2h 25m,,True,2026-02-19T11:01:21.937245
2026-08-18,CKG,departure,15:45,CAN Guangzhou,3U8745,Sichuan Airlines,text,Duration: 2h 5m,,True,2026-02-19T11:01:21.937250
2026-08-18,CKG,departure,15:45,PKX Beijing,MF8454,XiamenAir,text,Duration: 2h 25m,,True,2026-02-19T11:01:21.937256
2026-08-18,CKG,departure,15:45,URC Urumqi,OQ2311,Chongqing Airlines,text,Duration: 4h 10m,,True,2026-02-19T11:01:21.937261
2026-08-18,CKG,departure,15:50,LYA Luoyang,QW6054,Qingdao Airlines,text,Duration: 1h 40m,,True,2026-02-19T11:01:21.937266
2026-08-18,CKG,departure,15:50,SZX Shenzhen,ZH9464,Shenzhen Airlines,text,Duration: 2h 15m,,True,2026-02-19T11:01:21.937272
2026-08-18,CKG,departure,15:55,HGH Hangzhou,PN6435,West Air (China),text,Duration: 2h 20m,,True,2026-02-19T11:01:21.937346
2026-08-18,CKG,departure,15:55,PVG Shanghai,CA4555,Air China,text,Duration: 2h 50m,,True,2026-02-19T11:01:21.937353
2026-08-18,CKG,departure,16:00,DLC Dalian,3U8007,Sichuan Airlines,text,Duration: 3h 0m,,True,2026-02-19T11:01:21.937358
2026-08-18,CKG,departure,16:00,ENY Yan'an,G52907,Gestair,text,Duration: 1h 35m,,True,2026-02-19T11:01:21.937363
2026-08-18,CKG,departure,16:00,PEK Beijing,CA1438,Air China,text,Duration: 2h 30m,,True,2026-02-19T11:01:21.937369
2026-08-18,CKG,departure,16:00,SHE Shenyang,HU7101,Hainan Airlines,text,Duration: 3h 5m,,True,2026-02-19T11:01:21.937374
2026-08-18,CKG,departure,16:00,TVS Tangshan,GT1069,Air Guilin,text,Duration: 2h 35m,,True,2026-02-19T11:01:21.937380
2026-08-18,CKG,departure,16:10,SJW Shijiazhuang,OQ2053,Chongqing Airlines,text,Duration: 2h 5m,,True,2026-02-19T11:01:21.937385
2026-08-18,CKG,departure,16:10,TSN Tianjin,CA4001,Air China,text,Duration: 2h 40m,,True,2026-02-19T11:01:21.937391
2026-08-18,CKG,departure,16:10,ZUH Zhuhai,OQ2385,Chongqing Airlines,text,Duration: 2h 5m,,True,2026-02-19T11:01:21.937398
2026-08-18,CKG,departure,16:15,HGH Hangzhou,3U3182,Sichuan Airlines,text,Duration: 2h 10m,,True,2026-02-19T11:01:21.937483
2026-08-18,CKG,departure,16:15,JGS Ji'An,9C8751,Spring Airlines,text,Duration: 1h 50m,,True,2026-02-19T11:01:21.937490
2026-08-18,CKG,departure,16:15,XMN Xiamen,CA4567,Air China,text,Duration: 2h 25m,,True,2026-02-19T11:01:21.937495
2026-08-18,CKG,departure,16:15,YCU Yuncheng,MF8785,XiamenAir,text,Duration: 1h 40m,,True,2026-02-19T11:01:21.937501
2026-08-18,CKG,departure,16:20,NGB Ningbo,OQ2315,Chongqing Airlines,text,Duration: 2h 30m,,True,2026-02-19T11:01:21.937506
2026-08-18,CKG,departure,16:25,CAN Guangzhou,CZ3486,China Southern,text,Duration: 2h 5m,,True,2026-02-19T11:01:21.937512
2026-08-18,CKG,departure,16:25,HAN Hanoi,PN6423,West Air (China),text,Duration: 2h 0m,,True,2026-02-19T11:01:21.937517
2026-08-18,CKG,departure,16:25,KHN Nanchang,ZH8854,Shenzhen Airlines,text,Duration: 1h 40m,,True,2026-02-19T11:01:21.937523
2026-08-18,CKG,departure,16:30,CAN Guangzhou,HU7242,Hainan Airlines,text,Duration: 2h 10m,,True,2026-02-19T11:01:21.937528
2026-08-18,CKG,departure,16:30,SZX Shenzhen,HU7358,Hainan Airlines,text,Duration: 2h 20m,,True,2026-02-19T11:01:21.937534
2026-08-18,CKG,departure,16:40,BKK Bangkok,3U3771,Sichuan Airlines,text,Duration: 3h 15m,,True,2026-02-19T11:01:21.937608
2026-08-18,CKG,departure,16:40,SHA Shanghai,MU5434,China Eastern,text,Duration: 2h 40m,,True,2026-02-19T11:01:21.937615
2026-08-18,CKG,departure,16:40,SZX Shenzhen,CZ3456,China Southern,text,Duration: 2h 15m,,True,2026-02-19T11:01:21.937621
2026-08-18,CKG,departure,16:45,CAN Guangzhou,CA4341,Air China,text,Duration: 2h 5m,,True,2026-02-19T11:01:21.937626
2026-08-18,CKG,departure,16:45,HIA Huai'an,8L9817,Lucky Air,text,Duration: 2h 10m,,True,2026-02-19T11:01:21.937631
2026-08-18,CKG,departure,16:45,SZX Shenzhen,3U8785,Sichuan Airlines,text,Duration: 2h 5m,,True,2026-02-19T11:01:21.937637
2026-08-18,CKG,departure,16:50,KRL Korla,PN6387,West Air (China),text,Duration: 4h 10m,,True,2026-02-19T11:01:21.937643
2026-08-18,CKG,departure,16:50,URC Urumqi,CZ6432,China Southern,text,Duration: 3h 55m,,True,2026-02-19T11:01:21.937648
2026-08-18,CKG,departure,16:55,FOC Fuzhou,PN6275,West Air (China),text,Duration: 2h 20m,,True,2026-02-19T11:01:21.937654
2026-08-18,CKG,departure,16:55,UYN Yulin,GX8881,GX Airlines,text,Duration: 1h 55m,,True,2026-02-19T11:01:21.937659
2026-08-18,CKG,departure,17:00,NGB Ningbo,GJ8398,Loong Air,text,Duration: 2h 20m,,True,2026-02-19T11:01:21.937731
2026-08-18,CKG,departure,17:00,NKG Nanjing,MU2738,China Eastern,text,Duration: 2h 10m,,True,2026-02-19T11:01:21.937738
2026-08-18,CKG,departure,17:00,SHE Shenyang,CZ6470,China Southern,text,Duration: 3h 15m,,True,2026-02-19T11:01:21.937744
2026-08-18,CKG,departure,17:05,HAK Haikou,HU7372,Hainan Airlines,text,Duration: 2h 10m,,True,2026-02-19T11:01:21.937750
2026-08-18,CKG,departure,17:05,NKG Nanjing,HO1694,Juneyao Airlines,text,Duration: 2h 5m,,True,2026-02-19T11:01:21.937755
2026-08-18,CKG,departure,17:05,PKX Beijing,CZ8816,China Southern,text,Duration: 2h 25m,,True,2026-02-19T11:01:21.937761
2026-08-18,CKG,departure,17:05,SZX Shenzhen,CA4345,Air China,text,Duration: 2h 10m,,True,2026-02-19T11:01:21.937766
2026-08-18,CKG,departure,17:05,TYN Taiyuan,KY3006,Kunming Airlines,text,Duration: 2h 5m,,True,2026-02-19T11:01:21.937772
2026-08-18,CKG,departure,17:05,WUX Wuxi,3U8027,Sichuan Airlines,text,Duration: 2h 20m,,True,2026-02-19T11:01:21.937777
2026-08-18,CKG,departure,17:10,PEK Beijing,3U8833,Sichuan Airlines,text,Duration: 2h 40m,,True,2026-02-19T11:01:21.937783
2026-08-18,CKG,departure,17:10,YNT Yantai,QW6032,Qingdao Airlines,text,Duration: 2h 35m,,True,2026-02-19T11:01:21.937854
2026-08-18,CKG,departure,17:15,TAO Qingdao,SC4832,Shandong Airlines,text,Duration: 2h 25m,,True,2026-02-19T11:01:21.937861
2026-08-18,CKG,departure,17:20,HRB Harbin,CZ6346,China Southern,text,Duration: 3h 25m,,True,2026-02-19T11:01:21.937866
2026-08-18,CKG,departure,17:20,TSN Tianjin,PN6237,West Air (China),text,Duration: 2h 40m,,True,2026-02-19T11:01:21.937872
2026-08-18,CKG,departure,17:20,WMT Zunyi,G54785,Gestair,text,Duration: 0h 50m,,True,2026-02-19T11:01:21.937877
2026-08-18,CKG,departure,17:25,HKG Hong Kong,CX945,Cathay Pacific,text,Duration: 2h 30m,,True,2026-02-19T11:01:21.937883
2026-08-18,CKG,departure,17:25,NKG Nanjing,CA4557,Air China,text,Duration: 2h 0m,,True,2026-02-19T11:01:21.937888
2026-08-18,CKG,departure,17:30,CZX Changzhou,MU2786,China Eastern,text,Duration: 1h 55m,,True,2026-02-19T11:01:21.937894
2026-08-18,CKG,departure,17:30,HGH Hangzhou,MF8478,XiamenAir,text,Duration: 2h 35m,,True,2026-02-19T11:01:21.937899
2026-08-18,CKG,departure,17:30,NGB Ningbo,OQ2357,Chongqing Airlines,text,Duration: 2h 20m,,True,2026-02-19T11:01:21.937905
2026-08-18,CKG,departure,17:30,PEK Beijing,CA4147,Air China,text,Duration: 3h 0m,,True,2026-02-19T11:01:21.937977
2026-08-18,CKG,departure,17:30,SHA Shanghai,CA4541,Air China,text,Duration: 2h 30m,,True,2026-02-19T11:01:21.937984
2026-08-18,CKG,departure,17:30,SZX Shenzhen,MU6611,China Eastern,text,Duration: 2h 25m,,True,2026-02-19T11:01:21.937989
2026-08-18,CKG,departure,17:30,VTE Vientiane,G52805,Gestair,text,Duration: 2h 35m,,True,2026-02-19T11:01:21.937996
2026-08-18,CKG,departure,17:40,CGO Zhengzhou,CZ8716,China Southern,text,Duration: 1h 45m,,True,2026-02-19T11:01:21.938002
2026-08-18,CKG,departure,17:40,MFM Macau,PN6593,West Air (China),text,Duration: 2h 20m,,True,2026-02-19T11:01:21.938007
2026-08-18,CKG,departure,17:50,FOC Fuzhou,CA4569,Air China,text,Duration: 2h 25m,,True,2026-02-19T11:01:21.938013
2026-08-18,CKG,departure,17:50,SHA Shanghai,FM9420,Shanghai Airlines,text,Duration: 2h 40m,,True,2026-02-19T11:01:21.938019
2026-08-18,CKG,departure,17:55,PVG Shanghai,9C8868,Spring Airlines,text,Duration: 2h 30m,,True,2026-02-19T11:01:21.938024
2026-08-18,CKG,departure,17:55,SYX Sanya,OQ2331,Chongqing Airlines,text,Duration: 2h 40m,,True,2026-02-19T11:01:21.938030
2026-08-18,CKG,departure,17:55,TYN Taiyuan,PN6539,West Air (China),text,Duration: 2h 5m,,True,2026-02-19T11:01:21.938111
2026-08-18,CKG,departure,17:55,WUX Wuxi,MU9776,China Eastern,text,Duration: 2h 15m,,True,2026-02-19T11:01:21.938118
2026-08-18,CKG,departure,18:00,CAN Guangzhou,HU7442,Hainan Airlines,text,Duration: 2h 10m,,True,2026-02-19T11:01:21.938123
2026-08-18,CKG,departure,18:00,PEK Beijing,CA1440,Air China,text,Duration: 2h 30m,,True,2026-02-19T11:01:21.938129
2026-08-18,CKG,departure,18:05,NGB Ningbo,MU2396,China Eastern,text,Duration: 2h 20m,,True,2026-02-19T11:01:21.938134
2026-08-18,CKG,departure,18:05,TNA Jinan,3U8053,Sichuan Airlines,text,Duration: 1h 50m,,True,2026-02-19T11:01:21.938140
2026-08-18,CKG,departure,18:10,XMN Xiamen,MF8424,XiamenAir,text,Duration: 2h 20m,,True,2026-02-19T11:01:21.938145
2026-08-18,CKG,departure,18:15,HAK Haikou,3U8065,Sichuan Airlines,text,Duration: 2h 0m,,True,2026-02-19T11:01:21.938151
2026-08-18,CKG,departure,18:15,HGH Hangzhou,CA1762,Air China,text,Duration: 2h 25m,,True,2026-02-19T11:01:21.938156
2026-08-18,CKG,departure,18:20,FOC Fuzhou,MF8412,XiamenAir,text,Duration: 2h 15m,,True,2026-02-19T11:01:21.938162
2026-08-18,CKG,departure,18:20,HGH Hangzhou,GJ8692,Loong Air,text,Duration: 2h 10m,,True,2026-02-19T11:01:21.938261
2026-08-18,CKG,departure,18:25,YZY Zhangye,GS7594,Tianjin Airlines,text,Duration: 2h 5m,,True,2026-02-19T11:01:21.938270
2026-08-18,CKG,departure,18:30,FOC Fuzhou,MF8490,XiamenAir,text,Duration: 2h 35m,,True,2026-02-19T11:01:21.938277
2026-08-18,CKG,departure,18:30,HAK Haikou,CA4379,Air China,text,Duration: 2h 10m,,True,2026-02-19T11:01:21.938283
2026-08-18,CKG,departure,18:30,HYN Taizhou,G54509,Gestair,text,Duration: 2h 30m,,True,2026-02-19T11:01:21.938289
2026-08-18,CKG,departure,18:30,TNA Jinan,SC8816,Shandong Airlines,text,Duration: 2h 35m,,True,2026-02-19T11:01:21.938295
2026-08-18,CKG,departure,18:40,CGQ Changchun,CZ8256,China Southern,text,Duration: 3h 40m,,True,2026-02-19T11:01:21.938300
2026-08-18,CKG,departure,18:40,SGN Ho Chi Minh City,CA407,Air China,text,Duration: 3h 40m,,True,2026-02-19T11:01:21.938306
2026-08-18,CKG,departure,18:40,YNZ Yancheng,MF8777,XiamenAir,text,Duration: 2h 0m,,True,2026-02-19T11:01:21.938312
2026-08-18,CKG,departure,18:45,CAN Guangzhou,CZ3464,China Southern,text,Duration: 2h 0m,,True,2026-02-19T11:01:21.938317
2026-08-18,CKG,departure,18:50,XNN Xining,3U8073,Sichuan Airlines,text,Duration: 2h 5m,,True,2026-02-19T11:01:21.938420
2026-08-18,CKG,departure,18:55,DMK Bangkok,FD553,Thai AirAsia,text,Duration: 3h 5m,,True,2026-02-19T11:01:21.938428
2026-08-18,CKG,departure,18:55,KUL Kuala Lumpur,3U3773,Sichuan Airlines,text,Duration: 4h 45m,,True,2026-02-19T11:01:21.938434
2026-08-18,CKG,departure,18:55,WUH Wuhan,CA4381,Air China,text,Duration: 1h 40m,,True,2026-02-19T11:01:21.938439
2026-08-18,CKG,departure,19:00,BKI Kota Kinabalu,OQ2193,Chongqing Airlines,text,Duration: 4h 15m,,True,2026-02-19T11:01:21.938445
2026-08-18,CKG,departure,19:00,ZHA Zhanjiang,CA4359,Air China,text,Duration: 2h 10m,,True,2026-02-19T11:01:21.938450
2026-08-18,CKG,departure,19:05,IQN Qingyang,NS8068,Hebei Airlines,text,Duration: 1h 20m,,True,2026-02-19T11:01:21.938456
2026-08-18,CKG,departure,19:05,SZX Shenzhen,MF8389,XiamenAir,text,Duration: 2h 0m,,True,2026-02-19T11:01:21.938461
2026-08-18,CKG,departure,19:10,KUL Kuala Lumpur,MF8711,XiamenAir,text,Duration: 4h 45m,,True,2026-02-19T11:01:21.938467
2026-08-18,CKG,departure,19:10,NKG Nanjing,3U8045,Sichuan Airlines,text,Duration: 2h 5m,,True,2026-02-19T11:01:21.938472
2026-08-18,CKG,departure,19:10,PVG Shanghai,PN6437,West Air (China),text,Duration: 2h 10m,,True,2026-02-19T11:01:21.938573
2026-08-18,CKG,departure,19:15,LHW Lanzhou,9C6282,Spring Airlines,text,Duration: 2h 10m,,True,2026-02-19T11:01:21.938582
2026-08-18,CKG,departure,19:15,PEK Beijing,CA1412,Air China,text,Duration: 2h 30m,,True,2026-02-19T11:01:21.938588
2026-08-18,CKG,departure,19:20,SWA Jieyang,3U8015,Sichuan Airlines,text,Duration: 2h 0m,,True,2026-02-19T11:01:21.938595
2026-08-18,CKG,departure,19:20,TAO Qingdao,SC4840,Shandong Airlines,text,Duration: 2h 25m,,True,2026-02-19T11:01:21.938600
2026-08-18,CKG,departure,19:25,NKG Nanjing,ZH9592,Shenzhen Airlines,text,Duration: 1h 55m,,True,2026-02-19T11:01:21.938606
2026-08-18,CKG,departure,19:30,KMG Kunming,OQ2119,Chongqing Airlines,text,Duration: 1h 35m,,True,2026-02-19T11:01:21.938612
2026-08-18,CKG,departure,19:30,TSN Tianjin,MF8621,XiamenAir,text,Duration: 2h 25m,,True,2026-02-19T11:01:21.938618
2026-08-18,CKG,departure,19:30,XUZ Xuzhou,G54121,Gestair,text,Duration: 2h 0m,,True,2026-02-19T11:01:21.938624
2026-08-18,CKG,departure,19:35,SHA Shanghai,MU9194,China Eastern,text,Duration: 2h 20m,,True,2026-02-19T11:01:21.938629
2026-08-18,CKG,departure,19:40,CGO Zhengzhou,CZ6354,China Southern,text,Duration: 1h 45m,,True,2026-02-19T11:01:21.938738
2026-08-18,CKG,departure,19:40,INC Yinchuan,CA4269,Air China,text,Duration: 2h 20m,,True,2026-02-19T11:01:21.938748
2026-08-18,CKG,departure,19:45,TAO Qingdao,3U8151,Sichuan Airlines,text,Duration: 2h 25m,,True,2026-02-19T11:01:21.938754
2026-08-18,CKG,departure,19:50,PKX Beijing,MU6686,China Eastern,text,Duration: 2h 35m,,True,2026-02-19T11:01:21.938759
2026-08-18,CKG,departure,19:50,WUH Wuhan,CZ8422,China Southern,text,Duration: 1h 35m,,True,2026-02-19T11:01:21.938765
2026-08-18,CKG,departure,19:55,CAN Guangzhou,CZ3412,China Southern,text,Duration: 2h 5m,,True,2026-02-19T11:01:21.938770
2026-08-18,CKG,departure,19:55,PKX Beijing,CZ8818,China Southern,text,Duration: 2h 40m,,True,2026-02-19T11:01:21.938776
2026-08-18,CKG,departure,20:00,AKU Aksu,G54684,Gestair,text,Duration: 4h 30m,,True,2026-02-19T11:01:21.938782
2026-08-18,CKG,departure,20:00,CSX Changsha,CA4383,Air China,text,Duration: 1h 40m,,True,2026-02-19T11:01:21.938787
2026-08-18,CKG,departure,20:00,HAK Haikou,HU7472,Hainan Airlines,text,Duration: 1h 50m,,True,2026-02-19T11:01:21.938793
2026-08-18,CKG,departure,20:00,LFQ Qiaoli,G54317,Gestair,text,Duration: 1h 40m,,True,2026-02-19T11:01:21.938880
2026-08-18,CKG,departure,20:00,WHA Wuhu,GT1118,Air Guilin,text,Duration: 2h 0m,,True,2026-02-19T11:01:21.938887
2026-08-18,CKG,departure,20:00,YIW Yiwu,OQ2391,Chongqing Airlines,text,Duration: 2h 10m,,True,2026-02-19T11:01:21.938893
2026-08-18,CKG,departure,20:05,HAK Haikou,PN6531,West Air (China),text,Duration: 2h 5m,,True,2026-02-19T11:01:21.938899
2026-08-18,CKG,departure,20:05,LHW Lanzhou,3U8019,Sichuan Airlines,text,Duration: 1h 45m,,True,2026-02-19T11:01:21.938904
2026-08-18,CKG,departure,20:05,WNZ Wenzhou,PN6433,West Air (China),text,Duration: 2h 5m,,True,2026-02-19T11:01:21.938910
2026-08-18,CKG,departure,20:10,SHA Shanghai,9C8996,Spring Airlines,text,Duration: 2h 30m,,True,2026-02-19T11:01:21.938915
2026-08-18,CKG,departure,20:10,TYN Taiyuan,3U8051,Sichuan Airlines,text,Duration: 1h 40m,,True,2026-02-19T11:01:21.938921
2026-08-18,CKG,departure,20:15,JHG Jinghong,OQ2373,Chongqing Airlines,text,Duration: 1h 55m,,True,2026-02-19T11:01:21.938926
2026-08-18,CKG,departure,20:15,SZX Shenzhen,ZH9466,Shenzhen Airlines,text,Duration: 2h 15m,,True,2026-02-19T11:01:21.938932
2026-08-18,CKG,departure,20:15,WUX Wuxi,ZH9554,Shenzhen Airlines,text,Duration: 2h 10m,,True,2026-02-19T11:01:21.939007
2026-08-18,CKG,departure,20:20,CAN Guangzhou,CA4353,Air China,text,Duration: 2h 5m,,True,2026-02-19T11:01:21.939014
2026-08-18,CKG,departure,20:20,FOC Fuzhou,FU6508,Fuzhou Airline,text,Duration: 2h 35m,,True,2026-02-19T11:01:21.939019
2026-08-18,CKG,departure,20:20,HUZ Huizhou,OQ2137,Chongqing Airlines,text,Duration: 2h 0m,,True,2026-02-19T11:01:21.939025
2026-08-18,CKG,departure,20:20,PEK Beijing,CA1410,Air China,text,Duration: 2h 25m,,True,2026-02-19T11:01:21.939031
2026-08-18,CKG,departure,20:30,CAN Guangzhou,PN6205,West Air (China),text,Duration: 2h 5m,,True,2026-02-19T11:01:21.939036
2026-08-18,CKG,departure,20:30,SWA Jieyang,PN6447,West Air (China),text,Duration: 2h 10m,,True,2026-02-19T11:01:21.939042
2026-08-18,CKG,departure,20:30,ZUH Zhuhai,PN6263,West Air (China),text,Duration: 1h 50m,,True,2026-02-19T11:01:21.939047
2026-08-18,CKG,departure,20:35,CSX Changsha,CZ3826,China Southern,text,Duration: 1h 30m,,True,2026-02-19T11:01:21.939053
2026-08-18,CKG,departure,20:35,LUM Mangshi,KY3110,Kunming Airlines,text,Duration: 2h 25m,,True,2026-02-19T11:01:21.939059
2026-08-18,CKG,departure,20:35,PVG Shanghai,FM9426,Shanghai Airlines,text,Duration: 2h 40m,,True,2026-02-19T11:01:21.939141
2026-08-18,CKG,departure,20:40,PVG Shanghai,HO1248,Juneyao Airlines,text,Duration: 2h 45m,,True,2026-02-19T11:01:21.939151
2026-08-18,CKG,departure,20:45,KTI Phnom Penh,KR964,Cambodia Airways,text,Duration: 3h 40m,,True,2026-02-19T11:01:21.939157
2026-08-18,CKG,departure,20:50,CAN Guangzhou,3U8749,Sichuan Airlines,text,Duration: 2h 5m,,True,2026-02-19T11:01:21.939163
2026-08-18,CKG,departure,20:50,SHE Shenyang,CZ6466,China Southern,text,Duration: 3h 20m,,True,2026-02-19T11:01:21.939170
2026-08-18,CKG,departure,20:50,SZX Shenzhen,CZ5920,China Southern,text,Duration: 2h 15m,,True,2026-02-19T11:01:21.939176
2026-08-18,CKG,departure,20:55,NKG Nanjing,MU2846,China Eastern,text,Duration: 2h 20m,,True,2026-02-19T11:01:21.939181
2026-08-18,CKG,departure,20:55,SHA Shanghai,9C8998,Spring Airlines,text,Duration: 2h 30m,,True,2026-02-19T11:01:21.939187
2026-08-18,CKG,departure,21:00,SGN Ho Chi Minh City,OQ2395,Chongqing Airlines,text,Duration: 3h 40m,,True,2026-02-19T11:01:21.939193
2026-08-18,CKG,departure,21:05,PKX Beijing,OQ2148,Chongqing Airlines,text,Duration: 2h 30m,,True,2026-02-19T11:01:21.939199
2026-08-18,CKG,departure,21:05,PVG Shanghai,HU7494,Hainan Airlines,text,Duration: 2h 40m,,True,2026-02-19T11:01:21.939294
2026-08-18,CKG,departure,21:05,TNA Jinan,3U8055,Sichuan Airlines,text,Duration: 2h 10m,,True,2026-02-19T11:01:21.939302
2026-08-18,CKG,departure,21:05,YNZ Yancheng,9C7346,Spring Airlines,text,Duration: 2h 0m,,True,2026-02-19T11:01:21.939308
2026-08-18,CKG,departure,21:10,BHY Beihai,3U8121,Sichuan Airlines,text,Duration: 1h 50m,,True,2026-02-19T11:01:21.939314
2026-08-18,CKG,departure,21:10,KHN Nanchang,PN6255,West Air (China),text,Duration: 1h 40m,,True,2026-02-19T11:01:21.939321
2026-08-18,CKG,departure,21:10,SZX Shenzhen,CA4367,Air China,text,Duration: 2h 10m,,True,2026-02-19T11:01:21.939326
2026-08-18,CKG,departure,21:10,TAO Qingdao,SC4844,Shandong Airlines,text,Duration: 2h 30m,,True,2026-02-19T11:01:21.939332
2026-08-18,CKG,departure,21:10,URC Urumqi,CZ6974,China Southern,text,Duration: 4h 10m,,True,2026-02-19T11:01:21.939337
2026-08-18,CKG,departure,21:15,BKK Bangkok,OQ2361,Chongqing Airlines,text,Duration: 3h 15m,,True,2026-02-19T11:01:21.939343
2026-08-18,CKG,departure,21:15,CAN Guangzhou,OQ2325,Chongqing Airlines,text,Duration: 2h 0m,,True,2026-02-19T11:01:21.939349
2026-08-18,CKG,departure,21:15,JJN Jinjiang,MF8866,XiamenAir,text,Duration: 2h 30m,,True,2026-02-19T11:01:21.939437
2026-08-18,CKG,departure,21:15,PEK Beijing,CA1436,Air China,text,Duration: 2h 30m,,True,2026-02-19T11:01:21.939445
2026-08-18,CKG,departure,21:15,PVG Shanghai,Y87514,Suparna Airlines,text,Duration: 2h 25m,,True,2026-02-19T11:01:21.939451
2026-08-18,CKG,departure,21:15,WUX Wuxi,MU9786,China Eastern,text,Duration: 2h 15m,,True,2026-02-19T11:01:21.939457
2026-08-18,CKG,departure,21:20,KMG Kunming,8L9858,Lucky Air,text,Duration: 1h 35m,,True,2026-02-19T11:01:21.939462
2026-08-18,CKG,departure,21:20,LJG Lijiang,3U8011,Sichuan Airlines,text,Duration: 1h 35m,,True,2026-02-19T11:01:21.939468
2026-08-18,CKG,departure,21:20,NKG Nanjing,HO1692,Juneyao Airlines,text,Duration: 2h 0m,,True,2026-02-19T11:01:21.939473
2026-08-18,CKG,departure,21:20,SHA Shanghai,MU5436,China Eastern,text,Duration: 2h 5m,,True,2026-02-19T11:01:21.939481
2026-08-18,CKG,departure,21:30,CSX Changsha,BK2922,OkAir,text,Duration: 1h 35m,,True,2026-02-19T11:01:21.939487
2026-08-18,CKG,departure,21:30,HAK Haikou,HU7272,Hainan Airlines,text,Duration: 2h 35m,,True,2026-02-19T11:01:21.939493
2026-08-18,CKG,departure,21:30,PEK Beijing,HU7268,Hainan Airlines,text,Duration: 2h 25m,,True,2026-02-19T11:01:21.939572
2026-08-18,CKG,departure,21:35,CAN Guangzhou,MU6826,China Eastern,text,Duration: 2h 0m,,True,2026-02-19T11:01:21.939579
2026-08-18,CKG,departure,21:35,XIY Xian,MU2268,China Eastern,text,Duration: 1h 20m,,True,2026-02-19T11:01:21.939585
2026-08-18,CKG,departure,21:40,PVG Shanghai,HO2370,Juneyao Airlines,text,Duration: 2h 15m,,True,2026-02-19T11:01:21.939591
2026-08-18,CKG,departure,21:55,HFE Hefei,MU5484,China Eastern,text,Duration: 1h 45m,,True,2026-02-19T11:01:21.939597
2026-08-18,CKG,departure,21:55,XIY Xian,JD5078,Capital Airlines,text,Duration: 1h 30m,,True,2026-02-19T11:01:21.939602
2026-08-18,CKG,departure,22:05,HGH Hangzhou,MF8474,XiamenAir,text,Duration: 2h 15m,,True,2026-02-19T11:01:21.939608
2026-08-18,CKG,departure,22:05,NTG Nantong,DZ6294,Donghai Airlines,text,Duration: 2h 15m,,True,2026-02-19T11:01:21.939614
2026-08-18,CKG,departure,22:05,WUH Wuhan,MU2540,China Eastern,text,Duration: 1h 30m,,True,2026-02-19T11:01:21.939620
2026-08-18,CKG,departure,22:10,HAK Haikou,CZ8690,China Southern,text,Duration: 2h 5m,,True,2026-02-19T11:01:21.939625
2026-08-18,CKG,departure,22:10,KHN Nanchang,RY6682,Jiangxi Airlines,text,Duration: 1h 45m,,True,2026-02-19T11:01:21.939710
2026-08-18,CKG,departure,22:10,PKX Beijing,MU6690,China Eastern,text,Duration: 2h 25m,,True,2026-02-19T11:01:21.939718
2026-08-18,CKG,departure,22:15,PKX Beijing,CZ3260,China Southern,text,Duration: 2h 30m,,True,2026-02-19T11:01:21.939724
2026-08-18,CKG,departure,22:20,SJW Shijiazhuang,9C8994,Spring Airlines,text,Duration: 2h 5m,,True,2026-02-19T11:01:21.939731
2026-08-18,CKG,departure,22:20,SZX Shenzhen,9C8616,Spring Airlines,text,Duration: 2h 5m,,True,2026-02-19T11:01:21.939737
2026-08-18,CKG,departure,22:20,SZX Shenzhen,ZH9468,Shenzhen Airlines,text,Duration: 2h 10m,,True,2026-02-19T11:01:21.939742
2026-08-18,CKG,departure,22:35,CAN Guangzhou,OQ2130,Chongqing Airlines,text,Duration: 1h 50m,,True,2026-02-19T11:01:21.939748
2026-08-18,CKG,departure,22:45,SYX Sanya,3U8061,Sichuan Airlines,text,Duration: 2h 15m,,True,2026-02-19T11:01:21.939754
2026-08-18,CKG,departure,22:50,HAK Haikou,EU2737,Chengdu Airlines,text,Duration: 2h 25m,,True,2026-02-19T11:01:21.939760
2026-08-18,CKG,departure,22:50,LUM Mangshi,DR5312,Ruili Airlines,text,Duration: 2h 20m,,True,2026-02-19T11:01:21.939766
2026-08-18,CKG,departure,22:55,NKG Nanjing,MU2836,China Eastern,text,Duration: 2h 15m,,True,2026-02-19T11:01:21.939866
2026-08-18,CKG,departure,23:00,CAN Guangzhou,AQ1102,9 Air,text,Duration: 2h 0m,,True,2026-02-19T11:01:21.939876
2026-08-18,CKG,departure,23:05,FOC Fuzhou,EU2224,Chengdu Airlines,text,Duration: 1h 50m,,True,2026-02-19T11:01:21.939883
2026-08-18,CKG,departure,23:05,HGH Hangzhou,JD5696,Capital Airlines,text,Duration: 2h 20m,,True,2026-02-19T11:01:21.939889
2026-08-18,CKG,departure,23:05,JJN Jinjiang,PN6301,West Air (China),text,Duration: 2h 25m,,True,2026-02-19T11:01:21.939896
2026-08-18,CKG,departure,23:10,TYN Taiyuan,MU6996,China Eastern,text,Duration: 1h 50m,,True,2026-02-19T11:01:21.939903
2026-08-18,CKG,departure,23:15,TNA Jinan,MU5472,China Eastern,text,Duration: 2h 5m,,True,2026-02-19T11:01:21.939909
2026-08-18,CKG,departure,23:20,HAK Haikou,GS6599,Tianjin Airlines,text,Duration: 1h 50m,,True,2026-02-19T11:01:21.939915
2026-08-18,CKG,departure,23:20,KWL Guilin,GT1070,Air Guilin,text,Duration: 1h 25m,,True,2026-02-19T11:01:21.939920
2026-08-18,CKG,departure,23:20,SYX Sanya,3U3210,Sichuan Airlines,text,Duration: 2h 20m,,True,2026-02-19T11:01:21.939926
2026-08-18,CKG,departure,23:25,LJG Lijiang,8L9818,Lucky Air,text,Duration: 1h 40m,,True,2026-02-19T11:01:21.940028
2026-08-18,CKG,departure,23:35,LJG Lijiang,JD5610,Capital Airlines,text,Duration: 1h 45m,,True,2026-02-19T11:01:21.940037
2026-08-18,CKG,departure,23:50,CAN Guangzhou,CZ3440,China Southern,text,Duration: 2h 5m,,True,2026-02-19T11:01:21.940043
2026-08-18,CKG,departure,23:55,WUH Wuhan,CZ3644,China Southern,text,Duration: 1h 30m,,True,2026-02-19T11:01:21.940049
2026-08-18,CKG,arrival,00:05,NRT Tokyo,CA434,Air China,text,Duration: 5h 40m,,True,2026-02-19T11:01:41.089716
2026-08-18,CKG,arrival,00:05,WUA Wu Hai,G54279,Gestair,text,Duration: 2h 25m,,True,2026-02-19T11:01:41.089728
2026-08-18,CKG,arrival,00:05,PVG Shanghai,MU5433,China Eastern,text,Duration: 3h 10m,,True,2026-02-19T11:01:41.089735
2026-08-18,CKG,arrival,00:05,HTN Hotan,OQ2012,Chongqing Airlines,text,Duration: 4h 30m,,True,2026-02-19T11:01:41.089756
2026-08-18,CKG,arrival,00:05,JHG Jinghong,OQ2374,Chongqing Airlines,text,Duration: 2h 10m,,True,2026-02-19T11:01:41.089762
2026-08-18,CKG,arrival,00:05,DLU Dali City,TV9810,Tibet Airlines,text,Duration: 2h 5m,,True,2026-02-19T11:01:41.089769
2026-08-18,CKG,arrival,00:10,BKK Bangkok,3U3772,Sichuan Airlines,text,Duration: 3h 15m,,True,2026-02-19T11:01:41.089774
2026-08-18,CKG,arrival,00:10,SHA Shanghai,CA4542,Air China,text,Duration: 2h 50m,,True,2026-02-19T11:01:41.089781
2026-08-18,CKG,arrival,00:10,XMN Xiamen,MF8433,XiamenAir,text,Duration: 2h 40m,,True,2026-02-19T11:01:41.089787
2026-08-18,CKG,arrival,00:10,SYX Sanya,OQ2332,Chongqing Airlines,text,Duration: 2h 30m,,True,2026-02-19T11:01:41.089793
2026-08-18,CKG,arrival,00:10,TAO Qingdao,SC4845,Shandong Airlines,text,Duration: 3h 0m,,True,2026-02-19T11:01:41.089904
2026-08-18,CKG,arrival,00:10,SYM Pu'er,TV9916,Tibet Airlines,text,Duration: 2h 0m,,True,2026-02-19T11:01:41.089911
2026-08-18,CKG,arrival,00:15,CSX Changsha,CA4384,Air China,text,Duration: 1h 35m,,True,2026-02-19T11:01:41.089917
2026-08-18,CKG,arrival,00:15,SJW Shijiazhuang,G52658,Gestair,text,Duration: 2h 30m,,True,2026-02-19T11:01:41.089923
2026-08-18,CKG,arrival,00:15,HAK Haikou,GS6600,Tianjin Airlines,text,Duration: 2h 5m,,True,2026-02-19T11:01:41.089929
2026-08-18,CKG,arrival,00:15,KMG Kunming,OQ2120,Chongqing Airlines,text,Duration: 1h 55m,,True,2026-02-19T11:01:41.089934
2026-08-18,CKG,arrival,00:15,TNA Jinan,SC8801,Shandong Airlines,text,Duration: 2h 45m,,True,2026-02-19T11:01:41.089939
2026-08-18,CKG,arrival,00:20,XNN Xining,3U8074,Sichuan Airlines,text,Duration: 2h 10m,,True,2026-02-19T11:01:41.089945
2026-08-18,CKG,arrival,00:20,JUH Chizhou,G52830,Gestair,text,Duration: 2h 25m,,True,2026-02-19T11:01:41.089951
2026-08-18,CKG,arrival,00:20,URC Urumqi,GS6592,Tianjin Airlines,text,Duration: 4h 10m,,True,2026-02-19T11:01:41.089957
2026-08-18,CKG,arrival,00:20,SZX Shenzhen,MF8390,XiamenAir,text,Duration: 2h 10m,,True,2026-02-19T11:01:41.090051
2026-08-18,CKG,arrival,00:25,ACX Xingyi,G54680,Gestair,text,Duration: 1h 20m,,True,2026-02-19T11:01:41.090058
2026-08-18,CKG,arrival,00:25,YIN Yining,OQ2020,Chongqing Airlines,text,Duration: 4h 25m,,True,2026-02-19T11:01:41.090064
2026-08-18,CKG,arrival,00:30,KHN Nanchang,3U8182,Sichuan Airlines,text,Duration: 1h 50m,,True,2026-02-19T11:01:41.090069
2026-08-18,CKG,arrival,00:30,XIY Xian,GS7665,Tianjin Airlines,text,Duration: 1h 40m,,True,2026-02-19T11:01:41.090074
2026-08-18,CKG,arrival,00:30,CAN Guangzhou,OQ2326,Chongqing Airlines,text,Duration: 2h 10m,,True,2026-02-19T11:01:41.090080
2026-08-18,CKG,arrival,00:30,TNA Jinan,SC8817,Shandong Airlines,text,Duration: 2h 35m,,True,2026-02-19T11:01:41.090086
2026-08-18,CKG,arrival,00:35,NKG Nanjing,3U8046,Sichuan Airlines,text,Duration: 2h 10m,,True,2026-02-19T11:01:41.090091
2026-08-18,CKG,arrival,00:35,SHE Shenyang,HU7102,Hainan Airlines,text,Duration: 4h 10m,,True,2026-02-19T11:01:41.090098
2026-08-18,CKG,arrival,00:35,TNA Jinan,SC8807,Shandong Airlines,text,Duration: 2h 40m,,True,2026-02-19T11:01:41.090103
2026-08-18,CKG,arrival,00:45,ZHA Zhanjiang,CA4360,Air China,text,Duration: 2h 20m,,True,2026-02-19T11:01:41.090182
2026-08-18,CKG,arrival,00:45,HYN Taizhou,G54510,Gestair,text,Duration: 2h 50m,,True,2026-02-19T11:01:41.090189
2026-08-18,CKG,arrival,00:45,JGN Jiayuguan,G54460,Gestair,text,Duration: 2h 45m,,True,2026-02-19T11:01:41.090195
2026-08-18,CKG,arrival,00:45,CSX Changsha,OQ2030,Chongqing Airlines,text,Duration: 1h 50m,,True,2026-02-19T11:01:41.090201
2026-08-18,CKG,arrival,00:45,HFE Hefei,PN6416,West Air (China),text,Duration: 2h 15m,,True,2026-02-19T11:01:41.090206
2026-08-18,CKG,arrival,00:50,URC Urumqi,OQ2312,Chongqing Airlines,text,Duration: 3h 50m,,True,2026-02-19T11:01:41.090211
2026-08-18,CKG,arrival,00:55,PEK Beijing,HU7367,Hainan Airlines,text,Duration: 2h 50m,,True,2026-02-19T11:01:41.090217
2026-08-18,CKG,arrival,01:00,LHW Lanzhou,3U8020,Sichuan Airlines,text,Duration: 2h 5m,,True,2026-02-19T11:01:41.090222
2026-08-18,CKG,arrival,01:00,KRL Korla,G54006,Gestair,text,Duration: 3h 40m,,True,2026-02-19T11:01:41.090228
2026-08-18,CKG,arrival,01:00,ICN Seoul,OZ353,Asiana,text,Duration: 4h 5m,,True,2026-02-19T11:01:41.090233
2026-08-18,CKG,arrival,01:00,XMN Xiamen,SC2139,Shandong Airlines,text,Duration: 2h 35m,,True,2026-02-19T11:01:41.090310
2026-08-18,CKG,arrival,01:00,NKG Nanjing,ZH9591,Shenzhen Airlines,text,Duration: 2h 25m,,True,2026-02-19T11:01:41.090317
2026-08-18,CKG,arrival,01:05,TYN Taiyuan,3U8052,Sichuan Airlines,text,Duration: 2h 25m,,True,2026-02-19T11:01:41.090323
2026-08-18,CKG,arrival,01:05,XUZ Xuzhou,G54122,Gestair,text,Duration: 2h 40m,,True,2026-02-19T11:01:41.090328
2026-08-18,CKG,arrival,01:05,DMK Bangkok,SL930,Thai Lion Air,text,Duration: 3h 10m,,True,2026-02-19T11:01:41.090333
2026-08-18,CKG,arrival,01:10,HUZ Huizhou,OQ2338,Chongqing Airlines,text,Duration: 2h 15m,,True,2026-02-19T11:01:41.090339
2026-08-18,CKG,arrival,01:10,SJW Shijiazhuang,PN6336,West Air (China),text,Duration: 2h 25m,,True,2026-02-19T11:01:41.090345
2026-08-18,CKG,arrival,01:15,SQD Shangrao,GS6596,Tianjin Airlines,text,Duration: 2h 35m,,True,2026-02-19T11:01:41.090351
2026-08-18,CKG,arrival,01:15,SYD Sydney,GS7944,Tianjin Airlines,text,Duration: 10h 25m,,True,2026-02-19T11:01:41.090356
2026-08-18,CKG,arrival,01:15,KRL Korla,PN6388,West Air (China),text,Duration: 4h 0m,,True,2026-02-19T11:01:41.090361
2026-08-18,CKG,arrival,01:15,SIN Singapore,SQ818,Singapore Airlines,text,Duration: 5h 10m,,True,2026-02-19T11:01:41.090438
2026-08-18,CKG,arrival,01:20,LJG Lijiang,3U8012,Sichuan Airlines,text,Duration: 1h 40m,,True,2026-02-19T11:01:41.090445
2026-08-18,CKG,arrival,01:25,PVG Shanghai,PN6438,West Air (China),text,Duration: 2h 55m,,True,2026-02-19T11:01:41.090451
2026-08-18,CKG,arrival,01:30,BHY Beihai,3U8122,Sichuan Airlines,text,Duration: 1h 45m,,True,2026-02-19T11:01:41.090457
2026-08-18,CKG,arrival,01:30,YIW Yiwu,OQ2392,Chongqing Airlines,text,Duration: 2h 20m,,True,2026-02-19T11:01:41.090462
2026-08-18,CKG,arrival,01:30,HAK Haikou,PN6532,West Air (China),text,Duration: 2h 20m,,True,2026-02-19T11:01:41.090468
2026-08-18,CKG,arrival,01:30,ZUH Zhuhai,PN6264,West Air (China),text,Duration: 2h 20m,,True,2026-02-19T11:01:41.090474
2026-08-18,CKG,arrival,01:35,KHG Kashi,CA4278,Air China,text,Duration: 5h 15m,,True,2026-02-19T11:01:41.090480
2026-08-18,CKG,arrival,01:35,CGO Zhengzhou,PN6274,West Air (China),text,Duration: 2h 0m,,True,2026-02-19T11:01:41.090485
2026-08-18,CKG,arrival,01:45,KHN Nanchang,PN6256,West Air (China),text,Duration: 2h 5m,,True,2026-02-19T11:01:41.090491
2026-08-18,CKG,arrival,01:55,PEK Beijing,3U8834,Sichuan Airlines,text,Duration: 2h 50m,,True,2026-02-19T11:01:41.090566
2026-08-18,CKG,arrival,01:55,TAO Qingdao,3U8152,Sichuan Airlines,text,Duration: 2h 45m,,True,2026-02-19T11:01:41.090573
2026-08-18,CKG,arrival,01:55,CAN Guangzhou,PN6206,West Air (China),text,Duration: 2h 15m,,True,2026-02-19T11:01:41.090579
2026-08-18,CKG,arrival,01:55,NKG Nanjing,PN6260,West Air (China),text,Duration: 2h 15m,,True,2026-02-19T11:01:41.090584
2026-08-18,CKG,arrival,01:55,SYX Sanya,PN6214,West Air (China),text,Duration: 2h 30m,,True,2026-02-19T11:01:41.090590
2026-08-18,CKG,arrival,01:55,SZX Shenzhen,PN6230,West Air (China),text,Duration: 2h 20m,,True,2026-02-19T11:01:41.090597
2026-08-18,CKG,arrival,01:55,URC Urumqi,PN6262,West Air (China),text,Duration: 3h 55m,,True,2026-02-19T11:01:41.090603
2026-08-18,CKG,arrival,01:55,WNZ Wenzhou,PN6434,West Air (China),text,Duration: 2h 55m,,True,2026-02-19T11:01:41.090608
2026-08-18,CKG,arrival,02:05,PVG Shanghai,9C6107,Spring Airlines,text,Duration: 3h 5m,,True,2026-02-19T11:01:41.090614
2026-08-18,CKG,arrival,03:50,SGN Ho Chi Minh City,CA408,Air China,text,Duration: 3h 30m,,True,2026-02-19T11:01:41.090621
2026-08-18,CKG,arrival,04:50,BRU Brussels,HU470,Hainan Airlines,text,Duration: 10h 40m,,True,2026-02-19T11:01:41.090696
2026-08-18,CKG,arrival,05:00,FCO Rome,HU7992,Hainan Airlines,text,Duration: 10h 35m,,True,2026-02-19T11:01:41.090703
2026-08-18,CKG,arrival,05:00,BKK Bangkok,OQ2362,Chongqing Airlines,text,Duration: 3h 30m,,True,2026-02-19T11:01:41.090709
2026-08-18,CKG,arrival,05:15,HKT Phuket,3U3706,Sichuan Airlines,text,Duration: 3h 45m,,True,2026-02-19T11:01:41.090715
2026-08-18,CKG,arrival,05:15,KUL Kuala Lumpur,3U3774,Sichuan Airlines,text,Duration: 4h 30m,,True,2026-02-19T11:01:41.090721
2026-08-18,CKG,arrival,05:40,SIN Singapore,PN6444,West Air (China),text,Duration: 5h 0m,,True,2026-02-19T11:01:41.090727
2026-08-18,CKG,arrival,06:10,PEN Penang,OQ2196,Chongqing Airlines,text,Duration: 4h 40m,,True,2026-02-19T11:01:41.090733
2026-08-18,CKG,arrival,08:25,KMG Kunming,3U8283,Sichuan Airlines,text,Duration: 1h 45m,,True,2026-02-19T11:01:41.090740
2026-08-18,CKG,arrival,08:25,KUL Kuala Lumpur,OQ2192,Chongqing Airlines,text,Duration: 4h 55m,,True,2026-02-19T11:01:41.090746
2026-08-18,CKG,arrival,08:30,KMG Kunming,8L9857,Lucky Air,text,Duration: 1h 30m,,True,2026-02-19T11:01:41.090752
2026-08-18,CKG,arrival,08:50,SZX Shenzhen,9C8613,Spring Airlines,text,Duration: 2h 15m,,True,2026-02-19T11:01:41.090847
2026-08-18,CKG,arrival,08:50,TYN Taiyuan,KY3005,Kunming Airlines,text,Duration: 2h 0m,,True,2026-02-19T11:01:41.090855
2026-08-18,CKG,arrival,08:55,HGH Hangzhou,3U3181,Sichuan Airlines,text,Duration: 2h 20m,,True,2026-02-19T11:01:41.090862
2026-08-18,CKG,arrival,08:55,WUH Wuhan,CZ6175,China Southern,text,Duration: 1h 35m,,True,2026-02-19T11:01:41.090868
2026-08-18,CKG,arrival,09:05,CAN Guangzhou,3U8750,Sichuan Airlines,text,Duration: 2h 10m,,True,2026-02-19T11:01:41.090874
2026-08-18,CKG,arrival,09:15,CAN Guangzhou,JD5227,Capital Airlines,text,Duration: 2h 20m,,True,2026-02-19T11:01:41.090879
2026-08-18,CKG,arrival,09:20,INC Yinchuan,CA4270,Air China,text,Duration: 2h 0m,,True,2026-02-19T11:01:41.090885
2026-08-18,CKG,arrival,09:20,TSN Tianjin,GS7773,Tianjin Airlines,text,Duration: 2h 55m,,True,2026-02-19T11:01:41.090890
2026-08-18,CKG,arrival,09:20,JNG Jining,GX8892,GX Airlines,text,Duration: 2h 20m,,True,2026-02-19T11:01:41.090896
2026-08-18,CKG,arrival,09:25,BAV Baotou,G54180,Gestair,text,Duration: 2h 10m,,True,2026-02-19T11:01:41.090901
2026-08-18,CKG,arrival,09:30,TNA Jinan,3U8056,Sichuan Airlines,text,Duration: 2h 10m,,True,2026-02-19T11:01:41.090978
2026-08-18,CKG,arrival,09:30,HGH Hangzhou,GJ8691,Loong Air,text,Duration: 2h 55m,,True,2026-02-19T11:01:41.090985
2026-08-18,CKG,arrival,09:30,XIY Xian,MU2261,China Eastern,text,Duration: 1h 30m,,True,2026-02-19T11:01:41.090991
2026-08-18,CKG,arrival,09:35,LUM Mangshi,DR5311,Ruili Airlines,text,Duration: 1h 55m,,True,2026-02-19T11:01:41.090997
2026-08-18,CKG,arrival,09:35,CAN Guangzhou,HU7141,Hainan Airlines,text,Duration: 2h 10m,,True,2026-02-19T11:01:41.091004
2026-08-18,CKG,arrival,09:35,CZX Changzhou,MU2903,China Eastern,text,Duration: 2h 15m,,True,2026-02-19T11:01:41.091010
2026-08-18,CKG,arrival,09:35,KMG Kunming,MU5865,China Eastern,text,Duration: 1h 30m,,True,2026-02-19T11:01:41.091015
2026-08-18,CKG,arrival,09:40,YTY Yangzhou,9C6195,Spring Airlines,text,Duration: 2h 35m,,True,2026-02-19T11:01:41.091021
2026-08-18,CKG,arrival,09:40,SZX Shenzhen,HU7157,Hainan Airlines,text,Duration: 2h 10m,,True,2026-02-19T11:01:41.091027
2026-08-18,CKG,arrival,09:40,XMN Xiamen,MF8403,XiamenAir,text,Duration: 2h 35m,,True,2026-02-19T11:01:41.091034
2026-08-18,CKG,arrival,09:40,WUX Wuxi,MU9765,China Eastern,text,Duration: 2h 25m,,True,2026-02-19T11:01:41.091110
2026-08-18,CKG,arrival,09:40,SIN Singapore,PN6568,West Air (China),text,Duration: 5h 0m,,True,2026-02-19T11:01:41.091118
2026-08-18,CKG,arrival,09:40,TNA Jinan,SC8803,Shandong Airlines,text,Duration: 2h 20m,,True,2026-02-19T11:01:41.091124
2026-08-18,CKG,arrival,09:40,KHN Nanchang,ZH8845,Shenzhen Airlines,text,Duration: 2h 15m,,True,2026-02-19T11:01:41.091130
2026-08-18,CKG,arrival,09:45,NNG Nanning,CZ5835,China Southern,text,Duration: 1h 40m,,True,2026-02-19T11:01:41.091135
2026-08-18,CKG,arrival,09:45,FOC Fuzhou,MF8411,XiamenAir,text,Duration: 2h 40m,,True,2026-02-19T11:01:41.091141
2026-08-18,CKG,arrival,09:50,HGH Hangzhou,CA1759,Air China,text,Duration: 2h 20m,,True,2026-02-19T11:01:41.091147
2026-08-18,CKG,arrival,09:50,PEK Beijing,CA1437,Air China,text,Duration: 2h 50m,,True,2026-02-19T11:01:41.091153
2026-08-18,CKG,arrival,09:50,HGH Hangzhou,JD5691,Capital Airlines,text,Duration: 2h 40m,,True,2026-02-19T11:01:41.091159
2026-08-18,CKG,arrival,09:50,JJN Jinjiang,MF8611,XiamenAir,text,Duration: 2h 40m,,True,2026-02-19T11:01:41.091166
2026-08-18,CKG,arrival,09:50,TAO Qingdao,SC4831,Shandong Airlines,text,Duration: 2h 40m,,True,2026-02-19T11:01:41.091241
2026-08-18,CKG,arrival,09:50,XMN Xiamen,SC2135,Shandong Airlines,text,Duration: 2h 55m,,True,2026-02-19T11:01:41.091248
2026-08-18,CKG,arrival,09:55,SZX Shenzhen,CA4368,Air China,text,Duration: 2h 10m,,True,2026-02-19T11:01:41.091254
2026-08-18,CKG,arrival,09:55,CSX Changsha,CZ3421,China Southern,text,Duration: 1h 40m,,True,2026-02-19T11:01:41.091260
2026-08-18,CKG,arrival,10:00,CSX Changsha,BK2921,OkAir,text,Duration: 1h 50m,,True,2026-02-19T11:01:41.091265
2026-08-18,CKG,arrival,10:00,PKX Beijing,MU6681,China Eastern,text,Duration: 2h 45m,,True,2026-02-19T11:01:41.091272
2026-08-18,CKG,arrival,10:05,CAN Guangzhou,CA4354,Air China,text,Duration: 2h 0m,,True,2026-02-19T11:01:41.091278
2026-08-18,CKG,arrival,10:05,SYX Sanya,CZ6227,China Southern,text,Duration: 2h 40m,,True,2026-02-19T11:01:41.091283
2026-08-18,CKG,arrival,10:05,TSN Tianjin,MF8622,XiamenAir,text,Duration: 2h 45m,,True,2026-02-19T11:01:41.091289
2026-08-18,CKG,arrival,10:10,WUH Wuhan,CZ3627,China Southern,text,Duration: 1h 45m,,True,2026-02-19T11:01:41.091295
2026-08-18,CKG,arrival,10:10,DMK Bangkok,FD556,Thai AirAsia,text,Duration: 3h 10m,,True,2026-02-19T11:01:41.091387
2026-08-18,CKG,arrival,10:10,FOC Fuzhou,MF8461,XiamenAir,text,Duration: 2h 40m,,True,2026-02-19T11:01:41.091395
2026-08-18,CKG,arrival,10:20,CAN Guangzhou,CZ3463,China Southern,text,Duration: 2h 10m,,True,2026-02-19T11:01:41.091401
2026-08-18,CKG,arrival,10:20,PKX Beijing,JD5755,Capital Airlines,text,Duration: 2h 45m,,True,2026-02-19T11:01:41.091407
2026-08-18,CKG,arrival,10:25,SYX Sanya,HU7349,Hainan Airlines,text,Duration: 2h 35m,,True,2026-02-19T11:01:41.091412
2026-08-18,CKG,arrival,10:25,HGH Hangzhou,MF8471,XiamenAir,text,Duration: 2h 35m,,True,2026-02-19T11:01:41.091419
2026-08-18,CKG,arrival,10:25,NKG Nanjing,MU2925,China Eastern,text,Duration: 2h 30m,,True,2026-02-19T11:01:41.091425
2026-08-18,CKG,arrival,10:30,HAK Haikou,CZ6313,China Southern,text,Duration: 2h 25m,,True,2026-02-19T11:01:41.091431
2026-08-18,CKG,arrival,10:30,SZX Shenzhen,CZ3465,China Southern,text,Duration: 2h 20m,,True,2026-02-19T11:01:41.091437
2026-08-18,CKG,arrival,10:30,YIW Yiwu,CZ3887,China Southern,text,Duration: 2h 35m,,True,2026-02-19T11:01:41.091444
2026-08-18,CKG,arrival,10:30,PVG Shanghai,HO1249,Juneyao Airlines,text,Duration: 3h 5m,,True,2026-02-19T11:01:41.091522
2026-08-18,CKG,arrival,10:30,HFE Hefei,MU5483,China Eastern,text,Duration: 2h 5m,,True,2026-02-19T11:01:41.091529
2026-08-18,CKG,arrival,10:35,WNZ Wenzhou,CA8303,Air China,text,Duration: 2h 30m,,True,2026-02-19T11:01:41.091535
2026-08-18,CKG,arrival,10:40,PEK Beijing,CA1431,Air China,text,Duration: 2h 40m,,True,2026-02-19T11:01:41.091542
2026-08-18,CKG,arrival,10:40,PKX Beijing,CA8651,Air China,text,Duration: 3h 0m,,True,2026-02-19T11:01:41.091547
2026-08-18,CKG,arrival,10:40,CGO Zhengzhou,CZ3479,China Southern,text,Duration: 2h 0m,,True,2026-02-19T11:01:41.091554
2026-08-18,CKG,arrival,10:40,ZUH Zhuhai,CZ8285,China Southern,text,Duration: 2h 20m,,True,2026-02-19T11:01:41.091559
2026-08-18,CKG,arrival,10:40,SJW Shijiazhuang,NS3239,Hebei Airlines,text,Duration: 2h 30m,,True,2026-02-19T11:01:41.091566
2026-08-18,CKG,arrival,10:45,TSN Tianjin,CA2861,Air China,text,Duration: 2h 55m,,True,2026-02-19T11:01:41.091572
2026-08-18,CKG,arrival,10:45,WNZ Wenzhou,KN5297,China United Airlines,text,Duration: 2h 55m,,True,2026-02-19T11:01:41.091578
2026-08-18,CKG,arrival,10:45,HYN Taizhou,OQ2014,Chongqing Airlines,text,Duration: 3h 0m,,True,2026-02-19T11:01:41.091653
2026-08-18,CKG,arrival,10:45,SZX Shenzhen,ZH9461,Shenzhen Airlines,text,Duration: 2h 20m,,True,2026-02-19T11:01:41.091661
2026-08-18,CKG,arrival,10:50,NNG Nanning,3U8138,Sichuan Airlines,text,Duration: 1h 25m,,True,2026-02-19T11:01:41.091667
2026-08-18,CKG,arrival,10:50,HUZ Huizhou,OQ2344,Chongqing Airlines,text,Duration: 2h 30m,,True,2026-02-19T11:01:41.091673
2026-08-18,CKG,arrival,10:55,PEK Beijing,HU7167,Hainan Airlines,text,Duration: 2h 55m,,True,2026-02-19T11:01:41.091679
2026-08-18,CKG,arrival,11:00,PKX Beijing,CZ8917,China Southern,text,Duration: 2h 45m,,True,2026-02-19T11:01:41.091684
2026-08-18,CKG,arrival,11:00,NTG Nantong,DZ6293,Donghai Airlines,text,Duration: 2h 30m,,True,2026-02-19T11:01:41.091690
2026-08-18,CKG,arrival,11:00,WUX Wuxi,ZH9551,Shenzhen Airlines,text,Duration: 2h 40m,,True,2026-02-19T11:01:41.091696
2026-08-18,CKG,arrival,11:05,DLC Dalian,CZ6579,China Southern,text,Duration: 3h 35m,,True,2026-02-19T11:01:41.091702
2026-08-18,CKG,arrival,11:05,BPX Bangda,PN6216,West Air (China),text,Duration: 1h 55m,,True,2026-02-19T11:01:41.091709
2026-08-18,CKG,arrival,11:10,HAK Haikou,EU2738,Chengdu Airlines,text,Duration: 2h 5m,,True,2026-02-19T11:01:41.091784
2026-08-18,CKG,arrival,11:10,LJG Lijiang,PN6240,West Air (China),text,Duration: 1h 40m,,True,2026-02-19T11:01:41.091791
2026-08-18,CKG,arrival,11:20,NKG Nanjing,MU2663,China Eastern,text,Duration: 2h 20m,,True,2026-02-19T11:01:41.091796
2026-08-18,CKG,arrival,11:20,NTG Nantong,ZH8671,Shenzhen Airlines,text,Duration: 2h 50m,,True,2026-02-19T11:01:41.091802
2026-08-18,CKG,arrival,11:25,DXB Dubai,CA452,Air China,text,Duration: 7h 15m,,True,2026-02-19T11:01:41.091808
2026-08-18,CKG,arrival,11:25,PKX Beijing,OQ2002,Chongqing Airlines,text,Duration: 3h 0m,,True,2026-02-19T11:01:41.091814
2026-08-18,CKG,arrival,11:35,SHA Shanghai,9C8897,Spring Airlines,text,Duration: 3h 5m,,True,2026-02-19T11:01:41.091819
2026-08-18,CKG,arrival,11:45,PVG Shanghai,9C7297,Spring Airlines,text,Duration: 2h 45m,,True,2026-02-19T11:01:41.091826
2026-08-18,CKG,arrival,11:45,PEK Beijing,CA1429,Air China,text,Duration: 2h 30m,,True,2026-02-19T11:01:41.091832
2026-08-18,CKG,arrival,11:45,FOC Fuzhou,EU2223,Chengdu Airlines,text,Duration: 2h 45m,,True,2026-02-19T11:01:41.091838
2026-08-18,CKG,arrival,11:50,SYX Sanya,3U3209,Sichuan Airlines,text,Duration: 2h 25m,,True,2026-02-19T11:01:41.091948
2026-08-18,CKG,arrival,11:50,PVG Shanghai,CA8543,Air China,text,Duration: 2h 50m,,True,2026-02-19T11:01:41.091956
2026-08-18,CKG,arrival,11:55,SWA Jieyang,3U8006,Sichuan Airlines,text,Duration: 2h 20m,,True,2026-02-19T11:01:41.091962
2026-08-18,CKG,arrival,11:55,ZUH Zhuhai,3U8048,Sichuan Airlines,text,Duration: 2h 5m,,True,2026-02-19T11:01:41.091968
2026-08-18,CKG,arrival,11:55,SHA Shanghai,MU9195,China Eastern,text,Duration: 2h 45m,,True,2026-02-19T11:01:41.091974
2026-08-18,CKG,arrival,11:55,BPX Bangda,TV9908,Tibet Airlines,text,Duration: 1h 55m,,True,2026-02-19T11:01:41.091979
2026-08-18,CKG,arrival,12:00,KHN Nanchang,CA4562,Air China,text,Duration: 1h 55m,,True,2026-02-19T11:01:41.091985
2026-08-18,CKG,arrival,12:05,SJW Shijiazhuang,PN6350,West Air (China),text,Duration: 2h 35m,,True,2026-02-19T11:01:41.091991
2026-08-18,CKG,arrival,12:15,SHE Shenyang,CZ6403,China Southern,text,Duration: 4h 0m,,True,2026-02-19T11:01:41.091997
2026-08-18,CKG,arrival,12:15,XUZ Xuzhou,G52808,Gestair,text,Duration: 2h 40m,,True,2026-02-19T11:01:41.092003
2026-08-18,CKG,arrival,12:20,AKU Aksu,G54683,Gestair,text,Duration: 4h 10m,,True,2026-02-19T11:01:41.092079
2026-08-18,CKG,arrival,12:25,XIY Xian,OQ2304,Chongqing Airlines,text,Duration: 1h 30m,,True,2026-02-19T11:01:41.092087
2026-08-18,CKG,arrival,12:25,TNA Jinan,SC8805,Shandong Airlines,text,Duration: 2h 25m,,True,2026-02-19T11:01:41.092093
2026-08-18,CKG,arrival,12:30,CGQ Changchun,CZ6363,China Southern,text,Duration: 4h 15m,,True,2026-02-19T11:01:41.092100
2026-08-18,CKG,arrival,12:35,YTY Yangzhou,3U8168,Sichuan Airlines,text,Duration: 2h 25m,,True,2026-02-19T11:01:41.092106
2026-08-18,CKG,arrival,12:35,URC Urumqi,CZ6985,China Southern,text,Duration: 3h 50m,,True,2026-02-19T11:01:41.092113
2026-08-18,CKG,arrival,12:35,KMG Kunming,OQ2118,Chongqing Airlines,text,Duration: 1h 35m,,True,2026-02-19T11:01:41.092119
2026-08-18,CKG,arrival,12:40,LXA Lhasa/Lasa,3U8634,Sichuan Airlines,text,Duration: 2h 20m,,True,2026-02-19T11:01:41.092125
2026-08-18,CKG,arrival,12:40,NKG Nanjing,3U8042,Sichuan Airlines,text,Duration: 2h 15m,,True,2026-02-19T11:01:41.092131
2026-08-18,CKG,arrival,12:40,FOC Fuzhou,MF8485,XiamenAir,text,Duration: 2h 45m,,True,2026-02-19T11:01:41.092137
2026-08-18,CKG,arrival,12:45,SZX Shenzhen,3U8782,Sichuan Airlines,text,Duration: 2h 20m,,True,2026-02-19T11:01:41.092212
2026-08-18,CKG,arrival,12:45,WNZ Wenzhou,3U8034,Sichuan Airlines,text,Duration: 2h 20m,,True,2026-02-19T11:01:41.092219
2026-08-18,CKG,arrival,12:45,XMN Xiamen,MF8413,XiamenAir,text,Duration: 2h 40m,,True,2026-02-19T11:01:41.092225
2026-08-18,CKG,arrival,12:50,LXA Lhasa/Lasa,CA4419,Air China,text,Duration: 2h 30m,,True,2026-02-19T11:01:41.092230
2026-08-18,CKG,arrival,12:50,NKG Nanjing,CA4546,Air China,text,Duration: 2h 30m,,True,2026-02-19T11:01:41.092236
2026-08-18,CKG,arrival,12:50,SHA Shanghai,MU5425,China Eastern,text,Duration: 2h 45m,,True,2026-02-19T11:01:41.092242
2026-08-18,CKG,arrival,12:50,HAK Haikou,OQ2342,Chongqing Airlines,text,Duration: 2h 15m,,True,2026-02-19T11:01:41.092248
2026-08-18,CKG,arrival,12:50,LZY Nyingchi,TV9870,Tibet Airlines,text,Duration: 2h 0m,,True,2026-02-19T11:01:41.092254
2026-08-18,CKG,arrival,12:55,FOC Fuzhou,3U8104,Sichuan Airlines,text,Duration: 2h 45m,,True,2026-02-19T11:01:41.092260
2026-08-18,CKG,arrival,12:55,NGB Ningbo,3U8110,Sichuan Airlines,text,Duration: 2h 30m,,True,2026-02-19T11:01:41.092266
2026-08-18,CKG,arrival,12:55,TSN Tianjin,3U8014,Sichuan Airlines,text,Duration: 2h 40m,,True,2026-02-19T11:01:41.092339
2026-08-18,CKG,arrival,12:55,HFE Hefei,CA4564,Air China,text,Duration: 2h 10m,,True,2026-02-19T11:01:41.092346
2026-08-18,CKG,arrival,12:55,SZX Shenzhen,CA4344,Air China,text,Duration: 2h 15m,,True,2026-02-19T11:01:41.092352
2026-08-18,CKG,arrival,13:00,KOW Ganzhou,G54922,Gestair,text,Duration: 2h 15m,,True,2026-02-19T11:01:41.092358
2026-08-18,CKG,arrival,13:00,LYG Lianyungang,G52836,Gestair,text,Duration: 2h 45m,,True,2026-02-19T11:01:41.092363
2026-08-18,CKG,arrival,13:00,YIW Yiwu,GY7277,Colorful GuiZhou Airlines,text,Duration: 2h 40m,,True,2026-02-19T11:01:41.092370
2026-08-18,CKG,arrival,13:00,WUX Wuxi,HO2013,Juneyao Airlines,text,Duration: 2h 30m,,True,2026-02-19T11:01:41.092376
2026-08-18,CKG,arrival,13:05,PKX Beijing,CZ8911,China Southern,text,Duration: 3h 10m,,True,2026-02-19T11:01:41.092381
2026-08-18,CKG,arrival,13:05,RKZ Shigatse,TV9762,Tibet Airlines,text,Duration: 2h 40m,,True,2026-02-19T11:01:41.092387
2026-08-18,CKG,arrival,13:10,HZA Heze,GJ8291,Loong Air,text,Duration: 2h 25m,,True,2026-02-19T11:01:41.092392
2026-08-18,CKG,arrival,13:20,HGH Hangzhou,3U8082,Sichuan Airlines,text,Duration: 2h 40m,,True,2026-02-19T11:01:41.092465
2026-08-18,CKG,arrival,13:25,SZX Shenzhen,HU7457,Hainan Airlines,text,Duration: 2h 25m,,True,2026-02-19T11:01:41.092474
2026-08-18,CKG,arrival,13:25,SZX Shenzhen,OQ2336,Chongqing Airlines,text,Duration: 2h 40m,,True,2026-02-19T11:01:41.092479
2026-08-18,CKG,arrival,13:30,WUX Wuxi,3U8026,Sichuan Airlines,text,Duration: 2h 15m,,True,2026-02-19T11:01:41.092485
2026-08-18,CKG,arrival,13:35,ZUH Zhuhai,CA4372,Air China,text,Duration: 2h 30m,,True,2026-02-19T11:01:41.092491
2026-08-18,CKG,arrival,13:35,DLU Dali City,OQ2348,Chongqing Airlines,text,Duration: 1h 35m,,True,2026-02-19T11:01:41.092499
2026-08-18,CKG,arrival,13:40,PEK Beijing,3U8830,Sichuan Airlines,text,Duration: 2h 45m,,True,2026-02-19T11:01:41.092505
2026-08-18,CKG,arrival,13:40,NGB Ningbo,CA4550,Air China,text,Duration: 2h 35m,,True,2026-02-19T11:01:41.092512
2026-08-18,CKG,arrival,13:45,WUH Wuhan,CZ6291,China Southern,text,Duration: 1h 40m,,True,2026-02-19T11:01:41.092518
2026-08-18,CKG,arrival,13:45,ZAT Zhaotong,G54604,Gestair,text,Duration: 1h 10m,,True,2026-02-19T11:01:41.092524
2026-08-18,CKG,arrival,13:45,SZX Shenzhen,ZH9463,Shenzhen Airlines,text,Duration: 2h 25m,,True,2026-02-19T11:01:41.092598
2026-08-18,CKG,arrival,13:50,BHY Beihai,3U8124,Sichuan Airlines,text,Duration: 1h 50m,,True,2026-02-19T11:01:41.092606
2026-08-18,CKG,arrival,13:50,PVG Shanghai,3U8972,Sichuan Airlines,text,Duration: 2h 45m,,True,2026-02-19T11:01:41.092612
2026-08-18,CKG,arrival,13:50,CAN Guangzhou,CA4362,Air China,text,Duration: 2h 20m,,True,2026-02-19T11:01:41.092619
2026-08-18,CKG,arrival,13:55,PEK Beijing,CA4148,Air China,text,Duration: 2h 55m,,True,2026-02-19T11:01:41.092626
2026-08-18,CKG,arrival,13:55,TSN Tianjin,OQ2082,Chongqing Airlines,text,Duration: 3h 15m,,True,2026-02-19T11:01:41.092632
2026-08-18,CKG,arrival,14:00,IQN Qingyang,NS8067,Hebei Airlines,text,Duration: 1h 40m,,True,2026-02-19T11:01:41.092639
2026-08-18,CKG,arrival,14:00,CAN Guangzhou,OQ2306,Chongqing Airlines,text,Duration: 2h 20m,,True,2026-02-19T11:01:41.092645
2026-08-18,CKG,arrival,14:10,HGH Hangzhou,CA4554,Air China,text,Duration: 3h 0m,,True,2026-02-19T11:01:41.092651
2026-08-18,CKG,arrival,14:10,SYX Sanya,HU7339,Hainan Airlines,text,Duration: 2h 20m,,True,2026-02-19T11:01:41.092658
2026-08-18,CKG,arrival,14:10,KMG Kunming,MU5863,China Eastern,text,Duration: 1h 35m,,True,2026-02-19T11:01:41.092732
2026-08-18,CKG,arrival,14:15,HAK Haikou,HU7271,Hainan Airlines,text,Duration: 2h 15m,,True,2026-02-19T11:01:41.092740
2026-08-18,CKG,arrival,14:15,TAO Qingdao,SC4835,Shandong Airlines,text,Duration: 3h 5m,,True,2026-02-19T11:01:41.092746
2026-08-18,CKG,arrival,14:20,JHG Jinghong,G54264,Gestair,text,Duration: 2h 0m,,True,2026-02-19T11:01:41.092752
2026-08-18,CKG,arrival,14:20,JJN Jinjiang,MF8865,XiamenAir,text,Duration: 2h 35m,,True,2026-02-19T11:01:41.092759
2026-08-18,CKG,arrival,14:25,INC Yinchuan,3U8284,Sichuan Airlines,text,Duration: 1h 50m,,True,2026-02-19T11:01:41.092765
2026-08-18,CKG,arrival,14:25,SHA Shanghai,MF8582,XiamenAir,text,Duration: 2h 45m,,True,2026-02-19T11:01:41.092771
2026-08-18,CKG,arrival,14:25,HIA Huai'an,OQ2036,Chongqing Airlines,text,Duration: 2h 30m,,True,2026-02-19T11:01:41.092778
2026-08-18,CKG,arrival,14:30,PEK Beijing,CA4132,Air China,text,Duration: 2h 45m,,True,2026-02-19T11:01:41.092784
2026-08-18,CKG,arrival,14:35,PKX Beijing,OQ2147,Chongqing Airlines,text,Duration: 2h 55m,,True,2026-02-19T11:01:41.092790
2026-08-18,CKG,arrival,14:40,SHA Shanghai,CA4544,Air China,text,Duration: 2h 55m,,True,2026-02-19T11:01:41.092864
2026-08-18,CKG,arrival,14:40,HGH Hangzhou,OQ2380,Chongqing Airlines,text,Duration: 3h 0m,,True,2026-02-19T11:01:41.092871
2026-08-18,CKG,arrival,14:40,NKG Nanjing,OQ2322,Chongqing Airlines,text,Duration: 2h 35m,,True,2026-02-19T11:01:41.092877
2026-08-18,CKG,arrival,14:40,TNA Jinan,PN6266,West Air (China),text,Duration: 2h 25m,,True,2026-02-19T11:01:41.092900
2026-08-18,CKG,arrival,14:45,LYA Luoyang,QW6053,Qingdao Airlines,text,Duration: 1h 45m,,True,2026-02-19T11:01:41.092906
2026-08-18,CKG,arrival,14:50,XMN Xiamen,CA4566,Air China,text,Duration: 2h 35m,,True,2026-02-19T11:01:41.092912
2026-08-18,CKG,arrival,14:50,YCU Yuncheng,MF8786,XiamenAir,text,Duration: 1h 55m,,True,2026-02-19T11:01:41.092919
2026-08-18,CKG,arrival,14:55,PVG Shanghai,CA4576,Air China,text,Duration: 2h 40m,,True,2026-02-19T11:01:41.092925
2026-08-18,CKG,arrival,14:55,KWL Guilin,GT1069,Air Guilin,text,Duration: 1h 30m,,True,2026-02-19T11:01:41.092936
2026-08-18,CKG,arrival,15:00,SHE Shenyang,3U8038,Sichuan Airlines,text,Duration: 3h 40m,,True,2026-02-19T11:01:41.092942
2026-08-18,CKG,arrival,15:05,LZH Liuzhou,G54770,Gestair,text,Duration: 2h 0m,,True,2026-02-19T11:01:41.093022
2026-08-18,CKG,arrival,15:05,XIC Xichang,G54166,Gestair,text,Duration: 1h 30m,,True,2026-02-19T11:01:41.093029
2026-08-18,CKG,arrival,15:05,CAN Guangzhou,HU7341,Hainan Airlines,text,Duration: 2h 25m,,True,2026-02-19T11:01:41.093035
2026-08-18,CKG,arrival,15:10,JGS Ji'An,9C8752,Spring Airlines,text,Duration: 1h 55m,,True,2026-02-19T11:01:41.093042
2026-08-18,CKG,arrival,15:10,INC Yinchuan,CA4268,Air China,text,Duration: 2h 0m,,True,2026-02-19T11:01:41.093048
2026-08-18,CKG,arrival,15:10,KUL Kuala Lumpur,MF8712,XiamenAir,text,Duration: 4h 30m,,True,2026-02-19T11:01:41.093055
2026-08-18,CKG,arrival,15:15,PVG Shanghai,OQ2308,Chongqing Airlines,text,Duration: 3h 15m,,True,2026-02-19T11:01:41.093061
2026-08-18,CKG,arrival,15:20,LZY Nyingchi,3U3182,Sichuan Airlines,text,Duration: 2h 20m,,True,2026-02-19T11:01:41.093067
2026-08-18,CKG,arrival,15:20,CAN Guangzhou,CZ3485,China Southern,text,Duration: 2h 10m,,True,2026-02-19T11:01:41.093073
2026-08-18,CKG,arrival,15:20,XMN Xiamen,HU7412,Hainan Airlines,text,Duration: 2h 45m,,True,2026-02-19T11:01:41.093079
2026-08-18,CKG,arrival,15:20,KHN Nanchang,ZH8853,Shenzhen Airlines,text,Duration: 2h 5m,,True,2026-02-19T11:01:41.093153
2026-08-18,CKG,arrival,15:25,SHA Shanghai,MU5429,China Eastern,text,Duration: 2h 45m,,True,2026-02-19T11:01:41.093160
2026-08-18,CKG,arrival,15:30,SZX Shenzhen,CZ3455,China Southern,text,Duration: 2h 25m,,True,2026-02-19T11:01:41.093167
2026-08-18,CKG,arrival,15:35,CAN Guangzhou,3U8748,Sichuan Airlines,text,Duration: 2h 0m,,True,2026-02-19T11:01:41.093173
2026-08-18,CKG,arrival,15:40,LJG Lijiang,8L9817,Lucky Air,text,Duration: 1h 35m,,True,2026-02-19T11:01:41.093178
2026-08-18,CKG,arrival,15:40,NKG Nanjing,CA4560,Air China,text,Duration: 2h 25m,,True,2026-02-19T11:01:41.093184
2026-08-18,CKG,arrival,15:40,PEK Beijing,CA4138,Air China,text,Duration: 2h 55m,,True,2026-02-19T11:01:41.093190
2026-08-18,CKG,arrival,15:40,SWA Jieyang,PN6386,West Air (China),text,Duration: 2h 40m,,True,2026-02-19T11:01:41.093196
2026-08-18,CKG,arrival,15:45,URC Urumqi,CZ6431,China Southern,text,Duration: 3h 55m,,True,2026-02-19T11:01:41.093202
2026-08-18,CKG,arrival,15:45,HGH Hangzhou,MF8475,XiamenAir,text,Duration: 2h 55m,,True,2026-02-19T11:01:41.093207
2026-08-18,CKG,arrival,15:45,PVG Shanghai,PN6374,West Air (China),text,Duration: 3h 5m,,True,2026-02-19T11:01:41.093281
2026-08-18,CKG,arrival,15:50,SHE Shenyang,CZ6469,China Southern,text,Duration: 3h 50m,,True,2026-02-19T11:01:41.093288
2026-08-18,CKG,arrival,15:50,UYN Yulin,GX8882,GX Airlines,text,Duration: 1h 50m,,True,2026-02-19T11:01:41.093293
2026-08-18,CKG,arrival,15:50,HAK Haikou,HU7371,Hainan Airlines,text,Duration: 2h 20m,,True,2026-02-19T11:01:41.093299
2026-08-18,CKG,arrival,15:50,TCZ Tengchong,KY3006,Kunming Airlines,text,Duration: 1h 55m,,True,2026-02-19T11:01:41.093306
2026-08-18,CKG,arrival,15:50,NKG Nanjing,MU2737,China Eastern,text,Duration: 2h 10m,,True,2026-02-19T11:01:41.093312
2026-08-18,CKG,arrival,15:55,NKG Nanjing,3U8044,Sichuan Airlines,text,Duration: 2h 10m,,True,2026-02-19T11:01:41.093318
2026-08-18,CKG,arrival,15:55,NGB Ningbo,GJ8397,Loong Air,text,Duration: 2h 55m,,True,2026-02-19T11:01:41.093324
2026-08-18,CKG,arrival,16:00,PKX Beijing,CZ8815,China Southern,text,Duration: 2h 50m,,True,2026-02-19T11:01:41.093331
2026-08-18,CKG,arrival,16:00,NKG Nanjing,HO1693,Juneyao Airlines,text,Duration: 2h 25m,,True,2026-02-19T11:01:41.093339
2026-08-18,CKG,arrival,16:05,BKK Bangkok,HU424,Hainan Airlines,text,Duration: 3h 20m,,True,2026-02-19T11:01:41.093413
2026-08-18,CKG,arrival,16:05,YNT Yantai,QW6031,Qingdao Airlines,text,Duration: 3h 5m,,True,2026-02-19T11:01:41.093421
2026-08-18,CKG,arrival,16:10,HKG Hong Kong,CX928,Cathay Pacific,text,Duration: 2h 35m,,True,2026-02-19T11:01:41.093427
2026-08-18,CKG,arrival,16:10,TAO Qingdao,SC4833,Shandong Airlines,text,Duration: 3h 0m,,True,2026-02-19T11:01:41.093433
2026-08-18,CKG,arrival,16:15,HRB Harbin,CZ6345,China Southern,text,Duration: 4h 20m,,True,2026-02-19T11:01:41.093439
2026-08-18,CKG,arrival,16:20,CGQ Changchun,CA4016,Air China,text,Duration: 4h 5m,,True,2026-02-19T11:01:41.093446
2026-08-18,CKG,arrival,16:20,XUZ Xuzhou,G54608,Gestair,text,Duration: 2h 25m,,True,2026-02-19T11:01:41.093452
2026-08-18,CKG,arrival,16:20,CZX Changzhou,MU2785,China Eastern,text,Duration: 2h 35m,,True,2026-02-19T11:01:41.093459
2026-08-18,CKG,arrival,16:25,SZX Shenzhen,9C8615,Spring Airlines,text,Duration: 2h 30m,,True,2026-02-19T11:01:41.093465
2026-08-18,CKG,arrival,16:25,HRB Harbin,CA4012,Air China,text,Duration: 4h 25m,,True,2026-02-19T11:01:41.093471
2026-08-18,CKG,arrival,16:25,JIC Jinchang,G52750,Gestair,text,Duration: 2h 15m,,True,2026-02-19T11:01:41.093545
2026-08-18,CKG,arrival,16:30,WUX Wuxi,MU9775,China Eastern,text,Duration: 2h 30m,,True,2026-02-19T11:01:41.093553
2026-08-18,CKG,arrival,16:35,CGO Zhengzhou,CZ8715,China Southern,text,Duration: 2h 0m,,True,2026-02-19T11:01:41.093559
2026-08-18,CKG,arrival,16:40,CAN Guangzhou,HU7441,Hainan Airlines,text,Duration: 2h 10m,,True,2026-02-19T11:01:41.093564
2026-08-18,CKG,arrival,16:40,NGB Ningbo,MU2395,China Eastern,text,Duration: 2h 45m,,True,2026-02-19T11:01:41.093570
2026-08-18,CKG,arrival,16:45,PEK Beijing,CA1439,Air China,text,Duration: 2h 45m,,True,2026-02-19T11:01:41.093576
2026-08-18,CKG,arrival,16:45,SHA Shanghai,FM9419,Shanghai Airlines,text,Duration: 2h 40m,,True,2026-02-19T11:01:41.093582
2026-08-18,CKG,arrival,16:50,YNT Yantai,3U8174,Sichuan Airlines,text,Duration: 2h 55m,,True,2026-02-19T11:01:41.093587
2026-08-18,CKG,arrival,16:55,SHS Shashi,G54754,Gestair,text,Duration: 1h 30m,,True,2026-02-19T11:01:41.093593
2026-08-18,CKG,arrival,16:55,XMN Xiamen,MF8423,XiamenAir,text,Duration: 2h 40m,,True,2026-02-19T11:01:41.093599
2026-08-18,CKG,arrival,16:55,AKU Aksu,OQ2008,Chongqing Airlines,text,Duration: 4h 15m,,True,2026-02-19T11:01:41.093672
2026-08-18,CKG,arrival,17:00,HRB Harbin,3U8166,Sichuan Airlines,text,Duration: 4h 20m,,True,2026-02-19T11:01:41.093678
2026-08-18,CKG,arrival,17:00,HGH Hangzhou,CA1761,Air China,text,Duration: 2h 50m,,True,2026-02-19T11:01:41.093684
2026-08-18,CKG,arrival,17:00,ICN Seoul,CA440,Air China,text,Duration: 3h 55m,,True,2026-02-19T11:01:41.093691
2026-08-18,CKG,arrival,17:05,TAO Qingdao,SC4837,Shandong Airlines,text,Duration: 2h 55m,,True,2026-02-19T11:01:41.093698
2026-08-18,CKG,arrival,17:10,JNH Jiaxing,GJ8784,Loong Air,text,Duration: 3h 10m,,True,2026-02-19T11:01:41.093704
2026-08-18,CKG,arrival,17:15,LXA Lhasa/Lasa,MF8412,XiamenAir,text,Duration: 2h 35m,,True,2026-02-19T11:01:41.093710
2026-08-18,CKG,arrival,17:20,CSX Changsha,GS6588,Tianjin Airlines,text,Duration: 1h 30m,,True,2026-02-19T11:01:41.093716
2026-08-18,CKG,arrival,17:25,HKG Hong Kong,CA420,Air China,text,Duration: 2h 35m,,True,2026-02-19T11:01:41.093723
2026-08-18,CKG,arrival,17:25,CIH Changzhi,G52722,Gestair,text,Duration: 2h 0m,,True,2026-02-19T11:01:41.093729
2026-08-18,CKG,arrival,17:25,FOC Fuzhou,MF8489,XiamenAir,text,Duration: 2h 50m,,True,2026-02-19T11:01:41.093801
2026-08-18,CKG,arrival,17:25,KIX Osaka,MF8654,XiamenAir,text,Duration: 4h 25m,,True,2026-02-19T11:01:41.093808
2026-08-18,CKG,arrival,17:25,TNA Jinan,SC8815,Shandong Airlines,text,Duration: 2h 25m,,True,2026-02-19T11:01:41.093815
2026-08-18,CKG,arrival,17:30,CAN Guangzhou,OQ2318,Chongqing Airlines,text,Duration: 2h 25m,,True,2026-02-19T11:01:41.093821
2026-08-18,CKG,arrival,17:35,CGQ Changchun,CZ8255,China Southern,text,Duration: 4h 25m,,True,2026-02-19T11:01:41.093827
2026-08-18,CKG,arrival,17:35,CGQ Changchun,MF8038,XiamenAir,text,Duration: 4h 10m,,True,2026-02-19T11:01:41.093833
2026-08-18,CKG,arrival,17:40,KRL Korla,3U8142,Sichuan Airlines,text,Duration: 4h 5m,,True,2026-02-19T11:01:41.093839
2026-08-18,CKG,arrival,17:40,LXA Lhasa/Lasa,CZ3464,China Southern,text,Duration: 2h 40m,,True,2026-02-19T11:01:41.093845
2026-08-18,CKG,arrival,17:40,FUG Fuyang,PN6220,West Air (China),text,Duration: 2h 15m,,True,2026-02-19T11:01:41.093851
2026-08-18,CKG,arrival,17:40,SJW Shijiazhuang,PN6336,West Air (China),text,Duration: 2h 30m,,True,2026-02-19T11:01:41.093859
2026-08-18,CKG,arrival,17:50,SHA Shanghai,MU9193,China Eastern,text,Duration: 2h 40m,,True,2026-02-19T11:01:41.093933
2026-08-18,CKG,arrival,17:50,CGQ Changchun,OQ2078,Chongqing Airlines,text,Duration: 4h 30m,,True,2026-02-19T11:01:41.093940
2026-08-18,CKG,arrival,17:55,DLU Dali City,CA4486,Air China,text,Duration: 2h 0m,,True,2026-02-19T11:01:41.093946
2026-08-18,CKG,arrival,18:00,PEK Beijing,CA1411,Air China,text,Duration: 3h 0m,,True,2026-02-19T11:01:41.093952
2026-08-18,CKG,arrival,18:00,DMK Bangkok,FD552,Thai AirAsia,text,Duration: 3h 15m,,True,2026-02-19T11:01:41.093958
2026-08-18,CKG,arrival,18:00,PKX Beijing,NS8035,Hebei Airlines,text,Duration: 2h 40m,,True,2026-02-19T11:01:41.093965
2026-08-18,CKG,arrival,18:05,CSX Changsha,3U8010,Sichuan Airlines,text,Duration: 1h 40m,,True,2026-02-19T11:01:41.093970
2026-08-18,CKG,arrival,18:05,WUH Wuhan,3U8156,Sichuan Airlines,text,Duration: 1h 40m,,True,2026-02-19T11:01:41.093976
2026-08-18,CKG,arrival,18:05,LYI Linyi,OQ2364,Chongqing Airlines,text,Duration: 2h 35m,,True,2026-02-19T11:01:41.093982
2026-08-18,CKG,arrival,18:05,YIC Yichun,PN6480,West Air (China),text,Duration: 1h 50m,,True,2026-02-19T11:01:41.093988
2026-08-18,CKG,arrival,18:05,TAO Qingdao,SC4839,Shandong Airlines,text,Duration: 2h 55m,,True,2026-02-19T11:01:41.094061
2026-08-18,CKG,arrival,18:10,LHW Lanzhou,9C6281,Spring Airlines,text,Duration: 2h 15m,,True,2026-02-19T11:01:41.094068
2026-08-18,CKG,arrival,18:15,URC Urumqi,CA4256,Air China,text,Duration: 4h 10m,,True,2026-02-19T11:01:41.094074
2026-08-18,CKG,arrival,18:15,LHW Lanzhou,G54034,Gestair,text,Duration: 1h 55m,,True,2026-02-19T11:01:41.094079
2026-08-18,CKG,arrival,18:25,LLV Luliang,G52914,Gestair,text,Duration: 1h 50m,,True,2026-02-19T11:01:41.094085
2026-08-18,CKG,arrival,18:25,HAK Haikou,HU7471,Hainan Airlines,text,Duration: 2h 25m,,True,2026-02-19T11:01:41.094092
2026-08-18,CKG,arrival,18:25,KUL Kuala Lumpur,MF8688,XiamenAir,text,Duration: 4h 35m,,True,2026-02-19T11:01:41.094098
2026-08-18,CKG,arrival,18:25,HET Hohhot,OQ2176,Chongqing Airlines,text,Duration: 2h 20m,,True,2026-02-19T11:01:41.094105
2026-08-18,CKG,arrival,18:30,PKX Beijing,MU6685,China Eastern,text,Duration: 2h 50m,,True,2026-02-19T11:01:41.094111
2026-08-18,CKG,arrival,18:35,CGO Zhengzhou,CZ6353,China Southern,text,Duration: 2h 5m,,True,2026-02-19T11:01:41.094118
2026-08-18,CKG,arrival,18:40,CAN Guangzhou,CZ3411,China Southern,text,Duration: 2h 20m,,True,2026-02-19T11:01:41.094190
2026-08-18,CKG,arrival,18:45,SZX Shenzhen,3U8784,Sichuan Airlines,text,Duration: 2h 15m,,True,2026-02-19T11:01:41.094197
2026-08-18,CKG,arrival,18:45,WUH Wuhan,CZ8421,China Southern,text,Duration: 1h 50m,,True,2026-02-19T11:01:41.094204
2026-08-18,CKG,arrival,18:50,YCU Yuncheng,CA4014,Air China,text,Duration: 2h 5m,,True,2026-02-19T11:01:41.094211
2026-08-18,CKG,arrival,18:50,PKX Beijing,CZ8817,China Southern,text,Duration: 2h 50m,,True,2026-02-19T11:01:41.094218
2026-08-18,CKG,arrival,18:50,JGN Jiayuguan,G52852,Gestair,text,Duration: 2h 45m,,True,2026-02-19T11:01:41.094224
2026-08-18,CKG,arrival,18:50,"JUZ Quzhou, Zhejiang Province",G54684,Gestair,text,Duration: 2h 20m,,True,2026-02-19T11:01:41.094230
2026-08-18,CKG,arrival,18:55,WHA Wuhu,GT1117,Air Guilin,text,Duration: 2h 30m,,True,2026-02-19T11:01:41.094236
2026-08-18,CKG,arrival,18:55,HGH Hangzhou,OQ2390,Chongqing Airlines,text,Duration: 3h 0m,,True,2026-02-19T11:01:41.094243
2026-08-18,CKG,arrival,18:55,XMN Xiamen,SC2141,Shandong Airlines,text,Duration: 2h 35m,,True,2026-02-19T11:01:41.094249
2026-08-18,CKG,arrival,18:55,WUX Wuxi,ZH9553,Shenzhen Airlines,text,Duration: 2h 35m,,True,2026-02-19T11:01:41.094321
2026-08-18,CKG,arrival,19:00,CGO Zhengzhou,3U8160,Sichuan Airlines,text,Duration: 2h 0m,,True,2026-02-19T11:01:41.094330
2026-08-18,CKG,arrival,19:00,SHA Shanghai,9C8995,Spring Airlines,text,Duration: 2h 55m,,True,2026-02-19T11:01:41.094336
2026-08-18,CKG,arrival,19:00,PEK Beijing,CA1409,Air China,text,Duration: 3h 0m,,True,2026-02-19T11:01:41.094343
2026-08-18,CKG,arrival,19:00,PVG Shanghai,FM9425,Shanghai Airlines,text,Duration: 2h 55m,,True,2026-02-19T11:01:41.094349
2026-08-18,CKG,arrival,19:05,FOC Fuzhou,FU6507,Fuzhou Airline,text,Duration: 2h 40m,,True,2026-02-19T11:01:41.094356
2026-08-18,CKG,arrival,19:10,FOC Fuzhou,HU7264,Hainan Airlines,text,Duration: 3h 0m,,True,2026-02-19T11:01:41.094362
2026-08-18,CKG,arrival,19:10,WNZ Wenzhou,PN6284,West Air (China),text,Duration: 3h 0m,,True,2026-02-19T11:01:41.094369
2026-08-18,CKG,arrival,19:10,SZX Shenzhen,ZH9465,Shenzhen Airlines,text,Duration: 2h 20m,,True,2026-02-19T11:01:41.094375
2026-08-18,CKG,arrival,19:15,HFE Hefei,3U8198,Sichuan Airlines,text,Duration: 2h 15m,,True,2026-02-19T11:01:41.094382
2026-08-18,CKG,arrival,19:15,CAN Guangzhou,OQ2324,Chongqing Airlines,text,Duration: 2h 20m,,True,2026-02-19T11:01:41.094458
2026-08-18,CKG,arrival,19:15,JHG Jinghong,PN6404,West Air (China),text,Duration: 2h 0m,,True,2026-02-19T11:01:41.094466
2026-08-18,CKG,arrival,19:15,PVG Shanghai,Y87513,Suparna Airlines,text,Duration: 3h 20m,,True,2026-02-19T11:01:41.094472
2026-08-18,CKG,arrival,19:25,SYX Sanya,PN6204,West Air (China),text,Duration: 2h 20m,,True,2026-02-19T11:01:41.094480
2026-08-18,CKG,arrival,19:30,WHA Wuhu,3U8072,Sichuan Airlines,text,Duration: 2h 25m,,True,2026-02-19T11:01:41.094486
2026-08-18,CKG,arrival,19:30,CSX Changsha,CZ3825,China Southern,text,Duration: 1h 35m,,True,2026-02-19T11:01:41.094492
2026-08-18,CKG,arrival,19:30,SZX Shenzhen,OQ2346,Chongqing Airlines,text,Duration: 2h 35m,,True,2026-02-19T11:01:41.094499
2026-08-18,CKG,arrival,19:35,SZX Shenzhen,CZ5919,China Southern,text,Duration: 2h 30m,,True,2026-02-19T11:01:41.094506
2026-08-18,CKG,arrival,19:35,PVG Shanghai,HO1247,Juneyao Airlines,text,Duration: 3h 5m,,True,2026-02-19T11:01:41.094512
2026-08-18,CKG,arrival,19:35,LUM Mangshi,KY3109,Kunming Airlines,text,Duration: 1h 55m,,True,2026-02-19T11:01:41.094518
2026-08-18,CKG,arrival,19:35,SIN Singapore,OQ2096,Chongqing Airlines,text,Duration: 5h 0m,,True,2026-02-19T11:01:41.094593
2026-08-18,CKG,arrival,19:40,SIN Singapore,CA450,Air China,text,Duration: 5h 10m,,True,2026-02-19T11:01:41.094600
2026-08-18,CKG,arrival,19:45,PEK Beijing,CA1435,Air China,text,Duration: 2h 45m,,True,2026-02-19T11:01:41.094606
2026-08-18,CKG,arrival,19:45,SHE Shenyang,CZ6465,China Southern,text,Duration: 3h 50m,,True,2026-02-19T11:01:41.094612
2026-08-18,CKG,arrival,19:45,KTI Phnom Penh,KR963,Cambodia Airways,text,Duration: 3h 50m,,True,2026-02-19T11:01:41.094618
2026-08-18,CKG,arrival,19:50,SHA Shanghai,9C8997,Spring Airlines,text,Duration: 2h 50m,,True,2026-02-19T11:01:41.094625
2026-08-18,CKG,arrival,19:50,NKG Nanjing,MU2845,China Eastern,text,Duration: 2h 15m,,True,2026-02-19T11:01:41.094631
2026-08-18,CKG,arrival,19:55,SHA Shanghai,MU5435,China Eastern,text,Duration: 2h 40m,,True,2026-02-19T11:01:41.094637
2026-08-18,CKG,arrival,20:00,YNZ Yancheng,9C7345,Spring Airlines,text,Duration: 2h 45m,,True,2026-02-19T11:01:41.094643
2026-08-18,CKG,arrival,20:00,PVG Shanghai,HU7493,Hainan Airlines,text,Duration: 3h 0m,,True,2026-02-19T11:01:41.094649
2026-08-18,CKG,arrival,20:00,WUX Wuxi,MU9785,China Eastern,text,Duration: 2h 40m,,True,2026-02-19T11:01:41.094721
2026-08-18,CKG,arrival,20:05,HGH Hangzhou,3U8084,Sichuan Airlines,text,Duration: 2h 40m,,True,2026-02-19T11:01:41.094729
2026-08-18,CKG,arrival,20:05,JHG Jinghong,8L9605,Lucky Air,text,Duration: 2h 0m,,True,2026-02-19T11:01:41.094735
2026-08-18,CKG,arrival,20:05,CAN Guangzhou,CA4350,Air China,text,Duration: 2h 30m,,True,2026-02-19T11:01:41.094741
2026-08-18,CKG,arrival,20:05,URC Urumqi,CZ6973,China Southern,text,Duration: 3h 40m,,True,2026-02-19T11:01:41.094747
2026-08-18,CKG,arrival,20:05,DIG Diqing,OQ2148,Chongqing Airlines,text,Duration: 1h 45m,,True,2026-02-19T11:01:41.094754
2026-08-18,CKG,arrival,20:05,TAO Qingdao,SC4841,Shandong Airlines,text,Duration: 2h 50m,,True,2026-02-19T11:01:41.094760
2026-08-18,CKG,arrival,20:10,XMN Xiamen,3U8088,Sichuan Airlines,text,Duration: 2h 35m,,True,2026-02-19T11:01:41.094767
2026-08-18,CKG,arrival,20:10,XNN Xining,MF8866,XiamenAir,text,Duration: 2h 0m,,True,2026-02-19T11:01:41.094773
2026-08-18,CKG,arrival,20:10,LXA Lhasa/Lasa,PN6392,West Air (China),text,Duration: 2h 50m,,True,2026-02-19T11:01:41.094780
2026-08-18,CKG,arrival,20:15,CZX Changzhou,3U8098,Sichuan Airlines,text,Duration: 2h 40m,,True,2026-02-19T11:01:41.094851
2026-08-18,CKG,arrival,20:15,NKG Nanjing,HO1691,Juneyao Airlines,text,Duration: 2h 35m,,True,2026-02-19T11:01:41.094859
2026-08-18,CKG,arrival,20:15,PEK Beijing,HU7267,Hainan Airlines,text,Duration: 2h 45m,,True,2026-02-19T11:01:41.094866
2026-08-18,CKG,arrival,20:15,TNA Jinan,SC8809,Shandong Airlines,text,Duration: 2h 20m,,True,2026-02-19T11:01:41.094872
2026-08-18,CKG,arrival,20:20,TYN Taiyuan,SC2268,Shandong Airlines,text,Duration: 2h 25m,,True,2026-02-19T11:01:41.094878
2026-08-18,CKG,arrival,20:25,ACX Xingyi,BK2954,OkAir,text,Duration: 1h 55m,,True,2026-02-19T11:01:41.094885
2026-08-18,CKG,arrival,20:25,INC Yinchuan,HU7272,Hainan Airlines,text,Duration: 2h 5m,,True,2026-02-19T11:01:41.094892
2026-08-18,CKG,arrival,20:25,LXA Lhasa/Lasa,PN6272,West Air (China),text,Duration: 2h 50m,,True,2026-02-19T11:01:41.094898
2026-08-18,CKG,arrival,20:30,CAN Guangzhou,MU6825,China Eastern,text,Duration: 2h 5m,,True,2026-02-19T11:01:41.094904
2026-08-18,CKG,arrival,20:30,XIY Xian,MU2267,China Eastern,text,Duration: 1h 20m,,True,2026-02-19T11:01:41.094910
2026-08-18,CKG,arrival,20:35,PVG Shanghai,HO2369,Juneyao Airlines,text,Duration: 3h 15m,,True,2026-02-19T11:01:41.094983
2026-08-18,CKG,arrival,20:50,LXA Lhasa/Lasa,EU2737,Chengdu Airlines,text,Duration: 2h 20m,,True,2026-02-19T11:01:41.094990
2026-08-18,CKG,arrival,20:50,XIY Xian,JD5077,Capital Airlines,text,Duration: 1h 35m,,True,2026-02-19T11:01:41.094997
2026-08-18,CKG,arrival,20:50,HFE Hefei,MU9982,China Eastern,text,Duration: 2h 5m,,True,2026-02-19T11:01:41.095003
2026-08-18,CKG,arrival,20:55,CAN Guangzhou,3U8746,Sichuan Airlines,text,Duration: 1h 50m,,True,2026-02-19T11:01:41.095009
2026-08-18,CKG,arrival,20:55,PEK Beijing,CA4142,Air China,text,Duration: 2h 40m,,True,2026-02-19T11:01:41.095015
2026-08-18,CKG,arrival,20:55,HAK Haikou,CZ8689,China Southern,text,Duration: 2h 25m,,True,2026-02-19T11:01:41.095022
2026-08-18,CKG,arrival,20:55,XMN Xiamen,HU7426,Hainan Airlines,text,Duration: 3h 5m,,True,2026-02-19T11:01:41.095028
2026-08-18,CKG,arrival,20:55,HGH Hangzhou,MF8473,XiamenAir,text,Duration: 2h 40m,,True,2026-02-19T11:01:41.095034
2026-08-18,CKG,arrival,21:00,PKX Beijing,CZ3259,China Southern,text,Duration: 2h 35m,,True,2026-02-19T11:01:41.095040
2026-08-18,CKG,arrival,21:00,YYA Yueyang,DZ6286,Donghai Airlines,text,Duration: 1h 30m,,True,2026-02-19T11:01:41.095113
2026-08-18,CKG,arrival,21:00,PKX Beijing,MU6687,China Eastern,text,Duration: 2h 45m,,True,2026-02-19T11:01:41.095122
2026-08-18,CKG,arrival,21:00,WUH Wuhan,MU2539,China Eastern,text,Duration: 1h 35m,,True,2026-02-19T11:01:41.095129
2026-08-18,CKG,arrival,21:00,CAN Guangzhou,OQ2340,Chongqing Airlines,text,Duration: 2h 45m,,True,2026-02-19T11:01:41.095135
2026-08-18,CKG,arrival,21:05,KHN Nanchang,RY6681,Jiangxi Airlines,text,Duration: 2h 10m,,True,2026-02-19T11:01:41.095141
2026-08-18,CKG,arrival,21:15,PVG Shanghai,9C8867,Spring Airlines,text,Duration: 3h 10m,,True,2026-02-19T11:01:41.095147
2026-08-18,CKG,arrival,21:15,SJW Shijiazhuang,9C8993,Spring Airlines,text,Duration: 2h 35m,,True,2026-02-19T11:01:41.095153
2026-08-18,CKG,arrival,21:15,HGH Hangzhou,JD5695,Capital Airlines,text,Duration: 3h 20m,,True,2026-02-19T11:01:41.095159
2026-08-18,CKG,arrival,21:15,TAO Qingdao,SC4843,Shandong Airlines,text,Duration: 3h 5m,,True,2026-02-19T11:01:41.095165
2026-08-18,CKG,arrival,21:15,SZX Shenzhen,ZH9467,Shenzhen Airlines,text,Duration: 2h 15m,,True,2026-02-19T11:01:41.095171
2026-08-18,CKG,arrival,21:20,TNA Jinan,SC8811,Shandong Airlines,text,Duration: 2h 15m,,True,2026-02-19T11:01:41.095290
2026-08-18,CKG,arrival,21:20,LXA Lhasa/Lasa,TV9844,Tibet Airlines,text,Duration: 2h 40m,,True,2026-02-19T11:01:41.095300
2026-08-18,CKG,arrival,21:25,HAN Hanoi,PN6424,West Air (China),text,Duration: 2h 0m,,True,2026-02-19T11:01:41.095307
2026-08-18,CKG,arrival,21:30,PEK Beijing,3U8832,Sichuan Airlines,text,Duration: 2h 45m,,True,2026-02-19T11:01:41.095313
2026-08-18,CKG,arrival,21:30,PEK Beijing,CA1449,Air China,text,Duration: 2h 45m,,True,2026-02-19T11:01:41.095319
2026-08-18,CKG,arrival,21:30,CAN Guangzhou,OQ2129,Chongqing Airlines,text,Duration: 2h 25m,,True,2026-02-19T11:01:41.095325
2026-08-18,CKG,arrival,21:30,ZUH Zhuhai,SC2266,Shandong Airlines,text,Duration: 2h 30m,,True,2026-02-19T11:01:41.095331
2026-08-18,CKG,arrival,21:35,SJW Shijiazhuang,OQ2054,Chongqing Airlines,text,Duration: 2h 30m,,True,2026-02-19T11:01:41.095337
2026-08-18,CKG,arrival,21:35,TNA Jinan,SC8813,Shandong Airlines,text,Duration: 2h 25m,,True,2026-02-19T11:01:41.095343
2026-08-18,CKG,arrival,21:35,TYN Taiyuan,SC2270,Shandong Airlines,text,Duration: 2h 0m,,True,2026-02-19T11:01:41.095350
2026-08-18,CKG,arrival,21:45,TYN Taiyuan,DR5312,Ruili Airlines,text,Duration: 1h 55m,,True,2026-02-19T11:01:41.095474
2026-08-18,CKG,arrival,21:50,LXA Lhasa/Lasa,3U8636,Sichuan Airlines,text,Duration: 2h 30m,,True,2026-02-19T11:01:41.095482
2026-08-18,CKG,arrival,21:50,PKX Beijing,CA8674,Air China,text,Duration: 2h 55m,,True,2026-02-19T11:01:41.095488
2026-08-18,CKG,arrival,21:50,CGO Zhengzhou,CZ6649,China Southern,text,Duration: 2h 0m,,True,2026-02-19T11:01:41.095494
2026-08-18,CKG,arrival,21:50,NKG Nanjing,MU2835,China Eastern,text,Duration: 2h 10m,,True,2026-02-19T11:01:41.095500
2026-08-18,CKG,arrival,21:55,CAN Guangzhou,AQ1101,9 Air,text,Duration: 2h 15m,,True,2026-02-19T11:01:41.095507
2026-08-18,CKG,arrival,22:00,PVG Shanghai,3U8974,Sichuan Airlines,text,Duration: 3h 5m,,True,2026-02-19T11:01:41.095513
2026-08-18,CKG,arrival,22:00,HGH Hangzhou,CA4578,Air China,text,Duration: 2h 40m,,True,2026-02-19T11:01:41.095519
2026-08-18,CKG,arrival,22:00,DHH Hami,EU2224,Chengdu Airlines,text,Duration: 3h 40m,,True,2026-02-19T11:01:41.095525
2026-08-18,CKG,arrival,22:00,CAN Guangzhou,HU7241,Hainan Airlines,text,Duration: 2h 15m,,True,2026-02-19T11:01:41.095531
2026-08-18,CKG,arrival,22:00,PEK Beijing,HU7567,Hainan Airlines,text,Duration: 3h 5m,,True,2026-02-19T11:01:41.095622
2026-08-18,CKG,arrival,22:00,WNZ Wenzhou,HU7464,Hainan Airlines,text,Duration: 3h 10m,,True,2026-02-19T11:01:41.095630
2026-08-18,CKG,arrival,22:00,TNA Jinan,PN6328,West Air (China),text,Duration: 2h 45m,,True,2026-02-19T11:01:41.095637
2026-08-18,CKG,arrival,22:05,CAN Guangzhou,CA4342,Air China,text,Duration: 2h 10m,,True,2026-02-19T11:01:41.095643
2026-08-18,CKG,arrival,22:05,TYN Taiyuan,MU6995,China Eastern,text,Duration: 2h 5m,,True,2026-02-19T11:01:41.095649
2026-08-18,CKG,arrival,22:10,SZX Shenzhen,3U8786,Sichuan Airlines,text,Duration: 2h 15m,,True,2026-02-19T11:01:41.095656
2026-08-18,CKG,arrival,22:10,URC Urumqi,3U3210,Sichuan Airlines,text,Duration: 3h 50m,,True,2026-02-19T11:01:41.095663
2026-08-18,CKG,arrival,22:10,WNZ Wenzhou,HU7472,Hainan Airlines,text,Duration: 3h 0m,,True,2026-02-19T11:01:41.095670
2026-08-18,CKG,arrival,22:10,TNA Jinan,MU5471,China Eastern,text,Duration: 2h 35m,,True,2026-02-19T11:01:41.095676
2026-08-18,CKG,arrival,22:10,HGH Hangzhou,PN6436,West Air (China),text,Duration: 2h 35m,,True,2026-02-19T11:01:41.095682
2026-08-18,CKG,arrival,22:15,PEK Beijing,CA4144,Air China,text,Duration: 2h 45m,,True,2026-02-19T11:01:41.095787
2026-08-18,CKG,arrival,22:15,LFQ Qiaoli,G54318,Gestair,text,Duration: 2h 10m,,True,2026-02-19T11:01:41.095797
2026-08-18,CKG,arrival,22:15,TVS Tangshan,GT1070,Air Guilin,text,Duration: 2h 55m,,True,2026-02-19T11:01:41.095804
2026-08-18,CKG,arrival,22:20,HIA Huai'an,8L9818,Lucky Air,text,Duration: 2h 40m,,True,2026-02-19T11:01:41.095812
2026-08-18,CKG,arrival,22:20,SHA Shanghai,MU5431,China Eastern,text,Duration: 3h 10m,,True,2026-02-19T11:01:41.095819
2026-08-18,CKG,arrival,22:30,LJG Lijiang,JD5609,Capital Airlines,text,Duration: 1h 40m,,True,2026-02-19T11:01:41.095826
2026-08-18,CKG,arrival,22:30,ZUH Zhuhai,OQ2386,Chongqing Airlines,text,Duration: 2h 35m,,True,2026-02-19T11:01:41.095833
2026-08-18,CKG,arrival,22:40,TPE Taipei,CA410,Air China,text,Duration: 3h 20m,,True,2026-02-19T11:01:41.095839
2026-08-18,CKG,arrival,22:40,CAN Guangzhou,CZ3439,China Southern,text,Duration: 2h 5m,,True,2026-02-19T11:01:41.095845
2026-08-18,CKG,arrival,22:45,WUX Wuxi,3U8028,Sichuan Airlines,text,Duration: 2h 25m,,True,2026-02-19T11:01:41.095852
2026-08-18,CKG,arrival,22:50,TNA Jinan,3U8054,Sichuan Airlines,text,Duration: 2h 5m,,True,2026-02-19T11:01:41.095967
2026-08-18,CKG,arrival,22:50,WUH Wuhan,CZ3643,China Southern,text,Duration: 1h 35m,,True,2026-02-19T11:01:41.095980
2026-08-18,CKG,arrival,22:50,SZX Shenzhen,HU7357,Hainan Airlines,text,Duration: 2h 40m,,True,2026-02-19T11:01:41.095986
2026-08-18,CKG,arrival,22:50,PKX Beijing,MF8453,XiamenAir,text,Duration: 2h 55m,,True,2026-02-19T11:01:41.095993
2026-08-18,CKG,arrival,22:55,NKG Nanjing,CA4558,Air China,text,Duration: 2h 25m,,True,2026-02-19T11:01:41.096000
2026-08-18,CKG,arrival,22:55,SZX Shenzhen,CA4346,Air China,text,Duration: 2h 15m,,True,2026-02-19T11:01:41.096006
2026-08-18,CKG,arrival,22:55,FOC Fuzhou,PN6276,West Air (China),text,Duration: 2h 40m,,True,2026-02-19T11:01:41.096012
2026-08-18,CKG,arrival,23:00,TSN Tianjin,CA4002,Air China,text,Duration: 2h 40m,,True,2026-02-19T11:01:41.096025
2026-08-18,CKG,arrival,23:00,XMN Xiamen,CA4568,Air China,text,Duration: 3h 10m,,True,2026-02-19T11:01:41.096032
2026-08-18,CKG,arrival,23:00,HGH Hangzhou,GS6582,Tianjin Airlines,text,Duration: 3h 10m,,True,2026-02-19T11:01:41.096038
2026-08-18,CKG,arrival,23:00,SJW Shijiazhuang,NS3242,Hebei Airlines,text,Duration: 2h 45m,,True,2026-02-19T11:01:41.096133
2026-08-18,CKG,arrival,23:00,NGB Ningbo,OQ2316,Chongqing Airlines,text,Duration: 3h 5m,,True,2026-02-19T11:01:41.096141
2026-08-18,CKG,arrival,23:05,PVG Shanghai,CA4556,Air China,text,Duration: 3h 5m,,True,2026-02-19T11:01:41.096147
2026-08-18,CKG,arrival,23:05,HFE Hefei,MU5366,China Eastern,text,Duration: 2h 15m,,True,2026-02-19T11:01:41.096154
2026-08-18,CKG,arrival,23:10,PEK Beijing,CA4136,Air China,text,Duration: 2h 40m,,True,2026-02-19T11:01:41.096160
2026-08-18,CKG,arrival,23:20,HNY Hengyang,GS7436,Tianjin Airlines,text,Duration: 2h 5m,,True,2026-02-19T11:01:41.096166
2026-08-18,CKG,arrival,23:20,SZX Shenzhen,MU6612,China Eastern,text,Duration: 2h 5m,,True,2026-02-19T11:01:41.096173
2026-08-18,CKG,arrival,23:20,MFM Macau,PN6594,West Air (China),text,Duration: 2h 20m,,True,2026-02-19T11:01:41.096179
2026-08-18,CKG,arrival,23:20,XNN Xining,TV9912,Tibet Airlines,text,Duration: 2h 10m,,True,2026-02-19T11:01:41.096185
2026-08-18,CKG,arrival,23:25,DLC Dalian,3U8008,Sichuan Airlines,text,Duration: 3h 15m,,True,2026-02-19T11:01:41.096191
2026-08-18,CKG,arrival,23:25,SZX Shenzhen,CZ3641,China Southern,text,Duration: 2h 30m,,True,2026-02-19T11:01:41.096270
2026-08-18,CKG,arrival,23:25,CGK Jakarta,MF8674,XiamenAir,text,Duration: 5h 45m,,True,2026-02-19T11:01:41.096277
2026-08-18,CKG,arrival,23:25,SHE Shenyang,OQ2074,Chongqing Airlines,text,Duration: 4h 25m,,True,2026-02-19T11:01:41.096283
2026-08-18,CKG,arrival,23:25,NNG Nanning,ZH9381,Shenzhen Airlines,text,Duration: 1h 45m,,True,2026-02-19T11:01:41.096289
2026-08-18,CKG,arrival,23:30,DOY Dongying,G54010,Gestair,text,Duration: 2h 55m,,True,2026-02-19T11:01:41.096296
2026-08-18,CKG,arrival,23:30,VTE Vientiane,G52806,Gestair,text,Duration: 2h 25m,,True,2026-02-19T11:01:41.096301
2026-08-18,CKG,arrival,23:30,HKG Hong Kong,HX496,Hong Kong Airlines,text,Duration: 2h 35m,,True,2026-02-19T11:01:41.096308
2026-08-18,CKG,arrival,23:30,HRB Harbin,OQ2328,Chongqing Airlines,text,Duration: 4h 35m,,True,2026-02-19T11:01:41.096314
2026-08-18,CKG,arrival,23:30,YNT Yantai,SC7654,Shandong Airlines,text,Duration: 2h 55m,,True,2026-02-19T11:01:41.096320
2026-08-18,CKG,arrival,23:30,SZX Shenzhen,ZH9469,Shenzhen Airlines,text,Duration: 2h 25m,,True,2026-02-19T11:01:41.096326
2026-08-18,CKG,arrival,23:40,HAK Haikou,3U8066,Sichuan Airlines,text,Duration: 2h 15m,,True,2026-02-19T11:01:41.096401
2026-08-18,CKG,arrival,23:40,UCB Ulanqab,G54918,Gestair,text,Duration: 2h 50m,,True,2026-02-19T11:01:41.096408
2026-08-18,CKG,arrival,23:45,WUH Wuhan,CA4382,Air China,text,Duration: 2h 10m,,True,2026-02-19T11:01:41.096414
2026-08-18,CKG,arrival,23:45,TSN Tianjin,PN6238,West Air (China),text,Duration: 2h 30m,,True,2026-02-19T11:01:41.096421
2026-08-18,CKG,arrival,23:50,HDG Handan,G54302,Gestair,text,Duration: 2h 10m,,True,2026-02-19T11:01:41.096427
2026-08-18,CKG,arrival,23:50,KMG Kunming,MU5450,China Eastern,text,Duration: 1h 30m,,True,2026-02-19T11:01:41.096434
2026-08-18,CKG,arrival,23:55,FOC Fuzhou,CA4570,Air China,text,Duration: 2h 40m,,True,2026-02-19T11:01:41.096440
2026-08-18,CKG,arrival,23:55,WMT Zunyi,G54786,Gestair,text,Duration: 0h 40m,,True,2026-02-19T11:01:41.096446
2026-08-18,CKG,arrival,23:55,HGH Hangzhou,MF8477,XiamenAir,text,Duration: 2h 40m,,True,2026-02-19T11:01:41.096452
