date,airport,direction,time,destination,flight,airline,airline_source,duration,aircraft,page_date_verified,scraped_at
2026-05-12,CKG,departure,01:50,DOH Doha,QR881,Qatar Airways,text,Duration: 8h 30m,,True,2026-02-19T10:02:05.572169
2026-05-12,CKG,departure,02:00,ICN Seoul,OZ354,Asiana,text,Duration: 3h 25m,,True,2026-02-19T10:02:05.572182
2026-05-12,CKG,departure,02:10,DMK Bangkok,SL931,Thai Lion Air,text,Duration: 3h 10m,,True,2026-02-19T10:02:05.572190
2026-05-12,CKG,departure,02:30,CDG Paris,HU717,Hainan Airlines,text,Duration: 11h 25m,,True,2026-02-19T10:02:05.572197
2026-05-12,CKG,departure,02:35,SIN Singapore,SQ819,Singapore Airlines,text,Duration: 4h 55m,,True,2026-02-19T10:02:05.572204
2026-05-12,CKG,departure,02:40,MXP Milan,HU427,Hainan Airlines,text,Duration: 11h 15m,,True,2026-02-19T10:02:05.572211
2026-05-12,CKG,departure,05:40,PVG Shanghai,9C6108,Spring Airlines,text,Duration: 2h 25m,,True,2026-02-19T10:02:05.572217
2026-05-12,CKG,departure,06:05,NKG Nanjing,PN6259,West Air (China),text,Duration: 2h 15m,,True,2026-02-19T10:02:05.572224
2026-05-12,CKG,departure,06:20,TNA Jinan,PN6327,West Air (China),text,Duration: 2h 5m,,True,2026-02-19T10:02:05.572230
2026-05-12,CKG,departure,06:25,BPX Bangda,PN6215,West Air (China),text,Duration: 2h 5m,,True,2026-02-19T10:02:05.572237
2026-05-12,CKG,departure,06:25,RKZ Shigatse,TV9761,Tibet Airlines,text,Duration: 3h 10m,,True,2026-02-19T10:02:05.572359
2026-05-12,CKG,departure,06:30,CGO Zhengzhou,PN6273,West Air (China),text,Duration: 1h 50m,,True,2026-02-19T10:02:05.572369
2026-05-12,CKG,departure,06:30,SHA Shanghai,MU5422,China Eastern,text,Duration: 2h 25m,,True,2026-02-19T10:02:05.572375
2026-05-12,CKG,departure,06:30,TSN Tianjin,3U8013,Sichuan Airlines,text,Duration: 2h 30m,,True,2026-02-19T10:02:05.572382
2026-05-12,CKG,departure,06:35,DLU Dali City,TV9809,Tibet Airlines,text,Duration: 1h 55m,,True,2026-02-19T10:02:05.572389
2026-05-12,CKG,departure,06:35,LLV Luliang,G52913,Gestair,text,Duration: 1h 40m,,True,2026-02-19T10:02:05.572395
2026-05-12,CKG,departure,06:35,LZH Liuzhou,G54769,Gestair,text,Duration: 1h 40m,,True,2026-02-19T10:02:05.572402
2026-05-12,CKG,departure,06:35,SJW Shijiazhuang,PN6349,West Air (China),text,Duration: 2h 5m,,True,2026-02-19T10:02:05.572409
2026-05-12,CKG,departure,06:35,SZX Shenzhen,PN6229,West Air (China),text,Duration: 2h 5m,,True,2026-02-19T10:02:05.572415
2026-05-12,CKG,departure,06:40,HUZ Huizhou,MU6691,China Eastern,text,Duration: 2h 5m,,True,2026-02-19T10:02:05.572421
2026-05-12,CKG,departure,06:40,JIC Jinchang,G52749,Gestair,text,Duration: 2h 20m,,True,2026-02-19T10:02:05.572523
2026-05-12,CKG,departure,06:40,TAO Qingdao,SC4838,Shandong Airlines,text,Duration: 2h 35m,,True,2026-02-19T10:02:05.572532
2026-05-12,CKG,departure,06:40,TSN Tianjin,OQ2081,Chongqing Airlines,text,Duration: 3h 0m,,True,2026-02-19T10:02:05.572538
2026-05-12,CKG,departure,06:40,ZAT Zhaotong,G54603,Gestair,text,Duration: 1h 15m,,True,2026-02-19T10:02:05.572543
2026-05-12,CKG,departure,06:45,HFE Hefei,PN6415,West Air (China),text,Duration: 1h 50m,,True,2026-02-19T10:02:05.572549
2026-05-12,CKG,departure,06:45,JGN Jiayuguan,G52851,Gestair,text,Duration: 2h 50m,,True,2026-02-19T10:02:05.572555
2026-05-12,CKG,departure,06:45,LXA Lhasa/Lasa,3U8633,Sichuan Airlines,text,Duration: 2h 45m,,True,2026-02-19T10:02:05.572560
2026-05-12,CKG,departure,06:45,SYX Sanya,PN6213,West Air (China),text,Duration: 2h 10m,,True,2026-02-19T10:02:05.572566
2026-05-12,CKG,departure,06:45,XUZ Xuzhou,G52807,Gestair,text,Duration: 2h 5m,,True,2026-02-19T10:02:05.572571
2026-05-12,CKG,departure,06:50,BPX Bangda,TV9907,Tibet Airlines,text,Duration: 2h 5m,,True,2026-02-19T10:02:05.572576
2026-05-12,CKG,departure,06:50,HDG Handan,G54301,Gestair,text,Duration: 1h 45m,,True,2026-02-19T10:02:05.572671
2026-05-12,CKG,departure,06:50,KMG Kunming,MU5449,China Eastern,text,Duration: 1h 30m,,True,2026-02-19T10:02:05.572679
2026-05-12,CKG,departure,06:50,SWA Jieyang,3U8005,Sichuan Airlines,text,Duration: 2h 0m,,True,2026-02-19T10:02:05.572684
2026-05-12,CKG,departure,06:50,ZUH Zhuhai,3U8047,Sichuan Airlines,text,Duration: 2h 10m,,True,2026-02-19T10:02:05.572689
2026-05-12,CKG,departure,06:55,HNY Hengyang,GS7435,Tianjin Airlines,text,Duration: 1h 30m,,True,2026-02-19T10:02:05.572695
2026-05-12,CKG,departure,06:55,NNG Nanning,3U8137,Sichuan Airlines,text,Duration: 1h 40m,,True,2026-02-19T10:02:05.572700
2026-05-12,CKG,departure,06:55,WNZ Wenzhou,3U8033,Sichuan Airlines,text,Duration: 2h 40m,,True,2026-02-19T10:02:05.572705
2026-05-12,CKG,departure,06:55,XIY Xian,GS7666,Tianjin Airlines,text,Duration: 1h 35m,,True,2026-02-19T10:02:05.572711
2026-05-12,CKG,departure,06:55,YCU Yuncheng,CA4013,Air China,text,Duration: 1h 40m,,True,2026-02-19T10:02:05.572716
2026-05-12,CKG,departure,07:00,CIH Changzhi,G52721,Gestair,text,Duration: 1h 35m,,True,2026-02-19T10:02:05.572721
2026-05-12,CKG,departure,07:00,FOC Fuzhou,3U8103,Sichuan Airlines,text,Duration: 2h 20m,,True,2026-02-19T10:02:05.572805
2026-05-12,CKG,departure,07:00,KHN Nanchang,CA4561,Air China,text,Duration: 2h 0m,,True,2026-02-19T10:02:05.572813
2026-05-12,CKG,departure,07:00,SWA Jieyang,OQ2349,Chongqing Airlines,text,Duration: 2h 20m,,True,2026-02-19T10:02:05.572818
2026-05-12,CKG,departure,07:00,TNA Jinan,SC8806,Shandong Airlines,text,Duration: 2h 10m,,True,2026-02-19T10:02:05.572823
2026-05-12,CKG,departure,07:05,AKU Aksu,OQ2007,Chongqing Airlines,text,Duration: 4h 50m,,True,2026-02-19T10:02:05.572829
2026-05-12,CKG,departure,07:05,HRB Harbin,CA4011,Air China,text,Duration: 3h 55m,,True,2026-02-19T10:02:05.572834
2026-05-12,CKG,departure,07:05,NGB Ningbo,3U8109,Sichuan Airlines,text,Duration: 2h 20m,,True,2026-02-19T10:02:05.572839
2026-05-12,CKG,departure,07:05,YTY Yangzhou,3U8167,Sichuan Airlines,text,Duration: 2h 15m,,True,2026-02-19T10:02:05.572844
2026-05-12,CKG,departure,07:10,LHW Lanzhou,G54033,Gestair,text,Duration: 1h 50m,,True,2026-02-19T10:02:05.572850
2026-05-12,CKG,departure,07:10,NKG Nanjing,CA4545,Air China,text,Duration: 2h 10m,,True,2026-02-19T10:02:05.572855
2026-05-12,CKG,departure,07:10,SZX Shenzhen,3U8781,Sichuan Airlines,text,Duration: 2h 0m,,True,2026-02-19T10:02:05.572936
2026-05-12,CKG,departure,07:10,SZX Shenzhen,CA4343,Air China,text,Duration: 2h 10m,,True,2026-02-19T10:02:05.572943
2026-05-12,CKG,departure,07:15,HGH Hangzhou,3U8081,Sichuan Airlines,text,Duration: 2h 10m,,True,2026-02-19T10:02:05.572949
2026-05-12,CKG,departure,07:15,LYG Lianyungang,G52835,Gestair,text,Duration: 2h 15m,,True,2026-02-19T10:02:05.572954
2026-05-12,CKG,departure,07:15,NKG Nanjing,3U8041,Sichuan Airlines,text,Duration: 2h 5m,,True,2026-02-19T10:02:05.572960
2026-05-12,CKG,departure,07:15,PEK Beijing,3U8829,Sichuan Airlines,text,Duration: 2h 25m,,True,2026-02-19T10:02:05.572966
2026-05-12,CKG,departure,07:15,PVG Shanghai,3U8971,Sichuan Airlines,text,Duration: 2h 25m,,True,2026-02-19T10:02:05.572971
2026-05-12,CKG,departure,07:20,HAK Haikou,OQ2341,Chongqing Airlines,text,Duration: 2h 15m,,True,2026-02-19T10:02:05.572976
2026-05-12,CKG,departure,07:20,SHA Shanghai,MU5424,China Eastern,text,Duration: 2h 15m,,True,2026-02-19T10:02:05.572981
2026-05-12,CKG,departure,07:20,SHE Shenyang,3U8037,Sichuan Airlines,text,Duration: 3h 0m,,True,2026-02-19T10:02:05.572986
2026-05-12,CKG,departure,07:20,UCB Ulanqab,G54917,Gestair,text,Duration: 2h 45m,,True,2026-02-19T10:02:05.573065
2026-05-12,CKG,departure,07:25,LYI Linyi,OQ2363,Chongqing Airlines,text,Duration: 2h 30m,,True,2026-02-19T10:02:05.573072
2026-05-12,CKG,departure,07:30,CAN Guangzhou,OQ2323,Chongqing Airlines,text,Duration: 2h 0m,,True,2026-02-19T10:02:05.573077
2026-05-12,CKG,departure,07:30,CSX Changsha,GS6587,Tianjin Airlines,text,Duration: 1h 25m,,True,2026-02-19T10:02:05.573083
2026-05-12,CKG,departure,07:30,HGH Hangzhou,CA4553,Air China,text,Duration: 2h 25m,,True,2026-02-19T10:02:05.573088
2026-05-12,CKG,departure,07:30,SHS Shashi,G54753,Gestair,text,Duration: 1h 25m,,True,2026-02-19T10:02:05.573094
2026-05-12,CKG,departure,07:30,SZX Shenzhen,OQ2335,Chongqing Airlines,text,Duration: 2h 10m,,True,2026-02-19T10:02:05.573099
2026-05-12,CKG,departure,07:35,FUG Fuyang,PN6219,West Air (China),text,Duration: 2h 0m,,True,2026-02-19T10:02:05.573104
2026-05-12,CKG,departure,07:40,NGB Ningbo,CA4549,Air China,text,Duration: 2h 35m,,True,2026-02-19T10:02:05.573110
2026-05-12,CKG,departure,07:40,XMN Xiamen,CA4565,Air China,text,Duration: 2h 30m,,True,2026-02-19T10:02:05.573115
2026-05-12,CKG,departure,07:50,CGQ Changchun,CA4015,Air China,text,Duration: 3h 30m,,True,2026-02-19T10:02:05.573193
2026-05-12,CKG,departure,07:50,LZY Nyingchi,TV9869,Tibet Airlines,text,Duration: 2h 20m,,True,2026-02-19T10:02:05.573200
2026-05-12,CKG,departure,07:50,SHE Shenyang,OQ2073,Chongqing Airlines,text,Duration: 3h 0m,,True,2026-02-19T10:02:05.573205
2026-05-12,CKG,departure,07:50,TSN Tianjin,GS7906,Tianjin Airlines,text,Duration: 2h 15m,,True,2026-02-19T10:02:05.573210
2026-05-12,CKG,departure,07:55,JHG Jinghong,G54263,Gestair,text,Duration: 2h 15m,,True,2026-02-19T10:02:05.573216
2026-05-12,CKG,departure,07:55,SZX Shenzhen,HU7458,Hainan Airlines,text,Duration: 2h 0m,,True,2026-02-19T10:02:05.573221
2026-05-12,CKG,departure,08:00,CAN Guangzhou,CA4361,Air China,text,Duration: 2h 15m,,True,2026-02-19T10:02:05.573226
2026-05-12,CKG,departure,08:00,KRL Korla,3U8141,Sichuan Airlines,text,Duration: 4h 20m,,True,2026-02-19T10:02:05.573232
2026-05-12,CKG,departure,08:00,PEK Beijing,CA4131,Air China,text,Duration: 2h 25m,,True,2026-02-19T10:02:05.573237
2026-05-12,CKG,departure,08:00,PKX Beijing,OQ2001,Chongqing Airlines,text,Duration: 2h 35m,,True,2026-02-19T10:02:05.573242
2026-05-12,CKG,departure,08:00,SJW Shijiazhuang,NS3240,Hebei Airlines,text,Duration: 2h 5m,,True,2026-02-19T10:02:05.573319
2026-05-12,CKG,departure,08:00,ZUH Zhuhai,CA4371,Air China,text,Duration: 2h 5m,,True,2026-02-19T10:02:05.573326
2026-05-12,CKG,departure,08:05,HFE Hefei,CA4563,Air China,text,Duration: 1h 40m,,True,2026-02-19T10:02:05.573332
2026-05-12,CKG,departure,08:05,HRB Harbin,3U8165,Sichuan Airlines,text,Duration: 3h 25m,,True,2026-02-19T10:02:05.573337
2026-05-12,CKG,departure,08:05,KIX Osaka,MF8653,XiamenAir,text,Duration: 3h 55m,,True,2026-02-19T10:02:05.573342
2026-05-12,CKG,departure,08:05,SHA Shanghai,CA4543,Air China,text,Duration: 2h 25m,,True,2026-02-19T10:02:05.573348
2026-05-12,CKG,departure,08:05,XIY Xian,OQ2303,Chongqing Airlines,text,Duration: 1h 45m,,True,2026-02-19T10:02:05.573353
2026-05-12,CKG,departure,08:05,XMN Xiamen,MF8434,XiamenAir,text,Duration: 2h 15m,,True,2026-02-19T10:02:05.573359
2026-05-12,CKG,departure,08:10,KMG Kunming,OQ2117,Chongqing Airlines,text,Duration: 1h 45m,,True,2026-02-19T10:02:05.573364
2026-05-12,CKG,departure,08:10,KUL Kuala Lumpur,MF8687,XiamenAir,text,Duration: 4h 40m,,True,2026-02-19T10:02:05.573370
2026-05-12,CKG,departure,08:10,SIN Singapore,CA449,Air China,text,Duration: 5h 20m,,True,2026-02-19T10:02:05.573447
2026-05-12,CKG,departure,08:10,XIC Xichang,G54165,Gestair,text,Duration: 1h 40m,,True,2026-02-19T10:02:05.573454
2026-05-12,CKG,departure,08:15,BKK Bangkok,HU423,Hainan Airlines,text,Duration: 3h 20m,,True,2026-02-19T10:02:05.573459
2026-05-12,CKG,departure,08:15,HGH Hangzhou,GS6581,Tianjin Airlines,text,Duration: 2h 10m,,True,2026-02-19T10:02:05.573465
2026-05-12,CKG,departure,08:15,NNG Nanning,ZH9382,Shenzhen Airlines,text,Duration: 1h 40m,,True,2026-02-19T10:02:05.573471
2026-05-12,CKG,departure,08:15,SHA Shanghai,MF8581,XiamenAir,text,Duration: 2h 15m,,True,2026-02-19T10:02:05.573476
2026-05-12,CKG,departure,08:15,SZX Shenzhen,ZH9470,Shenzhen Airlines,text,Duration: 2h 20m,,True,2026-02-19T10:02:05.573481
2026-05-12,CKG,departure,08:15,TAO Qingdao,SC4842,Shandong Airlines,text,Duration: 2h 25m,,True,2026-02-19T10:02:05.573487
2026-05-12,CKG,departure,08:15,TYN Taiyuan,SC2267,Shandong Airlines,text,Duration: 1h 45m,,True,2026-02-19T10:02:05.573492
2026-05-12,CKG,departure,08:15,WUX Wuxi,3U8025,Sichuan Airlines,text,Duration: 2h 15m,,True,2026-02-19T10:02:05.573497
2026-05-12,CKG,departure,08:20,PVG Shanghai,OQ2307,Chongqing Airlines,text,Duration: 2h 30m,,True,2026-02-19T10:02:05.573571
2026-05-12,CKG,departure,08:20,XMN Xiamen,SC2142,Shandong Airlines,text,Duration: 2h 5m,,True,2026-02-19T10:02:05.573578
2026-05-12,CKG,departure,08:25,CAN Guangzhou,OQ2305,Chongqing Airlines,text,Duration: 2h 10m,,True,2026-02-19T10:02:05.573584
2026-05-12,CKG,departure,08:25,HGH Hangzhou,OQ2379,Chongqing Airlines,text,Duration: 2h 10m,,True,2026-02-19T10:02:05.573589
2026-05-12,CKG,departure,08:25,PVG Shanghai,CA4575,Air China,text,Duration: 2h 45m,,True,2026-02-19T10:02:05.573594
2026-05-12,CKG,departure,08:30,SYX Sanya,HU7340,Hainan Airlines,text,Duration: 2h 20m,,True,2026-02-19T10:02:05.573600
2026-05-12,CKG,departure,08:30,SZX Shenzhen,CZ3642,China Southern,text,Duration: 2h 15m,,True,2026-02-19T10:02:05.573605
2026-05-12,CKG,departure,08:30,TNA Jinan,SC8810,Shandong Airlines,text,Duration: 2h 10m,,True,2026-02-19T10:02:05.573610
2026-05-12,CKG,departure,08:30,WNZ Wenzhou,HU7471,Hainan Airlines,text,Duration: 2h 35m,,True,2026-02-19T10:02:05.573616
2026-05-12,CKG,departure,08:35,ICN Seoul,CA439,Air China,text,Duration: 3h 30m,,True,2026-02-19T10:02:05.573622
2026-05-12,CKG,departure,08:35,SIN Singapore,OQ2095,Chongqing Airlines,text,Duration: 4h 50m,,True,2026-02-19T10:02:05.573694
2026-05-12,CKG,departure,08:40,CGQ Changchun,MF8037,XiamenAir,text,Duration: 3h 50m,,True,2026-02-19T10:02:05.573701
2026-05-12,CKG,departure,08:40,KOW Ganzhou,G54921,Gestair,text,Duration: 2h 0m,,True,2026-02-19T10:02:05.573706
2026-05-12,CKG,departure,08:45,PVG Shanghai,MU5426,China Eastern,text,Duration: 2h 25m,,True,2026-02-19T10:02:05.573711
2026-05-12,CKG,departure,08:45,URC Urumqi,GS6591,Tianjin Airlines,text,Duration: 4h 15m,,True,2026-02-19T10:02:05.573716
2026-05-12,CKG,departure,08:50,BHY Beihai,3U8123,Sichuan Airlines,text,Duration: 2h 0m,,True,2026-02-19T10:02:05.573721
2026-05-12,CKG,departure,08:50,HKG Hong Kong,HX497,Hong Kong Airlines,text,Duration: 2h 30m,,True,2026-02-19T10:02:05.573727
2026-05-12,CKG,departure,08:50,INC Yinchuan,G54337,Gestair,text,Duration: 1h 55m,,True,2026-02-19T10:02:05.573732
2026-05-12,CKG,departure,08:50,YNT Yantai,SC7653,Shandong Airlines,text,Duration: 2h 50m,,True,2026-02-19T10:02:05.573737
2026-05-12,CKG,departure,08:55,URC Urumqi,CA4255,Air China,text,Duration: 4h 0m,,True,2026-02-19T10:02:05.573742
2026-05-12,CKG,departure,08:55,YIC Yichun,PN6479,West Air (China),text,Duration: 1h 35m,,True,2026-02-19T10:02:05.573814
2026-05-12,CKG,departure,09:00,DLU Dali City,OQ2347,Chongqing Airlines,text,Duration: 2h 5m,,True,2026-02-19T10:02:05.573821
2026-05-12,CKG,departure,09:00,XMN Xiamen,HU7411,Hainan Airlines,text,Duration: 2h 30m,,True,2026-02-19T10:02:05.573826
2026-05-12,CKG,departure,09:05,CGQ Changchun,OQ2077,Chongqing Airlines,text,Duration: 3h 20m,,True,2026-02-19T10:02:05.573832
2026-05-12,CKG,departure,09:05,HGH Hangzhou,MF8476,XiamenAir,text,Duration: 2h 20m,,True,2026-02-19T10:02:05.573837
2026-05-12,CKG,departure,09:05,HIA Huai'an,OQ2035,Chongqing Airlines,text,Duration: 2h 5m,,True,2026-02-19T10:02:05.573842
2026-05-12,CKG,departure,09:05,LJG Lijiang,PN6239,West Air (China),text,Duration: 1h 45m,,True,2026-02-19T10:02:05.573847
2026-05-12,CKG,departure,09:05,LXA Lhasa/Lasa,3U8635,Sichuan Airlines,text,Duration: 2h 55m,,True,2026-02-19T10:02:05.573853
2026-05-12,CKG,departure,09:05,PEK Beijing,CA4137,Air China,text,Duration: 2h 25m,,True,2026-02-19T10:02:05.573859
2026-05-12,CKG,departure,09:05,WNZ Wenzhou,HU7463,Hainan Airlines,text,Duration: 2h 20m,,True,2026-02-19T10:02:05.573865
2026-05-12,CKG,departure,09:05,ZUH Zhuhai,SC2265,Shandong Airlines,text,Duration: 1h 55m,,True,2026-02-19T10:02:05.573937
2026-05-12,CKG,departure,09:10,CGO Zhengzhou,CZ6650,China Southern,text,Duration: 1h 45m,,True,2026-02-19T10:02:05.573943
2026-05-12,CKG,departure,09:10,HYN Taizhou,OQ2013,Chongqing Airlines,text,Duration: 2h 10m,,True,2026-02-19T10:02:05.573949
2026-05-12,CKG,departure,09:10,NKG Nanjing,OQ2321,Chongqing Airlines,text,Duration: 1h 55m,,True,2026-02-19T10:02:05.573954
2026-05-12,CKG,departure,09:10,TNA Jinan,PN6265,West Air (China),text,Duration: 2h 5m,,True,2026-02-19T10:02:05.573959
2026-05-12,CKG,departure,09:15,HFE Hefei,MU9981,China Eastern,text,Duration: 1h 40m,,True,2026-02-19T10:02:05.573964
2026-05-12,CKG,departure,09:15,TYN Taiyuan,SC2269,Shandong Airlines,text,Duration: 2h 5m,,True,2026-02-19T10:02:05.573970
2026-05-12,CKG,departure,09:20,PVG Shanghai,PN6373,West Air (China),text,Duration: 2h 15m,,True,2026-02-19T10:02:05.573975
2026-05-12,CKG,departure,09:30,CAN Guangzhou,HU7342,Hainan Airlines,text,Duration: 1h 50m,,True,2026-02-19T10:02:05.573980
2026-05-12,CKG,departure,09:30,NKG Nanjing,3U8043,Sichuan Airlines,text,Duration: 2h 5m,,True,2026-02-19T10:02:05.573985
2026-05-12,CKG,departure,09:35,JHG Jinghong,8L9606,Lucky Air,text,Duration: 2h 10m,,True,2026-02-19T10:02:05.574073
2026-05-12,CKG,departure,09:35,TNA Jinan,SC8812,Shandong Airlines,text,Duration: 2h 30m,,True,2026-02-19T10:02:05.574080
2026-05-12,CKG,departure,09:50,LZY Nyingchi,3U3181,Sichuan Airlines,text,Duration: 2h 30m,,True,2026-02-19T10:02:05.574085
2026-05-12,CKG,departure,09:55,PEK Beijing,CA1450,Air China,text,Duration: 2h 35m,,True,2026-02-19T10:02:05.574090
2026-05-12,CKG,departure,09:55,SVO Moscow,GS7941,Tianjin Airlines,text,Duration: 9h 0m,,True,2026-02-19T10:02:05.574095
2026-05-12,CKG,departure,09:55,SZX Shenzhen,9C8614,Spring Airlines,text,Duration: 2h 15m,,True,2026-02-19T10:02:05.574100
2026-05-12,CKG,departure,09:55,TCZ Tengchong,KY3005,Kunming Airlines,text,Duration: 2h 15m,,True,2026-02-19T10:02:05.574106
2026-05-12,CKG,departure,10:00,INC Yinchuan,3U8283,Sichuan Airlines,text,Duration: 1h 45m,,True,2026-02-19T10:02:05.574111
2026-05-12,CKG,departure,10:00,JHG Jinghong,PN6403,West Air (China),text,Duration: 2h 0m,,True,2026-02-19T10:02:05.574116
2026-05-12,CKG,departure,10:00,WUH Wuhan,CZ6176,China Southern,text,Duration: 1h 30m,,True,2026-02-19T10:02:05.574122
2026-05-12,CKG,departure,10:05,NKG Nanjing,CA4559,Air China,text,Duration: 2h 10m,,True,2026-02-19T10:02:05.574194
2026-05-12,CKG,departure,10:15,SWA Jieyang,PN6385,West Air (China),text,Duration: 2h 20m,,True,2026-02-19T10:02:05.574201
2026-05-12,CKG,departure,10:20,CAN Guangzhou,3U8747,Sichuan Airlines,text,Duration: 2h 5m,,True,2026-02-19T10:02:05.574206
2026-05-12,CKG,departure,10:25,INC Yinchuan,CA4267,Air China,text,Duration: 1h 55m,,True,2026-02-19T10:02:05.574211
2026-05-12,CKG,departure,10:25,JNG Jining,GX8891,GX Airlines,text,Duration: 2h 15m,,True,2026-02-19T10:02:05.574217
2026-05-12,CKG,departure,10:30,BAV Baotou,G54179,Gestair,text,Duration: 2h 10m,,True,2026-02-19T10:02:05.574222
2026-05-12,CKG,departure,10:30,CAN Guangzhou,JD5228,Capital Airlines,text,Duration: 2h 5m,,True,2026-02-19T10:02:05.574227
2026-05-12,CKG,departure,10:30,TSN Tianjin,GS7774,Tianjin Airlines,text,Duration: 2h 25m,,True,2026-02-19T10:02:05.574233
2026-05-12,CKG,departure,10:35,JNH Jiaxing,GJ8783,Loong Air,text,Duration: 2h 40m,,True,2026-02-19T10:02:05.574238
2026-05-12,CKG,departure,10:35,XIY Xian,MU2262,China Eastern,text,Duration: 1h 25m,,True,2026-02-19T10:02:05.574244
2026-05-12,CKG,departure,10:40,CAN Guangzhou,HU7142,Hainan Airlines,text,Duration: 2h 15m,,True,2026-02-19T10:02:05.574315
2026-05-12,CKG,departure,10:40,CZX Changzhou,MU2904,China Eastern,text,Duration: 2h 5m,,True,2026-02-19T10:02:05.574322
2026-05-12,CKG,departure,10:40,TNA Jinan,SC8814,Shandong Airlines,text,Duration: 2h 5m,,True,2026-02-19T10:02:05.574327
2026-05-12,CKG,departure,10:45,KHN Nanchang,ZH8846,Shenzhen Airlines,text,Duration: 1h 35m,,True,2026-02-19T10:02:05.574332
2026-05-12,CKG,departure,10:45,TYN Taiyuan,DR5311,Ruili Airlines,text,Duration: 2h 15m,,True,2026-02-19T10:02:05.574338
2026-05-12,CKG,departure,10:45,YNT Yantai,3U8173,Sichuan Airlines,text,Duration: 2h 20m,,True,2026-02-19T10:02:05.574343
2026-05-12,CKG,departure,10:50,KMG Kunming,MU5866,China Eastern,text,Duration: 1h 35m,,True,2026-02-19T10:02:05.574349
2026-05-12,CKG,departure,10:50,LXA Lhasa/Lasa,MF8411,XiamenAir,text,Duration: 3h 5m,,True,2026-02-19T10:02:05.574354
2026-05-12,CKG,departure,10:50,TNA Jinan,SC8804,Shandong Airlines,text,Duration: 2h 10m,,True,2026-02-19T10:02:05.574359
2026-05-12,CKG,departure,10:50,WUX Wuxi,MU9766,China Eastern,text,Duration: 2h 20m,,True,2026-02-19T10:02:05.574365
2026-05-12,CKG,departure,10:50,YTY Yangzhou,9C6196,Spring Airlines,text,Duration: 2h 25m,,True,2026-02-19T10:02:05.574437
2026-05-12,CKG,departure,10:55,FOC Fuzhou,HU7263,Hainan Airlines,text,Duration: 2h 40m,,True,2026-02-19T10:02:05.574444
2026-05-12,CKG,departure,10:55,HGH Hangzhou,CA1760,Air China,text,Duration: 2h 50m,,True,2026-02-19T10:02:05.574449
2026-05-12,CKG,departure,10:55,HGH Hangzhou,JD5692,Capital Airlines,text,Duration: 2h 0m,,True,2026-02-19T10:02:05.574455
2026-05-12,CKG,departure,10:55,JJN Jinjiang,MF8612,XiamenAir,text,Duration: 2h 25m,,True,2026-02-19T10:02:05.574460
2026-05-12,CKG,departure,10:55,NNG Nanning,CZ5836,China Southern,text,Duration: 2h 0m,,True,2026-02-19T10:02:05.574466
2026-05-12,CKG,departure,10:55,SZX Shenzhen,HU7158,Hainan Airlines,text,Duration: 1h 55m,,True,2026-02-19T10:02:05.574471
2026-05-12,CKG,departure,10:55,TAO Qingdao,SC4834,Shandong Airlines,text,Duration: 2h 35m,,True,2026-02-19T10:02:05.574476
2026-05-12,CKG,departure,11:00,CGK Jakarta,MF8673,XiamenAir,text,Duration: 5h 40m,,True,2026-02-19T10:02:05.574482
2026-05-12,CKG,departure,11:00,XMN Xiamen,SC2136,Shandong Airlines,text,Duration: 2h 20m,,True,2026-02-19T10:02:05.574487
2026-05-12,CKG,departure,11:05,ACX Xingyi,BK2953,OkAir,text,Duration: 1h 35m,,True,2026-02-19T10:02:05.574559
2026-05-12,CKG,departure,11:05,CSX Changsha,CZ3422,China Southern,text,Duration: 1h 35m,,True,2026-02-19T10:02:05.574566
2026-05-12,CKG,departure,11:05,HAK Haikou,HU7172,Hainan Airlines,text,Duration: 2h 15m,,True,2026-02-19T10:02:05.574571
2026-05-12,CKG,departure,11:05,NKG Nanjing,HO1708,Juneyao Airlines,text,Duration: 2h 0m,,True,2026-02-19T10:02:05.574576
2026-05-12,CKG,departure,11:10,DMK Bangkok,FD557,Thai AirAsia,text,Duration: 3h 10m,,True,2026-02-19T10:02:05.574582
2026-05-12,CKG,departure,11:10,SYX Sanya,CZ6228,China Southern,text,Duration: 2h 30m,,True,2026-02-19T10:02:05.574587
2026-05-12,CKG,departure,11:10,XMN Xiamen,MF8404,XiamenAir,text,Duration: 2h 25m,,True,2026-02-19T10:02:05.574592
2026-05-12,CKG,departure,11:15,FOC Fuzhou,MF8462,XiamenAir,text,Duration: 2h 30m,,True,2026-02-19T10:02:05.574597
2026-05-12,CKG,departure,11:15,WUH Wuhan,CZ3628,China Southern,text,Duration: 1h 40m,,True,2026-02-19T10:02:05.574602
2026-05-12,CKG,departure,11:20,HKG Hong Kong,CA419,Air China,text,Duration: 2h 30m,,True,2026-02-19T10:02:05.574608
2026-05-12,CKG,departure,11:20,PKX Beijing,MU6682,China Eastern,text,Duration: 2h 40m,,True,2026-02-19T10:02:05.574695
2026-05-12,CKG,departure,11:20,TAO Qingdao,SC4846,Shandong Airlines,text,Duration: 2h 25m,,True,2026-02-19T10:02:05.574704
2026-05-12,CKG,departure,11:25,LXA Lhasa/Lasa,CZ3463,China Southern,text,Duration: 2h 45m,,True,2026-02-19T10:02:05.574710
2026-05-12,CKG,departure,11:30,HGH Hangzhou,MF8472,XiamenAir,text,Duration: 2h 20m,,True,2026-02-19T10:02:05.574715
2026-05-12,CKG,departure,11:30,NKG Nanjing,MU2926,China Eastern,text,Duration: 2h 0m,,True,2026-02-19T10:02:05.574721
2026-05-12,CKG,departure,11:30,PEK Beijing,CA4135,Air China,text,Duration: 2h 30m,,True,2026-02-19T10:02:05.574726
2026-05-12,CKG,departure,11:30,SYX Sanya,HU7350,Hainan Airlines,text,Duration: 2h 25m,,True,2026-02-19T10:02:05.574731
2026-05-12,CKG,departure,11:30,TNA Jinan,SC8808,Shandong Airlines,text,Duration: 2h 0m,,True,2026-02-19T10:02:05.574736
2026-05-12,CKG,departure,11:35,HAK Haikou,CZ6314,China Southern,text,Duration: 2h 20m,,True,2026-02-19T10:02:05.574741
2026-05-12,CKG,departure,11:35,HFE Hefei,MU5365,China Eastern,text,Duration: 1h 50m,,True,2026-02-19T10:02:05.574747
2026-05-12,CKG,departure,11:35,PVG Shanghai,HO1250,Juneyao Airlines,text,Duration: 2h 40m,,True,2026-02-19T10:02:05.574842
2026-05-12,CKG,departure,11:35,YIW Yiwu,CZ3888,China Southern,text,Duration: 2h 20m,,True,2026-02-19T10:02:05.574851
2026-05-12,CKG,departure,11:45,SZX Shenzhen,CZ3466,China Southern,text,Duration: 2h 10m,,True,2026-02-19T10:02:05.574857
2026-05-12,CKG,departure,11:45,ZUH Zhuhai,CZ8286,China Southern,text,Duration: 2h 0m,,True,2026-02-19T10:02:05.574862
2026-05-12,CKG,departure,11:50,CAN Guangzhou,OQ2317,Chongqing Airlines,text,Duration: 2h 0m,,True,2026-02-19T10:02:05.574868
2026-05-12,CKG,departure,11:50,SZX Shenzhen,ZH9462,Shenzhen Airlines,text,Duration: 2h 10m,,True,2026-02-19T10:02:05.574873
2026-05-12,CKG,departure,11:50,WNZ Wenzhou,CA8304,Air China,text,Duration: 2h 35m,,True,2026-02-19T10:02:05.574878
2026-05-12,CKG,departure,11:55,PKX Beijing,CA8652,Air China,text,Duration: 2h 30m,,True,2026-02-19T10:02:05.574883
2026-05-12,CKG,departure,12:00,CMB Colombo,OQ2393,Chongqing Airlines,text,Duration: 6h 10m,,True,2026-02-19T10:02:05.574889
2026-05-12,CKG,departure,12:00,PEK Beijing,CA1432,Air China,text,Duration: 2h 30m,,True,2026-02-19T10:02:05.574894
2026-05-12,CKG,departure,12:00,PKX Beijing,NS8036,Hebei Airlines,text,Duration: 2h 15m,,True,2026-02-19T10:02:05.574983
2026-05-12,CKG,departure,12:00,TSN Tianjin,CA2862,Air China,text,Duration: 2h 40m,,True,2026-02-19T10:02:05.574990
2026-05-12,CKG,departure,12:00,WNZ Wenzhou,KN5298,China United Airlines,text,Duration: 2h 20m,,True,2026-02-19T10:02:05.574996
2026-05-12,CKG,departure,12:05,CGO Zhengzhou,CZ3480,China Southern,text,Duration: 1h 30m,,True,2026-02-19T10:02:05.575002
2026-05-12,CKG,departure,12:05,LXA Lhasa/Lasa,PN6568,West Air (China),text,Duration: 3h 0m,,True,2026-02-19T10:02:05.575007
2026-05-12,CKG,departure,12:05,PKX Beijing,JD5756,Capital Airlines,text,Duration: 2h 20m,,True,2026-02-19T10:02:05.575013
2026-05-12,CKG,departure,12:05,WUX Wuxi,ZH9552,Shenzhen Airlines,text,Duration: 2h 10m,,True,2026-02-19T10:02:05.575018
2026-05-12,CKG,departure,12:05,YYA Yueyang,DZ6285,Donghai Airlines,text,Duration: 1h 30m,,True,2026-02-19T10:02:05.575024
2026-05-12,CKG,departure,12:10,DLC Dalian,CZ6580,China Southern,text,Duration: 2h 50m,,True,2026-02-19T10:02:05.575030
2026-05-12,CKG,departure,12:15,LXA Lhasa/Lasa,EU2738,Chengdu Airlines,text,Duration: 3h 0m,,True,2026-02-19T10:02:05.575035
2026-05-12,CKG,departure,12:15,PEK Beijing,HU7168,Hainan Airlines,text,Duration: 2h 35m,,True,2026-02-19T10:02:05.575114
2026-05-12,CKG,departure,12:15,PKX Beijing,CZ8918,China Southern,text,Duration: 2h 30m,,True,2026-02-19T10:02:05.575121
2026-05-12,CKG,departure,12:20,SJW Shijiazhuang,PN6335,West Air (China),text,Duration: 2h 0m,,True,2026-02-19T10:02:05.575127
2026-05-12,CKG,departure,12:25,NTG Nantong,ZH8672,Shenzhen Airlines,text,Duration: 2h 20m,,True,2026-02-19T10:02:05.575132
2026-05-12,CKG,departure,12:30,HGH Hangzhou,OQ2389,Chongqing Airlines,text,Duration: 2h 20m,,True,2026-02-19T10:02:05.575138
2026-05-12,CKG,departure,12:30,NKG Nanjing,MU2664,China Eastern,text,Duration: 2h 0m,,True,2026-02-19T10:02:05.575144
2026-05-12,CKG,departure,12:40,SHA Shanghai,9C8898,Spring Airlines,text,Duration: 2h 20m,,True,2026-02-19T10:02:05.575149
2026-05-12,CKG,departure,12:45,HET Hohhot,OQ2175,Chongqing Airlines,text,Duration: 2h 30m,,True,2026-02-19T10:02:05.575154
2026-05-12,CKG,departure,12:50,DHH Hami,EU2223,Chengdu Airlines,text,Duration: 4h 10m,,True,2026-02-19T10:02:05.575160
2026-05-12,CKG,departure,12:55,PVG Shanghai,9C7298,Spring Airlines,text,Duration: 2h 40m,,True,2026-02-19T10:02:05.575166
2026-05-12,CKG,departure,13:00,PEK Beijing,CA1430,Air China,text,Duration: 2h 30m,,True,2026-02-19T10:02:05.575241
2026-05-12,CKG,departure,13:00,SZX Shenzhen,3U8783,Sichuan Airlines,text,Duration: 2h 20m,,True,2026-02-19T10:02:05.575248
2026-05-12,CKG,departure,13:00,URC Urumqi,3U3209,Sichuan Airlines,text,Duration: 4h 10m,,True,2026-02-19T10:02:05.575254
2026-05-12,CKG,departure,13:05,TNA Jinan,SC8818,Shandong Airlines,text,Duration: 2h 0m,,True,2026-02-19T10:02:05.575260
2026-05-12,CKG,departure,13:05,WNZ Wenzhou,PN6283,West Air (China),text,Duration: 2h 15m,,True,2026-02-19T10:02:05.575266
2026-05-12,CKG,departure,13:10,LXA Lhasa/Lasa,TV9719,Tibet Airlines,text,Duration: 3h 10m,,True,2026-02-19T10:02:05.575271
2026-05-12,CKG,departure,13:20,LXA Lhasa/Lasa,PN6391,West Air (China),text,Duration: 2h 55m,,True,2026-02-19T10:02:05.575277
2026-05-12,CKG,departure,13:20,PVG Shanghai,CA8544,Air China,text,Duration: 2h 30m,,True,2026-02-19T10:02:05.575282
2026-05-12,CKG,departure,13:20,SHE Shenyang,CZ6404,China Southern,text,Duration: 3h 10m,,True,2026-02-19T10:02:05.575288
2026-05-12,CKG,departure,13:25,WEF Weifang,G52773,Gestair,text,Duration: 2h 25m,,True,2026-02-19T10:02:05.575293
2026-05-12,CKG,departure,13:30,"JUZ Quzhou, Zhejiang Province",G54683,Gestair,text,Duration: 2h 10m,,True,2026-02-19T10:02:05.575374
2026-05-12,CKG,departure,13:30,KHG Kashi,OQ2009,Chongqing Airlines,text,Duration: 5h 25m,,True,2026-02-19T10:02:05.575381
2026-05-12,CKG,departure,13:30,SHA Shanghai,MU9196,China Eastern,text,Duration: 2h 30m,,True,2026-02-19T10:02:05.575386
2026-05-12,CKG,departure,13:30,TNA Jinan,SC8802,Shandong Airlines,text,Duration: 2h 15m,,True,2026-02-19T10:02:05.575392
2026-05-12,CKG,departure,13:35,CGQ Changchun,CZ6364,China Southern,text,Duration: 3h 40m,,True,2026-02-19T10:02:05.575397
2026-05-12,CKG,departure,13:40,DLU Dali City,CA4485,Air China,text,Duration: 1h 50m,,True,2026-02-19T10:02:05.575403
2026-05-12,CKG,departure,13:40,SYX Sanya,PN6203,West Air (China),text,Duration: 2h 25m,,True,2026-02-19T10:02:05.575408
2026-05-12,CKG,departure,13:40,URC Urumqi,CZ6986,China Southern,text,Duration: 3h 55m,,True,2026-02-19T10:02:05.575414
2026-05-12,CKG,departure,13:50,FOC Fuzhou,MF8486,XiamenAir,text,Duration: 2h 20m,,True,2026-02-19T10:02:05.575419
2026-05-12,CKG,departure,13:50,HGH Hangzhou,3U8083,Sichuan Airlines,text,Duration: 2h 30m,,True,2026-02-19T10:02:05.575425
2026-05-12,CKG,departure,13:50,XMN Xiamen,3U8087,Sichuan Airlines,text,Duration: 2h 45m,,True,2026-02-19T10:02:05.575499
2026-05-12,CKG,departure,13:55,CSX Changsha,3U8009,Sichuan Airlines,text,Duration: 1h 25m,,True,2026-02-19T10:02:05.575506
2026-05-12,CKG,departure,13:55,PEK Beijing,CA4141,Air China,text,Duration: 2h 35m,,True,2026-02-19T10:02:05.575511
2026-05-12,CKG,departure,13:55,XMN Xiamen,MF8414,XiamenAir,text,Duration: 2h 20m,,True,2026-02-19T10:02:05.575517
2026-05-12,CKG,departure,14:00,CAN Guangzhou,CA4349,Air China,text,Duration: 2h 20m,,True,2026-02-19T10:02:05.575522
2026-05-12,CKG,departure,14:00,SZX Shenzhen,OQ2345,Chongqing Airlines,text,Duration: 1h 50m,,True,2026-02-19T10:02:05.575528
2026-05-12,CKG,departure,14:00,WUH Wuhan,3U8155,Sichuan Airlines,text,Duration: 1h 25m,,True,2026-02-19T10:02:05.575533
2026-05-12,CKG,departure,14:05,DOY Dongying,G54009,Gestair,text,Duration: 2h 20m,,True,2026-02-19T10:02:05.575539
2026-05-12,CKG,departure,14:05,HET Hohhot,G54151,Gestair,text,Duration: 2h 25m,,True,2026-02-19T10:02:05.575544
2026-05-12,CKG,departure,14:05,HFE Hefei,3U8197,Sichuan Airlines,text,Duration: 1h 55m,,True,2026-02-19T10:02:05.575550
2026-05-12,CKG,departure,14:05,HTN Hotan,CA4253,Air China,text,Duration: 5h 0m,,True,2026-02-19T10:02:05.575623
2026-05-12,CKG,departure,14:05,WUX Wuxi,HO2014,Juneyao Airlines,text,Duration: 2h 20m,,True,2026-02-19T10:02:05.575630
2026-05-12,CKG,departure,14:05,XUZ Xuzhou,G54607,Gestair,text,Duration: 1h 55m,,True,2026-02-19T10:02:05.575635
2026-05-12,CKG,departure,14:05,YIW Yiwu,GY7278,Colorful GuiZhou Airlines,text,Duration: 2h 10m,,True,2026-02-19T10:02:05.575641
2026-05-12,CKG,departure,14:10,CZX Changzhou,3U8097,Sichuan Airlines,text,Duration: 2h 10m,,True,2026-02-19T10:02:05.575646
2026-05-12,CKG,departure,14:10,HRB Harbin,OQ2327,Chongqing Airlines,text,Duration: 3h 45m,,True,2026-02-19T10:02:05.575651
2026-05-12,CKG,departure,14:10,WHA Wuhu,3U8071,Sichuan Airlines,text,Duration: 2h 10m,,True,2026-02-19T10:02:05.575657
2026-05-12,CKG,departure,14:15,CGO Zhengzhou,3U8159,Sichuan Airlines,text,Duration: 1h 45m,,True,2026-02-19T10:02:05.575662
2026-05-12,CKG,departure,14:15,HZA Heze,GJ8292,Loong Air,text,Duration: 2h 5m,,True,2026-02-19T10:02:05.575667
2026-05-12,CKG,departure,14:15,PKX Beijing,CZ8912,China Southern,text,Duration: 2h 25m,,True,2026-02-19T10:02:05.575674
2026-05-12,CKG,departure,14:15,XNN Xining,TV9911,Tibet Airlines,text,Duration: 1h 55m,,True,2026-02-19T10:02:05.575747
2026-05-12,CKG,departure,14:20,LXA Lhasa/Lasa,CA4420,Air China,text,Duration: 2h 50m,,True,2026-02-19T10:02:05.575753
2026-05-12,CKG,departure,14:30,KRL Korla,OQ2017,Chongqing Airlines,text,Duration: 4h 25m,,True,2026-02-19T10:02:05.575758
2026-05-12,CKG,departure,14:30,LXA Lhasa/Lasa,TV9843,Tibet Airlines,text,Duration: 3h 30m,,True,2026-02-19T10:02:05.575764
2026-05-12,CKG,departure,14:30,XMN Xiamen,HU7425,Hainan Airlines,text,Duration: 2h 20m,,True,2026-02-19T10:02:05.575769
2026-05-12,CKG,departure,14:50,PEK Beijing,CA4143,Air China,text,Duration: 2h 40m,,True,2026-02-19T10:02:05.575774
2026-05-12,CKG,departure,14:55,KHN Nanchang,3U8181,Sichuan Airlines,text,Duration: 1h 50m,,True,2026-02-19T10:02:05.575780
2026-05-12,CKG,departure,14:55,WDS Shiyan,G54487,Gestair,text,Duration: 1h 15m,,True,2026-02-19T10:02:05.575785
2026-05-12,CKG,departure,14:55,WUH Wuhan,CZ6292,China Southern,text,Duration: 1h 35m,,True,2026-02-19T10:02:05.575790
2026-05-12,CKG,departure,15:00,PEK Beijing,3U8831,Sichuan Airlines,text,Duration: 2h 30m,,True,2026-02-19T10:02:05.575796
2026-05-12,CKG,departure,15:00,PVG Shanghai,3U8973,Sichuan Airlines,text,Duration: 2h 35m,,True,2026-02-19T10:02:05.575867
2026-05-12,CKG,departure,15:05,CAN Guangzhou,OQ2339,Chongqing Airlines,text,Duration: 2h 5m,,True,2026-02-19T10:02:05.575874
2026-05-12,CKG,departure,15:05,HUZ Huizhou,OQ2343,Chongqing Airlines,text,Duration: 2h 10m,,True,2026-02-19T10:02:05.575880
2026-05-12,CKG,departure,15:05,TPE Taipei,CA409,Air China,text,Duration: 3h 15m,,True,2026-02-19T10:02:05.575885
2026-05-12,CKG,departure,15:10,PKX Beijing,CA8673,Air China,text,Duration: 2h 30m,,True,2026-02-19T10:02:05.575890
2026-05-12,CKG,departure,15:15,PEK Beijing,HU7568,Hainan Airlines,text,Duration: 2h 25m,,True,2026-02-19T10:02:05.575896
2026-05-12,CKG,departure,15:20,INC Yinchuan,HU7271,Hainan Airlines,text,Duration: 2h 0m,,True,2026-02-19T10:02:05.575902
2026-05-12,CKG,departure,15:20,SJW Shijiazhuang,NS3241,Hebei Airlines,text,Duration: 2h 5m,,True,2026-02-19T10:02:05.575907
2026-05-12,CKG,departure,15:20,TAO Qingdao,SC4836,Shandong Airlines,text,Duration: 2h 45m,,True,2026-02-19T10:02:05.575912
2026-05-12,CKG,departure,15:25,KRL Korla,G54005,Gestair,text,Duration: 4h 5m,,True,2026-02-19T10:02:05.575918
2026-05-12,CKG,departure,15:25,XNN Xining,MF8865,XiamenAir,text,Duration: 2h 0m,,True,2026-02-19T10:02:05.575989
2026-05-12,CKG,departure,15:30,KMG Kunming,3U8284,Sichuan Airlines,text,Duration: 1h 30m,,True,2026-02-19T10:02:05.575996
2026-05-12,CKG,departure,15:30,KMG Kunming,MU5864,China Eastern,text,Duration: 1h 40m,,True,2026-02-19T10:02:05.576002
2026-05-12,CKG,departure,15:35,DIG Diqing,OQ2147,Chongqing Airlines,text,Duration: 2h 5m,,True,2026-02-19T10:02:05.576008
2026-05-12,CKG,departure,15:40,HGH Hangzhou,CA4577,Air China,text,Duration: 2h 25m,,True,2026-02-19T10:02:05.576013
2026-05-12,CKG,departure,15:45,CAN Guangzhou,3U8745,Sichuan Airlines,text,Duration: 2h 5m,,True,2026-02-19T10:02:05.576019
2026-05-12,CKG,departure,15:45,PKX Beijing,MF8454,XiamenAir,text,Duration: 2h 25m,,True,2026-02-19T10:02:05.576024
2026-05-12,CKG,departure,15:45,URC Urumqi,OQ2311,Chongqing Airlines,text,Duration: 4h 10m,,True,2026-02-19T10:02:05.576030
2026-05-12,CKG,departure,15:50,LYA Luoyang,QW6054,Qingdao Airlines,text,Duration: 1h 40m,,True,2026-02-19T10:02:05.576035
2026-05-12,CKG,departure,15:50,SZX Shenzhen,ZH9464,Shenzhen Airlines,text,Duration: 2h 15m,,True,2026-02-19T10:02:05.576041
2026-05-12,CKG,departure,15:55,HGH Hangzhou,PN6435,West Air (China),text,Duration: 2h 20m,,True,2026-02-19T10:02:05.576113
2026-05-12,CKG,departure,15:55,PVG Shanghai,CA4555,Air China,text,Duration: 2h 50m,,True,2026-02-19T10:02:05.576119
2026-05-12,CKG,departure,16:00,DLC Dalian,3U8007,Sichuan Airlines,text,Duration: 3h 0m,,True,2026-02-19T10:02:05.576125
2026-05-12,CKG,departure,16:00,ENY Yan'an,G52907,Gestair,text,Duration: 1h 35m,,True,2026-02-19T10:02:05.576130
2026-05-12,CKG,departure,16:00,PEK Beijing,CA1438,Air China,text,Duration: 2h 30m,,True,2026-02-19T10:02:05.576136
2026-05-12,CKG,departure,16:00,SHE Shenyang,HU7101,Hainan Airlines,text,Duration: 3h 5m,,True,2026-02-19T10:02:05.576141
2026-05-12,CKG,departure,16:00,TVS Tangshan,GT1069,Air Guilin,text,Duration: 2h 35m,,True,2026-02-19T10:02:05.576147
2026-05-12,CKG,departure,16:10,SJW Shijiazhuang,OQ2053,Chongqing Airlines,text,Duration: 2h 5m,,True,2026-02-19T10:02:05.576153
2026-05-12,CKG,departure,16:10,TSN Tianjin,CA4001,Air China,text,Duration: 2h 40m,,True,2026-02-19T10:02:05.576158
2026-05-12,CKG,departure,16:10,ZUH Zhuhai,OQ2385,Chongqing Airlines,text,Duration: 2h 5m,,True,2026-02-19T10:02:05.576165
2026-05-12,CKG,departure,16:15,HGH Hangzhou,3U3182,Sichuan Airlines,text,Duration: 2h 10m,,True,2026-02-19T10:02:05.576237
2026-05-12,CKG,departure,16:15,JGS Ji'An,9C8751,Spring Airlines,text,Duration: 1h 50m,,True,2026-02-19T10:02:05.576244
2026-05-12,CKG,departure,16:15,XMN Xiamen,CA4567,Air China,text,Duration: 2h 25m,,True,2026-02-19T10:02:05.576249
2026-05-12,CKG,departure,16:15,YCU Yuncheng,MF8785,XiamenAir,text,Duration: 1h 40m,,True,2026-02-19T10:02:05.576254
2026-05-12,CKG,departure,16:20,NGB Ningbo,OQ2315,Chongqing Airlines,text,Duration: 2h 30m,,True,2026-02-19T10:02:05.576260
2026-05-12,CKG,departure,16:25,CAN Guangzhou,CZ3486,China Southern,text,Duration: 2h 5m,,True,2026-02-19T10:02:05.576265
2026-05-12,CKG,departure,16:25,HAN Hanoi,PN6423,West Air (China),text,Duration: 2h 0m,,True,2026-02-19T10:02:05.576270
2026-05-12,CKG,departure,16:25,KHN Nanchang,ZH8854,Shenzhen Airlines,text,Duration: 1h 40m,,True,2026-02-19T10:02:05.576276
2026-05-12,CKG,departure,16:30,CAN Guangzhou,HU7242,Hainan Airlines,text,Duration: 2h 10m,,True,2026-02-19T10:02:05.576281
2026-05-12,CKG,departure,16:30,SZX Shenzhen,HU7358,Hainan Airlines,text,Duration: 2h 20m,,True,2026-02-19T10:02:05.576287
2026-05-12,CKG,departure,16:40,BKK Bangkok,3U3771,Sichuan Airlines,text,Duration: 3h 15m,,True,2026-02-19T10:02:05.576358
2026-05-12,CKG,departure,16:40,SHA Shanghai,MU5434,China Eastern,text,Duration: 2h 40m,,True,2026-02-19T10:02:05.576364
2026-05-12,CKG,departure,16:40,SZX Shenzhen,CZ3456,China Southern,text,Duration: 2h 15m,,True,2026-02-19T10:02:05.576370
2026-05-12,CKG,departure,16:45,CAN Guangzhou,CA4341,Air China,text,Duration: 2h 5m,,True,2026-02-19T10:02:05.576375
2026-05-12,CKG,departure,16:45,HIA Huai'an,8L9817,Lucky Air,text,Duration: 2h 10m,,True,2026-02-19T10:02:05.576381
2026-05-12,CKG,departure,16:45,SZX Shenzhen,3U8785,Sichuan Airlines,text,Duration: 2h 5m,,True,2026-02-19T10:02:05.576386
2026-05-12,CKG,departure,16:50,KRL Korla,PN6387,West Air (China),text,Duration: 4h 10m,,True,2026-02-19T10:02:05.576391
2026-05-12,CKG,departure,16:50,URC Urumqi,CZ6432,China Southern,text,Duration: 3h 55m,,True,2026-02-19T10:02:05.576396
2026-05-12,CKG,departure,16:55,FOC Fuzhou,PN6275,West Air (China),text,Duration: 2h 20m,,True,2026-02-19T10:02:05.576402
2026-05-12,CKG,departure,16:55,UYN Yulin,GX8881,GX Airlines,text,Duration: 1h 55m,,True,2026-02-19T10:02:05.576407
2026-05-12,CKG,departure,17:00,NGB Ningbo,GJ8398,Loong Air,text,Duration: 2h 20m,,True,2026-02-19T10:02:05.576479
2026-05-12,CKG,departure,17:00,NKG Nanjing,MU2738,China Eastern,text,Duration: 2h 10m,,True,2026-02-19T10:02:05.576486
2026-05-12,CKG,departure,17:00,SHE Shenyang,CZ6470,China Southern,text,Duration: 3h 15m,,True,2026-02-19T10:02:05.576491
2026-05-12,CKG,departure,17:05,HAK Haikou,HU7372,Hainan Airlines,text,Duration: 2h 10m,,True,2026-02-19T10:02:05.576496
2026-05-12,CKG,departure,17:05,NKG Nanjing,HO1694,Juneyao Airlines,text,Duration: 2h 5m,,True,2026-02-19T10:02:05.576502
2026-05-12,CKG,departure,17:05,PKX Beijing,CZ8816,China Southern,text,Duration: 2h 25m,,True,2026-02-19T10:02:05.576507
2026-05-12,CKG,departure,17:05,SZX Shenzhen,CA4345,Air China,text,Duration: 2h 10m,,True,2026-02-19T10:02:05.576512
2026-05-12,CKG,departure,17:05,TYN Taiyuan,KY3006,Kunming Airlines,text,Duration: 2h 5m,,True,2026-02-19T10:02:05.576517
2026-05-12,CKG,departure,17:05,WUX Wuxi,3U8027,Sichuan Airlines,text,Duration: 2h 20m,,True,2026-02-19T10:02:05.576523
2026-05-12,CKG,departure,17:10,PEK Beijing,3U8833,Sichuan Airlines,text,Duration: 2h 40m,,True,2026-02-19T10:02:05.576528
2026-05-12,CKG,departure,17:10,YNT Yantai,QW6032,Qingdao Airlines,text,Duration: 2h 35m,,True,2026-02-19T10:02:05.576601
2026-05-12,CKG,departure,17:15,TAO Qingdao,SC4832,Shandong Airlines,text,Duration: 2h 25m,,True,2026-02-19T10:02:05.576608
2026-05-12,CKG,departure,17:20,HRB Harbin,CZ6346,China Southern,text,Duration: 3h 25m,,True,2026-02-19T10:02:05.576614
2026-05-12,CKG,departure,17:20,TSN Tianjin,PN6237,West Air (China),text,Duration: 2h 40m,,True,2026-02-19T10:02:05.576619
2026-05-12,CKG,departure,17:20,WMT Zunyi,G54785,Gestair,text,Duration: 0h 50m,,True,2026-02-19T10:02:05.576625
2026-05-12,CKG,departure,17:25,HKG Hong Kong,CX945,Cathay Pacific,text,Duration: 2h 30m,,True,2026-02-19T10:02:05.576630
2026-05-12,CKG,departure,17:25,NKG Nanjing,CA4557,Air China,text,Duration: 2h 0m,,True,2026-02-19T10:02:05.576636
2026-05-12,CKG,departure,17:30,CZX Changzhou,MU2786,China Eastern,text,Duration: 1h 55m,,True,2026-02-19T10:02:05.576641
2026-05-12,CKG,departure,17:30,HGH Hangzhou,MF8478,XiamenAir,text,Duration: 2h 35m,,True,2026-02-19T10:02:05.576647
2026-05-12,CKG,departure,17:30,NGB Ningbo,OQ2357,Chongqing Airlines,text,Duration: 2h 20m,,True,2026-02-19T10:02:05.576652
2026-05-12,CKG,departure,17:30,PEK Beijing,CA4147,Air China,text,Duration: 3h 0m,,True,2026-02-19T10:02:05.576725
2026-05-12,CKG,departure,17:30,SHA Shanghai,CA4541,Air China,text,Duration: 2h 30m,,True,2026-02-19T10:02:05.576732
2026-05-12,CKG,departure,17:30,SZX Shenzhen,MU6611,China Eastern,text,Duration: 2h 25m,,True,2026-02-19T10:02:05.576737
2026-05-12,CKG,departure,17:30,VTE Vientiane,G52805,Gestair,text,Duration: 2h 35m,,True,2026-02-19T10:02:05.576744
2026-05-12,CKG,departure,17:40,CGO Zhengzhou,CZ8716,China Southern,text,Duration: 1h 45m,,True,2026-02-19T10:02:05.576749
2026-05-12,CKG,departure,17:40,MFM Macau,PN6593,West Air (China),text,Duration: 2h 20m,,True,2026-02-19T10:02:05.576755
2026-05-12,CKG,departure,17:50,FOC Fuzhou,CA4569,Air China,text,Duration: 2h 25m,,True,2026-02-19T10:02:05.576760
2026-05-12,CKG,departure,17:50,SHA Shanghai,FM9420,Shanghai Airlines,text,Duration: 2h 40m,,True,2026-02-19T10:02:05.576766
2026-05-12,CKG,departure,17:55,PVG Shanghai,9C8868,Spring Airlines,text,Duration: 2h 30m,,True,2026-02-19T10:02:05.576771
2026-05-12,CKG,departure,17:55,SYX Sanya,OQ2331,Chongqing Airlines,text,Duration: 2h 40m,,True,2026-02-19T10:02:05.576776
2026-05-12,CKG,departure,17:55,TYN Taiyuan,PN6539,West Air (China),text,Duration: 2h 5m,,True,2026-02-19T10:02:05.576849
2026-05-12,CKG,departure,17:55,WUX Wuxi,MU9776,China Eastern,text,Duration: 2h 15m,,True,2026-02-19T10:02:05.576855
2026-05-12,CKG,departure,18:00,CAN Guangzhou,HU7442,Hainan Airlines,text,Duration: 2h 10m,,True,2026-02-19T10:02:05.576861
2026-05-12,CKG,departure,18:00,PEK Beijing,CA1440,Air China,text,Duration: 2h 30m,,True,2026-02-19T10:02:05.576866
2026-05-12,CKG,departure,18:05,NGB Ningbo,MU2396,China Eastern,text,Duration: 2h 20m,,True,2026-02-19T10:02:05.576872
2026-05-12,CKG,departure,18:05,TNA Jinan,3U8053,Sichuan Airlines,text,Duration: 1h 50m,,True,2026-02-19T10:02:05.576877
2026-05-12,CKG,departure,18:10,XMN Xiamen,MF8424,XiamenAir,text,Duration: 2h 20m,,True,2026-02-19T10:02:05.576882
2026-05-12,CKG,departure,18:15,HAK Haikou,3U8065,Sichuan Airlines,text,Duration: 2h 0m,,True,2026-02-19T10:02:05.576888
2026-05-12,CKG,departure,18:15,HGH Hangzhou,CA1762,Air China,text,Duration: 2h 25m,,True,2026-02-19T10:02:05.576893
2026-05-12,CKG,departure,18:20,FOC Fuzhou,MF8412,XiamenAir,text,Duration: 2h 15m,,True,2026-02-19T10:02:05.576898
2026-05-12,CKG,departure,18:20,HGH Hangzhou,GJ8692,Loong Air,text,Duration: 2h 10m,,True,2026-02-19T10:02:05.576970
2026-05-12,CKG,departure,18:25,YZY Zhangye,GS7594,Tianjin Airlines,text,Duration: 2h 5m,,True,2026-02-19T10:02:05.576976
2026-05-12,CKG,departure,18:30,FOC Fuzhou,MF8490,XiamenAir,text,Duration: 2h 35m,,True,2026-02-19T10:02:05.576982
2026-05-12,CKG,departure,18:30,HAK Haikou,CA4379,Air China,text,Duration: 2h 10m,,True,2026-02-19T10:02:05.576987
2026-05-12,CKG,departure,18:30,HYN Taizhou,G54509,Gestair,text,Duration: 2h 30m,,True,2026-02-19T10:02:05.576992
2026-05-12,CKG,departure,18:30,TNA Jinan,SC8816,Shandong Airlines,text,Duration: 2h 35m,,True,2026-02-19T10:02:05.576998
2026-05-12,CKG,departure,18:40,CGQ Changchun,CZ8256,China Southern,text,Duration: 3h 40m,,True,2026-02-19T10:02:05.577003
2026-05-12,CKG,departure,18:40,SGN Ho Chi Minh City,CA407,Air China,text,Duration: 3h 40m,,True,2026-02-19T10:02:05.577009
2026-05-12,CKG,departure,18:40,YNZ Yancheng,MF8777,XiamenAir,text,Duration: 2h 0m,,True,2026-02-19T10:02:05.577014
2026-05-12,CKG,departure,18:45,CAN Guangzhou,CZ3464,China Southern,text,Duration: 2h 0m,,True,2026-02-19T10:02:05.577020
2026-05-12,CKG,departure,18:50,XNN Xining,3U8073,Sichuan Airlines,text,Duration: 2h 5m,,True,2026-02-19T10:02:05.577098
2026-05-12,CKG,departure,18:55,DMK Bangkok,FD553,Thai AirAsia,text,Duration: 3h 5m,,True,2026-02-19T10:02:05.577105
2026-05-12,CKG,departure,18:55,KUL Kuala Lumpur,3U3773,Sichuan Airlines,text,Duration: 4h 45m,,True,2026-02-19T10:02:05.577111
2026-05-12,CKG,departure,18:55,WUH Wuhan,CA4381,Air China,text,Duration: 1h 40m,,True,2026-02-19T10:02:05.577116
2026-05-12,CKG,departure,19:00,BKI Kota Kinabalu,OQ2193,Chongqing Airlines,text,Duration: 4h 15m,,True,2026-02-19T10:02:05.577122
2026-05-12,CKG,departure,19:00,ZHA Zhanjiang,CA4359,Air China,text,Duration: 2h 10m,,True,2026-02-19T10:02:05.577127
2026-05-12,CKG,departure,19:05,IQN Qingyang,NS8068,Hebei Airlines,text,Duration: 1h 20m,,True,2026-02-19T10:02:05.577132
2026-05-12,CKG,departure,19:05,SZX Shenzhen,MF8389,XiamenAir,text,Duration: 2h 0m,,True,2026-02-19T10:02:05.577138
2026-05-12,CKG,departure,19:10,KUL Kuala Lumpur,MF8711,XiamenAir,text,Duration: 4h 45m,,True,2026-02-19T10:02:05.577143
2026-05-12,CKG,departure,19:10,NKG Nanjing,3U8045,Sichuan Airlines,text,Duration: 2h 5m,,True,2026-02-19T10:02:05.577148
2026-05-12,CKG,departure,19:10,PVG Shanghai,PN6437,West Air (China),text,Duration: 2h 10m,,True,2026-02-19T10:02:05.577232
2026-05-12,CKG,departure,19:15,LHW Lanzhou,9C6282,Spring Airlines,text,Duration: 2h 10m,,True,2026-02-19T10:02:05.577239
2026-05-12,CKG,departure,19:15,PEK Beijing,CA1412,Air China,text,Duration: 2h 30m,,True,2026-02-19T10:02:05.577244
2026-05-12,CKG,departure,19:20,SWA Jieyang,3U8015,Sichuan Airlines,text,Duration: 2h 0m,,True,2026-02-19T10:02:05.577250
2026-05-12,CKG,departure,19:20,TAO Qingdao,SC4840,Shandong Airlines,text,Duration: 2h 25m,,True,2026-02-19T10:02:05.577255
2026-05-12,CKG,departure,19:25,NKG Nanjing,ZH9592,Shenzhen Airlines,text,Duration: 1h 55m,,True,2026-02-19T10:02:05.577260
2026-05-12,CKG,departure,19:30,KMG Kunming,OQ2119,Chongqing Airlines,text,Duration: 1h 35m,,True,2026-02-19T10:02:05.577266
2026-05-12,CKG,departure,19:30,TSN Tianjin,MF8621,XiamenAir,text,Duration: 2h 25m,,True,2026-02-19T10:02:05.577271
2026-05-12,CKG,departure,19:30,XUZ Xuzhou,G54121,Gestair,text,Duration: 2h 0m,,True,2026-02-19T10:02:05.577277
2026-05-12,CKG,departure,19:35,SHA Shanghai,MU9194,China Eastern,text,Duration: 2h 20m,,True,2026-02-19T10:02:05.577282
2026-05-12,CKG,departure,19:40,CGO Zhengzhou,CZ6354,China Southern,text,Duration: 1h 45m,,True,2026-02-19T10:02:05.577378
2026-05-12,CKG,departure,19:40,INC Yinchuan,CA4269,Air China,text,Duration: 2h 20m,,True,2026-02-19T10:02:05.577389
2026-05-12,CKG,departure,19:45,TAO Qingdao,3U8151,Sichuan Airlines,text,Duration: 2h 25m,,True,2026-02-19T10:02:05.577395
2026-05-12,CKG,departure,19:50,PKX Beijing,MU6686,China Eastern,text,Duration: 2h 35m,,True,2026-02-19T10:02:05.577401
2026-05-12,CKG,departure,19:50,WUH Wuhan,CZ8422,China Southern,text,Duration: 1h 35m,,True,2026-02-19T10:02:05.577406
2026-05-12,CKG,departure,19:55,CAN Guangzhou,CZ3412,China Southern,text,Duration: 2h 5m,,True,2026-02-19T10:02:05.577412
2026-05-12,CKG,departure,19:55,PKX Beijing,CZ8818,China Southern,text,Duration: 2h 40m,,True,2026-02-19T10:02:05.577417
2026-05-12,CKG,departure,20:00,AKU Aksu,G54684,Gestair,text,Duration: 4h 30m,,True,2026-02-19T10:02:05.577423
2026-05-12,CKG,departure,20:00,CSX Changsha,CA4383,Air China,text,Duration: 1h 40m,,True,2026-02-19T10:02:05.577428
2026-05-12,CKG,departure,20:00,HAK Haikou,HU7472,Hainan Airlines,text,Duration: 1h 50m,,True,2026-02-19T10:02:05.577434
2026-05-12,CKG,departure,20:00,LFQ Qiaoli,G54317,Gestair,text,Duration: 1h 40m,,True,2026-02-19T10:02:05.577546
2026-05-12,CKG,departure,20:00,WHA Wuhu,GT1118,Air Guilin,text,Duration: 2h 0m,,True,2026-02-19T10:02:05.577555
2026-05-12,CKG,departure,20:00,YIW Yiwu,OQ2391,Chongqing Airlines,text,Duration: 2h 10m,,True,2026-02-19T10:02:05.577562
2026-05-12,CKG,departure,20:05,HAK Haikou,PN6531,West Air (China),text,Duration: 2h 5m,,True,2026-02-19T10:02:05.577569
2026-05-12,CKG,departure,20:05,LHW Lanzhou,3U8019,Sichuan Airlines,text,Duration: 1h 45m,,True,2026-02-19T10:02:05.577576
2026-05-12,CKG,departure,20:05,WNZ Wenzhou,PN6433,West Air (China),text,Duration: 2h 5m,,True,2026-02-19T10:02:05.577583
2026-05-12,CKG,departure,20:10,SHA Shanghai,9C8996,Spring Airlines,text,Duration: 2h 30m,,True,2026-02-19T10:02:05.577590
2026-05-12,CKG,departure,20:10,TYN Taiyuan,3U8051,Sichuan Airlines,text,Duration: 1h 40m,,True,2026-02-19T10:02:05.577597
2026-05-12,CKG,departure,20:15,JHG Jinghong,OQ2373,Chongqing Airlines,text,Duration: 1h 55m,,True,2026-02-19T10:02:05.577604
2026-05-12,CKG,departure,20:15,SZX Shenzhen,ZH9466,Shenzhen Airlines,text,Duration: 2h 15m,,True,2026-02-19T10:02:05.577610
2026-05-12,CKG,departure,20:15,WUX Wuxi,ZH9554,Shenzhen Airlines,text,Duration: 2h 10m,,True,2026-02-19T10:02:05.577718
2026-05-12,CKG,departure,20:20,CAN Guangzhou,CA4353,Air China,text,Duration: 2h 5m,,True,2026-02-19T10:02:05.577727
2026-05-12,CKG,departure,20:20,FOC Fuzhou,FU6508,Fuzhou Airline,text,Duration: 2h 35m,,True,2026-02-19T10:02:05.577734
2026-05-12,CKG,departure,20:20,HUZ Huizhou,OQ2137,Chongqing Airlines,text,Duration: 2h 0m,,True,2026-02-19T10:02:05.577741
2026-05-12,CKG,departure,20:20,PEK Beijing,CA1410,Air China,text,Duration: 2h 25m,,True,2026-02-19T10:02:05.577747
2026-05-12,CKG,departure,20:30,CAN Guangzhou,PN6205,West Air (China),text,Duration: 2h 5m,,True,2026-02-19T10:02:05.577754
2026-05-12,CKG,departure,20:30,SWA Jieyang,PN6447,West Air (China),text,Duration: 2h 10m,,True,2026-02-19T10:02:05.577760
2026-05-12,CKG,departure,20:30,ZUH Zhuhai,PN6263,West Air (China),text,Duration: 1h 50m,,True,2026-02-19T10:02:05.577767
2026-05-12,CKG,departure,20:35,CSX Changsha,CZ3826,China Southern,text,Duration: 1h 30m,,True,2026-02-19T10:02:05.577774
2026-05-12,CKG,departure,20:35,LUM Mangshi,KY3110,Kunming Airlines,text,Duration: 2h 25m,,True,2026-02-19T10:02:05.577781
2026-05-12,CKG,departure,20:35,PVG Shanghai,FM9426,Shanghai Airlines,text,Duration: 2h 40m,,True,2026-02-19T10:02:05.577876
2026-05-12,CKG,departure,20:40,PVG Shanghai,HO1248,Juneyao Airlines,text,Duration: 2h 45m,,True,2026-02-19T10:02:05.577885
2026-05-12,CKG,departure,20:45,KTI Phnom Penh,KR964,Cambodia Airways,text,Duration: 3h 40m,,True,2026-02-19T10:02:05.577891
2026-05-12,CKG,departure,20:50,CAN Guangzhou,3U8749,Sichuan Airlines,text,Duration: 2h 5m,,True,2026-02-19T10:02:05.577897
2026-05-12,CKG,departure,20:50,SHE Shenyang,CZ6466,China Southern,text,Duration: 3h 20m,,True,2026-02-19T10:02:05.577903
2026-05-12,CKG,departure,20:50,SZX Shenzhen,CZ5920,China Southern,text,Duration: 2h 15m,,True,2026-02-19T10:02:05.577908
2026-05-12,CKG,departure,20:55,NKG Nanjing,MU2846,China Eastern,text,Duration: 2h 20m,,True,2026-02-19T10:02:05.577914
2026-05-12,CKG,departure,20:55,SHA Shanghai,9C8998,Spring Airlines,text,Duration: 2h 30m,,True,2026-02-19T10:02:05.577920
2026-05-12,CKG,departure,21:00,SGN Ho Chi Minh City,OQ2395,Chongqing Airlines,text,Duration: 3h 40m,,True,2026-02-19T10:02:05.577926
2026-05-12,CKG,departure,21:05,PKX Beijing,OQ2148,Chongqing Airlines,text,Duration: 2h 30m,,True,2026-02-19T10:02:05.577932
2026-05-12,CKG,departure,21:05,PVG Shanghai,HU7494,Hainan Airlines,text,Duration: 2h 40m,,True,2026-02-19T10:02:05.578021
2026-05-12,CKG,departure,21:05,TNA Jinan,3U8055,Sichuan Airlines,text,Duration: 2h 10m,,True,2026-02-19T10:02:05.578029
2026-05-12,CKG,departure,21:05,YNZ Yancheng,9C7346,Spring Airlines,text,Duration: 2h 0m,,True,2026-02-19T10:02:05.578035
2026-05-12,CKG,departure,21:10,BHY Beihai,3U8121,Sichuan Airlines,text,Duration: 1h 50m,,True,2026-02-19T10:02:05.578041
2026-05-12,CKG,departure,21:10,KHN Nanchang,PN6255,West Air (China),text,Duration: 1h 40m,,True,2026-02-19T10:02:05.578047
2026-05-12,CKG,departure,21:10,SZX Shenzhen,CA4367,Air China,text,Duration: 2h 10m,,True,2026-02-19T10:02:05.578053
2026-05-12,CKG,departure,21:10,TAO Qingdao,SC4844,Shandong Airlines,text,Duration: 2h 30m,,True,2026-02-19T10:02:05.578058
2026-05-12,CKG,departure,21:10,URC Urumqi,CZ6974,China Southern,text,Duration: 4h 10m,,True,2026-02-19T10:02:05.578064
2026-05-12,CKG,departure,21:15,BKK Bangkok,OQ2361,Chongqing Airlines,text,Duration: 3h 15m,,True,2026-02-19T10:02:05.578070
2026-05-12,CKG,departure,21:15,CAN Guangzhou,OQ2325,Chongqing Airlines,text,Duration: 2h 0m,,True,2026-02-19T10:02:05.578076
2026-05-12,CKG,departure,21:15,JJN Jinjiang,MF8866,XiamenAir,text,Duration: 2h 30m,,True,2026-02-19T10:02:05.578169
2026-05-12,CKG,departure,21:15,PEK Beijing,CA1436,Air China,text,Duration: 2h 30m,,True,2026-02-19T10:02:05.578176
2026-05-12,CKG,departure,21:15,PVG Shanghai,Y87514,Suparna Airlines,text,Duration: 2h 25m,,True,2026-02-19T10:02:05.578182
2026-05-12,CKG,departure,21:15,WUX Wuxi,MU9786,China Eastern,text,Duration: 2h 15m,,True,2026-02-19T10:02:05.578188
2026-05-12,CKG,departure,21:20,KMG Kunming,8L9858,Lucky Air,text,Duration: 1h 35m,,True,2026-02-19T10:02:05.578193
2026-05-12,CKG,departure,21:20,LJG Lijiang,3U8011,Sichuan Airlines,text,Duration: 1h 35m,,True,2026-02-19T10:02:05.578199
2026-05-12,CKG,departure,21:20,NKG Nanjing,HO1692,Juneyao Airlines,text,Duration: 2h 0m,,True,2026-02-19T10:02:05.578204
2026-05-12,CKG,departure,21:20,SHA Shanghai,MU5436,China Eastern,text,Duration: 2h 5m,,True,2026-02-19T10:02:05.578211
2026-05-12,CKG,departure,21:30,CSX Changsha,BK2922,OkAir,text,Duration: 1h 35m,,True,2026-02-19T10:02:05.578217
2026-05-12,CKG,departure,21:30,HAK Haikou,HU7272,Hainan Airlines,text,Duration: 2h 35m,,True,2026-02-19T10:02:05.578222
2026-05-12,CKG,departure,21:30,PEK Beijing,HU7268,Hainan Airlines,text,Duration: 2h 25m,,True,2026-02-19T10:02:05.578311
2026-05-12,CKG,departure,21:35,CAN Guangzhou,MU6826,China Eastern,text,Duration: 2h 0m,,True,2026-02-19T10:02:05.578318
2026-05-12,CKG,departure,21:35,XIY Xian,MU2268,China Eastern,text,Duration: 1h 20m,,True,2026-02-19T10:02:05.578324
2026-05-12,CKG,departure,21:40,PVG Shanghai,HO2370,Juneyao Airlines,text,Duration: 2h 15m,,True,2026-02-19T10:02:05.578329
2026-05-12,CKG,departure,21:55,HFE Hefei,MU5484,China Eastern,text,Duration: 1h 45m,,True,2026-02-19T10:02:05.578335
2026-05-12,CKG,departure,21:55,XIY Xian,JD5078,Capital Airlines,text,Duration: 1h 30m,,True,2026-02-19T10:02:05.578340
2026-05-12,CKG,departure,22:05,HGH Hangzhou,MF8474,XiamenAir,text,Duration: 2h 15m,,True,2026-02-19T10:02:05.578346
2026-05-12,CKG,departure,22:05,NTG Nantong,DZ6294,Donghai Airlines,text,Duration: 2h 15m,,True,2026-02-19T10:02:05.578352
2026-05-12,CKG,departure,22:05,WUH Wuhan,MU2540,China Eastern,text,Duration: 1h 30m,,True,2026-02-19T10:02:05.578357
2026-05-12,CKG,departure,22:10,HAK Haikou,CZ8690,China Southern,text,Duration: 2h 5m,,True,2026-02-19T10:02:05.578363
2026-05-12,CKG,departure,22:10,KHN Nanchang,RY6682,Jiangxi Airlines,text,Duration: 1h 45m,,True,2026-02-19T10:02:05.578453
2026-05-12,CKG,departure,22:10,PKX Beijing,MU6690,China Eastern,text,Duration: 2h 25m,,True,2026-02-19T10:02:05.578460
2026-05-12,CKG,departure,22:15,PKX Beijing,CZ3260,China Southern,text,Duration: 2h 30m,,True,2026-02-19T10:02:05.578466
2026-05-12,CKG,departure,22:20,SJW Shijiazhuang,9C8994,Spring Airlines,text,Duration: 2h 5m,,True,2026-02-19T10:02:05.578472
2026-05-12,CKG,departure,22:20,SZX Shenzhen,9C8616,Spring Airlines,text,Duration: 2h 5m,,True,2026-02-19T10:02:05.578478
2026-05-12,CKG,departure,22:20,SZX Shenzhen,ZH9468,Shenzhen Airlines,text,Duration: 2h 10m,,True,2026-02-19T10:02:05.578484
2026-05-12,CKG,departure,22:35,CAN Guangzhou,OQ2130,Chongqing Airlines,text,Duration: 1h 50m,,True,2026-02-19T10:02:05.578490
2026-05-12,CKG,departure,22:45,SYX Sanya,3U8061,Sichuan Airlines,text,Duration: 2h 15m,,True,2026-02-19T10:02:05.578496
2026-05-12,CKG,departure,22:50,HAK Haikou,EU2737,Chengdu Airlines,text,Duration: 2h 25m,,True,2026-02-19T10:02:05.578502
2026-05-12,CKG,departure,22:50,LUM Mangshi,DR5312,Ruili Airlines,text,Duration: 2h 20m,,True,2026-02-19T10:02:05.578508
2026-05-12,CKG,departure,22:55,NKG Nanjing,MU2836,China Eastern,text,Duration: 2h 15m,,True,2026-02-19T10:02:05.578585
2026-05-12,CKG,departure,23:00,CAN Guangzhou,AQ1102,9 Air,text,Duration: 2h 0m,,True,2026-02-19T10:02:05.578592
2026-05-12,CKG,departure,23:05,FOC Fuzhou,EU2224,Chengdu Airlines,text,Duration: 1h 50m,,True,2026-02-19T10:02:05.578598
2026-05-12,CKG,departure,23:05,HGH Hangzhou,JD5696,Capital Airlines,text,Duration: 2h 20m,,True,2026-02-19T10:02:05.578603
2026-05-12,CKG,departure,23:05,JJN Jinjiang,PN6301,West Air (China),text,Duration: 2h 25m,,True,2026-02-19T10:02:05.578609
2026-05-12,CKG,departure,23:10,TYN Taiyuan,MU6996,China Eastern,text,Duration: 1h 50m,,True,2026-02-19T10:02:05.578615
2026-05-12,CKG,departure,23:15,TNA Jinan,MU5472,China Eastern,text,Duration: 2h 5m,,True,2026-02-19T10:02:05.578620
2026-05-12,CKG,departure,23:20,HAK Haikou,GS6599,Tianjin Airlines,text,Duration: 1h 50m,,True,2026-02-19T10:02:05.578626
2026-05-12,CKG,departure,23:20,KWL Guilin,GT1070,Air Guilin,text,Duration: 1h 25m,,True,2026-02-19T10:02:05.578632
2026-05-12,CKG,departure,23:20,SYX Sanya,3U3210,Sichuan Airlines,text,Duration: 2h 20m,,True,2026-02-19T10:02:05.578638
2026-05-12,CKG,departure,23:25,LJG Lijiang,8L9818,Lucky Air,text,Duration: 1h 40m,,True,2026-02-19T10:02:05.578721
2026-05-12,CKG,departure,23:35,LJG Lijiang,JD5610,Capital Airlines,text,Duration: 1h 45m,,True,2026-02-19T10:02:05.578729
2026-05-12,CKG,departure,23:50,CAN Guangzhou,CZ3440,China Southern,text,Duration: 2h 5m,,True,2026-02-19T10:02:05.578736
2026-05-12,CKG,departure,23:55,WUH Wuhan,CZ3644,China Southern,text,Duration: 1h 30m,,True,2026-02-19T10:02:05.578742
2026-05-12,CKG,arrival,00:05,NRT Tokyo,CA434,Air China,text,Duration: 5h 40m,,True,2026-02-19T10:02:20.492354
2026-05-12,CKG,arrival,00:05,WUA Wu Hai,G54279,Gestair,text,Duration: 2h 25m,,True,2026-02-19T10:02:20.492366
2026-05-12,CKG,arrival,00:05,PVG Shanghai,MU5433,China Eastern,text,Duration: 3h 10m,,True,2026-02-19T10:02:20.492375
2026-05-12,CKG,arrival,00:05,HTN Hotan,OQ2012,Chongqing Airlines,text,Duration: 4h 30m,,True,2026-02-19T10:02:20.492382
2026-05-12,CKG,arrival,00:05,JHG Jinghong,OQ2374,Chongqing Airlines,text,Duration: 2h 10m,,True,2026-02-19T10:02:20.492388
2026-05-12,CKG,arrival,00:05,DLU Dali City,TV9810,Tibet Airlines,text,Duration: 2h 5m,,True,2026-02-19T10:02:20.492395
2026-05-12,CKG,arrival,00:10,BKK Bangkok,3U3772,Sichuan Airlines,text,Duration: 3h 15m,,True,2026-02-19T10:02:20.492402
2026-05-12,CKG,arrival,00:10,SHA Shanghai,CA4542,Air China,text,Duration: 2h 50m,,True,2026-02-19T10:02:20.492409
2026-05-12,CKG,arrival,00:10,XMN Xiamen,MF8433,XiamenAir,text,Duration: 2h 40m,,True,2026-02-19T10:02:20.492415
2026-05-12,CKG,arrival,00:10,SYX Sanya,OQ2332,Chongqing Airlines,text,Duration: 2h 30m,,True,2026-02-19T10:02:20.492422
2026-05-12,CKG,arrival,00:10,TAO Qingdao,SC4845,Shandong Airlines,text,Duration: 3h 0m,,True,2026-02-19T10:02:20.492582
2026-05-12,CKG,arrival,00:10,SYM Pu'er,TV9916,Tibet Airlines,text,Duration: 2h 0m,,True,2026-02-19T10:02:20.492595
2026-05-12,CKG,arrival,00:15,CSX Changsha,CA4384,Air China,text,Duration: 1h 35m,,True,2026-02-19T10:02:20.492602
2026-05-12,CKG,arrival,00:15,SJW Shijiazhuang,G52658,Gestair,text,Duration: 2h 30m,,True,2026-02-19T10:02:20.492609
2026-05-12,CKG,arrival,00:15,HAK Haikou,GS6600,Tianjin Airlines,text,Duration: 2h 5m,,True,2026-02-19T10:02:20.492616
2026-05-12,CKG,arrival,00:15,KMG Kunming,OQ2120,Chongqing Airlines,text,Duration: 1h 55m,,True,2026-02-19T10:02:20.492622
2026-05-12,CKG,arrival,00:15,TNA Jinan,SC8801,Shandong Airlines,text,Duration: 2h 45m,,True,2026-02-19T10:02:20.492628
2026-05-12,CKG,arrival,00:20,XNN Xining,3U8074,Sichuan Airlines,text,Duration: 2h 10m,,True,2026-02-19T10:02:20.492635
2026-05-12,CKG,arrival,00:20,JUH Chizhou,G52830,Gestair,text,Duration: 2h 25m,,True,2026-02-19T10:02:20.492641
2026-05-12,CKG,arrival,00:20,URC Urumqi,GS6592,Tianjin Airlines,text,Duration: 4h 10m,,True,2026-02-19T10:02:20.492648
2026-05-12,CKG,arrival,00:20,SZX Shenzhen,MF8390,XiamenAir,text,Duration: 2h 10m,,True,2026-02-19T10:02:20.492787
2026-05-12,CKG,arrival,00:25,ACX Xingyi,G54680,Gestair,text,Duration: 1h 20m,,True,2026-02-19T10:02:20.492802
2026-05-12,CKG,arrival,00:25,YIN Yining,OQ2020,Chongqing Airlines,text,Duration: 4h 25m,,True,2026-02-19T10:02:20.492808
2026-05-12,CKG,arrival,00:30,KHN Nanchang,3U8182,Sichuan Airlines,text,Duration: 1h 50m,,True,2026-02-19T10:02:20.492813
2026-05-12,CKG,arrival,00:30,XIY Xian,GS7665,Tianjin Airlines,text,Duration: 1h 40m,,True,2026-02-19T10:02:20.492818
2026-05-12,CKG,arrival,00:30,CAN Guangzhou,OQ2326,Chongqing Airlines,text,Duration: 2h 10m,,True,2026-02-19T10:02:20.492823
2026-05-12,CKG,arrival,00:30,TNA Jinan,SC8817,Shandong Airlines,text,Duration: 2h 35m,,True,2026-02-19T10:02:20.492829
2026-05-12,CKG,arrival,00:35,NKG Nanjing,3U8046,Sichuan Airlines,text,Duration: 2h 10m,,True,2026-02-19T10:02:20.492834
2026-05-12,CKG,arrival,00:35,SHE Shenyang,HU7102,Hainan Airlines,text,Duration: 4h 10m,,True,2026-02-19T10:02:20.492839
2026-05-12,CKG,arrival,00:35,TNA Jinan,SC8807,Shandong Airlines,text,Duration: 2h 40m,,True,2026-02-19T10:02:20.492845
2026-05-12,CKG,arrival,00:45,ZHA Zhanjiang,CA4360,Air China,text,Duration: 2h 20m,,True,2026-02-19T10:02:20.492974
2026-05-12,CKG,arrival,00:45,HYN Taizhou,G54510,Gestair,text,Duration: 2h 50m,,True,2026-02-19T10:02:20.492992
2026-05-12,CKG,arrival,00:45,JGN Jiayuguan,G54460,Gestair,text,Duration: 2h 45m,,True,2026-02-19T10:02:20.492997
2026-05-12,CKG,arrival,00:45,CSX Changsha,OQ2030,Chongqing Airlines,text,Duration: 1h 50m,,True,2026-02-19T10:02:20.493002
2026-05-12,CKG,arrival,00:45,HFE Hefei,PN6416,West Air (China),text,Duration: 2h 15m,,True,2026-02-19T10:02:20.493008
2026-05-12,CKG,arrival,00:50,URC Urumqi,OQ2312,Chongqing Airlines,text,Duration: 3h 50m,,True,2026-02-19T10:02:20.493013
2026-05-12,CKG,arrival,00:55,PEK Beijing,HU7367,Hainan Airlines,text,Duration: 2h 50m,,True,2026-02-19T10:02:20.493018
2026-05-12,CKG,arrival,01:00,LHW Lanzhou,3U8020,Sichuan Airlines,text,Duration: 2h 5m,,True,2026-02-19T10:02:20.493023
2026-05-12,CKG,arrival,01:00,KRL Korla,G54006,Gestair,text,Duration: 3h 40m,,True,2026-02-19T10:02:20.493028
2026-05-12,CKG,arrival,01:00,ICN Seoul,OZ353,Asiana,text,Duration: 4h 5m,,True,2026-02-19T10:02:20.493033
2026-05-12,CKG,arrival,01:00,XMN Xiamen,SC2139,Shandong Airlines,text,Duration: 2h 35m,,True,2026-02-19T10:02:20.493152
2026-05-12,CKG,arrival,01:00,NKG Nanjing,ZH9591,Shenzhen Airlines,text,Duration: 2h 25m,,True,2026-02-19T10:02:20.493165
2026-05-12,CKG,arrival,01:05,TYN Taiyuan,3U8052,Sichuan Airlines,text,Duration: 2h 25m,,True,2026-02-19T10:02:20.493171
2026-05-12,CKG,arrival,01:05,XUZ Xuzhou,G54122,Gestair,text,Duration: 2h 40m,,True,2026-02-19T10:02:20.493176
2026-05-12,CKG,arrival,01:05,DMK Bangkok,SL930,Thai Lion Air,text,Duration: 3h 10m,,True,2026-02-19T10:02:20.493181
2026-05-12,CKG,arrival,01:10,HUZ Huizhou,OQ2338,Chongqing Airlines,text,Duration: 2h 15m,,True,2026-02-19T10:02:20.493186
2026-05-12,CKG,arrival,01:10,SJW Shijiazhuang,PN6336,West Air (China),text,Duration: 2h 25m,,True,2026-02-19T10:02:20.493191
2026-05-12,CKG,arrival,01:15,SQD Shangrao,GS6596,Tianjin Airlines,text,Duration: 2h 35m,,True,2026-02-19T10:02:20.493197
2026-05-12,CKG,arrival,01:15,SYD Sydney,GS7944,Tianjin Airlines,text,Duration: 10h 25m,,True,2026-02-19T10:02:20.493202
2026-05-12,CKG,arrival,01:15,KRL Korla,PN6388,West Air (China),text,Duration: 4h 0m,,True,2026-02-19T10:02:20.493208
2026-05-12,CKG,arrival,01:15,SIN Singapore,SQ818,Singapore Airlines,text,Duration: 5h 10m,,True,2026-02-19T10:02:20.493341
2026-05-12,CKG,arrival,01:20,LJG Lijiang,3U8012,Sichuan Airlines,text,Duration: 1h 40m,,True,2026-02-19T10:02:20.493351
2026-05-12,CKG,arrival,01:25,PVG Shanghai,PN6438,West Air (China),text,Duration: 2h 55m,,True,2026-02-19T10:02:20.493358
2026-05-12,CKG,arrival,01:30,BHY Beihai,3U8122,Sichuan Airlines,text,Duration: 1h 45m,,True,2026-02-19T10:02:20.493366
2026-05-12,CKG,arrival,01:30,YIW Yiwu,OQ2392,Chongqing Airlines,text,Duration: 2h 20m,,True,2026-02-19T10:02:20.493372
2026-05-12,CKG,arrival,01:30,HAK Haikou,PN6532,West Air (China),text,Duration: 2h 20m,,True,2026-02-19T10:02:20.493377
2026-05-12,CKG,arrival,01:30,ZUH Zhuhai,PN6264,West Air (China),text,Duration: 2h 20m,,True,2026-02-19T10:02:20.493383
2026-05-12,CKG,arrival,01:35,KHG Kashi,CA4278,Air China,text,Duration: 5h 15m,,True,2026-02-19T10:02:20.493389
2026-05-12,CKG,arrival,01:35,CGO Zhengzhou,PN6274,West Air (China),text,Duration: 2h 0m,,True,2026-02-19T10:02:20.493394
2026-05-12,CKG,arrival,01:45,KHN Nanchang,PN6256,West Air (China),text,Duration: 2h 5m,,True,2026-02-19T10:02:20.493399
2026-05-12,CKG,arrival,01:55,PEK Beijing,3U8834,Sichuan Airlines,text,Duration: 2h 50m,,True,2026-02-19T10:02:20.493517
2026-05-12,CKG,arrival,01:55,TAO Qingdao,3U8152,Sichuan Airlines,text,Duration: 2h 45m,,True,2026-02-19T10:02:20.493525
2026-05-12,CKG,arrival,01:55,CAN Guangzhou,PN6206,West Air (China),text,Duration: 2h 15m,,True,2026-02-19T10:02:20.493531
2026-05-12,CKG,arrival,01:55,NKG Nanjing,PN6260,West Air (China),text,Duration: 2h 15m,,True,2026-02-19T10:02:20.493536
2026-05-12,CKG,arrival,01:55,SYX Sanya,PN6214,West Air (China),text,Duration: 2h 30m,,True,2026-02-19T10:02:20.493541
2026-05-12,CKG,arrival,01:55,SZX Shenzhen,PN6230,West Air (China),text,Duration: 2h 20m,,True,2026-02-19T10:02:20.493547
2026-05-12,CKG,arrival,01:55,URC Urumqi,PN6262,West Air (China),text,Duration: 3h 55m,,True,2026-02-19T10:02:20.493552
2026-05-12,CKG,arrival,01:55,WNZ Wenzhou,PN6434,West Air (China),text,Duration: 2h 55m,,True,2026-02-19T10:02:20.493557
2026-05-12,CKG,arrival,02:05,PVG Shanghai,9C6107,Spring Airlines,text,Duration: 3h 5m,,True,2026-02-19T10:02:20.493563
2026-05-12,CKG,arrival,03:50,SGN Ho Chi Minh City,CA408,Air China,text,Duration: 3h 30m,,True,2026-02-19T10:02:20.493569
2026-05-12,CKG,arrival,04:50,BRU Brussels,HU470,Hainan Airlines,text,Duration: 10h 40m,,True,2026-02-19T10:02:20.493661
2026-05-12,CKG,arrival,05:00,FCO Rome,HU7992,Hainan Airlines,text,Duration: 10h 35m,,True,2026-02-19T10:02:20.493668
2026-05-12,CKG,arrival,05:00,BKK Bangkok,OQ2362,Chongqing Airlines,text,Duration: 3h 30m,,True,2026-02-19T10:02:20.493674
2026-05-12,CKG,arrival,05:15,HKT Phuket,3U3706,Sichuan Airlines,text,Duration: 3h 45m,,True,2026-02-19T10:02:20.493679
2026-05-12,CKG,arrival,05:15,KUL Kuala Lumpur,3U3774,Sichuan Airlines,text,Duration: 4h 30m,,True,2026-02-19T10:02:20.493685
2026-05-12,CKG,arrival,05:40,SIN Singapore,PN6444,West Air (China),text,Duration: 5h 0m,,True,2026-02-19T10:02:20.493690
2026-05-12,CKG,arrival,06:10,PEN Penang,OQ2196,Chongqing Airlines,text,Duration: 4h 40m,,True,2026-02-19T10:02:20.493695
2026-05-12,CKG,arrival,08:25,KMG Kunming,3U8283,Sichuan Airlines,text,Duration: 1h 45m,,True,2026-02-19T10:02:20.493702
2026-05-12,CKG,arrival,08:25,KUL Kuala Lumpur,OQ2192,Chongqing Airlines,text,Duration: 4h 55m,,True,2026-02-19T10:02:20.493707
2026-05-12,CKG,arrival,08:30,KMG Kunming,8L9857,Lucky Air,text,Duration: 1h 30m,,True,2026-02-19T10:02:20.493712
2026-05-12,CKG,arrival,08:50,SZX Shenzhen,9C8613,Spring Airlines,text,Duration: 2h 15m,,True,2026-02-19T10:02:20.493792
2026-05-12,CKG,arrival,08:50,TYN Taiyuan,KY3005,Kunming Airlines,text,Duration: 2h 0m,,True,2026-02-19T10:02:20.493799
2026-05-12,CKG,arrival,08:55,HGH Hangzhou,3U3181,Sichuan Airlines,text,Duration: 2h 20m,,True,2026-02-19T10:02:20.493804
2026-05-12,CKG,arrival,08:55,WUH Wuhan,CZ6175,China Southern,text,Duration: 1h 35m,,True,2026-02-19T10:02:20.493809
2026-05-12,CKG,arrival,09:05,CAN Guangzhou,3U8750,Sichuan Airlines,text,Duration: 2h 10m,,True,2026-02-19T10:02:20.493814
2026-05-12,CKG,arrival,09:15,CAN Guangzhou,JD5227,Capital Airlines,text,Duration: 2h 20m,,True,2026-02-19T10:02:20.493819
2026-05-12,CKG,arrival,09:20,INC Yinchuan,CA4270,Air China,text,Duration: 2h 0m,,True,2026-02-19T10:02:20.493825
2026-05-12,CKG,arrival,09:20,TSN Tianjin,GS7773,Tianjin Airlines,text,Duration: 2h 55m,,True,2026-02-19T10:02:20.493830
2026-05-12,CKG,arrival,09:20,JNG Jining,GX8892,GX Airlines,text,Duration: 2h 20m,,True,2026-02-19T10:02:20.493835
2026-05-12,CKG,arrival,09:25,BAV Baotou,G54180,Gestair,text,Duration: 2h 10m,,True,2026-02-19T10:02:20.493840
2026-05-12,CKG,arrival,09:30,TNA Jinan,3U8056,Sichuan Airlines,text,Duration: 2h 10m,,True,2026-02-19T10:02:20.493914
2026-05-12,CKG,arrival,09:30,HGH Hangzhou,GJ8691,Loong Air,text,Duration: 2h 55m,,True,2026-02-19T10:02:20.493921
2026-05-12,CKG,arrival,09:30,XIY Xian,MU2261,China Eastern,text,Duration: 1h 30m,,True,2026-02-19T10:02:20.493927
2026-05-12,CKG,arrival,09:35,LUM Mangshi,DR5311,Ruili Airlines,text,Duration: 1h 55m,,True,2026-02-19T10:02:20.493933
2026-05-12,CKG,arrival,09:35,CAN Guangzhou,HU7141,Hainan Airlines,text,Duration: 2h 10m,,True,2026-02-19T10:02:20.493938
2026-05-12,CKG,arrival,09:35,CZX Changzhou,MU2903,China Eastern,text,Duration: 2h 15m,,True,2026-02-19T10:02:20.493944
2026-05-12,CKG,arrival,09:35,KMG Kunming,MU5865,China Eastern,text,Duration: 1h 30m,,True,2026-02-19T10:02:20.493949
2026-05-12,CKG,arrival,09:40,YTY Yangzhou,9C6195,Spring Airlines,text,Duration: 2h 35m,,True,2026-02-19T10:02:20.493955
2026-05-12,CKG,arrival,09:40,SZX Shenzhen,HU7157,Hainan Airlines,text,Duration: 2h 10m,,True,2026-02-19T10:02:20.493960
2026-05-12,CKG,arrival,09:40,XMN Xiamen,MF8403,XiamenAir,text,Duration: 2h 35m,,True,2026-02-19T10:02:20.493966
2026-05-12,CKG,arrival,09:40,WUX Wuxi,MU9765,China Eastern,text,Duration: 2h 25m,,True,2026-02-19T10:02:20.494040
2026-05-12,CKG,arrival,09:40,SIN Singapore,PN6568,West Air (China),text,Duration: 5h 0m,,True,2026-02-19T10:02:20.494047
2026-05-12,CKG,arrival,09:40,TNA Jinan,SC8803,Shandong Airlines,text,Duration: 2h 20m,,True,2026-02-19T10:02:20.494053
2026-05-12,CKG,arrival,09:40,KHN Nanchang,ZH8845,Shenzhen Airlines,text,Duration: 2h 15m,,True,2026-02-19T10:02:20.494058
2026-05-12,CKG,arrival,09:45,NNG Nanning,CZ5835,China Southern,text,Duration: 1h 40m,,True,2026-02-19T10:02:20.494063
2026-05-12,CKG,arrival,09:45,FOC Fuzhou,MF8411,XiamenAir,text,Duration: 2h 40m,,True,2026-02-19T10:02:20.494069
2026-05-12,CKG,arrival,09:50,HGH Hangzhou,CA1759,Air China,text,Duration: 2h 20m,,True,2026-02-19T10:02:20.494074
2026-05-12,CKG,arrival,09:50,PEK Beijing,CA1437,Air China,text,Duration: 2h 50m,,True,2026-02-19T10:02:20.494079
2026-05-12,CKG,arrival,09:50,HGH Hangzhou,JD5691,Capital Airlines,text,Duration: 2h 40m,,True,2026-02-19T10:02:20.494085
2026-05-12,CKG,arrival,09:50,JJN Jinjiang,MF8611,XiamenAir,text,Duration: 2h 40m,,True,2026-02-19T10:02:20.494091
2026-05-12,CKG,arrival,09:50,TAO Qingdao,SC4831,Shandong Airlines,text,Duration: 2h 40m,,True,2026-02-19T10:02:20.494164
2026-05-12,CKG,arrival,09:50,XMN Xiamen,SC2135,Shandong Airlines,text,Duration: 2h 55m,,True,2026-02-19T10:02:20.494171
2026-05-12,CKG,arrival,09:55,SZX Shenzhen,CA4368,Air China,text,Duration: 2h 10m,,True,2026-02-19T10:02:20.494177
2026-05-12,CKG,arrival,09:55,CSX Changsha,CZ3421,China Southern,text,Duration: 1h 40m,,True,2026-02-19T10:02:20.494182
2026-05-12,CKG,arrival,10:00,CSX Changsha,BK2921,OkAir,text,Duration: 1h 50m,,True,2026-02-19T10:02:20.494187
2026-05-12,CKG,arrival,10:00,PKX Beijing,MU6681,China Eastern,text,Duration: 2h 45m,,True,2026-02-19T10:02:20.494192
2026-05-12,CKG,arrival,10:05,CAN Guangzhou,CA4354,Air China,text,Duration: 2h 0m,,True,2026-02-19T10:02:20.494197
2026-05-12,CKG,arrival,10:05,SYX Sanya,CZ6227,China Southern,text,Duration: 2h 40m,,True,2026-02-19T10:02:20.494202
2026-05-12,CKG,arrival,10:05,TSN Tianjin,MF8622,XiamenAir,text,Duration: 2h 45m,,True,2026-02-19T10:02:20.494208
2026-05-12,CKG,arrival,10:10,WUH Wuhan,CZ3627,China Southern,text,Duration: 1h 45m,,True,2026-02-19T10:02:20.494213
2026-05-12,CKG,arrival,10:10,DMK Bangkok,FD556,Thai AirAsia,text,Duration: 3h 10m,,True,2026-02-19T10:02:20.494288
2026-05-12,CKG,arrival,10:10,FOC Fuzhou,MF8461,XiamenAir,text,Duration: 2h 40m,,True,2026-02-19T10:02:20.494294
2026-05-12,CKG,arrival,10:20,CAN Guangzhou,CZ3463,China Southern,text,Duration: 2h 10m,,True,2026-02-19T10:02:20.494300
2026-05-12,CKG,arrival,10:20,PKX Beijing,JD5755,Capital Airlines,text,Duration: 2h 45m,,True,2026-02-19T10:02:20.494305
2026-05-12,CKG,arrival,10:25,SYX Sanya,HU7349,Hainan Airlines,text,Duration: 2h 35m,,True,2026-02-19T10:02:20.494310
2026-05-12,CKG,arrival,10:25,HGH Hangzhou,MF8471,XiamenAir,text,Duration: 2h 35m,,True,2026-02-19T10:02:20.494315
2026-05-12,CKG,arrival,10:25,NKG Nanjing,MU2925,China Eastern,text,Duration: 2h 30m,,True,2026-02-19T10:02:20.494320
2026-05-12,CKG,arrival,10:30,HAK Haikou,CZ6313,China Southern,text,Duration: 2h 25m,,True,2026-02-19T10:02:20.494326
2026-05-12,CKG,arrival,10:30,SZX Shenzhen,CZ3465,China Southern,text,Duration: 2h 20m,,True,2026-02-19T10:02:20.494331
2026-05-12,CKG,arrival,10:30,YIW Yiwu,CZ3887,China Southern,text,Duration: 2h 35m,,True,2026-02-19T10:02:20.494337
2026-05-12,CKG,arrival,10:30,PVG Shanghai,HO1249,Juneyao Airlines,text,Duration: 3h 5m,,True,2026-02-19T10:02:20.494409
2026-05-12,CKG,arrival,10:30,HFE Hefei,MU5483,China Eastern,text,Duration: 2h 5m,,True,2026-02-19T10:02:20.494416
2026-05-12,CKG,arrival,10:35,WNZ Wenzhou,CA8303,Air China,text,Duration: 2h 30m,,True,2026-02-19T10:02:20.494421
2026-05-12,CKG,arrival,10:40,PEK Beijing,CA1431,Air China,text,Duration: 2h 40m,,True,2026-02-19T10:02:20.494426
2026-05-12,CKG,arrival,10:40,PKX Beijing,CA8651,Air China,text,Duration: 3h 0m,,True,2026-02-19T10:02:20.494431
2026-05-12,CKG,arrival,10:40,CGO Zhengzhou,CZ3479,China Southern,text,Duration: 2h 0m,,True,2026-02-19T10:02:20.494437
2026-05-12,CKG,arrival,10:40,ZUH Zhuhai,CZ8285,China Southern,text,Duration: 2h 20m,,True,2026-02-19T10:02:20.494442
2026-05-12,CKG,arrival,10:40,SJW Shijiazhuang,NS3239,Hebei Airlines,text,Duration: 2h 30m,,True,2026-02-19T10:02:20.494447
2026-05-12,CKG,arrival,10:45,TSN Tianjin,CA2861,Air China,text,Duration: 2h 55m,,True,2026-02-19T10:02:20.494452
2026-05-12,CKG,arrival,10:45,WNZ Wenzhou,KN5297,China United Airlines,text,Duration: 2h 55m,,True,2026-02-19T10:02:20.494457
2026-05-12,CKG,arrival,10:45,HYN Taizhou,OQ2014,Chongqing Airlines,text,Duration: 3h 0m,,True,2026-02-19T10:02:20.494529
2026-05-12,CKG,arrival,10:45,SZX Shenzhen,ZH9461,Shenzhen Airlines,text,Duration: 2h 20m,,True,2026-02-19T10:02:20.494536
2026-05-12,CKG,arrival,10:50,NNG Nanning,3U8138,Sichuan Airlines,text,Duration: 1h 25m,,True,2026-02-19T10:02:20.494541
2026-05-12,CKG,arrival,10:50,HUZ Huizhou,OQ2344,Chongqing Airlines,text,Duration: 2h 30m,,True,2026-02-19T10:02:20.494546
2026-05-12,CKG,arrival,10:55,PEK Beijing,HU7167,Hainan Airlines,text,Duration: 2h 55m,,True,2026-02-19T10:02:20.494551
2026-05-12,CKG,arrival,11:00,PKX Beijing,CZ8917,China Southern,text,Duration: 2h 45m,,True,2026-02-19T10:02:20.494556
2026-05-12,CKG,arrival,11:00,NTG Nantong,DZ6293,Donghai Airlines,text,Duration: 2h 30m,,True,2026-02-19T10:02:20.494561
2026-05-12,CKG,arrival,11:00,WUX Wuxi,ZH9551,Shenzhen Airlines,text,Duration: 2h 40m,,True,2026-02-19T10:02:20.494566
2026-05-12,CKG,arrival,11:05,DLC Dalian,CZ6579,China Southern,text,Duration: 3h 35m,,True,2026-02-19T10:02:20.494571
2026-05-12,CKG,arrival,11:05,BPX Bangda,PN6216,West Air (China),text,Duration: 1h 55m,,True,2026-02-19T10:02:20.494577
2026-05-12,CKG,arrival,11:10,HAK Haikou,EU2738,Chengdu Airlines,text,Duration: 2h 5m,,True,2026-02-19T10:02:20.494648
2026-05-12,CKG,arrival,11:10,LJG Lijiang,PN6240,West Air (China),text,Duration: 1h 40m,,True,2026-02-19T10:02:20.494655
2026-05-12,CKG,arrival,11:20,NKG Nanjing,MU2663,China Eastern,text,Duration: 2h 20m,,True,2026-02-19T10:02:20.494661
2026-05-12,CKG,arrival,11:20,NTG Nantong,ZH8671,Shenzhen Airlines,text,Duration: 2h 50m,,True,2026-02-19T10:02:20.494667
2026-05-12,CKG,arrival,11:25,DXB Dubai,CA452,Air China,text,Duration: 7h 15m,,True,2026-02-19T10:02:20.494672
2026-05-12,CKG,arrival,11:25,PKX Beijing,OQ2002,Chongqing Airlines,text,Duration: 3h 0m,,True,2026-02-19T10:02:20.494677
2026-05-12,CKG,arrival,11:35,SHA Shanghai,9C8897,Spring Airlines,text,Duration: 3h 5m,,True,2026-02-19T10:02:20.494683
2026-05-12,CKG,arrival,11:45,PVG Shanghai,9C7297,Spring Airlines,text,Duration: 2h 45m,,True,2026-02-19T10:02:20.494688
2026-05-12,CKG,arrival,11:45,PEK Beijing,CA1429,Air China,text,Duration: 2h 30m,,True,2026-02-19T10:02:20.494693
2026-05-12,CKG,arrival,11:45,FOC Fuzhou,EU2223,Chengdu Airlines,text,Duration: 2h 45m,,True,2026-02-19T10:02:20.494699
2026-05-12,CKG,arrival,11:50,SYX Sanya,3U3209,Sichuan Airlines,text,Duration: 2h 25m,,True,2026-02-19T10:02:20.494770
2026-05-12,CKG,arrival,11:50,PVG Shanghai,CA8543,Air China,text,Duration: 2h 50m,,True,2026-02-19T10:02:20.494776
2026-05-12,CKG,arrival,11:55,SWA Jieyang,3U8006,Sichuan Airlines,text,Duration: 2h 20m,,True,2026-02-19T10:02:20.494782
2026-05-12,CKG,arrival,11:55,ZUH Zhuhai,3U8048,Sichuan Airlines,text,Duration: 2h 5m,,True,2026-02-19T10:02:20.494787
2026-05-12,CKG,arrival,11:55,SHA Shanghai,MU9195,China Eastern,text,Duration: 2h 45m,,True,2026-02-19T10:02:20.494793
2026-05-12,CKG,arrival,11:55,BPX Bangda,TV9908,Tibet Airlines,text,Duration: 1h 55m,,True,2026-02-19T10:02:20.494798
2026-05-12,CKG,arrival,12:00,KHN Nanchang,CA4562,Air China,text,Duration: 1h 55m,,True,2026-02-19T10:02:20.494803
2026-05-12,CKG,arrival,12:05,SJW Shijiazhuang,PN6350,West Air (China),text,Duration: 2h 35m,,True,2026-02-19T10:02:20.494809
2026-05-12,CKG,arrival,12:15,SHE Shenyang,CZ6403,China Southern,text,Duration: 4h 0m,,True,2026-02-19T10:02:20.494814
2026-05-12,CKG,arrival,12:15,XUZ Xuzhou,G52808,Gestair,text,Duration: 2h 40m,,True,2026-02-19T10:02:20.494819
2026-05-12,CKG,arrival,12:20,AKU Aksu,G54683,Gestair,text,Duration: 4h 10m,,True,2026-02-19T10:02:20.494890
2026-05-12,CKG,arrival,12:25,XIY Xian,OQ2304,Chongqing Airlines,text,Duration: 1h 30m,,True,2026-02-19T10:02:20.494897
2026-05-12,CKG,arrival,12:25,TNA Jinan,SC8805,Shandong Airlines,text,Duration: 2h 25m,,True,2026-02-19T10:02:20.494902
2026-05-12,CKG,arrival,12:30,CGQ Changchun,CZ6363,China Southern,text,Duration: 4h 15m,,True,2026-02-19T10:02:20.494909
2026-05-12,CKG,arrival,12:35,YTY Yangzhou,3U8168,Sichuan Airlines,text,Duration: 2h 25m,,True,2026-02-19T10:02:20.494914
2026-05-12,CKG,arrival,12:35,URC Urumqi,CZ6985,China Southern,text,Duration: 3h 50m,,True,2026-02-19T10:02:20.494919
2026-05-12,CKG,arrival,12:35,KMG Kunming,OQ2118,Chongqing Airlines,text,Duration: 1h 35m,,True,2026-02-19T10:02:20.494924
2026-05-12,CKG,arrival,12:40,LXA Lhasa/Lasa,3U8634,Sichuan Airlines,text,Duration: 2h 20m,,True,2026-02-19T10:02:20.494930
2026-05-12,CKG,arrival,12:40,NKG Nanjing,3U8042,Sichuan Airlines,text,Duration: 2h 15m,,True,2026-02-19T10:02:20.494935
2026-05-12,CKG,arrival,12:40,FOC Fuzhou,MF8485,XiamenAir,text,Duration: 2h 45m,,True,2026-02-19T10:02:20.494940
2026-05-12,CKG,arrival,12:45,SZX Shenzhen,3U8782,Sichuan Airlines,text,Duration: 2h 20m,,True,2026-02-19T10:02:20.495011
2026-05-12,CKG,arrival,12:45,WNZ Wenzhou,3U8034,Sichuan Airlines,text,Duration: 2h 20m,,True,2026-02-19T10:02:20.495018
2026-05-12,CKG,arrival,12:45,XMN Xiamen,MF8413,XiamenAir,text,Duration: 2h 40m,,True,2026-02-19T10:02:20.495023
2026-05-12,CKG,arrival,12:50,LXA Lhasa/Lasa,CA4419,Air China,text,Duration: 2h 30m,,True,2026-02-19T10:02:20.495028
2026-05-12,CKG,arrival,12:50,NKG Nanjing,CA4546,Air China,text,Duration: 2h 30m,,True,2026-02-19T10:02:20.495034
2026-05-12,CKG,arrival,12:50,SHA Shanghai,MU5425,China Eastern,text,Duration: 2h 45m,,True,2026-02-19T10:02:20.495039
2026-05-12,CKG,arrival,12:50,HAK Haikou,OQ2342,Chongqing Airlines,text,Duration: 2h 15m,,True,2026-02-19T10:02:20.495044
2026-05-12,CKG,arrival,12:50,LZY Nyingchi,TV9870,Tibet Airlines,text,Duration: 2h 0m,,True,2026-02-19T10:02:20.495049
2026-05-12,CKG,arrival,12:55,FOC Fuzhou,3U8104,Sichuan Airlines,text,Duration: 2h 45m,,True,2026-02-19T10:02:20.495055
2026-05-12,CKG,arrival,12:55,NGB Ningbo,3U8110,Sichuan Airlines,text,Duration: 2h 30m,,True,2026-02-19T10:02:20.495060
2026-05-12,CKG,arrival,12:55,TSN Tianjin,3U8014,Sichuan Airlines,text,Duration: 2h 40m,,True,2026-02-19T10:02:20.495131
2026-05-12,CKG,arrival,12:55,HFE Hefei,CA4564,Air China,text,Duration: 2h 10m,,True,2026-02-19T10:02:20.495137
2026-05-12,CKG,arrival,12:55,SZX Shenzhen,CA4344,Air China,text,Duration: 2h 15m,,True,2026-02-19T10:02:20.495142
2026-05-12,CKG,arrival,13:00,KOW Ganzhou,G54922,Gestair,text,Duration: 2h 15m,,True,2026-02-19T10:02:20.495147
2026-05-12,CKG,arrival,13:00,LYG Lianyungang,G52836,Gestair,text,Duration: 2h 45m,,True,2026-02-19T10:02:20.495153
2026-05-12,CKG,arrival,13:00,YIW Yiwu,GY7277,Colorful GuiZhou Airlines,text,Duration: 2h 40m,,True,2026-02-19T10:02:20.495158
2026-05-12,CKG,arrival,13:00,WUX Wuxi,HO2013,Juneyao Airlines,text,Duration: 2h 30m,,True,2026-02-19T10:02:20.495163
2026-05-12,CKG,arrival,13:05,PKX Beijing,CZ8911,China Southern,text,Duration: 3h 10m,,True,2026-02-19T10:02:20.495168
2026-05-12,CKG,arrival,13:05,RKZ Shigatse,TV9762,Tibet Airlines,text,Duration: 2h 40m,,True,2026-02-19T10:02:20.495173
2026-05-12,CKG,arrival,13:10,HZA Heze,GJ8291,Loong Air,text,Duration: 2h 25m,,True,2026-02-19T10:02:20.495178
2026-05-12,CKG,arrival,13:20,HGH Hangzhou,3U8082,Sichuan Airlines,text,Duration: 2h 40m,,True,2026-02-19T10:02:20.495250
2026-05-12,CKG,arrival,13:25,SZX Shenzhen,HU7457,Hainan Airlines,text,Duration: 2h 25m,,True,2026-02-19T10:02:20.495257
2026-05-12,CKG,arrival,13:25,SZX Shenzhen,OQ2336,Chongqing Airlines,text,Duration: 2h 40m,,True,2026-02-19T10:02:20.495262
2026-05-12,CKG,arrival,13:30,WUX Wuxi,3U8026,Sichuan Airlines,text,Duration: 2h 15m,,True,2026-02-19T10:02:20.495268
2026-05-12,CKG,arrival,13:35,ZUH Zhuhai,CA4372,Air China,text,Duration: 2h 30m,,True,2026-02-19T10:02:20.495273
2026-05-12,CKG,arrival,13:35,DLU Dali City,OQ2348,Chongqing Airlines,text,Duration: 1h 35m,,True,2026-02-19T10:02:20.495278
2026-05-12,CKG,arrival,13:40,PEK Beijing,3U8830,Sichuan Airlines,text,Duration: 2h 45m,,True,2026-02-19T10:02:20.495284
2026-05-12,CKG,arrival,13:40,NGB Ningbo,CA4550,Air China,text,Duration: 2h 35m,,True,2026-02-19T10:02:20.495290
2026-05-12,CKG,arrival,13:45,WUH Wuhan,CZ6291,China Southern,text,Duration: 1h 40m,,True,2026-02-19T10:02:20.495295
2026-05-12,CKG,arrival,13:45,ZAT Zhaotong,G54604,Gestair,text,Duration: 1h 10m,,True,2026-02-19T10:02:20.495300
2026-05-12,CKG,arrival,13:45,SZX Shenzhen,ZH9463,Shenzhen Airlines,text,Duration: 2h 25m,,True,2026-02-19T10:02:20.495372
2026-05-12,CKG,arrival,13:50,BHY Beihai,3U8124,Sichuan Airlines,text,Duration: 1h 50m,,True,2026-02-19T10:02:20.495379
2026-05-12,CKG,arrival,13:50,PVG Shanghai,3U8972,Sichuan Airlines,text,Duration: 2h 45m,,True,2026-02-19T10:02:20.495384
2026-05-12,CKG,arrival,13:50,CAN Guangzhou,CA4362,Air China,text,Duration: 2h 20m,,True,2026-02-19T10:02:20.495390
2026-05-12,CKG,arrival,13:55,PEK Beijing,CA4148,Air China,text,Duration: 2h 55m,,True,2026-02-19T10:02:20.495395
2026-05-12,CKG,arrival,13:55,TSN Tianjin,OQ2082,Chongqing Airlines,text,Duration: 3h 15m,,True,2026-02-19T10:02:20.495400
2026-05-12,CKG,arrival,14:00,IQN Qingyang,NS8067,Hebei Airlines,text,Duration: 1h 40m,,True,2026-02-19T10:02:20.495406
2026-05-12,CKG,arrival,14:00,CAN Guangzhou,OQ2306,Chongqing Airlines,text,Duration: 2h 20m,,True,2026-02-19T10:02:20.495411
2026-05-12,CKG,arrival,14:10,HGH Hangzhou,CA4554,Air China,text,Duration: 3h 0m,,True,2026-02-19T10:02:20.495417
2026-05-12,CKG,arrival,14:10,SYX Sanya,HU7339,Hainan Airlines,text,Duration: 2h 20m,,True,2026-02-19T10:02:20.495422
2026-05-12,CKG,arrival,14:10,KMG Kunming,MU5863,China Eastern,text,Duration: 1h 35m,,True,2026-02-19T10:02:20.495494
2026-05-12,CKG,arrival,14:15,HAK Haikou,HU7271,Hainan Airlines,text,Duration: 2h 15m,,True,2026-02-19T10:02:20.495500
2026-05-12,CKG,arrival,14:15,TAO Qingdao,SC4835,Shandong Airlines,text,Duration: 3h 5m,,True,2026-02-19T10:02:20.495506
2026-05-12,CKG,arrival,14:20,JHG Jinghong,G54264,Gestair,text,Duration: 2h 0m,,True,2026-02-19T10:02:20.495511
2026-05-12,CKG,arrival,14:20,JJN Jinjiang,MF8865,XiamenAir,text,Duration: 2h 35m,,True,2026-02-19T10:02:20.495516
2026-05-12,CKG,arrival,14:25,INC Yinchuan,3U8284,Sichuan Airlines,text,Duration: 1h 50m,,True,2026-02-19T10:02:20.495521
2026-05-12,CKG,arrival,14:25,SHA Shanghai,MF8582,XiamenAir,text,Duration: 2h 45m,,True,2026-02-19T10:02:20.495526
2026-05-12,CKG,arrival,14:25,HIA Huai'an,OQ2036,Chongqing Airlines,text,Duration: 2h 30m,,True,2026-02-19T10:02:20.495532
2026-05-12,CKG,arrival,14:30,PEK Beijing,CA4132,Air China,text,Duration: 2h 45m,,True,2026-02-19T10:02:20.495537
2026-05-12,CKG,arrival,14:35,PKX Beijing,OQ2147,Chongqing Airlines,text,Duration: 2h 55m,,True,2026-02-19T10:02:20.495542
2026-05-12,CKG,arrival,14:40,SHA Shanghai,CA4544,Air China,text,Duration: 2h 55m,,True,2026-02-19T10:02:20.495624
2026-05-12,CKG,arrival,14:40,HGH Hangzhou,OQ2380,Chongqing Airlines,text,Duration: 3h 0m,,True,2026-02-19T10:02:20.495631
2026-05-12,CKG,arrival,14:40,NKG Nanjing,OQ2322,Chongqing Airlines,text,Duration: 2h 35m,,True,2026-02-19T10:02:20.495636
2026-05-12,CKG,arrival,14:40,TNA Jinan,PN6266,West Air (China),text,Duration: 2h 25m,,True,2026-02-19T10:02:20.495642
2026-05-12,CKG,arrival,14:45,LYA Luoyang,QW6053,Qingdao Airlines,text,Duration: 1h 45m,,True,2026-02-19T10:02:20.495648
2026-05-12,CKG,arrival,14:50,XMN Xiamen,CA4566,Air China,text,Duration: 2h 35m,,True,2026-02-19T10:02:20.495653
2026-05-12,CKG,arrival,14:50,YCU Yuncheng,MF8786,XiamenAir,text,Duration: 1h 55m,,True,2026-02-19T10:02:20.495658
2026-05-12,CKG,arrival,14:55,PVG Shanghai,CA4576,Air China,text,Duration: 2h 40m,,True,2026-02-19T10:02:20.495664
2026-05-12,CKG,arrival,14:55,KWL Guilin,GT1069,Air Guilin,text,Duration: 1h 30m,,True,2026-02-19T10:02:20.495669
2026-05-12,CKG,arrival,15:00,SHE Shenyang,3U8038,Sichuan Airlines,text,Duration: 3h 40m,,True,2026-02-19T10:02:20.495674
2026-05-12,CKG,arrival,15:05,LZH Liuzhou,G54770,Gestair,text,Duration: 2h 0m,,True,2026-02-19T10:02:20.495749
2026-05-12,CKG,arrival,15:05,XIC Xichang,G54166,Gestair,text,Duration: 1h 30m,,True,2026-02-19T10:02:20.495756
2026-05-12,CKG,arrival,15:05,CAN Guangzhou,HU7341,Hainan Airlines,text,Duration: 2h 25m,,True,2026-02-19T10:02:20.495761
2026-05-12,CKG,arrival,15:10,JGS Ji'An,9C8752,Spring Airlines,text,Duration: 1h 55m,,True,2026-02-19T10:02:20.495767
2026-05-12,CKG,arrival,15:10,INC Yinchuan,CA4268,Air China,text,Duration: 2h 0m,,True,2026-02-19T10:02:20.495772
2026-05-12,CKG,arrival,15:10,KUL Kuala Lumpur,MF8712,XiamenAir,text,Duration: 4h 30m,,True,2026-02-19T10:02:20.495778
2026-05-12,CKG,arrival,15:15,PVG Shanghai,OQ2308,Chongqing Airlines,text,Duration: 3h 15m,,True,2026-02-19T10:02:20.495783
2026-05-12,CKG,arrival,15:20,LZY Nyingchi,3U3182,Sichuan Airlines,text,Duration: 2h 20m,,True,2026-02-19T10:02:20.495788
2026-05-12,CKG,arrival,15:20,CAN Guangzhou,CZ3485,China Southern,text,Duration: 2h 10m,,True,2026-02-19T10:02:20.495794
2026-05-12,CKG,arrival,15:20,XMN Xiamen,HU7412,Hainan Airlines,text,Duration: 2h 45m,,True,2026-02-19T10:02:20.495799
2026-05-12,CKG,arrival,15:20,KHN Nanchang,ZH8853,Shenzhen Airlines,text,Duration: 2h 5m,,True,2026-02-19T10:02:20.495871
2026-05-12,CKG,arrival,15:25,SHA Shanghai,MU5429,China Eastern,text,Duration: 2h 45m,,True,2026-02-19T10:02:20.495878
2026-05-12,CKG,arrival,15:30,SZX Shenzhen,CZ3455,China Southern,text,Duration: 2h 25m,,True,2026-02-19T10:02:20.495883
2026-05-12,CKG,arrival,15:35,CAN Guangzhou,3U8748,Sichuan Airlines,text,Duration: 2h 0m,,True,2026-02-19T10:02:20.495889
2026-05-12,CKG,arrival,15:40,LJG Lijiang,8L9817,Lucky Air,text,Duration: 1h 35m,,True,2026-02-19T10:02:20.495894
2026-05-12,CKG,arrival,15:40,NKG Nanjing,CA4560,Air China,text,Duration: 2h 25m,,True,2026-02-19T10:02:20.495900
2026-05-12,CKG,arrival,15:40,PEK Beijing,CA4138,Air China,text,Duration: 2h 55m,,True,2026-02-19T10:02:20.495905
2026-05-12,CKG,arrival,15:40,SWA Jieyang,PN6386,West Air (China),text,Duration: 2h 40m,,True,2026-02-19T10:02:20.495911
2026-05-12,CKG,arrival,15:45,URC Urumqi,CZ6431,China Southern,text,Duration: 3h 55m,,True,2026-02-19T10:02:20.495916
2026-05-12,CKG,arrival,15:45,HGH Hangzhou,MF8475,XiamenAir,text,Duration: 2h 55m,,True,2026-02-19T10:02:20.495922
2026-05-12,CKG,arrival,15:45,PVG Shanghai,PN6374,West Air (China),text,Duration: 3h 5m,,True,2026-02-19T10:02:20.496003
2026-05-12,CKG,arrival,15:50,SHE Shenyang,CZ6469,China Southern,text,Duration: 3h 50m,,True,2026-02-19T10:02:20.496009
2026-05-12,CKG,arrival,15:50,UYN Yulin,GX8882,GX Airlines,text,Duration: 1h 50m,,True,2026-02-19T10:02:20.496014
2026-05-12,CKG,arrival,15:50,HAK Haikou,HU7371,Hainan Airlines,text,Duration: 2h 20m,,True,2026-02-19T10:02:20.496020
2026-05-12,CKG,arrival,15:50,TCZ Tengchong,KY3006,Kunming Airlines,text,Duration: 1h 55m,,True,2026-02-19T10:02:20.496025
2026-05-12,CKG,arrival,15:50,NKG Nanjing,MU2737,China Eastern,text,Duration: 2h 10m,,True,2026-02-19T10:02:20.496030
2026-05-12,CKG,arrival,15:55,NKG Nanjing,3U8044,Sichuan Airlines,text,Duration: 2h 10m,,True,2026-02-19T10:02:20.496036
2026-05-12,CKG,arrival,15:55,NGB Ningbo,GJ8397,Loong Air,text,Duration: 2h 55m,,True,2026-02-19T10:02:20.496041
2026-05-12,CKG,arrival,16:00,PKX Beijing,CZ8815,China Southern,text,Duration: 2h 50m,,True,2026-02-19T10:02:20.496047
2026-05-12,CKG,arrival,16:00,NKG Nanjing,HO1693,Juneyao Airlines,text,Duration: 2h 25m,,True,2026-02-19T10:02:20.496053
2026-05-12,CKG,arrival,16:05,BKK Bangkok,HU424,Hainan Airlines,text,Duration: 3h 20m,,True,2026-02-19T10:02:20.496125
2026-05-12,CKG,arrival,16:05,YNT Yantai,QW6031,Qingdao Airlines,text,Duration: 3h 5m,,True,2026-02-19T10:02:20.496132
2026-05-12,CKG,arrival,16:10,HKG Hong Kong,CX928,Cathay Pacific,text,Duration: 2h 35m,,True,2026-02-19T10:02:20.496138
2026-05-12,CKG,arrival,16:10,TAO Qingdao,SC4833,Shandong Airlines,text,Duration: 3h 0m,,True,2026-02-19T10:02:20.496143
2026-05-12,CKG,arrival,16:15,HRB Harbin,CZ6345,China Southern,text,Duration: 4h 20m,,True,2026-02-19T10:02:20.496148
2026-05-12,CKG,arrival,16:20,CGQ Changchun,CA4016,Air China,text,Duration: 4h 5m,,True,2026-02-19T10:02:20.496154
2026-05-12,CKG,arrival,16:20,XUZ Xuzhou,G54608,Gestair,text,Duration: 2h 25m,,True,2026-02-19T10:02:20.496159
2026-05-12,CKG,arrival,16:20,CZX Changzhou,MU2785,China Eastern,text,Duration: 2h 35m,,True,2026-02-19T10:02:20.496165
2026-05-12,CKG,arrival,16:25,SZX Shenzhen,9C8615,Spring Airlines,text,Duration: 2h 30m,,True,2026-02-19T10:02:20.496170
2026-05-12,CKG,arrival,16:25,HRB Harbin,CA4012,Air China,text,Duration: 4h 25m,,True,2026-02-19T10:02:20.496176
2026-05-12,CKG,arrival,16:25,JIC Jinchang,G52750,Gestair,text,Duration: 2h 15m,,True,2026-02-19T10:02:20.496247
2026-05-12,CKG,arrival,16:30,WUX Wuxi,MU9775,China Eastern,text,Duration: 2h 30m,,True,2026-02-19T10:02:20.496253
2026-05-12,CKG,arrival,16:35,CGO Zhengzhou,CZ8715,China Southern,text,Duration: 2h 0m,,True,2026-02-19T10:02:20.496258
2026-05-12,CKG,arrival,16:40,CAN Guangzhou,HU7441,Hainan Airlines,text,Duration: 2h 10m,,True,2026-02-19T10:02:20.496264
2026-05-12,CKG,arrival,16:40,NGB Ningbo,MU2395,China Eastern,text,Duration: 2h 45m,,True,2026-02-19T10:02:20.496269
2026-05-12,CKG,arrival,16:45,PEK Beijing,CA1439,Air China,text,Duration: 2h 45m,,True,2026-02-19T10:02:20.496274
2026-05-12,CKG,arrival,16:45,SHA Shanghai,FM9419,Shanghai Airlines,text,Duration: 2h 40m,,True,2026-02-19T10:02:20.496279
2026-05-12,CKG,arrival,16:50,YNT Yantai,3U8174,Sichuan Airlines,text,Duration: 2h 55m,,True,2026-02-19T10:02:20.496285
2026-05-12,CKG,arrival,16:55,SHS Shashi,G54754,Gestair,text,Duration: 1h 30m,,True,2026-02-19T10:02:20.496290
2026-05-12,CKG,arrival,16:55,XMN Xiamen,MF8423,XiamenAir,text,Duration: 2h 40m,,True,2026-02-19T10:02:20.496295
2026-05-12,CKG,arrival,16:55,AKU Aksu,OQ2008,Chongqing Airlines,text,Duration: 4h 15m,,True,2026-02-19T10:02:20.496365
2026-05-12,CKG,arrival,17:00,HRB Harbin,3U8166,Sichuan Airlines,text,Duration: 4h 20m,,True,2026-02-19T10:02:20.496372
2026-05-12,CKG,arrival,17:00,HGH Hangzhou,CA1761,Air China,text,Duration: 2h 50m,,True,2026-02-19T10:02:20.496377
2026-05-12,CKG,arrival,17:00,ICN Seoul,CA440,Air China,text,Duration: 3h 55m,,True,2026-02-19T10:02:20.496383
2026-05-12,CKG,arrival,17:05,TAO Qingdao,SC4837,Shandong Airlines,text,Duration: 2h 55m,,True,2026-02-19T10:02:20.496388
2026-05-12,CKG,arrival,17:10,JNH Jiaxing,GJ8784,Loong Air,text,Duration: 3h 10m,,True,2026-02-19T10:02:20.496394
2026-05-12,CKG,arrival,17:15,LXA Lhasa/Lasa,MF8412,XiamenAir,text,Duration: 2h 35m,,True,2026-02-19T10:02:20.496400
2026-05-12,CKG,arrival,17:20,CSX Changsha,GS6588,Tianjin Airlines,text,Duration: 1h 30m,,True,2026-02-19T10:02:20.496405
2026-05-12,CKG,arrival,17:25,HKG Hong Kong,CA420,Air China,text,Duration: 2h 35m,,True,2026-02-19T10:02:20.496411
2026-05-12,CKG,arrival,17:25,CIH Changzhi,G52722,Gestair,text,Duration: 2h 0m,,True,2026-02-19T10:02:20.496417
2026-05-12,CKG,arrival,17:25,FOC Fuzhou,MF8489,XiamenAir,text,Duration: 2h 50m,,True,2026-02-19T10:02:20.496488
2026-05-12,CKG,arrival,17:25,KIX Osaka,MF8654,XiamenAir,text,Duration: 4h 25m,,True,2026-02-19T10:02:20.496494
2026-05-12,CKG,arrival,17:25,TNA Jinan,SC8815,Shandong Airlines,text,Duration: 2h 25m,,True,2026-02-19T10:02:20.496500
2026-05-12,CKG,arrival,17:30,CAN Guangzhou,OQ2318,Chongqing Airlines,text,Duration: 2h 25m,,True,2026-02-19T10:02:20.496506
2026-05-12,CKG,arrival,17:35,CGQ Changchun,CZ8255,China Southern,text,Duration: 4h 25m,,True,2026-02-19T10:02:20.496511
2026-05-12,CKG,arrival,17:35,CGQ Changchun,MF8038,XiamenAir,text,Duration: 4h 10m,,True,2026-02-19T10:02:20.496517
2026-05-12,CKG,arrival,17:40,KRL Korla,3U8142,Sichuan Airlines,text,Duration: 4h 5m,,True,2026-02-19T10:02:20.496522
2026-05-12,CKG,arrival,17:40,LXA Lhasa/Lasa,CZ3464,China Southern,text,Duration: 2h 40m,,True,2026-02-19T10:02:20.496527
2026-05-12,CKG,arrival,17:40,FUG Fuyang,PN6220,West Air (China),text,Duration: 2h 15m,,True,2026-02-19T10:02:20.496533
2026-05-12,CKG,arrival,17:40,SJW Shijiazhuang,PN6336,West Air (China),text,Duration: 2h 30m,,True,2026-02-19T10:02:20.496539
2026-05-12,CKG,arrival,17:50,SHA Shanghai,MU9193,China Eastern,text,Duration: 2h 40m,,True,2026-02-19T10:02:20.496611
2026-05-12,CKG,arrival,17:50,CGQ Changchun,OQ2078,Chongqing Airlines,text,Duration: 4h 30m,,True,2026-02-19T10:02:20.496618
2026-05-12,CKG,arrival,17:55,DLU Dali City,CA4486,Air China,text,Duration: 2h 0m,,True,2026-02-19T10:02:20.496623
2026-05-12,CKG,arrival,18:00,PEK Beijing,CA1411,Air China,text,Duration: 3h 0m,,True,2026-02-19T10:02:20.496629
2026-05-12,CKG,arrival,18:00,DMK Bangkok,FD552,Thai AirAsia,text,Duration: 3h 15m,,True,2026-02-19T10:02:20.496634
2026-05-12,CKG,arrival,18:00,PKX Beijing,NS8035,Hebei Airlines,text,Duration: 2h 40m,,True,2026-02-19T10:02:20.496640
2026-05-12,CKG,arrival,18:05,CSX Changsha,3U8010,Sichuan Airlines,text,Duration: 1h 40m,,True,2026-02-19T10:02:20.496645
2026-05-12,CKG,arrival,18:05,WUH Wuhan,3U8156,Sichuan Airlines,text,Duration: 1h 40m,,True,2026-02-19T10:02:20.496650
2026-05-12,CKG,arrival,18:05,LYI Linyi,OQ2364,Chongqing Airlines,text,Duration: 2h 35m,,True,2026-02-19T10:02:20.496656
2026-05-12,CKG,arrival,18:05,YIC Yichun,PN6480,West Air (China),text,Duration: 1h 50m,,True,2026-02-19T10:02:20.496661
2026-05-12,CKG,arrival,18:05,TAO Qingdao,SC4839,Shandong Airlines,text,Duration: 2h 55m,,True,2026-02-19T10:02:20.496738
2026-05-12,CKG,arrival,18:10,LHW Lanzhou,9C6281,Spring Airlines,text,Duration: 2h 15m,,True,2026-02-19T10:02:20.496746
2026-05-12,CKG,arrival,18:15,URC Urumqi,CA4256,Air China,text,Duration: 4h 10m,,True,2026-02-19T10:02:20.496752
2026-05-12,CKG,arrival,18:15,LHW Lanzhou,G54034,Gestair,text,Duration: 1h 55m,,True,2026-02-19T10:02:20.496758
2026-05-12,CKG,arrival,18:25,LLV Luliang,G52914,Gestair,text,Duration: 1h 50m,,True,2026-02-19T10:02:20.496763
2026-05-12,CKG,arrival,18:25,HAK Haikou,HU7471,Hainan Airlines,text,Duration: 2h 25m,,True,2026-02-19T10:02:20.496769
2026-05-12,CKG,arrival,18:25,KUL Kuala Lumpur,MF8688,XiamenAir,text,Duration: 4h 35m,,True,2026-02-19T10:02:20.496774
2026-05-12,CKG,arrival,18:25,HET Hohhot,OQ2176,Chongqing Airlines,text,Duration: 2h 20m,,True,2026-02-19T10:02:20.496780
2026-05-12,CKG,arrival,18:30,PKX Beijing,MU6685,China Eastern,text,Duration: 2h 50m,,True,2026-02-19T10:02:20.496786
2026-05-12,CKG,arrival,18:35,CGO Zhengzhou,CZ6353,China Southern,text,Duration: 2h 5m,,True,2026-02-19T10:02:20.496792
2026-05-12,CKG,arrival,18:40,CAN Guangzhou,CZ3411,China Southern,text,Duration: 2h 20m,,True,2026-02-19T10:02:20.496881
2026-05-12,CKG,arrival,18:45,SZX Shenzhen,3U8784,Sichuan Airlines,text,Duration: 2h 15m,,True,2026-02-19T10:02:20.496889
2026-05-12,CKG,arrival,18:45,WUH Wuhan,CZ8421,China Southern,text,Duration: 1h 50m,,True,2026-02-19T10:02:20.496895
2026-05-12,CKG,arrival,18:50,YCU Yuncheng,CA4014,Air China,text,Duration: 2h 5m,,True,2026-02-19T10:02:20.496901
2026-05-12,CKG,arrival,18:50,PKX Beijing,CZ8817,China Southern,text,Duration: 2h 50m,,True,2026-02-19T10:02:20.496906
2026-05-12,CKG,arrival,18:50,JGN Jiayuguan,G52852,Gestair,text,Duration: 2h 45m,,True,2026-02-19T10:02:20.496911
2026-05-12,CKG,arrival,18:50,"JUZ Quzhou, Zhejiang Province",G54684,Gestair,text,Duration: 2h 20m,,True,2026-02-19T10:02:20.496917
2026-05-12,CKG,arrival,18:55,WHA Wuhu,GT1117,Air Guilin,text,Duration: 2h 30m,,True,2026-02-19T10:02:20.496922
2026-05-12,CKG,arrival,18:55,HGH Hangzhou,OQ2390,Chongqing Airlines,text,Duration: 3h 0m,,True,2026-02-19T10:02:20.496928
2026-05-12,CKG,arrival,18:55,XMN Xiamen,SC2141,Shandong Airlines,text,Duration: 2h 35m,,True,2026-02-19T10:02:20.496933
2026-05-12,CKG,arrival,18:55,WUX Wuxi,ZH9553,Shenzhen Airlines,text,Duration: 2h 35m,,True,2026-02-19T10:02:20.497015
2026-05-12,CKG,arrival,19:00,CGO Zhengzhou,3U8160,Sichuan Airlines,text,Duration: 2h 0m,,True,2026-02-19T10:02:20.497022
2026-05-12,CKG,arrival,19:00,SHA Shanghai,9C8995,Spring Airlines,text,Duration: 2h 55m,,True,2026-02-19T10:02:20.497027
2026-05-12,CKG,arrival,19:00,PEK Beijing,CA1409,Air China,text,Duration: 3h 0m,,True,2026-02-19T10:02:20.497032
2026-05-12,CKG,arrival,19:00,PVG Shanghai,FM9425,Shanghai Airlines,text,Duration: 2h 55m,,True,2026-02-19T10:02:20.497038
2026-05-12,CKG,arrival,19:05,FOC Fuzhou,FU6507,Fuzhou Airline,text,Duration: 2h 40m,,True,2026-02-19T10:02:20.497043
2026-05-12,CKG,arrival,19:10,FOC Fuzhou,HU7264,Hainan Airlines,text,Duration: 3h 0m,,True,2026-02-19T10:02:20.497049
2026-05-12,CKG,arrival,19:10,WNZ Wenzhou,PN6284,West Air (China),text,Duration: 3h 0m,,True,2026-02-19T10:02:20.497054
2026-05-12,CKG,arrival,19:10,SZX Shenzhen,ZH9465,Shenzhen Airlines,text,Duration: 2h 20m,,True,2026-02-19T10:02:20.497060
2026-05-12,CKG,arrival,19:15,HFE Hefei,3U8198,Sichuan Airlines,text,Duration: 2h 15m,,True,2026-02-19T10:02:20.497065
2026-05-12,CKG,arrival,19:15,CAN Guangzhou,OQ2324,Chongqing Airlines,text,Duration: 2h 20m,,True,2026-02-19T10:02:20.497150
2026-05-12,CKG,arrival,19:15,JHG Jinghong,PN6404,West Air (China),text,Duration: 2h 0m,,True,2026-02-19T10:02:20.497170
2026-05-12,CKG,arrival,19:15,PVG Shanghai,Y87513,Suparna Airlines,text,Duration: 3h 20m,,True,2026-02-19T10:02:20.497177
2026-05-12,CKG,arrival,19:25,SYX Sanya,PN6204,West Air (China),text,Duration: 2h 20m,,True,2026-02-19T10:02:20.497184
2026-05-12,CKG,arrival,19:30,WHA Wuhu,3U8072,Sichuan Airlines,text,Duration: 2h 25m,,True,2026-02-19T10:02:20.497190
2026-05-12,CKG,arrival,19:30,CSX Changsha,CZ3825,China Southern,text,Duration: 1h 35m,,True,2026-02-19T10:02:20.497195
2026-05-12,CKG,arrival,19:30,SZX Shenzhen,OQ2346,Chongqing Airlines,text,Duration: 2h 35m,,True,2026-02-19T10:02:20.497201
2026-05-12,CKG,arrival,19:35,SZX Shenzhen,CZ5919,China Southern,text,Duration: 2h 30m,,True,2026-02-19T10:02:20.497206
2026-05-12,CKG,arrival,19:35,PVG Shanghai,HO1247,Juneyao Airlines,text,Duration: 3h 5m,,True,2026-02-19T10:02:20.497211
2026-05-12,CKG,arrival,19:35,LUM Mangshi,KY3109,Kunming Airlines,text,Duration: 1h 55m,,True,2026-02-19T10:02:20.497217
2026-05-12,CKG,arrival,19:35,SIN Singapore,OQ2096,Chongqing Airlines,text,Duration: 5h 0m,,True,2026-02-19T10:02:20.497333
2026-05-12,CKG,arrival,19:40,SIN Singapore,CA450,Air China,text,Duration: 5h 10m,,True,2026-02-19T10:02:20.497341
2026-05-12,CKG,arrival,19:45,PEK Beijing,CA1435,Air China,text,Duration: 2h 45m,,True,2026-02-19T10:02:20.497347
2026-05-12,CKG,arrival,19:45,SHE Shenyang,CZ6465,China Southern,text,Duration: 3h 50m,,True,2026-02-19T10:02:20.497352
2026-05-12,CKG,arrival,19:45,KTI Phnom Penh,KR963,Cambodia Airways,text,Duration: 3h 50m,,True,2026-02-19T10:02:20.497358
2026-05-12,CKG,arrival,19:50,SHA Shanghai,9C8997,Spring Airlines,text,Duration: 2h 50m,,True,2026-02-19T10:02:20.497363
2026-05-12,CKG,arrival,19:50,NKG Nanjing,MU2845,China Eastern,text,Duration: 2h 15m,,True,2026-02-19T10:02:20.497368
2026-05-12,CKG,arrival,19:55,SHA Shanghai,MU5435,China Eastern,text,Duration: 2h 40m,,True,2026-02-19T10:02:20.497374
2026-05-12,CKG,arrival,20:00,YNZ Yancheng,9C7345,Spring Airlines,text,Duration: 2h 45m,,True,2026-02-19T10:02:20.497379
2026-05-12,CKG,arrival,20:00,PVG Shanghai,HU7493,Hainan Airlines,text,Duration: 3h 0m,,True,2026-02-19T10:02:20.497384
2026-05-12,CKG,arrival,20:00,WUX Wuxi,MU9785,China Eastern,text,Duration: 2h 40m,,True,2026-02-19T10:02:20.497489
2026-05-12,CKG,arrival,20:05,HGH Hangzhou,3U8084,Sichuan Airlines,text,Duration: 2h 40m,,True,2026-02-19T10:02:20.497497
2026-05-12,CKG,arrival,20:05,JHG Jinghong,8L9605,Lucky Air,text,Duration: 2h 0m,,True,2026-02-19T10:02:20.497503
2026-05-12,CKG,arrival,20:05,CAN Guangzhou,CA4350,Air China,text,Duration: 2h 30m,,True,2026-02-19T10:02:20.497509
2026-05-12,CKG,arrival,20:05,URC Urumqi,CZ6973,China Southern,text,Duration: 3h 40m,,True,2026-02-19T10:02:20.497514
2026-05-12,CKG,arrival,20:05,DIG Diqing,OQ2148,Chongqing Airlines,text,Duration: 1h 45m,,True,2026-02-19T10:02:20.497520
2026-05-12,CKG,arrival,20:05,TAO Qingdao,SC4841,Shandong Airlines,text,Duration: 2h 50m,,True,2026-02-19T10:02:20.497525
2026-05-12,CKG,arrival,20:10,XMN Xiamen,3U8088,Sichuan Airlines,text,Duration: 2h 35m,,True,2026-02-19T10:02:20.497531
2026-05-12,CKG,arrival,20:10,XNN Xining,MF8866,XiamenAir,text,Duration: 2h 0m,,True,2026-02-19T10:02:20.497536
2026-05-12,CKG,arrival,20:10,LXA Lhasa/Lasa,PN6392,West Air (China),text,Duration: 2h 50m,,True,2026-02-19T10:02:20.497541
2026-05-12,CKG,arrival,20:15,CZX Changzhou,3U8098,Sichuan Airlines,text,Duration: 2h 40m,,True,2026-02-19T10:02:20.497650
2026-05-12,CKG,arrival,20:15,NKG Nanjing,HO1691,Juneyao Airlines,text,Duration: 2h 35m,,True,2026-02-19T10:02:20.497657
2026-05-12,CKG,arrival,20:15,PEK Beijing,HU7267,Hainan Airlines,text,Duration: 2h 45m,,True,2026-02-19T10:02:20.497663
2026-05-12,CKG,arrival,20:15,TNA Jinan,SC8809,Shandong Airlines,text,Duration: 2h 20m,,True,2026-02-19T10:02:20.497668
2026-05-12,CKG,arrival,20:20,TYN Taiyuan,SC2268,Shandong Airlines,text,Duration: 2h 25m,,True,2026-02-19T10:02:20.497674
2026-05-12,CKG,arrival,20:25,ACX Xingyi,BK2954,OkAir,text,Duration: 1h 55m,,True,2026-02-19T10:02:20.497679
2026-05-12,CKG,arrival,20:25,INC Yinchuan,HU7272,Hainan Airlines,text,Duration: 2h 5m,,True,2026-02-19T10:02:20.497685
2026-05-12,CKG,arrival,20:25,LXA Lhasa/Lasa,PN6272,West Air (China),text,Duration: 2h 50m,,True,2026-02-19T10:02:20.497690
2026-05-12,CKG,arrival,20:30,CAN Guangzhou,MU6825,China Eastern,text,Duration: 2h 5m,,True,2026-02-19T10:02:20.497695
2026-05-12,CKG,arrival,20:30,XIY Xian,MU2267,China Eastern,text,Duration: 1h 20m,,True,2026-02-19T10:02:20.497701
2026-05-12,CKG,arrival,20:35,PVG Shanghai,HO2369,Juneyao Airlines,text,Duration: 3h 15m,,True,2026-02-19T10:02:20.497809
2026-05-12,CKG,arrival,20:50,LXA Lhasa/Lasa,EU2737,Chengdu Airlines,text,Duration: 2h 20m,,True,2026-02-19T10:02:20.497819
2026-05-12,CKG,arrival,20:50,XIY Xian,JD5077,Capital Airlines,text,Duration: 1h 35m,,True,2026-02-19T10:02:20.497826
2026-05-12,CKG,arrival,20:50,HFE Hefei,MU9982,China Eastern,text,Duration: 2h 5m,,True,2026-02-19T10:02:20.497833
2026-05-12,CKG,arrival,20:55,CAN Guangzhou,3U8746,Sichuan Airlines,text,Duration: 1h 50m,,True,2026-02-19T10:02:20.497840
2026-05-12,CKG,arrival,20:55,PEK Beijing,CA4142,Air China,text,Duration: 2h 40m,,True,2026-02-19T10:02:20.497847
2026-05-12,CKG,arrival,20:55,HAK Haikou,CZ8689,China Southern,text,Duration: 2h 25m,,True,2026-02-19T10:02:20.497853
2026-05-12,CKG,arrival,20:55,XMN Xiamen,HU7426,Hainan Airlines,text,Duration: 3h 5m,,True,2026-02-19T10:02:20.497860
2026-05-12,CKG,arrival,20:55,HGH Hangzhou,MF8473,XiamenAir,text,Duration: 2h 40m,,True,2026-02-19T10:02:20.497866
2026-05-12,CKG,arrival,21:00,PKX Beijing,CZ3259,China Southern,text,Duration: 2h 35m,,True,2026-02-19T10:02:20.497872
2026-05-12,CKG,arrival,21:00,YYA Yueyang,DZ6286,Donghai Airlines,text,Duration: 1h 30m,,True,2026-02-19T10:02:20.497996
2026-05-12,CKG,arrival,21:00,PKX Beijing,MU6687,China Eastern,text,Duration: 2h 45m,,True,2026-02-19T10:02:20.498006
2026-05-12,CKG,arrival,21:00,WUH Wuhan,MU2539,China Eastern,text,Duration: 1h 35m,,True,2026-02-19T10:02:20.498012
2026-05-12,CKG,arrival,21:00,CAN Guangzhou,OQ2340,Chongqing Airlines,text,Duration: 2h 45m,,True,2026-02-19T10:02:20.498019
2026-05-12,CKG,arrival,21:05,KHN Nanchang,RY6681,Jiangxi Airlines,text,Duration: 2h 10m,,True,2026-02-19T10:02:20.498024
2026-05-12,CKG,arrival,21:15,PVG Shanghai,9C8867,Spring Airlines,text,Duration: 3h 10m,,True,2026-02-19T10:02:20.498030
2026-05-12,CKG,arrival,21:15,SJW Shijiazhuang,9C8993,Spring Airlines,text,Duration: 2h 35m,,True,2026-02-19T10:02:20.498036
2026-05-12,CKG,arrival,21:15,HGH Hangzhou,JD5695,Capital Airlines,text,Duration: 3h 20m,,True,2026-02-19T10:02:20.498041
2026-05-12,CKG,arrival,21:15,TAO Qingdao,SC4843,Shandong Airlines,text,Duration: 3h 5m,,True,2026-02-19T10:02:20.498047
2026-05-12,CKG,arrival,21:15,SZX Shenzhen,ZH9467,Shenzhen Airlines,text,Duration: 2h 15m,,True,2026-02-19T10:02:20.498053
2026-05-12,CKG,arrival,21:20,TNA Jinan,SC8811,Shandong Airlines,text,Duration: 2h 15m,,True,2026-02-19T10:02:20.498142
2026-05-12,CKG,arrival,21:20,LXA Lhasa/Lasa,TV9844,Tibet Airlines,text,Duration: 2h 40m,,True,2026-02-19T10:02:20.498150
2026-05-12,CKG,arrival,21:25,HAN Hanoi,PN6424,West Air (China),text,Duration: 2h 0m,,True,2026-02-19T10:02:20.498155
2026-05-12,CKG,arrival,21:30,PEK Beijing,3U8832,Sichuan Airlines,text,Duration: 2h 45m,,True,2026-02-19T10:02:20.498161
2026-05-12,CKG,arrival,21:30,PEK Beijing,CA1449,Air China,text,Duration: 2h 45m,,True,2026-02-19T10:02:20.498166
2026-05-12,CKG,arrival,21:30,CAN Guangzhou,OQ2129,Chongqing Airlines,text,Duration: 2h 25m,,True,2026-02-19T10:02:20.498172
2026-05-12,CKG,arrival,21:30,ZUH Zhuhai,SC2266,Shandong Airlines,text,Duration: 2h 30m,,True,2026-02-19T10:02:20.498177
2026-05-12,CKG,arrival,21:35,SJW Shijiazhuang,OQ2054,Chongqing Airlines,text,Duration: 2h 30m,,True,2026-02-19T10:02:20.498183
2026-05-12,CKG,arrival,21:35,TNA Jinan,SC8813,Shandong Airlines,text,Duration: 2h 25m,,True,2026-02-19T10:02:20.498188
2026-05-12,CKG,arrival,21:35,TYN Taiyuan,SC2270,Shandong Airlines,text,Duration: 2h 0m,,True,2026-02-19T10:02:20.498194
2026-05-12,CKG,arrival,21:45,TYN Taiyuan,DR5312,Ruili Airlines,text,Duration: 1h 55m,,True,2026-02-19T10:02:20.498270
2026-05-12,CKG,arrival,21:50,LXA Lhasa/Lasa,3U8636,Sichuan Airlines,text,Duration: 2h 30m,,True,2026-02-19T10:02:20.498277
2026-05-12,CKG,arrival,21:50,PKX Beijing,CA8674,Air China,text,Duration: 2h 55m,,True,2026-02-19T10:02:20.498283
2026-05-12,CKG,arrival,21:50,CGO Zhengzhou,CZ6649,China Southern,text,Duration: 2h 0m,,True,2026-02-19T10:02:20.498289
2026-05-12,CKG,arrival,21:50,NKG Nanjing,MU2835,China Eastern,text,Duration: 2h 10m,,True,2026-02-19T10:02:20.498294
2026-05-12,CKG,arrival,21:55,CAN Guangzhou,AQ1101,9 Air,text,Duration: 2h 15m,,True,2026-02-19T10:02:20.498300
2026-05-12,CKG,arrival,22:00,PVG Shanghai,3U8974,Sichuan Airlines,text,Duration: 3h 5m,,True,2026-02-19T10:02:20.498306
2026-05-12,CKG,arrival,22:00,HGH Hangzhou,CA4578,Air China,text,Duration: 2h 40m,,True,2026-02-19T10:02:20.498311
2026-05-12,CKG,arrival,22:00,DHH Hami,EU2224,Chengdu Airlines,text,Duration: 3h 40m,,True,2026-02-19T10:02:20.498317
2026-05-12,CKG,arrival,22:00,CAN Guangzhou,HU7241,Hainan Airlines,text,Duration: 2h 15m,,True,2026-02-19T10:02:20.498323
2026-05-12,CKG,arrival,22:00,PEK Beijing,HU7567,Hainan Airlines,text,Duration: 3h 5m,,True,2026-02-19T10:02:20.498396
2026-05-12,CKG,arrival,22:00,WNZ Wenzhou,HU7464,Hainan Airlines,text,Duration: 3h 10m,,True,2026-02-19T10:02:20.498403
2026-05-12,CKG,arrival,22:00,TNA Jinan,PN6328,West Air (China),text,Duration: 2h 45m,,True,2026-02-19T10:02:20.498409
2026-05-12,CKG,arrival,22:05,CAN Guangzhou,CA4342,Air China,text,Duration: 2h 10m,,True,2026-02-19T10:02:20.498414
2026-05-12,CKG,arrival,22:05,TYN Taiyuan,MU6995,China Eastern,text,Duration: 2h 5m,,True,2026-02-19T10:02:20.498420
2026-05-12,CKG,arrival,22:10,SZX Shenzhen,3U8786,Sichuan Airlines,text,Duration: 2h 15m,,True,2026-02-19T10:02:20.498425
2026-05-12,CKG,arrival,22:10,URC Urumqi,3U3210,Sichuan Airlines,text,Duration: 3h 50m,,True,2026-02-19T10:02:20.498430
2026-05-12,CKG,arrival,22:10,WNZ Wenzhou,HU7472,Hainan Airlines,text,Duration: 3h 0m,,True,2026-02-19T10:02:20.498436
2026-05-12,CKG,arrival,22:10,TNA Jinan,MU5471,China Eastern,text,Duration: 2h 35m,,True,2026-02-19T10:02:20.498441
2026-05-12,CKG,arrival,22:10,HGH Hangzhou,PN6436,West Air (China),text,Duration: 2h 35m,,True,2026-02-19T10:02:20.498446
2026-05-12,CKG,arrival,22:15,PEK Beijing,CA4144,Air China,text,Duration: 2h 45m,,True,2026-02-19T10:02:20.498518
2026-05-12,CKG,arrival,22:15,LFQ Qiaoli,G54318,Gestair,text,Duration: 2h 10m,,True,2026-02-19T10:02:20.498524
2026-05-12,CKG,arrival,22:15,TVS Tangshan,GT1070,Air Guilin,text,Duration: 2h 55m,,True,2026-02-19T10:02:20.498530
2026-05-12,CKG,arrival,22:20,HIA Huai'an,8L9818,Lucky Air,text,Duration: 2h 40m,,True,2026-02-19T10:02:20.498535
2026-05-12,CKG,arrival,22:20,SHA Shanghai,MU5431,China Eastern,text,Duration: 3h 10m,,True,2026-02-19T10:02:20.498540
2026-05-12,CKG,arrival,22:30,LJG Lijiang,JD5609,Capital Airlines,text,Duration: 1h 40m,,True,2026-02-19T10:02:20.498546
2026-05-12,CKG,arrival,22:30,ZUH Zhuhai,OQ2386,Chongqing Airlines,text,Duration: 2h 35m,,True,2026-02-19T10:02:20.498551
2026-05-12,CKG,arrival,22:40,TPE Taipei,CA410,Air China,text,Duration: 3h 20m,,True,2026-02-19T10:02:20.498557
2026-05-12,CKG,arrival,22:40,CAN Guangzhou,CZ3439,China Southern,text,Duration: 2h 5m,,True,2026-02-19T10:02:20.498563
2026-05-12,CKG,arrival,22:45,WUX Wuxi,3U8028,Sichuan Airlines,text,Duration: 2h 25m,,True,2026-02-19T10:02:20.498568
2026-05-12,CKG,arrival,22:50,TNA Jinan,3U8054,Sichuan Airlines,text,Duration: 2h 5m,,True,2026-02-19T10:02:20.498640
2026-05-12,CKG,arrival,22:50,WUH Wuhan,CZ3643,China Southern,text,Duration: 1h 35m,,True,2026-02-19T10:02:20.498647
2026-05-12,CKG,arrival,22:50,SZX Shenzhen,HU7357,Hainan Airlines,text,Duration: 2h 40m,,True,2026-02-19T10:02:20.498653
2026-05-12,CKG,arrival,22:50,PKX Beijing,MF8453,XiamenAir,text,Duration: 2h 55m,,True,2026-02-19T10:02:20.498658
2026-05-12,CKG,arrival,22:55,NKG Nanjing,CA4558,Air China,text,Duration: 2h 25m,,True,2026-02-19T10:02:20.498664
2026-05-12,CKG,arrival,22:55,SZX Shenzhen,CA4346,Air China,text,Duration: 2h 15m,,True,2026-02-19T10:02:20.498670
2026-05-12,CKG,arrival,22:55,FOC Fuzhou,PN6276,West Air (China),text,Duration: 2h 40m,,True,2026-02-19T10:02:20.498676
2026-05-12,CKG,arrival,23:00,TSN Tianjin,CA4002,Air China,text,Duration: 2h 40m,,True,2026-02-19T10:02:20.498683
2026-05-12,CKG,arrival,23:00,XMN Xiamen,CA4568,Air China,text,Duration: 3h 10m,,True,2026-02-19T10:02:20.498688
2026-05-12,CKG,arrival,23:00,HGH Hangzhou,GS6582,Tianjin Airlines,text,Duration: 3h 10m,,True,2026-02-19T10:02:20.498694
2026-05-12,CKG,arrival,23:00,SJW Shijiazhuang,NS3242,Hebei Airlines,text,Duration: 2h 45m,,True,2026-02-19T10:02:20.498765
2026-05-12,CKG,arrival,23:00,NGB Ningbo,OQ2316,Chongqing Airlines,text,Duration: 3h 5m,,True,2026-02-19T10:02:20.498773
2026-05-12,CKG,arrival,23:05,PVG Shanghai,CA4556,Air China,text,Duration: 3h 5m,,True,2026-02-19T10:02:20.498778
2026-05-12,CKG,arrival,23:05,HFE Hefei,MU5366,China Eastern,text,Duration: 2h 15m,,True,2026-02-19T10:02:20.498784
2026-05-12,CKG,arrival,23:10,PEK Beijing,CA4136,Air China,text,Duration: 2h 40m,,True,2026-02-19T10:02:20.498790
2026-05-12,CKG,arrival,23:20,HNY Hengyang,GS7436,Tianjin Airlines,text,Duration: 2h 5m,,True,2026-02-19T10:02:20.498796
2026-05-12,CKG,arrival,23:20,SZX Shenzhen,MU6612,China Eastern,text,Duration: 2h 5m,,True,2026-02-19T10:02:20.498801
2026-05-12,CKG,arrival,23:20,MFM Macau,PN6594,West Air (China),text,Duration: 2h 20m,,True,2026-02-19T10:02:20.498807
2026-05-12,CKG,arrival,23:20,XNN Xining,TV9912,Tibet Airlines,text,Duration: 2h 10m,,True,2026-02-19T10:02:20.498813
2026-05-12,CKG,arrival,23:25,DLC Dalian,3U8008,Sichuan Airlines,text,Duration: 3h 15m,,True,2026-02-19T10:02:20.498820
2026-05-12,CKG,arrival,23:25,SZX Shenzhen,CZ3641,China Southern,text,Duration: 2h 30m,,True,2026-02-19T10:02:20.498891
2026-05-12,CKG,arrival,23:25,CGK Jakarta,MF8674,XiamenAir,text,Duration: 5h 45m,,True,2026-02-19T10:02:20.498899
2026-05-12,CKG,arrival,23:25,SHE Shenyang,OQ2074,Chongqing Airlines,text,Duration: 4h 25m,,True,2026-02-19T10:02:20.498904
2026-05-12,CKG,arrival,23:25,NNG Nanning,ZH9381,Shenzhen Airlines,text,Duration: 1h 45m,,True,2026-02-19T10:02:20.498910
2026-05-12,CKG,arrival,23:30,DOY Dongying,G54010,Gestair,text,Duration: 2h 55m,,True,2026-02-19T10:02:20.498916
2026-05-12,CKG,arrival,23:30,VTE Vientiane,G52806,Gestair,text,Duration: 2h 25m,,True,2026-02-19T10:02:20.498922
2026-05-12,CKG,arrival,23:30,HKG Hong Kong,HX496,Hong Kong Airlines,text,Duration: 2h 35m,,True,2026-02-19T10:02:20.498928
2026-05-12,CKG,arrival,23:30,HRB Harbin,OQ2328,Chongqing Airlines,text,Duration: 4h 35m,,True,2026-02-19T10:02:20.498933
2026-05-12,CKG,arrival,23:30,YNT Yantai,SC7654,Shandong Airlines,text,Duration: 2h 55m,,True,2026-02-19T10:02:20.498939
2026-05-12,CKG,arrival,23:30,SZX Shenzhen,ZH9469,Shenzhen Airlines,text,Duration: 2h 25m,,True,2026-02-19T10:02:20.498945
2026-05-12,CKG,arrival,23:40,HAK Haikou,3U8066,Sichuan Airlines,text,Duration: 2h 15m,,True,2026-02-19T10:02:20.499023
2026-05-12,CKG,arrival,23:40,UCB Ulanqab,G54918,Gestair,text,Duration: 2h 50m,,True,2026-02-19T10:02:20.499032
2026-05-12,CKG,arrival,23:45,WUH Wuhan,CA4382,Air China,text,Duration: 2h 10m,,True,2026-02-19T10:02:20.499038
2026-05-12,CKG,arrival,23:45,TSN Tianjin,PN6238,West Air (China),text,Duration: 2h 30m,,True,2026-02-19T10:02:20.499044
2026-05-12,CKG,arrival,23:50,HDG Handan,G54302,Gestair,text,Duration: 2h 10m,,True,2026-02-19T10:02:20.499050
2026-05-12,CKG,arrival,23:50,KMG Kunming,MU5450,China Eastern,text,Duration: 1h 30m,,True,2026-02-19T10:02:20.499055
2026-05-12,CKG,arrival,23:55,FOC Fuzhou,CA4570,Air China,text,Duration: 2h 40m,,True,2026-02-19T10:02:20.499061
2026-05-12,CKG,arrival,23:55,WMT Zunyi,G54786,Gestair,text,Duration: 0h 40m,,True,2026-02-19T10:02:20.499067
2026-05-12,CKG,arrival,23:55,HGH Hangzhou,MF8477,XiamenAir,text,Duration: 2h 40m,,True,2026-02-19T10:02:20.499072
