date,airport,direction,time,destination,flight,airline,airline_source,duration,aircraft,page_date_verified,scraped_at
2026-08-10,CKG,departure,01:10,SYD Sydney,GS7943,Tianjin Airlines,text,Duration: 11h 40m,,True,2026-02-19T10:56:27.597437
2026-08-10,CKG,departure,02:00,ICN Seoul,OZ354,Asiana,text,Duration: 3h 25m,,True,2026-02-19T10:56:27.597450
2026-08-10,CKG,departure,02:00,KUL Kuala Lumpur,D7809,AirAsia X,text,Duration: 4h 55m,,True,2026-02-19T10:56:27.597458
2026-08-10,CKG,departure,02:10,DMK Bangkok,SL931,Thai Lion Air,text,Duration: 3h 10m,,True,2026-02-19T10:56:27.597465
2026-08-10,CKG,departure,02:25,FCO Rome,HU7991,Hainan Airlines,text,Duration: 11h 30m,,True,2026-02-19T10:56:27.597472
2026-08-10,CKG,departure,02:35,SIN Singapore,SQ819,Singapore Airlines,text,Duration: 4h 55m,,True,2026-02-19T10:56:27.597479
2026-08-10,CKG,departure,02:50,BRU Brussels,HU469,Hainan Airlines,text,Duration: 11h 30m,,True,2026-02-19T10:56:27.597486
2026-08-10,CKG,departure,05:40,PVG Shanghai,9C6108,Spring Airlines,text,Duration: 2h 25m,,True,2026-02-19T10:56:27.597492
2026-08-10,CKG,departure,06:05,NKG Nanjing,PN6259,West Air (China),text,Duration: 2h 15m,,True,2026-02-19T10:56:27.597499
2026-08-10,CKG,departure,06:20,TNA Jinan,PN6327,West Air (China),text,Duration: 2h 5m,,True,2026-02-19T10:56:27.597506
2026-08-10,CKG,departure,06:25,BPX Bangda,PN6215,West Air (China),text,Duration: 2h 5m,,True,2026-02-19T10:56:27.597630
2026-08-10,CKG,departure,06:25,LXA Lhasa/Lasa,TV9813,Tibet Airlines,text,Duration: 3h 5m,,True,2026-02-19T10:56:27.597639
2026-08-10,CKG,departure,06:25,LZY Nyingchi,PN6211,West Air (China),text,Duration: 2h 35m,,True,2026-02-19T10:56:27.597646
2026-08-10,CKG,departure,06:25,ZHY Zhongwei,PN6497,West Air (China),text,Duration: 2h 0m,,True,2026-02-19T10:56:27.597653
2026-08-10,CKG,departure,06:30,CGO Zhengzhou,PN6273,West Air (China),text,Duration: 1h 50m,,True,2026-02-19T10:56:27.597660
2026-08-10,CKG,departure,06:30,SHA Shanghai,MU5422,China Eastern,text,Duration: 2h 25m,,True,2026-02-19T10:56:27.597666
2026-08-10,CKG,departure,06:30,TSN Tianjin,3U8013,Sichuan Airlines,text,Duration: 2h 30m,,True,2026-02-19T10:56:27.597672
2026-08-10,CKG,departure,06:35,DLU Dali City,TV9809,Tibet Airlines,text,Duration: 1h 55m,,True,2026-02-19T10:56:27.597680
2026-08-10,CKG,departure,06:35,HAK Haikou,PN6207,West Air (China),text,Duration: 2h 15m,,True,2026-02-19T10:56:27.597687
2026-08-10,CKG,departure,06:35,HET Hohhot,G52825,Gestair,text,Duration: 2h 25m,,True,2026-02-19T10:56:27.597693
2026-08-10,CKG,departure,06:35,SJW Shijiazhuang,PN6349,West Air (China),text,Duration: 2h 5m,,True,2026-02-19T10:56:27.597797
2026-08-10,CKG,departure,06:35,SZX Shenzhen,PN6229,West Air (China),text,Duration: 2h 5m,,True,2026-02-19T10:56:27.597806
2026-08-10,CKG,departure,06:40,BPX Bangda,TV9907,Tibet Airlines,text,Duration: 2h 15m,,True,2026-02-19T10:56:27.597813
2026-08-10,CKG,departure,06:40,CIH Changzhi,G52719,Gestair,text,Duration: 1h 40m,,True,2026-02-19T10:56:27.597818
2026-08-10,CKG,departure,06:40,HET Hohhot,GS6597,Tianjin Airlines,text,Duration: 2h 20m,,True,2026-02-19T10:56:27.597824
2026-08-10,CKG,departure,06:40,HUZ Huizhou,MU6691,China Eastern,text,Duration: 2h 5m,,True,2026-02-19T10:56:27.597829
2026-08-10,CKG,departure,06:40,TAO Qingdao,SC4838,Shandong Airlines,text,Duration: 2h 35m,,True,2026-02-19T10:56:27.597835
2026-08-10,CKG,departure,06:40,XUZ Xuzhou,G52807,Gestair,text,Duration: 2h 10m,,True,2026-02-19T10:56:27.597840
2026-08-10,CKG,departure,06:45,HFE Hefei,PN6415,West Air (China),text,Duration: 1h 50m,,True,2026-02-19T10:56:27.597846
2026-08-10,CKG,departure,06:45,LXA Lhasa/Lasa,3U8633,Sichuan Airlines,text,Duration: 2h 45m,,True,2026-02-19T10:56:27.597851
2026-08-10,CKG,departure,06:45,SYX Sanya,PN6213,West Air (China),text,Duration: 2h 20m,,True,2026-02-19T10:56:27.597947
2026-08-10,CKG,departure,06:45,XIC Xichang,G54515,Gestair,text,Duration: 1h 40m,,True,2026-02-19T10:56:27.597954
2026-08-10,CKG,departure,06:50,ENY Yan'an,G54977,Gestair,text,Duration: 1h 35m,,True,2026-02-19T10:56:27.597960
2026-08-10,CKG,departure,06:50,HDG Handan,G54301,Gestair,text,Duration: 1h 50m,,True,2026-02-19T10:56:27.597965
2026-08-10,CKG,departure,06:50,KMG Kunming,MU5449,China Eastern,text,Duration: 1h 30m,,True,2026-02-19T10:56:27.597970
2026-08-10,CKG,departure,06:50,SWA Jieyang,3U8005,Sichuan Airlines,text,Duration: 2h 0m,,True,2026-02-19T10:56:27.597976
2026-08-10,CKG,departure,06:50,ZUH Zhuhai,3U8047,Sichuan Airlines,text,Duration: 2h 10m,,True,2026-02-19T10:56:27.597981
2026-08-10,CKG,departure,06:55,AKU Aksu,OQ2007,Chongqing Airlines,text,Duration: 5h 0m,,True,2026-02-19T10:56:27.597986
2026-08-10,CKG,departure,06:55,NNG Nanning,3U8137,Sichuan Airlines,text,Duration: 1h 40m,,True,2026-02-19T10:56:27.597991
2026-08-10,CKG,departure,06:55,WNZ Wenzhou,3U8033,Sichuan Airlines,text,Duration: 2h 40m,,True,2026-02-19T10:56:27.597997
2026-08-10,CKG,departure,06:55,WUA Wu Hai,G54280,Gestair,text,Duration: 2h 20m,,True,2026-02-19T10:56:27.598082
2026-08-10,CKG,departure,06:55,XIY Xian,GS7666,Tianjin Airlines,text,Duration: 1h 35m,,True,2026-02-19T10:56:27.598089
2026-08-10,CKG,departure,07:00,FOC Fuzhou,3U8103,Sichuan Airlines,text,Duration: 2h 20m,,True,2026-02-19T10:56:27.598094
2026-08-10,CKG,departure,07:00,KHN Nanchang,CA4561,Air China,text,Duration: 2h 0m,,True,2026-02-19T10:56:27.598100
2026-08-10,CKG,departure,07:00,NGB Ningbo,3U8109,Sichuan Airlines,text,Duration: 2h 25m,,True,2026-02-19T10:56:27.598105
2026-08-10,CKG,departure,07:00,SWA Jieyang,OQ2349,Chongqing Airlines,text,Duration: 2h 20m,,True,2026-02-19T10:56:27.598110
2026-08-10,CKG,departure,07:00,TNA Jinan,SC8806,Shandong Airlines,text,Duration: 2h 10m,,True,2026-02-19T10:56:27.598115
2026-08-10,CKG,departure,07:05,DSN Dongsheng,G54389,Gestair,text,Duration: 1h 50m,,True,2026-02-19T10:56:27.598121
2026-08-10,CKG,departure,07:05,HRB Harbin,CA4011,Air China,text,Duration: 3h 55m,,True,2026-02-19T10:56:27.598126
2026-08-10,CKG,departure,07:05,TEN Tongren,G54661,Gestair,text,Duration: 1h 20m,,True,2026-02-19T10:56:27.598131
2026-08-10,CKG,departure,07:05,TSN Tianjin,OQ2081,Chongqing Airlines,text,Duration: 2h 35m,,True,2026-02-19T10:56:27.598211
2026-08-10,CKG,departure,07:05,YCU Yuncheng,CA4013,Air China,text,Duration: 1h 30m,,True,2026-02-19T10:56:27.598218
2026-08-10,CKG,departure,07:05,YTY Yangzhou,3U8167,Sichuan Airlines,text,Duration: 2h 15m,,True,2026-02-19T10:56:27.598224
2026-08-10,CKG,departure,07:10,LHW Lanzhou,G54033,Gestair,text,Duration: 1h 50m,,True,2026-02-19T10:56:27.598229
2026-08-10,CKG,departure,07:10,NKG Nanjing,CA4545,Air China,text,Duration: 2h 10m,,True,2026-02-19T10:56:27.598234
2026-08-10,CKG,departure,07:10,SZX Shenzhen,3U8781,Sichuan Airlines,text,Duration: 2h 0m,,True,2026-02-19T10:56:27.598240
2026-08-10,CKG,departure,07:10,SZX Shenzhen,CA4343,Air China,text,Duration: 2h 10m,,True,2026-02-19T10:56:27.598245
2026-08-10,CKG,departure,07:10,XMN Xiamen,3U8089,Sichuan Airlines,text,Duration: 2h 25m,,True,2026-02-19T10:56:27.598250
2026-08-10,CKG,departure,07:15,HGH Hangzhou,3U8081,Sichuan Airlines,text,Duration: 2h 10m,,True,2026-02-19T10:56:27.598255
2026-08-10,CKG,departure,07:15,LYG Lianyungang,G52835,Gestair,text,Duration: 2h 20m,,True,2026-02-19T10:56:27.598260
2026-08-10,CKG,departure,07:15,NKG Nanjing,3U8041,Sichuan Airlines,text,Duration: 2h 5m,,True,2026-02-19T10:56:27.598338
2026-08-10,CKG,departure,07:15,PEK Beijing,3U8829,Sichuan Airlines,text,Duration: 2h 25m,,True,2026-02-19T10:56:27.598345
2026-08-10,CKG,departure,07:15,PVG Shanghai,3U8971,Sichuan Airlines,text,Duration: 2h 25m,,True,2026-02-19T10:56:27.598350
2026-08-10,CKG,departure,07:20,HAK Haikou,OQ2341,Chongqing Airlines,text,Duration: 2h 15m,,True,2026-02-19T10:56:27.598355
2026-08-10,CKG,departure,07:20,SHA Shanghai,MU5424,China Eastern,text,Duration: 2h 15m,,True,2026-02-19T10:56:27.598361
2026-08-10,CKG,departure,07:20,SHE Shenyang,3U8037,Sichuan Airlines,text,Duration: 3h 0m,,True,2026-02-19T10:56:27.598367
2026-08-10,CKG,departure,07:25,LYI Linyi,OQ2363,Chongqing Airlines,text,Duration: 2h 30m,,True,2026-02-19T10:56:27.598372
2026-08-10,CKG,departure,07:30,CAN Guangzhou,OQ2323,Chongqing Airlines,text,Duration: 2h 0m,,True,2026-02-19T10:56:27.598377
2026-08-10,CKG,departure,07:30,HGH Hangzhou,CA4553,Air China,text,Duration: 2h 25m,,True,2026-02-19T10:56:27.598382
2026-08-10,CKG,departure,07:30,SZX Shenzhen,OQ2335,Chongqing Airlines,text,Duration: 2h 10m,,True,2026-02-19T10:56:27.598388
2026-08-10,CKG,departure,07:30,YNZ Yancheng,G52821,Gestair,text,Duration: 2h 0m,,True,2026-02-19T10:56:27.598466
2026-08-10,CKG,departure,07:35,FUG Fuyang,PN6219,West Air (China),text,Duration: 2h 0m,,True,2026-02-19T10:56:27.598473
2026-08-10,CKG,departure,07:40,WHA Wuhu,OQ2033,Chongqing Airlines,text,Duration: 2h 5m,,True,2026-02-19T10:56:27.598478
2026-08-10,CKG,departure,07:40,XMN Xiamen,CA4565,Air China,text,Duration: 2h 30m,,True,2026-02-19T10:56:27.598483
2026-08-10,CKG,departure,07:50,LZY Nyingchi,TV9869,Tibet Airlines,text,Duration: 2h 20m,,True,2026-02-19T10:56:27.598489
2026-08-10,CKG,departure,07:50,NGB Ningbo,CA4549,Air China,text,Duration: 2h 25m,,True,2026-02-19T10:56:27.598494
2026-08-10,CKG,departure,07:50,TSN Tianjin,GS7906,Tianjin Airlines,text,Duration: 2h 15m,,True,2026-02-19T10:56:27.598499
2026-08-10,CKG,departure,07:55,BKK Bangkok,HU423,Hainan Airlines,text,Duration: 3h 20m,,True,2026-02-19T10:56:27.598505
2026-08-10,CKG,departure,07:55,KRL Korla,3U8141,Sichuan Airlines,text,Duration: 4h 25m,,True,2026-02-19T10:56:27.598510
2026-08-10,CKG,departure,07:55,SZX Shenzhen,HU7458,Hainan Airlines,text,Duration: 2h 0m,,True,2026-02-19T10:56:27.598515
2026-08-10,CKG,departure,08:00,CAN Guangzhou,CA4361,Air China,text,Duration: 2h 15m,,True,2026-02-19T10:56:27.598592
2026-08-10,CKG,departure,08:00,CGQ Changchun,CA4015,Air China,text,Duration: 3h 20m,,True,2026-02-19T10:56:27.598599
2026-08-10,CKG,departure,08:00,DLU Dali City,CA4481,Air China,text,Duration: 2h 0m,,True,2026-02-19T10:56:27.598605
2026-08-10,CKG,departure,08:00,PEK Beijing,CA4131,Air China,text,Duration: 2h 25m,,True,2026-02-19T10:56:27.598610
2026-08-10,CKG,departure,08:00,SJW Shijiazhuang,NS3240,Hebei Airlines,text,Duration: 2h 5m,,True,2026-02-19T10:56:27.598615
2026-08-10,CKG,departure,08:00,ZUH Zhuhai,CA4371,Air China,text,Duration: 2h 5m,,True,2026-02-19T10:56:27.598621
2026-08-10,CKG,departure,08:05,HFE Hefei,CA4563,Air China,text,Duration: 1h 40m,,True,2026-02-19T10:56:27.598626
2026-08-10,CKG,departure,08:05,HRB Harbin,3U8165,Sichuan Airlines,text,Duration: 3h 25m,,True,2026-02-19T10:56:27.598631
2026-08-10,CKG,departure,08:05,PKX Beijing,OQ2001,Chongqing Airlines,text,Duration: 2h 30m,,True,2026-02-19T10:56:27.598636
2026-08-10,CKG,departure,08:05,SHA Shanghai,CA4543,Air China,text,Duration: 2h 25m,,True,2026-02-19T10:56:27.598641
2026-08-10,CKG,departure,08:05,SHE Shenyang,OQ2073,Chongqing Airlines,text,Duration: 2h 45m,,True,2026-02-19T10:56:27.598718
2026-08-10,CKG,departure,08:05,XMN Xiamen,MF8434,XiamenAir,text,Duration: 2h 15m,,True,2026-02-19T10:56:27.598724
2026-08-10,CKG,departure,08:10,JUH Chizhou,G52829,Gestair,text,Duration: 2h 10m,,True,2026-02-19T10:56:27.598730
2026-08-10,CKG,departure,08:10,KUL Kuala Lumpur,MF8687,XiamenAir,text,Duration: 4h 40m,,True,2026-02-19T10:56:27.598736
2026-08-10,CKG,departure,08:10,SHS Shashi,G54933,Gestair,text,Duration: 1h 20m,,True,2026-02-19T10:56:27.598741
2026-08-10,CKG,departure,08:10,SIN Singapore,CA449,Air China,text,Duration: 5h 20m,,True,2026-02-19T10:56:27.598746
2026-08-10,CKG,departure,08:10,ZAT Zhaotong,G54603,Gestair,text,Duration: 1h 10m,,True,2026-02-19T10:56:27.598752
2026-08-10,CKG,departure,08:15,HGH Hangzhou,GS6581,Tianjin Airlines,text,Duration: 2h 10m,,True,2026-02-19T10:56:27.598757
2026-08-10,CKG,departure,08:15,LZY Nyingchi,OQ2043,Chongqing Airlines,text,Duration: 2h 20m,,True,2026-02-19T10:56:27.598762
2026-08-10,CKG,departure,08:15,NNG Nanning,ZH9382,Shenzhen Airlines,text,Duration: 1h 45m,,True,2026-02-19T10:56:27.598767
2026-08-10,CKG,departure,08:15,SHA Shanghai,MF8581,XiamenAir,text,Duration: 2h 15m,,True,2026-02-19T10:56:27.598843
2026-08-10,CKG,departure,08:15,SZX Shenzhen,ZH9470,Shenzhen Airlines,text,Duration: 2h 20m,,True,2026-02-19T10:56:27.598850
2026-08-10,CKG,departure,08:15,TAO Qingdao,SC4842,Shandong Airlines,text,Duration: 2h 25m,,True,2026-02-19T10:56:27.598855
2026-08-10,CKG,departure,08:15,TYN Taiyuan,SC2267,Shandong Airlines,text,Duration: 1h 45m,,True,2026-02-19T10:56:27.598860
2026-08-10,CKG,departure,08:20,PVG Shanghai,MU5426,China Eastern,text,Duration: 2h 35m,,True,2026-02-19T10:56:27.598866
2026-08-10,CKG,departure,08:20,PVG Shanghai,OQ2307,Chongqing Airlines,text,Duration: 2h 30m,,True,2026-02-19T10:56:27.598871
2026-08-10,CKG,departure,08:20,WUX Wuxi,3U8025,Sichuan Airlines,text,Duration: 2h 10m,,True,2026-02-19T10:56:27.598876
2026-08-10,CKG,departure,08:20,XIY Xian,OQ2303,Chongqing Airlines,text,Duration: 1h 30m,,True,2026-02-19T10:56:27.598881
2026-08-10,CKG,departure,08:20,XMN Xiamen,SC2142,Shandong Airlines,text,Duration: 2h 5m,,True,2026-02-19T10:56:27.598886
2026-08-10,CKG,departure,08:25,CAN Guangzhou,OQ2305,Chongqing Airlines,text,Duration: 2h 10m,,True,2026-02-19T10:56:27.598892
2026-08-10,CKG,departure,08:25,HGH Hangzhou,OQ2379,Chongqing Airlines,text,Duration: 2h 10m,,True,2026-02-19T10:56:27.598967
2026-08-10,CKG,departure,08:25,PVG Shanghai,CA4575,Air China,text,Duration: 2h 45m,,True,2026-02-19T10:56:27.598973
2026-08-10,CKG,departure,08:30,ICN Seoul,CA439,Air China,text,Duration: 3h 35m,,True,2026-02-19T10:56:27.598979
2026-08-10,CKG,departure,08:30,JGN Jiayuguan,G54459,Gestair,text,Duration: 2h 45m,,True,2026-02-19T10:56:27.598984
2026-08-10,CKG,departure,08:30,SYX Sanya,HU7340,Hainan Airlines,text,Duration: 2h 20m,,True,2026-02-19T10:56:27.598990
2026-08-10,CKG,departure,08:30,SZX Shenzhen,CZ3642,China Southern,text,Duration: 2h 15m,,True,2026-02-19T10:56:27.598995
2026-08-10,CKG,departure,08:30,TNA Jinan,SC8810,Shandong Airlines,text,Duration: 2h 10m,,True,2026-02-19T10:56:27.599000
2026-08-10,CKG,departure,08:30,WNZ Wenzhou,HU7471,Hainan Airlines,text,Duration: 2h 35m,,True,2026-02-19T10:56:27.599005
2026-08-10,CKG,departure,08:35,SIN Singapore,OQ2095,Chongqing Airlines,text,Duration: 4h 50m,,True,2026-02-19T10:56:27.599010
2026-08-10,CKG,departure,08:45,LIJ Lishui,HU7403,Hainan Airlines,text,Duration: 2h 35m,,True,2026-02-19T10:56:27.599015
2026-08-10,CKG,departure,08:45,URC Urumqi,GS6591,Tianjin Airlines,text,Duration: 3h 55m,,True,2026-02-19T10:56:27.599089
2026-08-10,CKG,departure,08:50,BHY Beihai,3U8123,Sichuan Airlines,text,Duration: 2h 0m,,True,2026-02-19T10:56:27.599096
2026-08-10,CKG,departure,08:50,HKG Hong Kong,HX497,Hong Kong Airlines,text,Duration: 2h 30m,,True,2026-02-19T10:56:27.599102
2026-08-10,CKG,departure,08:50,KTI Phnom Penh,MF8669,XiamenAir,text,Duration: 3h 30m,,True,2026-02-19T10:56:27.599107
2026-08-10,CKG,departure,08:50,TNA Jinan,SC8812,Shandong Airlines,text,Duration: 2h 10m,,True,2026-02-19T10:56:27.599112
2026-08-10,CKG,departure,08:50,YIC Yichun,PN6577,West Air (China),text,Duration: 1h 45m,,True,2026-02-19T10:56:27.599118
2026-08-10,CKG,departure,09:00,DLU Dali City,OQ2347,Chongqing Airlines,text,Duration: 2h 5m,,True,2026-02-19T10:56:27.599123
2026-08-10,CKG,departure,09:00,XMN Xiamen,HU7411,Hainan Airlines,text,Duration: 2h 30m,,True,2026-02-19T10:56:27.599129
2026-08-10,CKG,departure,09:05,CGQ Changchun,OQ2077,Chongqing Airlines,text,Duration: 3h 20m,,True,2026-02-19T10:56:27.599134
2026-08-10,CKG,departure,09:05,HGH Hangzhou,MF8476,XiamenAir,text,Duration: 2h 20m,,True,2026-02-19T10:56:27.599140
2026-08-10,CKG,departure,09:05,LXA Lhasa/Lasa,3U8635,Sichuan Airlines,text,Duration: 2h 55m,,True,2026-02-19T10:56:27.599211
2026-08-10,CKG,departure,09:05,PEK Beijing,CA4137,Air China,text,Duration: 2h 25m,,True,2026-02-19T10:56:27.599218
2026-08-10,CKG,departure,09:05,WNZ Wenzhou,HU7463,Hainan Airlines,text,Duration: 2h 20m,,True,2026-02-19T10:56:27.599223
2026-08-10,CKG,departure,09:05,YNT Yantai,SC7653,Shandong Airlines,text,Duration: 2h 45m,,True,2026-02-19T10:56:27.599228
2026-08-10,CKG,departure,09:05,ZUH Zhuhai,SC2265,Shandong Airlines,text,Duration: 1h 55m,,True,2026-02-19T10:56:27.599233
2026-08-10,CKG,departure,09:10,CGO Zhengzhou,CZ6650,China Southern,text,Duration: 1h 45m,,True,2026-02-19T10:56:27.599239
2026-08-10,CKG,departure,09:10,HYN Taizhou,OQ2013,Chongqing Airlines,text,Duration: 2h 10m,,True,2026-02-19T10:56:27.599244
2026-08-10,CKG,departure,09:10,NKG Nanjing,OQ2321,Chongqing Airlines,text,Duration: 1h 55m,,True,2026-02-19T10:56:27.599250
2026-08-10,CKG,departure,09:10,PKX Beijing,CZ8814,China Southern,text,Duration: 2h 35m,,True,2026-02-19T10:56:27.599255
2026-08-10,CKG,departure,09:10,TNA Jinan,PN6265,West Air (China),text,Duration: 2h 5m,,True,2026-02-19T10:56:27.599260
2026-08-10,CKG,departure,09:15,HFE Hefei,MU9981,China Eastern,text,Duration: 1h 40m,,True,2026-02-19T10:56:27.599331
2026-08-10,CKG,departure,09:15,TYN Taiyuan,SC2269,Shandong Airlines,text,Duration: 2h 5m,,True,2026-02-19T10:56:27.599338
2026-08-10,CKG,departure,09:20,PVG Shanghai,PN6373,West Air (China),text,Duration: 2h 15m,,True,2026-02-19T10:56:27.599343
2026-08-10,CKG,departure,09:30,CAN Guangzhou,HU7342,Hainan Airlines,text,Duration: 1h 50m,,True,2026-02-19T10:56:27.599348
2026-08-10,CKG,departure,09:30,NKG Nanjing,3U8043,Sichuan Airlines,text,Duration: 2h 5m,,True,2026-02-19T10:56:27.599354
2026-08-10,CKG,departure,09:35,JHG Jinghong,8L9606,Lucky Air,text,Duration: 2h 10m,,True,2026-02-19T10:56:27.599360
2026-08-10,CKG,departure,09:35,RGN Yangon,PN6529,West Air (China),text,Duration: 3h 15m,,True,2026-02-19T10:56:27.599365
2026-08-10,CKG,departure,09:45,JHG Jinghong,PN6403,West Air (China),text,Duration: 2h 5m,,True,2026-02-19T10:56:27.599370
2026-08-10,CKG,departure,09:50,SWA Jieyang,BK2923,OkAir,text,Duration: 2h 10m,,True,2026-02-19T10:56:27.599376
2026-08-10,CKG,departure,09:55,SZX Shenzhen,9C8614,Spring Airlines,text,Duration: 2h 15m,,True,2026-02-19T10:56:27.599382
2026-08-10,CKG,departure,10:00,HKG Hong Kong,OQ2061,Chongqing Airlines,text,Duration: 2h 20m,,True,2026-02-19T10:56:27.599454
2026-08-10,CKG,departure,10:00,INC Yinchuan,3U8283,Sichuan Airlines,text,Duration: 1h 45m,,True,2026-02-19T10:56:27.599461
2026-08-10,CKG,departure,10:00,PEK Beijing,CA1450,Air China,text,Duration: 2h 30m,,True,2026-02-19T10:56:27.599467
2026-08-10,CKG,departure,10:00,WUH Wuhan,CZ6176,China Southern,text,Duration: 1h 30m,,True,2026-02-19T10:56:27.599472
2026-08-10,CKG,departure,10:05,NKG Nanjing,CA4559,Air China,text,Duration: 2h 10m,,True,2026-02-19T10:56:27.599478
2026-08-10,CKG,departure,10:15,SWA Jieyang,PN6385,West Air (China),text,Duration: 2h 20m,,True,2026-02-19T10:56:27.599483
2026-08-10,CKG,departure,10:20,BAV Baotou,G54179,Gestair,text,Duration: 2h 10m,,True,2026-02-19T10:56:27.599489
2026-08-10,CKG,departure,10:20,CAN Guangzhou,3U8747,Sichuan Airlines,text,Duration: 2h 5m,,True,2026-02-19T10:56:27.599494
2026-08-10,CKG,departure,10:25,INC Yinchuan,CA4267,Air China,text,Duration: 1h 55m,,True,2026-02-19T10:56:27.599499
2026-08-10,CKG,departure,10:25,JNG Jining,GX8891,GX Airlines,text,Duration: 2h 15m,,True,2026-02-19T10:56:27.599505
2026-08-10,CKG,departure,10:30,JNH Jiaxing,GJ8783,Loong Air,text,Duration: 2h 45m,,True,2026-02-19T10:56:27.599575
2026-08-10,CKG,departure,10:30,TSN Tianjin,GS7774,Tianjin Airlines,text,Duration: 2h 25m,,True,2026-02-19T10:56:27.599582
2026-08-10,CKG,departure,10:35,XIY Xian,MU2262,China Eastern,text,Duration: 1h 25m,,True,2026-02-19T10:56:27.599588
2026-08-10,CKG,departure,10:40,CAN Guangzhou,HU7142,Hainan Airlines,text,Duration: 2h 15m,,True,2026-02-19T10:56:27.599593
2026-08-10,CKG,departure,10:40,CZX Changzhou,MU2904,China Eastern,text,Duration: 2h 5m,,True,2026-02-19T10:56:27.599598
2026-08-10,CKG,departure,10:40,TNA Jinan,SC8814,Shandong Airlines,text,Duration: 2h 5m,,True,2026-02-19T10:56:27.599604
2026-08-10,CKG,departure,10:45,KHN Nanchang,ZH8846,Shenzhen Airlines,text,Duration: 1h 35m,,True,2026-02-19T10:56:27.599609
2026-08-10,CKG,departure,10:45,LXA Lhasa/Lasa,3U3179,Sichuan Airlines,text,Duration: 3h 0m,,True,2026-02-19T10:56:27.599615
2026-08-10,CKG,departure,10:45,TYN Taiyuan,DR5311,Ruili Airlines,text,Duration: 2h 10m,,True,2026-02-19T10:56:27.599620
2026-08-10,CKG,departure,10:45,YNT Yantai,3U8173,Sichuan Airlines,text,Duration: 2h 20m,,True,2026-02-19T10:56:27.599625
2026-08-10,CKG,departure,10:50,CAN Guangzhou,JD5228,Capital Airlines,text,Duration: 1h 55m,,True,2026-02-19T10:56:27.599697
2026-08-10,CKG,departure,10:50,KMG Kunming,MU5866,China Eastern,text,Duration: 1h 35m,,True,2026-02-19T10:56:27.599703
2026-08-10,CKG,departure,10:50,WUX Wuxi,MU9766,China Eastern,text,Duration: 2h 20m,,True,2026-02-19T10:56:27.599708
2026-08-10,CKG,departure,10:50,YTY Yangzhou,9C6196,Spring Airlines,text,Duration: 2h 25m,,True,2026-02-19T10:56:27.599714
2026-08-10,CKG,departure,10:55,FOC Fuzhou,HU7263,Hainan Airlines,text,Duration: 2h 40m,,True,2026-02-19T10:56:27.599720
2026-08-10,CKG,departure,10:55,HGH Hangzhou,JD5692,Capital Airlines,text,Duration: 2h 10m,,True,2026-02-19T10:56:27.599725
2026-08-10,CKG,departure,10:55,JJN Jinjiang,MF8612,XiamenAir,text,Duration: 2h 25m,,True,2026-02-19T10:56:27.599730
2026-08-10,CKG,departure,10:55,NNG Nanning,CZ5836,China Southern,text,Duration: 2h 10m,,True,2026-02-19T10:56:27.599735
2026-08-10,CKG,departure,10:55,SZX Shenzhen,HU7158,Hainan Airlines,text,Duration: 1h 55m,,True,2026-02-19T10:56:27.599741
2026-08-10,CKG,departure,10:55,TAO Qingdao,SC4834,Shandong Airlines,text,Duration: 2h 35m,,True,2026-02-19T10:56:27.599746
2026-08-10,CKG,departure,11:00,CGK Jakarta,MF8673,XiamenAir,text,Duration: 5h 40m,,True,2026-02-19T10:56:27.599817
2026-08-10,CKG,departure,11:00,XMN Xiamen,SC2136,Shandong Airlines,text,Duration: 2h 20m,,True,2026-02-19T10:56:27.599823
2026-08-10,CKG,departure,11:05,CSX Changsha,CZ3422,China Southern,text,Duration: 1h 30m,,True,2026-02-19T10:56:27.599829
2026-08-10,CKG,departure,11:05,HAK Haikou,HU7172,Hainan Airlines,text,Duration: 2h 15m,,True,2026-02-19T10:56:27.599834
2026-08-10,CKG,departure,11:05,HGH Hangzhou,CA1760,Air China,text,Duration: 2h 50m,,True,2026-02-19T10:56:27.599839
2026-08-10,CKG,departure,11:05,NKG Nanjing,HO1708,Juneyao Airlines,text,Duration: 2h 0m,,True,2026-02-19T10:56:27.599844
2026-08-10,CKG,departure,11:10,DMK Bangkok,FD557,Thai AirAsia,text,Duration: 3h 10m,,True,2026-02-19T10:56:27.599849
2026-08-10,CKG,departure,11:10,SYX Sanya,CZ6228,China Southern,text,Duration: 2h 30m,,True,2026-02-19T10:56:27.599855
2026-08-10,CKG,departure,11:10,XMN Xiamen,MF8404,XiamenAir,text,Duration: 2h 25m,,True,2026-02-19T10:56:27.599860
2026-08-10,CKG,departure,11:15,FOC Fuzhou,MF8462,XiamenAir,text,Duration: 2h 30m,,True,2026-02-19T10:56:27.599865
2026-08-10,CKG,departure,11:15,WUH Wuhan,CZ3628,China Southern,text,Duration: 1h 40m,,True,2026-02-19T10:56:27.599937
2026-08-10,CKG,departure,11:20,HKG Hong Kong,CA419,Air China,text,Duration: 2h 30m,,True,2026-02-19T10:56:27.599944
2026-08-10,CKG,departure,11:20,PKX Beijing,MU6682,China Eastern,text,Duration: 2h 40m,,True,2026-02-19T10:56:27.599949
2026-08-10,CKG,departure,11:20,TAO Qingdao,SC4846,Shandong Airlines,text,Duration: 2h 25m,,True,2026-02-19T10:56:27.599954
2026-08-10,CKG,departure,11:25,LXA Lhasa/Lasa,CZ3463,China Southern,text,Duration: 2h 45m,,True,2026-02-19T10:56:27.599960
2026-08-10,CKG,departure,11:30,HGH Hangzhou,MF8472,XiamenAir,text,Duration: 2h 20m,,True,2026-02-19T10:56:27.599965
2026-08-10,CKG,departure,11:30,NKG Nanjing,MU2926,China Eastern,text,Duration: 2h 0m,,True,2026-02-19T10:56:27.599970
2026-08-10,CKG,departure,11:30,PEK Beijing,CA4135,Air China,text,Duration: 2h 30m,,True,2026-02-19T10:56:27.599976
2026-08-10,CKG,departure,11:30,PKX Beijing,JD5756,Capital Airlines,text,Duration: 2h 25m,,True,2026-02-19T10:56:27.599981
2026-08-10,CKG,departure,11:30,SYX Sanya,HU7350,Hainan Airlines,text,Duration: 2h 30m,,True,2026-02-19T10:56:27.599987
2026-08-10,CKG,departure,11:30,TNA Jinan,SC8808,Shandong Airlines,text,Duration: 2h 0m,,True,2026-02-19T10:56:27.600058
2026-08-10,CKG,departure,11:35,HAK Haikou,CZ6314,China Southern,text,Duration: 2h 20m,,True,2026-02-19T10:56:27.600065
2026-08-10,CKG,departure,11:35,HFE Hefei,MU5365,China Eastern,text,Duration: 1h 50m,,True,2026-02-19T10:56:27.600071
2026-08-10,CKG,departure,11:35,PVG Shanghai,HO1250,Juneyao Airlines,text,Duration: 2h 40m,,True,2026-02-19T10:56:27.600076
2026-08-10,CKG,departure,11:35,YIW Yiwu,CZ3888,China Southern,text,Duration: 2h 20m,,True,2026-02-19T10:56:27.600082
2026-08-10,CKG,departure,11:40,CAN Guangzhou,OQ2317,Chongqing Airlines,text,Duration: 2h 10m,,True,2026-02-19T10:56:27.600087
2026-08-10,CKG,departure,11:45,SZX Shenzhen,CZ3466,China Southern,text,Duration: 2h 10m,,True,2026-02-19T10:56:27.600092
2026-08-10,CKG,departure,11:45,ZUH Zhuhai,CZ8286,China Southern,text,Duration: 2h 0m,,True,2026-02-19T10:56:27.600098
2026-08-10,CKG,departure,11:50,SZX Shenzhen,ZH9462,Shenzhen Airlines,text,Duration: 2h 10m,,True,2026-02-19T10:56:27.600103
2026-08-10,CKG,departure,11:50,WNZ Wenzhou,CA8304,Air China,text,Duration: 2h 35m,,True,2026-02-19T10:56:27.600108
2026-08-10,CKG,departure,11:55,PKX Beijing,CA8652,Air China,text,Duration: 2h 30m,,True,2026-02-19T10:56:27.600179
2026-08-10,CKG,departure,11:55,TSN Tianjin,CA2862,Air China,text,Duration: 2h 45m,,True,2026-02-19T10:56:27.600186
2026-08-10,CKG,departure,12:00,CGO Zhengzhou,CZ3480,China Southern,text,Duration: 1h 35m,,True,2026-02-19T10:56:27.600191
2026-08-10,CKG,departure,12:00,HKG Hong Kong,CX945,Cathay Pacific,text,Duration: 2h 30m,,True,2026-02-19T10:56:27.600197
2026-08-10,CKG,departure,12:00,PEK Beijing,CA1432,Air China,text,Duration: 2h 30m,,True,2026-02-19T10:56:27.600202
2026-08-10,CKG,departure,12:00,PKX Beijing,NS8036,Hebei Airlines,text,Duration: 2h 15m,,True,2026-02-19T10:56:27.600207
2026-08-10,CKG,departure,12:05,LXA Lhasa/Lasa,PN6271,West Air (China),text,Duration: 3h 0m,,True,2026-02-19T10:56:27.600212
2026-08-10,CKG,departure,12:05,WDS Shiyan,DZ6341,Donghai Airlines,text,Duration: 1h 15m,,True,2026-02-19T10:56:27.600218
2026-08-10,CKG,departure,12:05,WNZ Wenzhou,KN5298,China United Airlines,text,Duration: 2h 15m,,True,2026-02-19T10:56:27.600223
2026-08-10,CKG,departure,12:05,WUX Wuxi,ZH9552,Shenzhen Airlines,text,Duration: 2h 10m,,True,2026-02-19T10:56:27.600229
2026-08-10,CKG,departure,12:10,ACF Alaer,EU2267,Chengdu Airlines,text,Duration: 5h 0m,,True,2026-02-19T10:56:27.600300
2026-08-10,CKG,departure,12:10,DLC Dalian,CZ6580,China Southern,text,Duration: 2h 50m,,True,2026-02-19T10:56:27.600306
2026-08-10,CKG,departure,12:15,LXA Lhasa/Lasa,EU2738,Chengdu Airlines,text,Duration: 3h 0m,,True,2026-02-19T10:56:27.600312
2026-08-10,CKG,departure,12:15,PEK Beijing,HU7168,Hainan Airlines,text,Duration: 2h 35m,,True,2026-02-19T10:56:27.600317
2026-08-10,CKG,departure,12:15,PKX Beijing,CZ8918,China Southern,text,Duration: 2h 30m,,True,2026-02-19T10:56:27.600323
2026-08-10,CKG,departure,12:25,NTG Nantong,ZH8672,Shenzhen Airlines,text,Duration: 2h 20m,,True,2026-02-19T10:56:27.600328
2026-08-10,CKG,departure,12:30,HGH Hangzhou,OQ2389,Chongqing Airlines,text,Duration: 2h 20m,,True,2026-02-19T10:56:27.600333
2026-08-10,CKG,departure,12:30,NKG Nanjing,MU2664,China Eastern,text,Duration: 2h 0m,,True,2026-02-19T10:56:27.600338
2026-08-10,CKG,departure,12:30,SHA Shanghai,9C8898,Spring Airlines,text,Duration: 2h 30m,,True,2026-02-19T10:56:27.600343
2026-08-10,CKG,departure,12:45,HET Hohhot,OQ2175,Chongqing Airlines,text,Duration: 2h 30m,,True,2026-02-19T10:56:27.600349
2026-08-10,CKG,departure,12:50,ZHA Zhanjiang,BK3121,OkAir,text,Duration: 2h 10m,,True,2026-02-19T10:56:27.600420
2026-08-10,CKG,departure,12:55,NRT Tokyo,CA433,Air China,text,Duration: 4h 30m,,True,2026-02-19T10:56:27.600427
2026-08-10,CKG,departure,12:55,PVG Shanghai,9C7298,Spring Airlines,text,Duration: 2h 40m,,True,2026-02-19T10:56:27.600432
2026-08-10,CKG,departure,12:55,YYA Yueyang,GY7268,Colorful GuiZhou Airlines,text,Duration: 1h 35m,,True,2026-02-19T10:56:27.600438
2026-08-10,CKG,departure,13:00,PEK Beijing,CA1430,Air China,text,Duration: 2h 30m,,True,2026-02-19T10:56:27.600443
2026-08-10,CKG,departure,13:00,PVG Shanghai,MU5430,China Eastern,text,Duration: 2h 35m,,True,2026-02-19T10:56:27.600448
2026-08-10,CKG,departure,13:00,SZX Shenzhen,3U8783,Sichuan Airlines,text,Duration: 2h 20m,,True,2026-02-19T10:56:27.600454
2026-08-10,CKG,departure,13:00,URC Urumqi,3U3209,Sichuan Airlines,text,Duration: 4h 10m,,True,2026-02-19T10:56:27.600459
2026-08-10,CKG,departure,13:05,CAN Guangzhou,3U8745,Sichuan Airlines,text,Duration: 1h 55m,,True,2026-02-19T10:56:27.600464
2026-08-10,CKG,departure,13:05,TNA Jinan,SC8818,Shandong Airlines,text,Duration: 2h 0m,,True,2026-02-19T10:56:27.600469
2026-08-10,CKG,departure,13:05,WNZ Wenzhou,PN6283,West Air (China),text,Duration: 2h 15m,,True,2026-02-19T10:56:27.600541
2026-08-10,CKG,departure,13:10,SYM Pu'er,TV9915,Tibet Airlines,text,Duration: 1h 50m,,True,2026-02-19T10:56:27.600547
2026-08-10,CKG,departure,13:20,LXA Lhasa/Lasa,PN6391,West Air (China),text,Duration: 2h 55m,,True,2026-02-19T10:56:27.600552
2026-08-10,CKG,departure,13:20,PVG Shanghai,CA8544,Air China,text,Duration: 2h 35m,,True,2026-02-19T10:56:27.600558
2026-08-10,CKG,departure,13:20,SHE Shenyang,CZ6404,China Southern,text,Duration: 3h 10m,,True,2026-02-19T10:56:27.600563
2026-08-10,CKG,departure,13:25,KOW Ganzhou,G54859,Gestair,text,Duration: 2h 5m,,True,2026-02-19T10:56:27.600568
2026-08-10,CKG,departure,13:30,"JUZ Quzhou, Zhejiang Province",G54683,Gestair,text,Duration: 2h 10m,,True,2026-02-19T10:56:27.600574
2026-08-10,CKG,departure,13:30,SHA Shanghai,MU9196,China Eastern,text,Duration: 2h 30m,,True,2026-02-19T10:56:27.600579
2026-08-10,CKG,departure,13:30,TNA Jinan,SC8802,Shandong Airlines,text,Duration: 2h 15m,,True,2026-02-19T10:56:27.600585
2026-08-10,CKG,departure,13:35,CGQ Changchun,CZ6364,China Southern,text,Duration: 3h 40m,,True,2026-02-19T10:56:27.600590
2026-08-10,CKG,departure,13:40,DLU Dali City,CA4485,Air China,text,Duration: 1h 50m,,True,2026-02-19T10:56:27.600662
2026-08-10,CKG,departure,13:40,SYX Sanya,PN6203,West Air (China),text,Duration: 2h 25m,,True,2026-02-19T10:56:27.600669
2026-08-10,CKG,departure,13:40,URC Urumqi,CZ6986,China Southern,text,Duration: 3h 55m,,True,2026-02-19T10:56:27.600674
2026-08-10,CKG,departure,13:50,FOC Fuzhou,MF8486,XiamenAir,text,Duration: 2h 20m,,True,2026-02-19T10:56:27.600680
2026-08-10,CKG,departure,13:50,HGH Hangzhou,3U8083,Sichuan Airlines,text,Duration: 2h 30m,,True,2026-02-19T10:56:27.600685
2026-08-10,CKG,departure,13:50,KHG Kashi,CA4277,Air China,text,Duration: 5h 40m,,True,2026-02-19T10:56:27.600691
2026-08-10,CKG,departure,13:55,CSX Changsha,3U8009,Sichuan Airlines,text,Duration: 1h 25m,,True,2026-02-19T10:56:27.600696
2026-08-10,CKG,departure,13:55,HTN Hotan,OQ2011,Chongqing Airlines,text,Duration: 4h 55m,,True,2026-02-19T10:56:27.600701
2026-08-10,CKG,departure,13:55,PEK Beijing,CA4141,Air China,text,Duration: 2h 35m,,True,2026-02-19T10:56:27.600707
2026-08-10,CKG,departure,13:55,XMN Xiamen,MF8414,XiamenAir,text,Duration: 2h 20m,,True,2026-02-19T10:56:27.600712
2026-08-10,CKG,departure,14:00,DOY Dongying,G54009,Gestair,text,Duration: 2h 20m,,True,2026-02-19T10:56:27.600784
2026-08-10,CKG,departure,14:00,WUH Wuhan,3U8155,Sichuan Airlines,text,Duration: 1h 25m,,True,2026-02-19T10:56:27.600790
2026-08-10,CKG,departure,14:00,XMN Xiamen,3U8087,Sichuan Airlines,text,Duration: 2h 35m,,True,2026-02-19T10:56:27.600796
2026-08-10,CKG,departure,14:05,HFE Hefei,3U8197,Sichuan Airlines,text,Duration: 1h 55m,,True,2026-02-19T10:56:27.600801
2026-08-10,CKG,departure,14:05,SJW Shijiazhuang,G52657,Gestair,text,Duration: 2h 10m,,True,2026-02-19T10:56:27.600807
2026-08-10,CKG,departure,14:05,WUX Wuxi,HO2014,Juneyao Airlines,text,Duration: 2h 20m,,True,2026-02-19T10:56:27.600812
2026-08-10,CKG,departure,14:05,YIW Yiwu,GY7278,Colorful GuiZhou Airlines,text,Duration: 2h 25m,,True,2026-02-19T10:56:27.600818
2026-08-10,CKG,departure,14:10,CZX Changzhou,3U8097,Sichuan Airlines,text,Duration: 2h 10m,,True,2026-02-19T10:56:27.600823
2026-08-10,CKG,departure,14:10,HRB Harbin,OQ2327,Chongqing Airlines,text,Duration: 3h 45m,,True,2026-02-19T10:56:27.600828
2026-08-10,CKG,departure,14:10,WHA Wuhu,3U8071,Sichuan Airlines,text,Duration: 2h 10m,,True,2026-02-19T10:56:27.600835
2026-08-10,CKG,departure,14:10,XUZ Xuzhou,G54607,Gestair,text,Duration: 2h 0m,,True,2026-02-19T10:56:27.600907
2026-08-10,CKG,departure,14:15,CGO Zhengzhou,3U8159,Sichuan Airlines,text,Duration: 1h 45m,,True,2026-02-19T10:56:27.600914
2026-08-10,CKG,departure,14:15,NGB Ningbo,GJ8398,Loong Air,text,Duration: 2h 20m,,True,2026-02-19T10:56:27.600919
2026-08-10,CKG,departure,14:15,PKX Beijing,CZ8912,China Southern,text,Duration: 2h 30m,,True,2026-02-19T10:56:27.600924
2026-08-10,CKG,departure,14:15,SWA Jieyang,CZ5754,China Southern,text,Duration: 2h 20m,,True,2026-02-19T10:56:27.600929
2026-08-10,CKG,departure,14:15,XNN Xining,TV9911,Tibet Airlines,text,Duration: 1h 55m,,True,2026-02-19T10:56:27.600935
2026-08-10,CKG,departure,14:20,CAN Guangzhou,CA4349,Air China,text,Duration: 2h 0m,,True,2026-02-19T10:56:27.600940
2026-08-10,CKG,departure,14:20,CSX Changsha,OQ2029,Chongqing Airlines,text,Duration: 1h 25m,,True,2026-02-19T10:56:27.600945
2026-08-10,CKG,departure,14:20,LXA Lhasa/Lasa,CA4420,Air China,text,Duration: 2h 50m,,True,2026-02-19T10:56:27.600950
2026-08-10,CKG,departure,14:20,PKX Beijing,OQ2003,Chongqing Airlines,text,Duration: 2h 30m,,True,2026-02-19T10:56:27.600955
2026-08-10,CKG,departure,14:30,LXA Lhasa/Lasa,TV9843,Tibet Airlines,text,Duration: 3h 30m,,True,2026-02-19T10:56:27.601040
2026-08-10,CKG,departure,14:30,XMN Xiamen,HU7425,Hainan Airlines,text,Duration: 2h 20m,,True,2026-02-19T10:56:27.601047
2026-08-10,CKG,departure,14:30,YIN Yining,OQ2019,Chongqing Airlines,text,Duration: 4h 45m,,True,2026-02-19T10:56:27.601052
2026-08-10,CKG,departure,14:55,KHN Nanchang,3U8181,Sichuan Airlines,text,Duration: 1h 50m,,True,2026-02-19T10:56:27.601057
2026-08-10,CKG,departure,14:55,PEK Beijing,CA4143,Air China,text,Duration: 2h 35m,,True,2026-02-19T10:56:27.601062
2026-08-10,CKG,departure,14:55,WUH Wuhan,CZ6292,China Southern,text,Duration: 1h 35m,,True,2026-02-19T10:56:27.601067
2026-08-10,CKG,departure,15:00,PEK Beijing,3U8831,Sichuan Airlines,text,Duration: 2h 30m,,True,2026-02-19T10:56:27.601073
2026-08-10,CKG,departure,15:00,PVG Shanghai,3U8973,Sichuan Airlines,text,Duration: 2h 35m,,True,2026-02-19T10:56:27.601078
2026-08-10,CKG,departure,15:05,CAN Guangzhou,OQ2339,Chongqing Airlines,text,Duration: 2h 5m,,True,2026-02-19T10:56:27.601083
2026-08-10,CKG,departure,15:10,HUZ Huizhou,OQ2343,Chongqing Airlines,text,Duration: 2h 5m,,True,2026-02-19T10:56:27.601088
2026-08-10,CKG,departure,15:10,PKX Beijing,CA8673,Air China,text,Duration: 2h 30m,,True,2026-02-19T10:56:27.601167
2026-08-10,CKG,departure,15:15,PEK Beijing,HU7568,Hainan Airlines,text,Duration: 2h 25m,,True,2026-02-19T10:56:27.601174
2026-08-10,CKG,departure,15:20,INC Yinchuan,HU7271,Hainan Airlines,text,Duration: 2h 0m,,True,2026-02-19T10:56:27.601179
2026-08-10,CKG,departure,15:20,MFM Macau,NX181,Air Macau,text,Duration: 2h 20m,,True,2026-02-19T10:56:27.601184
2026-08-10,CKG,departure,15:20,PVG Shanghai,MU5432,China Eastern,text,Duration: 2h 30m,,True,2026-02-19T10:56:27.601190
2026-08-10,CKG,departure,15:20,SJW Shijiazhuang,NS3241,Hebei Airlines,text,Duration: 2h 5m,,True,2026-02-19T10:56:27.601196
2026-08-10,CKG,departure,15:20,TAO Qingdao,SC4836,Shandong Airlines,text,Duration: 2h 45m,,True,2026-02-19T10:56:27.601201
2026-08-10,CKG,departure,15:25,XNN Xining,MF8865,XiamenAir,text,Duration: 2h 0m,,True,2026-02-19T10:56:27.601206
2026-08-10,CKG,departure,15:30,KMG Kunming,3U8284,Sichuan Airlines,text,Duration: 1h 20m,,True,2026-02-19T10:56:27.601212
2026-08-10,CKG,departure,15:30,KMG Kunming,MU5864,China Eastern,text,Duration: 1h 40m,,True,2026-02-19T10:56:27.601217
2026-08-10,CKG,departure,15:30,NGB Ningbo,9C7469,Spring Airlines,text,Duration: 2h 10m,,True,2026-02-19T10:56:27.601295
2026-08-10,CKG,departure,15:35,DIG Diqing,OQ2147,Chongqing Airlines,text,Duration: 2h 5m,,True,2026-02-19T10:56:27.601302
2026-08-10,CKG,departure,15:40,HGH Hangzhou,CA4577,Air China,text,Duration: 2h 25m,,True,2026-02-19T10:56:27.601308
2026-08-10,CKG,departure,15:40,WMT Zunyi,G54785,Gestair,text,Duration: 0h 55m,,True,2026-02-19T10:56:27.601313
2026-08-10,CKG,departure,15:45,PKX Beijing,MF8454,XiamenAir,text,Duration: 2h 25m,,True,2026-02-19T10:56:27.601318
2026-08-10,CKG,departure,15:50,LYA Luoyang,QW6054,Qingdao Airlines,text,Duration: 1h 40m,,True,2026-02-19T10:56:27.601324
2026-08-10,CKG,departure,15:50,SZX Shenzhen,ZH9464,Shenzhen Airlines,text,Duration: 2h 15m,,True,2026-02-19T10:56:27.601329
2026-08-10,CKG,departure,15:55,LZH Liuzhou,G54769,Gestair,text,Duration: 1h 35m,,True,2026-02-19T10:56:27.601334
2026-08-10,CKG,departure,15:55,PVG Shanghai,CA4555,Air China,text,Duration: 2h 50m,,True,2026-02-19T10:56:27.601340
2026-08-10,CKG,departure,16:00,DLC Dalian,3U8007,Sichuan Airlines,text,Duration: 3h 10m,,True,2026-02-19T10:56:27.601346
2026-08-10,CKG,departure,16:00,PEK Beijing,CA1438,Air China,text,Duration: 2h 30m,,True,2026-02-19T10:56:27.601424
2026-08-10,CKG,departure,16:00,SHE Shenyang,HU7101,Hainan Airlines,text,Duration: 3h 15m,,True,2026-02-19T10:56:27.601431
2026-08-10,CKG,departure,16:00,URC Urumqi,OQ2311,Chongqing Airlines,text,Duration: 3h 55m,,True,2026-02-19T10:56:27.601436
2026-08-10,CKG,departure,16:10,TSN Tianjin,CA4001,Air China,text,Duration: 2h 40m,,True,2026-02-19T10:56:27.601441
2026-08-10,CKG,departure,16:10,TVS Tangshan,GT1078,Air Guilin,text,Duration: 2h 30m,,True,2026-02-19T10:56:27.601446
2026-08-10,CKG,departure,16:15,XMN Xiamen,CA4567,Air China,text,Duration: 2h 25m,,True,2026-02-19T10:56:27.601452
2026-08-10,CKG,departure,16:15,YCU Yuncheng,MF8785,XiamenAir,text,Duration: 1h 40m,,True,2026-02-19T10:56:27.601457
2026-08-10,CKG,departure,16:20,NGB Ningbo,OQ2315,Chongqing Airlines,text,Duration: 2h 30m,,True,2026-02-19T10:56:27.601462
2026-08-10,CKG,departure,16:25,CAN Guangzhou,CZ3486,China Southern,text,Duration: 2h 5m,,True,2026-02-19T10:56:27.601468
2026-08-10,CKG,departure,16:25,HAN Hanoi,PN6423,West Air (China),text,Duration: 2h 0m,,True,2026-02-19T10:56:27.601473
2026-08-10,CKG,departure,16:25,KHN Nanchang,ZH8854,Shenzhen Airlines,text,Duration: 1h 40m,,True,2026-02-19T10:56:27.601550
2026-08-10,CKG,departure,16:30,CAN Guangzhou,HU7242,Hainan Airlines,text,Duration: 2h 10m,,True,2026-02-19T10:56:27.601557
2026-08-10,CKG,departure,16:30,KRL Korla,G54005,Gestair,text,Duration: 4h 5m,,True,2026-02-19T10:56:27.601562
2026-08-10,CKG,departure,16:30,SZX Shenzhen,HU7358,Hainan Airlines,text,Duration: 2h 20m,,True,2026-02-19T10:56:27.601567
2026-08-10,CKG,departure,16:30,ZUH Zhuhai,OQ2385,Chongqing Airlines,text,Duration: 2h 5m,,True,2026-02-19T10:56:27.601573
2026-08-10,CKG,departure,16:40,BKK Bangkok,3U3771,Sichuan Airlines,text,Duration: 3h 15m,,True,2026-02-19T10:56:27.601578
2026-08-10,CKG,departure,16:40,SHA Shanghai,MU5434,China Eastern,text,Duration: 2h 40m,,True,2026-02-19T10:56:27.601583
2026-08-10,CKG,departure,16:40,SZX Shenzhen,CZ3456,China Southern,text,Duration: 2h 15m,,True,2026-02-19T10:56:27.601589
2026-08-10,CKG,departure,16:45,CAN Guangzhou,CA4341,Air China,text,Duration: 2h 5m,,True,2026-02-19T10:56:27.601594
2026-08-10,CKG,departure,16:45,HIA Huai'an,8L9817,Lucky Air,text,Duration: 2h 10m,,True,2026-02-19T10:56:27.601599
2026-08-10,CKG,departure,16:45,SZX Shenzhen,3U8785,Sichuan Airlines,text,Duration: 2h 5m,,True,2026-02-19T10:56:27.601676
2026-08-10,CKG,departure,16:50,KRL Korla,PN6387,West Air (China),text,Duration: 4h 10m,,True,2026-02-19T10:56:27.601682
2026-08-10,CKG,departure,16:50,SZX Shenzhen,CA4345,Air China,text,Duration: 2h 25m,,True,2026-02-19T10:56:27.601687
2026-08-10,CKG,departure,16:50,URC Urumqi,CZ6432,China Southern,text,Duration: 3h 55m,,True,2026-02-19T10:56:27.601693
2026-08-10,CKG,departure,16:50,URC Urumqi,PN6261,West Air (China),text,Duration: 4h 10m,,True,2026-02-19T10:56:27.601698
2026-08-10,CKG,departure,16:55,UYN Yulin,GX8881,GX Airlines,text,Duration: 1h 55m,,True,2026-02-19T10:56:27.601703
2026-08-10,CKG,departure,17:00,NKG Nanjing,MU2738,China Eastern,text,Duration: 2h 10m,,True,2026-02-19T10:56:27.601709
2026-08-10,CKG,departure,17:00,SHE Shenyang,CZ6470,China Southern,text,Duration: 3h 15m,,True,2026-02-19T10:56:27.601714
2026-08-10,CKG,departure,17:05,HAK Haikou,HU7372,Hainan Airlines,text,Duration: 2h 10m,,True,2026-02-19T10:56:27.601720
2026-08-10,CKG,departure,17:05,NKG Nanjing,HO1694,Juneyao Airlines,text,Duration: 2h 5m,,True,2026-02-19T10:56:27.601725
2026-08-10,CKG,departure,17:05,NNG Nanning,3U8139,Sichuan Airlines,text,Duration: 1h 50m,,True,2026-02-19T10:56:27.601801
2026-08-10,CKG,departure,17:05,PKX Beijing,CZ8816,China Southern,text,Duration: 2h 25m,,True,2026-02-19T10:56:27.601808
2026-08-10,CKG,departure,17:05,WUX Wuxi,3U8027,Sichuan Airlines,text,Duration: 2h 20m,,True,2026-02-19T10:56:27.601813
2026-08-10,CKG,departure,17:10,PEK Beijing,3U8833,Sichuan Airlines,text,Duration: 2h 40m,,True,2026-02-19T10:56:27.601819
2026-08-10,CKG,departure,17:10,YNT Yantai,QW6032,Qingdao Airlines,text,Duration: 2h 35m,,True,2026-02-19T10:56:27.601824
2026-08-10,CKG,departure,17:15,ACX Xingyi,G54679,Gestair,text,Duration: 1h 25m,,True,2026-02-19T10:56:27.601830
2026-08-10,CKG,departure,17:15,TAO Qingdao,SC4832,Shandong Airlines,text,Duration: 2h 25m,,True,2026-02-19T10:56:27.601835
2026-08-10,CKG,departure,17:20,HRB Harbin,CZ6346,China Southern,text,Duration: 3h 25m,,True,2026-02-19T10:56:27.601840
2026-08-10,CKG,departure,17:25,NKG Nanjing,CA4557,Air China,text,Duration: 2h 0m,,True,2026-02-19T10:56:27.601846
2026-08-10,CKG,departure,17:25,TSN Tianjin,PN6237,West Air (China),text,Duration: 2h 35m,,True,2026-02-19T10:56:27.601851
2026-08-10,CKG,departure,17:30,CAN Guangzhou,AQ1102,9 Air,text,Duration: 2h 5m,,True,2026-02-19T10:56:27.601927
2026-08-10,CKG,departure,17:30,CZX Changzhou,MU2786,China Eastern,text,Duration: 1h 55m,,True,2026-02-19T10:56:27.601934
2026-08-10,CKG,departure,17:30,HGH Hangzhou,MF8478,XiamenAir,text,Duration: 2h 35m,,True,2026-02-19T10:56:27.601939
2026-08-10,CKG,departure,17:30,PEK Beijing,CA4147,Air China,text,Duration: 3h 0m,,True,2026-02-19T10:56:27.601945
2026-08-10,CKG,departure,17:30,SHA Shanghai,CA4541,Air China,text,Duration: 2h 30m,,True,2026-02-19T10:56:27.601951
2026-08-10,CKG,departure,17:30,SZX Shenzhen,MU6611,China Eastern,text,Duration: 2h 25m,,True,2026-02-19T10:56:27.601956
2026-08-10,CKG,departure,17:35,TNA Jinan,HU7451,Hainan Airlines,text,Duration: 2h 5m,,True,2026-02-19T10:56:27.601961
2026-08-10,CKG,departure,17:40,CGO Zhengzhou,CZ8716,China Southern,text,Duration: 1h 45m,,True,2026-02-19T10:56:27.601967
2026-08-10,CKG,departure,17:55,FOC Fuzhou,CA4569,Air China,text,Duration: 2h 20m,,True,2026-02-19T10:56:27.601973
2026-08-10,CKG,departure,17:55,PVG Shanghai,9C8868,Spring Airlines,text,Duration: 2h 30m,,True,2026-02-19T10:56:27.601978
2026-08-10,CKG,departure,17:55,SYX Sanya,OQ2331,Chongqing Airlines,text,Duration: 2h 40m,,True,2026-02-19T10:56:27.602056
2026-08-10,CKG,departure,17:55,WUX Wuxi,MU9776,China Eastern,text,Duration: 2h 15m,,True,2026-02-19T10:56:27.602063
2026-08-10,CKG,departure,18:00,CAN Guangzhou,HU7442,Hainan Airlines,text,Duration: 2h 10m,,True,2026-02-19T10:56:27.602068
2026-08-10,CKG,departure,18:00,PEK Beijing,CA1440,Air China,text,Duration: 2h 30m,,True,2026-02-19T10:56:27.602074
2026-08-10,CKG,departure,18:00,TNA Jinan,3U8053,Sichuan Airlines,text,Duration: 1h 55m,,True,2026-02-19T10:56:27.602079
2026-08-10,CKG,departure,18:05,NGB Ningbo,MU2396,China Eastern,text,Duration: 2h 20m,,True,2026-02-19T10:56:27.602085
2026-08-10,CKG,departure,18:05,TYN Taiyuan,PN6539,West Air (China),text,Duration: 1h 55m,,True,2026-02-19T10:56:27.602090
2026-08-10,CKG,departure,18:10,XMN Xiamen,MF8424,XiamenAir,text,Duration: 2h 20m,,True,2026-02-19T10:56:27.602095
2026-08-10,CKG,departure,18:10,YNZ Yancheng,MF8777,XiamenAir,text,Duration: 2h 10m,,True,2026-02-19T10:56:27.602101
2026-08-10,CKG,departure,18:15,HAK Haikou,3U8065,Sichuan Airlines,text,Duration: 2h 0m,,True,2026-02-19T10:56:27.602106
2026-08-10,CKG,departure,18:15,HGH Hangzhou,CA1762,Air China,text,Duration: 2h 25m,,True,2026-02-19T10:56:27.602210
2026-08-10,CKG,departure,18:20,HGH Hangzhou,GJ8692,Loong Air,text,Duration: 2h 10m,,True,2026-02-19T10:56:27.602221
2026-08-10,CKG,departure,18:20,SQJ Sanming,G52847,Gestair,text,Duration: 2h 15m,,True,2026-02-19T10:56:27.602229
2026-08-10,CKG,departure,18:25,DNH Dunhuang,GS7592,Tianjin Airlines,text,Duration: 3h 5m,,True,2026-02-19T10:56:27.602236
2026-08-10,CKG,departure,18:30,FOC Fuzhou,MF8490,XiamenAir,text,Duration: 2h 35m,,True,2026-02-19T10:56:27.602243
2026-08-10,CKG,departure,18:30,PEK Beijing,HU7368,Hainan Airlines,text,Duration: 2h 25m,,True,2026-02-19T10:56:27.602250
2026-08-10,CKG,departure,18:35,HYN Taizhou,G54509,Gestair,text,Duration: 2h 35m,,True,2026-02-19T10:56:27.602256
2026-08-10,CKG,departure,18:35,JHG Jinghong,OQ2373,Chongqing Airlines,text,Duration: 2h 15m,,True,2026-02-19T10:56:27.602263
2026-08-10,CKG,departure,18:40,CGQ Changchun,CZ8256,China Southern,text,Duration: 3h 40m,,True,2026-02-19T10:56:27.602269
2026-08-10,CKG,departure,18:40,SGN Ho Chi Minh City,CA407,Air China,text,Duration: 3h 40m,,True,2026-02-19T10:56:27.602277
2026-08-10,CKG,departure,18:40,SIN Singapore,PN6443,West Air (China),text,Duration: 5h 0m,,True,2026-02-19T10:56:27.602392
2026-08-10,CKG,departure,18:45,CAN Guangzhou,CZ3464,China Southern,text,Duration: 2h 0m,,True,2026-02-19T10:56:27.602400
2026-08-10,CKG,departure,18:50,XNN Xining,3U8073,Sichuan Airlines,text,Duration: 2h 5m,,True,2026-02-19T10:56:27.602406
2026-08-10,CKG,departure,18:50,ZHA Zhanjiang,CA4359,Air China,text,Duration: 2h 20m,,True,2026-02-19T10:56:27.602411
2026-08-10,CKG,departure,18:55,KUL Kuala Lumpur,3U3773,Sichuan Airlines,text,Duration: 4h 45m,,True,2026-02-19T10:56:27.602417
2026-08-10,CKG,departure,18:55,WUH Wuhan,CA4381,Air China,text,Duration: 1h 40m,,True,2026-02-19T10:56:27.602422
2026-08-10,CKG,departure,19:00,DXB Dubai,CA451,Air China,text,Duration: 7h 0m,,True,2026-02-19T10:56:27.602427
2026-08-10,CKG,departure,19:05,IQN Qingyang,NS8068,Hebei Airlines,text,Duration: 1h 20m,,True,2026-02-19T10:56:27.602432
2026-08-10,CKG,departure,19:05,SZX Shenzhen,MF8389,XiamenAir,text,Duration: 2h 0m,,True,2026-02-19T10:56:27.602437
2026-08-10,CKG,departure,19:05,TSN Tianjin,BK3122,OkAir,text,Duration: 2h 25m,,True,2026-02-19T10:56:27.602442
2026-08-10,CKG,departure,19:10,KUL Kuala Lumpur,MF8711,XiamenAir,text,Duration: 4h 45m,,True,2026-02-19T10:56:27.602540
2026-08-10,CKG,departure,19:10,NKG Nanjing,3U8045,Sichuan Airlines,text,Duration: 2h 5m,,True,2026-02-19T10:56:27.602549
2026-08-10,CKG,departure,19:10,PVG Shanghai,PN6437,West Air (China),text,Duration: 2h 10m,,True,2026-02-19T10:56:27.602556
2026-08-10,CKG,departure,19:15,PEK Beijing,CA1412,Air China,text,Duration: 2h 30m,,True,2026-02-19T10:56:27.602563
2026-08-10,CKG,departure,19:20,TAO Qingdao,SC4840,Shandong Airlines,text,Duration: 2h 25m,,True,2026-02-19T10:56:27.602570
2026-08-10,CKG,departure,19:25,NKG Nanjing,ZH9592,Shenzhen Airlines,text,Duration: 1h 55m,,True,2026-02-19T10:56:27.602577
2026-08-10,CKG,departure,19:30,HAK Haikou,HU7472,Hainan Airlines,text,Duration: 2h 20m,,True,2026-02-19T10:56:27.602583
2026-08-10,CKG,departure,19:30,KMG Kunming,OQ2119,Chongqing Airlines,text,Duration: 1h 45m,,True,2026-02-19T10:56:27.602590
2026-08-10,CKG,departure,19:30,TSN Tianjin,MF8621,XiamenAir,text,Duration: 2h 25m,,True,2026-02-19T10:56:27.602597
2026-08-10,CKG,departure,19:35,SHA Shanghai,MU9194,China Eastern,text,Duration: 2h 20m,,True,2026-02-19T10:56:27.602604
2026-08-10,CKG,departure,19:40,CGO Zhengzhou,CZ6354,China Southern,text,Duration: 1h 45m,,True,2026-02-19T10:56:27.602703
2026-08-10,CKG,departure,19:40,INC Yinchuan,CA4269,Air China,text,Duration: 2h 20m,,True,2026-02-19T10:56:27.602713
2026-08-10,CKG,departure,19:45,TAO Qingdao,3U8151,Sichuan Airlines,text,Duration: 2h 25m,,True,2026-02-19T10:56:27.602719
2026-08-10,CKG,departure,19:45,XUZ Xuzhou,G54121,Gestair,text,Duration: 1h 55m,,True,2026-02-19T10:56:27.602724
2026-08-10,CKG,departure,19:50,LFQ Qiaoli,G54317,Gestair,text,Duration: 1h 40m,,True,2026-02-19T10:56:27.602730
2026-08-10,CKG,departure,19:50,PEN Penang,OQ2195,Chongqing Airlines,text,Duration: 4h 40m,,True,2026-02-19T10:56:27.602735
2026-08-10,CKG,departure,19:50,PKX Beijing,MU6686,China Eastern,text,Duration: 2h 35m,,True,2026-02-19T10:56:27.602741
2026-08-10,CKG,departure,19:50,WUH Wuhan,CZ8422,China Southern,text,Duration: 1h 35m,,True,2026-02-19T10:56:27.602747
2026-08-10,CKG,departure,19:55,CAN Guangzhou,CZ3412,China Southern,text,Duration: 2h 5m,,True,2026-02-19T10:56:27.602752
2026-08-10,CKG,departure,19:55,PKX Beijing,CZ8818,China Southern,text,Duration: 2h 40m,,True,2026-02-19T10:56:27.602758
2026-08-10,CKG,departure,20:00,CAN Guangzhou,CA4353,Air China,text,Duration: 2h 25m,,True,2026-02-19T10:56:27.602852
2026-08-10,CKG,departure,20:00,CSX Changsha,CA4383,Air China,text,Duration: 1h 40m,,True,2026-02-19T10:56:27.602860
2026-08-10,CKG,departure,20:00,LHW Lanzhou,3U8019,Sichuan Airlines,text,Duration: 1h 50m,,True,2026-02-19T10:56:27.602866
2026-08-10,CKG,departure,20:00,SQD Shangrao,GS6595,Tianjin Airlines,text,Duration: 1h 55m,,True,2026-02-19T10:56:27.602871
2026-08-10,CKG,departure,20:05,HAK Haikou,PN6531,West Air (China),text,Duration: 2h 5m,,True,2026-02-19T10:56:27.602877
2026-08-10,CKG,departure,20:05,PEK Beijing,CA1410,Air China,text,Duration: 2h 35m,,True,2026-02-19T10:56:27.602882
2026-08-10,CKG,departure,20:05,TNA Jinan,SC8816,Shandong Airlines,text,Duration: 2h 15m,,True,2026-02-19T10:56:27.602888
2026-08-10,CKG,departure,20:05,WNZ Wenzhou,PN6433,West Air (China),text,Duration: 2h 5m,,True,2026-02-19T10:56:27.602893
2026-08-10,CKG,departure,20:10,SHA Shanghai,9C8996,Spring Airlines,text,Duration: 2h 15m,,True,2026-02-19T10:56:27.602899
2026-08-10,CKG,departure,20:10,SJW Shijiazhuang,PN6335,West Air (China),text,Duration: 1h 45m,,True,2026-02-19T10:56:27.602904
2026-08-10,CKG,departure,20:10,TYN Taiyuan,3U8051,Sichuan Airlines,text,Duration: 1h 40m,,True,2026-02-19T10:56:27.602998
2026-08-10,CKG,departure,20:15,HGH Hangzhou,3U3180,Sichuan Airlines,text,Duration: 2h 10m,,True,2026-02-19T10:56:27.603005
2026-08-10,CKG,departure,20:15,KHN Nanchang,RY6682,Jiangxi Airlines,text,Duration: 1h 45m,,True,2026-02-19T10:56:27.603011
2026-08-10,CKG,departure,20:15,SZX Shenzhen,ZH9466,Shenzhen Airlines,text,Duration: 2h 15m,,True,2026-02-19T10:56:27.603016
2026-08-10,CKG,departure,20:15,WUX Wuxi,ZH9554,Shenzhen Airlines,text,Duration: 2h 10m,,True,2026-02-19T10:56:27.603029
2026-08-10,CKG,departure,20:20,YIW Yiwu,OQ2391,Chongqing Airlines,text,Duration: 2h 5m,,True,2026-02-19T10:56:27.603035
2026-08-10,CKG,departure,20:25,AKU Aksu,G54684,Gestair,text,Duration: 4h 30m,,True,2026-02-19T10:56:27.603040
2026-08-10,CKG,departure,20:25,HUZ Huizhou,OQ2337,Chongqing Airlines,text,Duration: 1h 45m,,True,2026-02-19T10:56:27.603045
2026-08-10,CKG,departure,20:30,CAN Guangzhou,PN6205,West Air (China),text,Duration: 2h 5m,,True,2026-02-19T10:56:27.603051
2026-08-10,CKG,departure,20:30,ZUH Zhuhai,PN6263,West Air (China),text,Duration: 1h 50m,,True,2026-02-19T10:56:27.603056
2026-08-10,CKG,departure,20:35,CSX Changsha,CZ3826,China Southern,text,Duration: 1h 30m,,True,2026-02-19T10:56:27.603139
2026-08-10,CKG,departure,20:35,LUM Mangshi,KY3110,Kunming Airlines,text,Duration: 2h 25m,,True,2026-02-19T10:56:27.603146
2026-08-10,CKG,departure,20:35,PVG Shanghai,FM9426,Shanghai Airlines,text,Duration: 2h 40m,,True,2026-02-19T10:56:27.603152
2026-08-10,CKG,departure,20:40,PVG Shanghai,HO1248,Juneyao Airlines,text,Duration: 2h 45m,,True,2026-02-19T10:56:27.603157
2026-08-10,CKG,departure,20:45,FOC Fuzhou,FU6508,Fuzhou Airline,text,Duration: 2h 25m,,True,2026-02-19T10:56:27.603163
2026-08-10,CKG,departure,20:50,SHE Shenyang,CZ6466,China Southern,text,Duration: 3h 20m,,True,2026-02-19T10:56:27.603168
2026-08-10,CKG,departure,20:50,SZX Shenzhen,CZ5920,China Southern,text,Duration: 2h 5m,,True,2026-02-19T10:56:27.603174
2026-08-10,CKG,departure,20:55,CAN Guangzhou,OQ2325,Chongqing Airlines,text,Duration: 2h 20m,,True,2026-02-19T10:56:27.603180
2026-08-10,CKG,departure,20:55,FOC Fuzhou,MF8488,XiamenAir,text,Duration: 2h 30m,,True,2026-02-19T10:56:27.603186
2026-08-10,CKG,departure,20:55,NKG Nanjing,HO1692,Juneyao Airlines,text,Duration: 2h 5m,,True,2026-02-19T10:56:27.603191
2026-08-10,CKG,departure,20:55,NKG Nanjing,MU2846,China Eastern,text,Duration: 2h 20m,,True,2026-02-19T10:56:27.603270
2026-08-10,CKG,departure,20:55,SHA Shanghai,9C8998,Spring Airlines,text,Duration: 2h 30m,,True,2026-02-19T10:56:27.603276
2026-08-10,CKG,departure,20:55,SZX Shenzhen,CA4367,Air China,text,Duration: 2h 25m,,True,2026-02-19T10:56:27.603282
2026-08-10,CKG,departure,21:00,PKX Beijing,OQ2148,Chongqing Airlines,text,Duration: 2h 35m,,True,2026-02-19T10:56:27.603288
2026-08-10,CKG,departure,21:05,CAN Guangzhou,3U8749,Sichuan Airlines,text,Duration: 1h 50m,,True,2026-02-19T10:56:27.603293
2026-08-10,CKG,departure,21:05,PVG Shanghai,HU7494,Hainan Airlines,text,Duration: 2h 40m,,True,2026-02-19T10:56:27.603299
2026-08-10,CKG,departure,21:05,TNA Jinan,3U8055,Sichuan Airlines,text,Duration: 2h 10m,,True,2026-02-19T10:56:27.603304
2026-08-10,CKG,departure,21:10,BHY Beihai,3U8121,Sichuan Airlines,text,Duration: 1h 50m,,True,2026-02-19T10:56:27.603309
2026-08-10,CKG,departure,21:10,KHN Nanchang,PN6255,West Air (China),text,Duration: 1h 40m,,True,2026-02-19T10:56:27.603315
2026-08-10,CKG,departure,21:10,LHW Lanzhou,9C6282,Spring Airlines,text,Duration: 2h 0m,,True,2026-02-19T10:56:27.603320
2026-08-10,CKG,departure,21:10,TAO Qingdao,SC4844,Shandong Airlines,text,Duration: 2h 30m,,True,2026-02-19T10:56:27.603397
2026-08-10,CKG,departure,21:10,URC Urumqi,CZ6974,China Southern,text,Duration: 4h 10m,,True,2026-02-19T10:56:27.603404
2026-08-10,CKG,departure,21:15,BKK Bangkok,OQ2361,Chongqing Airlines,text,Duration: 3h 15m,,True,2026-02-19T10:56:27.603409
2026-08-10,CKG,departure,21:15,JJN Jinjiang,MF8866,XiamenAir,text,Duration: 2h 30m,,True,2026-02-19T10:56:27.603414
2026-08-10,CKG,departure,21:15,PEK Beijing,CA1436,Air China,text,Duration: 2h 30m,,True,2026-02-19T10:56:27.603420
2026-08-10,CKG,departure,21:15,WUX Wuxi,MU9786,China Eastern,text,Duration: 2h 15m,,True,2026-02-19T10:56:27.603425
2026-08-10,CKG,departure,21:20,FOC Fuzhou,MF8482,XiamenAir,text,Duration: 2h 15m,,True,2026-02-19T10:56:27.603431
2026-08-10,CKG,departure,21:20,KMG Kunming,8L9858,Lucky Air,text,Duration: 1h 35m,,True,2026-02-19T10:56:27.603437
2026-08-10,CKG,departure,21:20,LJG Lijiang,3U8011,Sichuan Airlines,text,Duration: 1h 35m,,True,2026-02-19T10:56:27.603443
2026-08-10,CKG,departure,21:20,SHA Shanghai,MU5436,China Eastern,text,Duration: 2h 5m,,True,2026-02-19T10:56:27.603448
2026-08-10,CKG,departure,21:25,XMN Xiamen,SC2140,Shandong Airlines,text,Duration: 2h 5m,,True,2026-02-19T10:56:27.603526
2026-08-10,CKG,departure,21:30,HAK Haikou,HU7272,Hainan Airlines,text,Duration: 2h 35m,,True,2026-02-19T10:56:27.603533
2026-08-10,CKG,departure,21:30,PEK Beijing,HU7268,Hainan Airlines,text,Duration: 2h 25m,,True,2026-02-19T10:56:27.603538
2026-08-10,CKG,departure,21:35,CAN Guangzhou,MU6826,China Eastern,text,Duration: 2h 0m,,True,2026-02-19T10:56:27.603544
2026-08-10,CKG,departure,21:35,XIY Xian,MU2268,China Eastern,text,Duration: 1h 25m,,True,2026-02-19T10:56:27.603550
2026-08-10,CKG,departure,21:45,KUL Kuala Lumpur,OQ2191,Chongqing Airlines,text,Duration: 4h 45m,,True,2026-02-19T10:56:27.603556
2026-08-10,CKG,departure,21:50,XIY Xian,9H8334,Air Changan,text,Duration: 1h 40m,,True,2026-02-19T10:56:27.603561
2026-08-10,CKG,departure,21:55,HFE Hefei,MU5484,China Eastern,text,Duration: 1h 45m,,True,2026-02-19T10:56:27.603567
2026-08-10,CKG,departure,21:55,XIY Xian,JD5078,Capital Airlines,text,Duration: 1h 30m,,True,2026-02-19T10:56:27.603577
2026-08-10,CKG,departure,22:05,HGH Hangzhou,MF8474,XiamenAir,text,Duration: 2h 15m,,True,2026-02-19T10:56:27.603589
2026-08-10,CKG,departure,22:05,NTG Nantong,DZ6294,Donghai Airlines,text,Duration: 2h 15m,,True,2026-02-19T10:56:27.603677
2026-08-10,CKG,departure,22:05,PKX Beijing,CZ3260,China Southern,text,Duration: 2h 40m,,True,2026-02-19T10:56:27.603683
2026-08-10,CKG,departure,22:05,WUH Wuhan,MU2540,China Eastern,text,Duration: 1h 30m,,True,2026-02-19T10:56:27.603689
2026-08-10,CKG,departure,22:10,HAK Haikou,CZ8690,China Southern,text,Duration: 2h 5m,,True,2026-02-19T10:56:27.603694
2026-08-10,CKG,departure,22:15,PKX Beijing,MU6690,China Eastern,text,Duration: 2h 20m,,True,2026-02-19T10:56:27.603700
2026-08-10,CKG,departure,22:20,SZX Shenzhen,9C8616,Spring Airlines,text,Duration: 2h 5m,,True,2026-02-19T10:56:27.603706
2026-08-10,CKG,departure,22:20,SZX Shenzhen,ZH9468,Shenzhen Airlines,text,Duration: 2h 10m,,True,2026-02-19T10:56:27.603711
2026-08-10,CKG,departure,22:20,TYN Taiyuan,MU6996,China Eastern,text,Duration: 1h 50m,,True,2026-02-19T10:56:27.603717
2026-08-10,CKG,departure,22:25,LJG Lijiang,JD5610,Capital Airlines,text,Duration: 1h 50m,,True,2026-02-19T10:56:27.603722
2026-08-10,CKG,departure,22:25,SJW Shijiazhuang,9C8994,Spring Airlines,text,Duration: 2h 0m,,True,2026-02-19T10:56:27.603728
2026-08-10,CKG,departure,22:35,CAN Guangzhou,OQ2130,Chongqing Airlines,text,Duration: 1h 50m,,True,2026-02-19T10:56:27.603817
2026-08-10,CKG,departure,22:35,SIN Singapore,PN6567,West Air (China),text,Duration: 5h 5m,,True,2026-02-19T10:56:27.603824
2026-08-10,CKG,departure,22:50,HAK Haikou,EU2737,Chengdu Airlines,text,Duration: 2h 25m,,True,2026-02-19T10:56:27.603829
2026-08-10,CKG,departure,22:50,LUM Mangshi,DR5312,Ruili Airlines,text,Duration: 2h 20m,,True,2026-02-19T10:56:27.603835
2026-08-10,CKG,departure,22:55,NKG Nanjing,MU2836,China Eastern,text,Duration: 2h 15m,,True,2026-02-19T10:56:27.603840
2026-08-10,CKG,departure,23:00,FOC Fuzhou,EU2268,Chengdu Airlines,text,Duration: 1h 55m,,True,2026-02-19T10:56:27.603845
2026-08-10,CKG,departure,23:05,JJN Jinjiang,PN6301,West Air (China),text,Duration: 2h 25m,,True,2026-02-19T10:56:27.603851
2026-08-10,CKG,departure,23:10,CSX Changsha,BK2924,OkAir,text,Duration: 1h 20m,,True,2026-02-19T10:56:27.603856
2026-08-10,CKG,departure,23:15,TNA Jinan,MU5472,China Eastern,text,Duration: 2h 5m,,True,2026-02-19T10:56:27.603862
2026-08-10,CKG,departure,23:20,HAK Haikou,GS6599,Tianjin Airlines,text,Duration: 2h 10m,,True,2026-02-19T10:56:27.603868
2026-08-10,CKG,departure,23:20,KMG Kunming,8L9674,Lucky Air,text,Duration: 1h 30m,,True,2026-02-19T10:56:27.603947
2026-08-10,CKG,departure,23:20,LJG Lijiang,8L9818,Lucky Air,text,Duration: 1h 45m,,True,2026-02-19T10:56:27.603954
2026-08-10,CKG,departure,23:20,SYX Sanya,3U3210,Sichuan Airlines,text,Duration: 2h 20m,,True,2026-02-19T10:56:27.603960
2026-08-10,CKG,departure,23:50,CAN Guangzhou,CZ3440,China Southern,text,Duration: 2h 5m,,True,2026-02-19T10:56:27.603965
2026-08-10,CKG,departure,23:55,WUH Wuhan,CZ3644,China Southern,text,Duration: 1h 30m,,True,2026-02-19T10:56:27.603971
2026-08-10,CKG,arrival,00:05,NRT Tokyo,CA434,Air China,text,Duration: 5h 40m,,True,2026-02-19T10:56:46.023670
2026-08-10,CKG,arrival,00:05,SHA Shanghai,CA4542,Air China,text,Duration: 2h 45m,,True,2026-02-19T10:56:46.023683
2026-08-10,CKG,arrival,00:05,WUA Wu Hai,G54279,Gestair,text,Duration: 2h 25m,,True,2026-02-19T10:56:46.023691
2026-08-10,CKG,arrival,00:05,PVG Shanghai,MU5433,China Eastern,text,Duration: 2h 55m,,True,2026-02-19T10:56:46.023697
2026-08-10,CKG,arrival,00:05,HTN Hotan,OQ2012,Chongqing Airlines,text,Duration: 4h 30m,,True,2026-02-19T10:56:46.023704
2026-08-10,CKG,arrival,00:05,TNA Jinan,SC8801,Shandong Airlines,text,Duration: 2h 35m,,True,2026-02-19T10:56:46.023711
2026-08-10,CKG,arrival,00:10,BKK Bangkok,3U3772,Sichuan Airlines,text,Duration: 3h 15m,,True,2026-02-19T10:56:46.023718
2026-08-10,CKG,arrival,00:10,LZH Liuzhou,G54764,Gestair,text,Duration: 1h 50m,,True,2026-02-19T10:56:46.023724
2026-08-10,CKG,arrival,00:10,XMN Xiamen,MF8433,XiamenAir,text,Duration: 2h 40m,,True,2026-02-19T10:56:46.023731
2026-08-10,CKG,arrival,00:10,SYX Sanya,OQ2332,Chongqing Airlines,text,Duration: 2h 30m,,True,2026-02-19T10:56:46.023737
2026-08-10,CKG,arrival,00:10,TAO Qingdao,SC4845,Shandong Airlines,text,Duration: 3h 0m,,True,2026-02-19T10:56:46.023895
2026-08-10,CKG,arrival,00:15,FOC Fuzhou,CA4570,Air China,text,Duration: 3h 0m,,True,2026-02-19T10:56:46.023910
2026-08-10,CKG,arrival,00:15,SYM Pu'er,TV9916,Tibet Airlines,text,Duration: 2h 5m,,True,2026-02-19T10:56:46.023916
2026-08-10,CKG,arrival,00:20,XNN Xining,3U8074,Sichuan Airlines,text,Duration: 2h 10m,,True,2026-02-19T10:56:46.023922
2026-08-10,CKG,arrival,00:20,CSX Changsha,CA4384,Air China,text,Duration: 1h 40m,,True,2026-02-19T10:56:46.023927
2026-08-10,CKG,arrival,00:20,SJW Shijiazhuang,G52658,Gestair,text,Duration: 2h 35m,,True,2026-02-19T10:56:46.023940
2026-08-10,CKG,arrival,00:20,URC Urumqi,GS6592,Tianjin Airlines,text,Duration: 4h 5m,,True,2026-02-19T10:56:46.023946
2026-08-10,CKG,arrival,00:20,SZX Shenzhen,MF8390,XiamenAir,text,Duration: 2h 10m,,True,2026-02-19T10:56:46.023951
2026-08-10,CKG,arrival,00:25,ACX Xingyi,G54680,Gestair,text,Duration: 1h 20m,,True,2026-02-19T10:56:46.023957
2026-08-10,CKG,arrival,00:25,YIN Yining,OQ2020,Chongqing Airlines,text,Duration: 4h 25m,,True,2026-02-19T10:56:46.023962
2026-08-10,CKG,arrival,00:30,KHN Nanchang,3U8182,Sichuan Airlines,text,Duration: 1h 50m,,True,2026-02-19T10:56:46.024110
2026-08-10,CKG,arrival,00:30,JUH Chizhou,G52830,Gestair,text,Duration: 2h 35m,,True,2026-02-19T10:56:46.024120
2026-08-10,CKG,arrival,00:30,XIY Xian,GS7665,Tianjin Airlines,text,Duration: 1h 40m,,True,2026-02-19T10:56:46.024127
2026-08-10,CKG,arrival,00:30,CAN Guangzhou,OQ2326,Chongqing Airlines,text,Duration: 2h 10m,,True,2026-02-19T10:56:46.024134
2026-08-10,CKG,arrival,00:30,TNA Jinan,SC8817,Shandong Airlines,text,Duration: 2h 35m,,True,2026-02-19T10:56:46.024140
2026-08-10,CKG,arrival,00:35,NKG Nanjing,3U8046,Sichuan Airlines,text,Duration: 2h 10m,,True,2026-02-19T10:56:46.024147
2026-08-10,CKG,arrival,00:35,PKX Beijing,CZ8813,China Southern,text,Duration: 2h 55m,,True,2026-02-19T10:56:46.024154
2026-08-10,CKG,arrival,00:35,SHE Shenyang,HU7102,Hainan Airlines,text,Duration: 4h 10m,,True,2026-02-19T10:56:46.024161
2026-08-10,CKG,arrival,00:35,TNA Jinan,SC8807,Shandong Airlines,text,Duration: 2h 40m,,True,2026-02-19T10:56:46.024167
2026-08-10,CKG,arrival,00:35,DLU Dali City,TV9810,Tibet Airlines,text,Duration: 2h 5m,,True,2026-02-19T10:56:46.024174
2026-08-10,CKG,arrival,00:45,KUL Kuala Lumpur,D7808,AirAsia X,text,Duration: 4h 45m,,True,2026-02-19T10:56:46.024327
2026-08-10,CKG,arrival,00:45,HYN Taizhou,G54510,Gestair,text,Duration: 2h 50m,,True,2026-02-19T10:56:46.024343
2026-08-10,CKG,arrival,00:45,JGN Jiayuguan,G54460,Gestair,text,Duration: 2h 45m,,True,2026-02-19T10:56:46.024349
2026-08-10,CKG,arrival,00:45,YIW Yiwu,OQ2392,Chongqing Airlines,text,Duration: 2h 45m,,True,2026-02-19T10:56:46.024354
2026-08-10,CKG,arrival,00:45,HFE Hefei,PN6416,West Air (China),text,Duration: 2h 15m,,True,2026-02-19T10:56:46.024359
2026-08-10,CKG,arrival,00:50,HAK Haikou,GS6600,Tianjin Airlines,text,Duration: 2h 10m,,True,2026-02-19T10:56:46.024365
2026-08-10,CKG,arrival,00:55,PVG Shanghai,3U8976,Sichuan Airlines,text,Duration: 2h 45m,,True,2026-02-19T10:56:46.024370
2026-08-10,CKG,arrival,00:55,XUZ Xuzhou,G54122,Gestair,text,Duration: 2h 30m,,True,2026-02-19T10:56:46.024375
2026-08-10,CKG,arrival,00:55,PEK Beijing,HU7367,Hainan Airlines,text,Duration: 2h 50m,,True,2026-02-19T10:56:46.024381
2026-08-10,CKG,arrival,01:00,LHW Lanzhou,3U8020,Sichuan Airlines,text,Duration: 2h 5m,,True,2026-02-19T10:56:46.024386
2026-08-10,CKG,arrival,01:00,ZHA Zhanjiang,CA4360,Air China,text,Duration: 2h 35m,,True,2026-02-19T10:56:46.024505
2026-08-10,CKG,arrival,01:00,KRL Korla,G54006,Gestair,text,Duration: 3h 40m,,True,2026-02-19T10:56:46.024523
2026-08-10,CKG,arrival,01:00,ICN Seoul,OZ353,Asiana,text,Duration: 4h 5m,,True,2026-02-19T10:56:46.024529
2026-08-10,CKG,arrival,01:00,XMN Xiamen,SC2139,Shandong Airlines,text,Duration: 2h 35m,,True,2026-02-19T10:56:46.024534
2026-08-10,CKG,arrival,01:00,NKG Nanjing,ZH9591,Shenzhen Airlines,text,Duration: 2h 25m,,True,2026-02-19T10:56:46.024540
2026-08-10,CKG,arrival,01:05,TYN Taiyuan,3U8052,Sichuan Airlines,text,Duration: 2h 25m,,True,2026-02-19T10:56:46.024545
2026-08-10,CKG,arrival,01:05,DMK Bangkok,SL930,Thai Lion Air,text,Duration: 3h 10m,,True,2026-02-19T10:56:46.024550
2026-08-10,CKG,arrival,01:10,HUZ Huizhou,OQ2338,Chongqing Airlines,text,Duration: 2h 15m,,True,2026-02-19T10:56:46.024556
2026-08-10,CKG,arrival,01:10,SJW Shijiazhuang,PN6336,West Air (China),text,Duration: 2h 25m,,True,2026-02-19T10:56:46.024561
2026-08-10,CKG,arrival,01:15,SQD Shangrao,GS6596,Tianjin Airlines,text,Duration: 2h 35m,,True,2026-02-19T10:56:46.024566
2026-08-10,CKG,arrival,01:15,KRL Korla,PN6388,West Air (China),text,Duration: 4h 0m,,True,2026-02-19T10:56:46.024680
2026-08-10,CKG,arrival,01:15,SIN Singapore,SQ818,Singapore Airlines,text,Duration: 5h 10m,,True,2026-02-19T10:56:46.024700
2026-08-10,CKG,arrival,01:20,LJG Lijiang,3U8012,Sichuan Airlines,text,Duration: 1h 40m,,True,2026-02-19T10:56:46.024707
2026-08-10,CKG,arrival,01:25,PVG Shanghai,PN6438,West Air (China),text,Duration: 2h 55m,,True,2026-02-19T10:56:46.024712
2026-08-10,CKG,arrival,01:30,BHY Beihai,3U8122,Sichuan Airlines,text,Duration: 1h 45m,,True,2026-02-19T10:56:46.024717
2026-08-10,CKG,arrival,01:30,HAK Haikou,PN6532,West Air (China),text,Duration: 2h 20m,,True,2026-02-19T10:56:46.024722
2026-08-10,CKG,arrival,01:30,ZUH Zhuhai,PN6264,West Air (China),text,Duration: 2h 20m,,True,2026-02-19T10:56:46.024728
2026-08-10,CKG,arrival,01:35,KHG Kashi,CA4278,Air China,text,Duration: 5h 15m,,True,2026-02-19T10:56:46.024733
2026-08-10,CKG,arrival,01:35,CGO Zhengzhou,PN6274,West Air (China),text,Duration: 2h 0m,,True,2026-02-19T10:56:46.024739
2026-08-10,CKG,arrival,01:45,KHN Nanchang,PN6256,West Air (China),text,Duration: 2h 5m,,True,2026-02-19T10:56:46.024744
2026-08-10,CKG,arrival,01:55,PEK Beijing,3U8834,Sichuan Airlines,text,Duration: 2h 50m,,True,2026-02-19T10:56:46.024856
2026-08-10,CKG,arrival,01:55,TAO Qingdao,3U8152,Sichuan Airlines,text,Duration: 2h 45m,,True,2026-02-19T10:56:46.024873
2026-08-10,CKG,arrival,01:55,CAN Guangzhou,PN6206,West Air (China),text,Duration: 2h 15m,,True,2026-02-19T10:56:46.024881
2026-08-10,CKG,arrival,01:55,NKG Nanjing,PN6260,West Air (China),text,Duration: 2h 15m,,True,2026-02-19T10:56:46.024886
2026-08-10,CKG,arrival,01:55,SYX Sanya,PN6214,West Air (China),text,Duration: 2h 30m,,True,2026-02-19T10:56:46.024891
2026-08-10,CKG,arrival,01:55,SZX Shenzhen,PN6230,West Air (China),text,Duration: 2h 20m,,True,2026-02-19T10:56:46.024897
2026-08-10,CKG,arrival,01:55,URC Urumqi,PN6262,West Air (China),text,Duration: 3h 55m,,True,2026-02-19T10:56:46.024903
2026-08-10,CKG,arrival,01:55,WNZ Wenzhou,PN6434,West Air (China),text,Duration: 2h 55m,,True,2026-02-19T10:56:46.024908
2026-08-10,CKG,arrival,02:05,PVG Shanghai,9C6107,Spring Airlines,text,Duration: 3h 5m,,True,2026-02-19T10:56:46.024913
2026-08-10,CKG,arrival,03:50,SGN Ho Chi Minh City,CA408,Air China,text,Duration: 3h 30m,,True,2026-02-19T10:56:46.024919
2026-08-10,CKG,arrival,05:00,HKT Phuket,3U3706,Sichuan Airlines,text,Duration: 4h 5m,,True,2026-02-19T10:56:46.025023
2026-08-10,CKG,arrival,05:00,MAD Madrid,HU728,Hainan Airlines,text,Duration: 11h 55m,,True,2026-02-19T10:56:46.025039
2026-08-10,CKG,arrival,05:00,BKK Bangkok,OQ2362,Chongqing Airlines,text,Duration: 3h 30m,,True,2026-02-19T10:56:46.025044
2026-08-10,CKG,arrival,05:15,HKT Phuket,3U3706,Sichuan Airlines,text,Duration: 3h 45m,,True,2026-02-19T10:56:46.025049
2026-08-10,CKG,arrival,05:15,KUL Kuala Lumpur,3U3774,Sichuan Airlines,text,Duration: 4h 30m,,True,2026-02-19T10:56:46.025055
2026-08-10,CKG,arrival,05:40,SIN Singapore,PN6444,West Air (China),text,Duration: 5h 0m,,True,2026-02-19T10:56:46.025061
2026-08-10,CKG,arrival,06:10,PEN Penang,OQ2196,Chongqing Airlines,text,Duration: 4h 40m,,True,2026-02-19T10:56:46.025066
2026-08-10,CKG,arrival,08:25,KMG Kunming,3U8283,Sichuan Airlines,text,Duration: 1h 45m,,True,2026-02-19T10:56:46.025072
2026-08-10,CKG,arrival,08:25,KUL Kuala Lumpur,OQ2192,Chongqing Airlines,text,Duration: 4h 55m,,True,2026-02-19T10:56:46.025077
2026-08-10,CKG,arrival,08:30,KMG Kunming,8L9857,Lucky Air,text,Duration: 1h 35m,,True,2026-02-19T10:56:46.025083
2026-08-10,CKG,arrival,08:45,CSX Changsha,BK2923,OkAir,text,Duration: 1h 45m,,True,2026-02-19T10:56:46.025185
2026-08-10,CKG,arrival,08:50,SZX Shenzhen,9C8613,Spring Airlines,text,Duration: 2h 15m,,True,2026-02-19T10:56:46.025199
2026-08-10,CKG,arrival,08:55,WUH Wuhan,CZ6175,China Southern,text,Duration: 1h 35m,,True,2026-02-19T10:56:46.025205
2026-08-10,CKG,arrival,08:55,HGH Hangzhou,GJ8691,Loong Air,text,Duration: 2h 25m,,True,2026-02-19T10:56:46.025210
2026-08-10,CKG,arrival,09:05,CAN Guangzhou,3U8750,Sichuan Airlines,text,Duration: 2h 10m,,True,2026-02-19T10:56:46.025215
2026-08-10,CKG,arrival,09:15,BAV Baotou,G54180,Gestair,text,Duration: 2h 15m,,True,2026-02-19T10:56:46.025220
2026-08-10,CKG,arrival,09:20,INC Yinchuan,CA4270,Air China,text,Duration: 2h 0m,,True,2026-02-19T10:56:46.025226
2026-08-10,CKG,arrival,09:20,TSN Tianjin,GS7773,Tianjin Airlines,text,Duration: 2h 55m,,True,2026-02-19T10:56:46.025231
2026-08-10,CKG,arrival,09:20,JNG Jining,GX8892,GX Airlines,text,Duration: 2h 20m,,True,2026-02-19T10:56:46.025236
2026-08-10,CKG,arrival,09:30,TNA Jinan,3U8056,Sichuan Airlines,text,Duration: 2h 10m,,True,2026-02-19T10:56:46.025241
2026-08-10,CKG,arrival,09:30,XIY Xian,MU2261,China Eastern,text,Duration: 1h 30m,,True,2026-02-19T10:56:46.025341
2026-08-10,CKG,arrival,09:35,LUM Mangshi,DR5311,Ruili Airlines,text,Duration: 1h 55m,,True,2026-02-19T10:56:46.025348
2026-08-10,CKG,arrival,09:35,CAN Guangzhou,HU7141,Hainan Airlines,text,Duration: 2h 10m,,True,2026-02-19T10:56:46.025353
2026-08-10,CKG,arrival,09:35,CZX Changzhou,MU2903,China Eastern,text,Duration: 2h 15m,,True,2026-02-19T10:56:46.025359
2026-08-10,CKG,arrival,09:35,KMG Kunming,MU5865,China Eastern,text,Duration: 1h 30m,,True,2026-02-19T10:56:46.025364
2026-08-10,CKG,arrival,09:40,SZX Shenzhen,HU7157,Hainan Airlines,text,Duration: 2h 10m,,True,2026-02-19T10:56:46.025369
2026-08-10,CKG,arrival,09:40,CAN Guangzhou,JD5227,Capital Airlines,text,Duration: 2h 0m,,True,2026-02-19T10:56:46.025374
2026-08-10,CKG,arrival,09:40,XMN Xiamen,MF8403,XiamenAir,text,Duration: 2h 35m,,True,2026-02-19T10:56:46.025380
2026-08-10,CKG,arrival,09:40,WUX Wuxi,MU9765,China Eastern,text,Duration: 2h 25m,,True,2026-02-19T10:56:46.025385
2026-08-10,CKG,arrival,09:40,HYN Taizhou,OQ2014,Chongqing Airlines,text,Duration: 2h 40m,,True,2026-02-19T10:56:46.025390
2026-08-10,CKG,arrival,09:40,KHN Nanchang,ZH8845,Shenzhen Airlines,text,Duration: 2h 15m,,True,2026-02-19T10:56:46.025469
2026-08-10,CKG,arrival,09:45,HGH Hangzhou,3U3179,Sichuan Airlines,text,Duration: 2h 40m,,True,2026-02-19T10:56:46.025476
2026-08-10,CKG,arrival,09:45,YTY Yangzhou,9C6195,Spring Airlines,text,Duration: 2h 40m,,True,2026-02-19T10:56:46.025481
2026-08-10,CKG,arrival,09:45,NNG Nanning,CZ5835,China Southern,text,Duration: 1h 40m,,True,2026-02-19T10:56:46.025487
2026-08-10,CKG,arrival,09:45,HGH Hangzhou,JD5691,Capital Airlines,text,Duration: 2h 40m,,True,2026-02-19T10:56:46.025492
2026-08-10,CKG,arrival,09:50,PEK Beijing,CA1437,Air China,text,Duration: 2h 50m,,True,2026-02-19T10:56:46.025498
2026-08-10,CKG,arrival,09:50,JJN Jinjiang,MF8611,XiamenAir,text,Duration: 2h 40m,,True,2026-02-19T10:56:46.025503
2026-08-10,CKG,arrival,09:50,TAO Qingdao,SC4831,Shandong Airlines,text,Duration: 2h 40m,,True,2026-02-19T10:56:46.025509
2026-08-10,CKG,arrival,09:50,XMN Xiamen,SC2135,Shandong Airlines,text,Duration: 2h 55m,,True,2026-02-19T10:56:46.025514
2026-08-10,CKG,arrival,09:55,HGH Hangzhou,CA1759,Air China,text,Duration: 2h 25m,,True,2026-02-19T10:56:46.025520
2026-08-10,CKG,arrival,09:55,SZX Shenzhen,CA4368,Air China,text,Duration: 2h 10m,,True,2026-02-19T10:56:46.025599
2026-08-10,CKG,arrival,09:55,HAK Haikou,HU786,Hainan Airlines,text,Duration: 2h 25m,,True,2026-02-19T10:56:46.025606
2026-08-10,CKG,arrival,09:55,PKX Beijing,MU6681,China Eastern,text,Duration: 2h 40m,,True,2026-02-19T10:56:46.025611
2026-08-10,CKG,arrival,10:00,CSX Changsha,CZ3421,China Southern,text,Duration: 1h 45m,,True,2026-02-19T10:56:46.025617
2026-08-10,CKG,arrival,10:05,CAN Guangzhou,CA4354,Air China,text,Duration: 2h 0m,,True,2026-02-19T10:56:46.025622
2026-08-10,CKG,arrival,10:05,SYX Sanya,CZ6227,China Southern,text,Duration: 2h 40m,,True,2026-02-19T10:56:46.025627
2026-08-10,CKG,arrival,10:05,TSN Tianjin,MF8622,XiamenAir,text,Duration: 2h 45m,,True,2026-02-19T10:56:46.025633
2026-08-10,CKG,arrival,10:10,WUH Wuhan,CZ3627,China Southern,text,Duration: 1h 45m,,True,2026-02-19T10:56:46.025638
2026-08-10,CKG,arrival,10:10,DMK Bangkok,FD556,Thai AirAsia,text,Duration: 3h 10m,,True,2026-02-19T10:56:46.025644
2026-08-10,CKG,arrival,10:10,FOC Fuzhou,MF8461,XiamenAir,text,Duration: 2h 40m,,True,2026-02-19T10:56:46.025649
2026-08-10,CKG,arrival,10:20,CAN Guangzhou,CZ3463,China Southern,text,Duration: 2h 10m,,True,2026-02-19T10:56:46.025726
2026-08-10,CKG,arrival,10:20,PKX Beijing,JD5755,Capital Airlines,text,Duration: 2h 45m,,True,2026-02-19T10:56:46.025733
2026-08-10,CKG,arrival,10:25,SYX Sanya,HU7349,Hainan Airlines,text,Duration: 2h 35m,,True,2026-02-19T10:56:46.025739
2026-08-10,CKG,arrival,10:25,HGH Hangzhou,MF8471,XiamenAir,text,Duration: 2h 35m,,True,2026-02-19T10:56:46.025744
2026-08-10,CKG,arrival,10:25,NKG Nanjing,MU2925,China Eastern,text,Duration: 2h 30m,,True,2026-02-19T10:56:46.025749
2026-08-10,CKG,arrival,10:30,HAK Haikou,CZ6313,China Southern,text,Duration: 2h 20m,,True,2026-02-19T10:56:46.025754
2026-08-10,CKG,arrival,10:30,SZX Shenzhen,CZ3465,China Southern,text,Duration: 2h 20m,,True,2026-02-19T10:56:46.025760
2026-08-10,CKG,arrival,10:30,YIW Yiwu,CZ3887,China Southern,text,Duration: 2h 35m,,True,2026-02-19T10:56:46.025765
2026-08-10,CKG,arrival,10:30,PVG Shanghai,HO1249,Juneyao Airlines,text,Duration: 3h 5m,,True,2026-02-19T10:56:46.025771
2026-08-10,CKG,arrival,10:30,HFE Hefei,MU5483,China Eastern,text,Duration: 2h 5m,,True,2026-02-19T10:56:46.025776
2026-08-10,CKG,arrival,10:35,WNZ Wenzhou,CA8303,Air China,text,Duration: 2h 30m,,True,2026-02-19T10:56:46.025854
2026-08-10,CKG,arrival,10:35,SJW Shijiazhuang,NS3239,Hebei Airlines,text,Duration: 2h 20m,,True,2026-02-19T10:56:46.025860
2026-08-10,CKG,arrival,10:40,PEK Beijing,CA1431,Air China,text,Duration: 2h 40m,,True,2026-02-19T10:56:46.025865
2026-08-10,CKG,arrival,10:40,PKX Beijing,CA8651,Air China,text,Duration: 3h 0m,,True,2026-02-19T10:56:46.025870
2026-08-10,CKG,arrival,10:40,CGO Zhengzhou,CZ3479,China Southern,text,Duration: 2h 0m,,True,2026-02-19T10:56:46.025876
2026-08-10,CKG,arrival,10:40,ZUH Zhuhai,CZ8285,China Southern,text,Duration: 2h 20m,,True,2026-02-19T10:56:46.025881
2026-08-10,CKG,arrival,10:40,HUZ Huizhou,OQ2344,Chongqing Airlines,text,Duration: 2h 20m,,True,2026-02-19T10:56:46.025886
2026-08-10,CKG,arrival,10:45,TSN Tianjin,CA2861,Air China,text,Duration: 2h 55m,,True,2026-02-19T10:56:46.025891
2026-08-10,CKG,arrival,10:45,WNZ Wenzhou,KN5297,China United Airlines,text,Duration: 2h 55m,,True,2026-02-19T10:56:46.025897
2026-08-10,CKG,arrival,10:45,SZX Shenzhen,ZH9461,Shenzhen Airlines,text,Duration: 2h 20m,,True,2026-02-19T10:56:46.025902
2026-08-10,CKG,arrival,10:50,NNG Nanning,3U8138,Sichuan Airlines,text,Duration: 1h 25m,,True,2026-02-19T10:56:46.025978
2026-08-10,CKG,arrival,10:50,PKX Beijing,OQ2002,Chongqing Airlines,text,Duration: 2h 25m,,True,2026-02-19T10:56:46.025985
2026-08-10,CKG,arrival,10:55,SHA Shanghai,9C8897,Spring Airlines,text,Duration: 3h 5m,,True,2026-02-19T10:56:46.025990
2026-08-10,CKG,arrival,10:55,NTG Nantong,DZ6293,Donghai Airlines,text,Duration: 2h 25m,,True,2026-02-19T10:56:46.025995
2026-08-10,CKG,arrival,10:55,PEK Beijing,HU7167,Hainan Airlines,text,Duration: 2h 55m,,True,2026-02-19T10:56:46.026001
2026-08-10,CKG,arrival,11:00,HKG Hong Kong,CX928,Cathay Pacific,text,Duration: 2h 50m,,True,2026-02-19T10:56:46.026006
2026-08-10,CKG,arrival,11:00,PKX Beijing,CZ8917,China Southern,text,Duration: 2h 45m,,True,2026-02-19T10:56:46.026012
2026-08-10,CKG,arrival,11:00,WUX Wuxi,ZH9551,Shenzhen Airlines,text,Duration: 2h 40m,,True,2026-02-19T10:56:46.026017
2026-08-10,CKG,arrival,11:05,DLC Dalian,CZ6579,China Southern,text,Duration: 3h 35m,,True,2026-02-19T10:56:46.026022
2026-08-10,CKG,arrival,11:05,FOC Fuzhou,EU2267,Chengdu Airlines,text,Duration: 3h 10m,,True,2026-02-19T10:56:46.026028
2026-08-10,CKG,arrival,11:05,BPX Bangda,PN6216,West Air (China),text,Duration: 1h 55m,,True,2026-02-19T10:56:46.026104
2026-08-10,CKG,arrival,11:10,HAK Haikou,EU2738,Chengdu Airlines,text,Duration: 2h 5m,,True,2026-02-19T10:56:46.026111
2026-08-10,CKG,arrival,11:20,NKG Nanjing,MU2663,China Eastern,text,Duration: 2h 20m,,True,2026-02-19T10:56:46.026116
2026-08-10,CKG,arrival,11:20,NTG Nantong,ZH8671,Shenzhen Airlines,text,Duration: 2h 50m,,True,2026-02-19T10:56:46.026121
2026-08-10,CKG,arrival,11:25,TNA Jinan,SC8803,Shandong Airlines,text,Duration: 2h 25m,,True,2026-02-19T10:56:46.026126
2026-08-10,CKG,arrival,11:40,PEK Beijing,CA1429,Air China,text,Duration: 2h 40m,,True,2026-02-19T10:56:46.026131
2026-08-10,CKG,arrival,11:45,PVG Shanghai,9C7297,Spring Airlines,text,Duration: 2h 45m,,True,2026-02-19T10:56:46.026136
2026-08-10,CKG,arrival,11:45,TSN Tianjin,BK3121,OkAir,text,Duration: 3h 0m,,True,2026-02-19T10:56:46.026142
2026-08-10,CKG,arrival,11:45,PVG Shanghai,MU5423,China Eastern,text,Duration: 2h 45m,,True,2026-02-19T10:56:46.026147
2026-08-10,CKG,arrival,11:50,SYX Sanya,3U3209,Sichuan Airlines,text,Duration: 2h 25m,,True,2026-02-19T10:56:46.026152
2026-08-10,CKG,arrival,11:50,PVG Shanghai,CA8543,Air China,text,Duration: 2h 50m,,True,2026-02-19T10:56:46.026228
2026-08-10,CKG,arrival,11:50,YYA Yueyang,GY7267,Colorful GuiZhou Airlines,text,Duration: 1h 25m,,True,2026-02-19T10:56:46.026236
2026-08-10,CKG,arrival,11:50,BPX Bangda,TV9908,Tibet Airlines,text,Duration: 1h 50m,,True,2026-02-19T10:56:46.026241
2026-08-10,CKG,arrival,11:55,SWA Jieyang,3U8006,Sichuan Airlines,text,Duration: 2h 20m,,True,2026-02-19T10:56:46.026247
2026-08-10,CKG,arrival,11:55,ZUH Zhuhai,3U8048,Sichuan Airlines,text,Duration: 2h 5m,,True,2026-02-19T10:56:46.026252
2026-08-10,CKG,arrival,11:55,SHA Shanghai,MU9195,China Eastern,text,Duration: 2h 45m,,True,2026-02-19T10:56:46.026257
2026-08-10,CKG,arrival,12:00,KHN Nanchang,CA4562,Air China,text,Duration: 1h 50m,,True,2026-02-19T10:56:46.026263
2026-08-10,CKG,arrival,12:05,SJW Shijiazhuang,PN6350,West Air (China),text,Duration: 2h 35m,,True,2026-02-19T10:56:46.026268
2026-08-10,CKG,arrival,12:10,XUZ Xuzhou,G52808,Gestair,text,Duration: 2h 35m,,True,2026-02-19T10:56:46.026274
2026-08-10,CKG,arrival,12:15,SHE Shenyang,CZ6403,China Southern,text,Duration: 4h 0m,,True,2026-02-19T10:56:46.026279
2026-08-10,CKG,arrival,12:20,AKU Aksu,G54683,Gestair,text,Duration: 4h 10m,,True,2026-02-19T10:56:46.026356
2026-08-10,CKG,arrival,12:20,LZY Nyingchi,PN6212,West Air (China),text,Duration: 2h 35m,,True,2026-02-19T10:56:46.026363
2026-08-10,CKG,arrival,12:25,XIY Xian,OQ2304,Chongqing Airlines,text,Duration: 1h 30m,,True,2026-02-19T10:56:46.026368
2026-08-10,CKG,arrival,12:25,TNA Jinan,SC8805,Shandong Airlines,text,Duration: 2h 25m,,True,2026-02-19T10:56:46.026374
2026-08-10,CKG,arrival,12:30,CGQ Changchun,CZ6363,China Southern,text,Duration: 4h 15m,,True,2026-02-19T10:56:46.026379
2026-08-10,CKG,arrival,12:35,YTY Yangzhou,3U8168,Sichuan Airlines,text,Duration: 2h 25m,,True,2026-02-19T10:56:46.026385
2026-08-10,CKG,arrival,12:35,URC Urumqi,CZ6985,China Southern,text,Duration: 3h 50m,,True,2026-02-19T10:56:46.026390
2026-08-10,CKG,arrival,12:35,HAK Haikou,PN6208,West Air (China),text,Duration: 2h 45m,,True,2026-02-19T10:56:46.026395
2026-08-10,CKG,arrival,12:40,FOC Fuzhou,3U8104,Sichuan Airlines,text,Duration: 2h 30m,,True,2026-02-19T10:56:46.026400
2026-08-10,CKG,arrival,12:40,LXA Lhasa/Lasa,3U8634,Sichuan Airlines,text,Duration: 2h 20m,,True,2026-02-19T10:56:46.026406
2026-08-10,CKG,arrival,12:40,NKG Nanjing,3U8042,Sichuan Airlines,text,Duration: 2h 15m,,True,2026-02-19T10:56:46.026483
2026-08-10,CKG,arrival,12:40,URC Urumqi,CA780,Air China,text,Duration: 4h 10m,,True,2026-02-19T10:56:46.026490
2026-08-10,CKG,arrival,12:40,FOC Fuzhou,MF8485,XiamenAir,text,Duration: 2h 45m,,True,2026-02-19T10:56:46.026495
2026-08-10,CKG,arrival,12:45,SZX Shenzhen,3U8782,Sichuan Airlines,text,Duration: 2h 20m,,True,2026-02-19T10:56:46.026500
2026-08-10,CKG,arrival,12:45,WNZ Wenzhou,3U8034,Sichuan Airlines,text,Duration: 2h 20m,,True,2026-02-19T10:56:46.026506
2026-08-10,CKG,arrival,12:45,DLU Dali City,CA4482,Air China,text,Duration: 2h 0m,,True,2026-02-19T10:56:46.026511
2026-08-10,CKG,arrival,12:45,XMN Xiamen,MF8413,XiamenAir,text,Duration: 2h 40m,,True,2026-02-19T10:56:46.026517
2026-08-10,CKG,arrival,12:50,LXA Lhasa/Lasa,CA4419,Air China,text,Duration: 2h 30m,,True,2026-02-19T10:56:46.026522
2026-08-10,CKG,arrival,12:50,NKG Nanjing,CA4546,Air China,text,Duration: 2h 30m,,True,2026-02-19T10:56:46.026527
2026-08-10,CKG,arrival,12:50,SHA Shanghai,MU5425,China Eastern,text,Duration: 2h 45m,,True,2026-02-19T10:56:46.026532
2026-08-10,CKG,arrival,12:50,HAK Haikou,OQ2342,Chongqing Airlines,text,Duration: 2h 15m,,True,2026-02-19T10:56:46.026609
2026-08-10,CKG,arrival,12:55,NGB Ningbo,3U8110,Sichuan Airlines,text,Duration: 2h 30m,,True,2026-02-19T10:56:46.026616
2026-08-10,CKG,arrival,12:55,TSN Tianjin,3U8014,Sichuan Airlines,text,Duration: 2h 40m,,True,2026-02-19T10:56:46.026621
2026-08-10,CKG,arrival,12:55,HFE Hefei,CA4564,Air China,text,Duration: 2h 10m,,True,2026-02-19T10:56:46.026626
2026-08-10,CKG,arrival,12:55,SZX Shenzhen,CA4344,Air China,text,Duration: 2h 15m,,True,2026-02-19T10:56:46.026632
2026-08-10,CKG,arrival,12:55,YIW Yiwu,GY7277,Colorful GuiZhou Airlines,text,Duration: 2h 35m,,True,2026-02-19T10:56:46.026637
2026-08-10,CKG,arrival,13:00,SWA Jieyang,CZ5753,China Southern,text,Duration: 2h 35m,,True,2026-02-19T10:56:46.026642
2026-08-10,CKG,arrival,13:00,YNZ Yancheng,G52822,Gestair,text,Duration: 2h 45m,,True,2026-02-19T10:56:46.026647
2026-08-10,CKG,arrival,13:00,WUX Wuxi,HO2013,Juneyao Airlines,text,Duration: 2h 30m,,True,2026-02-19T10:56:46.026653
2026-08-10,CKG,arrival,13:00,LZY Nyingchi,TV9870,Tibet Airlines,text,Duration: 2h 0m,,True,2026-02-19T10:56:46.026658
2026-08-10,CKG,arrival,13:05,PKX Beijing,CZ8911,China Southern,text,Duration: 3h 10m,,True,2026-02-19T10:56:46.026733
2026-08-10,CKG,arrival,13:05,LYG Lianyungang,G52836,Gestair,text,Duration: 2h 45m,,True,2026-02-19T10:56:46.026741
2026-08-10,CKG,arrival,13:05,NGB Ningbo,GJ8397,Loong Air,text,Duration: 3h 0m,,True,2026-02-19T10:56:46.026746
2026-08-10,CKG,arrival,13:20,HGH Hangzhou,3U8082,Sichuan Airlines,text,Duration: 2h 40m,,True,2026-02-19T10:56:46.026751
2026-08-10,CKG,arrival,13:20,LXA Lhasa/Lasa,TV9814,Tibet Airlines,text,Duration: 2h 30m,,True,2026-02-19T10:56:46.026757
2026-08-10,CKG,arrival,13:25,SZX Shenzhen,HU7457,Hainan Airlines,text,Duration: 2h 25m,,True,2026-02-19T10:56:46.026762
2026-08-10,CKG,arrival,13:25,LZY Nyingchi,OQ2044,Chongqing Airlines,text,Duration: 2h 10m,,True,2026-02-19T10:56:46.026768
2026-08-10,CKG,arrival,13:25,SZX Shenzhen,OQ2336,Chongqing Airlines,text,Duration: 2h 40m,,True,2026-02-19T10:56:46.026773
2026-08-10,CKG,arrival,13:30,WUX Wuxi,3U8026,Sichuan Airlines,text,Duration: 2h 15m,,True,2026-02-19T10:56:46.026778
2026-08-10,CKG,arrival,13:35,DLU Dali City,OQ2348,Chongqing Airlines,text,Duration: 1h 35m,,True,2026-02-19T10:56:46.026784
2026-08-10,CKG,arrival,13:40,PEK Beijing,3U8830,Sichuan Airlines,text,Duration: 2h 45m,,True,2026-02-19T10:56:46.026861
2026-08-10,CKG,arrival,13:45,XMN Xiamen,3U8090,Sichuan Airlines,text,Duration: 3h 5m,,True,2026-02-19T10:56:46.026868
2026-08-10,CKG,arrival,13:45,WUH Wuhan,CZ6291,China Southern,text,Duration: 1h 55m,,True,2026-02-19T10:56:46.026873
2026-08-10,CKG,arrival,13:45,SZX Shenzhen,ZH9463,Shenzhen Airlines,text,Duration: 2h 25m,,True,2026-02-19T10:56:46.026879
2026-08-10,CKG,arrival,13:50,BHY Beihai,3U8124,Sichuan Airlines,text,Duration: 1h 50m,,True,2026-02-19T10:56:46.026884
2026-08-10,CKG,arrival,13:50,PVG Shanghai,3U8972,Sichuan Airlines,text,Duration: 2h 45m,,True,2026-02-19T10:56:46.026889
2026-08-10,CKG,arrival,13:50,CAN Guangzhou,CA4362,Air China,text,Duration: 2h 20m,,True,2026-02-19T10:56:46.026895
2026-08-10,CKG,arrival,13:50,NGB Ningbo,CA4550,Air China,text,Duration: 2h 45m,,True,2026-02-19T10:56:46.026900
2026-08-10,CKG,arrival,13:50,PEK Beijing,CA4148,Air China,text,Duration: 2h 50m,,True,2026-02-19T10:56:46.026905
2026-08-10,CKG,arrival,13:55,TSN Tianjin,OQ2082,Chongqing Airlines,text,Duration: 3h 15m,,True,2026-02-19T10:56:46.026911
2026-08-10,CKG,arrival,14:00,IQN Qingyang,NS8067,Hebei Airlines,text,Duration: 1h 40m,,True,2026-02-19T10:56:46.026986
2026-08-10,CKG,arrival,14:00,CAN Guangzhou,OQ2306,Chongqing Airlines,text,Duration: 2h 20m,,True,2026-02-19T10:56:46.026993
2026-08-10,CKG,arrival,14:10,SYX Sanya,HU7339,Hainan Airlines,text,Duration: 2h 20m,,True,2026-02-19T10:56:46.026998
2026-08-10,CKG,arrival,14:10,KMG Kunming,MU5863,China Eastern,text,Duration: 1h 35m,,True,2026-02-19T10:56:46.027004
2026-08-10,CKG,arrival,14:10,PVG Shanghai,MU5427,China Eastern,text,Duration: 3h 15m,,True,2026-02-19T10:56:46.027009
2026-08-10,CKG,arrival,14:15,HGH Hangzhou,CA4554,Air China,text,Duration: 3h 5m,,True,2026-02-19T10:56:46.027015
2026-08-10,CKG,arrival,14:15,HAK Haikou,HU7271,Hainan Airlines,text,Duration: 2h 15m,,True,2026-02-19T10:56:46.027020
2026-08-10,CKG,arrival,14:15,TAO Qingdao,SC4835,Shandong Airlines,text,Duration: 3h 5m,,True,2026-02-19T10:56:46.027025
2026-08-10,CKG,arrival,14:20,JJN Jinjiang,MF8865,XiamenAir,text,Duration: 2h 35m,,True,2026-02-19T10:56:46.027031
2026-08-10,CKG,arrival,14:20,MFM Macau,NX182,Air Macau,text,Duration: 2h 35m,,True,2026-02-19T10:56:46.027036
2026-08-10,CKG,arrival,14:25,INC Yinchuan,3U8284,Sichuan Airlines,text,Duration: 1h 50m,,True,2026-02-19T10:56:46.027125
2026-08-10,CKG,arrival,14:25,NGB Ningbo,9C7470,Spring Airlines,text,Duration: 3h 5m,,True,2026-02-19T10:56:46.027132
2026-08-10,CKG,arrival,14:25,SHA Shanghai,MF8582,XiamenAir,text,Duration: 2h 45m,,True,2026-02-19T10:56:46.027137
2026-08-10,CKG,arrival,14:30,PEK Beijing,CA4132,Air China,text,Duration: 2h 45m,,True,2026-02-19T10:56:46.027143
2026-08-10,CKG,arrival,14:35,XIC Xichang,G54516,Gestair,text,Duration: 1h 30m,,True,2026-02-19T10:56:46.027148
2026-08-10,CKG,arrival,14:35,PKX Beijing,OQ2147,Chongqing Airlines,text,Duration: 2h 55m,,True,2026-02-19T10:56:46.027154
2026-08-10,CKG,arrival,14:40,SHA Shanghai,CA4544,Air China,text,Duration: 2h 55m,,True,2026-02-19T10:56:46.027159
2026-08-10,CKG,arrival,14:40,TNA Jinan,PN6266,West Air (China),text,Duration: 2h 25m,,True,2026-02-19T10:56:46.027164
2026-08-10,CKG,arrival,14:45,TEN Tongren,G54662,Gestair,text,Duration: 1h 20m,,True,2026-02-19T10:56:46.027169
2026-08-10,CKG,arrival,14:45,LYA Luoyang,QW6053,Qingdao Airlines,text,Duration: 1h 45m,,True,2026-02-19T10:56:46.027174
2026-08-10,CKG,arrival,14:50,XMN Xiamen,CA4566,Air China,text,Duration: 2h 35m,,True,2026-02-19T10:56:46.027254
2026-08-10,CKG,arrival,14:50,YCU Yuncheng,MF8786,XiamenAir,text,Duration: 1h 55m,,True,2026-02-19T10:56:46.027261
2026-08-10,CKG,arrival,14:55,PVG Shanghai,CA4576,Air China,text,Duration: 2h 40m,,True,2026-02-19T10:56:46.027266
2026-08-10,CKG,arrival,15:00,SHE Shenyang,3U8038,Sichuan Airlines,text,Duration: 3h 40m,,True,2026-02-19T10:56:46.027271
2026-08-10,CKG,arrival,15:00,ZAT Zhaotong,G54604,Gestair,text,Duration: 1h 10m,,True,2026-02-19T10:56:46.027277
2026-08-10,CKG,arrival,15:00,LIJ Lishui,HU7404,Hainan Airlines,text,Duration: 3h 10m,,True,2026-02-19T10:56:46.027282
2026-08-10,CKG,arrival,15:05,TVS Tangshan,GT1077,Air Guilin,text,Duration: 3h 5m,,True,2026-02-19T10:56:46.027287
2026-08-10,CKG,arrival,15:05,CAN Guangzhou,HU7341,Hainan Airlines,text,Duration: 2h 25m,,True,2026-02-19T10:56:46.027292
2026-08-10,CKG,arrival,15:05,NKG Nanjing,OQ2322,Chongqing Airlines,text,Duration: 3h 0m,,True,2026-02-19T10:56:46.027298
2026-08-10,CKG,arrival,15:10,INC Yinchuan,CA4268,Air China,text,Duration: 2h 0m,,True,2026-02-19T10:56:46.027303
2026-08-10,CKG,arrival,15:10,KUL Kuala Lumpur,MF8712,XiamenAir,text,Duration: 4h 30m,,True,2026-02-19T10:56:46.027379
2026-08-10,CKG,arrival,15:10,DOH Doha,QR880,Qatar Airways,text,Duration: 8h 5m,,True,2026-02-19T10:56:46.027386
2026-08-10,CKG,arrival,15:15,PVG Shanghai,OQ2308,Chongqing Airlines,text,Duration: 3h 15m,,True,2026-02-19T10:56:46.027391
2026-08-10,CKG,arrival,15:20,CAN Guangzhou,CZ3485,China Southern,text,Duration: 2h 10m,,True,2026-02-19T10:56:46.027397
2026-08-10,CKG,arrival,15:20,XMN Xiamen,HU7412,Hainan Airlines,text,Duration: 2h 45m,,True,2026-02-19T10:56:46.027402
2026-08-10,CKG,arrival,15:20,KHN Nanchang,ZH8853,Shenzhen Airlines,text,Duration: 2h 5m,,True,2026-02-19T10:56:46.027408
2026-08-10,CKG,arrival,15:25,CIH Changzhi,G52720,Gestair,text,Duration: 2h 0m,,True,2026-02-19T10:56:46.027413
2026-08-10,CKG,arrival,15:25,SHA Shanghai,MU5429,China Eastern,text,Duration: 2h 45m,,True,2026-02-19T10:56:46.027419
2026-08-10,CKG,arrival,15:30,SZX Shenzhen,CZ3455,China Southern,text,Duration: 2h 25m,,True,2026-02-19T10:56:46.027424
2026-08-10,CKG,arrival,15:35,CAN Guangzhou,3U8748,Sichuan Airlines,text,Duration: 2h 0m,,True,2026-02-19T10:56:46.027430
2026-08-10,CKG,arrival,15:40,LJG Lijiang,8L9817,Lucky Air,text,Duration: 1h 35m,,True,2026-02-19T10:56:46.027510
2026-08-10,CKG,arrival,15:40,NKG Nanjing,CA4560,Air China,text,Duration: 2h 25m,,True,2026-02-19T10:56:46.027516
2026-08-10,CKG,arrival,15:40,PEK Beijing,CA4138,Air China,text,Duration: 2h 55m,,True,2026-02-19T10:56:46.027521
2026-08-10,CKG,arrival,15:40,BKK Bangkok,HU424,Hainan Airlines,text,Duration: 3h 20m,,True,2026-02-19T10:56:46.027527
2026-08-10,CKG,arrival,15:40,SWA Jieyang,PN6386,West Air (China),text,Duration: 2h 40m,,True,2026-02-19T10:56:46.027532
2026-08-10,CKG,arrival,15:45,PKX Beijing,CZ8815,China Southern,text,Duration: 2h 45m,,True,2026-02-19T10:56:46.027537
2026-08-10,CKG,arrival,15:45,URC Urumqi,CZ6431,China Southern,text,Duration: 3h 55m,,True,2026-02-19T10:56:46.027542
2026-08-10,CKG,arrival,15:45,HGH Hangzhou,MF8475,XiamenAir,text,Duration: 2h 55m,,True,2026-02-19T10:56:46.027547
2026-08-10,CKG,arrival,15:45,HKG Hong Kong,OQ2062,Chongqing Airlines,text,Duration: 2h 20m,,True,2026-02-19T10:56:46.027553
2026-08-10,CKG,arrival,15:45,PVG Shanghai,PN6374,West Air (China),text,Duration: 3h 5m,,True,2026-02-19T10:56:46.027559
2026-08-10,CKG,arrival,15:50,SHE Shenyang,CZ6469,China Southern,text,Duration: 3h 55m,,True,2026-02-19T10:56:46.027635
2026-08-10,CKG,arrival,15:50,UYN Yulin,GX8882,GX Airlines,text,Duration: 1h 50m,,True,2026-02-19T10:56:46.027642
2026-08-10,CKG,arrival,15:50,NKG Nanjing,MU2737,China Eastern,text,Duration: 2h 10m,,True,2026-02-19T10:56:46.027647
2026-08-10,CKG,arrival,15:55,NNG Nanning,3U8140,Sichuan Airlines,text,Duration: 1h 45m,,True,2026-02-19T10:56:46.027653
2026-08-10,CKG,arrival,15:55,HAK Haikou,HU7371,Hainan Airlines,text,Duration: 2h 25m,,True,2026-02-19T10:56:46.027658
2026-08-10,CKG,arrival,16:00,NKG Nanjing,HO1693,Juneyao Airlines,text,Duration: 2h 25m,,True,2026-02-19T10:56:46.027663
2026-08-10,CKG,arrival,16:05,NKG Nanjing,3U8044,Sichuan Airlines,text,Duration: 2h 20m,,True,2026-02-19T10:56:46.027669
2026-08-10,CKG,arrival,16:05,YNT Yantai,QW6031,Qingdao Airlines,text,Duration: 3h 10m,,True,2026-02-19T10:56:46.027674
2026-08-10,CKG,arrival,16:10,TAO Qingdao,SC4833,Shandong Airlines,text,Duration: 3h 0m,,True,2026-02-19T10:56:46.027679
2026-08-10,CKG,arrival,16:15,HRB Harbin,CZ6345,China Southern,text,Duration: 4h 20m,,True,2026-02-19T10:56:46.027684
2026-08-10,CKG,arrival,16:20,CGQ Changchun,CA4016,Air China,text,Duration: 4h 5m,,True,2026-02-19T10:56:46.027760
2026-08-10,CKG,arrival,16:20,DSN Dongsheng,G54390,Gestair,text,Duration: 2h 10m,,True,2026-02-19T10:56:46.027766
2026-08-10,CKG,arrival,16:20,CZX Changzhou,MU2785,China Eastern,text,Duration: 2h 35m,,True,2026-02-19T10:56:46.027771
2026-08-10,CKG,arrival,16:25,SZX Shenzhen,9C8615,Spring Airlines,text,Duration: 2h 30m,,True,2026-02-19T10:56:46.027777
2026-08-10,CKG,arrival,16:25,CAN Guangzhou,AQ1101,9 Air,text,Duration: 2h 15m,,True,2026-02-19T10:56:46.027782
2026-08-10,CKG,arrival,16:25,HRB Harbin,CA4012,Air China,text,Duration: 4h 25m,,True,2026-02-19T10:56:46.027787
2026-08-10,CKG,arrival,16:30,WUX Wuxi,MU9775,China Eastern,text,Duration: 2h 30m,,True,2026-02-19T10:56:46.027792
2026-08-10,CKG,arrival,16:35,CGO Zhengzhou,CZ8715,China Southern,text,Duration: 2h 0m,,True,2026-02-19T10:56:46.027798
2026-08-10,CKG,arrival,16:40,PEK Beijing,CA1439,Air China,text,Duration: 2h 40m,,True,2026-02-19T10:56:46.027803
2026-08-10,CKG,arrival,16:40,CAN Guangzhou,HU7441,Hainan Airlines,text,Duration: 2h 10m,,True,2026-02-19T10:56:46.027808
2026-08-10,CKG,arrival,16:40,NGB Ningbo,MU2395,China Eastern,text,Duration: 2h 45m,,True,2026-02-19T10:56:46.027883
2026-08-10,CKG,arrival,16:45,HGH Hangzhou,CA1761,Air China,text,Duration: 2h 35m,,True,2026-02-19T10:56:46.027890
2026-08-10,CKG,arrival,16:45,RGN Yangon,PN6530,West Air (China),text,Duration: 3h 0m,,True,2026-02-19T10:56:46.027895
2026-08-10,CKG,arrival,16:50,YNT Yantai,3U8174,Sichuan Airlines,text,Duration: 2h 55m,,True,2026-02-19T10:56:46.027901
2026-08-10,CKG,arrival,16:50,SHS Shashi,G54934,Gestair,text,Duration: 1h 30m,,True,2026-02-19T10:56:46.027906
2026-08-10,CKG,arrival,16:55,ICN Seoul,CA440,Air China,text,Duration: 3h 50m,,True,2026-02-19T10:56:46.027911
2026-08-10,CKG,arrival,16:55,XMN Xiamen,MF8423,XiamenAir,text,Duration: 2h 40m,,True,2026-02-19T10:56:46.027916
2026-08-10,CKG,arrival,17:00,HRB Harbin,3U8166,Sichuan Airlines,text,Duration: 4h 20m,,True,2026-02-19T10:56:46.027921
2026-08-10,CKG,arrival,17:00,AKU Aksu,OQ2008,Chongqing Airlines,text,Duration: 4h 20m,,True,2026-02-19T10:56:46.027926
2026-08-10,CKG,arrival,17:05,KTI Phnom Penh,MF8670,XiamenAir,text,Duration: 3h 45m,,True,2026-02-19T10:56:46.027931
2026-08-10,CKG,arrival,17:05,TAO Qingdao,SC4837,Shandong Airlines,text,Duration: 2h 55m,,True,2026-02-19T10:56:46.028015
2026-08-10,CKG,arrival,17:10,JNH Jiaxing,GJ8784,Loong Air,text,Duration: 3h 10m,,True,2026-02-19T10:56:46.028021
2026-08-10,CKG,arrival,17:15,HDG Handan,G54302,Gestair,text,Duration: 2h 20m,,True,2026-02-19T10:56:46.028026
2026-08-10,CKG,arrival,17:25,HKG Hong Kong,CA420,Air China,text,Duration: 2h 35m,,True,2026-02-19T10:56:46.028032
2026-08-10,CKG,arrival,17:25,ENY Yan'an,G54978,Gestair,text,Duration: 1h 30m,,True,2026-02-19T10:56:46.028037
2026-08-10,CKG,arrival,17:25,FOC Fuzhou,MF8489,XiamenAir,text,Duration: 2h 50m,,True,2026-02-19T10:56:46.028043
2026-08-10,CKG,arrival,17:25,TNA Jinan,SC8815,Shandong Airlines,text,Duration: 2h 25m,,True,2026-02-19T10:56:46.028048
2026-08-10,CKG,arrival,17:30,CAN Guangzhou,OQ2318,Chongqing Airlines,text,Duration: 2h 25m,,True,2026-02-19T10:56:46.028053
2026-08-10,CKG,arrival,17:35,CGQ Changchun,CZ8255,China Southern,text,Duration: 4h 25m,,True,2026-02-19T10:56:46.028059
2026-08-10,CKG,arrival,17:40,KRL Korla,3U8142,Sichuan Airlines,text,Duration: 4h 5m,,True,2026-02-19T10:56:46.028065
2026-08-10,CKG,arrival,17:40,LXA Lhasa/Lasa,CZ3464,China Southern,text,Duration: 2h 40m,,True,2026-02-19T10:56:46.028158
2026-08-10,CKG,arrival,17:40,FUG Fuyang,PN6220,West Air (China),text,Duration: 2h 15m,,True,2026-02-19T10:56:46.028168
2026-08-10,CKG,arrival,17:50,CSX Changsha,3U8010,Sichuan Airlines,text,Duration: 1h 25m,,True,2026-02-19T10:56:46.028174
2026-08-10,CKG,arrival,17:50,PEK Beijing,CA1411,Air China,text,Duration: 2h 50m,,True,2026-02-19T10:56:46.028180
2026-08-10,CKG,arrival,17:50,SHA Shanghai,MU9193,China Eastern,text,Duration: 2h 40m,,True,2026-02-19T10:56:46.028185
2026-08-10,CKG,arrival,17:55,WUH Wuhan,3U8156,Sichuan Airlines,text,Duration: 1h 30m,,True,2026-02-19T10:56:46.028190
2026-08-10,CKG,arrival,17:55,DLU Dali City,CA4486,Air China,text,Duration: 2h 0m,,True,2026-02-19T10:56:46.028196
2026-08-10,CKG,arrival,17:55,HET Hohhot,GS6598,Tianjin Airlines,text,Duration: 2h 35m,,True,2026-02-19T10:56:46.028201
2026-08-10,CKG,arrival,17:55,LYI Linyi,OQ2364,Chongqing Airlines,text,Duration: 2h 30m,,True,2026-02-19T10:56:46.028206
2026-08-10,CKG,arrival,18:00,ZHA Zhanjiang,BK3122,OkAir,text,Duration: 2h 10m,,True,2026-02-19T10:56:46.028212
2026-08-10,CKG,arrival,18:00,PKX Beijing,NS8035,Hebei Airlines,text,Duration: 2h 40m,,True,2026-02-19T10:56:46.028320
2026-08-10,CKG,arrival,18:05,CGQ Changchun,OQ2078,Chongqing Airlines,text,Duration: 4h 45m,,True,2026-02-19T10:56:46.028328
2026-08-10,CKG,arrival,18:05,YIC Yichun,PN6578,West Air (China),text,Duration: 1h 50m,,True,2026-02-19T10:56:46.028334
2026-08-10,CKG,arrival,18:05,TAO Qingdao,SC4839,Shandong Airlines,text,Duration: 2h 55m,,True,2026-02-19T10:56:46.028339
2026-08-10,CKG,arrival,18:20,CAN Guangzhou,3U8746,Sichuan Airlines,text,Duration: 2h 15m,,True,2026-02-19T10:56:46.028345
2026-08-10,CKG,arrival,18:25,LHW Lanzhou,G54034,Gestair,text,Duration: 1h 55m,,True,2026-02-19T10:56:46.028350
2026-08-10,CKG,arrival,18:25,HAK Haikou,HU7471,Hainan Airlines,text,Duration: 2h 25m,,True,2026-02-19T10:56:46.028355
2026-08-10,CKG,arrival,18:25,KUL Kuala Lumpur,MF8688,XiamenAir,text,Duration: 4h 35m,,True,2026-02-19T10:56:46.028361
2026-08-10,CKG,arrival,18:25,HET Hohhot,OQ2176,Chongqing Airlines,text,Duration: 2h 20m,,True,2026-02-19T10:56:46.028366
2026-08-10,CKG,arrival,18:30,PKX Beijing,MU6685,China Eastern,text,Duration: 2h 50m,,True,2026-02-19T10:56:46.028371
2026-08-10,CKG,arrival,18:35,CGO Zhengzhou,CZ6353,China Southern,text,Duration: 2h 5m,,True,2026-02-19T10:56:46.028457
2026-08-10,CKG,arrival,18:40,LXA Lhasa/Lasa,3U3180,Sichuan Airlines,text,Duration: 2h 25m,,True,2026-02-19T10:56:46.028464
2026-08-10,CKG,arrival,18:40,PEK Beijing,CA1409,Air China,text,Duration: 2h 40m,,True,2026-02-19T10:56:46.028470
2026-08-10,CKG,arrival,18:40,CAN Guangzhou,CZ3411,China Southern,text,Duration: 2h 20m,,True,2026-02-19T10:56:46.028475
2026-08-10,CKG,arrival,18:40,HET Hohhot,G52826,Gestair,text,Duration: 2h 25m,,True,2026-02-19T10:56:46.028480
2026-08-10,CKG,arrival,18:45,SZX Shenzhen,3U8784,Sichuan Airlines,text,Duration: 2h 15m,,True,2026-02-19T10:56:46.028486
2026-08-10,CKG,arrival,18:45,WUH Wuhan,CZ8421,China Southern,text,Duration: 1h 50m,,True,2026-02-19T10:56:46.028491
2026-08-10,CKG,arrival,18:45,XUZ Xuzhou,G54608,Gestair,text,Duration: 2h 30m,,True,2026-02-19T10:56:46.028496
2026-08-10,CKG,arrival,18:50,YCU Yuncheng,CA4014,Air China,text,Duration: 2h 5m,,True,2026-02-19T10:56:46.028501
2026-08-10,CKG,arrival,18:50,PKX Beijing,CZ8817,China Southern,text,Duration: 2h 50m,,True,2026-02-19T10:56:46.028507
2026-08-10,CKG,arrival,18:50,PVG Shanghai,FM9425,Shanghai Airlines,text,Duration: 2h 45m,,True,2026-02-19T10:56:46.028605
2026-08-10,CKG,arrival,18:50,ZHY Zhongwei,PN6498,West Air (China),text,Duration: 2h 0m,,True,2026-02-19T10:56:46.028613
2026-08-10,CKG,arrival,18:55,SHA Shanghai,9C8995,Spring Airlines,text,Duration: 2h 50m,,True,2026-02-19T10:56:46.028619
2026-08-10,CKG,arrival,18:55,"JUZ Quzhou, Zhejiang Province",G54684,Gestair,text,Duration: 2h 25m,,True,2026-02-19T10:56:46.028626
2026-08-10,CKG,arrival,18:55,HUZ Huizhou,MU6692,China Eastern,text,Duration: 2h 0m,,True,2026-02-19T10:56:46.028631
2026-08-10,CKG,arrival,18:55,HGH Hangzhou,OQ2390,Chongqing Airlines,text,Duration: 3h 0m,,True,2026-02-19T10:56:46.028637
2026-08-10,CKG,arrival,18:55,XMN Xiamen,SC2141,Shandong Airlines,text,Duration: 2h 35m,,True,2026-02-19T10:56:46.028642
2026-08-10,CKG,arrival,19:00,CGO Zhengzhou,3U8160,Sichuan Airlines,text,Duration: 2h 0m,,True,2026-02-19T10:56:46.028648
2026-08-10,CKG,arrival,19:00,KHN Nanchang,RY6681,Jiangxi Airlines,text,Duration: 2h 10m,,True,2026-02-19T10:56:46.028654
2026-08-10,CKG,arrival,19:05,HFE Hefei,3U8198,Sichuan Airlines,text,Duration: 2h 5m,,True,2026-02-19T10:56:46.028659
2026-08-10,CKG,arrival,19:05,WUX Wuxi,ZH9553,Shenzhen Airlines,text,Duration: 2h 45m,,True,2026-02-19T10:56:46.028765
2026-08-10,CKG,arrival,19:10,FOC Fuzhou,HU7264,Hainan Airlines,text,Duration: 3h 0m,,True,2026-02-19T10:56:46.028773
2026-08-10,CKG,arrival,19:10,WNZ Wenzhou,PN6284,West Air (China),text,Duration: 3h 0m,,True,2026-02-19T10:56:46.028778
2026-08-10,CKG,arrival,19:10,SZX Shenzhen,ZH9465,Shenzhen Airlines,text,Duration: 2h 20m,,True,2026-02-19T10:56:46.028785
2026-08-10,CKG,arrival,19:15,CAN Guangzhou,OQ2324,Chongqing Airlines,text,Duration: 2h 20m,,True,2026-02-19T10:56:46.028790
2026-08-10,CKG,arrival,19:25,SYX Sanya,PN6204,West Air (China),text,Duration: 2h 20m,,True,2026-02-19T10:56:46.028796
2026-08-10,CKG,arrival,19:30,WHA Wuhu,3U8072,Sichuan Airlines,text,Duration: 2h 25m,,True,2026-02-19T10:56:46.028801
2026-08-10,CKG,arrival,19:30,CSX Changsha,CZ3825,China Southern,text,Duration: 1h 35m,,True,2026-02-19T10:56:46.028807
2026-08-10,CKG,arrival,19:35,SZX Shenzhen,CZ5919,China Southern,text,Duration: 2h 30m,,True,2026-02-19T10:56:46.028812
2026-08-10,CKG,arrival,19:35,PVG Shanghai,HO1247,Juneyao Airlines,text,Duration: 3h 5m,,True,2026-02-19T10:56:46.028817
2026-08-10,CKG,arrival,19:35,LUM Mangshi,KY3109,Kunming Airlines,text,Duration: 1h 55m,,True,2026-02-19T10:56:46.028906
2026-08-10,CKG,arrival,19:35,SIN Singapore,OQ2096,Chongqing Airlines,text,Duration: 5h 0m,,True,2026-02-19T10:56:46.028914
2026-08-10,CKG,arrival,19:40,SIN Singapore,CA450,Air China,text,Duration: 5h 10m,,True,2026-02-19T10:56:46.028920
2026-08-10,CKG,arrival,19:40,FOC Fuzhou,FU6507,Fuzhou Airline,text,Duration: 2h 40m,,True,2026-02-19T10:56:46.028925
2026-08-10,CKG,arrival,19:45,CAN Guangzhou,CA4350,Air China,text,Duration: 2h 10m,,True,2026-02-19T10:56:46.028931
2026-08-10,CKG,arrival,19:45,PEK Beijing,CA1435,Air China,text,Duration: 2h 45m,,True,2026-02-19T10:56:46.028937
2026-08-10,CKG,arrival,19:45,SHE Shenyang,CZ6465,China Southern,text,Duration: 3h 50m,,True,2026-02-19T10:56:46.028942
2026-08-10,CKG,arrival,19:50,SHA Shanghai,9C8997,Spring Airlines,text,Duration: 2h 50m,,True,2026-02-19T10:56:46.028947
2026-08-10,CKG,arrival,19:50,ZUH Zhuhai,CA4372,Air China,text,Duration: 2h 25m,,True,2026-02-19T10:56:46.028953
2026-08-10,CKG,arrival,19:50,NKG Nanjing,HO1691,Juneyao Airlines,text,Duration: 2h 30m,,True,2026-02-19T10:56:46.028958
2026-08-10,CKG,arrival,19:50,FOC Fuzhou,MF8487,XiamenAir,text,Duration: 2h 40m,,True,2026-02-19T10:56:46.029046
2026-08-10,CKG,arrival,19:50,NKG Nanjing,MU2845,China Eastern,text,Duration: 2h 15m,,True,2026-02-19T10:56:46.029053
2026-08-10,CKG,arrival,19:55,SHA Shanghai,MU5435,China Eastern,text,Duration: 2h 40m,,True,2026-02-19T10:56:46.029059
2026-08-10,CKG,arrival,20:00,JHG Jinghong,8L9605,Lucky Air,text,Duration: 1h 55m,,True,2026-02-19T10:56:46.029064
2026-08-10,CKG,arrival,20:00,PVG Shanghai,HU7493,Hainan Airlines,text,Duration: 3h 0m,,True,2026-02-19T10:56:46.029070
2026-08-10,CKG,arrival,20:00,WUX Wuxi,MU9785,China Eastern,text,Duration: 2h 40m,,True,2026-02-19T10:56:46.029075
2026-08-10,CKG,arrival,20:05,HGH Hangzhou,3U8084,Sichuan Airlines,text,Duration: 2h 40m,,True,2026-02-19T10:56:46.029080
2026-08-10,CKG,arrival,20:05,LHW Lanzhou,9C6281,Spring Airlines,text,Duration: 2h 15m,,True,2026-02-19T10:56:46.029085
2026-08-10,CKG,arrival,20:05,URC Urumqi,CZ6973,China Southern,text,Duration: 3h 40m,,True,2026-02-19T10:56:46.029091
2026-08-10,CKG,arrival,20:05,DIG Diqing,OQ2148,Chongqing Airlines,text,Duration: 1h 45m,,True,2026-02-19T10:56:46.029096
2026-08-10,CKG,arrival,20:05,JHG Jinghong,PN6404,West Air (China),text,Duration: 2h 5m,,True,2026-02-19T10:56:46.029172
2026-08-10,CKG,arrival,20:05,TAO Qingdao,SC4841,Shandong Airlines,text,Duration: 2h 50m,,True,2026-02-19T10:56:46.029180
2026-08-10,CKG,arrival,20:10,XMN Xiamen,3U8088,Sichuan Airlines,text,Duration: 2h 35m,,True,2026-02-19T10:56:46.029185
2026-08-10,CKG,arrival,20:10,FOC Fuzhou,MF8481,XiamenAir,text,Duration: 2h 50m,,True,2026-02-19T10:56:46.029190
2026-08-10,CKG,arrival,20:10,XNN Xining,MF8866,XiamenAir,text,Duration: 2h 0m,,True,2026-02-19T10:56:46.029196
2026-08-10,CKG,arrival,20:15,CZX Changzhou,3U8098,Sichuan Airlines,text,Duration: 2h 40m,,True,2026-02-19T10:56:46.029201
2026-08-10,CKG,arrival,20:15,PEK Beijing,HU7267,Hainan Airlines,text,Duration: 2h 45m,,True,2026-02-19T10:56:46.029206
2026-08-10,CKG,arrival,20:15,LXA Lhasa/Lasa,PN6392,West Air (China),text,Duration: 2h 30m,,True,2026-02-19T10:56:46.029212
2026-08-10,CKG,arrival,20:15,TNA Jinan,SC8809,Shandong Airlines,text,Duration: 2h 20m,,True,2026-02-19T10:56:46.029217
2026-08-10,CKG,arrival,20:20,TYN Taiyuan,SC2268,Shandong Airlines,text,Duration: 2h 25m,,True,2026-02-19T10:56:46.029222
2026-08-10,CKG,arrival,20:25,XIY Xian,9H8333,Air Changan,text,Duration: 1h 40m,,True,2026-02-19T10:56:46.029296
2026-08-10,CKG,arrival,20:25,INC Yinchuan,HU7272,Hainan Airlines,text,Duration: 2h 5m,,True,2026-02-19T10:56:46.029303
2026-08-10,CKG,arrival,20:25,LXA Lhasa/Lasa,PN6567,West Air (China),text,Duration: 2h 50m,,True,2026-02-19T10:56:46.029308
2026-08-10,CKG,arrival,20:30,CAN Guangzhou,MU6825,China Eastern,text,Duration: 2h 5m,,True,2026-02-19T10:56:46.029313
2026-08-10,CKG,arrival,20:30,XIY Xian,MU2267,China Eastern,text,Duration: 1h 40m,,True,2026-02-19T10:56:46.029319
2026-08-10,CKG,arrival,20:50,LXA Lhasa/Lasa,EU2737,Chengdu Airlines,text,Duration: 2h 20m,,True,2026-02-19T10:56:46.029325
2026-08-10,CKG,arrival,20:50,XIY Xian,JD5077,Capital Airlines,text,Duration: 1h 35m,,True,2026-02-19T10:56:46.029330
2026-08-10,CKG,arrival,20:50,HFE Hefei,MU9982,China Eastern,text,Duration: 2h 5m,,True,2026-02-19T10:56:46.029336
2026-08-10,CKG,arrival,20:55,PEK Beijing,CA4142,Air China,text,Duration: 2h 40m,,True,2026-02-19T10:56:46.029342
2026-08-10,CKG,arrival,20:55,HAK Haikou,CZ8689,China Southern,text,Duration: 2h 25m,,True,2026-02-19T10:56:46.029347
2026-08-10,CKG,arrival,20:55,XMN Xiamen,HU7426,Hainan Airlines,text,Duration: 3h 5m,,True,2026-02-19T10:56:46.029425
2026-08-10,CKG,arrival,20:55,HGH Hangzhou,MF8473,XiamenAir,text,Duration: 2h 40m,,True,2026-02-19T10:56:46.029434
2026-08-10,CKG,arrival,21:00,PKX Beijing,CZ3259,China Southern,text,Duration: 2h 30m,,True,2026-02-19T10:56:46.029439
2026-08-10,CKG,arrival,21:00,WDS Shiyan,DZ6342,Donghai Airlines,text,Duration: 1h 15m,,True,2026-02-19T10:56:46.029445
2026-08-10,CKG,arrival,21:00,PKX Beijing,MU6687,China Eastern,text,Duration: 2h 45m,,True,2026-02-19T10:56:46.029450
2026-08-10,CKG,arrival,21:00,WUH Wuhan,MU2539,China Eastern,text,Duration: 1h 35m,,True,2026-02-19T10:56:46.029455
2026-08-10,CKG,arrival,21:00,CAN Guangzhou,OQ2340,Chongqing Airlines,text,Duration: 2h 45m,,True,2026-02-19T10:56:46.029461
2026-08-10,CKG,arrival,21:05,LXA Lhasa/Lasa,TV9844,Tibet Airlines,text,Duration: 2h 25m,,True,2026-02-19T10:56:46.029467
2026-08-10,CKG,arrival,21:15,PVG Shanghai,9C8867,Spring Airlines,text,Duration: 3h 10m,,True,2026-02-19T10:56:46.029473
2026-08-10,CKG,arrival,21:15,TYN Taiyuan,MU6995,China Eastern,text,Duration: 2h 15m,,True,2026-02-19T10:56:46.029478
2026-08-10,CKG,arrival,21:15,PKX Beijing,OQ2004,Chongqing Airlines,text,Duration: 3h 20m,,True,2026-02-19T10:56:46.029556
2026-08-10,CKG,arrival,21:15,TAO Qingdao,SC4843,Shandong Airlines,text,Duration: 3h 5m,,True,2026-02-19T10:56:46.029563
2026-08-10,CKG,arrival,21:15,SZX Shenzhen,ZH9467,Shenzhen Airlines,text,Duration: 2h 15m,,True,2026-02-19T10:56:46.029568
2026-08-10,CKG,arrival,21:20,SJW Shijiazhuang,9C8993,Spring Airlines,text,Duration: 2h 40m,,True,2026-02-19T10:56:46.029574
2026-08-10,CKG,arrival,21:20,LJG Lijiang,JD5609,Capital Airlines,text,Duration: 1h 30m,,True,2026-02-19T10:56:46.029579
2026-08-10,CKG,arrival,21:20,TNA Jinan,SC8811,Shandong Airlines,text,Duration: 2h 15m,,True,2026-02-19T10:56:46.029585
2026-08-10,CKG,arrival,21:25,HAN Hanoi,PN6424,West Air (China),text,Duration: 2h 0m,,True,2026-02-19T10:56:46.029590
2026-08-10,CKG,arrival,21:30,PEK Beijing,3U8832,Sichuan Airlines,text,Duration: 2h 45m,,True,2026-02-19T10:56:46.029596
2026-08-10,CKG,arrival,21:30,PEK Beijing,CA1449,Air China,text,Duration: 2h 45m,,True,2026-02-19T10:56:46.029601
2026-08-10,CKG,arrival,21:30,CAN Guangzhou,OQ2129,Chongqing Airlines,text,Duration: 2h 25m,,True,2026-02-19T10:56:46.029606
2026-08-10,CKG,arrival,21:30,ZUH Zhuhai,SC2266,Shandong Airlines,text,Duration: 2h 30m,,True,2026-02-19T10:56:46.029694
2026-08-10,CKG,arrival,21:35,TNA Jinan,SC8813,Shandong Airlines,text,Duration: 2h 25m,,True,2026-02-19T10:56:46.029703
2026-08-10,CKG,arrival,21:35,TYN Taiyuan,SC2270,Shandong Airlines,text,Duration: 2h 0m,,True,2026-02-19T10:56:46.029709
2026-08-10,CKG,arrival,21:45,TYN Taiyuan,DR5312,Ruili Airlines,text,Duration: 1h 55m,,True,2026-02-19T10:56:46.029715
2026-08-10,CKG,arrival,21:50,PKX Beijing,CA8674,Air China,text,Duration: 2h 55m,,True,2026-02-19T10:56:46.029721
2026-08-10,CKG,arrival,21:50,CGO Zhengzhou,CZ6649,China Southern,text,Duration: 2h 0m,,True,2026-02-19T10:56:46.029726
2026-08-10,CKG,arrival,21:50,NKG Nanjing,MU2835,China Eastern,text,Duration: 2h 10m,,True,2026-02-19T10:56:46.029732
2026-08-10,CKG,arrival,21:50,TNA Jinan,PN6328,West Air (China),text,Duration: 2h 30m,,True,2026-02-19T10:56:46.029737
2026-08-10,CKG,arrival,21:55,HGH Hangzhou,CA4578,Air China,text,Duration: 2h 35m,,True,2026-02-19T10:56:46.029742
2026-08-10,CKG,arrival,21:55,PEK Beijing,CA4144,Air China,text,Duration: 2h 25m,,True,2026-02-19T10:56:46.029748
2026-08-10,CKG,arrival,21:55,ACF Alaer,EU2268,Chengdu Airlines,text,Duration: 4h 0m,,True,2026-02-19T10:56:46.029859
2026-08-10,CKG,arrival,22:00,LXA Lhasa/Lasa,3U8636,Sichuan Airlines,text,Duration: 2h 40m,,True,2026-02-19T10:56:46.029871
2026-08-10,CKG,arrival,22:00,PVG Shanghai,3U8974,Sichuan Airlines,text,Duration: 3h 5m,,True,2026-02-19T10:56:46.029879
2026-08-10,CKG,arrival,22:00,CAN Guangzhou,HU7241,Hainan Airlines,text,Duration: 2h 15m,,True,2026-02-19T10:56:46.029886
2026-08-10,CKG,arrival,22:00,PEK Beijing,HU7567,Hainan Airlines,text,Duration: 3h 5m,,True,2026-02-19T10:56:46.029894
2026-08-10,CKG,arrival,22:00,WNZ Wenzhou,HU7464,Hainan Airlines,text,Duration: 3h 10m,,True,2026-02-19T10:56:46.029900
2026-08-10,CKG,arrival,22:00,ZUH Zhuhai,OQ2386,Chongqing Airlines,text,Duration: 2h 35m,,True,2026-02-19T10:56:46.029907
2026-08-10,CKG,arrival,22:05,SWA Jieyang,BK2924,OkAir,text,Duration: 2h 40m,,True,2026-02-19T10:56:46.029914
2026-08-10,CKG,arrival,22:05,CAN Guangzhou,CA4342,Air China,text,Duration: 2h 10m,,True,2026-02-19T10:56:46.029920
2026-08-10,CKG,arrival,22:05,TSN Tianjin,GS7905,Tianjin Airlines,text,Duration: 2h 50m,,True,2026-02-19T10:56:46.029927
2026-08-10,CKG,arrival,22:10,SZX Shenzhen,3U8786,Sichuan Airlines,text,Duration: 2h 15m,,True,2026-02-19T10:56:46.030037
2026-08-10,CKG,arrival,22:10,URC Urumqi,3U3210,Sichuan Airlines,text,Duration: 3h 50m,,True,2026-02-19T10:56:46.030044
2026-08-10,CKG,arrival,22:10,WNZ Wenzhou,HU7472,Hainan Airlines,text,Duration: 3h 0m,,True,2026-02-19T10:56:46.030050
2026-08-10,CKG,arrival,22:10,TNA Jinan,MU5471,China Eastern,text,Duration: 2h 35m,,True,2026-02-19T10:56:46.030055
2026-08-10,CKG,arrival,22:15,HIA Huai'an,8L9818,Lucky Air,text,Duration: 2h 35m,,True,2026-02-19T10:56:46.030061
2026-08-10,CKG,arrival,22:15,KMG Kunming,8L9673,Lucky Air,text,Duration: 1h 35m,,True,2026-02-19T10:56:46.030067
2026-08-10,CKG,arrival,22:15,HFE Hefei,MU5366,China Eastern,text,Duration: 2h 15m,,True,2026-02-19T10:56:46.030072
2026-08-10,CKG,arrival,22:15,WHA Wuhu,OQ2034,Chongqing Airlines,text,Duration: 2h 25m,,True,2026-02-19T10:56:46.030077
2026-08-10,CKG,arrival,22:20,SHA Shanghai,MU5431,China Eastern,text,Duration: 3h 10m,,True,2026-02-19T10:56:46.030083
2026-08-10,CKG,arrival,22:25,HGH Hangzhou,OQ2380,Chongqing Airlines,text,Duration: 3h 15m,,True,2026-02-19T10:56:46.030089
2026-08-10,CKG,arrival,22:30,LFQ Qiaoli,G54318,Gestair,text,Duration: 1h 55m,,True,2026-02-19T10:56:46.030185
2026-08-10,CKG,arrival,22:30,YNT Yantai,SC7654,Shandong Airlines,text,Duration: 3h 10m,,True,2026-02-19T10:56:46.030192
2026-08-10,CKG,arrival,22:40,CAN Guangzhou,CZ3439,China Southern,text,Duration: 2h 5m,,True,2026-02-19T10:56:46.030198
2026-08-10,CKG,arrival,22:40,WMT Zunyi,G54786,Gestair,text,Duration: 0h 50m,,True,2026-02-19T10:56:46.030204
2026-08-10,CKG,arrival,22:45,WUX Wuxi,3U8028,Sichuan Airlines,text,Duration: 2h 25m,,True,2026-02-19T10:56:46.030209
2026-08-10,CKG,arrival,22:50,SZX Shenzhen,HU7357,Hainan Airlines,text,Duration: 2h 40m,,True,2026-02-19T10:56:46.030215
2026-08-10,CKG,arrival,22:50,PKX Beijing,MF8453,XiamenAir,text,Duration: 2h 55m,,True,2026-02-19T10:56:46.030220
2026-08-10,CKG,arrival,22:55,NKG Nanjing,CA4558,Air China,text,Duration: 2h 25m,,True,2026-02-19T10:56:46.030227
2026-08-10,CKG,arrival,22:55,PVG Shanghai,CA4556,Air China,text,Duration: 2h 55m,,True,2026-02-19T10:56:46.030233
2026-08-10,CKG,arrival,22:55,SZX Shenzhen,CA4346,Air China,text,Duration: 2h 15m,,True,2026-02-19T10:56:46.030238
2026-08-10,CKG,arrival,23:00,TNA Jinan,3U8054,Sichuan Airlines,text,Duration: 2h 15m,,True,2026-02-19T10:56:46.030326
2026-08-10,CKG,arrival,23:00,TSN Tianjin,CA4002,Air China,text,Duration: 2h 40m,,True,2026-02-19T10:56:46.030333
2026-08-10,CKG,arrival,23:00,XMN Xiamen,CA4568,Air China,text,Duration: 3h 10m,,True,2026-02-19T10:56:46.030338
2026-08-10,CKG,arrival,23:00,WUH Wuhan,CZ3643,China Southern,text,Duration: 1h 45m,,True,2026-02-19T10:56:46.030344
2026-08-10,CKG,arrival,23:00,HGH Hangzhou,GS6582,Tianjin Airlines,text,Duration: 3h 10m,,True,2026-02-19T10:56:46.030349
2026-08-10,CKG,arrival,23:00,SJW Shijiazhuang,NS3242,Hebei Airlines,text,Duration: 2h 45m,,True,2026-02-19T10:56:46.030355
2026-08-10,CKG,arrival,23:00,NGB Ningbo,OQ2316,Chongqing Airlines,text,Duration: 3h 5m,,True,2026-02-19T10:56:46.030360
2026-08-10,CKG,arrival,23:00,SWA Jieyang,OQ2350,Chongqing Airlines,text,Duration: 2h 45m,,True,2026-02-19T10:56:46.030366
2026-08-10,CKG,arrival,23:05,XNN Xining,TV9912,Tibet Airlines,text,Duration: 1h 55m,,True,2026-02-19T10:56:46.030371
2026-08-10,CKG,arrival,23:10,PEK Beijing,CA4136,Air China,text,Duration: 2h 40m,,True,2026-02-19T10:56:46.030376
2026-08-10,CKG,arrival,23:10,TYN Taiyuan,PN6540,West Air (China),text,Duration: 2h 10m,,True,2026-02-19T10:56:46.030462
2026-08-10,CKG,arrival,23:20,SZX Shenzhen,MU6612,China Eastern,text,Duration: 2h 5m,,True,2026-02-19T10:56:46.030470
2026-08-10,CKG,arrival,23:25,DLC Dalian,3U8008,Sichuan Airlines,text,Duration: 3h 10m,,True,2026-02-19T10:56:46.030477
2026-08-10,CKG,arrival,23:25,SZX Shenzhen,CZ3641,China Southern,text,Duration: 2h 30m,,True,2026-02-19T10:56:46.030482
2026-08-10,CKG,arrival,23:25,CGK Jakarta,MF8674,XiamenAir,text,Duration: 5h 45m,,True,2026-02-19T10:56:46.030488
2026-08-10,CKG,arrival,23:25,SHE Shenyang,OQ2074,Chongqing Airlines,text,Duration: 4h 25m,,True,2026-02-19T10:56:46.030494
2026-08-10,CKG,arrival,23:25,NNG Nanning,ZH9381,Shenzhen Airlines,text,Duration: 1h 45m,,True,2026-02-19T10:56:46.030499
2026-08-10,CKG,arrival,23:30,DOY Dongying,G54010,Gestair,text,Duration: 2h 45m,,True,2026-02-19T10:56:46.030504
2026-08-10,CKG,arrival,23:30,KOW Ganzhou,G54860,Gestair,text,Duration: 2h 15m,,True,2026-02-19T10:56:46.030510
2026-08-10,CKG,arrival,23:30,TNA Jinan,HU717,Hainan Airlines,text,Duration: 2h 35m,,True,2026-02-19T10:56:46.030516
2026-08-10,CKG,arrival,23:30,HKG Hong Kong,HX496,Hong Kong Airlines,text,Duration: 2h 35m,,True,2026-02-19T10:56:46.030626
2026-08-10,CKG,arrival,23:30,HRB Harbin,OQ2328,Chongqing Airlines,text,Duration: 4h 35m,,True,2026-02-19T10:56:46.030634
2026-08-10,CKG,arrival,23:30,SZX Shenzhen,ZH9469,Shenzhen Airlines,text,Duration: 2h 25m,,True,2026-02-19T10:56:46.030639
2026-08-10,CKG,arrival,23:35,FOC Fuzhou,CA4570,Air China,text,Duration: 2h 20m,,True,2026-02-19T10:56:46.030645
2026-08-10,CKG,arrival,23:40,HAK Haikou,3U8066,Sichuan Airlines,text,Duration: 2h 15m,,True,2026-02-19T10:56:46.030650
2026-08-10,CKG,arrival,23:40,WUH Wuhan,CA4382,Air China,text,Duration: 2h 5m,,True,2026-02-19T10:56:46.030656
2026-08-10,CKG,arrival,23:40,SQJ Sanming,G52848,Gestair,text,Duration: 2h 20m,,True,2026-02-19T10:56:46.030662
2026-08-10,CKG,arrival,23:45,TSN Tianjin,PN6238,West Air (China),text,Duration: 2h 45m,,True,2026-02-19T10:56:46.030667
2026-08-10,CKG,arrival,23:50,DNH Dunhuang,GS7591,Tianjin Airlines,text,Duration: 3h 0m,,True,2026-02-19T10:56:46.030673
2026-08-10,CKG,arrival,23:50,YNZ Yancheng,MF8778,XiamenAir,text,Duration: 2h 45m,,True,2026-02-19T10:56:46.030678
2026-08-10,CKG,arrival,23:50,KMG Kunming,MU5450,China Eastern,text,Duration: 1h 30m,,True,2026-02-19T10:56:46.030773
2026-08-10,CKG,arrival,23:55,LZH Liuzhou,G54770,Gestair,text,Duration: 1h 50m,,True,2026-02-19T10:56:46.030780
2026-08-10,CKG,arrival,23:55,HGH Hangzhou,MF8477,XiamenAir,text,Duration: 2h 40m,,True,2026-02-19T10:56:46.030786
