date,airport,direction,time,destination,flight,airline,airline_source,duration,aircraft,page_date_verified,scraped_at
2026-11-14,CKG,departure,01:10,DOH Doha,QR881,Qatar Airways,text,Duration: 9h 0m,,True,2026-02-19T11:56:18.375275
2026-11-14,CKG,departure,02:10,DMK Bangkok,SL931,Thai Lion Air,text,Duration: 3h 10m,,True,2026-02-19T11:56:18.375290
2026-11-14,CKG,departure,02:30,CDG Paris,HU717,Hainan Airlines,text,Duration: 12h 25m,,True,2026-02-19T11:56:18.375300
2026-11-14,CKG,departure,02:50,BRU Brussels,HU469,Hainan Airlines,text,Duration: 12h 30m,,True,2026-02-19T11:56:18.375307
2026-11-14,CKG,departure,05:40,PVG Shanghai,9C6108,Spring Airlines,text,Duration: 2h 25m,,True,2026-02-19T11:56:18.375315
2026-11-14,CKG,departure,06:05,NKG Nanjing,PN6259,West Air (China),text,Duration: 2h 15m,,True,2026-02-19T11:56:18.375323
2026-11-14,CKG,departure,06:20,TNA Jinan,PN6327,West Air (China),text,Duration: 2h 5m,,True,2026-02-19T11:56:18.375330
2026-11-14,CKG,departure,06:25,BPX Bangda,PN6215,West Air (China),text,Duration: 2h 5m,,True,2026-02-19T11:56:18.375338
2026-11-14,CKG,departure,06:25,RKZ Shigatse,TV9761,Tibet Airlines,text,Duration: 3h 10m,,True,2026-02-19T11:56:18.375345
2026-11-14,CKG,departure,06:25,SHA Shanghai,MU5422,China Eastern,text,Duration: 2h 20m,,True,2026-02-19T11:56:18.375352
2026-11-14,CKG,departure,06:30,CGO Zhengzhou,PN6273,West Air (China),text,Duration: 1h 50m,,True,2026-02-19T11:56:18.375500
2026-11-14,CKG,departure,06:35,DLU Dali City,TV9809,Tibet Airlines,text,Duration: 1h 55m,,True,2026-02-19T11:56:18.375511
2026-11-14,CKG,departure,06:35,KMG Kunming,MU5449,China Eastern,text,Duration: 1h 50m,,True,2026-02-19T11:56:18.375518
2026-11-14,CKG,departure,06:35,LLV Luliang,G52913,Gestair,text,Duration: 1h 40m,,True,2026-02-19T11:56:18.375526
2026-11-14,CKG,departure,06:35,LZH Liuzhou,G54769,Gestair,text,Duration: 1h 40m,,True,2026-02-19T11:56:18.375533
2026-11-14,CKG,departure,06:35,SJW Shijiazhuang,PN6349,West Air (China),text,Duration: 2h 5m,,True,2026-02-19T11:56:18.375541
2026-11-14,CKG,departure,06:35,SZX Shenzhen,PN6229,West Air (China),text,Duration: 2h 5m,,True,2026-02-19T11:56:18.375549
2026-11-14,CKG,departure,06:40,JIC Jinchang,G52749,Gestair,text,Duration: 2h 20m,,True,2026-02-19T11:56:18.375557
2026-11-14,CKG,departure,06:40,TAO Qingdao,SC4838,Shandong Airlines,text,Duration: 2h 35m,,True,2026-02-19T11:56:18.375564
2026-11-14,CKG,departure,06:40,TSN Tianjin,OQ2081,Chongqing Airlines,text,Duration: 3h 0m,,True,2026-02-19T11:56:18.375571
2026-11-14,CKG,departure,06:40,XNN Xining,3U8073,Sichuan Airlines,text,Duration: 2h 10m,,True,2026-02-19T11:56:18.375687
2026-11-14,CKG,departure,06:40,XUZ Xuzhou,G52807,Gestair,text,Duration: 2h 10m,,True,2026-02-19T11:56:18.375696
2026-11-14,CKG,departure,06:40,ZAT Zhaotong,G54603,Gestair,text,Duration: 1h 15m,,True,2026-02-19T11:56:18.375703
2026-11-14,CKG,departure,06:45,CZX Changzhou,3U8097,Sichuan Airlines,text,Duration: 2h 0m,,True,2026-02-19T11:56:18.375710
2026-11-14,CKG,departure,06:45,HFE Hefei,PN6415,West Air (China),text,Duration: 1h 50m,,True,2026-02-19T11:56:18.375718
2026-11-14,CKG,departure,06:45,JGN Jiayuguan,G52851,Gestair,text,Duration: 2h 50m,,True,2026-02-19T11:56:18.375725
2026-11-14,CKG,departure,06:45,SYX Sanya,PN6213,West Air (China),text,Duration: 2h 10m,,True,2026-02-19T11:56:18.375733
2026-11-14,CKG,departure,06:50,BPX Bangda,TV9907,Tibet Airlines,text,Duration: 2h 5m,,True,2026-02-19T11:56:18.375740
2026-11-14,CKG,departure,06:50,HDG Handan,G54301,Gestair,text,Duration: 1h 45m,,True,2026-02-19T11:56:18.375747
2026-11-14,CKG,departure,06:50,TSN Tianjin,3U8013,Sichuan Airlines,text,Duration: 2h 35m,,True,2026-02-19T11:56:18.375753
2026-11-14,CKG,departure,06:50,WUX Wuxi,3U8025,Sichuan Airlines,text,Duration: 2h 10m,,True,2026-02-19T11:56:18.375858
2026-11-14,CKG,departure,06:50,YTY Yangzhou,3U8167,Sichuan Airlines,text,Duration: 2h 0m,,True,2026-02-19T11:56:18.375868
2026-11-14,CKG,departure,06:55,HNY Hengyang,GS7435,Tianjin Airlines,text,Duration: 1h 30m,,True,2026-02-19T11:56:18.375875
2026-11-14,CKG,departure,06:55,HRB Harbin,3U8165,Sichuan Airlines,text,Duration: 3h 50m,,True,2026-02-19T11:56:18.375882
2026-11-14,CKG,departure,06:55,NNG Nanning,3U8137,Sichuan Airlines,text,Duration: 1h 50m,,True,2026-02-19T11:56:18.375889
2026-11-14,CKG,departure,06:55,WNZ Wenzhou,3U8033,Sichuan Airlines,text,Duration: 2h 40m,,True,2026-02-19T11:56:18.375896
2026-11-14,CKG,departure,06:55,XIY Xian,GS7666,Tianjin Airlines,text,Duration: 1h 35m,,True,2026-02-19T11:56:18.375903
2026-11-14,CKG,departure,06:55,YCU Yuncheng,CA4013,Air China,text,Duration: 1h 20m,,True,2026-02-19T11:56:18.375911
2026-11-14,CKG,departure,07:00,CAN Guangzhou,3U8745,Sichuan Airlines,text,Duration: 2h 5m,,True,2026-02-19T11:56:18.375918
2026-11-14,CKG,departure,07:00,CAN Guangzhou,CA4361,Air China,text,Duration: 1h 50m,,True,2026-02-19T11:56:18.375926
2026-11-14,CKG,departure,07:00,CIH Changzhi,G52721,Gestair,text,Duration: 1h 35m,,True,2026-02-19T11:56:18.376025
2026-11-14,CKG,departure,07:00,FOC Fuzhou,3U8103,Sichuan Airlines,text,Duration: 2h 20m,,True,2026-02-19T11:56:18.376034
2026-11-14,CKG,departure,07:00,PEK Beijing,3U8829,Sichuan Airlines,text,Duration: 2h 10m,,True,2026-02-19T11:56:18.376041
2026-11-14,CKG,departure,07:00,SWA Jieyang,OQ2349,Chongqing Airlines,text,Duration: 2h 20m,,True,2026-02-19T11:56:18.376049
2026-11-14,CKG,departure,07:00,SZX Shenzhen,CA4343,Air China,text,Duration: 2h 0m,,True,2026-02-19T11:56:18.376056
2026-11-14,CKG,departure,07:00,TNA Jinan,SC8806,Shandong Airlines,text,Duration: 2h 10m,,True,2026-02-19T11:56:18.376063
2026-11-14,CKG,departure,07:05,AKU Aksu,CA4275,Air China,text,Duration: 4h 40m,,True,2026-02-19T11:56:18.376070
2026-11-14,CKG,departure,07:05,AKU Aksu,OQ2007,Chongqing Airlines,text,Duration: 4h 50m,,True,2026-02-19T11:56:18.376077
2026-11-14,CKG,departure,07:10,HGH Hangzhou,3U8081,Sichuan Airlines,text,Duration: 2h 5m,,True,2026-02-19T11:56:18.376085
2026-11-14,CKG,departure,07:10,LHW Lanzhou,G54033,Gestair,text,Duration: 1h 50m,,True,2026-02-19T11:56:18.376092
2026-11-14,CKG,departure,07:10,PVG Shanghai,3U8971,Sichuan Airlines,text,Duration: 2h 20m,,True,2026-02-19T11:56:18.376177
2026-11-14,CKG,departure,07:10,SZX Shenzhen,3U8781,Sichuan Airlines,text,Duration: 2h 5m,,True,2026-02-19T11:56:18.376184
2026-11-14,CKG,departure,07:15,FOC Fuzhou,CA4571,Air China,text,Duration: 2h 5m,,True,2026-02-19T11:56:18.376190
2026-11-14,CKG,departure,07:15,HRB Harbin,CA4011,Air China,text,Duration: 3h 40m,,True,2026-02-19T11:56:18.376196
2026-11-14,CKG,departure,07:15,LUM Mangshi,3U8091,Sichuan Airlines,text,Duration: 2h 20m,,True,2026-02-19T11:56:18.376201
2026-11-14,CKG,departure,07:15,LXA Lhasa/Lasa,3U8635,Sichuan Airlines,text,Duration: 3h 5m,,True,2026-02-19T11:56:18.376208
2026-11-14,CKG,departure,07:15,LYG Lianyungang,G52835,Gestair,text,Duration: 2h 15m,,True,2026-02-19T11:56:18.376214
2026-11-14,CKG,departure,07:15,NKG Nanjing,3U8041,Sichuan Airlines,text,Duration: 2h 5m,,True,2026-02-19T11:56:18.376220
2026-11-14,CKG,departure,07:20,HAK Haikou,OQ2341,Chongqing Airlines,text,Duration: 2h 15m,,True,2026-02-19T11:56:18.376225
2026-11-14,CKG,departure,07:20,UCB Ulanqab,G54917,Gestair,text,Duration: 2h 45m,,True,2026-02-19T11:56:18.376232
2026-11-14,CKG,departure,07:25,HAK Haikou,3U8065,Sichuan Airlines,text,Duration: 2h 10m,,True,2026-02-19T11:56:18.376315
2026-11-14,CKG,departure,07:25,LYI Linyi,OQ2363,Chongqing Airlines,text,Duration: 2h 30m,,True,2026-02-19T11:56:18.376322
2026-11-14,CKG,departure,07:25,PVG Shanghai,MU5424,China Eastern,text,Duration: 2h 35m,,True,2026-02-19T11:56:18.376328
2026-11-14,CKG,departure,07:30,CAN Guangzhou,OQ2323,Chongqing Airlines,text,Duration: 2h 0m,,True,2026-02-19T11:56:18.376334
2026-11-14,CKG,departure,07:30,CSX Changsha,GS6587,Tianjin Airlines,text,Duration: 1h 25m,,True,2026-02-19T11:56:18.376340
2026-11-14,CKG,departure,07:30,SHS Shashi,G54753,Gestair,text,Duration: 1h 25m,,True,2026-02-19T11:56:18.376347
2026-11-14,CKG,departure,07:30,SZX Shenzhen,OQ2335,Chongqing Airlines,text,Duration: 2h 10m,,True,2026-02-19T11:56:18.376353
2026-11-14,CKG,departure,07:35,FUG Fuyang,PN6219,West Air (China),text,Duration: 2h 0m,,True,2026-02-19T11:56:18.376359
2026-11-14,CKG,departure,07:45,XIC Xichang,G54165,Gestair,text,Duration: 1h 50m,,True,2026-02-19T11:56:18.376364
2026-11-14,CKG,departure,07:50,LZY Nyingchi,TV9869,Tibet Airlines,text,Duration: 2h 20m,,True,2026-02-19T11:56:18.376370
2026-11-14,CKG,departure,07:50,SHE Shenyang,OQ2073,Chongqing Airlines,text,Duration: 3h 0m,,True,2026-02-19T11:56:18.376449
2026-11-14,CKG,departure,07:50,TSN Tianjin,GS7906,Tianjin Airlines,text,Duration: 2h 15m,,True,2026-02-19T11:56:18.376456
2026-11-14,CKG,departure,07:50,XMN Xiamen,MF8414,XiamenAir,text,Duration: 2h 15m,,True,2026-02-19T11:56:18.376462
2026-11-14,CKG,departure,07:55,JHG Jinghong,G54263,Gestair,text,Duration: 2h 15m,,True,2026-02-19T11:56:18.376468
2026-11-14,CKG,departure,07:55,KRL Korla,3U8141,Sichuan Airlines,text,Duration: 4h 25m,,True,2026-02-19T11:56:18.376473
2026-11-14,CKG,departure,07:55,SZX Shenzhen,HU7458,Hainan Airlines,text,Duration: 2h 0m,,True,2026-02-19T11:56:18.376478
2026-11-14,CKG,departure,08:00,CGQ Changchun,CA4015,Air China,text,Duration: 3h 35m,,True,2026-02-19T11:56:18.376484
2026-11-14,CKG,departure,08:00,PEK Beijing,CA4131,Air China,text,Duration: 2h 30m,,True,2026-02-19T11:56:18.376492
2026-11-14,CKG,departure,08:00,PKX Beijing,OQ2001,Chongqing Airlines,text,Duration: 2h 35m,,True,2026-02-19T11:56:18.376498
2026-11-14,CKG,departure,08:00,SHE Shenyang,3U8037,Sichuan Airlines,text,Duration: 3h 0m,,True,2026-02-19T11:56:18.376504
2026-11-14,CKG,departure,08:00,SJW Shijiazhuang,NS3240,Hebei Airlines,text,Duration: 2h 5m,,True,2026-02-19T11:56:18.376605
2026-11-14,CKG,departure,08:05,KUL Kuala Lumpur,MF8687,XiamenAir,text,Duration: 4h 45m,,True,2026-02-19T11:56:18.376614
2026-11-14,CKG,departure,08:05,NGB Ningbo,CA4549,Air China,text,Duration: 2h 10m,,True,2026-02-19T11:56:18.376620
2026-11-14,CKG,departure,08:05,SHA Shanghai,CA4543,Air China,text,Duration: 2h 5m,,True,2026-02-19T11:56:18.376626
2026-11-14,CKG,departure,08:05,XIY Xian,OQ2303,Chongqing Airlines,text,Duration: 1h 45m,,True,2026-02-19T11:56:18.376632
2026-11-14,CKG,departure,08:05,ZUH Zhuhai,CA4371,Air China,text,Duration: 1h 55m,,True,2026-02-19T11:56:18.376637
2026-11-14,CKG,departure,08:10,KMG Kunming,OQ2117,Chongqing Airlines,text,Duration: 1h 45m,,True,2026-02-19T11:56:18.376643
2026-11-14,CKG,departure,08:10,WNZ Wenzhou,3U8021,Sichuan Airlines,text,Duration: 2h 10m,,True,2026-02-19T11:56:18.376650
2026-11-14,CKG,departure,08:15,BKK Bangkok,HU423,Hainan Airlines,text,Duration: 3h 20m,,True,2026-02-19T11:56:18.376655
2026-11-14,CKG,departure,08:15,HGH Hangzhou,GS6581,Tianjin Airlines,text,Duration: 2h 10m,,True,2026-02-19T11:56:18.376661
2026-11-14,CKG,departure,08:15,LXA Lhasa/Lasa,3U8633,Sichuan Airlines,text,Duration: 3h 5m,,True,2026-02-19T11:56:18.376739
2026-11-14,CKG,departure,08:15,NNG Nanning,ZH9382,Shenzhen Airlines,text,Duration: 1h 40m,,True,2026-02-19T11:56:18.376746
2026-11-14,CKG,departure,08:15,PKX Beijing,MF8454,XiamenAir,text,Duration: 2h 25m,,True,2026-02-19T11:56:18.376752
2026-11-14,CKG,departure,08:15,SZX Shenzhen,ZH9470,Shenzhen Airlines,text,Duration: 2h 20m,,True,2026-02-19T11:56:18.376758
2026-11-14,CKG,departure,08:15,TAO Qingdao,SC4842,Shandong Airlines,text,Duration: 2h 25m,,True,2026-02-19T11:56:18.376764
2026-11-14,CKG,departure,08:15,TYN Taiyuan,SC2267,Shandong Airlines,text,Duration: 1h 45m,,True,2026-02-19T11:56:18.376770
2026-11-14,CKG,departure,08:15,XMN Xiamen,CA4565,Air China,text,Duration: 2h 5m,,True,2026-02-19T11:56:18.376776
2026-11-14,CKG,departure,08:20,KIX Osaka,MF8653,XiamenAir,text,Duration: 3h 25m,,True,2026-02-19T11:56:18.376781
2026-11-14,CKG,departure,08:20,PVG Shanghai,OQ2307,Chongqing Airlines,text,Duration: 2h 30m,,True,2026-02-19T11:56:18.376787
2026-11-14,CKG,departure,08:20,XMN Xiamen,SC2142,Shandong Airlines,text,Duration: 2h 5m,,True,2026-02-19T11:56:18.376793
2026-11-14,CKG,departure,08:25,BHY Beihai,3U8121,Sichuan Airlines,text,Duration: 1h 50m,,True,2026-02-19T11:56:18.377014
2026-11-14,CKG,departure,08:25,HGH Hangzhou,OQ2379,Chongqing Airlines,text,Duration: 2h 10m,,True,2026-02-19T11:56:18.377024
2026-11-14,CKG,departure,08:25,JJN Jinjiang,MF8612,XiamenAir,text,Duration: 2h 25m,,True,2026-02-19T11:56:18.377030
2026-11-14,CKG,departure,08:30,SYX Sanya,HU7340,Hainan Airlines,text,Duration: 2h 20m,,True,2026-02-19T11:56:18.377036
2026-11-14,CKG,departure,08:30,TNA Jinan,SC8810,Shandong Airlines,text,Duration: 2h 10m,,True,2026-02-19T11:56:18.377042
2026-11-14,CKG,departure,08:30,WNZ Wenzhou,HU7471,Hainan Airlines,text,Duration: 2h 35m,,True,2026-02-19T11:56:18.377048
2026-11-14,CKG,departure,08:35,SIN Singapore,OQ2095,Chongqing Airlines,text,Duration: 4h 50m,,True,2026-02-19T11:56:18.377055
2026-11-14,CKG,departure,08:40,CGQ Changchun,MF8037,XiamenAir,text,Duration: 3h 50m,,True,2026-02-19T11:56:18.377062
2026-11-14,CKG,departure,08:40,HGH Hangzhou,CA4553,Air China,text,Duration: 2h 10m,,True,2026-02-19T11:56:18.377069
2026-11-14,CKG,departure,08:40,HKG Hong Kong,HX497,Hong Kong Airlines,text,Duration: 2h 45m,,True,2026-02-19T11:56:18.377076
2026-11-14,CKG,departure,08:40,KOW Ganzhou,G54921,Gestair,text,Duration: 2h 0m,,True,2026-02-19T11:56:18.377185
2026-11-14,CKG,departure,08:45,URC Urumqi,GS6591,Tianjin Airlines,text,Duration: 4h 15m,,True,2026-02-19T11:56:18.377195
2026-11-14,CKG,departure,08:50,BHY Beihai,3U8123,Sichuan Airlines,text,Duration: 2h 0m,,True,2026-02-19T11:56:18.377202
2026-11-14,CKG,departure,08:50,INC Yinchuan,G54337,Gestair,text,Duration: 1h 55m,,True,2026-02-19T11:56:18.377208
2026-11-14,CKG,departure,08:50,PVG Shanghai,CA4575,Air China,text,Duration: 2h 40m,,True,2026-02-19T11:56:18.377214
2026-11-14,CKG,departure,08:50,YNT Yantai,SC7653,Shandong Airlines,text,Duration: 2h 50m,,True,2026-02-19T11:56:18.377220
2026-11-14,CKG,departure,08:55,HFE Hefei,MU9981,China Eastern,text,Duration: 1h 35m,,True,2026-02-19T11:56:18.377226
2026-11-14,CKG,departure,08:55,LZY Nyingchi,3U8029,Sichuan Airlines,text,Duration: 2h 40m,,True,2026-02-19T11:56:18.377232
2026-11-14,CKG,departure,08:55,URC Urumqi,CA4255,Air China,text,Duration: 4h 0m,,True,2026-02-19T11:56:18.377238
2026-11-14,CKG,departure,08:55,YIC Yichun,PN6479,West Air (China),text,Duration: 1h 35m,,True,2026-02-19T11:56:18.377244
2026-11-14,CKG,departure,09:00,CAN Guangzhou,OQ2305,Chongqing Airlines,text,Duration: 1h 35m,,True,2026-02-19T11:56:18.377346
2026-11-14,CKG,departure,09:00,CGO Zhengzhou,CZ6650,China Southern,text,Duration: 1h 40m,,True,2026-02-19T11:56:18.377354
2026-11-14,CKG,departure,09:00,DLU Dali City,OQ2347,Chongqing Airlines,text,Duration: 2h 5m,,True,2026-02-19T11:56:18.377360
2026-11-14,CKG,departure,09:00,PEK Beijing,CA4137,Air China,text,Duration: 2h 25m,,True,2026-02-19T11:56:18.377366
2026-11-14,CKG,departure,09:00,PKX Beijing,CZ8814,China Southern,text,Duration: 2h 30m,,True,2026-02-19T11:56:18.377372
2026-11-14,CKG,departure,09:00,XMN Xiamen,HU7411,Hainan Airlines,text,Duration: 2h 30m,,True,2026-02-19T11:56:18.377378
2026-11-14,CKG,departure,09:05,CGQ Changchun,OQ2077,Chongqing Airlines,text,Duration: 3h 20m,,True,2026-02-19T11:56:18.377384
2026-11-14,CKG,departure,09:05,HGH Hangzhou,MF8474,XiamenAir,text,Duration: 2h 25m,,True,2026-02-19T11:56:18.377390
2026-11-14,CKG,departure,09:05,HIA Huai'an,OQ2035,Chongqing Airlines,text,Duration: 2h 5m,,True,2026-02-19T11:56:18.377396
2026-11-14,CKG,departure,09:05,LJG Lijiang,PN6239,West Air (China),text,Duration: 1h 45m,,True,2026-02-19T11:56:18.377403
2026-11-14,CKG,departure,09:05,WNZ Wenzhou,HU7463,Hainan Airlines,text,Duration: 2h 20m,,True,2026-02-19T11:56:18.377489
2026-11-14,CKG,departure,09:05,ZUH Zhuhai,SC2265,Shandong Airlines,text,Duration: 1h 55m,,True,2026-02-19T11:56:18.377497
2026-11-14,CKG,departure,09:10,HYN Taizhou,OQ2013,Chongqing Airlines,text,Duration: 2h 10m,,True,2026-02-19T11:56:18.377504
2026-11-14,CKG,departure,09:10,NKG Nanjing,OQ2321,Chongqing Airlines,text,Duration: 1h 55m,,True,2026-02-19T11:56:18.377510
2026-11-14,CKG,departure,09:10,TNA Jinan,PN6265,West Air (China),text,Duration: 2h 5m,,True,2026-02-19T11:56:18.377515
2026-11-14,CKG,departure,09:15,TYN Taiyuan,SC2269,Shandong Airlines,text,Duration: 2h 5m,,True,2026-02-19T11:56:18.377521
2026-11-14,CKG,departure,09:20,PVG Shanghai,PN6373,West Air (China),text,Duration: 2h 15m,,True,2026-02-19T11:56:18.377528
2026-11-14,CKG,departure,09:30,CAN Guangzhou,HU7342,Hainan Airlines,text,Duration: 1h 50m,,True,2026-02-19T11:56:18.377534
2026-11-14,CKG,departure,09:35,JHG Jinghong,8L9606,Lucky Air,text,Duration: 2h 10m,,True,2026-02-19T11:56:18.377540
2026-11-14,CKG,departure,09:35,TNA Jinan,SC8812,Shandong Airlines,text,Duration: 2h 30m,,True,2026-02-19T11:56:18.377546
2026-11-14,CKG,departure,09:40,INC Yinchuan,3U8283,Sichuan Airlines,text,Duration: 1h 55m,,True,2026-02-19T11:56:18.377653
2026-11-14,CKG,departure,09:55,HAK Haikou,CA4379,Air China,text,Duration: 2h 20m,,True,2026-02-19T11:56:18.377662
2026-11-14,CKG,departure,09:55,PEK Beijing,CA1450,Air China,text,Duration: 2h 50m,,True,2026-02-19T11:56:18.377669
2026-11-14,CKG,departure,09:55,SZX Shenzhen,9C8614,Spring Airlines,text,Duration: 2h 15m,,True,2026-02-19T11:56:18.377675
2026-11-14,CKG,departure,09:55,TCZ Tengchong,KY3005,Kunming Airlines,text,Duration: 2h 15m,,True,2026-02-19T11:56:18.377681
2026-11-14,CKG,departure,10:00,JHG Jinghong,PN6403,West Air (China),text,Duration: 2h 0m,,True,2026-02-19T11:56:18.377687
2026-11-14,CKG,departure,10:00,LXA Lhasa/Lasa,CZ3463,China Southern,text,Duration: 2h 40m,,True,2026-02-19T11:56:18.377693
2026-11-14,CKG,departure,10:10,CAN Guangzhou,MU5796,China Eastern,text,Duration: 2h 0m,,True,2026-02-19T11:56:18.377699
2026-11-14,CKG,departure,10:15,SWA Jieyang,PN6385,West Air (China),text,Duration: 2h 20m,,True,2026-02-19T11:56:18.377704
2026-11-14,CKG,departure,10:25,JNG Jining,GX8891,GX Airlines,text,Duration: 2h 15m,,True,2026-02-19T11:56:18.377711
2026-11-14,CKG,departure,10:25,XIY Xian,MU2262,China Eastern,text,Duration: 1h 25m,,True,2026-02-19T11:56:18.377815
2026-11-14,CKG,departure,10:30,BAV Baotou,G54179,Gestair,text,Duration: 2h 10m,,True,2026-02-19T11:56:18.377825
2026-11-14,CKG,departure,10:30,TSN Tianjin,GS7774,Tianjin Airlines,text,Duration: 2h 25m,,True,2026-02-19T11:56:18.377832
2026-11-14,CKG,departure,10:30,TYN Taiyuan,3U8057,Sichuan Airlines,text,Duration: 1h 50m,,True,2026-02-19T11:56:18.377838
2026-11-14,CKG,departure,10:35,JNH Jiaxing,GJ8783,Loong Air,text,Duration: 2h 40m,,True,2026-02-19T11:56:18.377845
2026-11-14,CKG,departure,10:40,CAN Guangzhou,HU7142,Hainan Airlines,text,Duration: 2h 15m,,True,2026-02-19T11:56:18.377850
2026-11-14,CKG,departure,10:40,TNA Jinan,SC8814,Shandong Airlines,text,Duration: 2h 5m,,True,2026-02-19T11:56:18.377856
2026-11-14,CKG,departure,10:40,WUH Wuhan,CZ6176,China Southern,text,Duration: 1h 35m,,True,2026-02-19T11:56:18.377862
2026-11-14,CKG,departure,10:45,KHN Nanchang,ZH8846,Shenzhen Airlines,text,Duration: 1h 35m,,True,2026-02-19T11:56:18.377868
2026-11-14,CKG,departure,10:45,LZY Nyingchi,3U3181,Sichuan Airlines,text,Duration: 2h 25m,,True,2026-02-19T11:56:18.377875
2026-11-14,CKG,departure,10:45,TYN Taiyuan,DR5311,Ruili Airlines,text,Duration: 2h 15m,,True,2026-02-19T11:56:18.377991
2026-11-14,CKG,departure,10:45,YNT Yantai,3U8173,Sichuan Airlines,text,Duration: 2h 20m,,True,2026-02-19T11:56:18.378000
2026-11-14,CKG,departure,10:50,CAN Guangzhou,CA4347,Air China,text,Duration: 2h 0m,,True,2026-02-19T11:56:18.378006
2026-11-14,CKG,departure,10:50,CAN Guangzhou,JD5228,Capital Airlines,text,Duration: 1h 55m,,True,2026-02-19T11:56:18.378012
2026-11-14,CKG,departure,10:50,LXA Lhasa/Lasa,MF8411,XiamenAir,text,Duration: 3h 5m,,True,2026-02-19T11:56:18.378019
2026-11-14,CKG,departure,10:50,PKX Beijing,CA8652,Air China,text,Duration: 2h 25m,,True,2026-02-19T11:56:18.378025
2026-11-14,CKG,departure,10:50,TNA Jinan,SC8804,Shandong Airlines,text,Duration: 2h 10m,,True,2026-02-19T11:56:18.378031
2026-11-14,CKG,departure,10:50,URC Urumqi,CZ6797,China Southern,text,Duration: 4h 5m,,True,2026-02-19T11:56:18.378037
2026-11-14,CKG,departure,10:50,YTY Yangzhou,9C6196,Spring Airlines,text,Duration: 2h 25m,,True,2026-02-19T11:56:18.378043
2026-11-14,CKG,departure,10:55,FOC Fuzhou,HU7263,Hainan Airlines,text,Duration: 2h 40m,,True,2026-02-19T11:56:18.378048
2026-11-14,CKG,departure,10:55,HGH Hangzhou,CA1760,Air China,text,Duration: 2h 5m,,True,2026-02-19T11:56:18.378138
2026-11-14,CKG,departure,10:55,HGH Hangzhou,JD5692,Capital Airlines,text,Duration: 2h 0m,,True,2026-02-19T11:56:18.378145
2026-11-14,CKG,departure,10:55,SIN Singapore,CA449,Air China,text,Duration: 5h 20m,,True,2026-02-19T11:56:18.378152
2026-11-14,CKG,departure,10:55,SZX Shenzhen,HU7158,Hainan Airlines,text,Duration: 1h 55m,,True,2026-02-19T11:56:18.378159
2026-11-14,CKG,departure,10:55,TAO Qingdao,SC4834,Shandong Airlines,text,Duration: 2h 35m,,True,2026-02-19T11:56:18.378165
2026-11-14,CKG,departure,11:00,HFE Hefei,CA4563,Air China,text,Duration: 1h 45m,,True,2026-02-19T11:56:18.378171
2026-11-14,CKG,departure,11:00,WUH Wuhan,MF8029,XiamenAir,text,Duration: 1h 40m,,True,2026-02-19T11:56:18.378178
2026-11-14,CKG,departure,11:00,XMN Xiamen,SC2136,Shandong Airlines,text,Duration: 2h 20m,,True,2026-02-19T11:56:18.378185
2026-11-14,CKG,departure,11:05,ACX Xingyi,BK2953,OkAir,text,Duration: 1h 35m,,True,2026-02-19T11:56:18.378191
2026-11-14,CKG,departure,11:05,HAK Haikou,HU7172,Hainan Airlines,text,Duration: 1h 50m,,True,2026-02-19T11:56:18.378198
2026-11-14,CKG,departure,11:05,NKG Nanjing,HO1708,Juneyao Airlines,text,Duration: 2h 0m,,True,2026-02-19T11:56:18.378281
2026-11-14,CKG,departure,11:05,XMN Xiamen,MF8404,XiamenAir,text,Duration: 2h 10m,,True,2026-02-19T11:56:18.378289
2026-11-14,CKG,departure,11:15,PKX Beijing,MU6682,China Eastern,text,Duration: 2h 35m,,True,2026-02-19T11:56:18.378295
2026-11-14,CKG,departure,11:20,DMK Bangkok,FD557,Thai AirAsia,text,Duration: 3h 15m,,True,2026-02-19T11:56:18.378301
2026-11-14,CKG,departure,11:20,TAO Qingdao,SC4846,Shandong Airlines,text,Duration: 2h 25m,,True,2026-02-19T11:56:18.378308
2026-11-14,CKG,departure,11:30,PEK Beijing,CA4135,Air China,text,Duration: 2h 25m,,True,2026-02-19T11:56:18.378314
2026-11-14,CKG,departure,11:30,PKX Beijing,CZ8918,China Southern,text,Duration: 2h 30m,,True,2026-02-19T11:56:18.378320
2026-11-14,CKG,departure,11:30,SYX Sanya,HU7350,Hainan Airlines,text,Duration: 2h 25m,,True,2026-02-19T11:56:18.378397
2026-11-14,CKG,departure,11:30,TNA Jinan,SC8808,Shandong Airlines,text,Duration: 2h 0m,,True,2026-02-19T11:56:18.378404
2026-11-14,CKG,departure,11:30,TSN Tianjin,CA2862,Air China,text,Duration: 2h 25m,,True,2026-02-19T11:56:18.378410
2026-11-14,CKG,departure,11:35,HAK Haikou,CZ6314,China Southern,text,Duration: 2h 15m,,True,2026-02-19T11:56:18.378495
2026-11-14,CKG,departure,11:35,PVG Shanghai,CA8544,Air China,text,Duration: 2h 35m,,True,2026-02-19T11:56:18.378502
2026-11-14,CKG,departure,11:35,SHA Shanghai,HO1250,Juneyao Airlines,text,Duration: 2h 15m,,True,2026-02-19T11:56:18.378509
2026-11-14,CKG,departure,11:40,SZX Shenzhen,CZ3466,China Southern,text,Duration: 2h 15m,,True,2026-02-19T11:56:18.378515
2026-11-14,CKG,departure,11:40,WUH Wuhan,CZ5754,China Southern,text,Duration: 1h 30m,,True,2026-02-19T11:56:18.378521
2026-11-14,CKG,departure,11:50,CAN Guangzhou,OQ2317,Chongqing Airlines,text,Duration: 2h 0m,,True,2026-02-19T11:56:18.378527
2026-11-14,CKG,departure,11:50,HKG Hong Kong,CA419,Air China,text,Duration: 2h 35m,,True,2026-02-19T11:56:18.378534
2026-11-14,CKG,departure,11:50,SWA Jieyang,CZ3860,China Southern,text,Duration: 2h 15m,,True,2026-02-19T11:56:18.378540
2026-11-14,CKG,departure,11:50,SZX Shenzhen,ZH9462,Shenzhen Airlines,text,Duration: 2h 10m,,True,2026-02-19T11:56:18.378547
2026-11-14,CKG,departure,11:55,FOC Fuzhou,MF8462,XiamenAir,text,Duration: 2h 5m,,True,2026-02-19T11:56:18.378553
2026-11-14,CKG,departure,11:55,PEK Beijing,CA1432,Air China,text,Duration: 2h 50m,,True,2026-02-19T11:56:18.378631
2026-11-14,CKG,departure,11:55,YIW Yiwu,CZ3888,China Southern,text,Duration: 2h 10m,,True,2026-02-19T11:56:18.378640
2026-11-14,CKG,departure,12:00,CMB Colombo,OQ2393,Chongqing Airlines,text,Duration: 6h 10m,,True,2026-02-19T11:56:18.378647
2026-11-14,CKG,departure,12:00,HFE Hefei,MU6469,China Eastern,text,Duration: 1h 45m,,True,2026-02-19T11:56:18.378652
2026-11-14,CKG,departure,12:00,PKX Beijing,NS8036,Hebei Airlines,text,Duration: 2h 15m,,True,2026-02-19T11:56:18.378658
2026-11-14,CKG,departure,12:00,WNZ Wenzhou,KN5298,China United Airlines,text,Duration: 2h 20m,,True,2026-02-19T11:56:18.378664
2026-11-14,CKG,departure,12:05,LXA Lhasa/Lasa,PN6568,West Air (China),text,Duration: 3h 0m,,True,2026-02-19T11:56:18.378670
2026-11-14,CKG,departure,12:05,PKX Beijing,JD5756,Capital Airlines,text,Duration: 2h 20m,,True,2026-02-19T11:56:18.378676
2026-11-14,CKG,departure,12:05,WUX Wuxi,ZH9552,Shenzhen Airlines,text,Duration: 2h 10m,,True,2026-02-19T11:56:18.378682
2026-11-14,CKG,departure,12:10,DLC Dalian,CZ6580,China Southern,text,Duration: 2h 50m,,True,2026-02-19T11:56:18.378689
2026-11-14,CKG,departure,12:10,SHA Shanghai,MU5428,China Eastern,text,Duration: 2h 20m,,True,2026-02-19T11:56:18.378767
2026-11-14,CKG,departure,12:15,JHG Jinghong,3U3551,Sichuan Airlines,text,Duration: 2h 10m,,True,2026-02-19T11:56:18.378774
2026-11-14,CKG,departure,12:15,LXA Lhasa/Lasa,EU2738,Chengdu Airlines,text,Duration: 3h 0m,,True,2026-02-19T11:56:18.378781
2026-11-14,CKG,departure,12:15,PEK Beijing,HU7168,Hainan Airlines,text,Duration: 2h 35m,,True,2026-02-19T11:56:18.378787
2026-11-14,CKG,departure,12:15,URC Urumqi,3U3209,Sichuan Airlines,text,Duration: 4h 15m,,True,2026-02-19T11:56:18.378793
2026-11-14,CKG,departure,12:15,ZUH Zhuhai,CZ8286,China Southern,text,Duration: 1h 55m,,True,2026-02-19T11:56:18.378799
2026-11-14,CKG,departure,12:20,SJW Shijiazhuang,PN6335,West Air (China),text,Duration: 2h 0m,,True,2026-02-19T11:56:18.378805
2026-11-14,CKG,departure,12:25,NTG Nantong,ZH8672,Shenzhen Airlines,text,Duration: 2h 20m,,True,2026-02-19T11:56:18.378811
2026-11-14,CKG,departure,12:30,HGH Hangzhou,OQ2389,Chongqing Airlines,text,Duration: 2h 20m,,True,2026-02-19T11:56:18.378817
2026-11-14,CKG,departure,12:40,CGO Zhengzhou,CZ3480,China Southern,text,Duration: 1h 50m,,True,2026-02-19T11:56:18.378823
2026-11-14,CKG,departure,12:40,SHA Shanghai,9C8898,Spring Airlines,text,Duration: 2h 20m,,True,2026-02-19T11:56:18.378901
2026-11-14,CKG,departure,12:45,HET Hohhot,OQ2175,Chongqing Airlines,text,Duration: 2h 30m,,True,2026-02-19T11:56:18.378908
2026-11-14,CKG,departure,12:50,DHH Hami,EU2223,Chengdu Airlines,text,Duration: 4h 10m,,True,2026-02-19T11:56:18.378914
2026-11-14,CKG,departure,12:50,HGH Hangzhou,MF8472,XiamenAir,text,Duration: 2h 10m,,True,2026-02-19T11:56:18.378919
2026-11-14,CKG,departure,12:55,LXA Lhasa/Lasa,CA4420,Air China,text,Duration: 3h 0m,,True,2026-02-19T11:56:18.378926
2026-11-14,CKG,departure,12:55,NKG Nanjing,3U8043,Sichuan Airlines,text,Duration: 1h 55m,,True,2026-02-19T11:56:18.378932
2026-11-14,CKG,departure,12:55,PVG Shanghai,9C7298,Spring Airlines,text,Duration: 2h 40m,,True,2026-02-19T11:56:18.378937
2026-11-14,CKG,departure,13:00,PEK Beijing,3U8831,Sichuan Airlines,text,Duration: 2h 35m,,True,2026-02-19T11:56:18.378943
2026-11-14,CKG,departure,13:05,TNA Jinan,SC8818,Shandong Airlines,text,Duration: 2h 0m,,True,2026-02-19T11:56:18.378949
2026-11-14,CKG,departure,13:05,WNZ Wenzhou,PN6283,West Air (China),text,Duration: 2h 15m,,True,2026-02-19T11:56:18.378955
2026-11-14,CKG,departure,13:10,CAN Guangzhou,CZ3406,China Southern,text,Duration: 2h 10m,,True,2026-02-19T11:56:18.379032
2026-11-14,CKG,departure,13:10,LXA Lhasa/Lasa,TV9719,Tibet Airlines,text,Duration: 3h 10m,,True,2026-02-19T11:56:18.379040
2026-11-14,CKG,departure,13:10,NRT Tokyo,CA433,Air China,text,Duration: 4h 20m,,True,2026-02-19T11:56:18.379046
2026-11-14,CKG,departure,13:10,TYN Taiyuan,MU9834,China Eastern,text,Duration: 1h 50m,,True,2026-02-19T11:56:18.379055
2026-11-14,CKG,departure,13:15,PEK Beijing,CA1430,Air China,text,Duration: 2h 30m,,True,2026-02-19T11:56:18.379061
2026-11-14,CKG,departure,13:15,SZX Shenzhen,3U8783,Sichuan Airlines,text,Duration: 1h 45m,,True,2026-02-19T11:56:18.379067
2026-11-14,CKG,departure,13:20,LXA Lhasa/Lasa,PN6391,West Air (China),text,Duration: 2h 55m,,True,2026-02-19T11:56:18.379073
2026-11-14,CKG,departure,13:20,WUH Wuhan,3U8155,Sichuan Airlines,text,Duration: 1h 30m,,True,2026-02-19T11:56:18.379079
2026-11-14,CKG,departure,13:25,CAN Guangzhou,3U8747,Sichuan Airlines,text,Duration: 2h 5m,,True,2026-02-19T11:56:18.379085
2026-11-14,CKG,departure,13:25,WEF Weifang,G52773,Gestair,text,Duration: 2h 25m,,True,2026-02-19T11:56:18.379091
2026-11-14,CKG,departure,13:30,"JUZ Quzhou, Zhejiang Province",G54683,Gestair,text,Duration: 2h 10m,,True,2026-02-19T11:56:18.379169
2026-11-14,CKG,departure,13:30,KHG Kashi,OQ2009,Chongqing Airlines,text,Duration: 5h 25m,,True,2026-02-19T11:56:18.379176
2026-11-14,CKG,departure,13:30,TNA Jinan,SC8802,Shandong Airlines,text,Duration: 2h 15m,,True,2026-02-19T11:56:18.379182
2026-11-14,CKG,departure,13:40,CGQ Changchun,CZ6364,China Southern,text,Duration: 3h 40m,,True,2026-02-19T11:56:18.379188
2026-11-14,CKG,departure,13:40,SYX Sanya,PN6203,West Air (China),text,Duration: 2h 25m,,True,2026-02-19T11:56:18.379194
2026-11-14,CKG,departure,13:50,DLU Dali City,CA4485,Air China,text,Duration: 1h 50m,,True,2026-02-19T11:56:18.379202
2026-11-14,CKG,departure,13:50,FOC Fuzhou,MF8486,XiamenAir,text,Duration: 2h 20m,,True,2026-02-19T11:56:18.379208
2026-11-14,CKG,departure,13:50,SHA Shanghai,MU9196,China Eastern,text,Duration: 2h 10m,,True,2026-02-19T11:56:18.379215
2026-11-14,CKG,departure,13:50,SHE Shenyang,CZ6404,China Southern,text,Duration: 3h 10m,,True,2026-02-19T11:56:18.379221
2026-11-14,CKG,departure,13:55,CAN Guangzhou,CA4349,Air China,text,Duration: 2h 10m,,True,2026-02-19T11:56:18.379227
2026-11-14,CKG,departure,14:00,CSX Changsha,3U8009,Sichuan Airlines,text,Duration: 1h 25m,,True,2026-02-19T11:56:18.379303
2026-11-14,CKG,departure,14:00,HFE Hefei,3U8197,Sichuan Airlines,text,Duration: 1h 45m,,True,2026-02-19T11:56:18.379311
2026-11-14,CKG,departure,14:00,SZX Shenzhen,OQ2345,Chongqing Airlines,text,Duration: 1h 50m,,True,2026-02-19T11:56:18.379317
2026-11-14,CKG,departure,14:05,DOY Dongying,G54009,Gestair,text,Duration: 2h 20m,,True,2026-02-19T11:56:18.379323
2026-11-14,CKG,departure,14:05,HET Hohhot,G54151,Gestair,text,Duration: 2h 25m,,True,2026-02-19T11:56:18.379329
2026-11-14,CKG,departure,14:05,WUX Wuxi,HO2014,Juneyao Airlines,text,Duration: 2h 20m,,True,2026-02-19T11:56:18.379335
2026-11-14,CKG,departure,14:05,XUZ Xuzhou,G54607,Gestair,text,Duration: 1h 55m,,True,2026-02-19T11:56:18.379341
2026-11-14,CKG,departure,14:05,YIW Yiwu,GY7278,Colorful GuiZhou Airlines,text,Duration: 2h 10m,,True,2026-02-19T11:56:18.379348
2026-11-14,CKG,departure,14:10,HRB Harbin,OQ2327,Chongqing Airlines,text,Duration: 3h 45m,,True,2026-02-19T11:56:18.379354
2026-11-14,CKG,departure,14:10,KHN Nanchang,3U8181,Sichuan Airlines,text,Duration: 1h 40m,,True,2026-02-19T11:56:18.379360
2026-11-14,CKG,departure,14:15,CGO Zhengzhou,3U8159,Sichuan Airlines,text,Duration: 1h 45m,,True,2026-02-19T11:56:18.379436
2026-11-14,CKG,departure,14:15,HZA Heze,GJ8292,Loong Air,text,Duration: 2h 5m,,True,2026-02-19T11:56:18.379444
2026-11-14,CKG,departure,14:15,PEK Beijing,CA4141,Air China,text,Duration: 2h 45m,,True,2026-02-19T11:56:18.379449
2026-11-14,CKG,departure,14:15,XNN Xining,TV9911,Tibet Airlines,text,Duration: 1h 55m,,True,2026-02-19T11:56:18.379455
2026-11-14,CKG,departure,14:20,KMG Kunming,MU5866,China Eastern,text,Duration: 1h 35m,,True,2026-02-19T11:56:18.379462
2026-11-14,CKG,departure,14:25,URC Urumqi,CZ6986,China Southern,text,Duration: 4h 0m,,True,2026-02-19T11:56:18.379467
2026-11-14,CKG,departure,14:25,ZUH Zhuhai,CZ5726,China Southern,text,Duration: 1h 55m,,True,2026-02-19T11:56:18.379473
2026-11-14,CKG,departure,14:30,KRL Korla,OQ2017,Chongqing Airlines,text,Duration: 4h 25m,,True,2026-02-19T11:56:18.379479
2026-11-14,CKG,departure,14:30,LXA Lhasa/Lasa,TV9843,Tibet Airlines,text,Duration: 3h 30m,,True,2026-02-19T11:56:18.379485
2026-11-14,CKG,departure,14:30,XMN Xiamen,HU7425,Hainan Airlines,text,Duration: 2h 20m,,True,2026-02-19T11:56:18.379492
2026-11-14,CKG,departure,14:35,HTN Hotan,CA4253,Air China,text,Duration: 5h 0m,,True,2026-02-19T11:56:18.379568
2026-11-14,CKG,departure,14:45,NGB Ningbo,3U8109,Sichuan Airlines,text,Duration: 2h 10m,,True,2026-02-19T11:56:18.379575
2026-11-14,CKG,departure,14:50,FOC Fuzhou,MF8488,XiamenAir,text,Duration: 2h 20m,,True,2026-02-19T11:56:18.379581
2026-11-14,CKG,departure,14:50,HET Hohhot,CA4007,Air China,text,Duration: 2h 30m,,True,2026-02-19T11:56:18.379587
2026-11-14,CKG,departure,14:50,PKX Beijing,MU6684,China Eastern,text,Duration: 2h 40m,,True,2026-02-19T11:56:18.379592
2026-11-14,CKG,departure,14:55,WDS Shiyan,G54487,Gestair,text,Duration: 1h 15m,,True,2026-02-19T11:56:18.379598
2026-11-14,CKG,departure,15:00,LHR London,GS7965,Tianjin Airlines,text,Duration: 12h 30m,,True,2026-02-19T11:56:18.379604
2026-11-14,CKG,departure,15:00,XMN Xiamen,MF8434,XiamenAir,text,Duration: 2h 20m,,True,2026-02-19T11:56:18.379610
2026-11-14,CKG,departure,15:05,CAN Guangzhou,OQ2339,Chongqing Airlines,text,Duration: 2h 5m,,True,2026-02-19T11:56:18.379616
2026-11-14,CKG,departure,15:05,HUZ Huizhou,OQ2343,Chongqing Airlines,text,Duration: 2h 10m,,True,2026-02-19T11:56:18.379622
2026-11-14,CKG,departure,15:05,PVG Shanghai,3U8973,Sichuan Airlines,text,Duration: 2h 25m,,True,2026-02-19T11:56:18.379696
2026-11-14,CKG,departure,15:15,HGH Hangzhou,3U8083,Sichuan Airlines,text,Duration: 2h 10m,,True,2026-02-19T11:56:18.379703
2026-11-14,CKG,departure,15:15,KMG Kunming,3U8284,Sichuan Airlines,text,Duration: 1h 35m,,True,2026-02-19T11:56:18.379710
2026-11-14,CKG,departure,15:15,PEK Beijing,CA4143,Air China,text,Duration: 2h 30m,,True,2026-02-19T11:56:18.379716
2026-11-14,CKG,departure,15:15,PEK Beijing,HU7568,Hainan Airlines,text,Duration: 2h 25m,,True,2026-02-19T11:56:18.379722
2026-11-14,CKG,departure,15:20,INC Yinchuan,HU7271,Hainan Airlines,text,Duration: 2h 0m,,True,2026-02-19T11:56:18.379728
2026-11-14,CKG,departure,15:20,SJW Shijiazhuang,NS3241,Hebei Airlines,text,Duration: 2h 5m,,True,2026-02-19T11:56:18.379735
2026-11-14,CKG,departure,15:20,TAO Qingdao,SC4836,Shandong Airlines,text,Duration: 2h 45m,,True,2026-02-19T11:56:18.379741
2026-11-14,CKG,departure,15:20,TPE Taipei,CA409,Air China,text,Duration: 3h 0m,,True,2026-02-19T11:56:18.379747
2026-11-14,CKG,departure,15:25,KRL Korla,G54005,Gestair,text,Duration: 4h 5m,,True,2026-02-19T11:56:18.379753
2026-11-14,CKG,departure,15:35,DIG Diqing,OQ2147,Chongqing Airlines,text,Duration: 2h 5m,,True,2026-02-19T11:56:18.379828
2026-11-14,CKG,departure,15:35,SZX Shenzhen,CZ3456,China Southern,text,Duration: 2h 20m,,True,2026-02-19T11:56:18.379836
2026-11-14,CKG,departure,15:40,SHA Shanghai,MU5432,China Eastern,text,Duration: 2h 35m,,True,2026-02-19T11:56:18.379843
2026-11-14,CKG,departure,15:45,URC Urumqi,OQ2311,Chongqing Airlines,text,Duration: 4h 15m,,True,2026-02-19T11:56:18.379849
2026-11-14,CKG,departure,15:50,BKK Bangkok,3U3771,Sichuan Airlines,text,Duration: 3h 30m,,True,2026-02-19T11:56:18.379855
2026-11-14,CKG,departure,15:50,LYA Luoyang,QW6054,Qingdao Airlines,text,Duration: 1h 40m,,True,2026-02-19T11:56:18.379860
2026-11-14,CKG,departure,15:50,SZX Shenzhen,ZH9464,Shenzhen Airlines,text,Duration: 2h 15m,,True,2026-02-19T11:56:18.379866
2026-11-14,CKG,departure,15:50,XNN Xining,MF8865,XiamenAir,text,Duration: 1h 55m,,True,2026-02-19T11:56:18.379872
2026-11-14,CKG,departure,15:55,HGH Hangzhou,PN6435,West Air (China),text,Duration: 2h 20m,,True,2026-02-19T11:56:18.379877
2026-11-14,CKG,departure,15:55,TSN Tianjin,CA4001,Air China,text,Duration: 2h 55m,,True,2026-02-19T11:56:18.379883
2026-11-14,CKG,departure,15:55,WUH Wuhan,CZ8422,China Southern,text,Duration: 1h 30m,,True,2026-02-19T11:56:18.379957
2026-11-14,CKG,departure,16:00,ENY Yan'an,G52907,Gestair,text,Duration: 1h 35m,,True,2026-02-19T11:56:18.379965
2026-11-14,CKG,departure,16:00,SHE Shenyang,HU7101,Hainan Airlines,text,Duration: 3h 5m,,True,2026-02-19T11:56:18.379972
2026-11-14,CKG,departure,16:00,TVS Tangshan,GT1069,Air Guilin,text,Duration: 2h 35m,,True,2026-02-19T11:56:18.379978
2026-11-14,CKG,departure,16:00,XMN Xiamen,3U8087,Sichuan Airlines,text,Duration: 2h 20m,,True,2026-02-19T11:56:18.379984
2026-11-14,CKG,departure,16:05,DLC Dalian,3U8007,Sichuan Airlines,text,Duration: 2h 40m,,True,2026-02-19T11:56:18.379990
2026-11-14,CKG,departure,16:10,SJW Shijiazhuang,OQ2053,Chongqing Airlines,text,Duration: 2h 5m,,True,2026-02-19T11:56:18.379996
2026-11-14,CKG,departure,16:10,ZUH Zhuhai,OQ2385,Chongqing Airlines,text,Duration: 2h 5m,,True,2026-02-19T11:56:18.380003
2026-11-14,CKG,departure,16:15,JGS Ji'An,9C8751,Spring Airlines,text,Duration: 1h 50m,,True,2026-02-19T11:56:18.380009
2026-11-14,CKG,departure,16:15,PEK Beijing,CA1438,Air China,text,Duration: 2h 30m,,True,2026-02-19T11:56:18.380016
2026-11-14,CKG,departure,16:15,YCU Yuncheng,MF8785,XiamenAir,text,Duration: 1h 40m,,True,2026-02-19T11:56:18.380091
2026-11-14,CKG,departure,16:20,NGB Ningbo,OQ2315,Chongqing Airlines,text,Duration: 2h 30m,,True,2026-02-19T11:56:18.380098
2026-11-14,CKG,departure,16:25,HAN Hanoi,PN6423,West Air (China),text,Duration: 2h 0m,,True,2026-02-19T11:56:18.380104
2026-11-14,CKG,departure,16:25,KHN Nanchang,ZH8854,Shenzhen Airlines,text,Duration: 1h 40m,,True,2026-02-19T11:56:18.380110
2026-11-14,CKG,departure,16:30,CAN Guangzhou,HU7242,Hainan Airlines,text,Duration: 2h 10m,,True,2026-02-19T11:56:18.380117
2026-11-14,CKG,departure,16:30,SZX Shenzhen,HU7358,Hainan Airlines,text,Duration: 2h 20m,,True,2026-02-19T11:56:18.380123
2026-11-14,CKG,departure,16:35,HAK Haikou,3U8067,Sichuan Airlines,text,Duration: 2h 5m,,True,2026-02-19T11:56:18.380129
2026-11-14,CKG,departure,16:35,HGH Hangzhou,MF8478,XiamenAir,text,Duration: 2h 30m,,True,2026-02-19T11:56:18.380135
2026-11-14,CKG,departure,16:45,HGH Hangzhou,CA4577,Air China,text,Duration: 2h 10m,,True,2026-02-19T11:56:18.380141
2026-11-14,CKG,departure,16:45,HIA Huai'an,8L9817,Lucky Air,text,Duration: 2h 10m,,True,2026-02-19T11:56:18.380147
2026-11-14,CKG,departure,16:45,SWA Jieyang,3U8005,Sichuan Airlines,text,Duration: 2h 10m,,True,2026-02-19T11:56:18.380234
2026-11-14,CKG,departure,16:50,CSX Changsha,CZ3422,China Southern,text,Duration: 1h 40m,,True,2026-02-19T11:56:18.380243
2026-11-14,CKG,departure,16:50,KRL Korla,PN6387,West Air (China),text,Duration: 4h 10m,,True,2026-02-19T11:56:18.380250
2026-11-14,CKG,departure,16:55,FOC Fuzhou,PN6275,West Air (China),text,Duration: 2h 20m,,True,2026-02-19T11:56:18.380256
2026-11-14,CKG,departure,16:55,PKX Beijing,CA8673,Air China,text,Duration: 2h 50m,,True,2026-02-19T11:56:18.380265
2026-11-14,CKG,departure,16:55,PVG Shanghai,CA4555,Air China,text,Duration: 2h 35m,,True,2026-02-19T11:56:18.380278
2026-11-14,CKG,departure,16:55,SHA Shanghai,MF8581,XiamenAir,text,Duration: 2h 10m,,True,2026-02-19T11:56:18.380287
2026-11-14,CKG,departure,16:55,UYN Yulin,GX8881,GX Airlines,text,Duration: 1h 55m,,True,2026-02-19T11:56:18.380294
2026-11-14,CKG,departure,17:00,NGB Ningbo,GJ8398,Loong Air,text,Duration: 2h 20m,,True,2026-02-19T11:56:18.380300
2026-11-14,CKG,departure,17:00,NKG Nanjing,3U8045,Sichuan Airlines,text,Duration: 1h 55m,,True,2026-02-19T11:56:18.380307
2026-11-14,CKG,departure,17:00,SYX Sanya,CA4387,Air China,text,Duration: 2h 20m,,True,2026-02-19T11:56:18.380438
2026-11-14,CKG,departure,17:05,HAK Haikou,HU7372,Hainan Airlines,text,Duration: 2h 10m,,True,2026-02-19T11:56:18.380450
2026-11-14,CKG,departure,17:05,NKG Nanjing,HO1694,Juneyao Airlines,text,Duration: 2h 5m,,True,2026-02-19T11:56:18.380460
2026-11-14,CKG,departure,17:05,TYN Taiyuan,KY3006,Kunming Airlines,text,Duration: 2h 5m,,True,2026-02-19T11:56:18.380471
2026-11-14,CKG,departure,17:05,WUX Wuxi,3U8027,Sichuan Airlines,text,Duration: 2h 20m,,True,2026-02-19T11:56:18.380482
2026-11-14,CKG,departure,17:10,CAN Guangzhou,CZ3464,China Southern,text,Duration: 2h 5m,,True,2026-02-19T11:56:18.380492
2026-11-14,CKG,departure,17:10,SHA Shanghai,MU2550,China Eastern,text,Duration: 2h 15m,,True,2026-02-19T11:56:18.380501
2026-11-14,CKG,departure,17:10,YNT Yantai,QW6032,Qingdao Airlines,text,Duration: 2h 35m,,True,2026-02-19T11:56:18.380510
2026-11-14,CKG,departure,17:15,TAO Qingdao,SC4832,Shandong Airlines,text,Duration: 2h 25m,,True,2026-02-19T11:56:18.380519
2026-11-14,CKG,departure,17:20,HKG Hong Kong,CX929,Cathay Pacific,text,Duration: 2h 25m,,True,2026-02-19T11:56:18.380529
2026-11-14,CKG,departure,17:20,SHE Shenyang,CZ6470,China Southern,text,Duration: 3h 10m,,True,2026-02-19T11:56:18.380656
2026-11-14,CKG,departure,17:20,TSN Tianjin,PN6237,West Air (China),text,Duration: 2h 40m,,True,2026-02-19T11:56:18.380667
2026-11-14,CKG,departure,17:20,WMT Zunyi,G54785,Gestair,text,Duration: 0h 50m,,True,2026-02-19T11:56:18.380675
2026-11-14,CKG,departure,17:25,HGH Hangzhou,3U3182,Sichuan Airlines,text,Duration: 2h 15m,,True,2026-02-19T11:56:18.380683
2026-11-14,CKG,departure,17:25,PKX Beijing,CZ8816,China Southern,text,Duration: 2h 30m,,True,2026-02-19T11:56:18.380691
2026-11-14,CKG,departure,17:25,SHA Shanghai,CA4541,Air China,text,Duration: 2h 15m,,True,2026-02-19T11:56:18.380698
2026-11-14,CKG,departure,17:30,NGB Ningbo,OQ2357,Chongqing Airlines,text,Duration: 2h 20m,,True,2026-02-19T11:56:18.380705
2026-11-14,CKG,departure,17:30,PEK Beijing,CA4147,Air China,text,Duration: 2h 45m,,True,2026-02-19T11:56:18.380712
2026-11-14,CKG,departure,17:30,SZX Shenzhen,CA4345,Air China,text,Duration: 2h 5m,,True,2026-02-19T11:56:18.380719
2026-11-14,CKG,departure,17:30,VTE Vientiane,G52805,Gestair,text,Duration: 2h 35m,,True,2026-02-19T11:56:18.380727
2026-11-14,CKG,departure,17:35,PVG Shanghai,HO1242,Juneyao Airlines,text,Duration: 2h 20m,,True,2026-02-19T11:56:18.380838
2026-11-14,CKG,departure,17:40,CAN Guangzhou,CA4341,Air China,text,Duration: 2h 0m,,True,2026-02-19T11:56:18.380847
2026-11-14,CKG,departure,17:40,MFM Macau,PN6593,West Air (China),text,Duration: 2h 20m,,True,2026-02-19T11:56:18.380855
2026-11-14,CKG,departure,17:45,CGO Zhengzhou,CZ8716,China Southern,text,Duration: 1h 45m,,True,2026-02-19T11:56:18.380864
2026-11-14,CKG,departure,17:55,PVG Shanghai,9C8868,Spring Airlines,text,Duration: 2h 30m,,True,2026-02-19T11:56:18.380871
2026-11-14,CKG,departure,17:55,SYX Sanya,OQ2331,Chongqing Airlines,text,Duration: 2h 40m,,True,2026-02-19T11:56:18.380878
2026-11-14,CKG,departure,17:55,TNA Jinan,3U8053,Sichuan Airlines,text,Duration: 2h 0m,,True,2026-02-19T11:56:18.380885
2026-11-14,CKG,departure,18:00,CAN Guangzhou,HU7442,Hainan Airlines,text,Duration: 2h 10m,,True,2026-02-19T11:56:18.380893
2026-11-14,CKG,departure,18:00,TYN Taiyuan,PN6539,West Air (China),text,Duration: 2h 0m,,True,2026-02-19T11:56:18.380901
2026-11-14,CKG,departure,18:05,NKG Nanjing,CA4557,Air China,text,Duration: 1h 45m,,True,2026-02-19T11:56:18.380908
2026-11-14,CKG,departure,18:05,PVG Shanghai,3U8975,Sichuan Airlines,text,Duration: 2h 45m,,True,2026-02-19T11:56:18.381017
2026-11-14,CKG,departure,18:05,TNA Jinan,MU5472,China Eastern,text,Duration: 2h 0m,,True,2026-02-19T11:56:18.381027
2026-11-14,CKG,departure,18:10,FOC Fuzhou,3U8105,Sichuan Airlines,text,Duration: 2h 15m,,True,2026-02-19T11:56:18.381035
2026-11-14,CKG,departure,18:10,WHA Wuhu,3U8071,Sichuan Airlines,text,Duration: 2h 5m,,True,2026-02-19T11:56:18.381043
2026-11-14,CKG,departure,18:15,PEK Beijing,CA1440,Air China,text,Duration: 2h 45m,,True,2026-02-19T11:56:18.381051
2026-11-14,CKG,departure,18:15,SZX Shenzhen,MU6611,China Eastern,text,Duration: 1h 50m,,True,2026-02-19T11:56:18.381059
2026-11-14,CKG,departure,18:20,FOC Fuzhou,MF8412,XiamenAir,text,Duration: 2h 15m,,True,2026-02-19T11:56:18.381067
2026-11-14,CKG,departure,18:20,HGH Hangzhou,GJ8692,Loong Air,text,Duration: 2h 10m,,True,2026-02-19T11:56:18.381075
2026-11-14,CKG,departure,18:25,YZY Zhangye,GS7594,Tianjin Airlines,text,Duration: 2h 5m,,True,2026-02-19T11:56:18.381082
2026-11-14,CKG,departure,18:30,FOC Fuzhou,CA4569,Air China,text,Duration: 2h 15m,,True,2026-02-19T11:56:18.381090
2026-11-14,CKG,departure,18:30,HYN Taizhou,G54509,Gestair,text,Duration: 2h 30m,,True,2026-02-19T11:56:18.381184
2026-11-14,CKG,departure,18:30,PEK Beijing,HU7368,Hainan Airlines,text,Duration: 2h 30m,,True,2026-02-19T11:56:18.381194
2026-11-14,CKG,departure,18:30,TNA Jinan,SC8816,Shandong Airlines,text,Duration: 2h 35m,,True,2026-02-19T11:56:18.381200
2026-11-14,CKG,departure,18:40,YNZ Yancheng,MF8777,XiamenAir,text,Duration: 2h 0m,,True,2026-02-19T11:56:18.381206
2026-11-14,CKG,departure,18:45,SHA Shanghai,FM9420,Shanghai Airlines,text,Duration: 2h 25m,,True,2026-02-19T11:56:18.381213
2026-11-14,CKG,departure,18:50,DXB Dubai,CA451,Air China,text,Duration: 8h 20m,,True,2026-02-19T11:56:18.381219
2026-11-14,CKG,departure,18:55,KUL Kuala Lumpur,3U3773,Sichuan Airlines,text,Duration: 4h 45m,,True,2026-02-19T11:56:18.381226
2026-11-14,CKG,departure,18:55,SYX Sanya,3U8061,Sichuan Airlines,text,Duration: 2h 5m,,True,2026-02-19T11:56:18.381232
2026-11-14,CKG,departure,18:55,SZX Shenzhen,MF8389,XiamenAir,text,Duration: 2h 5m,,True,2026-02-19T11:56:18.381239
2026-11-14,CKG,departure,19:00,BKI Kota Kinabalu,OQ2193,Chongqing Airlines,text,Duration: 4h 15m,,True,2026-02-19T11:56:18.381245
2026-11-14,CKG,departure,19:00,NGB Ningbo,MU2396,China Eastern,text,Duration: 2h 10m,,True,2026-02-19T11:56:18.381334
2026-11-14,CKG,departure,19:00,SZX Shenzhen,CZ6562,China Southern,text,Duration: 1h 55m,,True,2026-02-19T11:56:18.381343
2026-11-14,CKG,departure,19:00,WUH Wuhan,CA4381,Air China,text,Duration: 1h 25m,,True,2026-02-19T11:56:18.381350
2026-11-14,CKG,departure,19:05,IQN Qingyang,NS8068,Hebei Airlines,text,Duration: 1h 20m,,True,2026-02-19T11:56:18.381357
2026-11-14,CKG,departure,19:10,KUL Kuala Lumpur,MF8711,XiamenAir,text,Duration: 4h 45m,,True,2026-02-19T11:56:18.381363
2026-11-14,CKG,departure,19:10,PVG Shanghai,PN6437,West Air (China),text,Duration: 2h 10m,,True,2026-02-19T11:56:18.381369
2026-11-14,CKG,departure,19:10,ZHA Zhanjiang,CA4359,Air China,text,Duration: 2h 0m,,True,2026-02-19T11:56:18.381376
2026-11-14,CKG,departure,19:15,LHW Lanzhou,9C6282,Spring Airlines,text,Duration: 2h 10m,,True,2026-02-19T11:56:18.381382
2026-11-14,CKG,departure,19:15,PEK Beijing,CA1412,Air China,text,Duration: 2h 30m,,True,2026-02-19T11:56:18.381390
2026-11-14,CKG,departure,19:20,SWA Jieyang,3U8015,Sichuan Airlines,text,Duration: 2h 0m,,True,2026-02-19T11:56:18.381396
2026-11-14,CKG,departure,19:20,SZX Shenzhen,3U8785,Sichuan Airlines,text,Duration: 2h 5m,,True,2026-02-19T11:56:18.381491
2026-11-14,CKG,departure,19:20,TAO Qingdao,SC4840,Shandong Airlines,text,Duration: 2h 25m,,True,2026-02-19T11:56:18.381499
2026-11-14,CKG,departure,19:25,LHW Lanzhou,3U8019,Sichuan Airlines,text,Duration: 1h 50m,,True,2026-02-19T11:56:18.381506
2026-11-14,CKG,departure,19:25,NKG Nanjing,ZH9592,Shenzhen Airlines,text,Duration: 1h 55m,,True,2026-02-19T11:56:18.381512
2026-11-14,CKG,departure,19:30,KMG Kunming,OQ2119,Chongqing Airlines,text,Duration: 1h 35m,,True,2026-02-19T11:56:18.381518
2026-11-14,CKG,departure,19:30,PEK Beijing,3U8833,Sichuan Airlines,text,Duration: 2h 25m,,True,2026-02-19T11:56:18.381523
2026-11-14,CKG,departure,19:30,PKX Beijing,CZ8818,China Southern,text,Duration: 2h 30m,,True,2026-02-19T11:56:18.381530
2026-11-14,CKG,departure,19:30,XUZ Xuzhou,G54121,Gestair,text,Duration: 2h 0m,,True,2026-02-19T11:56:18.381536
2026-11-14,CKG,departure,19:40,CGO Zhengzhou,CZ6354,China Southern,text,Duration: 1h 50m,,True,2026-02-19T11:56:18.381542
2026-11-14,CKG,departure,19:50,FOC Fuzhou,MF8490,XiamenAir,text,Duration: 2h 5m,,True,2026-02-19T11:56:18.381548
2026-11-14,CKG,departure,19:55,XMN Xiamen,MF8424,XiamenAir,text,Duration: 2h 15m,,True,2026-02-19T11:56:18.381632
2026-11-14,CKG,departure,20:00,HAK Haikou,HU7472,Hainan Airlines,text,Duration: 1h 50m,,True,2026-02-19T11:56:18.381641
2026-11-14,CKG,departure,20:00,JHG Jinghong,OQ2373,Chongqing Airlines,text,Duration: 2h 10m,,True,2026-02-19T11:56:18.381647
2026-11-14,CKG,departure,20:00,SHA Shanghai,MU9194,China Eastern,text,Duration: 2h 5m,,True,2026-02-19T11:56:18.381653
2026-11-14,CKG,departure,20:00,TAO Qingdao,3U8151,Sichuan Airlines,text,Duration: 2h 10m,,True,2026-02-19T11:56:18.381660
2026-11-14,CKG,departure,20:00,WHA Wuhu,GT1118,Air Guilin,text,Duration: 2h 0m,,True,2026-02-19T11:56:18.381666
2026-11-14,CKG,departure,20:00,YIW Yiwu,OQ2391,Chongqing Airlines,text,Duration: 2h 10m,,True,2026-02-19T11:56:18.381672
2026-11-14,CKG,departure,20:05,HAK Haikou,PN6531,West Air (China),text,Duration: 2h 5m,,True,2026-02-19T11:56:18.381678
2026-11-14,CKG,departure,20:05,PKX Beijing,MU6686,China Eastern,text,Duration: 2h 20m,,True,2026-02-19T11:56:18.381684
2026-11-14,CKG,departure,20:10,CAN Guangzhou,3U8749,Sichuan Airlines,text,Duration: 1h 35m,,True,2026-02-19T11:56:18.381691
2026-11-14,CKG,departure,20:10,JHG Jinghong,3U8079,Sichuan Airlines,text,Duration: 2h 15m,,True,2026-02-19T11:56:18.381771
2026-11-14,CKG,departure,20:10,PEK Beijing,CA1410,Air China,text,Duration: 2h 35m,,True,2026-02-19T11:56:18.381778
2026-11-14,CKG,departure,20:10,WNZ Wenzhou,PN6433,West Air (China),text,Duration: 2h 0m,,True,2026-02-19T11:56:18.381784
2026-11-14,CKG,departure,20:15,LFQ Qiaoli,G54317,Gestair,text,Duration: 1h 30m,,True,2026-02-19T11:56:18.381791
2026-11-14,CKG,departure,20:15,LJG Lijiang,3U8011,Sichuan Airlines,text,Duration: 1h 45m,,True,2026-02-19T11:56:18.381797
2026-11-14,CKG,departure,20:15,SHA Shanghai,9C8996,Spring Airlines,text,Duration: 2h 25m,,True,2026-02-19T11:56:18.381804
2026-11-14,CKG,departure,20:15,SZX Shenzhen,ZH9466,Shenzhen Airlines,text,Duration: 2h 15m,,True,2026-02-19T11:56:18.381810
2026-11-14,CKG,departure,20:15,TYN Taiyuan,3U8051,Sichuan Airlines,text,Duration: 1h 35m,,True,2026-02-19T11:56:18.381816
2026-11-14,CKG,departure,20:15,WUX Wuxi,ZH9554,Shenzhen Airlines,text,Duration: 2h 10m,,True,2026-02-19T11:56:18.381822
2026-11-14,CKG,departure,20:20,AKU Aksu,G54684,Gestair,text,Duration: 4h 35m,,True,2026-02-19T11:56:18.381827
2026-11-14,CKG,departure,20:20,FOC Fuzhou,FU6508,Fuzhou Airline,text,Duration: 2h 35m,,True,2026-02-19T11:56:18.381905
2026-11-14,CKG,departure,20:20,HGH Hangzhou,MF8476,XiamenAir,text,Duration: 2h 15m,,True,2026-02-19T11:56:18.381912
2026-11-14,CKG,departure,20:30,CAN Guangzhou,PN6205,West Air (China),text,Duration: 2h 5m,,True,2026-02-19T11:56:18.381919
2026-11-14,CKG,departure,20:30,HGH Hangzhou,CA1762,Air China,text,Duration: 2h 30m,,True,2026-02-19T11:56:18.381925
2026-11-14,CKG,departure,20:30,HUZ Huizhou,OQ2137,Chongqing Airlines,text,Duration: 1h 50m,,True,2026-02-19T11:56:18.381931
2026-11-14,CKG,departure,20:30,ZUH Zhuhai,PN6263,West Air (China),text,Duration: 1h 50m,,True,2026-02-19T11:56:18.381937
2026-11-14,CKG,departure,20:35,LUM Mangshi,KY3110,Kunming Airlines,text,Duration: 2h 25m,,True,2026-02-19T11:56:18.381943
2026-11-14,CKG,departure,20:35,PVG Shanghai,FM9426,Shanghai Airlines,text,Duration: 2h 10m,,True,2026-02-19T11:56:18.381949
2026-11-14,CKG,departure,20:45,KTI Phnom Penh,KR964,Cambodia Airways,text,Duration: 3h 40m,,True,2026-02-19T11:56:18.381955
2026-11-14,CKG,departure,20:50,WUH Wuhan,CZ3644,China Southern,text,Duration: 1h 40m,,True,2026-02-19T11:56:18.381961
2026-11-14,CKG,departure,20:55,SHA Shanghai,9C8998,Spring Airlines,text,Duration: 2h 30m,,True,2026-02-19T11:56:18.382038
2026-11-14,CKG,departure,21:00,TNA Jinan,3U3552,Sichuan Airlines,text,Duration: 2h 0m,,True,2026-02-19T11:56:18.382046
2026-11-14,CKG,departure,21:05,PKX Beijing,OQ2148,Chongqing Airlines,text,Duration: 2h 30m,,True,2026-02-19T11:56:18.382052
2026-11-14,CKG,departure,21:05,PVG Shanghai,HU7494,Hainan Airlines,text,Duration: 2h 40m,,True,2026-02-19T11:56:18.382058
2026-11-14,CKG,departure,21:05,TNA Jinan,3U8055,Sichuan Airlines,text,Duration: 2h 10m,,True,2026-02-19T11:56:18.382064
2026-11-14,CKG,departure,21:05,YNZ Yancheng,9C7346,Spring Airlines,text,Duration: 2h 0m,,True,2026-02-19T11:56:18.382070
2026-11-14,CKG,departure,21:10,KHN Nanchang,PN6255,West Air (China),text,Duration: 1h 40m,,True,2026-02-19T11:56:18.382077
2026-11-14,CKG,departure,21:10,NNG Nanning,CZ6798,China Southern,text,Duration: 1h 40m,,True,2026-02-19T11:56:18.382083
2026-11-14,CKG,departure,21:10,SZX Shenzhen,CA4367,Air China,text,Duration: 2h 15m,,True,2026-02-19T11:56:18.382089
2026-11-14,CKG,departure,21:10,TAO Qingdao,SC4844,Shandong Airlines,text,Duration: 2h 30m,,True,2026-02-19T11:56:18.382095
2026-11-14,CKG,departure,21:15,BKK Bangkok,OQ2361,Chongqing Airlines,text,Duration: 3h 15m,,True,2026-02-19T11:56:18.382172
2026-11-14,CKG,departure,21:15,CAN Guangzhou,OQ2325,Chongqing Airlines,text,Duration: 2h 0m,,True,2026-02-19T11:56:18.382179
2026-11-14,CKG,departure,21:15,PEK Beijing,CA1436,Air China,text,Duration: 2h 30m,,True,2026-02-19T11:56:18.382185
2026-11-14,CKG,departure,21:15,PVG Shanghai,Y87514,Suparna Airlines,text,Duration: 2h 25m,,True,2026-02-19T11:56:18.382192
2026-11-14,CKG,departure,21:20,CAN Guangzhou,CA4353,Air China,text,Duration: 1h 55m,,True,2026-02-19T11:56:18.382198
2026-11-14,CKG,departure,21:20,KMG Kunming,8L9858,Lucky Air,text,Duration: 1h 40m,,True,2026-02-19T11:56:18.382203
2026-11-14,CKG,departure,21:20,NKG Nanjing,HO1692,Juneyao Airlines,text,Duration: 2h 0m,,True,2026-02-19T11:56:18.382210
2026-11-14,CKG,departure,21:20,TSN Tianjin,MF8621,XiamenAir,text,Duration: 2h 35m,,True,2026-02-19T11:56:18.382216
2026-11-14,CKG,departure,21:25,PKX Beijing,CZ3260,China Southern,text,Duration: 2h 30m,,True,2026-02-19T11:56:18.382222
2026-11-14,CKG,departure,21:30,CSX Changsha,BK2922,OkAir,text,Duration: 1h 35m,,True,2026-02-19T11:56:18.382228
2026-11-14,CKG,departure,21:30,HAK Haikou,HU7272,Hainan Airlines,text,Duration: 2h 35m,,True,2026-02-19T11:56:18.382303
2026-11-14,CKG,departure,21:30,PEK Beijing,HU7268,Hainan Airlines,text,Duration: 2h 25m,,True,2026-02-19T11:56:18.382310
2026-11-14,CKG,departure,21:30,SHA Shanghai,MU5436,China Eastern,text,Duration: 2h 10m,,True,2026-02-19T11:56:18.382316
2026-11-14,CKG,departure,21:40,PVG Shanghai,HO2370,Juneyao Airlines,text,Duration: 2h 15m,,True,2026-02-19T11:56:18.382322
2026-11-14,CKG,departure,21:40,XIY Xian,MU2268,China Eastern,text,Duration: 1h 10m,,True,2026-02-19T11:56:18.382329
2026-11-14,CKG,departure,21:45,SHE Shenyang,CZ5356,China Southern,text,Duration: 3h 5m,,True,2026-02-19T11:56:18.382335
2026-11-14,CKG,departure,21:55,XIY Xian,JD5078,Capital Airlines,text,Duration: 1h 30m,,True,2026-02-19T11:56:18.382341
2026-11-14,CKG,departure,22:00,HAK Haikou,HU785,Hainan Airlines,text,Duration: 2h 25m,,True,2026-02-19T11:56:18.382349
2026-11-14,CKG,departure,22:00,JJN Jinjiang,MF8866,XiamenAir,text,Duration: 2h 10m,,True,2026-02-19T11:56:18.382355
2026-11-14,CKG,departure,22:10,KHN Nanchang,RY6682,Jiangxi Airlines,text,Duration: 1h 45m,,True,2026-02-19T11:56:18.382361
2026-11-14,CKG,departure,22:10,SGN Ho Chi Minh City,OQ2395,Chongqing Airlines,text,Duration: 3h 40m,,True,2026-02-19T11:56:18.382442
2026-11-14,CKG,departure,22:10,SZX Shenzhen,CZ5920,China Southern,text,Duration: 2h 20m,,True,2026-02-19T11:56:18.382452
2026-11-14,CKG,departure,22:15,CAN Guangzhou,MU6826,China Eastern,text,Duration: 2h 5m,,True,2026-02-19T11:56:18.382459
2026-11-14,CKG,departure,22:15,HFE Hefei,MU5484,China Eastern,text,Duration: 1h 40m,,True,2026-02-19T11:56:18.382465
2026-11-14,CKG,departure,22:20,SJW Shijiazhuang,9C8994,Spring Airlines,text,Duration: 2h 5m,,True,2026-02-19T11:56:18.382472
2026-11-14,CKG,departure,22:20,SZX Shenzhen,9C8616,Spring Airlines,text,Duration: 2h 5m,,True,2026-02-19T11:56:18.382478
2026-11-14,CKG,departure,22:20,SZX Shenzhen,ZH9468,Shenzhen Airlines,text,Duration: 2h 10m,,True,2026-02-19T11:56:18.382484
2026-11-14,CKG,departure,22:20,ZUH Zhuhai,CZ8260,China Southern,text,Duration: 1h 55m,,True,2026-02-19T11:56:18.382491
2026-11-14,CKG,departure,22:25,HAK Haikou,CZ5132,China Southern,text,Duration: 2h 20m,,True,2026-02-19T11:56:18.382497
2026-11-14,CKG,departure,22:25,KMG Kunming,MU9756,China Eastern,text,Duration: 1h 30m,,True,2026-02-19T11:56:18.382503
2026-11-14,CKG,departure,22:35,CAN Guangzhou,OQ2130,Chongqing Airlines,text,Duration: 1h 50m,,True,2026-02-19T11:56:18.382599
2026-11-14,CKG,departure,22:50,HAK Haikou,EU2737,Chengdu Airlines,text,Duration: 2h 25m,,True,2026-02-19T11:56:18.382609
2026-11-14,CKG,departure,22:50,LUM Mangshi,DR5312,Ruili Airlines,text,Duration: 2h 20m,,True,2026-02-19T11:56:18.382616
2026-11-14,CKG,departure,22:55,WUH Wuhan,MU2540,China Eastern,text,Duration: 1h 25m,,True,2026-02-19T11:56:18.382623
2026-11-14,CKG,departure,23:00,CAN Guangzhou,AQ1102,9 Air,text,Duration: 2h 0m,,True,2026-02-19T11:56:18.382630
2026-11-14,CKG,departure,23:00,SYX Sanya,3U3210,Sichuan Airlines,text,Duration: 2h 20m,,True,2026-02-19T11:56:18.382637
2026-11-14,CKG,departure,23:05,FOC Fuzhou,EU2224,Chengdu Airlines,text,Duration: 1h 50m,,True,2026-02-19T11:56:18.382644
2026-11-14,CKG,departure,23:05,JJN Jinjiang,PN6301,West Air (China),text,Duration: 2h 25m,,True,2026-02-19T11:56:18.382651
2026-11-14,CKG,departure,23:10,WUH Wuhan,CZ5180,China Southern,text,Duration: 1h 40m,,True,2026-02-19T11:56:18.382657
2026-11-14,CKG,departure,23:15,TAO Qingdao,MU5254,China Eastern,text,Duration: 2h 25m,,True,2026-02-19T11:56:18.382663
2026-11-14,CKG,departure,23:20,HAK Haikou,GS6599,Tianjin Airlines,text,Duration: 1h 50m,,True,2026-02-19T11:56:18.382752
2026-11-14,CKG,departure,23:20,KWL Guilin,GT1070,Air Guilin,text,Duration: 1h 25m,,True,2026-02-19T11:56:18.382761
2026-11-14,CKG,departure,23:20,LJG Lijiang,8L9818,Lucky Air,text,Duration: 1h 45m,,True,2026-02-19T11:56:18.382767
2026-11-14,CKG,departure,23:35,LJG Lijiang,JD5610,Capital Airlines,text,Duration: 1h 45m,,True,2026-02-19T11:56:18.382774
2026-11-14,CKG,arrival,00:05,FOC Fuzhou,3U8106,Sichuan Airlines,text,Duration: 2h 45m,,True,2026-02-19T11:56:31.930001
2026-11-14,CKG,arrival,00:05,FOC Fuzhou,CA4570,Air China,text,Duration: 2h 30m,,True,2026-02-19T11:56:31.930013
2026-11-14,CKG,arrival,00:05,WUA Wu Hai,G54279,Gestair,text,Duration: 2h 25m,,True,2026-02-19T11:56:31.930021
2026-11-14,CKG,arrival,00:05,HTN Hotan,OQ2012,Chongqing Airlines,text,Duration: 4h 30m,,True,2026-02-19T11:56:31.930028
2026-11-14,CKG,arrival,00:05,TNA Jinan,SC8801,Shandong Airlines,text,Duration: 2h 35m,,True,2026-02-19T11:56:31.930035
2026-11-14,CKG,arrival,00:10,LJG Lijiang,3U8012,Sichuan Airlines,text,Duration: 1h 25m,,True,2026-02-19T11:56:31.930042
2026-11-14,CKG,arrival,00:10,ZHA Zhanjiang,CA4360,Air China,text,Duration: 2h 10m,,True,2026-02-19T11:56:31.930048
2026-11-14,CKG,arrival,00:10,SJW Shijiazhuang,G52658,Gestair,text,Duration: 2h 25m,,True,2026-02-19T11:56:31.930055
2026-11-14,CKG,arrival,00:10,SYX Sanya,OQ2332,Chongqing Airlines,text,Duration: 2h 30m,,True,2026-02-19T11:56:31.930061
2026-11-14,CKG,arrival,00:10,TAO Qingdao,SC4845,Shandong Airlines,text,Duration: 3h 0m,,True,2026-02-19T11:56:31.930068
2026-11-14,CKG,arrival,00:10,SYM Pu'er,TV9916,Tibet Airlines,text,Duration: 2h 0m,,True,2026-02-19T11:56:31.930191
2026-11-14,CKG,arrival,00:15,PEK Beijing,3U8834,Sichuan Airlines,text,Duration: 2h 55m,,True,2026-02-19T11:56:31.930200
2026-11-14,CKG,arrival,00:15,HAK Haikou,GS6600,Tianjin Airlines,text,Duration: 2h 5m,,True,2026-02-19T11:56:31.930207
2026-11-14,CKG,arrival,00:15,PVG Shanghai,MU5433,China Eastern,text,Duration: 3h 25m,,True,2026-02-19T11:56:31.930213
2026-11-14,CKG,arrival,00:15,DLU Dali City,TV9810,Tibet Airlines,text,Duration: 2h 5m,,True,2026-02-19T11:56:31.930220
2026-11-14,CKG,arrival,00:20,JUH Chizhou,G52830,Gestair,text,Duration: 2h 25m,,True,2026-02-19T11:56:31.930227
2026-11-14,CKG,arrival,00:20,URC Urumqi,GS6592,Tianjin Airlines,text,Duration: 4h 5m,,True,2026-02-19T11:56:31.930234
2026-11-14,CKG,arrival,00:25,ACX Xingyi,G54680,Gestair,text,Duration: 1h 20m,,True,2026-02-19T11:56:31.930240
2026-11-14,CKG,arrival,00:25,YIN Yining,OQ2020,Chongqing Airlines,text,Duration: 4h 25m,,True,2026-02-19T11:56:31.930247
2026-11-14,CKG,arrival,00:30,XIY Xian,GS7665,Tianjin Airlines,text,Duration: 1h 40m,,True,2026-02-19T11:56:31.930253
2026-11-14,CKG,arrival,00:30,SZX Shenzhen,MF8390,XiamenAir,text,Duration: 2h 25m,,True,2026-02-19T11:56:31.930355
2026-11-14,CKG,arrival,00:30,TNA Jinan,SC8817,Shandong Airlines,text,Duration: 2h 35m,,True,2026-02-19T11:56:31.930364
2026-11-14,CKG,arrival,00:35,NRT Tokyo,CA434,Air China,text,Duration: 6h 5m,,True,2026-02-19T11:56:31.930370
2026-11-14,CKG,arrival,00:35,SHE Shenyang,HU7102,Hainan Airlines,text,Duration: 4h 10m,,True,2026-02-19T11:56:31.930376
2026-11-14,CKG,arrival,00:35,CAN Guangzhou,OQ2326,Chongqing Airlines,text,Duration: 2h 15m,,True,2026-02-19T11:56:31.930381
2026-11-14,CKG,arrival,00:35,TNA Jinan,SC8807,Shandong Airlines,text,Duration: 2h 40m,,True,2026-02-19T11:56:31.930387
2026-11-14,CKG,arrival,00:40,HYN Taizhou,G54510,Gestair,text,Duration: 2h 45m,,True,2026-02-19T11:56:31.930392
2026-11-14,CKG,arrival,00:40,JGN Jiayuguan,G54460,Gestair,text,Duration: 2h 40m,,True,2026-02-19T11:56:31.930397
2026-11-14,CKG,arrival,00:45,CSX Changsha,OQ2030,Chongqing Airlines,text,Duration: 1h 50m,,True,2026-02-19T11:56:31.930403
2026-11-14,CKG,arrival,00:45,HFE Hefei,PN6416,West Air (China),text,Duration: 2h 15m,,True,2026-02-19T11:56:31.930408
2026-11-14,CKG,arrival,00:50,XUZ Xuzhou,G54122,Gestair,text,Duration: 2h 25m,,True,2026-02-19T11:56:31.930502
2026-11-14,CKG,arrival,00:50,HUZ Huizhou,OQ2338,Chongqing Airlines,text,Duration: 1h 55m,,True,2026-02-19T11:56:31.930509
2026-11-14,CKG,arrival,00:55,SZX Shenzhen,3U8786,Sichuan Airlines,text,Duration: 2h 15m,,True,2026-02-19T11:56:31.930515
2026-11-14,CKG,arrival,00:55,KHG Kashi,CA4278,Air China,text,Duration: 4h 35m,,True,2026-02-19T11:56:31.930520
2026-11-14,CKG,arrival,00:55,PEK Beijing,HU7367,Hainan Airlines,text,Duration: 2h 50m,,True,2026-02-19T11:56:31.930525
2026-11-14,CKG,arrival,00:55,URC Urumqi,OQ2312,Chongqing Airlines,text,Duration: 3h 55m,,True,2026-02-19T11:56:31.930530
2026-11-14,CKG,arrival,00:55,SJW Shijiazhuang,PN6336,West Air (China),text,Duration: 2h 10m,,True,2026-02-19T11:56:31.930535
2026-11-14,CKG,arrival,01:00,JHG Jinghong,3U8080,Sichuan Airlines,text,Duration: 1h 50m,,True,2026-02-19T11:56:31.930541
2026-11-14,CKG,arrival,01:00,KRL Korla,G54006,Gestair,text,Duration: 3h 40m,,True,2026-02-19T11:56:31.930546
2026-11-14,CKG,arrival,01:00,XMN Xiamen,SC2139,Shandong Airlines,text,Duration: 2h 35m,,True,2026-02-19T11:56:31.930551
2026-11-14,CKG,arrival,01:00,NKG Nanjing,ZH9591,Shenzhen Airlines,text,Duration: 2h 25m,,True,2026-02-19T11:56:31.930635
2026-11-14,CKG,arrival,01:05,TYN Taiyuan,3U8052,Sichuan Airlines,text,Duration: 2h 25m,,True,2026-02-19T11:56:31.930642
2026-11-14,CKG,arrival,01:05,DMK Bangkok,SL930,Thai Lion Air,text,Duration: 3h 10m,,True,2026-02-19T11:56:31.930647
2026-11-14,CKG,arrival,01:15,SQD Shangrao,GS6596,Tianjin Airlines,text,Duration: 2h 35m,,True,2026-02-19T11:56:31.930653
2026-11-14,CKG,arrival,01:15,KRL Korla,PN6388,West Air (China),text,Duration: 4h 0m,,True,2026-02-19T11:56:31.930658
2026-11-14,CKG,arrival,01:25,PVG Shanghai,PN6438,West Air (China),text,Duration: 2h 55m,,True,2026-02-19T11:56:31.930663
2026-11-14,CKG,arrival,01:30,YIW Yiwu,OQ2392,Chongqing Airlines,text,Duration: 2h 20m,,True,2026-02-19T11:56:31.930669
2026-11-14,CKG,arrival,01:30,HAK Haikou,PN6532,West Air (China),text,Duration: 2h 20m,,True,2026-02-19T11:56:31.930674
2026-11-14,CKG,arrival,01:30,ZUH Zhuhai,PN6264,West Air (China),text,Duration: 2h 20m,,True,2026-02-19T11:56:31.930679
2026-11-14,CKG,arrival,01:35,CGO Zhengzhou,PN6274,West Air (China),text,Duration: 2h 0m,,True,2026-02-19T11:56:31.930685
2026-11-14,CKG,arrival,01:45,KHN Nanchang,PN6256,West Air (China),text,Duration: 2h 5m,,True,2026-02-19T11:56:31.930766
2026-11-14,CKG,arrival,01:55,CAN Guangzhou,PN6206,West Air (China),text,Duration: 2h 15m,,True,2026-02-19T11:56:31.930774
2026-11-14,CKG,arrival,01:55,NKG Nanjing,PN6260,West Air (China),text,Duration: 2h 15m,,True,2026-02-19T11:56:31.930779
2026-11-14,CKG,arrival,01:55,SYX Sanya,PN6214,West Air (China),text,Duration: 2h 30m,,True,2026-02-19T11:56:31.930785
2026-11-14,CKG,arrival,01:55,SZX Shenzhen,PN6230,West Air (China),text,Duration: 2h 20m,,True,2026-02-19T11:56:31.930790
2026-11-14,CKG,arrival,01:55,URC Urumqi,PN6262,West Air (China),text,Duration: 3h 55m,,True,2026-02-19T11:56:31.930795
2026-11-14,CKG,arrival,01:55,WNZ Wenzhou,PN6434,West Air (China),text,Duration: 2h 55m,,True,2026-02-19T11:56:31.930801
2026-11-14,CKG,arrival,02:05,PVG Shanghai,9C6107,Spring Airlines,text,Duration: 3h 5m,,True,2026-02-19T11:56:31.930806
2026-11-14,CKG,arrival,04:00,SGN Ho Chi Minh City,CA408,Air China,text,Duration: 3h 40m,,True,2026-02-19T11:56:31.930812
2026-11-14,CKG,arrival,05:00,HKT Phuket,3U3706,Sichuan Airlines,text,Duration: 4h 5m,,True,2026-02-19T11:56:31.930818
2026-11-14,CKG,arrival,05:00,SVO Moscow,GS7942,Tianjin Airlines,text,Duration: 8h 0m,,True,2026-02-19T11:56:31.930897
2026-11-14,CKG,arrival,05:00,MXP Milan,HU428,Hainan Airlines,text,Duration: 9h 25m,,True,2026-02-19T11:56:31.930904
2026-11-14,CKG,arrival,05:00,BKK Bangkok,OQ2362,Chongqing Airlines,text,Duration: 3h 30m,,True,2026-02-19T11:56:31.930909
2026-11-14,CKG,arrival,05:15,HKT Phuket,3U3706,Sichuan Airlines,text,Duration: 3h 45m,,True,2026-02-19T11:56:31.930914
2026-11-14,CKG,arrival,05:15,KUL Kuala Lumpur,3U3774,Sichuan Airlines,text,Duration: 4h 30m,,True,2026-02-19T11:56:31.930920
2026-11-14,CKG,arrival,05:40,SIN Singapore,PN6444,West Air (China),text,Duration: 5h 0m,,True,2026-02-19T11:56:31.930926
2026-11-14,CKG,arrival,06:10,PEN Penang,OQ2196,Chongqing Airlines,text,Duration: 4h 40m,,True,2026-02-19T11:56:31.930931
2026-11-14,CKG,arrival,08:25,KUL Kuala Lumpur,OQ2192,Chongqing Airlines,text,Duration: 4h 55m,,True,2026-02-19T11:56:31.930937
2026-11-14,CKG,arrival,08:30,KMG Kunming,3U8283,Sichuan Airlines,text,Duration: 1h 35m,,True,2026-02-19T11:56:31.930942
2026-11-14,CKG,arrival,08:30,KMG Kunming,8L9857,Lucky Air,text,Duration: 1h 30m,,True,2026-02-19T11:56:31.930947
2026-11-14,CKG,arrival,08:50,SZX Shenzhen,9C8613,Spring Airlines,text,Duration: 2h 15m,,True,2026-02-19T11:56:31.931024
2026-11-14,CKG,arrival,08:50,TYN Taiyuan,KY3005,Kunming Airlines,text,Duration: 2h 0m,,True,2026-02-19T11:56:31.931031
2026-11-14,CKG,arrival,08:55,CAN Guangzhou,CZ3463,China Southern,text,Duration: 2h 20m,,True,2026-02-19T11:56:31.931036
2026-11-14,CKG,arrival,08:55,CAN Guangzhou,MU5795,China Eastern,text,Duration: 2h 20m,,True,2026-02-19T11:56:31.931042
2026-11-14,CKG,arrival,09:10,CAN Guangzhou,3U8750,Sichuan Airlines,text,Duration: 2h 20m,,True,2026-02-19T11:56:31.931047
2026-11-14,CKG,arrival,09:10,XIY Xian,MU2261,China Eastern,text,Duration: 1h 30m,,True,2026-02-19T11:56:31.931052
2026-11-14,CKG,arrival,09:20,TSN Tianjin,GS7773,Tianjin Airlines,text,Duration: 2h 55m,,True,2026-02-19T11:56:31.931057
2026-11-14,CKG,arrival,09:20,JNG Jining,GX8892,GX Airlines,text,Duration: 2h 20m,,True,2026-02-19T11:56:31.931064
2026-11-14,CKG,arrival,09:25,BAV Baotou,G54180,Gestair,text,Duration: 2h 10m,,True,2026-02-19T11:56:31.931069
2026-11-14,CKG,arrival,09:30,TNA Jinan,3U8056,Sichuan Airlines,text,Duration: 2h 10m,,True,2026-02-19T11:56:31.931074
2026-11-14,CKG,arrival,09:30,HGH Hangzhou,GJ8691,Loong Air,text,Duration: 2h 55m,,True,2026-02-19T11:56:31.931151
2026-11-14,CKG,arrival,09:35,SZX Shenzhen,CA4368,Air China,text,Duration: 2h 10m,,True,2026-02-19T11:56:31.931158
2026-11-14,CKG,arrival,09:35,WUH Wuhan,CZ6175,China Southern,text,Duration: 1h 45m,,True,2026-02-19T11:56:31.931163
2026-11-14,CKG,arrival,09:35,LUM Mangshi,DR5311,Ruili Airlines,text,Duration: 1h 55m,,True,2026-02-19T11:56:31.931169
2026-11-14,CKG,arrival,09:35,CAN Guangzhou,HU7141,Hainan Airlines,text,Duration: 2h 10m,,True,2026-02-19T11:56:31.931174
2026-11-14,CKG,arrival,09:40,YTY Yangzhou,9C6195,Spring Airlines,text,Duration: 2h 35m,,True,2026-02-19T11:56:31.931179
2026-11-14,CKG,arrival,09:40,PEK Beijing,CA1437,Air China,text,Duration: 2h 40m,,True,2026-02-19T11:56:31.931184
2026-11-14,CKG,arrival,09:40,PKX Beijing,CA8651,Air China,text,Duration: 2h 40m,,True,2026-02-19T11:56:31.931189
2026-11-14,CKG,arrival,09:40,SZX Shenzhen,HU7157,Hainan Airlines,text,Duration: 2h 10m,,True,2026-02-19T11:56:31.931194
2026-11-14,CKG,arrival,09:40,CAN Guangzhou,JD5227,Capital Airlines,text,Duration: 2h 0m,,True,2026-02-19T11:56:31.931199
2026-11-14,CKG,arrival,09:40,SIN Singapore,PN6568,West Air (China),text,Duration: 5h 0m,,True,2026-02-19T11:56:31.931275
2026-11-14,CKG,arrival,09:40,TNA Jinan,SC8803,Shandong Airlines,text,Duration: 2h 20m,,True,2026-02-19T11:56:31.931281
2026-11-14,CKG,arrival,09:40,KHN Nanchang,ZH8845,Shenzhen Airlines,text,Duration: 2h 15m,,True,2026-02-19T11:56:31.931286
2026-11-14,CKG,arrival,09:45,HGH Hangzhou,3U3181,Sichuan Airlines,text,Duration: 2h 50m,,True,2026-02-19T11:56:31.931292
2026-11-14,CKG,arrival,09:45,CAN Guangzhou,CA4354,Air China,text,Duration: 2h 10m,,True,2026-02-19T11:56:31.931298
2026-11-14,CKG,arrival,09:45,NNG Nanning,CZ6797,China Southern,text,Duration: 1h 45m,,True,2026-02-19T11:56:31.931303
2026-11-14,CKG,arrival,09:45,FOC Fuzhou,MF8411,XiamenAir,text,Duration: 2h 40m,,True,2026-02-19T11:56:31.931309
2026-11-14,CKG,arrival,09:50,HGH Hangzhou,CA1759,Air China,text,Duration: 2h 40m,,True,2026-02-19T11:56:31.931314
2026-11-14,CKG,arrival,09:50,HGH Hangzhou,JD5691,Capital Airlines,text,Duration: 2h 40m,,True,2026-02-19T11:56:31.931319
2026-11-14,CKG,arrival,09:50,JJN Jinjiang,MF8611,XiamenAir,text,Duration: 2h 50m,,True,2026-02-19T11:56:31.931325
2026-11-14,CKG,arrival,09:50,TAO Qingdao,SC4831,Shandong Airlines,text,Duration: 2h 40m,,True,2026-02-19T11:56:31.931398
2026-11-14,CKG,arrival,09:50,XMN Xiamen,SC2135,Shandong Airlines,text,Duration: 2h 55m,,True,2026-02-19T11:56:31.931404
2026-11-14,CKG,arrival,09:55,HAK Haikou,HU786,Hainan Airlines,text,Duration: 2h 25m,,True,2026-02-19T11:56:31.931410
2026-11-14,CKG,arrival,09:55,XMN Xiamen,MF8403,XiamenAir,text,Duration: 3h 5m,,True,2026-02-19T11:56:31.931415
2026-11-14,CKG,arrival,09:55,PKX Beijing,MU6681,China Eastern,text,Duration: 2h 35m,,True,2026-02-19T11:56:31.931420
2026-11-14,CKG,arrival,10:00,CSX Changsha,BK2921,OkAir,text,Duration: 1h 50m,,True,2026-02-19T11:56:31.931425
2026-11-14,CKG,arrival,10:00,HAK Haikou,HU7171,Hainan Airlines,text,Duration: 2h 30m,,True,2026-02-19T11:56:31.931430
2026-11-14,CKG,arrival,10:20,PKX Beijing,CZ8917,China Southern,text,Duration: 2h 55m,,True,2026-02-19T11:56:31.931436
2026-11-14,CKG,arrival,10:20,DMK Bangkok,FD556,Thai AirAsia,text,Duration: 3h 5m,,True,2026-02-19T11:56:31.931441
2026-11-14,CKG,arrival,10:20,PKX Beijing,JD5755,Capital Airlines,text,Duration: 2h 45m,,True,2026-02-19T11:56:31.931447
2026-11-14,CKG,arrival,10:25,PVG Shanghai,CA8543,Air China,text,Duration: 3h 25m,,True,2026-02-19T11:56:31.931518
2026-11-14,CKG,arrival,10:25,TSN Tianjin,CA2861,Air China,text,Duration: 3h 0m,,True,2026-02-19T11:56:31.931525
2026-11-14,CKG,arrival,10:25,WUH Wuhan,CZ5753,China Southern,text,Duration: 1h 55m,,True,2026-02-19T11:56:31.931530
2026-11-14,CKG,arrival,10:25,SYX Sanya,HU7349,Hainan Airlines,text,Duration: 2h 35m,,True,2026-02-19T11:56:31.931536
2026-11-14,CKG,arrival,10:30,HAK Haikou,CZ6313,China Southern,text,Duration: 2h 25m,,True,2026-02-19T11:56:31.931541
2026-11-14,CKG,arrival,10:30,PVG Shanghai,HO1249,Juneyao Airlines,text,Duration: 3h 15m,,True,2026-02-19T11:56:31.931546
2026-11-14,CKG,arrival,10:30,HFE Hefei,MU5483,China Eastern,text,Duration: 2h 15m,,True,2026-02-19T11:56:31.931552
2026-11-14,CKG,arrival,10:35,SZX Shenzhen,CZ3465,China Southern,text,Duration: 2h 25m,,True,2026-02-19T11:56:31.931557
2026-11-14,CKG,arrival,10:40,PEK Beijing,CA1431,Air China,text,Duration: 2h 40m,,True,2026-02-19T11:56:31.931562
2026-11-14,CKG,arrival,10:40,YIW Yiwu,CZ3887,China Southern,text,Duration: 2h 40m,,True,2026-02-19T11:56:31.931568
2026-11-14,CKG,arrival,10:40,SJW Shijiazhuang,NS3239,Hebei Airlines,text,Duration: 2h 30m,,True,2026-02-19T11:56:31.931654
2026-11-14,CKG,arrival,10:45,SWA Jieyang,CZ3859,China Southern,text,Duration: 2h 50m,,True,2026-02-19T11:56:31.931661
2026-11-14,CKG,arrival,10:45,WNZ Wenzhou,KN5297,China United Airlines,text,Duration: 2h 55m,,True,2026-02-19T11:56:31.931666
2026-11-14,CKG,arrival,10:45,HYN Taizhou,OQ2014,Chongqing Airlines,text,Duration: 3h 0m,,True,2026-02-19T11:56:31.931671
2026-11-14,CKG,arrival,10:45,SZX Shenzhen,ZH9461,Shenzhen Airlines,text,Duration: 2h 20m,,True,2026-02-19T11:56:31.931677
2026-11-14,CKG,arrival,10:50,FOC Fuzhou,MF8461,XiamenAir,text,Duration: 2h 50m,,True,2026-02-19T11:56:31.931682
2026-11-14,CKG,arrival,10:50,HUZ Huizhou,OQ2344,Chongqing Airlines,text,Duration: 2h 30m,,True,2026-02-19T11:56:31.931687
2026-11-14,CKG,arrival,10:55,DLC Dalian,CZ6579,China Southern,text,Duration: 3h 40m,,True,2026-02-19T11:56:31.931692
2026-11-14,CKG,arrival,10:55,PEK Beijing,HU7167,Hainan Airlines,text,Duration: 2h 55m,,True,2026-02-19T11:56:31.931698
2026-11-14,CKG,arrival,10:55,SHA Shanghai,MU5421,China Eastern,text,Duration: 2h 50m,,True,2026-02-19T11:56:31.931703
2026-11-14,CKG,arrival,11:00,SYX Sanya,3U3209,Sichuan Airlines,text,Duration: 2h 25m,,True,2026-02-19T11:56:31.931783
2026-11-14,CKG,arrival,11:00,WUX Wuxi,ZH9551,Shenzhen Airlines,text,Duration: 2h 40m,,True,2026-02-19T11:56:31.931798
2026-11-14,CKG,arrival,11:05,ZUH Zhuhai,CZ8285,China Southern,text,Duration: 2h 5m,,True,2026-02-19T11:56:31.931805
2026-11-14,CKG,arrival,11:05,BPX Bangda,PN6216,West Air (China),text,Duration: 1h 55m,,True,2026-02-19T11:56:31.931810
2026-11-14,CKG,arrival,11:10,TNA Jinan,3U3551,Sichuan Airlines,text,Duration: 2h 35m,,True,2026-02-19T11:56:31.931815
2026-11-14,CKG,arrival,11:10,HAK Haikou,EU2738,Chengdu Airlines,text,Duration: 2h 5m,,True,2026-02-19T11:56:31.931820
2026-11-14,CKG,arrival,11:10,LJG Lijiang,PN6240,West Air (China),text,Duration: 1h 40m,,True,2026-02-19T11:56:31.931826
2026-11-14,CKG,arrival,11:20,NTG Nantong,ZH8671,Shenzhen Airlines,text,Duration: 2h 50m,,True,2026-02-19T11:56:31.931831
2026-11-14,CKG,arrival,11:25,PKX Beijing,OQ2002,Chongqing Airlines,text,Duration: 3h 0m,,True,2026-02-19T11:56:31.931836
2026-11-14,CKG,arrival,11:30,CGO Zhengzhou,CZ3479,China Southern,text,Duration: 2h 5m,,True,2026-02-19T11:56:31.931841
2026-11-14,CKG,arrival,11:35,SHA Shanghai,9C8897,Spring Airlines,text,Duration: 3h 5m,,True,2026-02-19T11:56:31.931942
2026-11-14,CKG,arrival,11:45,NNG Nanning,3U8138,Sichuan Airlines,text,Duration: 1h 55m,,True,2026-02-19T11:56:31.931949
2026-11-14,CKG,arrival,11:45,XNN Xining,3U8074,Sichuan Airlines,text,Duration: 2h 5m,,True,2026-02-19T11:56:31.931956
2026-11-14,CKG,arrival,11:45,PVG Shanghai,9C7297,Spring Airlines,text,Duration: 2h 45m,,True,2026-02-19T11:56:31.931963
2026-11-14,CKG,arrival,11:45,FOC Fuzhou,EU2223,Chengdu Airlines,text,Duration: 2h 45m,,True,2026-02-19T11:56:31.931969
2026-11-14,CKG,arrival,11:45,HGH Hangzhou,MF8471,XiamenAir,text,Duration: 2h 45m,,True,2026-02-19T11:56:31.931974
2026-11-14,CKG,arrival,11:50,PEK Beijing,CA1429,Air China,text,Duration: 2h 50m,,True,2026-02-19T11:56:31.931980
2026-11-14,CKG,arrival,11:55,CAN Guangzhou,CA4362,Air China,text,Duration: 2h 0m,,True,2026-02-19T11:56:31.931985
2026-11-14,CKG,arrival,11:55,LXA Lhasa/Lasa,CA4419,Air China,text,Duration: 2h 15m,,True,2026-02-19T11:56:31.931993
2026-11-14,CKG,arrival,11:55,CAN Guangzhou,CZ3405,China Southern,text,Duration: 2h 20m,,True,2026-02-19T11:56:31.932003
2026-11-14,CKG,arrival,11:55,BPX Bangda,TV9908,Tibet Airlines,text,Duration: 1h 55m,,True,2026-02-19T11:56:31.932084
2026-11-14,CKG,arrival,12:00,CZX Changzhou,3U8098,Sichuan Airlines,text,Duration: 2h 30m,,True,2026-02-19T11:56:31.932092
2026-11-14,CKG,arrival,12:05,TYN Taiyuan,MU6833,China Eastern,text,Duration: 2h 25m,,True,2026-02-19T11:56:31.932097
2026-11-14,CKG,arrival,12:05,SJW Shijiazhuang,PN6350,West Air (China),text,Duration: 2h 35m,,True,2026-02-19T11:56:31.932103
2026-11-14,CKG,arrival,12:10,CAN Guangzhou,3U8746,Sichuan Airlines,text,Duration: 2h 0m,,True,2026-02-19T11:56:31.932108
2026-11-14,CKG,arrival,12:10,YTY Yangzhou,3U8168,Sichuan Airlines,text,Duration: 2h 30m,,True,2026-02-19T11:56:31.932114
2026-11-14,CKG,arrival,12:10,XUZ Xuzhou,G52808,Gestair,text,Duration: 2h 35m,,True,2026-02-19T11:56:31.932119
2026-11-14,CKG,arrival,12:15,LUM Mangshi,3U8092,Sichuan Airlines,text,Duration: 1h 55m,,True,2026-02-19T11:56:31.932125
2026-11-14,CKG,arrival,12:20,AKU Aksu,G54683,Gestair,text,Duration: 4h 10m,,True,2026-02-19T11:56:31.932130
2026-11-14,CKG,arrival,12:25,XIY Xian,OQ2304,Chongqing Airlines,text,Duration: 1h 30m,,True,2026-02-19T11:56:31.932135
2026-11-14,CKG,arrival,12:25,TNA Jinan,SC8805,Shandong Airlines,text,Duration: 2h 25m,,True,2026-02-19T11:56:31.932218
2026-11-14,CKG,arrival,12:30,SZX Shenzhen,CA4344,Air China,text,Duration: 2h 20m,,True,2026-02-19T11:56:31.932225
2026-11-14,CKG,arrival,12:35,CGQ Changchun,CZ6363,China Southern,text,Duration: 4h 25m,,True,2026-02-19T11:56:31.932231
2026-11-14,CKG,arrival,12:35,SHA Shanghai,MU9195,China Eastern,text,Duration: 3h 0m,,True,2026-02-19T11:56:31.932236
2026-11-14,CKG,arrival,12:35,KMG Kunming,OQ2118,Chongqing Airlines,text,Duration: 1h 35m,,True,2026-02-19T11:56:31.932241
2026-11-14,CKG,arrival,12:40,NKG Nanjing,3U8042,Sichuan Airlines,text,Duration: 2h 15m,,True,2026-02-19T11:56:31.932247
2026-11-14,CKG,arrival,12:40,FOC Fuzhou,MF8485,XiamenAir,text,Duration: 2h 45m,,True,2026-02-19T11:56:31.932252
2026-11-14,CKG,arrival,12:45,WNZ Wenzhou,3U8034,Sichuan Airlines,text,Duration: 2h 20m,,True,2026-02-19T11:56:31.932257
2026-11-14,CKG,arrival,12:45,SHE Shenyang,CZ6403,China Southern,text,Duration: 4h 15m,,True,2026-02-19T11:56:31.932263
2026-11-14,CKG,arrival,12:50,FOC Fuzhou,CA4572,Air China,text,Duration: 2h 40m,,True,2026-02-19T11:56:31.932268
2026-11-14,CKG,arrival,12:50,HAK Haikou,OQ2342,Chongqing Airlines,text,Duration: 2h 15m,,True,2026-02-19T11:56:31.932342
2026-11-14,CKG,arrival,12:50,LZY Nyingchi,TV9870,Tibet Airlines,text,Duration: 2h 0m,,True,2026-02-19T11:56:31.932349
2026-11-14,CKG,arrival,12:55,BHY Beihai,3U8122,Sichuan Airlines,text,Duration: 1h 55m,,True,2026-02-19T11:56:31.932354
2026-11-14,CKG,arrival,12:55,FOC Fuzhou,3U8104,Sichuan Airlines,text,Duration: 2h 45m,,True,2026-02-19T11:56:31.932360
2026-11-14,CKG,arrival,12:55,HAK Haikou,3U8066,Sichuan Airlines,text,Duration: 2h 15m,,True,2026-02-19T11:56:31.932366
2026-11-14,CKG,arrival,12:55,SZX Shenzhen,3U8782,Sichuan Airlines,text,Duration: 2h 15m,,True,2026-02-19T11:56:31.932371
2026-11-14,CKG,arrival,12:55,YIW Yiwu,GY7277,Colorful GuiZhou Airlines,text,Duration: 2h 35m,,True,2026-02-19T11:56:31.932376
2026-11-14,CKG,arrival,13:00,KOW Ganzhou,G54922,Gestair,text,Duration: 2h 15m,,True,2026-02-19T11:56:31.932381
2026-11-14,CKG,arrival,13:00,LYG Lianyungang,G52836,Gestair,text,Duration: 2h 45m,,True,2026-02-19T11:56:31.932387
2026-11-14,CKG,arrival,13:00,WUX Wuxi,HO2013,Juneyao Airlines,text,Duration: 2h 30m,,True,2026-02-19T11:56:31.932392
2026-11-14,CKG,arrival,13:05,WUX Wuxi,3U8026,Sichuan Airlines,text,Duration: 2h 50m,,True,2026-02-19T11:56:31.932466
2026-11-14,CKG,arrival,13:05,KMG Kunming,MU5865,China Eastern,text,Duration: 1h 40m,,True,2026-02-19T11:56:31.932473
2026-11-14,CKG,arrival,13:05,RKZ Shigatse,TV9762,Tibet Airlines,text,Duration: 2h 40m,,True,2026-02-19T11:56:31.932478
2026-11-14,CKG,arrival,13:10,PEK Beijing,3U8830,Sichuan Airlines,text,Duration: 2h 45m,,True,2026-02-19T11:56:31.932484
2026-11-14,CKG,arrival,13:10,HZA Heze,GJ8291,Loong Air,text,Duration: 2h 25m,,True,2026-02-19T11:56:31.932489
2026-11-14,CKG,arrival,13:10,SHA Shanghai,MU5425,China Eastern,text,Duration: 3h 10m,,True,2026-02-19T11:56:31.932494
2026-11-14,CKG,arrival,13:20,URC Urumqi,CA780,Air China,text,Duration: 4h 15m,,True,2026-02-19T11:56:31.932500
2026-11-14,CKG,arrival,13:20,URC Urumqi,CZ6985,China Southern,text,Duration: 3h 50m,,True,2026-02-19T11:56:31.932505
2026-11-14,CKG,arrival,13:20,ZUH Zhuhai,CZ5725,China Southern,text,Duration: 2h 20m,,True,2026-02-19T11:56:31.932510
2026-11-14,CKG,arrival,13:25,TSN Tianjin,3U8014,Sichuan Airlines,text,Duration: 3h 0m,,True,2026-02-19T11:56:31.932516
2026-11-14,CKG,arrival,13:25,SZX Shenzhen,HU7457,Hainan Airlines,text,Duration: 2h 25m,,True,2026-02-19T11:56:31.932589
2026-11-14,CKG,arrival,13:25,SZX Shenzhen,OQ2336,Chongqing Airlines,text,Duration: 2h 40m,,True,2026-02-19T11:56:31.932595
2026-11-14,CKG,arrival,13:30,HGH Hangzhou,3U8082,Sichuan Airlines,text,Duration: 2h 55m,,True,2026-02-19T11:56:31.932601
2026-11-14,CKG,arrival,13:30,ZUH Zhuhai,CA4372,Air China,text,Duration: 2h 20m,,True,2026-02-19T11:56:31.932606
2026-11-14,CKG,arrival,13:35,DLU Dali City,OQ2348,Chongqing Airlines,text,Duration: 1h 35m,,True,2026-02-19T11:56:31.932612
2026-11-14,CKG,arrival,13:45,PVG Shanghai,3U8972,Sichuan Airlines,text,Duration: 3h 0m,,True,2026-02-19T11:56:31.932617
2026-11-14,CKG,arrival,13:45,PEK Beijing,CA4148,Air China,text,Duration: 2h 45m,,True,2026-02-19T11:56:31.932623
2026-11-14,CKG,arrival,13:45,ZAT Zhaotong,G54604,Gestair,text,Duration: 1h 10m,,True,2026-02-19T11:56:31.932629
2026-11-14,CKG,arrival,13:45,FOC Fuzhou,MF8487,XiamenAir,text,Duration: 2h 55m,,True,2026-02-19T11:56:31.932634
2026-11-14,CKG,arrival,13:45,SZX Shenzhen,ZH9463,Shenzhen Airlines,text,Duration: 2h 25m,,True,2026-02-19T11:56:31.932639
2026-11-14,CKG,arrival,13:50,BHY Beihai,3U8124,Sichuan Airlines,text,Duration: 1h 50m,,True,2026-02-19T11:56:31.932712
2026-11-14,CKG,arrival,13:55,NGB Ningbo,CA4550,Air China,text,Duration: 2h 40m,,True,2026-02-19T11:56:31.932719
2026-11-14,CKG,arrival,13:55,XMN Xiamen,MF8413,XiamenAir,text,Duration: 2h 45m,,True,2026-02-19T11:56:31.932725
2026-11-14,CKG,arrival,13:55,TSN Tianjin,OQ2082,Chongqing Airlines,text,Duration: 3h 15m,,True,2026-02-19T11:56:31.932730
2026-11-14,CKG,arrival,14:00,IQN Qingyang,NS8067,Hebei Airlines,text,Duration: 1h 40m,,True,2026-02-19T11:56:31.932735
2026-11-14,CKG,arrival,14:00,CAN Guangzhou,OQ2306,Chongqing Airlines,text,Duration: 2h 20m,,True,2026-02-19T11:56:31.932740
2026-11-14,CKG,arrival,14:05,WNZ Wenzhou,3U8022,Sichuan Airlines,text,Duration: 2h 50m,,True,2026-02-19T11:56:31.932746
2026-11-14,CKG,arrival,14:10,INC Yinchuan,3U8284,Sichuan Airlines,text,Duration: 1h 45m,,True,2026-02-19T11:56:31.932751
2026-11-14,CKG,arrival,14:10,SYX Sanya,HU7339,Hainan Airlines,text,Duration: 2h 20m,,True,2026-02-19T11:56:31.932756
2026-11-14,CKG,arrival,14:15,XMN Xiamen,CA4566,Air China,text,Duration: 2h 50m,,True,2026-02-19T11:56:31.932762
2026-11-14,CKG,arrival,14:15,HAK Haikou,HU7271,Hainan Airlines,text,Duration: 2h 15m,,True,2026-02-19T11:56:31.932835
2026-11-14,CKG,arrival,14:15,TAO Qingdao,SC4835,Shandong Airlines,text,Duration: 3h 5m,,True,2026-02-19T11:56:31.932842
2026-11-14,CKG,arrival,14:20,SZX Shenzhen,CZ3455,China Southern,text,Duration: 2h 25m,,True,2026-02-19T11:56:31.932847
2026-11-14,CKG,arrival,14:20,JHG Jinghong,G54264,Gestair,text,Duration: 2h 0m,,True,2026-02-19T11:56:31.932853
2026-11-14,CKG,arrival,14:25,HIA Huai'an,OQ2036,Chongqing Airlines,text,Duration: 2h 30m,,True,2026-02-19T11:56:31.932858
2026-11-14,CKG,arrival,14:35,LZY Nyingchi,3U8030,Sichuan Airlines,text,Duration: 2h 10m,,True,2026-02-19T11:56:31.932863
2026-11-14,CKG,arrival,14:35,PKX Beijing,OQ2147,Chongqing Airlines,text,Duration: 2h 55m,,True,2026-02-19T11:56:31.932868
2026-11-14,CKG,arrival,14:40,SHA Shanghai,CA4544,Air China,text,Duration: 3h 0m,,True,2026-02-19T11:56:31.932874
2026-11-14,CKG,arrival,14:40,HGH Hangzhou,OQ2380,Chongqing Airlines,text,Duration: 3h 0m,,True,2026-02-19T11:56:31.932879
2026-11-14,CKG,arrival,14:40,NKG Nanjing,OQ2322,Chongqing Airlines,text,Duration: 2h 35m,,True,2026-02-19T11:56:31.932884
2026-11-14,CKG,arrival,14:40,TNA Jinan,PN6266,West Air (China),text,Duration: 2h 25m,,True,2026-02-19T11:56:31.932957
2026-11-14,CKG,arrival,14:45,WUH Wuhan,CZ8421,China Southern,text,Duration: 2h 0m,,True,2026-02-19T11:56:31.932963
2026-11-14,CKG,arrival,14:45,JJN Jinjiang,MF8865,XiamenAir,text,Duration: 2h 55m,,True,2026-02-19T11:56:31.932969
2026-11-14,CKG,arrival,14:45,LYA Luoyang,QW6053,Qingdao Airlines,text,Duration: 1h 45m,,True,2026-02-19T11:56:31.932974
2026-11-14,CKG,arrival,14:50,HGH Hangzhou,CA4554,Air China,text,Duration: 2h 55m,,True,2026-02-19T11:56:31.932979
2026-11-14,CKG,arrival,14:50,YCU Yuncheng,MF8786,XiamenAir,text,Duration: 1h 55m,,True,2026-02-19T11:56:31.932984
2026-11-14,CKG,arrival,14:55,XIC Xichang,G54166,Gestair,text,Duration: 1h 20m,,True,2026-02-19T11:56:31.932990
2026-11-14,CKG,arrival,14:55,KWL Guilin,GT1069,Air Guilin,text,Duration: 1h 30m,,True,2026-02-19T11:56:31.932995
2026-11-14,CKG,arrival,15:00,LXA Lhasa/Lasa,3U8634,Sichuan Airlines,text,Duration: 2h 35m,,True,2026-02-19T11:56:31.933000
2026-11-14,CKG,arrival,15:00,PEK Beijing,CA4132,Air China,text,Duration: 3h 0m,,True,2026-02-19T11:56:31.933005
2026-11-14,CKG,arrival,15:05,LZH Liuzhou,G54770,Gestair,text,Duration: 2h 0m,,True,2026-02-19T11:56:31.933077
2026-11-14,CKG,arrival,15:05,CAN Guangzhou,HU7341,Hainan Airlines,text,Duration: 2h 25m,,True,2026-02-19T11:56:31.933084
2026-11-14,CKG,arrival,15:05,PKX Beijing,MF8453,XiamenAir,text,Duration: 2h 45m,,True,2026-02-19T11:56:31.933089
2026-11-14,CKG,arrival,15:10,JGS Ji'An,9C8752,Spring Airlines,text,Duration: 1h 55m,,True,2026-02-19T11:56:31.933095
2026-11-14,CKG,arrival,15:10,KUL Kuala Lumpur,MF8712,XiamenAir,text,Duration: 4h 30m,,True,2026-02-19T11:56:31.933101
2026-11-14,CKG,arrival,15:15,PVG Shanghai,OQ2308,Chongqing Airlines,text,Duration: 3h 15m,,True,2026-02-19T11:56:31.933106
2026-11-14,CKG,arrival,15:20,XMN Xiamen,HU7412,Hainan Airlines,text,Duration: 2h 45m,,True,2026-02-19T11:56:31.933111
2026-11-14,CKG,arrival,15:20,KHN Nanchang,ZH8853,Shenzhen Airlines,text,Duration: 2h 5m,,True,2026-02-19T11:56:31.933117
2026-11-14,CKG,arrival,15:25,TYN Taiyuan,3U8058,Sichuan Airlines,text,Duration: 2h 15m,,True,2026-02-19T11:56:31.933122
2026-11-14,CKG,arrival,15:35,HAK Haikou,CA4380,Air China,text,Duration: 2h 5m,,True,2026-02-19T11:56:31.933127
2026-11-14,CKG,arrival,15:40,LJG Lijiang,8L9817,Lucky Air,text,Duration: 1h 35m,,True,2026-02-19T11:56:31.933199
2026-11-14,CKG,arrival,15:40,PEK Beijing,CA4138,Air China,text,Duration: 2h 45m,,True,2026-02-19T11:56:31.933206
2026-11-14,CKG,arrival,15:40,HGH Hangzhou,MF8473,XiamenAir,text,Duration: 3h 0m,,True,2026-02-19T11:56:31.933211
2026-11-14,CKG,arrival,15:40,SWA Jieyang,PN6386,West Air (China),text,Duration: 2h 40m,,True,2026-02-19T11:56:31.933217
2026-11-14,CKG,arrival,15:45,CSX Changsha,CZ3421,China Southern,text,Duration: 1h 45m,,True,2026-02-19T11:56:31.933222
2026-11-14,CKG,arrival,15:45,PVG Shanghai,PN6374,West Air (China),text,Duration: 3h 5m,,True,2026-02-19T11:56:31.933228
2026-11-14,CKG,arrival,15:50,HFE Hefei,CA4564,Air China,text,Duration: 2h 0m,,True,2026-02-19T11:56:31.933233
2026-11-14,CKG,arrival,15:50,PVG Shanghai,CA4576,Air China,text,Duration: 2h 50m,,True,2026-02-19T11:56:31.933238
2026-11-14,CKG,arrival,15:50,UYN Yulin,GX8882,GX Airlines,text,Duration: 1h 50m,,True,2026-02-19T11:56:31.933244
2026-11-14,CKG,arrival,15:50,TCZ Tengchong,KY3006,Kunming Airlines,text,Duration: 1h 55m,,True,2026-02-19T11:56:31.933249
2026-11-14,CKG,arrival,15:55,LZY Nyingchi,3U3182,Sichuan Airlines,text,Duration: 2h 0m,,True,2026-02-19T11:56:31.933322
2026-11-14,CKG,arrival,15:55,SHE Shenyang,3U8038,Sichuan Airlines,text,Duration: 3h 50m,,True,2026-02-19T11:56:31.933329
2026-11-14,CKG,arrival,15:55,NGB Ningbo,GJ8397,Loong Air,text,Duration: 3h 0m,,True,2026-02-19T11:56:31.933335
2026-11-14,CKG,arrival,15:55,HAK Haikou,HU7371,Hainan Airlines,text,Duration: 2h 25m,,True,2026-02-19T11:56:31.933340
2026-11-14,CKG,arrival,15:55,WUH Wuhan,MU2539,China Eastern,text,Duration: 1h 40m,,True,2026-02-19T11:56:31.933345
2026-11-14,CKG,arrival,16:00,CAN Guangzhou,CA4348,Air China,text,Duration: 2h 0m,,True,2026-02-19T11:56:31.933351
2026-11-14,CKG,arrival,16:00,LXA Lhasa/Lasa,CZ3464,China Southern,text,Duration: 2h 35m,,True,2026-02-19T11:56:31.933356
2026-11-14,CKG,arrival,16:00,NKG Nanjing,HO1693,Juneyao Airlines,text,Duration: 2h 25m,,True,2026-02-19T11:56:31.933361
2026-11-14,CKG,arrival,16:05,HKG Hong Kong,CX966,Cathay Pacific,text,Duration: 2h 40m,,True,2026-02-19T11:56:31.933367
2026-11-14,CKG,arrival,16:05,BKK Bangkok,HU424,Hainan Airlines,text,Duration: 3h 20m,,True,2026-02-19T11:56:31.933372
2026-11-14,CKG,arrival,16:05,YNT Yantai,QW6031,Qingdao Airlines,text,Duration: 3h 5m,,True,2026-02-19T11:56:31.933445
2026-11-14,CKG,arrival,16:10,HRB Harbin,3U8166,Sichuan Airlines,text,Duration: 4h 20m,,True,2026-02-19T11:56:31.933451
2026-11-14,CKG,arrival,16:10,TAO Qingdao,SC4833,Shandong Airlines,text,Duration: 3h 0m,,True,2026-02-19T11:56:31.933457
2026-11-14,CKG,arrival,16:15,SHE Shenyang,CZ6469,China Southern,text,Duration: 4h 15m,,True,2026-02-19T11:56:31.933462
2026-11-14,CKG,arrival,16:20,PKX Beijing,CZ8815,China Southern,text,Duration: 2h 55m,,True,2026-02-19T11:56:31.933467
2026-11-14,CKG,arrival,16:20,XUZ Xuzhou,G54608,Gestair,text,Duration: 2h 25m,,True,2026-02-19T11:56:31.933472
2026-11-14,CKG,arrival,16:25,SZX Shenzhen,9C8615,Spring Airlines,text,Duration: 2h 30m,,True,2026-02-19T11:56:31.933478
2026-11-14,CKG,arrival,16:25,HRB Harbin,CA4012,Air China,text,Duration: 4h 25m,,True,2026-02-19T11:56:31.933483
2026-11-14,CKG,arrival,16:25,JIC Jinchang,G52750,Gestair,text,Duration: 2h 15m,,True,2026-02-19T11:56:31.933488
2026-11-14,CKG,arrival,16:30,PVG Shanghai,HO1241,Juneyao Airlines,text,Duration: 3h 15m,,True,2026-02-19T11:56:31.933494
2026-11-14,CKG,arrival,16:35,AKU Aksu,CA4276,Air China,text,Duration: 4h 5m,,True,2026-02-19T11:56:31.933566
2026-11-14,CKG,arrival,16:35,CGQ Changchun,CA4016,Air China,text,Duration: 4h 5m,,True,2026-02-19T11:56:31.933573
2026-11-14,CKG,arrival,16:40,CGO Zhengzhou,CZ8715,China Southern,text,Duration: 2h 5m,,True,2026-02-19T11:56:31.933578
2026-11-14,CKG,arrival,16:40,CAN Guangzhou,HU7441,Hainan Airlines,text,Duration: 2h 10m,,True,2026-02-19T11:56:31.933583
2026-11-14,CKG,arrival,16:45,TNA Jinan,MU5471,China Eastern,text,Duration: 2h 30m,,True,2026-02-19T11:56:31.933588
2026-11-14,CKG,arrival,16:50,YNT Yantai,3U8174,Sichuan Airlines,text,Duration: 2h 55m,,True,2026-02-19T11:56:31.933593
2026-11-14,CKG,arrival,16:50,PEK Beijing,CA1439,Air China,text,Duration: 2h 50m,,True,2026-02-19T11:56:31.933599
2026-11-14,CKG,arrival,16:50,SHS Shashi,G54754,Gestair,text,Duration: 1h 25m,,True,2026-02-19T11:56:31.933604
2026-11-14,CKG,arrival,16:55,AKU Aksu,OQ2008,Chongqing Airlines,text,Duration: 4h 15m,,True,2026-02-19T11:56:31.933609
2026-11-14,CKG,arrival,17:05,FOC Fuzhou,MF8489,XiamenAir,text,Duration: 2h 55m,,True,2026-02-19T11:56:31.933614
2026-11-14,CKG,arrival,17:05,TAO Qingdao,SC4837,Shandong Airlines,text,Duration: 2h 55m,,True,2026-02-19T11:56:31.933686
2026-11-14,CKG,arrival,17:10,JNH Jiaxing,GJ8784,Loong Air,text,Duration: 3h 10m,,True,2026-02-19T11:56:31.933693
2026-11-14,CKG,arrival,17:10,XIY Xian,MU2267,China Eastern,text,Duration: 1h 45m,,True,2026-02-19T11:56:31.933698
2026-11-14,CKG,arrival,17:15,LXA Lhasa/Lasa,MF8412,XiamenAir,text,Duration: 2h 35m,,True,2026-02-19T11:56:31.933703
2026-11-14,CKG,arrival,17:20,CSX Changsha,GS6588,Tianjin Airlines,text,Duration: 1h 30m,,True,2026-02-19T11:56:31.933708
2026-11-14,CKG,arrival,17:25,YCU Yuncheng,CA4014,Air China,text,Duration: 1h 45m,,True,2026-02-19T11:56:31.933714
2026-11-14,CKG,arrival,17:25,SHA Shanghai,FM9419,Shanghai Airlines,text,Duration: 2h 50m,,True,2026-02-19T11:56:31.933719
2026-11-14,CKG,arrival,17:25,CIH Changzhi,G52722,Gestair,text,Duration: 2h 0m,,True,2026-02-19T11:56:31.933725
2026-11-14,CKG,arrival,17:25,TNA Jinan,SC8815,Shandong Airlines,text,Duration: 2h 25m,,True,2026-02-19T11:56:31.933730
2026-11-14,CKG,arrival,17:30,CAN Guangzhou,OQ2318,Chongqing Airlines,text,Duration: 2h 25m,,True,2026-02-19T11:56:31.933736
2026-11-14,CKG,arrival,17:35,CGQ Changchun,MF8038,XiamenAir,text,Duration: 4h 10m,,True,2026-02-19T11:56:31.933810
2026-11-14,CKG,arrival,17:40,KRL Korla,3U8142,Sichuan Airlines,text,Duration: 4h 5m,,True,2026-02-19T11:56:31.933817
2026-11-14,CKG,arrival,17:40,WUH Wuhan,3U8156,Sichuan Airlines,text,Duration: 1h 40m,,True,2026-02-19T11:56:31.933822
2026-11-14,CKG,arrival,17:40,SZX Shenzhen,CZ6561,China Southern,text,Duration: 2h 35m,,True,2026-02-19T11:56:31.933827
2026-11-14,CKG,arrival,17:40,FUG Fuyang,PN6220,West Air (China),text,Duration: 2h 15m,,True,2026-02-19T11:56:31.933833
2026-11-14,CKG,arrival,17:40,SJW Shijiazhuang,PN6336,West Air (China),text,Duration: 2h 30m,,True,2026-02-19T11:56:31.933838
2026-11-14,CKG,arrival,17:50,URC Urumqi,CA4256,Air China,text,Duration: 3h 55m,,True,2026-02-19T11:56:31.933843
2026-11-14,CKG,arrival,17:50,KIX Osaka,MF8654,XiamenAir,text,Duration: 5h 5m,,True,2026-02-19T11:56:31.933849
2026-11-14,CKG,arrival,17:50,NGB Ningbo,MU2395,China Eastern,text,Duration: 2h 45m,,True,2026-02-19T11:56:31.933854
2026-11-14,CKG,arrival,17:50,CGQ Changchun,OQ2078,Chongqing Airlines,text,Duration: 4h 30m,,True,2026-02-19T11:56:31.933860
2026-11-14,CKG,arrival,17:55,DLU Dali City,CA4486,Air China,text,Duration: 1h 35m,,True,2026-02-19T11:56:31.933937
2026-11-14,CKG,arrival,17:55,PEK Beijing,CA1411,Air China,text,Duration: 2h 50m,,True,2026-02-19T11:56:31.933943
2026-11-14,CKG,arrival,18:00,CSX Changsha,3U8010,Sichuan Airlines,text,Duration: 1h 35m,,True,2026-02-19T11:56:31.933949
2026-11-14,CKG,arrival,18:00,PKX Beijing,NS8035,Hebei Airlines,text,Duration: 2h 40m,,True,2026-02-19T11:56:31.933954
2026-11-14,CKG,arrival,18:05,HKG Hong Kong,CA420,Air China,text,Duration: 2h 40m,,True,2026-02-19T11:56:31.933960
2026-11-14,CKG,arrival,18:05,LYI Linyi,OQ2364,Chongqing Airlines,text,Duration: 2h 35m,,True,2026-02-19T11:56:31.933965
2026-11-14,CKG,arrival,18:05,YIC Yichun,PN6480,West Air (China),text,Duration: 1h 50m,,True,2026-02-19T11:56:31.933970
2026-11-14,CKG,arrival,18:05,TAO Qingdao,SC4839,Shandong Airlines,text,Duration: 2h 55m,,True,2026-02-19T11:56:31.933975
2026-11-14,CKG,arrival,18:10,LHW Lanzhou,9C6281,Spring Airlines,text,Duration: 2h 15m,,True,2026-02-19T11:56:31.933980
2026-11-14,CKG,arrival,18:15,NKG Nanjing,3U8044,Sichuan Airlines,text,Duration: 2h 25m,,True,2026-02-19T11:56:31.933986
2026-11-14,CKG,arrival,18:15,LHW Lanzhou,G54034,Gestair,text,Duration: 1h 55m,,True,2026-02-19T11:56:31.934064
2026-11-14,CKG,arrival,18:25,SZX Shenzhen,3U8784,Sichuan Airlines,text,Duration: 2h 10m,,True,2026-02-19T11:56:31.934071
2026-11-14,CKG,arrival,18:25,PKX Beijing,CZ8817,China Southern,text,Duration: 3h 0m,,True,2026-02-19T11:56:31.934076
2026-11-14,CKG,arrival,18:25,LLV Luliang,G52914,Gestair,text,Duration: 1h 50m,,True,2026-02-19T11:56:31.934081
2026-11-14,CKG,arrival,18:25,HAK Haikou,HU7471,Hainan Airlines,text,Duration: 2h 25m,,True,2026-02-19T11:56:31.934086
2026-11-14,CKG,arrival,18:25,KUL Kuala Lumpur,MF8688,XiamenAir,text,Duration: 4h 35m,,True,2026-02-19T11:56:31.934092
2026-11-14,CKG,arrival,18:25,HET Hohhot,OQ2176,Chongqing Airlines,text,Duration: 2h 20m,,True,2026-02-19T11:56:31.934097
2026-11-14,CKG,arrival,18:30,SHA Shanghai,MU9193,China Eastern,text,Duration: 3h 5m,,True,2026-02-19T11:56:31.934102
2026-11-14,CKG,arrival,18:35,CGO Zhengzhou,CZ6353,China Southern,text,Duration: 2h 10m,,True,2026-02-19T11:56:31.934107
2026-11-14,CKG,arrival,18:40,PKX Beijing,MU6685,China Eastern,text,Duration: 2h 55m,,True,2026-02-19T11:56:31.934113
2026-11-14,CKG,arrival,18:50,PEK Beijing,CA1409,Air China,text,Duration: 2h 50m,,True,2026-02-19T11:56:31.934189
2026-11-14,CKG,arrival,18:50,JGN Jiayuguan,G52852,Gestair,text,Duration: 2h 45m,,True,2026-02-19T11:56:31.934196
2026-11-14,CKG,arrival,18:50,XMN Xiamen,MF8423,XiamenAir,text,Duration: 2h 55m,,True,2026-02-19T11:56:31.934202
2026-11-14,CKG,arrival,18:50,CAN Guangzhou,OQ2324,Chongqing Airlines,text,Duration: 1h 55m,,True,2026-02-19T11:56:31.934207
2026-11-14,CKG,arrival,18:55,CAN Guangzhou,3U8748,Sichuan Airlines,text,Duration: 2h 10m,,True,2026-02-19T11:56:31.934212
2026-11-14,CKG,arrival,18:55,CGO Zhengzhou,3U8160,Sichuan Airlines,text,Duration: 1h 55m,,True,2026-02-19T11:56:31.934217
2026-11-14,CKG,arrival,18:55,HGH Hangzhou,CA1761,Air China,text,Duration: 2h 45m,,True,2026-02-19T11:56:31.934222
2026-11-14,CKG,arrival,18:55,WHA Wuhu,GT1117,Air Guilin,text,Duration: 2h 30m,,True,2026-02-19T11:56:31.934227
2026-11-14,CKG,arrival,18:55,HGH Hangzhou,OQ2390,Chongqing Airlines,text,Duration: 3h 0m,,True,2026-02-19T11:56:31.934232
2026-11-14,CKG,arrival,18:55,XMN Xiamen,SC2141,Shandong Airlines,text,Duration: 2h 35m,,True,2026-02-19T11:56:31.934237
2026-11-14,CKG,arrival,18:55,WUX Wuxi,ZH9553,Shenzhen Airlines,text,Duration: 2h 35m,,True,2026-02-19T11:56:31.934313
2026-11-14,CKG,arrival,19:05,SHA Shanghai,9C8995,Spring Airlines,text,Duration: 3h 0m,,True,2026-02-19T11:56:31.934320
2026-11-14,CKG,arrival,19:05,FOC Fuzhou,FU6507,Fuzhou Airline,text,Duration: 2h 40m,,True,2026-02-19T11:56:31.934325
2026-11-14,CKG,arrival,19:05,HGH Hangzhou,MF8475,XiamenAir,text,Duration: 2h 45m,,True,2026-02-19T11:56:31.934330
2026-11-14,CKG,arrival,19:10,HFE Hefei,3U8198,Sichuan Airlines,text,Duration: 2h 20m,,True,2026-02-19T11:56:31.934335
2026-11-14,CKG,arrival,19:10,"JUZ Quzhou, Zhejiang Province",G54684,Gestair,text,Duration: 2h 30m,,True,2026-02-19T11:56:31.934341
2026-11-14,CKG,arrival,19:10,FOC Fuzhou,HU7264,Hainan Airlines,text,Duration: 3h 0m,,True,2026-02-19T11:56:31.934346
2026-11-14,CKG,arrival,19:10,WNZ Wenzhou,PN6284,West Air (China),text,Duration: 3h 0m,,True,2026-02-19T11:56:31.934351
2026-11-14,CKG,arrival,19:10,SZX Shenzhen,ZH9465,Shenzhen Airlines,text,Duration: 2h 20m,,True,2026-02-19T11:56:31.934357
2026-11-14,CKG,arrival,19:15,JHG Jinghong,PN6404,West Air (China),text,Duration: 2h 0m,,True,2026-02-19T11:56:31.934362
2026-11-14,CKG,arrival,19:15,PVG Shanghai,Y87513,Suparna Airlines,text,Duration: 3h 20m,,True,2026-02-19T11:56:31.934438
2026-11-14,CKG,arrival,19:20,PVG Shanghai,FM9425,Shanghai Airlines,text,Duration: 3h 10m,,True,2026-02-19T11:56:31.934445
2026-11-14,CKG,arrival,19:25,SYX Sanya,PN6204,West Air (China),text,Duration: 2h 20m,,True,2026-02-19T11:56:31.934451
2026-11-14,CKG,arrival,19:30,SZX Shenzhen,OQ2346,Chongqing Airlines,text,Duration: 2h 35m,,True,2026-02-19T11:56:31.934456
2026-11-14,CKG,arrival,19:35,LUM Mangshi,KY3109,Kunming Airlines,text,Duration: 1h 55m,,True,2026-02-19T11:56:31.934462
2026-11-14,CKG,arrival,19:35,SIN Singapore,OQ2096,Chongqing Airlines,text,Duration: 5h 0m,,True,2026-02-19T11:56:31.934467
2026-11-14,CKG,arrival,19:40,CAN Guangzhou,CA4350,Air China,text,Duration: 2h 20m,,True,2026-02-19T11:56:31.934472
2026-11-14,CKG,arrival,19:45,WUH Wuhan,CZ3643,China Southern,text,Duration: 1h 40m,,True,2026-02-19T11:56:31.934478
2026-11-14,CKG,arrival,19:45,KTI Phnom Penh,KR963,Cambodia Airways,text,Duration: 3h 50m,,True,2026-02-19T11:56:31.934483
2026-11-14,CKG,arrival,19:50,JHG Jinghong,3U3552,Sichuan Airlines,text,Duration: 1h 50m,,True,2026-02-19T11:56:31.934489
2026-11-14,CKG,arrival,19:50,SHA Shanghai,9C8997,Spring Airlines,text,Duration: 2h 50m,,True,2026-02-19T11:56:31.934565
2026-11-14,CKG,arrival,19:50,PEK Beijing,CA1435,Air China,text,Duration: 2h 50m,,True,2026-02-19T11:56:31.934572
2026-11-14,CKG,arrival,19:55,LXA Lhasa/Lasa,3U8636,Sichuan Airlines,text,Duration: 2h 25m,,True,2026-02-19T11:56:31.934578
2026-11-14,CKG,arrival,20:00,PEK Beijing,3U8832,Sichuan Airlines,text,Duration: 3h 10m,,True,2026-02-19T11:56:31.934584
2026-11-14,CKG,arrival,20:00,YNZ Yancheng,9C7345,Spring Airlines,text,Duration: 2h 45m,,True,2026-02-19T11:56:31.934589
2026-11-14,CKG,arrival,20:00,PVG Shanghai,HU7493,Hainan Airlines,text,Duration: 3h 0m,,True,2026-02-19T11:56:31.934595
2026-11-14,CKG,arrival,20:05,JHG Jinghong,8L9605,Lucky Air,text,Duration: 2h 0m,,True,2026-02-19T11:56:31.934600
2026-11-14,CKG,arrival,20:05,URC Urumqi,CZ6798,China Southern,text,Duration: 4h 10m,,True,2026-02-19T11:56:31.934606
2026-11-14,CKG,arrival,20:05,DIG Diqing,OQ2148,Chongqing Airlines,text,Duration: 1h 45m,,True,2026-02-19T11:56:31.934611
2026-11-14,CKG,arrival,20:05,TAO Qingdao,SC4841,Shandong Airlines,text,Duration: 2h 50m,,True,2026-02-19T11:56:31.934616
2026-11-14,CKG,arrival,20:10,LXA Lhasa/Lasa,PN6392,West Air (China),text,Duration: 2h 50m,,True,2026-02-19T11:56:31.934713
2026-11-14,CKG,arrival,20:15,NKG Nanjing,HO1691,Juneyao Airlines,text,Duration: 2h 35m,,True,2026-02-19T11:56:31.934721
2026-11-14,CKG,arrival,20:15,PEK Beijing,HU7267,Hainan Airlines,text,Duration: 2h 45m,,True,2026-02-19T11:56:31.934727
2026-11-14,CKG,arrival,20:15,TSN Tianjin,MF8622,XiamenAir,text,Duration: 3h 0m,,True,2026-02-19T11:56:31.934733
2026-11-14,CKG,arrival,20:15,SHA Shanghai,MU5435,China Eastern,text,Duration: 2h 55m,,True,2026-02-19T11:56:31.934738
2026-11-14,CKG,arrival,20:15,TNA Jinan,SC8809,Shandong Airlines,text,Duration: 2h 20m,,True,2026-02-19T11:56:31.934743
2026-11-14,CKG,arrival,20:20,PKX Beijing,CZ3259,China Southern,text,Duration: 2h 55m,,True,2026-02-19T11:56:31.934748
2026-11-14,CKG,arrival,20:20,TYN Taiyuan,SC2268,Shandong Airlines,text,Duration: 2h 25m,,True,2026-02-19T11:56:31.934753
2026-11-14,CKG,arrival,20:25,ACX Xingyi,BK2954,OkAir,text,Duration: 1h 55m,,True,2026-02-19T11:56:31.934758
2026-11-14,CKG,arrival,20:25,INC Yinchuan,HU7272,Hainan Airlines,text,Duration: 2h 5m,,True,2026-02-19T11:56:31.934763
2026-11-14,CKG,arrival,20:25,LXA Lhasa/Lasa,PN6272,West Air (China),text,Duration: 2h 50m,,True,2026-02-19T11:56:31.934858
2026-11-14,CKG,arrival,20:35,HET Hohhot,CA4008,Air China,text,Duration: 2h 25m,,True,2026-02-19T11:56:31.934866
2026-11-14,CKG,arrival,20:35,PVG Shanghai,HO2369,Juneyao Airlines,text,Duration: 3h 15m,,True,2026-02-19T11:56:31.934871
2026-11-14,CKG,arrival,20:35,SZX Shenzhen,MU6612,China Eastern,text,Duration: 2h 20m,,True,2026-02-19T11:56:31.934877
2026-11-14,CKG,arrival,20:40,SHE Shenyang,CZ5355,China Southern,text,Duration: 4h 15m,,True,2026-02-19T11:56:31.934882
2026-11-14,CKG,arrival,20:50,LXA Lhasa/Lasa,EU2737,Chengdu Airlines,text,Duration: 2h 20m,,True,2026-02-19T11:56:31.934887
2026-11-14,CKG,arrival,20:50,XIY Xian,JD5077,Capital Airlines,text,Duration: 1h 35m,,True,2026-02-19T11:56:31.934892
2026-11-14,CKG,arrival,20:55,NGB Ningbo,3U8110,Sichuan Airlines,text,Duration: 2h 45m,,True,2026-02-19T11:56:31.934897
2026-11-14,CKG,arrival,20:55,PEK Beijing,CA4142,Air China,text,Duration: 2h 40m,,True,2026-02-19T11:56:31.934903
2026-11-14,CKG,arrival,20:55,XMN Xiamen,HU7426,Hainan Airlines,text,Duration: 3h 5m,,True,2026-02-19T11:56:31.934908
2026-11-14,CKG,arrival,20:55,XNN Xining,MF8866,XiamenAir,text,Duration: 2h 10m,,True,2026-02-19T11:56:31.934991
2026-11-14,CKG,arrival,21:00,SZX Shenzhen,CZ5919,China Southern,text,Duration: 2h 30m,,True,2026-02-19T11:56:31.934998
2026-11-14,CKG,arrival,21:00,HFE Hefei,MU9982,China Eastern,text,Duration: 2h 15m,,True,2026-02-19T11:56:31.935006
2026-11-14,CKG,arrival,21:00,CAN Guangzhou,OQ2340,Chongqing Airlines,text,Duration: 2h 45m,,True,2026-02-19T11:56:31.935011
2026-11-14,CKG,arrival,21:05,KHN Nanchang,RY6681,Jiangxi Airlines,text,Duration: 2h 10m,,True,2026-02-19T11:56:31.935017
2026-11-14,CKG,arrival,21:10,CAN Guangzhou,MU6825,China Eastern,text,Duration: 2h 20m,,True,2026-02-19T11:56:31.935022
2026-11-14,CKG,arrival,21:15,PVG Shanghai,9C8867,Spring Airlines,text,Duration: 3h 10m,,True,2026-02-19T11:56:31.935028
2026-11-14,CKG,arrival,21:15,SJW Shijiazhuang,9C8993,Spring Airlines,text,Duration: 2h 35m,,True,2026-02-19T11:56:31.935033
2026-11-14,CKG,arrival,21:15,ZUH Zhuhai,CZ8259,China Southern,text,Duration: 2h 25m,,True,2026-02-19T11:56:31.935039
2026-11-14,CKG,arrival,21:15,KMG Kunming,MU9755,China Eastern,text,Duration: 1h 40m,,True,2026-02-19T11:56:31.935044
2026-11-14,CKG,arrival,21:15,TAO Qingdao,SC4843,Shandong Airlines,text,Duration: 3h 5m,,True,2026-02-19T11:56:31.935139
2026-11-14,CKG,arrival,21:15,SZX Shenzhen,ZH9467,Shenzhen Airlines,text,Duration: 2h 15m,,True,2026-02-19T11:56:31.935148
2026-11-14,CKG,arrival,21:20,HAK Haikou,CZ5131,China Southern,text,Duration: 2h 20m,,True,2026-02-19T11:56:31.935155
2026-11-14,CKG,arrival,21:20,TNA Jinan,SC8811,Shandong Airlines,text,Duration: 2h 15m,,True,2026-02-19T11:56:31.935160
2026-11-14,CKG,arrival,21:20,LXA Lhasa/Lasa,TV9844,Tibet Airlines,text,Duration: 2h 40m,,True,2026-02-19T11:56:31.935166
2026-11-14,CKG,arrival,21:25,HGH Hangzhou,3U8084,Sichuan Airlines,text,Duration: 2h 50m,,True,2026-02-19T11:56:31.935171
2026-11-14,CKG,arrival,21:25,HAN Hanoi,PN6424,West Air (China),text,Duration: 2h 0m,,True,2026-02-19T11:56:31.935177
2026-11-14,CKG,arrival,21:30,CAN Guangzhou,OQ2129,Chongqing Airlines,text,Duration: 2h 25m,,True,2026-02-19T11:56:31.935182
2026-11-14,CKG,arrival,21:30,ZUH Zhuhai,SC2266,Shandong Airlines,text,Duration: 2h 30m,,True,2026-02-19T11:56:31.935187
2026-11-14,CKG,arrival,21:35,CGO Zhengzhou,CZ6649,China Southern,text,Duration: 2h 5m,,True,2026-02-19T11:56:31.935192
2026-11-14,CKG,arrival,21:35,TNA Jinan,SC8813,Shandong Airlines,text,Duration: 2h 25m,,True,2026-02-19T11:56:31.935310
2026-11-14,CKG,arrival,21:35,TYN Taiyuan,SC2270,Shandong Airlines,text,Duration: 2h 0m,,True,2026-02-19T11:56:31.935318
2026-11-14,CKG,arrival,21:40,URC Urumqi,3U3210,Sichuan Airlines,text,Duration: 4h 0m,,True,2026-02-19T11:56:31.935324
2026-11-14,CKG,arrival,21:45,PEK Beijing,CA1449,Air China,text,Duration: 3h 0m,,True,2026-02-19T11:56:31.935329
2026-11-14,CKG,arrival,21:45,TYN Taiyuan,DR5312,Ruili Airlines,text,Duration: 1h 55m,,True,2026-02-19T11:56:31.935335
2026-11-14,CKG,arrival,21:50,SHA Shanghai,MU2549,China Eastern,text,Duration: 2h 45m,,True,2026-02-19T11:56:31.935340
2026-11-14,CKG,arrival,21:55,CAN Guangzhou,AQ1101,9 Air,text,Duration: 2h 15m,,True,2026-02-19T11:56:31.935346
2026-11-14,CKG,arrival,22:00,PVG Shanghai,3U8974,Sichuan Airlines,text,Duration: 3h 15m,,True,2026-02-19T11:56:31.935351
2026-11-14,CKG,arrival,22:00,DHH Hami,EU2224,Chengdu Airlines,text,Duration: 3h 40m,,True,2026-02-19T11:56:31.935356
2026-11-14,CKG,arrival,22:00,CAN Guangzhou,HU7241,Hainan Airlines,text,Duration: 2h 15m,,True,2026-02-19T11:56:31.935362
2026-11-14,CKG,arrival,22:00,PEK Beijing,HU7567,Hainan Airlines,text,Duration: 3h 5m,,True,2026-02-19T11:56:31.935453
2026-11-14,CKG,arrival,22:00,WNZ Wenzhou,HU7464,Hainan Airlines,text,Duration: 3h 10m,,True,2026-02-19T11:56:31.935460
2026-11-14,CKG,arrival,22:00,SJW Shijiazhuang,OQ2054,Chongqing Airlines,text,Duration: 2h 55m,,True,2026-02-19T11:56:31.935466
2026-11-14,CKG,arrival,22:00,TNA Jinan,PN6328,West Air (China),text,Duration: 2h 45m,,True,2026-02-19T11:56:31.935471
2026-11-14,CKG,arrival,22:05,WUH Wuhan,CZ5179,China Southern,text,Duration: 2h 0m,,True,2026-02-19T11:56:31.935477
2026-11-14,CKG,arrival,22:05,PKX Beijing,MU6689,China Eastern,text,Duration: 3h 5m,,True,2026-02-19T11:56:31.935483
2026-11-14,CKG,arrival,22:10,PEK Beijing,CA4144,Air China,text,Duration: 2h 40m,,True,2026-02-19T11:56:31.935488
2026-11-14,CKG,arrival,22:10,WNZ Wenzhou,HU7472,Hainan Airlines,text,Duration: 3h 0m,,True,2026-02-19T11:56:31.935493
2026-11-14,CKG,arrival,22:10,TAO Qingdao,MU5253,China Eastern,text,Duration: 3h 10m,,True,2026-02-19T11:56:31.935499
2026-11-14,CKG,arrival,22:15,HAK Haikou,3U8068,Sichuan Airlines,text,Duration: 2h 20m,,True,2026-02-19T11:56:31.935505
2026-11-14,CKG,arrival,22:15,HIA Huai'an,8L9818,Lucky Air,text,Duration: 2h 35m,,True,2026-02-19T11:56:31.935586
2026-11-14,CKG,arrival,22:15,SIN Singapore,CA450,Air China,text,Duration: 5h 0m,,True,2026-02-19T11:56:31.935594
2026-11-14,CKG,arrival,22:15,LFQ Qiaoli,G54318,Gestair,text,Duration: 2h 10m,,True,2026-02-19T11:56:31.935599
2026-11-14,CKG,arrival,22:15,TVS Tangshan,GT1070,Air Guilin,text,Duration: 2h 55m,,True,2026-02-19T11:56:31.935605
2026-11-14,CKG,arrival,22:20,XMN Xiamen,3U8088,Sichuan Airlines,text,Duration: 3h 0m,,True,2026-02-19T11:56:31.935611
2026-11-14,CKG,arrival,22:20,TSN Tianjin,GS7905,Tianjin Airlines,text,Duration: 3h 5m,,True,2026-02-19T11:56:31.935616
2026-11-14,CKG,arrival,22:20,ZUH Zhuhai,OQ2386,Chongqing Airlines,text,Duration: 2h 40m,,True,2026-02-19T11:56:31.935622
2026-11-14,CKG,arrival,22:30,SWA Jieyang,3U8006,Sichuan Airlines,text,Duration: 2h 45m,,True,2026-02-19T11:56:31.935627
2026-11-14,CKG,arrival,22:30,LJG Lijiang,JD5609,Capital Airlines,text,Duration: 1h 40m,,True,2026-02-19T11:56:31.935633
2026-11-14,CKG,arrival,22:30,HGH Hangzhou,PN6436,West Air (China),text,Duration: 2h 55m,,True,2026-02-19T11:56:31.935639
2026-11-14,CKG,arrival,22:45,WUX Wuxi,3U8028,Sichuan Airlines,text,Duration: 2h 25m,,True,2026-02-19T11:56:31.935727
2026-11-14,CKG,arrival,22:50,TNA Jinan,3U8054,Sichuan Airlines,text,Duration: 2h 5m,,True,2026-02-19T11:56:31.935734
2026-11-14,CKG,arrival,22:50,SZX Shenzhen,HU7357,Hainan Airlines,text,Duration: 2h 40m,,True,2026-02-19T11:56:31.935740
2026-11-14,CKG,arrival,22:50,SHA Shanghai,MU5431,China Eastern,text,Duration: 3h 0m,,True,2026-02-19T11:56:31.935746
2026-11-14,CKG,arrival,22:55,SYX Sanya,CA4388,Air China,text,Duration: 2h 15m,,True,2026-02-19T11:56:31.935752
2026-11-14,CKG,arrival,22:55,TSN Tianjin,CA4002,Air China,text,Duration: 3h 0m,,True,2026-02-19T11:56:31.935758
2026-11-14,CKG,arrival,22:55,PKX Beijing,CZ8813,China Southern,text,Duration: 3h 0m,,True,2026-02-19T11:56:31.935763
2026-11-14,CKG,arrival,22:55,HGH Hangzhou,MF8477,XiamenAir,text,Duration: 2h 45m,,True,2026-02-19T11:56:31.935769
2026-11-14,CKG,arrival,22:55,FOC Fuzhou,PN6276,West Air (China),text,Duration: 2h 40m,,True,2026-02-19T11:56:31.935775
2026-11-14,CKG,arrival,23:00,NKG Nanjing,3U8046,Sichuan Airlines,text,Duration: 2h 45m,,True,2026-02-19T11:56:31.935780
2026-11-14,CKG,arrival,23:00,SZX Shenzhen,CA4346,Air China,text,Duration: 2h 10m,,True,2026-02-19T11:56:31.935878
2026-11-14,CKG,arrival,23:00,HGH Hangzhou,GS6582,Tianjin Airlines,text,Duration: 3h 10m,,True,2026-02-19T11:56:31.935886
2026-11-14,CKG,arrival,23:00,HFE Hefei,MU6470,China Eastern,text,Duration: 2h 30m,,True,2026-02-19T11:56:31.935891
2026-11-14,CKG,arrival,23:00,SJW Shijiazhuang,NS3242,Hebei Airlines,text,Duration: 2h 45m,,True,2026-02-19T11:56:31.935897
2026-11-14,CKG,arrival,23:05,HGH Hangzhou,CA4578,Air China,text,Duration: 2h 55m,,True,2026-02-19T11:56:31.935903
2026-11-14,CKG,arrival,23:05,PEK Beijing,CA4136,Air China,text,Duration: 2h 35m,,True,2026-02-19T11:56:31.935908
2026-11-14,CKG,arrival,23:05,TPE Taipei,CA410,Air China,text,Duration: 3h 45m,,True,2026-02-19T11:56:31.935914
2026-11-14,CKG,arrival,23:05,XNN Xining,TV9912,Tibet Airlines,text,Duration: 1h 55m,,True,2026-02-19T11:56:31.935919
2026-11-14,CKG,arrival,23:10,CAN Guangzhou,CA4342,Air China,text,Duration: 2h 15m,,True,2026-02-19T11:56:31.935925
2026-11-14,CKG,arrival,23:10,WUH Wuhan,CA4382,Air China,text,Duration: 1h 45m,,True,2026-02-19T11:56:31.935930
2026-11-14,CKG,arrival,23:15,DLC Dalian,3U8008,Sichuan Airlines,text,Duration: 3h 30m,,True,2026-02-19T11:56:31.936024
2026-11-14,CKG,arrival,23:15,SHA Shanghai,MF8582,XiamenAir,text,Duration: 3h 5m,,True,2026-02-19T11:56:31.936032
2026-11-14,CKG,arrival,23:15,NGB Ningbo,OQ2316,Chongqing Airlines,text,Duration: 3h 20m,,True,2026-02-19T11:56:31.936039
2026-11-14,CKG,arrival,23:20,KHN Nanchang,3U8182,Sichuan Airlines,text,Duration: 2h 0m,,True,2026-02-19T11:56:31.936044
2026-11-14,CKG,arrival,23:20,WHA Wuhu,3U8072,Sichuan Airlines,text,Duration: 2h 20m,,True,2026-02-19T11:56:31.936050
2026-11-14,CKG,arrival,23:20,NKG Nanjing,CA4558,Air China,text,Duration: 2h 30m,,True,2026-02-19T11:56:31.936056
2026-11-14,CKG,arrival,23:20,HNY Hengyang,GS7436,Tianjin Airlines,text,Duration: 2h 5m,,True,2026-02-19T11:56:31.936061
2026-11-14,CKG,arrival,23:20,MFM Macau,PN6594,West Air (China),text,Duration: 2h 20m,,True,2026-02-19T11:56:31.936068
2026-11-14,CKG,arrival,23:25,SHE Shenyang,OQ2074,Chongqing Airlines,text,Duration: 4h 25m,,True,2026-02-19T11:56:31.936073
2026-11-14,CKG,arrival,23:25,NNG Nanning,ZH9381,Shenzhen Airlines,text,Duration: 1h 45m,,True,2026-02-19T11:56:31.936079
2026-11-14,CKG,arrival,23:30,DOY Dongying,G54010,Gestair,text,Duration: 2h 55m,,True,2026-02-19T11:56:31.936180
2026-11-14,CKG,arrival,23:30,VTE Vientiane,G52806,Gestair,text,Duration: 2h 25m,,True,2026-02-19T11:56:31.936187
2026-11-14,CKG,arrival,23:30,HRB Harbin,OQ2328,Chongqing Airlines,text,Duration: 4h 35m,,True,2026-02-19T11:56:31.936193
2026-11-14,CKG,arrival,23:30,YNT Yantai,SC7654,Shandong Airlines,text,Duration: 2h 55m,,True,2026-02-19T11:56:31.936198
2026-11-14,CKG,arrival,23:30,SZX Shenzhen,ZH9469,Shenzhen Airlines,text,Duration: 2h 25m,,True,2026-02-19T11:56:31.936204
2026-11-14,CKG,arrival,23:35,HKG Hong Kong,HX496,Hong Kong Airlines,text,Duration: 2h 45m,,True,2026-02-19T11:56:31.936210
2026-11-14,CKG,arrival,23:40,PVG Shanghai,CA4556,Air China,text,Duration: 3h 5m,,True,2026-02-19T11:56:31.936215
2026-11-14,CKG,arrival,23:40,UCB Ulanqab,G54918,Gestair,text,Duration: 2h 50m,,True,2026-02-19T11:56:31.936221
2026-11-14,CKG,arrival,23:45,BKK Bangkok,3U3772,Sichuan Airlines,text,Duration: 3h 25m,,True,2026-02-19T11:56:31.936227
2026-11-14,CKG,arrival,23:45,TSN Tianjin,PN6238,West Air (China),text,Duration: 2h 30m,,True,2026-02-19T11:56:31.936233
2026-11-14,CKG,arrival,23:50,HDG Handan,G54302,Gestair,text,Duration: 2h 10m,,True,2026-02-19T11:56:31.936313
2026-11-14,CKG,arrival,23:50,WUH Wuhan,MF8030,XiamenAir,text,Duration: 1h 45m,,True,2026-02-19T11:56:31.936321
2026-11-14,CKG,arrival,23:50,KMG Kunming,MU5450,China Eastern,text,Duration: 1h 30m,,True,2026-02-19T11:56:31.936326
2026-11-14,CKG,arrival,23:55,LHW Lanzhou,3U8020,Sichuan Airlines,text,Duration: 1h 50m,,True,2026-02-19T11:56:31.936332
2026-11-14,CKG,arrival,23:55,PKX Beijing,CA8674,Air China,text,Duration: 3h 0m,,True,2026-02-19T11:56:31.936337
2026-11-14,CKG,arrival,23:55,SHA Shanghai,CA4542,Air China,text,Duration: 2h 55m,,True,2026-02-19T11:56:31.936343
2026-11-14,CKG,arrival,23:55,WMT Zunyi,G54786,Gestair,text,Duration: 0h 40m,,True,2026-02-19T11:56:31.936349
2026-11-14,CKG,arrival,23:55,XMN Xiamen,MF8433,XiamenAir,text,Duration: 2h 50m,,True,2026-02-19T11:56:31.936354
