date,airport,direction,time,destination,flight,airline,airline_source,duration,aircraft,page_date_verified,scraped_at
2026-05-08,CKG,departure,02:00,ICN Seoul,OZ354,Asiana,text,Duration: 3h 25m,,True,2026-02-19T09:59:45.633007
2026-05-08,CKG,departure,02:00,KUL Kuala Lumpur,D7809,AirAsia X,text,Duration: 4h 55m,,True,2026-02-19T09:59:45.633019
2026-05-08,CKG,departure,02:10,DMK Bangkok,SL931,Thai Lion Air,text,Duration: 3h 10m,,True,2026-02-19T09:59:45.633026
2026-05-08,CKG,departure,02:35,SIN Singapore,SQ819,Singapore Airlines,text,Duration: 4h 55m,,True,2026-02-19T09:59:45.633031
2026-05-08,CKG,departure,02:40,MXP Milan,HU427,Hainan Airlines,text,Duration: 11h 15m,,True,2026-02-19T09:59:45.633038
2026-05-08,CKG,departure,05:40,PVG Shanghai,9C6108,Spring Airlines,text,Duration: 2h 25m,,True,2026-02-19T09:59:45.633044
2026-05-08,CKG,departure,06:05,NKG Nanjing,PN6259,West Air (China),text,Duration: 2h 15m,,True,2026-02-19T09:59:45.633049
2026-05-08,CKG,departure,06:20,HCZ Chenzhou,PN6291,West Air (China),text,Duration: 2h 5m,,True,2026-02-19T09:59:45.633055
2026-05-08,CKG,departure,06:20,TNA Jinan,PN6327,West Air (China),text,Duration: 2h 5m,,True,2026-02-19T09:59:45.633060
2026-05-08,CKG,departure,06:20,ZHY Zhongwei,PN6497,West Air (China),text,Duration: 2h 5m,,True,2026-02-19T09:59:45.633066
2026-05-08,CKG,departure,06:25,BPX Bangda,PN6215,West Air (China),text,Duration: 2h 5m,,True,2026-02-19T09:59:45.633174
2026-05-08,CKG,departure,06:25,HAK Haikou,PN6207,West Air (China),text,Duration: 2h 25m,,True,2026-02-19T09:59:45.633182
2026-05-08,CKG,departure,06:25,LXA Lhasa/Lasa,TV9813,Tibet Airlines,text,Duration: 3h 5m,,True,2026-02-19T09:59:45.633188
2026-05-08,CKG,departure,06:25,LZY Nyingchi,PN6211,West Air (China),text,Duration: 2h 35m,,True,2026-02-19T09:59:45.633193
2026-05-08,CKG,departure,06:30,CGO Zhengzhou,PN6273,West Air (China),text,Duration: 1h 50m,,True,2026-02-19T09:59:45.633200
2026-05-08,CKG,departure,06:30,SHA Shanghai,MU5422,China Eastern,text,Duration: 2h 25m,,True,2026-02-19T09:59:45.633207
2026-05-08,CKG,departure,06:30,TSN Tianjin,3U8013,Sichuan Airlines,text,Duration: 2h 30m,,True,2026-02-19T09:59:45.633213
2026-05-08,CKG,departure,06:35,DLU Dali City,TV9809,Tibet Airlines,text,Duration: 1h 55m,,True,2026-02-19T09:59:45.633221
2026-05-08,CKG,departure,06:35,HET Hohhot,G52825,Gestair,text,Duration: 2h 25m,,True,2026-02-19T09:59:45.633227
2026-05-08,CKG,departure,06:35,SJW Shijiazhuang,PN6349,West Air (China),text,Duration: 2h 5m,,True,2026-02-19T09:59:45.633234
2026-05-08,CKG,departure,06:35,SZX Shenzhen,PN6229,West Air (China),text,Duration: 2h 5m,,True,2026-02-19T09:59:45.633361
2026-05-08,CKG,departure,06:40,CIH Changzhi,G52719,Gestair,text,Duration: 1h 40m,,True,2026-02-19T09:59:45.633370
2026-05-08,CKG,departure,06:40,HET Hohhot,GS6597,Tianjin Airlines,text,Duration: 2h 20m,,True,2026-02-19T09:59:45.633376
2026-05-08,CKG,departure,06:40,HUZ Huizhou,MU6691,China Eastern,text,Duration: 2h 5m,,True,2026-02-19T09:59:45.633382
2026-05-08,CKG,departure,06:40,TAO Qingdao,SC4838,Shandong Airlines,text,Duration: 2h 35m,,True,2026-02-19T09:59:45.633388
2026-05-08,CKG,departure,06:40,XIC Xichang,G54515,Gestair,text,Duration: 1h 45m,,True,2026-02-19T09:59:45.633393
2026-05-08,CKG,departure,06:40,XUZ Xuzhou,G52807,Gestair,text,Duration: 2h 10m,,True,2026-02-19T09:59:45.633398
2026-05-08,CKG,departure,06:45,HFE Hefei,PN6415,West Air (China),text,Duration: 1h 50m,,True,2026-02-19T09:59:45.633404
2026-05-08,CKG,departure,06:45,LXA Lhasa/Lasa,3U8633,Sichuan Airlines,text,Duration: 2h 45m,,True,2026-02-19T09:59:45.633409
2026-05-08,CKG,departure,06:45,SYX Sanya,PN6213,West Air (China),text,Duration: 2h 20m,,True,2026-02-19T09:59:45.633414
2026-05-08,CKG,departure,06:50,BPX Bangda,TV9907,Tibet Airlines,text,Duration: 2h 5m,,True,2026-02-19T09:59:45.633520
2026-05-08,CKG,departure,06:50,ENY Yan'an,G54977,Gestair,text,Duration: 1h 35m,,True,2026-02-19T09:59:45.633527
2026-05-08,CKG,departure,06:50,HDG Handan,G54301,Gestair,text,Duration: 1h 50m,,True,2026-02-19T09:59:45.633533
2026-05-08,CKG,departure,06:50,KMG Kunming,MU5449,China Eastern,text,Duration: 1h 30m,,True,2026-02-19T09:59:45.633538
2026-05-08,CKG,departure,06:50,SWA Jieyang,3U8005,Sichuan Airlines,text,Duration: 2h 0m,,True,2026-02-19T09:59:45.633544
2026-05-08,CKG,departure,06:50,ZUH Zhuhai,3U8047,Sichuan Airlines,text,Duration: 2h 10m,,True,2026-02-19T09:59:45.633549
2026-05-08,CKG,departure,06:55,AKU Aksu,OQ2007,Chongqing Airlines,text,Duration: 5h 0m,,True,2026-02-19T09:59:45.633555
2026-05-08,CKG,departure,06:55,NNG Nanning,3U8137,Sichuan Airlines,text,Duration: 1h 40m,,True,2026-02-19T09:59:45.633561
2026-05-08,CKG,departure,06:55,WNZ Wenzhou,3U8033,Sichuan Airlines,text,Duration: 2h 40m,,True,2026-02-19T09:59:45.633566
2026-05-08,CKG,departure,06:55,WUA Wu Hai,G54280,Gestair,text,Duration: 2h 20m,,True,2026-02-19T09:59:45.633572
2026-05-08,CKG,departure,06:55,XIY Xian,GS7666,Tianjin Airlines,text,Duration: 1h 35m,,True,2026-02-19T09:59:45.633699
2026-05-08,CKG,departure,07:00,FOC Fuzhou,3U8103,Sichuan Airlines,text,Duration: 2h 20m,,True,2026-02-19T09:59:45.633709
2026-05-08,CKG,departure,07:00,KHN Nanchang,CA4561,Air China,text,Duration: 2h 0m,,True,2026-02-19T09:59:45.633717
2026-05-08,CKG,departure,07:00,SWA Jieyang,OQ2349,Chongqing Airlines,text,Duration: 2h 20m,,True,2026-02-19T09:59:45.633724
2026-05-08,CKG,departure,07:00,TNA Jinan,SC8806,Shandong Airlines,text,Duration: 2h 10m,,True,2026-02-19T09:59:45.633731
2026-05-08,CKG,departure,07:05,DSN Dongsheng,G54389,Gestair,text,Duration: 1h 50m,,True,2026-02-19T09:59:45.633738
2026-05-08,CKG,departure,07:05,HRB Harbin,CA4011,Air China,text,Duration: 3h 55m,,True,2026-02-19T09:59:45.633745
2026-05-08,CKG,departure,07:05,NGB Ningbo,3U8109,Sichuan Airlines,text,Duration: 2h 20m,,True,2026-02-19T09:59:45.633751
2026-05-08,CKG,departure,07:05,TEN Tongren,G54661,Gestair,text,Duration: 1h 20m,,True,2026-02-19T09:59:45.633758
2026-05-08,CKG,departure,07:05,TSN Tianjin,OQ2081,Chongqing Airlines,text,Duration: 2h 35m,,True,2026-02-19T09:59:45.633764
2026-05-08,CKG,departure,07:05,YCU Yuncheng,CA4013,Air China,text,Duration: 1h 30m,,True,2026-02-19T09:59:45.633880
2026-05-08,CKG,departure,07:05,YTY Yangzhou,3U8167,Sichuan Airlines,text,Duration: 2h 15m,,True,2026-02-19T09:59:45.633888
2026-05-08,CKG,departure,07:10,LHW Lanzhou,G54033,Gestair,text,Duration: 1h 50m,,True,2026-02-19T09:59:45.633895
2026-05-08,CKG,departure,07:10,NKG Nanjing,CA4545,Air China,text,Duration: 2h 10m,,True,2026-02-19T09:59:45.633901
2026-05-08,CKG,departure,07:10,SZX Shenzhen,3U8781,Sichuan Airlines,text,Duration: 2h 0m,,True,2026-02-19T09:59:45.633907
2026-05-08,CKG,departure,07:10,SZX Shenzhen,CA4343,Air China,text,Duration: 2h 10m,,True,2026-02-19T09:59:45.633912
2026-05-08,CKG,departure,07:10,XMN Xiamen,3U8089,Sichuan Airlines,text,Duration: 2h 25m,,True,2026-02-19T09:59:45.633917
2026-05-08,CKG,departure,07:15,HGH Hangzhou,3U8081,Sichuan Airlines,text,Duration: 2h 10m,,True,2026-02-19T09:59:45.633923
2026-05-08,CKG,departure,07:15,LYG Lianyungang,G52835,Gestair,text,Duration: 2h 20m,,True,2026-02-19T09:59:45.633928
2026-05-08,CKG,departure,07:15,NKG Nanjing,3U8041,Sichuan Airlines,text,Duration: 2h 5m,,True,2026-02-19T09:59:45.633933
2026-05-08,CKG,departure,07:15,PEK Beijing,3U8829,Sichuan Airlines,text,Duration: 2h 25m,,True,2026-02-19T09:59:45.634028
2026-05-08,CKG,departure,07:15,PVG Shanghai,3U8971,Sichuan Airlines,text,Duration: 2h 25m,,True,2026-02-19T09:59:45.634036
2026-05-08,CKG,departure,07:20,HAK Haikou,OQ2341,Chongqing Airlines,text,Duration: 2h 15m,,True,2026-02-19T09:59:45.634041
2026-05-08,CKG,departure,07:20,SHA Shanghai,MU5424,China Eastern,text,Duration: 2h 15m,,True,2026-02-19T09:59:45.634047
2026-05-08,CKG,departure,07:20,SHE Shenyang,3U8037,Sichuan Airlines,text,Duration: 3h 0m,,True,2026-02-19T09:59:45.634052
2026-05-08,CKG,departure,07:25,LYI Linyi,OQ2363,Chongqing Airlines,text,Duration: 2h 30m,,True,2026-02-19T09:59:45.634058
2026-05-08,CKG,departure,07:30,CAN Guangzhou,OQ2323,Chongqing Airlines,text,Duration: 2h 0m,,True,2026-02-19T09:59:45.634064
2026-05-08,CKG,departure,07:30,CSX Changsha,GS6587,Tianjin Airlines,text,Duration: 1h 25m,,True,2026-02-19T09:59:45.634070
2026-05-08,CKG,departure,07:30,HGH Hangzhou,CA4553,Air China,text,Duration: 2h 25m,,True,2026-02-19T09:59:45.634075
2026-05-08,CKG,departure,07:30,SZX Shenzhen,OQ2335,Chongqing Airlines,text,Duration: 2h 10m,,True,2026-02-19T09:59:45.634081
2026-05-08,CKG,departure,07:30,YNZ Yancheng,G52821,Gestair,text,Duration: 2h 0m,,True,2026-02-19T09:59:45.634165
2026-05-08,CKG,departure,07:35,FUG Fuyang,PN6219,West Air (China),text,Duration: 2h 0m,,True,2026-02-19T09:59:45.634172
2026-05-08,CKG,departure,07:40,NGB Ningbo,CA4549,Air China,text,Duration: 2h 35m,,True,2026-02-19T09:59:45.634178
2026-05-08,CKG,departure,07:40,WHA Wuhu,OQ2033,Chongqing Airlines,text,Duration: 2h 5m,,True,2026-02-19T09:59:45.634184
2026-05-08,CKG,departure,07:40,XMN Xiamen,CA4565,Air China,text,Duration: 2h 30m,,True,2026-02-19T09:59:45.634189
2026-05-08,CKG,departure,07:50,CGQ Changchun,CA4015,Air China,text,Duration: 3h 30m,,True,2026-02-19T09:59:45.634195
2026-05-08,CKG,departure,07:50,DLU Dali City,CA4481,Air China,text,Duration: 2h 10m,,True,2026-02-19T09:59:45.634201
2026-05-08,CKG,departure,07:50,LZY Nyingchi,TV9869,Tibet Airlines,text,Duration: 2h 20m,,True,2026-02-19T09:59:45.634208
2026-05-08,CKG,departure,07:50,TSN Tianjin,GS7906,Tianjin Airlines,text,Duration: 2h 15m,,True,2026-02-19T09:59:45.634213
2026-05-08,CKG,departure,07:55,BKK Bangkok,HU423,Hainan Airlines,text,Duration: 3h 20m,,True,2026-02-19T09:59:45.634219
2026-05-08,CKG,departure,07:55,SZX Shenzhen,HU7458,Hainan Airlines,text,Duration: 2h 0m,,True,2026-02-19T09:59:45.634296
2026-05-08,CKG,departure,08:00,CAN Guangzhou,CA4361,Air China,text,Duration: 2h 15m,,True,2026-02-19T09:59:45.634303
2026-05-08,CKG,departure,08:00,KRL Korla,3U8141,Sichuan Airlines,text,Duration: 4h 20m,,True,2026-02-19T09:59:45.634309
2026-05-08,CKG,departure,08:00,PEK Beijing,CA4131,Air China,text,Duration: 2h 25m,,True,2026-02-19T09:59:45.634315
2026-05-08,CKG,departure,08:00,SHA Shanghai,CA4543,Air China,text,Duration: 2h 30m,,True,2026-02-19T09:59:45.634320
2026-05-08,CKG,departure,08:00,SJW Shijiazhuang,NS3240,Hebei Airlines,text,Duration: 2h 5m,,True,2026-02-19T09:59:45.634325
2026-05-08,CKG,departure,08:00,ZUH Zhuhai,CA4371,Air China,text,Duration: 2h 5m,,True,2026-02-19T09:59:45.634331
2026-05-08,CKG,departure,08:05,HFE Hefei,CA4563,Air China,text,Duration: 1h 40m,,True,2026-02-19T09:59:45.634337
2026-05-08,CKG,departure,08:05,HRB Harbin,3U8165,Sichuan Airlines,text,Duration: 3h 25m,,True,2026-02-19T09:59:45.634342
2026-05-08,CKG,departure,08:05,JUH Chizhou,G52829,Gestair,text,Duration: 2h 10m,,True,2026-02-19T09:59:45.634348
2026-05-08,CKG,departure,08:05,PKX Beijing,OQ2001,Chongqing Airlines,text,Duration: 2h 30m,,True,2026-02-19T09:59:45.634423
2026-05-08,CKG,departure,08:05,SHE Shenyang,OQ2073,Chongqing Airlines,text,Duration: 2h 45m,,True,2026-02-19T09:59:45.634430
2026-05-08,CKG,departure,08:05,XIY Xian,OQ2303,Chongqing Airlines,text,Duration: 1h 45m,,True,2026-02-19T09:59:45.634436
2026-05-08,CKG,departure,08:05,XMN Xiamen,MF8434,XiamenAir,text,Duration: 2h 15m,,True,2026-02-19T09:59:45.634442
2026-05-08,CKG,departure,08:10,KUL Kuala Lumpur,MF8687,XiamenAir,text,Duration: 4h 40m,,True,2026-02-19T09:59:45.634448
2026-05-08,CKG,departure,08:10,LZY Nyingchi,OQ2043,Chongqing Airlines,text,Duration: 2h 25m,,True,2026-02-19T09:59:45.634453
2026-05-08,CKG,departure,08:10,PVG Shanghai,CA4575,Air China,text,Duration: 3h 0m,,True,2026-02-19T09:59:45.634459
2026-05-08,CKG,departure,08:10,SIN Singapore,CA449,Air China,text,Duration: 5h 20m,,True,2026-02-19T09:59:45.634465
2026-05-08,CKG,departure,08:10,ZAT Zhaotong,G54603,Gestair,text,Duration: 1h 10m,,True,2026-02-19T09:59:45.634470
2026-05-08,CKG,departure,08:15,HGH Hangzhou,GS6581,Tianjin Airlines,text,Duration: 2h 10m,,True,2026-02-19T09:59:45.634476
2026-05-08,CKG,departure,08:15,NNG Nanning,ZH9382,Shenzhen Airlines,text,Duration: 1h 40m,,True,2026-02-19T09:59:45.634551
2026-05-08,CKG,departure,08:15,SHA Shanghai,MF8581,XiamenAir,text,Duration: 2h 15m,,True,2026-02-19T09:59:45.634558
2026-05-08,CKG,departure,08:15,SZX Shenzhen,ZH9470,Shenzhen Airlines,text,Duration: 2h 20m,,True,2026-02-19T09:59:45.634564
2026-05-08,CKG,departure,08:15,TAO Qingdao,SC4842,Shandong Airlines,text,Duration: 2h 25m,,True,2026-02-19T09:59:45.634570
2026-05-08,CKG,departure,08:15,TYN Taiyuan,SC2267,Shandong Airlines,text,Duration: 1h 45m,,True,2026-02-19T09:59:45.634575
2026-05-08,CKG,departure,08:20,PVG Shanghai,OQ2307,Chongqing Airlines,text,Duration: 2h 30m,,True,2026-02-19T09:59:45.634581
2026-05-08,CKG,departure,08:20,SHS Shashi,G54933,Gestair,text,Duration: 1h 20m,,True,2026-02-19T09:59:45.634587
2026-05-08,CKG,departure,08:20,WUX Wuxi,3U8025,Sichuan Airlines,text,Duration: 2h 10m,,True,2026-02-19T09:59:45.634593
2026-05-08,CKG,departure,08:20,XMN Xiamen,SC2142,Shandong Airlines,text,Duration: 2h 5m,,True,2026-02-19T09:59:45.634599
2026-05-08,CKG,departure,08:25,CAN Guangzhou,OQ2305,Chongqing Airlines,text,Duration: 2h 10m,,True,2026-02-19T09:59:45.634605
2026-05-08,CKG,departure,08:25,HGH Hangzhou,OQ2379,Chongqing Airlines,text,Duration: 2h 10m,,True,2026-02-19T09:59:45.634680
2026-05-08,CKG,departure,08:30,ICN Seoul,CA439,Air China,text,Duration: 3h 35m,,True,2026-02-19T09:59:45.634686
2026-05-08,CKG,departure,08:30,JGN Jiayuguan,G54459,Gestair,text,Duration: 2h 45m,,True,2026-02-19T09:59:45.634692
2026-05-08,CKG,departure,08:30,SYX Sanya,HU7340,Hainan Airlines,text,Duration: 2h 20m,,True,2026-02-19T09:59:45.634698
2026-05-08,CKG,departure,08:30,SZX Shenzhen,CZ3642,China Southern,text,Duration: 2h 15m,,True,2026-02-19T09:59:45.634704
2026-05-08,CKG,departure,08:30,TNA Jinan,SC8810,Shandong Airlines,text,Duration: 2h 10m,,True,2026-02-19T09:59:45.634709
2026-05-08,CKG,departure,08:30,WNZ Wenzhou,HU7471,Hainan Airlines,text,Duration: 2h 35m,,True,2026-02-19T09:59:45.634715
2026-05-08,CKG,departure,08:35,SIN Singapore,OQ2095,Chongqing Airlines,text,Duration: 4h 50m,,True,2026-02-19T09:59:45.634721
2026-05-08,CKG,departure,08:45,LIJ Lishui,HU7403,Hainan Airlines,text,Duration: 2h 35m,,True,2026-02-19T09:59:45.634727
2026-05-08,CKG,departure,08:45,PVG Shanghai,MU5426,China Eastern,text,Duration: 2h 25m,,True,2026-02-19T09:59:45.634732
2026-05-08,CKG,departure,08:45,URC Urumqi,GS6591,Tianjin Airlines,text,Duration: 3h 55m,,True,2026-02-19T09:59:45.634807
2026-05-08,CKG,departure,08:50,BHY Beihai,3U8123,Sichuan Airlines,text,Duration: 2h 0m,,True,2026-02-19T09:59:45.634814
2026-05-08,CKG,departure,08:50,HKG Hong Kong,HX497,Hong Kong Airlines,text,Duration: 2h 30m,,True,2026-02-19T09:59:45.634819
2026-05-08,CKG,departure,08:50,KTI Phnom Penh,MF8669,XiamenAir,text,Duration: 3h 30m,,True,2026-02-19T09:59:45.634825
2026-05-08,CKG,departure,08:50,TNA Jinan,SC8812,Shandong Airlines,text,Duration: 2h 10m,,True,2026-02-19T09:59:45.634831
2026-05-08,CKG,departure,08:50,YIC Yichun,PN6577,West Air (China),text,Duration: 1h 45m,,True,2026-02-19T09:59:45.634836
2026-05-08,CKG,departure,08:55,URC Urumqi,CA4255,Air China,text,Duration: 4h 0m,,True,2026-02-19T09:59:45.634842
2026-05-08,CKG,departure,09:00,DLU Dali City,OQ2347,Chongqing Airlines,text,Duration: 2h 5m,,True,2026-02-19T09:59:45.634848
2026-05-08,CKG,departure,09:00,XMN Xiamen,HU7411,Hainan Airlines,text,Duration: 2h 30m,,True,2026-02-19T09:59:45.634853
2026-05-08,CKG,departure,09:05,CGQ Changchun,OQ2077,Chongqing Airlines,text,Duration: 3h 20m,,True,2026-02-19T09:59:45.634860
2026-05-08,CKG,departure,09:05,HGH Hangzhou,MF8476,XiamenAir,text,Duration: 2h 20m,,True,2026-02-19T09:59:45.634934
2026-05-08,CKG,departure,09:05,LXA Lhasa/Lasa,3U8635,Sichuan Airlines,text,Duration: 2h 55m,,True,2026-02-19T09:59:45.634941
2026-05-08,CKG,departure,09:05,PEK Beijing,CA4137,Air China,text,Duration: 2h 20m,,True,2026-02-19T09:59:45.634946
2026-05-08,CKG,departure,09:05,WNZ Wenzhou,HU7463,Hainan Airlines,text,Duration: 2h 20m,,True,2026-02-19T09:59:45.634952
2026-05-08,CKG,departure,09:05,YNT Yantai,SC7653,Shandong Airlines,text,Duration: 2h 45m,,True,2026-02-19T09:59:45.634958
2026-05-08,CKG,departure,09:05,ZUH Zhuhai,SC2265,Shandong Airlines,text,Duration: 1h 55m,,True,2026-02-19T09:59:45.634963
2026-05-08,CKG,departure,09:10,CGO Zhengzhou,CZ6650,China Southern,text,Duration: 1h 45m,,True,2026-02-19T09:59:45.634969
2026-05-08,CKG,departure,09:10,HYN Taizhou,OQ2013,Chongqing Airlines,text,Duration: 2h 10m,,True,2026-02-19T09:59:45.634975
2026-05-08,CKG,departure,09:10,NKG Nanjing,OQ2321,Chongqing Airlines,text,Duration: 1h 55m,,True,2026-02-19T09:59:45.634981
2026-05-08,CKG,departure,09:10,PKX Beijing,CZ8814,China Southern,text,Duration: 2h 35m,,True,2026-02-19T09:59:45.634986
2026-05-08,CKG,departure,09:10,TNA Jinan,PN6265,West Air (China),text,Duration: 2h 5m,,True,2026-02-19T09:59:45.635060
2026-05-08,CKG,departure,09:15,HFE Hefei,MU9981,China Eastern,text,Duration: 1h 40m,,True,2026-02-19T09:59:45.635067
2026-05-08,CKG,departure,09:15,TYN Taiyuan,SC2269,Shandong Airlines,text,Duration: 2h 5m,,True,2026-02-19T09:59:45.635072
2026-05-08,CKG,departure,09:20,PVG Shanghai,PN6373,West Air (China),text,Duration: 2h 15m,,True,2026-02-19T09:59:45.635078
2026-05-08,CKG,departure,09:30,CAN Guangzhou,HU7342,Hainan Airlines,text,Duration: 1h 50m,,True,2026-02-19T09:59:45.635084
2026-05-08,CKG,departure,09:30,NKG Nanjing,3U8043,Sichuan Airlines,text,Duration: 2h 5m,,True,2026-02-19T09:59:45.635090
2026-05-08,CKG,departure,09:35,JHG Jinghong,8L9606,Lucky Air,text,Duration: 2h 10m,,True,2026-02-19T09:59:45.635096
2026-05-08,CKG,departure,09:35,RGN Yangon,PN6529,West Air (China),text,Duration: 3h 15m,,True,2026-02-19T09:59:45.635102
2026-05-08,CKG,departure,09:45,JHG Jinghong,PN6403,West Air (China),text,Duration: 2h 5m,,True,2026-02-19T09:59:45.635108
2026-05-08,CKG,departure,09:50,CNX Chiang Mai,PN6595,West Air (China),text,Duration: 2h 20m,,True,2026-02-19T09:59:45.635114
2026-05-08,CKG,departure,09:50,SWA Jieyang,BK2923,OkAir,text,Duration: 2h 10m,,True,2026-02-19T09:59:45.635188
2026-05-08,CKG,departure,09:55,PEK Beijing,CA1450,Air China,text,Duration: 2h 35m,,True,2026-02-19T09:59:45.635195
2026-05-08,CKG,departure,09:55,SVO Moscow,GS7941,Tianjin Airlines,text,Duration: 9h 0m,,True,2026-02-19T09:59:45.635200
2026-05-08,CKG,departure,09:55,SZX Shenzhen,9C8614,Spring Airlines,text,Duration: 2h 15m,,True,2026-02-19T09:59:45.635206
2026-05-08,CKG,departure,10:00,HKG Hong Kong,OQ2061,Chongqing Airlines,text,Duration: 2h 20m,,True,2026-02-19T09:59:45.635212
2026-05-08,CKG,departure,10:00,INC Yinchuan,3U8283,Sichuan Airlines,text,Duration: 1h 45m,,True,2026-02-19T09:59:45.635218
2026-05-08,CKG,departure,10:00,WUH Wuhan,CZ6176,China Southern,text,Duration: 1h 30m,,True,2026-02-19T09:59:45.635223
2026-05-08,CKG,departure,10:05,NKG Nanjing,CA4559,Air China,text,Duration: 2h 10m,,True,2026-02-19T09:59:45.635229
2026-05-08,CKG,departure,10:20,BAV Baotou,G54179,Gestair,text,Duration: 2h 10m,,True,2026-02-19T09:59:45.635234
2026-05-08,CKG,departure,10:20,CAN Guangzhou,3U8747,Sichuan Airlines,text,Duration: 2h 5m,,True,2026-02-19T09:59:45.635240
2026-05-08,CKG,departure,10:25,INC Yinchuan,CA4267,Air China,text,Duration: 1h 55m,,True,2026-02-19T09:59:45.635313
2026-05-08,CKG,departure,10:25,JNG Jining,GX8891,GX Airlines,text,Duration: 2h 15m,,True,2026-02-19T09:59:45.635320
2026-05-08,CKG,departure,10:25,JNH Jiaxing,GJ8783,Loong Air,text,Duration: 2h 50m,,True,2026-02-19T09:59:45.635326
2026-05-08,CKG,departure,10:30,CAN Guangzhou,JD5228,Capital Airlines,text,Duration: 2h 5m,,True,2026-02-19T09:59:45.635331
2026-05-08,CKG,departure,10:30,TSN Tianjin,GS7774,Tianjin Airlines,text,Duration: 2h 25m,,True,2026-02-19T09:59:45.635336
2026-05-08,CKG,departure,10:35,XIY Xian,MU2262,China Eastern,text,Duration: 1h 25m,,True,2026-02-19T09:59:45.635342
2026-05-08,CKG,departure,10:40,CAN Guangzhou,HU7142,Hainan Airlines,text,Duration: 2h 15m,,True,2026-02-19T09:59:45.635348
2026-05-08,CKG,departure,10:40,CZX Changzhou,MU2904,China Eastern,text,Duration: 2h 5m,,True,2026-02-19T09:59:45.635353
2026-05-08,CKG,departure,10:40,TNA Jinan,SC8814,Shandong Airlines,text,Duration: 2h 5m,,True,2026-02-19T09:59:45.635358
2026-05-08,CKG,departure,10:40,YTY Yangzhou,9C6196,Spring Airlines,text,Duration: 2h 30m,,True,2026-02-19T09:59:45.635364
2026-05-08,CKG,departure,10:45,KHN Nanchang,ZH8846,Shenzhen Airlines,text,Duration: 1h 35m,,True,2026-02-19T09:59:45.635436
2026-05-08,CKG,departure,10:45,LXA Lhasa/Lasa,3U3179,Sichuan Airlines,text,Duration: 3h 0m,,True,2026-02-19T09:59:45.635443
2026-05-08,CKG,departure,10:45,TYN Taiyuan,DR5311,Ruili Airlines,text,Duration: 2h 10m,,True,2026-02-19T09:59:45.635448
2026-05-08,CKG,departure,10:45,YNT Yantai,3U8173,Sichuan Airlines,text,Duration: 2h 20m,,True,2026-02-19T09:59:45.635454
2026-05-08,CKG,departure,10:50,KMG Kunming,MU5866,China Eastern,text,Duration: 1h 35m,,True,2026-02-19T09:59:45.635460
2026-05-08,CKG,departure,10:50,WUX Wuxi,MU9766,China Eastern,text,Duration: 2h 20m,,True,2026-02-19T09:59:45.635465
2026-05-08,CKG,departure,10:55,FOC Fuzhou,HU7263,Hainan Airlines,text,Duration: 2h 40m,,True,2026-02-19T09:59:45.635470
2026-05-08,CKG,departure,10:55,HGH Hangzhou,JD5692,Capital Airlines,text,Duration: 2h 10m,,True,2026-02-19T09:59:45.635475
2026-05-08,CKG,departure,10:55,JJN Jinjiang,MF8612,XiamenAir,text,Duration: 2h 25m,,True,2026-02-19T09:59:45.635481
2026-05-08,CKG,departure,10:55,NNG Nanning,CZ5836,China Southern,text,Duration: 2h 0m,,True,2026-02-19T09:59:45.635487
2026-05-08,CKG,departure,10:55,SZX Shenzhen,HU7158,Hainan Airlines,text,Duration: 1h 55m,,True,2026-02-19T09:59:45.635559
2026-05-08,CKG,departure,10:55,TAO Qingdao,SC4834,Shandong Airlines,text,Duration: 2h 35m,,True,2026-02-19T09:59:45.635567
2026-05-08,CKG,departure,11:00,CGK Jakarta,MF8673,XiamenAir,text,Duration: 5h 40m,,True,2026-02-19T09:59:45.635572
2026-05-08,CKG,departure,11:00,XMN Xiamen,SC2136,Shandong Airlines,text,Duration: 2h 20m,,True,2026-02-19T09:59:45.635578
2026-05-08,CKG,departure,11:05,CSX Changsha,CZ3422,China Southern,text,Duration: 1h 30m,,True,2026-02-19T09:59:45.635584
2026-05-08,CKG,departure,11:05,HAK Haikou,HU7172,Hainan Airlines,text,Duration: 2h 15m,,True,2026-02-19T09:59:45.635590
2026-05-08,CKG,departure,11:05,NKG Nanjing,HO1708,Juneyao Airlines,text,Duration: 2h 0m,,True,2026-02-19T09:59:45.635595
2026-05-08,CKG,departure,11:10,DMK Bangkok,FD557,Thai AirAsia,text,Duration: 3h 10m,,True,2026-02-19T09:59:45.635601
2026-05-08,CKG,departure,11:10,SYX Sanya,CZ6228,China Southern,text,Duration: 2h 30m,,True,2026-02-19T09:59:45.635607
2026-05-08,CKG,departure,11:10,XMN Xiamen,MF8404,XiamenAir,text,Duration: 2h 25m,,True,2026-02-19T09:59:45.635613
2026-05-08,CKG,departure,11:15,FOC Fuzhou,MF8462,XiamenAir,text,Duration: 2h 30m,,True,2026-02-19T09:59:45.635695
2026-05-08,CKG,departure,11:15,WUH Wuhan,CZ3628,China Southern,text,Duration: 1h 40m,,True,2026-02-19T09:59:45.635702
2026-05-08,CKG,departure,11:20,HKG Hong Kong,CA419,Air China,text,Duration: 2h 30m,,True,2026-02-19T09:59:45.635708
2026-05-08,CKG,departure,11:20,PKX Beijing,MU6682,China Eastern,text,Duration: 2h 40m,,True,2026-02-19T09:59:45.635714
2026-05-08,CKG,departure,11:20,TAO Qingdao,SC4846,Shandong Airlines,text,Duration: 2h 25m,,True,2026-02-19T09:59:45.635719
2026-05-08,CKG,departure,11:25,HGH Hangzhou,CA1760,Air China,text,Duration: 2h 30m,,True,2026-02-19T09:59:45.635725
2026-05-08,CKG,departure,11:25,LXA Lhasa/Lasa,CZ3463,China Southern,text,Duration: 2h 45m,,True,2026-02-19T09:59:45.635730
2026-05-08,CKG,departure,11:30,HGH Hangzhou,MF8472,XiamenAir,text,Duration: 2h 20m,,True,2026-02-19T09:59:45.635736
2026-05-08,CKG,departure,11:30,NKG Nanjing,MU2926,China Eastern,text,Duration: 2h 0m,,True,2026-02-19T09:59:45.635741
2026-05-08,CKG,departure,11:30,PEK Beijing,CA4135,Air China,text,Duration: 2h 30m,,True,2026-02-19T09:59:45.635747
2026-05-08,CKG,departure,11:30,PKX Beijing,JD5756,Capital Airlines,text,Duration: 2h 25m,,True,2026-02-19T09:59:45.635822
2026-05-08,CKG,departure,11:30,SYX Sanya,HU7350,Hainan Airlines,text,Duration: 2h 30m,,True,2026-02-19T09:59:45.635830
2026-05-08,CKG,departure,11:30,TNA Jinan,SC8808,Shandong Airlines,text,Duration: 2h 0m,,True,2026-02-19T09:59:45.635836
2026-05-08,CKG,departure,11:35,HAK Haikou,CZ6314,China Southern,text,Duration: 2h 20m,,True,2026-02-19T09:59:45.635841
2026-05-08,CKG,departure,11:35,HFE Hefei,MU9917,China Eastern,text,Duration: 1h 50m,,True,2026-02-19T09:59:45.635847
2026-05-08,CKG,departure,11:35,PVG Shanghai,HO1250,Juneyao Airlines,text,Duration: 2h 40m,,True,2026-02-19T09:59:45.635852
2026-05-08,CKG,departure,11:35,SWA Jieyang,CZ3860,China Southern,text,Duration: 2h 20m,,True,2026-02-19T09:59:45.635858
2026-05-08,CKG,departure,11:45,CAN Guangzhou,OQ2317,Chongqing Airlines,text,Duration: 2h 5m,,True,2026-02-19T09:59:45.635863
2026-05-08,CKG,departure,11:45,SZX Shenzhen,CZ3466,China Southern,text,Duration: 2h 10m,,True,2026-02-19T09:59:45.635869
2026-05-08,CKG,departure,11:45,ZUH Zhuhai,CZ8286,China Southern,text,Duration: 2h 0m,,True,2026-02-19T09:59:45.635874
2026-05-08,CKG,departure,11:50,SZX Shenzhen,ZH9462,Shenzhen Airlines,text,Duration: 2h 10m,,True,2026-02-19T09:59:45.635947
2026-05-08,CKG,departure,11:50,WNZ Wenzhou,CA8304,Air China,text,Duration: 2h 35m,,True,2026-02-19T09:59:45.635954
2026-05-08,CKG,departure,11:55,PKX Beijing,CA8652,Air China,text,Duration: 2h 30m,,True,2026-02-19T09:59:45.635959
2026-05-08,CKG,departure,12:00,CGO Zhengzhou,CZ3480,China Southern,text,Duration: 1h 35m,,True,2026-02-19T09:59:45.635964
2026-05-08,CKG,departure,12:00,PEK Beijing,CA1432,Air China,text,Duration: 2h 30m,,True,2026-02-19T09:59:45.635969
2026-05-08,CKG,departure,12:00,PKX Beijing,NS8036,Hebei Airlines,text,Duration: 2h 15m,,True,2026-02-19T09:59:45.635975
2026-05-08,CKG,departure,12:00,TSN Tianjin,CA2862,Air China,text,Duration: 2h 40m,,True,2026-02-19T09:59:45.635980
2026-05-08,CKG,departure,12:05,LXA Lhasa/Lasa,PN6271,West Air (China),text,Duration: 3h 0m,,True,2026-02-19T09:59:45.635985
2026-05-08,CKG,departure,12:05,WDS Shiyan,DZ6341,Donghai Airlines,text,Duration: 1h 15m,,True,2026-02-19T09:59:45.635991
2026-05-08,CKG,departure,12:05,WNZ Wenzhou,KN5298,China United Airlines,text,Duration: 2h 15m,,True,2026-02-19T09:59:45.635996
2026-05-08,CKG,departure,12:05,WUX Wuxi,ZH9552,Shenzhen Airlines,text,Duration: 2h 10m,,True,2026-02-19T09:59:45.636068
2026-05-08,CKG,departure,12:10,ACF Alaer,EU2267,Chengdu Airlines,text,Duration: 5h 0m,,True,2026-02-19T09:59:45.636075
2026-05-08,CKG,departure,12:10,DLC Dalian,CZ6580,China Southern,text,Duration: 2h 50m,,True,2026-02-19T09:59:45.636081
2026-05-08,CKG,departure,12:15,LXA Lhasa/Lasa,EU2738,Chengdu Airlines,text,Duration: 3h 0m,,True,2026-02-19T09:59:45.636086
2026-05-08,CKG,departure,12:15,PEK Beijing,HU7168,Hainan Airlines,text,Duration: 2h 35m,,True,2026-02-19T09:59:45.636092
2026-05-08,CKG,departure,12:15,PKX Beijing,CZ8918,China Southern,text,Duration: 2h 30m,,True,2026-02-19T09:59:45.636098
2026-05-08,CKG,departure,12:25,NTG Nantong,ZH8672,Shenzhen Airlines,text,Duration: 2h 20m,,True,2026-02-19T09:59:45.636104
2026-05-08,CKG,departure,12:30,HGH Hangzhou,OQ2389,Chongqing Airlines,text,Duration: 2h 20m,,True,2026-02-19T09:59:45.636109
2026-05-08,CKG,departure,12:30,NKG Nanjing,MU2664,China Eastern,text,Duration: 2h 0m,,True,2026-02-19T09:59:45.636115
2026-05-08,CKG,departure,12:30,SHA Shanghai,9C8898,Spring Airlines,text,Duration: 2h 30m,,True,2026-02-19T09:59:45.636121
2026-05-08,CKG,departure,12:45,HET Hohhot,OQ2175,Chongqing Airlines,text,Duration: 2h 30m,,True,2026-02-19T09:59:45.636193
2026-05-08,CKG,departure,12:50,ZHA Zhanjiang,BK3121,OkAir,text,Duration: 2h 10m,,True,2026-02-19T09:59:45.636200
2026-05-08,CKG,departure,12:55,NRT Tokyo,CA433,Air China,text,Duration: 4h 30m,,True,2026-02-19T09:59:45.636205
2026-05-08,CKG,departure,12:55,PVG Shanghai,9C7298,Spring Airlines,text,Duration: 2h 40m,,True,2026-02-19T09:59:45.636212
2026-05-08,CKG,departure,12:55,YYA Yueyang,GY7268,Colorful GuiZhou Airlines,text,Duration: 1h 35m,,True,2026-02-19T09:59:45.636217
2026-05-08,CKG,departure,13:00,PEK Beijing,CA1430,Air China,text,Duration: 2h 30m,,True,2026-02-19T09:59:45.636223
2026-05-08,CKG,departure,13:00,PVG Shanghai,MU5430,China Eastern,text,Duration: 2h 35m,,True,2026-02-19T09:59:45.636228
2026-05-08,CKG,departure,13:00,SZX Shenzhen,3U8783,Sichuan Airlines,text,Duration: 2h 20m,,True,2026-02-19T09:59:45.636234
2026-05-08,CKG,departure,13:00,URC Urumqi,3U3209,Sichuan Airlines,text,Duration: 4h 10m,,True,2026-02-19T09:59:45.636240
2026-05-08,CKG,departure,13:05,CAN Guangzhou,3U8745,Sichuan Airlines,text,Duration: 1h 55m,,True,2026-02-19T09:59:45.636245
2026-05-08,CKG,departure,13:05,TNA Jinan,SC8818,Shandong Airlines,text,Duration: 2h 0m,,True,2026-02-19T09:59:45.636318
2026-05-08,CKG,departure,13:05,WNZ Wenzhou,PN6283,West Air (China),text,Duration: 2h 15m,,True,2026-02-19T09:59:45.636325
2026-05-08,CKG,departure,13:10,SYM Pu'er,TV9915,Tibet Airlines,text,Duration: 1h 50m,,True,2026-02-19T09:59:45.636330
2026-05-08,CKG,departure,13:20,LXA Lhasa/Lasa,PN6391,West Air (China),text,Duration: 2h 55m,,True,2026-02-19T09:59:45.636336
2026-05-08,CKG,departure,13:20,PVG Shanghai,CA8544,Air China,text,Duration: 2h 35m,,True,2026-02-19T09:59:45.636341
2026-05-08,CKG,departure,13:20,SHE Shenyang,CZ6404,China Southern,text,Duration: 3h 10m,,True,2026-02-19T09:59:45.636347
2026-05-08,CKG,departure,13:25,KOW Ganzhou,G54859,Gestair,text,Duration: 2h 5m,,True,2026-02-19T09:59:45.636353
2026-05-08,CKG,departure,13:30,"JUZ Quzhou, Zhejiang Province",G54683,Gestair,text,Duration: 2h 10m,,True,2026-02-19T09:59:45.636359
2026-05-08,CKG,departure,13:30,SHA Shanghai,MU9196,China Eastern,text,Duration: 2h 30m,,True,2026-02-19T09:59:45.636364
2026-05-08,CKG,departure,13:30,TNA Jinan,SC8802,Shandong Airlines,text,Duration: 2h 15m,,True,2026-02-19T09:59:45.636370
2026-05-08,CKG,departure,13:35,CGQ Changchun,CZ6364,China Southern,text,Duration: 3h 40m,,True,2026-02-19T09:59:45.636444
2026-05-08,CKG,departure,13:40,DLU Dali City,CA4485,Air China,text,Duration: 1h 50m,,True,2026-02-19T09:59:45.636451
2026-05-08,CKG,departure,13:40,SYX Sanya,PN6203,West Air (China),text,Duration: 2h 25m,,True,2026-02-19T09:59:45.636457
2026-05-08,CKG,departure,13:40,URC Urumqi,CZ6986,China Southern,text,Duration: 3h 55m,,True,2026-02-19T09:59:45.636462
2026-05-08,CKG,departure,13:50,FOC Fuzhou,MF8486,XiamenAir,text,Duration: 2h 20m,,True,2026-02-19T09:59:45.636468
2026-05-08,CKG,departure,13:50,HGH Hangzhou,3U8083,Sichuan Airlines,text,Duration: 2h 30m,,True,2026-02-19T09:59:45.636474
2026-05-08,CKG,departure,13:50,KHG Kashi,CA4277,Air China,text,Duration: 5h 40m,,True,2026-02-19T09:59:45.636479
2026-05-08,CKG,departure,13:55,CSX Changsha,3U8009,Sichuan Airlines,text,Duration: 1h 25m,,True,2026-02-19T09:59:45.636485
2026-05-08,CKG,departure,13:55,HTN Hotan,OQ2011,Chongqing Airlines,text,Duration: 4h 55m,,True,2026-02-19T09:59:45.636490
2026-05-08,CKG,departure,13:55,PEK Beijing,CA4141,Air China,text,Duration: 2h 35m,,True,2026-02-19T09:59:45.636495
2026-05-08,CKG,departure,13:55,XMN Xiamen,MF8414,XiamenAir,text,Duration: 2h 20m,,True,2026-02-19T09:59:45.636577
2026-05-08,CKG,departure,14:00,DOY Dongying,G54009,Gestair,text,Duration: 2h 20m,,True,2026-02-19T09:59:45.636584
2026-05-08,CKG,departure,14:00,WUH Wuhan,3U8155,Sichuan Airlines,text,Duration: 1h 25m,,True,2026-02-19T09:59:45.636589
2026-05-08,CKG,departure,14:00,XMN Xiamen,3U8087,Sichuan Airlines,text,Duration: 2h 35m,,True,2026-02-19T09:59:45.636595
2026-05-08,CKG,departure,14:05,HFE Hefei,3U8197,Sichuan Airlines,text,Duration: 1h 55m,,True,2026-02-19T09:59:45.636600
2026-05-08,CKG,departure,14:05,SJW Shijiazhuang,G52657,Gestair,text,Duration: 2h 10m,,True,2026-02-19T09:59:45.636605
2026-05-08,CKG,departure,14:05,WUX Wuxi,HO2014,Juneyao Airlines,text,Duration: 2h 20m,,True,2026-02-19T09:59:45.636611
2026-05-08,CKG,departure,14:05,YIW Yiwu,GY7278,Colorful GuiZhou Airlines,text,Duration: 2h 25m,,True,2026-02-19T09:59:45.636616
2026-05-08,CKG,departure,14:10,CZX Changzhou,3U8097,Sichuan Airlines,text,Duration: 2h 10m,,True,2026-02-19T09:59:45.636622
2026-05-08,CKG,departure,14:10,HRB Harbin,OQ2327,Chongqing Airlines,text,Duration: 3h 45m,,True,2026-02-19T09:59:45.636629
2026-05-08,CKG,departure,14:10,WHA Wuhu,3U8071,Sichuan Airlines,text,Duration: 2h 10m,,True,2026-02-19T09:59:45.636719
2026-05-08,CKG,departure,14:10,XUZ Xuzhou,G54607,Gestair,text,Duration: 2h 0m,,True,2026-02-19T09:59:45.636729
2026-05-08,CKG,departure,14:15,CGO Zhengzhou,3U8159,Sichuan Airlines,text,Duration: 1h 45m,,True,2026-02-19T09:59:45.636737
2026-05-08,CKG,departure,14:15,NGB Ningbo,GJ8398,Loong Air,text,Duration: 2h 20m,,True,2026-02-19T09:59:45.636744
2026-05-08,CKG,departure,14:15,PKX Beijing,CZ8912,China Southern,text,Duration: 2h 30m,,True,2026-02-19T09:59:45.636751
2026-05-08,CKG,departure,14:15,XNN Xining,TV9911,Tibet Airlines,text,Duration: 1h 55m,,True,2026-02-19T09:59:45.636758
2026-05-08,CKG,departure,14:20,CAN Guangzhou,CA4349,Air China,text,Duration: 2h 0m,,True,2026-02-19T09:59:45.636766
2026-05-08,CKG,departure,14:20,CSX Changsha,OQ2029,Chongqing Airlines,text,Duration: 1h 25m,,True,2026-02-19T09:59:45.636773
2026-05-08,CKG,departure,14:20,LXA Lhasa/Lasa,CA4420,Air China,text,Duration: 2h 50m,,True,2026-02-19T09:59:45.636780
2026-05-08,CKG,departure,14:20,PKX Beijing,OQ2003,Chongqing Airlines,text,Duration: 2h 30m,,True,2026-02-19T09:59:45.636787
2026-05-08,CKG,departure,14:30,LXA Lhasa/Lasa,TV9843,Tibet Airlines,text,Duration: 3h 30m,,True,2026-02-19T09:59:45.636894
2026-05-08,CKG,departure,14:30,XMN Xiamen,HU7425,Hainan Airlines,text,Duration: 2h 20m,,True,2026-02-19T09:59:45.636902
2026-05-08,CKG,departure,14:30,YIN Yining,OQ2019,Chongqing Airlines,text,Duration: 4h 45m,,True,2026-02-19T09:59:45.636908
2026-05-08,CKG,departure,14:55,KHN Nanchang,3U8181,Sichuan Airlines,text,Duration: 1h 50m,,True,2026-02-19T09:59:45.636914
2026-05-08,CKG,departure,14:55,PEK Beijing,CA4143,Air China,text,Duration: 2h 35m,,True,2026-02-19T09:59:45.636920
2026-05-08,CKG,departure,14:55,TPE Taipei,CA409,Air China,text,Duration: 3h 25m,,True,2026-02-19T09:59:45.636925
2026-05-08,CKG,departure,14:55,WUH Wuhan,CZ6292,China Southern,text,Duration: 1h 35m,,True,2026-02-19T09:59:45.636930
2026-05-08,CKG,departure,15:00,PEK Beijing,3U8831,Sichuan Airlines,text,Duration: 2h 30m,,True,2026-02-19T09:59:45.636936
2026-05-08,CKG,departure,15:00,PVG Shanghai,3U8973,Sichuan Airlines,text,Duration: 2h 35m,,True,2026-02-19T09:59:45.636941
2026-05-08,CKG,departure,15:00,TSA Taipei,3U3783,Sichuan Airlines,text,Duration: 2h 55m,,True,2026-02-19T09:59:45.636946
2026-05-08,CKG,departure,15:05,CAN Guangzhou,OQ2339,Chongqing Airlines,text,Duration: 2h 5m,,True,2026-02-19T09:59:45.637034
2026-05-08,CKG,departure,15:05,HUZ Huizhou,OQ2343,Chongqing Airlines,text,Duration: 2h 10m,,True,2026-02-19T09:59:45.637042
2026-05-08,CKG,departure,15:10,PKX Beijing,CA8673,Air China,text,Duration: 2h 30m,,True,2026-02-19T09:59:45.637048
2026-05-08,CKG,departure,15:15,PEK Beijing,HU7568,Hainan Airlines,text,Duration: 2h 25m,,True,2026-02-19T09:59:45.637054
2026-05-08,CKG,departure,15:20,INC Yinchuan,HU7271,Hainan Airlines,text,Duration: 2h 0m,,True,2026-02-19T09:59:45.637059
2026-05-08,CKG,departure,15:20,MFM Macau,NX181,Air Macau,text,Duration: 2h 20m,,True,2026-02-19T09:59:45.637065
2026-05-08,CKG,departure,15:20,SJW Shijiazhuang,NS3241,Hebei Airlines,text,Duration: 2h 5m,,True,2026-02-19T09:59:45.637071
2026-05-08,CKG,departure,15:20,TAO Qingdao,SC4836,Shandong Airlines,text,Duration: 2h 45m,,True,2026-02-19T09:59:45.637077
2026-05-08,CKG,departure,15:25,XNN Xining,MF8865,XiamenAir,text,Duration: 2h 0m,,True,2026-02-19T09:59:45.637083
2026-05-08,CKG,departure,15:30,KMG Kunming,3U8284,Sichuan Airlines,text,Duration: 1h 20m,,True,2026-02-19T09:59:45.637088
2026-05-08,CKG,departure,15:30,KMG Kunming,MU5864,China Eastern,text,Duration: 1h 40m,,True,2026-02-19T09:59:45.637166
2026-05-08,CKG,departure,15:30,NGB Ningbo,9C7469,Spring Airlines,text,Duration: 2h 20m,,True,2026-02-19T09:59:45.637173
2026-05-08,CKG,departure,15:35,DIG Diqing,OQ2147,Chongqing Airlines,text,Duration: 2h 5m,,True,2026-02-19T09:59:45.637178
2026-05-08,CKG,departure,15:40,HGH Hangzhou,CA4577,Air China,text,Duration: 2h 25m,,True,2026-02-19T09:59:45.637184
2026-05-08,CKG,departure,15:40,WMT Zunyi,G54785,Gestair,text,Duration: 0h 55m,,True,2026-02-19T09:59:45.637190
2026-05-08,CKG,departure,15:45,PKX Beijing,MF8454,XiamenAir,text,Duration: 2h 25m,,True,2026-02-19T09:59:45.637196
2026-05-08,CKG,departure,15:50,LYA Luoyang,QW6054,Qingdao Airlines,text,Duration: 1h 40m,,True,2026-02-19T09:59:45.637202
2026-05-08,CKG,departure,15:50,SZX Shenzhen,ZH9464,Shenzhen Airlines,text,Duration: 2h 15m,,True,2026-02-19T09:59:45.637207
2026-05-08,CKG,departure,15:55,LZH Liuzhou,G54769,Gestair,text,Duration: 1h 35m,,True,2026-02-19T09:59:45.637213
2026-05-08,CKG,departure,16:00,DLC Dalian,3U8007,Sichuan Airlines,text,Duration: 3h 10m,,True,2026-02-19T09:59:45.637219
2026-05-08,CKG,departure,16:00,PEK Beijing,CA1438,Air China,text,Duration: 2h 30m,,True,2026-02-19T09:59:45.637296
2026-05-08,CKG,departure,16:00,SHE Shenyang,HU7101,Hainan Airlines,text,Duration: 3h 15m,,True,2026-02-19T09:59:45.637303
2026-05-08,CKG,departure,16:00,URC Urumqi,OQ2311,Chongqing Airlines,text,Duration: 3h 55m,,True,2026-02-19T09:59:45.637309
2026-05-08,CKG,departure,16:05,PVG Shanghai,CA4555,Air China,text,Duration: 2h 40m,,True,2026-02-19T09:59:45.637314
2026-05-08,CKG,departure,16:10,TSN Tianjin,CA4001,Air China,text,Duration: 2h 40m,,True,2026-02-19T09:59:45.637320
2026-05-08,CKG,departure,16:10,TVS Tangshan,GT1078,Air Guilin,text,Duration: 2h 30m,,True,2026-02-19T09:59:45.637325
2026-05-08,CKG,departure,16:15,XMN Xiamen,CA4567,Air China,text,Duration: 2h 25m,,True,2026-02-19T09:59:45.637330
2026-05-08,CKG,departure,16:15,YCU Yuncheng,MF8785,XiamenAir,text,Duration: 1h 40m,,True,2026-02-19T09:59:45.637336
2026-05-08,CKG,departure,16:20,NGB Ningbo,OQ2315,Chongqing Airlines,text,Duration: 2h 30m,,True,2026-02-19T09:59:45.637341
2026-05-08,CKG,departure,16:25,CAN Guangzhou,CZ3486,China Southern,text,Duration: 2h 5m,,True,2026-02-19T09:59:45.637347
2026-05-08,CKG,departure,16:25,HAN Hanoi,PN6423,West Air (China),text,Duration: 2h 0m,,True,2026-02-19T09:59:45.637422
2026-05-08,CKG,departure,16:25,KHN Nanchang,ZH8854,Shenzhen Airlines,text,Duration: 1h 40m,,True,2026-02-19T09:59:45.637429
2026-05-08,CKG,departure,16:30,CAN Guangzhou,HU7242,Hainan Airlines,text,Duration: 2h 10m,,True,2026-02-19T09:59:45.637434
2026-05-08,CKG,departure,16:30,KRL Korla,G54005,Gestair,text,Duration: 4h 5m,,True,2026-02-19T09:59:45.637440
2026-05-08,CKG,departure,16:30,SZX Shenzhen,HU7358,Hainan Airlines,text,Duration: 2h 20m,,True,2026-02-19T09:59:45.637446
2026-05-08,CKG,departure,16:30,ZUH Zhuhai,OQ2385,Chongqing Airlines,text,Duration: 2h 5m,,True,2026-02-19T09:59:45.637452
2026-05-08,CKG,departure,16:40,BKK Bangkok,3U3771,Sichuan Airlines,text,Duration: 3h 15m,,True,2026-02-19T09:59:45.637458
2026-05-08,CKG,departure,16:40,SHA Shanghai,MU5434,China Eastern,text,Duration: 2h 40m,,True,2026-02-19T09:59:45.637464
2026-05-08,CKG,departure,16:40,SZX Shenzhen,CZ3456,China Southern,text,Duration: 2h 15m,,True,2026-02-19T09:59:45.637469
2026-05-08,CKG,departure,16:45,CAN Guangzhou,CA4341,Air China,text,Duration: 2h 5m,,True,2026-02-19T09:59:45.637475
2026-05-08,CKG,departure,16:45,HIA Huai'an,8L9817,Lucky Air,text,Duration: 2h 10m,,True,2026-02-19T09:59:45.637549
2026-05-08,CKG,departure,16:45,SZX Shenzhen,3U8785,Sichuan Airlines,text,Duration: 2h 5m,,True,2026-02-19T09:59:45.637556
2026-05-08,CKG,departure,16:50,KRL Korla,PN6387,West Air (China),text,Duration: 4h 10m,,True,2026-02-19T09:59:45.637562
2026-05-08,CKG,departure,16:50,URC Urumqi,CZ6432,China Southern,text,Duration: 3h 55m,,True,2026-02-19T09:59:45.637568
2026-05-08,CKG,departure,16:50,URC Urumqi,PN6261,West Air (China),text,Duration: 4h 10m,,True,2026-02-19T09:59:45.637573
2026-05-08,CKG,departure,16:55,UYN Yulin,GX8881,GX Airlines,text,Duration: 1h 55m,,True,2026-02-19T09:59:45.637579
2026-05-08,CKG,departure,16:55,WUH Wuhan,CZ8422,China Southern,text,Duration: 1h 30m,,True,2026-02-19T09:59:45.637585
2026-05-08,CKG,departure,17:00,NKG Nanjing,MU2738,China Eastern,text,Duration: 2h 10m,,True,2026-02-19T09:59:45.637591
2026-05-08,CKG,departure,17:00,SHE Shenyang,CZ6470,China Southern,text,Duration: 3h 15m,,True,2026-02-19T09:59:45.637596
2026-05-08,CKG,departure,17:00,SZX Shenzhen,CA4345,Air China,text,Duration: 2h 15m,,True,2026-02-19T09:59:45.637602
2026-05-08,CKG,departure,17:05,HAK Haikou,HU7372,Hainan Airlines,text,Duration: 2h 10m,,True,2026-02-19T09:59:45.637677
2026-05-08,CKG,departure,17:05,NKG Nanjing,HO1694,Juneyao Airlines,text,Duration: 2h 5m,,True,2026-02-19T09:59:45.637685
2026-05-08,CKG,departure,17:05,PKX Beijing,CZ8816,China Southern,text,Duration: 2h 20m,,True,2026-02-19T09:59:45.637691
2026-05-08,CKG,departure,17:05,WUX Wuxi,3U8027,Sichuan Airlines,text,Duration: 2h 20m,,True,2026-02-19T09:59:45.637696
2026-05-08,CKG,departure,17:10,PEK Beijing,3U8833,Sichuan Airlines,text,Duration: 2h 40m,,True,2026-02-19T09:59:45.637702
2026-05-08,CKG,departure,17:10,TYN Taiyuan,PN6596,West Air (China),text,Duration: 1h 50m,,True,2026-02-19T09:59:45.637708
2026-05-08,CKG,departure,17:10,YNT Yantai,QW6032,Qingdao Airlines,text,Duration: 2h 35m,,True,2026-02-19T09:59:45.637713
2026-05-08,CKG,departure,17:15,ACX Xingyi,G54679,Gestair,text,Duration: 1h 25m,,True,2026-02-19T09:59:45.637719
2026-05-08,CKG,departure,17:15,TAO Qingdao,SC4832,Shandong Airlines,text,Duration: 2h 25m,,True,2026-02-19T09:59:45.637724
2026-05-08,CKG,departure,17:15,URC Urumqi,CA779,Air China,text,Duration: 4h 10m,,True,2026-02-19T09:59:45.637730
2026-05-08,CKG,departure,17:20,HRB Harbin,CZ6346,China Southern,text,Duration: 3h 25m,,True,2026-02-19T09:59:45.637805
2026-05-08,CKG,departure,17:25,HKG Hong Kong,CX945,Cathay Pacific,text,Duration: 2h 30m,,True,2026-02-19T09:59:45.637812
2026-05-08,CKG,departure,17:25,NKG Nanjing,CA4557,Air China,text,Duration: 2h 0m,,True,2026-02-19T09:59:45.637818
2026-05-08,CKG,departure,17:25,TSN Tianjin,PN6237,West Air (China),text,Duration: 2h 35m,,True,2026-02-19T09:59:45.637825
2026-05-08,CKG,departure,17:30,CAN Guangzhou,AQ1102,9 Air,text,Duration: 2h 5m,,True,2026-02-19T09:59:45.637830
2026-05-08,CKG,departure,17:30,CZX Changzhou,MU2786,China Eastern,text,Duration: 1h 55m,,True,2026-02-19T09:59:45.637836
2026-05-08,CKG,departure,17:30,HGH Hangzhou,MF8478,XiamenAir,text,Duration: 2h 35m,,True,2026-02-19T09:59:45.637841
2026-05-08,CKG,departure,17:30,PEK Beijing,CA4147,Air China,text,Duration: 3h 0m,,True,2026-02-19T09:59:45.637847
2026-05-08,CKG,departure,17:30,SHA Shanghai,CA4541,Air China,text,Duration: 2h 30m,,True,2026-02-19T09:59:45.637853
2026-05-08,CKG,departure,17:30,SZX Shenzhen,MU6611,China Eastern,text,Duration: 2h 25m,,True,2026-02-19T09:59:45.637859
2026-05-08,CKG,departure,17:35,TNA Jinan,HU7451,Hainan Airlines,text,Duration: 2h 5m,,True,2026-02-19T09:59:45.637945
2026-05-08,CKG,departure,17:40,CGO Zhengzhou,CZ8716,China Southern,text,Duration: 1h 45m,,True,2026-02-19T09:59:45.637955
2026-05-08,CKG,departure,17:40,VTE Vientiane,PN6591,West Air (China),text,Duration: 2h 35m,,True,2026-02-19T09:59:45.637961
2026-05-08,CKG,departure,17:50,FOC Fuzhou,CA4569,Air China,text,Duration: 2h 25m,,True,2026-02-19T09:59:45.637968
2026-05-08,CKG,departure,17:55,PVG Shanghai,9C8868,Spring Airlines,text,Duration: 2h 30m,,True,2026-02-19T09:59:45.637974
2026-05-08,CKG,departure,17:55,SYX Sanya,OQ2331,Chongqing Airlines,text,Duration: 2h 40m,,True,2026-02-19T09:59:45.637979
2026-05-08,CKG,departure,17:55,WUX Wuxi,MU9776,China Eastern,text,Duration: 2h 15m,,True,2026-02-19T09:59:45.637985
2026-05-08,CKG,departure,18:00,CAN Guangzhou,HU7442,Hainan Airlines,text,Duration: 2h 10m,,True,2026-02-19T09:59:45.637992
2026-05-08,CKG,departure,18:00,TNA Jinan,3U8053,Sichuan Airlines,text,Duration: 1h 55m,,True,2026-02-19T09:59:45.637997
2026-05-08,CKG,departure,18:05,NGB Ningbo,MU2396,China Eastern,text,Duration: 2h 20m,,True,2026-02-19T09:59:45.638003
2026-05-08,CKG,departure,18:05,PEK Beijing,CA1440,Air China,text,Duration: 2h 25m,,True,2026-02-19T09:59:45.638102
2026-05-08,CKG,departure,18:05,TYN Taiyuan,PN6539,West Air (China),text,Duration: 1h 55m,,True,2026-02-19T09:59:45.638110
2026-05-08,CKG,departure,18:10,XMN Xiamen,MF8424,XiamenAir,text,Duration: 2h 20m,,True,2026-02-19T09:59:45.638116
2026-05-08,CKG,departure,18:10,YNZ Yancheng,MF8777,XiamenAir,text,Duration: 2h 10m,,True,2026-02-19T09:59:45.638121
2026-05-08,CKG,departure,18:15,HAK Haikou,3U8065,Sichuan Airlines,text,Duration: 2h 0m,,True,2026-02-19T09:59:45.638127
2026-05-08,CKG,departure,18:15,HGH Hangzhou,CA1762,Air China,text,Duration: 2h 25m,,True,2026-02-19T09:59:45.638132
2026-05-08,CKG,departure,18:20,HGH Hangzhou,GJ8692,Loong Air,text,Duration: 2h 10m,,True,2026-02-19T09:59:45.638138
2026-05-08,CKG,departure,18:20,SQJ Sanming,G52847,Gestair,text,Duration: 2h 15m,,True,2026-02-19T09:59:45.638143
2026-05-08,CKG,departure,18:25,DNH Dunhuang,GS7592,Tianjin Airlines,text,Duration: 3h 5m,,True,2026-02-19T09:59:45.638149
2026-05-08,CKG,departure,18:30,FOC Fuzhou,MF8490,XiamenAir,text,Duration: 2h 35m,,True,2026-02-19T09:59:45.638154
2026-05-08,CKG,departure,18:30,PEK Beijing,HU7368,Hainan Airlines,text,Duration: 2h 30m,,True,2026-02-19T09:59:45.638259
2026-05-08,CKG,departure,18:35,HYN Taizhou,G54509,Gestair,text,Duration: 2h 35m,,True,2026-02-19T09:59:45.638269
2026-05-08,CKG,departure,18:35,JHG Jinghong,OQ2373,Chongqing Airlines,text,Duration: 1h 55m,,True,2026-02-19T09:59:45.638276
2026-05-08,CKG,departure,18:40,CGQ Changchun,CZ8256,China Southern,text,Duration: 3h 40m,,True,2026-02-19T09:59:45.638282
2026-05-08,CKG,departure,18:40,HAK Haikou,HU446,Hainan Airlines,text,Duration: 2h 15m,,True,2026-02-19T09:59:45.638288
2026-05-08,CKG,departure,18:40,SGN Ho Chi Minh City,CA407,Air China,text,Duration: 3h 40m,,True,2026-02-19T09:59:45.638295
2026-05-08,CKG,departure,18:40,SIN Singapore,PN6443,West Air (China),text,Duration: 5h 0m,,True,2026-02-19T09:59:45.638302
2026-05-08,CKG,departure,18:45,CAN Guangzhou,CZ3464,China Southern,text,Duration: 2h 0m,,True,2026-02-19T09:59:45.638308
2026-05-08,CKG,departure,18:50,XNN Xining,3U8073,Sichuan Airlines,text,Duration: 2h 5m,,True,2026-02-19T09:59:45.638314
2026-05-08,CKG,departure,18:55,KUL Kuala Lumpur,3U3773,Sichuan Airlines,text,Duration: 4h 45m,,True,2026-02-19T09:59:45.638319
2026-05-08,CKG,departure,18:55,WUH Wuhan,CA4381,Air China,text,Duration: 1h 40m,,True,2026-02-19T09:59:45.638440
2026-05-08,CKG,departure,19:05,SZX Shenzhen,MF8389,XiamenAir,text,Duration: 2h 0m,,True,2026-02-19T09:59:45.638448
2026-05-08,CKG,departure,19:05,TSN Tianjin,BK3122,OkAir,text,Duration: 2h 25m,,True,2026-02-19T09:59:45.638455
2026-05-08,CKG,departure,19:10,IQN Qingyang,NS8068,Hebei Airlines,text,Duration: 1h 15m,,True,2026-02-19T09:59:45.638462
2026-05-08,CKG,departure,19:10,KUL Kuala Lumpur,MF8711,XiamenAir,text,Duration: 4h 45m,,True,2026-02-19T09:59:45.638468
2026-05-08,CKG,departure,19:10,NKG Nanjing,3U8045,Sichuan Airlines,text,Duration: 2h 5m,,True,2026-02-19T09:59:45.638474
2026-05-08,CKG,departure,19:10,PVG Shanghai,PN6437,West Air (China),text,Duration: 2h 10m,,True,2026-02-19T09:59:45.638480
2026-05-08,CKG,departure,19:10,ZHA Zhanjiang,CA4359,Air China,text,Duration: 2h 0m,,True,2026-02-19T09:59:45.638486
2026-05-08,CKG,departure,19:15,PEK Beijing,CA1412,Air China,text,Duration: 2h 30m,,True,2026-02-19T09:59:45.638492
2026-05-08,CKG,departure,19:20,TAO Qingdao,SC4840,Shandong Airlines,text,Duration: 2h 25m,,True,2026-02-19T09:59:45.638498
2026-05-08,CKG,departure,19:25,NKG Nanjing,ZH9592,Shenzhen Airlines,text,Duration: 1h 55m,,True,2026-02-19T09:59:45.638601
2026-05-08,CKG,departure,19:30,KMG Kunming,OQ2119,Chongqing Airlines,text,Duration: 1h 45m,,True,2026-02-19T09:59:45.638611
2026-05-08,CKG,departure,19:30,TSN Tianjin,MF8621,XiamenAir,text,Duration: 2h 25m,,True,2026-02-19T09:59:45.638617
2026-05-08,CKG,departure,19:35,SHA Shanghai,MU9194,China Eastern,text,Duration: 2h 20m,,True,2026-02-19T09:59:45.638623
2026-05-08,CKG,departure,19:40,CGO Zhengzhou,CZ6354,China Southern,text,Duration: 1h 45m,,True,2026-02-19T09:59:45.638629
2026-05-08,CKG,departure,19:40,INC Yinchuan,CA4269,Air China,text,Duration: 2h 20m,,True,2026-02-19T09:59:45.638635
2026-05-08,CKG,departure,19:45,TAO Qingdao,3U8151,Sichuan Airlines,text,Duration: 2h 25m,,True,2026-02-19T09:59:45.638642
2026-05-08,CKG,departure,19:45,XUZ Xuzhou,G54121,Gestair,text,Duration: 1h 55m,,True,2026-02-19T09:59:45.638648
2026-05-08,CKG,departure,19:50,LFQ Qiaoli,G54317,Gestair,text,Duration: 1h 40m,,True,2026-02-19T09:59:45.638654
2026-05-08,CKG,departure,19:50,LHW Lanzhou,3U8019,Sichuan Airlines,text,Duration: 2h 0m,,True,2026-02-19T09:59:45.638659
2026-05-08,CKG,departure,19:50,PEN Penang,OQ2195,Chongqing Airlines,text,Duration: 4h 40m,,True,2026-02-19T09:59:45.638768
2026-05-08,CKG,departure,19:50,PKX Beijing,MU6686,China Eastern,text,Duration: 2h 35m,,True,2026-02-19T09:59:45.638776
2026-05-08,CKG,departure,19:55,CAN Guangzhou,CZ3412,China Southern,text,Duration: 2h 5m,,True,2026-02-19T09:59:45.638782
2026-05-08,CKG,departure,19:55,PKX Beijing,CZ8818,China Southern,text,Duration: 2h 40m,,True,2026-02-19T09:59:45.638788
2026-05-08,CKG,departure,20:00,CAN Guangzhou,CA4353,Air China,text,Duration: 2h 25m,,True,2026-02-19T09:59:45.638794
2026-05-08,CKG,departure,20:00,CSX Changsha,CA4383,Air China,text,Duration: 1h 40m,,True,2026-02-19T09:59:45.638800
2026-05-08,CKG,departure,20:00,HAK Haikou,HU7472,Hainan Airlines,text,Duration: 1h 50m,,True,2026-02-19T09:59:45.638806
2026-05-08,CKG,departure,20:00,HKT Phuket,3U3705,Sichuan Airlines,text,Duration: 3h 50m,,True,2026-02-19T09:59:45.638812
2026-05-08,CKG,departure,20:00,SQD Shangrao,GS6595,Tianjin Airlines,text,Duration: 1h 55m,,True,2026-02-19T09:59:45.638818
2026-05-08,CKG,departure,20:05,HAK Haikou,PN6531,West Air (China),text,Duration: 2h 5m,,True,2026-02-19T09:59:45.638824
2026-05-08,CKG,departure,20:05,TNA Jinan,SC8816,Shandong Airlines,text,Duration: 2h 15m,,True,2026-02-19T09:59:45.638918
2026-05-08,CKG,departure,20:05,TYN Taiyuan,3U8051,Sichuan Airlines,text,Duration: 1h 45m,,True,2026-02-19T09:59:45.638926
2026-05-08,CKG,departure,20:05,WNZ Wenzhou,PN6433,West Air (China),text,Duration: 2h 5m,,True,2026-02-19T09:59:45.638931
2026-05-08,CKG,departure,20:10,SHA Shanghai,9C8996,Spring Airlines,text,Duration: 2h 15m,,True,2026-02-19T09:59:45.638937
2026-05-08,CKG,departure,20:10,SJW Shijiazhuang,PN6335,West Air (China),text,Duration: 1h 45m,,True,2026-02-19T09:59:45.638942
2026-05-08,CKG,departure,20:15,HGH Hangzhou,3U3180,Sichuan Airlines,text,Duration: 2h 10m,,True,2026-02-19T09:59:45.638948
2026-05-08,CKG,departure,20:15,KHN Nanchang,RY6682,Jiangxi Airlines,text,Duration: 1h 45m,,True,2026-02-19T09:59:45.638953
2026-05-08,CKG,departure,20:15,SZX Shenzhen,ZH9466,Shenzhen Airlines,text,Duration: 2h 15m,,True,2026-02-19T09:59:45.638960
2026-05-08,CKG,departure,20:15,WUX Wuxi,ZH9554,Shenzhen Airlines,text,Duration: 2h 10m,,True,2026-02-19T09:59:45.638966
2026-05-08,CKG,departure,20:20,PEK Beijing,CA1410,Air China,text,Duration: 2h 20m,,True,2026-02-19T09:59:45.638972
2026-05-08,CKG,departure,20:25,HUZ Huizhou,OQ2337,Chongqing Airlines,text,Duration: 1h 45m,,True,2026-02-19T09:59:45.639072
2026-05-08,CKG,departure,20:25,YIW Yiwu,OQ2391,Chongqing Airlines,text,Duration: 2h 0m,,True,2026-02-19T09:59:45.639079
2026-05-08,CKG,departure,20:30,AKU Aksu,G54684,Gestair,text,Duration: 4h 25m,,True,2026-02-19T09:59:45.639085
2026-05-08,CKG,departure,20:30,CAN Guangzhou,PN6205,West Air (China),text,Duration: 2h 5m,,True,2026-02-19T09:59:45.639091
2026-05-08,CKG,departure,20:30,ZUH Zhuhai,PN6263,West Air (China),text,Duration: 1h 50m,,True,2026-02-19T09:59:45.639097
2026-05-08,CKG,departure,20:35,CSX Changsha,CZ3826,China Southern,text,Duration: 1h 30m,,True,2026-02-19T09:59:45.639103
2026-05-08,CKG,departure,20:35,LUM Mangshi,KY3110,Kunming Airlines,text,Duration: 2h 25m,,True,2026-02-19T09:59:45.639109
2026-05-08,CKG,departure,20:35,PVG Shanghai,FM9426,Shanghai Airlines,text,Duration: 2h 40m,,True,2026-02-19T09:59:45.639115
2026-05-08,CKG,departure,20:40,PVG Shanghai,HO1248,Juneyao Airlines,text,Duration: 2h 45m,,True,2026-02-19T09:59:45.639122
2026-05-08,CKG,departure,20:45,FOC Fuzhou,FU6508,Fuzhou Airline,text,Duration: 2h 25m,,True,2026-02-19T09:59:45.639127
2026-05-08,CKG,departure,20:50,SHE Shenyang,CZ6466,China Southern,text,Duration: 3h 20m,,True,2026-02-19T09:59:45.639226
2026-05-08,CKG,departure,20:50,SZX Shenzhen,CZ5920,China Southern,text,Duration: 2h 20m,,True,2026-02-19T09:59:45.639234
2026-05-08,CKG,departure,20:55,CAN Guangzhou,OQ2325,Chongqing Airlines,text,Duration: 2h 20m,,True,2026-02-19T09:59:45.639240
2026-05-08,CKG,departure,20:55,FOC Fuzhou,MF8488,XiamenAir,text,Duration: 2h 30m,,True,2026-02-19T09:59:45.639246
2026-05-08,CKG,departure,20:55,NKG Nanjing,HO1692,Juneyao Airlines,text,Duration: 2h 10m,,True,2026-02-19T09:59:45.639252
2026-05-08,CKG,departure,20:55,NKG Nanjing,MU2846,China Eastern,text,Duration: 2h 20m,,True,2026-02-19T09:59:45.639258
2026-05-08,CKG,departure,20:55,SHA Shanghai,9C8998,Spring Airlines,text,Duration: 2h 30m,,True,2026-02-19T09:59:45.639264
2026-05-08,CKG,departure,20:55,SZX Shenzhen,CA4367,Air China,text,Duration: 2h 25m,,True,2026-02-19T09:59:45.639270
2026-05-08,CKG,departure,21:05,CAN Guangzhou,3U8749,Sichuan Airlines,text,Duration: 1h 50m,,True,2026-02-19T09:59:45.639275
2026-05-08,CKG,departure,21:05,PVG Shanghai,HU7494,Hainan Airlines,text,Duration: 2h 40m,,True,2026-02-19T09:59:45.639281
2026-05-08,CKG,departure,21:05,TNA Jinan,3U8055,Sichuan Airlines,text,Duration: 2h 10m,,True,2026-02-19T09:59:45.639376
2026-05-08,CKG,departure,21:10,BHY Beihai,3U8121,Sichuan Airlines,text,Duration: 1h 50m,,True,2026-02-19T09:59:45.639384
2026-05-08,CKG,departure,21:10,KHN Nanchang,PN6255,West Air (China),text,Duration: 1h 40m,,True,2026-02-19T09:59:45.639390
2026-05-08,CKG,departure,21:10,LHW Lanzhou,9C6282,Spring Airlines,text,Duration: 2h 0m,,True,2026-02-19T09:59:45.639396
2026-05-08,CKG,departure,21:10,TAO Qingdao,SC4844,Shandong Airlines,text,Duration: 2h 30m,,True,2026-02-19T09:59:45.639402
2026-05-08,CKG,departure,21:10,URC Urumqi,CZ6974,China Southern,text,Duration: 4h 10m,,True,2026-02-19T09:59:45.639408
2026-05-08,CKG,departure,21:15,BKK Bangkok,OQ2361,Chongqing Airlines,text,Duration: 3h 15m,,True,2026-02-19T09:59:45.639414
2026-05-08,CKG,departure,21:15,JJN Jinjiang,MF8866,XiamenAir,text,Duration: 2h 30m,,True,2026-02-19T09:59:45.639421
2026-05-08,CKG,departure,21:15,PEK Beijing,CA1436,Air China,text,Duration: 2h 30m,,True,2026-02-19T09:59:45.639428
2026-05-08,CKG,departure,21:15,WUX Wuxi,MU9786,China Eastern,text,Duration: 2h 15m,,True,2026-02-19T09:59:45.639433
2026-05-08,CKG,departure,21:20,FOC Fuzhou,MF8482,XiamenAir,text,Duration: 2h 15m,,True,2026-02-19T09:59:45.639523
2026-05-08,CKG,departure,21:20,KMG Kunming,8L9858,Lucky Air,text,Duration: 1h 30m,,True,2026-02-19T09:59:45.639531
2026-05-08,CKG,departure,21:20,LJG Lijiang,3U8011,Sichuan Airlines,text,Duration: 1h 35m,,True,2026-02-19T09:59:45.639536
2026-05-08,CKG,departure,21:20,SHA Shanghai,MU5436,China Eastern,text,Duration: 2h 5m,,True,2026-02-19T09:59:45.639542
2026-05-08,CKG,departure,21:25,XMN Xiamen,SC2140,Shandong Airlines,text,Duration: 2h 5m,,True,2026-02-19T09:59:45.639547
2026-05-08,CKG,departure,21:30,HAK Haikou,HU7272,Hainan Airlines,text,Duration: 2h 35m,,True,2026-02-19T09:59:45.639553
2026-05-08,CKG,departure,21:30,PEK Beijing,HU7268,Hainan Airlines,text,Duration: 2h 25m,,True,2026-02-19T09:59:45.639558
2026-05-08,CKG,departure,21:30,PKX Beijing,OQ2148,Chongqing Airlines,text,Duration: 2h 5m,,True,2026-02-19T09:59:45.639564
2026-05-08,CKG,departure,21:35,CAN Guangzhou,MU6826,China Eastern,text,Duration: 2h 0m,,True,2026-02-19T09:59:45.639569
2026-05-08,CKG,departure,21:35,XIY Xian,MU2268,China Eastern,text,Duration: 1h 25m,,True,2026-02-19T09:59:45.639575
2026-05-08,CKG,departure,21:45,KUL Kuala Lumpur,OQ2191,Chongqing Airlines,text,Duration: 4h 45m,,True,2026-02-19T09:59:45.639662
2026-05-08,CKG,departure,21:50,XIY Xian,9H8334,Air Changan,text,Duration: 1h 40m,,True,2026-02-19T09:59:45.639668
2026-05-08,CKG,departure,21:55,HFE Hefei,MU5484,China Eastern,text,Duration: 1h 45m,,True,2026-02-19T09:59:45.639674
2026-05-08,CKG,departure,21:55,XIY Xian,JD5078,Capital Airlines,text,Duration: 1h 30m,,True,2026-02-19T09:59:45.639680
2026-05-08,CKG,departure,22:05,HGH Hangzhou,MF8474,XiamenAir,text,Duration: 2h 15m,,True,2026-02-19T09:59:45.639686
2026-05-08,CKG,departure,22:05,NTG Nantong,DZ6294,Donghai Airlines,text,Duration: 2h 15m,,True,2026-02-19T09:59:45.639692
2026-05-08,CKG,departure,22:05,WUH Wuhan,MU2540,China Eastern,text,Duration: 1h 30m,,True,2026-02-19T09:59:45.639698
2026-05-08,CKG,departure,22:10,HAK Haikou,CZ8690,China Southern,text,Duration: 2h 5m,,True,2026-02-19T09:59:45.639704
2026-05-08,CKG,departure,22:15,PKX Beijing,CZ3260,China Southern,text,Duration: 2h 30m,,True,2026-02-19T09:59:45.639710
2026-05-08,CKG,departure,22:15,PKX Beijing,MU6690,China Eastern,text,Duration: 2h 20m,,True,2026-02-19T09:59:45.639716
2026-05-08,CKG,departure,22:20,SJW Shijiazhuang,9C8994,Spring Airlines,text,Duration: 2h 5m,,True,2026-02-19T09:59:45.639791
2026-05-08,CKG,departure,22:20,SZX Shenzhen,9C8616,Spring Airlines,text,Duration: 2h 5m,,True,2026-02-19T09:59:45.639798
2026-05-08,CKG,departure,22:20,SZX Shenzhen,ZH9468,Shenzhen Airlines,text,Duration: 2h 10m,,True,2026-02-19T09:59:45.639804
2026-05-08,CKG,departure,22:20,TYN Taiyuan,MU6996,China Eastern,text,Duration: 1h 50m,,True,2026-02-19T09:59:45.639810
2026-05-08,CKG,departure,22:25,LJG Lijiang,JD5610,Capital Airlines,text,Duration: 1h 50m,,True,2026-02-19T09:59:45.639816
2026-05-08,CKG,departure,22:35,CAN Guangzhou,OQ2130,Chongqing Airlines,text,Duration: 1h 50m,,True,2026-02-19T09:59:45.639822
2026-05-08,CKG,departure,22:35,SIN Singapore,PN6567,West Air (China),text,Duration: 5h 5m,,True,2026-02-19T09:59:45.639829
2026-05-08,CKG,departure,22:50,HAK Haikou,EU2737,Chengdu Airlines,text,Duration: 2h 25m,,True,2026-02-19T09:59:45.639835
2026-05-08,CKG,departure,22:50,LUM Mangshi,DR5312,Ruili Airlines,text,Duration: 2h 20m,,True,2026-02-19T09:59:45.639841
2026-05-08,CKG,departure,22:55,NKG Nanjing,MU2836,China Eastern,text,Duration: 2h 15m,,True,2026-02-19T09:59:45.639847
2026-05-08,CKG,departure,23:00,FOC Fuzhou,EU2268,Chengdu Airlines,text,Duration: 1h 55m,,True,2026-02-19T09:59:45.639926
2026-05-08,CKG,departure,23:05,JJN Jinjiang,PN6301,West Air (China),text,Duration: 2h 25m,,True,2026-02-19T09:59:45.639934
2026-05-08,CKG,departure,23:10,CSX Changsha,BK2924,OkAir,text,Duration: 1h 20m,,True,2026-02-19T09:59:45.639941
2026-05-08,CKG,departure,23:15,TNA Jinan,MU5472,China Eastern,text,Duration: 2h 5m,,True,2026-02-19T09:59:45.639946
2026-05-08,CKG,departure,23:20,HAK Haikou,GS6599,Tianjin Airlines,text,Duration: 2h 10m,,True,2026-02-19T09:59:45.639952
2026-05-08,CKG,departure,23:20,KMG Kunming,8L9674,Lucky Air,text,Duration: 1h 30m,,True,2026-02-19T09:59:45.639958
2026-05-08,CKG,departure,23:20,LJG Lijiang,8L9818,Lucky Air,text,Duration: 1h 45m,,True,2026-02-19T09:59:45.639964
2026-05-08,CKG,departure,23:20,SYX Sanya,3U3210,Sichuan Airlines,text,Duration: 2h 20m,,True,2026-02-19T09:59:45.639971
2026-05-08,CKG,departure,23:50,CAN Guangzhou,CZ3440,China Southern,text,Duration: 2h 5m,,True,2026-02-19T09:59:45.639976
2026-05-08,CKG,departure,23:55,WUH Wuhan,CZ3644,China Southern,text,Duration: 1h 30m,,True,2026-02-19T09:59:45.639982
2026-05-08,CKG,arrival,00:05,HNY Hengyang,GS7436,Tianjin Airlines,text,Duration: 2h 10m,,True,2026-02-19T10:00:01.205347
2026-05-08,CKG,arrival,00:05,YNZ Yancheng,MF8778,XiamenAir,text,Duration: 2h 40m,,True,2026-02-19T10:00:01.205359
2026-05-08,CKG,arrival,00:05,PVG Shanghai,MU5433,China Eastern,text,Duration: 2h 55m,,True,2026-02-19T10:00:01.205368
2026-05-08,CKG,arrival,00:05,KMG Kunming,OQ2120,Chongqing Airlines,text,Duration: 1h 55m,,True,2026-02-19T10:00:01.205375
2026-05-08,CKG,arrival,00:05,KRL Korla,OQ2018,Chongqing Airlines,text,Duration: 4h 10m,,True,2026-02-19T10:00:01.205382
2026-05-08,CKG,arrival,00:05,TNA Jinan,SC8801,Shandong Airlines,text,Duration: 2h 35m,,True,2026-02-19T10:00:01.205389
2026-05-08,CKG,arrival,00:05,DLU Dali City,TV9810,Tibet Airlines,text,Duration: 2h 5m,,True,2026-02-19T10:00:01.205396
2026-05-08,CKG,arrival,00:10,BKK Bangkok,3U3772,Sichuan Airlines,text,Duration: 3h 15m,,True,2026-02-19T10:00:01.205403
2026-05-08,CKG,arrival,00:10,WDS Shiyan,G54488,Gestair,text,Duration: 1h 30m,,True,2026-02-19T10:00:01.205410
2026-05-08,CKG,arrival,00:10,YZY Zhangye,GS7593,Tianjin Airlines,text,Duration: 2h 35m,,True,2026-02-19T10:00:01.205416
2026-05-08,CKG,arrival,00:10,XMN Xiamen,MF8433,XiamenAir,text,Duration: 2h 40m,,True,2026-02-19T10:00:01.205566
2026-05-08,CKG,arrival,00:10,HUZ Huizhou,MU6692,China Eastern,text,Duration: 2h 10m,,True,2026-02-19T10:00:01.205578
2026-05-08,CKG,arrival,00:10,NGB Ningbo,OQ2358,Chongqing Airlines,text,Duration: 3h 25m,,True,2026-02-19T10:00:01.205586
2026-05-08,CKG,arrival,00:10,SYX Sanya,OQ2332,Chongqing Airlines,text,Duration: 2h 30m,,True,2026-02-19T10:00:01.205593
2026-05-08,CKG,arrival,00:10,TAO Qingdao,SC4845,Shandong Airlines,text,Duration: 3h 0m,,True,2026-02-19T10:00:01.205599
2026-05-08,CKG,arrival,00:15,CSX Changsha,CA4384,Air China,text,Duration: 1h 35m,,True,2026-02-19T10:00:01.205606
2026-05-08,CKG,arrival,00:15,HAK Haikou,GS6600,Tianjin Airlines,text,Duration: 2h 20m,,True,2026-02-19T10:00:01.205613
2026-05-08,CKG,arrival,00:15,HIA Huai'an,OQ2036,Chongqing Airlines,text,Duration: 2h 35m,,True,2026-02-19T10:00:01.205619
2026-05-08,CKG,arrival,00:15,TYN Taiyuan,PN6540,West Air (China),text,Duration: 2h 35m,,True,2026-02-19T10:00:01.205626
2026-05-08,CKG,arrival,00:15,LXA Lhasa/Lasa,TV9720,Tibet Airlines,text,Duration: 2h 45m,,True,2026-02-19T10:00:01.205633
2026-05-08,CKG,arrival,00:20,XNN Xining,3U8074,Sichuan Airlines,text,Duration: 2h 10m,,True,2026-02-19T10:00:01.205752
2026-05-08,CKG,arrival,00:20,INC Yinchuan,G54338,Gestair,text,Duration: 2h 0m,,True,2026-02-19T10:00:01.205761
2026-05-08,CKG,arrival,00:20,KRL Korla,G54006,Gestair,text,Duration: 4h 5m,,True,2026-02-19T10:00:01.205768
2026-05-08,CKG,arrival,00:20,WEF Weifang,G52774,Gestair,text,Duration: 2h 40m,,True,2026-02-19T10:00:01.205773
2026-05-08,CKG,arrival,00:20,SZX Shenzhen,MF8390,XiamenAir,text,Duration: 2h 10m,,True,2026-02-19T10:00:01.205779
2026-05-08,CKG,arrival,00:20,SWA Jieyang,OQ2350,Chongqing Airlines,text,Duration: 2h 45m,,True,2026-02-19T10:00:01.205785
2026-05-08,CKG,arrival,00:25,ZHA Zhanjiang,CA4360,Air China,text,Duration: 2h 0m,,True,2026-02-19T10:00:01.205790
2026-05-08,CKG,arrival,00:25,KHG Kashi,OQ2010,Chongqing Airlines,text,Duration: 4h 45m,,True,2026-02-19T10:00:01.205796
2026-05-08,CKG,arrival,00:30,KHN Nanchang,3U8182,Sichuan Airlines,text,Duration: 1h 50m,,True,2026-02-19T10:00:01.205801
2026-05-08,CKG,arrival,00:30,PKX Beijing,CZ8813,China Southern,text,Duration: 2h 50m,,True,2026-02-19T10:00:01.205806
2026-05-08,CKG,arrival,00:30,XIY Xian,GS7665,Tianjin Airlines,text,Duration: 1h 40m,,True,2026-02-19T10:00:01.205900
2026-05-08,CKG,arrival,00:30,CAN Guangzhou,OQ2326,Chongqing Airlines,text,Duration: 2h 10m,,True,2026-02-19T10:00:01.205907
2026-05-08,CKG,arrival,00:30,TNA Jinan,SC8817,Shandong Airlines,text,Duration: 2h 35m,,True,2026-02-19T10:00:01.205913
2026-05-08,CKG,arrival,00:35,NKG Nanjing,3U8046,Sichuan Airlines,text,Duration: 2h 10m,,True,2026-02-19T10:00:01.205918
2026-05-08,CKG,arrival,00:35,SHE Shenyang,HU7102,Hainan Airlines,text,Duration: 4h 10m,,True,2026-02-19T10:00:01.205924
2026-05-08,CKG,arrival,00:35,TNA Jinan,SC8807,Shandong Airlines,text,Duration: 2h 40m,,True,2026-02-19T10:00:01.205929
2026-05-08,CKG,arrival,00:45,KUL Kuala Lumpur,D7808,AirAsia X,text,Duration: 4h 45m,,True,2026-02-19T10:00:01.205934
2026-05-08,CKG,arrival,00:45,HYN Taizhou,G54510,Gestair,text,Duration: 3h 0m,,True,2026-02-19T10:00:01.205940
2026-05-08,CKG,arrival,00:45,HFE Hefei,PN6416,West Air (China),text,Duration: 2h 15m,,True,2026-02-19T10:00:01.205945
2026-05-08,CKG,arrival,00:50,HTN Hotan,CA4254,Air China,text,Duration: 4h 20m,,True,2026-02-19T10:00:01.205950
2026-05-08,CKG,arrival,00:50,ENY Yan'an,G52908,Gestair,text,Duration: 1h 45m,,True,2026-02-19T10:00:01.206048
2026-05-08,CKG,arrival,00:55,PEK Beijing,HU7367,Hainan Airlines,text,Duration: 2h 50m,,True,2026-02-19T10:00:01.206055
2026-05-08,CKG,arrival,01:00,LHW Lanzhou,3U8020,Sichuan Airlines,text,Duration: 2h 5m,,True,2026-02-19T10:00:01.206061
2026-05-08,CKG,arrival,01:00,PVG Shanghai,3U8976,Sichuan Airlines,text,Duration: 2h 50m,,True,2026-02-19T10:00:01.206066
2026-05-08,CKG,arrival,01:00,HET Hohhot,G54152,Gestair,text,Duration: 2h 30m,,True,2026-02-19T10:00:01.206072
2026-05-08,CKG,arrival,01:00,JHG Jinghong,OQ2374,Chongqing Airlines,text,Duration: 2h 5m,,True,2026-02-19T10:00:01.206077
2026-05-08,CKG,arrival,01:00,ICN Seoul,OZ353,Asiana,text,Duration: 4h 5m,,True,2026-02-19T10:00:01.206082
2026-05-08,CKG,arrival,01:00,NKG Nanjing,ZH9591,Shenzhen Airlines,text,Duration: 2h 25m,,True,2026-02-19T10:00:01.206087
2026-05-08,CKG,arrival,01:05,SWA Jieyang,3U8016,Sichuan Airlines,text,Duration: 2h 45m,,True,2026-02-19T10:00:01.206093
2026-05-08,CKG,arrival,01:05,TYN Taiyuan,3U8052,Sichuan Airlines,text,Duration: 2h 25m,,True,2026-02-19T10:00:01.206098
2026-05-08,CKG,arrival,01:05,XUZ Xuzhou,G54122,Gestair,text,Duration: 2h 50m,,True,2026-02-19T10:00:01.206184
2026-05-08,CKG,arrival,01:05,URC Urumqi,OQ2312,Chongqing Airlines,text,Duration: 4h 5m,,True,2026-02-19T10:00:01.206191
2026-05-08,CKG,arrival,01:05,DMK Bangkok,SL930,Thai Lion Air,text,Duration: 3h 10m,,True,2026-02-19T10:00:01.206197
2026-05-08,CKG,arrival,01:15,KRL Korla,PN6388,West Air (China),text,Duration: 4h 0m,,True,2026-02-19T10:00:01.206203
2026-05-08,CKG,arrival,01:15,SIN Singapore,SQ818,Singapore Airlines,text,Duration: 5h 10m,,True,2026-02-19T10:00:01.206208
2026-05-08,CKG,arrival,01:20,LJG Lijiang,3U8012,Sichuan Airlines,text,Duration: 1h 40m,,True,2026-02-19T10:00:01.206214
2026-05-08,CKG,arrival,01:25,SYX Sanya,3U8062,Sichuan Airlines,text,Duration: 2h 30m,,True,2026-02-19T10:00:01.206219
2026-05-08,CKG,arrival,01:25,PVG Shanghai,PN6438,West Air (China),text,Duration: 2h 55m,,True,2026-02-19T10:00:01.206225
2026-05-08,CKG,arrival,01:30,BHY Beihai,3U8122,Sichuan Airlines,text,Duration: 1h 45m,,True,2026-02-19T10:00:01.206230
2026-05-08,CKG,arrival,01:30,YIW Yiwu,OQ2392,Chongqing Airlines,text,Duration: 2h 20m,,True,2026-02-19T10:00:01.206236
2026-05-08,CKG,arrival,01:30,HAK Haikou,PN6532,West Air (China),text,Duration: 2h 20m,,True,2026-02-19T10:00:01.206316
2026-05-08,CKG,arrival,01:30,ZUH Zhuhai,PN6264,West Air (China),text,Duration: 2h 20m,,True,2026-02-19T10:00:01.206323
2026-05-08,CKG,arrival,01:35,CGO Zhengzhou,PN6274,West Air (China),text,Duration: 2h 0m,,True,2026-02-19T10:00:01.206328
2026-05-08,CKG,arrival,01:45,KHN Nanchang,PN6256,West Air (China),text,Duration: 2h 5m,,True,2026-02-19T10:00:01.206334
2026-05-08,CKG,arrival,01:55,PEK Beijing,3U8834,Sichuan Airlines,text,Duration: 2h 50m,,True,2026-02-19T10:00:01.206339
2026-05-08,CKG,arrival,01:55,TAO Qingdao,3U8152,Sichuan Airlines,text,Duration: 2h 45m,,True,2026-02-19T10:00:01.206345
2026-05-08,CKG,arrival,01:55,CAN Guangzhou,PN6206,West Air (China),text,Duration: 2h 15m,,True,2026-02-19T10:00:01.206351
2026-05-08,CKG,arrival,01:55,NKG Nanjing,PN6260,West Air (China),text,Duration: 2h 15m,,True,2026-02-19T10:00:01.206356
2026-05-08,CKG,arrival,01:55,SYX Sanya,PN6214,West Air (China),text,Duration: 2h 30m,,True,2026-02-19T10:00:01.206362
2026-05-08,CKG,arrival,01:55,SZX Shenzhen,PN6230,West Air (China),text,Duration: 2h 20m,,True,2026-02-19T10:00:01.206367
2026-05-08,CKG,arrival,01:55,WNZ Wenzhou,PN6434,West Air (China),text,Duration: 2h 55m,,True,2026-02-19T10:00:01.206441
2026-05-08,CKG,arrival,02:05,PVG Shanghai,9C6107,Spring Airlines,text,Duration: 3h 5m,,True,2026-02-19T10:00:01.206449
2026-05-08,CKG,arrival,03:50,SGN Ho Chi Minh City,CA408,Air China,text,Duration: 3h 30m,,True,2026-02-19T10:00:01.206455
2026-05-08,CKG,arrival,04:50,BRU Brussels,HU470,Hainan Airlines,text,Duration: 10h 40m,,True,2026-02-19T10:00:01.206461
2026-05-08,CKG,arrival,05:00,MAD Madrid,HU728,Hainan Airlines,text,Duration: 11h 55m,,True,2026-02-19T10:00:01.206466
2026-05-08,CKG,arrival,05:00,BKK Bangkok,OQ2362,Chongqing Airlines,text,Duration: 3h 30m,,True,2026-02-19T10:00:01.206472
2026-05-08,CKG,arrival,05:10,BKI Kota Kinabalu,OQ2194,Chongqing Airlines,text,Duration: 4h 40m,,True,2026-02-19T10:00:01.206477
2026-05-08,CKG,arrival,05:15,KUL Kuala Lumpur,3U3774,Sichuan Airlines,text,Duration: 4h 30m,,True,2026-02-19T10:00:01.206484
2026-05-08,CKG,arrival,05:15,SGN Ho Chi Minh City,OQ2396,Chongqing Airlines,text,Duration: 3h 35m,,True,2026-02-19T10:00:01.206490
2026-05-08,CKG,arrival,06:05,CMB Colombo,OQ2394,Chongqing Airlines,text,Duration: 5h 20m,,True,2026-02-19T10:00:01.206496
2026-05-08,CKG,arrival,08:25,KMG Kunming,3U8283,Sichuan Airlines,text,Duration: 1h 45m,,True,2026-02-19T10:00:01.206570
2026-05-08,CKG,arrival,08:30,KMG Kunming,8L9857,Lucky Air,text,Duration: 1h 35m,,True,2026-02-19T10:00:01.206577
2026-05-08,CKG,arrival,08:45,CSX Changsha,BK2923,OkAir,text,Duration: 1h 45m,,True,2026-02-19T10:00:01.206582
2026-05-08,CKG,arrival,08:45,TYN Taiyuan,PN6595,West Air (China),text,Duration: 2h 10m,,True,2026-02-19T10:00:01.206588
2026-05-08,CKG,arrival,08:50,SZX Shenzhen,9C8613,Spring Airlines,text,Duration: 2h 15m,,True,2026-02-19T10:00:01.206593
2026-05-08,CKG,arrival,08:55,WUH Wuhan,CZ6175,China Southern,text,Duration: 1h 35m,,True,2026-02-19T10:00:01.206598
2026-05-08,CKG,arrival,08:55,HGH Hangzhou,GJ8691,Loong Air,text,Duration: 2h 25m,,True,2026-02-19T10:00:01.206604
2026-05-08,CKG,arrival,09:05,CAN Guangzhou,3U8750,Sichuan Airlines,text,Duration: 2h 10m,,True,2026-02-19T10:00:01.206609
2026-05-08,CKG,arrival,09:15,BAV Baotou,G54180,Gestair,text,Duration: 2h 15m,,True,2026-02-19T10:00:01.206615
2026-05-08,CKG,arrival,09:15,CAN Guangzhou,JD5227,Capital Airlines,text,Duration: 2h 20m,,True,2026-02-19T10:00:01.206620
2026-05-08,CKG,arrival,09:20,INC Yinchuan,CA4270,Air China,text,Duration: 2h 0m,,True,2026-02-19T10:00:01.206693
2026-05-08,CKG,arrival,09:20,TSN Tianjin,GS7773,Tianjin Airlines,text,Duration: 2h 55m,,True,2026-02-19T10:00:01.206700
2026-05-08,CKG,arrival,09:20,JNG Jining,GX8892,GX Airlines,text,Duration: 2h 20m,,True,2026-02-19T10:00:01.206706
2026-05-08,CKG,arrival,09:30,TNA Jinan,3U8056,Sichuan Airlines,text,Duration: 2h 10m,,True,2026-02-19T10:00:01.206712
2026-05-08,CKG,arrival,09:30,XIY Xian,MU2261,China Eastern,text,Duration: 1h 30m,,True,2026-02-19T10:00:01.206718
2026-05-08,CKG,arrival,09:35,YTY Yangzhou,9C6195,Spring Airlines,text,Duration: 2h 30m,,True,2026-02-19T10:00:01.206724
2026-05-08,CKG,arrival,09:35,LUM Mangshi,DR5311,Ruili Airlines,text,Duration: 1h 55m,,True,2026-02-19T10:00:01.206729
2026-05-08,CKG,arrival,09:35,CAN Guangzhou,HU7141,Hainan Airlines,text,Duration: 2h 10m,,True,2026-02-19T10:00:01.206735
2026-05-08,CKG,arrival,09:35,CZX Changzhou,MU2903,China Eastern,text,Duration: 2h 15m,,True,2026-02-19T10:00:01.206741
2026-05-08,CKG,arrival,09:35,KMG Kunming,MU5865,China Eastern,text,Duration: 1h 30m,,True,2026-02-19T10:00:01.206746
2026-05-08,CKG,arrival,09:40,SZX Shenzhen,HU7157,Hainan Airlines,text,Duration: 2h 10m,,True,2026-02-19T10:00:01.206821
2026-05-08,CKG,arrival,09:40,XMN Xiamen,MF8403,XiamenAir,text,Duration: 2h 35m,,True,2026-02-19T10:00:01.206828
2026-05-08,CKG,arrival,09:40,WUX Wuxi,MU9765,China Eastern,text,Duration: 2h 25m,,True,2026-02-19T10:00:01.206833
2026-05-08,CKG,arrival,09:40,KHN Nanchang,ZH8845,Shenzhen Airlines,text,Duration: 2h 15m,,True,2026-02-19T10:00:01.206839
2026-05-08,CKG,arrival,09:45,HGH Hangzhou,3U3179,Sichuan Airlines,text,Duration: 2h 40m,,True,2026-02-19T10:00:01.206844
2026-05-08,CKG,arrival,09:45,NNG Nanning,CZ5835,China Southern,text,Duration: 1h 40m,,True,2026-02-19T10:00:01.206850
2026-05-08,CKG,arrival,09:45,HGH Hangzhou,JD5691,Capital Airlines,text,Duration: 2h 50m,,True,2026-02-19T10:00:01.206855
2026-05-08,CKG,arrival,09:50,HGH Hangzhou,CA1759,Air China,text,Duration: 2h 20m,,True,2026-02-19T10:00:01.206861
2026-05-08,CKG,arrival,09:50,PEK Beijing,CA1437,Air China,text,Duration: 2h 50m,,True,2026-02-19T10:00:01.206866
2026-05-08,CKG,arrival,09:50,JJN Jinjiang,MF8611,XiamenAir,text,Duration: 2h 40m,,True,2026-02-19T10:00:01.206872
2026-05-08,CKG,arrival,09:50,HYN Taizhou,OQ2014,Chongqing Airlines,text,Duration: 2h 50m,,True,2026-02-19T10:00:01.206945
2026-05-08,CKG,arrival,09:50,TAO Qingdao,SC4831,Shandong Airlines,text,Duration: 2h 40m,,True,2026-02-19T10:00:01.206952
2026-05-08,CKG,arrival,09:50,XMN Xiamen,SC2135,Shandong Airlines,text,Duration: 2h 55m,,True,2026-02-19T10:00:01.206957
2026-05-08,CKG,arrival,09:55,SZX Shenzhen,CA4368,Air China,text,Duration: 2h 10m,,True,2026-02-19T10:00:01.206963
2026-05-08,CKG,arrival,10:00,CSX Changsha,CZ3421,China Southern,text,Duration: 1h 45m,,True,2026-02-19T10:00:01.206968
2026-05-08,CKG,arrival,10:00,PKX Beijing,MU6681,China Eastern,text,Duration: 2h 45m,,True,2026-02-19T10:00:01.206974
2026-05-08,CKG,arrival,10:05,CAN Guangzhou,CA4354,Air China,text,Duration: 2h 0m,,True,2026-02-19T10:00:01.206979
2026-05-08,CKG,arrival,10:05,SYX Sanya,CZ6227,China Southern,text,Duration: 2h 40m,,True,2026-02-19T10:00:01.206985
2026-05-08,CKG,arrival,10:05,TSN Tianjin,MF8622,XiamenAir,text,Duration: 2h 45m,,True,2026-02-19T10:00:01.206991
2026-05-08,CKG,arrival,10:10,WUH Wuhan,CZ3627,China Southern,text,Duration: 1h 45m,,True,2026-02-19T10:00:01.206996
2026-05-08,CKG,arrival,10:10,DMK Bangkok,FD556,Thai AirAsia,text,Duration: 3h 10m,,True,2026-02-19T10:00:01.207078
2026-05-08,CKG,arrival,10:10,FOC Fuzhou,MF8461,XiamenAir,text,Duration: 2h 40m,,True,2026-02-19T10:00:01.207086
2026-05-08,CKG,arrival,10:20,CAN Guangzhou,CZ3463,China Southern,text,Duration: 2h 10m,,True,2026-02-19T10:00:01.207092
2026-05-08,CKG,arrival,10:20,PKX Beijing,JD5755,Capital Airlines,text,Duration: 2h 45m,,True,2026-02-19T10:00:01.207098
2026-05-08,CKG,arrival,10:25,SYX Sanya,HU7349,Hainan Airlines,text,Duration: 2h 35m,,True,2026-02-19T10:00:01.207103
2026-05-08,CKG,arrival,10:25,HGH Hangzhou,MF8471,XiamenAir,text,Duration: 2h 35m,,True,2026-02-19T10:00:01.207109
2026-05-08,CKG,arrival,10:25,NKG Nanjing,MU2925,China Eastern,text,Duration: 2h 30m,,True,2026-02-19T10:00:01.207114
2026-05-08,CKG,arrival,10:30,HAK Haikou,CZ6313,China Southern,text,Duration: 2h 20m,,True,2026-02-19T10:00:01.207120
2026-05-08,CKG,arrival,10:30,SWA Jieyang,CZ3859,China Southern,text,Duration: 2h 40m,,True,2026-02-19T10:00:01.207125
2026-05-08,CKG,arrival,10:30,SZX Shenzhen,CZ3465,China Southern,text,Duration: 2h 20m,,True,2026-02-19T10:00:01.207131
2026-05-08,CKG,arrival,10:30,PVG Shanghai,HO1249,Juneyao Airlines,text,Duration: 3h 5m,,True,2026-02-19T10:00:01.207223
2026-05-08,CKG,arrival,10:30,HFE Hefei,MU5483,China Eastern,text,Duration: 2h 5m,,True,2026-02-19T10:00:01.207231
2026-05-08,CKG,arrival,10:35,SJW Shijiazhuang,NS3239,Hebei Airlines,text,Duration: 2h 25m,,True,2026-02-19T10:00:01.207237
2026-05-08,CKG,arrival,10:40,PEK Beijing,CA1431,Air China,text,Duration: 2h 40m,,True,2026-02-19T10:00:01.207242
2026-05-08,CKG,arrival,10:40,PKX Beijing,CA8651,Air China,text,Duration: 3h 0m,,True,2026-02-19T10:00:01.207248
2026-05-08,CKG,arrival,10:40,TSN Tianjin,CA2861,Air China,text,Duration: 2h 50m,,True,2026-02-19T10:00:01.207253
2026-05-08,CKG,arrival,10:40,CGO Zhengzhou,CZ3479,China Southern,text,Duration: 2h 0m,,True,2026-02-19T10:00:01.207259
2026-05-08,CKG,arrival,10:40,ZUH Zhuhai,CZ8285,China Southern,text,Duration: 2h 20m,,True,2026-02-19T10:00:01.207265
2026-05-08,CKG,arrival,10:45,WNZ Wenzhou,CA8303,Air China,text,Duration: 2h 40m,,True,2026-02-19T10:00:01.207270
2026-05-08,CKG,arrival,10:45,WNZ Wenzhou,KN5297,China United Airlines,text,Duration: 2h 55m,,True,2026-02-19T10:00:01.207276
2026-05-08,CKG,arrival,10:45,SZX Shenzhen,ZH9461,Shenzhen Airlines,text,Duration: 2h 20m,,True,2026-02-19T10:00:01.207362
2026-05-08,CKG,arrival,10:50,NNG Nanning,3U8138,Sichuan Airlines,text,Duration: 1h 25m,,True,2026-02-19T10:00:01.207369
2026-05-08,CKG,arrival,10:50,HUZ Huizhou,OQ2344,Chongqing Airlines,text,Duration: 2h 30m,,True,2026-02-19T10:00:01.207375
2026-05-08,CKG,arrival,10:50,PKX Beijing,OQ2002,Chongqing Airlines,text,Duration: 2h 25m,,True,2026-02-19T10:00:01.207381
2026-05-08,CKG,arrival,10:50,WHA Wuhu,OQ2034,Chongqing Airlines,text,Duration: 2h 20m,,True,2026-02-19T10:00:01.207386
2026-05-08,CKG,arrival,10:55,SHA Shanghai,9C8897,Spring Airlines,text,Duration: 3h 5m,,True,2026-02-19T10:00:01.207391
2026-05-08,CKG,arrival,10:55,NTG Nantong,DZ6293,Donghai Airlines,text,Duration: 2h 25m,,True,2026-02-19T10:00:01.207397
2026-05-08,CKG,arrival,10:55,PEK Beijing,HU7167,Hainan Airlines,text,Duration: 2h 55m,,True,2026-02-19T10:00:01.207402
2026-05-08,CKG,arrival,11:00,PKX Beijing,CZ8917,China Southern,text,Duration: 2h 45m,,True,2026-02-19T10:00:01.207407
2026-05-08,CKG,arrival,11:00,WUX Wuxi,ZH9551,Shenzhen Airlines,text,Duration: 2h 40m,,True,2026-02-19T10:00:01.207414
2026-05-08,CKG,arrival,11:05,DLC Dalian,CZ6579,China Southern,text,Duration: 3h 35m,,True,2026-02-19T10:00:01.207572
2026-05-08,CKG,arrival,11:05,FOC Fuzhou,EU2267,Chengdu Airlines,text,Duration: 3h 10m,,True,2026-02-19T10:00:01.207579
2026-05-08,CKG,arrival,11:05,BPX Bangda,PN6216,West Air (China),text,Duration: 1h 55m,,True,2026-02-19T10:00:01.207585
2026-05-08,CKG,arrival,11:10,HAK Haikou,EU2738,Chengdu Airlines,text,Duration: 2h 5m,,True,2026-02-19T10:00:01.207591
2026-05-08,CKG,arrival,11:20,NKG Nanjing,MU2663,China Eastern,text,Duration: 2h 20m,,True,2026-02-19T10:00:01.207596
2026-05-08,CKG,arrival,11:20,NTG Nantong,ZH8671,Shenzhen Airlines,text,Duration: 2h 50m,,True,2026-02-19T10:00:01.207602
2026-05-08,CKG,arrival,11:25,DXB Dubai,CA452,Air China,text,Duration: 7h 15m,,True,2026-02-19T10:00:01.207607
2026-05-08,CKG,arrival,11:25,TNA Jinan,SC8803,Shandong Airlines,text,Duration: 2h 25m,,True,2026-02-19T10:00:01.207613
2026-05-08,CKG,arrival,11:45,PVG Shanghai,9C7297,Spring Airlines,text,Duration: 2h 45m,,True,2026-02-19T10:00:01.207618
2026-05-08,CKG,arrival,11:45,TSN Tianjin,BK3121,OkAir,text,Duration: 3h 0m,,True,2026-02-19T10:00:01.207623
2026-05-08,CKG,arrival,11:45,PEK Beijing,CA1429,Air China,text,Duration: 2h 45m,,True,2026-02-19T10:00:01.207710
2026-05-08,CKG,arrival,11:45,PVG Shanghai,MU5423,China Eastern,text,Duration: 2h 45m,,True,2026-02-19T10:00:01.207717
2026-05-08,CKG,arrival,11:50,SYX Sanya,3U3209,Sichuan Airlines,text,Duration: 2h 25m,,True,2026-02-19T10:00:01.207722
2026-05-08,CKG,arrival,11:50,YYA Yueyang,GY7267,Colorful GuiZhou Airlines,text,Duration: 1h 25m,,True,2026-02-19T10:00:01.207728
2026-05-08,CKG,arrival,11:50,BPX Bangda,TV9908,Tibet Airlines,text,Duration: 1h 50m,,True,2026-02-19T10:00:01.207734
2026-05-08,CKG,arrival,11:55,SWA Jieyang,3U8006,Sichuan Airlines,text,Duration: 2h 20m,,True,2026-02-19T10:00:01.207739
2026-05-08,CKG,arrival,11:55,ZUH Zhuhai,3U8048,Sichuan Airlines,text,Duration: 2h 5m,,True,2026-02-19T10:00:01.207745
2026-05-08,CKG,arrival,11:55,PVG Shanghai,CA8543,Air China,text,Duration: 2h 55m,,True,2026-02-19T10:00:01.207750
2026-05-08,CKG,arrival,11:55,SHA Shanghai,MU9195,China Eastern,text,Duration: 2h 45m,,True,2026-02-19T10:00:01.207756
2026-05-08,CKG,arrival,12:00,KHN Nanchang,CA4562,Air China,text,Duration: 1h 50m,,True,2026-02-19T10:00:01.207761
2026-05-08,CKG,arrival,12:05,SJW Shijiazhuang,PN6350,West Air (China),text,Duration: 2h 35m,,True,2026-02-19T10:00:01.207842
2026-05-08,CKG,arrival,12:10,XUZ Xuzhou,G52808,Gestair,text,Duration: 2h 35m,,True,2026-02-19T10:00:01.207849
2026-05-08,CKG,arrival,12:15,SHE Shenyang,CZ6403,China Southern,text,Duration: 4h 0m,,True,2026-02-19T10:00:01.207854
2026-05-08,CKG,arrival,12:20,AKU Aksu,G54683,Gestair,text,Duration: 4h 10m,,True,2026-02-19T10:00:01.207861
2026-05-08,CKG,arrival,12:20,LZY Nyingchi,PN6212,West Air (China),text,Duration: 2h 35m,,True,2026-02-19T10:00:01.207867
2026-05-08,CKG,arrival,12:25,XIY Xian,OQ2304,Chongqing Airlines,text,Duration: 1h 30m,,True,2026-02-19T10:00:01.207872
2026-05-08,CKG,arrival,12:25,TNA Jinan,SC8805,Shandong Airlines,text,Duration: 2h 25m,,True,2026-02-19T10:00:01.207877
2026-05-08,CKG,arrival,12:30,CGQ Changchun,CZ6363,China Southern,text,Duration: 4h 15m,,True,2026-02-19T10:00:01.207883
2026-05-08,CKG,arrival,12:35,YTY Yangzhou,3U8168,Sichuan Airlines,text,Duration: 2h 25m,,True,2026-02-19T10:00:01.207889
2026-05-08,CKG,arrival,12:35,URC Urumqi,CZ6985,China Southern,text,Duration: 3h 50m,,True,2026-02-19T10:00:01.207894
2026-05-08,CKG,arrival,12:35,HAK Haikou,PN6208,West Air (China),text,Duration: 2h 25m,,True,2026-02-19T10:00:01.207972
2026-05-08,CKG,arrival,12:40,LXA Lhasa/Lasa,3U8634,Sichuan Airlines,text,Duration: 2h 20m,,True,2026-02-19T10:00:01.207979
2026-05-08,CKG,arrival,12:40,NKG Nanjing,3U8042,Sichuan Airlines,text,Duration: 2h 15m,,True,2026-02-19T10:00:01.207985
2026-05-08,CKG,arrival,12:40,DLU Dali City,CA4482,Air China,text,Duration: 1h 55m,,True,2026-02-19T10:00:01.207991
2026-05-08,CKG,arrival,12:40,FOC Fuzhou,MF8485,XiamenAir,text,Duration: 2h 45m,,True,2026-02-19T10:00:01.207996
2026-05-08,CKG,arrival,12:45,SZX Shenzhen,3U8782,Sichuan Airlines,text,Duration: 2h 20m,,True,2026-02-19T10:00:01.208002
2026-05-08,CKG,arrival,12:45,WNZ Wenzhou,3U8034,Sichuan Airlines,text,Duration: 2h 20m,,True,2026-02-19T10:00:01.208008
2026-05-08,CKG,arrival,12:45,XMN Xiamen,MF8413,XiamenAir,text,Duration: 2h 40m,,True,2026-02-19T10:00:01.208013
2026-05-08,CKG,arrival,12:50,LXA Lhasa/Lasa,CA4419,Air China,text,Duration: 2h 30m,,True,2026-02-19T10:00:01.208019
2026-05-08,CKG,arrival,12:50,SHA Shanghai,MU5425,China Eastern,text,Duration: 2h 45m,,True,2026-02-19T10:00:01.208025
2026-05-08,CKG,arrival,12:50,HAK Haikou,OQ2342,Chongqing Airlines,text,Duration: 2h 15m,,True,2026-02-19T10:00:01.208126
2026-05-08,CKG,arrival,12:55,FOC Fuzhou,3U8104,Sichuan Airlines,text,Duration: 2h 45m,,True,2026-02-19T10:00:01.208136
2026-05-08,CKG,arrival,12:55,NGB Ningbo,3U8110,Sichuan Airlines,text,Duration: 2h 30m,,True,2026-02-19T10:00:01.208144
2026-05-08,CKG,arrival,12:55,TSN Tianjin,3U8014,Sichuan Airlines,text,Duration: 2h 40m,,True,2026-02-19T10:00:01.208151
2026-05-08,CKG,arrival,12:55,NKG Nanjing,CA4546,Air China,text,Duration: 2h 35m,,True,2026-02-19T10:00:01.208157
2026-05-08,CKG,arrival,12:55,SZX Shenzhen,CA4344,Air China,text,Duration: 2h 15m,,True,2026-02-19T10:00:01.208164
2026-05-08,CKG,arrival,12:55,YIW Yiwu,GY7277,Colorful GuiZhou Airlines,text,Duration: 2h 35m,,True,2026-02-19T10:00:01.208171
2026-05-08,CKG,arrival,13:00,HFE Hefei,CA4564,Air China,text,Duration: 2h 15m,,True,2026-02-19T10:00:01.208178
2026-05-08,CKG,arrival,13:00,YNZ Yancheng,G52822,Gestair,text,Duration: 2h 45m,,True,2026-02-19T10:00:01.208184
2026-05-08,CKG,arrival,13:00,WUX Wuxi,HO2013,Juneyao Airlines,text,Duration: 2h 30m,,True,2026-02-19T10:00:01.208191
2026-05-08,CKG,arrival,13:00,LZY Nyingchi,TV9870,Tibet Airlines,text,Duration: 2h 0m,,True,2026-02-19T10:00:01.208297
2026-05-08,CKG,arrival,13:05,PKX Beijing,CZ8911,China Southern,text,Duration: 3h 10m,,True,2026-02-19T10:00:01.208306
2026-05-08,CKG,arrival,13:05,LYG Lianyungang,G52836,Gestair,text,Duration: 2h 45m,,True,2026-02-19T10:00:01.208312
2026-05-08,CKG,arrival,13:05,NGB Ningbo,GJ8397,Loong Air,text,Duration: 3h 0m,,True,2026-02-19T10:00:01.208317
2026-05-08,CKG,arrival,13:20,HGH Hangzhou,3U8082,Sichuan Airlines,text,Duration: 2h 40m,,True,2026-02-19T10:00:01.208323
2026-05-08,CKG,arrival,13:20,LXA Lhasa/Lasa,TV9814,Tibet Airlines,text,Duration: 2h 30m,,True,2026-02-19T10:00:01.208329
2026-05-08,CKG,arrival,13:25,SZX Shenzhen,HU7457,Hainan Airlines,text,Duration: 2h 25m,,True,2026-02-19T10:00:01.208335
2026-05-08,CKG,arrival,13:25,LZY Nyingchi,OQ2044,Chongqing Airlines,text,Duration: 2h 10m,,True,2026-02-19T10:00:01.208340
2026-05-08,CKG,arrival,13:25,SZX Shenzhen,OQ2336,Chongqing Airlines,text,Duration: 2h 40m,,True,2026-02-19T10:00:01.208346
2026-05-08,CKG,arrival,13:30,WUX Wuxi,3U8026,Sichuan Airlines,text,Duration: 2h 15m,,True,2026-02-19T10:00:01.208352
2026-05-08,CKG,arrival,13:35,DLU Dali City,OQ2348,Chongqing Airlines,text,Duration: 1h 35m,,True,2026-02-19T10:00:01.208434
2026-05-08,CKG,arrival,13:40,PEK Beijing,3U8830,Sichuan Airlines,text,Duration: 2h 45m,,True,2026-02-19T10:00:01.208441
2026-05-08,CKG,arrival,13:45,XMN Xiamen,3U8090,Sichuan Airlines,text,Duration: 3h 5m,,True,2026-02-19T10:00:01.208446
2026-05-08,CKG,arrival,13:45,WUH Wuhan,CZ6291,China Southern,text,Duration: 1h 55m,,True,2026-02-19T10:00:01.208452
2026-05-08,CKG,arrival,13:45,SZX Shenzhen,ZH9463,Shenzhen Airlines,text,Duration: 2h 25m,,True,2026-02-19T10:00:01.208458
2026-05-08,CKG,arrival,13:50,BHY Beihai,3U8124,Sichuan Airlines,text,Duration: 1h 50m,,True,2026-02-19T10:00:01.208463
2026-05-08,CKG,arrival,13:50,PVG Shanghai,3U8972,Sichuan Airlines,text,Duration: 2h 45m,,True,2026-02-19T10:00:01.208469
2026-05-08,CKG,arrival,13:50,CAN Guangzhou,CA4362,Air China,text,Duration: 2h 20m,,True,2026-02-19T10:00:01.208474
2026-05-08,CKG,arrival,13:50,NGB Ningbo,CA4550,Air China,text,Duration: 2h 45m,,True,2026-02-19T10:00:01.208480
2026-05-08,CKG,arrival,13:50,PEK Beijing,CA4148,Air China,text,Duration: 2h 50m,,True,2026-02-19T10:00:01.208485
2026-05-08,CKG,arrival,13:55,TSN Tianjin,OQ2082,Chongqing Airlines,text,Duration: 3h 15m,,True,2026-02-19T10:00:01.208559
2026-05-08,CKG,arrival,14:00,IQN Qingyang,NS8067,Hebei Airlines,text,Duration: 1h 40m,,True,2026-02-19T10:00:01.208566
2026-05-08,CKG,arrival,14:00,CAN Guangzhou,OQ2306,Chongqing Airlines,text,Duration: 2h 20m,,True,2026-02-19T10:00:01.208572
2026-05-08,CKG,arrival,14:10,SYX Sanya,HU7339,Hainan Airlines,text,Duration: 2h 20m,,True,2026-02-19T10:00:01.208577
2026-05-08,CKG,arrival,14:10,KMG Kunming,MU5863,China Eastern,text,Duration: 1h 35m,,True,2026-02-19T10:00:01.208583
2026-05-08,CKG,arrival,14:15,HGH Hangzhou,CA4554,Air China,text,Duration: 3h 5m,,True,2026-02-19T10:00:01.208589
2026-05-08,CKG,arrival,14:15,HAK Haikou,HU7271,Hainan Airlines,text,Duration: 2h 15m,,True,2026-02-19T10:00:01.208594
2026-05-08,CKG,arrival,14:15,TAO Qingdao,SC4835,Shandong Airlines,text,Duration: 3h 5m,,True,2026-02-19T10:00:01.208600
2026-05-08,CKG,arrival,14:20,JJN Jinjiang,MF8865,XiamenAir,text,Duration: 2h 35m,,True,2026-02-19T10:00:01.208606
2026-05-08,CKG,arrival,14:20,MFM Macau,NX182,Air Macau,text,Duration: 2h 35m,,True,2026-02-19T10:00:01.208611
2026-05-08,CKG,arrival,14:25,INC Yinchuan,3U8284,Sichuan Airlines,text,Duration: 1h 50m,,True,2026-02-19T10:00:01.208685
2026-05-08,CKG,arrival,14:25,NGB Ningbo,9C7470,Spring Airlines,text,Duration: 3h 5m,,True,2026-02-19T10:00:01.208692
2026-05-08,CKG,arrival,14:25,SHA Shanghai,MF8582,XiamenAir,text,Duration: 2h 45m,,True,2026-02-19T10:00:01.208698
2026-05-08,CKG,arrival,14:30,PEK Beijing,CA4132,Air China,text,Duration: 2h 45m,,True,2026-02-19T10:00:01.208704
2026-05-08,CKG,arrival,14:35,XIC Xichang,G54516,Gestair,text,Duration: 1h 30m,,True,2026-02-19T10:00:01.208711
2026-05-08,CKG,arrival,14:35,PKX Beijing,OQ2147,Chongqing Airlines,text,Duration: 2h 55m,,True,2026-02-19T10:00:01.208716
2026-05-08,CKG,arrival,14:40,SHA Shanghai,CA4544,Air China,text,Duration: 2h 55m,,True,2026-02-19T10:00:01.208722
2026-05-08,CKG,arrival,14:40,TNA Jinan,PN6266,West Air (China),text,Duration: 2h 25m,,True,2026-02-19T10:00:01.208727
2026-05-08,CKG,arrival,14:45,TEN Tongren,G54662,Gestair,text,Duration: 1h 20m,,True,2026-02-19T10:00:01.208732
2026-05-08,CKG,arrival,14:45,LYA Luoyang,QW6053,Qingdao Airlines,text,Duration: 1h 45m,,True,2026-02-19T10:00:01.208738
2026-05-08,CKG,arrival,14:50,XMN Xiamen,CA4566,Air China,text,Duration: 2h 35m,,True,2026-02-19T10:00:01.208809
2026-05-08,CKG,arrival,14:50,YCU Yuncheng,MF8786,XiamenAir,text,Duration: 1h 55m,,True,2026-02-19T10:00:01.208816
2026-05-08,CKG,arrival,14:55,PVG Shanghai,CA4576,Air China,text,Duration: 2h 40m,,True,2026-02-19T10:00:01.208822
2026-05-08,CKG,arrival,15:00,SHE Shenyang,3U8038,Sichuan Airlines,text,Duration: 3h 40m,,True,2026-02-19T10:00:01.208827
2026-05-08,CKG,arrival,15:00,ZAT Zhaotong,G54604,Gestair,text,Duration: 1h 10m,,True,2026-02-19T10:00:01.208833
2026-05-08,CKG,arrival,15:00,LIJ Lishui,HU7404,Hainan Airlines,text,Duration: 3h 10m,,True,2026-02-19T10:00:01.208838
2026-05-08,CKG,arrival,15:00,NKG Nanjing,OQ2322,Chongqing Airlines,text,Duration: 2h 55m,,True,2026-02-19T10:00:01.208844
2026-05-08,CKG,arrival,15:05,TVS Tangshan,GT1077,Air Guilin,text,Duration: 3h 5m,,True,2026-02-19T10:00:01.208849
2026-05-08,CKG,arrival,15:05,CAN Guangzhou,HU7341,Hainan Airlines,text,Duration: 2h 25m,,True,2026-02-19T10:00:01.208855
2026-05-08,CKG,arrival,15:10,INC Yinchuan,CA4268,Air China,text,Duration: 2h 0m,,True,2026-02-19T10:00:01.208860
2026-05-08,CKG,arrival,15:10,KUL Kuala Lumpur,MF8712,XiamenAir,text,Duration: 4h 30m,,True,2026-02-19T10:00:01.208933
2026-05-08,CKG,arrival,15:10,DOH Doha,QR880,Qatar Airways,text,Duration: 8h 5m,,True,2026-02-19T10:00:01.208940
2026-05-08,CKG,arrival,15:15,PVG Shanghai,OQ2308,Chongqing Airlines,text,Duration: 3h 15m,,True,2026-02-19T10:00:01.208946
2026-05-08,CKG,arrival,15:20,CAN Guangzhou,CZ3485,China Southern,text,Duration: 2h 10m,,True,2026-02-19T10:00:01.208951
2026-05-08,CKG,arrival,15:20,XMN Xiamen,HU7412,Hainan Airlines,text,Duration: 2h 45m,,True,2026-02-19T10:00:01.208957
2026-05-08,CKG,arrival,15:20,KHN Nanchang,ZH8853,Shenzhen Airlines,text,Duration: 2h 5m,,True,2026-02-19T10:00:01.208963
2026-05-08,CKG,arrival,15:25,CIH Changzhi,G52720,Gestair,text,Duration: 2h 0m,,True,2026-02-19T10:00:01.208969
2026-05-08,CKG,arrival,15:25,SHA Shanghai,MU5429,China Eastern,text,Duration: 2h 45m,,True,2026-02-19T10:00:01.208975
2026-05-08,CKG,arrival,15:30,SZX Shenzhen,CZ3455,China Southern,text,Duration: 2h 25m,,True,2026-02-19T10:00:01.208980
2026-05-08,CKG,arrival,15:35,CAN Guangzhou,3U8748,Sichuan Airlines,text,Duration: 2h 0m,,True,2026-02-19T10:00:01.208985
2026-05-08,CKG,arrival,15:40,LJG Lijiang,8L9817,Lucky Air,text,Duration: 1h 35m,,True,2026-02-19T10:00:01.209057
2026-05-08,CKG,arrival,15:40,NKG Nanjing,CA4560,Air China,text,Duration: 2h 25m,,True,2026-02-19T10:00:01.209064
2026-05-08,CKG,arrival,15:40,PEK Beijing,CA4138,Air China,text,Duration: 2h 55m,,True,2026-02-19T10:00:01.209070
2026-05-08,CKG,arrival,15:40,BKK Bangkok,HU424,Hainan Airlines,text,Duration: 3h 20m,,True,2026-02-19T10:00:01.209076
2026-05-08,CKG,arrival,15:40,CNX Chiang Mai,PN6596,West Air (China),text,Duration: 2h 30m,,True,2026-02-19T10:00:01.209081
2026-05-08,CKG,arrival,15:45,PKX Beijing,CZ8815,China Southern,text,Duration: 2h 45m,,True,2026-02-19T10:00:01.209087
2026-05-08,CKG,arrival,15:45,URC Urumqi,CZ6431,China Southern,text,Duration: 3h 55m,,True,2026-02-19T10:00:01.209092
2026-05-08,CKG,arrival,15:45,WUH Wuhan,CZ8421,China Southern,text,Duration: 1h 35m,,True,2026-02-19T10:00:01.209097
2026-05-08,CKG,arrival,15:45,HAK Haikou,HU7371,Hainan Airlines,text,Duration: 2h 15m,,True,2026-02-19T10:00:01.209103
2026-05-08,CKG,arrival,15:45,HGH Hangzhou,MF8475,XiamenAir,text,Duration: 2h 55m,,True,2026-02-19T10:00:01.209111
2026-05-08,CKG,arrival,15:45,HKG Hong Kong,OQ2062,Chongqing Airlines,text,Duration: 2h 20m,,True,2026-02-19T10:00:01.209190
2026-05-08,CKG,arrival,15:45,PVG Shanghai,PN6374,West Air (China),text,Duration: 3h 5m,,True,2026-02-19T10:00:01.209197
2026-05-08,CKG,arrival,15:50,SHE Shenyang,CZ6469,China Southern,text,Duration: 3h 50m,,True,2026-02-19T10:00:01.209202
2026-05-08,CKG,arrival,15:50,UYN Yulin,GX8882,GX Airlines,text,Duration: 1h 50m,,True,2026-02-19T10:00:01.209208
2026-05-08,CKG,arrival,15:50,NKG Nanjing,MU2737,China Eastern,text,Duration: 2h 10m,,True,2026-02-19T10:00:01.209214
2026-05-08,CKG,arrival,15:50,HCZ Chenzhou,PN6292,West Air (China),text,Duration: 1h 50m,,True,2026-02-19T10:00:01.209219
2026-05-08,CKG,arrival,16:00,NKG Nanjing,HO1693,Juneyao Airlines,text,Duration: 2h 25m,,True,2026-02-19T10:00:01.209225
2026-05-08,CKG,arrival,16:05,NKG Nanjing,3U8044,Sichuan Airlines,text,Duration: 2h 20m,,True,2026-02-19T10:00:01.209231
2026-05-08,CKG,arrival,16:05,YNT Yantai,QW6031,Qingdao Airlines,text,Duration: 3h 10m,,True,2026-02-19T10:00:01.209236
2026-05-08,CKG,arrival,16:10,HKG Hong Kong,CX928,Cathay Pacific,text,Duration: 2h 35m,,True,2026-02-19T10:00:01.209242
2026-05-08,CKG,arrival,16:10,TAO Qingdao,SC4833,Shandong Airlines,text,Duration: 3h 0m,,True,2026-02-19T10:00:01.209315
2026-05-08,CKG,arrival,16:15,HRB Harbin,CZ6345,China Southern,text,Duration: 4h 20m,,True,2026-02-19T10:00:01.209322
2026-05-08,CKG,arrival,16:20,CGQ Changchun,CA4016,Air China,text,Duration: 4h 5m,,True,2026-02-19T10:00:01.209327
2026-05-08,CKG,arrival,16:20,DSN Dongsheng,G54390,Gestair,text,Duration: 2h 10m,,True,2026-02-19T10:00:01.209333
2026-05-08,CKG,arrival,16:20,CZX Changzhou,MU2785,China Eastern,text,Duration: 2h 35m,,True,2026-02-19T10:00:01.209339
2026-05-08,CKG,arrival,16:25,SZX Shenzhen,9C8615,Spring Airlines,text,Duration: 2h 30m,,True,2026-02-19T10:00:01.209344
2026-05-08,CKG,arrival,16:25,CAN Guangzhou,AQ1101,9 Air,text,Duration: 2h 15m,,True,2026-02-19T10:00:01.209350
2026-05-08,CKG,arrival,16:25,HRB Harbin,CA4012,Air China,text,Duration: 4h 25m,,True,2026-02-19T10:00:01.209355
2026-05-08,CKG,arrival,16:30,SEA Seattle,HU446,Hainan Airlines,text,Duration: 14h 25m,,True,2026-02-19T10:00:01.209361
2026-05-08,CKG,arrival,16:30,WUX Wuxi,MU9775,China Eastern,text,Duration: 2h 30m,,True,2026-02-19T10:00:01.209367
2026-05-08,CKG,arrival,16:35,CGO Zhengzhou,CZ8715,China Southern,text,Duration: 2h 0m,,True,2026-02-19T10:00:01.209450
2026-05-08,CKG,arrival,16:40,CAN Guangzhou,HU7441,Hainan Airlines,text,Duration: 2h 10m,,True,2026-02-19T10:00:01.209457
2026-05-08,CKG,arrival,16:40,NGB Ningbo,MU2395,China Eastern,text,Duration: 2h 45m,,True,2026-02-19T10:00:01.209463
2026-05-08,CKG,arrival,16:45,PEK Beijing,CA1439,Air China,text,Duration: 2h 45m,,True,2026-02-19T10:00:01.209468
2026-05-08,CKG,arrival,16:45,RGN Yangon,PN6530,West Air (China),text,Duration: 3h 0m,,True,2026-02-19T10:00:01.209474
2026-05-08,CKG,arrival,16:50,YNT Yantai,3U8174,Sichuan Airlines,text,Duration: 2h 55m,,True,2026-02-19T10:00:01.209480
2026-05-08,CKG,arrival,16:50,SHS Shashi,G54934,Gestair,text,Duration: 1h 30m,,True,2026-02-19T10:00:01.209485
2026-05-08,CKG,arrival,16:55,ICN Seoul,CA440,Air China,text,Duration: 3h 50m,,True,2026-02-19T10:00:01.209491
2026-05-08,CKG,arrival,16:55,XMN Xiamen,MF8423,XiamenAir,text,Duration: 2h 40m,,True,2026-02-19T10:00:01.209496
2026-05-08,CKG,arrival,17:00,HRB Harbin,3U8166,Sichuan Airlines,text,Duration: 4h 20m,,True,2026-02-19T10:00:01.209502
2026-05-08,CKG,arrival,17:00,AKU Aksu,OQ2008,Chongqing Airlines,text,Duration: 4h 20m,,True,2026-02-19T10:00:01.209579
2026-05-08,CKG,arrival,17:05,KTI Phnom Penh,MF8670,XiamenAir,text,Duration: 3h 45m,,True,2026-02-19T10:00:01.209586
2026-05-08,CKG,arrival,17:05,TAO Qingdao,SC4837,Shandong Airlines,text,Duration: 2h 55m,,True,2026-02-19T10:00:01.209592
2026-05-08,CKG,arrival,17:10,HGH Hangzhou,CA1761,Air China,text,Duration: 3h 0m,,True,2026-02-19T10:00:01.209598
2026-05-08,CKG,arrival,17:10,JNH Jiaxing,GJ8784,Loong Air,text,Duration: 3h 10m,,True,2026-02-19T10:00:01.209603
2026-05-08,CKG,arrival,17:15,HDG Handan,G54302,Gestair,text,Duration: 2h 20m,,True,2026-02-19T10:00:01.209609
2026-05-08,CKG,arrival,17:20,CSX Changsha,GS6588,Tianjin Airlines,text,Duration: 1h 30m,,True,2026-02-19T10:00:01.209615
2026-05-08,CKG,arrival,17:25,HKG Hong Kong,CA420,Air China,text,Duration: 2h 35m,,True,2026-02-19T10:00:01.209621
2026-05-08,CKG,arrival,17:25,ENY Yan'an,G54978,Gestair,text,Duration: 1h 30m,,True,2026-02-19T10:00:01.209626
2026-05-08,CKG,arrival,17:25,FOC Fuzhou,MF8489,XiamenAir,text,Duration: 2h 50m,,True,2026-02-19T10:00:01.209633
2026-05-08,CKG,arrival,17:30,CAN Guangzhou,OQ2318,Chongqing Airlines,text,Duration: 2h 25m,,True,2026-02-19T10:00:01.209711
2026-05-08,CKG,arrival,17:35,CGQ Changchun,CZ8255,China Southern,text,Duration: 4h 25m,,True,2026-02-19T10:00:01.209718
2026-05-08,CKG,arrival,17:40,KRL Korla,3U8142,Sichuan Airlines,text,Duration: 4h 5m,,True,2026-02-19T10:00:01.209724
2026-05-08,CKG,arrival,17:40,LXA Lhasa/Lasa,CZ3464,China Southern,text,Duration: 2h 40m,,True,2026-02-19T10:00:01.209729
2026-05-08,CKG,arrival,17:40,FUG Fuyang,PN6220,West Air (China),text,Duration: 2h 15m,,True,2026-02-19T10:00:01.209735
2026-05-08,CKG,arrival,17:50,SHA Shanghai,MU9193,China Eastern,text,Duration: 2h 40m,,True,2026-02-19T10:00:01.209740
2026-05-08,CKG,arrival,17:55,CSX Changsha,3U8010,Sichuan Airlines,text,Duration: 1h 30m,,True,2026-02-19T10:00:01.209745
2026-05-08,CKG,arrival,17:55,HET Hohhot,GS6598,Tianjin Airlines,text,Duration: 2h 35m,,True,2026-02-19T10:00:01.209751
2026-05-08,CKG,arrival,18:00,ZHA Zhanjiang,BK3122,OkAir,text,Duration: 2h 10m,,True,2026-02-19T10:00:01.209756
2026-05-08,CKG,arrival,18:00,DLU Dali City,CA4486,Air China,text,Duration: 2h 5m,,True,2026-02-19T10:00:01.209762
2026-05-08,CKG,arrival,18:00,PEK Beijing,CA1411,Air China,text,Duration: 3h 0m,,True,2026-02-19T10:00:01.209838
2026-05-08,CKG,arrival,18:00,PKX Beijing,NS8035,Hebei Airlines,text,Duration: 2h 40m,,True,2026-02-19T10:00:01.209845
2026-05-08,CKG,arrival,18:05,WUH Wuhan,3U8156,Sichuan Airlines,text,Duration: 1h 40m,,True,2026-02-19T10:00:01.209850
2026-05-08,CKG,arrival,18:05,CGQ Changchun,OQ2078,Chongqing Airlines,text,Duration: 4h 45m,,True,2026-02-19T10:00:01.209856
2026-05-08,CKG,arrival,18:05,LYI Linyi,OQ2364,Chongqing Airlines,text,Duration: 2h 35m,,True,2026-02-19T10:00:01.209861
2026-05-08,CKG,arrival,18:05,YIC Yichun,PN6578,West Air (China),text,Duration: 1h 50m,,True,2026-02-19T10:00:01.209867
2026-05-08,CKG,arrival,18:05,TAO Qingdao,SC4839,Shandong Airlines,text,Duration: 2h 55m,,True,2026-02-19T10:00:01.209873
2026-05-08,CKG,arrival,18:15,URC Urumqi,CA4256,Air China,text,Duration: 4h 10m,,True,2026-02-19T10:00:01.209878
2026-05-08,CKG,arrival,18:15,TNA Jinan,SC8815,Shandong Airlines,text,Duration: 2h 30m,,True,2026-02-19T10:00:01.209884
2026-05-08,CKG,arrival,18:20,CAN Guangzhou,3U8746,Sichuan Airlines,text,Duration: 2h 15m,,True,2026-02-19T10:00:01.209889
2026-05-08,CKG,arrival,18:25,LHW Lanzhou,G54034,Gestair,text,Duration: 1h 55m,,True,2026-02-19T10:00:01.209979
2026-05-08,CKG,arrival,18:25,HAK Haikou,HU7471,Hainan Airlines,text,Duration: 2h 25m,,True,2026-02-19T10:00:01.209988
2026-05-08,CKG,arrival,18:25,KUL Kuala Lumpur,MF8688,XiamenAir,text,Duration: 4h 35m,,True,2026-02-19T10:00:01.209994
2026-05-08,CKG,arrival,18:25,HET Hohhot,OQ2176,Chongqing Airlines,text,Duration: 2h 20m,,True,2026-02-19T10:00:01.210000
2026-05-08,CKG,arrival,18:30,PKX Beijing,MU6685,China Eastern,text,Duration: 2h 50m,,True,2026-02-19T10:00:01.210007
2026-05-08,CKG,arrival,18:35,CGO Zhengzhou,CZ6353,China Southern,text,Duration: 2h 5m,,True,2026-02-19T10:00:01.210013
2026-05-08,CKG,arrival,18:40,LXA Lhasa/Lasa,3U3180,Sichuan Airlines,text,Duration: 2h 25m,,True,2026-02-19T10:00:01.210019
2026-05-08,CKG,arrival,18:40,CAN Guangzhou,CZ3411,China Southern,text,Duration: 2h 20m,,True,2026-02-19T10:00:01.210025
2026-05-08,CKG,arrival,18:40,HET Hohhot,G52826,Gestair,text,Duration: 2h 25m,,True,2026-02-19T10:00:01.210031
2026-05-08,CKG,arrival,18:45,SZX Shenzhen,3U8784,Sichuan Airlines,text,Duration: 2h 15m,,True,2026-02-19T10:00:01.210037
2026-05-08,CKG,arrival,18:45,XUZ Xuzhou,G54608,Gestair,text,Duration: 2h 30m,,True,2026-02-19T10:00:01.210126
2026-05-08,CKG,arrival,18:50,YCU Yuncheng,CA4014,Air China,text,Duration: 2h 5m,,True,2026-02-19T10:00:01.210133
2026-05-08,CKG,arrival,18:50,PKX Beijing,CZ8817,China Southern,text,Duration: 2h 50m,,True,2026-02-19T10:00:01.210139
2026-05-08,CKG,arrival,18:50,PVG Shanghai,FM9425,Shanghai Airlines,text,Duration: 2h 45m,,True,2026-02-19T10:00:01.210145
2026-05-08,CKG,arrival,18:50,ZHY Zhongwei,PN6498,West Air (China),text,Duration: 2h 0m,,True,2026-02-19T10:00:01.210152
2026-05-08,CKG,arrival,18:55,SHA Shanghai,9C8995,Spring Airlines,text,Duration: 2h 50m,,True,2026-02-19T10:00:01.210158
2026-05-08,CKG,arrival,18:55,HUZ Huizhou,MU6692,China Eastern,text,Duration: 2h 0m,,True,2026-02-19T10:00:01.210163
2026-05-08,CKG,arrival,18:55,XMN Xiamen,SC2141,Shandong Airlines,text,Duration: 2h 35m,,True,2026-02-19T10:00:01.210169
2026-05-08,CKG,arrival,19:00,CGO Zhengzhou,3U8160,Sichuan Airlines,text,Duration: 2h 0m,,True,2026-02-19T10:00:01.210175
2026-05-08,CKG,arrival,19:00,PEK Beijing,CA1409,Air China,text,Duration: 3h 0m,,True,2026-02-19T10:00:01.210181
2026-05-08,CKG,arrival,19:00,KHN Nanchang,RY6681,Jiangxi Airlines,text,Duration: 2h 10m,,True,2026-02-19T10:00:01.210294
2026-05-08,CKG,arrival,19:05,HFE Hefei,3U8198,Sichuan Airlines,text,Duration: 2h 5m,,True,2026-02-19T10:00:01.210304
2026-05-08,CKG,arrival,19:05,HGH Hangzhou,OQ2390,Chongqing Airlines,text,Duration: 3h 10m,,True,2026-02-19T10:00:01.210311
2026-05-08,CKG,arrival,19:05,WUX Wuxi,ZH9553,Shenzhen Airlines,text,Duration: 2h 45m,,True,2026-02-19T10:00:01.210318
2026-05-08,CKG,arrival,19:10,"JUZ Quzhou, Zhejiang Province",G54684,Gestair,text,Duration: 2h 30m,,True,2026-02-19T10:00:01.210325
2026-05-08,CKG,arrival,19:10,FOC Fuzhou,HU7264,Hainan Airlines,text,Duration: 3h 0m,,True,2026-02-19T10:00:01.210330
2026-05-08,CKG,arrival,19:10,WNZ Wenzhou,PN6284,West Air (China),text,Duration: 3h 0m,,True,2026-02-19T10:00:01.210336
2026-05-08,CKG,arrival,19:10,SZX Shenzhen,ZH9465,Shenzhen Airlines,text,Duration: 2h 20m,,True,2026-02-19T10:00:01.210341
2026-05-08,CKG,arrival,19:15,CAN Guangzhou,OQ2324,Chongqing Airlines,text,Duration: 2h 20m,,True,2026-02-19T10:00:01.210347
2026-05-08,CKG,arrival,19:25,SYX Sanya,PN6204,West Air (China),text,Duration: 2h 20m,,True,2026-02-19T10:00:01.210353
2026-05-08,CKG,arrival,19:30,WHA Wuhu,3U8072,Sichuan Airlines,text,Duration: 2h 25m,,True,2026-02-19T10:00:01.210463
2026-05-08,CKG,arrival,19:30,CSX Changsha,CZ3825,China Southern,text,Duration: 1h 35m,,True,2026-02-19T10:00:01.210473
2026-05-08,CKG,arrival,19:35,SZX Shenzhen,CZ5919,China Southern,text,Duration: 2h 30m,,True,2026-02-19T10:00:01.210479
2026-05-08,CKG,arrival,19:35,PVG Shanghai,HO1247,Juneyao Airlines,text,Duration: 3h 5m,,True,2026-02-19T10:00:01.210486
2026-05-08,CKG,arrival,19:35,LUM Mangshi,KY3109,Kunming Airlines,text,Duration: 1h 55m,,True,2026-02-19T10:00:01.210492
2026-05-08,CKG,arrival,19:35,SIN Singapore,OQ2096,Chongqing Airlines,text,Duration: 5h 0m,,True,2026-02-19T10:00:01.210498
2026-05-08,CKG,arrival,19:40,SIN Singapore,CA450,Air China,text,Duration: 5h 10m,,True,2026-02-19T10:00:01.210504
2026-05-08,CKG,arrival,19:40,FOC Fuzhou,FU6507,Fuzhou Airline,text,Duration: 2h 40m,,True,2026-02-19T10:00:01.210510
2026-05-08,CKG,arrival,19:45,CAN Guangzhou,CA4350,Air China,text,Duration: 2h 10m,,True,2026-02-19T10:00:01.210516
2026-05-08,CKG,arrival,19:45,PEK Beijing,CA1435,Air China,text,Duration: 2h 45m,,True,2026-02-19T10:00:01.210521
2026-05-08,CKG,arrival,19:45,SHE Shenyang,CZ6465,China Southern,text,Duration: 3h 50m,,True,2026-02-19T10:00:01.210621
2026-05-08,CKG,arrival,19:50,SHA Shanghai,9C8997,Spring Airlines,text,Duration: 2h 50m,,True,2026-02-19T10:00:01.210629
2026-05-08,CKG,arrival,19:50,ZUH Zhuhai,CA4372,Air China,text,Duration: 2h 25m,,True,2026-02-19T10:00:01.210634
2026-05-08,CKG,arrival,19:50,NKG Nanjing,HO1691,Juneyao Airlines,text,Duration: 2h 30m,,True,2026-02-19T10:00:01.210640
2026-05-08,CKG,arrival,19:50,FOC Fuzhou,MF8487,XiamenAir,text,Duration: 2h 40m,,True,2026-02-19T10:00:01.210646
2026-05-08,CKG,arrival,19:50,NKG Nanjing,MU2845,China Eastern,text,Duration: 2h 15m,,True,2026-02-19T10:00:01.210651
2026-05-08,CKG,arrival,19:55,SHA Shanghai,MU5435,China Eastern,text,Duration: 2h 40m,,True,2026-02-19T10:00:01.210657
2026-05-08,CKG,arrival,20:00,PVG Shanghai,HU7493,Hainan Airlines,text,Duration: 3h 0m,,True,2026-02-19T10:00:01.210663
2026-05-08,CKG,arrival,20:00,WUX Wuxi,MU9785,China Eastern,text,Duration: 2h 40m,,True,2026-02-19T10:00:01.210668
2026-05-08,CKG,arrival,20:00,JHG Jinghong,PN6404,West Air (China),text,Duration: 2h 0m,,True,2026-02-19T10:00:01.210674
2026-05-08,CKG,arrival,20:05,CZX Changzhou,3U8098,Sichuan Airlines,text,Duration: 2h 30m,,True,2026-02-19T10:00:01.210807
2026-05-08,CKG,arrival,20:05,HGH Hangzhou,3U8084,Sichuan Airlines,text,Duration: 2h 40m,,True,2026-02-19T10:00:01.210819
2026-05-08,CKG,arrival,20:05,JHG Jinghong,8L9605,Lucky Air,text,Duration: 2h 0m,,True,2026-02-19T10:00:01.210827
2026-05-08,CKG,arrival,20:05,LHW Lanzhou,9C6281,Spring Airlines,text,Duration: 2h 25m,,True,2026-02-19T10:00:01.210835
2026-05-08,CKG,arrival,20:05,URC Urumqi,CZ6973,China Southern,text,Duration: 3h 40m,,True,2026-02-19T10:00:01.210842
2026-05-08,CKG,arrival,20:05,TAO Qingdao,SC4841,Shandong Airlines,text,Duration: 2h 50m,,True,2026-02-19T10:00:01.210850
2026-05-08,CKG,arrival,20:10,XMN Xiamen,3U8088,Sichuan Airlines,text,Duration: 2h 35m,,True,2026-02-19T10:00:01.210857
2026-05-08,CKG,arrival,20:10,FOC Fuzhou,MF8481,XiamenAir,text,Duration: 2h 50m,,True,2026-02-19T10:00:01.210864
2026-05-08,CKG,arrival,20:10,XNN Xining,MF8866,XiamenAir,text,Duration: 2h 0m,,True,2026-02-19T10:00:01.210872
2026-05-08,CKG,arrival,20:10,LXA Lhasa/Lasa,PN6392,West Air (China),text,Duration: 2h 30m,,True,2026-02-19T10:00:01.210880
2026-05-08,CKG,arrival,20:15,PEK Beijing,HU7267,Hainan Airlines,text,Duration: 2h 45m,,True,2026-02-19T10:00:01.211031
2026-05-08,CKG,arrival,20:15,DIG Diqing,OQ2148,Chongqing Airlines,text,Duration: 1h 55m,,True,2026-02-19T10:00:01.211044
2026-05-08,CKG,arrival,20:15,TNA Jinan,SC8809,Shandong Airlines,text,Duration: 2h 20m,,True,2026-02-19T10:00:01.211054
2026-05-08,CKG,arrival,20:20,TYN Taiyuan,SC2268,Shandong Airlines,text,Duration: 2h 25m,,True,2026-02-19T10:00:01.211064
2026-05-08,CKG,arrival,20:25,XIY Xian,9H8333,Air Changan,text,Duration: 1h 40m,,True,2026-02-19T10:00:01.211075
2026-05-08,CKG,arrival,20:25,INC Yinchuan,HU7272,Hainan Airlines,text,Duration: 2h 5m,,True,2026-02-19T10:00:01.211085
2026-05-08,CKG,arrival,20:25,LXA Lhasa/Lasa,PN6567,West Air (China),text,Duration: 2h 50m,,True,2026-02-19T10:00:01.211095
2026-05-08,CKG,arrival,20:30,CAN Guangzhou,MU6825,China Eastern,text,Duration: 2h 5m,,True,2026-02-19T10:00:01.211106
2026-05-08,CKG,arrival,20:30,XIY Xian,MU2267,China Eastern,text,Duration: 1h 40m,,True,2026-02-19T10:00:01.211116
2026-05-08,CKG,arrival,20:50,LXA Lhasa/Lasa,EU2737,Chengdu Airlines,text,Duration: 2h 20m,,True,2026-02-19T10:00:01.211127
2026-05-08,CKG,arrival,20:50,XIY Xian,JD5077,Capital Airlines,text,Duration: 1h 35m,,True,2026-02-19T10:00:01.211264
2026-05-08,CKG,arrival,20:50,HFE Hefei,MU9982,China Eastern,text,Duration: 2h 5m,,True,2026-02-19T10:00:01.211275
2026-05-08,CKG,arrival,20:55,PEK Beijing,CA4142,Air China,text,Duration: 2h 40m,,True,2026-02-19T10:00:01.211282
2026-05-08,CKG,arrival,20:55,HAK Haikou,CZ8689,China Southern,text,Duration: 2h 25m,,True,2026-02-19T10:00:01.211288
2026-05-08,CKG,arrival,20:55,XMN Xiamen,HU7426,Hainan Airlines,text,Duration: 3h 5m,,True,2026-02-19T10:00:01.211294
2026-05-08,CKG,arrival,20:55,HGH Hangzhou,MF8473,XiamenAir,text,Duration: 2h 40m,,True,2026-02-19T10:00:01.211300
2026-05-08,CKG,arrival,21:00,WDS Shiyan,DZ6342,Donghai Airlines,text,Duration: 1h 15m,,True,2026-02-19T10:00:01.211306
2026-05-08,CKG,arrival,21:00,PKX Beijing,MU6687,China Eastern,text,Duration: 2h 45m,,True,2026-02-19T10:00:01.211313
2026-05-08,CKG,arrival,21:00,WUH Wuhan,MU2539,China Eastern,text,Duration: 1h 35m,,True,2026-02-19T10:00:01.211318
2026-05-08,CKG,arrival,21:00,CAN Guangzhou,OQ2340,Chongqing Airlines,text,Duration: 2h 45m,,True,2026-02-19T10:00:01.211324
2026-05-08,CKG,arrival,21:00,PKX Beijing,OQ2004,Chongqing Airlines,text,Duration: 3h 5m,,True,2026-02-19T10:00:01.211426
2026-05-08,CKG,arrival,21:05,LXA Lhasa/Lasa,TV9844,Tibet Airlines,text,Duration: 2h 25m,,True,2026-02-19T10:00:01.211435
2026-05-08,CKG,arrival,21:10,PKX Beijing,CZ3259,China Southern,text,Duration: 2h 45m,,True,2026-02-19T10:00:01.211441
2026-05-08,CKG,arrival,21:15,PVG Shanghai,9C8867,Spring Airlines,text,Duration: 3h 20m,,True,2026-02-19T10:00:01.211447
2026-05-08,CKG,arrival,21:15,SJW Shijiazhuang,9C8993,Spring Airlines,text,Duration: 2h 35m,,True,2026-02-19T10:00:01.211454
2026-05-08,CKG,arrival,21:15,TYN Taiyuan,MU6995,China Eastern,text,Duration: 2h 15m,,True,2026-02-19T10:00:01.211460
2026-05-08,CKG,arrival,21:15,TAO Qingdao,SC4843,Shandong Airlines,text,Duration: 3h 5m,,True,2026-02-19T10:00:01.211465
2026-05-08,CKG,arrival,21:15,SZX Shenzhen,ZH9467,Shenzhen Airlines,text,Duration: 2h 15m,,True,2026-02-19T10:00:01.211471
2026-05-08,CKG,arrival,21:20,LJG Lijiang,JD5609,Capital Airlines,text,Duration: 1h 30m,,True,2026-02-19T10:00:01.211477
2026-05-08,CKG,arrival,21:20,TNA Jinan,SC8811,Shandong Airlines,text,Duration: 2h 15m,,True,2026-02-19T10:00:01.211483
2026-05-08,CKG,arrival,21:25,HAN Hanoi,PN6424,West Air (China),text,Duration: 2h 0m,,True,2026-02-19T10:00:01.211572
2026-05-08,CKG,arrival,21:30,PEK Beijing,3U8832,Sichuan Airlines,text,Duration: 2h 45m,,True,2026-02-19T10:00:01.211580
2026-05-08,CKG,arrival,21:30,PEK Beijing,CA1449,Air China,text,Duration: 2h 45m,,True,2026-02-19T10:00:01.211586
2026-05-08,CKG,arrival,21:30,CAN Guangzhou,OQ2129,Chongqing Airlines,text,Duration: 2h 25m,,True,2026-02-19T10:00:01.211592
2026-05-08,CKG,arrival,21:30,ZUH Zhuhai,SC2266,Shandong Airlines,text,Duration: 2h 30m,,True,2026-02-19T10:00:01.211598
2026-05-08,CKG,arrival,21:35,TNA Jinan,SC8813,Shandong Airlines,text,Duration: 2h 25m,,True,2026-02-19T10:00:01.211604
2026-05-08,CKG,arrival,21:35,TYN Taiyuan,SC2270,Shandong Airlines,text,Duration: 2h 0m,,True,2026-02-19T10:00:01.211610
2026-05-08,CKG,arrival,21:45,TYN Taiyuan,DR5312,Ruili Airlines,text,Duration: 1h 55m,,True,2026-02-19T10:00:01.211615
2026-05-08,CKG,arrival,21:50,PKX Beijing,CA8674,Air China,text,Duration: 2h 55m,,True,2026-02-19T10:00:01.211621
2026-05-08,CKG,arrival,21:50,CGO Zhengzhou,CZ6649,China Southern,text,Duration: 2h 0m,,True,2026-02-19T10:00:01.211627
2026-05-08,CKG,arrival,21:50,NKG Nanjing,MU2835,China Eastern,text,Duration: 2h 10m,,True,2026-02-19T10:00:01.211739
2026-05-08,CKG,arrival,21:50,TNA Jinan,PN6328,West Air (China),text,Duration: 2h 30m,,True,2026-02-19T10:00:01.211753
2026-05-08,CKG,arrival,21:55,LXA Lhasa/Lasa,3U8636,Sichuan Airlines,text,Duration: 2h 35m,,True,2026-02-19T10:00:01.211765
2026-05-08,CKG,arrival,21:55,HGH Hangzhou,CA4578,Air China,text,Duration: 2h 35m,,True,2026-02-19T10:00:01.211777
2026-05-08,CKG,arrival,21:55,ACF Alaer,EU2268,Chengdu Airlines,text,Duration: 4h 0m,,True,2026-02-19T10:00:01.211789
2026-05-08,CKG,arrival,22:00,PVG Shanghai,3U8974,Sichuan Airlines,text,Duration: 3h 5m,,True,2026-02-19T10:00:01.211800
2026-05-08,CKG,arrival,22:00,TSN Tianjin,GS7905,Tianjin Airlines,text,Duration: 2h 45m,,True,2026-02-19T10:00:01.211810
2026-05-08,CKG,arrival,22:00,CAN Guangzhou,HU7241,Hainan Airlines,text,Duration: 2h 15m,,True,2026-02-19T10:00:01.211819
2026-05-08,CKG,arrival,22:00,PEK Beijing,HU7567,Hainan Airlines,text,Duration: 3h 5m,,True,2026-02-19T10:00:01.211829
2026-05-08,CKG,arrival,22:00,WNZ Wenzhou,HU7464,Hainan Airlines,text,Duration: 3h 10m,,True,2026-02-19T10:00:01.211839
2026-05-08,CKG,arrival,22:05,SWA Jieyang,BK2924,OkAir,text,Duration: 2h 40m,,True,2026-02-19T10:00:01.211974
2026-05-08,CKG,arrival,22:05,CAN Guangzhou,CA4342,Air China,text,Duration: 2h 10m,,True,2026-02-19T10:00:01.211988
2026-05-08,CKG,arrival,22:05,ZUH Zhuhai,OQ2386,Chongqing Airlines,text,Duration: 2h 40m,,True,2026-02-19T10:00:01.211999
2026-05-08,CKG,arrival,22:10,SZX Shenzhen,3U8786,Sichuan Airlines,text,Duration: 2h 15m,,True,2026-02-19T10:00:01.212013
2026-05-08,CKG,arrival,22:10,URC Urumqi,3U3210,Sichuan Airlines,text,Duration: 3h 50m,,True,2026-02-19T10:00:01.212025
2026-05-08,CKG,arrival,22:10,WNZ Wenzhou,HU7472,Hainan Airlines,text,Duration: 3h 0m,,True,2026-02-19T10:00:01.212036
2026-05-08,CKG,arrival,22:10,HFE Hefei,MU9918,China Eastern,text,Duration: 2h 10m,,True,2026-02-19T10:00:01.212048
2026-05-08,CKG,arrival,22:10,TNA Jinan,MU5471,China Eastern,text,Duration: 2h 35m,,True,2026-02-19T10:00:01.212061
2026-05-08,CKG,arrival,22:15,HIA Huai'an,8L9818,Lucky Air,text,Duration: 2h 35m,,True,2026-02-19T10:00:01.212074
2026-05-08,CKG,arrival,22:15,KMG Kunming,8L9673,Lucky Air,text,Duration: 1h 35m,,True,2026-02-19T10:00:01.212084
2026-05-08,CKG,arrival,22:15,PEK Beijing,CA4144,Air China,text,Duration: 2h 45m,,True,2026-02-19T10:00:01.212219
2026-05-08,CKG,arrival,22:15,SWA Jieyang,OQ2350,Chongqing Airlines,text,Duration: 2h 45m,,True,2026-02-19T10:00:01.212233
2026-05-08,CKG,arrival,22:20,TSA Taipei,3U3784,Sichuan Airlines,text,Duration: 3h 15m,,True,2026-02-19T10:00:01.212244
2026-05-08,CKG,arrival,22:20,SHA Shanghai,MU5431,China Eastern,text,Duration: 3h 10m,,True,2026-02-19T10:00:01.212254
2026-05-08,CKG,arrival,22:25,HGH Hangzhou,OQ2380,Chongqing Airlines,text,Duration: 3h 15m,,True,2026-02-19T10:00:01.212264
2026-05-08,CKG,arrival,22:30,LFQ Qiaoli,G54318,Gestair,text,Duration: 1h 55m,,True,2026-02-19T10:00:01.212274
2026-05-08,CKG,arrival,22:30,YNT Yantai,SC7654,Shandong Airlines,text,Duration: 3h 10m,,True,2026-02-19T10:00:01.212284
2026-05-08,CKG,arrival,22:40,TPE Taipei,CA410,Air China,text,Duration: 3h 20m,,True,2026-02-19T10:00:01.212298
2026-05-08,CKG,arrival,22:40,CAN Guangzhou,CZ3439,China Southern,text,Duration: 2h 5m,,True,2026-02-19T10:00:01.212307
2026-05-08,CKG,arrival,22:40,WMT Zunyi,G54786,Gestair,text,Duration: 0h 50m,,True,2026-02-19T10:00:01.212317
2026-05-08,CKG,arrival,22:45,WUX Wuxi,3U8028,Sichuan Airlines,text,Duration: 2h 25m,,True,2026-02-19T10:00:01.212447
2026-05-08,CKG,arrival,22:50,SZX Shenzhen,HU7357,Hainan Airlines,text,Duration: 2h 40m,,True,2026-02-19T10:00:01.212459
2026-05-08,CKG,arrival,22:50,PKX Beijing,MF8453,XiamenAir,text,Duration: 2h 55m,,True,2026-02-19T10:00:01.212471
2026-05-08,CKG,arrival,22:55,NKG Nanjing,CA4558,Air China,text,Duration: 2h 25m,,True,2026-02-19T10:00:01.212486
2026-05-08,CKG,arrival,22:55,SZX Shenzhen,CA4346,Air China,text,Duration: 2h 15m,,True,2026-02-19T10:00:01.212505
2026-05-08,CKG,arrival,23:00,TNA Jinan,3U8054,Sichuan Airlines,text,Duration: 2h 15m,,True,2026-02-19T10:00:01.212521
2026-05-08,CKG,arrival,23:00,TSN Tianjin,CA4002,Air China,text,Duration: 2h 40m,,True,2026-02-19T10:00:01.212535
2026-05-08,CKG,arrival,23:00,XMN Xiamen,CA4568,Air China,text,Duration: 3h 10m,,True,2026-02-19T10:00:01.212550
2026-05-08,CKG,arrival,23:00,WUH Wuhan,CZ3643,China Southern,text,Duration: 1h 45m,,True,2026-02-19T10:00:01.212563
2026-05-08,CKG,arrival,23:00,HGH Hangzhou,GS6582,Tianjin Airlines,text,Duration: 3h 10m,,True,2026-02-19T10:00:01.212570
2026-05-08,CKG,arrival,23:00,SJW Shijiazhuang,NS3242,Hebei Airlines,text,Duration: 2h 45m,,True,2026-02-19T10:00:01.212689
2026-05-08,CKG,arrival,23:00,NGB Ningbo,OQ2316,Chongqing Airlines,text,Duration: 3h 5m,,True,2026-02-19T10:00:01.212698
2026-05-08,CKG,arrival,23:05,PVG Shanghai,CA4556,Air China,text,Duration: 3h 5m,,True,2026-02-19T10:00:01.212705
2026-05-08,CKG,arrival,23:05,JHG Jinghong,OQ2374,Chongqing Airlines,text,Duration: 1h 50m,,True,2026-02-19T10:00:01.212740
2026-05-08,CKG,arrival,23:10,PEK Beijing,CA4136,Air China,text,Duration: 2h 40m,,True,2026-02-19T10:00:01.212747
2026-05-08,CKG,arrival,23:10,TYN Taiyuan,PN6540,West Air (China),text,Duration: 2h 10m,,True,2026-02-19T10:00:01.212754
2026-05-08,CKG,arrival,23:20,SZX Shenzhen,MU6612,China Eastern,text,Duration: 2h 5m,,True,2026-02-19T10:00:01.212759
2026-05-08,CKG,arrival,23:20,XNN Xining,TV9912,Tibet Airlines,text,Duration: 2h 10m,,True,2026-02-19T10:00:01.212766
2026-05-08,CKG,arrival,23:25,DLC Dalian,3U8008,Sichuan Airlines,text,Duration: 3h 10m,,True,2026-02-19T10:00:01.212772
2026-05-08,CKG,arrival,23:25,SZX Shenzhen,CZ3641,China Southern,text,Duration: 2h 30m,,True,2026-02-19T10:00:01.212778
2026-05-08,CKG,arrival,23:25,CGK Jakarta,MF8674,XiamenAir,text,Duration: 5h 45m,,True,2026-02-19T10:00:01.212884
2026-05-08,CKG,arrival,23:25,SHE Shenyang,OQ2074,Chongqing Airlines,text,Duration: 4h 25m,,True,2026-02-19T10:00:01.212892
2026-05-08,CKG,arrival,23:25,NNG Nanning,ZH9381,Shenzhen Airlines,text,Duration: 1h 45m,,True,2026-02-19T10:00:01.212898
2026-05-08,CKG,arrival,23:30,DOY Dongying,G54010,Gestair,text,Duration: 2h 45m,,True,2026-02-19T10:00:01.212905
2026-05-08,CKG,arrival,23:30,KOW Ganzhou,G54860,Gestair,text,Duration: 2h 15m,,True,2026-02-19T10:00:01.212910
2026-05-08,CKG,arrival,23:30,TNA Jinan,HU717,Hainan Airlines,text,Duration: 2h 35m,,True,2026-02-19T10:00:01.212917
2026-05-08,CKG,arrival,23:30,HKG Hong Kong,HX496,Hong Kong Airlines,text,Duration: 2h 35m,,True,2026-02-19T10:00:01.212924
2026-05-08,CKG,arrival,23:30,HRB Harbin,OQ2328,Chongqing Airlines,text,Duration: 4h 35m,,True,2026-02-19T10:00:01.212930
2026-05-08,CKG,arrival,23:30,SZX Shenzhen,ZH9469,Shenzhen Airlines,text,Duration: 2h 25m,,True,2026-02-19T10:00:01.212936
2026-05-08,CKG,arrival,23:40,HAK Haikou,3U8066,Sichuan Airlines,text,Duration: 2h 15m,,True,2026-02-19T10:00:01.212942
2026-05-08,CKG,arrival,23:40,SQJ Sanming,G52848,Gestair,text,Duration: 2h 20m,,True,2026-02-19T10:00:01.213050
2026-05-08,CKG,arrival,23:40,VTE Vientiane,PN6592,West Air (China),text,Duration: 2h 25m,,True,2026-02-19T10:00:01.213064
2026-05-08,CKG,arrival,23:45,WUH Wuhan,CA4382,Air China,text,Duration: 2h 10m,,True,2026-02-19T10:00:01.213083
2026-05-08,CKG,arrival,23:45,TSN Tianjin,PN6238,West Air (China),text,Duration: 2h 45m,,True,2026-02-19T10:00:01.213098
2026-05-08,CKG,arrival,23:50,DNH Dunhuang,GS7591,Tianjin Airlines,text,Duration: 3h 0m,,True,2026-02-19T10:00:01.213112
2026-05-08,CKG,arrival,23:50,YNZ Yancheng,MF8778,XiamenAir,text,Duration: 2h 45m,,True,2026-02-19T10:00:01.213127
2026-05-08,CKG,arrival,23:50,KMG Kunming,MU5450,China Eastern,text,Duration: 1h 30m,,True,2026-02-19T10:00:01.213142
2026-05-08,CKG,arrival,23:55,FOC Fuzhou,CA4570,Air China,text,Duration: 2h 40m,,True,2026-02-19T10:00:01.213150
2026-05-08,CKG,arrival,23:55,LZH Liuzhou,G54770,Gestair,text,Duration: 1h 50m,,True,2026-02-19T10:00:01.213155
2026-05-08,CKG,arrival,23:55,HGH Hangzhou,MF8477,XiamenAir,text,Duration: 2h 40m,,True,2026-02-19T10:00:01.213162
2026-05-08,CKG,arrival,23:55,KMG Kunming,OQ2120,Chongqing Airlines,text,Duration: 1h 35m,,True,2026-02-19T10:00:01.213280
