date,airport,direction,time,destination,flight,airline,airline_source,duration,aircraft,page_date_verified,scraped_at
2026-03-28,CAN,departure,00:05,MDC Manado,8B168,TransNusa,text,Duration: 4h 10m,,True,2026-02-17T11:23:38.382368
2026-03-28,CAN,departure,00:05,BKK Bangkok,MU2077,China Eastern,text,Duration: 3h 0m,,True,2026-02-17T11:23:38.382379
2026-03-28,CAN,departure,00:10,ADD Addis Ababa,ET607,Ethiopian,text,Duration: 10h 45m,,True,2026-02-17T11:23:38.382387
2026-03-28,CAN,departure,00:10,AKL Auckland,CZ305,China Southern,text,Duration: 11h 5m,,True,2026-02-17T11:23:38.382393
2026-03-28,CAN,departure,00:15,DXB Dubai,EK363,Emirates,text,Duration: 8h 45m,,True,2026-02-17T11:23:38.382398
2026-03-28,CAN,departure,00:20,FRA Frankfurt,CZ331,China Southern,text,Duration: 12h 25m,,True,2026-02-17T11:23:38.382404
2026-03-28,CAN,departure,00:20,BKI Kota Kinabalu,AK1531,AirAsia,text,Duration: 3h 15m,,True,2026-02-17T11:23:38.382410
2026-03-28,CAN,departure,00:50,CDG Paris,CZ347,China Southern,text,Duration: 12h 50m,,True,2026-02-17T11:23:38.382416
2026-03-28,CAN,departure,00:50,IST Istanbul,CZ8065,China Southern,text,Duration: 11h 20m,,True,2026-02-17T11:23:38.382421
2026-03-28,CAN,departure,00:55,DOH Doha,QR875,Qatar Airways,text,Duration: 9h 15m,,True,2026-02-17T11:23:38.382427
2026-03-28,CAN,departure,01:05,POM Port Moresby,CZ5055,China Southern,text,Duration: 7h 15m,,True,2026-02-17T11:23:38.382432
2026-03-28,CAN,departure,01:15,ICN Seoul,OZ358,Asiana,text,Duration: 3h 25m,,True,2026-02-17T11:23:38.382438
2026-03-28,CAN,departure,01:20,SIN Singapore,SQ853,Singapore Airlines,text,Duration: 4h 20m,,True,2026-02-17T11:23:38.382443
2026-03-28,CAN,departure,01:35,KUL Kuala Lumpur,AK119,AirAsia,text,Duration: 4h 10m,,True,2026-02-17T11:23:38.382449
2026-03-28,CAN,departure,01:55,BUD Budapest,CZ649,China Southern,text,Duration: 12h 15m,,True,2026-02-17T11:23:38.382454
2026-03-28,CAN,departure,02:20,DPS Denpasar,8B968,TransNusa,text,Duration: 5h 5m,,True,2026-02-17T11:23:38.382460
2026-03-28,CAN,departure,02:20,DPS Denpasar,CZ8481,China Southern,text,Duration: 5h 15m,,True,2026-02-17T11:23:38.382465
2026-03-28,CAN,departure,02:30,CGK Jakarta,8B861,TransNusa,text,Duration: 5h 5m,,True,2026-02-17T11:23:38.382471
2026-03-28,CAN,departure,02:30,SGN Ho Chi Minh City,VJ3909,VietJet,text,Duration: 2h 40m,,True,2026-02-17T11:23:38.382476
2026-03-28,CAN,departure,02:50,DMK Bangkok,SL901,Thai Lion Air,text,Duration: 3h 0m,,True,2026-02-17T11:23:38.382482
2026-03-28,CAN,departure,03:05,JHB Johor Bharu,AK1395,AirAsia,text,Duration: 3h 55m,,True,2026-02-17T11:23:38.382487
2026-03-28,CAN,departure,03:10,KUL Kuala Lumpur,OD613,Batik Air,text,Duration: 4h 5m,,True,2026-02-17T11:23:38.382493
2026-03-28,CAN,departure,03:30,HAN Hanoi,VJ7527,VietJet,text,Duration: 2h 5m,,True,2026-02-17T11:23:38.382499
2026-03-28,CAN,departure,03:50,KTI Phnom Penh,KR938,Cambodia Airways,text,Duration: 2h 50m,,True,2026-02-17T11:23:38.382504
2026-03-28,CAN,departure,04:25,DAC Dhaka,BG367,Biman,text,Duration: 4h 45m,,True,2026-02-17T11:23:38.382510
2026-03-28,CAN,departure,04:35,TAS Tashkent,C6512,Centrum Air,text,Duration: 7h 20m,,True,2026-02-17T11:23:38.382515
2026-03-28,CAN,departure,05:00,KTM Kathmandu,RA418,Nepal Airlines,text,Duration: 5h 10m,,True,2026-02-17T11:23:38.382520
2026-03-28,CAN,departure,05:00,DAC Dhaka,BS326,US-Bangla Airlines,text,Duration: 4h 10m,,True,2026-02-17T11:23:38.382526
2026-03-28,CAN,departure,05:00,KTI Phnom Penh,K6611,Air Cambodia,text,Duration: 2h 50m,,True,2026-02-17T11:23:38.382531
2026-03-28,CAN,departure,05:00,HKG Hong Kong,CX953,Cathay Pacific,text,Duration: 1h 20m,,True,2026-02-17T11:23:38.382537
2026-03-28,CAN,departure,05:35,CCU Kolkata,6E1704,IndiGo,text,Duration: 4h 45m,,True,2026-02-17T11:23:38.382542
2026-03-28,CAN,departure,05:50,DEL Delhi,6E1702,IndiGo,text,Duration: 6h 50m,,True,2026-02-17T11:23:38.382547
2026-03-28,CAN,departure,05:55,KTI Phnom Penh,9C7007,Spring Airlines,text,Duration: 3h 5m,,True,2026-02-17T11:23:38.382553
2026-03-28,CAN,departure,06:10,XUZ Xuzhou,GJ8059,Loong Air,text,Duration: 2h 20m,,True,2026-02-17T11:23:38.382559
2026-03-28,CAN,departure,06:10,JUH Chizhou,AQ1155,9 Air,text,Duration: 2h 10m,,True,2026-02-17T11:23:38.382564
2026-03-28,CAN,departure,06:15,CJU Jeju,9C6105,Spring Airlines,text,Duration: 3h 5m,,True,2026-02-17T11:23:38.382569
2026-03-28,CAN,departure,06:15,HFE Hefei,MU6551,China Eastern,text,Duration: 2h 15m,,True,2026-02-17T11:23:38.382575
2026-03-28,CAN,departure,06:20,XIY Xian,AQ1105,9 Air,text,Duration: 2h 30m,,True,2026-02-17T11:23:38.382580
2026-03-28,CAN,departure,06:20,ENH Enshi,GJ6031,Loong Air,text,Duration: 1h 50m,,True,2026-02-17T11:23:38.382586
2026-03-28,CAN,departure,06:20,CGO Zhengzhou,GJ8583,Loong Air,text,Duration: 2h 25m,,True,2026-02-17T11:23:38.382591
2026-03-28,CAN,departure,06:25,SJW Shijiazhuang,9C8899,Spring Airlines,text,Duration: 2h 55m,,True,2026-02-17T11:23:38.382597
2026-03-28,CAN,departure,06:25,SZH Shuozhou,AQ1723,9 Air,text,Duration: 3h 15m,,True,2026-02-17T11:23:38.382602
2026-03-28,CAN,departure,06:25,ALG Algiers,AH3181,Air Algerie,text,Duration: 15h 20m,,True,2026-02-17T11:23:38.382608
2026-03-28,CAN,departure,06:25,HGH Hangzhou,GJ8860,Loong Air,text,Duration: 2h 10m,,True,2026-02-17T11:23:38.382613
2026-03-28,CAN,departure,06:25,TFU Chengdu,3U6710,Sichuan Airlines,text,Duration: 2h 25m,,True,2026-02-17T11:23:38.382619
2026-03-28,CAN,departure,06:30,PEK Beijing,CA1386,Air China,text,Duration: 2h 50m,,True,2026-02-17T11:23:38.382624
2026-03-28,CAN,departure,06:30,HET Hohhot,GJ8567,Loong Air,text,Duration: 3h 15m,,True,2026-02-17T11:23:38.382629
2026-03-28,CAN,departure,06:30,WEH Weihai,MU6895,China Eastern,text,Duration: 3h 35m,,True,2026-02-17T11:23:38.382635
2026-03-28,CAN,departure,06:30,CNX Chiang Mai,9C8933,Spring Airlines,text,Duration: 3h 0m,,True,2026-02-17T11:23:38.382640
2026-03-28,CAN,departure,06:30,NGB Ningbo,9C7749,Spring Airlines,text,Duration: 2h 0m,,True,2026-02-17T11:23:38.382646
2026-03-28,CAN,departure,06:30,SHA Shanghai,9C6884,Spring Airlines,text,Duration: 2h 0m,,True,2026-02-17T11:23:38.382744
2026-03-28,CAN,departure,06:30,SJW Shijiazhuang,JD5355,Capital Airlines,text,Duration: 2h 30m,,True,2026-02-17T11:23:38.382752
2026-03-28,CAN,departure,06:35,WUX Wuxi,AQ1055,9 Air,text,Duration: 2h 10m,,True,2026-02-17T11:23:38.382758
2026-03-28,CAN,departure,06:35,CKG Chongqing,MU5795,China Eastern,text,Duration: 2h 20m,,True,2026-02-17T11:23:38.382763
2026-03-28,CAN,departure,06:35,CKG Chongqing,CZ3463,China Southern,text,Duration: 2h 20m,,True,2026-02-17T11:23:38.382769
2026-03-28,CAN,departure,06:35,DLU Dali City,CZ3481,China Southern,text,Duration: 3h 5m,,True,2026-02-17T11:23:38.382774
2026-03-28,CAN,departure,06:40,WUH Wuhan,MU6733,China Eastern,text,Duration: 2h 0m,,True,2026-02-17T11:23:38.382779
2026-03-28,CAN,departure,06:40,LYI Linyi,ZH8947,Shenzhen Airlines,text,Duration: 2h 35m,,True,2026-02-17T11:23:38.382785
2026-03-28,CAN,departure,06:40,NKG Nanjing,ZH9861,Shenzhen Airlines,text,Duration: 2h 10m,,True,2026-02-17T11:23:38.382790
2026-03-28,CAN,departure,06:40,HYN Taizhou,ZH8989,Shenzhen Airlines,text,Duration: 1h 55m,,True,2026-02-17T11:23:38.382796
2026-03-28,CAN,departure,06:40,LZO Luzhou,CA4352,Air China,text,Duration: 2h 15m,,True,2026-02-17T11:23:38.382801
2026-03-28,CAN,departure,06:40,ENY Yan'an,CZ3223,China Southern,text,Duration: 2h 55m,,True,2026-02-17T11:23:38.382807
2026-03-28,CAN,departure,06:45,LHW Lanzhou,9C7395,Spring Airlines,text,Duration: 3h 30m,,True,2026-02-17T11:23:38.382812
2026-03-28,CAN,departure,06:45,PVG Shanghai,AQ1005,9 Air,text,Duration: 2h 30m,,True,2026-02-17T11:23:38.382817
2026-03-28,CAN,departure,06:45,ACX Xingyi,CZ3923,China Southern,text,Duration: 2h 25m,,True,2026-02-17T11:23:38.382823
2026-03-28,CAN,departure,06:45,XNN Xining,CZ6241,China Southern,text,Duration: 3h 40m,,True,2026-02-17T11:23:38.382829
2026-03-28,CAN,departure,06:50,WNZ Wenzhou,ZH9961,Shenzhen Airlines,text,Duration: 1h 40m,,True,2026-02-17T11:23:38.382834
2026-03-28,CAN,departure,06:50,JHG Jinghong,AQ1041,9 Air,text,Duration: 3h 0m,,True,2026-02-17T11:23:38.382839
2026-03-28,CAN,departure,06:50,WEF Weifang,AQ1721,9 Air,text,Duration: 2h 55m,,True,2026-02-17T11:23:38.382844
2026-03-28,CAN,departure,06:50,DOY Dongying,HU7259,Hainan Airlines,text,Duration: 2h 55m,,True,2026-02-17T11:23:38.382849
2026-03-28,CAN,departure,06:50,TAO Qingdao,ZH9995,Shenzhen Airlines,text,Duration: 3h 10m,,True,2026-02-17T11:23:38.382855
2026-03-28,CAN,departure,06:50,CKG Chongqing,3U8750,Sichuan Airlines,text,Duration: 2h 20m,,True,2026-02-17T11:23:38.382860
2026-03-28,CAN,departure,06:55,NKG Nanjing,AQ1033,9 Air,text,Duration: 2h 15m,,True,2026-02-17T11:23:38.382865
2026-03-28,CAN,departure,06:55,SHA Shanghai,HO1854,Juneyao Airlines,text,Duration: 2h 10m,,True,2026-02-17T11:23:38.382870
2026-03-28,CAN,departure,06:55,XIY Xian,MU6955,China Eastern,text,Duration: 2h 40m,,True,2026-02-17T11:23:38.382875
2026-03-28,CAN,departure,06:55,TSN Tianjin,BK2787,OkAir,text,Duration: 3h 0m,,True,2026-02-17T11:23:38.382880
2026-03-28,CAN,departure,06:55,ZYI Zunyi,CZ3929,China Southern,text,Duration: 2h 5m,,True,2026-02-17T11:23:38.382885
2026-03-28,CAN,departure,07:00,URC Urumqi,HU7223,Hainan Airlines,text,Duration: 5h 30m,,True,2026-02-17T11:23:38.382891
2026-03-28,CAN,departure,07:00,SHA Shanghai,CZ3533,China Southern,text,Duration: 2h 15m,,True,2026-02-17T11:23:38.382896
2026-03-28,CAN,departure,07:00,HET Hohhot,CZ3197,China Southern,text,Duration: 3h 5m,,True,2026-02-17T11:23:38.382902
2026-03-28,CAN,departure,07:00,KMG Kunming,CZ3497,China Southern,text,Duration: 2h 45m,,True,2026-02-17T11:23:38.382907
2026-03-28,CAN,departure,07:05,PVG Shanghai,HU7131,Hainan Airlines,text,Duration: 2h 15m,,True,2026-02-17T11:23:38.382912
2026-03-28,CAN,departure,07:05,SYX Sanya,CZ6738,China Southern,text,Duration: 1h 45m,,True,2026-02-17T11:23:38.382917
2026-03-28,CAN,departure,07:05,NKG Nanjing,HU7113,Hainan Airlines,text,Duration: 2h 15m,,True,2026-02-17T11:23:38.382923
2026-03-28,CAN,departure,07:05,HZA Heze,CZ3125,China Southern,text,Duration: 2h 35m,,True,2026-02-17T11:23:38.382928
2026-03-28,CAN,departure,07:05,XMN Xiamen,CZ3723,China Southern,text,Duration: 1h 25m,,True,2026-02-17T11:23:38.382934
2026-03-28,CAN,departure,07:10,HGH Hangzhou,JD5269,Capital Airlines,text,Duration: 1h 35m,,True,2026-02-17T11:23:38.382939
2026-03-28,CAN,departure,07:10,XUZ Xuzhou,CZ3257,China Southern,text,Duration: 2h 15m,,True,2026-02-17T11:23:38.382945
2026-03-28,CAN,departure,07:10,LJG Lijiang,CZ6603,China Southern,text,Duration: 3h 0m,,True,2026-02-17T11:23:38.382950
2026-03-28,CAN,departure,07:15,PEK Beijing,ZH9147,Shenzhen Airlines,text,Duration: 3h 5m,,True,2026-02-17T11:23:38.382956
2026-03-28,CAN,departure,07:15,WHA Wuhu,CZ3315,China Southern,text,Duration: 2h 10m,,True,2026-02-17T11:23:38.382961
2026-03-28,CAN,departure,07:15,SHS Shashi,CZ6659,China Southern,text,Duration: 1h 50m,,True,2026-02-17T11:23:38.382967
2026-03-28,CAN,departure,07:15,LYA Luoyang,CZ3363,China Southern,text,Duration: 2h 30m,,True,2026-02-17T11:23:38.382972
2026-03-28,CAN,departure,07:20,XIY Xian,HU7828,Hainan Airlines,text,Duration: 2h 45m,,True,2026-02-17T11:23:38.382978
2026-03-28,CAN,departure,07:20,JHG Jinghong,OQ2103,Chongqing Airlines,text,Duration: 3h 15m,,True,2026-02-17T11:23:38.382983
2026-03-28,CAN,departure,07:20,DLC Dalian,CZ6448,China Southern,text,Duration: 3h 30m,,True,2026-02-17T11:23:38.382988
2026-03-28,CAN,departure,07:20,XIY Xian,CZ3201,China Southern,text,Duration: 2h 40m,,True,2026-02-17T11:23:38.382994
2026-03-28,CAN,departure,07:20,YIH Yichang,CZ3299,China Southern,text,Duration: 1h 55m,,True,2026-02-17T11:23:38.382999
2026-03-28,CAN,departure,07:25,URC Urumqi,AQ1061,9 Air,text,Duration: 5h 35m,,True,2026-02-17T11:23:38.383004
2026-03-28,CAN,departure,07:25,DLU Dali City,MU9742,China Eastern,text,Duration: 2h 55m,,True,2026-02-17T11:23:38.383009
2026-03-28,CAN,departure,07:25,KHN Nanchang,CZ3375,China Southern,text,Duration: 1h 50m,,True,2026-02-17T11:23:38.383106
2026-03-28,CAN,departure,07:25,HFE Hefei,CZ3813,China Southern,text,Duration: 2h 10m,,True,2026-02-17T11:23:38.383114
2026-03-28,CAN,departure,07:30,CGO Zhengzhou,CZ3971,China Southern,text,Duration: 2h 10m,,True,2026-02-17T11:23:38.383119
2026-03-28,CAN,departure,07:30,PVG Shanghai,MU5326,China Eastern,text,Duration: 2h 25m,,True,2026-02-17T11:23:38.383125
2026-03-28,CAN,departure,07:30,HAK Haikou,CZ6772,China Southern,text,Duration: 1h 45m,,True,2026-02-17T11:23:38.383130
2026-03-28,CAN,departure,07:35,DLU Dali City,OQ2039,Chongqing Airlines,text,Duration: 3h 10m,,True,2026-02-17T11:23:38.383136
2026-03-28,CAN,departure,07:35,TSN Tianjin,JD5185,Capital Airlines,text,Duration: 3h 20m,,True,2026-02-17T11:23:38.383141
2026-03-28,CAN,departure,07:35,WNZ Wenzhou,CZ3811,China Southern,text,Duration: 1h 45m,,True,2026-02-17T11:23:38.383146
2026-03-28,CAN,departure,07:35,CKG Chongqing,CA4354,Air China,text,Duration: 2h 10m,,True,2026-02-17T11:23:38.383152
2026-03-28,CAN,departure,07:35,SYX Sanya,HU7308,Hainan Airlines,text,Duration: 1h 40m,,True,2026-02-17T11:23:38.383158
2026-03-28,CAN,departure,07:35,INC Yinchuan,CZ3269,China Southern,text,Duration: 3h 10m,,True,2026-02-17T11:23:38.383163
2026-03-28,CAN,departure,07:40,LUM Mangshi,OQ2025,Chongqing Airlines,text,Duration: 3h 15m,,True,2026-02-17T11:23:38.383169
2026-03-28,CAN,departure,07:40,TAO Qingdao,AQ1019,9 Air,text,Duration: 3h 5m,,True,2026-02-17T11:23:38.383174
2026-03-28,CAN,departure,07:40,CKG Chongqing,JD5227,Capital Airlines,text,Duration: 2h 0m,,True,2026-02-17T11:23:38.383180
2026-03-28,CAN,departure,07:40,YCU Yuncheng,CA4594,Air China,text,Duration: 2h 40m,,True,2026-02-17T11:23:38.383185
2026-03-28,CAN,departure,07:40,NTG Nantong,CZ3637,China Southern,text,Duration: 2h 30m,,True,2026-02-17T11:23:38.383190
2026-03-28,CAN,departure,07:40,NGB Ningbo,MU6949,China Eastern,text,Duration: 2h 5m,,True,2026-02-17T11:23:38.383196
2026-03-28,CAN,departure,07:40,HRB Harbin,CZ3615,China Southern,text,Duration: 4h 0m,,True,2026-02-17T11:23:38.383201
2026-03-28,CAN,departure,07:45,WUX Wuxi,MU2818,China Eastern,text,Duration: 2h 20m,,True,2026-02-17T11:23:38.383206
2026-03-28,CAN,departure,07:45,CZX Changzhou,ZH9653,Shenzhen Airlines,text,Duration: 2h 20m,,True,2026-02-17T11:23:38.383211
2026-03-28,CAN,departure,07:45,ADD Addis Ababa,ET617,Ethiopian,text,Duration: 10h 45m,,True,2026-02-17T11:23:38.383217
2026-03-28,CAN,departure,07:45,YTY Yangzhou,ZH8905,Shenzhen Airlines,text,Duration: 2h 20m,,True,2026-02-17T11:23:38.383222
2026-03-28,CAN,departure,07:45,CGQ Changchun,CZ6276,China Southern,text,Duration: 4h 15m,,True,2026-02-17T11:23:38.383227
2026-03-28,CAN,departure,07:50,SJW Shijiazhuang,OQ2133,Chongqing Airlines,text,Duration: 2h 50m,,True,2026-02-17T11:23:38.383232
2026-03-28,CAN,departure,07:50,TSN Tianjin,CA4547,Air China,text,Duration: 3h 5m,,True,2026-02-17T11:23:38.383237
2026-03-28,CAN,departure,07:50,HGH Hangzhou,MU6991,China Eastern,text,Duration: 2h 10m,,True,2026-02-17T11:23:38.383243
2026-03-28,CAN,departure,07:50,KMG Kunming,HU7207,Hainan Airlines,text,Duration: 2h 35m,,True,2026-02-17T11:23:38.383248
2026-03-28,CAN,departure,07:50,TFU Chengdu,JD5161,Capital Airlines,text,Duration: 2h 15m,,True,2026-02-17T11:23:38.383253
2026-03-28,CAN,departure,07:50,FUG Fuyang,CZ3931,China Southern,text,Duration: 2h 10m,,True,2026-02-17T11:23:38.383258
2026-03-28,CAN,departure,07:50,HGH Hangzhou,HU7161,Hainan Airlines,text,Duration: 2h 15m,,True,2026-02-17T11:23:38.383264
2026-03-28,CAN,departure,07:55,PKX Beijing,MU6302,China Eastern,text,Duration: 3h 0m,,True,2026-02-17T11:23:38.383269
2026-03-28,CAN,departure,07:55,TPE Taipei,HU7981,Hainan Airlines,text,Duration: 2h 5m,,True,2026-02-17T11:23:38.383274
2026-03-28,CAN,departure,07:55,CGO Zhengzhou,HU7269,Hainan Airlines,text,Duration: 2h 20m,,True,2026-02-17T11:23:38.383280
2026-03-28,CAN,departure,07:55,HFE Hefei,ZH9987,Shenzhen Airlines,text,Duration: 2h 5m,,True,2026-02-17T11:23:38.383285
2026-03-28,CAN,departure,07:55,HAK Haikou,HU7002,Hainan Airlines,text,Duration: 1h 35m,,True,2026-02-17T11:23:38.383290
2026-03-28,CAN,departure,08:00,SHE Shenyang,OQ2127,Chongqing Airlines,text,Duration: 3h 50m,,True,2026-02-17T11:23:38.383295
2026-03-28,CAN,departure,08:00,SYD Sydney,CZ301,China Southern,text,Duration: 9h 20m,,True,2026-02-17T11:23:38.383300
2026-03-28,CAN,departure,08:00,AQG Anqing,CZ3319,China Southern,text,Duration: 1h 50m,,True,2026-02-17T11:23:38.383306
2026-03-28,CAN,departure,08:00,JJN Jinjiang,CZ3283,China Southern,text,Duration: 1h 25m,,True,2026-02-17T11:23:38.383311
2026-03-28,CAN,departure,08:00,TSN Tianjin,CA2806,Air China,text,Duration: 3h 0m,,True,2026-02-17T11:23:38.383316
2026-03-28,CAN,departure,08:00,PEK Beijing,HU7802,Hainan Airlines,text,Duration: 3h 0m,,True,2026-02-17T11:23:38.383321
2026-03-28,CAN,departure,08:00,PEK Beijing,CA1310,Air China,text,Duration: 3h 15m,,True,2026-02-17T11:23:38.383326
2026-03-28,CAN,departure,08:00,PKX Beijing,CZ3101,China Southern,text,Duration: 3h 0m,,True,2026-02-17T11:23:38.383331
2026-03-28,CAN,departure,08:00,SHA Shanghai,CZ3523,China Southern,text,Duration: 2h 10m,,True,2026-02-17T11:23:38.383337
2026-03-28,CAN,departure,08:05,NKG Nanjing,AQ1029,9 Air,text,Duration: 2h 10m,,True,2026-02-17T11:23:38.383342
2026-03-28,CAN,departure,08:05,RGN Yangon,CZ3055,China Southern,text,Duration: 3h 25m,,True,2026-02-17T11:23:38.383348
2026-03-28,CAN,departure,08:05,BKK Bangkok,CZ357,China Southern,text,Duration: 3h 5m,,True,2026-02-17T11:23:38.383353
2026-03-28,CAN,departure,08:05,KMG Kunming,CZ3409,China Southern,text,Duration: 2h 30m,,True,2026-02-17T11:23:38.383359
2026-03-28,CAN,departure,08:05,WUX Wuxi,ZH9821,Shenzhen Airlines,text,Duration: 2h 15m,,True,2026-02-17T11:23:38.383364
2026-03-28,CAN,departure,08:10,CGK Jakarta,CZ3037,China Southern,text,Duration: 5h 0m,,True,2026-02-17T11:23:38.383370
2026-03-28,CAN,departure,08:10,TSN Tianjin,OQ2123,Chongqing Airlines,text,Duration: 3h 0m,,True,2026-02-17T11:23:38.383458
2026-03-28,CAN,departure,08:10,HRB Harbin,ZH9671,Shenzhen Airlines,text,Duration: 4h 15m,,True,2026-02-17T11:23:38.383466
2026-03-28,CAN,departure,08:10,URC Urumqi,CZ6886,China Southern,text,Duration: 5h 30m,,True,2026-02-17T11:23:38.383471
2026-03-28,CAN,departure,08:10,HGH Hangzhou,CZ3521,China Southern,text,Duration: 2h 10m,,True,2026-02-17T11:23:38.383477
2026-03-28,CAN,departure,08:15,NGB Ningbo,CZ3777,China Southern,text,Duration: 2h 0m,,True,2026-02-17T11:23:38.383482
2026-03-28,CAN,departure,08:15,NKG Nanjing,CZ3843,China Southern,text,Duration: 2h 15m,,True,2026-02-17T11:23:38.383487
2026-03-28,CAN,departure,08:15,SIN Singapore,CZ353,China Southern,text,Duration: 4h 10m,,True,2026-02-17T11:23:38.383493
2026-03-28,CAN,departure,08:15,KTM Kathmandu,CZ6067,China Southern,text,Duration: 5h 30m,,True,2026-02-17T11:23:38.383498
2026-03-28,CAN,departure,08:15,"JUZ Quzhou, Zhejiang Province",CZ6289,China Southern,text,Duration: 1h 50m,,True,2026-02-17T11:23:38.383504
2026-03-28,CAN,departure,08:15,TYN Taiyuan,CZ3701,China Southern,text,Duration: 2h 35m,,True,2026-02-17T11:23:38.383509
2026-03-28,CAN,departure,08:20,TAO Qingdao,CZ3519,China Southern,text,Duration: 2h 55m,,True,2026-02-17T11:23:38.383515
2026-03-28,CAN,departure,08:20,MNL Manila,CZ3091,China Southern,text,Duration: 2h 30m,,True,2026-02-17T11:23:38.383520
2026-03-28,CAN,departure,08:25,URC Urumqi,CA9673,Air China,text,Duration: 5h 45m,,True,2026-02-17T11:23:38.383525
2026-03-28,CAN,departure,08:25,TNA Jinan,ZH9971,Shenzhen Airlines,text,Duration: 2h 40m,,True,2026-02-17T11:23:38.383531
2026-03-28,CAN,departure,08:25,XIY Xian,ZH9221,Shenzhen Airlines,text,Duration: 2h 50m,,True,2026-02-17T11:23:38.383536
2026-03-28,CAN,departure,08:25,CGO Zhengzhou,CZ8533,China Southern,text,Duration: 2h 25m,,True,2026-02-17T11:23:38.383541
2026-03-28,CAN,departure,08:30,PVG Shanghai,HU7431,Hainan Airlines,text,Duration: 2h 25m,,True,2026-02-17T11:23:38.383547
2026-03-28,CAN,departure,08:30,KWE Guiyang,CZ6420,China Southern,text,Duration: 1h 45m,,True,2026-02-17T11:23:38.383552
2026-03-28,CAN,departure,08:30,SHA Shanghai,MU5302,China Eastern,text,Duration: 2h 30m,,True,2026-02-17T11:23:38.383557
2026-03-28,CAN,departure,08:30,KUL Kuala Lumpur,CZ349,China Southern,text,Duration: 4h 15m,,True,2026-02-17T11:23:38.383563
2026-03-28,CAN,departure,08:30,CTU Chengdu,CA4327,Air China,text,Duration: 2h 30m,,True,2026-02-17T11:23:38.383568
2026-03-28,CAN,departure,08:30,CTU Chengdu,CZ3401,China Southern,text,Duration: 2h 45m,,True,2026-02-17T11:23:38.383573
2026-03-28,CAN,departure,08:40,SWA Jieyang,CZ3892,China Southern,text,Duration: 1h 10m,,True,2026-02-17T11:23:38.383579
2026-03-28,CAN,departure,08:40,PVG Shanghai,ZH9533,Shenzhen Airlines,text,Duration: 2h 20m,,True,2026-02-17T11:23:38.383585
2026-03-28,CAN,departure,08:40,NKG Nanjing,ZH9863,Shenzhen Airlines,text,Duration: 2h 20m,,True,2026-02-17T11:23:38.383590
2026-03-28,CAN,departure,08:40,HAK Haikou,HU7004,Hainan Airlines,text,Duration: 1h 15m,,True,2026-02-17T11:23:38.383596
2026-03-28,CAN,departure,08:40,DLU Dali City,CZ6595,China Southern,text,Duration: 3h 0m,,True,2026-02-17T11:23:38.383601
2026-03-28,CAN,departure,08:45,PZI Pan Zhi Hua,CZ3933,China Southern,text,Duration: 2h 30m,,True,2026-02-17T11:23:38.383607
2026-03-28,CAN,departure,08:45,YTY Yangzhou,ZH9693,Shenzhen Airlines,text,Duration: 2h 20m,,True,2026-02-17T11:23:38.383612
2026-03-28,CAN,departure,08:45,SGN Ho Chi Minh City,CZ8159,China Southern,text,Duration: 2h 55m,,True,2026-02-17T11:23:38.383618
2026-03-28,CAN,departure,08:50,YBP Yibin,3U3053,Sichuan Airlines,text,Duration: 2h 20m,,True,2026-02-17T11:23:38.383623
2026-03-28,CAN,departure,08:50,HND Tokyo,CZ385,China Southern,text,Duration: 3h 45m,,True,2026-02-17T11:23:38.383628
2026-03-28,CAN,departure,08:50,WUX Wuxi,ZH9823,Shenzhen Airlines,text,Duration: 2h 15m,,True,2026-02-17T11:23:38.383634
2026-03-28,CAN,departure,08:55,TCZ Tengchong,CZ6663,China Southern,text,Duration: 3h 15m,,True,2026-02-17T11:23:38.383639
2026-03-28,CAN,departure,08:55,MEL Melbourne,CZ343,China Southern,text,Duration: 9h 35m,,True,2026-02-17T11:23:38.383645
2026-03-28,CAN,departure,08:55,YCU Yuncheng,CZ3921,China Southern,text,Duration: 2h 40m,,True,2026-02-17T11:23:38.383650
2026-03-28,CAN,departure,09:00,BKK Bangkok,9C7419,Spring Airlines,text,Duration: 3h 0m,,True,2026-02-17T11:23:38.383655
2026-03-28,CAN,departure,09:00,HZG Hanzhong,AQ1153,9 Air,text,Duration: 2h 35m,,True,2026-02-17T11:23:38.383660
2026-03-28,CAN,departure,09:00,DIG Diqing,MU5774,China Eastern,text,Duration: 3h 30m,,True,2026-02-17T11:23:38.383665
2026-03-28,CAN,departure,09:00,PVG Shanghai,MU5328,China Eastern,text,Duration: 2h 15m,,True,2026-02-17T11:23:38.383671
2026-03-28,CAN,departure,09:00,TFU Chengdu,CA4310,Air China,text,Duration: 2h 25m,,True,2026-02-17T11:23:38.383676
2026-03-28,CAN,departure,09:00,PVG Shanghai,CZ8211,China Southern,text,Duration: 2h 25m,,True,2026-02-17T11:23:38.383681
2026-03-28,CAN,departure,09:00,VTE Vientiane,CZ8147,China Southern,text,Duration: 2h 30m,,True,2026-02-17T11:23:38.383686
2026-03-28,CAN,departure,09:00,PKX Beijing,CZ3099,China Southern,text,Duration: 3h 5m,,True,2026-02-17T11:23:38.383691
2026-03-28,CAN,departure,09:05,CSX Changsha,CZ3380,China Southern,text,Duration: 1h 40m,,True,2026-02-17T11:23:38.383696
2026-03-28,CAN,departure,09:05,DAC Dhaka,CZ5015,China Southern,text,Duration: 4h 25m,,True,2026-02-17T11:23:38.383701
2026-03-28,CAN,departure,09:05,KTI Phnom Penh,CZ8313,China Southern,text,Duration: 2h 45m,,True,2026-02-17T11:23:38.383707
2026-03-28,CAN,departure,09:05,TNA Jinan,CZ3509,China Southern,text,Duration: 2h 40m,,True,2026-02-17T11:23:38.383712
2026-03-28,CAN,departure,09:05,SHA Shanghai,CA1838,Air China,text,Duration: 2h 15m,,True,2026-02-17T11:23:38.383717
2026-03-28,CAN,departure,09:05,KMG Kunming,CZ3493,China Southern,text,Duration: 2h 50m,,True,2026-02-17T11:23:38.383722
2026-03-28,CAN,departure,09:05,XIY Xian,CZ3237,China Southern,text,Duration: 2h 35m,,True,2026-02-17T11:23:38.383800
2026-03-28,CAN,departure,09:10,YIW Yiwu,CZ3304,China Southern,text,Duration: 1h 40m,,True,2026-02-17T11:23:38.383808
2026-03-28,CAN,departure,09:10,CGQ Changchun,CZ6378,China Southern,text,Duration: 4h 15m,,True,2026-02-17T11:23:38.383814
2026-03-28,CAN,departure,09:10,HGH Hangzhou,CZ3803,China Southern,text,Duration: 2h 10m,,True,2026-02-17T11:23:38.383819
2026-03-28,CAN,departure,09:10,SHA Shanghai,MU5304,China Eastern,text,Duration: 2h 15m,,True,2026-02-17T11:23:38.383824
2026-03-28,CAN,departure,09:10,FOC Fuzhou,CZ3505,China Southern,text,Duration: 1h 35m,,True,2026-02-17T11:23:38.383830
2026-03-28,CAN,departure,09:15,CGO Zhengzhou,CZ5763,China Southern,text,Duration: 2h 25m,,True,2026-02-17T11:23:38.383835
2026-03-28,CAN,departure,09:15,CZX Changzhou,CZ3907,China Southern,text,Duration: 2h 10m,,True,2026-02-17T11:23:38.383841
2026-03-28,CAN,departure,09:15,HET Hohhot,CA1382,Air China,text,Duration: 3h 5m,,True,2026-02-17T11:23:38.383846
2026-03-28,CAN,departure,09:15,NNY Nanyang,CZ3221,China Southern,text,Duration: 2h 5m,,True,2026-02-17T11:23:38.383851
2026-03-28,CAN,departure,09:15,PEK Beijing,HU7804,Hainan Airlines,text,Duration: 3h 0m,,True,2026-02-17T11:23:38.383857
2026-03-28,CAN,departure,09:15,BKK Bangkok,CZ8079,China Southern,text,Duration: 3h 10m,,True,2026-02-17T11:23:38.383862
2026-03-28,CAN,departure,09:20,LHW Lanzhou,MU2220,China Eastern,text,Duration: 3h 25m,,True,2026-02-17T11:23:38.383868
2026-03-28,CAN,departure,09:20,DLC Dalian,CZ6245,China Southern,text,Duration: 3h 20m,,True,2026-02-17T11:23:38.383873
2026-03-28,CAN,departure,09:20,NKG Nanjing,CZ3513,China Southern,text,Duration: 2h 10m,,True,2026-02-17T11:23:38.383878
2026-03-28,CAN,departure,09:20,YTY Yangzhou,CZ8213,China Southern,text,Duration: 2h 15m,,True,2026-02-17T11:23:38.383884
2026-03-28,CAN,departure,09:20,CTU Chengdu,3U8740,Sichuan Airlines,text,Duration: 2h 40m,,True,2026-02-17T11:23:38.383889
2026-03-28,CAN,departure,09:25,SYX Sanya,CZ5518,China Southern,text,Duration: 1h 25m,,True,2026-02-17T11:23:38.383894
2026-03-28,CAN,departure,09:25,TNA Jinan,HU7209,Hainan Airlines,text,Duration: 2h 45m,,True,2026-02-17T11:23:38.383899
2026-03-28,CAN,departure,09:25,HAN Hanoi,CZ3049,China Southern,text,Duration: 2h 15m,,True,2026-02-17T11:23:38.383905
2026-03-28,CAN,departure,09:25,KUL Kuala Lumpur,CZ3047,China Southern,text,Duration: 4h 15m,,True,2026-02-17T11:23:38.383910
2026-03-28,CAN,departure,09:30,HAK Haikou,CZ6774,China Southern,text,Duration: 1h 20m,,True,2026-02-17T11:23:38.383916
2026-03-28,CAN,departure,09:30,NNG Nanning,CZ3292,China Southern,text,Duration: 1h 40m,,True,2026-02-17T11:23:38.383921
2026-03-28,CAN,departure,09:30,ICN Seoul,CZ337,China Southern,text,Duration: 3h 20m,,True,2026-02-17T11:23:38.383927
2026-03-28,CAN,departure,09:30,CTU Chengdu,CZ3437,China Southern,text,Duration: 2h 25m,,True,2026-02-17T11:23:38.383932
2026-03-28,CAN,departure,09:30,PEK Beijing,CA1380,Air China,text,Duration: 2h 55m,,True,2026-02-17T11:23:38.383938
2026-03-28,CAN,departure,09:30,WUH Wuhan,CZ6608,China Southern,text,Duration: 1h 55m,,True,2026-02-17T11:23:38.383943
2026-03-28,CAN,departure,09:35,CGO Zhengzhou,PN6382,West Air (China),text,Duration: 2h 10m,,True,2026-02-17T11:23:38.383949
2026-03-28,CAN,departure,09:35,CKG Chongqing,CZ3405,China Southern,text,Duration: 2h 20m,,True,2026-02-17T11:23:38.383955
2026-03-28,CAN,departure,09:50,CTU Chengdu,MU6851,China Eastern,text,Duration: 2h 30m,,True,2026-02-17T11:23:38.383960
2026-03-28,CAN,departure,09:50,INC Yinchuan,ZH8941,Shenzhen Airlines,text,Duration: 3h 20m,,True,2026-02-17T11:23:38.383965
2026-03-28,CAN,departure,09:50,TNA Jinan,ZH9973,Shenzhen Airlines,text,Duration: 2h 45m,,True,2026-02-17T11:23:38.383970
2026-03-28,CAN,departure,09:50,HAK Haikou,AQ1023,9 Air,text,Duration: 1h 30m,,True,2026-02-17T11:23:38.383976
2026-03-28,CAN,departure,09:50,KIX Osaka,AQ1259,9 Air,text,Duration: 3h 55m,,True,2026-02-17T11:23:38.383981
2026-03-28,CAN,departure,09:55,LYG Lianyungang,AQ1179,9 Air,text,Duration: 2h 20m,,True,2026-02-17T11:23:38.383987
2026-03-28,CAN,departure,09:55,TFU Chengdu,HU7151,Hainan Airlines,text,Duration: 2h 35m,,True,2026-02-17T11:23:38.383992
2026-03-28,CAN,departure,09:55,CKG Chongqing,HU7141,Hainan Airlines,text,Duration: 2h 25m,,True,2026-02-17T11:23:38.383997
2026-03-28,CAN,departure,10:00,YIC Yichun,HU7201,Hainan Airlines,text,Duration: 1h 35m,,True,2026-02-17T11:23:38.384002
2026-03-28,CAN,departure,10:00,SHE Shenyang,CZ6332,China Southern,text,Duration: 3h 55m,,True,2026-02-17T11:23:38.384008
2026-03-28,CAN,departure,10:00,TYN Taiyuan,CZ3713,China Southern,text,Duration: 2h 40m,,True,2026-02-17T11:23:38.384014
2026-03-28,CAN,departure,10:00,PKX Beijing,CZ3121,China Southern,text,Duration: 3h 10m,,True,2026-02-17T11:23:38.384019
2026-03-28,CAN,departure,10:00,SHA Shanghai,CZ8525,China Southern,text,Duration: 2h 15m,,True,2026-02-17T11:23:38.384024
2026-03-28,CAN,departure,10:05,CKG Chongqing,CA4362,Air China,text,Duration: 1h 50m,,True,2026-02-17T11:23:38.384030
2026-03-28,CAN,departure,10:05,URC Urumqi,CZ6882,China Southern,text,Duration: 5h 20m,,True,2026-02-17T11:23:38.384035
2026-03-28,CAN,departure,10:10,XMN Xiamen,MF8302,XiamenAir,text,Duration: 1h 20m,,True,2026-02-17T11:23:38.384040
2026-03-28,CAN,departure,10:10,CKG Chongqing,3U8746,Sichuan Airlines,text,Duration: 2h 0m,,True,2026-02-17T11:23:38.384045
2026-03-28,CAN,departure,10:10,HGH Hangzhou,CZ3863,China Southern,text,Duration: 2h 0m,,True,2026-02-17T11:23:38.384050
2026-03-28,CAN,departure,10:15,NKG Nanjing,CZ3599,China Southern,text,Duration: 2h 15m,,True,2026-02-17T11:23:38.384056
2026-03-28,CAN,departure,10:15,HKG Hong Kong,CX983,Cathay Pacific,text,Duration: 1h 30m,,True,2026-02-17T11:23:38.384061
2026-03-28,CAN,departure,10:20,HFE Hefei,CZ3397,China Southern,text,Duration: 2h 5m,,True,2026-02-17T11:23:38.384067
2026-03-28,CAN,departure,10:25,KUL Kuala Lumpur,AK113,AirAsia,text,Duration: 4h 20m,,True,2026-02-17T11:23:38.384182
2026-03-28,CAN,departure,10:25,CGO Zhengzhou,CZ3960,China Southern,text,Duration: 2h 25m,,True,2026-02-17T11:23:38.384194
2026-03-28,CAN,departure,10:25,KMG Kunming,3U8206,Sichuan Airlines,text,Duration: 2h 35m,,True,2026-02-17T11:23:38.384202
2026-03-28,CAN,departure,10:25,KIX Osaka,CZ8107,China Southern,text,Duration: 3h 35m,,True,2026-02-17T11:23:38.384209
2026-03-28,CAN,departure,10:25,HRB Harbin,CZ3913,China Southern,text,Duration: 4h 15m,,True,2026-02-17T11:23:38.384216
2026-03-28,CAN,departure,10:30,HYN Taizhou,MU2475,China Eastern,text,Duration: 2h 0m,,True,2026-02-17T11:23:38.384223
2026-03-28,CAN,departure,10:30,PEK Beijing,CA1330,Air China,text,Duration: 3h 5m,,True,2026-02-17T11:23:38.384229
2026-03-28,CAN,departure,10:30,SHA Shanghai,MU5306,China Eastern,text,Duration: 2h 10m,,True,2026-02-17T11:23:38.384236
2026-03-28,CAN,departure,10:30,JNG Jining,CZ3953,China Southern,text,Duration: 2h 40m,,True,2026-02-17T11:23:38.384243
2026-03-28,CAN,departure,10:30,BKK Bangkok,CZ8099,China Southern,text,Duration: 3h 25m,,True,2026-02-17T11:23:38.384250
2026-03-28,CAN,departure,10:30,HAK Haikou,CZ6776,China Southern,text,Duration: 1h 20m,,True,2026-02-17T11:23:38.384257
2026-03-28,CAN,departure,10:35,NGB Ningbo,OQ2027,Chongqing Airlines,text,Duration: 2h 0m,,True,2026-02-17T11:23:38.384264
2026-03-28,CAN,departure,10:35,KWE Guiyang,CZ6393,China Southern,text,Duration: 1h 50m,,True,2026-02-17T11:23:38.384270
2026-03-28,CAN,departure,10:35,WNZ Wenzhou,CZ3763,China Southern,text,Duration: 1h 50m,,True,2026-02-17T11:23:38.384277
2026-03-28,CAN,departure,10:35,WUX Wuxi,CZ3917,China Southern,text,Duration: 2h 25m,,True,2026-02-17T11:23:38.384283
2026-03-28,CAN,departure,10:40,WUX Wuxi,ZH9825,Shenzhen Airlines,text,Duration: 2h 15m,,True,2026-02-17T11:23:38.384290
2026-03-28,CAN,departure,10:40,DYG Dayong,CZ3381,China Southern,text,Duration: 1h 50m,,True,2026-02-17T11:23:38.384297
2026-03-28,CAN,departure,10:40,WDS Shiyan,CZ3335,China Southern,text,Duration: 2h 20m,,True,2026-02-17T11:23:38.384303
2026-03-28,CAN,departure,10:40,TSN Tianjin,CZ3301,China Southern,text,Duration: 3h 10m,,True,2026-02-17T11:23:38.384310
2026-03-28,CAN,departure,10:45,PVG Shanghai,CZ3550,China Southern,text,Duration: 2h 25m,,True,2026-02-17T11:23:38.384318
2026-03-28,CAN,departure,10:45,YNT Yantai,CZ8777,China Southern,text,Duration: 3h 10m,,True,2026-02-17T11:23:38.384325
2026-03-28,CAN,departure,10:45,SYX Sanya,CZ6782,China Southern,text,Duration: 1h 50m,,True,2026-02-17T11:23:38.384331
2026-03-28,CAN,departure,10:45,CGQ Changchun,CZ5175,China Southern,text,Duration: 4h 15m,,True,2026-02-17T11:23:38.384337
2026-03-28,CAN,departure,10:45,CTU Chengdu,EU2236,Chengdu Airlines,text,Duration: 2h 30m,,True,2026-02-17T11:23:38.384343
2026-03-28,CAN,departure,10:45,SIN Singapore,TR101,Scoot,text,Duration: 4h 15m,,True,2026-02-17T11:23:38.384350
2026-03-28,CAN,departure,10:50,HFE Hefei,MU5288,China Eastern,text,Duration: 2h 0m,,True,2026-02-17T11:23:38.384357
2026-03-28,CAN,departure,10:50,MAD Madrid,CZ377,China Southern,text,Duration: 14h 40m,,True,2026-02-17T11:23:38.384363
2026-03-28,CAN,departure,10:50,HGH Hangzhou,CA1790,Air China,text,Duration: 1h 55m,,True,2026-02-17T11:23:38.384370
2026-03-28,CAN,departure,10:50,YIW Yiwu,CZ3883,China Southern,text,Duration: 1h 50m,,True,2026-02-17T11:23:38.384377
2026-03-28,CAN,departure,10:55,SHA Shanghai,9C8836,Spring Airlines,text,Duration: 2h 20m,,True,2026-02-17T11:23:38.384384
2026-03-28,CAN,departure,10:55,ICN Seoul,CZ3061,China Southern,text,Duration: 3h 20m,,True,2026-02-17T11:23:38.384391
2026-03-28,CAN,departure,10:55,XUZ Xuzhou,CZ5471,China Southern,text,Duration: 2h 30m,,True,2026-02-17T11:23:38.384397
2026-03-28,CAN,departure,10:55,XIY Xian,MU2312,China Eastern,text,Duration: 2h 35m,,True,2026-02-17T11:23:38.384403
2026-03-28,CAN,departure,10:55,KMG Kunming,CZ3415,China Southern,text,Duration: 2h 45m,,True,2026-02-17T11:23:38.384410
2026-03-28,CAN,departure,11:00,WUH Wuhan,CZ3348,China Southern,text,Duration: 1h 50m,,True,2026-02-17T11:23:38.384417
2026-03-28,CAN,departure,11:00,SHA Shanghai,CZ3537,China Southern,text,Duration: 2h 20m,,True,2026-02-17T11:23:38.384423
2026-03-28,CAN,departure,11:00,TAO Qingdao,CZ3799,China Southern,text,Duration: 2h 55m,,True,2026-02-17T11:23:38.384429
2026-03-28,CAN,departure,11:00,PKX Beijing,CZ3177,China Southern,text,Duration: 3h 5m,,True,2026-02-17T11:23:38.384436
2026-03-28,CAN,departure,11:05,NKG Nanjing,MU2908,China Eastern,text,Duration: 2h 10m,,True,2026-02-17T11:23:38.384442
2026-03-28,CAN,departure,11:05,NTG Nantong,ZH8693,Shenzhen Airlines,text,Duration: 2h 15m,,True,2026-02-17T11:23:38.384449
2026-03-28,CAN,departure,11:10,HGH Hangzhou,HU7461,Hainan Airlines,text,Duration: 1h 55m,,True,2026-02-17T11:23:38.384455
2026-03-28,CAN,departure,11:15,CTU Chengdu,TV9766,Tibet Airlines,text,Duration: 2h 25m,,True,2026-02-17T11:23:38.384461
2026-03-28,CAN,departure,11:15,PEK Beijing,HU7806,Hainan Airlines,text,Duration: 3h 10m,,True,2026-02-17T11:23:38.384468
2026-03-28,CAN,departure,11:15,HGH Hangzhou,MF8320,XiamenAir,text,Duration: 2h 0m,,True,2026-02-17T11:23:38.384474
2026-03-28,CAN,departure,11:20,TFU Chengdu,ZH9443,Shenzhen Airlines,text,Duration: 2h 25m,,True,2026-02-17T11:23:38.384480
2026-03-28,CAN,departure,11:20,KUL Kuala Lumpur,CZ8011,China Southern,text,Duration: 4h 20m,,True,2026-02-17T11:23:38.384487
2026-03-28,CAN,departure,11:20,KMG Kunming,MU5732,China Eastern,text,Duration: 2h 30m,,True,2026-02-17T11:23:38.384493
2026-03-28,CAN,departure,11:25,KMG Kunming,KY8280,Kunming Airlines,text,Duration: 2h 25m,,True,2026-02-17T11:23:38.384500
2026-03-28,CAN,departure,11:25,ALA Almaty,KC188,Air Astana,text,Duration: 6h 35m,,True,2026-02-17T11:23:38.384507
2026-03-28,CAN,departure,11:25,SHA Shanghai,HO1856,Juneyao Airlines,text,Duration: 2h 5m,,True,2026-02-17T11:23:38.384514
2026-03-28,CAN,departure,11:25,SHE Shenyang,CZ6308,China Southern,text,Duration: 3h 50m,,True,2026-02-17T11:23:38.384646
2026-03-28,CAN,departure,11:30,HAN Hanoi,ZH121,Shenzhen Airlines,text,Duration: 2h 15m,,True,2026-02-17T11:23:38.384656
2026-03-28,CAN,departure,11:30,SHA Shanghai,FM9306,Shanghai Airlines,text,Duration: 2h 5m,,True,2026-02-17T11:23:38.384663
2026-03-28,CAN,departure,11:30,HGH Hangzhou,3U3152,Sichuan Airlines,text,Duration: 1h 45m,,True,2026-02-17T11:23:38.384670
2026-03-28,CAN,departure,11:30,CTU Chengdu,CZ3443,China Southern,text,Duration: 2h 40m,,True,2026-02-17T11:23:38.384677
2026-03-28,CAN,departure,11:30,HAK Haikou,CZ6786,China Southern,text,Duration: 1h 35m,,True,2026-02-17T11:23:38.384684
2026-03-28,CAN,departure,11:35,CGO Zhengzhou,CZ6593,China Southern,text,Duration: 2h 20m,,True,2026-02-17T11:23:38.384691
2026-03-28,CAN,departure,11:35,TFU Chengdu,CA4320,Air China,text,Duration: 2h 30m,,True,2026-02-17T11:23:38.384699
2026-03-28,CAN,departure,11:35,HGH Hangzhou,MU5212,China Eastern,text,Duration: 2h 0m,,True,2026-02-17T11:23:38.384706
2026-03-28,CAN,departure,11:35,NGB Ningbo,CZ3517,China Southern,text,Duration: 1h 55m,,True,2026-02-17T11:23:38.384714
2026-03-28,CAN,departure,11:35,NKG Nanjing,ZH9867,Shenzhen Airlines,text,Duration: 2h 5m,,True,2026-02-17T11:23:38.384721
2026-03-28,CAN,departure,11:40,CKG Chongqing,OQ2306,Chongqing Airlines,text,Duration: 2h 20m,,True,2026-02-17T11:23:38.384727
2026-03-28,CAN,departure,11:40,WNZ Wenzhou,CA8526,Air China,text,Duration: 1h 50m,,True,2026-02-17T11:23:38.384733
2026-03-28,CAN,departure,11:40,PEK Beijing,CA1360,Air China,text,Duration: 3h 15m,,True,2026-02-17T11:23:38.384739
2026-03-28,CAN,departure,11:40,CKG Chongqing,HU7341,Hainan Airlines,text,Duration: 2h 15m,,True,2026-02-17T11:23:38.384745
2026-03-28,CAN,departure,11:40,BKK Bangkok,CZ5095,China Southern,text,Duration: 3h 0m,,True,2026-02-17T11:23:38.384750
2026-03-28,CAN,departure,11:45,TSN Tianjin,MF8314,XiamenAir,text,Duration: 3h 15m,,True,2026-02-17T11:23:38.384756
2026-03-28,CAN,departure,11:45,SJW Shijiazhuang,CZ3131,China Southern,text,Duration: 3h 0m,,True,2026-02-17T11:23:38.384761
2026-03-28,CAN,departure,11:50,SHA Shanghai,CA9668,Air China,text,Duration: 2h 5m,,True,2026-02-17T11:23:38.384767
2026-03-28,CAN,departure,11:50,SVO Moscow,SU221,Aeroflot,text,Duration: 10h 40m,,True,2026-02-17T11:23:38.384773
2026-03-28,CAN,departure,11:50,PKX Beijing,MU6304,China Eastern,text,Duration: 3h 0m,,True,2026-02-17T11:23:38.384778
2026-03-28,CAN,departure,11:50,TFU Chengdu,3U6702,Sichuan Airlines,text,Duration: 2h 25m,,True,2026-02-17T11:23:38.384783
2026-03-28,CAN,departure,11:55,TSN Tianjin,CA2802,Air China,text,Duration: 3h 0m,,True,2026-02-17T11:23:38.384789
2026-03-28,CAN,departure,11:55,XIY Xian,CZ3219,China Southern,text,Duration: 2h 40m,,True,2026-02-17T11:23:38.384794
2026-03-28,CAN,departure,11:55,XMN Xiamen,CZ3741,China Southern,text,Duration: 1h 30m,,True,2026-02-17T11:23:38.384799
2026-03-28,CAN,departure,11:55,WUX Wuxi,ZH9827,Shenzhen Airlines,text,Duration: 2h 10m,,True,2026-02-17T11:23:38.384805
2026-03-28,CAN,departure,12:00,TAO Qingdao,MU5256,China Eastern,text,Duration: 3h 5m,,True,2026-02-17T11:23:38.384810
2026-03-28,CAN,departure,12:00,MXZ Mei Xian,CZ3333,China Southern,text,Duration: 1h 5m,,True,2026-02-17T11:23:38.384816
2026-03-28,CAN,departure,12:00,TPE Taipei,CZ3097,China Southern,text,Duration: 2h 15m,,True,2026-02-17T11:23:38.384822
2026-03-28,CAN,departure,12:00,SHA Shanghai,CZ3539,China Southern,text,Duration: 2h 15m,,True,2026-02-17T11:23:38.384828
2026-03-28,CAN,departure,12:00,SYX Sanya,CZ6744,China Southern,text,Duration: 1h 35m,,True,2026-02-17T11:23:38.384834
2026-03-28,CAN,departure,12:00,PKX Beijing,CZ3103,China Southern,text,Duration: 2h 55m,,True,2026-02-17T11:23:38.384840
2026-03-28,CAN,departure,12:05,SHA Shanghai,9C6722,Spring Airlines,text,Duration: 2h 25m,,True,2026-02-17T11:23:38.384846
2026-03-28,CAN,departure,12:05,KUL Kuala Lumpur,CZ8347,China Southern,text,Duration: 4h 10m,,True,2026-02-17T11:23:38.384852
2026-03-28,CAN,departure,12:05,INC Yinchuan,MF8754,XiamenAir,text,Duration: 3h 20m,,True,2026-02-17T11:23:38.384858
2026-03-28,CAN,departure,12:05,URC Urumqi,CZ6888,China Southern,text,Duration: 5h 35m,,True,2026-02-17T11:23:38.384863
2026-03-28,CAN,departure,12:05,HET Hohhot,CZ3253,China Southern,text,Duration: 3h 10m,,True,2026-02-17T11:23:38.384868
2026-03-28,CAN,departure,12:10,TNA Jinan,SC1174,Shandong Airlines,text,Duration: 2h 35m,,True,2026-02-17T11:23:38.384874
2026-03-28,CAN,departure,12:10,HGH Hangzhou,CZ3869,China Southern,text,Duration: 2h 0m,,True,2026-02-17T11:23:38.384879
2026-03-28,CAN,departure,12:15,PVG Shanghai,HU7331,Hainan Airlines,text,Duration: 2h 15m,,True,2026-02-17T11:23:38.384885
2026-03-28,CAN,departure,12:15,CZX Changzhou,CZ3899,China Southern,text,Duration: 2h 15m,,True,2026-02-17T11:23:38.384890
2026-03-28,CAN,departure,12:15,PKX Beijing,MF8396,XiamenAir,text,Duration: 2h 55m,,True,2026-02-17T11:23:38.384895
2026-03-28,CAN,departure,12:15,SJW Shijiazhuang,NS3204,Hebei Airlines,text,Duration: 2h 45m,,True,2026-02-17T11:23:38.384901
2026-03-28,CAN,departure,12:15,WNZ Wenzhou,CZ3535,China Southern,text,Duration: 1h 50m,,True,2026-02-17T11:23:38.384906
2026-03-28,CAN,departure,12:15,CTU Chengdu,CA4306,Air China,text,Duration: 2h 30m,,True,2026-02-17T11:23:38.384912
2026-03-28,CAN,departure,12:15,XIY Xian,MU2326,China Eastern,text,Duration: 2h 50m,,True,2026-02-17T11:23:38.384917
2026-03-28,CAN,departure,12:20,HRB Harbin,ZH9677,Shenzhen Airlines,text,Duration: 4h 5m,,True,2026-02-17T11:23:38.384922
2026-03-28,CAN,departure,12:25,TFU Chengdu,AQ1115,9 Air,text,Duration: 2h 25m,,True,2026-02-17T11:23:38.384928
2026-03-28,CAN,departure,12:25,BKK Bangkok,CZ3081,China Southern,text,Duration: 3h 5m,,True,2026-02-17T11:23:38.384933
2026-03-28,CAN,departure,12:25,KMG Kunming,CZ3447,China Southern,text,Duration: 2h 35m,,True,2026-02-17T11:23:38.384938
2026-03-28,CAN,departure,12:30,SHA Shanghai,FM9308,Shanghai Airlines,text,Duration: 2h 10m,,True,2026-02-17T11:23:38.385068
2026-03-28,CAN,departure,12:30,SIN Singapore,CZ3039,China Southern,text,Duration: 4h 15m,,True,2026-02-17T11:23:38.385077
2026-03-28,CAN,departure,12:30,CGO Zhengzhou,CZ8686,China Southern,text,Duration: 2h 20m,,True,2026-02-17T11:23:38.385084
2026-03-28,CAN,departure,12:30,XIY Xian,HU7838,Hainan Airlines,text,Duration: 2h 35m,,True,2026-02-17T11:23:38.385092
2026-03-28,CAN,departure,12:35,DLC Dalian,CZ6322,China Southern,text,Duration: 3h 20m,,True,2026-02-17T11:23:38.385098
2026-03-28,CAN,departure,12:40,YNT Yantai,SC7622,Shandong Airlines,text,Duration: 3h 5m,,True,2026-02-17T11:23:38.385104
2026-03-28,CAN,departure,12:40,NKG Nanjing,CZ3821,China Southern,text,Duration: 2h 20m,,True,2026-02-17T11:23:38.385110
2026-03-28,CAN,departure,12:40,SHA Shanghai,HO2288,Juneyao Airlines,text,Duration: 2h 15m,,True,2026-02-17T11:23:38.385115
2026-03-28,CAN,departure,12:40,PEK Beijing,CA1352,Air China,text,Duration: 3h 20m,,True,2026-02-17T11:23:38.385121
2026-03-28,CAN,departure,12:40,ICN Seoul,OZ370,Asiana,text,Duration: 3h 20m,,True,2026-02-17T11:23:38.385127
2026-03-28,CAN,departure,12:45,PKX Beijing,MU6308,China Eastern,text,Duration: 2h 55m,,True,2026-02-17T11:23:38.385132
2026-03-28,CAN,departure,12:45,CTU Chengdu,MU5322,China Eastern,text,Duration: 2h 55m,,True,2026-02-17T11:23:38.385138
2026-03-28,CAN,departure,12:45,HGH Hangzhou,CA1792,Air China,text,Duration: 1h 55m,,True,2026-02-17T11:23:38.385144
2026-03-28,CAN,departure,12:50,WUS Wuyishan,SC4674,Shandong Airlines,text,Duration: 1h 25m,,True,2026-02-17T11:23:38.385149
2026-03-28,CAN,departure,12:50,PVG Shanghai,FM9310,Shanghai Airlines,text,Duration: 2h 5m,,True,2026-02-17T11:23:38.385155
2026-03-28,CAN,departure,12:50,TYN Taiyuan,CZ6527,China Southern,text,Duration: 2h 50m,,True,2026-02-17T11:23:38.385160
2026-03-28,CAN,departure,12:50,WUH Wuhan,CZ8672,China Southern,text,Duration: 2h 10m,,True,2026-02-17T11:23:38.385165
2026-03-28,CAN,departure,12:55,XIY Xian,ZH9223,Shenzhen Airlines,text,Duration: 2h 30m,,True,2026-02-17T11:23:38.385171
2026-03-28,CAN,departure,12:55,DZH Dazhou,CA4356,Air China,text,Duration: 2h 25m,,True,2026-02-17T11:23:38.385176
2026-03-28,CAN,departure,12:55,JNH Jiaxing,CZ3385,China Southern,text,Duration: 2h 10m,,True,2026-02-17T11:23:38.385181
2026-03-28,CAN,departure,12:55,HFE Hefei,CZ3873,China Southern,text,Duration: 2h 0m,,True,2026-02-17T11:23:38.385187
2026-03-28,CAN,departure,12:55,CTU Chengdu,3U8732,Sichuan Airlines,text,Duration: 2h 25m,,True,2026-02-17T11:23:38.385193
2026-03-28,CAN,departure,13:00,TYN Taiyuan,MU5252,China Eastern,text,Duration: 2h 45m,,True,2026-02-17T11:23:38.385198
2026-03-28,CAN,departure,13:00,SHA Shanghai,CZ3525,China Southern,text,Duration: 2h 15m,,True,2026-02-17T11:23:38.385203
2026-03-28,CAN,departure,13:00,PKX Beijing,CZ3179,China Southern,text,Duration: 3h 15m,,True,2026-02-17T11:23:38.385209
2026-03-28,CAN,departure,13:05,SHE Shenyang,ZH9655,Shenzhen Airlines,text,Duration: 3h 35m,,True,2026-02-17T11:23:38.385214
2026-03-28,CAN,departure,13:05,KTI Phnom Penh,CZ6059,China Southern,text,Duration: 3h 0m,,True,2026-02-17T11:23:38.385220
2026-03-28,CAN,departure,13:05,FOC Fuzhou,MF8324,XiamenAir,text,Duration: 1h 35m,,True,2026-02-17T11:23:38.385225
2026-03-28,CAN,departure,13:05,XIY Xian,CZ3215,China Southern,text,Duration: 2h 40m,,True,2026-02-17T11:23:38.385231
2026-03-28,CAN,departure,13:05,HFE Hefei,HU7203,Hainan Airlines,text,Duration: 2h 0m,,True,2026-02-17T11:23:38.385237
2026-03-28,CAN,departure,13:05,SGN Ho Chi Minh City,CZ373,China Southern,text,Duration: 3h 0m,,True,2026-02-17T11:23:38.385243
2026-03-28,CAN,departure,13:05,NTG Nantong,CZ3639,China Southern,text,Duration: 2h 10m,,True,2026-02-17T11:23:38.385249
2026-03-28,CAN,departure,13:10,HIA Huai'an,MU2870,China Eastern,text,Duration: 2h 20m,,True,2026-02-17T11:23:38.385254
2026-03-28,CAN,departure,13:10,WNZ Wenzhou,KN5038,China United Airlines,text,Duration: 1h 45m,,True,2026-02-17T11:23:38.385259
2026-03-28,CAN,departure,13:10,HGH Hangzhou,CZ3801,China Southern,text,Duration: 2h 0m,,True,2026-02-17T11:23:38.385265
2026-03-28,CAN,departure,13:10,KUL Kuala Lumpur,CZ8301,China Southern,text,Duration: 4h 20m,,True,2026-02-17T11:23:38.385271
2026-03-28,CAN,departure,13:15,PEK Beijing,HU7808,Hainan Airlines,text,Duration: 3h 0m,,True,2026-02-17T11:23:38.385276
2026-03-28,CAN,departure,13:15,ICN Seoul,KE868,Korean Air,text,Duration: 3h 20m,,True,2026-02-17T11:23:38.385281
2026-03-28,CAN,departure,13:20,DXB Dubai,CZ8057,China Southern,text,Duration: 9h 0m,,True,2026-02-17T11:23:38.385286
2026-03-28,CAN,departure,13:25,KTI Phnom Penh,K6669,Air Cambodia,text,Duration: 2h 50m,,True,2026-02-17T11:23:38.385292
2026-03-28,CAN,departure,13:30,SIN Singapore,SQ851,Singapore Airlines,text,Duration: 4h 20m,,True,2026-02-17T11:23:38.385298
2026-03-28,CAN,departure,13:30,CZX Changzhou,ZH8943,Shenzhen Airlines,text,Duration: 2h 15m,,True,2026-02-17T11:23:38.385303
2026-03-28,CAN,departure,13:30,SHA Shanghai,MU5316,China Eastern,text,Duration: 2h 5m,,True,2026-02-17T11:23:38.385309
2026-03-28,CAN,departure,13:30,CTU Chengdu,CA4308,Air China,text,Duration: 2h 45m,,True,2026-02-17T11:23:38.385315
2026-03-28,CAN,departure,13:30,CTU Chengdu,CZ3471,China Southern,text,Duration: 2h 50m,,True,2026-02-17T11:23:38.385320
2026-03-28,CAN,departure,13:35,PVG Shanghai,CA8582,Air China,text,Duration: 2h 15m,,True,2026-02-17T11:23:38.385326
2026-03-28,CAN,departure,13:35,AMS Amsterdam,CZ307,China Southern,text,Duration: 12h 40m,,True,2026-02-17T11:23:38.385331
2026-03-28,CAN,departure,13:35,VTE Vientiane,CZ6091,China Southern,text,Duration: 2h 30m,,True,2026-02-17T11:23:38.385337
2026-03-28,CAN,departure,13:35,HAN Hanoi,CZ8315,China Southern,text,Duration: 2h 10m,,True,2026-02-17T11:23:38.385342
2026-03-28,CAN,departure,13:35,PER Perth,CZ319,China Southern,text,Duration: 7h 50m,,True,2026-02-17T11:23:38.385347
2026-03-28,CAN,departure,13:40,LHR London,CZ303,China Southern,text,Duration: 12h 55m,,True,2026-02-17T11:23:38.385473
2026-03-28,CAN,departure,13:40,XIY Xian,MU2302,China Eastern,text,Duration: 2h 45m,,True,2026-02-17T11:23:38.385484
2026-03-28,CAN,departure,13:40,YTY Yangzhou,CZ3941,China Southern,text,Duration: 2h 15m,,True,2026-02-17T11:23:38.385491
2026-03-28,CAN,departure,13:40,HKT Phuket,CZ6063,China Southern,text,Duration: 3h 45m,,True,2026-02-17T11:23:38.385496
2026-03-28,CAN,departure,13:45,PEK Beijing,CA1322,Air China,text,Duration: 3h 15m,,True,2026-02-17T11:23:38.385502
2026-03-28,CAN,departure,13:50,LYI Linyi,ZH9481,Shenzhen Airlines,text,Duration: 2h 45m,,True,2026-02-17T11:23:38.385508
2026-03-28,CAN,departure,13:50,NKG Nanjing,ZH9869,Shenzhen Airlines,text,Duration: 2h 15m,,True,2026-02-17T11:23:38.385513
2026-03-28,CAN,departure,13:50,CGQ Changchun,CZ6342,China Southern,text,Duration: 4h 15m,,True,2026-02-17T11:23:38.385519
2026-03-28,CAN,departure,13:55,LJG Lijiang,MU5742,China Eastern,text,Duration: 3h 0m,,True,2026-02-17T11:23:38.385524
2026-03-28,CAN,departure,13:55,WNZ Wenzhou,CZ3675,China Southern,text,Duration: 1h 55m,,True,2026-02-17T11:23:38.385529
2026-03-28,CAN,departure,13:55,PEN Penang,CZ5047,China Southern,text,Duration: 4h 5m,,True,2026-02-17T11:23:38.385535
2026-03-28,CAN,departure,14:00,HRB Harbin,JD5165,Capital Airlines,text,Duration: 3h 55m,,True,2026-02-17T11:23:38.385540
2026-03-28,CAN,departure,14:00,LJG Lijiang,CZ3423,China Southern,text,Duration: 3h 5m,,True,2026-02-17T11:23:38.385546
2026-03-28,CAN,departure,14:00,CKG Chongqing,CA4348,Air China,text,Duration: 2h 15m,,True,2026-02-17T11:23:38.385552
2026-03-28,CAN,departure,14:00,WUH Wuhan,CZ8722,China Southern,text,Duration: 1h 55m,,True,2026-02-17T11:23:38.385557
2026-03-28,CAN,departure,14:00,PKX Beijing,CZ3109,China Southern,text,Duration: 3h 5m,,True,2026-02-17T11:23:38.385563
2026-03-28,CAN,departure,14:05,HRB Harbin,CZ3623,China Southern,text,Duration: 4h 25m,,True,2026-02-17T11:23:38.385568
2026-03-28,CAN,departure,14:10,HGH Hangzhou,CZ3511,China Southern,text,Duration: 2h 5m,,True,2026-02-17T11:23:38.385574
2026-03-28,CAN,departure,14:10,XMN Xiamen,CZ3879,China Southern,text,Duration: 1h 20m,,True,2026-02-17T11:23:38.385580
2026-03-28,CAN,departure,14:15,MNL Manila,CZ397,China Southern,text,Duration: 2h 35m,,True,2026-02-17T11:23:38.385585
2026-03-28,CAN,departure,14:15,NKG Nanjing,HU7213,Hainan Airlines,text,Duration: 2h 10m,,True,2026-02-17T11:23:38.385591
2026-03-28,CAN,departure,14:15,SHA Shanghai,HO1858,Juneyao Airlines,text,Duration: 2h 5m,,True,2026-02-17T11:23:38.385596
2026-03-28,CAN,departure,14:15,JJN Jinjiang,MF8386,XiamenAir,text,Duration: 1h 15m,,True,2026-02-17T11:23:38.385601
2026-03-28,CAN,departure,14:15,XIY Xian,CZ3207,China Southern,text,Duration: 2h 40m,,True,2026-02-17T11:23:38.385607
2026-03-28,CAN,departure,14:20,TFU Chengdu,HU7251,Hainan Airlines,text,Duration: 2h 25m,,True,2026-02-17T11:23:38.385612
2026-03-28,CAN,departure,14:30,HAK Haikou,CZ5494,China Southern,text,Duration: 1h 20m,,True,2026-02-17T11:23:38.385617
2026-03-28,CAN,departure,14:30,TNA Jinan,ZH9977,Shenzhen Airlines,text,Duration: 2h 35m,,True,2026-02-17T11:23:38.385622
2026-03-28,CAN,departure,14:30,SHA Shanghai,MU5308,China Eastern,text,Duration: 2h 5m,,True,2026-02-17T11:23:38.385627
2026-03-28,CAN,departure,14:30,NKG Nanjing,CZ3699,China Southern,text,Duration: 2h 15m,,True,2026-02-17T11:23:38.385632
2026-03-28,CAN,departure,14:35,HGH Hangzhou,GJ8700,Loong Air,text,Duration: 2h 25m,,True,2026-02-17T11:23:38.385637
2026-03-28,CAN,departure,14:35,HND Tokyo,JL88,JAL,text,Duration: 3h 55m,,True,2026-02-17T11:23:38.385643
2026-03-28,CAN,departure,14:35,CGO Zhengzhou,CZ6626,China Southern,text,Duration: 2h 15m,,True,2026-02-17T11:23:38.385648
2026-03-28,CAN,departure,14:40,NGB Ningbo,CZ8293,China Southern,text,Duration: 2h 0m,,True,2026-02-17T11:23:38.385653
2026-03-28,CAN,departure,14:40,BKI Kota Kinabalu,CZ8335,China Southern,text,Duration: 3h 20m,,True,2026-02-17T11:23:38.385658
2026-03-28,CAN,departure,14:40,FOC Fuzhou,CZ3877,China Southern,text,Duration: 1h 35m,,True,2026-02-17T11:23:38.385664
2026-03-28,CAN,departure,14:40,KUL Kuala Lumpur,MH377,Malaysia Airlines,text,Duration: 4h 10m,,True,2026-02-17T11:23:38.385669
2026-03-28,CAN,departure,14:45,LJG Lijiang,OQ2111,Chongqing Airlines,text,Duration: 3h 10m,,True,2026-02-17T11:23:38.385674
2026-03-28,CAN,departure,14:45,HGH Hangzhou,AQ1071,9 Air,text,Duration: 2h 5m,,True,2026-02-17T11:23:38.385679
2026-03-28,CAN,departure,14:45,TAO Qingdao,CZ3573,China Southern,text,Duration: 3h 0m,,True,2026-02-17T11:23:38.385685
2026-03-28,CAN,departure,14:45,TSN Tianjin,CZ3143,China Southern,text,Duration: 3h 5m,,True,2026-02-17T11:23:38.385691
2026-03-28,CAN,departure,14:50,CSX Changsha,CZ3388,China Southern,text,Duration: 1h 35m,,True,2026-02-17T11:23:38.385697
2026-03-28,CAN,departure,14:50,BKK Bangkok,TG669,Thai Airways,text,Duration: 3h 20m,,True,2026-02-17T11:23:38.385702
2026-03-28,CAN,departure,14:50,WXN Wanxian,CA4390,Air China,text,Duration: 2h 25m,,True,2026-02-17T11:23:38.385707
2026-03-28,CAN,departure,14:55,YIW Yiwu,CZ3635,China Southern,text,Duration: 2h 0m,,True,2026-02-17T11:23:38.385713
2026-03-28,CAN,departure,14:55,CKG Chongqing,HU7441,Hainan Airlines,text,Duration: 2h 20m,,True,2026-02-17T11:23:38.385718
2026-03-28,CAN,departure,14:55,KMG Kunming,CZ3449,China Southern,text,Duration: 2h 40m,,True,2026-02-17T11:23:38.385723
2026-03-28,CAN,departure,14:55,BKK Bangkok,CZ8023,China Southern,text,Duration: 3h 10m,,True,2026-02-17T11:23:38.385729
2026-03-28,CAN,departure,14:55,WUX Wuxi,ZH9829,Shenzhen Airlines,text,Duration: 2h 15m,,True,2026-02-17T11:23:38.385734
2026-03-28,CAN,departure,15:00,HND Tokyo,CZ3085,China Southern,text,Duration: 4h 0m,,True,2026-02-17T11:23:38.385740
2026-03-28,CAN,departure,15:00,HAK Haikou,HU7008,Hainan Airlines,text,Duration: 1h 30m,,True,2026-02-17T11:23:38.385745
2026-03-28,CAN,departure,15:00,SHA Shanghai,CZ3571,China Southern,text,Duration: 2h 25m,,True,2026-02-17T11:23:38.385851
2026-03-28,CAN,departure,15:00,TFU Chengdu,CZ3439,China Southern,text,Duration: 2h 25m,,True,2026-02-17T11:23:38.385859
2026-03-28,CAN,departure,15:00,PKX Beijing,CZ3999,China Southern,text,Duration: 3h 15m,,True,2026-02-17T11:23:38.385865
2026-03-28,CAN,departure,15:00,WUH Wuhan,CZ8726,China Southern,text,Duration: 1h 55m,,True,2026-02-17T11:23:38.385870
2026-03-28,CAN,departure,15:05,HND Tokyo,NH924,ANA,text,Duration: 3h 55m,,True,2026-02-17T11:23:38.385875
2026-03-28,CAN,departure,15:05,CKG Chongqing,OQ2318,Chongqing Airlines,text,Duration: 2h 25m,,True,2026-02-17T11:23:38.385881
2026-03-28,CAN,departure,15:05,CGO Zhengzhou,HU7287,Hainan Airlines,text,Duration: 2h 25m,,True,2026-02-17T11:23:38.385886
2026-03-28,CAN,departure,15:05,KWE Guiyang,CZ3618,China Southern,text,Duration: 1h 40m,,True,2026-02-17T11:23:38.385894
2026-03-28,CAN,departure,15:05,WUX Wuxi,CZ3297,China Southern,text,Duration: 2h 20m,,True,2026-02-17T11:23:38.385900
2026-03-28,CAN,departure,15:05,TYN Taiyuan,CZ3695,China Southern,text,Duration: 2h 40m,,True,2026-02-17T11:23:38.385906
2026-03-28,CAN,departure,15:10,TNA Jinan,CZ3711,China Southern,text,Duration: 2h 40m,,True,2026-02-17T11:23:38.385912
2026-03-28,CAN,departure,15:10,HET Hohhot,CZ3307,China Southern,text,Duration: 3h 0m,,True,2026-02-17T11:23:38.385917
2026-03-28,CAN,departure,15:10,HGH Hangzhou,CZ3501,China Southern,text,Duration: 2h 0m,,True,2026-02-17T11:23:38.385923
2026-03-28,CAN,departure,15:15,NKG Nanjing,HU7313,Hainan Airlines,text,Duration: 2h 10m,,True,2026-02-17T11:23:38.385928
2026-03-28,CAN,departure,15:15,URC Urumqi,CZ6892,China Southern,text,Duration: 5h 45m,,True,2026-02-17T11:23:38.385934
2026-03-28,CAN,departure,15:15,PEK Beijing,HU7810,Hainan Airlines,text,Duration: 3h 0m,,True,2026-02-17T11:23:38.385939
2026-03-28,CAN,departure,15:20,KMG Kunming,MU5734,China Eastern,text,Duration: 2h 40m,,True,2026-02-17T11:23:38.385945
2026-03-28,CAN,departure,15:20,SGN Ho Chi Minh City,VN503,Vietnam Airlines,text,Duration: 3h 0m,,True,2026-02-17T11:23:38.385952
2026-03-28,CAN,departure,15:25,PVG Shanghai,ZH9535,Shenzhen Airlines,text,Duration: 2h 20m,,True,2026-02-17T11:23:38.385957
2026-03-28,CAN,departure,15:25,TSN Tianjin,GS7896,Tianjin Airlines,text,Duration: 2h 50m,,True,2026-02-17T11:23:38.385962
2026-03-28,CAN,departure,15:25,RUH Riyadh,SV885,Saudia,text,Duration: 10h 25m,,True,2026-02-17T11:23:38.385968
2026-03-28,CAN,departure,15:30,SHA Shanghai,FM9316,Shanghai Airlines,text,Duration: 2h 15m,,True,2026-02-17T11:23:38.385973
2026-03-28,CAN,departure,15:30,LHW Lanzhou,OQ2131,Chongqing Airlines,text,Duration: 3h 25m,,True,2026-02-17T11:23:38.385979
2026-03-28,CAN,departure,15:30,LYG Lianyungang,CZ3233,China Southern,text,Duration: 2h 25m,,True,2026-02-17T11:23:38.385984
2026-03-28,CAN,departure,15:30,CTU Chengdu,CZ3417,China Southern,text,Duration: 2h 45m,,True,2026-02-17T11:23:38.385990
2026-03-28,CAN,departure,15:30,HAK Haikou,CZ6784,China Southern,text,Duration: 1h 30m,,True,2026-02-17T11:23:38.385996
2026-03-28,CAN,departure,15:40,MDC Manado,CZ5255,China Southern,text,Duration: 4h 10m,,True,2026-02-17T11:23:38.386001
2026-03-28,CAN,departure,15:40,SHE Shenyang,CZ6368,China Southern,text,Duration: 3h 40m,,True,2026-02-17T11:23:38.386007
2026-03-28,CAN,departure,15:40,CNX Chiang Mai,CZ3033,China Southern,text,Duration: 3h 10m,,True,2026-02-17T11:23:38.386013
2026-03-28,CAN,departure,15:40,PEK Beijing,CA1316,Air China,text,Duration: 3h 20m,,True,2026-02-17T11:23:38.386019
2026-03-28,CAN,departure,15:45,NKG Nanjing,CZ3855,China Southern,text,Duration: 2h 20m,,True,2026-02-17T11:23:38.386025
2026-03-28,CAN,departure,15:45,BKK Bangkok,CZ363,China Southern,text,Duration: 3h 10m,,True,2026-02-17T11:23:38.386030
2026-03-28,CAN,departure,15:50,NGB Ningbo,CZ3371,China Southern,text,Duration: 2h 10m,,True,2026-02-17T11:23:38.386036
2026-03-28,CAN,departure,15:55,HPH Haiphong,ZH129,Shenzhen Airlines,text,Duration: 2h 25m,,True,2026-02-17T11:23:38.386042
2026-03-28,CAN,departure,15:55,CTU Chengdu,CA4318,Air China,text,Duration: 2h 35m,,True,2026-02-17T11:23:38.386047
2026-03-28,CAN,departure,16:00,TAO Qingdao,ZH9993,Shenzhen Airlines,text,Duration: 3h 5m,,True,2026-02-17T11:23:38.386053
2026-03-28,CAN,departure,16:00,NGB Ningbo,HU7233,Hainan Airlines,text,Duration: 1h 55m,,True,2026-02-17T11:23:38.386059
2026-03-28,CAN,departure,16:00,SVO Moscow,CZ655,China Southern,text,Duration: 10h 15m,,True,2026-02-17T11:23:38.386064
2026-03-28,CAN,departure,16:00,PKX Beijing,CZ3115,China Southern,text,Duration: 3h 15m,,True,2026-02-17T11:23:38.386070
2026-03-28,CAN,departure,16:00,SHA Shanghai,CZ3503,China Southern,text,Duration: 2h 10m,,True,2026-02-17T11:23:38.386075
2026-03-28,CAN,departure,16:00,TSN Tianjin,CZ3135,China Southern,text,Duration: 3h 20m,,True,2026-02-17T11:23:38.386080
2026-03-28,CAN,departure,16:05,SHA Shanghai,9C6720,Spring Airlines,text,Duration: 1h 55m,,True,2026-02-17T11:23:38.386086
2026-03-28,CAN,departure,16:05,PVG Shanghai,AQ1011,9 Air,text,Duration: 2h 15m,,True,2026-02-17T11:23:38.386091
2026-03-28,CAN,departure,16:05,CGQ Changchun,CZ3606,China Southern,text,Duration: 4h 15m,,True,2026-02-17T11:23:38.386097
2026-03-28,CAN,departure,16:05,CXR Nha Trang,CZ6049,China Southern,text,Duration: 2h 35m,,True,2026-02-17T11:23:38.386103
2026-03-28,CAN,departure,16:05,HGH Hangzhou,MF8382,XiamenAir,text,Duration: 1h 55m,,True,2026-02-17T11:23:38.386109
2026-03-28,CAN,departure,16:05,TFU Chengdu,HU7351,Hainan Airlines,text,Duration: 2h 25m,,True,2026-02-17T11:23:38.386114
2026-03-28,CAN,departure,16:10,SJW Shijiazhuang,OQ2135,Chongqing Airlines,text,Duration: 2h 45m,,True,2026-02-17T11:23:38.386120
2026-03-28,CAN,departure,16:10,WUX Wuxi,ZH9831,Shenzhen Airlines,text,Duration: 2h 15m,,True,2026-02-17T11:23:38.386126
2026-03-28,CAN,departure,16:10,HGH Hangzhou,CZ3847,China Southern,text,Duration: 2h 0m,,True,2026-02-17T11:23:38.386131
2026-03-28,CAN,departure,16:15,HAK Haikou,ZH8991,Shenzhen Airlines,text,Duration: 1h 25m,,True,2026-02-17T11:23:38.386221
2026-03-28,CAN,departure,16:15,SGN Ho Chi Minh City,9C7347,Spring Airlines,text,Duration: 2h 40m,,True,2026-02-17T11:23:38.386229
2026-03-28,CAN,departure,16:20,LFQ Qiaoli,CZ8927,China Southern,text,Duration: 2h 50m,,True,2026-02-17T11:23:38.386235
2026-03-28,CAN,departure,16:20,SHA Shanghai,CA1829,Air China,text,Duration: 2h 20m,,True,2026-02-17T11:23:38.386240
2026-03-28,CAN,departure,16:25,URC Urumqi,UQ2592,Urumqi Airlines,text,Duration: 5h 30m,,True,2026-02-17T11:23:38.386246
2026-03-28,CAN,departure,16:25,KMG Kunming,CZ3499,China Southern,text,Duration: 2h 35m,,True,2026-02-17T11:23:38.386251
2026-03-28,CAN,departure,16:25,HAN Hanoi,VN507,Vietnam Airlines,text,Duration: 2h 10m,,True,2026-02-17T11:23:38.386257
2026-03-28,CAN,departure,16:25,LHE Lahore,CZ6037,China Southern,text,Duration: 6h 30m,,True,2026-02-17T11:23:38.386263
2026-03-28,CAN,departure,16:30,SYX Sanya,CZ6740,China Southern,text,Duration: 1h 45m,,True,2026-02-17T11:23:38.386268
2026-03-28,CAN,departure,16:30,SHA Shanghai,MU5312,China Eastern,text,Duration: 2h 10m,,True,2026-02-17T11:23:38.386274
2026-03-28,CAN,departure,16:30,CTU Chengdu,3U8734,Sichuan Airlines,text,Duration: 2h 30m,,True,2026-02-17T11:23:38.386279
2026-03-28,CAN,departure,16:30,HAK Haikou,CZ6778,China Southern,text,Duration: 1h 25m,,True,2026-02-17T11:23:38.386284
2026-03-28,CAN,departure,16:30,TFU Chengdu,CZ3475,China Southern,text,Duration: 2h 35m,,True,2026-02-17T11:23:38.386290
2026-03-28,CAN,departure,16:35,TFU Chengdu,MU6832,China Eastern,text,Duration: 2h 10m,,True,2026-02-17T11:23:38.386295
2026-03-28,CAN,departure,16:35,TAS Tashkent,CZ3053,China Southern,text,Duration: 7h 45m,,True,2026-02-17T11:23:38.386301
2026-03-28,CAN,departure,16:35,SQJ Sanming,CZ8607,China Southern,text,Duration: 1h 20m,,True,2026-02-17T11:23:38.386306
2026-03-28,CAN,departure,16:40,LZO Luzhou,3U3051,Sichuan Airlines,text,Duration: 2h 5m,,True,2026-02-17T11:23:38.386312
2026-03-28,CAN,departure,16:40,NGB Ningbo,MU5238,China Eastern,text,Duration: 1h 45m,,True,2026-02-17T11:23:38.386318
2026-03-28,CAN,departure,16:40,TAO Qingdao,CZ3609,China Southern,text,Duration: 3h 0m,,True,2026-02-17T11:23:38.386324
2026-03-28,CAN,departure,16:45,TNA Jinan,MU5260,China Eastern,text,Duration: 2h 40m,,True,2026-02-17T11:23:38.386329
2026-03-28,CAN,departure,16:45,PEK Beijing,CA1340,Air China,text,Duration: 3h 30m,,True,2026-02-17T11:23:38.386335
2026-03-28,CAN,departure,16:45,CKG Chongqing,3U8748,Sichuan Airlines,text,Duration: 2h 25m,,True,2026-02-17T11:23:38.386342
2026-03-28,CAN,departure,16:50,BKK Bangkok,CZ8019,China Southern,text,Duration: 3h 5m,,True,2026-02-17T11:23:38.386348
2026-03-28,CAN,departure,16:50,LUM Mangshi,MU9730,China Eastern,text,Duration: 3h 30m,,True,2026-02-17T11:23:38.386354
2026-03-28,CAN,departure,16:50,URC Urumqi,CA4370,Air China,text,Duration: 5h 50m,,True,2026-02-17T11:23:38.386359
2026-03-28,CAN,departure,16:50,WNZ Wenzhou,CZ3527,China Southern,text,Duration: 1h 40m,,True,2026-02-17T11:23:38.386365
2026-03-28,CAN,departure,16:55,CKG Chongqing,OQ2324,Chongqing Airlines,text,Duration: 1h 55m,,True,2026-02-17T11:23:38.386370
2026-03-28,CAN,departure,17:00,WUH Wuhan,CZ3346,China Southern,text,Duration: 1h 50m,,True,2026-02-17T11:23:38.386376
2026-03-28,CAN,departure,17:00,HFE Hefei,ZH9989,Shenzhen Airlines,text,Duration: 2h 0m,,True,2026-02-17T11:23:38.386381
2026-03-28,CAN,departure,17:00,CGO Zhengzhou,HU7283,Hainan Airlines,text,Duration: 2h 25m,,True,2026-02-17T11:23:38.386387
2026-03-28,CAN,departure,17:00,SHA Shanghai,CZ3545,China Southern,text,Duration: 2h 20m,,True,2026-02-17T11:23:38.386392
2026-03-28,CAN,departure,17:00,HRB Harbin,CZ6262,China Southern,text,Duration: 4h 10m,,True,2026-02-17T11:23:38.386398
2026-03-28,CAN,departure,17:05,PKX Beijing,AQ1001,9 Air,text,Duration: 3h 10m,,True,2026-02-17T11:23:38.386403
2026-03-28,CAN,departure,17:05,XIY Xian,CZ3203,China Southern,text,Duration: 2h 40m,,True,2026-02-17T11:23:38.386408
2026-03-28,CAN,departure,17:05,PEN Penang,CZ395,China Southern,text,Duration: 3h 55m,,True,2026-02-17T11:23:38.386414
2026-03-28,CAN,departure,17:05,YCU Yuncheng,CZ3985,China Southern,text,Duration: 2h 25m,,True,2026-02-17T11:23:38.386419
2026-03-28,CAN,departure,17:05,LIJ Lishui,CZ3867,China Southern,text,Duration: 2h 15m,,True,2026-02-17T11:23:38.386425
2026-03-28,CAN,departure,17:10,WUH Wuhan,MU2541,China Eastern,text,Duration: 1h 50m,,True,2026-02-17T11:23:38.386430
2026-03-28,CAN,departure,17:10,YNT Yantai,ZH9675,Shenzhen Airlines,text,Duration: 3h 10m,,True,2026-02-17T11:23:38.386436
2026-03-28,CAN,departure,17:10,VTE Vientiane,QV882,Lao Airlines,text,Duration: 2h 30m,,True,2026-02-17T11:23:38.386442
2026-03-28,CAN,departure,17:10,TYN Taiyuan,CZ3951,China Southern,text,Duration: 2h 35m,,True,2026-02-17T11:23:38.386447
2026-03-28,CAN,departure,17:10,HGH Hangzhou,CZ3829,China Southern,text,Duration: 2h 10m,,True,2026-02-17T11:23:38.386453
2026-03-28,CAN,departure,17:10,URC Urumqi,CZ6896,China Southern,text,Duration: 5h 30m,,True,2026-02-17T11:23:38.386459
2026-03-28,CAN,departure,17:15,NKG Nanjing,ZH9873,Shenzhen Airlines,text,Duration: 2h 5m,,True,2026-02-17T11:23:38.386464
2026-03-28,CAN,departure,17:15,YNZ Yancheng,CZ8215,China Southern,text,Duration: 2h 25m,,True,2026-02-17T11:23:38.386470
2026-03-28,CAN,departure,17:15,SHE Shenyang,CZ6348,China Southern,text,Duration: 3h 40m,,True,2026-02-17T11:23:38.386475
2026-03-28,CAN,departure,17:15,NGB Ningbo,CZ3321,China Southern,text,Duration: 2h 0m,,True,2026-02-17T11:23:38.386480
2026-03-28,CAN,departure,17:15,PEK Beijing,HU7812,Hainan Airlines,text,Duration: 3h 5m,,True,2026-02-17T11:23:38.386485
2026-03-28,CAN,departure,17:15,TFU Chengdu,3U6704,Sichuan Airlines,text,Duration: 2h 10m,,True,2026-02-17T11:23:38.386491
2026-03-28,CAN,departure,17:20,JHG Jinghong,OQ2105,Chongqing Airlines,text,Duration: 3h 10m,,True,2026-02-17T11:23:38.386496
2026-03-28,CAN,departure,17:20,YIW Yiwu,CZ3795,China Southern,text,Duration: 1h 50m,,True,2026-02-17T11:23:38.386575
2026-03-28,CAN,departure,17:20,CKG Chongqing,CA4350,Air China,text,Duration: 2h 20m,,True,2026-02-17T11:23:38.386582
2026-03-28,CAN,departure,17:25,XFN Xiangyang,GJ8381,Loong Air,text,Duration: 2h 0m,,True,2026-02-17T11:23:38.386587
2026-03-28,CAN,departure,17:25,MIG Mian Yang,CZ3399,China Southern,text,Duration: 2h 50m,,True,2026-02-17T11:23:38.386593
2026-03-28,CAN,departure,17:25,HAN Hanoi,CZ8177,China Southern,text,Duration: 2h 15m,,True,2026-02-17T11:23:38.386599
2026-03-28,CAN,departure,17:30,CTU Chengdu,CA4302,Air China,text,Duration: 2h 25m,,True,2026-02-17T11:23:38.386605
2026-03-28,CAN,departure,17:30,ICN Seoul,CZ339,China Southern,text,Duration: 3h 20m,,True,2026-02-17T11:23:38.386611
2026-03-28,CAN,departure,17:30,SHA Shanghai,MU5330,China Eastern,text,Duration: 2h 5m,,True,2026-02-17T11:23:38.386617
2026-03-28,CAN,departure,17:30,TPE Taipei,CI522,China Airlines,text,Duration: 2h 5m,,True,2026-02-17T11:23:38.386623
2026-03-28,CAN,departure,17:30,TNA Jinan,CZ3707,China Southern,text,Duration: 2h 50m,,True,2026-02-17T11:23:38.386629
2026-03-28,CAN,departure,17:35,YTY Yangzhou,ZH8909,Shenzhen Airlines,text,Duration: 2h 15m,,True,2026-02-17T11:23:38.386635
2026-03-28,CAN,departure,17:35,DLC Dalian,CZ6468,China Southern,text,Duration: 3h 25m,,True,2026-02-17T11:23:38.386641
2026-03-28,CAN,departure,17:35,FOC Fuzhou,CZ3647,China Southern,text,Duration: 1h 35m,,True,2026-02-17T11:23:38.386647
2026-03-28,CAN,departure,17:35,HFE Hefei,CZ3817,China Southern,text,Duration: 2h 5m,,True,2026-02-17T11:23:38.386653
2026-03-28,CAN,departure,17:40,WMT Zunyi,CZ3313,China Southern,text,Duration: 2h 0m,,True,2026-02-17T11:23:38.386659
2026-03-28,CAN,departure,17:40,PEK Beijing,CA1392,Air China,text,Duration: 3h 15m,,True,2026-02-17T11:23:38.386664
2026-03-28,CAN,departure,17:45,TAO Qingdao,SC4678,Shandong Airlines,text,Duration: 2h 55m,,True,2026-02-17T11:23:38.386670
2026-03-28,CAN,departure,17:45,NGB Ningbo,CA4583,Air China,text,Duration: 2h 5m,,True,2026-02-17T11:23:38.386676
2026-03-28,CAN,departure,17:45,XFN Xiangyang,CZ3361,China Southern,text,Duration: 2h 10m,,True,2026-02-17T11:23:38.386682
2026-03-28,CAN,departure,17:50,WUX Wuxi,MU2918,China Eastern,text,Duration: 2h 30m,,True,2026-02-17T11:23:38.386687
2026-03-28,CAN,departure,17:50,SUB Surabaya,CZ8137,China Southern,text,Duration: 5h 10m,,True,2026-02-17T11:23:38.386693
2026-03-28,CAN,departure,17:50,LUM Mangshi,CZ6499,China Southern,text,Duration: 3h 20m,,True,2026-02-17T11:23:38.386698
2026-03-28,CAN,departure,17:55,TAO Qingdao,MU5258,China Eastern,text,Duration: 2h 55m,,True,2026-02-17T11:23:38.386704
2026-03-28,CAN,departure,17:55,CGO Zhengzhou,CZ3195,China Southern,text,Duration: 2h 20m,,True,2026-02-17T11:23:38.386709
2026-03-28,CAN,departure,17:55,LZO Luzhou,CZ3227,China Southern,text,Duration: 2h 15m,,True,2026-02-17T11:23:38.386715
2026-03-28,CAN,departure,17:55,ZHA Zhanjiang,CZ3331,China Southern,text,Duration: 1h 20m,,True,2026-02-17T11:23:38.386720
2026-03-28,CAN,departure,17:55,XIY Xian,MU2308,China Eastern,text,Duration: 3h 10m,,True,2026-02-17T11:23:38.386726
2026-03-28,CAN,departure,18:00,HGH Hangzhou,MU5216,China Eastern,text,Duration: 2h 20m,,True,2026-02-17T11:23:38.386731
2026-03-28,CAN,departure,18:00,TYN Taiyuan,HU7249,Hainan Airlines,text,Duration: 2h 40m,,True,2026-02-17T11:23:38.386737
2026-03-28,CAN,departure,18:00,NAO Nanchong,CZ3293,China Southern,text,Duration: 2h 35m,,True,2026-02-17T11:23:38.386743
2026-03-28,CAN,departure,18:00,PKX Beijing,CZ3111,China Southern,text,Duration: 3h 5m,,True,2026-02-17T11:23:38.386748
2026-03-28,CAN,departure,18:00,AKA Ankang,CZ3265,China Southern,text,Duration: 2h 30m,,True,2026-02-17T11:23:38.386755
2026-03-28,CAN,departure,18:00,SHA Shanghai,CZ3581,China Southern,text,Duration: 2h 20m,,True,2026-02-17T11:23:38.386760
2026-03-28,CAN,departure,18:05,SHA Shanghai,9C8856,Spring Airlines,text,Duration: 2h 5m,,True,2026-02-17T11:23:38.386766
2026-03-28,CAN,departure,18:05,BZX Bazhong,CZ8209,China Southern,text,Duration: 2h 30m,,True,2026-02-17T11:23:38.386771
2026-03-28,CAN,departure,18:05,NKG Nanjing,MU2808,China Eastern,text,Duration: 2h 25m,,True,2026-02-17T11:23:38.386777
2026-03-28,CAN,departure,18:05,DPS Denpasar,CZ625,China Southern,text,Duration: 5h 20m,,True,2026-02-17T11:23:38.386782
2026-03-28,CAN,departure,18:05,HGH Hangzhou,CA1794,Air China,text,Duration: 2h 0m,,True,2026-02-17T11:23:38.386787
2026-03-28,CAN,departure,18:10,HGH Hangzhou,HU7261,Hainan Airlines,text,Duration: 2h 5m,,True,2026-02-17T11:23:38.386793
2026-03-28,CAN,departure,18:15,CKG Chongqing,OQ2340,Chongqing Airlines,text,Duration: 2h 45m,,True,2026-02-17T11:23:38.386798
2026-03-28,CAN,departure,18:15,FOC Fuzhou,MF8326,XiamenAir,text,Duration: 1h 35m,,True,2026-02-17T11:23:38.386803
2026-03-28,CAN,departure,18:15,KMG Kunming,MU5738,China Eastern,text,Duration: 2h 55m,,True,2026-02-17T11:23:38.386809
2026-03-28,CAN,departure,18:20,HGH Hangzhou,ZH9983,Shenzhen Airlines,text,Duration: 1h 55m,,True,2026-02-17T11:23:38.386814
2026-03-28,CAN,departure,18:20,XMN Xiamen,MF8306,XiamenAir,text,Duration: 1h 20m,,True,2026-02-17T11:23:38.386821
2026-03-28,CAN,departure,18:20,NKG Nanjing,CZ3697,China Southern,text,Duration: 2h 15m,,True,2026-02-17T11:23:38.386827
2026-03-28,CAN,departure,18:25,XMN Xiamen,CZ3805,China Southern,text,Duration: 1h 20m,,True,2026-02-17T11:23:38.386832
2026-03-28,CAN,departure,18:30,HAK Haikou,CZ6792,China Southern,text,Duration: 1h 30m,,True,2026-02-17T11:23:38.386838
2026-03-28,CAN,departure,18:30,SHA Shanghai,MU5314,China Eastern,text,Duration: 2h 10m,,True,2026-02-17T11:23:38.386843
2026-03-28,CAN,departure,18:30,KHN Nanchang,CZ8531,China Southern,text,Duration: 1h 35m,,True,2026-02-17T11:23:38.386849
2026-03-28,CAN,departure,18:30,CTU Chengdu,CZ3427,China Southern,text,Duration: 2h 50m,,True,2026-02-17T11:23:38.386854
2026-03-28,CAN,departure,18:30,TFU Chengdu,CA4334,Air China,text,Duration: 2h 35m,,True,2026-02-17T11:23:38.386931
2026-03-28,CAN,departure,18:35,KUL Kuala Lumpur,CZ365,China Southern,text,Duration: 4h 15m,,True,2026-02-17T11:23:38.386939
2026-03-28,CAN,departure,18:40,HRB Harbin,CZ5301,China Southern,text,Duration: 4h 15m,,True,2026-02-17T11:23:38.386944
2026-03-28,CAN,departure,18:40,PEK Beijing,CA1328,Air China,text,Duration: 3h 20m,,True,2026-02-17T11:23:38.386950
2026-03-28,CAN,departure,18:45,DOH Doha,CZ333,China Southern,text,Duration: 9h 30m,,True,2026-02-17T11:23:38.386956
2026-03-28,CAN,departure,18:45,PVG Shanghai,HO1870,Juneyao Airlines,text,Duration: 2h 15m,,True,2026-02-17T11:23:38.386961
2026-03-28,CAN,departure,18:45,PEN Penang,CZ8073,China Southern,text,Duration: 4h 0m,,True,2026-02-17T11:23:38.386967
2026-03-28,CAN,departure,18:45,SHE Shenyang,CZ6340,China Southern,text,Duration: 3h 45m,,True,2026-02-17T11:23:38.386973
2026-03-28,CAN,departure,18:50,CKG Chongqing,MU6825,China Eastern,text,Duration: 2h 20m,,True,2026-02-17T11:23:38.386978
2026-03-28,CAN,departure,18:50,NKG Nanjing,ZH9875,Shenzhen Airlines,text,Duration: 2h 10m,,True,2026-02-17T11:23:38.386983
2026-03-28,CAN,departure,18:50,SIN Singapore,CZ351,China Southern,text,Duration: 4h 10m,,True,2026-02-17T11:23:38.386989
2026-03-28,CAN,departure,18:50,DXB Dubai,CZ383,China Southern,text,Duration: 9h 15m,,True,2026-02-17T11:23:38.386994
2026-03-28,CAN,departure,19:00,BAH Bahrain,GF123,Gulf Air,text,Duration: 9h 50m,,True,2026-02-17T11:23:38.387000
2026-03-28,CAN,departure,19:00,HAK Haikou,HU7006,Hainan Airlines,text,Duration: 1h 35m,,True,2026-02-17T11:23:38.387006
2026-03-28,CAN,departure,19:00,SWA Jieyang,CZ3894,China Southern,text,Duration: 1h 20m,,True,2026-02-17T11:23:38.387011
2026-03-28,CAN,departure,19:00,PKX Beijing,CZ3105,China Southern,text,Duration: 3h 5m,,True,2026-02-17T11:23:38.387016
2026-03-28,CAN,departure,19:00,XUZ Xuzhou,CZ3339,China Southern,text,Duration: 2h 25m,,True,2026-02-17T11:23:38.387022
2026-03-28,CAN,departure,19:00,KMG Kunming,CZ3489,China Southern,text,Duration: 2h 30m,,True,2026-02-17T11:23:38.387027
2026-03-28,CAN,departure,19:05,CKG Chongqing,OQ2129,Chongqing Airlines,text,Duration: 2h 25m,,True,2026-02-17T11:23:38.387033
2026-03-28,CAN,departure,19:10,WUH Wuhan,CZ6589,China Southern,text,Duration: 1h 50m,,True,2026-02-17T11:23:38.387038
2026-03-28,CAN,departure,19:10,HGH Hangzhou,CZ3849,China Southern,text,Duration: 2h 5m,,True,2026-02-17T11:23:38.387043
2026-03-28,CAN,departure,19:10,PVG Shanghai,CZ3586,China Southern,text,Duration: 2h 25m,,True,2026-02-17T11:23:38.387049
2026-03-28,CAN,departure,19:15,CGK Jakarta,CZ387,China Southern,text,Duration: 5h 10m,,True,2026-02-17T11:23:38.387054
2026-03-28,CAN,departure,19:15,HGH Hangzhou,CA1796,Air China,text,Duration: 1h 55m,,True,2026-02-17T11:23:38.387059
2026-03-28,CAN,departure,19:15,NGB Ningbo,CZ3779,China Southern,text,Duration: 2h 5m,,True,2026-02-17T11:23:38.387065
2026-03-28,CAN,departure,19:20,SYX Sanya,AQ1111,9 Air,text,Duration: 1h 35m,,True,2026-02-17T11:23:38.387070
2026-03-28,CAN,departure,19:20,KTM Kathmandu,CZ3067,China Southern,text,Duration: 5h 25m,,True,2026-02-17T11:23:38.387075
2026-03-28,CAN,departure,19:20,XIY Xian,CZ3231,China Southern,text,Duration: 2h 40m,,True,2026-02-17T11:23:38.387080
2026-03-28,CAN,departure,19:20,WNZ Wenzhou,ZH9963,Shenzhen Airlines,text,Duration: 1h 40m,,True,2026-02-17T11:23:38.387085
2026-03-28,CAN,departure,19:25,DAC Dhaka,CZ391,China Southern,text,Duration: 4h 25m,,True,2026-02-17T11:23:38.387091
2026-03-28,CAN,departure,19:25,YYZ Toronto,CZ311,China Southern,text,Duration: 14h 50m,,True,2026-02-17T11:23:38.387096
2026-03-28,CAN,departure,19:30,XIY Xian,HU7858,Hainan Airlines,text,Duration: 2h 50m,,True,2026-02-17T11:23:38.387101
2026-03-28,CAN,departure,19:30,SHA Shanghai,FM9318,Shanghai Airlines,text,Duration: 2h 15m,,True,2026-02-17T11:23:38.387106
2026-03-28,CAN,departure,19:35,TSN Tianjin,GS7926,Tianjin Airlines,text,Duration: 3h 5m,,True,2026-02-17T11:23:38.387111
2026-03-28,CAN,departure,19:35,DLC Dalian,CZ3608,China Southern,text,Duration: 3h 25m,,True,2026-02-17T11:23:38.387117
2026-03-28,CAN,departure,19:35,PVG Shanghai,CA4537,Air China,text,Duration: 2h 20m,,True,2026-02-17T11:23:38.387122
2026-03-28,CAN,departure,19:40,TSN Tianjin,CA2804,Air China,text,Duration: 3h 0m,,True,2026-02-17T11:23:38.387127
2026-03-28,CAN,departure,19:40,CKG Chongqing,AQ1101,9 Air,text,Duration: 2h 15m,,True,2026-02-17T11:23:38.387132
2026-03-28,CAN,departure,19:40,PEK Beijing,CA1302,Air China,text,Duration: 3h 20m,,True,2026-02-17T11:23:38.387137
2026-03-28,CAN,departure,19:40,CTU Chengdu,3U8736,Sichuan Airlines,text,Duration: 2h 30m,,True,2026-02-17T11:23:38.387142
2026-03-28,CAN,departure,19:45,TNA Jinan,SC1172,Shandong Airlines,text,Duration: 2h 35m,,True,2026-02-17T11:23:38.387148
2026-03-28,CAN,departure,19:45,CGD Changde,CZ3247,China Southern,text,Duration: 1h 35m,,True,2026-02-17T11:23:38.387153
2026-03-28,CAN,departure,19:55,LHW Lanzhou,MU2306,China Eastern,text,Duration: 3h 20m,,True,2026-02-17T11:23:38.387158
2026-03-28,CAN,departure,19:55,CGO Zhengzhou,CZ3394,China Southern,text,Duration: 2h 20m,,True,2026-02-17T11:23:38.387163
2026-03-28,CAN,departure,19:55,KUL Kuala Lumpur,CZ5035,China Southern,text,Duration: 4h 20m,,True,2026-02-17T11:23:38.387169
2026-03-28,CAN,departure,19:55,TSN Tianjin,CZ3349,China Southern,text,Duration: 3h 0m,,True,2026-02-17T11:23:38.387174
2026-03-28,CAN,departure,19:55,PKX Beijing,KN5322,China United Airlines,text,Duration: 2h 45m,,True,2026-02-17T11:23:38.387180
2026-03-28,CAN,departure,20:00,CKG Chongqing,HU7241,Hainan Airlines,text,Duration: 2h 25m,,True,2026-02-17T11:23:38.387185
2026-03-28,CAN,departure,20:00,HIA Huai'an,CZ3995,China Southern,text,Duration: 2h 25m,,True,2026-02-17T11:23:38.387190
2026-03-28,CAN,departure,20:00,HRB Harbin,CZ3905,China Southern,text,Duration: 4h 30m,,True,2026-02-17T11:23:38.387196
2026-03-28,CAN,departure,20:00,KTI Phnom Penh,KR936,Cambodia Airways,text,Duration: 3h 0m,,True,2026-02-17T11:23:38.387270
2026-03-28,CAN,departure,20:00,SHA Shanghai,CZ3595,China Southern,text,Duration: 2h 15m,,True,2026-02-17T11:23:38.387277
2026-03-28,CAN,departure,20:00,PKX Beijing,CZ3161,China Southern,text,Duration: 2h 55m,,True,2026-02-17T11:23:38.387283
2026-03-28,CAN,departure,20:00,MNL Manila,CZ3077,China Southern,text,Duration: 2h 30m,,True,2026-02-17T11:23:38.387288
2026-03-28,CAN,departure,20:05,SGN Ho Chi Minh City,CZ367,China Southern,text,Duration: 3h 5m,,True,2026-02-17T11:23:38.387294
2026-03-28,CAN,departure,20:10,SYX Sanya,HU7310,Hainan Airlines,text,Duration: 1h 50m,,True,2026-02-17T11:23:38.387300
2026-03-28,CAN,departure,20:10,CGQ Changchun,CZ6852,China Southern,text,Duration: 4h 15m,,True,2026-02-17T11:23:38.387305
2026-03-28,CAN,departure,20:10,YIW Yiwu,CZ3886,China Southern,text,Duration: 1h 50m,,True,2026-02-17T11:23:38.387310
2026-03-28,CAN,departure,20:10,PVG Shanghai,MU5318,China Eastern,text,Duration: 2h 10m,,True,2026-02-17T11:23:38.387316
2026-03-28,CAN,departure,20:15,SHA Shanghai,HO1868,Juneyao Airlines,text,Duration: 2h 10m,,True,2026-02-17T11:23:38.387321
2026-03-28,CAN,departure,20:15,HGH Hangzhou,MU5218,China Eastern,text,Duration: 2h 0m,,True,2026-02-17T11:23:38.387327
2026-03-28,CAN,departure,20:15,XIY Xian,CZ3211,China Southern,text,Duration: 2h 40m,,True,2026-02-17T11:23:38.387332
2026-03-28,CAN,departure,20:15,LJG Lijiang,JD5131,Capital Airlines,text,Duration: 2h 35m,,True,2026-02-17T11:23:38.387337
2026-03-28,CAN,departure,20:15,PEK Beijing,HU7814,Hainan Airlines,text,Duration: 2h 55m,,True,2026-02-17T11:23:38.387342
2026-03-28,CAN,departure,20:20,JDZ Jingdezhen,ZH9997,Shenzhen Airlines,text,Duration: 1h 45m,,True,2026-02-17T11:23:38.387348
2026-03-28,CAN,departure,20:20,HET Hohhot,CZ3181,China Southern,text,Duration: 3h 15m,,True,2026-02-17T11:23:38.387353
2026-03-28,CAN,departure,20:20,BKK Bangkok,CZ361,China Southern,text,Duration: 3h 10m,,True,2026-02-17T11:23:38.387358
2026-03-28,CAN,departure,20:20,LHW Lanzhou,CZ3251,China Southern,text,Duration: 3h 25m,,True,2026-02-17T11:23:38.387363
2026-03-28,CAN,departure,20:25,LUM Mangshi,MU5794,China Eastern,text,Duration: 3h 20m,,True,2026-02-17T11:23:38.387368
2026-03-28,CAN,departure,20:25,CZX Changzhou,MU2948,China Eastern,text,Duration: 2h 35m,,True,2026-02-17T11:23:38.387373
2026-03-28,CAN,departure,20:25,PKX Beijing,JD5922,Capital Airlines,text,Duration: 3h 0m,,True,2026-02-17T11:23:38.387378
2026-03-28,CAN,departure,20:30,TAO Qingdao,SC4676,Shandong Airlines,text,Duration: 3h 0m,,True,2026-02-17T11:23:38.387383
2026-03-28,CAN,departure,20:30,SHA Shanghai,FM9320,Shanghai Airlines,text,Duration: 2h 0m,,True,2026-02-17T11:23:38.387388
2026-03-28,CAN,departure,20:30,CTU Chengdu,CZ3413,China Southern,text,Duration: 2h 50m,,True,2026-02-17T11:23:38.387395
2026-03-28,CAN,departure,20:30,CTU Chengdu,CA4304,Air China,text,Duration: 2h 30m,,True,2026-02-17T11:23:38.387400
2026-03-28,CAN,departure,20:35,TYN Taiyuan,CZ3377,China Southern,text,Duration: 2h 40m,,True,2026-02-17T11:23:38.387405
2026-03-28,CAN,departure,20:35,WNZ Wenzhou,CA8306,Air China,text,Duration: 1h 45m,,True,2026-02-17T11:23:38.387410
2026-03-28,CAN,departure,20:40,PVG Shanghai,HU7231,Hainan Airlines,text,Duration: 2h 20m,,True,2026-02-17T11:23:38.387416
2026-03-28,CAN,departure,20:40,HFE Hefei,AQ1127,9 Air,text,Duration: 2h 0m,,True,2026-02-17T11:23:38.387421
2026-03-28,CAN,departure,20:40,XIY Xian,MU6262,China Eastern,text,Duration: 2h 45m,,True,2026-02-17T11:23:38.387427
2026-03-28,CAN,departure,20:40,PEK Beijing,CA1366,Air China,text,Duration: 3h 15m,,True,2026-02-17T11:23:38.387432
2026-03-28,CAN,departure,20:45,SHA Shanghai,MU5320,China Eastern,text,Duration: 2h 0m,,True,2026-02-17T11:23:38.387437
2026-03-28,CAN,departure,20:45,KWE Guiyang,CZ3662,China Southern,text,Duration: 1h 45m,,True,2026-02-17T11:23:38.387443
2026-03-28,CAN,departure,20:45,KUL Kuala Lumpur,CZ8071,China Southern,text,Duration: 4h 25m,,True,2026-02-17T11:23:38.387448
2026-03-28,CAN,departure,20:50,NNG Nanning,CZ3296,China Southern,text,Duration: 1h 45m,,True,2026-02-17T11:23:38.387453
2026-03-28,CAN,departure,20:55,BKI Kota Kinabalu,CZ8483,China Southern,text,Duration: 3h 35m,,True,2026-02-17T11:23:38.387459
2026-03-28,CAN,departure,20:55,KMG Kunming,CZ3419,China Southern,text,Duration: 2h 35m,,True,2026-02-17T11:23:38.387464
2026-03-28,CAN,departure,20:55,PKX Beijing,MU6310,China Eastern,text,Duration: 3h 0m,,True,2026-02-17T11:23:38.387470
2026-03-28,CAN,departure,20:55,NGB Ningbo,CZ3671,China Southern,text,Duration: 2h 0m,,True,2026-02-17T11:23:38.387475
2026-03-28,CAN,departure,21:00,CSX Changsha,CZ6043,China Southern,text,Duration: 1h 35m,,True,2026-02-17T11:23:38.387480
2026-03-28,CAN,departure,21:00,TFU Chengdu,ZH9445,Shenzhen Airlines,text,Duration: 2h 25m,,True,2026-02-17T11:23:38.387486
2026-03-28,CAN,departure,21:00,HAK Haikou,HU7010,Hainan Airlines,text,Duration: 1h 30m,,True,2026-02-17T11:23:38.387491
2026-03-28,CAN,departure,21:00,PKX Beijing,CZ3107,China Southern,text,Duration: 3h 10m,,True,2026-02-17T11:23:38.387498
2026-03-28,CAN,departure,21:00,SYD Sydney,CZ325,China Southern,text,Duration: 9h 25m,,True,2026-02-17T11:23:38.387503
2026-03-28,CAN,departure,21:05,TAO Qingdao,CZ3715,China Southern,text,Duration: 2h 45m,,True,2026-02-17T11:23:38.387509
2026-03-28,CAN,departure,21:05,NKG Nanjing,ZH9877,Shenzhen Airlines,text,Duration: 2h 10m,,True,2026-02-17T11:23:38.387515
2026-03-28,CAN,departure,21:05,HRB Harbin,CZ8720,China Southern,text,Duration: 4h 10m,,True,2026-02-17T11:23:38.387520
2026-03-28,CAN,departure,21:10,PKX Beijing,MF8340,XiamenAir,text,Duration: 3h 0m,,True,2026-02-17T11:23:38.387526
2026-03-28,CAN,departure,21:10,TNA Jinan,SC1176,Shandong Airlines,text,Duration: 2h 35m,,True,2026-02-17T11:23:38.387531
2026-03-28,CAN,departure,21:10,TSN Tianjin,MF8356,XiamenAir,text,Duration: 3h 5m,,True,2026-02-17T11:23:38.387537
2026-03-28,CAN,departure,21:10,BNE Brisbane,CZ381,China Southern,text,Duration: 9h 5m,,True,2026-02-17T11:23:38.387611
2026-03-28,CAN,departure,21:10,HGH Hangzhou,CZ3819,China Southern,text,Duration: 2h 5m,,True,2026-02-17T11:23:38.387618
2026-03-28,CAN,departure,21:15,HGH Hangzhou,MF8312,XiamenAir,text,Duration: 2h 10m,,True,2026-02-17T11:23:38.387623
2026-03-28,CAN,departure,21:15,CKG Chongqing,CA4342,Air China,text,Duration: 2h 15m,,True,2026-02-17T11:23:38.387629
2026-03-28,CAN,departure,21:15,XIY Xian,CZ3217,China Southern,text,Duration: 2h 35m,,True,2026-02-17T11:23:38.387634
2026-03-28,CAN,departure,21:15,PVG Shanghai,CA1866,Air China,text,Duration: 2h 20m,,True,2026-02-17T11:23:38.387640
2026-03-28,CAN,departure,21:15,PEK Beijing,HU7816,Hainan Airlines,text,Duration: 2h 55m,,True,2026-02-17T11:23:38.387645
2026-03-28,CAN,departure,21:15,TNA Jinan,CZ3663,China Southern,text,Duration: 2h 35m,,True,2026-02-17T11:23:38.387650
2026-03-28,CAN,departure,21:20,KMG Kunming,KY8282,Kunming Airlines,text,Duration: 2h 45m,,True,2026-02-17T11:23:38.387656
2026-03-28,CAN,departure,21:20,NKG Nanjing,CZ3871,China Southern,text,Duration: 2h 15m,,True,2026-02-17T11:23:38.387661
2026-03-28,CAN,departure,21:20,SHE Shenyang,CZ3601,China Southern,text,Duration: 3h 50m,,True,2026-02-17T11:23:38.387667
2026-03-28,CAN,departure,21:20,MEL Melbourne,CZ321,China Southern,text,Duration: 9h 25m,,True,2026-02-17T11:23:38.387672
2026-03-28,CAN,departure,21:20,DLC Dalian,CZ6458,China Southern,text,Duration: 3h 15m,,True,2026-02-17T11:23:38.387678
2026-03-28,CAN,departure,21:25,KUL Kuala Lumpur,AK117,AirAsia,text,Duration: 4h 15m,,True,2026-02-17T11:23:38.387684
2026-03-28,CAN,departure,21:25,KUL Kuala Lumpur,AQ1271,9 Air,text,Duration: 4h 15m,,True,2026-02-17T11:23:38.387689
2026-03-28,CAN,departure,21:25,SHA Shanghai,HO1852,Juneyao Airlines,text,Duration: 2h 5m,,True,2026-02-17T11:23:38.387695
2026-03-28,CAN,departure,21:25,LYI Linyi,CZ3991,China Southern,text,Duration: 2h 30m,,True,2026-02-17T11:23:38.387700
2026-03-28,CAN,departure,21:30,KMG Kunming,8L9976,Lucky Air,text,Duration: 2h 45m,,True,2026-02-17T11:23:38.387706
2026-03-28,CAN,departure,21:30,XIY Xian,ZH9225,Shenzhen Airlines,text,Duration: 2h 50m,,True,2026-02-17T11:23:38.387711
2026-03-28,CAN,departure,21:30,SHA Shanghai,MU9200,China Eastern,text,Duration: 2h 5m,,True,2026-02-17T11:23:38.387717
2026-03-28,CAN,departure,21:35,SHA Shanghai,9C8932,Spring Airlines,text,Duration: 2h 15m,,True,2026-02-17T11:23:38.387722
2026-03-28,CAN,departure,21:35,CTU Chengdu,3U8738,Sichuan Airlines,text,Duration: 2h 20m,,True,2026-02-17T11:23:38.387727
2026-03-28,CAN,departure,21:35,KTI Phnom Penh,CZ323,China Southern,text,Duration: 2h 55m,,True,2026-02-17T11:23:38.387733
2026-03-28,CAN,departure,21:40,BKK Bangkok,KQ887,Kenya Airways,text,Duration: 2h 55m,,True,2026-02-17T11:23:38.387738
2026-03-28,CAN,departure,21:40,CGO Zhengzhou,CZ3392,China Southern,text,Duration: 2h 25m,,True,2026-02-17T11:23:38.387743
2026-03-28,CAN,departure,21:50,LAX Los Angeles,CZ327,China Southern,text,Duration: 12h 40m,,True,2026-02-17T11:23:38.387749
2026-03-28,CAN,departure,22:00,HGH Hangzhou,HU7361,Hainan Airlines,text,Duration: 2h 15m,,True,2026-02-17T11:23:38.387754
2026-03-28,CAN,departure,22:00,FOC Fuzhou,CZ8779,China Southern,text,Duration: 1h 35m,,True,2026-02-17T11:23:38.387760
2026-03-28,CAN,departure,22:00,PKX Beijing,MU6312,China Eastern,text,Duration: 2h 50m,,True,2026-02-17T11:23:38.387765
2026-03-28,CAN,departure,22:00,HFE Hefei,CZ3815,China Southern,text,Duration: 2h 5m,,True,2026-02-17T11:23:38.387771
2026-03-28,CAN,departure,22:00,YIH Yichang,CZ3311,China Southern,text,Duration: 1h 55m,,True,2026-02-17T11:23:38.387776
2026-03-28,CAN,departure,22:00,PKX Beijing,CZ3165,China Southern,text,Duration: 2h 55m,,True,2026-02-17T11:23:38.387781
2026-03-28,CAN,departure,22:05,SYX Sanya,CZ6736,China Southern,text,Duration: 1h 40m,,True,2026-02-17T11:23:38.387786
2026-03-28,CAN,departure,22:05,NTG Nantong,ZH8695,Shenzhen Airlines,text,Duration: 2h 15m,,True,2026-02-17T11:23:38.387791
2026-03-28,CAN,departure,22:05,HYN Taizhou,CZ3235,China Southern,text,Duration: 1h 50m,,True,2026-02-17T11:23:38.387797
2026-03-28,CAN,departure,22:05,WNZ Wenzhou,CZ3769,China Southern,text,Duration: 1h 45m,,True,2026-02-17T11:23:38.387802
2026-03-28,CAN,departure,22:05,NNY Nanyang,CZ3383,China Southern,text,Duration: 2h 5m,,True,2026-02-17T11:23:38.387807
2026-03-28,CAN,departure,22:10,HGH Hangzhou,CA1798,Air China,text,Duration: 2h 5m,,True,2026-02-17T11:23:38.387812
2026-03-28,CAN,departure,22:10,YNZ Yancheng,CZ3267,China Southern,text,Duration: 2h 25m,,True,2026-02-17T11:23:38.387817
2026-03-28,CAN,departure,22:10,HAN Hanoi,CZ371,China Southern,text,Duration: 2h 5m,,True,2026-02-17T11:23:38.387823
2026-03-28,CAN,departure,22:15,CGO Zhengzhou,ZH8903,Shenzhen Airlines,text,Duration: 2h 20m,,True,2026-02-17T11:23:38.387828
2026-03-28,CAN,departure,22:15,HKG Hong Kong,CX989,Cathay Pacific,text,Duration: 1h 20m,,True,2026-02-17T11:23:38.387834
2026-03-28,CAN,departure,22:15,PVG Shanghai,CZ3832,China Southern,text,Duration: 2h 30m,,True,2026-02-17T11:23:38.387840
2026-03-28,CAN,departure,22:15,CZX Changzhou,CZ3993,China Southern,text,Duration: 2h 15m,,True,2026-02-17T11:23:38.387845
2026-03-28,CAN,departure,22:20,KMG Kunming,MU5740,China Eastern,text,Duration: 3h 0m,,True,2026-02-17T11:23:38.387850
2026-03-28,CAN,departure,22:20,CKG Chongqing,OQ2326,Chongqing Airlines,text,Duration: 2h 10m,,True,2026-02-17T11:23:38.387856
2026-03-28,CAN,departure,22:20,XUZ Xuzhou,CZ6281,China Southern,text,Duration: 2h 20m,,True,2026-02-17T11:23:38.387861
2026-03-28,CAN,departure,22:20,YTY Yangzhou,CZ3957,China Southern,text,Duration: 2h 15m,,True,2026-02-17T11:23:38.387867
2026-03-28,CAN,departure,22:20,WUX Wuxi,ZH9833,Shenzhen Airlines,text,Duration: 2h 15m,,True,2026-02-17T11:23:38.387872
2026-03-28,CAN,departure,22:30,SWA Jieyang,CZ3896,China Southern,text,Duration: 1h 15m,,True,2026-02-17T11:23:38.387878
2026-03-28,CAN,departure,22:30,HAK Haikou,CZ6788,China Southern,text,Duration: 1h 35m,,True,2026-02-17T11:23:38.387983
2026-03-28,CAN,departure,22:35,HGH Hangzhou,GJ8996,Loong Air,text,Duration: 2h 10m,,True,2026-02-17T11:23:38.387993
2026-03-28,CAN,departure,22:40,ZHA Zhanjiang,CZ3329,China Southern,text,Duration: 1h 15m,,True,2026-02-17T11:23:38.387999
2026-03-28,CAN,departure,22:40,SIN Singapore,CZ8489,China Southern,text,Duration: 4h 10m,,True,2026-02-17T11:23:38.388005
2026-03-28,CAN,departure,22:45,CSX Changsha,CZ5592,China Southern,text,Duration: 1h 35m,,True,2026-02-17T11:23:38.388011
2026-03-28,CAN,departure,23:00,BAR Qionghai,AQ1145,9 Air,text,Duration: 1h 35m,,True,2026-02-17T11:23:38.388016
2026-03-28,CAN,departure,23:00,BKK Bangkok,CZ3035,China Southern,text,Duration: 3h 5m,,True,2026-02-17T11:23:38.388022
2026-03-28,CAN,departure,23:00,XIY Xian,MU2304,China Eastern,text,Duration: 2h 30m,,True,2026-02-17T11:23:38.388028
2026-03-28,CAN,departure,23:00,HAK Haikou,HU7012,Hainan Airlines,text,Duration: 2h 0m,,True,2026-02-17T11:23:38.388034
2026-03-28,CAN,departure,23:00,WUH Wuhan,CZ3367,China Southern,text,Duration: 1h 55m,,True,2026-02-17T11:23:38.388039
2026-03-28,CAN,departure,23:05,CGO Zhengzhou,PN6380,West Air (China),text,Duration: 2h 20m,,True,2026-02-17T11:23:38.388045
2026-03-28,CAN,departure,23:05,NKG Nanjing,MU9768,China Eastern,text,Duration: 2h 25m,,True,2026-02-17T11:23:38.388052
2026-03-28,CAN,departure,23:05,SJW Shijiazhuang,NS3658,Hebei Airlines,text,Duration: 2h 30m,,True,2026-02-17T11:23:38.388058
2026-03-28,CAN,departure,23:10,KHN Nanchang,MU5232,China Eastern,text,Duration: 1h 30m,,True,2026-02-17T11:23:38.388064
2026-03-28,CAN,departure,23:10,YIW Yiwu,CZ3727,China Southern,text,Duration: 1h 50m,,True,2026-02-17T11:23:38.388069
2026-03-28,CAN,departure,23:15,KHN Nanchang,CZ3343,China Southern,text,Duration: 1h 40m,,True,2026-02-17T11:23:38.388074
2026-03-28,CAN,departure,23:15,IST Istanbul,TK73,Turkish Airlines,text,Duration: 11h 35m,,True,2026-02-17T11:23:38.388080
2026-03-28,CAN,departure,23:15,HAK Haikou,CZ6780,China Southern,text,Duration: 1h 40m,,True,2026-02-17T11:23:38.388086
2026-03-28,CAN,departure,23:20,CAI Cairo,MS959,EgyptAir,text,Duration: 12h 5m,,True,2026-02-17T11:23:38.388092
2026-03-28,CAN,departure,23:20,SFO San Francisco,CZ657,China Southern,text,Duration: 12h 20m,,True,2026-02-17T11:23:38.388098
2026-03-28,CAN,departure,23:25,BHY Beihai,CZ3353,China Southern,text,Duration: 1h 25m,,True,2026-02-17T11:23:38.388103
2026-03-28,CAN,departure,23:25,SYX Sanya,CZ6732,China Southern,text,Duration: 1h 50m,,True,2026-02-17T11:23:38.388108
2026-03-28,CAN,departure,23:25,SGN Ho Chi Minh City,CZ6089,China Southern,text,Duration: 2h 55m,,True,2026-02-17T11:23:38.388115
2026-03-28,CAN,departure,23:30,BKK Bangkok,AQ1265,9 Air,text,Duration: 2h 55m,,True,2026-02-17T11:23:38.388121
2026-03-28,CAN,departure,23:30,IKA Tehran,W580,Mahan Air,text,Duration: 9h 30m,,True,2026-02-17T11:23:38.388126
2026-03-28,CAN,departure,23:40,CKG Chongqing,PN6206,West Air (China),text,Duration: 2h 15m,,True,2026-02-17T11:23:38.388131
2026-03-28,CAN,arrival,00:05,MDC Manado,8B167,TransNusa,text,Duration: 3h 55m,,True,2026-02-17T11:24:39.200691
2026-03-28,CAN,arrival,00:05,TSN Tianjin,CZ3136,China Southern,text,Duration: 3h 35m,,True,2026-02-17T11:24:39.200702
2026-03-28,CAN,arrival,00:05,HET Hohhot,GJ8568,Loong Air,text,Duration: 3h 15m,,True,2026-02-17T11:24:39.200709
2026-03-28,CAN,arrival,00:05,LJG Lijiang,MU5741,China Eastern,text,Duration: 2h 20m,,True,2026-02-17T11:24:39.200715
2026-03-28,CAN,arrival,00:05,ICN Seoul,OZ357,Asiana,text,Duration: 4h 5m,,True,2026-02-17T11:24:39.200721
2026-03-28,CAN,arrival,00:10,NKG Nanjing,AQ1030,9 Air,text,Duration: 2h 40m,,True,2026-02-17T11:24:39.200727
2026-03-28,CAN,arrival,00:10,XIY Xian,HU7827,Hainan Airlines,text,Duration: 2h 40m,,True,2026-02-17T11:24:39.200733
2026-03-28,CAN,arrival,00:10,LUM Mangshi,MU9729,China Eastern,text,Duration: 2h 40m,,True,2026-02-17T11:24:39.200739
2026-03-28,CAN,arrival,00:10,PVG Shanghai,MU5325,China Eastern,text,Duration: 2h 55m,,True,2026-02-17T11:24:39.200745
2026-03-28,CAN,arrival,00:15,SJW Shijiazhuang,9C8900,Spring Airlines,text,Duration: 3h 30m,,True,2026-02-17T11:24:39.200751
2026-03-28,CAN,arrival,00:15,LUM Mangshi,CZ6500,China Southern,text,Duration: 2h 20m,,True,2026-02-17T11:24:39.200757
2026-03-28,CAN,arrival,00:15,NKG Nanjing,CZ3698,China Southern,text,Duration: 2h 40m,,True,2026-02-17T11:24:39.200762
2026-03-28,CAN,arrival,00:15,TAO Qingdao,CZ3610,China Southern,text,Duration: 3h 35m,,True,2026-02-17T11:24:39.200768
2026-03-28,CAN,arrival,00:15,HGH Hangzhou,GJ8859,Loong Air,text,Duration: 2h 25m,,True,2026-02-17T11:24:39.200773
2026-03-28,CAN,arrival,00:20,SYX Sanya,AQ1112,9 Air,text,Duration: 1h 50m,,True,2026-02-17T11:24:39.200779
2026-03-28,CAN,arrival,00:20,TSN Tianjin,BK2788,OkAir,text,Duration: 3h 5m,,True,2026-02-17T11:24:39.200784
2026-03-28,CAN,arrival,00:20,SHA Shanghai,HO1853,Juneyao Airlines,text,Duration: 2h 45m,,True,2026-02-17T11:24:39.200789
2026-03-28,CAN,arrival,00:20,SIN Singapore,SQ852,Singapore Airlines,text,Duration: 4h 25m,,True,2026-02-17T11:24:39.200795
2026-03-28,CAN,arrival,00:20,CGQ Changchun,ZH9696,Shenzhen Airlines,text,Duration: 4h 45m,,True,2026-02-17T11:24:39.200800
2026-03-28,CAN,arrival,00:20,HAK Haikou,ZH8994,Shenzhen Airlines,text,Duration: 1h 15m,,True,2026-02-17T11:24:39.200806
2026-03-28,CAN,arrival,00:25,SHA Shanghai,9C6883,Spring Airlines,text,Duration: 2h 40m,,True,2026-02-17T11:24:39.200812
2026-03-28,CAN,arrival,00:25,LYG Lianyungang,AQ1180,9 Air,text,Duration: 3h 5m,,True,2026-02-17T11:24:39.200818
2026-03-28,CAN,arrival,00:25,PEK Beijing,CA1329,Air China,text,Duration: 3h 25m,,True,2026-02-17T11:24:39.200824
2026-03-28,CAN,arrival,00:25,ENH Enshi,GJ6032,Loong Air,text,Duration: 1h 50m,,True,2026-02-17T11:24:39.200829
2026-03-28,CAN,arrival,00:25,CKG Chongqing,OQ2130,Chongqing Airlines,text,Duration: 1h 50m,,True,2026-02-17T11:24:39.200835
2026-03-28,CAN,arrival,00:30,KUL Kuala Lumpur,AK118,AirAsia,text,Duration: 4h 15m,,True,2026-02-17T11:24:39.200841
2026-03-28,CAN,arrival,00:30,SHA Shanghai,CZ3582,China Southern,text,Duration: 2h 40m,,True,2026-02-17T11:24:39.200847
2026-03-28,CAN,arrival,00:30,WUH Wuhan,CZ8519,China Southern,text,Duration: 2h 25m,,True,2026-02-17T11:24:39.200853
2026-03-28,CAN,arrival,00:30,TFU Chengdu,JD5162,Capital Airlines,text,Duration: 2h 0m,,True,2026-02-17T11:24:39.200858
2026-03-28,CAN,arrival,00:35,JHG Jinghong,AQ1042,9 Air,text,Duration: 2h 25m,,True,2026-02-17T11:24:39.200864
2026-03-28,CAN,arrival,00:35,HRB Harbin,CZ3624,China Southern,text,Duration: 5h 5m,,True,2026-02-17T11:24:39.200870
2026-03-28,CAN,arrival,00:35,KMG Kunming,CZ3490,China Southern,text,Duration: 2h 0m,,True,2026-02-17T11:24:39.200876
2026-03-28,CAN,arrival,00:35,NGB Ningbo,CZ3780,China Southern,text,Duration: 2h 25m,,True,2026-02-17T11:24:39.200881
2026-03-28,CAN,arrival,00:35,TNA Jinan,CZ3708,China Southern,text,Duration: 3h 0m,,True,2026-02-17T11:24:39.200887
2026-03-28,CAN,arrival,00:35,WUX Wuxi,MU2817,China Eastern,text,Duration: 2h 40m,,True,2026-02-17T11:24:39.200893
2026-03-28,CAN,arrival,00:40,CGO Zhengzhou,GJ8584,Loong Air,text,Duration: 2h 40m,,True,2026-02-17T11:24:39.200898
2026-03-28,CAN,arrival,00:40,URC Urumqi,HU7224,Hainan Airlines,text,Duration: 5h 10m,,True,2026-02-17T11:24:39.200904
2026-03-28,CAN,arrival,00:40,HGH Hangzhou,JD5270,Capital Airlines,text,Duration: 2h 30m,,True,2026-02-17T11:24:39.200910
2026-03-28,CAN,arrival,00:45,PKX Beijing,AQ1002,9 Air,text,Duration: 3h 25m,,True,2026-02-17T11:24:39.200915
2026-03-28,CAN,arrival,00:45,PEK Beijing,CA1385,Air China,text,Duration: 3h 15m,,True,2026-02-17T11:24:39.200921
2026-03-28,CAN,arrival,00:45,PKX Beijing,MU6317,China Eastern,text,Duration: 3h 25m,,True,2026-02-17T11:24:39.200926
2026-03-28,CAN,arrival,00:45,TNA Jinan,MU6576,China Eastern,text,Duration: 3h 0m,,True,2026-02-17T11:24:39.200932
2026-03-28,CAN,arrival,00:50,KMG Kunming,AQ1120,9 Air,text,Duration: 1h 55m,,True,2026-02-17T11:24:39.200937
2026-03-28,CAN,arrival,00:50,PKX Beijing,CZ3114,China Southern,text,Duration: 3h 20m,,True,2026-02-17T11:24:39.200943
2026-03-28,CAN,arrival,00:50,SYX Sanya,HU7309,Hainan Airlines,text,Duration: 1h 50m,,True,2026-02-17T11:24:39.200948
2026-03-28,CAN,arrival,00:55,SYX Sanya,CZ6747,China Southern,text,Duration: 1h 40m,,True,2026-02-17T11:24:39.200954
2026-03-28,CAN,arrival,00:55,XUZ Xuzhou,CZ3340,China Southern,text,Duration: 2h 40m,,True,2026-02-17T11:24:39.200959
2026-03-28,CAN,arrival,00:55,TSN Tianjin,JD5186,Capital Airlines,text,Duration: 3h 5m,,True,2026-02-17T11:24:39.200965
2026-03-28,CAN,arrival,01:00,HGH Hangzhou,AQ1072,9 Air,text,Duration: 2h 35m,,True,2026-02-17T11:24:39.200970
2026-03-28,CAN,arrival,01:00,WUT Xinzhou,AQ1162,9 Air,text,Duration: 3h 15m,,True,2026-02-17T11:24:39.200975
2026-03-28,CAN,arrival,01:00,WXN Wanxian,CZ8254,China Southern,text,Duration: 2h 0m,,True,2026-02-17T11:24:39.201090
2026-03-28,CAN,arrival,01:05,DPS Denpasar,8B969,TransNusa,text,Duration: 5h 20m,,True,2026-02-17T11:24:39.201097
2026-03-28,CAN,arrival,01:05,XIY Xian,AQ1106,9 Air,text,Duration: 2h 50m,,True,2026-02-17T11:24:39.201103
2026-03-28,CAN,arrival,01:05,HGH Hangzhou,CZ3850,China Southern,text,Duration: 2h 30m,,True,2026-02-17T11:24:39.201109
2026-03-28,CAN,arrival,01:05,SHA Shanghai,MU5319,China Eastern,text,Duration: 2h 35m,,True,2026-02-17T11:24:39.201114
2026-03-28,CAN,arrival,01:10,CTU Chengdu,CZ3428,China Southern,text,Duration: 2h 40m,,True,2026-02-17T11:24:39.201120
2026-03-28,CAN,arrival,01:10,SHE Shenyang,CZ6331,China Southern,text,Duration: 4h 40m,,True,2026-02-17T11:24:39.201126
2026-03-28,CAN,arrival,01:10,KMG Kunming,MU9689,China Eastern,text,Duration: 2h 20m,,True,2026-02-17T11:24:39.201132
2026-03-28,CAN,arrival,01:15,CGO Zhengzhou,AQ1174,9 Air,text,Duration: 2h 30m,,True,2026-02-17T11:24:39.201137
2026-03-28,CAN,arrival,01:15,XUZ Xuzhou,GJ8060,Loong Air,text,Duration: 2h 35m,,True,2026-02-17T11:24:39.201142
2026-03-28,CAN,arrival,01:20,HFE Hefei,HU7204,Hainan Airlines,text,Duration: 2h 25m,,True,2026-02-17T11:24:39.201148
2026-03-28,CAN,arrival,01:20,LJG Lijiang,JD5132,Capital Airlines,text,Duration: 2h 30m,,True,2026-02-17T11:24:39.201153
2026-03-28,CAN,arrival,01:30,CGK Jakarta,8B860,TransNusa,text,Duration: 5h 40m,,True,2026-02-17T11:24:39.201158
2026-03-28,CAN,arrival,01:30,JGN Jiayuguan,AQ1160,9 Air,text,Duration: 3h 40m,,True,2026-02-17T11:24:39.201163
2026-03-28,CAN,arrival,01:30,SGN Ho Chi Minh City,VJ3908,VietJet,text,Duration: 2h 45m,,True,2026-02-17T11:24:39.201170
2026-03-28,CAN,arrival,01:35,PVG Shanghai,CZ3585,China Southern,text,Duration: 2h 45m,,True,2026-02-17T11:24:39.201176
2026-03-28,CAN,arrival,01:40,XIY Xian,MU6956,China Eastern,text,Duration: 2h 40m,,True,2026-02-17T11:24:39.201182
2026-03-28,CAN,arrival,01:50,DMK Bangkok,SL900,Thai Lion Air,text,Duration: 2h 50m,,True,2026-02-17T11:24:39.201188
2026-03-28,CAN,arrival,02:00,BKK Bangkok,9C7420,Spring Airlines,text,Duration: 3h 5m,,True,2026-02-17T11:24:39.201194
2026-03-28,CAN,arrival,02:00,CNX Chiang Mai,9C8934,Spring Airlines,text,Duration: 3h 15m,,True,2026-02-17T11:24:39.201200
2026-03-28,CAN,arrival,02:00,KTI Phnom Penh,9C7008,Spring Airlines,text,Duration: 3h 5m,,True,2026-02-17T11:24:39.201206
2026-03-28,CAN,arrival,02:00,JHB Johor Bharu,AK1394,AirAsia,text,Duration: 4h 0m,,True,2026-02-17T11:24:39.201212
2026-03-28,CAN,arrival,02:10,KUL Kuala Lumpur,OD612,Batik Air,text,Duration: 4h 25m,,True,2026-02-17T11:24:39.201217
2026-03-28,CAN,arrival,02:15,HAN Hanoi,VJ7526,VietJet,text,Duration: 1h 35m,,True,2026-02-17T11:24:39.201223
2026-03-28,CAN,arrival,02:20,HKG Hong Kong,CX950,Cathay Pacific,text,Duration: 1h 5m,,True,2026-02-17T11:24:39.201228
2026-03-28,CAN,arrival,02:50,KTI Phnom Penh,KR937,Cambodia Airways,text,Duration: 3h 0m,,True,2026-02-17T11:24:39.201234
2026-03-28,CAN,arrival,03:05,VTE Vientiane,AQ1278,9 Air,text,Duration: 2h 15m,,True,2026-02-17T11:24:39.201239
2026-03-28,CAN,arrival,03:15,TAS Tashkent,C6511,Centrum Air,text,Duration: 6h 55m,,True,2026-02-17T11:24:39.201245
2026-03-28,CAN,arrival,03:25,DAC Dhaka,BG366,Biman,text,Duration: 3h 40m,,True,2026-02-17T11:24:39.201251
2026-03-28,CAN,arrival,03:35,DMK Bangkok,AQ1280,9 Air,text,Duration: 2h 50m,,True,2026-02-17T11:24:39.201256
2026-03-28,CAN,arrival,03:50,DAC Dhaka,BS325,US-Bangla Airlines,text,Duration: 3h 30m,,True,2026-02-17T11:24:39.201261
2026-03-28,CAN,arrival,03:50,PEN Penang,CZ8074,China Southern,text,Duration: 3h 55m,,True,2026-02-17T11:24:39.201266
2026-03-28,CAN,arrival,04:00,KTI Phnom Penh,K6610,Air Cambodia,text,Duration: 3h 5m,,True,2026-02-17T11:24:39.201272
2026-03-28,CAN,arrival,04:00,KTM Kathmandu,RA417,Nepal Airlines,text,Duration: 3h 55m,,True,2026-02-17T11:24:39.201277
2026-03-28,CAN,arrival,04:05,CCU Kolkata,6E1703,IndiGo,text,Duration: 3h 35m,,True,2026-02-17T11:24:39.201282
2026-03-28,CAN,arrival,04:45,DAC Dhaka,CZ392,China Southern,text,Duration: 3h 30m,,True,2026-02-17T11:24:39.201288
2026-03-28,CAN,arrival,04:50,DEL Delhi,6E1701,IndiGo,text,Duration: 4h 35m,,True,2026-02-17T11:24:39.201293
2026-03-28,CAN,arrival,04:55,ALG Algiers,AH3180,Air Algerie,text,Duration: 12h 25m,,True,2026-02-17T11:24:39.201299
2026-03-28,CAN,arrival,05:00,AKL Auckland,CZ306,China Southern,text,Duration: 11h 50m,,True,2026-02-17T11:24:39.201304
2026-03-28,CAN,arrival,05:00,SYD Sydney,CZ302,China Southern,text,Duration: 10h 0m,,True,2026-02-17T11:24:39.201310
2026-03-28,CAN,arrival,05:15,BKI Kota Kinabalu,CZ8484,China Southern,text,Duration: 3h 30m,,True,2026-02-17T11:24:39.201316
2026-03-28,CAN,arrival,05:20,YYZ Toronto,CZ312,China Southern,text,Duration: 15h 50m,,True,2026-02-17T11:24:39.201321
2026-03-28,CAN,arrival,05:25,IST Istanbul,CZ8066,China Southern,text,Duration: 10h 15m,,True,2026-02-17T11:24:39.201326
2026-03-28,CAN,arrival,05:35,KUL Kuala Lumpur,CZ5036,China Southern,text,Duration: 4h 20m,,True,2026-02-17T11:24:39.201333
2026-03-28,CAN,arrival,05:50,DPS Denpasar,CZ626,China Southern,text,Duration: 5h 10m,,True,2026-02-17T11:24:39.201338
2026-03-28,CAN,arrival,05:50,MEL Melbourne,CZ344,China Southern,text,Duration: 9h 20m,,True,2026-02-17T11:24:39.201343
2026-03-28,CAN,arrival,05:50,ADD Addis Ababa,ET616,Ethiopian,text,Duration: 9h 45m,,True,2026-02-17T11:24:39.201348
2026-03-28,CAN,arrival,05:55,KTM Kathmandu,CZ3068,China Southern,text,Duration: 4h 10m,,True,2026-02-17T11:24:39.201354
2026-03-28,CAN,arrival,05:55,LHE Lahore,CZ6038,China Southern,text,Duration: 5h 0m,,True,2026-02-17T11:24:39.201359
2026-03-28,CAN,arrival,06:05,BKK Bangkok,CZ3036,China Southern,text,Duration: 2h 55m,,True,2026-02-17T11:24:39.201364
2026-03-28,CAN,arrival,06:05,CDG Paris,CZ348,China Southern,text,Duration: 12h 0m,,True,2026-02-17T11:24:39.201447
2026-03-28,CAN,arrival,06:15,ALA Almaty,CZ3084,China Southern,text,Duration: 6h 15m,,True,2026-02-17T11:24:39.201455
2026-03-28,CAN,arrival,06:15,YVR Vancouver,CZ330,China Southern,text,Duration: 14h 55m,,True,2026-02-17T11:24:39.201460
2026-03-28,CAN,arrival,06:20,BKK Bangkok,AQ1266,9 Air,text,Duration: 2h 50m,,True,2026-02-17T11:24:39.201465
2026-03-28,CAN,arrival,06:20,SGN Ho Chi Minh City,CZ6090,China Southern,text,Duration: 2h 55m,,True,2026-02-17T11:24:39.201471
2026-03-28,CAN,arrival,06:40,KUL Kuala Lumpur,CZ8072,China Southern,text,Duration: 4h 20m,,True,2026-02-17T11:24:39.201476
2026-03-28,CAN,arrival,07:35,DXB Dubai,CZ8058,China Southern,text,Duration: 7h 15m,,True,2026-02-17T11:24:39.201481
2026-03-28,CAN,arrival,07:55,SIN Singapore,CZ8490,China Southern,text,Duration: 4h 0m,,True,2026-02-17T11:24:39.201487
2026-03-28,CAN,arrival,07:55,HAK Haikou,HU7001,Hainan Airlines,text,Duration: 1h 25m,,True,2026-02-17T11:24:39.201492
2026-03-28,CAN,arrival,07:55,BKK Bangkok,MU2078,China Eastern,text,Duration: 3h 45m,,True,2026-02-17T11:24:39.201498
2026-03-28,CAN,arrival,08:15,SYX Sanya,HU7307,Hainan Airlines,text,Duration: 1h 40m,,True,2026-02-17T11:24:39.201503
2026-03-28,CAN,arrival,08:20,HAK Haikou,CZ6773,China Southern,text,Duration: 1h 20m,,True,2026-02-17T11:24:39.201508
2026-03-28,CAN,arrival,08:20,SYX Sanya,CZ6731,China Southern,text,Duration: 1h 20m,,True,2026-02-17T11:24:39.201513
2026-03-28,CAN,arrival,08:25,BHY Beihai,CZ3354,China Southern,text,Duration: 1h 25m,,True,2026-02-17T11:24:39.201519
2026-03-28,CAN,arrival,08:30,NNG Nanning,CZ3291,China Southern,text,Duration: 1h 10m,,True,2026-02-17T11:24:39.201524
2026-03-28,CAN,arrival,08:30,ZHA Zhanjiang,CZ3330,China Southern,text,Duration: 1h 10m,,True,2026-02-17T11:24:39.201530
2026-03-28,CAN,arrival,08:30,CGO Zhengzhou,PN6381,West Air (China),text,Duration: 2h 25m,,True,2026-02-17T11:24:39.201535
2026-03-28,CAN,arrival,08:40,BAR Qionghai,AQ1146,9 Air,text,Duration: 1h 30m,,True,2026-02-17T11:24:39.201541
2026-03-28,CAN,arrival,08:40,SWA Jieyang,CZ3895,China Southern,text,Duration: 1h 15m,,True,2026-02-17T11:24:39.201546
2026-03-28,CAN,arrival,08:45,HAK Haikou,HU7003,Hainan Airlines,text,Duration: 1h 15m,,True,2026-02-17T11:24:39.201551
2026-03-28,CAN,arrival,08:45,WNZ Wenzhou,ZH9962,Shenzhen Airlines,text,Duration: 2h 0m,,True,2026-02-17T11:24:39.201556
2026-03-28,CAN,arrival,08:50,KHN Nanchang,CZ3344,China Southern,text,Duration: 1h 45m,,True,2026-02-17T11:24:39.201562
2026-03-28,CAN,arrival,08:50,NAO Nanchong,CZ8754,China Southern,text,Duration: 2h 5m,,True,2026-02-17T11:24:39.201568
2026-03-28,CAN,arrival,08:50,YIH Yichang,CZ3312,China Southern,text,Duration: 1h 50m,,True,2026-02-17T11:24:39.201573
2026-03-28,CAN,arrival,08:50,IKA Tehran,W581,Mahan Air,text,Duration: 7h 20m,,True,2026-02-17T11:24:39.201578
2026-03-28,CAN,arrival,08:55,HKG Hong Kong,CX982,Cathay Pacific,text,Duration: 1h 5m,,True,2026-02-17T11:24:39.201584
2026-03-28,CAN,arrival,08:55,KMG Kunming,CZ3420,China Southern,text,Duration: 1h 55m,,True,2026-02-17T11:24:39.201589
2026-03-28,CAN,arrival,08:55,NNY Nanyang,CZ3384,China Southern,text,Duration: 2h 10m,,True,2026-02-17T11:24:39.201595
2026-03-28,CAN,arrival,08:55,HGH Hangzhou,HU7362,Hainan Airlines,text,Duration: 2h 25m,,True,2026-02-17T11:24:39.201601
2026-03-28,CAN,arrival,08:55,WUH Wuhan,MU2542,China Eastern,text,Duration: 1h 40m,,True,2026-02-17T11:24:39.201607
2026-03-28,CAN,arrival,08:55,CGO Zhengzhou,ZH8904,Shenzhen Airlines,text,Duration: 2h 15m,,True,2026-02-17T11:24:39.201613
2026-03-28,CAN,arrival,09:00,CKG Chongqing,CA4361,Air China,text,Duration: 2h 0m,,True,2026-02-17T11:24:39.201619
2026-03-28,CAN,arrival,09:05,CKG Chongqing,3U8745,Sichuan Airlines,text,Duration: 2h 5m,,True,2026-02-17T11:24:39.201624
2026-03-28,CAN,arrival,09:05,SIN Singapore,CZ5062,China Southern,text,Duration: 4h 10m,,True,2026-02-17T11:24:39.201630
2026-03-28,CAN,arrival,09:05,XMN Xiamen,MF8301,XiamenAir,text,Duration: 1h 35m,,True,2026-02-17T11:24:39.201636
2026-03-28,CAN,arrival,09:20,KMG Kunming,3U8205,Sichuan Airlines,text,Duration: 2h 0m,,True,2026-02-17T11:24:39.201641
2026-03-28,CAN,arrival,09:20,KUL Kuala Lumpur,AK112,AirAsia,text,Duration: 4h 15m,,True,2026-02-17T11:24:39.201647
2026-03-28,CAN,arrival,09:25,HAK Haikou,CZ6775,China Southern,text,Duration: 1h 25m,,True,2026-02-17T11:24:39.201653
2026-03-28,CAN,arrival,09:30,KWE Guiyang,CZ3661,China Southern,text,Duration: 1h 40m,,True,2026-02-17T11:24:39.201659
2026-03-28,CAN,arrival,09:30,PVG Shanghai,CZ3549,China Southern,text,Duration: 2h 45m,,True,2026-02-17T11:24:39.201664
2026-03-28,CAN,arrival,09:30,CKG Chongqing,OQ2323,Chongqing Airlines,text,Duration: 2h 0m,,True,2026-02-17T11:24:39.201670
2026-03-28,CAN,arrival,09:30,SIN Singapore,TR100,Scoot,text,Duration: 4h 5m,,True,2026-02-17T11:24:39.201675
2026-03-28,CAN,arrival,09:35,HGH Hangzhou,CA1789,Air China,text,Duration: 2h 20m,,True,2026-02-17T11:24:39.201681
2026-03-28,CAN,arrival,09:35,HFE Hefei,CZ3816,China Southern,text,Duration: 2h 20m,,True,2026-02-17T11:24:39.201686
2026-03-28,CAN,arrival,09:35,HYN Taizhou,CZ3236,China Southern,text,Duration: 2h 15m,,True,2026-02-17T11:24:39.201692
2026-03-28,CAN,arrival,09:35,XUZ Xuzhou,CZ6282,China Southern,text,Duration: 2h 35m,,True,2026-02-17T11:24:39.201698
2026-03-28,CAN,arrival,09:35,WUX Wuxi,ZH9834,Shenzhen Airlines,text,Duration: 2h 35m,,True,2026-02-17T11:24:39.201703
2026-03-28,CAN,arrival,09:40,CZX Changzhou,CZ3994,China Southern,text,Duration: 2h 35m,,True,2026-02-17T11:24:39.201708
2026-03-28,CAN,arrival,09:40,SYX Sanya,CZ6781,China Southern,text,Duration: 1h 40m,,True,2026-02-17T11:24:39.201713
2026-03-28,CAN,arrival,09:40,YNZ Yancheng,CZ3268,China Southern,text,Duration: 2h 40m,,True,2026-02-17T11:24:39.201719
2026-03-28,CAN,arrival,09:40,CTU Chengdu,EU2235,Chengdu Airlines,text,Duration: 2h 10m,,True,2026-02-17T11:24:39.201798
2026-03-28,CAN,arrival,09:40,XIY Xian,MU2303,China Eastern,text,Duration: 2h 40m,,True,2026-02-17T11:24:39.201806
2026-03-28,CAN,arrival,09:45,LYI Linyi,CZ3992,China Southern,text,Duration: 2h 45m,,True,2026-02-17T11:24:39.201811
2026-03-28,CAN,arrival,09:45,WNZ Wenzhou,CZ3770,China Southern,text,Duration: 2h 10m,,True,2026-02-17T11:24:39.201817
2026-03-28,CAN,arrival,09:45,YIW Yiwu,CZ3796,China Southern,text,Duration: 2h 10m,,True,2026-02-17T11:24:39.201822
2026-03-28,CAN,arrival,09:45,HFE Hefei,MU5287,China Eastern,text,Duration: 2h 10m,,True,2026-02-17T11:24:39.201827
2026-03-28,CAN,arrival,09:45,NKG Nanjing,ZH9878,Shenzhen Airlines,text,Duration: 2h 25m,,True,2026-02-17T11:24:39.201833
2026-03-28,CAN,arrival,09:50,SHA Shanghai,9C8835,Spring Airlines,text,Duration: 2h 25m,,True,2026-02-17T11:24:39.201838
2026-03-28,CAN,arrival,09:50,TFU Chengdu,CA4319,Air China,text,Duration: 1h 50m,,True,2026-02-17T11:24:39.201843
2026-03-28,CAN,arrival,09:50,CSX Changsha,CZ3387,China Southern,text,Duration: 1h 45m,,True,2026-02-17T11:24:39.201849
2026-03-28,CAN,arrival,09:50,HIA Huai'an,CZ3996,China Southern,text,Duration: 2h 40m,,True,2026-02-17T11:24:39.201854
2026-03-28,CAN,arrival,09:50,NGB Ningbo,CZ3672,China Southern,text,Duration: 2h 30m,,True,2026-02-17T11:24:39.201859
2026-03-28,CAN,arrival,09:50,NTG Nantong,ZH8696,Shenzhen Airlines,text,Duration: 2h 35m,,True,2026-02-17T11:24:39.201865
2026-03-28,CAN,arrival,09:55,WUH Wuhan,CZ3368,China Southern,text,Duration: 1h 55m,,True,2026-02-17T11:24:39.201870
2026-03-28,CAN,arrival,09:55,YTY Yangzhou,CZ3958,China Southern,text,Duration: 2h 45m,,True,2026-02-17T11:24:39.201876
2026-03-28,CAN,arrival,09:55,HGH Hangzhou,HU7462,Hainan Airlines,text,Duration: 2h 15m,,True,2026-02-17T11:24:39.201881
2026-03-28,CAN,arrival,09:55,ALA Almaty,KC187,Air Astana,text,Duration: 5h 55m,,True,2026-02-17T11:24:39.201886
2026-03-28,CAN,arrival,09:55,HGH Hangzhou,MF8319,XiamenAir,text,Duration: 2h 30m,,True,2026-02-17T11:24:39.201891
2026-03-28,CAN,arrival,10:00,NKG Nanjing,MU2907,China Eastern,text,Duration: 2h 30m,,True,2026-02-17T11:24:39.201897
2026-03-28,CAN,arrival,10:00,CTU Chengdu,TV9765,Tibet Airlines,text,Duration: 2h 20m,,True,2026-02-17T11:24:39.201902
2026-03-28,CAN,arrival,10:05,FOC Fuzhou,CZ8780,China Southern,text,Duration: 1h 50m,,True,2026-02-17T11:24:39.201908
2026-03-28,CAN,arrival,10:05,SHA Shanghai,FM9301,Shanghai Airlines,text,Duration: 2h 35m,,True,2026-02-17T11:24:39.201913
2026-03-28,CAN,arrival,10:05,KMG Kunming,MU5731,China Eastern,text,Duration: 1h 55m,,True,2026-02-17T11:24:39.201918
2026-03-28,CAN,arrival,10:10,PVG Shanghai,HO1855,Juneyao Airlines,text,Duration: 2h 40m,,True,2026-02-17T11:24:39.201925
2026-03-28,CAN,arrival,10:10,SVO Moscow,SU220,Aeroflot,text,Duration: 9h 20m,,True,2026-02-17T11:24:39.201931
2026-03-28,CAN,arrival,10:15,XIY Xian,ZH9226,Shenzhen Airlines,text,Duration: 2h 45m,,True,2026-02-17T11:24:39.201936
2026-03-28,CAN,arrival,10:20,KMG Kunming,KY8279,Kunming Airlines,text,Duration: 2h 0m,,True,2026-02-17T11:24:39.201942
2026-03-28,CAN,arrival,10:20,HGH Hangzhou,MU5211,China Eastern,text,Duration: 2h 20m,,True,2026-02-17T11:24:39.201947
2026-03-28,CAN,arrival,10:25,HGH Hangzhou,3U3151,Sichuan Airlines,text,Duration: 2h 10m,,True,2026-02-17T11:24:39.201952
2026-03-28,CAN,arrival,10:25,TFU Chengdu,3U6701,Sichuan Airlines,text,Duration: 2h 5m,,True,2026-02-17T11:24:39.201958
2026-03-28,CAN,arrival,10:25,PEK Beijing,CA1359,Air China,text,Duration: 3h 25m,,True,2026-02-17T11:24:39.201963
2026-03-28,CAN,arrival,10:25,HAK Haikou,CZ6785,China Southern,text,Duration: 1h 25m,,True,2026-02-17T11:24:39.201968
2026-03-28,CAN,arrival,10:25,CKG Chongqing,HU7342,Hainan Airlines,text,Duration: 1h 55m,,True,2026-02-17T11:24:39.201974
2026-03-28,CAN,arrival,10:30,WNZ Wenzhou,CA8525,Air China,text,Duration: 1h 55m,,True,2026-02-17T11:24:39.201980
2026-03-28,CAN,arrival,10:30,CGO Zhengzhou,CZ3391,China Southern,text,Duration: 2h 30m,,True,2026-02-17T11:24:39.201985
2026-03-28,CAN,arrival,10:30,WUH Wuhan,CZ660,China Southern,text,Duration: 2h 0m,,True,2026-02-17T11:24:39.201991
2026-03-28,CAN,arrival,10:30,NKG Nanjing,ZH9868,Shenzhen Airlines,text,Duration: 2h 30m,,True,2026-02-17T11:24:39.201996
2026-03-28,CAN,arrival,10:35,SHA Shanghai,CA9667,Air China,text,Duration: 2h 40m,,True,2026-02-17T11:24:39.202002
2026-03-28,CAN,arrival,10:35,PKX Beijing,MU6305,China Eastern,text,Duration: 3h 15m,,True,2026-02-17T11:24:39.202007
2026-03-28,CAN,arrival,10:35,CKG Chongqing,OQ2305,Chongqing Airlines,text,Duration: 1h 35m,,True,2026-02-17T11:24:39.202012
2026-03-28,CAN,arrival,10:40,LHW Lanzhou,CZ3252,China Southern,text,Duration: 3h 15m,,True,2026-02-17T11:24:39.202018
2026-03-28,CAN,arrival,10:40,TSN Tianjin,MF8313,XiamenAir,text,Duration: 3h 25m,,True,2026-02-17T11:24:39.202023
2026-03-28,CAN,arrival,10:40,WUX Wuxi,ZH9826,Shenzhen Airlines,text,Duration: 2h 35m,,True,2026-02-17T11:24:39.202029
2026-03-28,CAN,arrival,10:45,CTU Chengdu,CZ3414,China Southern,text,Duration: 2h 15m,,True,2026-02-17T11:24:39.202034
2026-03-28,CAN,arrival,10:45,PKX Beijing,CZ3116,China Southern,text,Duration: 3h 15m,,True,2026-02-17T11:24:39.202039
2026-03-28,CAN,arrival,10:50,CTU Chengdu,CA4305,Air China,text,Duration: 2h 20m,,True,2026-02-17T11:24:39.202044
2026-03-28,CAN,arrival,10:50,TSN Tianjin,CA2801,Air China,text,Duration: 3h 15m,,True,2026-02-17T11:24:39.202049
2026-03-28,CAN,arrival,10:50,MNL Manila,CZ3078,China Southern,text,Duration: 2h 30m,,True,2026-02-17T11:24:39.202054
2026-03-28,CAN,arrival,10:50,XIY Xian,CZ3220,China Southern,text,Duration: 2h 50m,,True,2026-02-17T11:24:39.202059
2026-03-28,CAN,arrival,10:50,TAO Qingdao,MU5255,China Eastern,text,Duration: 3h 35m,,True,2026-02-17T11:24:39.202065
2026-03-28,CAN,arrival,10:55,HAN Hanoi,CZ372,China Southern,text,Duration: 1h 40m,,True,2026-02-17T11:24:39.202153
2026-03-28,CAN,arrival,10:55,HGH Hangzhou,CZ3820,China Southern,text,Duration: 2h 20m,,True,2026-02-17T11:24:39.202160
2026-03-28,CAN,arrival,10:55,TNA Jinan,CZ3664,China Southern,text,Duration: 3h 5m,,True,2026-02-17T11:24:39.202166
2026-03-28,CAN,arrival,10:55,INC Yinchuan,MF8753,XiamenAir,text,Duration: 3h 25m,,True,2026-02-17T11:24:39.202171
2026-03-28,CAN,arrival,10:55,TNA Jinan,SC1173,Shandong Airlines,text,Duration: 2h 55m,,True,2026-02-17T11:24:39.202176
2026-03-28,CAN,arrival,10:55,TFU Chengdu,ZH9446,Shenzhen Airlines,text,Duration: 1h 55m,,True,2026-02-17T11:24:39.202182
2026-03-28,CAN,arrival,11:00,SHA Shanghai,9C6721,Spring Airlines,text,Duration: 2h 30m,,True,2026-02-17T11:24:39.202187
2026-03-28,CAN,arrival,11:00,NKG Nanjing,CZ3872,China Southern,text,Duration: 2h 30m,,True,2026-02-17T11:24:39.202192
2026-03-28,CAN,arrival,11:00,PVG Shanghai,HU7332,Hainan Airlines,text,Duration: 3h 5m,,True,2026-02-17T11:24:39.202198
2026-03-28,CAN,arrival,11:00,PKX Beijing,MF8395,XiamenAir,text,Duration: 3h 15m,,True,2026-02-17T11:24:39.202203
2026-03-28,CAN,arrival,11:00,XIY Xian,MU2325,China Eastern,text,Duration: 2h 30m,,True,2026-02-17T11:24:39.202208
2026-03-28,CAN,arrival,11:05,SHA Shanghai,FM9303,Shanghai Airlines,text,Duration: 2h 35m,,True,2026-02-17T11:24:39.202214
2026-03-28,CAN,arrival,11:10,XMN Xiamen,CZ3724,China Southern,text,Duration: 1h 40m,,True,2026-02-17T11:24:39.202219
2026-03-28,CAN,arrival,11:10,SJW Shijiazhuang,NS3203,Hebei Airlines,text,Duration: 3h 10m,,True,2026-02-17T11:24:39.202224
2026-03-28,CAN,arrival,11:15,HET Hohhot,CZ3182,China Southern,text,Duration: 3h 15m,,True,2026-02-17T11:24:39.202230
2026-03-28,CAN,arrival,11:15,BAH Bahrain,GF122,Gulf Air,text,Duration: 7h 30m,,True,2026-02-17T11:24:39.202235
2026-03-28,CAN,arrival,11:20,HAK Haikou,AQ1024,9 Air,text,Duration: 1h 30m,,True,2026-02-17T11:24:39.202241
2026-03-28,CAN,arrival,11:20,XIY Xian,HU7837,Hainan Airlines,text,Duration: 2h 50m,,True,2026-02-17T11:24:39.202246
2026-03-28,CAN,arrival,11:20,CTU Chengdu,MU5321,China Eastern,text,Duration: 2h 15m,,True,2026-02-17T11:24:39.202251
2026-03-28,CAN,arrival,11:25,CTU Chengdu,3U8731,Sichuan Airlines,text,Duration: 2h 25m,,True,2026-02-17T11:24:39.202257
2026-03-28,CAN,arrival,11:25,PEK Beijing,CA1351,Air China,text,Duration: 3h 30m,,True,2026-02-17T11:24:39.202262
2026-03-28,CAN,arrival,11:25,CGO Zhengzhou,CZ8685,China Southern,text,Duration: 2h 25m,,True,2026-02-17T11:24:39.202267
2026-03-28,CAN,arrival,11:25,HAK Haikou,CZ6771,China Southern,text,Duration: 1h 30m,,True,2026-02-17T11:24:39.202272
2026-03-28,CAN,arrival,11:25,SHA Shanghai,CZ3596,China Southern,text,Duration: 2h 35m,,True,2026-02-17T11:24:39.202277
2026-03-28,CAN,arrival,11:25,SHA Shanghai,HO2287,Juneyao Airlines,text,Duration: 2h 35m,,True,2026-02-17T11:24:39.202283
2026-03-28,CAN,arrival,11:30,HGH Hangzhou,CA1791,Air China,text,Duration: 2h 0m,,True,2026-02-17T11:24:39.202288
2026-03-28,CAN,arrival,11:30,DLC Dalian,CZ6321,China Southern,text,Duration: 3h 50m,,True,2026-02-17T11:24:39.202293
2026-03-28,CAN,arrival,11:30,WUH Wuhan,CZ6590,China Southern,text,Duration: 2h 0m,,True,2026-02-17T11:24:39.202299
2026-03-28,CAN,arrival,11:30,ZYI Zunyi,CZ3930,China Southern,text,Duration: 1h 45m,,True,2026-02-17T11:24:39.202304
2026-03-28,CAN,arrival,11:30,PKX Beijing,MU6303,China Eastern,text,Duration: 3h 15m,,True,2026-02-17T11:24:39.202310
2026-03-28,CAN,arrival,11:30,ICN Seoul,OZ369,Asiana,text,Duration: 4h 10m,,True,2026-02-17T11:24:39.202315
2026-03-28,CAN,arrival,11:35,ACX Xingyi,CZ3924,China Southern,text,Duration: 1h 40m,,True,2026-02-17T11:24:39.202321
2026-03-28,CAN,arrival,11:35,TSN Tianjin,CZ3350,China Southern,text,Duration: 3h 20m,,True,2026-02-17T11:24:39.202326
2026-03-28,CAN,arrival,11:35,PVG Shanghai,FM9305,Shanghai Airlines,text,Duration: 2h 35m,,True,2026-02-17T11:24:39.202332
2026-03-28,CAN,arrival,11:35,YNT Yantai,SC7621,Shandong Airlines,text,Duration: 3h 35m,,True,2026-02-17T11:24:39.202338
2026-03-28,CAN,arrival,11:40,KTI Phnom Penh,CZ324,China Southern,text,Duration: 2h 40m,,True,2026-02-17T11:24:39.202344
2026-03-28,CAN,arrival,11:40,TAO Qingdao,CZ3716,China Southern,text,Duration: 3h 35m,,True,2026-02-17T11:24:39.202349
2026-03-28,CAN,arrival,11:45,CTU Chengdu,CA4307,Air China,text,Duration: 2h 15m,,True,2026-02-17T11:24:39.202354
2026-03-28,CAN,arrival,11:45,LZO Luzhou,CA4351,Air China,text,Duration: 2h 5m,,True,2026-02-17T11:24:39.202359
2026-03-28,CAN,arrival,11:45,PKX Beijing,CZ3108,China Southern,text,Duration: 3h 15m,,True,2026-02-17T11:24:39.202365
2026-03-28,CAN,arrival,11:45,TYN Taiyuan,CZ3378,China Southern,text,Duration: 3h 0m,,True,2026-02-17T11:24:39.202370
2026-03-28,CAN,arrival,11:45,WUS Wuyishan,SC4673,Shandong Airlines,text,Duration: 1h 45m,,True,2026-02-17T11:24:39.202375
2026-03-28,CAN,arrival,11:50,XIY Xian,CZ3216,China Southern,text,Duration: 2h 50m,,True,2026-02-17T11:24:39.202381
2026-03-28,CAN,arrival,11:50,HYN Taizhou,ZH8990,Shenzhen Airlines,text,Duration: 2h 10m,,True,2026-02-17T11:24:39.202386
2026-03-28,CAN,arrival,11:55,YIH Yichang,CZ3300,China Southern,text,Duration: 1h 55m,,True,2026-02-17T11:24:39.202391
2026-03-28,CAN,arrival,11:55,WNZ Wenzhou,KN5037,China United Airlines,text,Duration: 2h 15m,,True,2026-02-17T11:24:39.202397
2026-03-28,CAN,arrival,11:55,TYN Taiyuan,MU5251,China Eastern,text,Duration: 2h 55m,,True,2026-02-17T11:24:39.202402
2026-03-28,CAN,arrival,11:55,NKG Nanjing,ZH9862,Shenzhen Airlines,text,Duration: 2h 25m,,True,2026-02-17T11:24:39.202408
2026-03-28,CAN,arrival,12:00,KHN Nanchang,CZ3376,China Southern,text,Duration: 1h 55m,,True,2026-02-17T11:24:39.202413
2026-03-28,CAN,arrival,12:00,SHS Shashi,CZ6660,China Southern,text,Duration: 2h 5m,,True,2026-02-17T11:24:39.202419
2026-03-28,CAN,arrival,12:00,HAK Haikou,HU7005,Hainan Airlines,text,Duration: 1h 30m,,True,2026-02-17T11:24:39.202494
2026-03-28,CAN,arrival,12:00,PEK Beijing,HU7801,Hainan Airlines,text,Duration: 3h 30m,,True,2026-02-17T11:24:39.202500
2026-03-28,CAN,arrival,12:00,FOC Fuzhou,MF8323,XiamenAir,text,Duration: 2h 0m,,True,2026-02-17T11:24:39.202506
2026-03-28,CAN,arrival,12:00,CZX Changzhou,MU2947,China Eastern,text,Duration: 2h 50m,,True,2026-02-17T11:24:39.202511
2026-03-28,CAN,arrival,12:05,JJN Jinjiang,CZ3284,China Southern,text,Duration: 1h 50m,,True,2026-02-17T11:24:39.202517
2026-03-28,CAN,arrival,12:05,SGN Ho Chi Minh City,CZ368,China Southern,text,Duration: 3h 5m,,True,2026-02-17T11:24:39.202523
2026-03-28,CAN,arrival,12:05,ICN Seoul,KE867,Korean Air,text,Duration: 4h 10m,,True,2026-02-17T11:24:39.202529
2026-03-28,CAN,arrival,12:05,SHA Shanghai,MU5309,China Eastern,text,Duration: 2h 35m,,True,2026-02-17T11:24:39.202534
2026-03-28,CAN,arrival,12:10,BKK Bangkok,CZ362,China Southern,text,Duration: 2h 50m,,True,2026-02-17T11:24:39.202540
2026-03-28,CAN,arrival,12:10,HGH Hangzhou,CZ3512,China Southern,text,Duration: 2h 35m,,True,2026-02-17T11:24:39.202545
2026-03-28,CAN,arrival,12:10,CKG Chongqing,MU5796,China Eastern,text,Duration: 2h 0m,,True,2026-02-17T11:24:39.202551
2026-03-28,CAN,arrival,12:10,SIN Singapore,SQ850,Singapore Airlines,text,Duration: 4h 5m,,True,2026-02-17T11:24:39.202556
2026-03-28,CAN,arrival,12:15,SIN Singapore,CZ352,China Southern,text,Duration: 4h 15m,,True,2026-02-17T11:24:39.202561
2026-03-28,CAN,arrival,12:15,KTI Phnom Penh,K6668,Air Cambodia,text,Duration: 2h 50m,,True,2026-02-17T11:24:39.202567
2026-03-28,CAN,arrival,12:20,PVG Shanghai,CA8581,Air China,text,Duration: 2h 45m,,True,2026-02-17T11:24:39.202573
2026-03-28,CAN,arrival,12:25,CGO Zhengzhou,CZ678,China Southern,text,Duration: 2h 30m,,True,2026-02-17T11:24:39.202579
2026-03-28,CAN,arrival,12:25,DRW Darwin,CZ8362,China Southern,text,Duration: 6h 25m,,True,2026-02-17T11:24:39.202584
2026-03-28,CAN,arrival,12:25,KUL Kuala Lumpur,CZ366,China Southern,text,Duration: 4h 20m,,True,2026-02-17T11:24:39.202590
2026-03-28,CAN,arrival,12:25,WNZ Wenzhou,CZ3812,China Southern,text,Duration: 2h 10m,,True,2026-02-17T11:24:39.202596
2026-03-28,CAN,arrival,12:25,XIY Xian,MU2301,China Eastern,text,Duration: 2h 55m,,True,2026-02-17T11:24:39.202602
2026-03-28,CAN,arrival,12:30,PEK Beijing,CA1321,Air China,text,Duration: 3h 35m,,True,2026-02-17T11:24:39.202608
2026-03-28,CAN,arrival,12:40,AQG Anqing,CZ3320,China Southern,text,Duration: 2h 0m,,True,2026-02-17T11:24:39.202614
2026-03-28,CAN,arrival,12:40,CGQ Changchun,CZ6341,China Southern,text,Duration: 4h 50m,,True,2026-02-17T11:24:39.202620
2026-03-28,CAN,arrival,12:40,WHA Wuhu,CZ3316,China Southern,text,Duration: 2h 25m,,True,2026-02-17T11:24:39.202625
2026-03-28,CAN,arrival,12:40,XUZ Xuzhou,CZ3258,China Southern,text,Duration: 2h 25m,,True,2026-02-17T11:24:39.202631
2026-03-28,CAN,arrival,12:40,LYI Linyi,ZH8948,Shenzhen Airlines,text,Duration: 2h 40m,,True,2026-02-17T11:24:39.202636
2026-03-28,CAN,arrival,12:45,CKG Chongqing,CA4347,Air China,text,Duration: 2h 0m,,True,2026-02-17T11:24:39.202641
2026-03-28,CAN,arrival,12:45,DLU Dali City,CZ3482,China Southern,text,Duration: 2h 15m,,True,2026-02-17T11:24:39.202647
2026-03-28,CAN,arrival,12:45,HFE Hefei,CZ3814,China Southern,text,Duration: 2h 20m,,True,2026-02-17T11:24:39.202652
2026-03-28,CAN,arrival,12:45,CKG Chongqing,JD5228,Capital Airlines,text,Duration: 1h 55m,,True,2026-02-17T11:24:39.202657
2026-03-28,CAN,arrival,12:50,DXB Dubai,CZ384,China Southern,text,Duration: 6h 55m,,True,2026-02-17T11:24:39.202663
2026-03-28,CAN,arrival,12:50,KMG Kunming,CZ3498,China Southern,text,Duration: 1h 55m,,True,2026-02-17T11:24:39.202668
2026-03-28,CAN,arrival,12:55,HRB Harbin,CZ3906,China Southern,text,Duration: 4h 55m,,True,2026-02-17T11:24:39.202674
2026-03-28,CAN,arrival,12:55,PKX Beijing,CZ3000,China Southern,text,Duration: 3h 25m,,True,2026-02-17T11:24:39.202680
2026-03-28,CAN,arrival,12:55,NGB Ningbo,MU6950,China Eastern,text,Duration: 2h 20m,,True,2026-02-17T11:24:39.202685
2026-03-28,CAN,arrival,13:00,PVG Shanghai,AQ1006,9 Air,text,Duration: 2h 40m,,True,2026-02-17T11:24:39.202691
2026-03-28,CAN,arrival,13:00,PEN Penang,CZ396,China Southern,text,Duration: 3h 55m,,True,2026-02-17T11:24:39.202696
2026-03-28,CAN,arrival,13:00,WUH Wuhan,CZ8721,China Southern,text,Duration: 2h 0m,,True,2026-02-17T11:24:39.202701
2026-03-28,CAN,arrival,13:00,SHA Shanghai,HO1857,Juneyao Airlines,text,Duration: 2h 35m,,True,2026-02-17T11:24:39.202707
2026-03-28,CAN,arrival,13:00,NKG Nanjing,HU7114,Hainan Airlines,text,Duration: 2h 25m,,True,2026-02-17T11:24:39.202712
2026-03-28,CAN,arrival,13:00,PEK Beijing,HU7803,Hainan Airlines,text,Duration: 3h 30m,,True,2026-02-17T11:24:39.202718
2026-03-28,CAN,arrival,13:05,FUG Fuyang,CZ3932,China Southern,text,Duration: 2h 5m,,True,2026-02-17T11:24:39.202723
2026-03-28,CAN,arrival,13:05,LYA Luoyang,CZ3364,China Southern,text,Duration: 2h 40m,,True,2026-02-17T11:24:39.202728
2026-03-28,CAN,arrival,13:05,RUH Riyadh,CZ376,China Southern,text,Duration: 8h 0m,,True,2026-02-17T11:24:39.202733
2026-03-28,CAN,arrival,13:05,HND Tokyo,JL87,JAL,text,Duration: 5h 25m,,True,2026-02-17T11:24:39.202739
2026-03-28,CAN,arrival,13:05,SHA Shanghai,MU5301,China Eastern,text,Duration: 2h 35m,,True,2026-02-17T11:24:39.202745
2026-03-28,CAN,arrival,13:10,HZA Heze,CZ3126,China Southern,text,Duration: 2h 40m,,True,2026-02-17T11:24:39.202750
2026-03-28,CAN,arrival,13:10,"JUZ Quzhou, Zhejiang Province",CZ6290,China Southern,text,Duration: 2h 5m,,True,2026-02-17T11:24:39.202756
2026-03-28,CAN,arrival,13:10,PVG Shanghai,HU7132,Hainan Airlines,text,Duration: 2h 45m,,True,2026-02-17T11:24:39.202761
2026-03-28,CAN,arrival,13:10,JJN Jinjiang,MF8385,XiamenAir,text,Duration: 1h 40m,,True,2026-02-17T11:24:39.202767
2026-03-28,CAN,arrival,13:20,LJG Lijiang,CZ6604,China Southern,text,Duration: 2h 20m,,True,2026-02-17T11:24:39.202839
2026-03-28,CAN,arrival,13:20,SHA Shanghai,CZ3534,China Southern,text,Duration: 2h 30m,,True,2026-02-17T11:24:39.202846
2026-03-28,CAN,arrival,13:20,BKK Bangkok,TG668,Thai Airways,text,Duration: 3h 0m,,True,2026-02-17T11:24:39.202852
2026-03-28,CAN,arrival,13:25,HAK Haikou,CZ5493,China Southern,text,Duration: 1h 25m,,True,2026-02-17T11:24:39.202857
2026-03-28,CAN,arrival,13:25,HGH Hangzhou,GJ8699,Loong Air,text,Duration: 2h 35m,,True,2026-02-17T11:24:39.202863
2026-03-28,CAN,arrival,13:25,YTY Yangzhou,ZH8906,Shenzhen Airlines,text,Duration: 2h 30m,,True,2026-02-17T11:24:39.202868
2026-03-28,CAN,arrival,13:30,CGO Zhengzhou,CZ3196,China Southern,text,Duration: 2h 30m,,True,2026-02-17T11:24:39.202879
2026-03-28,CAN,arrival,13:30,DOH Doha,CZ334,China Southern,text,Duration: 7h 15m,,True,2026-02-17T11:24:39.202890
2026-03-28,CAN,arrival,13:30,RUH Riyadh,SV884,Saudia,text,Duration: 7h 50m,,True,2026-02-17T11:24:39.202904
2026-03-28,CAN,arrival,13:35,YCU Yuncheng,CA4593,Air China,text,Duration: 2h 30m,,True,2026-02-17T11:24:39.202920
2026-03-28,CAN,arrival,13:35,FOC Fuzhou,CZ3506,China Southern,text,Duration: 2h 0m,,True,2026-02-17T11:24:39.202934
2026-03-28,CAN,arrival,13:35,KMG Kunming,HU7208,Hainan Airlines,text,Duration: 2h 5m,,True,2026-02-17T11:24:39.202947
2026-03-28,CAN,arrival,13:35,KUL Kuala Lumpur,MH376,Malaysia Airlines,text,Duration: 4h 10m,,True,2026-02-17T11:24:39.202958
2026-03-28,CAN,arrival,13:40,CSX Changsha,CZ3379,China Southern,text,Duration: 1h 30m,,True,2026-02-17T11:24:39.202964
2026-03-28,CAN,arrival,13:40,ENY Yan'an,CZ3224,China Southern,text,Duration: 3h 0m,,True,2026-02-17T11:24:39.202969
2026-03-28,CAN,arrival,13:40,NTG Nantong,CZ3638,China Southern,text,Duration: 2h 40m,,True,2026-02-17T11:24:39.202976
2026-03-28,CAN,arrival,13:40,HGH Hangzhou,HU7162,Hainan Airlines,text,Duration: 2h 20m,,True,2026-02-17T11:24:39.202981
2026-03-28,CAN,arrival,13:45,NGB Ningbo,CZ3778,China Southern,text,Duration: 2h 25m,,True,2026-02-17T11:24:39.202987
2026-03-28,CAN,arrival,13:45,YIW Yiwu,CZ3303,China Southern,text,Duration: 2h 10m,,True,2026-02-17T11:24:39.202993
2026-03-28,CAN,arrival,13:45,DLU Dali City,OQ2040,Chongqing Airlines,text,Duration: 2h 20m,,True,2026-02-17T11:24:39.202999
2026-03-28,CAN,arrival,13:45,JHG Jinghong,OQ2104,Chongqing Airlines,text,Duration: 2h 20m,,True,2026-02-17T11:24:39.203004
2026-03-28,CAN,arrival,13:45,WUX Wuxi,ZH9822,Shenzhen Airlines,text,Duration: 2h 35m,,True,2026-02-17T11:24:39.203010
2026-03-28,CAN,arrival,13:50,KMG Kunming,CZ3410,China Southern,text,Duration: 2h 0m,,True,2026-02-17T11:24:39.203015
2026-03-28,CAN,arrival,13:50,KWE Guiyang,CZ3617,China Southern,text,Duration: 1h 35m,,True,2026-02-17T11:24:39.203021
2026-03-28,CAN,arrival,13:50,HND Tokyo,NH923,ANA,text,Duration: 5h 30m,,True,2026-02-17T11:24:39.203027
2026-03-28,CAN,arrival,13:50,CKG Chongqing,OQ2317,Chongqing Airlines,text,Duration: 2h 0m,,True,2026-02-17T11:24:39.203033
2026-03-28,CAN,arrival,13:55,ICN Seoul,CZ340,China Southern,text,Duration: 4h 0m,,True,2026-02-17T11:24:39.203039
2026-03-28,CAN,arrival,13:55,WUH Wuhan,CZ8725,China Southern,text,Duration: 1h 55m,,True,2026-02-17T11:24:39.203045
2026-03-28,CAN,arrival,14:00,CJU Jeju,9C6106,Spring Airlines,text,Duration: 3h 40m,,True,2026-02-17T11:24:39.203051
2026-03-28,CAN,arrival,14:00,CGQ Changchun,CZ8238,China Southern,text,Duration: 4h 55m,,True,2026-02-17T11:24:39.203057
2026-03-28,CAN,arrival,14:00,URC Urumqi,CZ6024,China Southern,text,Duration: 4h 55m,,True,2026-02-17T11:24:39.203062
2026-03-28,CAN,arrival,14:00,CGO Zhengzhou,HU7270,Hainan Airlines,text,Duration: 2h 45m,,True,2026-02-17T11:24:39.203068
2026-03-28,CAN,arrival,14:00,PEK Beijing,HU7805,Hainan Airlines,text,Duration: 3h 30m,,True,2026-02-17T11:24:39.203074
2026-03-28,CAN,arrival,14:00,TPE Taipei,HU7982,Hainan Airlines,text,Duration: 2h 0m,,True,2026-02-17T11:24:39.203080
2026-03-28,CAN,arrival,14:05,DPS Denpasar,CZ8482,China Southern,text,Duration: 5h 30m,,True,2026-02-17T11:24:39.203085
2026-03-28,CAN,arrival,14:05,SUB Surabaya,CZ8138,China Southern,text,Duration: 5h 5m,,True,2026-02-17T11:24:39.203091
2026-03-28,CAN,arrival,14:05,XIY Xian,CZ3202,China Southern,text,Duration: 2h 55m,,True,2026-02-17T11:24:39.203097
2026-03-28,CAN,arrival,14:05,SHA Shanghai,FM9309,Shanghai Airlines,text,Duration: 2h 35m,,True,2026-02-17T11:24:39.203102
2026-03-28,CAN,arrival,14:05,KMG Kunming,MU5733,China Eastern,text,Duration: 1h 55m,,True,2026-02-17T11:24:39.203108
2026-03-28,CAN,arrival,14:10,HGH Hangzhou,CZ3522,China Southern,text,Duration: 2h 35m,,True,2026-02-17T11:24:39.203114
2026-03-28,CAN,arrival,14:10,NKG Nanjing,CZ3844,China Southern,text,Duration: 2h 30m,,True,2026-02-17T11:24:39.203120
2026-03-28,CAN,arrival,14:10,PZI Pan Zhi Hua,CZ3934,China Southern,text,Duration: 2h 15m,,True,2026-02-17T11:24:39.203126
2026-03-28,CAN,arrival,14:10,SVO Moscow,CZ656,China Southern,text,Duration: 9h 55m,,True,2026-02-17T11:24:39.203131
2026-03-28,CAN,arrival,14:10,SGN Ho Chi Minh City,VN502,Vietnam Airlines,text,Duration: 2h 55m,,True,2026-02-17T11:24:39.203137
2026-03-28,CAN,arrival,14:15,TSN Tianjin,GS7895,Tianjin Airlines,text,Duration: 3h 10m,,True,2026-02-17T11:24:39.203142
2026-03-28,CAN,arrival,14:20,PEK Beijing,CA1315,Air China,text,Duration: 3h 35m,,True,2026-02-17T11:24:39.203147
2026-03-28,CAN,arrival,14:20,XNN Xining,CZ6242,China Southern,text,Duration: 3h 5m,,True,2026-02-17T11:24:39.203153
2026-03-28,CAN,arrival,14:20,NKG Nanjing,ZH9864,Shenzhen Airlines,text,Duration: 2h 20m,,True,2026-02-17T11:24:39.203158
2026-03-28,CAN,arrival,14:25,DOH Doha,QR874,Qatar Airways,text,Duration: 7h 30m,,True,2026-02-17T11:24:39.203164
2026-03-28,CAN,arrival,14:30,HAN Hanoi,CZ3050,China Southern,text,Duration: 1h 45m,,True,2026-02-17T11:24:39.203169
2026-03-28,CAN,arrival,14:30,NNY Nanyang,CZ3222,China Southern,text,Duration: 2h 15m,,True,2026-02-17T11:24:39.203260
2026-03-28,CAN,arrival,14:30,SHA Shanghai,CZ3524,China Southern,text,Duration: 2h 40m,,True,2026-02-17T11:24:39.203267
2026-03-28,CAN,arrival,14:35,HET Hohhot,CZ3198,China Southern,text,Duration: 3h 40m,,True,2026-02-17T11:24:39.203272
2026-03-28,CAN,arrival,14:35,SHE Shenyang,CZ6367,China Southern,text,Duration: 4h 35m,,True,2026-02-17T11:24:39.203279
2026-03-28,CAN,arrival,14:35,SJW Shijiazhuang,OQ2134,Chongqing Airlines,text,Duration: 3h 5m,,True,2026-02-17T11:24:39.203284
2026-03-28,CAN,arrival,14:40,CTU Chengdu,CA4317,Air China,text,Duration: 2h 10m,,True,2026-02-17T11:24:39.203290
2026-03-28,CAN,arrival,14:40,CZX Changzhou,CZ3908,China Southern,text,Duration: 2h 30m,,True,2026-02-17T11:24:39.203296
2026-03-28,CAN,arrival,14:40,DLU Dali City,CZ6596,China Southern,text,Duration: 2h 15m,,True,2026-02-17T11:24:39.203301
2026-03-28,CAN,arrival,14:40,MNL Manila,CZ3092,China Southern,text,Duration: 2h 40m,,True,2026-02-17T11:24:39.203306
2026-03-28,CAN,arrival,14:40,TAO Qingdao,ZH9996,Shenzhen Airlines,text,Duration: 3h 30m,,True,2026-02-17T11:24:39.203312
2026-03-28,CAN,arrival,14:45,PKX Beijing,CZ3112,China Southern,text,Duration: 3h 15m,,True,2026-02-17T11:24:39.203318
2026-03-28,CAN,arrival,14:45,VTE Vientiane,CZ8148,China Southern,text,Duration: 2h 15m,,True,2026-02-17T11:24:39.203323
2026-03-28,CAN,arrival,14:50,CGQ Changchun,CZ3605,China Southern,text,Duration: 4h 50m,,True,2026-02-17T11:24:39.203328
2026-03-28,CAN,arrival,14:50,HGH Hangzhou,CZ3804,China Southern,text,Duration: 2h 15m,,True,2026-02-17T11:24:39.203334
2026-03-28,CAN,arrival,14:50,TYN Taiyuan,CZ3702,China Southern,text,Duration: 2h 55m,,True,2026-02-17T11:24:39.203339
2026-03-28,CAN,arrival,14:50,WUX Wuxi,ZH9824,Shenzhen Airlines,text,Duration: 2h 35m,,True,2026-02-17T11:24:39.203345
2026-03-28,CAN,arrival,14:55,HZG Hanzhong,AQ1154,9 Air,text,Duration: 2h 35m,,True,2026-02-17T11:24:39.203350
2026-03-28,CAN,arrival,14:55,SHA Shanghai,CA1837,Air China,text,Duration: 2h 20m,,True,2026-02-17T11:24:39.203356
2026-03-28,CAN,arrival,14:55,PVG Shanghai,HU7432,Hainan Airlines,text,Duration: 2h 50m,,True,2026-02-17T11:24:39.203361
2026-03-28,CAN,arrival,14:55,PEK Beijing,ZH9148,Shenzhen Airlines,text,Duration: 3h 30m,,True,2026-02-17T11:24:39.203366
2026-03-28,CAN,arrival,14:55,PVG Shanghai,ZH9534,Shenzhen Airlines,text,Duration: 2h 45m,,True,2026-02-17T11:24:39.203373
2026-03-28,CAN,arrival,15:00,SHA Shanghai,9C6719,Spring Airlines,text,Duration: 2h 40m,,True,2026-02-17T11:24:39.203378
2026-03-28,CAN,arrival,15:00,CTU Chengdu,CZ3402,China Southern,text,Duration: 2h 30m,,True,2026-02-17T11:24:39.203384
2026-03-28,CAN,arrival,15:00,YCU Yuncheng,CZ3922,China Southern,text,Duration: 2h 35m,,True,2026-02-17T11:24:39.203391
2026-03-28,CAN,arrival,15:00,YTY Yangzhou,CZ8214,China Southern,text,Duration: 2h 35m,,True,2026-02-17T11:24:39.203397
2026-03-28,CAN,arrival,15:00,ADD Addis Ababa,ET606,Ethiopian,text,Duration: 9h 55m,,True,2026-02-17T11:24:39.203403
2026-03-28,CAN,arrival,15:00,HGH Hangzhou,MF8381,XiamenAir,text,Duration: 2h 30m,,True,2026-02-17T11:24:39.203409
2026-03-28,CAN,arrival,15:05,INC Yinchuan,CZ3270,China Southern,text,Duration: 3h 25m,,True,2026-02-17T11:24:39.203415
2026-03-28,CAN,arrival,15:05,MXZ Mei Xian,CZ3334,China Southern,text,Duration: 1h 15m,,True,2026-02-17T11:24:39.203420
2026-03-28,CAN,arrival,15:05,TNA Jinan,ZH9972,Shenzhen Airlines,text,Duration: 2h 55m,,True,2026-02-17T11:24:39.203426
2026-03-28,CAN,arrival,15:10,SYX Sanya,CZ5517,China Southern,text,Duration: 2h 0m,,True,2026-02-17T11:24:39.203432
2026-03-28,CAN,arrival,15:10,SHA Shanghai,MU5305,China Eastern,text,Duration: 2h 40m,,True,2026-02-17T11:24:39.203438
2026-03-28,CAN,arrival,15:15,DYG Dayong,CZ3382,China Southern,text,Duration: 1h 50m,,True,2026-02-17T11:24:39.203443
2026-03-28,CAN,arrival,15:15,CAI Cairo,MS958,EgyptAir,text,Duration: 9h 0m,,True,2026-02-17T11:24:39.203449
2026-03-28,CAN,arrival,15:15,URC Urumqi,UQ2591,Urumqi Airlines,text,Duration: 5h 5m,,True,2026-02-17T11:24:39.203454
2026-03-28,CAN,arrival,15:15,XIY Xian,ZH9222,Shenzhen Airlines,text,Duration: 2h 45m,,True,2026-02-17T11:24:39.203460
2026-03-28,CAN,arrival,15:20,CTU Chengdu,3U8733,Sichuan Airlines,text,Duration: 2h 20m,,True,2026-02-17T11:24:39.203465
2026-03-28,CAN,arrival,15:20,TAO Qingdao,AQ1020,9 Air,text,Duration: 3h 35m,,True,2026-02-17T11:24:39.203471
2026-03-28,CAN,arrival,15:20,CKG Chongqing,CZ3406,China Southern,text,Duration: 2h 10m,,True,2026-02-17T11:24:39.203477
2026-03-28,CAN,arrival,15:20,KMG Kunming,CZ3494,China Southern,text,Duration: 2h 15m,,True,2026-02-17T11:24:39.203482
2026-03-28,CAN,arrival,15:20,TCZ Tengchong,CZ6664,China Southern,text,Duration: 2h 20m,,True,2026-02-17T11:24:39.203488
2026-03-28,CAN,arrival,15:25,PEK Beijing,CA1339,Air China,text,Duration: 3h 25m,,True,2026-02-17T11:24:39.203494
2026-03-28,CAN,arrival,15:25,BKK Bangkok,CZ358,China Southern,text,Duration: 3h 0m,,True,2026-02-17T11:24:39.203499
2026-03-28,CAN,arrival,15:25,HAK Haikou,CZ6777,China Southern,text,Duration: 1h 25m,,True,2026-02-17T11:24:39.203505
2026-03-28,CAN,arrival,15:25,HAN Hanoi,VN506,Vietnam Airlines,text,Duration: 1h 40m,,True,2026-02-17T11:24:39.203510
2026-03-28,CAN,arrival,15:30,CKG Chongqing,3U8747,Sichuan Airlines,text,Duration: 2h 5m,,True,2026-02-17T11:24:39.203516
2026-03-28,CAN,arrival,15:30,YBP Yibin,3U3054,Sichuan Airlines,text,Duration: 2h 20m,,True,2026-02-17T11:24:39.203522
2026-03-28,CAN,arrival,15:30,CGK Jakarta,CZ388,China Southern,text,Duration: 5h 25m,,True,2026-02-17T11:24:39.203527
2026-03-28,CAN,arrival,15:30,HND Tokyo,CZ3086,China Southern,text,Duration: 5h 45m,,True,2026-02-17T11:24:39.203533
2026-03-28,CAN,arrival,15:30,WNZ Wenzhou,CZ3764,China Southern,text,Duration: 2h 0m,,True,2026-02-17T11:24:39.203538
2026-03-28,CAN,arrival,15:30,CTU Chengdu,MU6852,China Eastern,text,Duration: 2h 5m,,True,2026-02-17T11:24:39.203625
2026-03-28,CAN,arrival,15:35,LZY Nyingchi,CZ3478,China Southern,text,Duration: 3h 50m,,True,2026-02-17T11:24:39.203634
2026-03-28,CAN,arrival,15:35,CKG Chongqing,HU7142,Hainan Airlines,text,Duration: 2h 5m,,True,2026-02-17T11:24:39.203640
2026-03-28,CAN,arrival,15:35,HGH Hangzhou,MU5215,China Eastern,text,Duration: 2h 25m,,True,2026-02-17T11:24:39.203647
2026-03-28,CAN,arrival,15:35,KMG Kunming,MU5739,China Eastern,text,Duration: 2h 0m,,True,2026-02-17T11:24:39.203652
2026-03-28,CAN,arrival,15:35,TNA Jinan,MU5259,China Eastern,text,Duration: 2h 55m,,True,2026-02-17T11:24:39.203658
2026-03-28,CAN,arrival,15:40,HRB Harbin,CZ6261,China Southern,text,Duration: 5h 10m,,True,2026-02-17T11:24:39.203663
2026-03-28,CAN,arrival,15:40,KTI Phnom Penh,CZ8314,China Southern,text,Duration: 2h 45m,,True,2026-02-17T11:24:39.203669
2026-03-28,CAN,arrival,15:45,URC Urumqi,CA4369,Air China,text,Duration: 5h 25m,,True,2026-02-17T11:24:39.203675
2026-03-28,CAN,arrival,15:45,PKX Beijing,CZ3102,China Southern,text,Duration: 3h 15m,,True,2026-02-17T11:24:39.203680
2026-03-28,CAN,arrival,15:45,RGN Yangon,CZ3056,China Southern,text,Duration: 3h 10m,,True,2026-02-17T11:24:39.203685
2026-03-28,CAN,arrival,15:45,TSN Tianjin,OQ2124,Chongqing Airlines,text,Duration: 3h 25m,,True,2026-02-17T11:24:39.203691
2026-03-28,CAN,arrival,15:45,YNT Yantai,ZH9676,Shenzhen Airlines,text,Duration: 3h 45m,,True,2026-02-17T11:24:39.203697
2026-03-28,CAN,arrival,15:50,XIY Xian,CZ3238,China Southern,text,Duration: 2h 50m,,True,2026-02-17T11:24:39.203702
2026-03-28,CAN,arrival,15:50,NGB Ningbo,OQ2028,Chongqing Airlines,text,Duration: 2h 25m,,True,2026-02-17T11:24:39.203707
2026-03-28,CAN,arrival,15:55,HFE Hefei,CZ3398,China Southern,text,Duration: 2h 30m,,True,2026-02-17T11:24:39.203713
2026-03-28,CAN,arrival,15:55,HYN Taizhou,MU2476,China Eastern,text,Duration: 2h 25m,,True,2026-02-17T11:24:39.203718
2026-03-28,CAN,arrival,16:00,HGH Hangzhou,CZ3864,China Southern,text,Duration: 2h 25m,,True,2026-02-17T11:24:39.203724
2026-03-28,CAN,arrival,16:00,SGN Ho Chi Minh City,CZ8160,China Southern,text,Duration: 3h 5m,,True,2026-02-17T11:24:39.203730
2026-03-28,CAN,arrival,16:00,TAO Qingdao,CZ3520,China Southern,text,Duration: 3h 35m,,True,2026-02-17T11:24:39.203735
2026-03-28,CAN,arrival,16:00,WUH Wuhan,CZ3345,China Southern,text,Duration: 2h 0m,,True,2026-02-17T11:24:39.203741
2026-03-28,CAN,arrival,16:00,PEK Beijing,HU7807,Hainan Airlines,text,Duration: 3h 30m,,True,2026-02-17T11:24:39.203746
2026-03-28,CAN,arrival,16:05,TFU Chengdu,3U6703,Sichuan Airlines,text,Duration: 2h 5m,,True,2026-02-17T11:24:39.203752
2026-03-28,CAN,arrival,16:05,CKG Chongqing,CA4349,Air China,text,Duration: 2h 5m,,True,2026-02-17T11:24:39.203757
2026-03-28,CAN,arrival,16:05,NKG Nanjing,CZ3600,China Southern,text,Duration: 2h 30m,,True,2026-02-17T11:24:39.203763
2026-03-28,CAN,arrival,16:05,SHE Shenyang,CZ6347,China Southern,text,Duration: 4h 35m,,True,2026-02-17T11:24:39.203768
2026-03-28,CAN,arrival,16:05,TNA Jinan,CZ3510,China Southern,text,Duration: 3h 0m,,True,2026-02-17T11:24:39.203773
2026-03-28,CAN,arrival,16:05,URC Urumqi,CZ6895,China Southern,text,Duration: 5h 20m,,True,2026-02-17T11:24:39.203779
2026-03-28,CAN,arrival,16:10,AMS Amsterdam,CZ308,China Southern,text,Duration: 11h 30m,,True,2026-02-17T11:24:39.203784
2026-03-28,CAN,arrival,16:10,YIW Yiwu,CZ3884,China Southern,text,Duration: 2h 15m,,True,2026-02-17T11:24:39.203790
2026-03-28,CAN,arrival,16:10,PVG Shanghai,MU5329,China Eastern,text,Duration: 2h 40m,,True,2026-02-17T11:24:39.203795
2026-03-28,CAN,arrival,16:10,VTE Vientiane,QV881,Lao Airlines,text,Duration: 2h 0m,,True,2026-02-17T11:24:39.203800
2026-03-28,CAN,arrival,16:15,TPE Taipei,CI521,China Airlines,text,Duration: 2h 10m,,True,2026-02-17T11:24:39.203806
2026-03-28,CAN,arrival,16:15,CTU Chengdu,CZ3438,China Southern,text,Duration: 2h 45m,,True,2026-02-17T11:24:39.203811
2026-03-28,CAN,arrival,16:15,WDS Shiyan,CZ3336,China Southern,text,Duration: 2h 25m,,True,2026-02-17T11:24:39.203817
2026-03-28,CAN,arrival,16:15,XMN Xiamen,CZ3742,China Southern,text,Duration: 1h 45m,,True,2026-02-17T11:24:39.203822
2026-03-28,CAN,arrival,16:15,TFU Chengdu,HU7152,Hainan Airlines,text,Duration: 2h 15m,,True,2026-02-17T11:24:39.203828
2026-03-28,CAN,arrival,16:20,CTU Chengdu,CA4301,Air China,text,Duration: 2h 20m,,True,2026-02-17T11:24:39.203833
2026-03-28,CAN,arrival,16:20,BKK Bangkok,CZ8080,China Southern,text,Duration: 2h 55m,,True,2026-02-17T11:24:39.203839
2026-03-28,CAN,arrival,16:20,SYX Sanya,CZ6743,China Southern,text,Duration: 1h 35m,,True,2026-02-17T11:24:39.203844
2026-03-28,CAN,arrival,16:20,XFN Xiangyang,GJ8382,Loong Air,text,Duration: 2h 5m,,True,2026-02-17T11:24:39.203850
2026-03-28,CAN,arrival,16:25,PEK Beijing,CA1391,Air China,text,Duration: 3h 25m,,True,2026-02-17T11:24:39.203855
2026-03-28,CAN,arrival,16:25,SHA Shanghai,CZ8526,China Southern,text,Duration: 2h 35m,,True,2026-02-17T11:24:39.203861
2026-03-28,CAN,arrival,16:30,DLC Dalian,CZ6467,China Southern,text,Duration: 3h 50m,,True,2026-02-17T11:24:39.203867
2026-03-28,CAN,arrival,16:30,WUX Wuxi,CZ3918,China Southern,text,Duration: 2h 40m,,True,2026-02-17T11:24:39.203872
2026-03-28,CAN,arrival,16:30,TNA Jinan,ZH9974,Shenzhen Airlines,text,Duration: 2h 55m,,True,2026-02-17T11:24:39.203877
2026-03-28,CAN,arrival,16:35,WUX Wuxi,MU2917,China Eastern,text,Duration: 2h 50m,,True,2026-02-17T11:24:39.203882
2026-03-28,CAN,arrival,16:35,IST Istanbul,TK72,Turkish Airlines,text,Duration: 9h 50m,,True,2026-02-17T11:24:39.203888
2026-03-28,CAN,arrival,16:35,HAN Hanoi,ZH122,Shenzhen Airlines,text,Duration: 1h 50m,,True,2026-02-17T11:24:39.203893
2026-03-28,CAN,arrival,16:40,HET Hohhot,CA1381,Air China,text,Duration: 3h 20m,,True,2026-02-17T11:24:39.203898
2026-03-28,CAN,arrival,16:40,HGH Hangzhou,CA1793,Air China,text,Duration: 2h 45m,,True,2026-02-17T11:24:39.203979
2026-03-28,CAN,arrival,16:40,TAO Qingdao,SC4677,Shandong Airlines,text,Duration: 3h 20m,,True,2026-02-17T11:24:39.203987
2026-03-28,CAN,arrival,16:45,XIY Xian,MU2307,China Eastern,text,Duration: 2h 40m,,True,2026-02-17T11:24:39.203992
2026-03-28,CAN,arrival,16:50,CGO Zhengzhou,CZ6625,China Southern,text,Duration: 2h 30m,,True,2026-02-17T11:24:39.203997
2026-03-28,CAN,arrival,16:50,HGH Hangzhou,MU5217,China Eastern,text,Duration: 2h 20m,,True,2026-02-17T11:24:39.204003
2026-03-28,CAN,arrival,16:50,TAO Qingdao,MU5257,China Eastern,text,Duration: 3h 25m,,True,2026-02-17T11:24:39.204008
2026-03-28,CAN,arrival,16:55,SHA Shanghai,9C8855,Spring Airlines,text,Duration: 2h 35m,,True,2026-02-17T11:24:39.204014
2026-03-28,CAN,arrival,16:55,JNG Jining,CZ3954,China Southern,text,Duration: 2h 55m,,True,2026-02-17T11:24:39.204021
2026-03-28,CAN,arrival,16:55,XUZ Xuzhou,CZ5472,China Southern,text,Duration: 2h 40m,,True,2026-02-17T11:24:39.204027
2026-03-28,CAN,arrival,16:55,FOC Fuzhou,MF8325,XiamenAir,text,Duration: 1h 55m,,True,2026-02-17T11:24:39.204032
2026-03-28,CAN,arrival,17:00,HRB Harbin,CZ5302,China Southern,text,Duration: 5h 5m,,True,2026-02-17T11:24:39.204038
2026-03-28,CAN,arrival,17:00,TYN Taiyuan,CZ3714,China Southern,text,Duration: 3h 10m,,True,2026-02-17T11:24:39.204043
2026-03-28,CAN,arrival,17:00,HGH Hangzhou,HU7262,Hainan Airlines,text,Duration: 2h 35m,,True,2026-02-17T11:24:39.204049
2026-03-28,CAN,arrival,17:00,KMG Kunming,MU5737,China Eastern,text,Duration: 2h 0m,,True,2026-02-17T11:24:39.204055
2026-03-28,CAN,arrival,17:00,LHW Lanzhou,MU2219,China Eastern,text,Duration: 3h 10m,,True,2026-02-17T11:24:39.204060
2026-03-28,CAN,arrival,17:00,NKG Nanjing,MU2807,China Eastern,text,Duration: 2h 20m,,True,2026-02-17T11:24:39.204066
2026-03-28,CAN,arrival,17:05,KMG Kunming,CZ3416,China Southern,text,Duration: 2h 5m,,True,2026-02-17T11:24:39.204071
2026-03-28,CAN,arrival,17:05,PKX Beijing,CZ3106,China Southern,text,Duration: 3h 35m,,True,2026-02-17T11:24:39.204077
2026-03-28,CAN,arrival,17:05,WNZ Wenzhou,CZ3536,China Southern,text,Duration: 2h 5m,,True,2026-02-17T11:24:39.204083
2026-03-28,CAN,arrival,17:05,SHA Shanghai,MU5307,China Eastern,text,Duration: 2h 35m,,True,2026-02-17T11:24:39.204088
2026-03-28,CAN,arrival,17:10,SWA Jieyang,CZ3893,China Southern,text,Duration: 1h 20m,,True,2026-02-17T11:24:39.204094
2026-03-28,CAN,arrival,17:10,XMN Xiamen,MF8305,XiamenAir,text,Duration: 1h 40m,,True,2026-02-17T11:24:39.204099
2026-03-28,CAN,arrival,17:10,CKG Chongqing,OQ2339,Chongqing Airlines,text,Duration: 2h 5m,,True,2026-02-17T11:24:39.204105
2026-03-28,CAN,arrival,17:10,INC Yinchuan,ZH8942,Shenzhen Airlines,text,Duration: 3h 10m,,True,2026-02-17T11:24:39.204111
2026-03-28,CAN,arrival,17:15,TFU Chengdu,CA4333,Air China,text,Duration: 2h 15m,,True,2026-02-17T11:24:39.204116
2026-03-28,CAN,arrival,17:15,NGB Ningbo,CZ3518,China Southern,text,Duration: 2h 35m,,True,2026-02-17T11:24:39.204122
2026-03-28,CAN,arrival,17:20,BNE Brisbane,CZ382,China Southern,text,Duration: 9h 5m,,True,2026-02-17T11:24:39.204128
2026-03-28,CAN,arrival,17:25,PEK Beijing,CA1327,Air China,text,Duration: 3h 25m,,True,2026-02-17T11:24:39.204133
2026-03-28,CAN,arrival,17:25,HAK Haikou,CZ6791,China Southern,text,Duration: 1h 25m,,True,2026-02-17T11:24:39.204139
2026-03-28,CAN,arrival,17:25,SHA Shanghai,CZ3538,China Southern,text,Duration: 2h 35m,,True,2026-02-17T11:24:39.204144
2026-03-28,CAN,arrival,17:30,POM Port Moresby,CZ5056,China Southern,text,Duration: 7h 10m,,True,2026-02-17T11:24:39.204150
2026-03-28,CAN,arrival,17:30,SHA Shanghai,HO1869,Juneyao Airlines,text,Duration: 2h 30m,,True,2026-02-17T11:24:39.204156
2026-03-28,CAN,arrival,17:30,SHE Shenyang,OQ2128,Chongqing Airlines,text,Duration: 4h 30m,,True,2026-02-17T11:24:39.204162
2026-03-28,CAN,arrival,17:45,PKX Beijing,CZ3162,China Southern,text,Duration: 3h 15m,,True,2026-02-17T11:24:39.204167
2026-03-28,CAN,arrival,17:45,TPE Taipei,CZ3098,China Southern,text,Duration: 2h 15m,,True,2026-02-17T11:24:39.204173
2026-03-28,CAN,arrival,17:50,SIN Singapore,CZ354,China Southern,text,Duration: 4h 10m,,True,2026-02-17T11:24:39.204179
2026-03-28,CAN,arrival,17:50,DOY Dongying,HU7260,Hainan Airlines,text,Duration: 3h 15m,,True,2026-02-17T11:24:39.204184
2026-03-28,CAN,arrival,17:55,CTU Chengdu,CZ3444,China Southern,text,Duration: 2h 25m,,True,2026-02-17T11:24:39.204190
2026-03-28,CAN,arrival,17:55,CZX Changzhou,CZ3900,China Southern,text,Duration: 2h 25m,,True,2026-02-17T11:24:39.204195
2026-03-28,CAN,arrival,17:55,SHA Shanghai,FM9313,Shanghai Airlines,text,Duration: 2h 25m,,True,2026-02-17T11:24:39.204201
2026-03-28,CAN,arrival,17:55,WUH Wuhan,MU6734,China Eastern,text,Duration: 1h 50m,,True,2026-02-17T11:24:39.204207
2026-03-28,CAN,arrival,18:00,HGH Hangzhou,CA1795,Air China,text,Duration: 2h 35m,,True,2026-02-17T11:24:39.204212
2026-03-28,CAN,arrival,18:00,BKK Bangkok,CZ8100,China Southern,text,Duration: 3h 5m,,True,2026-02-17T11:24:39.204217
2026-03-28,CAN,arrival,18:00,ICN Seoul,CZ338,China Southern,text,Duration: 4h 10m,,True,2026-02-17T11:24:39.204223
2026-03-28,CAN,arrival,18:00,LHR London,CZ304,China Southern,text,Duration: 12h 0m,,True,2026-02-17T11:24:39.204228
2026-03-28,CAN,arrival,18:00,MEL Melbourne,CZ322,China Southern,text,Duration: 9h 35m,,True,2026-02-17T11:24:39.204234
2026-03-28,CAN,arrival,18:00,SYD Sydney,CZ326,China Southern,text,Duration: 9h 35m,,True,2026-02-17T11:24:39.204239
2026-03-28,CAN,arrival,18:05,ADL Adelaide,CZ664,China Southern,text,Duration: 9h 5m,,True,2026-02-17T11:24:39.204244
2026-03-28,CAN,arrival,18:05,HGH Hangzhou,CZ3870,China Southern,text,Duration: 2h 30m,,True,2026-02-17T11:24:39.204250
2026-03-28,CAN,arrival,18:05,HRB Harbin,CZ3616,China Southern,text,Duration: 4h 50m,,True,2026-02-17T11:24:39.204255
2026-03-28,CAN,arrival,18:05,KMG Kunming,CZ3448,China Southern,text,Duration: 2h 0m,,True,2026-02-17T11:24:39.204337
2026-03-28,CAN,arrival,18:05,XIY Xian,CZ3232,China Southern,text,Duration: 3h 5m,,True,2026-02-17T11:24:39.204344
2026-03-28,CAN,arrival,18:10,DAC Dhaka,CZ5016,China Southern,text,Duration: 3h 20m,,True,2026-02-17T11:24:39.204349
2026-03-28,CAN,arrival,18:10,HFE Hefei,CZ3874,China Southern,text,Duration: 2h 20m,,True,2026-02-17T11:24:39.204354
2026-03-28,CAN,arrival,18:10,TSN Tianjin,GS7925,Tianjin Airlines,text,Duration: 3h 30m,,True,2026-02-17T11:24:39.204359
2026-03-28,CAN,arrival,18:15,TFU Chengdu,AQ1116,9 Air,text,Duration: 2h 15m,,True,2026-02-17T11:24:39.204365
2026-03-28,CAN,arrival,18:15,KUL Kuala Lumpur,CZ350,China Southern,text,Duration: 4h 15m,,True,2026-02-17T11:24:39.204370
2026-03-28,CAN,arrival,18:15,WUH Wuhan,CZ8671,China Southern,text,Duration: 2h 15m,,True,2026-02-17T11:24:39.204375
2026-03-28,CAN,arrival,18:15,XMN Xiamen,CZ3880,China Southern,text,Duration: 1h 45m,,True,2026-02-17T11:24:39.204381
2026-03-28,CAN,arrival,18:15,HRB Harbin,ZH9672,Shenzhen Airlines,text,Duration: 4h 50m,,True,2026-02-17T11:24:39.204386
2026-03-28,CAN,arrival,18:20,CTU Chengdu,3U8735,Sichuan Airlines,text,Duration: 2h 20m,,True,2026-02-17T11:24:39.204391
2026-03-28,CAN,arrival,18:20,PEK Beijing,CA1301,Air China,text,Duration: 3h 20m,,True,2026-02-17T11:24:39.204396
2026-03-28,CAN,arrival,18:20,PKX Beijing,MU6311,China Eastern,text,Duration: 3h 25m,,True,2026-02-17T11:24:39.204402
2026-03-28,CAN,arrival,18:25,HAN Hanoi,CZ8316,China Southern,text,Duration: 1h 40m,,True,2026-02-17T11:24:39.204408
2026-03-28,CAN,arrival,18:25,JNH Jiaxing,CZ3386,China Southern,text,Duration: 2h 25m,,True,2026-02-17T11:24:39.204413
2026-03-28,CAN,arrival,18:25,SHA Shanghai,CZ3540,China Southern,text,Duration: 2h 35m,,True,2026-02-17T11:24:39.204419
2026-03-28,CAN,arrival,18:25,TSN Tianjin,CZ3302,China Southern,text,Duration: 3h 30m,,True,2026-02-17T11:24:39.204424
2026-03-28,CAN,arrival,18:25,XIY Xian,HU7857,Hainan Airlines,text,Duration: 2h 55m,,True,2026-02-17T11:24:39.204430
2026-03-28,CAN,arrival,18:30,DZH Dazhou,CA4355,Air China,text,Duration: 2h 15m,,True,2026-02-17T11:24:39.204435
2026-03-28,CAN,arrival,18:30,DLC Dalian,CZ3607,China Southern,text,Duration: 3h 55m,,True,2026-02-17T11:24:39.204441
2026-03-28,CAN,arrival,18:30,NKG Nanjing,CZ3822,China Southern,text,Duration: 2h 30m,,True,2026-02-17T11:24:39.204446
2026-03-28,CAN,arrival,18:35,WUX Wuxi,AQ1056,9 Air,text,Duration: 2h 35m,,True,2026-02-17T11:24:39.204454
2026-03-28,CAN,arrival,18:35,TSN Tianjin,CA2803,Air China,text,Duration: 3h 20m,,True,2026-02-17T11:24:39.204460
2026-03-28,CAN,arrival,18:35,YNT Yantai,CZ8778,China Southern,text,Duration: 3h 50m,,True,2026-02-17T11:24:39.204466
2026-03-28,CAN,arrival,18:35,BKK Bangkok,KQ886,Kenya Airways,text,Duration: 2h 55m,,True,2026-02-17T11:24:39.204471
2026-03-28,CAN,arrival,18:40,TAO Qingdao,CZ3800,China Southern,text,Duration: 3h 35m,,True,2026-02-17T11:24:39.204477
2026-03-28,CAN,arrival,18:40,LHW Lanzhou,MU2305,China Eastern,text,Duration: 3h 5m,,True,2026-02-17T11:24:39.204483
2026-03-28,CAN,arrival,18:40,TNA Jinan,SC1171,Shandong Airlines,text,Duration: 2h 50m,,True,2026-02-17T11:24:39.204489
2026-03-28,CAN,arrival,18:45,BKK Bangkok,CZ5096,China Southern,text,Duration: 3h 0m,,True,2026-02-17T11:24:39.204495
2026-03-28,CAN,arrival,18:45,NTG Nantong,CZ3640,China Southern,text,Duration: 2h 40m,,True,2026-02-17T11:24:39.204500
2026-03-28,CAN,arrival,18:50,XIY Xian,CZ3212,China Southern,text,Duration: 2h 50m,,True,2026-02-17T11:24:39.204506
2026-03-28,CAN,arrival,18:50,YIW Yiwu,CZ3885,China Southern,text,Duration: 2h 15m,,True,2026-02-17T11:24:39.204512
2026-03-28,CAN,arrival,18:50,SJW Shijiazhuang,JD5356,Capital Airlines,text,Duration: 3h 0m,,True,2026-02-17T11:24:39.204517
2026-03-28,CAN,arrival,18:50,PKX Beijing,KN5321,China United Airlines,text,Duration: 3h 20m,,True,2026-02-17T11:24:39.204522
2026-03-28,CAN,arrival,18:55,SHA Shanghai,FM9315,Shanghai Airlines,text,Duration: 2h 25m,,True,2026-02-17T11:24:39.204528
2026-03-28,CAN,arrival,18:55,CKG Chongqing,HU7242,Hainan Airlines,text,Duration: 2h 0m,,True,2026-02-17T11:24:39.204533
2026-03-28,CAN,arrival,18:55,PEK Beijing,HU7809,Hainan Airlines,text,Duration: 3h 25m,,True,2026-02-17T11:24:39.204539
2026-03-28,CAN,arrival,19:00,CGO Zhengzhou,CZ3972,China Southern,text,Duration: 2h 30m,,True,2026-02-17T11:24:39.204545
2026-03-28,CAN,arrival,19:00,PKX Beijing,CZ3104,China Southern,text,Duration: 3h 30m,,True,2026-02-17T11:24:39.204550
2026-03-28,CAN,arrival,19:00,SJW Shijiazhuang,CZ3132,China Southern,text,Duration: 3h 15m,,True,2026-02-17T11:24:39.204555
2026-03-28,CAN,arrival,19:00,HAK Haikou,HU7007,Hainan Airlines,text,Duration: 1h 30m,,True,2026-02-17T11:24:39.204560
2026-03-28,CAN,arrival,19:00,KTI Phnom Penh,KR935,Cambodia Airways,text,Duration: 2h 55m,,True,2026-02-17T11:24:39.204566
2026-03-28,CAN,arrival,19:00,PVG Shanghai,MU5311,China Eastern,text,Duration: 2h 45m,,True,2026-02-17T11:24:39.204571
2026-03-28,CAN,arrival,19:05,CGQ Changchun,CZ6851,China Southern,text,Duration: 4h 50m,,True,2026-02-17T11:24:39.204577
2026-03-28,CAN,arrival,19:05,KTM Kathmandu,CZ6068,China Southern,text,Duration: 4h 20m,,True,2026-02-17T11:24:39.204582
2026-03-28,CAN,arrival,19:05,WNZ Wenzhou,CZ3676,China Southern,text,Duration: 2h 20m,,True,2026-02-17T11:24:39.204588
2026-03-28,CAN,arrival,19:05,SHA Shanghai,HO1867,Juneyao Airlines,text,Duration: 2h 35m,,True,2026-02-17T11:24:39.204593
2026-03-28,CAN,arrival,19:05,LUM Mangshi,MU5793,China Eastern,text,Duration: 2h 40m,,True,2026-02-17T11:24:39.204599
2026-03-28,CAN,arrival,19:05,CZX Changzhou,ZH8944,Shenzhen Airlines,text,Duration: 2h 30m,,True,2026-02-17T11:24:39.204604
2026-03-28,CAN,arrival,19:10,CTU Chengdu,CA4303,Air China,text,Duration: 2h 40m,,True,2026-02-17T11:24:39.204610
2026-03-28,CAN,arrival,19:10,HGH Hangzhou,CZ3802,China Southern,text,Duration: 2h 35m,,True,2026-02-17T11:24:39.204690
2026-03-28,CAN,arrival,19:10,KUL Kuala Lumpur,CZ3048,China Southern,text,Duration: 4h 25m,,True,2026-02-17T11:24:39.204697
2026-03-28,CAN,arrival,19:10,PKX Beijing,JD5921,Capital Airlines,text,Duration: 3h 30m,,True,2026-02-17T11:24:39.204703
2026-03-28,CAN,arrival,19:10,NGB Ningbo,MU5237,China Eastern,text,Duration: 2h 20m,,True,2026-02-17T11:24:39.204709
2026-03-28,CAN,arrival,19:15,YTY Yangzhou,CZ3942,China Southern,text,Duration: 2h 30m,,True,2026-02-17T11:24:39.204714
2026-03-28,CAN,arrival,19:15,HIA Huai'an,MU2869,China Eastern,text,Duration: 2h 55m,,True,2026-02-17T11:24:39.204720
2026-03-28,CAN,arrival,19:15,XIY Xian,ZH9224,Shenzhen Airlines,text,Duration: 2h 45m,,True,2026-02-17T11:24:39.204726
2026-03-28,CAN,arrival,19:20,FOC Fuzhou,CZ3878,China Southern,text,Duration: 2h 0m,,True,2026-02-17T11:24:39.204731
2026-03-28,CAN,arrival,19:20,HAK Haikou,CZ6783,China Southern,text,Duration: 1h 20m,,True,2026-02-17T11:24:39.204737
2026-03-28,CAN,arrival,19:20,HND Tokyo,CZ386,China Southern,text,Duration: 5h 15m,,True,2026-02-17T11:24:39.204742
2026-03-28,CAN,arrival,19:20,PVG Shanghai,HU7232,Hainan Airlines,text,Duration: 2h 50m,,True,2026-02-17T11:24:39.204748
2026-03-28,CAN,arrival,19:20,HGH Hangzhou,MU6992,China Eastern,text,Duration: 2h 30m,,True,2026-02-17T11:24:39.204753
2026-03-28,CAN,arrival,19:25,HGH Hangzhou,CA1797,Air China,text,Duration: 2h 40m,,True,2026-02-17T11:24:39.204758
2026-03-28,CAN,arrival,19:25,PEK Beijing,CA1365,Air China,text,Duration: 3h 25m,,True,2026-02-17T11:24:39.204764
2026-03-28,CAN,arrival,19:25,TAO Qingdao,SC4675,Shandong Airlines,text,Duration: 3h 25m,,True,2026-02-17T11:24:39.204769
2026-03-28,CAN,arrival,19:25,WUX Wuxi,ZH9828,Shenzhen Airlines,text,Duration: 2h 35m,,True,2026-02-17T11:24:39.204775
2026-03-28,CAN,arrival,19:30,ICN Seoul,CZ3062,China Southern,text,Duration: 4h 15m,,True,2026-02-17T11:24:39.204780
2026-03-28,CAN,arrival,19:30,NNG Nanning,CZ3295,China Southern,text,Duration: 1h 10m,,True,2026-02-17T11:24:39.204786
2026-03-28,CAN,arrival,19:30,SHA Shanghai,CZ3526,China Southern,text,Duration: 2h 40m,,True,2026-02-17T11:24:39.204791
2026-03-28,CAN,arrival,19:30,URC Urumqi,CZ6885,China Southern,text,Duration: 5h 5m,,True,2026-02-17T11:24:39.204796
2026-03-28,CAN,arrival,19:30,SHA Shanghai,MU5313,China Eastern,text,Duration: 2h 30m,,True,2026-02-17T11:24:39.204801
2026-03-28,CAN,arrival,19:35,KIX Osaka,AQ1260,9 Air,text,Duration: 4h 50m,,True,2026-02-17T11:24:39.204807
2026-03-28,CAN,arrival,19:35,CGK Jakarta,CZ3038,China Southern,text,Duration: 5h 20m,,True,2026-02-17T11:24:39.204812
2026-03-28,CAN,arrival,19:35,XIY Xian,MU6261,China Eastern,text,Duration: 2h 25m,,True,2026-02-17T11:24:39.204818
2026-03-28,CAN,arrival,19:35,NKG Nanjing,ZH9870,Shenzhen Airlines,text,Duration: 2h 30m,,True,2026-02-17T11:24:39.204823
2026-03-28,CAN,arrival,19:40,CKG Chongqing,CA4341,Air China,text,Duration: 2h 0m,,True,2026-02-17T11:24:39.204828
2026-03-28,CAN,arrival,19:40,BKK Bangkok,CZ3082,China Southern,text,Duration: 2h 55m,,True,2026-02-17T11:24:39.204834
2026-03-28,CAN,arrival,19:40,KWE Guiyang,CZ6419,China Southern,text,Duration: 1h 40m,,True,2026-02-17T11:24:39.204839
2026-03-28,CAN,arrival,19:40,VTE Vientiane,CZ6092,China Southern,text,Duration: 2h 15m,,True,2026-02-17T11:24:39.204844
2026-03-28,CAN,arrival,19:45,CKG Chongqing,CZ3464,China Southern,text,Duration: 2h 10m,,True,2026-02-17T11:24:39.204850
2026-03-28,CAN,arrival,19:45,KIX Osaka,CZ8108,China Southern,text,Duration: 4h 45m,,True,2026-02-17T11:24:39.204855
2026-03-28,CAN,arrival,19:45,PKX Beijing,CZ3180,China Southern,text,Duration: 3h 15m,,True,2026-02-17T11:24:39.204861
2026-03-28,CAN,arrival,19:45,HAK Haikou,HU7009,Hainan Airlines,text,Duration: 1h 15m,,True,2026-02-17T11:24:39.204867
2026-03-28,CAN,arrival,19:45,WEH Weihai,MU6896,China Eastern,text,Duration: 3h 30m,,True,2026-02-17T11:24:39.204872
2026-03-28,CAN,arrival,19:50,PKX Beijing,MU6309,China Eastern,text,Duration: 3h 5m,,True,2026-02-17T11:24:39.204878
2026-03-28,CAN,arrival,19:55,CSX Changsha,CZ5591,China Southern,text,Duration: 1h 45m,,True,2026-02-17T11:24:39.204883
2026-03-28,CAN,arrival,20:00,PVG Shanghai,CA1865,Air China,text,Duration: 3h 0m,,True,2026-02-17T11:24:39.204889
2026-03-28,CAN,arrival,20:00,HRB Harbin,CZ8719,China Southern,text,Duration: 5h 10m,,True,2026-02-17T11:24:39.204895
2026-03-28,CAN,arrival,20:00,PEK Beijing,HU7811,Hainan Airlines,text,Duration: 3h 30m,,True,2026-02-17T11:24:39.204901
2026-03-28,CAN,arrival,20:00,HGH Hangzhou,MF8311,XiamenAir,text,Duration: 2h 30m,,True,2026-02-17T11:24:39.204906
2026-03-28,CAN,arrival,20:00,PKX Beijing,MF8339,XiamenAir,text,Duration: 3h 35m,,True,2026-02-17T11:24:39.204911
2026-03-28,CAN,arrival,20:00,HAK Haikou,ZH8992,Shenzhen Airlines,text,Duration: 1h 20m,,True,2026-02-17T11:24:39.204917
2026-03-28,CAN,arrival,20:05,SGN Ho Chi Minh City,CZ374,China Southern,text,Duration: 2h 55m,,True,2026-02-17T11:24:39.204923
2026-03-28,CAN,arrival,20:05,SHE Shenyang,CZ3602,China Southern,text,Duration: 4h 35m,,True,2026-02-17T11:24:39.204929
2026-03-28,CAN,arrival,20:05,YIW Yiwu,CZ3636,China Southern,text,Duration: 2h 25m,,True,2026-02-17T11:24:39.204935
2026-03-28,CAN,arrival,20:05,TSN Tianjin,MF8355,XiamenAir,text,Duration: 3h 25m,,True,2026-02-17T11:24:39.204940
2026-03-28,CAN,arrival,20:05,TNA Jinan,SC1175,Shandong Airlines,text,Duration: 2h 55m,,True,2026-02-17T11:24:39.204946
2026-03-28,CAN,arrival,20:10,CTU Chengdu,CZ3472,China Southern,text,Duration: 2h 40m,,True,2026-02-17T11:24:39.204951
2026-03-28,CAN,arrival,20:10,DLC Dalian,CZ6457,China Southern,text,Duration: 4h 10m,,True,2026-02-17T11:24:39.204956
2026-03-28,CAN,arrival,20:10,KTI Phnom Penh,CZ6060,China Southern,text,Duration: 3h 0m,,True,2026-02-17T11:24:39.204961
2026-03-28,CAN,arrival,20:10,TYN Taiyuan,CZ6528,China Southern,text,Duration: 3h 20m,,True,2026-02-17T11:24:39.205064
2026-03-28,CAN,arrival,20:10,SHA Shanghai,HO1851,Juneyao Airlines,text,Duration: 2h 35m,,True,2026-02-17T11:24:39.205075
2026-03-28,CAN,arrival,20:15,KMG Kunming,8L9975,Lucky Air,text,Duration: 2h 0m,,True,2026-02-17T11:24:39.205083
2026-03-28,CAN,arrival,20:15,TFU Chengdu,HU7252,Hainan Airlines,text,Duration: 2h 15m,,True,2026-02-17T11:24:39.205090
2026-03-28,CAN,arrival,20:15,KMG Kunming,KY8281,Kunming Airlines,text,Duration: 2h 15m,,True,2026-02-17T11:24:39.205097
2026-03-28,CAN,arrival,20:15,SHA Shanghai,MU9199,China Eastern,text,Duration: 2h 45m,,True,2026-02-17T11:24:39.205104
2026-03-28,CAN,arrival,20:20,CTU Chengdu,3U8737,Sichuan Airlines,text,Duration: 2h 20m,,True,2026-02-17T11:24:39.205111
2026-03-28,CAN,arrival,20:20,KUL Kuala Lumpur,AK116,AirAsia,text,Duration: 4h 10m,,True,2026-02-17T11:24:39.205118
2026-03-28,CAN,arrival,20:20,NKG Nanjing,AQ1034,9 Air,text,Duration: 2h 35m,,True,2026-02-17T11:24:39.205124
2026-03-28,CAN,arrival,20:20,LJG Lijiang,CZ3424,China Southern,text,Duration: 2h 25m,,True,2026-02-17T11:24:39.205131
2026-03-28,CAN,arrival,20:20,NKG Nanjing,CZ3700,China Southern,text,Duration: 2h 25m,,True,2026-02-17T11:24:39.205138
2026-03-28,CAN,arrival,20:20,SQJ Sanming,CZ8608,China Southern,text,Duration: 1h 35m,,True,2026-02-17T11:24:39.205144
2026-03-28,CAN,arrival,20:25,NGB Ningbo,CZ8294,China Southern,text,Duration: 2h 35m,,True,2026-02-17T11:24:39.205151
2026-03-28,CAN,arrival,20:30,SHA Shanghai,9C8931,Spring Airlines,text,Duration: 2h 25m,,True,2026-02-17T11:24:39.205157
2026-03-28,CAN,arrival,20:30,MNL Manila,CZ398,China Southern,text,Duration: 2h 35m,,True,2026-02-17T11:24:39.205164
2026-03-28,CAN,arrival,20:35,CGO Zhengzhou,CZ8534,China Southern,text,Duration: 2h 30m,,True,2026-02-17T11:24:39.205171
2026-03-28,CAN,arrival,20:40,TFU Chengdu,CZ3440,China Southern,text,Duration: 2h 10m,,True,2026-02-17T11:24:39.205177
2026-03-28,CAN,arrival,20:45,TSN Tianjin,CA4548,Air China,text,Duration: 3h 20m,,True,2026-02-17T11:24:39.205184
2026-03-28,CAN,arrival,20:45,WXN Wanxian,CA4389,Air China,text,Duration: 2h 15m,,True,2026-02-17T11:24:39.205190
2026-03-28,CAN,arrival,20:45,KMG Kunming,CZ3450,China Southern,text,Duration: 2h 5m,,True,2026-02-17T11:24:39.205197
2026-03-28,CAN,arrival,20:50,PKX Beijing,CZ3122,China Southern,text,Duration: 3h 20m,,True,2026-02-17T11:24:39.205203
2026-03-28,CAN,arrival,20:50,XIY Xian,CZ3208,China Southern,text,Duration: 2h 50m,,True,2026-02-17T11:24:39.205209
2026-03-28,CAN,arrival,20:50,NKG Nanjing,HU7314,Hainan Airlines,text,Duration: 2h 25m,,True,2026-02-17T11:24:39.205216
2026-03-28,CAN,arrival,20:50,HFE Hefei,MU6552,China Eastern,text,Duration: 2h 20m,,True,2026-02-17T11:24:39.205223
2026-03-28,CAN,arrival,20:55,TFU Chengdu,CA4309,Air China,text,Duration: 2h 25m,,True,2026-02-17T11:24:39.205230
2026-03-28,CAN,arrival,20:55,WNZ Wenzhou,CA8305,Air China,text,Duration: 2h 5m,,True,2026-02-17T11:24:39.205236
2026-03-28,CAN,arrival,20:55,CGQ Changchun,CZ5176,China Southern,text,Duration: 4h 50m,,True,2026-02-17T11:24:39.205243
2026-03-28,CAN,arrival,20:55,WUX Wuxi,CZ3298,China Southern,text,Duration: 2h 40m,,True,2026-02-17T11:24:39.205249
2026-03-28,CAN,arrival,21:00,HGH Hangzhou,AQ1072,9 Air,text,Duration: 2h 25m,,True,2026-02-17T11:24:39.205255
2026-03-28,CAN,arrival,21:00,HKG Hong Kong,CX940,Cathay Pacific,text,Duration: 1h 5m,,True,2026-02-17T11:24:39.205262
2026-03-28,CAN,arrival,21:00,SYX Sanya,CZ6749,China Southern,text,Duration: 1h 45m,,True,2026-02-17T11:24:39.205268
2026-03-28,CAN,arrival,21:00,CGO Zhengzhou,HU7288,Hainan Airlines,text,Duration: 2h 30m,,True,2026-02-17T11:24:39.205275
2026-03-28,CAN,arrival,21:00,HFE Hefei,ZH9988,Shenzhen Airlines,text,Duration: 2h 20m,,True,2026-02-17T11:24:39.205281
2026-03-28,CAN,arrival,21:05,URC Urumqi,CA9674,Air China,text,Duration: 5h 40m,,True,2026-02-17T11:24:39.205287
2026-03-28,CAN,arrival,21:05,HRB Harbin,CZ3914,China Southern,text,Duration: 5h 0m,,True,2026-02-17T11:24:39.205294
2026-03-28,CAN,arrival,21:05,SHE Shenyang,CZ6307,China Southern,text,Duration: 4h 35m,,True,2026-02-17T11:24:39.205300
2026-03-28,CAN,arrival,21:05,DLU Dali City,MU9741,China Eastern,text,Duration: 2h 20m,,True,2026-02-17T11:24:39.205307
2026-03-28,CAN,arrival,21:05,TFU Chengdu,MU6185,China Eastern,text,Duration: 2h 20m,,True,2026-02-17T11:24:39.205313
2026-03-28,CAN,arrival,21:05,CZX Changzhou,ZH9654,Shenzhen Airlines,text,Duration: 2h 30m,,True,2026-02-17T11:24:39.205319
2026-03-28,CAN,arrival,21:10,HGH Hangzhou,CZ3502,China Southern,text,Duration: 2h 35m,,True,2026-02-17T11:24:39.205325
2026-03-28,CAN,arrival,21:10,PVG Shanghai,CZ3831,China Southern,text,Duration: 2h 45m,,True,2026-02-17T11:24:39.205332
2026-03-28,CAN,arrival,21:10,ZHA Zhanjiang,CZ3332,China Southern,text,Duration: 1h 10m,,True,2026-02-17T11:24:39.205338
2026-03-28,CAN,arrival,21:10,LYI Linyi,ZH9482,Shenzhen Airlines,text,Duration: 3h 0m,,True,2026-02-17T11:24:39.205345
2026-03-28,CAN,arrival,21:10,TNA Jinan,ZH9978,Shenzhen Airlines,text,Duration: 3h 0m,,True,2026-02-17T11:24:39.205351
2026-03-28,CAN,arrival,21:15,KUL Kuala Lumpur,CZ8012,China Southern,text,Duration: 4h 20m,,True,2026-02-17T11:24:39.205358
2026-03-28,CAN,arrival,21:15,KWE Guiyang,CZ6394,China Southern,text,Duration: 1h 40m,,True,2026-02-17T11:24:39.205364
2026-03-28,CAN,arrival,21:15,HPH Haiphong,ZH130,Shenzhen Airlines,text,Duration: 1h 55m,,True,2026-02-17T11:24:39.205370
2026-03-28,CAN,arrival,21:20,SHA Shanghai,MU5327,China Eastern,text,Duration: 2h 50m,,True,2026-02-17T11:24:39.205376
2026-03-28,CAN,arrival,21:20,LJG Lijiang,OQ2112,Chongqing Airlines,text,Duration: 2h 40m,,True,2026-02-17T11:24:39.205383
2026-03-28,CAN,arrival,21:25,PEK Beijing,CA1309,Air China,text,Duration: 3h 25m,,True,2026-02-17T11:24:39.205389
2026-03-28,CAN,arrival,21:25,TSN Tianjin,CA2805,Air China,text,Duration: 3h 25m,,True,2026-02-17T11:24:39.205513
2026-03-28,CAN,arrival,21:25,HAK Haikou,CZ6787,China Southern,text,Duration: 1h 25m,,True,2026-02-17T11:24:39.205520
2026-03-28,CAN,arrival,21:25,NGB Ningbo,CZ3372,China Southern,text,Duration: 2h 25m,,True,2026-02-17T11:24:39.205526
2026-03-28,CAN,arrival,21:30,DLC Dalian,CZ6447,China Southern,text,Duration: 4h 0m,,True,2026-02-17T11:24:39.205531
2026-03-28,CAN,arrival,21:30,LYG Lianyungang,CZ3234,China Southern,text,Duration: 2h 50m,,True,2026-02-17T11:24:39.205537
2026-03-28,CAN,arrival,21:30,HGH Hangzhou,GJ8995,Loong Air,text,Duration: 2h 25m,,True,2026-02-17T11:24:39.205542
2026-03-28,CAN,arrival,21:30,CKG Chongqing,HU7442,Hainan Airlines,text,Duration: 2h 0m,,True,2026-02-17T11:24:39.205547
2026-03-28,CAN,arrival,21:30,NKG Nanjing,MU9767,China Eastern,text,Duration: 2h 40m,,True,2026-02-17T11:24:39.205552
2026-03-28,CAN,arrival,21:35,CGO Zhengzhou,CZ3959,China Southern,text,Duration: 2h 35m,,True,2026-02-17T11:24:39.205557
2026-03-28,CAN,arrival,21:35,KUL Kuala Lumpur,CZ8348,China Southern,text,Duration: 4h 20m,,True,2026-02-17T11:24:39.205563
2026-03-28,CAN,arrival,21:40,SHA Shanghai,CZ3572,China Southern,text,Duration: 2h 35m,,True,2026-02-17T11:24:39.205568
2026-03-28,CAN,arrival,21:45,NKG Nanjing,CZ3856,China Southern,text,Duration: 2h 30m,,True,2026-02-17T11:24:39.205573
2026-03-28,CAN,arrival,21:45,URC Urumqi,CZ6881,China Southern,text,Duration: 5h 0m,,True,2026-02-17T11:24:39.205579
2026-03-28,CAN,arrival,21:45,WNZ Wenzhou,CZ3528,China Southern,text,Duration: 2h 10m,,True,2026-02-17T11:24:39.205584
2026-03-28,CAN,arrival,21:45,DXB Dubai,EK362,Emirates,text,Duration: 6h 55m,,True,2026-02-17T11:24:39.205589
2026-03-28,CAN,arrival,21:50,TFU Chengdu,3U6709,Sichuan Airlines,text,Duration: 1h 55m,,True,2026-02-17T11:24:39.205594
2026-03-28,CAN,arrival,21:50,PKX Beijing,CZ3100,China Southern,text,Duration: 3h 20m,,True,2026-02-17T11:24:39.205599
2026-03-28,CAN,arrival,21:50,SWA Jieyang,CZ3891,China Southern,text,Duration: 1h 15m,,True,2026-02-17T11:24:39.205604
2026-03-28,CAN,arrival,21:50,WUH Wuhan,CZ3347,China Southern,text,Duration: 1h 50m,,True,2026-02-17T11:24:39.205609
2026-03-28,CAN,arrival,21:55,BKK Bangkok,CZ8024,China Southern,text,Duration: 2h 50m,,True,2026-02-17T11:24:39.205614
2026-03-28,CAN,arrival,21:55,SIN Singapore,CZ3040,China Southern,text,Duration: 4h 5m,,True,2026-02-17T11:24:39.205619
2026-03-28,CAN,arrival,21:55,XIY Xian,MU2311,China Eastern,text,Duration: 2h 45m,,True,2026-02-17T11:24:39.205625
2026-03-28,CAN,arrival,21:55,WUX Wuxi,ZH9830,Shenzhen Airlines,text,Duration: 2h 35m,,True,2026-02-17T11:24:39.205630
2026-03-28,CAN,arrival,22:00,SHA Shanghai,MU5315,China Eastern,text,Duration: 2h 40m,,True,2026-02-17T11:24:39.205637
2026-03-28,CAN,arrival,22:00,SJW Shijiazhuang,NS3657,Hebei Airlines,text,Duration: 3h 10m,,True,2026-02-17T11:24:39.205642
2026-03-28,CAN,arrival,22:00,CGO Zhengzhou,PN6379,West Air (China),text,Duration: 2h 25m,,True,2026-02-17T11:24:39.205648
2026-03-28,CAN,arrival,22:00,PVG Shanghai,ZH9536,Shenzhen Airlines,text,Duration: 3h 10m,,True,2026-02-17T11:24:39.205653
2026-03-28,CAN,arrival,22:05,HGH Hangzhou,CZ3848,China Southern,text,Duration: 2h 30m,,True,2026-02-17T11:24:39.205658
2026-03-28,CAN,arrival,22:05,HKT Phuket,CZ6064,China Southern,text,Duration: 3h 40m,,True,2026-02-17T11:24:39.205664
2026-03-28,CAN,arrival,22:05,TYN Taiyuan,CZ3696,China Southern,text,Duration: 3h 10m,,True,2026-02-17T11:24:39.205669
2026-03-28,CAN,arrival,22:05,KHN Nanchang,MU5231,China Eastern,text,Duration: 1h 45m,,True,2026-02-17T11:24:39.205675
2026-03-28,CAN,arrival,22:05,HFE Hefei,ZH9990,Shenzhen Airlines,text,Duration: 2h 15m,,True,2026-02-17T11:24:39.205681
2026-03-28,CAN,arrival,22:05,YTY Yangzhou,ZH9694,Shenzhen Airlines,text,Duration: 2h 35m,,True,2026-02-17T11:24:39.205686
2026-03-28,CAN,arrival,22:10,PVG Shanghai,AQ1012,9 Air,text,Duration: 2h 45m,,True,2026-02-17T11:24:39.205692
2026-03-28,CAN,arrival,22:10,SYX Sanya,CZ6737,China Southern,text,Duration: 1h 45m,,True,2026-02-17T11:24:39.205698
2026-03-28,CAN,arrival,22:10,YIW Yiwu,CZ3728,China Southern,text,Duration: 2h 15m,,True,2026-02-17T11:24:39.205703
2026-03-28,CAN,arrival,22:10,TFU Chengdu,HU7352,Hainan Airlines,text,Duration: 2h 10m,,True,2026-02-17T11:24:39.205709
2026-03-28,CAN,arrival,22:15,CKG Chongqing,3U8749,Sichuan Airlines,text,Duration: 2h 5m,,True,2026-02-17T11:24:39.205715
2026-03-28,CAN,arrival,22:15,CTU Chengdu,CZ3418,China Southern,text,Duration: 2h 45m,,True,2026-02-17T11:24:39.205720
2026-03-28,CAN,arrival,22:15,WMT Zunyi,CZ3314,China Southern,text,Duration: 1h 50m,,True,2026-02-17T11:24:39.205726
2026-03-28,CAN,arrival,22:15,DAR Dar Es Salaam,TC402,Air Tanzania,text,Duration: 11h 0m,,True,2026-02-17T11:24:39.205732
2026-03-28,CAN,arrival,22:15,SHE Shenyang,ZH9656,Shenzhen Airlines,text,Duration: 4h 30m,,True,2026-02-17T11:24:39.205737
2026-03-28,CAN,arrival,22:20,FOC Fuzhou,CZ3648,China Southern,text,Duration: 2h 10m,,True,2026-02-17T11:24:39.205743
2026-03-28,CAN,arrival,22:20,TAO Qingdao,CZ3574,China Southern,text,Duration: 3h 35m,,True,2026-02-17T11:24:39.205749
2026-03-28,CAN,arrival,22:20,TNA Jinan,CZ3712,China Southern,text,Duration: 3h 10m,,True,2026-02-17T11:24:39.205754
2026-03-28,CAN,arrival,22:20,TSN Tianjin,CZ3144,China Southern,text,Duration: 3h 30m,,True,2026-02-17T11:24:39.205759
2026-03-28,CAN,arrival,22:20,NGB Ningbo,HU7234,Hainan Airlines,text,Duration: 2h 20m,,True,2026-02-17T11:24:39.205764
2026-03-28,CAN,arrival,22:20,LUM Mangshi,OQ2026,Chongqing Airlines,text,Duration: 2h 35m,,True,2026-02-17T11:24:39.205770
2026-03-28,CAN,arrival,22:25,CTU Chengdu,CA4328,Air China,text,Duration: 2h 25m,,True,2026-02-17T11:24:39.205774
2026-03-28,CAN,arrival,22:25,SHA Shanghai,CA1830,Air China,text,Duration: 2h 30m,,True,2026-02-17T11:24:39.205780
2026-03-28,CAN,arrival,22:25,CNX Chiang Mai,CZ3034,China Southern,text,Duration: 2h 35m,,True,2026-02-17T11:24:39.205865
2026-03-28,CAN,arrival,22:25,CXR Nha Trang,CZ6050,China Southern,text,Duration: 2h 40m,,True,2026-02-17T11:24:39.205872
2026-03-28,CAN,arrival,22:25,HAN Hanoi,CZ8178,China Southern,text,Duration: 1h 40m,,True,2026-02-17T11:24:39.205878
2026-03-28,CAN,arrival,22:25,KMG Kunming,CZ3500,China Southern,text,Duration: 2h 10m,,True,2026-02-17T11:24:39.205883
2026-03-28,CAN,arrival,22:25,XMN Xiamen,CZ3806,China Southern,text,Duration: 1h 40m,,True,2026-02-17T11:24:39.205889
2026-03-28,CAN,arrival,22:30,BKI Kota Kinabalu,CZ8336,China Southern,text,Duration: 3h 25m,,True,2026-02-17T11:24:39.205894
2026-03-28,CAN,arrival,22:30,LIJ Lishui,CZ3868,China Southern,text,Duration: 2h 20m,,True,2026-02-17T11:24:39.205900
2026-03-28,CAN,arrival,22:30,NKG Nanjing,CZ3514,China Southern,text,Duration: 2h 20m,,True,2026-02-17T11:24:39.205905
2026-03-28,CAN,arrival,22:30,HRB Harbin,ZH9678,Shenzhen Airlines,text,Duration: 5h 5m,,True,2026-02-17T11:24:39.205910
2026-03-28,CAN,arrival,22:35,CGO Zhengzhou,CZ6594,China Southern,text,Duration: 2h 30m,,True,2026-02-17T11:24:39.205916
2026-03-28,CAN,arrival,22:35,CGQ Changchun,CZ6275,China Southern,text,Duration: 4h 55m,,True,2026-02-17T11:24:39.205921
2026-03-28,CAN,arrival,22:35,HET Hohhot,CZ3308,China Southern,text,Duration: 3h 30m,,True,2026-02-17T11:24:39.205926
2026-03-28,CAN,arrival,22:35,CKG Chongqing,PN6205,West Air (China),text,Duration: 2h 5m,,True,2026-02-17T11:24:39.205932
2026-03-28,CAN,arrival,22:40,PEK Beijing,CA1379,Air China,text,Duration: 3h 25m,,True,2026-02-17T11:24:39.205937
2026-03-28,CAN,arrival,22:40,KHN Nanchang,CZ8532,China Southern,text,Duration: 1h 40m,,True,2026-02-17T11:24:39.205942
2026-03-28,CAN,arrival,22:40,KUL Kuala Lumpur,CZ8302,China Southern,text,Duration: 4h 20m,,True,2026-02-17T11:24:39.205948
2026-03-28,CAN,arrival,22:40,SHA Shanghai,CZ3504,China Southern,text,Duration: 2h 35m,,True,2026-02-17T11:24:39.205953
2026-03-28,CAN,arrival,22:50,CTU Chengdu,3U8739,Sichuan Airlines,text,Duration: 2h 20m,,True,2026-02-17T11:24:39.205958
2026-03-28,CAN,arrival,22:50,PEN Penang,CZ5048,China Southern,text,Duration: 3h 50m,,True,2026-02-17T11:24:39.205964
2026-03-28,CAN,arrival,22:50,PKX Beijing,CZ3110,China Southern,text,Duration: 3h 20m,,True,2026-02-17T11:24:39.205969
2026-03-28,CAN,arrival,22:50,TFU Chengdu,ZH9444,Shenzhen Airlines,text,Duration: 2h 20m,,True,2026-02-17T11:24:39.205974
2026-03-28,CAN,arrival,22:55,MDC Manado,8B167,TransNusa,text,Duration: 3h 55m,,True,2026-02-17T11:24:39.205979
2026-03-28,CAN,arrival,22:55,PVG Shanghai,CA8565,Air China,text,Duration: 2h 45m,,True,2026-02-17T11:24:39.205984
2026-03-28,CAN,arrival,22:55,YCU Yuncheng,CZ3986,China Southern,text,Duration: 2h 35m,,True,2026-02-17T11:24:39.205989
2026-03-28,CAN,arrival,22:55,CGO Zhengzhou,HU7284,Hainan Airlines,text,Duration: 2h 30m,,True,2026-02-17T11:24:39.205995
2026-03-28,CAN,arrival,22:55,TNA Jinan,HU7210,Hainan Airlines,text,Duration: 2h 55m,,True,2026-02-17T11:24:39.206000
2026-03-28,CAN,arrival,23:00,SGN Ho Chi Minh City,9C7348,Spring Airlines,text,Duration: 3h 5m,,True,2026-02-17T11:24:39.206005
2026-03-28,CAN,arrival,23:00,TFU Chengdu,CZ3476,China Southern,text,Duration: 2h 30m,,True,2026-02-17T11:24:39.206011
2026-03-28,CAN,arrival,23:00,XIY Xian,CZ3218,China Southern,text,Duration: 3h 0m,,True,2026-02-17T11:24:39.206016
2026-03-28,CAN,arrival,23:00,PEK Beijing,HU7813,Hainan Airlines,text,Duration: 3h 30m,,True,2026-02-17T11:24:39.206021
2026-03-28,CAN,arrival,23:00,NKG Nanjing,ZH9874,Shenzhen Airlines,text,Duration: 2h 30m,,True,2026-02-17T11:24:39.206026
2026-03-28,CAN,arrival,23:00,NTG Nantong,ZH8694,Shenzhen Airlines,text,Duration: 2h 40m,,True,2026-02-17T11:24:39.206032
2026-03-28,CAN,arrival,23:00,YTY Yangzhou,ZH8910,Shenzhen Airlines,text,Duration: 2h 25m,,True,2026-02-17T11:24:39.206037
2026-03-28,CAN,arrival,23:05,BKK Bangkok,CZ364,China Southern,text,Duration: 3h 10m,,True,2026-02-17T11:24:39.206043
2026-03-28,CAN,arrival,23:05,LFQ Qiaoli,CZ8928,China Southern,text,Duration: 3h 0m,,True,2026-02-17T11:24:39.206048
2026-03-28,CAN,arrival,23:05,YIC Yichun,HU7202,Hainan Airlines,text,Duration: 1h 40m,,True,2026-02-17T11:24:39.206053
2026-03-28,CAN,arrival,23:05,SHA Shanghai,MU5317,China Eastern,text,Duration: 2h 40m,,True,2026-02-17T11:24:39.206058
2026-03-28,CAN,arrival,23:05,LHW Lanzhou,OQ2132,Chongqing Airlines,text,Duration: 3h 10m,,True,2026-02-17T11:24:39.206063
2026-03-28,CAN,arrival,23:10,HGH Hangzhou,CZ3830,China Southern,text,Duration: 2h 35m,,True,2026-02-17T11:24:39.206068
2026-03-28,CAN,arrival,23:10,NGB Ningbo,CZ3322,China Southern,text,Duration: 2h 55m,,True,2026-02-17T11:24:39.206073
2026-03-28,CAN,arrival,23:10,PVG Shanghai,CZ8212,China Southern,text,Duration: 2h 45m,,True,2026-02-17T11:24:39.206079
2026-03-28,CAN,arrival,23:10,SHE Shenyang,CZ6339,China Southern,text,Duration: 4h 40m,,True,2026-02-17T11:24:39.206084
2026-03-28,CAN,arrival,23:10,XFN Xiangyang,CZ3362,China Southern,text,Duration: 2h 15m,,True,2026-02-17T11:24:39.206090
2026-03-28,CAN,arrival,23:15,CKG Chongqing,CA4353,Air China,text,Duration: 2h 10m,,True,2026-02-17T11:24:39.206095
2026-03-28,CAN,arrival,23:15,LZO Luzhou,CZ3228,China Southern,text,Duration: 2h 5m,,True,2026-02-17T11:24:39.206101
2026-03-28,CAN,arrival,23:15,CKG Chongqing,OQ2325,Chongqing Airlines,text,Duration: 2h 0m,,True,2026-02-17T11:24:39.206106
2026-03-28,CAN,arrival,23:20,HFE Hefei,CZ3818,China Southern,text,Duration: 2h 40m,,True,2026-02-17T11:24:39.206111
2026-03-28,CAN,arrival,23:20,YNZ Yancheng,CZ8216,China Southern,text,Duration: 2h 50m,,True,2026-02-17T11:24:39.206116
2026-03-28,CAN,arrival,23:20,NKG Nanjing,HU7214,Hainan Airlines,text,Duration: 2h 30m,,True,2026-02-17T11:24:39.206122
2026-03-28,CAN,arrival,23:20,SJW Shijiazhuang,OQ2136,Chongqing Airlines,text,Duration: 3h 20m,,True,2026-02-17T11:24:39.206128
2026-03-28,CAN,arrival,23:25,NGB Ningbo,CA4584,Air China,text,Duration: 2h 25m,,True,2026-02-17T11:24:39.206223
2026-03-28,CAN,arrival,23:25,HAK Haikou,CZ6779,China Southern,text,Duration: 1h 20m,,True,2026-02-17T11:24:39.206233
2026-03-28,CAN,arrival,23:25,MIG Mian Yang,CZ3400,China Southern,text,Duration: 2h 25m,,True,2026-02-17T11:24:39.206239
2026-03-28,CAN,arrival,23:25,HAK Haikou,HU7011,Hainan Airlines,text,Duration: 1h 25m,,True,2026-02-17T11:24:39.206245
2026-03-28,CAN,arrival,23:25,HRB Harbin,JD5166,Capital Airlines,text,Duration: 4h 30m,,True,2026-02-17T11:24:39.206251
2026-03-28,CAN,arrival,23:30,AKA Ankang,CZ3266,China Southern,text,Duration: 2h 15m,,True,2026-02-17T11:24:39.206256
2026-03-28,CAN,arrival,23:30,NAO Nanchong,CZ3294,China Southern,text,Duration: 2h 5m,,True,2026-02-17T11:24:39.206262
2026-03-28,CAN,arrival,23:30,SHA Shanghai,CZ3546,China Southern,text,Duration: 2h 40m,,True,2026-02-17T11:24:39.206267
2026-03-28,CAN,arrival,23:35,JHG Jinghong,OQ2106,Chongqing Airlines,text,Duration: 2h 20m,,True,2026-02-17T11:24:39.206273
2026-03-28,CAN,arrival,23:35,TAO Qingdao,ZH9994,Shenzhen Airlines,text,Duration: 3h 30m,,True,2026-02-17T11:24:39.206278
2026-03-28,CAN,arrival,23:35,WUX Wuxi,ZH9832,Shenzhen Airlines,text,Duration: 2h 35m,,True,2026-02-17T11:24:39.206284
2026-03-28,CAN,arrival,23:40,CGO Zhengzhou,CZ3395,China Southern,text,Duration: 2h 30m,,True,2026-02-17T11:24:39.206292
2026-03-28,CAN,arrival,23:40,ICN Seoul,OZ355,Asiana,text,Duration: 3h 50m,,True,2026-02-17T11:24:39.206298
2026-03-28,CAN,arrival,23:45,BKK Bangkok,CZ8020,China Southern,text,Duration: 2h 50m,,True,2026-02-17T11:24:39.206303
2026-03-28,CAN,arrival,23:45,BZX Bazhong,CZ8210,China Southern,text,Duration: 2h 20m,,True,2026-02-17T11:24:39.206308
2026-03-28,CAN,arrival,23:45,HET Hohhot,CZ3254,China Southern,text,Duration: 3h 20m,,True,2026-02-17T11:24:39.206314
2026-03-28,CAN,arrival,23:45,XIY Xian,CZ3204,China Southern,text,Duration: 2h 45m,,True,2026-02-17T11:24:39.206319
2026-03-28,CAN,arrival,23:45,HGH Hangzhou,ZH9984,Shenzhen Airlines,text,Duration: 2h 20m,,True,2026-02-17T11:24:39.206324
2026-03-28,CAN,arrival,23:50,CGD Changde,CZ3248,China Southern,text,Duration: 1h 45m,,True,2026-02-17T11:24:39.206329
2026-03-28,CAN,arrival,23:50,PKX Beijing,CZ3178,China Southern,text,Duration: 3h 20m,,True,2026-02-17T11:24:39.206335
2026-03-28,CAN,arrival,23:50,TYN Taiyuan,CZ3952,China Southern,text,Duration: 2h 55m,,True,2026-02-17T11:24:39.206340
2026-03-28,CAN,arrival,23:55,CGQ Changchun,CZ6377,China Southern,text,Duration: 4h 55m,,True,2026-02-17T11:24:39.206345
2026-03-28,CAN,arrival,23:55,DLC Dalian,CZ6246,China Southern,text,Duration: 3h 50m,,True,2026-02-17T11:24:39.206350
2026-03-28,CAN,arrival,23:55,TSN Tianjin,CZ3136,China Southern,text,Duration: 3h 25m,,True,2026-02-17T11:24:39.206355
2026-03-28,CAN,arrival,23:55,URC Urumqi,CZ6887,China Southern,text,Duration: 5h 10m,,True,2026-02-17T11:24:39.206360
2026-03-28,CAN,arrival,23:55,PEK Beijing,HU7815,Hainan Airlines,text,Duration: 3h 25m,,True,2026-02-17T11:24:39.206365
2026-03-28,CAN,arrival,23:55,NKG Nanjing,ZH9876,Shenzhen Airlines,text,Duration: 2h 30m,,True,2026-02-17T11:24:39.206370
2026-03-28,CAN,arrival,23:55,WNZ Wenzhou,ZH9964,Shenzhen Airlines,text,Duration: 2h 0m,,True,2026-02-17T11:24:39.206376
