date,airport,direction,time,destination,flight,airline,airline_source,duration,aircraft,page_date_verified,scraped_at
2026-08-08,CAN,departure,00:05,FRA Frankfurt,CZ331,China Southern,text,Duration: 12h 5m,,True,2026-02-17T17:22:09.311154
2026-08-08,CAN,departure,00:10,IST Istanbul,CZ8065,China Southern,text,Duration: 11h 5m,,True,2026-02-17T17:22:09.311167
2026-08-08,CAN,departure,00:10,DMK Bangkok,FD531,Thai AirAsia,text,Duration: 2h 45m,,True,2026-02-17T17:22:09.311175
2026-08-08,CAN,departure,00:20,DXB Dubai,EK363,Emirates,text,Duration: 7h 40m,,True,2026-02-17T17:22:09.311181
2026-08-08,CAN,departure,00:25,BKI Kota Kinabalu,AK1535,AirAsia,text,Duration: 3h 10m,,True,2026-02-17T17:22:09.311189
2026-08-08,CAN,departure,00:25,CDG Paris,CZ347,China Southern,text,Duration: 12h 35m,,True,2026-02-17T17:22:09.311195
2026-08-08,CAN,departure,00:30,ADD Addis Ababa,ET607,Ethiopian,text,Duration: 10h 50m,,True,2026-02-17T17:22:09.311202
2026-08-08,CAN,departure,00:35,AKL Auckland,CZ305,China Southern,text,Duration: 11h 0m,,True,2026-02-17T17:22:09.311208
2026-08-08,CAN,departure,00:50,YVR Vancouver,CZ329,China Southern,text,Duration: 11h 55m,,True,2026-02-17T17:22:09.311215
2026-08-08,CAN,departure,00:55,BUD Budapest,CZ649,China Southern,text,Duration: 12h 5m,,True,2026-02-17T17:22:09.311221
2026-08-08,CAN,departure,00:55,NBO Nairobi,CZ633,China Southern,text,Duration: 10h 35m,,True,2026-02-17T17:22:09.311227
2026-08-08,CAN,departure,00:55,SYD Sydney,CZ8091,China Southern,text,Duration: 9h 40m,,True,2026-02-17T17:22:09.311233
2026-08-08,CAN,departure,01:15,POM Port Moresby,CZ5055,China Southern,text,Duration: 7h 15m,,True,2026-02-17T17:22:09.311240
2026-08-08,CAN,departure,01:15,ICN Seoul,OZ358,Asiana,text,Duration: 3h 30m,,True,2026-02-17T17:22:09.311246
2026-08-08,CAN,departure,01:20,SIN Singapore,SQ853,Singapore Airlines,text,Duration: 4h 10m,,True,2026-02-17T17:22:09.311252
2026-08-08,CAN,departure,01:35,KUL Kuala Lumpur,AK119,AirAsia,text,Duration: 4h 10m,,True,2026-02-17T17:22:09.311258
2026-08-08,CAN,departure,01:35,DOH Doha,QR875,Qatar Airways,text,Duration: 7h 55m,,True,2026-02-17T17:22:09.311263
2026-08-08,CAN,departure,01:50,AMS Amsterdam,CZ307,China Southern,text,Duration: 12h 10m,,True,2026-02-17T17:22:09.311269
2026-08-08,CAN,departure,02:05,DPS Denpasar,8B968,TransNusa,text,Duration: 5h 15m,,True,2026-02-17T17:22:09.311275
2026-08-08,CAN,departure,02:10,MDC Manado,8B168,TransNusa,text,Duration: 3h 55m,,True,2026-02-17T17:22:09.311281
2026-08-08,CAN,departure,02:30,CGK Jakarta,8B861,TransNusa,text,Duration: 5h 5m,,True,2026-02-17T17:22:09.311287
2026-08-08,CAN,departure,02:30,SGN Ho Chi Minh City,VJ3909,VietJet,text,Duration: 2h 40m,,True,2026-02-17T17:22:09.311294
2026-08-08,CAN,departure,02:35,DPS Denpasar,CZ8481,China Southern,text,Duration: 5h 10m,,True,2026-02-17T17:22:09.311300
2026-08-08,CAN,departure,02:45,DMK Bangkok,SL901,Thai Lion Air,text,Duration: 3h 0m,,True,2026-02-17T17:22:09.311306
2026-08-08,CAN,departure,03:05,JHB Johor Bharu,AK1395,AirAsia,text,Duration: 3h 55m,,True,2026-02-17T17:22:09.311312
2026-08-08,CAN,departure,03:10,KUL Kuala Lumpur,OD613,Batik Air,text,Duration: 4h 5m,,True,2026-02-17T17:22:09.311318
2026-08-08,CAN,departure,03:30,HAN Hanoi,VJ7527,VietJet,text,Duration: 1h 55m,,True,2026-02-17T17:22:09.311324
2026-08-08,CAN,departure,03:50,KTI Phnom Penh,KR938,Cambodia Airways,text,Duration: 2h 50m,,True,2026-02-17T17:22:09.311330
2026-08-08,CAN,departure,04:30,DAC Dhaka,BG367,Biman,text,Duration: 3h 55m,,True,2026-02-17T17:22:09.311336
2026-08-08,CAN,departure,04:35,TAS Tashkent,C6512,Centrum Air,text,Duration: 7h 20m,,True,2026-02-17T17:22:09.311342
2026-08-08,CAN,departure,05:00,DEL Delhi,6E1702,IndiGo,text,Duration: 5h 45m,,True,2026-02-17T17:22:09.311348
2026-08-08,CAN,departure,05:00,DAC Dhaka,BS326,US-Bangla Airlines,text,Duration: 3h 50m,,True,2026-02-17T17:22:09.311353
2026-08-08,CAN,departure,05:00,HKG Hong Kong,CX953,Cathay Pacific,text,Duration: 1h 25m,,True,2026-02-17T17:22:09.311359
2026-08-08,CAN,departure,05:00,KTI Phnom Penh,K6611,Air Cambodia,text,Duration: 2h 50m,,True,2026-02-17T17:22:09.311365
2026-08-08,CAN,departure,05:15,CCU Kolkata,6E1704,IndiGo,text,Duration: 4h 45m,,True,2026-02-17T17:22:09.311372
2026-08-08,CAN,departure,05:55,KTI Phnom Penh,9C7007,Spring Airlines,text,Duration: 3h 5m,,True,2026-02-17T17:22:09.311378
2026-08-08,CAN,departure,06:10,JUH Chizhou,AQ1155,9 Air,text,Duration: 2h 10m,,True,2026-02-17T17:22:09.311385
2026-08-08,CAN,departure,06:10,XUZ Xuzhou,GJ8059,Loong Air,text,Duration: 2h 20m,,True,2026-02-17T17:22:09.311391
2026-08-08,CAN,departure,06:15,CJU Jeju,9C6105,Spring Airlines,text,Duration: 3h 5m,,True,2026-02-17T17:22:09.311398
2026-08-08,CAN,departure,06:15,DZH Dazhou,CZ3263,China Southern,text,Duration: 2h 25m,,True,2026-02-17T17:22:09.311405
2026-08-08,CAN,departure,06:20,XIY Xian,AQ1105,9 Air,text,Duration: 2h 30m,,True,2026-02-17T17:22:09.311413
2026-08-08,CAN,departure,06:20,CGO Zhengzhou,GJ8583,Loong Air,text,Duration: 2h 25m,,True,2026-02-17T17:22:09.311421
2026-08-08,CAN,departure,06:20,ENH Enshi,GJ6031,Loong Air,text,Duration: 1h 50m,,True,2026-02-17T17:22:09.311428
2026-08-08,CAN,departure,06:25,SJW Shijiazhuang,9C8899,Spring Airlines,text,Duration: 2h 55m,,True,2026-02-17T17:22:09.311436
2026-08-08,CAN,departure,06:25,SZH Shuozhou,AQ1723,9 Air,text,Duration: 3h 15m,,True,2026-02-17T17:22:09.311443
2026-08-08,CAN,departure,06:25,PEK Beijing,CA1386,Air China,text,Duration: 3h 10m,,True,2026-02-17T17:22:09.311450
2026-08-08,CAN,departure,06:25,HGH Hangzhou,GJ8860,Loong Air,text,Duration: 2h 10m,,True,2026-02-17T17:22:09.311458
2026-08-08,CAN,departure,06:25,WEH Weihai,MU6895,China Eastern,text,Duration: 3h 20m,,True,2026-02-17T17:22:09.311465
2026-08-08,CAN,departure,06:30,CNX Chiang Mai,9C8933,Spring Airlines,text,Duration: 3h 0m,,True,2026-02-17T17:22:09.311473
2026-08-08,CAN,departure,06:30,NGB Ningbo,9C7749,Spring Airlines,text,Duration: 2h 0m,,True,2026-02-17T17:22:09.311480
2026-08-08,CAN,departure,06:30,SHA Shanghai,9C6884,Spring Airlines,text,Duration: 2h 0m,,True,2026-02-17T17:22:09.311616
2026-08-08,CAN,departure,06:30,SYX Sanya,CZ6748,China Southern,text,Duration: 1h 50m,,True,2026-02-17T17:22:09.311627
2026-08-08,CAN,departure,06:30,HET Hohhot,GJ8567,Loong Air,text,Duration: 3h 15m,,True,2026-02-17T17:22:09.311634
2026-08-08,CAN,departure,06:30,SJW Shijiazhuang,JD5355,Capital Airlines,text,Duration: 2h 30m,,True,2026-02-17T17:22:09.311640
2026-08-08,CAN,departure,06:30,KMG Kunming,MU6823,China Eastern,text,Duration: 2h 25m,,True,2026-02-17T17:22:09.311647
2026-08-08,CAN,departure,06:35,WUX Wuxi,AQ1055,9 Air,text,Duration: 2h 10m,,True,2026-02-17T17:22:09.311653
2026-08-08,CAN,departure,06:35,PVG Shanghai,HU7431,Hainan Airlines,text,Duration: 2h 20m,,True,2026-02-17T17:22:09.311659
2026-08-08,CAN,departure,06:40,SHA Shanghai,HO1854,Juneyao Airlines,text,Duration: 2h 25m,,True,2026-02-17T17:22:09.311666
2026-08-08,CAN,departure,06:40,WUH Wuhan,MU6733,China Eastern,text,Duration: 1h 50m,,True,2026-02-17T17:22:09.311671
2026-08-08,CAN,departure,06:40,HYN Taizhou,ZH8989,Shenzhen Airlines,text,Duration: 1h 55m,,True,2026-02-17T17:22:09.311677
2026-08-08,CAN,departure,06:40,LYI Linyi,ZH8947,Shenzhen Airlines,text,Duration: 2h 35m,,True,2026-02-17T17:22:09.311683
2026-08-08,CAN,departure,06:45,LHW Lanzhou,9C7395,Spring Airlines,text,Duration: 3h 30m,,True,2026-02-17T17:22:09.311690
2026-08-08,CAN,departure,06:45,PVG Shanghai,AQ1005,9 Air,text,Duration: 2h 30m,,True,2026-02-17T17:22:09.311696
2026-08-08,CAN,departure,06:45,WHA Wuhu,CZ5839,China Southern,text,Duration: 2h 5m,,True,2026-02-17T17:22:09.311702
2026-08-08,CAN,departure,06:45,XNN Xining,CZ3249,China Southern,text,Duration: 3h 25m,,True,2026-02-17T17:22:09.311707
2026-08-08,CAN,departure,06:45,WUX Wuxi,ZH9821,Shenzhen Airlines,text,Duration: 2h 25m,,True,2026-02-17T17:22:09.311714
2026-08-08,CAN,departure,06:50,JHG Jinghong,AQ1041,9 Air,text,Duration: 3h 0m,,True,2026-02-17T17:22:09.311721
2026-08-08,CAN,departure,06:50,WEF Weifang,AQ1721,9 Air,text,Duration: 2h 55m,,True,2026-02-17T17:22:09.311727
2026-08-08,CAN,departure,06:50,LZO Luzhou,CA4352,Air China,text,Duration: 2h 15m,,True,2026-02-17T17:22:09.311732
2026-08-08,CAN,departure,06:50,DOY Dongying,HU7259,Hainan Airlines,text,Duration: 2h 55m,,True,2026-02-17T17:22:09.311738
2026-08-08,CAN,departure,06:50,ALA Almaty,KC188,Air Astana,text,Duration: 6h 35m,,True,2026-02-17T17:22:09.311744
2026-08-08,CAN,departure,06:50,XIY Xian,MU6955,China Eastern,text,Duration: 2h 20m,,True,2026-02-17T17:22:09.311750
2026-08-08,CAN,departure,06:50,TAO Qingdao,ZH9995,Shenzhen Airlines,text,Duration: 3h 10m,,True,2026-02-17T17:22:09.311756
2026-08-08,CAN,departure,06:50,WNZ Wenzhou,ZH9961,Shenzhen Airlines,text,Duration: 1h 40m,,True,2026-02-17T17:22:09.311762
2026-08-08,CAN,departure,06:55,CKG Chongqing,3U8750,Sichuan Airlines,text,Duration: 2h 10m,,True,2026-02-17T17:22:09.311767
2026-08-08,CAN,departure,06:55,KMG Kunming,3U8206,Sichuan Airlines,text,Duration: 2h 5m,,True,2026-02-17T17:22:09.311773
2026-08-08,CAN,departure,06:55,NKG Nanjing,AQ1033,9 Air,text,Duration: 2h 15m,,True,2026-02-17T17:22:09.311779
2026-08-08,CAN,departure,06:55,TSN Tianjin,BK2787,OkAir,text,Duration: 3h 0m,,True,2026-02-17T17:22:09.311786
2026-08-08,CAN,departure,06:55,DLU Dali City,CZ3481,China Southern,text,Duration: 2h 50m,,True,2026-02-17T17:22:09.311792
2026-08-08,CAN,departure,07:00,KMG Kunming,CZ3497,China Southern,text,Duration: 2h 35m,,True,2026-02-17T17:22:09.311798
2026-08-08,CAN,departure,07:00,LZY Nyingchi,CZ3477,China Southern,text,Duration: 3h 40m,,True,2026-02-17T17:22:09.311803
2026-08-08,CAN,departure,07:00,SHA Shanghai,CZ3533,China Southern,text,Duration: 2h 20m,,True,2026-02-17T17:22:09.311810
2026-08-08,CAN,departure,07:00,YTY Yangzhou,CZ5905,China Southern,text,Duration: 2h 20m,,True,2026-02-17T17:22:09.311816
2026-08-08,CAN,departure,07:05,TFU Chengdu,3U6706,Sichuan Airlines,text,Duration: 2h 15m,,True,2026-02-17T17:22:09.311821
2026-08-08,CAN,departure,07:05,KWE Guiyang,CZ8802,China Southern,text,Duration: 2h 0m,,True,2026-02-17T17:22:09.311827
2026-08-08,CAN,departure,07:05,LJG Lijiang,CZ6603,China Southern,text,Duration: 3h 10m,,True,2026-02-17T17:22:09.311833
2026-08-08,CAN,departure,07:05,XMN Xiamen,CZ3723,China Southern,text,Duration: 1h 25m,,True,2026-02-17T17:22:09.311840
2026-08-08,CAN,departure,07:05,HGH Hangzhou,HU7161,Hainan Airlines,text,Duration: 2h 0m,,True,2026-02-17T17:22:09.311846
2026-08-08,CAN,departure,07:05,NKG Nanjing,HU7113,Hainan Airlines,text,Duration: 2h 15m,,True,2026-02-17T17:22:09.311852
2026-08-08,CAN,departure,07:10,YCU Yuncheng,CA4594,Air China,text,Duration: 2h 30m,,True,2026-02-17T17:22:09.311858
2026-08-08,CAN,departure,07:10,AKA Ankang,CZ6463,China Southern,text,Duration: 2h 25m,,True,2026-02-17T17:22:09.311864
2026-08-08,CAN,departure,07:10,TAO Qingdao,CZ3199,China Southern,text,Duration: 3h 20m,,True,2026-02-17T17:22:09.311871
2026-08-08,CAN,departure,07:10,YIH Yichang,CZ3311,China Southern,text,Duration: 1h 55m,,True,2026-02-17T17:22:09.311877
2026-08-08,CAN,departure,07:10,HGH Hangzhou,JD5269,Capital Airlines,text,Duration: 1h 35m,,True,2026-02-17T17:22:09.311884
2026-08-08,CAN,departure,07:10,NKG Nanjing,ZH9861,Shenzhen Airlines,text,Duration: 2h 15m,,True,2026-02-17T17:22:09.311890
2026-08-08,CAN,departure,07:15,NNG Nanning,CZ3295,China Southern,text,Duration: 1h 40m,,True,2026-02-17T17:22:09.311896
2026-08-08,CAN,departure,07:15,TFU Chengdu,CZ3403,China Southern,text,Duration: 2h 25m,,True,2026-02-17T17:22:09.311902
2026-08-08,CAN,departure,07:15,WDS Shiyan,CZ3335,China Southern,text,Duration: 2h 20m,,True,2026-02-17T17:22:09.311908
2026-08-08,CAN,departure,07:15,XIY Xian,CZ3201,China Southern,text,Duration: 2h 30m,,True,2026-02-17T17:22:09.311914
2026-08-08,CAN,departure,07:15,PEK Beijing,ZH9147,Shenzhen Airlines,text,Duration: 3h 5m,,True,2026-02-17T17:22:09.311920
2026-08-08,CAN,departure,07:20,TSN Tianjin,CA4547,Air China,text,Duration: 3h 5m,,True,2026-02-17T17:22:09.312028
2026-08-08,CAN,departure,07:20,FOC Fuzhou,CZ3505,China Southern,text,Duration: 1h 50m,,True,2026-02-17T17:22:09.312036
2026-08-08,CAN,departure,07:20,XIY Xian,HU7828,Hainan Airlines,text,Duration: 2h 45m,,True,2026-02-17T17:22:09.312043
2026-08-08,CAN,departure,07:20,JHG Jinghong,OQ2103,Chongqing Airlines,text,Duration: 3h 15m,,True,2026-02-17T17:22:09.312049
2026-08-08,CAN,departure,07:25,URC Urumqi,AQ1061,9 Air,text,Duration: 5h 35m,,True,2026-02-17T17:22:09.312055
2026-08-08,CAN,departure,07:25,CKG Chongqing,HU7141,Hainan Airlines,text,Duration: 2h 10m,,True,2026-02-17T17:22:09.312061
2026-08-08,CAN,departure,07:30,HAK Haikou,CZ6772,China Southern,text,Duration: 1h 20m,,True,2026-02-17T17:22:09.312068
2026-08-08,CAN,departure,07:30,PVG Shanghai,MU5320,China Eastern,text,Duration: 2h 5m,,True,2026-02-17T17:22:09.312073
2026-08-08,CAN,departure,07:35,DLC Dalian,CZ3604,China Southern,text,Duration: 3h 40m,,True,2026-02-17T17:22:09.312080
2026-08-08,CAN,departure,07:35,NGB Ningbo,CZ3777,China Southern,text,Duration: 2h 5m,,True,2026-02-17T17:22:09.312087
2026-08-08,CAN,departure,07:35,WNZ Wenzhou,CZ3811,China Southern,text,Duration: 1h 50m,,True,2026-02-17T17:22:09.312093
2026-08-08,CAN,departure,07:35,URC Urumqi,HU7223,Hainan Airlines,text,Duration: 5h 15m,,True,2026-02-17T17:22:09.312099
2026-08-08,CAN,departure,07:35,TSN Tianjin,JD5185,Capital Airlines,text,Duration: 3h 20m,,True,2026-02-17T17:22:09.312105
2026-08-08,CAN,departure,07:35,PKX Beijing,MU6302,China Eastern,text,Duration: 2h 50m,,True,2026-02-17T17:22:09.312112
2026-08-08,CAN,departure,07:35,DLU Dali City,OQ2039,Chongqing Airlines,text,Duration: 3h 10m,,True,2026-02-17T17:22:09.312119
2026-08-08,CAN,departure,07:40,ALG Algiers,AH3181,Air Algerie,text,Duration: 14h 55m,,True,2026-02-17T17:22:09.312125
2026-08-08,CAN,departure,07:40,TAO Qingdao,AQ1019,9 Air,text,Duration: 3h 5m,,True,2026-02-17T17:22:09.312131
2026-08-08,CAN,departure,07:40,SHA Shanghai,HU7131,Hainan Airlines,text,Duration: 2h 30m,,True,2026-02-17T17:22:09.312137
2026-08-08,CAN,departure,07:40,SYX Sanya,HU7308,Hainan Airlines,text,Duration: 1h 45m,,True,2026-02-17T17:22:09.312143
2026-08-08,CAN,departure,07:40,CKG Chongqing,JD5227,Capital Airlines,text,Duration: 2h 0m,,True,2026-02-17T17:22:09.312149
2026-08-08,CAN,departure,07:40,LUM Mangshi,OQ2025,Chongqing Airlines,text,Duration: 3h 15m,,True,2026-02-17T17:22:09.312155
2026-08-08,CAN,departure,07:45,HET Hohhot,CZ3197,China Southern,text,Duration: 3h 10m,,True,2026-02-17T17:22:09.312161
2026-08-08,CAN,departure,07:45,WUX Wuxi,MU2908,China Eastern,text,Duration: 2h 10m,,True,2026-02-17T17:22:09.312166
2026-08-08,CAN,departure,07:45,CZX Changzhou,ZH9653,Shenzhen Airlines,text,Duration: 2h 20m,,True,2026-02-17T17:22:09.312173
2026-08-08,CAN,departure,07:45,YTY Yangzhou,ZH8905,Shenzhen Airlines,text,Duration: 2h 20m,,True,2026-02-17T17:22:09.312179
2026-08-08,CAN,departure,07:50,WUX Wuxi,CZ3913,China Southern,text,Duration: 2h 35m,,True,2026-02-17T17:22:09.312185
2026-08-08,CAN,departure,07:50,KMG Kunming,HU7207,Hainan Airlines,text,Duration: 2h 35m,,True,2026-02-17T17:22:09.312191
2026-08-08,CAN,departure,07:50,PEK Beijing,HU7802,Hainan Airlines,text,Duration: 3h 5m,,True,2026-02-17T17:22:09.312197
2026-08-08,CAN,departure,07:50,TFU Chengdu,JD5161,Capital Airlines,text,Duration: 2h 15m,,True,2026-02-17T17:22:09.312203
2026-08-08,CAN,departure,07:50,SJW Shijiazhuang,OQ2133,Chongqing Airlines,text,Duration: 2h 50m,,True,2026-02-17T17:22:09.312210
2026-08-08,CAN,departure,07:55,TFU Chengdu,CA4310,Air China,text,Duration: 2h 30m,,True,2026-02-17T17:22:09.312216
2026-08-08,CAN,departure,07:55,JNG Jining,CZ3953,China Southern,text,Duration: 2h 35m,,True,2026-02-17T17:22:09.312222
2026-08-08,CAN,departure,07:55,CGO Zhengzhou,HU7269,Hainan Airlines,text,Duration: 2h 20m,,True,2026-02-17T17:22:09.312229
2026-08-08,CAN,departure,07:55,HAK Haikou,HU7002,Hainan Airlines,text,Duration: 1h 35m,,True,2026-02-17T17:22:09.312235
2026-08-08,CAN,departure,07:55,HAK Haikou,HU7004,Hainan Airlines,text,Duration: 1h 30m,,True,2026-02-17T17:22:09.312241
2026-08-08,CAN,departure,07:55,TPE Taipei,HU7981,Hainan Airlines,text,Duration: 2h 5m,,True,2026-02-17T17:22:09.312247
2026-08-08,CAN,departure,07:55,DLU Dali City,MU9742,China Eastern,text,Duration: 2h 50m,,True,2026-02-17T17:22:09.312253
2026-08-08,CAN,departure,07:55,HFE Hefei,ZH9987,Shenzhen Airlines,text,Duration: 2h 5m,,True,2026-02-17T17:22:09.312259
2026-08-08,CAN,departure,08:00,MEL Melbourne,CZ343,China Southern,text,Duration: 9h 20m,,True,2026-02-17T17:22:09.312265
2026-08-08,CAN,departure,08:00,PKX Beijing,CZ3101,China Southern,text,Duration: 3h 5m,,True,2026-02-17T17:22:09.312271
2026-08-08,CAN,departure,08:00,SHA Shanghai,CZ3523,China Southern,text,Duration: 2h 20m,,True,2026-02-17T17:22:09.312277
2026-08-08,CAN,departure,08:00,SHE Shenyang,CZ6316,China Southern,text,Duration: 4h 0m,,True,2026-02-17T17:22:09.312284
2026-08-08,CAN,departure,08:00,SHE Shenyang,OQ2127,Chongqing Airlines,text,Duration: 3h 50m,,True,2026-02-17T17:22:09.312290
2026-08-08,CAN,departure,08:05,NKG Nanjing,AQ1029,9 Air,text,Duration: 2h 10m,,True,2026-02-17T17:22:09.312296
2026-08-08,CAN,departure,08:05,CKG Chongqing,CA4354,Air China,text,Duration: 2h 0m,,True,2026-02-17T17:22:09.312302
2026-08-08,CAN,departure,08:05,CGK Jakarta,CZ3037,China Southern,text,Duration: 5h 10m,,True,2026-02-17T17:22:09.312308
2026-08-08,CAN,departure,08:05,CGO Zhengzhou,CZ3396,China Southern,text,Duration: 2h 20m,,True,2026-02-17T17:22:09.312314
2026-08-08,CAN,departure,08:05,MNL Manila,CZ3091,China Southern,text,Duration: 2h 30m,,True,2026-02-17T17:22:09.312321
2026-08-08,CAN,departure,08:05,SYD Sydney,CZ301,China Southern,text,Duration: 9h 35m,,True,2026-02-17T17:22:09.312327
2026-08-08,CAN,departure,08:05,XNT Xingtai,CZ8245,China Southern,text,Duration: 2h 50m,,True,2026-02-17T17:22:09.312334
2026-08-08,CAN,departure,08:10,CKG Chongqing,CZ3463,China Southern,text,Duration: 2h 10m,,True,2026-02-17T17:22:09.312434
2026-08-08,CAN,departure,08:10,HGH Hangzhou,CZ3521,China Southern,text,Duration: 2h 10m,,True,2026-02-17T17:22:09.312442
2026-08-08,CAN,departure,08:10,HZA Heze,CZ3125,China Southern,text,Duration: 2h 30m,,True,2026-02-17T17:22:09.312449
2026-08-08,CAN,departure,08:10,KMG Kunming,CZ3409,China Southern,text,Duration: 2h 30m,,True,2026-02-17T17:22:09.312455
2026-08-08,CAN,departure,08:10,NKG Nanjing,CZ3513,China Southern,text,Duration: 2h 20m,,True,2026-02-17T17:22:09.312461
2026-08-08,CAN,departure,08:10,TSN Tianjin,OQ2123,Chongqing Airlines,text,Duration: 3h 0m,,True,2026-02-17T17:22:09.312468
2026-08-08,CAN,departure,08:10,HRB Harbin,ZH9671,Shenzhen Airlines,text,Duration: 4h 15m,,True,2026-02-17T17:22:09.312474
2026-08-08,CAN,departure,08:15,BKK Bangkok,CZ357,China Southern,text,Duration: 3h 5m,,True,2026-02-17T17:22:09.312480
2026-08-08,CAN,departure,08:15,CTU Chengdu,CZ3401,China Southern,text,Duration: 2h 30m,,True,2026-02-17T17:22:09.312486
2026-08-08,CAN,departure,08:15,KUL Kuala Lumpur,CZ349,China Southern,text,Duration: 4h 10m,,True,2026-02-17T17:22:09.312493
2026-08-08,CAN,departure,08:15,URC Urumqi,CZ6886,China Southern,text,Duration: 5h 15m,,True,2026-02-17T17:22:09.312499
2026-08-08,CAN,departure,08:15,XUZ Xuzhou,CZ3257,China Southern,text,Duration: 2h 20m,,True,2026-02-17T17:22:09.312506
2026-08-08,CAN,departure,08:20,HRB Harbin,CZ3615,China Southern,text,Duration: 4h 20m,,True,2026-02-17T17:22:09.312512
2026-08-08,CAN,departure,08:20,RGN Yangon,CZ3055,China Southern,text,Duration: 3h 25m,,True,2026-02-17T17:22:09.312518
2026-08-08,CAN,departure,08:20,SIN Singapore,CZ353,China Southern,text,Duration: 4h 10m,,True,2026-02-17T17:22:09.312524
2026-08-08,CAN,departure,08:20,TYN Taiyuan,CZ3701,China Southern,text,Duration: 2h 45m,,True,2026-02-17T17:22:09.312530
2026-08-08,CAN,departure,08:20,YIW Yiwu,CZ3727,China Southern,text,Duration: 1h 55m,,True,2026-02-17T17:22:09.312536
2026-08-08,CAN,departure,08:25,PEK Beijing,CA1310,Air China,text,Duration: 3h 15m,,True,2026-02-17T17:22:09.312543
2026-08-08,CAN,departure,08:25,LHW Lanzhou,CZ8985,China Southern,text,Duration: 3h 10m,,True,2026-02-17T17:22:09.312549
2026-08-08,CAN,departure,08:25,TNA Jinan,CZ3509,China Southern,text,Duration: 2h 45m,,True,2026-02-17T17:22:09.312555
2026-08-08,CAN,departure,08:25,TNA Jinan,ZH9971,Shenzhen Airlines,text,Duration: 2h 40m,,True,2026-02-17T17:22:09.312561
2026-08-08,CAN,departure,08:25,XIY Xian,ZH9221,Shenzhen Airlines,text,Duration: 2h 50m,,True,2026-02-17T17:22:09.312566
2026-08-08,CAN,departure,08:30,URC Urumqi,CA4370,Air China,text,Duration: 5h 15m,,True,2026-02-17T17:22:09.312572
2026-08-08,CAN,departure,08:30,CXR Nha Trang,CZ8475,China Southern,text,Duration: 2h 35m,,True,2026-02-17T17:22:09.312580
2026-08-08,CAN,departure,08:30,LYA Luoyang,CZ3363,China Southern,text,Duration: 2h 30m,,True,2026-02-17T17:22:09.312587
2026-08-08,CAN,departure,08:30,TFU Chengdu,HU7151,Hainan Airlines,text,Duration: 2h 15m,,True,2026-02-17T17:22:09.312593
2026-08-08,CAN,departure,08:30,SHE Shenyang,MU9869,China Eastern,text,Duration: 3h 45m,,True,2026-02-17T17:22:09.312599
2026-08-08,CAN,departure,08:35,TSN Tianjin,CA2806,Air China,text,Duration: 3h 10m,,True,2026-02-17T17:22:09.312605
2026-08-08,CAN,departure,08:35,NNY Nanyang,CZ3221,China Southern,text,Duration: 2h 5m,,True,2026-02-17T17:22:09.312611
2026-08-08,CAN,departure,08:35,SHA Shanghai,MU5302,China Eastern,text,Duration: 2h 10m,,True,2026-02-17T17:22:09.312617
2026-08-08,CAN,departure,08:40,TAO Qingdao,CZ3519,China Southern,text,Duration: 3h 0m,,True,2026-02-17T17:22:09.312623
2026-08-08,CAN,departure,08:40,PVG Shanghai,ZH9533,Shenzhen Airlines,text,Duration: 2h 20m,,True,2026-02-17T17:22:09.312629
2026-08-08,CAN,departure,08:45,CGQ Changchun,CZ6378,China Southern,text,Duration: 4h 15m,,True,2026-02-17T17:22:09.312636
2026-08-08,CAN,departure,08:45,WUH Wuhan,CZ3705,China Southern,text,Duration: 1h 45m,,True,2026-02-17T17:22:09.312642
2026-08-08,CAN,departure,08:45,NGB Ningbo,MU6949,China Eastern,text,Duration: 2h 5m,,True,2026-02-17T17:22:09.312648
2026-08-08,CAN,departure,08:45,YTY Yangzhou,ZH9693,Shenzhen Airlines,text,Duration: 2h 20m,,True,2026-02-17T17:22:09.312654
2026-08-08,CAN,departure,08:50,HND Tokyo,CZ385,China Southern,text,Duration: 4h 30m,,True,2026-02-17T17:22:09.312660
2026-08-08,CAN,departure,08:50,KTI Phnom Penh,CZ8313,China Southern,text,Duration: 2h 50m,,True,2026-02-17T17:22:09.312667
2026-08-08,CAN,departure,08:50,IST Istanbul,TK299,Turkish Airlines,text,Duration: 11h 30m,,True,2026-02-17T17:22:09.312673
2026-08-08,CAN,departure,08:55,CGO Zhengzhou,CZ3971,China Southern,text,Duration: 2h 25m,,True,2026-02-17T17:22:09.312678
2026-08-08,CAN,departure,08:55,ENY Yan'an,CZ3223,China Southern,text,Duration: 2h 50m,,True,2026-02-17T17:22:09.312684
2026-08-08,CAN,departure,08:55,KTM Kathmandu,CZ6067,China Southern,text,Duration: 5h 10m,,True,2026-02-17T17:22:09.312690
2026-08-08,CAN,departure,08:55,MIG Mian Yang,CZ8637,China Southern,text,Duration: 2h 50m,,True,2026-02-17T17:22:09.312696
2026-08-08,CAN,departure,09:00,BKK Bangkok,9C7419,Spring Airlines,text,Duration: 3h 0m,,True,2026-02-17T17:22:09.312702
2026-08-08,CAN,departure,09:00,HZG Hanzhong,AQ1153,9 Air,text,Duration: 2h 35m,,True,2026-02-17T17:22:09.312708
2026-08-08,CAN,departure,09:00,SHA Shanghai,CA1838,Air China,text,Duration: 2h 20m,,True,2026-02-17T17:22:09.312714
2026-08-08,CAN,departure,09:00,PKX Beijing,CZ3099,China Southern,text,Duration: 3h 5m,,True,2026-02-17T17:22:09.312720
2026-08-08,CAN,departure,09:00,SHA Shanghai,CZ3529,China Southern,text,Duration: 2h 20m,,True,2026-02-17T17:22:09.312726
2026-08-08,CAN,departure,09:00,VTE Vientiane,CZ8149,China Southern,text,Duration: 2h 30m,,True,2026-02-17T17:22:09.312732
2026-08-08,CAN,departure,09:00,DIG Diqing,MU5774,China Eastern,text,Duration: 3h 20m,,True,2026-02-17T17:22:09.312738
2026-08-08,CAN,departure,09:00,PVG Shanghai,MU5372,China Eastern,text,Duration: 2h 5m,,True,2026-02-17T17:22:09.312822
2026-08-08,CAN,departure,09:05,SGN Ho Chi Minh City,CZ8159,China Southern,text,Duration: 2h 55m,,True,2026-02-17T17:22:09.312833
2026-08-08,CAN,departure,09:05,URC Urumqi,CZ6900,China Southern,text,Duration: 5h 0m,,True,2026-02-17T17:22:09.312839
2026-08-08,CAN,departure,09:05,XIY Xian,CZ3237,China Southern,text,Duration: 2h 30m,,True,2026-02-17T17:22:09.312845
2026-08-08,CAN,departure,09:05,NKG Nanjing,ZH9863,Shenzhen Airlines,text,Duration: 2h 25m,,True,2026-02-17T17:22:09.312851
2026-08-08,CAN,departure,09:10,HGH Hangzhou,CZ3803,China Southern,text,Duration: 2h 5m,,True,2026-02-17T17:22:09.312857
2026-08-08,CAN,departure,09:10,NGB Ningbo,CZ8293,China Southern,text,Duration: 2h 10m,,True,2026-02-17T17:22:09.312863
2026-08-08,CAN,departure,09:10,NKG Nanjing,CZ3843,China Southern,text,Duration: 2h 20m,,True,2026-02-17T17:22:09.312869
2026-08-08,CAN,departure,09:15,PEK Beijing,CA1380,Air China,text,Duration: 3h 15m,,True,2026-02-17T17:22:09.312875
2026-08-08,CAN,departure,09:15,CTU Chengdu,CZ3437,China Southern,text,Duration: 2h 30m,,True,2026-02-17T17:22:09.312881
2026-08-08,CAN,departure,09:15,DLC Dalian,CZ6485,China Southern,text,Duration: 3h 25m,,True,2026-02-17T17:22:09.312887
2026-08-08,CAN,departure,09:15,ADD Addis Ababa,ET617,Ethiopian,text,Duration: 9h 45m,,True,2026-02-17T17:22:09.312893
2026-08-08,CAN,departure,09:15,PEK Beijing,HU7804,Hainan Airlines,text,Duration: 3h 5m,,True,2026-02-17T17:22:09.312899
2026-08-08,CAN,departure,09:15,KHN Nanchang,MU9875,China Eastern,text,Duration: 1h 45m,,True,2026-02-17T17:22:09.312905
2026-08-08,CAN,departure,09:20,CTU Chengdu,3U8734,Sichuan Airlines,text,Duration: 2h 20m,,True,2026-02-17T17:22:09.312911
2026-08-08,CAN,departure,09:20,KUL Kuala Lumpur,CZ3047,China Southern,text,Duration: 4h 5m,,True,2026-02-17T17:22:09.312917
2026-08-08,CAN,departure,09:20,SHE Shenyang,CZ6332,China Southern,text,Duration: 3h 35m,,True,2026-02-17T17:22:09.312923
2026-08-08,CAN,departure,09:20,WUX Wuxi,ZH9823,Shenzhen Airlines,text,Duration: 2h 20m,,True,2026-02-17T17:22:09.312929
2026-08-08,CAN,departure,09:25,CGO Zhengzhou,CZ5763,China Southern,text,Duration: 2h 30m,,True,2026-02-17T17:22:09.312935
2026-08-08,CAN,departure,09:25,KIX Osaka,CZ389,China Southern,text,Duration: 3h 45m,,True,2026-02-17T17:22:09.312940
2026-08-08,CAN,departure,09:25,TNA Jinan,HU7209,Hainan Airlines,text,Duration: 2h 45m,,True,2026-02-17T17:22:09.312946
2026-08-08,CAN,departure,09:30,HAK Haikou,CZ6774,China Southern,text,Duration: 1h 20m,,True,2026-02-17T17:22:09.312952
2026-08-08,CAN,departure,09:30,WUH Wuhan,CZ6608,China Southern,text,Duration: 1h 55m,,True,2026-02-17T17:22:09.312957
2026-08-08,CAN,departure,09:30,SHA Shanghai,MU5304,China Eastern,text,Duration: 2h 5m,,True,2026-02-17T17:22:09.312963
2026-08-08,CAN,departure,09:35,DAC Dhaka,CZ5015,China Southern,text,Duration: 4h 15m,,True,2026-02-17T17:22:09.312969
2026-08-08,CAN,departure,09:35,ICN Seoul,CZ337,China Southern,text,Duration: 3h 20m,,True,2026-02-17T17:22:09.312975
2026-08-08,CAN,departure,09:35,KMG Kunming,CZ3493,China Southern,text,Duration: 2h 35m,,True,2026-02-17T17:22:09.312981
2026-08-08,CAN,departure,09:35,CGO Zhengzhou,PN6382,West Air (China),text,Duration: 2h 10m,,True,2026-02-17T17:22:09.312986
2026-08-08,CAN,departure,09:40,BKK Bangkok,CZ8079,China Southern,text,Duration: 3h 0m,,True,2026-02-17T17:22:09.312992
2026-08-08,CAN,departure,09:45,DLU Dali City,CZ6595,China Southern,text,Duration: 3h 5m,,True,2026-02-17T17:22:09.312999
2026-08-08,CAN,departure,09:45,HAN Hanoi,CZ3049,China Southern,text,Duration: 2h 0m,,True,2026-02-17T17:22:09.313005
2026-08-08,CAN,departure,09:45,YNZ Yancheng,CZ3267,China Southern,text,Duration: 2h 25m,,True,2026-02-17T17:22:09.313011
2026-08-08,CAN,departure,09:50,HAK Haikou,AQ1023,9 Air,text,Duration: 1h 30m,,True,2026-02-17T17:22:09.313017
2026-08-08,CAN,departure,09:50,KIX Osaka,AQ1259,9 Air,text,Duration: 3h 55m,,True,2026-02-17T17:22:09.313024
2026-08-08,CAN,departure,09:50,ACX Xingyi,CZ3923,China Southern,text,Duration: 2h 20m,,True,2026-02-17T17:22:09.313030
2026-08-08,CAN,departure,09:50,HFE Hefei,CZ3813,China Southern,text,Duration: 2h 20m,,True,2026-02-17T17:22:09.313036
2026-08-08,CAN,departure,09:50,"JUZ Quzhou, Zhejiang Province",CZ6289,China Southern,text,Duration: 2h 5m,,True,2026-02-17T17:22:09.313043
2026-08-08,CAN,departure,09:50,INC Yinchuan,ZH8941,Shenzhen Airlines,text,Duration: 3h 20m,,True,2026-02-17T17:22:09.313049
2026-08-08,CAN,departure,09:50,TNA Jinan,ZH9973,Shenzhen Airlines,text,Duration: 2h 45m,,True,2026-02-17T17:22:09.313055
2026-08-08,CAN,departure,09:55,LYG Lianyungang,AQ1179,9 Air,text,Duration: 2h 20m,,True,2026-02-17T17:22:09.313061
2026-08-08,CAN,departure,09:55,NTG Nantong,CZ3639,China Southern,text,Duration: 2h 20m,,True,2026-02-17T17:22:09.313067
2026-08-08,CAN,departure,09:55,SYX Sanya,CZ6732,China Southern,text,Duration: 1h 50m,,True,2026-02-17T17:22:09.313073
2026-08-08,CAN,departure,10:00,PKX Beijing,CZ3121,China Southern,text,Duration: 3h 10m,,True,2026-02-17T17:22:09.313079
2026-08-08,CAN,departure,10:00,SHA Shanghai,CZ3531,China Southern,text,Duration: 2h 20m,,True,2026-02-17T17:22:09.313085
2026-08-08,CAN,departure,10:00,YIC Yichun,HU7201,Hainan Airlines,text,Duration: 1h 35m,,True,2026-02-17T17:22:09.313091
2026-08-08,CAN,departure,10:05,BNE Brisbane,CZ635,China Southern,text,Duration: 9h 5m,,True,2026-02-17T17:22:09.313097
2026-08-08,CAN,departure,10:10,HKG Hong Kong,CX983,Cathay Pacific,text,Duration: 1h 35m,,True,2026-02-17T17:22:09.313103
2026-08-08,CAN,departure,10:10,HGH Hangzhou,CZ3863,China Southern,text,Duration: 2h 10m,,True,2026-02-17T17:22:09.313109
2026-08-08,CAN,departure,10:10,MAD Madrid,CZ377,China Southern,text,Duration: 14h 20m,,True,2026-02-17T17:22:09.313116
2026-08-08,CAN,departure,10:10,NKG Nanjing,CZ3599,China Southern,text,Duration: 2h 20m,,True,2026-02-17T17:22:09.313122
2026-08-08,CAN,departure,10:10,XMN Xiamen,MF8306,XiamenAir,text,Duration: 1h 20m,,True,2026-02-17T17:22:09.313204
2026-08-08,CAN,departure,10:15,PEK Beijing,HU7806,Hainan Airlines,text,Duration: 3h 0m,,True,2026-02-17T17:22:09.313212
2026-08-08,CAN,departure,10:20,KUL Kuala Lumpur,AK113,AirAsia,text,Duration: 4h 20m,,True,2026-02-17T17:22:09.313219
2026-08-08,CAN,departure,10:25,KWE Guiyang,CZ6393,China Southern,text,Duration: 1h 50m,,True,2026-02-17T17:22:09.313225
2026-08-08,CAN,departure,10:25,HYN Taizhou,MU2475,China Eastern,text,Duration: 2h 5m,,True,2026-02-17T17:22:09.313231
2026-08-08,CAN,departure,10:30,PEK Beijing,CA1330,Air China,text,Duration: 3h 10m,,True,2026-02-17T17:22:09.313237
2026-08-08,CAN,departure,10:30,LHW Lanzhou,CZ3205,China Southern,text,Duration: 3h 15m,,True,2026-02-17T17:22:09.313244
2026-08-08,CAN,departure,10:30,PVG Shanghai,CZ3550,China Southern,text,Duration: 2h 30m,,True,2026-02-17T17:22:09.313250
2026-08-08,CAN,departure,10:30,SHA Shanghai,MU5306,China Eastern,text,Duration: 2h 30m,,True,2026-02-17T17:22:09.313256
2026-08-08,CAN,departure,10:35,CTU Chengdu,3U8738,Sichuan Airlines,text,Duration: 2h 15m,,True,2026-02-17T17:22:09.313262
2026-08-08,CAN,departure,10:35,HGH Hangzhou,CA1790,Air China,text,Duration: 2h 10m,,True,2026-02-17T17:22:09.313268
2026-08-08,CAN,departure,10:35,CGQ Changchun,CZ8460,China Southern,text,Duration: 4h 15m,,True,2026-02-17T17:22:09.313274
2026-08-08,CAN,departure,10:35,TNA Jinan,CZ3619,China Southern,text,Duration: 2h 45m,,True,2026-02-17T17:22:09.313280
2026-08-08,CAN,departure,10:35,NGB Ningbo,OQ2027,Chongqing Airlines,text,Duration: 2h 0m,,True,2026-02-17T17:22:09.313286
2026-08-08,CAN,departure,10:40,BKK Bangkok,CZ8099,China Southern,text,Duration: 3h 10m,,True,2026-02-17T17:22:09.313292
2026-08-08,CAN,departure,10:40,HFE Hefei,MU5288,China Eastern,text,Duration: 2h 5m,,True,2026-02-17T17:22:09.313298
2026-08-08,CAN,departure,10:40,SIN Singapore,TR101,Scoot,text,Duration: 4h 5m,,True,2026-02-17T17:22:09.313303
2026-08-08,CAN,departure,10:45,CSX Changsha,CZ3380,China Southern,text,Duration: 1h 35m,,True,2026-02-17T17:22:09.313310
2026-08-08,CAN,departure,10:45,CTU Chengdu,EU2236,Chengdu Airlines,text,Duration: 2h 30m,,True,2026-02-17T17:22:09.313316
2026-08-08,CAN,departure,10:45,SHA Shanghai,HO1856,Juneyao Airlines,text,Duration: 2h 20m,,True,2026-02-17T17:22:09.313323
2026-08-08,CAN,departure,10:45,WUX Wuxi,ZH9825,Shenzhen Airlines,text,Duration: 2h 35m,,True,2026-02-17T17:22:09.313328
2026-08-08,CAN,departure,10:50,ICN Seoul,CZ3061,China Southern,text,Duration: 3h 35m,,True,2026-02-17T17:22:09.313334
2026-08-08,CAN,departure,10:50,TSN Tianjin,CZ3301,China Southern,text,Duration: 3h 25m,,True,2026-02-17T17:22:09.313340
2026-08-08,CAN,departure,10:50,YIW Yiwu,CZ3883,China Southern,text,Duration: 1h 55m,,True,2026-02-17T17:22:09.313347
2026-08-08,CAN,departure,10:50,NKG Nanjing,MU2818,China Eastern,text,Duration: 2h 20m,,True,2026-02-17T17:22:09.313352
2026-08-08,CAN,departure,10:55,SHA Shanghai,9C8836,Spring Airlines,text,Duration: 2h 20m,,True,2026-02-17T17:22:09.313358
2026-08-08,CAN,departure,10:55,KMG Kunming,CZ3415,China Southern,text,Duration: 2h 40m,,True,2026-02-17T17:22:09.313364
2026-08-08,CAN,departure,10:55,WMT Zunyi,CZ3313,China Southern,text,Duration: 1h 55m,,True,2026-02-17T17:22:09.313370
2026-08-08,CAN,departure,11:00,PKX Beijing,CZ3177,China Southern,text,Duration: 3h 15m,,True,2026-02-17T17:22:09.313376
2026-08-08,CAN,departure,11:00,SHA Shanghai,CZ3537,China Southern,text,Duration: 2h 20m,,True,2026-02-17T17:22:09.313382
2026-08-08,CAN,departure,11:00,HGH Hangzhou,HU7261,Hainan Airlines,text,Duration: 2h 10m,,True,2026-02-17T17:22:09.313388
2026-08-08,CAN,departure,11:05,NTG Nantong,ZH8693,Shenzhen Airlines,text,Duration: 2h 15m,,True,2026-02-17T17:22:09.313395
2026-08-08,CAN,departure,11:10,HGH Hangzhou,CZ6567,China Southern,text,Duration: 2h 10m,,True,2026-02-17T17:22:09.313401
2026-08-08,CAN,departure,11:10,HGH Hangzhou,HU7461,Hainan Airlines,text,Duration: 1h 55m,,True,2026-02-17T17:22:09.313407
2026-08-08,CAN,departure,11:10,SVO Moscow,SU221,Aeroflot,text,Duration: 10h 5m,,True,2026-02-17T17:22:09.313413
2026-08-08,CAN,departure,11:15,CTU Chengdu,CZ3443,China Southern,text,Duration: 2h 25m,,True,2026-02-17T17:22:09.313419
2026-08-08,CAN,departure,11:15,TPE Taipei,CZ3097,China Southern,text,Duration: 2h 15m,,True,2026-02-17T17:22:09.313426
2026-08-08,CAN,departure,11:15,FOC Fuzhou,MF8324,XiamenAir,text,Duration: 1h 45m,,True,2026-02-17T17:22:09.313432
2026-08-08,CAN,departure,11:15,CTU Chengdu,TV9766,Tibet Airlines,text,Duration: 2h 25m,,True,2026-02-17T17:22:09.313439
2026-08-08,CAN,departure,11:20,KUL Kuala Lumpur,CZ8011,China Southern,text,Duration: 4h 20m,,True,2026-02-17T17:22:09.313445
2026-08-08,CAN,departure,11:20,WNZ Wenzhou,CZ3763,China Southern,text,Duration: 2h 5m,,True,2026-02-17T17:22:09.313452
2026-08-08,CAN,departure,11:20,TFU Chengdu,ZH9443,Shenzhen Airlines,text,Duration: 2h 25m,,True,2026-02-17T17:22:09.313458
2026-08-08,CAN,departure,11:25,PZI Pan Zhi Hua,CZ3933,China Southern,text,Duration: 2h 20m,,True,2026-02-17T17:22:09.313465
2026-08-08,CAN,departure,11:25,KMG Kunming,KY8280,Kunming Airlines,text,Duration: 2h 25m,,True,2026-02-17T17:22:09.313472
2026-08-08,CAN,departure,11:25,HGH Hangzhou,MU5212,China Eastern,text,Duration: 2h 5m,,True,2026-02-17T17:22:09.313478
2026-08-08,CAN,departure,11:25,KMG Kunming,MU5732,China Eastern,text,Duration: 2h 30m,,True,2026-02-17T17:22:09.313484
2026-08-08,CAN,departure,11:30,CKG Chongqing,CA4362,Air China,text,Duration: 2h 20m,,True,2026-02-17T17:22:09.313491
2026-08-08,CAN,departure,11:30,CGO Zhengzhou,CZ6593,China Southern,text,Duration: 2h 20m,,True,2026-02-17T17:22:09.313497
2026-08-08,CAN,departure,11:30,HAK Haikou,CZ6786,China Southern,text,Duration: 1h 25m,,True,2026-02-17T17:22:09.313503
2026-08-08,CAN,departure,11:30,WUH Wuhan,CZ3348,China Southern,text,Duration: 1h 55m,,True,2026-02-17T17:22:09.313510
2026-08-08,CAN,departure,11:35,HGH Hangzhou,3U3152,Sichuan Airlines,text,Duration: 2h 5m,,True,2026-02-17T17:22:09.313597
2026-08-08,CAN,departure,11:35,HET Hohhot,CZ3245,China Southern,text,Duration: 3h 10m,,True,2026-02-17T17:22:09.313606
2026-08-08,CAN,departure,11:35,HAN Hanoi,ZH121,Shenzhen Airlines,text,Duration: 2h 10m,,True,2026-02-17T17:22:09.313612
2026-08-08,CAN,departure,11:40,PEK Beijing,CA1360,Air China,text,Duration: 3h 5m,,True,2026-02-17T17:22:09.313618
2026-08-08,CAN,departure,11:40,CKG Chongqing,OQ2306,Chongqing Airlines,text,Duration: 2h 20m,,True,2026-02-17T17:22:09.313624
2026-08-08,CAN,departure,11:40,NKG Nanjing,ZH9865,Shenzhen Airlines,text,Duration: 2h 30m,,True,2026-02-17T17:22:09.313635
2026-08-08,CAN,departure,11:45,HGH Hangzhou,CA8592,Air China,text,Duration: 2h 30m,,True,2026-02-17T17:22:09.313649
2026-08-08,CAN,departure,11:45,TSN Tianjin,CA2802,Air China,text,Duration: 3h 10m,,True,2026-02-17T17:22:09.313663
2026-08-08,CAN,departure,11:45,LJG Lijiang,CZ3423,China Southern,text,Duration: 3h 10m,,True,2026-02-17T17:22:09.313678
2026-08-08,CAN,departure,11:45,TAO Qingdao,CZ3535,China Southern,text,Duration: 3h 0m,,True,2026-02-17T17:22:09.313696
2026-08-08,CAN,departure,11:45,URC Urumqi,CZ6888,China Southern,text,Duration: 5h 20m,,True,2026-02-17T17:22:09.313711
2026-08-08,CAN,departure,11:50,NGB Ningbo,CZ3517,China Southern,text,Duration: 1h 55m,,True,2026-02-17T17:22:09.313720
2026-08-08,CAN,departure,11:50,TSN Tianjin,CZ3143,China Southern,text,Duration: 3h 25m,,True,2026-02-17T17:22:09.313727
2026-08-08,CAN,departure,11:50,PKX Beijing,MU6304,China Eastern,text,Duration: 3h 5m,,True,2026-02-17T17:22:09.313733
2026-08-08,CAN,departure,11:50,TYN Taiyuan,MU5252,China Eastern,text,Duration: 3h 10m,,True,2026-02-17T17:22:09.313740
2026-08-08,CAN,departure,11:50,WUX Wuxi,ZH9827,Shenzhen Airlines,text,Duration: 2h 25m,,True,2026-02-17T17:22:09.313746
2026-08-08,CAN,departure,11:55,CTU Chengdu,CA4306,Air China,text,Duration: 2h 35m,,True,2026-02-17T17:22:09.313752
2026-08-08,CAN,departure,11:55,KUL Kuala Lumpur,CZ8347,China Southern,text,Duration: 4h 10m,,True,2026-02-17T17:22:09.313758
2026-08-08,CAN,departure,11:55,XIY Xian,CZ3219,China Southern,text,Duration: 2h 50m,,True,2026-02-17T17:22:09.313764
2026-08-08,CAN,departure,11:55,PVG Shanghai,HU7331,Hainan Airlines,text,Duration: 2h 35m,,True,2026-02-17T17:22:09.313771
2026-08-08,CAN,departure,11:55,TSN Tianjin,MF8314,XiamenAir,text,Duration: 3h 20m,,True,2026-02-17T17:22:09.313777
2026-08-08,CAN,departure,11:55,LHW Lanzhou,MU2220,China Eastern,text,Duration: 3h 15m,,True,2026-02-17T17:22:09.313783
2026-08-08,CAN,departure,12:00,TFU Chengdu,3U6702,Sichuan Airlines,text,Duration: 2h 5m,,True,2026-02-17T17:22:09.313789
2026-08-08,CAN,departure,12:00,PKX Beijing,CZ3103,China Southern,text,Duration: 2h 55m,,True,2026-02-17T17:22:09.313795
2026-08-08,CAN,departure,12:00,SHA Shanghai,CZ3539,China Southern,text,Duration: 2h 20m,,True,2026-02-17T17:22:09.313801
2026-08-08,CAN,departure,12:00,TAO Qingdao,MU5256,China Eastern,text,Duration: 2h 55m,,True,2026-02-17T17:22:09.313807
2026-08-08,CAN,departure,12:00,YNT Yantai,SC7622,Shandong Airlines,text,Duration: 3h 10m,,True,2026-02-17T17:22:09.313813
2026-08-08,CAN,departure,12:05,SHA Shanghai,9C6722,Spring Airlines,text,Duration: 2h 25m,,True,2026-02-17T17:22:09.313819
2026-08-08,CAN,departure,12:05,BKK Bangkok,CZ5095,China Southern,text,Duration: 3h 0m,,True,2026-02-17T17:22:09.313825
2026-08-08,CAN,departure,12:05,XMN Xiamen,CZ3741,China Southern,text,Duration: 1h 25m,,True,2026-02-17T17:22:09.313831
2026-08-08,CAN,departure,12:05,INC Yinchuan,MF8754,XiamenAir,text,Duration: 3h 20m,,True,2026-02-17T17:22:09.313837
2026-08-08,CAN,departure,12:10,WNZ Wenzhou,CA8352,Air China,text,Duration: 2h 10m,,True,2026-02-17T17:22:09.313842
2026-08-08,CAN,departure,12:10,DLC Dalian,CZ6322,China Southern,text,Duration: 3h 20m,,True,2026-02-17T17:22:09.313848
2026-08-08,CAN,departure,12:10,HGH Hangzhou,CZ3869,China Southern,text,Duration: 2h 10m,,True,2026-02-17T17:22:09.313854
2026-08-08,CAN,departure,12:15,PKX Beijing,MF8396,XiamenAir,text,Duration: 3h 0m,,True,2026-02-17T17:22:09.313861
2026-08-08,CAN,departure,12:15,XIY Xian,MU2312,China Eastern,text,Duration: 2h 20m,,True,2026-02-17T17:22:09.313867
2026-08-08,CAN,departure,12:20,HIA Huai'an,MU2870,China Eastern,text,Duration: 2h 25m,,True,2026-02-17T17:22:09.313873
2026-08-08,CAN,departure,12:20,HRB Harbin,ZH9677,Shenzhen Airlines,text,Duration: 4h 5m,,True,2026-02-17T17:22:09.313879
2026-08-08,CAN,departure,12:25,TFU Chengdu,AQ1115,9 Air,text,Duration: 2h 25m,,True,2026-02-17T17:22:09.313885
2026-08-08,CAN,departure,12:25,HFE Hefei,CZ3873,China Southern,text,Duration: 2h 15m,,True,2026-02-17T17:22:09.313891
2026-08-08,CAN,departure,12:25,HGH Hangzhou,MF8320,XiamenAir,text,Duration: 2h 0m,,True,2026-02-17T17:22:09.313897
2026-08-08,CAN,departure,12:25,ICN Seoul,OZ370,Asiana,text,Duration: 3h 35m,,True,2026-02-17T17:22:09.313903
2026-08-08,CAN,departure,12:30,BKK Bangkok,CZ3081,China Southern,text,Duration: 3h 0m,,True,2026-02-17T17:22:09.313909
2026-08-08,CAN,departure,12:30,WUH Wuhan,CZ8728,China Southern,text,Duration: 1h 50m,,True,2026-02-17T17:22:09.313915
2026-08-08,CAN,departure,12:30,SHA Shanghai,FM9308,Shanghai Airlines,text,Duration: 2h 10m,,True,2026-02-17T17:22:09.313921
2026-08-08,CAN,departure,12:30,XIY Xian,HU7838,Hainan Airlines,text,Duration: 2h 40m,,True,2026-02-17T17:22:09.313927
2026-08-08,CAN,departure,12:30,SJW Shijiazhuang,NS3204,Hebei Airlines,text,Duration: 2h 40m,,True,2026-02-17T17:22:09.313933
2026-08-08,CAN,departure,12:35,CGO Zhengzhou,CZ8686,China Southern,text,Duration: 2h 20m,,True,2026-02-17T17:22:09.313939
2026-08-08,CAN,departure,12:35,KTI Phnom Penh,CZ6059,China Southern,text,Duration: 2h 55m,,True,2026-02-17T17:22:09.313946
2026-08-08,CAN,departure,12:35,TNA Jinan,CZ3711,China Southern,text,Duration: 2h 45m,,True,2026-02-17T17:22:09.313952
2026-08-08,CAN,departure,12:40,PEK Beijing,CA1352,Air China,text,Duration: 3h 15m,,True,2026-02-17T17:22:09.314052
2026-08-08,CAN,departure,12:40,KUL Kuala Lumpur,CZ8301,China Southern,text,Duration: 4h 20m,,True,2026-02-17T17:22:09.314060
2026-08-08,CAN,departure,12:40,SGN Ho Chi Minh City,CZ373,China Southern,text,Duration: 2h 50m,,True,2026-02-17T17:22:09.314067
2026-08-08,CAN,departure,12:40,SHA Shanghai,HO2288,Juneyao Airlines,text,Duration: 2h 15m,,True,2026-02-17T17:22:09.314074
2026-08-08,CAN,departure,12:40,CKG Chongqing,HU7341,Hainan Airlines,text,Duration: 2h 25m,,True,2026-02-17T17:22:09.314080
2026-08-08,CAN,departure,12:40,ICN Seoul,KE868,Korean Air,text,Duration: 3h 35m,,True,2026-02-17T17:22:09.314086
2026-08-08,CAN,departure,12:45,SIN Singapore,CZ3039,China Southern,text,Duration: 4h 5m,,True,2026-02-17T17:22:09.314093
2026-08-08,CAN,departure,12:45,ZHA Zhanjiang,CZ3331,China Southern,text,Duration: 1h 15m,,True,2026-02-17T17:22:09.314099
2026-08-08,CAN,departure,12:50,PKX Beijing,MU6306,China Eastern,text,Duration: 2h 55m,,True,2026-02-17T17:22:09.314105
2026-08-08,CAN,departure,12:50,TNA Jinan,SC1170,Shandong Airlines,text,Duration: 2h 35m,,True,2026-02-17T17:22:09.314117
2026-08-08,CAN,departure,12:50,WUS Wuyishan,SC4674,Shandong Airlines,text,Duration: 1h 25m,,True,2026-02-17T17:22:09.314130
2026-08-08,CAN,departure,12:50,NKG Nanjing,ZH9867,Shenzhen Airlines,text,Duration: 2h 25m,,True,2026-02-17T17:22:09.314144
2026-08-08,CAN,departure,12:55,HKT Phuket,CZ6063,China Southern,text,Duration: 3h 45m,,True,2026-02-17T17:22:09.314157
2026-08-08,CAN,departure,12:55,MXZ Mei Xian,CZ3333,China Southern,text,Duration: 1h 5m,,True,2026-02-17T17:22:09.314163
2026-08-08,CAN,departure,12:55,TAO Qingdao,CZ3799,China Southern,text,Duration: 3h 5m,,True,2026-02-17T17:22:09.314169
2026-08-08,CAN,departure,12:55,TFU Chengdu,MU5322,China Eastern,text,Duration: 2h 15m,,True,2026-02-17T17:22:09.314175
2026-08-08,CAN,departure,12:55,XIY Xian,ZH9223,Shenzhen Airlines,text,Duration: 2h 30m,,True,2026-02-17T17:22:09.314181
2026-08-08,CAN,departure,13:00,DXB Dubai,CZ8057,China Southern,text,Duration: 9h 10m,,True,2026-02-17T17:22:09.314187
2026-08-08,CAN,departure,13:00,PKX Beijing,CZ3179,China Southern,text,Duration: 2h 55m,,True,2026-02-17T17:22:09.314193
2026-08-08,CAN,departure,13:00,SHA Shanghai,CZ3525,China Southern,text,Duration: 2h 25m,,True,2026-02-17T17:22:09.314199
2026-08-08,CAN,departure,13:00,PVG Shanghai,FM9310,Shanghai Airlines,text,Duration: 2h 15m,,True,2026-02-17T17:22:09.314206
2026-08-08,CAN,departure,13:00,HAK Haikou,HU7008,Hainan Airlines,text,Duration: 1h 30m,,True,2026-02-17T17:22:09.314212
2026-08-08,CAN,departure,13:05,DZH Dazhou,CA4356,Air China,text,Duration: 2h 30m,,True,2026-02-17T17:22:09.314218
2026-08-08,CAN,departure,13:05,XIY Xian,CZ3207,China Southern,text,Duration: 2h 35m,,True,2026-02-17T17:22:09.314224
2026-08-08,CAN,departure,13:05,YIW Yiwu,CZ3149,China Southern,text,Duration: 2h 0m,,True,2026-02-17T17:22:09.314229
2026-08-08,CAN,departure,13:05,HFE Hefei,HU7203,Hainan Airlines,text,Duration: 2h 0m,,True,2026-02-17T17:22:09.314235
2026-08-08,CAN,departure,13:05,SHE Shenyang,ZH9655,Shenzhen Airlines,text,Duration: 3h 35m,,True,2026-02-17T17:22:09.314241
2026-08-08,CAN,departure,13:10,CKG Chongqing,CZ3485,China Southern,text,Duration: 2h 10m,,True,2026-02-17T17:22:09.314247
2026-08-08,CAN,departure,13:10,HGH Hangzhou,CZ3511,China Southern,text,Duration: 2h 10m,,True,2026-02-17T17:22:09.314253
2026-08-08,CAN,departure,13:10,NKG Nanjing,CZ3821,China Southern,text,Duration: 2h 20m,,True,2026-02-17T17:22:09.314259
2026-08-08,CAN,departure,13:10,WNZ Wenzhou,KN5038,China United Airlines,text,Duration: 1h 45m,,True,2026-02-17T17:22:09.314265
2026-08-08,CAN,departure,13:15,CTU Chengdu,CZ3471,China Southern,text,Duration: 2h 25m,,True,2026-02-17T17:22:09.314270
2026-08-08,CAN,departure,13:15,PEK Beijing,HU7808,Hainan Airlines,text,Duration: 3h 0m,,True,2026-02-17T17:22:09.314276
2026-08-08,CAN,departure,13:15,FOC Fuzhou,MF8356,XiamenAir,text,Duration: 1h 55m,,True,2026-02-17T17:22:09.314282
2026-08-08,CAN,departure,13:20,LHR London,CZ303,China Southern,text,Duration: 12h 40m,,True,2026-02-17T17:22:09.314288
2026-08-08,CAN,departure,13:20,VTE Vientiane,CZ6091,China Southern,text,Duration: 2h 25m,,True,2026-02-17T17:22:09.314294
2026-08-08,CAN,departure,13:25,TYN Taiyuan,CZ6527,China Southern,text,Duration: 2h 50m,,True,2026-02-17T17:22:09.314300
2026-08-08,CAN,departure,13:25,KTI Phnom Penh,K6669,Air Cambodia,text,Duration: 2h 55m,,True,2026-02-17T17:22:09.314306
2026-08-08,CAN,departure,13:25,SIN Singapore,SQ851,Singapore Airlines,text,Duration: 4h 20m,,True,2026-02-17T17:22:09.314311
2026-08-08,CAN,departure,13:30,HET Hohhot,CA1382,Air China,text,Duration: 3h 25m,,True,2026-02-17T17:22:09.314317
2026-08-08,CAN,departure,13:30,SHE Shenyang,CZ6302,China Southern,text,Duration: 4h 0m,,True,2026-02-17T17:22:09.314323
2026-08-08,CAN,departure,13:30,WUH Wuhan,CZ8672,China Southern,text,Duration: 1h 55m,,True,2026-02-17T17:22:09.314329
2026-08-08,CAN,departure,13:30,SHA Shanghai,FM9312,Shanghai Airlines,text,Duration: 2h 15m,,True,2026-02-17T17:22:09.314335
2026-08-08,CAN,departure,13:30,XIY Xian,MU2302,China Eastern,text,Duration: 2h 35m,,True,2026-02-17T17:22:09.314341
2026-08-08,CAN,departure,13:30,CZX Changzhou,ZH8943,Shenzhen Airlines,text,Duration: 2h 15m,,True,2026-02-17T17:22:09.314347
2026-08-08,CAN,departure,13:35,CKG Chongqing,3U8748,Sichuan Airlines,text,Duration: 2h 0m,,True,2026-02-17T17:22:09.314353
2026-08-08,CAN,departure,13:35,CXR Nha Trang,CZ6049,China Southern,text,Duration: 2h 35m,,True,2026-02-17T17:22:09.314359
2026-08-08,CAN,departure,13:40,PEK Beijing,CA1322,Air China,text,Duration: 3h 15m,,True,2026-02-17T17:22:09.314365
2026-08-08,CAN,departure,13:40,HAN Hanoi,CZ8315,China Southern,text,Duration: 2h 5m,,True,2026-02-17T17:22:09.314371
2026-08-08,CAN,departure,13:45,CGQ Changchun,CZ6342,China Southern,text,Duration: 4h 15m,,True,2026-02-17T17:22:09.314378
2026-08-08,CAN,departure,13:50,FOC Fuzhou,CZ3877,China Southern,text,Duration: 1h 45m,,True,2026-02-17T17:22:09.314472
2026-08-08,CAN,departure,13:50,NGB Ningbo,CZ3775,China Southern,text,Duration: 2h 10m,,True,2026-02-17T17:22:09.314480
2026-08-08,CAN,departure,13:50,SVO Moscow,CZ655,China Southern,text,Duration: 10h 25m,,True,2026-02-17T17:22:09.314487
2026-08-08,CAN,departure,13:50,LYI Linyi,ZH9481,Shenzhen Airlines,text,Duration: 2h 45m,,True,2026-02-17T17:22:09.314493
2026-08-08,CAN,departure,13:50,NKG Nanjing,ZH9869,Shenzhen Airlines,text,Duration: 2h 20m,,True,2026-02-17T17:22:09.314499
2026-08-08,CAN,departure,13:55,KMG Kunming,CZ3407,China Southern,text,Duration: 2h 40m,,True,2026-02-17T17:22:09.314505
2026-08-08,CAN,departure,13:55,MNL Manila,CZ397,China Southern,text,Duration: 2h 50m,,True,2026-02-17T17:22:09.314512
2026-08-08,CAN,departure,13:55,PEN Penang,CZ5047,China Southern,text,Duration: 4h 5m,,True,2026-02-17T17:22:09.314518
2026-08-08,CAN,departure,14:00,TFU Chengdu,CA4308,Air China,text,Duration: 2h 20m,,True,2026-02-17T17:22:09.314525
2026-08-08,CAN,departure,14:00,PKX Beijing,CZ3109,China Southern,text,Duration: 3h 5m,,True,2026-02-17T17:22:09.314531
2026-08-08,CAN,departure,14:00,PVG Shanghai,CZ3487,China Southern,text,Duration: 2h 30m,,True,2026-02-17T17:22:09.314537
2026-08-08,CAN,departure,14:00,HRB Harbin,JD5165,Capital Airlines,text,Duration: 3h 55m,,True,2026-02-17T17:22:09.314543
2026-08-08,CAN,departure,14:00,SHA Shanghai,MU5316,China Eastern,text,Duration: 2h 15m,,True,2026-02-17T17:22:09.314549
2026-08-08,CAN,departure,14:05,SYX Sanya,CZ6734,China Southern,text,Duration: 1h 40m,,True,2026-02-17T17:22:09.314555
2026-08-08,CAN,departure,14:05,XMN Xiamen,CZ3879,China Southern,text,Duration: 1h 25m,,True,2026-02-17T17:22:09.314561
2026-08-08,CAN,departure,14:10,PVG Shanghai,CA8582,Air China,text,Duration: 2h 30m,,True,2026-02-17T17:22:09.314567
2026-08-08,CAN,departure,14:10,KWE Guiyang,CZ3692,China Southern,text,Duration: 1h 55m,,True,2026-02-17T17:22:09.314574
2026-08-08,CAN,departure,14:10,LHW Lanzhou,CZ3385,China Southern,text,Duration: 3h 15m,,True,2026-02-17T17:22:09.314580
2026-08-08,CAN,departure,14:10,HND Tokyo,JL88,JAL,text,Duration: 4h 20m,,True,2026-02-17T17:22:09.314586
2026-08-08,CAN,departure,14:10,JJN Jinjiang,MF8386,XiamenAir,text,Duration: 1h 35m,,True,2026-02-17T17:22:09.314592
2026-08-08,CAN,departure,14:15,CTU Chengdu,3U8732,Sichuan Airlines,text,Duration: 2h 20m,,True,2026-02-17T17:22:09.314598
2026-08-08,CAN,departure,14:15,CGO Zhengzhou,CZ6626,China Southern,text,Duration: 2h 20m,,True,2026-02-17T17:22:09.314605
2026-08-08,CAN,departure,14:15,NKG Nanjing,HU7213,Hainan Airlines,text,Duration: 2h 10m,,True,2026-02-17T17:22:09.314611
2026-08-08,CAN,departure,14:15,HND Tokyo,NH924,ANA,text,Duration: 4h 30m,,True,2026-02-17T17:22:09.314616
2026-08-08,CAN,departure,14:20,TNA Jinan,CZ8479,China Southern,text,Duration: 2h 45m,,True,2026-02-17T17:22:09.314622
2026-08-08,CAN,departure,14:20,YIW Yiwu,CZ3795,China Southern,text,Duration: 2h 0m,,True,2026-02-17T17:22:09.314628
2026-08-08,CAN,departure,14:25,HRB Harbin,CZ3623,China Southern,text,Duration: 4h 15m,,True,2026-02-17T17:22:09.314635
2026-08-08,CAN,departure,14:25,XIY Xian,CZ3215,China Southern,text,Duration: 2h 35m,,True,2026-02-17T17:22:09.314641
2026-08-08,CAN,departure,14:25,LJG Lijiang,MU5742,China Eastern,text,Duration: 3h 0m,,True,2026-02-17T17:22:09.314647
2026-08-08,CAN,departure,14:30,TAO Qingdao,CZ5899,China Southern,text,Duration: 3h 5m,,True,2026-02-17T17:22:09.314652
2026-08-08,CAN,departure,14:30,SHA Shanghai,HO1858,Juneyao Airlines,text,Duration: 2h 20m,,True,2026-02-17T17:22:09.314658
2026-08-08,CAN,departure,14:30,CKG Chongqing,HU7441,Hainan Airlines,text,Duration: 2h 10m,,True,2026-02-17T17:22:09.314664
2026-08-08,CAN,departure,14:30,SHA Shanghai,MU5308,China Eastern,text,Duration: 2h 25m,,True,2026-02-17T17:22:09.314670
2026-08-08,CAN,departure,14:30,TNA Jinan,ZH9977,Shenzhen Airlines,text,Duration: 2h 35m,,True,2026-02-17T17:22:09.314677
2026-08-08,CAN,departure,14:35,HGH Hangzhou,GJ8700,Loong Air,text,Duration: 2h 25m,,True,2026-02-17T17:22:09.314682
2026-08-08,CAN,departure,14:35,KUL Kuala Lumpur,MH377,Malaysia Airlines,text,Duration: 4h 5m,,True,2026-02-17T17:22:09.314689
2026-08-08,CAN,departure,14:35,CTU Chengdu,MU6832,China Eastern,text,Duration: 2h 10m,,True,2026-02-17T17:22:09.314695
2026-08-08,CAN,departure,14:40,PEK Beijing,CA1318,Air China,text,Duration: 3h 5m,,True,2026-02-17T17:22:09.314700
2026-08-08,CAN,departure,14:40,HND Tokyo,CZ3085,China Southern,text,Duration: 4h 5m,,True,2026-02-17T17:22:09.314706
2026-08-08,CAN,departure,14:45,HGH Hangzhou,AQ1071,9 Air,text,Duration: 2h 5m,,True,2026-02-17T17:22:09.314712
2026-08-08,CAN,departure,14:45,LJG Lijiang,OQ2111,Chongqing Airlines,text,Duration: 3h 10m,,True,2026-02-17T17:22:09.314718
2026-08-08,CAN,departure,14:50,BKK Bangkok,CZ8023,China Southern,text,Duration: 3h 0m,,True,2026-02-17T17:22:09.314725
2026-08-08,CAN,departure,14:50,HFE Hefei,CZ6585,China Southern,text,Duration: 2h 15m,,True,2026-02-17T17:22:09.314731
2026-08-08,CAN,departure,14:55,LUM Mangshi,CZ6499,China Southern,text,Duration: 3h 5m,,True,2026-02-17T17:22:09.314737
2026-08-08,CAN,departure,14:55,WNZ Wenzhou,CZ3527,China Southern,text,Duration: 1h 55m,,True,2026-02-17T17:22:09.314743
2026-08-08,CAN,departure,15:00,PKX Beijing,CZ3999,China Southern,text,Duration: 2h 55m,,True,2026-02-17T17:22:09.314749
2026-08-08,CAN,departure,15:00,SHA Shanghai,CZ3571,China Southern,text,Duration: 2h 25m,,True,2026-02-17T17:22:09.314755
2026-08-08,CAN,departure,15:00,WUH Wuhan,CZ5770,China Southern,text,Duration: 1h 45m,,True,2026-02-17T17:22:09.314761
2026-08-08,CAN,departure,15:05,KMG Kunming,CZ3449,China Southern,text,Duration: 2h 30m,,True,2026-02-17T17:22:09.314768
2026-08-08,CAN,departure,15:05,XUZ Xuzhou,CZ3339,China Southern,text,Duration: 2h 20m,,True,2026-02-17T17:22:09.314774
2026-08-08,CAN,departure,15:05,CGO Zhengzhou,HU7287,Hainan Airlines,text,Duration: 2h 25m,,True,2026-02-17T17:22:09.314864
2026-08-08,CAN,departure,15:05,CKG Chongqing,OQ2318,Chongqing Airlines,text,Duration: 2h 25m,,True,2026-02-17T17:22:09.314872
2026-08-08,CAN,departure,15:10,BKI Kota Kinabalu,CZ8335,China Southern,text,Duration: 3h 10m,,True,2026-02-17T17:22:09.314879
2026-08-08,CAN,departure,15:10,HGH Hangzhou,CZ3501,China Southern,text,Duration: 2h 10m,,True,2026-02-17T17:22:09.314884
2026-08-08,CAN,departure,15:10,NKG Nanjing,CZ3699,China Southern,text,Duration: 2h 20m,,True,2026-02-17T17:22:09.314890
2026-08-08,CAN,departure,15:15,CTU Chengdu,CZ3417,China Southern,text,Duration: 2h 20m,,True,2026-02-17T17:22:09.314896
2026-08-08,CAN,departure,15:15,TAS Tashkent,CZ3053,China Southern,text,Duration: 7h 15m,,True,2026-02-17T17:22:09.314902
2026-08-08,CAN,departure,15:15,NKG Nanjing,HU7313,Hainan Airlines,text,Duration: 2h 10m,,True,2026-02-17T17:22:09.314909
2026-08-08,CAN,departure,15:15,PEK Beijing,HU7810,Hainan Airlines,text,Duration: 3h 0m,,True,2026-02-17T17:22:09.314915
2026-08-08,CAN,departure,15:15,PKX Beijing,MU6308,China Eastern,text,Duration: 3h 0m,,True,2026-02-17T17:22:09.314922
2026-08-08,CAN,departure,15:15,SGN Ho Chi Minh City,VN503,Vietnam Airlines,text,Duration: 3h 5m,,True,2026-02-17T17:22:09.314929
2026-08-08,CAN,departure,15:20,TFU Chengdu,HU7251,Hainan Airlines,text,Duration: 2h 20m,,True,2026-02-17T17:22:09.314935
2026-08-08,CAN,departure,15:25,TSN Tianjin,GS7896,Tianjin Airlines,text,Duration: 2h 50m,,True,2026-02-17T17:22:09.314941
2026-08-08,CAN,departure,15:25,PVG Shanghai,ZH9535,Shenzhen Airlines,text,Duration: 2h 20m,,True,2026-02-17T17:22:09.314947
2026-08-08,CAN,departure,15:30,CGO Zhengzhou,CZ8766,China Southern,text,Duration: 2h 20m,,True,2026-02-17T17:22:09.314953
2026-08-08,CAN,departure,15:30,SHA Shanghai,MU5310,China Eastern,text,Duration: 2h 15m,,True,2026-02-17T17:22:09.314959
2026-08-08,CAN,departure,15:30,LHW Lanzhou,OQ2131,Chongqing Airlines,text,Duration: 3h 25m,,True,2026-02-17T17:22:09.314965
2026-08-08,CAN,departure,15:35,SHE Shenyang,CZ6368,China Southern,text,Duration: 3h 50m,,True,2026-02-17T17:22:09.314971
2026-08-08,CAN,departure,15:40,PEK Beijing,CA1316,Air China,text,Duration: 3h 20m,,True,2026-02-17T17:22:09.314976
2026-08-08,CAN,departure,15:40,URC Urumqi,CZ6892,China Southern,text,Duration: 5h 20m,,True,2026-02-17T17:22:09.314982
2026-08-08,CAN,departure,15:40,WSK Wushan,CZ3961,China Southern,text,Duration: 2h 10m,,True,2026-02-17T17:22:09.314988
2026-08-08,CAN,departure,15:45,CGQ Changchun,CZ3606,China Southern,text,Duration: 4h 15m,,True,2026-02-17T17:22:09.314994
2026-08-08,CAN,departure,15:45,BKK Bangkok,TG669,Thai Airways,text,Duration: 3h 0m,,True,2026-02-17T17:22:09.315000
2026-08-08,CAN,departure,15:50,CNX Chiang Mai,CZ3033,China Southern,text,Duration: 3h 0m,,True,2026-02-17T17:22:09.315006
2026-08-08,CAN,departure,15:55,BKK Bangkok,CZ363,China Southern,text,Duration: 3h 0m,,True,2026-02-17T17:22:09.315012
2026-08-08,CAN,departure,15:55,HGH Hangzhou,MF8382,XiamenAir,text,Duration: 1h 55m,,True,2026-02-17T17:22:09.315018
2026-08-08,CAN,departure,15:55,HPH Haiphong,ZH129,Shenzhen Airlines,text,Duration: 2h 25m,,True,2026-02-17T17:22:09.315024
2026-08-08,CAN,departure,16:00,CTU Chengdu,CA4318,Air China,text,Duration: 2h 35m,,True,2026-02-17T17:22:09.315030
2026-08-08,CAN,departure,16:00,PKX Beijing,CZ3115,China Southern,text,Duration: 3h 15m,,True,2026-02-17T17:22:09.315036
2026-08-08,CAN,departure,16:00,SHA Shanghai,CZ3503,China Southern,text,Duration: 2h 25m,,True,2026-02-17T17:22:09.315042
2026-08-08,CAN,departure,16:00,NGB Ningbo,HU7233,Hainan Airlines,text,Duration: 1h 55m,,True,2026-02-17T17:22:09.315048
2026-08-08,CAN,departure,16:00,NGB Ningbo,MU5238,China Eastern,text,Duration: 1h 55m,,True,2026-02-17T17:22:09.315054
2026-08-08,CAN,departure,16:00,TAO Qingdao,ZH9993,Shenzhen Airlines,text,Duration: 3h 5m,,True,2026-02-17T17:22:09.315060
2026-08-08,CAN,departure,16:05,SHA Shanghai,9C6720,Spring Airlines,text,Duration: 1h 55m,,True,2026-02-17T17:22:09.315066
2026-08-08,CAN,departure,16:05,PVG Shanghai,AQ1011,9 Air,text,Duration: 2h 15m,,True,2026-02-17T17:22:09.315072
2026-08-08,CAN,departure,16:05,IST Istanbul,CZ8089,China Southern,text,Duration: 11h 5m,,True,2026-02-17T17:22:09.315078
2026-08-08,CAN,departure,16:05,TSN Tianjin,CZ3135,China Southern,text,Duration: 3h 0m,,True,2026-02-17T17:22:09.315084
2026-08-08,CAN,departure,16:05,TFU Chengdu,HU7351,Hainan Airlines,text,Duration: 2h 25m,,True,2026-02-17T17:22:09.315090
2026-08-08,CAN,departure,16:05,WUX Wuxi,ZH9829,Shenzhen Airlines,text,Duration: 2h 25m,,True,2026-02-17T17:22:09.315096
2026-08-08,CAN,departure,16:10,TAO Qingdao,CZ3573,China Southern,text,Duration: 3h 5m,,True,2026-02-17T17:22:09.315102
2026-08-08,CAN,departure,16:10,TYN Taiyuan,CZ3695,China Southern,text,Duration: 2h 40m,,True,2026-02-17T17:22:09.315108
2026-08-08,CAN,departure,16:10,SJW Shijiazhuang,OQ2135,Chongqing Airlines,text,Duration: 2h 45m,,True,2026-02-17T17:22:09.315114
2026-08-08,CAN,departure,16:10,RUH Riyadh,SV885,Saudia,text,Duration: 9h 10m,,True,2026-02-17T17:22:09.315120
2026-08-08,CAN,departure,16:15,SGN Ho Chi Minh City,9C7347,Spring Airlines,text,Duration: 2h 40m,,True,2026-02-17T17:22:09.315128
2026-08-08,CAN,departure,16:15,LFQ Qiaoli,CZ8927,China Southern,text,Duration: 2h 50m,,True,2026-02-17T17:22:09.315134
2026-08-08,CAN,departure,16:15,YNT Yantai,CZ8777,China Southern,text,Duration: 3h 15m,,True,2026-02-17T17:22:09.315141
2026-08-08,CAN,departure,16:15,HAK Haikou,ZH8991,Shenzhen Airlines,text,Duration: 1h 25m,,True,2026-02-17T17:22:09.315147
2026-08-08,CAN,departure,16:20,SHA Shanghai,CA1829,Air China,text,Duration: 2h 20m,,True,2026-02-17T17:22:09.315154
2026-08-08,CAN,departure,16:20,CKG Chongqing,CZ3411,China Southern,text,Duration: 2h 20m,,True,2026-02-17T17:22:09.315160
2026-08-08,CAN,departure,16:20,INC Yinchuan,CZ5701,China Southern,text,Duration: 2h 55m,,True,2026-02-17T17:22:09.315166
2026-08-08,CAN,departure,16:20,HAN Hanoi,VN507,Vietnam Airlines,text,Duration: 2h 10m,,True,2026-02-17T17:22:09.315263
2026-08-08,CAN,departure,16:25,SWA Jieyang,CZ3892,China Southern,text,Duration: 1h 10m,,True,2026-02-17T17:22:09.315273
2026-08-08,CAN,departure,16:25,YCU Yuncheng,CZ3921,China Southern,text,Duration: 2h 50m,,True,2026-02-17T17:22:09.315280
2026-08-08,CAN,departure,16:25,KMG Kunming,MU9690,China Eastern,text,Duration: 2h 30m,,True,2026-02-17T17:22:09.315287
2026-08-08,CAN,departure,16:30,HAK Haikou,CZ6778,China Southern,text,Duration: 1h 20m,,True,2026-02-17T17:22:09.315294
2026-08-08,CAN,departure,16:30,XNN Xining,CZ6241,China Southern,text,Duration: 3h 10m,,True,2026-02-17T17:22:09.315301
2026-08-08,CAN,departure,16:30,SHA Shanghai,MU5312,China Eastern,text,Duration: 2h 20m,,True,2026-02-17T17:22:09.315308
2026-08-08,CAN,departure,16:35,LHE Lahore,CZ6037,China Southern,text,Duration: 6h 10m,,True,2026-02-17T17:22:09.315315
2026-08-08,CAN,departure,16:35,WUH Wuhan,MU2541,China Eastern,text,Duration: 1h 50m,,True,2026-02-17T17:22:09.315321
2026-08-08,CAN,departure,16:40,PEK Beijing,CA1340,Air China,text,Duration: 3h 35m,,True,2026-02-17T17:22:09.315328
2026-08-08,CAN,departure,16:40,CZX Changzhou,CZ3899,China Southern,text,Duration: 2h 15m,,True,2026-02-17T17:22:09.315335
2026-08-08,CAN,departure,16:40,URC Urumqi,UQ2592,Urumqi Airlines,text,Duration: 5h 15m,,True,2026-02-17T17:22:09.315342
2026-08-08,CAN,departure,16:45,YIW Yiwu,CZ3304,China Southern,text,Duration: 2h 5m,,True,2026-02-17T17:22:09.315348
2026-08-08,CAN,departure,16:50,WUH Wuhan,CA8232,Air China,text,Duration: 1h 40m,,True,2026-02-17T17:22:09.315354
2026-08-08,CAN,departure,16:50,PEN Penang,CZ395,China Southern,text,Duration: 4h 10m,,True,2026-02-17T17:22:09.315361
2026-08-08,CAN,departure,16:50,WXN Wanxian,CZ8253,China Southern,text,Duration: 2h 10m,,True,2026-02-17T17:22:09.315368
2026-08-08,CAN,departure,16:55,BKK Bangkok,CZ8019,China Southern,text,Duration: 3h 0m,,True,2026-02-17T17:22:09.315374
2026-08-08,CAN,departure,16:55,CSX Changsha,CZ3388,China Southern,text,Duration: 1h 35m,,True,2026-02-17T17:22:09.315381
2026-08-08,CAN,departure,16:55,FUG Fuyang,CZ3931,China Southern,text,Duration: 2h 15m,,True,2026-02-17T17:22:09.315388
2026-08-08,CAN,departure,16:55,KHN Nanchang,CZ8531,China Southern,text,Duration: 1h 40m,,True,2026-02-17T17:22:09.315394
2026-08-08,CAN,departure,16:55,SHE Shenyang,CZ6348,China Southern,text,Duration: 4h 0m,,True,2026-02-17T17:22:09.315400
2026-08-08,CAN,departure,16:55,WUX Wuxi,MU2918,China Eastern,text,Duration: 2h 25m,,True,2026-02-17T17:22:09.315408
2026-08-08,CAN,departure,16:55,CKG Chongqing,OQ2324,Chongqing Airlines,text,Duration: 1h 55m,,True,2026-02-17T17:22:09.315415
2026-08-08,CAN,departure,17:00,YBP Yibin,3U3053,Sichuan Airlines,text,Duration: 2h 5m,,True,2026-02-17T17:22:09.315421
2026-08-08,CAN,departure,17:00,PKX Beijing,CZ3113,China Southern,text,Duration: 3h 15m,,True,2026-02-17T17:22:09.315428
2026-08-08,CAN,departure,17:00,WUH Wuhan,CZ3346,China Southern,text,Duration: 1h 45m,,True,2026-02-17T17:22:09.315434
2026-08-08,CAN,departure,17:00,CGO Zhengzhou,HU7283,Hainan Airlines,text,Duration: 2h 25m,,True,2026-02-17T17:22:09.315440
2026-08-08,CAN,departure,17:00,HFE Hefei,ZH9989,Shenzhen Airlines,text,Duration: 2h 0m,,True,2026-02-17T17:22:09.315446
2026-08-08,CAN,departure,17:05,PKX Beijing,AQ1001,9 Air,text,Duration: 3h 10m,,True,2026-02-17T17:22:09.315452
2026-08-08,CAN,departure,17:05,CGO Zhengzhou,CZ3394,China Southern,text,Duration: 2h 25m,,True,2026-02-17T17:22:09.315458
2026-08-08,CAN,departure,17:05,XIY Xian,CZ3203,China Southern,text,Duration: 2h 40m,,True,2026-02-17T17:22:09.315464
2026-08-08,CAN,departure,17:05,NKG Nanjing,ZH9871,Shenzhen Airlines,text,Duration: 2h 25m,,True,2026-02-17T17:22:09.315470
2026-08-08,CAN,departure,17:10,TFU Chengdu,3U6704,Sichuan Airlines,text,Duration: 2h 5m,,True,2026-02-17T17:22:09.315477
2026-08-08,CAN,departure,17:10,HGH Hangzhou,CZ3829,China Southern,text,Duration: 2h 10m,,True,2026-02-17T17:22:09.315483
2026-08-08,CAN,departure,17:10,NKG Nanjing,CZ3697,China Southern,text,Duration: 2h 20m,,True,2026-02-17T17:22:09.315489
2026-08-08,CAN,departure,17:10,URC Urumqi,CZ6896,China Southern,text,Duration: 5h 20m,,True,2026-02-17T17:22:09.315495
2026-08-08,CAN,departure,17:10,VTE Vientiane,QV882,Lao Airlines,text,Duration: 2h 30m,,True,2026-02-17T17:22:09.315501
2026-08-08,CAN,departure,17:10,YNT Yantai,ZH9675,Shenzhen Airlines,text,Duration: 3h 10m,,True,2026-02-17T17:22:09.315508
2026-08-08,CAN,departure,17:15,TFU Chengdu,CZ3475,China Southern,text,Duration: 2h 20m,,True,2026-02-17T17:22:09.315514
2026-08-08,CAN,departure,17:15,TNA Jinan,CZ3707,China Southern,text,Duration: 2h 55m,,True,2026-02-17T17:22:09.315520
2026-08-08,CAN,departure,17:15,NKG Nanjing,ZH9873,Shenzhen Airlines,text,Duration: 2h 5m,,True,2026-02-17T17:22:09.315526
2026-08-08,CAN,departure,17:20,ICN Seoul,CZ339,China Southern,text,Duration: 3h 30m,,True,2026-02-17T17:22:09.315532
2026-08-08,CAN,departure,17:20,TAO Qingdao,CZ3609,China Southern,text,Duration: 3h 5m,,True,2026-02-17T17:22:09.315538
2026-08-08,CAN,departure,17:20,TYN Taiyuan,CZ3951,China Southern,text,Duration: 2h 35m,,True,2026-02-17T17:22:09.315545
2026-08-08,CAN,departure,17:20,WNZ Wenzhou,CZ3809,China Southern,text,Duration: 1h 45m,,True,2026-02-17T17:22:09.315551
2026-08-08,CAN,departure,17:20,JHG Jinghong,OQ2105,Chongqing Airlines,text,Duration: 3h 10m,,True,2026-02-17T17:22:09.315557
2026-08-08,CAN,departure,17:25,DLC Dalian,CZ6458,China Southern,text,Duration: 3h 25m,,True,2026-02-17T17:22:09.315564
2026-08-08,CAN,departure,17:25,XFN Xiangyang,GJ8381,Loong Air,text,Duration: 2h 0m,,True,2026-02-17T17:22:09.315569
2026-08-08,CAN,departure,17:30,HGH Hangzhou,CA1794,Air China,text,Duration: 2h 25m,,True,2026-02-17T17:22:09.315575
2026-08-08,CAN,departure,17:30,TPE Taipei,CI522,China Airlines,text,Duration: 2h 10m,,True,2026-02-17T17:22:09.315581
2026-08-08,CAN,departure,17:30,HAN Hanoi,CZ8177,China Southern,text,Duration: 2h 10m,,True,2026-02-17T17:22:09.315703
2026-08-08,CAN,departure,17:30,SHA Shanghai,MU5354,China Eastern,text,Duration: 2h 35m,,True,2026-02-17T17:22:09.315716
2026-08-08,CAN,departure,17:35,CKG Chongqing,CA4350,Air China,text,Duration: 2h 30m,,True,2026-02-17T17:22:09.315724
2026-08-08,CAN,departure,17:35,KUL Kuala Lumpur,CZ365,China Southern,text,Duration: 4h 15m,,True,2026-02-17T17:22:09.315733
2026-08-08,CAN,departure,17:35,YTY Yangzhou,ZH8909,Shenzhen Airlines,text,Duration: 2h 15m,,True,2026-02-17T17:22:09.315740
2026-08-08,CAN,departure,17:40,LUM Mangshi,MU9730,China Eastern,text,Duration: 3h 15m,,True,2026-02-17T17:22:09.315748
2026-08-08,CAN,departure,17:45,DXB Dubai,CZ383,China Southern,text,Duration: 9h 15m,,True,2026-02-17T17:22:09.315756
2026-08-08,CAN,departure,17:45,YNZ Yancheng,CZ8215,China Southern,text,Duration: 2h 40m,,True,2026-02-17T17:22:09.315763
2026-08-08,CAN,departure,17:45,NKG Nanjing,MU2718,China Eastern,text,Duration: 2h 25m,,True,2026-02-17T17:22:09.315771
2026-08-08,CAN,departure,17:45,TAO Qingdao,SC4678,Shandong Airlines,text,Duration: 2h 55m,,True,2026-02-17T17:22:09.315778
2026-08-08,CAN,departure,17:50,KMG Kunming,CZ3499,China Southern,text,Duration: 2h 35m,,True,2026-02-17T17:22:09.315786
2026-08-08,CAN,departure,17:50,NAO Nanchong,CZ3429,China Southern,text,Duration: 2h 30m,,True,2026-02-17T17:22:09.315793
2026-08-08,CAN,departure,17:50,SUB Surabaya,CZ8137,China Southern,text,Duration: 5h 10m,,True,2026-02-17T17:22:09.315801
2026-08-08,CAN,departure,17:50,XFN Xiangyang,CZ3361,China Southern,text,Duration: 2h 15m,,True,2026-02-17T17:22:09.315808
2026-08-08,CAN,departure,17:50,HGH Hangzhou,MU5216,China Eastern,text,Duration: 2h 0m,,True,2026-02-17T17:22:09.315816
2026-08-08,CAN,departure,17:55,WUX Wuxi,CZ3917,China Southern,text,Duration: 2h 30m,,True,2026-02-17T17:22:09.315824
2026-08-08,CAN,departure,17:55,YIH Yichang,CZ3299,China Southern,text,Duration: 1h 55m,,True,2026-02-17T17:22:09.315831
2026-08-08,CAN,departure,17:55,YIW Yiwu,CZ3635,China Southern,text,Duration: 2h 0m,,True,2026-02-17T17:22:09.315839
2026-08-08,CAN,departure,17:55,TAO Qingdao,MU5258,China Eastern,text,Duration: 2h 55m,,True,2026-02-17T17:22:09.315846
2026-08-08,CAN,departure,18:00,TFU Chengdu,CA4302,Air China,text,Duration: 2h 25m,,True,2026-02-17T17:22:09.315853
2026-08-08,CAN,departure,18:00,PKX Beijing,CZ3111,China Southern,text,Duration: 3h 5m,,True,2026-02-17T17:22:09.315861
2026-08-08,CAN,departure,18:00,PVG Shanghai,CZ8211,China Southern,text,Duration: 2h 30m,,True,2026-02-17T17:22:09.315869
2026-08-08,CAN,departure,18:05,SHA Shanghai,9C8856,Spring Airlines,text,Duration: 2h 5m,,True,2026-02-17T17:22:09.315876
2026-08-08,CAN,departure,18:05,BZX Bazhong,CZ8209,China Southern,text,Duration: 2h 20m,,True,2026-02-17T17:22:09.315884
2026-08-08,CAN,departure,18:05,LHW Lanzhou,HU7253,Hainan Airlines,text,Duration: 3h 0m,,True,2026-02-17T17:22:09.315892
2026-08-08,CAN,departure,18:10,HGH Hangzhou,CZ3801,China Southern,text,Duration: 2h 10m,,True,2026-02-17T17:22:09.315900
2026-08-08,CAN,departure,18:15,CTU Chengdu,CZ3427,China Southern,text,Duration: 2h 25m,,True,2026-02-17T17:22:09.315908
2026-08-08,CAN,departure,18:15,DPS Denpasar,CZ625,China Southern,text,Duration: 5h 15m,,True,2026-02-17T17:22:09.315916
2026-08-08,CAN,departure,18:15,PEK Beijing,HU7812,Hainan Airlines,text,Duration: 3h 15m,,True,2026-02-17T17:22:09.315924
2026-08-08,CAN,departure,18:15,FOC Fuzhou,MF8348,XiamenAir,text,Duration: 1h 55m,,True,2026-02-17T17:22:09.315931
2026-08-08,CAN,departure,18:15,CKG Chongqing,OQ2340,Chongqing Airlines,text,Duration: 2h 45m,,True,2026-02-17T17:22:09.315939
2026-08-08,CAN,departure,18:20,SYX Sanya,CZ6744,China Southern,text,Duration: 1h 50m,,True,2026-02-17T17:22:09.315946
2026-08-08,CAN,departure,18:20,HGH Hangzhou,ZH9983,Shenzhen Airlines,text,Duration: 1h 55m,,True,2026-02-17T17:22:09.315954
2026-08-08,CAN,departure,18:25,PVG Shanghai,HO1870,Juneyao Airlines,text,Duration: 2h 35m,,True,2026-02-17T17:22:09.315962
2026-08-08,CAN,departure,18:25,HGH Hangzhou,HU7361,Hainan Airlines,text,Duration: 2h 5m,,True,2026-02-17T17:22:09.315969
2026-08-08,CAN,departure,18:25,XMN Xiamen,MF8388,XiamenAir,text,Duration: 1h 25m,,True,2026-02-17T17:22:09.315977
2026-08-08,CAN,departure,18:25,CKG Chongqing,MU6825,China Eastern,text,Duration: 2h 5m,,True,2026-02-17T17:22:09.315985
2026-08-08,CAN,departure,18:30,HAK Haikou,CZ6792,China Southern,text,Duration: 1h 35m,,True,2026-02-17T17:22:09.315993
2026-08-08,CAN,departure,18:30,YYZ Toronto,CZ311,China Southern,text,Duration: 15h 0m,,True,2026-02-17T17:22:09.316000
2026-08-08,CAN,departure,18:30,SHA Shanghai,MU5314,China Eastern,text,Duration: 2h 30m,,True,2026-02-17T17:22:09.316008
2026-08-08,CAN,departure,18:35,SHE Shenyang,CZ6340,China Southern,text,Duration: 3h 55m,,True,2026-02-17T17:22:09.316015
2026-08-08,CAN,departure,18:40,PEK Beijing,CA1328,Air China,text,Duration: 3h 15m,,True,2026-02-17T17:22:09.316023
2026-08-08,CAN,departure,18:40,DYG Dayong,CZ3381,China Southern,text,Duration: 1h 50m,,True,2026-02-17T17:22:09.316031
2026-08-08,CAN,departure,18:40,HRB Harbin,CZ5393,China Southern,text,Duration: 4h 20m,,True,2026-02-17T17:22:09.316040
2026-08-08,CAN,departure,18:40,NKG Nanjing,CZ3507,China Southern,text,Duration: 2h 20m,,True,2026-02-17T17:22:09.316048
2026-08-08,CAN,departure,18:50,KMG Kunming,MU5734,China Eastern,text,Duration: 2h 40m,,True,2026-02-17T17:22:09.316055
2026-08-08,CAN,departure,18:55,HGH Hangzhou,CA1796,Air China,text,Duration: 2h 15m,,True,2026-02-17T17:22:09.316063
2026-08-08,CAN,departure,18:55,AQG Anqing,CZ3319,China Southern,text,Duration: 2h 0m,,True,2026-02-17T17:22:09.316071
2026-08-08,CAN,departure,19:00,HFE Hefei,CZ3817,China Southern,text,Duration: 2h 5m,,True,2026-02-17T17:22:09.316079
2026-08-08,CAN,departure,19:00,PEN Penang,CZ8073,China Southern,text,Duration: 3h 55m,,True,2026-02-17T17:22:09.316087
2026-08-08,CAN,departure,19:00,PKX Beijing,CZ3105,China Southern,text,Duration: 3h 10m,,True,2026-02-17T17:22:09.316222
2026-08-08,CAN,departure,19:00,HAK Haikou,HU7006,Hainan Airlines,text,Duration: 1h 35m,,True,2026-02-17T17:22:09.316233
2026-08-08,CAN,departure,19:05,CKG Chongqing,3U8746,Sichuan Airlines,text,Duration: 1h 50m,,True,2026-02-17T17:22:09.316241
2026-08-08,CAN,departure,19:05,CTU Chengdu,CA4334,Air China,text,Duration: 2h 55m,,True,2026-02-17T17:22:09.316249
2026-08-08,CAN,departure,19:05,KWE Guiyang,CZ6411,China Southern,text,Duration: 1h 50m,,True,2026-02-17T17:22:09.316256
2026-08-08,CAN,departure,19:05,CKG Chongqing,OQ2129,Chongqing Airlines,text,Duration: 2h 25m,,True,2026-02-17T17:22:09.316264
2026-08-08,CAN,departure,19:10,HGH Hangzhou,CZ3819,China Southern,text,Duration: 2h 10m,,True,2026-02-17T17:22:09.316271
2026-08-08,CAN,departure,19:10,KMG Kunming,CZ3489,China Southern,text,Duration: 2h 30m,,True,2026-02-17T17:22:09.316279
2026-08-08,CAN,departure,19:10,CZX Changzhou,MU2948,China Eastern,text,Duration: 2h 10m,,True,2026-02-17T17:22:09.316287
2026-08-08,CAN,departure,19:15,CGK Jakarta,CZ387,China Southern,text,Duration: 5h 10m,,True,2026-02-17T17:22:09.316294
2026-08-08,CAN,departure,19:15,SHS Shashi,CZ6659,China Southern,text,Duration: 1h 50m,,True,2026-02-17T17:22:09.316302
2026-08-08,CAN,departure,19:15,URC Urumqi,CZ6884,China Southern,text,Duration: 5h 20m,,True,2026-02-17T17:22:09.316309
2026-08-08,CAN,departure,19:15,PEK Beijing,HU7814,Hainan Airlines,text,Duration: 3h 10m,,True,2026-02-17T17:22:09.316317
2026-08-08,CAN,departure,19:20,SYX Sanya,AQ1111,9 Air,text,Duration: 1h 35m,,True,2026-02-17T17:22:09.316324
2026-08-08,CAN,departure,19:20,TSN Tianjin,CA2804,Air China,text,Duration: 3h 15m,,True,2026-02-17T17:22:09.316331
2026-08-08,CAN,departure,19:20,DLC Dalian,CZ3608,China Southern,text,Duration: 3h 20m,,True,2026-02-17T17:22:09.316339
2026-08-08,CAN,departure,19:20,SYX Sanya,CZ6738,China Southern,text,Duration: 1h 35m,,True,2026-02-17T17:22:09.316347
2026-08-08,CAN,departure,19:20,BAH Bahrain,GF123,Gulf Air,text,Duration: 8h 40m,,True,2026-02-17T17:22:09.316355
2026-08-08,CAN,departure,19:20,WNZ Wenzhou,ZH9963,Shenzhen Airlines,text,Duration: 1h 40m,,True,2026-02-17T17:22:09.316362
2026-08-08,CAN,departure,19:25,NGB Ningbo,CZ3371,China Southern,text,Duration: 2h 5m,,True,2026-02-17T17:22:09.316370
2026-08-08,CAN,departure,19:25,SIN Singapore,CZ351,China Southern,text,Duration: 4h 5m,,True,2026-02-17T17:22:09.316377
2026-08-08,CAN,departure,19:25,XIY Xian,CZ3231,China Southern,text,Duration: 2h 40m,,True,2026-02-17T17:22:09.316385
2026-08-08,CAN,departure,19:30,DOH Doha,CZ333,China Southern,text,Duration: 8h 20m,,True,2026-02-17T17:22:09.316393
2026-08-08,CAN,departure,19:30,SHA Shanghai,FM9318,Shanghai Airlines,text,Duration: 2h 10m,,True,2026-02-17T17:22:09.316401
2026-08-08,CAN,departure,19:30,WUX Wuxi,ZH9831,Shenzhen Airlines,text,Duration: 2h 20m,,True,2026-02-17T17:22:09.316409
2026-08-08,CAN,departure,19:35,DAC Dhaka,CZ391,China Southern,text,Duration: 4h 15m,,True,2026-02-17T17:22:09.316417
2026-08-08,CAN,departure,19:35,HRB Harbin,CZ3905,China Southern,text,Duration: 4h 15m,,True,2026-02-17T17:22:09.316423
2026-08-08,CAN,departure,19:35,TSN Tianjin,GS7926,Tianjin Airlines,text,Duration: 3h 5m,,True,2026-02-17T17:22:09.316429
2026-08-08,CAN,departure,19:40,CKG Chongqing,AQ1101,9 Air,text,Duration: 2h 15m,,True,2026-02-17T17:22:09.316436
2026-08-08,CAN,departure,19:40,PEK Beijing,CA1302,Air China,text,Duration: 3h 15m,,True,2026-02-17T17:22:09.316443
2026-08-08,CAN,departure,19:40,PKX Beijing,MU6310,China Eastern,text,Duration: 3h 20m,,True,2026-02-17T17:22:09.316449
2026-08-08,CAN,departure,19:40,TFU Chengdu,MU6186,China Eastern,text,Duration: 2h 10m,,True,2026-02-17T17:22:09.316455
2026-08-08,CAN,departure,19:45,CGQ Changchun,CZ6852,China Southern,text,Duration: 4h 20m,,True,2026-02-17T17:22:09.316461
2026-08-08,CAN,departure,19:45,HET Hohhot,CZ3181,China Southern,text,Duration: 3h 10m,,True,2026-02-17T17:22:09.316467
2026-08-08,CAN,departure,19:45,CKG Chongqing,HU7241,Hainan Airlines,text,Duration: 2h 15m,,True,2026-02-17T17:22:09.316473
2026-08-08,CAN,departure,19:45,LHW Lanzhou,MU2306,China Eastern,text,Duration: 3h 5m,,True,2026-02-17T17:22:09.316480
2026-08-08,CAN,departure,19:50,HKT Phuket,CZ6057,China Southern,text,Duration: 3h 40m,,True,2026-02-17T17:22:09.316486
2026-08-08,CAN,departure,19:55,CKG Chongqing,CA4342,Air China,text,Duration: 2h 10m,,True,2026-02-17T17:22:09.316493
2026-08-08,CAN,departure,19:55,WXN Wanxian,CA4390,Air China,text,Duration: 1h 55m,,True,2026-02-17T17:22:09.316499
2026-08-08,CAN,departure,19:55,KTM Kathmandu,CZ3067,China Southern,text,Duration: 4h 50m,,True,2026-02-17T17:22:09.316505
2026-08-08,CAN,departure,19:55,KUL Kuala Lumpur,CZ5035,China Southern,text,Duration: 4h 20m,,True,2026-02-17T17:22:09.316512
2026-08-08,CAN,departure,19:55,PKX Beijing,KN5322,China United Airlines,text,Duration: 2h 45m,,True,2026-02-17T17:22:09.316519
2026-08-08,CAN,departure,20:00,PKX Beijing,CZ3161,China Southern,text,Duration: 3h 10m,,True,2026-02-17T17:22:09.316525
2026-08-08,CAN,departure,20:00,SHA Shanghai,CZ3595,China Southern,text,Duration: 2h 20m,,True,2026-02-17T17:22:09.316531
2026-08-08,CAN,departure,20:00,TSN Tianjin,CZ3349,China Southern,text,Duration: 2h 55m,,True,2026-02-17T17:22:09.316537
2026-08-08,CAN,departure,20:00,PVG Shanghai,FM9320,Shanghai Airlines,text,Duration: 2h 20m,,True,2026-02-17T17:22:09.316544
2026-08-08,CAN,departure,20:00,XIY Xian,HU7858,Hainan Airlines,text,Duration: 2h 45m,,True,2026-02-17T17:22:09.316550
2026-08-08,CAN,departure,20:00,KTI Phnom Penh,KR936,Cambodia Airways,text,Duration: 2h 50m,,True,2026-02-17T17:22:09.316556
2026-08-08,CAN,departure,20:05,BKK Bangkok,CZ361,China Southern,text,Duration: 2h 55m,,True,2026-02-17T17:22:09.316563
2026-08-08,CAN,departure,20:05,FOC Fuzhou,CZ3647,China Southern,text,Duration: 1h 35m,,True,2026-02-17T17:22:09.316569
2026-08-08,CAN,departure,20:05,XMN Xiamen,CZ3805,China Southern,text,Duration: 1h 25m,,True,2026-02-17T17:22:09.316724
2026-08-08,CAN,departure,20:10,HGH Hangzhou,CZ3849,China Southern,text,Duration: 2h 15m,,True,2026-02-17T17:22:09.316740
2026-08-08,CAN,departure,20:10,NKG Nanjing,CZ3871,China Southern,text,Duration: 2h 20m,,True,2026-02-17T17:22:09.316752
2026-08-08,CAN,departure,20:10,WNZ Wenzhou,CZ3675,China Southern,text,Duration: 1h 45m,,True,2026-02-17T17:22:09.316763
2026-08-08,CAN,departure,20:10,TNA Jinan,SC1172,Shandong Airlines,text,Duration: 2h 45m,,True,2026-02-17T17:22:09.316774
2026-08-08,CAN,departure,20:15,CGD Changde,CZ3247,China Southern,text,Duration: 1h 30m,,True,2026-02-17T17:22:09.316786
2026-08-08,CAN,departure,20:15,CTU Chengdu,CZ3413,China Southern,text,Duration: 2h 25m,,True,2026-02-17T17:22:09.316796
2026-08-08,CAN,departure,20:15,SGN Ho Chi Minh City,CZ367,China Southern,text,Duration: 2h 45m,,True,2026-02-17T17:22:09.316808
2026-08-08,CAN,departure,20:15,SJW Shijiazhuang,CZ3131,China Southern,text,Duration: 2h 40m,,True,2026-02-17T17:22:09.316819
2026-08-08,CAN,departure,20:15,TYN Taiyuan,CZ3377,China Southern,text,Duration: 2h 40m,,True,2026-02-17T17:22:09.316830
2026-08-08,CAN,departure,20:15,SHA Shanghai,HO1868,Juneyao Airlines,text,Duration: 2h 10m,,True,2026-02-17T17:22:09.316843
2026-08-08,CAN,departure,20:15,LJG Lijiang,JD5131,Capital Airlines,text,Duration: 2h 35m,,True,2026-02-17T17:22:09.316856
2026-08-08,CAN,departure,20:15,TAO Qingdao,SC4676,Shandong Airlines,text,Duration: 2h 55m,,True,2026-02-17T17:22:09.316867
2026-08-08,CAN,departure,20:20,JDZ Jingdezhen,ZH9997,Shenzhen Airlines,text,Duration: 1h 45m,,True,2026-02-17T17:22:09.316879
2026-08-08,CAN,departure,20:25,CTU Chengdu,3U8740,Sichuan Airlines,text,Duration: 2h 35m,,True,2026-02-17T17:22:09.316893
2026-08-08,CAN,departure,20:25,XIY Xian,CZ3211,China Southern,text,Duration: 2h 40m,,True,2026-02-17T17:22:09.316906
2026-08-08,CAN,departure,20:25,PKX Beijing,JD5922,Capital Airlines,text,Duration: 3h 0m,,True,2026-02-17T17:22:09.316919
2026-08-08,CAN,departure,20:30,HAK Haikou,CZ6784,China Southern,text,Duration: 1h 40m,,True,2026-02-17T17:22:09.316932
2026-08-08,CAN,departure,20:30,LHW Lanzhou,CZ3251,China Southern,text,Duration: 3h 15m,,True,2026-02-17T17:22:09.316945
2026-08-08,CAN,departure,20:30,MNL Manila,CZ3077,China Southern,text,Duration: 2h 45m,,True,2026-02-17T17:22:09.316957
2026-08-08,CAN,departure,20:30,WUH Wuhan,CZ6589,China Southern,text,Duration: 1h 45m,,True,2026-02-17T17:22:09.316968
2026-08-08,CAN,departure,20:30,SHA Shanghai,MU5318,China Eastern,text,Duration: 2h 15m,,True,2026-02-17T17:22:09.316982
2026-08-08,CAN,departure,20:35,CKG Chongqing,CZ3439,China Southern,text,Duration: 2h 5m,,True,2026-02-17T17:22:09.316988
2026-08-08,CAN,departure,20:35,HIA Huai'an,CZ3995,China Southern,text,Duration: 2h 30m,,True,2026-02-17T17:22:09.316998
2026-08-08,CAN,departure,20:40,HFE Hefei,AQ1127,9 Air,text,Duration: 2h 0m,,True,2026-02-17T17:22:09.317005
2026-08-08,CAN,departure,20:40,PEK Beijing,CA1366,Air China,text,Duration: 3h 15m,,True,2026-02-17T17:22:09.317016
2026-08-08,CAN,departure,20:40,LYI Linyi,CZ3991,China Southern,text,Duration: 2h 35m,,True,2026-02-17T17:22:09.317026
2026-08-08,CAN,departure,20:40,PVG Shanghai,HU7231,Hainan Airlines,text,Duration: 2h 20m,,True,2026-02-17T17:22:09.317032
2026-08-08,CAN,departure,20:45,HRB Harbin,CZ8720,China Southern,text,Duration: 4h 5m,,True,2026-02-17T17:22:09.317039
2026-08-08,CAN,departure,20:45,NGB Ningbo,CZ3671,China Southern,text,Duration: 2h 0m,,True,2026-02-17T17:22:09.317046
2026-08-08,CAN,departure,20:50,TAO Qingdao,CZ3715,China Southern,text,Duration: 3h 5m,,True,2026-02-17T17:22:09.317055
2026-08-08,CAN,departure,20:50,PKX Beijing,MU6312,China Eastern,text,Duration: 3h 15m,,True,2026-02-17T17:22:09.317068
2026-08-08,CAN,departure,20:55,PVG Shanghai,CA1866,Air China,text,Duration: 2h 25m,,True,2026-02-17T17:22:09.317079
2026-08-08,CAN,departure,20:55,HGH Hangzhou,MU5218,China Eastern,text,Duration: 2h 15m,,True,2026-02-17T17:22:09.317090
2026-08-08,CAN,departure,21:00,CTU Chengdu,CA4304,Air China,text,Duration: 2h 30m,,True,2026-02-17T17:22:09.317104
2026-08-08,CAN,departure,21:00,KUL Kuala Lumpur,CZ8071,China Southern,text,Duration: 4h 10m,,True,2026-02-17T17:22:09.317116
2026-08-08,CAN,departure,21:00,PKX Beijing,CZ3107,China Southern,text,Duration: 3h 10m,,True,2026-02-17T17:22:09.317130
2026-08-08,CAN,departure,21:00,SYD Sydney,CZ325,China Southern,text,Duration: 9h 25m,,True,2026-02-17T17:22:09.317141
2026-08-08,CAN,departure,21:00,HAK Haikou,HU7010,Hainan Airlines,text,Duration: 1h 30m,,True,2026-02-17T17:22:09.317152
2026-08-08,CAN,departure,21:00,TFU Chengdu,ZH9445,Shenzhen Airlines,text,Duration: 2h 25m,,True,2026-02-17T17:22:09.317167
2026-08-08,CAN,departure,21:05,CSX Changsha,CZ6043,China Southern,text,Duration: 1h 25m,,True,2026-02-17T17:22:09.317179
2026-08-08,CAN,departure,21:05,DLC Dalian,CZ6468,China Southern,text,Duration: 3h 20m,,True,2026-02-17T17:22:09.317190
2026-08-08,CAN,departure,21:05,SHE Shenyang,CZ3601,China Southern,text,Duration: 3h 50m,,True,2026-02-17T17:22:09.317196
2026-08-08,CAN,departure,21:05,NKG Nanjing,ZH9877,Shenzhen Airlines,text,Duration: 2h 10m,,True,2026-02-17T17:22:09.317203
2026-08-08,CAN,departure,21:10,BKI Kota Kinabalu,CZ8483,China Southern,text,Duration: 3h 20m,,True,2026-02-17T17:22:09.317213
2026-08-08,CAN,departure,21:10,TNA Jinan,CZ3663,China Southern,text,Duration: 2h 40m,,True,2026-02-17T17:22:09.317222
2026-08-08,CAN,departure,21:10,PKX Beijing,MF8340,XiamenAir,text,Duration: 3h 0m,,True,2026-02-17T17:22:09.317229
2026-08-08,CAN,departure,21:10,TNA Jinan,SC1176,Shandong Airlines,text,Duration: 2h 35m,,True,2026-02-17T17:22:09.317235
2026-08-08,CAN,departure,21:10,WUX Wuxi,ZH9833,Shenzhen Airlines,text,Duration: 2h 25m,,True,2026-02-17T17:22:09.317241
2026-08-08,CAN,departure,21:15,BNE Brisbane,CZ381,China Southern,text,Duration: 9h 0m,,True,2026-02-17T17:22:09.317248
2026-08-08,CAN,departure,21:15,PEK Beijing,HU7816,Hainan Airlines,text,Duration: 3h 0m,,True,2026-02-17T17:22:09.317380
2026-08-08,CAN,departure,21:15,NKG Nanjing,ZH9875,Shenzhen Airlines,text,Duration: 2h 40m,,True,2026-02-17T17:22:09.317388
2026-08-08,CAN,departure,21:20,MEL Melbourne,CZ321,China Southern,text,Duration: 9h 20m,,True,2026-02-17T17:22:09.317395
2026-08-08,CAN,departure,21:20,NNG Nanning,CZ3291,China Southern,text,Duration: 1h 55m,,True,2026-02-17T17:22:09.317401
2026-08-08,CAN,departure,21:20,KMG Kunming,KY8282,Kunming Airlines,text,Duration: 2h 45m,,True,2026-02-17T17:22:09.317408
2026-08-08,CAN,departure,21:20,TNA Jinan,SC1174,Shandong Airlines,text,Duration: 2h 50m,,True,2026-02-17T17:22:09.317414
2026-08-08,CAN,departure,21:25,KUL Kuala Lumpur,AQ1271,9 Air,text,Duration: 4h 15m,,True,2026-02-17T17:22:09.317420
2026-08-08,CAN,departure,21:25,XIY Xian,CZ3217,China Southern,text,Duration: 2h 50m,,True,2026-02-17T17:22:09.317427
2026-08-08,CAN,departure,21:25,HGH Hangzhou,MF8312,XiamenAir,text,Duration: 2h 15m,,True,2026-02-17T17:22:09.317433
2026-08-08,CAN,departure,21:30,KMG Kunming,8L9976,Lucky Air,text,Duration: 2h 45m,,True,2026-02-17T17:22:09.317440
2026-08-08,CAN,departure,21:30,CGO Zhengzhou,CZ3390,China Southern,text,Duration: 2h 25m,,True,2026-02-17T17:22:09.317446
2026-08-08,CAN,departure,21:30,HYN Taizhou,CZ8261,China Southern,text,Duration: 2h 0m,,True,2026-02-17T17:22:09.317452
2026-08-08,CAN,departure,21:30,LAX Los Angeles,CZ327,China Southern,text,Duration: 13h 10m,,True,2026-02-17T17:22:09.317459
2026-08-08,CAN,departure,21:30,SHA Shanghai,MU9200,China Eastern,text,Duration: 2h 25m,,True,2026-02-17T17:22:09.317466
2026-08-08,CAN,departure,21:30,XIY Xian,ZH9225,Shenzhen Airlines,text,Duration: 2h 50m,,True,2026-02-17T17:22:09.317472
2026-08-08,CAN,departure,21:35,SHA Shanghai,9C8932,Spring Airlines,text,Duration: 2h 15m,,True,2026-02-17T17:22:09.317478
2026-08-08,CAN,departure,21:40,KMG Kunming,CZ3419,China Southern,text,Duration: 2h 30m,,True,2026-02-17T17:22:09.317485
2026-08-08,CAN,departure,21:40,LZO Luzhou,CZ3949,China Southern,text,Duration: 2h 10m,,True,2026-02-17T17:22:09.317491
2026-08-08,CAN,departure,21:40,SHA Shanghai,HO1852,Juneyao Airlines,text,Duration: 2h 15m,,True,2026-02-17T17:22:09.317497
2026-08-08,CAN,departure,21:50,TNA Jinan,MU5260,China Eastern,text,Duration: 2h 40m,,True,2026-02-17T17:22:09.317504
2026-08-08,CAN,departure,21:55,XUZ Xuzhou,CZ6281,China Southern,text,Duration: 2h 25m,,True,2026-02-17T17:22:09.317510
2026-08-08,CAN,departure,22:00,KUL Kuala Lumpur,AK117,AirAsia,text,Duration: 4h 15m,,True,2026-02-17T17:22:09.317517
2026-08-08,CAN,departure,22:00,PVG Shanghai,CZ3586,China Southern,text,Duration: 2h 20m,,True,2026-02-17T17:22:09.317524
2026-08-08,CAN,departure,22:00,WNZ Wenzhou,CZ3769,China Southern,text,Duration: 1h 40m,,True,2026-02-17T17:22:09.317530
2026-08-08,CAN,departure,22:00,YIW Yiwu,CZ3886,China Southern,text,Duration: 1h 55m,,True,2026-02-17T17:22:09.317536
2026-08-08,CAN,departure,22:05,NNY Nanyang,CZ3383,China Southern,text,Duration: 2h 5m,,True,2026-02-17T17:22:09.317542
2026-08-08,CAN,departure,22:05,SYX Sanya,CZ6736,China Southern,text,Duration: 1h 45m,,True,2026-02-17T17:22:09.317548
2026-08-08,CAN,departure,22:05,TYN Taiyuan,HU7249,Hainan Airlines,text,Duration: 2h 40m,,True,2026-02-17T17:22:09.317555
2026-08-08,CAN,departure,22:05,NTG Nantong,ZH8695,Shenzhen Airlines,text,Duration: 2h 15m,,True,2026-02-17T17:22:09.317560
2026-08-08,CAN,departure,22:10,HAN Hanoi,CZ371,China Southern,text,Duration: 2h 5m,,True,2026-02-17T17:22:09.317567
2026-08-08,CAN,departure,22:10,HFE Hefei,CZ3815,China Southern,text,Duration: 2h 15m,,True,2026-02-17T17:22:09.317573
2026-08-08,CAN,departure,22:10,KHN Nanchang,CZ3343,China Southern,text,Duration: 1h 35m,,True,2026-02-17T17:22:09.317579
2026-08-08,CAN,departure,22:10,BKK Bangkok,KQ887,Kenya Airways,text,Duration: 2h 25m,,True,2026-02-17T17:22:09.317585
2026-08-08,CAN,departure,22:15,INC Yinchuan,CZ3253,China Southern,text,Duration: 2h 55m,,True,2026-02-17T17:22:09.317592
2026-08-08,CAN,departure,22:15,KTI Phnom Penh,CZ323,China Southern,text,Duration: 2h 55m,,True,2026-02-17T17:22:09.317598
2026-08-08,CAN,departure,22:15,KWE Guiyang,CZ3662,China Southern,text,Duration: 1h 40m,,True,2026-02-17T17:22:09.317604
2026-08-08,CAN,departure,22:15,SWA Jieyang,CZ3896,China Southern,text,Duration: 1h 15m,,True,2026-02-17T17:22:09.317610
2026-08-08,CAN,departure,22:15,CGO Zhengzhou,ZH8903,Shenzhen Airlines,text,Duration: 2h 20m,,True,2026-02-17T17:22:09.317617
2026-08-08,CAN,departure,22:20,HKG Hong Kong,CX989,Cathay Pacific,text,Duration: 1h 20m,,True,2026-02-17T17:22:09.317623
2026-08-08,CAN,departure,22:20,CZX Changzhou,CZ3993,China Southern,text,Duration: 2h 15m,,True,2026-02-17T17:22:09.317629
2026-08-08,CAN,departure,22:20,CKG Chongqing,OQ2326,Chongqing Airlines,text,Duration: 2h 10m,,True,2026-02-17T17:22:09.317635
2026-08-08,CAN,departure,22:25,YTY Yangzhou,CZ3957,China Southern,text,Duration: 2h 20m,,True,2026-02-17T17:22:09.317641
2026-08-08,CAN,departure,22:25,KMG Kunming,MU5740,China Eastern,text,Duration: 2h 30m,,True,2026-02-17T17:22:09.317647
2026-08-08,CAN,departure,22:30,HAK Haikou,CZ6788,China Southern,text,Duration: 1h 15m,,True,2026-02-17T17:22:09.317653
2026-08-08,CAN,departure,22:30,WUH Wuhan,CZ3367,China Southern,text,Duration: 1h 50m,,True,2026-02-17T17:22:09.317664
2026-08-08,CAN,departure,22:35,HGH Hangzhou,GJ8996,Loong Air,text,Duration: 2h 10m,,True,2026-02-17T17:22:09.317679
2026-08-08,CAN,departure,22:55,SFO San Francisco,CZ657,China Southern,text,Duration: 12h 45m,,True,2026-02-17T17:22:09.317686
2026-08-08,CAN,departure,23:00,HGH Hangzhou,3U3154,Sichuan Airlines,text,Duration: 1h 50m,,True,2026-02-17T17:22:09.317692
2026-08-08,CAN,departure,23:00,BAR Qionghai,AQ1145,9 Air,text,Duration: 1h 35m,,True,2026-02-17T17:22:09.317698
2026-08-08,CAN,departure,23:00,CSX Changsha,CZ5592,China Southern,text,Duration: 1h 35m,,True,2026-02-17T17:22:09.317704
2026-08-08,CAN,departure,23:00,HAK Haikou,HU7012,Hainan Airlines,text,Duration: 2h 0m,,True,2026-02-17T17:22:09.317823
2026-08-08,CAN,departure,23:00,SYX Sanya,HU7310,Hainan Airlines,text,Duration: 1h 35m,,True,2026-02-17T17:22:09.317833
2026-08-08,CAN,departure,23:00,NKG Nanjing,MU9768,China Eastern,text,Duration: 2h 20m,,True,2026-02-17T17:22:09.317840
2026-08-08,CAN,departure,23:00,IST Istanbul,TK73,Turkish Airlines,text,Duration: 11h 30m,,True,2026-02-17T17:22:09.317847
2026-08-08,CAN,departure,23:05,CGO Zhengzhou,CZ3960,China Southern,text,Duration: 2h 20m,,True,2026-02-17T17:22:09.317853
2026-08-08,CAN,departure,23:05,SIN Singapore,CZ8489,China Southern,text,Duration: 4h 0m,,True,2026-02-17T17:22:09.317859
2026-08-08,CAN,departure,23:05,BKK Bangkok,MU2077,China Eastern,text,Duration: 3h 10m,,True,2026-02-17T17:22:09.317865
2026-08-08,CAN,departure,23:05,SJW Shijiazhuang,NS3658,Hebei Airlines,text,Duration: 2h 30m,,True,2026-02-17T17:22:09.317872
2026-08-08,CAN,departure,23:05,CGO Zhengzhou,PN6380,West Air (China),text,Duration: 2h 20m,,True,2026-02-17T17:22:09.317878
2026-08-08,CAN,departure,23:10,BHY Beihai,CZ3353,China Southern,text,Duration: 1h 25m,,True,2026-02-17T17:22:09.317884
2026-08-08,CAN,departure,23:10,CGD Changde,CZ3229,China Southern,text,Duration: 1h 30m,,True,2026-02-17T17:22:09.317890
2026-08-08,CAN,departure,23:10,ZHA Zhanjiang,CZ3329,China Southern,text,Duration: 1h 15m,,True,2026-02-17T17:22:09.317898
2026-08-08,CAN,departure,23:20,CAI Cairo,MS959,EgyptAir,text,Duration: 10h 30m,,True,2026-02-17T17:22:09.317905
2026-08-08,CAN,departure,23:30,BKK Bangkok,AQ1265,9 Air,text,Duration: 2h 55m,,True,2026-02-17T17:22:09.317912
2026-08-08,CAN,departure,23:30,HAK Haikou,CZ6776,China Southern,text,Duration: 1h 25m,,True,2026-02-17T17:22:09.317918
2026-08-08,CAN,departure,23:30,XIY Xian,MU2304,China Eastern,text,Duration: 2h 25m,,True,2026-02-17T17:22:09.317924
2026-08-08,CAN,departure,23:30,IKA Tehran,W580,Mahan Air,text,Duration: 9h 30m,,True,2026-02-17T17:22:09.317930
2026-08-08,CAN,departure,23:35,BKK Bangkok,CZ3035,China Southern,text,Duration: 2h 55m,,True,2026-02-17T17:22:09.317936
2026-08-08,CAN,departure,23:35,SGN Ho Chi Minh City,CZ6089,China Southern,text,Duration: 3h 0m,,True,2026-02-17T17:22:09.317944
2026-08-08,CAN,departure,23:40,CKG Chongqing,PN6206,West Air (China),text,Duration: 2h 15m,,True,2026-02-17T17:22:09.317950
2026-08-08,CAN,arrival,00:05,BKK Bangkok,CZ8020,China Southern,text,Duration: 3h 10m,,True,2026-02-17T17:23:12.942899
2026-08-08,CAN,arrival,00:05,XMN Xiamen,CZ3806,China Southern,text,Duration: 1h 35m,,True,2026-02-17T17:23:12.942916
2026-08-08,CAN,arrival,00:05,HET Hohhot,GJ8568,Loong Air,text,Duration: 3h 15m,,True,2026-02-17T17:23:12.942924
2026-08-08,CAN,arrival,00:05,HGH Hangzhou,HU7362,Hainan Airlines,text,Duration: 2h 20m,,True,2026-02-17T17:23:12.942931
2026-08-08,CAN,arrival,00:05,ICN Seoul,OZ357,Asiana,text,Duration: 3h 55m,,True,2026-02-17T17:23:12.942938
2026-08-08,CAN,arrival,00:10,NKG Nanjing,AQ1030,9 Air,text,Duration: 2h 40m,,True,2026-02-17T17:23:12.942946
2026-08-08,CAN,arrival,00:10,XIY Xian,HU7827,Hainan Airlines,text,Duration: 2h 40m,,True,2026-02-17T17:23:12.942952
2026-08-08,CAN,arrival,00:10,SHA Shanghai,MU5319,China Eastern,text,Duration: 2h 15m,,True,2026-02-17T17:23:12.942959
2026-08-08,CAN,arrival,00:15,SJW Shijiazhuang,9C8900,Spring Airlines,text,Duration: 3h 30m,,True,2026-02-17T17:23:12.942966
2026-08-08,CAN,arrival,00:15,SHA Shanghai,CZ3582,China Southern,text,Duration: 2h 25m,,True,2026-02-17T17:23:12.942973
2026-08-08,CAN,arrival,00:15,HGH Hangzhou,GJ8859,Loong Air,text,Duration: 2h 25m,,True,2026-02-17T17:23:12.942979
2026-08-08,CAN,arrival,00:15,SHA Shanghai,HO1853,Juneyao Airlines,text,Duration: 2h 20m,,True,2026-02-17T17:23:12.942985
2026-08-08,CAN,arrival,00:15,SIN Singapore,SQ852,Singapore Airlines,text,Duration: 4h 25m,,True,2026-02-17T17:23:12.942991
2026-08-08,CAN,arrival,00:20,SYX Sanya,AQ1112,9 Air,text,Duration: 1h 50m,,True,2026-02-17T17:23:12.942997
2026-08-08,CAN,arrival,00:20,TSN Tianjin,BK2788,OkAir,text,Duration: 3h 5m,,True,2026-02-17T17:23:12.943004
2026-08-08,CAN,arrival,00:20,PEK Beijing,CA1329,Air China,text,Duration: 3h 20m,,True,2026-02-17T17:23:12.943014
2026-08-08,CAN,arrival,00:20,NKG Nanjing,CZ3508,China Southern,text,Duration: 2h 20m,,True,2026-02-17T17:23:12.943021
2026-08-08,CAN,arrival,00:20,CGQ Changchun,ZH9696,Shenzhen Airlines,text,Duration: 4h 45m,,True,2026-02-17T17:23:12.943027
2026-08-08,CAN,arrival,00:20,HAK Haikou,ZH8994,Shenzhen Airlines,text,Duration: 1h 15m,,True,2026-02-17T17:23:12.943034
2026-08-08,CAN,arrival,00:25,SHA Shanghai,9C6883,Spring Airlines,text,Duration: 2h 40m,,True,2026-02-17T17:23:12.943045
2026-08-08,CAN,arrival,00:25,LYG Lianyungang,AQ1180,9 Air,text,Duration: 3h 5m,,True,2026-02-17T17:23:12.943052
2026-08-08,CAN,arrival,00:25,FOC Fuzhou,CZ3648,China Southern,text,Duration: 1h 55m,,True,2026-02-17T17:23:12.943059
2026-08-08,CAN,arrival,00:25,HFE Hefei,CZ3818,China Southern,text,Duration: 2h 20m,,True,2026-02-17T17:23:12.943066
2026-08-08,CAN,arrival,00:25,PVG Shanghai,CZ8212,China Southern,text,Duration: 2h 30m,,True,2026-02-17T17:23:12.943073
2026-08-08,CAN,arrival,00:25,ENH Enshi,GJ6032,Loong Air,text,Duration: 1h 50m,,True,2026-02-17T17:23:12.943079
2026-08-08,CAN,arrival,00:25,CKG Chongqing,OQ2130,Chongqing Airlines,text,Duration: 1h 50m,,True,2026-02-17T17:23:12.943086
2026-08-08,CAN,arrival,00:30,KUL Kuala Lumpur,AK118,AirAsia,text,Duration: 4h 15m,,True,2026-02-17T17:23:12.943093
2026-08-08,CAN,arrival,00:30,PKX Beijing,CA8678,Air China,text,Duration: 3h 15m,,True,2026-02-17T17:23:12.943100
2026-08-08,CAN,arrival,00:30,CTU Chengdu,CZ3428,China Southern,text,Duration: 2h 30m,,True,2026-02-17T17:23:12.943106
2026-08-08,CAN,arrival,00:30,TFU Chengdu,JD5162,Capital Airlines,text,Duration: 2h 0m,,True,2026-02-17T17:23:12.943113
2026-08-08,CAN,arrival,00:35,JHG Jinghong,AQ1042,9 Air,text,Duration: 2h 25m,,True,2026-02-17T17:23:12.943123
2026-08-08,CAN,arrival,00:40,WXN Wanxian,CA4389,Air China,text,Duration: 2h 5m,,True,2026-02-17T17:23:12.943135
2026-08-08,CAN,arrival,00:40,TAO Qingdao,CZ3610,China Southern,text,Duration: 3h 15m,,True,2026-02-17T17:23:12.943147
2026-08-08,CAN,arrival,00:40,CGO Zhengzhou,GJ8584,Loong Air,text,Duration: 2h 40m,,True,2026-02-17T17:23:12.943161
2026-08-08,CAN,arrival,00:40,HGH Hangzhou,JD5270,Capital Airlines,text,Duration: 2h 30m,,True,2026-02-17T17:23:12.943170
2026-08-08,CAN,arrival,00:40,DIG Diqing,MU5773,China Eastern,text,Duration: 3h 0m,,True,2026-02-17T17:23:12.943177
2026-08-08,CAN,arrival,00:40,WUX Wuxi,MU2907,China Eastern,text,Duration: 2h 20m,,True,2026-02-17T17:23:12.943183
2026-08-08,CAN,arrival,00:45,PKX Beijing,AQ1002,9 Air,text,Duration: 3h 25m,,True,2026-02-17T17:23:12.943190
2026-08-08,CAN,arrival,00:45,WNZ Wenzhou,CZ3676,China Southern,text,Duration: 2h 0m,,True,2026-02-17T17:23:12.943197
2026-08-08,CAN,arrival,00:50,KMG Kunming,AQ1120,9 Air,text,Duration: 1h 55m,,True,2026-02-17T17:23:12.943203
2026-08-08,CAN,arrival,00:50,NGB Ningbo,CZ3372,China Southern,text,Duration: 2h 30m,,True,2026-02-17T17:23:12.943209
2026-08-08,CAN,arrival,00:50,PKX Beijing,CZ3114,China Southern,text,Duration: 3h 20m,,True,2026-02-17T17:23:12.943215
2026-08-08,CAN,arrival,00:50,PVG Shanghai,MU5313,China Eastern,text,Duration: 2h 30m,,True,2026-02-17T17:23:12.943222
2026-08-08,CAN,arrival,00:55,HRB Harbin,CZ3624,China Southern,text,Duration: 4h 40m,,True,2026-02-17T17:23:12.943228
2026-08-08,CAN,arrival,00:55,LHW Lanzhou,HU7254,Hainan Airlines,text,Duration: 3h 0m,,True,2026-02-17T17:23:12.943234
2026-08-08,CAN,arrival,00:55,TSN Tianjin,JD5186,Capital Airlines,text,Duration: 3h 5m,,True,2026-02-17T17:23:12.943240
2026-08-08,CAN,arrival,01:00,DPS Denpasar,8B969,TransNusa,text,Duration: 5h 20m,,True,2026-02-17T17:23:12.943247
2026-08-08,CAN,arrival,01:00,HGH Hangzhou,AQ1072,9 Air,text,Duration: 2h 35m,,True,2026-02-17T17:23:12.943253
2026-08-08,CAN,arrival,01:00,WUT Xinzhou,AQ1162,9 Air,text,Duration: 3h 15m,,True,2026-02-17T17:23:12.943259
2026-08-08,CAN,arrival,01:05,MDC Manado,8B167,TransNusa,text,Duration: 4h 0m,,True,2026-02-17T17:23:12.943265
2026-08-08,CAN,arrival,01:05,XIY Xian,AQ1106,9 Air,text,Duration: 2h 50m,,True,2026-02-17T17:23:12.943441
2026-08-08,CAN,arrival,01:10,KMG Kunming,CZ3490,China Southern,text,Duration: 2h 25m,,True,2026-02-17T17:23:12.943458
2026-08-08,CAN,arrival,01:10,URC Urumqi,HU7224,Hainan Airlines,text,Duration: 5h 10m,,True,2026-02-17T17:23:12.943473
2026-08-08,CAN,arrival,01:10,XIY Xian,MU6956,China Eastern,text,Duration: 2h 40m,,True,2026-02-17T17:23:12.943490
2026-08-08,CAN,arrival,01:15,CGO Zhengzhou,AQ1174,9 Air,text,Duration: 2h 30m,,True,2026-02-17T17:23:12.943500
2026-08-08,CAN,arrival,01:15,XUZ Xuzhou,GJ8060,Loong Air,text,Duration: 2h 35m,,True,2026-02-17T17:23:12.943508
2026-08-08,CAN,arrival,01:15,PKX Beijing,MU6311,China Eastern,text,Duration: 3h 25m,,True,2026-02-17T17:23:12.943516
2026-08-08,CAN,arrival,01:20,HFE Hefei,HU7204,Hainan Airlines,text,Duration: 2h 25m,,True,2026-02-17T17:23:12.943524
2026-08-08,CAN,arrival,01:20,LJG Lijiang,JD5132,Capital Airlines,text,Duration: 2h 30m,,True,2026-02-17T17:23:12.943531
2026-08-08,CAN,arrival,01:25,CGK Jakarta,8B860,TransNusa,text,Duration: 5h 15m,,True,2026-02-17T17:23:12.943539
2026-08-08,CAN,arrival,01:25,KMG Kunming,MU6824,China Eastern,text,Duration: 2h 5m,,True,2026-02-17T17:23:12.943546
2026-08-08,CAN,arrival,01:30,JGN Jiayuguan,AQ1160,9 Air,text,Duration: 3h 40m,,True,2026-02-17T17:23:12.943554
2026-08-08,CAN,arrival,01:30,KMG Kunming,MU5733,China Eastern,text,Duration: 2h 10m,,True,2026-02-17T17:23:12.943562
2026-08-08,CAN,arrival,01:30,SGN Ho Chi Minh City,VJ3908,VietJet,text,Duration: 2h 45m,,True,2026-02-17T17:23:12.943570
2026-08-08,CAN,arrival,01:40,DMK Bangkok,SL900,Thai Lion Air,text,Duration: 3h 0m,,True,2026-02-17T17:23:12.943578
2026-08-08,CAN,arrival,01:55,CKG Chongqing,CZ3440,China Southern,text,Duration: 2h 5m,,True,2026-02-17T17:23:12.943587
2026-08-08,CAN,arrival,02:00,BKK Bangkok,9C7420,Spring Airlines,text,Duration: 3h 5m,,True,2026-02-17T17:23:12.943595
2026-08-08,CAN,arrival,02:00,CNX Chiang Mai,9C8934,Spring Airlines,text,Duration: 3h 15m,,True,2026-02-17T17:23:12.943602
2026-08-08,CAN,arrival,02:00,KTI Phnom Penh,9C7008,Spring Airlines,text,Duration: 3h 5m,,True,2026-02-17T17:23:12.943610
2026-08-08,CAN,arrival,02:00,JHB Johor Bharu,AK1394,AirAsia,text,Duration: 4h 0m,,True,2026-02-17T17:23:12.943618
2026-08-08,CAN,arrival,02:10,KUL Kuala Lumpur,OD612,Batik Air,text,Duration: 4h 15m,,True,2026-02-17T17:23:12.943625
2026-08-08,CAN,arrival,02:15,HAN Hanoi,VJ7526,VietJet,text,Duration: 1h 40m,,True,2026-02-17T17:23:12.943633
2026-08-08,CAN,arrival,02:20,HKG Hong Kong,CX950,Cathay Pacific,text,Duration: 1h 5m,,True,2026-02-17T17:23:12.943640
2026-08-08,CAN,arrival,02:50,KTI Phnom Penh,KR937,Cambodia Airways,text,Duration: 2h 55m,,True,2026-02-17T17:23:12.943648
2026-08-08,CAN,arrival,03:05,VTE Vientiane,AQ1278,9 Air,text,Duration: 2h 15m,,True,2026-02-17T17:23:12.943656
2026-08-08,CAN,arrival,03:15,TAS Tashkent,C6511,Centrum Air,text,Duration: 6h 55m,,True,2026-02-17T17:23:12.943664
2026-08-08,CAN,arrival,03:30,DAC Dhaka,BG366,Biman,text,Duration: 3h 45m,,True,2026-02-17T17:23:12.943672
2026-08-08,CAN,arrival,03:35,DMK Bangkok,AQ1280,9 Air,text,Duration: 2h 50m,,True,2026-02-17T17:23:12.943681
2026-08-08,CAN,arrival,03:45,CCU Kolkata,6E1703,IndiGo,text,Duration: 3h 35m,,True,2026-02-17T17:23:12.943688
2026-08-08,CAN,arrival,03:50,DAC Dhaka,BS325,US-Bangla Airlines,text,Duration: 3h 40m,,True,2026-02-17T17:23:12.943696
2026-08-08,CAN,arrival,04:00,DEL Delhi,6E1701,IndiGo,text,Duration: 4h 35m,,True,2026-02-17T17:23:12.943703
2026-08-08,CAN,arrival,04:00,KTI Phnom Penh,K6610,Air Cambodia,text,Duration: 3h 10m,,True,2026-02-17T17:23:12.943711
2026-08-08,CAN,arrival,04:05,PEN Penang,CZ8074,China Southern,text,Duration: 4h 0m,,True,2026-02-17T17:23:12.943719
2026-08-08,CAN,arrival,04:20,HKT Phuket,CZ6058,China Southern,text,Duration: 3h 45m,,True,2026-02-17T17:23:12.943727
2026-08-08,CAN,arrival,05:00,DAC Dhaka,CZ392,China Southern,text,Duration: 3h 45m,,True,2026-02-17T17:23:12.943734
2026-08-08,CAN,arrival,05:00,MEL Melbourne,CZ344,China Southern,text,Duration: 10h 0m,,True,2026-02-17T17:23:12.943743
2026-08-08,CAN,arrival,05:00,YYZ Toronto,CZ312,China Southern,text,Duration: 15h 30m,,True,2026-02-17T17:23:12.943750
2026-08-08,CAN,arrival,05:15,BKI Kota Kinabalu,CZ8484,China Southern,text,Duration: 3h 30m,,True,2026-02-17T17:23:12.943758
2026-08-08,CAN,arrival,05:25,AKL Auckland,CZ306,China Southern,text,Duration: 12h 0m,,True,2026-02-17T17:23:12.943766
2026-08-08,CAN,arrival,05:25,SYD Sydney,CZ302,China Southern,text,Duration: 9h 40m,,True,2026-02-17T17:23:12.943772
2026-08-08,CAN,arrival,05:35,ALA Almaty,KC187,Air Astana,text,Duration: 5h 55m,,True,2026-02-17T17:23:12.943778
2026-08-08,CAN,arrival,05:40,ALG Algiers,AH3180,Air Algerie,text,Duration: 12h 50m,,True,2026-02-17T17:23:12.943785
2026-08-08,CAN,arrival,05:45,KUL Kuala Lumpur,CZ5036,China Southern,text,Duration: 4h 25m,,True,2026-02-17T17:23:12.943791
2026-08-08,CAN,arrival,05:50,CDG Paris,CZ348,China Southern,text,Duration: 11h 40m,,True,2026-02-17T17:23:12.943798
2026-08-08,CAN,arrival,05:50,DPS Denpasar,CZ626,China Southern,text,Duration: 5h 20m,,True,2026-02-17T17:23:12.943804
2026-08-08,CAN,arrival,06:00,BNE Brisbane,CZ636,China Southern,text,Duration: 9h 0m,,True,2026-02-17T17:23:12.943811
2026-08-08,CAN,arrival,06:15,ALA Almaty,CZ3084,China Southern,text,Duration: 6h 15m,,True,2026-02-17T17:23:12.943816
2026-08-08,CAN,arrival,06:15,LHE Lahore,CZ6038,China Southern,text,Duration: 5h 30m,,True,2026-02-17T17:23:12.943823
2026-08-08,CAN,arrival,06:20,BKK Bangkok,AQ1266,9 Air,text,Duration: 2h 50m,,True,2026-02-17T17:23:12.943828
2026-08-08,CAN,arrival,06:20,KTM Kathmandu,CZ3068,China Southern,text,Duration: 4h 35m,,True,2026-02-17T17:23:12.943834
2026-08-08,CAN,arrival,06:30,SGN Ho Chi Minh City,CZ6090,China Southern,text,Duration: 2h 55m,,True,2026-02-17T17:23:12.943974
2026-08-08,CAN,arrival,06:35,KUL Kuala Lumpur,CZ8072,China Southern,text,Duration: 4h 15m,,True,2026-02-17T17:23:12.943983
2026-08-08,CAN,arrival,06:40,AMS Amsterdam,CZ308,China Southern,text,Duration: 11h 20m,,True,2026-02-17T17:23:12.943989
2026-08-08,CAN,arrival,06:40,LGW London,CZ690,China Southern,text,Duration: 11h 40m,,True,2026-02-17T17:23:12.943996
2026-08-08,CAN,arrival,06:55,BKK Bangkok,CZ3036,China Southern,text,Duration: 2h 55m,,True,2026-02-17T17:23:12.944002
2026-08-08,CAN,arrival,06:55,IST Istanbul,CZ8066,China Southern,text,Duration: 9h 55m,,True,2026-02-17T17:23:12.944008
2026-08-08,CAN,arrival,07:05,ADD Addis Ababa,ET616,Ethiopian,text,Duration: 10h 30m,,True,2026-02-17T17:23:12.944019
2026-08-08,CAN,arrival,07:20,IST Istanbul,TK298,Turkish Airlines,text,Duration: 10h 30m,,True,2026-02-17T17:23:12.944025
2026-08-08,CAN,arrival,07:35,PER Perth,CZ320,China Southern,text,Duration: 8h 0m,,True,2026-02-17T17:23:12.944031
2026-08-08,CAN,arrival,07:45,DXB Dubai,CZ8058,China Southern,text,Duration: 7h 50m,,True,2026-02-17T17:23:12.944039
2026-08-08,CAN,arrival,07:50,BKK Bangkok,MU2078,China Eastern,text,Duration: 3h 50m,,True,2026-02-17T17:23:12.944045
2026-08-08,CAN,arrival,07:55,HAK Haikou,HU7001,Hainan Airlines,text,Duration: 1h 25m,,True,2026-02-17T17:23:12.944052
2026-08-08,CAN,arrival,08:15,SIN Singapore,CZ8490,China Southern,text,Duration: 4h 20m,,True,2026-02-17T17:23:12.944058
2026-08-08,CAN,arrival,08:20,HAK Haikou,CZ6773,China Southern,text,Duration: 1h 20m,,True,2026-02-17T17:23:12.944064
2026-08-08,CAN,arrival,08:25,ZHA Zhanjiang,CZ3330,China Southern,text,Duration: 1h 15m,,True,2026-02-17T17:23:12.944070
2026-08-08,CAN,arrival,08:30,CGD Changde,CZ3230,China Southern,text,Duration: 1h 30m,,True,2026-02-17T17:23:12.944076
2026-08-08,CAN,arrival,08:30,CGO Zhengzhou,PN6381,West Air (China),text,Duration: 2h 25m,,True,2026-02-17T17:23:12.944082
2026-08-08,CAN,arrival,08:35,SYX Sanya,HU7307,Hainan Airlines,text,Duration: 1h 45m,,True,2026-02-17T17:23:12.944088
2026-08-08,CAN,arrival,08:40,BAR Qionghai,AQ1146,9 Air,text,Duration: 1h 30m,,True,2026-02-17T17:23:12.944094
2026-08-08,CAN,arrival,08:45,BHY Beihai,CZ3354,China Southern,text,Duration: 1h 30m,,True,2026-02-17T17:23:12.944101
2026-08-08,CAN,arrival,08:45,SWA Jieyang,CZ3895,China Southern,text,Duration: 1h 15m,,True,2026-02-17T17:23:12.944107
2026-08-08,CAN,arrival,08:45,HAK Haikou,HU7003,Hainan Airlines,text,Duration: 1h 15m,,True,2026-02-17T17:23:12.944113
2026-08-08,CAN,arrival,08:45,WNZ Wenzhou,ZH9962,Shenzhen Airlines,text,Duration: 2h 0m,,True,2026-02-17T17:23:12.944119
2026-08-08,CAN,arrival,08:50,HIA Huai'an,CZ3996,China Southern,text,Duration: 2h 25m,,True,2026-02-17T17:23:12.944125
2026-08-08,CAN,arrival,08:50,KHN Nanchang,CZ3344,China Southern,text,Duration: 1h 35m,,True,2026-02-17T17:23:12.944131
2026-08-08,CAN,arrival,08:50,SYX Sanya,CZ6731,China Southern,text,Duration: 1h 45m,,True,2026-02-17T17:23:12.944137
2026-08-08,CAN,arrival,08:50,IKA Tehran,W581,Mahan Air,text,Duration: 7h 20m,,True,2026-02-17T17:23:12.944143
2026-08-08,CAN,arrival,08:55,HKG Hong Kong,CX982,Cathay Pacific,text,Duration: 1h 5m,,True,2026-02-17T17:23:12.944149
2026-08-08,CAN,arrival,08:55,NNG Nanning,CZ3292,China Southern,text,Duration: 1h 30m,,True,2026-02-17T17:23:12.944156
2026-08-08,CAN,arrival,08:55,XUZ Xuzhou,CZ6282,China Southern,text,Duration: 2h 25m,,True,2026-02-17T17:23:12.944162
2026-08-08,CAN,arrival,08:55,CGO Zhengzhou,ZH8904,Shenzhen Airlines,text,Duration: 2h 15m,,True,2026-02-17T17:23:12.944168
2026-08-08,CAN,arrival,09:05,XMN Xiamen,MF8305,XiamenAir,text,Duration: 1h 35m,,True,2026-02-17T17:23:12.944175
2026-08-08,CAN,arrival,09:15,KUL Kuala Lumpur,AK112,AirAsia,text,Duration: 4h 15m,,True,2026-02-17T17:23:12.944181
2026-08-08,CAN,arrival,09:15,PVG Shanghai,CZ3549,China Southern,text,Duration: 2h 20m,,True,2026-02-17T17:23:12.944188
2026-08-08,CAN,arrival,09:20,CTU Chengdu,3U8737,Sichuan Airlines,text,Duration: 2h 20m,,True,2026-02-17T17:23:12.944194
2026-08-08,CAN,arrival,09:20,HGH Hangzhou,CA1789,Air China,text,Duration: 2h 5m,,True,2026-02-17T17:23:12.944200
2026-08-08,CAN,arrival,09:20,KWE Guiyang,CZ3661,China Southern,text,Duration: 1h 35m,,True,2026-02-17T17:23:12.944206
2026-08-08,CAN,arrival,09:20,WUH Wuhan,MU2542,China Eastern,text,Duration: 1h 40m,,True,2026-02-17T17:23:12.944213
2026-08-08,CAN,arrival,09:25,SIN Singapore,TR100,Scoot,text,Duration: 4h 10m,,True,2026-02-17T17:23:12.944219
2026-08-08,CAN,arrival,09:30,PVG Shanghai,HO1855,Juneyao Airlines,text,Duration: 2h 30m,,True,2026-02-17T17:23:12.944224
2026-08-08,CAN,arrival,09:30,CKG Chongqing,OQ2323,Chongqing Airlines,text,Duration: 2h 0m,,True,2026-02-17T17:23:12.944231
2026-08-08,CAN,arrival,09:30,SVO Moscow,SU220,Aeroflot,text,Duration: 9h 15m,,True,2026-02-17T17:23:12.944237
2026-08-08,CAN,arrival,09:35,LYI Linyi,CZ3992,China Southern,text,Duration: 2h 35m,,True,2026-02-17T17:23:12.944244
2026-08-08,CAN,arrival,09:35,HFE Hefei,MU5287,China Eastern,text,Duration: 2h 10m,,True,2026-02-17T17:23:12.944250
2026-08-08,CAN,arrival,09:40,CSX Changsha,CZ3387,China Southern,text,Duration: 1h 40m,,True,2026-02-17T17:23:12.944256
2026-08-08,CAN,arrival,09:40,NNY Nanyang,CZ3384,China Southern,text,Duration: 2h 10m,,True,2026-02-17T17:23:12.944263
2026-08-08,CAN,arrival,09:40,CTU Chengdu,EU2235,Chengdu Airlines,text,Duration: 2h 10m,,True,2026-02-17T17:23:12.944269
2026-08-08,CAN,arrival,09:40,WUX Wuxi,ZH9834,Shenzhen Airlines,text,Duration: 2h 30m,,True,2026-02-17T17:23:12.944276
2026-08-08,CAN,arrival,09:45,KMG Kunming,CZ3420,China Southern,text,Duration: 2h 0m,,True,2026-02-17T17:23:12.944282
2026-08-08,CAN,arrival,09:45,NGB Ningbo,CZ3672,China Southern,text,Duration: 2h 15m,,True,2026-02-17T17:23:12.944289
2026-08-08,CAN,arrival,09:45,WNZ Wenzhou,CZ3770,China Southern,text,Duration: 1h 55m,,True,2026-02-17T17:23:12.944424
2026-08-08,CAN,arrival,09:45,YIW Yiwu,CZ3796,China Southern,text,Duration: 2h 5m,,True,2026-02-17T17:23:12.944438
2026-08-08,CAN,arrival,09:45,NKG Nanjing,MU2817,China Eastern,text,Duration: 2h 20m,,True,2026-02-17T17:23:12.944450
2026-08-08,CAN,arrival,09:45,NKG Nanjing,ZH9878,Shenzhen Airlines,text,Duration: 2h 25m,,True,2026-02-17T17:23:12.944464
2026-08-08,CAN,arrival,09:50,SHA Shanghai,9C8835,Spring Airlines,text,Duration: 2h 25m,,True,2026-02-17T17:23:12.944479
2026-08-08,CAN,arrival,09:50,CZX Changzhou,CZ3994,China Southern,text,Duration: 2h 25m,,True,2026-02-17T17:23:12.944494
2026-08-08,CAN,arrival,09:50,HYN Taizhou,CZ8262,China Southern,text,Duration: 2h 10m,,True,2026-02-17T17:23:12.944509
2026-08-08,CAN,arrival,09:50,LZO Luzhou,CZ3950,China Southern,text,Duration: 2h 5m,,True,2026-02-17T17:23:12.944517
2026-08-08,CAN,arrival,09:50,NKG Nanjing,ZH9876,Shenzhen Airlines,text,Duration: 2h 25m,,True,2026-02-17T17:23:12.944524
2026-08-08,CAN,arrival,09:50,NTG Nantong,ZH8696,Shenzhen Airlines,text,Duration: 2h 35m,,True,2026-02-17T17:23:12.944531
2026-08-08,CAN,arrival,09:55,WUH Wuhan,CZ660,China Southern,text,Duration: 1h 55m,,True,2026-02-17T17:23:12.944538
2026-08-08,CAN,arrival,09:55,YTY Yangzhou,CZ3958,China Southern,text,Duration: 2h 30m,,True,2026-02-17T17:23:12.944545
2026-08-08,CAN,arrival,09:55,HGH Hangzhou,HU7262,Hainan Airlines,text,Duration: 2h 10m,,True,2026-02-17T17:23:12.944551
2026-08-08,CAN,arrival,09:55,HGH Hangzhou,HU7462,Hainan Airlines,text,Duration: 2h 15m,,True,2026-02-17T17:23:12.944558
2026-08-08,CAN,arrival,09:55,FOC Fuzhou,MF8323,XiamenAir,text,Duration: 1h 55m,,True,2026-02-17T17:23:12.944565
2026-08-08,CAN,arrival,10:00,CTU Chengdu,TV9765,Tibet Airlines,text,Duration: 2h 20m,,True,2026-02-17T17:23:12.944571
2026-08-08,CAN,arrival,10:05,HGH Hangzhou,MU5211,China Eastern,text,Duration: 2h 10m,,True,2026-02-17T17:23:12.944578
2026-08-08,CAN,arrival,10:10,KMG Kunming,MU5731,China Eastern,text,Duration: 2h 5m,,True,2026-02-17T17:23:12.944584
2026-08-08,CAN,arrival,10:15,CKG Chongqing,CA4361,Air China,text,Duration: 2h 15m,,True,2026-02-17T17:23:12.944591
2026-08-08,CAN,arrival,10:15,HFE Hefei,CZ3816,China Southern,text,Duration: 2h 10m,,True,2026-02-17T17:23:12.944597
2026-08-08,CAN,arrival,10:15,XIY Xian,ZH9226,Shenzhen Airlines,text,Duration: 2h 45m,,True,2026-02-17T17:23:12.944604
2026-08-08,CAN,arrival,10:20,WNZ Wenzhou,CA8351,Air China,text,Duration: 1h 55m,,True,2026-02-17T17:23:12.944611
2026-08-08,CAN,arrival,10:20,INC Yinchuan,CZ3254,China Southern,text,Duration: 3h 10m,,True,2026-02-17T17:23:12.944618
2026-08-08,CAN,arrival,10:20,WUH Wuhan,CZ3368,China Southern,text,Duration: 1h 50m,,True,2026-02-17T17:23:12.944628
2026-08-08,CAN,arrival,10:20,KMG Kunming,KY8279,Kunming Airlines,text,Duration: 2h 0m,,True,2026-02-17T17:23:12.944635
2026-08-08,CAN,arrival,10:25,TFU Chengdu,3U6701,Sichuan Airlines,text,Duration: 2h 25m,,True,2026-02-17T17:23:12.944641
2026-08-08,CAN,arrival,10:25,PEK Beijing,CA1359,Air China,text,Duration: 3h 25m,,True,2026-02-17T17:23:12.944649
2026-08-08,CAN,arrival,10:25,CGO Zhengzhou,CZ3391,China Southern,text,Duration: 2h 25m,,True,2026-02-17T17:23:12.944656
2026-08-08,CAN,arrival,10:25,HAK Haikou,CZ6785,China Southern,text,Duration: 1h 25m,,True,2026-02-17T17:23:12.944663
2026-08-08,CAN,arrival,10:30,HGH Hangzhou,3U3151,Sichuan Airlines,text,Duration: 2h 10m,,True,2026-02-17T17:23:12.944670
2026-08-08,CAN,arrival,10:30,HGH Hangzhou,CA8591,Air China,text,Duration: 2h 5m,,True,2026-02-17T17:23:12.944676
2026-08-08,CAN,arrival,10:30,TAO Qingdao,MU5255,China Eastern,text,Duration: 3h 5m,,True,2026-02-17T17:23:12.944683
2026-08-08,CAN,arrival,10:30,XIY Xian,MU2303,China Eastern,text,Duration: 3h 0m,,True,2026-02-17T17:23:12.944689
2026-08-08,CAN,arrival,10:30,WUX Wuxi,ZH9832,Shenzhen Airlines,text,Duration: 2h 30m,,True,2026-02-17T17:23:12.944695
2026-08-08,CAN,arrival,10:35,CTU Chengdu,CA4305,Air China,text,Duration: 2h 20m,,True,2026-02-17T17:23:12.944702
2026-08-08,CAN,arrival,10:35,TSN Tianjin,CA2801,Air China,text,Duration: 3h 15m,,True,2026-02-17T17:23:12.944708
2026-08-08,CAN,arrival,10:35,PKX Beijing,CZ3116,China Southern,text,Duration: 3h 5m,,True,2026-02-17T17:23:12.944715
2026-08-08,CAN,arrival,10:35,XIY Xian,CZ3220,China Southern,text,Duration: 2h 35m,,True,2026-02-17T17:23:12.944722
2026-08-08,CAN,arrival,10:35,PKX Beijing,MU6301,China Eastern,text,Duration: 3h 20m,,True,2026-02-17T17:23:12.944730
2026-08-08,CAN,arrival,10:35,CKG Chongqing,OQ2305,Chongqing Airlines,text,Duration: 1h 35m,,True,2026-02-17T17:23:12.944738
2026-08-08,CAN,arrival,10:40,PVG Shanghai,HU7332,Hainan Airlines,text,Duration: 2h 40m,,True,2026-02-17T17:23:12.944746
2026-08-08,CAN,arrival,10:40,TYN Taiyuan,MU5251,China Eastern,text,Duration: 2h 40m,,True,2026-02-17T17:23:12.944752
2026-08-08,CAN,arrival,10:40,YNT Yantai,SC7621,Shandong Airlines,text,Duration: 3h 10m,,True,2026-02-17T17:23:12.944760
2026-08-08,CAN,arrival,10:45,TNA Jinan,CZ3664,China Southern,text,Duration: 2h 35m,,True,2026-02-17T17:23:12.944766
2026-08-08,CAN,arrival,10:45,TSN Tianjin,MF8313,XiamenAir,text,Duration: 3h 5m,,True,2026-02-17T17:23:12.944773
2026-08-08,CAN,arrival,10:50,HGH Hangzhou,CZ3820,China Southern,text,Duration: 2h 15m,,True,2026-02-17T17:23:12.944781
2026-08-08,CAN,arrival,10:50,MNL Manila,CZ3078,China Southern,text,Duration: 2h 30m,,True,2026-02-17T17:23:12.944789
2026-08-08,CAN,arrival,10:50,SYX Sanya,CZ6747,China Southern,text,Duration: 1h 30m,,True,2026-02-17T17:23:12.944797
2026-08-08,CAN,arrival,10:50,LHW Lanzhou,MU2219,China Eastern,text,Duration: 3h 5m,,True,2026-02-17T17:23:12.944804
2026-08-08,CAN,arrival,10:55,DLC Dalian,CZ6321,China Southern,text,Duration: 3h 35m,,True,2026-02-17T17:23:12.944812
2026-08-08,CAN,arrival,10:55,HAN Hanoi,CZ372,China Southern,text,Duration: 1h 40m,,True,2026-02-17T17:23:12.944955
2026-08-08,CAN,arrival,10:55,LHW Lanzhou,CZ3252,China Southern,text,Duration: 3h 15m,,True,2026-02-17T17:23:12.944973
2026-08-08,CAN,arrival,10:55,NKG Nanjing,CZ3872,China Southern,text,Duration: 2h 20m,,True,2026-02-17T17:23:12.944980
2026-08-08,CAN,arrival,10:55,XMN Xiamen,CZ3724,China Southern,text,Duration: 1h 25m,,True,2026-02-17T17:23:12.944986
2026-08-08,CAN,arrival,10:55,INC Yinchuan,MF8753,XiamenAir,text,Duration: 3h 25m,,True,2026-02-17T17:23:12.944993
2026-08-08,CAN,arrival,10:55,TFU Chengdu,ZH9446,Shenzhen Airlines,text,Duration: 1h 55m,,True,2026-02-17T17:23:12.944999
2026-08-08,CAN,arrival,11:00,SHA Shanghai,9C6721,Spring Airlines,text,Duration: 2h 30m,,True,2026-02-17T17:23:12.945006
2026-08-08,CAN,arrival,11:00,SHA Shanghai,FM9303,Shanghai Airlines,text,Duration: 2h 30m,,True,2026-02-17T17:23:12.945012
2026-08-08,CAN,arrival,11:10,PKX Beijing,MF8395,XiamenAir,text,Duration: 3h 10m,,True,2026-02-17T17:23:12.945019
2026-08-08,CAN,arrival,11:10,CZX Changzhou,MU2947,China Eastern,text,Duration: 2h 20m,,True,2026-02-17T17:23:12.945025
2026-08-08,CAN,arrival,11:15,HET Hohhot,CZ3182,China Southern,text,Duration: 3h 15m,,True,2026-02-17T17:23:12.945031
2026-08-08,CAN,arrival,11:15,SHA Shanghai,CZ3596,China Southern,text,Duration: 2h 25m,,True,2026-02-17T17:23:12.945038
2026-08-08,CAN,arrival,11:15,TAO Qingdao,CZ3716,China Southern,text,Duration: 3h 5m,,True,2026-02-17T17:23:12.945045
2026-08-08,CAN,arrival,11:15,ICN Seoul,OZ369,Asiana,text,Duration: 3h 45m,,True,2026-02-17T17:23:12.945051
2026-08-08,CAN,arrival,11:20,HAK Haikou,AQ1024,9 Air,text,Duration: 1h 30m,,True,2026-02-17T17:23:12.945058
2026-08-08,CAN,arrival,11:20,PEK Beijing,CA1351,Air China,text,Duration: 3h 20m,,True,2026-02-17T17:23:12.945064
2026-08-08,CAN,arrival,11:20,NNG Nanning,CZ3296,China Southern,text,Duration: 1h 25m,,True,2026-02-17T17:23:12.945071
2026-08-08,CAN,arrival,11:20,WUH Wuhan,CZ8727,China Southern,text,Duration: 1h 50m,,True,2026-02-17T17:23:12.945077
2026-08-08,CAN,arrival,11:20,CKG Chongqing,HU7342,Hainan Airlines,text,Duration: 1h 50m,,True,2026-02-17T17:23:12.945083
2026-08-08,CAN,arrival,11:20,HGH Hangzhou,MF8319,XiamenAir,text,Duration: 2h 15m,,True,2026-02-17T17:23:12.945089
2026-08-08,CAN,arrival,11:25,CGO Zhengzhou,CZ8685,China Southern,text,Duration: 2h 25m,,True,2026-02-17T17:23:12.945095
2026-08-08,CAN,arrival,11:25,CSX Changsha,CZ6044,China Southern,text,Duration: 1h 35m,,True,2026-02-17T17:23:12.945101
2026-08-08,CAN,arrival,11:25,SHA Shanghai,HO2287,Juneyao Airlines,text,Duration: 2h 35m,,True,2026-02-17T17:23:12.945107
2026-08-08,CAN,arrival,11:25,XIY Xian,HU7837,Hainan Airlines,text,Duration: 2h 55m,,True,2026-02-17T17:23:12.945113
2026-08-08,CAN,arrival,11:25,SJW Shijiazhuang,NS3203,Hebei Airlines,text,Duration: 3h 10m,,True,2026-02-17T17:23:12.945120
2026-08-08,CAN,arrival,11:30,CTU Chengdu,CZ3414,China Southern,text,Duration: 2h 30m,,True,2026-02-17T17:23:12.945126
2026-08-08,CAN,arrival,11:30,PVG Shanghai,FM9305,Shanghai Airlines,text,Duration: 2h 30m,,True,2026-02-17T17:23:12.945132
2026-08-08,CAN,arrival,11:30,ICN Seoul,KE867,Korean Air,text,Duration: 3h 40m,,True,2026-02-17T17:23:12.945138
2026-08-08,CAN,arrival,11:30,TFU Chengdu,MU5321,China Eastern,text,Duration: 2h 30m,,True,2026-02-17T17:23:12.945144
2026-08-08,CAN,arrival,11:35,HAK Haikou,CZ6771,China Southern,text,Duration: 1h 35m,,True,2026-02-17T17:23:12.945150
2026-08-08,CAN,arrival,11:35,TYN Taiyuan,CZ3378,China Southern,text,Duration: 2h 50m,,True,2026-02-17T17:23:12.945156
2026-08-08,CAN,arrival,11:35,PKX Beijing,MU6303,China Eastern,text,Duration: 3h 20m,,True,2026-02-17T17:23:12.945162
2026-08-08,CAN,arrival,11:40,SGN Ho Chi Minh City,CZ368,China Southern,text,Duration: 2h 40m,,True,2026-02-17T17:23:12.945168
2026-08-08,CAN,arrival,11:40,SJW Shijiazhuang,CZ3132,China Southern,text,Duration: 3h 5m,,True,2026-02-17T17:23:12.945176
2026-08-08,CAN,arrival,11:40,SVO Moscow,CZ656,China Southern,text,Duration: 9h 25m,,True,2026-02-17T17:23:12.945182
2026-08-08,CAN,arrival,11:40,XIY Xian,CZ3216,China Southern,text,Duration: 2h 40m,,True,2026-02-17T17:23:12.945188
2026-08-08,CAN,arrival,11:45,DZH Dazhou,CZ3264,China Southern,text,Duration: 2h 20m,,True,2026-02-17T17:23:12.945194
2026-08-08,CAN,arrival,11:45,KTI Phnom Penh,CZ324,China Southern,text,Duration: 2h 45m,,True,2026-02-17T17:23:12.945200
2026-08-08,CAN,arrival,11:45,YIH Yichang,CZ3312,China Southern,text,Duration: 1h 50m,,True,2026-02-17T17:23:12.945206
2026-08-08,CAN,arrival,11:45,TNA Jinan,SC1169,Shandong Airlines,text,Duration: 2h 50m,,True,2026-02-17T17:23:12.945212
2026-08-08,CAN,arrival,11:45,WUS Wuyishan,SC4673,Shandong Airlines,text,Duration: 1h 45m,,True,2026-02-17T17:23:12.945218
2026-08-08,CAN,arrival,11:50,HGH Hangzhou,CZ3870,China Southern,text,Duration: 2h 15m,,True,2026-02-17T17:23:12.945223
2026-08-08,CAN,arrival,11:50,PEK Beijing,HU7801,Hainan Airlines,text,Duration: 3h 20m,,True,2026-02-17T17:23:12.945229
2026-08-08,CAN,arrival,11:50,HYN Taizhou,ZH8990,Shenzhen Airlines,text,Duration: 2h 10m,,True,2026-02-17T17:23:12.945243
2026-08-08,CAN,arrival,11:55,TFU Chengdu,CA4307,Air China,text,Duration: 2h 25m,,True,2026-02-17T17:23:12.945249
2026-08-08,CAN,arrival,11:55,WHA Wuhu,CZ5840,China Southern,text,Duration: 2h 20m,,True,2026-02-17T17:23:12.945255
2026-08-08,CAN,arrival,11:55,SHA Shanghai,FM9307,Shanghai Airlines,text,Duration: 2h 25m,,True,2026-02-17T17:23:12.945261
2026-08-08,CAN,arrival,11:55,HAK Haikou,HU7005,Hainan Airlines,text,Duration: 1h 25m,,True,2026-02-17T17:23:12.945268
2026-08-08,CAN,arrival,11:55,WNZ Wenzhou,KN5037,China United Airlines,text,Duration: 2h 15m,,True,2026-02-17T17:23:12.945275
2026-08-08,CAN,arrival,11:55,FOC Fuzhou,MF8355,XiamenAir,text,Duration: 1h 55m,,True,2026-02-17T17:23:12.945282
2026-08-08,CAN,arrival,12:00,BAH Bahrain,GF122,Gulf Air,text,Duration: 8h 0m,,True,2026-02-17T17:23:12.945403
2026-08-08,CAN,arrival,12:05,LZO Luzhou,CA4351,Air China,text,Duration: 2h 0m,,True,2026-02-17T17:23:12.945417
2026-08-08,CAN,arrival,12:05,CGO Zhengzhou,CZ678,China Southern,text,Duration: 2h 15m,,True,2026-02-17T17:23:12.945431
2026-08-08,CAN,arrival,12:05,FOC Fuzhou,CZ3506,China Southern,text,Duration: 1h 45m,,True,2026-02-17T17:23:12.945445
2026-08-08,CAN,arrival,12:10,SIN Singapore,SQ850,Singapore Airlines,text,Duration: 4h 10m,,True,2026-02-17T17:23:12.945460
2026-08-08,CAN,arrival,12:15,KUL Kuala Lumpur,CZ366,China Southern,text,Duration: 4h 10m,,True,2026-02-17T17:23:12.945476
2026-08-08,CAN,arrival,12:15,TSN Tianjin,CZ3350,China Southern,text,Duration: 3h 15m,,True,2026-02-17T17:23:12.945490
2026-08-08,CAN,arrival,12:15,KTI Phnom Penh,K6668,Air Cambodia,text,Duration: 2h 55m,,True,2026-02-17T17:23:12.945501
2026-08-08,CAN,arrival,12:15,XIY Xian,MU2301,China Eastern,text,Duration: 2h 45m,,True,2026-02-17T17:23:12.945509
2026-08-08,CAN,arrival,12:20,PEK Beijing,CA1321,Air China,text,Duration: 3h 20m,,True,2026-02-17T17:23:12.945516
2026-08-08,CAN,arrival,12:20,BKK Bangkok,CZ362,China Southern,text,Duration: 3h 0m,,True,2026-02-17T17:23:12.945523
2026-08-08,CAN,arrival,12:20,SIN Singapore,CZ352,China Southern,text,Duration: 4h 20m,,True,2026-02-17T17:23:12.945530
2026-08-08,CAN,arrival,12:20,WUH Wuhan,CZ6590,China Southern,text,Duration: 1h 50m,,True,2026-02-17T17:23:12.945536
2026-08-08,CAN,arrival,12:25,CKG Chongqing,3U8747,Sichuan Airlines,text,Duration: 2h 5m,,True,2026-02-17T17:23:12.945542
2026-08-08,CAN,arrival,12:25,CGQ Changchun,CZ6341,China Southern,text,Duration: 4h 35m,,True,2026-02-17T17:23:12.945550
2026-08-08,CAN,arrival,12:25,DRW Darwin,CZ8362,China Southern,text,Duration: 6h 25m,,True,2026-02-17T17:23:12.945556
2026-08-08,CAN,arrival,12:25,WNZ Wenzhou,CZ3812,China Southern,text,Duration: 2h 5m,,True,2026-02-17T17:23:12.945562
2026-08-08,CAN,arrival,12:25,SHA Shanghai,MU5309,China Eastern,text,Duration: 2h 25m,,True,2026-02-17T17:23:12.945568
2026-08-08,CAN,arrival,12:30,ICN Seoul,CZ340,China Southern,text,Duration: 3h 50m,,True,2026-02-17T17:23:12.945575
2026-08-08,CAN,arrival,12:30,HND Tokyo,JL87,JAL,text,Duration: 4h 50m,,True,2026-02-17T17:23:12.945582
2026-08-08,CAN,arrival,12:35,PVG Shanghai,HU7432,Hainan Airlines,text,Duration: 2h 35m,,True,2026-02-17T17:23:12.945589
2026-08-08,CAN,arrival,12:40,DXB Dubai,CZ384,China Southern,text,Duration: 7h 40m,,True,2026-02-17T17:23:12.945595
2026-08-08,CAN,arrival,12:40,PKX Beijing,CZ3000,China Southern,text,Duration: 3h 10m,,True,2026-02-17T17:23:12.945602
2026-08-08,CAN,arrival,12:40,WDS Shiyan,CZ3336,China Southern,text,Duration: 2h 15m,,True,2026-02-17T17:23:12.945608
2026-08-08,CAN,arrival,12:40,SHA Shanghai,MU5301,China Eastern,text,Duration: 2h 10m,,True,2026-02-17T17:23:12.945614
2026-08-08,CAN,arrival,12:40,LYI Linyi,ZH8948,Shenzhen Airlines,text,Duration: 2h 40m,,True,2026-02-17T17:23:12.945621
2026-08-08,CAN,arrival,12:45,AKA Ankang,CZ6464,China Southern,text,Duration: 2h 10m,,True,2026-02-17T17:23:12.945627
2026-08-08,CAN,arrival,12:45,KMG Kunming,CZ3498,China Southern,text,Duration: 2h 0m,,True,2026-02-17T17:23:12.945633
2026-08-08,CAN,arrival,12:45,CKG Chongqing,JD5228,Capital Airlines,text,Duration: 1h 55m,,True,2026-02-17T17:23:12.945639
2026-08-08,CAN,arrival,12:45,NKG Nanjing,ZH9862,Shenzhen Airlines,text,Duration: 2h 20m,,True,2026-02-17T17:23:12.945645
2026-08-08,CAN,arrival,12:50,DLU Dali City,CZ3482,China Southern,text,Duration: 2h 20m,,True,2026-02-17T17:23:12.945652
2026-08-08,CAN,arrival,12:50,NGB Ningbo,CZ3778,China Southern,text,Duration: 2h 20m,,True,2026-02-17T17:23:12.945658
2026-08-08,CAN,arrival,12:50,PEK Beijing,HU7803,Hainan Airlines,text,Duration: 3h 20m,,True,2026-02-17T17:23:12.945664
2026-08-08,CAN,arrival,12:50,JJN Jinjiang,MF8385,XiamenAir,text,Duration: 1h 35m,,True,2026-02-17T17:23:12.945670
2026-08-08,CAN,arrival,12:55,PVG Shanghai,CA8581,Air China,text,Duration: 2h 50m,,True,2026-02-17T17:23:12.945677
2026-08-08,CAN,arrival,12:55,YCU Yuncheng,CA4593,Air China,text,Duration: 2h 30m,,True,2026-02-17T17:23:12.945683
2026-08-08,CAN,arrival,12:55,SYX Sanya,CZ6733,China Southern,text,Duration: 1h 30m,,True,2026-02-17T17:23:12.945689
2026-08-08,CAN,arrival,12:55,CKG Chongqing,HU7142,Hainan Airlines,text,Duration: 2h 15m,,True,2026-02-17T17:23:12.945696
2026-08-08,CAN,arrival,13:00,CTU Chengdu,3U8731,Sichuan Airlines,text,Duration: 2h 30m,,True,2026-02-17T17:23:12.945702
2026-08-08,CAN,arrival,13:00,PVG Shanghai,AQ1006,9 Air,text,Duration: 2h 40m,,True,2026-02-17T17:23:12.945707
2026-08-08,CAN,arrival,13:00,YIW Yiwu,CZ3728,China Southern,text,Duration: 2h 0m,,True,2026-02-17T17:23:12.945714
2026-08-08,CAN,arrival,13:00,NKG Nanjing,HU7114,Hainan Airlines,text,Duration: 2h 25m,,True,2026-02-17T17:23:12.945720
2026-08-08,CAN,arrival,13:00,LJG Lijiang,MU5741,China Eastern,text,Duration: 2h 35m,,True,2026-02-17T17:23:12.945727
2026-08-08,CAN,arrival,13:05,KWE Guiyang,CZ6412,China Southern,text,Duration: 1h 45m,,True,2026-02-17T17:23:12.945740
2026-08-08,CAN,arrival,13:05,PEN Penang,CZ396,China Southern,text,Duration: 4h 0m,,True,2026-02-17T17:23:12.945751
2026-08-08,CAN,arrival,13:05,HND Tokyo,NH923,ANA,text,Duration: 4h 55m,,True,2026-02-17T17:23:12.945762
2026-08-08,CAN,arrival,13:10,PVG Shanghai,HU7132,Hainan Airlines,text,Duration: 2h 45m,,True,2026-02-17T17:23:12.945772
2026-08-08,CAN,arrival,13:10,KUL Kuala Lumpur,MH376,Malaysia Airlines,text,Duration: 4h 10m,,True,2026-02-17T17:23:12.945783
2026-08-08,CAN,arrival,13:15,SHA Shanghai,CZ3534,China Southern,text,Duration: 2h 25m,,True,2026-02-17T17:23:12.945793
2026-08-08,CAN,arrival,13:15,SHA Shanghai,HO1857,Juneyao Airlines,text,Duration: 2h 20m,,True,2026-02-17T17:23:12.945804
2026-08-08,CAN,arrival,13:15,HGH Hangzhou,HU7162,Hainan Airlines,text,Duration: 2h 15m,,True,2026-02-17T17:23:12.945936
2026-08-08,CAN,arrival,13:20,PEK Beijing,CA1317,Air China,text,Duration: 3h 20m,,True,2026-02-17T17:23:12.945947
2026-08-08,CAN,arrival,13:20,HRB Harbin,CZ8326,China Southern,text,Duration: 4h 40m,,True,2026-02-17T17:23:12.945955
2026-08-08,CAN,arrival,13:25,TFU Chengdu,CZ3404,China Southern,text,Duration: 2h 25m,,True,2026-02-17T17:23:12.945962
2026-08-08,CAN,arrival,13:25,HGH Hangzhou,GJ8699,Loong Air,text,Duration: 2h 35m,,True,2026-02-17T17:23:12.945968
2026-08-08,CAN,arrival,13:25,YTY Yangzhou,ZH8906,Shenzhen Airlines,text,Duration: 2h 30m,,True,2026-02-17T17:23:12.945975
2026-08-08,CAN,arrival,13:30,KHN Nanchang,MU9876,China Eastern,text,Duration: 1h 30m,,True,2026-02-17T17:23:12.945981
2026-08-08,CAN,arrival,13:35,NNY Nanyang,CZ3222,China Southern,text,Duration: 2h 10m,,True,2026-02-17T17:23:12.945988
2026-08-08,CAN,arrival,13:35,KMG Kunming,HU7208,Hainan Airlines,text,Duration: 2h 5m,,True,2026-02-17T17:23:12.945994
2026-08-08,CAN,arrival,13:40,LJG Lijiang,CZ6604,China Southern,text,Duration: 2h 30m,,True,2026-02-17T17:23:12.946001
2026-08-08,CAN,arrival,13:40,XUZ Xuzhou,CZ3258,China Southern,text,Duration: 2h 20m,,True,2026-02-17T17:23:12.946008
2026-08-08,CAN,arrival,13:45,NKG Nanjing,CZ3514,China Southern,text,Duration: 2h 10m,,True,2026-02-17T17:23:12.946015
2026-08-08,CAN,arrival,13:45,PKX Beijing,CZ3166,China Southern,text,Duration: 3h 15m,,True,2026-02-17T17:23:12.946021
2026-08-08,CAN,arrival,13:45,RUH Riyadh,CZ376,China Southern,text,Duration: 8h 40m,,True,2026-02-17T17:23:12.946027
2026-08-08,CAN,arrival,13:45,XIY Xian,CZ3202,China Southern,text,Duration: 2h 45m,,True,2026-02-17T17:23:12.946033
2026-08-08,CAN,arrival,13:45,DLU Dali City,OQ2040,Chongqing Airlines,text,Duration: 2h 20m,,True,2026-02-17T17:23:12.946040
2026-08-08,CAN,arrival,13:45,JHG Jinghong,OQ2104,Chongqing Airlines,text,Duration: 2h 20m,,True,2026-02-17T17:23:12.946046
2026-08-08,CAN,arrival,13:50,DPS Denpasar,CZ8482,China Southern,text,Duration: 5h 10m,,True,2026-02-17T17:23:12.946052
2026-08-08,CAN,arrival,13:50,JNG Jining,CZ3954,China Southern,text,Duration: 2h 35m,,True,2026-02-17T17:23:12.946059
2026-08-08,CAN,arrival,13:50,WUH Wuhan,CZ5769,China Southern,text,Duration: 1h 50m,,True,2026-02-17T17:23:12.946065
2026-08-08,CAN,arrival,13:50,WUX Wuxi,CZ3914,China Southern,text,Duration: 2h 20m,,True,2026-02-17T17:23:12.946071
2026-08-08,CAN,arrival,13:50,CKG Chongqing,OQ2317,Chongqing Airlines,text,Duration: 2h 0m,,True,2026-02-17T17:23:12.946077
2026-08-08,CAN,arrival,13:55,HGH Hangzhou,CZ3522,China Southern,text,Duration: 2h 20m,,True,2026-02-17T17:23:12.946084
2026-08-08,CAN,arrival,13:55,HZA Heze,CZ3126,China Southern,text,Duration: 2h 30m,,True,2026-02-17T17:23:12.946090
2026-08-08,CAN,arrival,13:55,NGB Ningbo,MU6950,China Eastern,text,Duration: 2h 5m,,True,2026-02-17T17:23:12.946096
2026-08-08,CAN,arrival,14:00,CJU Jeju,9C6106,Spring Airlines,text,Duration: 3h 40m,,True,2026-02-17T17:23:12.946102
2026-08-08,CAN,arrival,14:00,CGO Zhengzhou,HU7270,Hainan Airlines,text,Duration: 2h 45m,,True,2026-02-17T17:23:12.946109
2026-08-08,CAN,arrival,14:00,PEK Beijing,HU7805,Hainan Airlines,text,Duration: 3h 30m,,True,2026-02-17T17:23:12.946115
2026-08-08,CAN,arrival,14:00,SHA Shanghai,HU7132,Hainan Airlines,text,Duration: 2h 25m,,True,2026-02-17T17:23:12.946121
2026-08-08,CAN,arrival,14:00,SHA Shanghai,MU5303,China Eastern,text,Duration: 2h 30m,,True,2026-02-17T17:23:12.946127
2026-08-08,CAN,arrival,14:05,DOH Doha,CZ334,China Southern,text,Duration: 7h 50m,,True,2026-02-17T17:23:12.946133
2026-08-08,CAN,arrival,14:05,KMG Kunming,CZ3410,China Southern,text,Duration: 2h 10m,,True,2026-02-17T17:23:12.946139
2026-08-08,CAN,arrival,14:05,TPE Taipei,HU7982,Hainan Airlines,text,Duration: 2h 10m,,True,2026-02-17T17:23:12.946145
2026-08-08,CAN,arrival,14:10,SHA Shanghai,CZ3524,China Southern,text,Duration: 2h 20m,,True,2026-02-17T17:23:12.946151
2026-08-08,CAN,arrival,14:10,SGN Ho Chi Minh City,VN502,Vietnam Airlines,text,Duration: 3h 0m,,True,2026-02-17T17:23:12.946157
2026-08-08,CAN,arrival,14:15,LYA Luoyang,CZ3364,China Southern,text,Duration: 2h 30m,,True,2026-02-17T17:23:12.946163
2026-08-08,CAN,arrival,14:15,SUB Surabaya,CZ8138,China Southern,text,Duration: 5h 15m,,True,2026-02-17T17:23:12.946169
2026-08-08,CAN,arrival,14:15,TSN Tianjin,GS7895,Tianjin Airlines,text,Duration: 3h 10m,,True,2026-02-17T17:23:12.946175
2026-08-08,CAN,arrival,14:20,CGO Zhengzhou,CZ8765,China Southern,text,Duration: 2h 20m,,True,2026-02-17T17:23:12.946181
2026-08-08,CAN,arrival,14:20,CGQ Changchun,CZ6377,China Southern,text,Duration: 4h 35m,,True,2026-02-17T17:23:12.946187
2026-08-08,CAN,arrival,14:25,PEK Beijing,CA1315,Air China,text,Duration: 3h 30m,,True,2026-02-17T17:23:12.946193
2026-08-08,CAN,arrival,14:25,SHE Shenyang,CZ6367,China Southern,text,Duration: 4h 25m,,True,2026-02-17T17:23:12.946200
2026-08-08,CAN,arrival,14:25,URC Urumqi,CZ6024,China Southern,text,Duration: 5h 15m,,True,2026-02-17T17:23:12.946206
2026-08-08,CAN,arrival,14:25,TFU Chengdu,HU7152,Hainan Airlines,text,Duration: 2h 25m,,True,2026-02-17T17:23:12.946212
2026-08-08,CAN,arrival,14:30,CTU Chengdu,CZ3402,China Southern,text,Duration: 2h 30m,,True,2026-02-17T17:23:12.946218
2026-08-08,CAN,arrival,14:30,MNL Manila,CZ3092,China Southern,text,Duration: 2h 35m,,True,2026-02-17T17:23:12.946224
2026-08-08,CAN,arrival,14:30,BKK Bangkok,TG668,Thai Airways,text,Duration: 3h 0m,,True,2026-02-17T17:23:12.946230
2026-08-08,CAN,arrival,14:35,HAN Hanoi,CZ3050,China Southern,text,Duration: 1h 50m,,True,2026-02-17T17:23:12.946236
2026-08-08,CAN,arrival,14:35,HND Tokyo,CZ3086,China Southern,text,Duration: 4h 50m,,True,2026-02-17T17:23:12.946242
2026-08-08,CAN,arrival,14:35,XNN Xining,CZ3250,China Southern,text,Duration: 3h 25m,,True,2026-02-17T17:23:12.946249
2026-08-08,CAN,arrival,14:35,HGH Hangzhou,MU5215,China Eastern,text,Duration: 2h 10m,,True,2026-02-17T17:23:12.946375
2026-08-08,CAN,arrival,14:35,SJW Shijiazhuang,OQ2134,Chongqing Airlines,text,Duration: 3h 5m,,True,2026-02-17T17:23:12.946385
2026-08-08,CAN,arrival,14:40,CTU Chengdu,CA4317,Air China,text,Duration: 2h 40m,,True,2026-02-17T17:23:12.946392
2026-08-08,CAN,arrival,14:40,CXR Nha Trang,CZ8476,China Southern,text,Duration: 2h 35m,,True,2026-02-17T17:23:12.946400
2026-08-08,CAN,arrival,14:40,NGB Ningbo,CZ8294,China Southern,text,Duration: 2h 10m,,True,2026-02-17T17:23:12.946407
2026-08-08,CAN,arrival,14:40,PKX Beijing,CZ3112,China Southern,text,Duration: 3h 10m,,True,2026-02-17T17:23:12.946419
2026-08-08,CAN,arrival,14:40,TAO Qingdao,CZ3200,China Southern,text,Duration: 3h 5m,,True,2026-02-17T17:23:12.946440
2026-08-08,CAN,arrival,14:40,TAO Qingdao,ZH9996,Shenzhen Airlines,text,Duration: 3h 30m,,True,2026-02-17T17:23:12.946456
2026-08-08,CAN,arrival,14:45,HGH Hangzhou,CZ3804,China Southern,text,Duration: 2h 10m,,True,2026-02-17T17:23:12.946471
2026-08-08,CAN,arrival,14:45,"JUZ Quzhou, Zhejiang Province",CZ6290,China Southern,text,Duration: 2h 0m,,True,2026-02-17T17:23:12.946488
2026-08-08,CAN,arrival,14:45,RUH Riyadh,SV884,Saudia,text,Duration: 8h 45m,,True,2026-02-17T17:23:12.946503
2026-08-08,CAN,arrival,14:45,NKG Nanjing,ZH9864,Shenzhen Airlines,text,Duration: 2h 15m,,True,2026-02-17T17:23:12.946518
2026-08-08,CAN,arrival,14:50,ACX Xingyi,CZ3924,China Southern,text,Duration: 1h 50m,,True,2026-02-17T17:23:12.946530
2026-08-08,CAN,arrival,14:50,XNT Xingtai,CZ8246,China Southern,text,Duration: 2h 50m,,True,2026-02-17T17:23:12.946537
2026-08-08,CAN,arrival,14:50,HGH Hangzhou,MF8381,XiamenAir,text,Duration: 2h 20m,,True,2026-02-17T17:23:12.946544
2026-08-08,CAN,arrival,14:55,HZG Hanzhong,AQ1154,9 Air,text,Duration: 2h 35m,,True,2026-02-17T17:23:12.946550
2026-08-08,CAN,arrival,14:55,TNA Jinan,CZ3510,China Southern,text,Duration: 2h 45m,,True,2026-02-17T17:23:12.946556
2026-08-08,CAN,arrival,14:55,ADD Addis Ababa,ET606,Ethiopian,text,Duration: 10h 30m,,True,2026-02-17T17:23:12.946563
2026-08-08,CAN,arrival,14:55,PEK Beijing,ZH9148,Shenzhen Airlines,text,Duration: 3h 30m,,True,2026-02-17T17:23:12.946570
2026-08-08,CAN,arrival,14:55,PVG Shanghai,ZH9534,Shenzhen Airlines,text,Duration: 2h 45m,,True,2026-02-17T17:23:12.946576
2026-08-08,CAN,arrival,14:55,WUX Wuxi,ZH9824,Shenzhen Airlines,text,Duration: 2h 25m,,True,2026-02-17T17:23:12.946582
2026-08-08,CAN,arrival,15:00,SHA Shanghai,9C6719,Spring Airlines,text,Duration: 2h 40m,,True,2026-02-17T17:23:12.946589
2026-08-08,CAN,arrival,15:00,TYN Taiyuan,CZ3702,China Southern,text,Duration: 2h 55m,,True,2026-02-17T17:23:12.946595
2026-08-08,CAN,arrival,15:00,VTE Vientiane,CZ8150,China Southern,text,Duration: 2h 30m,,True,2026-02-17T17:23:12.946601
2026-08-08,CAN,arrival,15:05,SHA Shanghai,CA1837,Air China,text,Duration: 2h 30m,,True,2026-02-17T17:23:12.946607
2026-08-08,CAN,arrival,15:05,HET Hohhot,CZ3198,China Southern,text,Duration: 3h 20m,,True,2026-02-17T17:23:12.946614
2026-08-08,CAN,arrival,15:05,NKG Nanjing,CZ3844,China Southern,text,Duration: 2h 30m,,True,2026-02-17T17:23:12.946620
2026-08-08,CAN,arrival,15:05,SHA Shanghai,MU5305,China Eastern,text,Duration: 2h 35m,,True,2026-02-17T17:23:12.946626
2026-08-08,CAN,arrival,15:05,TNA Jinan,ZH9972,Shenzhen Airlines,text,Duration: 2h 55m,,True,2026-02-17T17:23:12.946633
2026-08-08,CAN,arrival,15:10,BKK Bangkok,CZ358,China Southern,text,Duration: 2h 50m,,True,2026-02-17T17:23:12.946638
2026-08-08,CAN,arrival,15:10,KMG Kunming,MU9689,China Eastern,text,Duration: 2h 5m,,True,2026-02-17T17:23:12.946644
2026-08-08,CAN,arrival,15:15,HFE Hefei,CZ3814,China Southern,text,Duration: 2h 5m,,True,2026-02-17T17:23:12.946650
2026-08-08,CAN,arrival,15:15,MIG Mian Yang,CZ8638,China Southern,text,Duration: 2h 35m,,True,2026-02-17T17:23:12.946656
2026-08-08,CAN,arrival,15:15,XIY Xian,ZH9222,Shenzhen Airlines,text,Duration: 2h 45m,,True,2026-02-17T17:23:12.946662
2026-08-08,CAN,arrival,15:20,TAO Qingdao,AQ1020,9 Air,text,Duration: 3h 35m,,True,2026-02-17T17:23:12.946667
2026-08-08,CAN,arrival,15:20,PEK Beijing,CA1339,Air China,text,Duration: 3h 20m,,True,2026-02-17T17:23:12.946673
2026-08-08,CAN,arrival,15:20,HAN Hanoi,VN506,Vietnam Airlines,text,Duration: 1h 55m,,True,2026-02-17T17:23:12.946679
2026-08-08,CAN,arrival,15:25,CGK Jakarta,CZ388,China Southern,text,Duration: 5h 15m,,True,2026-02-17T17:23:12.946686
2026-08-08,CAN,arrival,15:25,HAK Haikou,CZ6777,China Southern,text,Duration: 1h 25m,,True,2026-02-17T17:23:12.946692
2026-08-08,CAN,arrival,15:25,KMG Kunming,CZ3494,China Southern,text,Duration: 2h 10m,,True,2026-02-17T17:23:12.946698
2026-08-08,CAN,arrival,15:25,URC Urumqi,UQ2591,Urumqi Airlines,text,Duration: 5h 10m,,True,2026-02-17T17:23:12.946704
2026-08-08,CAN,arrival,15:30,CTU Chengdu,CZ3438,China Southern,text,Duration: 2h 30m,,True,2026-02-17T17:23:12.946710
2026-08-08,CAN,arrival,15:30,CAI Cairo,MS958,EgyptAir,text,Duration: 10h 10m,,True,2026-02-17T17:23:12.946716
2026-08-08,CAN,arrival,15:30,HYN Taizhou,MU2476,China Eastern,text,Duration: 2h 10m,,True,2026-02-17T17:23:12.946722
2026-08-08,CAN,arrival,15:30,DOH Doha,QR874,Qatar Airways,text,Duration: 8h 20m,,True,2026-02-17T17:23:12.946727
2026-08-08,CAN,arrival,15:35,CTU Chengdu,3U8733,Sichuan Airlines,text,Duration: 2h 35m,,True,2026-02-17T17:23:12.946733
2026-08-08,CAN,arrival,15:35,NTG Nantong,CZ3640,China Southern,text,Duration: 2h 30m,,True,2026-02-17T17:23:12.946739
2026-08-08,CAN,arrival,15:35,WMT Zunyi,CZ3314,China Southern,text,Duration: 1h 55m,,True,2026-02-17T17:23:12.946744
2026-08-08,CAN,arrival,15:35,YNZ Yancheng,CZ3268,China Southern,text,Duration: 2h 30m,,True,2026-02-17T17:23:12.946750
2026-08-08,CAN,arrival,15:35,WUX Wuxi,MU2917,China Eastern,text,Duration: 2h 25m,,True,2026-02-17T17:23:12.946756
2026-08-08,CAN,arrival,15:40,CSX Changsha,CZ3379,China Southern,text,Duration: 1h 40m,,True,2026-02-17T17:23:12.946901
2026-08-08,CAN,arrival,15:40,PKX Beijing,CZ3102,China Southern,text,Duration: 3h 10m,,True,2026-02-17T17:23:12.946918
2026-08-08,CAN,arrival,15:40,YIW Yiwu,CZ3884,China Southern,text,Duration: 2h 5m,,True,2026-02-17T17:23:12.946932
2026-08-08,CAN,arrival,15:45,WUH Wuhan,CA8231,Air China,text,Duration: 1h 45m,,True,2026-02-17T17:23:12.946944
2026-08-08,CAN,arrival,15:45,XIY Xian,CZ3238,China Southern,text,Duration: 2h 45m,,True,2026-02-17T17:23:12.946955
2026-08-08,CAN,arrival,15:45,TSN Tianjin,OQ2124,Chongqing Airlines,text,Duration: 3h 25m,,True,2026-02-17T17:23:12.946965
2026-08-08,CAN,arrival,15:45,YNT Yantai,ZH9676,Shenzhen Airlines,text,Duration: 3h 45m,,True,2026-02-17T17:23:12.946976
2026-08-08,CAN,arrival,15:50,TFU Chengdu,3U6703,Sichuan Airlines,text,Duration: 2h 20m,,True,2026-02-17T17:23:12.946987
2026-08-08,CAN,arrival,15:50,ENY Yan'an,CZ3224,China Southern,text,Duration: 3h 5m,,True,2026-02-17T17:23:12.947000
2026-08-08,CAN,arrival,15:50,HGH Hangzhou,CZ3864,China Southern,text,Duration: 2h 15m,,True,2026-02-17T17:23:12.947007
2026-08-08,CAN,arrival,15:50,SHE Shenyang,CZ6347,China Southern,text,Duration: 4h 20m,,True,2026-02-17T17:23:12.947014
2026-08-08,CAN,arrival,15:50,PVG Shanghai,MU5345,China Eastern,text,Duration: 2h 20m,,True,2026-02-17T17:23:12.947021
2026-08-08,CAN,arrival,15:50,NGB Ningbo,OQ2028,Chongqing Airlines,text,Duration: 2h 25m,,True,2026-02-17T17:23:12.947028
2026-08-08,CAN,arrival,15:55,LHW Lanzhou,CZ8986,China Southern,text,Duration: 3h 25m,,True,2026-02-17T17:23:12.947035
2026-08-08,CAN,arrival,15:55,SGN Ho Chi Minh City,CZ8160,China Southern,text,Duration: 3h 0m,,True,2026-02-17T17:23:12.947042
2026-08-08,CAN,arrival,15:55,URC Urumqi,CZ6895,China Southern,text,Duration: 5h 10m,,True,2026-02-17T17:23:12.947049
2026-08-08,CAN,arrival,15:55,WUH Wuhan,CZ3345,China Southern,text,Duration: 1h 55m,,True,2026-02-17T17:23:12.947056
2026-08-08,CAN,arrival,16:00,CGO Zhengzhou,CZ3393,China Southern,text,Duration: 2h 30m,,True,2026-02-17T17:23:12.947062
2026-08-08,CAN,arrival,16:00,KTI Phnom Penh,CZ8314,China Southern,text,Duration: 2h 55m,,True,2026-02-17T17:23:12.947069
2026-08-08,CAN,arrival,16:00,ZHA Zhanjiang,CZ3332,China Southern,text,Duration: 1h 15m,,True,2026-02-17T17:23:12.947075
2026-08-08,CAN,arrival,16:00,PEK Beijing,HU7807,Hainan Airlines,text,Duration: 3h 30m,,True,2026-02-17T17:23:12.947081
2026-08-08,CAN,arrival,16:05,NKG Nanjing,CZ3600,China Southern,text,Duration: 2h 20m,,True,2026-02-17T17:23:12.947088
2026-08-08,CAN,arrival,16:05,XMN Xiamen,CZ3742,China Southern,text,Duration: 1h 35m,,True,2026-02-17T17:23:12.947094
2026-08-08,CAN,arrival,16:10,DLU Dali City,CZ6596,China Southern,text,Duration: 2h 35m,,True,2026-02-17T17:23:12.947101
2026-08-08,CAN,arrival,16:10,SHA Shanghai,CZ3532,China Southern,text,Duration: 2h 20m,,True,2026-02-17T17:23:12.947108
2026-08-08,CAN,arrival,16:10,TAO Qingdao,CZ3520,China Southern,text,Duration: 3h 20m,,True,2026-02-17T17:23:12.947114
2026-08-08,CAN,arrival,16:10,VTE Vientiane,QV881,Lao Airlines,text,Duration: 2h 0m,,True,2026-02-17T17:23:12.947120
2026-08-08,CAN,arrival,16:15,HGH Hangzhou,CA1793,Air China,text,Duration: 2h 10m,,True,2026-02-17T17:23:12.947127
2026-08-08,CAN,arrival,16:15,TPE Taipei,CI521,China Airlines,text,Duration: 2h 5m,,True,2026-02-17T17:23:12.947133
2026-08-08,CAN,arrival,16:15,DLC Dalian,CZ6457,China Southern,text,Duration: 3h 45m,,True,2026-02-17T17:23:12.947140
2026-08-08,CAN,arrival,16:15,RGN Yangon,CZ3056,China Southern,text,Duration: 3h 20m,,True,2026-02-17T17:23:12.947146
2026-08-08,CAN,arrival,16:15,WNZ Wenzhou,CZ3764,China Southern,text,Duration: 2h 0m,,True,2026-02-17T17:23:12.947152
2026-08-08,CAN,arrival,16:20,CKG Chongqing,CA4349,Air China,text,Duration: 2h 20m,,True,2026-02-17T17:23:12.947158
2026-08-08,CAN,arrival,16:20,XFN Xiangyang,GJ8382,Loong Air,text,Duration: 2h 5m,,True,2026-02-17T17:23:12.947164
2026-08-08,CAN,arrival,16:30,TFU Chengdu,CA4301,Air China,text,Duration: 2h 30m,,True,2026-02-17T17:23:12.947170
2026-08-08,CAN,arrival,16:30,LUM Mangshi,MU9729,China Eastern,text,Duration: 2h 35m,,True,2026-02-17T17:23:12.947176
2026-08-08,CAN,arrival,16:30,TNA Jinan,ZH9974,Shenzhen Airlines,text,Duration: 2h 55m,,True,2026-02-17T17:23:12.947183
2026-08-08,CAN,arrival,16:35,HGH Hangzhou,MU5217,China Eastern,text,Duration: 2h 0m,,True,2026-02-17T17:23:12.947189
2026-08-08,CAN,arrival,16:35,HAN Hanoi,ZH122,Shenzhen Airlines,text,Duration: 1h 50m,,True,2026-02-17T17:23:12.947196
2026-08-08,CAN,arrival,16:40,AKL Auckland,CZ336,China Southern,text,Duration: 11h 40m,,True,2026-02-17T17:23:12.947203
2026-08-08,CAN,arrival,16:40,BKK Bangkok,CZ8080,China Southern,text,Duration: 3h 0m,,True,2026-02-17T17:23:12.947209
2026-08-08,CAN,arrival,16:40,PKX Beijing,CZ3106,China Southern,text,Duration: 3h 10m,,True,2026-02-17T17:23:12.947216
2026-08-08,CAN,arrival,16:40,NKG Nanjing,MU2717,China Eastern,text,Duration: 2h 10m,,True,2026-02-17T17:23:12.947222
2026-08-08,CAN,arrival,16:40,TAO Qingdao,SC4677,Shandong Airlines,text,Duration: 3h 20m,,True,2026-02-17T17:23:12.947228
2026-08-08,CAN,arrival,16:45,SHA Shanghai,MU5307,China Eastern,text,Duration: 2h 15m,,True,2026-02-17T17:23:12.947235
2026-08-08,CAN,arrival,16:50,KMG Kunming,CZ3416,China Southern,text,Duration: 2h 10m,,True,2026-02-17T17:23:12.947241
2026-08-08,CAN,arrival,16:50,LHR London,CZ304,China Southern,text,Duration: 11h 40m,,True,2026-02-17T17:23:12.947247
2026-08-08,CAN,arrival,16:50,TAO Qingdao,MU5257,China Eastern,text,Duration: 3h 0m,,True,2026-02-17T17:23:12.947253
2026-08-08,CAN,arrival,16:50,IST Istanbul,TK72,Turkish Airlines,text,Duration: 10h 30m,,True,2026-02-17T17:23:12.947258
2026-08-08,CAN,arrival,16:55,SHA Shanghai,9C8855,Spring Airlines,text,Duration: 2h 35m,,True,2026-02-17T17:23:12.947264
2026-08-08,CAN,arrival,16:55,HGH Hangzhou,CZ6568,China Southern,text,Duration: 2h 20m,,True,2026-02-17T17:23:12.947382
2026-08-08,CAN,arrival,16:55,TNA Jinan,CZ3620,China Southern,text,Duration: 2h 45m,,True,2026-02-17T17:23:12.947390
2026-08-08,CAN,arrival,16:55,TPE Taipei,CZ3098,China Southern,text,Duration: 2h 5m,,True,2026-02-17T17:23:12.947396
2026-08-08,CAN,arrival,16:55,HAK Haikou,HU7007,Hainan Airlines,text,Duration: 1h 25m,,True,2026-02-17T17:23:12.947402
2026-08-08,CAN,arrival,17:00,PZI Pan Zhi Hua,CZ3934,China Southern,text,Duration: 2h 30m,,True,2026-02-17T17:23:12.947410
2026-08-08,CAN,arrival,17:00,FOC Fuzhou,MF8347,XiamenAir,text,Duration: 2h 0m,,True,2026-02-17T17:23:12.947418
2026-08-08,CAN,arrival,17:10,SHA Shanghai,HO1869,Juneyao Airlines,text,Duration: 2h 20m,,True,2026-02-17T17:23:12.947424
2026-08-08,CAN,arrival,17:10,XMN Xiamen,MF8387,XiamenAir,text,Duration: 1h 40m,,True,2026-02-17T17:23:12.947433
2026-08-08,CAN,arrival,17:10,CKG Chongqing,OQ2339,Chongqing Airlines,text,Duration: 2h 5m,,True,2026-02-17T17:23:12.947440
2026-08-08,CAN,arrival,17:10,INC Yinchuan,ZH8942,Shenzhen Airlines,text,Duration: 3h 10m,,True,2026-02-17T17:23:12.947447
2026-08-08,CAN,arrival,17:15,PKX Beijing,CZ3186,China Southern,text,Duration: 3h 15m,,True,2026-02-17T17:23:12.947454
2026-08-08,CAN,arrival,17:15,SHA Shanghai,CZ3538,China Southern,text,Duration: 2h 25m,,True,2026-02-17T17:23:12.947461
2026-08-08,CAN,arrival,17:15,SYX Sanya,CZ6743,China Southern,text,Duration: 1h 40m,,True,2026-02-17T17:23:12.947467
2026-08-08,CAN,arrival,17:20,NGB Ningbo,CZ3518,China Southern,text,Duration: 2h 25m,,True,2026-02-17T17:23:12.947475
2026-08-08,CAN,arrival,17:20,SHE Shenyang,MU9870,China Eastern,text,Duration: 4h 5m,,True,2026-02-17T17:23:12.947481
2026-08-08,CAN,arrival,17:25,PEK Beijing,CA1327,Air China,text,Duration: 3h 25m,,True,2026-02-17T17:23:12.947488
2026-08-08,CAN,arrival,17:25,CGO Zhengzhou,CZ6625,China Southern,text,Duration: 2h 25m,,True,2026-02-17T17:23:12.947495
2026-08-08,CAN,arrival,17:25,HAK Haikou,CZ6791,China Southern,text,Duration: 1h 25m,,True,2026-02-17T17:23:12.947502
2026-08-08,CAN,arrival,17:25,SHE Shenyang,CZ6315,China Southern,text,Duration: 4h 25m,,True,2026-02-17T17:23:12.947508
2026-08-08,CAN,arrival,17:30,BNE Brisbane,CZ382,China Southern,text,Duration: 9h 20m,,True,2026-02-17T17:23:12.947514
2026-08-08,CAN,arrival,17:30,CTU Chengdu,CZ3444,China Southern,text,Duration: 2h 30m,,True,2026-02-17T17:23:12.947521
2026-08-08,CAN,arrival,17:30,HRB Harbin,CZ5394,China Southern,text,Duration: 5h 0m,,True,2026-02-17T17:23:12.947527
2026-08-08,CAN,arrival,17:30,POM Port Moresby,CZ5056,China Southern,text,Duration: 7h 0m,,True,2026-02-17T17:23:12.947533
2026-08-08,CAN,arrival,17:30,WUH Wuhan,MU6734,China Eastern,text,Duration: 1h 55m,,True,2026-02-17T17:23:12.947539
2026-08-08,CAN,arrival,17:30,SHE Shenyang,OQ2128,Chongqing Airlines,text,Duration: 4h 30m,,True,2026-02-17T17:23:12.947545
2026-08-08,CAN,arrival,17:35,CTU Chengdu,CA4333,Air China,text,Duration: 2h 35m,,True,2026-02-17T17:23:12.947551
2026-08-08,CAN,arrival,17:35,KUL Kuala Lumpur,CZ350,China Southern,text,Duration: 4h 10m,,True,2026-02-17T17:23:12.947557
2026-08-08,CAN,arrival,17:40,HGH Hangzhou,CA1795,Air China,text,Duration: 2h 25m,,True,2026-02-17T17:23:12.947563
2026-08-08,CAN,arrival,17:40,PKX Beijing,CZ3162,China Southern,text,Duration: 3h 10m,,True,2026-02-17T17:23:12.947570
2026-08-08,CAN,arrival,17:40,DLU Dali City,MU9741,China Eastern,text,Duration: 2h 25m,,True,2026-02-17T17:23:12.947576
2026-08-08,CAN,arrival,17:45,BKK Bangkok,CZ8100,China Southern,text,Duration: 3h 0m,,True,2026-02-17T17:23:12.947582
2026-08-08,CAN,arrival,17:45,XIY Xian,CZ3232,China Southern,text,Duration: 2h 45m,,True,2026-02-17T17:23:12.947588
2026-08-08,CAN,arrival,17:50,CKG Chongqing,3U8745,Sichuan Airlines,text,Duration: 2h 5m,,True,2026-02-17T17:23:12.947595
2026-08-08,CAN,arrival,17:50,SIN Singapore,CZ354,China Southern,text,Duration: 4h 20m,,True,2026-02-17T17:23:12.947601
2026-08-08,CAN,arrival,17:50,DOY Dongying,HU7260,Hainan Airlines,text,Duration: 3h 15m,,True,2026-02-17T17:23:12.947607
2026-08-08,CAN,arrival,17:50,PEK Beijing,HU7809,Hainan Airlines,text,Duration: 3h 20m,,True,2026-02-17T17:23:12.947613
2026-08-08,CAN,arrival,17:50,HIA Huai'an,MU2869,China Eastern,text,Duration: 2h 20m,,True,2026-02-17T17:23:12.947620
2026-08-08,CAN,arrival,17:50,WUX Wuxi,ZH9826,Shenzhen Airlines,text,Duration: 2h 30m,,True,2026-02-17T17:23:12.947626
2026-08-08,CAN,arrival,17:55,KWE Guiyang,CZ3691,China Southern,text,Duration: 1h 40m,,True,2026-02-17T17:23:12.947632
2026-08-08,CAN,arrival,17:55,SYD Sydney,CZ326,China Southern,text,Duration: 9h 50m,,True,2026-02-17T17:23:12.947638
2026-08-08,CAN,arrival,17:55,URC Urumqi,CZ6883,China Southern,text,Duration: 5h 5m,,True,2026-02-17T17:23:12.947644
2026-08-08,CAN,arrival,17:55,PKX Beijing,MU6305,China Eastern,text,Duration: 3h 15m,,True,2026-02-17T17:23:12.947650
2026-08-08,CAN,arrival,18:00,HGH Hangzhou,CZ3850,China Southern,text,Duration: 2h 25m,,True,2026-02-17T17:23:12.947656
2026-08-08,CAN,arrival,18:00,MEL Melbourne,CZ322,China Southern,text,Duration: 9h 40m,,True,2026-02-17T17:23:12.947662
2026-08-08,CAN,arrival,18:00,SHA Shanghai,FM9313,Shanghai Airlines,text,Duration: 2h 5m,,True,2026-02-17T17:23:12.947668
2026-08-08,CAN,arrival,18:05,ADL Adelaide,CZ664,China Southern,text,Duration: 9h 5m,,True,2026-02-17T17:23:12.947674
2026-08-08,CAN,arrival,18:05,HFE Hefei,CZ3874,China Southern,text,Duration: 2h 15m,,True,2026-02-17T17:23:12.947680
2026-08-08,CAN,arrival,18:05,LHW Lanzhou,CZ3206,China Southern,text,Duration: 3h 20m,,True,2026-02-17T17:23:12.947686
2026-08-08,CAN,arrival,18:05,XMN Xiamen,CZ3880,China Southern,text,Duration: 1h 35m,,True,2026-02-17T17:23:12.947692
2026-08-08,CAN,arrival,18:10,ICN Seoul,CZ338,China Southern,text,Duration: 3h 55m,,True,2026-02-17T17:23:12.947698
2026-08-08,CAN,arrival,18:10,YIW Yiwu,CZ3150,China Southern,text,Duration: 2h 5m,,True,2026-02-17T17:23:12.947797
2026-08-08,CAN,arrival,18:10,TSN Tianjin,GS7925,Tianjin Airlines,text,Duration: 3h 30m,,True,2026-02-17T17:23:12.947805
2026-08-08,CAN,arrival,18:10,NKG Nanjing,ZH9866,Shenzhen Airlines,text,Duration: 2h 30m,,True,2026-02-17T17:23:12.947812
2026-08-08,CAN,arrival,18:15,TFU Chengdu,AQ1116,9 Air,text,Duration: 2h 15m,,True,2026-02-17T17:23:12.947818
2026-08-08,CAN,arrival,18:15,TSN Tianjin,CA2803,Air China,text,Duration: 3h 20m,,True,2026-02-17T17:23:12.947824
2026-08-08,CAN,arrival,18:15,DLC Dalian,CZ3607,China Southern,text,Duration: 3h 40m,,True,2026-02-17T17:23:12.947830
2026-08-08,CAN,arrival,18:15,SHA Shanghai,CZ3540,China Southern,text,Duration: 2h 25m,,True,2026-02-17T17:23:12.947836
2026-08-08,CAN,arrival,18:15,TAO Qingdao,SC4675,Shandong Airlines,text,Duration: 3h 15m,,True,2026-02-17T17:23:12.947842
2026-08-08,CAN,arrival,18:15,HRB Harbin,ZH9672,Shenzhen Airlines,text,Duration: 4h 50m,,True,2026-02-17T17:23:12.947848
2026-08-08,CAN,arrival,18:20,PEK Beijing,CA1301,Air China,text,Duration: 3h 20m,,True,2026-02-17T17:23:12.947855
2026-08-08,CAN,arrival,18:20,LJG Lijiang,CZ3424,China Southern,text,Duration: 2h 35m,,True,2026-02-17T17:23:12.947861
2026-08-08,CAN,arrival,18:25,FOC Fuzhou,CZ3878,China Southern,text,Duration: 2h 0m,,True,2026-02-17T17:23:12.947866
2026-08-08,CAN,arrival,18:25,TSN Tianjin,CZ3302,China Southern,text,Duration: 3h 10m,,True,2026-02-17T17:23:12.947873
2026-08-08,CAN,arrival,18:25,WUH Wuhan,CZ3706,China Southern,text,Duration: 1h 55m,,True,2026-02-17T17:23:12.947880
2026-08-08,CAN,arrival,18:25,XIY Xian,HU7857,Hainan Airlines,text,Duration: 2h 55m,,True,2026-02-17T17:23:12.947887
2026-08-08,CAN,arrival,18:30,CKG Chongqing,CZ3486,China Southern,text,Duration: 2h 5m,,True,2026-02-17T17:23:12.947894
2026-08-08,CAN,arrival,18:30,HAN Hanoi,CZ8316,China Southern,text,Duration: 1h 45m,,True,2026-02-17T17:23:12.947900
2026-08-08,CAN,arrival,18:30,HRB Harbin,CZ3616,China Southern,text,Duration: 4h 50m,,True,2026-02-17T17:23:12.947907
2026-08-08,CAN,arrival,18:35,WUX Wuxi,AQ1056,9 Air,text,Duration: 2h 35m,,True,2026-02-17T17:23:12.947915
2026-08-08,CAN,arrival,18:35,TFU Chengdu,MU6185,China Eastern,text,Duration: 2h 35m,,True,2026-02-17T17:23:12.947927
2026-08-08,CAN,arrival,18:40,CGQ Changchun,CZ6851,China Southern,text,Duration: 4h 45m,,True,2026-02-17T17:23:12.947941
2026-08-08,CAN,arrival,18:40,PKX Beijing,CZ3104,China Southern,text,Duration: 3h 10m,,True,2026-02-17T17:23:12.947951
2026-08-08,CAN,arrival,18:40,YTY Yangzhou,CZ5906,China Southern,text,Duration: 2h 35m,,True,2026-02-17T17:23:12.947958
2026-08-08,CAN,arrival,18:40,CKG Chongqing,HU7242,Hainan Airlines,text,Duration: 2h 10m,,True,2026-02-17T17:23:12.947965
2026-08-08,CAN,arrival,18:40,LHW Lanzhou,MU2305,China Eastern,text,Duration: 3h 10m,,True,2026-02-17T17:23:12.947972
2026-08-08,CAN,arrival,18:45,XIY Xian,CZ3212,China Southern,text,Duration: 2h 45m,,True,2026-02-17T17:23:12.947979
2026-08-08,CAN,arrival,18:45,PVG Shanghai,FM9315,Shanghai Airlines,text,Duration: 2h 15m,,True,2026-02-17T17:23:12.947985
2026-08-08,CAN,arrival,18:50,CKG Chongqing,CA4341,Air China,text,Duration: 2h 5m,,True,2026-02-17T17:23:12.947992
2026-08-08,CAN,arrival,18:50,DZH Dazhou,CA4355,Air China,text,Duration: 2h 30m,,True,2026-02-17T17:23:12.947999
2026-08-08,CAN,arrival,18:50,SJW Shijiazhuang,JD5356,Capital Airlines,text,Duration: 3h 0m,,True,2026-02-17T17:23:12.948005
2026-08-08,CAN,arrival,18:50,PKX Beijing,KN5321,China United Airlines,text,Duration: 3h 20m,,True,2026-02-17T17:23:12.948012
2026-08-08,CAN,arrival,18:55,HGH Hangzhou,CZ3512,China Southern,text,Duration: 2h 20m,,True,2026-02-17T17:23:12.948019
2026-08-08,CAN,arrival,18:55,TNA Jinan,CZ3712,China Southern,text,Duration: 2h 45m,,True,2026-02-17T17:23:12.948025
2026-08-08,CAN,arrival,18:55,SHA Shanghai,MU5311,China Eastern,text,Duration: 2h 25m,,True,2026-02-17T17:23:12.948031
2026-08-08,CAN,arrival,18:55,NKG Nanjing,ZH9868,Shenzhen Airlines,text,Duration: 2h 15m,,True,2026-02-17T17:23:12.948037
2026-08-08,CAN,arrival,19:00,HET Hohhot,CZ3246,China Southern,text,Duration: 3h 25m,,True,2026-02-17T17:23:12.948043
2026-08-08,CAN,arrival,19:00,NKG Nanjing,CZ3822,China Southern,text,Duration: 2h 15m,,True,2026-02-17T17:23:12.948050
2026-08-08,CAN,arrival,19:00,TAO Qingdao,CZ3536,China Southern,text,Duration: 3h 10m,,True,2026-02-17T17:23:12.948056
2026-08-08,CAN,arrival,19:00,KTI Phnom Penh,KR935,Cambodia Airways,text,Duration: 2h 55m,,True,2026-02-17T17:23:12.948063
2026-08-08,CAN,arrival,19:05,BKK Bangkok,CZ5096,China Southern,text,Duration: 3h 0m,,True,2026-02-17T17:23:12.948070
2026-08-08,CAN,arrival,19:05,DAC Dhaka,CZ5016,China Southern,text,Duration: 3h 50m,,True,2026-02-17T17:23:12.948079
2026-08-08,CAN,arrival,19:05,KUL Kuala Lumpur,CZ3048,China Southern,text,Duration: 4h 20m,,True,2026-02-17T17:23:12.948091
2026-08-08,CAN,arrival,19:05,SHA Shanghai,HO1867,Juneyao Airlines,text,Duration: 2h 35m,,True,2026-02-17T17:23:12.948104
2026-08-08,CAN,arrival,19:05,BKK Bangkok,KQ886,Kenya Airways,text,Duration: 3h 0m,,True,2026-02-17T17:23:12.948116
2026-08-08,CAN,arrival,19:05,TNA Jinan,SC1171,Shandong Airlines,text,Duration: 3h 0m,,True,2026-02-17T17:23:12.948122
2026-08-08,CAN,arrival,19:05,CZX Changzhou,ZH8944,Shenzhen Airlines,text,Duration: 2h 30m,,True,2026-02-17T17:23:12.948129
2026-08-08,CAN,arrival,19:10,CTU Chengdu,3U8739,Sichuan Airlines,text,Duration: 2h 30m,,True,2026-02-17T17:23:12.948136
2026-08-08,CAN,arrival,19:10,KIX Osaka,CZ390,China Southern,text,Duration: 4h 10m,,True,2026-02-17T17:23:12.948149
2026-08-08,CAN,arrival,19:10,NGB Ningbo,CZ3776,China Southern,text,Duration: 2h 20m,,True,2026-02-17T17:23:12.948164
2026-08-08,CAN,arrival,19:10,SHA Shanghai,CZ3526,China Southern,text,Duration: 2h 20m,,True,2026-02-17T17:23:12.948171
2026-08-08,CAN,arrival,19:10,PKX Beijing,JD5921,Capital Airlines,text,Duration: 3h 30m,,True,2026-02-17T17:23:12.948306
2026-08-08,CAN,arrival,19:15,HND Tokyo,CZ386,China Southern,text,Duration: 4h 35m,,True,2026-02-17T17:23:12.948321
2026-08-08,CAN,arrival,19:15,NGB Ningbo,MU5237,China Eastern,text,Duration: 2h 10m,,True,2026-02-17T17:23:12.948332
2026-08-08,CAN,arrival,19:15,XIY Xian,ZH9224,Shenzhen Airlines,text,Duration: 2h 45m,,True,2026-02-17T17:23:12.948343
2026-08-08,CAN,arrival,19:20,VTE Vientiane,CZ6092,China Southern,text,Duration: 2h 30m,,True,2026-02-17T17:23:12.948353
2026-08-08,CAN,arrival,19:20,WUH Wuhan,CZ6224,China Southern,text,Duration: 1h 50m,,True,2026-02-17T17:23:12.948364
2026-08-08,CAN,arrival,19:20,PVG Shanghai,HU7232,Hainan Airlines,text,Duration: 2h 50m,,True,2026-02-17T17:23:12.948375
2026-08-08,CAN,arrival,19:25,PEK Beijing,CA1365,Air China,text,Duration: 3h 25m,,True,2026-02-17T17:23:12.948385
2026-08-08,CAN,arrival,19:25,HAK Haikou,CZ6783,China Southern,text,Duration: 1h 25m,,True,2026-02-17T17:23:12.948396
2026-08-08,CAN,arrival,19:25,ICN Seoul,CZ3062,China Southern,text,Duration: 3h 40m,,True,2026-02-17T17:23:12.948406
2026-08-08,CAN,arrival,19:25,KTI Phnom Penh,CZ6060,China Southern,text,Duration: 2h 50m,,True,2026-02-17T17:23:12.948417
2026-08-08,CAN,arrival,19:25,TSN Tianjin,CZ3144,China Southern,text,Duration: 3h 10m,,True,2026-02-17T17:23:12.948428
2026-08-08,CAN,arrival,19:30,KTM Kathmandu,CZ6068,China Southern,text,Duration: 4h 25m,,True,2026-02-17T17:23:12.948454
2026-08-08,CAN,arrival,19:30,WEH Weihai,MU6896,China Eastern,text,Duration: 3h 40m,,True,2026-02-17T17:23:12.948466
2026-08-08,CAN,arrival,19:35,KIX Osaka,AQ1260,9 Air,text,Duration: 4h 50m,,True,2026-02-17T17:23:12.948476
2026-08-08,CAN,arrival,19:35,CGK Jakarta,CZ3038,China Southern,text,Duration: 5h 20m,,True,2026-02-17T17:23:12.948487
2026-08-08,CAN,arrival,19:35,CTU Chengdu,CZ3472,China Southern,text,Duration: 2h 35m,,True,2026-02-17T17:23:12.948498
2026-08-08,CAN,arrival,19:35,SGN Ho Chi Minh City,CZ374,China Southern,text,Duration: 2h 55m,,True,2026-02-17T17:23:12.948509
2026-08-08,CAN,arrival,19:35,SWA Jieyang,CZ3891,China Southern,text,Duration: 1h 15m,,True,2026-02-17T17:23:12.948521
2026-08-08,CAN,arrival,19:35,PKX Beijing,MU6307,China Eastern,text,Duration: 3h 20m,,True,2026-02-17T17:23:12.948532
2026-08-08,CAN,arrival,19:40,CTU Chengdu,CA4303,Air China,text,Duration: 2h 40m,,True,2026-02-17T17:23:12.948543
2026-08-08,CAN,arrival,19:40,PVG Shanghai,CA1865,Air China,text,Duration: 2h 35m,,True,2026-02-17T17:23:12.948553
2026-08-08,CAN,arrival,19:40,HRB Harbin,CZ8719,China Southern,text,Duration: 4h 50m,,True,2026-02-17T17:23:12.948564
2026-08-08,CAN,arrival,19:40,PKX Beijing,CZ3180,China Southern,text,Duration: 3h 10m,,True,2026-02-17T17:23:12.948575
2026-08-08,CAN,arrival,19:40,WNZ Wenzhou,CZ3528,China Southern,text,Duration: 1h 55m,,True,2026-02-17T17:23:12.948586
2026-08-08,CAN,arrival,19:45,DLC Dalian,CZ6467,China Southern,text,Duration: 3h 45m,,True,2026-02-17T17:23:12.948596
2026-08-08,CAN,arrival,19:45,URC Urumqi,CZ6885,China Southern,text,Duration: 5h 5m,,True,2026-02-17T17:23:12.948607
2026-08-08,CAN,arrival,19:45,HAK Haikou,HU7009,Hainan Airlines,text,Duration: 1h 15m,,True,2026-02-17T17:23:12.948619
2026-08-08,CAN,arrival,19:50,CXR Nha Trang,CZ6050,China Southern,text,Duration: 2h 50m,,True,2026-02-17T17:23:12.948630
2026-08-08,CAN,arrival,19:50,KMG Kunming,CZ3408,China Southern,text,Duration: 2h 10m,,True,2026-02-17T17:23:12.948641
2026-08-08,CAN,arrival,19:50,XIY Xian,CZ3208,China Southern,text,Duration: 2h 50m,,True,2026-02-17T17:23:12.948652
2026-08-08,CAN,arrival,19:55,PEK Beijing,HU7811,Hainan Airlines,text,Duration: 3h 25m,,True,2026-02-17T17:23:12.948664
2026-08-08,CAN,arrival,20:00,BKK Bangkok,CZ3082,China Southern,text,Duration: 3h 5m,,True,2026-02-17T17:23:12.948675
2026-08-08,CAN,arrival,20:00,SHE Shenyang,CZ3602,China Southern,text,Duration: 4h 30m,,True,2026-02-17T17:23:12.948686
2026-08-08,CAN,arrival,20:00,TYN Taiyuan,CZ6528,China Southern,text,Duration: 2h 55m,,True,2026-02-17T17:23:12.948696
2026-08-08,CAN,arrival,20:00,SHA Shanghai,MU9199,China Eastern,text,Duration: 2h 30m,,True,2026-02-17T17:23:12.948707
2026-08-08,CAN,arrival,20:00,HAK Haikou,ZH8992,Shenzhen Airlines,text,Duration: 1h 20m,,True,2026-02-17T17:23:12.948719
2026-08-08,CAN,arrival,20:05,HFE Hefei,CZ6586,China Southern,text,Duration: 2h 5m,,True,2026-02-17T17:23:12.948730
2026-08-08,CAN,arrival,20:05,PKX Beijing,MF8339,XiamenAir,text,Duration: 3h 5m,,True,2026-02-17T17:23:12.948740
2026-08-08,CAN,arrival,20:05,TNA Jinan,SC1175,Shandong Airlines,text,Duration: 2h 55m,,True,2026-02-17T17:23:12.948751
2026-08-08,CAN,arrival,20:05,WUX Wuxi,ZH9828,Shenzhen Airlines,text,Duration: 2h 30m,,True,2026-02-17T17:23:12.948761
2026-08-08,CAN,arrival,20:10,CKG Chongqing,HU7442,Hainan Airlines,text,Duration: 2h 10m,,True,2026-02-17T17:23:12.948772
2026-08-08,CAN,arrival,20:15,KMG Kunming,8L9975,Lucky Air,text,Duration: 2h 0m,,True,2026-02-17T17:23:12.948782
2026-08-08,CAN,arrival,20:15,TAO Qingdao,CZ3800,China Southern,text,Duration: 3h 10m,,True,2026-02-17T17:23:12.948797
2026-08-08,CAN,arrival,20:15,KMG Kunming,KY8281,Kunming Airlines,text,Duration: 2h 15m,,True,2026-02-17T17:23:12.948808
2026-08-08,CAN,arrival,20:15,TNA Jinan,SC1173,Shandong Airlines,text,Duration: 2h 35m,,True,2026-02-17T17:23:12.948820
2026-08-08,CAN,arrival,20:20,NKG Nanjing,AQ1034,9 Air,text,Duration: 2h 35m,,True,2026-02-17T17:23:12.948831
2026-08-08,CAN,arrival,20:20,TSN Tianjin,CA4548,Air China,text,Duration: 2h 55m,,True,2026-02-17T17:23:12.948843
2026-08-08,CAN,arrival,20:20,MNL Manila,CZ398,China Southern,text,Duration: 2h 35m,,True,2026-02-17T17:23:12.948853
2026-08-08,CAN,arrival,20:20,HGH Hangzhou,MF8311,XiamenAir,text,Duration: 2h 20m,,True,2026-02-17T17:23:12.948863
2026-08-08,CAN,arrival,20:25,CGO Zhengzhou,CZ3972,China Southern,text,Duration: 2h 25m,,True,2026-02-17T17:23:12.949058
2026-08-08,CAN,arrival,20:25,PVG Shanghai,CZ3488,China Southern,text,Duration: 2h 35m,,True,2026-02-17T17:23:12.949074
2026-08-08,CAN,arrival,20:25,SHA Shanghai,HO1851,Juneyao Airlines,text,Duration: 2h 20m,,True,2026-02-17T17:23:12.949085
2026-08-08,CAN,arrival,20:30,SHA Shanghai,9C8931,Spring Airlines,text,Duration: 2h 25m,,True,2026-02-17T17:23:12.949096
2026-08-08,CAN,arrival,20:30,WSK Wushan,CZ3962,China Southern,text,Duration: 1h 55m,,True,2026-02-17T17:23:12.949107
2026-08-08,CAN,arrival,20:30,CTU Chengdu,MU6831,China Eastern,text,Duration: 2h 25m,,True,2026-02-17T17:23:12.949118
2026-08-08,CAN,arrival,20:30,NKG Nanjing,ZH9870,Shenzhen Airlines,text,Duration: 2h 30m,,True,2026-02-17T17:23:12.949130
2026-08-08,CAN,arrival,20:35,MXZ Mei Xian,CZ3334,China Southern,text,Duration: 1h 10m,,True,2026-02-17T17:23:12.949141
2026-08-08,CAN,arrival,20:40,PKX Beijing,CZ3122,China Southern,text,Duration: 3h 10m,,True,2026-02-17T17:23:12.949153
2026-08-08,CAN,arrival,20:40,XUZ Xuzhou,CZ3340,China Southern,text,Duration: 2h 30m,,True,2026-02-17T17:23:12.949165
2026-08-08,CAN,arrival,20:40,YIW Yiwu,CZ3885,China Southern,text,Duration: 2h 0m,,True,2026-02-17T17:23:12.949177
2026-08-08,CAN,arrival,20:45,CKG Chongqing,CZ3464,China Southern,text,Duration: 2h 0m,,True,2026-02-17T17:23:12.949188
2026-08-08,CAN,arrival,20:45,TNA Jinan,MU5259,China Eastern,text,Duration: 2h 45m,,True,2026-02-17T17:23:12.949199
2026-08-08,CAN,arrival,20:50,KMG Kunming,CZ3450,China Southern,text,Duration: 2h 10m,,True,2026-02-17T17:23:12.949212
2026-08-08,CAN,arrival,20:50,NKG Nanjing,HU7314,Hainan Airlines,text,Duration: 2h 25m,,True,2026-02-17T17:23:12.949224
2026-08-08,CAN,arrival,20:55,HGH Hangzhou,3U3153,Sichuan Airlines,text,Duration: 2h 10m,,True,2026-02-17T17:23:12.949235
2026-08-08,CAN,arrival,20:55,KUL Kuala Lumpur,AK116,AirAsia,text,Duration: 4h 20m,,True,2026-02-17T17:23:12.949246
2026-08-08,CAN,arrival,20:55,PVG Shanghai,CZ3585,China Southern,text,Duration: 2h 35m,,True,2026-02-17T17:23:12.949258
2026-08-08,CAN,arrival,21:00,HGH Hangzhou,AQ1072,9 Air,text,Duration: 2h 25m,,True,2026-02-17T17:23:12.949269
2026-08-08,CAN,arrival,21:00,SYX Sanya,CZ6735,China Southern,text,Duration: 1h 45m,,True,2026-02-17T17:23:12.949280
2026-08-08,CAN,arrival,21:00,URC Urumqi,CZ6899,China Southern,text,Duration: 5h 5m,,True,2026-02-17T17:23:12.949292
2026-08-08,CAN,arrival,21:00,CGO Zhengzhou,HU7288,Hainan Airlines,text,Duration: 2h 30m,,True,2026-02-17T17:23:12.949303
2026-08-08,CAN,arrival,21:00,TYN Taiyuan,HU7250,Hainan Airlines,text,Duration: 3h 5m,,True,2026-02-17T17:23:12.949315
2026-08-08,CAN,arrival,21:00,SHA Shanghai,MU5371,China Eastern,text,Duration: 2h 30m,,True,2026-02-17T17:23:12.949326
2026-08-08,CAN,arrival,21:00,HFE Hefei,ZH9988,Shenzhen Airlines,text,Duration: 2h 20m,,True,2026-02-17T17:23:12.949336
2026-08-08,CAN,arrival,21:05,HKG Hong Kong,CX988,Cathay Pacific,text,Duration: 1h 5m,,True,2026-02-17T17:23:12.949346
2026-08-08,CAN,arrival,21:05,HGH Hangzhou,CZ3502,China Southern,text,Duration: 2h 30m,,True,2026-02-17T17:23:12.949357
2026-08-08,CAN,arrival,21:05,TNA Jinan,CZ8480,China Southern,text,Duration: 3h 5m,,True,2026-02-17T17:23:12.949368
2026-08-08,CAN,arrival,21:05,CZX Changzhou,ZH9654,Shenzhen Airlines,text,Duration: 2h 30m,,True,2026-02-17T17:23:12.949381
2026-08-08,CAN,arrival,21:10,KWE Guiyang,CZ6394,China Southern,text,Duration: 1h 45m,,True,2026-02-17T17:23:12.949392
2026-08-08,CAN,arrival,21:10,NKG Nanjing,CZ3700,China Southern,text,Duration: 2h 5m,,True,2026-02-17T17:23:12.949403
2026-08-08,CAN,arrival,21:10,KMG Kunming,MU5739,China Eastern,text,Duration: 2h 15m,,True,2026-02-17T17:23:12.949414
2026-08-08,CAN,arrival,21:10,LYI Linyi,ZH9482,Shenzhen Airlines,text,Duration: 3h 0m,,True,2026-02-17T17:23:12.949428
2026-08-08,CAN,arrival,21:10,TNA Jinan,ZH9978,Shenzhen Airlines,text,Duration: 3h 0m,,True,2026-02-17T17:23:12.949440
2026-08-08,CAN,arrival,21:15,CGQ Changchun,CZ8459,China Southern,text,Duration: 4h 35m,,True,2026-02-17T17:23:12.949452
2026-08-08,CAN,arrival,21:15,LUM Mangshi,CZ6500,China Southern,text,Duration: 2h 30m,,True,2026-02-17T17:23:12.949464
2026-08-08,CAN,arrival,21:15,SHA Shanghai,CZ3572,China Southern,text,Duration: 2h 25m,,True,2026-02-17T17:23:12.949476
2026-08-08,CAN,arrival,21:15,NKG Nanjing,MU9767,China Eastern,text,Duration: 2h 15m,,True,2026-02-17T17:23:12.949489
2026-08-08,CAN,arrival,21:15,DAR Dar Es Salaam,TC402,Air Tanzania,text,Duration: 11h 0m,,True,2026-02-17T17:23:12.949501
2026-08-08,CAN,arrival,21:15,HPH Haiphong,ZH130,Shenzhen Airlines,text,Duration: 1h 55m,,True,2026-02-17T17:23:12.949512
2026-08-08,CAN,arrival,21:20,PEK Beijing,CA1309,Air China,text,Duration: 3h 20m,,True,2026-02-17T17:23:12.949523
2026-08-08,CAN,arrival,21:20,TSN Tianjin,CA2805,Air China,text,Duration: 3h 20m,,True,2026-02-17T17:23:12.949535
2026-08-08,CAN,arrival,21:20,HKT Phuket,CZ6064,China Southern,text,Duration: 3h 40m,,True,2026-02-17T17:23:12.949546
2026-08-08,CAN,arrival,21:20,KUL Kuala Lumpur,CZ8012,China Southern,text,Duration: 4h 25m,,True,2026-02-17T17:23:12.949559
2026-08-08,CAN,arrival,21:20,LJG Lijiang,OQ2112,Chongqing Airlines,text,Duration: 2h 40m,,True,2026-02-17T17:23:12.949570
2026-08-08,CAN,arrival,21:25,CGO Zhengzhou,CZ3959,China Southern,text,Duration: 2h 30m,,True,2026-02-17T17:23:12.949580
2026-08-08,CAN,arrival,21:25,KHN Nanchang,CZ8532,China Southern,text,Duration: 1h 45m,,True,2026-02-17T17:23:12.949592
2026-08-08,CAN,arrival,21:25,WUH Wuhan,CZ3347,China Southern,text,Duration: 1h 55m,,True,2026-02-17T17:23:12.949604
2026-08-08,CAN,arrival,21:30,CSX Changsha,CZ5591,China Southern,text,Duration: 1h 45m,,True,2026-02-17T17:23:12.949614
2026-08-08,CAN,arrival,21:30,HGH Hangzhou,GJ8995,Loong Air,text,Duration: 2h 25m,,True,2026-02-17T17:23:12.949624
2026-08-08,CAN,arrival,21:30,TFU Chengdu,HU7252,Hainan Airlines,text,Duration: 2h 30m,,True,2026-02-17T17:23:12.949825
2026-08-08,CAN,arrival,21:35,CTU Chengdu,CZ3418,China Southern,text,Duration: 2h 35m,,True,2026-02-17T17:23:12.949840
2026-08-08,CAN,arrival,21:35,KUL Kuala Lumpur,CZ8348,China Southern,text,Duration: 4h 20m,,True,2026-02-17T17:23:12.949854
2026-08-08,CAN,arrival,21:35,LHW Lanzhou,CZ3386,China Southern,text,Duration: 3h 20m,,True,2026-02-17T17:23:12.949864
2026-08-08,CAN,arrival,21:45,TFU Chengdu,3U6705,Sichuan Airlines,text,Duration: 2h 15m,,True,2026-02-17T17:23:12.949878
2026-08-08,CAN,arrival,21:45,TFU Chengdu,CA4309,Air China,text,Duration: 2h 15m,,True,2026-02-17T17:23:12.949892
2026-08-08,CAN,arrival,21:45,PKX Beijing,CZ3100,China Southern,text,Duration: 3h 15m,,True,2026-02-17T17:23:12.949903
2026-08-08,CAN,arrival,21:45,YIW Yiwu,CZ3303,China Southern,text,Duration: 2h 5m,,True,2026-02-17T17:23:12.949914
2026-08-08,CAN,arrival,21:50,SHA Shanghai,MU5315,China Eastern,text,Duration: 2h 20m,,True,2026-02-17T17:23:12.949926
2026-08-08,CAN,arrival,21:55,XIY Xian,MU2311,China Eastern,text,Duration: 2h 25m,,True,2026-02-17T17:23:12.949936
2026-08-08,CAN,arrival,22:00,YBP Yibin,3U3054,Sichuan Airlines,text,Duration: 2h 10m,,True,2026-02-17T17:23:12.949948
2026-08-08,CAN,arrival,22:00,CKG Chongqing,CZ3412,China Southern,text,Duration: 2h 5m,,True,2026-02-17T17:23:12.949960
2026-08-08,CAN,arrival,22:00,TAO Qingdao,CZ5900,China Southern,text,Duration: 3h 25m,,True,2026-02-17T17:23:12.949972
2026-08-08,CAN,arrival,22:00,WXN Wanxian,CZ8254,China Southern,text,Duration: 2h 10m,,True,2026-02-17T17:23:12.949983
2026-08-08,CAN,arrival,22:00,DXB Dubai,EK362,Emirates,text,Duration: 7h 45m,,True,2026-02-17T17:23:12.949994
2026-08-08,CAN,arrival,22:00,SJW Shijiazhuang,NS3657,Hebei Airlines,text,Duration: 3h 10m,,True,2026-02-17T17:23:12.950005
2026-08-08,CAN,arrival,22:00,CGO Zhengzhou,PN6379,West Air (China),text,Duration: 2h 25m,,True,2026-02-17T17:23:12.950017
2026-08-08,CAN,arrival,22:00,PVG Shanghai,ZH9536,Shenzhen Airlines,text,Duration: 3h 10m,,True,2026-02-17T17:23:12.950028
2026-08-08,CAN,arrival,22:05,HET Hohhot,CA1381,Air China,text,Duration: 3h 35m,,True,2026-02-17T17:23:12.950039
2026-08-08,CAN,arrival,22:05,CZX Changzhou,CZ3900,China Southern,text,Duration: 2h 20m,,True,2026-02-17T17:23:12.950085
2026-08-08,CAN,arrival,22:05,SIN Singapore,CZ3040,China Southern,text,Duration: 4h 15m,,True,2026-02-17T17:23:12.950105
2026-08-08,CAN,arrival,22:05,SYD Sydney,CZ8092,China Southern,text,Duration: 9h 50m,,True,2026-02-17T17:23:12.950119
2026-08-08,CAN,arrival,22:05,HFE Hefei,ZH9990,Shenzhen Airlines,text,Duration: 2h 15m,,True,2026-02-17T17:23:12.950132
2026-08-08,CAN,arrival,22:05,YTY Yangzhou,ZH9694,Shenzhen Airlines,text,Duration: 2h 35m,,True,2026-02-17T17:23:12.950154
2026-08-08,CAN,arrival,22:10,PVG Shanghai,AQ1012,9 Air,text,Duration: 2h 45m,,True,2026-02-17T17:23:12.950170
2026-08-08,CAN,arrival,22:10,TFU Chengdu,HU7352,Hainan Airlines,text,Duration: 2h 10m,,True,2026-02-17T17:23:12.950184
2026-08-08,CAN,arrival,22:10,WUX Wuxi,ZH9830,Shenzhen Airlines,text,Duration: 2h 35m,,True,2026-02-17T17:23:12.950198
2026-08-08,CAN,arrival,22:15,BKK Bangkok,CZ8024,China Southern,text,Duration: 3h 10m,,True,2026-02-17T17:23:12.950213
2026-08-08,CAN,arrival,22:15,WNZ Wenzhou,CZ3810,China Southern,text,Duration: 2h 15m,,True,2026-02-17T17:23:12.950227
2026-08-08,CAN,arrival,22:15,SHE Shenyang,ZH9656,Shenzhen Airlines,text,Duration: 4h 30m,,True,2026-02-17T17:23:12.950240
2026-08-08,CAN,arrival,22:20,PEK Beijing,CA1379,Air China,text,Duration: 3h 20m,,True,2026-02-17T17:23:12.950252
2026-08-08,CAN,arrival,22:20,SHA Shanghai,CA1830,Air China,text,Duration: 2h 25m,,True,2026-02-17T17:23:12.950265
2026-08-08,CAN,arrival,22:20,NGB Ningbo,HU7234,Hainan Airlines,text,Duration: 2h 20m,,True,2026-02-17T17:23:12.950279
2026-08-08,CAN,arrival,22:20,LUM Mangshi,OQ2026,Chongqing Airlines,text,Duration: 2h 35m,,True,2026-02-17T17:23:12.950291
2026-08-08,CAN,arrival,22:25,CKG Chongqing,CA4353,Air China,text,Duration: 2h 5m,,True,2026-02-17T17:23:12.950303
2026-08-08,CAN,arrival,22:25,DLC Dalian,CZ3603,China Southern,text,Duration: 3h 55m,,True,2026-02-17T17:23:12.950315
2026-08-08,CAN,arrival,22:25,HAK Haikou,CZ6787,China Southern,text,Duration: 1h 25m,,True,2026-02-17T17:23:12.950327
2026-08-08,CAN,arrival,22:25,KUL Kuala Lumpur,CZ8302,China Southern,text,Duration: 4h 25m,,True,2026-02-17T17:23:12.950338
2026-08-08,CAN,arrival,22:25,SHA Shanghai,CZ3504,China Southern,text,Duration: 2h 25m,,True,2026-02-17T17:23:12.950351
2026-08-08,CAN,arrival,22:30,CGO Zhengzhou,CZ6594,China Southern,text,Duration: 2h 30m,,True,2026-02-17T17:23:12.950363
2026-08-08,CAN,arrival,22:30,FUG Fuyang,CZ3932,China Southern,text,Duration: 2h 20m,,True,2026-02-17T17:23:12.950376
2026-08-08,CAN,arrival,22:30,YIH Yichang,CZ3300,China Southern,text,Duration: 1h 50m,,True,2026-02-17T17:23:12.950388
2026-08-08,CAN,arrival,22:30,HRB Harbin,ZH9678,Shenzhen Airlines,text,Duration: 5h 5m,,True,2026-02-17T17:23:12.950401
2026-08-08,CAN,arrival,22:35,CNX Chiang Mai,CZ3034,China Southern,text,Duration: 2h 45m,,True,2026-02-17T17:23:12.950414
2026-08-08,CAN,arrival,22:35,LFQ Qiaoli,CZ8928,China Southern,text,Duration: 2h 40m,,True,2026-02-17T17:23:12.950429
2026-08-08,CAN,arrival,22:35,SHE Shenyang,CZ6339,China Southern,text,Duration: 4h 5m,,True,2026-02-17T17:23:12.950442
2026-08-08,CAN,arrival,22:35,CKG Chongqing,PN6205,West Air (China),text,Duration: 2h 5m,,True,2026-02-17T17:23:12.950454
2026-08-08,CAN,arrival,22:40,YCU Yuncheng,CZ3922,China Southern,text,Duration: 2h 25m,,True,2026-02-17T17:23:12.950467
2026-08-08,CAN,arrival,22:45,BKI Kota Kinabalu,CZ8336,China Southern,text,Duration: 3h 25m,,True,2026-02-17T17:23:12.950481
2026-08-08,CAN,arrival,22:45,HAN Hanoi,CZ8178,China Southern,text,Duration: 2h 0m,,True,2026-02-17T17:23:12.950494
2026-08-08,CAN,arrival,22:45,TYN Taiyuan,CZ3696,China Southern,text,Duration: 3h 5m,,True,2026-02-17T17:23:12.950788
2026-08-08,CAN,arrival,22:45,XIY Xian,CZ3218,China Southern,text,Duration: 2h 45m,,True,2026-02-17T17:23:12.950834
2026-08-08,CAN,arrival,22:45,YIW Yiwu,CZ3636,China Southern,text,Duration: 1h 55m,,True,2026-02-17T17:23:12.950849
2026-08-08,CAN,arrival,22:45,PKX Beijing,MU6309,China Eastern,text,Duration: 3h 15m,,True,2026-02-17T17:23:12.950860
2026-08-08,CAN,arrival,22:50,HGH Hangzhou,CZ3830,China Southern,text,Duration: 2h 15m,,True,2026-02-17T17:23:12.950873
2026-08-08,CAN,arrival,22:50,XFN Xiangyang,CZ3362,China Southern,text,Duration: 2h 0m,,True,2026-02-17T17:23:12.950883
2026-08-08,CAN,arrival,22:50,TFU Chengdu,ZH9444,Shenzhen Airlines,text,Duration: 2h 20m,,True,2026-02-17T17:23:12.950897
2026-08-08,CAN,arrival,22:55,CKG Chongqing,3U8749,Sichuan Airlines,text,Duration: 2h 5m,,True,2026-02-17T17:23:12.950909
2026-08-08,CAN,arrival,22:55,KMG Kunming,3U8205,Sichuan Airlines,text,Duration: 1h 50m,,True,2026-02-17T17:23:12.950922
2026-08-08,CAN,arrival,22:55,PKX Beijing,CZ3110,China Southern,text,Duration: 3h 25m,,True,2026-02-17T17:23:12.950933
2026-08-08,CAN,arrival,22:55,CGO Zhengzhou,HU7284,Hainan Airlines,text,Duration: 2h 30m,,True,2026-02-17T17:23:12.950945
2026-08-08,CAN,arrival,22:55,PEK Beijing,HU7813,Hainan Airlines,text,Duration: 3h 25m,,True,2026-02-17T17:23:12.950957
2026-08-08,CAN,arrival,22:55,TNA Jinan,HU7210,Hainan Airlines,text,Duration: 2h 55m,,True,2026-02-17T17:23:12.950969
2026-08-08,CAN,arrival,22:55,SHA Shanghai,MU5317,China Eastern,text,Duration: 2h 20m,,True,2026-02-17T17:23:12.950979
2026-08-08,CAN,arrival,23:00,SGN Ho Chi Minh City,9C7348,Spring Airlines,text,Duration: 3h 5m,,True,2026-02-17T17:23:12.950991
2026-08-08,CAN,arrival,23:00,DYG Dayong,CZ3382,China Southern,text,Duration: 1h 40m,,True,2026-02-17T17:23:12.951003
2026-08-08,CAN,arrival,23:00,NKG Nanjing,ZH9872,Shenzhen Airlines,text,Duration: 2h 25m,,True,2026-02-17T17:23:12.951034
2026-08-08,CAN,arrival,23:00,NKG Nanjing,ZH9874,Shenzhen Airlines,text,Duration: 2h 30m,,True,2026-02-17T17:23:12.951056
2026-08-08,CAN,arrival,23:00,NTG Nantong,ZH8694,Shenzhen Airlines,text,Duration: 2h 40m,,True,2026-02-17T17:23:12.951069
2026-08-08,CAN,arrival,23:00,YTY Yangzhou,ZH8910,Shenzhen Airlines,text,Duration: 2h 25m,,True,2026-02-17T17:23:12.951081
2026-08-08,CAN,arrival,23:05,YIC Yichun,HU7202,Hainan Airlines,text,Duration: 1h 40m,,True,2026-02-17T17:23:12.951093
2026-08-08,CAN,arrival,23:05,LHW Lanzhou,OQ2132,Chongqing Airlines,text,Duration: 3h 10m,,True,2026-02-17T17:23:12.951105
2026-08-08,CAN,arrival,23:10,PEK Beijing,CA1385,Air China,text,Duration: 3h 5m,,True,2026-02-17T17:23:12.951115
2026-08-08,CAN,arrival,23:10,BKK Bangkok,CZ364,China Southern,text,Duration: 3h 10m,,True,2026-02-17T17:23:12.951126
2026-08-08,CAN,arrival,23:10,PEN Penang,CZ5048,China Southern,text,Duration: 4h 5m,,True,2026-02-17T17:23:12.951138
2026-08-08,CAN,arrival,23:10,DMK Bangkok,FD530,Thai AirAsia,text,Duration: 3h 5m,,True,2026-02-17T17:23:12.951196
2026-08-08,CAN,arrival,23:15,CKG Chongqing,OQ2325,Chongqing Airlines,text,Duration: 2h 0m,,True,2026-02-17T17:23:12.951209
2026-08-08,CAN,arrival,23:20,BKI Kota Kinabalu,AK1534,AirAsia,text,Duration: 3h 15m,,True,2026-02-17T17:23:12.951220
2026-08-08,CAN,arrival,23:20,BZX Bazhong,CZ8210,China Southern,text,Duration: 2h 10m,,True,2026-02-17T17:23:12.951232
2026-08-08,CAN,arrival,23:20,INC Yinchuan,CZ5702,China Southern,text,Duration: 3h 15m,,True,2026-02-17T17:23:12.951243
2026-08-08,CAN,arrival,23:20,NAO Nanchong,CZ3430,China Southern,text,Duration: 2h 10m,,True,2026-02-17T17:23:12.951255
2026-08-08,CAN,arrival,23:20,WUH Wuhan,CZ6607,China Southern,text,Duration: 1h 50m,,True,2026-02-17T17:23:12.951267
2026-08-08,CAN,arrival,23:20,NKG Nanjing,HU7214,Hainan Airlines,text,Duration: 2h 30m,,True,2026-02-17T17:23:12.951279
2026-08-08,CAN,arrival,23:20,SJW Shijiazhuang,OQ2136,Chongqing Airlines,text,Duration: 3h 20m,,True,2026-02-17T17:23:12.951290
2026-08-08,CAN,arrival,23:25,CGQ Changchun,CZ3605,China Southern,text,Duration: 4h 25m,,True,2026-02-17T17:23:12.951300
2026-08-08,CAN,arrival,23:25,KWE Guiyang,CZ8801,China Southern,text,Duration: 1h 50m,,True,2026-02-17T17:23:12.951312
2026-08-08,CAN,arrival,23:25,NKG Nanjing,CZ3698,China Southern,text,Duration: 2h 20m,,True,2026-02-17T17:23:12.951322
2026-08-08,CAN,arrival,23:25,TFU Chengdu,CZ3476,China Southern,text,Duration: 2h 25m,,True,2026-02-17T17:23:12.951333
2026-08-08,CAN,arrival,23:25,TSN Tianjin,CZ3136,China Southern,text,Duration: 3h 10m,,True,2026-02-17T17:23:12.951343
2026-08-08,CAN,arrival,23:25,HAK Haikou,HU7011,Hainan Airlines,text,Duration: 1h 25m,,True,2026-02-17T17:23:12.951353
2026-08-08,CAN,arrival,23:25,HRB Harbin,JD5166,Capital Airlines,text,Duration: 4h 30m,,True,2026-02-17T17:23:12.951366
2026-08-08,CAN,arrival,23:30,CGO Zhengzhou,CZ3395,China Southern,text,Duration: 2h 30m,,True,2026-02-17T17:23:12.951378
2026-08-08,CAN,arrival,23:30,SHS Shashi,CZ6660,China Southern,text,Duration: 1h 40m,,True,2026-02-17T17:23:12.951391
2026-08-08,CAN,arrival,23:30,TAO Qingdao,CZ3574,China Southern,text,Duration: 3h 15m,,True,2026-02-17T17:23:12.951403
2026-08-08,CAN,arrival,23:35,AQG Anqing,CZ3320,China Southern,text,Duration: 1h 55m,,True,2026-02-17T17:23:12.951413
2026-08-08,CAN,arrival,23:35,KMG Kunming,CZ3500,China Southern,text,Duration: 2h 5m,,True,2026-02-17T17:23:12.951424
2026-08-08,CAN,arrival,23:35,XIY Xian,CZ3204,China Southern,text,Duration: 2h 35m,,True,2026-02-17T17:23:12.951436
2026-08-08,CAN,arrival,23:35,CKG Chongqing,MU6826,China Eastern,text,Duration: 2h 0m,,True,2026-02-17T17:23:12.951446
2026-08-08,CAN,arrival,23:35,JHG Jinghong,OQ2106,Chongqing Airlines,text,Duration: 2h 20m,,True,2026-02-17T17:23:12.951540
2026-08-08,CAN,arrival,23:35,TAO Qingdao,ZH9994,Shenzhen Airlines,text,Duration: 3h 30m,,True,2026-02-17T17:23:12.951558
2026-08-08,CAN,arrival,23:40,WUX Wuxi,ZH9822,Shenzhen Airlines,text,Duration: 2h 25m,,True,2026-02-17T17:23:12.951908
2026-08-08,CAN,arrival,23:45,DLC Dalian,CZ6486,China Southern,text,Duration: 3h 45m,,True,2026-02-17T17:23:12.951924
2026-08-08,CAN,arrival,23:45,SHE Shenyang,CZ6331,China Southern,text,Duration: 4h 30m,,True,2026-02-17T17:23:12.951936
2026-08-08,CAN,arrival,23:45,URC Urumqi,CZ6887,China Southern,text,Duration: 5h 5m,,True,2026-02-17T17:23:12.951948
2026-08-08,CAN,arrival,23:45,WUX Wuxi,CZ3918,China Southern,text,Duration: 2h 20m,,True,2026-02-17T17:23:12.951959
2026-08-08,CAN,arrival,23:45,YNZ Yancheng,CZ8216,China Southern,text,Duration: 2h 35m,,True,2026-02-17T17:23:12.951970
2026-08-08,CAN,arrival,23:45,SYX Sanya,HU7309,Hainan Airlines,text,Duration: 1h 45m,,True,2026-02-17T17:23:12.951982
2026-08-08,CAN,arrival,23:45,HGH Hangzhou,ZH9984,Shenzhen Airlines,text,Duration: 2h 20m,,True,2026-02-17T17:23:12.951996
2026-08-08,CAN,arrival,23:50,HGH Hangzhou,CZ3802,China Southern,text,Duration: 2h 15m,,True,2026-02-17T17:23:12.952008
2026-08-08,CAN,arrival,23:50,TYN Taiyuan,CZ3952,China Southern,text,Duration: 2h 55m,,True,2026-02-17T17:23:12.952073
2026-08-08,CAN,arrival,23:50,XNN Xining,CZ6242,China Southern,text,Duration: 3h 20m,,True,2026-02-17T17:23:12.952091
2026-08-08,CAN,arrival,23:50,YNT Yantai,CZ8778,China Southern,text,Duration: 3h 25m,,True,2026-02-17T17:23:12.952110
2026-08-08,CAN,arrival,23:55,CGD Changde,CZ3248,China Southern,text,Duration: 1h 25m,,True,2026-02-17T17:23:12.952122
2026-08-08,CAN,arrival,23:55,SYX Sanya,CZ6737,China Southern,text,Duration: 1h 45m,,True,2026-02-17T17:23:12.952133
2026-08-08,CAN,arrival,23:55,TNA Jinan,CZ3708,China Southern,text,Duration: 2h 45m,,True,2026-02-17T17:23:12.952147
2026-08-08,CAN,arrival,23:55,PEK Beijing,HU7815,Hainan Airlines,text,Duration: 3h 25m,,True,2026-02-17T17:23:12.952160
2026-08-08,CAN,arrival,23:55,ICN Seoul,OZ355,Asiana,text,Duration: 3h 55m,,True,2026-02-17T17:23:12.952170
2026-08-08,CAN,arrival,23:55,WNZ Wenzhou,ZH9964,Shenzhen Airlines,text,Duration: 2h 0m,,True,2026-02-17T17:23:12.952307
