date,airport,direction,time,destination,flight,airline,airline_source,duration,aircraft,page_date_verified,scraped_at
2026-02-27,CAN,departure,00:05,BKK Bangkok,MU2077,China Eastern,text,Duration: 3h 0m,,True,2026-02-17T10:02:22.357006
2026-02-27,CAN,departure,00:10,AKL Auckland,CZ305,China Southern,text,Duration: 11h 5m,,True,2026-02-17T10:02:22.357016
2026-02-27,CAN,departure,00:10,ADD Addis Ababa,ET607,Ethiopian,text,Duration: 10h 45m,,True,2026-02-17T10:02:22.357022
2026-02-27,CAN,departure,00:15,DXB Dubai,EK363,Emirates,text,Duration: 8h 45m,,True,2026-02-17T10:02:22.357028
2026-02-27,CAN,departure,00:20,BKI Kota Kinabalu,AK1531,AirAsia,text,Duration: 3h 15m,,True,2026-02-17T10:02:22.357034
2026-02-27,CAN,departure,00:25,YVR Vancouver,CZ329,China Southern,text,Duration: 12h 0m,,True,2026-02-17T10:02:22.357040
2026-02-27,CAN,departure,00:50,CDG Paris,CZ347,China Southern,text,Duration: 12h 50m,,True,2026-02-17T10:02:22.357045
2026-02-27,CAN,departure,00:50,CHC Christchurch,CZ617,China Southern,text,Duration: 11h 30m,,True,2026-02-17T10:02:22.357051
2026-02-27,CAN,departure,00:50,IST Istanbul,CZ8065,China Southern,text,Duration: 11h 20m,,True,2026-02-17T10:02:22.357056
2026-02-27,CAN,departure,00:55,NBO Nairobi,CZ633,China Southern,text,Duration: 11h 10m,,True,2026-02-17T10:02:22.357061
2026-02-27,CAN,departure,00:55,DOH Doha,QR875,Qatar Airways,text,Duration: 9h 15m,,True,2026-02-17T10:02:22.357067
2026-02-27,CAN,departure,01:10,MDC Manado,8B168,TransNusa,text,Duration: 4h 10m,,True,2026-02-17T10:02:22.357073
2026-02-27,CAN,departure,01:15,ICN Seoul,OZ356,Asiana,text,Duration: 3h 25m,,True,2026-02-17T10:02:22.357079
2026-02-27,CAN,departure,01:35,KUL Kuala Lumpur,AK119,AirAsia,text,Duration: 4h 10m,,True,2026-02-17T10:02:22.357084
2026-02-27,CAN,departure,01:35,SIN Singapore,SQ853,Singapore Airlines,text,Duration: 4h 20m,,True,2026-02-17T10:02:22.357090
2026-02-27,CAN,departure,02:00,CMB Colombo,UL881,SriLankan Airlines,text,Duration: 5h 35m,,True,2026-02-17T10:02:22.357095
2026-02-27,CAN,departure,02:20,DPS Denpasar,8B968,TransNusa,text,Duration: 5h 5m,,True,2026-02-17T10:02:22.357100
2026-02-27,CAN,departure,02:20,DPS Denpasar,CZ8481,China Southern,text,Duration: 5h 15m,,True,2026-02-17T10:02:22.357106
2026-02-27,CAN,departure,02:30,CGK Jakarta,8B861,TransNusa,text,Duration: 5h 5m,,True,2026-02-17T10:02:22.357111
2026-02-27,CAN,departure,02:30,SGN Ho Chi Minh City,VJ3909,VietJet,text,Duration: 2h 40m,,True,2026-02-17T10:02:22.357117
2026-02-27,CAN,departure,02:50,DMK Bangkok,SL901,Thai Lion Air,text,Duration: 3h 0m,,True,2026-02-17T10:02:22.357122
2026-02-27,CAN,departure,03:05,JHB Johor Bharu,AK1395,AirAsia,text,Duration: 3h 55m,,True,2026-02-17T10:02:22.357128
2026-02-27,CAN,departure,03:20,MNL Manila,5J287,Cebu Pacific,text,Duration: 2h 50m,,True,2026-02-17T10:02:22.357133
2026-02-27,CAN,departure,03:30,TWU Tawau,AK1617,AirAsia,text,Duration: 3h 40m,,True,2026-02-17T10:02:22.357139
2026-02-27,CAN,departure,03:30,HAN Hanoi,VJ7527,VietJet,text,Duration: 2h 5m,,True,2026-02-17T10:02:22.357144
2026-02-27,CAN,departure,03:50,KTI Phnom Penh,KR938,Cambodia Airways,text,Duration: 2h 50m,,True,2026-02-17T10:02:22.357150
2026-02-27,CAN,departure,04:25,DAC Dhaka,BG367,Biman,text,Duration: 4h 45m,,True,2026-02-17T10:02:22.357155
2026-02-27,CAN,departure,05:00,KUL Kuala Lumpur,9C6921,Spring Airlines,text,Duration: 4h 0m,,True,2026-02-17T10:02:22.357161
2026-02-27,CAN,departure,05:00,KTI Phnom Penh,K6611,Air Cambodia,text,Duration: 2h 50m,,True,2026-02-17T10:02:22.357166
2026-02-27,CAN,departure,05:00,DAC Dhaka,BS326,US-Bangla Airlines,text,Duration: 4h 10m,,True,2026-02-17T10:02:22.357171
2026-02-27,CAN,departure,05:00,HKG Hong Kong,CX953,Cathay Pacific,text,Duration: 1h 20m,,True,2026-02-17T10:02:22.357176
2026-02-27,CAN,departure,05:35,CCU Kolkata,6E1704,IndiGo,text,Duration: 4h 45m,,True,2026-02-17T10:02:22.357181
2026-02-27,CAN,departure,05:50,DEL Delhi,6E1702,IndiGo,text,Duration: 6h 50m,,True,2026-02-17T10:02:22.357186
2026-02-27,CAN,departure,05:50,CNX Chiang Mai,9C8933,Spring Airlines,text,Duration: 3h 10m,,True,2026-02-17T10:02:22.357192
2026-02-27,CAN,departure,05:55,KTI Phnom Penh,9C7007,Spring Airlines,text,Duration: 3h 5m,,True,2026-02-17T10:02:22.357198
2026-02-27,CAN,departure,05:55,KUL Kuala Lumpur,AK115,AirAsia,text,Duration: 4h 15m,,True,2026-02-17T10:02:22.357203
2026-02-27,CAN,departure,06:05,JGN Jiayuguan,AQ1159,9 Air,text,Duration: 4h 10m,,True,2026-02-17T10:02:22.357208
2026-02-27,CAN,departure,06:10,XUZ Xuzhou,GJ8059,Loong Air,text,Duration: 2h 20m,,True,2026-02-17T10:02:22.357213
2026-02-27,CAN,departure,06:10,KWE Guiyang,CZ8846,China Southern,text,Duration: 1h 45m,,True,2026-02-17T10:02:22.357218
2026-02-27,CAN,departure,06:15,YCU Yuncheng,CA4594,Air China,text,Duration: 2h 45m,,True,2026-02-17T10:02:22.357223
2026-02-27,CAN,departure,06:15,HFE Hefei,MU6551,China Eastern,text,Duration: 2h 15m,,True,2026-02-17T10:02:22.357228
2026-02-27,CAN,departure,06:20,CGO Zhengzhou,AQ1173,9 Air,text,Duration: 2h 10m,,True,2026-02-17T10:02:22.357233
2026-02-27,CAN,departure,06:20,XIY Xian,AQ1105,9 Air,text,Duration: 2h 30m,,True,2026-02-17T10:02:22.357239
2026-02-27,CAN,departure,06:20,ENH Enshi,GJ6031,Loong Air,text,Duration: 1h 50m,,True,2026-02-17T10:02:22.357244
2026-02-27,CAN,departure,06:20,HGH Hangzhou,GJ8860,Loong Air,text,Duration: 2h 10m,,True,2026-02-17T10:02:22.357249
2026-02-27,CAN,departure,06:20,DOY Dongying,HU7259,Hainan Airlines,text,Duration: 3h 15m,,True,2026-02-17T10:02:22.357254
2026-02-27,CAN,departure,06:25,NGB Ningbo,9C7749,Spring Airlines,text,Duration: 2h 5m,,True,2026-02-17T10:02:22.357259
2026-02-27,CAN,departure,06:25,HFE Hefei,AQ1127,9 Air,text,Duration: 2h 10m,,True,2026-02-17T10:02:22.357264
2026-02-27,CAN,departure,06:25,CGO Zhengzhou,GJ8583,Loong Air,text,Duration: 2h 25m,,True,2026-02-17T10:02:22.357269
2026-02-27,CAN,departure,06:25,TFU Chengdu,3U6710,Sichuan Airlines,text,Duration: 2h 25m,,True,2026-02-17T10:02:22.357275
2026-02-27,CAN,departure,06:30,PEK Beijing,CA1386,Air China,text,Duration: 2h 50m,,True,2026-02-17T10:02:22.357368
2026-02-27,CAN,departure,06:30,AAT Altay,CZ5833,China Southern,text,Duration: 6h 15m,,True,2026-02-17T10:02:22.357375
2026-02-27,CAN,departure,06:30,HET Hohhot,GJ8567,Loong Air,text,Duration: 3h 15m,,True,2026-02-17T10:02:22.357381
2026-02-27,CAN,departure,06:30,WEH Weihai,MU6895,China Eastern,text,Duration: 3h 35m,,True,2026-02-17T10:02:22.357386
2026-02-27,CAN,departure,06:30,URC Urumqi,HU7223,Hainan Airlines,text,Duration: 6h 0m,,True,2026-02-17T10:02:22.357391
2026-02-27,CAN,departure,06:30,PKX Beijing,JD5210,Capital Airlines,text,Duration: 2h 50m,,True,2026-02-17T10:02:22.357397
2026-02-27,CAN,departure,06:35,WUX Wuxi,AQ1055,9 Air,text,Duration: 2h 10m,,True,2026-02-17T10:02:22.357403
2026-02-27,CAN,departure,06:35,LZY Nyingchi,CZ3477,China Southern,text,Duration: 3h 55m,,True,2026-02-17T10:02:22.357408
2026-02-27,CAN,departure,06:35,TFU Chengdu,MU6764,China Eastern,text,Duration: 2h 40m,,True,2026-02-17T10:02:22.357413
2026-02-27,CAN,departure,06:35,WHA Wuhu,CZ3315,China Southern,text,Duration: 2h 10m,,True,2026-02-17T10:02:22.357419
2026-02-27,CAN,departure,06:35,CGD Changde,CZ3229,China Southern,text,Duration: 1h 35m,,True,2026-02-17T10:02:22.357424
2026-02-27,CAN,departure,06:40,LHW Lanzhou,9C7395,Spring Airlines,text,Duration: 3h 35m,,True,2026-02-17T10:02:22.357429
2026-02-27,CAN,departure,06:40,JHG Jinghong,AQ1041,9 Air,text,Duration: 3h 5m,,True,2026-02-17T10:02:22.357435
2026-02-27,CAN,departure,06:40,LZO Luzhou,CA4352,Air China,text,Duration: 2h 15m,,True,2026-02-17T10:02:22.357440
2026-02-27,CAN,departure,06:40,ACX Xingyi,CZ3923,China Southern,text,Duration: 2h 20m,,True,2026-02-17T10:02:22.357445
2026-02-27,CAN,departure,06:40,WUH Wuhan,MU6733,China Eastern,text,Duration: 2h 0m,,True,2026-02-17T10:02:22.357451
2026-02-27,CAN,departure,06:40,LYI Linyi,ZH8947,Shenzhen Airlines,text,Duration: 2h 35m,,True,2026-02-17T10:02:22.357457
2026-02-27,CAN,departure,06:40,NKG Nanjing,ZH9861,Shenzhen Airlines,text,Duration: 2h 10m,,True,2026-02-17T10:02:22.357462
2026-02-27,CAN,departure,06:45,SHA Shanghai,9C6884,Spring Airlines,text,Duration: 2h 15m,,True,2026-02-17T10:02:22.357468
2026-02-27,CAN,departure,06:45,SQD Shangrao,AQ1717,9 Air,text,Duration: 1h 35m,,True,2026-02-17T10:02:22.357473
2026-02-27,CAN,departure,06:45,TAO Qingdao,AQ1019,9 Air,text,Duration: 3h 20m,,True,2026-02-17T10:02:22.357478
2026-02-27,CAN,departure,06:45,TXN Tunxi,CZ3239,China Southern,text,Duration: 1h 55m,,True,2026-02-17T10:02:22.357483
2026-02-27,CAN,departure,06:45,WUX Wuxi,ZH9823,Shenzhen Airlines,text,Duration: 2h 20m,,True,2026-02-17T10:02:22.357489
2026-02-27,CAN,departure,06:50,PVG Shanghai,AQ1005,9 Air,text,Duration: 2h 25m,,True,2026-02-17T10:02:22.357494
2026-02-27,CAN,departure,06:50,SYX Sanya,AQ1113,9 Air,text,Duration: 1h 50m,,True,2026-02-17T10:02:22.357499
2026-02-27,CAN,departure,06:50,WUT Xinzhou,AQ1161,9 Air,text,Duration: 2h 55m,,True,2026-02-17T10:02:22.357504
2026-02-27,CAN,departure,06:50,LJG Lijiang,ZH9459,Shenzhen Airlines,text,Duration: 3h 10m,,True,2026-02-17T10:02:22.357509
2026-02-27,CAN,departure,06:50,WNZ Wenzhou,ZH9961,Shenzhen Airlines,text,Duration: 1h 40m,,True,2026-02-17T10:02:22.357516
2026-02-27,CAN,departure,06:50,DLU Dali City,CZ3481,China Southern,text,Duration: 2h 50m,,True,2026-02-17T10:02:22.357521
2026-02-27,CAN,departure,06:55,PEN Penang,9C7097,Spring Airlines,text,Duration: 4h 5m,,True,2026-02-17T10:02:22.357526
2026-02-27,CAN,departure,06:55,NKG Nanjing,AQ1033,9 Air,text,Duration: 2h 15m,,True,2026-02-17T10:02:22.357532
2026-02-27,CAN,departure,06:55,SHA Shanghai,HO1854,Juneyao Airlines,text,Duration: 2h 10m,,True,2026-02-17T10:02:22.357537
2026-02-27,CAN,departure,06:55,CKG Chongqing,MU5795,China Eastern,text,Duration: 2h 0m,,True,2026-02-17T10:02:22.357542
2026-02-27,CAN,departure,06:55,XIY Xian,MU6955,China Eastern,text,Duration: 2h 40m,,True,2026-02-17T10:02:22.357547
2026-02-27,CAN,departure,06:55,TAO Qingdao,ZH9995,Shenzhen Airlines,text,Duration: 3h 5m,,True,2026-02-17T10:02:22.357552
2026-02-27,CAN,departure,06:55,TSN Tianjin,BK2787,OkAir,text,Duration: 3h 0m,,True,2026-02-17T10:02:22.357557
2026-02-27,CAN,departure,06:55,CKG Chongqing,JD5227,Capital Airlines,text,Duration: 2h 20m,,True,2026-02-17T10:02:22.357562
2026-02-27,CAN,departure,07:00,HGH Hangzhou,JD5269,Capital Airlines,text,Duration: 1h 45m,,True,2026-02-17T10:02:22.357568
2026-02-27,CAN,departure,07:00,HYN Taizhou,ZH8989,Shenzhen Airlines,text,Duration: 1h 50m,,True,2026-02-17T10:02:22.357573
2026-02-27,CAN,departure,07:00,HET Hohhot,CZ3197,China Southern,text,Duration: 3h 5m,,True,2026-02-17T10:02:22.357578
2026-02-27,CAN,departure,07:00,SHA Shanghai,CZ3533,China Southern,text,Duration: 2h 15m,,True,2026-02-17T10:02:22.357583
2026-02-27,CAN,departure,07:00,KMG Kunming,CZ3497,China Southern,text,Duration: 2h 45m,,True,2026-02-17T10:02:22.357588
2026-02-27,CAN,departure,07:05,CKG Chongqing,CA4354,Air China,text,Duration: 2h 10m,,True,2026-02-17T10:02:22.357594
2026-02-27,CAN,departure,07:05,NKG Nanjing,HU7113,Hainan Airlines,text,Duration: 2h 15m,,True,2026-02-17T10:02:22.357599
2026-02-27,CAN,departure,07:05,PVG Shanghai,HU7131,Hainan Airlines,text,Duration: 2h 15m,,True,2026-02-17T10:02:22.357605
2026-02-27,CAN,departure,07:05,SYX Sanya,CZ6738,China Southern,text,Duration: 1h 45m,,True,2026-02-17T10:02:22.357610
2026-02-27,CAN,departure,07:05,HZA Heze,CZ3125,China Southern,text,Duration: 2h 35m,,True,2026-02-17T10:02:22.357616
2026-02-27,CAN,departure,07:05,NBS Baishan,CZ5943,China Southern,text,Duration: 4h 10m,,True,2026-02-17T10:02:22.357621
2026-02-27,CAN,departure,07:10,LJG Lijiang,CZ6603,China Southern,text,Duration: 3h 0m,,True,2026-02-17T10:02:22.357627
2026-02-27,CAN,departure,07:10,XUZ Xuzhou,CZ3257,China Southern,text,Duration: 2h 15m,,True,2026-02-17T10:02:22.357632
2026-02-27,CAN,departure,07:10,CKG Chongqing,3U8750,Sichuan Airlines,text,Duration: 2h 0m,,True,2026-02-17T10:02:22.357714
2026-02-27,CAN,departure,07:10,XNN Xining,CZ6241,China Southern,text,Duration: 3h 15m,,True,2026-02-17T10:02:22.357722
2026-02-27,CAN,departure,07:15,SHS Shashi,CZ6659,China Southern,text,Duration: 1h 50m,,True,2026-02-17T10:02:22.357727
2026-02-27,CAN,departure,07:15,PEK Beijing,ZH9147,Shenzhen Airlines,text,Duration: 3h 5m,,True,2026-02-17T10:02:22.357732
2026-02-27,CAN,departure,07:15,CGQ Changchun,CZ6276,China Southern,text,Duration: 4h 5m,,True,2026-02-17T10:02:22.357738
2026-02-27,CAN,departure,07:15,LYA Luoyang,CZ3363,China Southern,text,Duration: 2h 30m,,True,2026-02-17T10:02:22.357744
2026-02-27,CAN,departure,07:20,XIY Xian,HU7828,Hainan Airlines,text,Duration: 2h 45m,,True,2026-02-17T10:02:22.357749
2026-02-27,CAN,departure,07:20,JHG Jinghong,OQ2103,Chongqing Airlines,text,Duration: 3h 15m,,True,2026-02-17T10:02:22.357754
2026-02-27,CAN,departure,07:20,YIH Yichang,CZ3299,China Southern,text,Duration: 1h 55m,,True,2026-02-17T10:02:22.357759
2026-02-27,CAN,departure,07:20,DLC Dalian,CZ6448,China Southern,text,Duration: 3h 30m,,True,2026-02-17T10:02:22.357765
2026-02-27,CAN,departure,07:20,NKG Nanjing,ZH9869,Shenzhen Airlines,text,Duration: 2h 10m,,True,2026-02-17T10:02:22.357770
2026-02-27,CAN,departure,07:20,XIY Xian,CZ3201,China Southern,text,Duration: 2h 40m,,True,2026-02-17T10:02:22.357776
2026-02-27,CAN,departure,07:25,GYS Guangyuan,CA4377,Air China,text,Duration: 2h 45m,,True,2026-02-17T10:02:22.357781
2026-02-27,CAN,departure,07:25,DLU Dali City,MU9742,China Eastern,text,Duration: 3h 5m,,True,2026-02-17T10:02:22.357786
2026-02-27,CAN,departure,07:25,DZH Dazhou,CZ5665,China Southern,text,Duration: 2h 25m,,True,2026-02-17T10:02:22.357792
2026-02-27,CAN,departure,07:25,XFN Xiangyang,CZ5353,China Southern,text,Duration: 2h 0m,,True,2026-02-17T10:02:22.357797
2026-02-27,CAN,departure,07:30,PVG Shanghai,MU5326,China Eastern,text,Duration: 2h 25m,,True,2026-02-17T10:02:22.357803
2026-02-27,CAN,departure,07:30,HFE Hefei,HU6251,Hainan Airlines,text,Duration: 2h 10m,,True,2026-02-17T10:02:22.357808
2026-02-27,CAN,departure,07:30,HAK Haikou,CZ6772,China Southern,text,Duration: 1h 45m,,True,2026-02-17T10:02:22.357813
2026-02-27,CAN,departure,07:30,LHW Lanzhou,CZ3205,China Southern,text,Duration: 3h 20m,,True,2026-02-17T10:02:22.357819
2026-02-27,CAN,departure,07:30,CGO Zhengzhou,CZ5745,China Southern,text,Duration: 2h 10m,,True,2026-02-17T10:02:22.357824
2026-02-27,CAN,departure,07:35,DLU Dali City,OQ2039,Chongqing Airlines,text,Duration: 3h 10m,,True,2026-02-17T10:02:22.357829
2026-02-27,CAN,departure,07:35,SYX Sanya,HU7308,Hainan Airlines,text,Duration: 1h 40m,,True,2026-02-17T10:02:22.357835
2026-02-27,CAN,departure,07:35,WNZ Wenzhou,CZ3811,China Southern,text,Duration: 1h 45m,,True,2026-02-17T10:02:22.357840
2026-02-27,CAN,departure,07:35,PVG Shanghai,CA8566,Air China,text,Duration: 2h 20m,,True,2026-02-17T10:02:22.357845
2026-02-27,CAN,departure,07:40,LUM Mangshi,OQ2025,Chongqing Airlines,text,Duration: 3h 15m,,True,2026-02-17T10:02:22.357851
2026-02-27,CAN,departure,07:40,NTG Nantong,CZ3637,China Southern,text,Duration: 2h 30m,,True,2026-02-17T10:02:22.357856
2026-02-27,CAN,departure,07:40,HRB Harbin,CZ3615,China Southern,text,Duration: 4h 15m,,True,2026-02-17T10:02:22.357861
2026-02-27,CAN,departure,07:45,WUX Wuxi,MU2818,China Eastern,text,Duration: 2h 20m,,True,2026-02-17T10:02:22.357866
2026-02-27,CAN,departure,07:45,CZX Changzhou,ZH9653,Shenzhen Airlines,text,Duration: 2h 20m,,True,2026-02-17T10:02:22.357872
2026-02-27,CAN,departure,07:45,TFU Chengdu,ZH9479,Shenzhen Airlines,text,Duration: 2h 10m,,True,2026-02-17T10:02:22.357877
2026-02-27,CAN,departure,07:45,WUH Wuhan,CZ3705,China Southern,text,Duration: 1h 55m,,True,2026-02-17T10:02:22.357882
2026-02-27,CAN,departure,07:50,HGH Hangzhou,HU7161,Hainan Airlines,text,Duration: 2h 15m,,True,2026-02-17T10:02:22.357887
2026-02-27,CAN,departure,07:50,HGH Hangzhou,MU6991,China Eastern,text,Duration: 1h 55m,,True,2026-02-17T10:02:22.357893
2026-02-27,CAN,departure,07:50,SJW Shijiazhuang,OQ2133,Chongqing Airlines,text,Duration: 2h 50m,,True,2026-02-17T10:02:22.357898
2026-02-27,CAN,departure,07:50,TFU Chengdu,JD5161,Capital Airlines,text,Duration: 2h 15m,,True,2026-02-17T10:02:22.357903
2026-02-27,CAN,departure,07:50,KMG Kunming,HU7207,Hainan Airlines,text,Duration: 2h 35m,,True,2026-02-17T10:02:22.357909
2026-02-27,CAN,departure,07:50,FUG Fuyang,CZ3931,China Southern,text,Duration: 2h 10m,,True,2026-02-17T10:02:22.357914
2026-02-27,CAN,departure,07:55,TSN Tianjin,JD5185,Capital Airlines,text,Duration: 3h 0m,,True,2026-02-17T10:02:22.357919
2026-02-27,CAN,departure,07:55,PKX Beijing,MU6302,China Eastern,text,Duration: 3h 0m,,True,2026-02-17T10:02:22.357924
2026-02-27,CAN,departure,07:55,HFE Hefei,ZH9987,Shenzhen Airlines,text,Duration: 2h 5m,,True,2026-02-17T10:02:22.357930
2026-02-27,CAN,departure,07:55,HAK Haikou,HU7002,Hainan Airlines,text,Duration: 1h 35m,,True,2026-02-17T10:02:22.357935
2026-02-27,CAN,departure,07:55,AQG Anqing,CZ3319,China Southern,text,Duration: 1h 55m,,True,2026-02-17T10:02:22.357941
2026-02-27,CAN,departure,07:55,SQJ Sanming,CZ8413,China Southern,text,Duration: 1h 35m,,True,2026-02-17T10:02:22.357946
2026-02-27,CAN,departure,07:55,CGO Zhengzhou,HU7269,Hainan Airlines,text,Duration: 2h 20m,,True,2026-02-17T10:02:22.357951
2026-02-27,CAN,departure,08:00,TSN Tianjin,CA2806,Air China,text,Duration: 3h 0m,,True,2026-02-17T10:02:22.357956
2026-02-27,CAN,departure,08:00,PKX Beijing,CZ3101,China Southern,text,Duration: 2h 55m,,True,2026-02-17T10:02:22.357962
2026-02-27,CAN,departure,08:00,SHE Shenyang,OQ2127,Chongqing Airlines,text,Duration: 3h 50m,,True,2026-02-17T10:02:22.357967
2026-02-27,CAN,departure,08:00,LZO Luzhou,CZ3227,China Southern,text,Duration: 2h 10m,,True,2026-02-17T10:02:22.357973
2026-02-27,CAN,departure,08:00,SYD Sydney,CZ301,China Southern,text,Duration: 9h 20m,,True,2026-02-17T10:02:22.357978
2026-02-27,CAN,departure,08:00,PEK Beijing,CA1310,Air China,text,Duration: 3h 10m,,True,2026-02-17T10:02:22.358057
2026-02-27,CAN,departure,08:00,JJN Jinjiang,CZ3283,China Southern,text,Duration: 1h 25m,,True,2026-02-17T10:02:22.358064
2026-02-27,CAN,departure,08:00,SHA Shanghai,CZ3523,China Southern,text,Duration: 2h 10m,,True,2026-02-17T10:02:22.358069
2026-02-27,CAN,departure,08:00,PEK Beijing,HU7802,Hainan Airlines,text,Duration: 2h 55m,,True,2026-02-17T10:02:22.358075
2026-02-27,CAN,departure,08:05,NKG Nanjing,AQ1029,9 Air,text,Duration: 2h 10m,,True,2026-02-17T10:02:22.358080
2026-02-27,CAN,departure,08:05,WUX Wuxi,ZH9821,Shenzhen Airlines,text,Duration: 2h 15m,,True,2026-02-17T10:02:22.358085
2026-02-27,CAN,departure,08:05,BKK Bangkok,CZ357,China Southern,text,Duration: 3h 5m,,True,2026-02-17T10:02:22.358090
2026-02-27,CAN,departure,08:05,RGN Yangon,CZ3055,China Southern,text,Duration: 3h 25m,,True,2026-02-17T10:02:22.358096
2026-02-27,CAN,departure,08:05,KMG Kunming,CZ3409,China Southern,text,Duration: 2h 30m,,True,2026-02-17T10:02:22.358101
2026-02-27,CAN,departure,08:05,TAO Qingdao,CZ3519,China Southern,text,Duration: 3h 10m,,True,2026-02-17T10:02:22.358106
2026-02-27,CAN,departure,08:10,CGK Jakarta,CZ3037,China Southern,text,Duration: 5h 0m,,True,2026-02-17T10:02:22.358112
2026-02-27,CAN,departure,08:10,TSN Tianjin,OQ2123,Chongqing Airlines,text,Duration: 3h 0m,,True,2026-02-17T10:02:22.358117
2026-02-27,CAN,departure,08:10,HRB Harbin,ZH9671,Shenzhen Airlines,text,Duration: 4h 5m,,True,2026-02-17T10:02:22.358122
2026-02-27,CAN,departure,08:10,CXR Nha Trang,CZ8475,China Southern,text,Duration: 2h 30m,,True,2026-02-17T10:02:22.358127
2026-02-27,CAN,departure,08:10,URC Urumqi,CZ6886,China Southern,text,Duration: 5h 30m,,True,2026-02-17T10:02:22.358133
2026-02-27,CAN,departure,08:15,KTM Kathmandu,CZ6067,China Southern,text,Duration: 5h 30m,,True,2026-02-17T10:02:22.358138
2026-02-27,CAN,departure,08:15,NGB Ningbo,CZ3777,China Southern,text,Duration: 2h 0m,,True,2026-02-17T10:02:22.358143
2026-02-27,CAN,departure,08:15,NKG Nanjing,CZ3843,China Southern,text,Duration: 2h 15m,,True,2026-02-17T10:02:22.358148
2026-02-27,CAN,departure,08:15,NRT Tokyo,CZ8101,China Southern,text,Duration: 4h 5m,,True,2026-02-17T10:02:22.358153
2026-02-27,CAN,departure,08:15,SIN Singapore,CZ353,China Southern,text,Duration: 4h 10m,,True,2026-02-17T10:02:22.358158
2026-02-27,CAN,departure,08:15,NAO Nanchong,CZ5469,China Southern,text,Duration: 2h 20m,,True,2026-02-17T10:02:22.358163
2026-02-27,CAN,departure,08:15,TYN Taiyuan,CZ3701,China Southern,text,Duration: 2h 35m,,True,2026-02-17T10:02:22.358168
2026-02-27,CAN,departure,08:20,"JUZ Quzhou, Zhejiang Province",CZ6289,China Southern,text,Duration: 1h 50m,,True,2026-02-17T10:02:22.358174
2026-02-27,CAN,departure,08:20,KWE Guiyang,CZ6420,China Southern,text,Duration: 1h 55m,,True,2026-02-17T10:02:22.358179
2026-02-27,CAN,departure,08:20,MNL Manila,CZ3091,China Southern,text,Duration: 2h 30m,,True,2026-02-17T10:02:22.358184
2026-02-27,CAN,departure,08:25,URC Urumqi,CA9673,Air China,text,Duration: 5h 45m,,True,2026-02-17T10:02:22.358190
2026-02-27,CAN,departure,08:25,WNZ Wenzhou,HU7285,Hainan Airlines,text,Duration: 1h 40m,,True,2026-02-17T10:02:22.358195
2026-02-27,CAN,departure,08:25,TNA Jinan,ZH9971,Shenzhen Airlines,text,Duration: 2h 40m,,True,2026-02-17T10:02:22.358201
2026-02-27,CAN,departure,08:25,XIY Xian,ZH9221,Shenzhen Airlines,text,Duration: 2h 50m,,True,2026-02-17T10:02:22.358206
2026-02-27,CAN,departure,08:30,CTU Chengdu,CA4327,Air China,text,Duration: 2h 25m,,True,2026-02-17T10:02:22.358211
2026-02-27,CAN,departure,08:30,CTU Chengdu,CZ3401,China Southern,text,Duration: 2h 45m,,True,2026-02-17T10:02:22.358217
2026-02-27,CAN,departure,08:30,PVG Shanghai,HU7431,Hainan Airlines,text,Duration: 2h 30m,,True,2026-02-17T10:02:22.358222
2026-02-27,CAN,departure,08:30,KUL Kuala Lumpur,CZ349,China Southern,text,Duration: 4h 15m,,True,2026-02-17T10:02:22.358228
2026-02-27,CAN,departure,08:35,CGO Zhengzhou,CZ5485,China Southern,text,Duration: 2h 15m,,True,2026-02-17T10:02:22.358233
2026-02-27,CAN,departure,08:40,SWA Jieyang,CZ3892,China Southern,text,Duration: 1h 10m,,True,2026-02-17T10:02:22.358238
2026-02-27,CAN,departure,08:40,PVG Shanghai,ZH9533,Shenzhen Airlines,text,Duration: 2h 20m,,True,2026-02-17T10:02:22.358244
2026-02-27,CAN,departure,08:40,HAK Haikou,HU7004,Hainan Airlines,text,Duration: 1h 15m,,True,2026-02-17T10:02:22.358249
2026-02-27,CAN,departure,08:40,NKG Nanjing,ZH9863,Shenzhen Airlines,text,Duration: 2h 10m,,True,2026-02-17T10:02:22.358254
2026-02-27,CAN,departure,08:40,DLU Dali City,CZ6595,China Southern,text,Duration: 3h 0m,,True,2026-02-17T10:02:22.358260
2026-02-27,CAN,departure,08:40,LZG Langzhong,CZ8691,China Southern,text,Duration: 2h 25m,,True,2026-02-17T10:02:22.358265
2026-02-27,CAN,departure,08:45,PZI Pan Zhi Hua,CZ3933,China Southern,text,Duration: 2h 30m,,True,2026-02-17T10:02:22.358271
2026-02-27,CAN,departure,08:45,YTY Yangzhou,ZH9693,Shenzhen Airlines,text,Duration: 2h 20m,,True,2026-02-17T10:02:22.358276
2026-02-27,CAN,departure,08:45,SGN Ho Chi Minh City,CZ8159,China Southern,text,Duration: 2h 55m,,True,2026-02-17T10:02:22.358282
2026-02-27,CAN,departure,08:50,YBP Yibin,3U3053,Sichuan Airlines,text,Duration: 2h 20m,,True,2026-02-17T10:02:22.358288
2026-02-27,CAN,departure,08:50,HND Tokyo,CZ385,China Southern,text,Duration: 3h 45m,,True,2026-02-17T10:02:22.358293
2026-02-27,CAN,departure,08:50,CGO Zhengzhou,ZH9473,Shenzhen Airlines,text,Duration: 2h 15m,,True,2026-02-17T10:02:22.358298
2026-02-27,CAN,departure,08:50,PVG Shanghai,MU5328,China Eastern,text,Duration: 2h 25m,,True,2026-02-17T10:02:22.358304
2026-02-27,CAN,departure,08:55,TCZ Tengchong,CZ6663,China Southern,text,Duration: 3h 15m,,True,2026-02-17T10:02:22.358309
2026-02-27,CAN,departure,08:55,MEL Melbourne,CZ343,China Southern,text,Duration: 9h 35m,,True,2026-02-17T10:02:22.358314
2026-02-27,CAN,departure,08:55,YCU Yuncheng,CZ3921,China Southern,text,Duration: 2h 40m,,True,2026-02-17T10:02:22.358320
2026-02-27,CAN,departure,09:00,BKK Bangkok,9C7419,Spring Airlines,text,Duration: 3h 0m,,True,2026-02-17T10:02:22.358397
2026-02-27,CAN,departure,09:00,PKX Beijing,CZ3099,China Southern,text,Duration: 3h 5m,,True,2026-02-17T10:02:22.358405
2026-02-27,CAN,departure,09:00,PVG Shanghai,CZ8211,China Southern,text,Duration: 2h 25m,,True,2026-02-17T10:02:22.358411
2026-02-27,CAN,departure,09:00,KMG Kunming,MU9690,China Eastern,text,Duration: 2h 35m,,True,2026-02-17T10:02:22.358416
2026-02-27,CAN,departure,09:00,TFU Chengdu,CA4310,Air China,text,Duration: 2h 25m,,True,2026-02-17T10:02:22.358421
2026-02-27,CAN,departure,09:05,SHA Shanghai,CA1838,Air China,text,Duration: 2h 15m,,True,2026-02-17T10:02:22.358426
2026-02-27,CAN,departure,09:05,CSX Changsha,CZ3380,China Southern,text,Duration: 1h 40m,,True,2026-02-17T10:02:22.358431
2026-02-27,CAN,departure,09:05,KMG Kunming,CZ3493,China Southern,text,Duration: 2h 50m,,True,2026-02-17T10:02:22.358437
2026-02-27,CAN,departure,09:05,XIY Xian,CZ3237,China Southern,text,Duration: 2h 35m,,True,2026-02-17T10:02:22.358442
2026-02-27,CAN,departure,09:05,KTI Phnom Penh,CZ8313,China Southern,text,Duration: 2h 45m,,True,2026-02-17T10:02:22.358447
2026-02-27,CAN,departure,09:05,TNA Jinan,CZ3509,China Southern,text,Duration: 2h 40m,,True,2026-02-17T10:02:22.358452
2026-02-27,CAN,departure,09:10,YIW Yiwu,CZ3304,China Southern,text,Duration: 1h 40m,,True,2026-02-17T10:02:22.358458
2026-02-27,CAN,departure,09:10,FOC Fuzhou,CZ3505,China Southern,text,Duration: 1h 35m,,True,2026-02-17T10:02:22.358463
2026-02-27,CAN,departure,09:10,SHA Shanghai,MU5304,China Eastern,text,Duration: 2h 15m,,True,2026-02-17T10:02:22.358468
2026-02-27,CAN,departure,09:10,CGQ Changchun,CZ6378,China Southern,text,Duration: 4h 15m,,True,2026-02-17T10:02:22.358473
2026-02-27,CAN,departure,09:10,LJG Lijiang,CZ3411,China Southern,text,Duration: 3h 0m,,True,2026-02-17T10:02:22.358479
2026-02-27,CAN,departure,09:10,HGH Hangzhou,CZ3803,China Southern,text,Duration: 2h 10m,,True,2026-02-17T10:02:22.358484
2026-02-27,CAN,departure,09:15,BKK Bangkok,CZ8079,China Southern,text,Duration: 3h 10m,,True,2026-02-17T10:02:22.358489
2026-02-27,CAN,departure,09:15,HET Hohhot,CA1382,Air China,text,Duration: 3h 5m,,True,2026-02-17T10:02:22.358495
2026-02-27,CAN,departure,09:15,NNY Nanyang,CZ3221,China Southern,text,Duration: 2h 5m,,True,2026-02-17T10:02:22.358500
2026-02-27,CAN,departure,09:15,PEK Beijing,HU7804,Hainan Airlines,text,Duration: 3h 0m,,True,2026-02-17T10:02:22.358506
2026-02-27,CAN,departure,09:15,CZX Changzhou,CZ3907,China Southern,text,Duration: 2h 10m,,True,2026-02-17T10:02:22.358511
2026-02-27,CAN,departure,09:20,CTU Chengdu,3U8740,Sichuan Airlines,text,Duration: 2h 40m,,True,2026-02-17T10:02:22.358517
2026-02-27,CAN,departure,09:20,DLC Dalian,CZ6485,China Southern,text,Duration: 3h 20m,,True,2026-02-17T10:02:22.358522
2026-02-27,CAN,departure,09:20,LHW Lanzhou,MU2220,China Eastern,text,Duration: 3h 25m,,True,2026-02-17T10:02:22.358527
2026-02-27,CAN,departure,09:20,NKG Nanjing,CZ3513,China Southern,text,Duration: 2h 10m,,True,2026-02-17T10:02:22.358532
2026-02-27,CAN,departure,09:20,YTY Yangzhou,CZ8213,China Southern,text,Duration: 2h 15m,,True,2026-02-17T10:02:22.358538
2026-02-27,CAN,departure,09:25,KUL Kuala Lumpur,CZ3047,China Southern,text,Duration: 4h 15m,,True,2026-02-17T10:02:22.358543
2026-02-27,CAN,departure,09:25,SYX Sanya,CZ5518,China Southern,text,Duration: 1h 25m,,True,2026-02-17T10:02:22.358548
2026-02-27,CAN,departure,09:25,HAN Hanoi,CZ3049,China Southern,text,Duration: 2h 15m,,True,2026-02-17T10:02:22.358554
2026-02-27,CAN,departure,09:25,TNA Jinan,HU7209,Hainan Airlines,text,Duration: 2h 40m,,True,2026-02-17T10:02:22.358559
2026-02-27,CAN,departure,09:30,HAK Haikou,CZ6774,China Southern,text,Duration: 1h 20m,,True,2026-02-17T10:02:22.358564
2026-02-27,CAN,departure,09:30,ICN Seoul,CZ337,China Southern,text,Duration: 3h 20m,,True,2026-02-17T10:02:22.358570
2026-02-27,CAN,departure,09:30,WUH Wuhan,CZ8520,China Southern,text,Duration: 1h 55m,,True,2026-02-17T10:02:22.358575
2026-02-27,CAN,departure,09:30,PEK Beijing,CA1380,Air China,text,Duration: 2h 55m,,True,2026-02-17T10:02:22.358580
2026-02-27,CAN,departure,09:30,NNG Nanning,CZ3292,China Southern,text,Duration: 1h 40m,,True,2026-02-17T10:02:22.358585
2026-02-27,CAN,departure,09:30,CTU Chengdu,CZ3437,China Southern,text,Duration: 2h 25m,,True,2026-02-17T10:02:22.358591
2026-02-27,CAN,departure,09:35,CGO Zhengzhou,PN6382,West Air (China),text,Duration: 2h 10m,,True,2026-02-17T10:02:22.358596
2026-02-27,CAN,departure,09:35,CKG Chongqing,CZ3405,China Southern,text,Duration: 2h 20m,,True,2026-02-17T10:02:22.358601
2026-02-27,CAN,departure,09:45,HAK Haikou,AQ1023,9 Air,text,Duration: 1h 45m,,True,2026-02-17T10:02:22.358606
2026-02-27,CAN,departure,09:50,CTU Chengdu,MU6851,China Eastern,text,Duration: 2h 30m,,True,2026-02-17T10:02:22.358612
2026-02-27,CAN,departure,09:50,INC Yinchuan,ZH8941,Shenzhen Airlines,text,Duration: 3h 20m,,True,2026-02-17T10:02:22.358617
2026-02-27,CAN,departure,09:50,TNA Jinan,ZH9973,Shenzhen Airlines,text,Duration: 2h 45m,,True,2026-02-17T10:02:22.358622
2026-02-27,CAN,departure,09:55,LYG Lianyungang,AQ1179,9 Air,text,Duration: 2h 30m,,True,2026-02-17T10:02:22.358627
2026-02-27,CAN,departure,09:55,CGO Zhengzhou,HU7287,Hainan Airlines,text,Duration: 2h 25m,,True,2026-02-17T10:02:22.358633
2026-02-27,CAN,departure,09:55,TYN Taiyuan,CZ3713,China Southern,text,Duration: 2h 45m,,True,2026-02-17T10:02:22.358638
2026-02-27,CAN,departure,09:55,TFU Chengdu,HU7151,Hainan Airlines,text,Duration: 2h 35m,,True,2026-02-17T10:02:22.358643
2026-02-27,CAN,departure,10:00,SHE Shenyang,CZ6332,China Southern,text,Duration: 3h 55m,,True,2026-02-17T10:02:22.358648
2026-02-27,CAN,departure,10:00,CKG Chongqing,HU6141,Hainan Airlines,text,Duration: 2h 20m,,True,2026-02-17T10:02:22.358653
2026-02-27,CAN,departure,10:00,SHA Shanghai,CZ8525,China Southern,text,Duration: 2h 15m,,True,2026-02-17T10:02:22.358658
2026-02-27,CAN,departure,10:00,PKX Beijing,CZ3121,China Southern,text,Duration: 3h 10m,,True,2026-02-17T10:02:22.358735
2026-02-27,CAN,departure,10:00,XUZ Xuzhou,CZ5471,China Southern,text,Duration: 2h 20m,,True,2026-02-17T10:02:22.358742
2026-02-27,CAN,departure,10:05,URC Urumqi,CZ6882,China Southern,text,Duration: 5h 20m,,True,2026-02-17T10:02:22.358747
2026-02-27,CAN,departure,10:10,CKG Chongqing,3U8746,Sichuan Airlines,text,Duration: 2h 0m,,True,2026-02-17T10:02:22.358752
2026-02-27,CAN,departure,10:10,XMN Xiamen,MF8302,XiamenAir,text,Duration: 1h 20m,,True,2026-02-17T10:02:22.358757
2026-02-27,CAN,departure,10:10,HGH Hangzhou,CZ3863,China Southern,text,Duration: 2h 0m,,True,2026-02-17T10:02:22.358762
2026-02-27,CAN,departure,10:15,CKG Chongqing,CA4362,Air China,text,Duration: 2h 10m,,True,2026-02-17T10:02:22.358767
2026-02-27,CAN,departure,10:15,HKG Hong Kong,CX983,Cathay Pacific,text,Duration: 1h 30m,,True,2026-02-17T10:02:22.358773
2026-02-27,CAN,departure,10:15,NKG Nanjing,CZ3599,China Southern,text,Duration: 2h 15m,,True,2026-02-17T10:02:22.358778
2026-02-27,CAN,departure,10:20,HFE Hefei,CZ3397,China Southern,text,Duration: 2h 5m,,True,2026-02-17T10:02:22.358783
2026-02-27,CAN,departure,10:25,XIC Xichang,3U3059,Sichuan Airlines,text,Duration: 2h 25m,,True,2026-02-17T10:02:22.358789
2026-02-27,CAN,departure,10:25,KUL Kuala Lumpur,AK113,AirAsia,text,Duration: 4h 20m,,True,2026-02-17T10:02:22.358794
2026-02-27,CAN,departure,10:25,CGO Zhengzhou,CZ3960,China Southern,text,Duration: 2h 25m,,True,2026-02-17T10:02:22.358800
2026-02-27,CAN,departure,10:25,KIX Osaka,CZ8107,China Southern,text,Duration: 3h 35m,,True,2026-02-17T10:02:22.358805
2026-02-27,CAN,departure,10:25,HRB Harbin,CZ3913,China Southern,text,Duration: 4h 40m,,True,2026-02-17T10:02:22.358811
2026-02-27,CAN,departure,10:30,HAK Haikou,CZ6776,China Southern,text,Duration: 1h 20m,,True,2026-02-17T10:02:22.358816
2026-02-27,CAN,departure,10:30,HYN Taizhou,MU2475,China Eastern,text,Duration: 2h 0m,,True,2026-02-17T10:02:22.358822
2026-02-27,CAN,departure,10:30,PEK Beijing,CA1330,Air China,text,Duration: 3h 5m,,True,2026-02-17T10:02:22.358828
2026-02-27,CAN,departure,10:30,SHA Shanghai,MU5306,China Eastern,text,Duration: 2h 10m,,True,2026-02-17T10:02:22.358833
2026-02-27,CAN,departure,10:30,BKK Bangkok,CZ8099,China Southern,text,Duration: 3h 25m,,True,2026-02-17T10:02:22.358839
2026-02-27,CAN,departure,10:30,JNG Jining,CZ3953,China Southern,text,Duration: 2h 40m,,True,2026-02-17T10:02:22.358845
2026-02-27,CAN,departure,10:30,LZH Liuzhou,CZ5567,China Southern,text,Duration: 1h 20m,,True,2026-02-17T10:02:22.358850
2026-02-27,CAN,departure,10:35,NGB Ningbo,OQ2027,Chongqing Airlines,text,Duration: 2h 0m,,True,2026-02-17T10:02:22.358856
2026-02-27,CAN,departure,10:35,KWE Guiyang,CZ6393,China Southern,text,Duration: 1h 50m,,True,2026-02-17T10:02:22.358861
2026-02-27,CAN,departure,10:35,WUX Wuxi,CZ3917,China Southern,text,Duration: 2h 25m,,True,2026-02-17T10:02:22.358867
2026-02-27,CAN,departure,10:35,NBS Baishan,CZ3359,China Southern,text,Duration: 4h 10m,,True,2026-02-17T10:02:22.358872
2026-02-27,CAN,departure,10:35,WNZ Wenzhou,CZ3763,China Southern,text,Duration: 1h 50m,,True,2026-02-17T10:02:22.358877
2026-02-27,CAN,departure,10:40,WUX Wuxi,ZH9825,Shenzhen Airlines,text,Duration: 2h 15m,,True,2026-02-17T10:02:22.358882
2026-02-27,CAN,departure,10:40,DYG Dayong,CZ3381,China Southern,text,Duration: 1h 50m,,True,2026-02-17T10:02:22.358887
2026-02-27,CAN,departure,10:40,TSN Tianjin,CZ3301,China Southern,text,Duration: 3h 10m,,True,2026-02-17T10:02:22.358893
2026-02-27,CAN,departure,10:40,WDS Shiyan,CZ3335,China Southern,text,Duration: 2h 20m,,True,2026-02-17T10:02:22.358898
2026-02-27,CAN,departure,10:45,PVG Shanghai,CZ3550,China Southern,text,Duration: 2h 25m,,True,2026-02-17T10:02:22.358903
2026-02-27,CAN,departure,10:45,CTU Chengdu,EU2236,Chengdu Airlines,text,Duration: 2h 5m,,True,2026-02-17T10:02:22.358908
2026-02-27,CAN,departure,10:45,CGQ Changchun,CZ5175,China Southern,text,Duration: 4h 10m,,True,2026-02-17T10:02:22.358914
2026-02-27,CAN,departure,10:45,SIN Singapore,TR101,Scoot,text,Duration: 4h 15m,,True,2026-02-17T10:02:22.358919
2026-02-27,CAN,departure,10:45,YNT Yantai,CZ8777,China Southern,text,Duration: 3h 10m,,True,2026-02-17T10:02:22.358924
2026-02-27,CAN,departure,10:45,SYX Sanya,CZ6782,China Southern,text,Duration: 1h 50m,,True,2026-02-17T10:02:22.358930
2026-02-27,CAN,departure,10:50,TYN Taiyuan,MU6364,China Eastern,text,Duration: 2h 45m,,True,2026-02-17T10:02:22.358935
2026-02-27,CAN,departure,10:50,HFE Hefei,MU5288,China Eastern,text,Duration: 2h 10m,,True,2026-02-17T10:02:22.358941
2026-02-27,CAN,departure,10:50,HGH Hangzhou,CA1790,Air China,text,Duration: 1h 55m,,True,2026-02-17T10:02:22.358946
2026-02-27,CAN,departure,10:50,YIW Yiwu,CZ3883,China Southern,text,Duration: 1h 50m,,True,2026-02-17T10:02:22.358951
2026-02-27,CAN,departure,10:55,SHA Shanghai,9C8836,Spring Airlines,text,Duration: 2h 20m,,True,2026-02-17T10:02:22.358957
2026-02-27,CAN,departure,10:55,ICN Seoul,CZ3061,China Southern,text,Duration: 3h 20m,,True,2026-02-17T10:02:22.358962
2026-02-27,CAN,departure,10:55,WUH Wuhan,CZ3348,China Southern,text,Duration: 1h 55m,,True,2026-02-17T10:02:22.358967
2026-02-27,CAN,departure,10:55,XIY Xian,MU2312,China Eastern,text,Duration: 2h 35m,,True,2026-02-17T10:02:22.358972
2026-02-27,CAN,departure,10:55,KMG Kunming,CZ3415,China Southern,text,Duration: 2h 45m,,True,2026-02-17T10:02:22.358978
2026-02-27,CAN,departure,11:00,TAO Qingdao,CZ3799,China Southern,text,Duration: 2h 55m,,True,2026-02-17T10:02:22.358983
2026-02-27,CAN,departure,11:00,PKX Beijing,CZ3177,China Southern,text,Duration: 3h 5m,,True,2026-02-17T10:02:22.358988
2026-02-27,CAN,departure,11:00,SHA Shanghai,CZ3537,China Southern,text,Duration: 2h 20m,,True,2026-02-17T10:02:22.358993
2026-02-27,CAN,departure,11:05,NGB Ningbo,MU6949,China Eastern,text,Duration: 2h 0m,,True,2026-02-17T10:02:22.358998
2026-02-27,CAN,departure,11:05,NKG Nanjing,MU2908,China Eastern,text,Duration: 2h 10m,,True,2026-02-17T10:02:22.359075
2026-02-27,CAN,departure,11:05,NTG Nantong,ZH8693,Shenzhen Airlines,text,Duration: 2h 15m,,True,2026-02-17T10:02:22.359082
2026-02-27,CAN,departure,11:10,HGH Hangzhou,HU7461,Hainan Airlines,text,Duration: 1h 55m,,True,2026-02-17T10:02:22.359088
2026-02-27,CAN,departure,11:15,CTU Chengdu,TV9766,Tibet Airlines,text,Duration: 2h 25m,,True,2026-02-17T10:02:22.359093
2026-02-27,CAN,departure,11:15,PEK Beijing,HU7806,Hainan Airlines,text,Duration: 3h 10m,,True,2026-02-17T10:02:22.359098
2026-02-27,CAN,departure,11:15,HGH Hangzhou,MF8320,XiamenAir,text,Duration: 2h 0m,,True,2026-02-17T10:02:22.359104
2026-02-27,CAN,departure,11:20,KMG Kunming,MU5732,China Eastern,text,Duration: 2h 40m,,True,2026-02-17T10:02:22.359109
2026-02-27,CAN,departure,11:20,KUL Kuala Lumpur,CZ8011,China Southern,text,Duration: 4h 20m,,True,2026-02-17T10:02:22.359115
2026-02-27,CAN,departure,11:20,TFU Chengdu,ZH9443,Shenzhen Airlines,text,Duration: 2h 25m,,True,2026-02-17T10:02:22.359120
2026-02-27,CAN,departure,11:25,KMG Kunming,KY8280,Kunming Airlines,text,Duration: 2h 25m,,True,2026-02-17T10:02:22.359126
2026-02-27,CAN,departure,11:25,TPE Taipei,BR708,EVA Air,text,Duration: 2h 10m,,True,2026-02-17T10:02:22.359131
2026-02-27,CAN,departure,11:25,SHE Shenyang,CZ6308,China Southern,text,Duration: 3h 50m,,True,2026-02-17T10:02:22.359137
2026-02-27,CAN,departure,11:30,HGH Hangzhou,3U3152,Sichuan Airlines,text,Duration: 1h 45m,,True,2026-02-17T10:02:22.359142
2026-02-27,CAN,departure,11:30,HAN Hanoi,ZH121,Shenzhen Airlines,text,Duration: 2h 15m,,True,2026-02-17T10:02:22.359147
2026-02-27,CAN,departure,11:30,CTU Chengdu,CZ3443,China Southern,text,Duration: 2h 40m,,True,2026-02-17T10:02:22.359153
2026-02-27,CAN,departure,11:30,HAK Haikou,CZ6786,China Southern,text,Duration: 1h 30m,,True,2026-02-17T10:02:22.359158
2026-02-27,CAN,departure,11:35,INC Yinchuan,CZ3269,China Southern,text,Duration: 3h 10m,,True,2026-02-17T10:02:22.359163
2026-02-27,CAN,departure,11:35,CGO Zhengzhou,CZ6631,China Southern,text,Duration: 2h 20m,,True,2026-02-17T10:02:22.359169
2026-02-27,CAN,departure,11:35,HGH Hangzhou,MU5212,China Eastern,text,Duration: 2h 0m,,True,2026-02-17T10:02:22.359174
2026-02-27,CAN,departure,11:35,TFU Chengdu,CA4320,Air China,text,Duration: 2h 20m,,True,2026-02-17T10:02:22.359179
2026-02-27,CAN,departure,11:35,NGB Ningbo,CZ3517,China Southern,text,Duration: 1h 55m,,True,2026-02-17T10:02:22.359184
2026-02-27,CAN,departure,11:40,SHA Shanghai,CA9668,Air China,text,Duration: 2h 0m,,True,2026-02-17T10:02:22.359190
2026-02-27,CAN,departure,11:40,CKG Chongqing,OQ2306,Chongqing Airlines,text,Duration: 2h 20m,,True,2026-02-17T10:02:22.359195
2026-02-27,CAN,departure,11:40,LYA Luoyang,CZ8217,China Southern,text,Duration: 2h 30m,,True,2026-02-17T10:02:22.359200
2026-02-27,CAN,departure,11:40,PEK Beijing,CA1360,Air China,text,Duration: 3h 15m,,True,2026-02-17T10:02:22.359206
2026-02-27,CAN,departure,11:40,BKK Bangkok,CZ5095,China Southern,text,Duration: 3h 0m,,True,2026-02-17T10:02:22.359211
2026-02-27,CAN,departure,11:40,CKG Chongqing,HU7341,Hainan Airlines,text,Duration: 2h 20m,,True,2026-02-17T10:02:22.359216
2026-02-27,CAN,departure,11:45,SHA Shanghai,HO1856,Juneyao Airlines,text,Duration: 2h 5m,,True,2026-02-17T10:02:22.359222
2026-02-27,CAN,departure,11:45,HRB Harbin,MU9375,China Eastern,text,Duration: 4h 35m,,True,2026-02-17T10:02:22.359227
2026-02-27,CAN,departure,11:45,LHW Lanzhou,MU5262,China Eastern,text,Duration: 3h 30m,,True,2026-02-17T10:02:22.359233
2026-02-27,CAN,departure,11:45,SJW Shijiazhuang,CZ3131,China Southern,text,Duration: 3h 0m,,True,2026-02-17T10:02:22.359238
2026-02-27,CAN,departure,11:50,PKX Beijing,MU6304,China Eastern,text,Duration: 3h 0m,,True,2026-02-17T10:02:22.359244
2026-02-27,CAN,departure,11:50,SVO Moscow,SU221,Aeroflot,text,Duration: 10h 25m,,True,2026-02-17T10:02:22.359250
2026-02-27,CAN,departure,11:50,TFU Chengdu,3U6702,Sichuan Airlines,text,Duration: 2h 25m,,True,2026-02-17T10:02:22.359255
2026-02-27,CAN,departure,11:50,CNX Chiang Mai,CZ8327,China Southern,text,Duration: 3h 20m,,True,2026-02-17T10:02:22.359261
2026-02-27,CAN,departure,11:55,DZH Dazhou,CA4063,Air China,text,Duration: 2h 35m,,True,2026-02-17T10:02:22.359267
2026-02-27,CAN,departure,11:55,TSN Tianjin,CA2802,Air China,text,Duration: 3h 0m,,True,2026-02-17T10:02:22.359272
2026-02-27,CAN,departure,11:55,XIY Xian,CZ3219,China Southern,text,Duration: 2h 40m,,True,2026-02-17T10:02:22.359277
2026-02-27,CAN,departure,11:55,WUX Wuxi,ZH9827,Shenzhen Airlines,text,Duration: 2h 10m,,True,2026-02-17T10:02:22.359282
2026-02-27,CAN,departure,11:55,XMN Xiamen,CZ3741,China Southern,text,Duration: 1h 30m,,True,2026-02-17T10:02:22.359288
2026-02-27,CAN,departure,12:00,INC Yinchuan,MF8754,XiamenAir,text,Duration: 3h 25m,,True,2026-02-17T10:02:22.359293
2026-02-27,CAN,departure,12:00,TAO Qingdao,MU5256,China Eastern,text,Duration: 3h 5m,,True,2026-02-17T10:02:22.359298
2026-02-27,CAN,departure,12:00,PKX Beijing,CZ3103,China Southern,text,Duration: 3h 0m,,True,2026-02-17T10:02:22.359304
2026-02-27,CAN,departure,12:00,TPE Taipei,CZ3097,China Southern,text,Duration: 2h 15m,,True,2026-02-17T10:02:22.359309
2026-02-27,CAN,departure,12:00,SHA Shanghai,CZ3539,China Southern,text,Duration: 2h 15m,,True,2026-02-17T10:02:22.359315
2026-02-27,CAN,departure,12:00,SYX Sanya,CZ6744,China Southern,text,Duration: 1h 35m,,True,2026-02-17T10:02:22.359320
2026-02-27,CAN,departure,12:05,SHA Shanghai,9C6722,Spring Airlines,text,Duration: 2h 25m,,True,2026-02-17T10:02:22.359325
2026-02-27,CAN,departure,12:05,URC Urumqi,CZ6023,China Southern,text,Duration: 5h 35m,,True,2026-02-17T10:02:22.359331
2026-02-27,CAN,departure,12:05,KUL Kuala Lumpur,CZ8347,China Southern,text,Duration: 4h 10m,,True,2026-02-17T10:02:22.359336
2026-02-27,CAN,departure,12:05,HET Hohhot,CZ3253,China Southern,text,Duration: 3h 10m,,True,2026-02-17T10:02:22.359341
2026-02-27,CAN,departure,12:10,PVG Shanghai,HU7331,Hainan Airlines,text,Duration: 2h 20m,,True,2026-02-17T10:02:22.359447
2026-02-27,CAN,departure,12:10,TNA Jinan,SC1174,Shandong Airlines,text,Duration: 2h 35m,,True,2026-02-17T10:02:22.359458
2026-02-27,CAN,departure,12:10,HGH Hangzhou,CZ3869,China Southern,text,Duration: 2h 0m,,True,2026-02-17T10:02:22.359466
2026-02-27,CAN,departure,12:15,PKX Beijing,MF8396,XiamenAir,text,Duration: 2h 55m,,True,2026-02-17T10:02:22.359474
2026-02-27,CAN,departure,12:15,SJW Shijiazhuang,NS3204,Hebei Airlines,text,Duration: 2h 45m,,True,2026-02-17T10:02:22.359481
2026-02-27,CAN,departure,12:15,XIY Xian,MU2326,China Eastern,text,Duration: 2h 50m,,True,2026-02-17T10:02:22.359488
2026-02-27,CAN,departure,12:15,CZX Changzhou,CZ3899,China Southern,text,Duration: 2h 15m,,True,2026-02-17T10:02:22.359495
2026-02-27,CAN,departure,12:15,CTU Chengdu,CA4306,Air China,text,Duration: 2h 30m,,True,2026-02-17T10:02:22.359501
2026-02-27,CAN,departure,12:15,HRB Harbin,CZ6165,China Southern,text,Duration: 4h 15m,,True,2026-02-17T10:02:22.359507
2026-02-27,CAN,departure,12:15,WNZ Wenzhou,CZ3535,China Southern,text,Duration: 1h 50m,,True,2026-02-17T10:02:22.359514
2026-02-27,CAN,departure,12:20,HRB Harbin,ZH9677,Shenzhen Airlines,text,Duration: 4h 5m,,True,2026-02-17T10:02:22.359520
2026-02-27,CAN,departure,12:25,TFU Chengdu,AQ1115,9 Air,text,Duration: 2h 25m,,True,2026-02-17T10:02:22.359527
2026-02-27,CAN,departure,12:25,BKK Bangkok,CZ3081,China Southern,text,Duration: 3h 5m,,True,2026-02-17T10:02:22.359534
2026-02-27,CAN,departure,12:25,KMG Kunming,CZ3447,China Southern,text,Duration: 2h 35m,,True,2026-02-17T10:02:22.359540
2026-02-27,CAN,departure,12:30,SIN Singapore,CZ3039,China Southern,text,Duration: 4h 15m,,True,2026-02-17T10:02:22.359547
2026-02-27,CAN,departure,12:30,SHA Shanghai,FM9308,Shanghai Airlines,text,Duration: 2h 10m,,True,2026-02-17T10:02:22.359553
2026-02-27,CAN,departure,12:30,CGO Zhengzhou,CZ8686,China Southern,text,Duration: 2h 20m,,True,2026-02-17T10:02:22.359559
2026-02-27,CAN,departure,12:30,WSK Wushan,CZ3961,China Southern,text,Duration: 2h 15m,,True,2026-02-17T10:02:22.359565
2026-02-27,CAN,departure,12:35,DLC Dalian,CZ6322,China Southern,text,Duration: 3h 20m,,True,2026-02-17T10:02:22.359572
2026-02-27,CAN,departure,12:35,XIY Xian,HU7838,Hainan Airlines,text,Duration: 2h 35m,,True,2026-02-17T10:02:22.359578
2026-02-27,CAN,departure,12:40,YNT Yantai,SC7622,Shandong Airlines,text,Duration: 3h 5m,,True,2026-02-17T10:02:22.359584
2026-02-27,CAN,departure,12:40,PEK Beijing,CA1352,Air China,text,Duration: 3h 15m,,True,2026-02-17T10:02:22.359591
2026-02-27,CAN,departure,12:40,SHA Shanghai,HO2288,Juneyao Airlines,text,Duration: 2h 25m,,True,2026-02-17T10:02:22.359596
2026-02-27,CAN,departure,12:40,ICN Seoul,OZ370,Asiana,text,Duration: 3h 20m,,True,2026-02-17T10:02:22.359601
2026-02-27,CAN,departure,12:45,DXB Dubai,CZ8057,China Southern,text,Duration: 9h 35m,,True,2026-02-17T10:02:22.359606
2026-02-27,CAN,departure,12:45,CTU Chengdu,MU5322,China Eastern,text,Duration: 2h 55m,,True,2026-02-17T10:02:22.359611
2026-02-27,CAN,departure,12:45,PKX Beijing,MU6308,China Eastern,text,Duration: 2h 55m,,True,2026-02-17T10:02:22.359616
2026-02-27,CAN,departure,12:45,JNH Jiaxing,CZ3385,China Southern,text,Duration: 2h 20m,,True,2026-02-17T10:02:22.359621
2026-02-27,CAN,departure,12:45,WUH Wuhan,CZ8672,China Southern,text,Duration: 2h 5m,,True,2026-02-17T10:02:22.359626
2026-02-27,CAN,departure,12:45,HGH Hangzhou,CA1792,Air China,text,Duration: 1h 55m,,True,2026-02-17T10:02:22.359632
2026-02-27,CAN,departure,12:50,HQQ An Yang,CZ8249,China Southern,text,Duration: 2h 30m,,True,2026-02-17T10:02:22.359637
2026-02-27,CAN,departure,12:50,TYN Taiyuan,CZ6527,China Southern,text,Duration: 2h 50m,,True,2026-02-17T10:02:22.359642
2026-02-27,CAN,departure,12:50,WUS Wuyishan,SC4674,Shandong Airlines,text,Duration: 1h 25m,,True,2026-02-17T10:02:22.359647
2026-02-27,CAN,departure,12:50,PVG Shanghai,FM9310,Shanghai Airlines,text,Duration: 2h 5m,,True,2026-02-17T10:02:22.359652
2026-02-27,CAN,departure,12:50,HFE Hefei,CZ3873,China Southern,text,Duration: 2h 5m,,True,2026-02-17T10:02:22.359657
2026-02-27,CAN,departure,12:55,XIY Xian,CZ3215,China Southern,text,Duration: 2h 50m,,True,2026-02-17T10:02:22.359662
2026-02-27,CAN,departure,12:55,XIY Xian,ZH9223,Shenzhen Airlines,text,Duration: 2h 30m,,True,2026-02-17T10:02:22.359667
2026-02-27,CAN,departure,12:55,NKG Nanjing,CZ3821,China Southern,text,Duration: 2h 5m,,True,2026-02-17T10:02:22.359672
2026-02-27,CAN,departure,12:55,HFE Hefei,HU7203,Hainan Airlines,text,Duration: 2h 10m,,True,2026-02-17T10:02:22.359677
2026-02-27,CAN,departure,12:55,CTU Chengdu,3U8732,Sichuan Airlines,text,Duration: 2h 25m,,True,2026-02-17T10:02:22.359682
2026-02-27,CAN,departure,13:00,DZH Dazhou,CA4356,Air China,text,Duration: 2h 20m,,True,2026-02-17T10:02:22.359687
2026-02-27,CAN,departure,13:00,KTI Phnom Penh,CZ6059,China Southern,text,Duration: 3h 5m,,True,2026-02-17T10:02:22.359692
2026-02-27,CAN,departure,13:00,SHA Shanghai,CZ3525,China Southern,text,Duration: 2h 15m,,True,2026-02-17T10:02:22.359697
2026-02-27,CAN,departure,13:00,PKX Beijing,CZ3179,China Southern,text,Duration: 3h 15m,,True,2026-02-17T10:02:22.359702
2026-02-27,CAN,departure,13:05,SHE Shenyang,ZH9655,Shenzhen Airlines,text,Duration: 3h 35m,,True,2026-02-17T10:02:22.359708
2026-02-27,CAN,departure,13:05,SGN Ho Chi Minh City,CZ373,China Southern,text,Duration: 3h 0m,,True,2026-02-17T10:02:22.359713
2026-02-27,CAN,departure,13:05,FOC Fuzhou,MF8324,XiamenAir,text,Duration: 1h 35m,,True,2026-02-17T10:02:22.359718
2026-02-27,CAN,departure,13:10,HIA Huai'an,MU2870,China Eastern,text,Duration: 2h 20m,,True,2026-02-17T10:02:22.359723
2026-02-27,CAN,departure,13:10,KUL Kuala Lumpur,CZ8301,China Southern,text,Duration: 4h 20m,,True,2026-02-17T10:02:22.359728
2026-02-27,CAN,departure,13:10,HGH Hangzhou,CZ3801,China Southern,text,Duration: 2h 0m,,True,2026-02-17T10:02:22.359733
2026-02-27,CAN,departure,13:10,WNZ Wenzhou,KN5038,China United Airlines,text,Duration: 1h 45m,,True,2026-02-17T10:02:22.359837
2026-02-27,CAN,departure,13:15,TYN Taiyuan,MU5252,China Eastern,text,Duration: 2h 30m,,True,2026-02-17T10:02:22.359846
2026-02-27,CAN,departure,13:15,ICN Seoul,KE868,Korean Air,text,Duration: 3h 20m,,True,2026-02-17T10:02:22.359851
2026-02-27,CAN,departure,13:15,PEK Beijing,HU7808,Hainan Airlines,text,Duration: 2h 40m,,True,2026-02-17T10:02:22.359856
2026-02-27,CAN,departure,13:20,AMS Amsterdam,CZ307,China Southern,text,Duration: 12h 35m,,True,2026-02-17T10:02:22.359862
2026-02-27,CAN,departure,13:20,LHW Lanzhou,ZH9471,Shenzhen Airlines,text,Duration: 3h 0m,,True,2026-02-17T10:02:22.359867
2026-02-27,CAN,departure,13:25,KTI Phnom Penh,K6669,Air Cambodia,text,Duration: 2h 50m,,True,2026-02-17T10:02:22.359872
2026-02-27,CAN,departure,13:30,SIN Singapore,SQ851,Singapore Airlines,text,Duration: 4h 20m,,True,2026-02-17T10:02:22.359878
2026-02-27,CAN,departure,13:30,SHA Shanghai,MU5316,China Eastern,text,Duration: 2h 5m,,True,2026-02-17T10:02:22.359883
2026-02-27,CAN,departure,13:30,CTU Chengdu,CA4308,Air China,text,Duration: 2h 45m,,True,2026-02-17T10:02:22.359888
2026-02-27,CAN,departure,13:30,CTU Chengdu,CZ3471,China Southern,text,Duration: 2h 50m,,True,2026-02-17T10:02:22.359893
2026-02-27,CAN,departure,13:35,VTE Vientiane,CZ6091,China Southern,text,Duration: 2h 30m,,True,2026-02-17T10:02:22.359899
2026-02-27,CAN,departure,13:35,HAN Hanoi,CZ8315,China Southern,text,Duration: 2h 10m,,True,2026-02-17T10:02:22.359904
2026-02-27,CAN,departure,13:35,CKG Chongqing,CZ3425,China Southern,text,Duration: 2h 25m,,True,2026-02-17T10:02:22.359909
2026-02-27,CAN,departure,13:40,LHR London,CZ303,China Southern,text,Duration: 12h 55m,,True,2026-02-17T10:02:22.359914
2026-02-27,CAN,departure,13:40,XIY Xian,MU2302,China Eastern,text,Duration: 2h 45m,,True,2026-02-17T10:02:22.359919
2026-02-27,CAN,departure,13:40,YTY Yangzhou,CZ3941,China Southern,text,Duration: 2h 15m,,True,2026-02-17T10:02:22.359924
2026-02-27,CAN,departure,13:40,HKT Phuket,CZ6063,China Southern,text,Duration: 3h 45m,,True,2026-02-17T10:02:22.359929
2026-02-27,CAN,departure,13:45,PEK Beijing,CA1322,Air China,text,Duration: 3h 10m,,True,2026-02-17T10:02:22.359935
2026-02-27,CAN,departure,13:50,LYI Linyi,ZH9481,Shenzhen Airlines,text,Duration: 2h 20m,,True,2026-02-17T10:02:22.359940
2026-02-27,CAN,departure,13:50,SYX Sanya,CZ5491,China Southern,text,Duration: 1h 45m,,True,2026-02-17T10:02:22.359945
2026-02-27,CAN,departure,13:55,CKG Chongqing,CA4348,Air China,text,Duration: 2h 0m,,True,2026-02-17T10:02:22.359950
2026-02-27,CAN,departure,13:55,LJG Lijiang,MU5742,China Eastern,text,Duration: 3h 0m,,True,2026-02-17T10:02:22.359955
2026-02-27,CAN,departure,13:55,XIY Xian,CZ3207,China Southern,text,Duration: 3h 0m,,True,2026-02-17T10:02:22.359960
2026-02-27,CAN,departure,13:55,LJG Lijiang,CZ3423,China Southern,text,Duration: 3h 10m,,True,2026-02-17T10:02:22.359965
2026-02-27,CAN,departure,13:55,WNZ Wenzhou,CZ3675,China Southern,text,Duration: 1h 55m,,True,2026-02-17T10:02:22.359970
2026-02-27,CAN,departure,13:55,PEN Penang,CZ5047,China Southern,text,Duration: 4h 5m,,True,2026-02-17T10:02:22.359975
2026-02-27,CAN,departure,14:00,PKX Beijing,CZ3109,China Southern,text,Duration: 3h 5m,,True,2026-02-17T10:02:22.359980
2026-02-27,CAN,departure,14:00,YIH Yichang,CZ5347,China Southern,text,Duration: 1h 50m,,True,2026-02-17T10:02:22.359985
2026-02-27,CAN,departure,14:00,HRB Harbin,JD5165,Capital Airlines,text,Duration: 3h 55m,,True,2026-02-17T10:02:22.359990
2026-02-27,CAN,departure,14:05,HGH Hangzhou,GJ8700,Loong Air,text,Duration: 2h 10m,,True,2026-02-17T10:02:22.359996
2026-02-27,CAN,departure,14:10,CKG Chongqing,AQ1101,9 Air,text,Duration: 2h 15m,,True,2026-02-17T10:02:22.360001
2026-02-27,CAN,departure,14:10,SHA Shanghai,HO1858,Juneyao Airlines,text,Duration: 2h 10m,,True,2026-02-17T10:02:22.360006
2026-02-27,CAN,departure,14:10,HGH Hangzhou,CZ3511,China Southern,text,Duration: 2h 5m,,True,2026-02-17T10:02:22.360011
2026-02-27,CAN,departure,14:10,XMN Xiamen,CZ3879,China Southern,text,Duration: 1h 20m,,True,2026-02-17T10:02:22.360016
2026-02-27,CAN,departure,14:15,MNL Manila,CZ397,China Southern,text,Duration: 2h 35m,,True,2026-02-17T10:02:22.360021
2026-02-27,CAN,departure,14:15,NKG Nanjing,HU7213,Hainan Airlines,text,Duration: 2h 10m,,True,2026-02-17T10:02:22.360027
2026-02-27,CAN,departure,14:15,RGN Yangon,8M712,MAI,text,Duration: 3h 5m,,True,2026-02-17T10:02:22.360032
2026-02-27,CAN,departure,14:15,JJN Jinjiang,MF8386,XiamenAir,text,Duration: 1h 15m,,True,2026-02-17T10:02:22.360037
2026-02-27,CAN,departure,14:20,TFU Chengdu,HU7251,Hainan Airlines,text,Duration: 2h 25m,,True,2026-02-17T10:02:22.360041
2026-02-27,CAN,departure,14:25,CGQ Changchun,ZH9695,Shenzhen Airlines,text,Duration: 4h 0m,,True,2026-02-17T10:02:22.360047
2026-02-27,CAN,departure,14:25,SYX Sanya,CZ6702,China Southern,text,Duration: 1h 40m,,True,2026-02-17T10:02:22.360052
2026-02-27,CAN,departure,14:30,HAK Haikou,CZ5494,China Southern,text,Duration: 1h 20m,,True,2026-02-17T10:02:22.360057
2026-02-27,CAN,departure,14:30,TNA Jinan,ZH9977,Shenzhen Airlines,text,Duration: 2h 35m,,True,2026-02-17T10:02:22.360062
2026-02-27,CAN,departure,14:30,AKL Auckland,CZ335,China Southern,text,Duration: 11h 0m,,True,2026-02-17T10:02:22.360067
2026-02-27,CAN,departure,14:30,NKG Nanjing,CZ3699,China Southern,text,Duration: 2h 15m,,True,2026-02-17T10:02:22.360073
2026-02-27,CAN,departure,14:30,SHA Shanghai,MU5308,China Eastern,text,Duration: 2h 5m,,True,2026-02-17T10:02:22.360078
2026-02-27,CAN,departure,14:35,CGO Zhengzhou,CZ6626,China Southern,text,Duration: 2h 15m,,True,2026-02-17T10:02:22.360083
2026-02-27,CAN,departure,14:35,HND Tokyo,JL88,JAL,text,Duration: 3h 55m,,True,2026-02-17T10:02:22.360088
2026-02-27,CAN,departure,14:35,WNH Wenshan,CZ6487,China Southern,text,Duration: 2h 30m,,True,2026-02-17T10:02:22.360093
2026-02-27,CAN,departure,14:40,PKX Beijing,CA8393,Air China,text,Duration: 3h 15m,,True,2026-02-17T10:02:22.360197
2026-02-27,CAN,departure,14:40,KUL Kuala Lumpur,MH377,Malaysia Airlines,text,Duration: 4h 10m,,True,2026-02-17T10:02:22.360206
2026-02-27,CAN,departure,14:40,BKI Kota Kinabalu,CZ8335,China Southern,text,Duration: 3h 20m,,True,2026-02-17T10:02:22.360213
2026-02-27,CAN,departure,14:40,FOC Fuzhou,CZ3877,China Southern,text,Duration: 1h 35m,,True,2026-02-17T10:02:22.360219
2026-02-27,CAN,departure,14:40,NGB Ningbo,CZ8293,China Southern,text,Duration: 2h 0m,,True,2026-02-17T10:02:22.360225
2026-02-27,CAN,departure,14:45,XNT Xingtai,CZ8245,China Southern,text,Duration: 3h 5m,,True,2026-02-17T10:02:22.360230
2026-02-27,CAN,departure,14:45,LJG Lijiang,OQ2111,Chongqing Airlines,text,Duration: 3h 10m,,True,2026-02-17T10:02:22.360235
2026-02-27,CAN,departure,14:45,TAO Qingdao,CZ3573,China Southern,text,Duration: 3h 0m,,True,2026-02-17T10:02:22.360242
2026-02-27,CAN,departure,14:45,TSN Tianjin,CZ3143,China Southern,text,Duration: 3h 5m,,True,2026-02-17T10:02:22.360247
2026-02-27,CAN,departure,14:50,CSX Changsha,CZ3388,China Southern,text,Duration: 1h 35m,,True,2026-02-17T10:02:22.360253
2026-02-27,CAN,departure,14:50,TNA Jinan,CZ3711,China Southern,text,Duration: 3h 0m,,True,2026-02-17T10:02:22.360258
2026-02-27,CAN,departure,14:50,PVG Shanghai,ZH9535,Shenzhen Airlines,text,Duration: 2h 35m,,True,2026-02-17T10:02:22.360263
2026-02-27,CAN,departure,14:50,BKK Bangkok,TG669,Thai Airways,text,Duration: 3h 20m,,True,2026-02-17T10:02:22.360268
2026-02-27,CAN,departure,14:55,CKG Chongqing,HU7441,Hainan Airlines,text,Duration: 2h 20m,,True,2026-02-17T10:02:22.360273
2026-02-27,CAN,departure,14:55,HAK Haikou,HU7008,Hainan Airlines,text,Duration: 1h 35m,,True,2026-02-17T10:02:22.360278
2026-02-27,CAN,departure,14:55,BKK Bangkok,CZ8023,China Southern,text,Duration: 3h 10m,,True,2026-02-17T10:02:22.360284
2026-02-27,CAN,departure,14:55,YIW Yiwu,CZ3635,China Southern,text,Duration: 2h 0m,,True,2026-02-17T10:02:22.360289
2026-02-27,CAN,departure,14:55,KMG Kunming,CZ3449,China Southern,text,Duration: 2h 40m,,True,2026-02-17T10:02:22.360294
2026-02-27,CAN,departure,14:55,NTG Nantong,CZ3639,China Southern,text,Duration: 2h 20m,,True,2026-02-17T10:02:22.360299
2026-02-27,CAN,departure,15:00,HND Tokyo,CZ3085,China Southern,text,Duration: 4h 0m,,True,2026-02-17T10:02:22.360305
2026-02-27,CAN,departure,15:00,JNG Jining,CZ5671,China Southern,text,Duration: 2h 40m,,True,2026-02-17T10:02:22.360310
2026-02-27,CAN,departure,15:00,PKX Beijing,CZ3999,China Southern,text,Duration: 3h 15m,,True,2026-02-17T10:02:22.360315
2026-02-27,CAN,departure,15:00,TFU Chengdu,CZ3439,China Southern,text,Duration: 2h 25m,,True,2026-02-17T10:02:22.360320
2026-02-27,CAN,departure,15:00,WUH Wuhan,CZ5842,China Southern,text,Duration: 1h 55m,,True,2026-02-17T10:02:22.360325
2026-02-27,CAN,departure,15:05,KWE Guiyang,CZ3618,China Southern,text,Duration: 1h 40m,,True,2026-02-17T10:02:22.360330
2026-02-27,CAN,departure,15:05,HND Tokyo,NH924,ANA,text,Duration: 3h 55m,,True,2026-02-17T10:02:22.360335
2026-02-27,CAN,departure,15:05,CKG Chongqing,OQ2318,Chongqing Airlines,text,Duration: 2h 25m,,True,2026-02-17T10:02:22.360341
2026-02-27,CAN,departure,15:05,WUX Wuxi,CZ3297,China Southern,text,Duration: 2h 20m,,True,2026-02-17T10:02:22.360346
2026-02-27,CAN,departure,15:05,TYN Taiyuan,CZ3695,China Southern,text,Duration: 2h 40m,,True,2026-02-17T10:02:22.360351
2026-02-27,CAN,departure,15:10,XIY Xian,HU7848,Hainan Airlines,text,Duration: 2h 35m,,True,2026-02-17T10:02:22.360356
2026-02-27,CAN,departure,15:10,HET Hohhot,CZ3307,China Southern,text,Duration: 3h 0m,,True,2026-02-17T10:02:22.360361
2026-02-27,CAN,departure,15:10,HGH Hangzhou,CZ3501,China Southern,text,Duration: 2h 0m,,True,2026-02-17T10:02:22.360367
2026-02-27,CAN,departure,15:15,URC Urumqi,CZ6892,China Southern,text,Duration: 6h 0m,,True,2026-02-17T10:02:22.360372
2026-02-27,CAN,departure,15:15,NKG Nanjing,HU7313,Hainan Airlines,text,Duration: 2h 10m,,True,2026-02-17T10:02:22.360377
2026-02-27,CAN,departure,15:15,PEK Beijing,HU7810,Hainan Airlines,text,Duration: 3h 0m,,True,2026-02-17T10:02:22.360382
2026-02-27,CAN,departure,15:20,SJW Shijiazhuang,NS3626,Hebei Airlines,text,Duration: 2h 45m,,True,2026-02-17T10:02:22.360388
2026-02-27,CAN,departure,15:20,SGN Ho Chi Minh City,VN503,Vietnam Airlines,text,Duration: 3h 0m,,True,2026-02-17T10:02:22.360393
2026-02-27,CAN,departure,15:20,KMG Kunming,MU5734,China Eastern,text,Duration: 2h 30m,,True,2026-02-17T10:02:22.360399
2026-02-27,CAN,departure,15:25,TSN Tianjin,GS7896,Tianjin Airlines,text,Duration: 2h 50m,,True,2026-02-17T10:02:22.360404
2026-02-27,CAN,departure,15:25,ALA Almaty,CZ3083,China Southern,text,Duration: 7h 5m,,True,2026-02-17T10:02:22.360409
2026-02-27,CAN,departure,15:30,SHA Shanghai,FM9316,Shanghai Airlines,text,Duration: 2h 15m,,True,2026-02-17T10:02:22.360414
2026-02-27,CAN,departure,15:30,LHW Lanzhou,OQ2131,Chongqing Airlines,text,Duration: 3h 25m,,True,2026-02-17T10:02:22.360419
2026-02-27,CAN,departure,15:30,LYG Lianyungang,CZ3233,China Southern,text,Duration: 2h 25m,,True,2026-02-17T10:02:22.360425
2026-02-27,CAN,departure,15:30,CTU Chengdu,CZ3417,China Southern,text,Duration: 2h 45m,,True,2026-02-17T10:02:22.360430
2026-02-27,CAN,departure,15:30,YIH Yichang,CZ5659,China Southern,text,Duration: 1h 50m,,True,2026-02-17T10:02:22.360435
2026-02-27,CAN,departure,15:40,CNX Chiang Mai,CZ3033,China Southern,text,Duration: 3h 10m,,True,2026-02-17T10:02:22.360440
2026-02-27,CAN,departure,15:40,SHE Shenyang,CZ6368,China Southern,text,Duration: 3h 40m,,True,2026-02-17T10:02:22.360445
2026-02-27,CAN,departure,15:40,PEK Beijing,CA1316,Air China,text,Duration: 3h 20m,,True,2026-02-17T10:02:22.360451
2026-02-27,CAN,departure,15:45,NKG Nanjing,CZ3855,China Southern,text,Duration: 2h 20m,,True,2026-02-17T10:02:22.360456
2026-02-27,CAN,departure,15:45,CGK Jakarta,GA899,Garuda Indonesia,text,Duration: 5h 25m,,True,2026-02-17T10:02:22.360461
2026-02-27,CAN,departure,15:45,WUX Wuxi,ZH9831,Shenzhen Airlines,text,Duration: 2h 20m,,True,2026-02-17T10:02:22.360564
2026-02-27,CAN,departure,15:45,BKK Bangkok,CZ363,China Southern,text,Duration: 3h 10m,,True,2026-02-17T10:02:22.360571
2026-02-27,CAN,departure,15:50,NGB Ningbo,CZ3371,China Southern,text,Duration: 2h 10m,,True,2026-02-17T10:02:22.360576
2026-02-27,CAN,departure,15:50,YNT Yantai,CZ5465,China Southern,text,Duration: 3h 5m,,True,2026-02-17T10:02:22.360582
2026-02-27,CAN,departure,15:55,HGH Hangzhou,ZH9981,Shenzhen Airlines,text,Duration: 1h 55m,,True,2026-02-17T10:02:22.360587
2026-02-27,CAN,departure,15:55,TFU Chengdu,HU7351,Hainan Airlines,text,Duration: 2h 35m,,True,2026-02-17T10:02:22.360592
2026-02-27,CAN,departure,15:55,CTU Chengdu,CA4318,Air China,text,Duration: 2h 35m,,True,2026-02-17T10:02:22.360598
2026-02-27,CAN,departure,15:55,NNY Nanyang,CZ5641,China Southern,text,Duration: 2h 10m,,True,2026-02-17T10:02:22.360603
2026-02-27,CAN,departure,15:55,TSN Tianjin,CZ3135,China Southern,text,Duration: 3h 25m,,True,2026-02-17T10:02:22.360608
2026-02-27,CAN,departure,16:00,NGB Ningbo,HU7233,Hainan Airlines,text,Duration: 2h 10m,,True,2026-02-17T10:02:22.360613
2026-02-27,CAN,departure,16:00,TAO Qingdao,ZH9993,Shenzhen Airlines,text,Duration: 3h 5m,,True,2026-02-17T10:02:22.360618
2026-02-27,CAN,departure,16:00,SVO Moscow,CZ655,China Southern,text,Duration: 10h 15m,,True,2026-02-17T10:02:22.360624
2026-02-27,CAN,departure,16:00,PKX Beijing,CZ3115,China Southern,text,Duration: 3h 15m,,True,2026-02-17T10:02:22.360629
2026-02-27,CAN,departure,16:00,SHA Shanghai,CZ3503,China Southern,text,Duration: 2h 10m,,True,2026-02-17T10:02:22.360634
2026-02-27,CAN,departure,16:05,SGN Ho Chi Minh City,9C7347,Spring Airlines,text,Duration: 2h 50m,,True,2026-02-17T10:02:22.360640
2026-02-27,CAN,departure,16:05,SHA Shanghai,9C6720,Spring Airlines,text,Duration: 1h 55m,,True,2026-02-17T10:02:22.360645
2026-02-27,CAN,departure,16:05,PVG Shanghai,AQ1011,9 Air,text,Duration: 2h 15m,,True,2026-02-17T10:02:22.360651
2026-02-27,CAN,departure,16:05,CGQ Changchun,CZ3606,China Southern,text,Duration: 4h 15m,,True,2026-02-17T10:02:22.360656
2026-02-27,CAN,departure,16:05,CXR Nha Trang,CZ6049,China Southern,text,Duration: 2h 35m,,True,2026-02-17T10:02:22.360661
2026-02-27,CAN,departure,16:10,SJW Shijiazhuang,OQ2135,Chongqing Airlines,text,Duration: 2h 45m,,True,2026-02-17T10:02:22.360666
2026-02-27,CAN,departure,16:10,HGH Hangzhou,CZ3847,China Southern,text,Duration: 2h 0m,,True,2026-02-17T10:02:22.360672
2026-02-27,CAN,departure,16:10,FUG Fuyang,CZ5839,China Southern,text,Duration: 2h 10m,,True,2026-02-17T10:02:22.360678
2026-02-27,CAN,departure,16:15,URC Urumqi,CA4370,Air China,text,Duration: 5h 50m,,True,2026-02-17T10:02:22.360683
2026-02-27,CAN,departure,16:15,HAK Haikou,ZH8991,Shenzhen Airlines,text,Duration: 1h 25m,,True,2026-02-17T10:02:22.360689
2026-02-27,CAN,departure,16:15,RUH Riyadh,CZ375,China Southern,text,Duration: 10h 50m,,True,2026-02-17T10:02:22.360694
2026-02-27,CAN,departure,16:15,DLC Dalian,CZ6200,China Southern,text,Duration: 3h 20m,,True,2026-02-17T10:02:22.360699
2026-02-27,CAN,departure,16:20,SHA Shanghai,CA1829,Air China,text,Duration: 2h 20m,,True,2026-02-17T10:02:22.360704
2026-02-27,CAN,departure,16:20,LFQ Qiaoli,CZ8927,China Southern,text,Duration: 2h 50m,,True,2026-02-17T10:02:22.360709
2026-02-27,CAN,departure,16:25,URC Urumqi,UQ2592,Urumqi Airlines,text,Duration: 5h 30m,,True,2026-02-17T10:02:22.360715
2026-02-27,CAN,departure,16:25,LHE Lahore,CZ6037,China Southern,text,Duration: 6h 30m,,True,2026-02-17T10:02:22.360720
2026-02-27,CAN,departure,16:25,HAN Hanoi,VN507,Vietnam Airlines,text,Duration: 2h 10m,,True,2026-02-17T10:02:22.360725
2026-02-27,CAN,departure,16:25,KMG Kunming,CZ3499,China Southern,text,Duration: 2h 35m,,True,2026-02-17T10:02:22.360731
2026-02-27,CAN,departure,16:30,CTU Chengdu,3U8734,Sichuan Airlines,text,Duration: 2h 20m,,True,2026-02-17T10:02:22.360736
2026-02-27,CAN,departure,16:30,HAK Haikou,CZ6778,China Southern,text,Duration: 1h 25m,,True,2026-02-17T10:02:22.360741
2026-02-27,CAN,departure,16:30,SYX Sanya,CZ6740,China Southern,text,Duration: 1h 45m,,True,2026-02-17T10:02:22.360746
2026-02-27,CAN,departure,16:30,HGH Hangzhou,MF8382,XiamenAir,text,Duration: 2h 10m,,True,2026-02-17T10:02:22.360751
2026-02-27,CAN,departure,16:30,SHA Shanghai,MU5312,China Eastern,text,Duration: 2h 10m,,True,2026-02-17T10:02:22.360756
2026-02-27,CAN,departure,16:35,TFU Chengdu,MU6832,China Eastern,text,Duration: 2h 10m,,True,2026-02-17T10:02:22.360761
2026-02-27,CAN,departure,16:35,SQJ Sanming,CZ8607,China Southern,text,Duration: 1h 20m,,True,2026-02-17T10:02:22.360767
2026-02-27,CAN,departure,16:40,LZO Luzhou,3U3051,Sichuan Airlines,text,Duration: 2h 5m,,True,2026-02-17T10:02:22.360772
2026-02-27,CAN,departure,16:40,NGB Ningbo,MU5238,China Eastern,text,Duration: 1h 45m,,True,2026-02-17T10:02:22.360778
2026-02-27,CAN,departure,16:40,TAO Qingdao,CZ3609,China Southern,text,Duration: 3h 0m,,True,2026-02-17T10:02:22.360783
2026-02-27,CAN,departure,16:45,PEK Beijing,CA1340,Air China,text,Duration: 3h 25m,,True,2026-02-17T10:02:22.360788
2026-02-27,CAN,departure,16:45,CKG Chongqing,3U8748,Sichuan Airlines,text,Duration: 2h 10m,,True,2026-02-17T10:02:22.360794
2026-02-27,CAN,departure,16:50,BKK Bangkok,CZ8019,China Southern,text,Duration: 3h 5m,,True,2026-02-17T10:02:22.360800
2026-02-27,CAN,departure,16:50,LUM Mangshi,MU9730,China Eastern,text,Duration: 3h 30m,,True,2026-02-17T10:02:22.360805
2026-02-27,CAN,departure,16:50,HFE Hefei,ZH9989,Shenzhen Airlines,text,Duration: 2h 10m,,True,2026-02-17T10:02:22.360811
2026-02-27,CAN,departure,16:55,SJW Shijiazhuang,9C8899,Spring Airlines,text,Duration: 2h 50m,,True,2026-02-17T10:02:22.360816
2026-02-27,CAN,departure,16:55,TNA Jinan,MU5260,China Eastern,text,Duration: 2h 30m,,True,2026-02-17T10:02:22.360821
2026-02-27,CAN,departure,16:55,CKG Chongqing,OQ2324,Chongqing Airlines,text,Duration: 2h 20m,,True,2026-02-17T10:02:22.360827
2026-02-27,CAN,departure,16:55,TYN Taiyuan,CZ3951,China Southern,text,Duration: 2h 50m,,True,2026-02-17T10:02:22.360915
2026-02-27,CAN,departure,16:55,YCU Yuncheng,CZ3985,China Southern,text,Duration: 2h 35m,,True,2026-02-17T10:02:22.360922
2026-02-27,CAN,departure,17:00,WUH Wuhan,CZ3346,China Southern,text,Duration: 1h 50m,,True,2026-02-17T10:02:22.360928
2026-02-27,CAN,departure,17:00,CGO Zhengzhou,HU7283,Hainan Airlines,text,Duration: 2h 25m,,True,2026-02-17T10:02:22.360933
2026-02-27,CAN,departure,17:00,WNZ Wenzhou,CZ3527,China Southern,text,Duration: 1h 30m,,True,2026-02-17T10:02:22.360939
2026-02-27,CAN,departure,17:00,HRB Harbin,CZ6262,China Southern,text,Duration: 4h 10m,,True,2026-02-17T10:02:22.360944
2026-02-27,CAN,departure,17:00,LYI Linyi,CZ5669,China Southern,text,Duration: 2h 30m,,True,2026-02-17T10:02:22.360949
2026-02-27,CAN,departure,17:05,PKX Beijing,AQ1001,9 Air,text,Duration: 3h 10m,,True,2026-02-17T10:02:22.360955
2026-02-27,CAN,departure,17:05,PEN Penang,CZ395,China Southern,text,Duration: 3h 55m,,True,2026-02-17T10:02:22.360961
2026-02-27,CAN,departure,17:05,LIJ Lishui,CZ3867,China Southern,text,Duration: 2h 15m,,True,2026-02-17T10:02:22.360966
2026-02-27,CAN,departure,17:05,LYG Lianyungang,CZ5357,China Southern,text,Duration: 2h 25m,,True,2026-02-17T10:02:22.360972
2026-02-27,CAN,departure,17:05,XIY Xian,CZ3203,China Southern,text,Duration: 2h 40m,,True,2026-02-17T10:02:22.360977
2026-02-27,CAN,departure,17:10,WUH Wuhan,MU2541,China Eastern,text,Duration: 1h 50m,,True,2026-02-17T10:02:22.360982
2026-02-27,CAN,departure,17:10,YNT Yantai,ZH9675,Shenzhen Airlines,text,Duration: 3h 10m,,True,2026-02-17T10:02:22.360987
2026-02-27,CAN,departure,17:10,HGH Hangzhou,CZ3829,China Southern,text,Duration: 2h 10m,,True,2026-02-17T10:02:22.360993
2026-02-27,CAN,departure,17:10,KHG Kashi,CZ6836,China Southern,text,Duration: 6h 45m,,True,2026-02-17T10:02:22.360998
2026-02-27,CAN,departure,17:10,URC Urumqi,CZ6896,China Southern,text,Duration: 5h 30m,,True,2026-02-17T10:02:22.361003
2026-02-27,CAN,departure,17:15,NKG Nanjing,ZH9873,Shenzhen Airlines,text,Duration: 2h 5m,,True,2026-02-17T10:02:22.361008
2026-02-27,CAN,departure,17:15,TYN Taiyuan,HU7249,Hainan Airlines,text,Duration: 2h 40m,,True,2026-02-17T10:02:22.361013
2026-02-27,CAN,departure,17:15,SHE Shenyang,CZ6348,China Southern,text,Duration: 4h 0m,,True,2026-02-17T10:02:22.361019
2026-02-27,CAN,departure,17:15,YNZ Yancheng,CZ8215,China Southern,text,Duration: 2h 25m,,True,2026-02-17T10:02:22.361024
2026-02-27,CAN,departure,17:15,TFU Chengdu,3U6704,Sichuan Airlines,text,Duration: 2h 10m,,True,2026-02-17T10:02:22.361029
2026-02-27,CAN,departure,17:15,NGB Ningbo,CZ3321,China Southern,text,Duration: 2h 0m,,True,2026-02-17T10:02:22.361035
2026-02-27,CAN,departure,17:15,PEK Beijing,HU7812,Hainan Airlines,text,Duration: 3h 5m,,True,2026-02-17T10:02:22.361040
2026-02-27,CAN,departure,17:20,CKG Chongqing,CA4350,Air China,text,Duration: 2h 20m,,True,2026-02-17T10:02:22.361045
2026-02-27,CAN,departure,17:20,WUX Wuxi,MU2918,China Eastern,text,Duration: 2h 30m,,True,2026-02-17T10:02:22.361050
2026-02-27,CAN,departure,17:20,JHG Jinghong,OQ2105,Chongqing Airlines,text,Duration: 3h 10m,,True,2026-02-17T10:02:22.361055
2026-02-27,CAN,departure,17:20,YIW Yiwu,CZ3795,China Southern,text,Duration: 1h 50m,,True,2026-02-17T10:02:22.361060
2026-02-27,CAN,departure,17:25,RIZ Rizhao,CZ8776,China Southern,text,Duration: 2h 40m,,True,2026-02-17T10:02:22.361065
2026-02-27,CAN,departure,17:25,XFN Xiangyang,GJ8381,Loong Air,text,Duration: 2h 0m,,True,2026-02-17T10:02:22.361070
2026-02-27,CAN,departure,17:25,MIG Mian Yang,CZ3399,China Southern,text,Duration: 2h 50m,,True,2026-02-17T10:02:22.361076
2026-02-27,CAN,departure,17:25,HAN Hanoi,CZ8177,China Southern,text,Duration: 2h 15m,,True,2026-02-17T10:02:22.361081
2026-02-27,CAN,departure,17:25,DZH Dazhou,CZ3263,China Southern,text,Duration: 2h 30m,,True,2026-02-17T10:02:22.361086
2026-02-27,CAN,departure,17:30,ICN Seoul,CZ339,China Southern,text,Duration: 3h 20m,,True,2026-02-17T10:02:22.361091
2026-02-27,CAN,departure,17:30,CTU Chengdu,CA4302,Air China,text,Duration: 2h 30m,,True,2026-02-17T10:02:22.361096
2026-02-27,CAN,departure,17:30,SHA Shanghai,MU5330,China Eastern,text,Duration: 2h 5m,,True,2026-02-17T10:02:22.361101
2026-02-27,CAN,departure,17:30,TPE Taipei,CI522,China Airlines,text,Duration: 2h 5m,,True,2026-02-17T10:02:22.361106
2026-02-27,CAN,departure,17:30,TNA Jinan,CZ3707,China Southern,text,Duration: 2h 50m,,True,2026-02-17T10:02:22.361111
2026-02-27,CAN,departure,17:35,FOC Fuzhou,CZ3647,China Southern,text,Duration: 1h 35m,,True,2026-02-17T10:02:22.361116
2026-02-27,CAN,departure,17:35,YTY Yangzhou,ZH8909,Shenzhen Airlines,text,Duration: 2h 15m,,True,2026-02-17T10:02:22.361121
2026-02-27,CAN,departure,17:35,DLC Dalian,CZ6468,China Southern,text,Duration: 3h 25m,,True,2026-02-17T10:02:22.361126
2026-02-27,CAN,departure,17:35,HFE Hefei,CZ3817,China Southern,text,Duration: 2h 5m,,True,2026-02-17T10:02:22.361131
2026-02-27,CAN,departure,17:40,PEK Beijing,CA1392,Air China,text,Duration: 3h 15m,,True,2026-02-17T10:02:22.361137
2026-02-27,CAN,departure,17:45,WMT Zunyi,CZ3313,China Southern,text,Duration: 1h 55m,,True,2026-02-17T10:02:22.361143
2026-02-27,CAN,departure,17:45,XFN Xiangyang,CZ3361,China Southern,text,Duration: 2h 10m,,True,2026-02-17T10:02:22.361148
2026-02-27,CAN,departure,17:45,NGB Ningbo,CA4583,Air China,text,Duration: 2h 5m,,True,2026-02-17T10:02:22.361153
2026-02-27,CAN,departure,17:50,SUB Surabaya,CZ8137,China Southern,text,Duration: 5h 10m,,True,2026-02-17T10:02:22.361159
2026-02-27,CAN,departure,17:50,LUM Mangshi,CZ6499,China Southern,text,Duration: 3h 20m,,True,2026-02-17T10:02:22.361164
2026-02-27,CAN,departure,17:55,ZHA Zhanjiang,CZ3331,China Southern,text,Duration: 1h 20m,,True,2026-02-17T10:02:22.361170
2026-02-27,CAN,departure,17:55,TAO Qingdao,MU5258,China Eastern,text,Duration: 3h 15m,,True,2026-02-17T10:02:22.361175
2026-02-27,CAN,departure,17:55,CGO Zhengzhou,CZ3195,China Southern,text,Duration: 2h 20m,,True,2026-02-17T10:02:22.361251
2026-02-27,CAN,departure,17:55,XIY Xian,MU2308,China Eastern,text,Duration: 3h 10m,,True,2026-02-17T10:02:22.361258
2026-02-27,CAN,departure,18:00,AKA Ankang,CZ3265,China Southern,text,Duration: 2h 30m,,True,2026-02-17T10:02:22.361264
2026-02-27,CAN,departure,18:00,HGH Hangzhou,MU5216,China Eastern,text,Duration: 2h 10m,,True,2026-02-17T10:02:22.361269
2026-02-27,CAN,departure,18:00,WDS Shiyan,CZ5331,China Southern,text,Duration: 2h 20m,,True,2026-02-17T10:02:22.361275
2026-02-27,CAN,departure,18:00,PKX Beijing,CZ3111,China Southern,text,Duration: 3h 5m,,True,2026-02-17T10:02:22.361281
2026-02-27,CAN,departure,18:00,HGH Hangzhou,HU7261,Hainan Airlines,text,Duration: 2h 0m,,True,2026-02-17T10:02:22.361286
2026-02-27,CAN,departure,18:00,SHA Shanghai,CZ3581,China Southern,text,Duration: 2h 20m,,True,2026-02-17T10:02:22.361291
2026-02-27,CAN,departure,18:00,CGQ Changchun,CZ8237,China Southern,text,Duration: 4h 5m,,True,2026-02-17T10:02:22.361297
2026-02-27,CAN,departure,18:00,NAO Nanchong,CZ3293,China Southern,text,Duration: 2h 35m,,True,2026-02-17T10:02:22.361303
2026-02-27,CAN,departure,18:05,SHA Shanghai,9C8856,Spring Airlines,text,Duration: 2h 5m,,True,2026-02-17T10:02:22.361308
2026-02-27,CAN,departure,18:05,DPS Denpasar,CZ625,China Southern,text,Duration: 5h 20m,,True,2026-02-17T10:02:22.361313
2026-02-27,CAN,departure,18:05,TNA Jinan,MU6575,China Eastern,text,Duration: 2h 40m,,True,2026-02-17T10:02:22.361319
2026-02-27,CAN,departure,18:05,NKG Nanjing,MU2808,China Eastern,text,Duration: 2h 25m,,True,2026-02-17T10:02:22.361324
2026-02-27,CAN,departure,18:10,SYD Sydney,CZ601,China Southern,text,Duration: 9h 25m,,True,2026-02-17T10:02:22.361329
2026-02-27,CAN,departure,18:10,INC Yinchuan,CZ5731,China Southern,text,Duration: 2h 50m,,True,2026-02-17T10:02:22.361334
2026-02-27,CAN,departure,18:15,KMG Kunming,MU5738,China Eastern,text,Duration: 2h 40m,,True,2026-02-17T10:02:22.361339
2026-02-27,CAN,departure,18:15,CKG Chongqing,OQ2340,Chongqing Airlines,text,Duration: 2h 45m,,True,2026-02-17T10:02:22.361345
2026-02-27,CAN,departure,18:15,NKG Nanjing,ZH9875,Shenzhen Airlines,text,Duration: 2h 0m,,True,2026-02-17T10:02:22.361350
2026-02-27,CAN,departure,18:15,FOC Fuzhou,MF8326,XiamenAir,text,Duration: 1h 30m,,True,2026-02-17T10:02:22.361355
2026-02-27,CAN,departure,18:20,HGH Hangzhou,ZH9983,Shenzhen Airlines,text,Duration: 1h 55m,,True,2026-02-17T10:02:22.361360
2026-02-27,CAN,departure,18:20,XMN Xiamen,MF8306,XiamenAir,text,Duration: 1h 20m,,True,2026-02-17T10:02:22.361365
2026-02-27,CAN,departure,18:25,MEL Melbourne,CZ643,China Southern,text,Duration: 9h 25m,,True,2026-02-17T10:02:22.361371
2026-02-27,CAN,departure,18:25,XMN Xiamen,CZ3805,China Southern,text,Duration: 1h 20m,,True,2026-02-17T10:02:22.361376
2026-02-27,CAN,departure,18:30,CTU Chengdu,CZ3427,China Southern,text,Duration: 2h 50m,,True,2026-02-17T10:02:22.361381
2026-02-27,CAN,departure,18:30,SHA Shanghai,MU5314,China Eastern,text,Duration: 2h 10m,,True,2026-02-17T10:02:22.361386
2026-02-27,CAN,departure,18:30,HAK Haikou,CZ6792,China Southern,text,Duration: 1h 30m,,True,2026-02-17T10:02:22.361391
2026-02-27,CAN,departure,18:30,TFU Chengdu,CA4334,Air China,text,Duration: 2h 35m,,True,2026-02-17T10:02:22.361396
2026-02-27,CAN,departure,18:30,KHN Nanchang,CZ8531,China Southern,text,Duration: 1h 35m,,True,2026-02-17T10:02:22.361401
2026-02-27,CAN,departure,18:35,DXB Dubai,CZ383,China Southern,text,Duration: 9h 30m,,True,2026-02-17T10:02:22.361406
2026-02-27,CAN,departure,18:35,KUL Kuala Lumpur,CZ365,China Southern,text,Duration: 4h 15m,,True,2026-02-17T10:02:22.361412
2026-02-27,CAN,departure,18:40,SHA Shanghai,HO1870,Juneyao Airlines,text,Duration: 2h 20m,,True,2026-02-17T10:02:22.361417
2026-02-27,CAN,departure,18:40,PEK Beijing,CA1328,Air China,text,Duration: 3h 20m,,True,2026-02-17T10:02:22.361422
2026-02-27,CAN,departure,18:40,HRB Harbin,CZ5301,China Southern,text,Duration: 4h 15m,,True,2026-02-17T10:02:22.361428
2026-02-27,CAN,departure,18:45,DOH Doha,CZ333,China Southern,text,Duration: 9h 30m,,True,2026-02-17T10:02:22.361433
2026-02-27,CAN,departure,18:45,PEN Penang,CZ8073,China Southern,text,Duration: 4h 0m,,True,2026-02-17T10:02:22.361438
2026-02-27,CAN,departure,18:45,SHE Shenyang,CZ6340,China Southern,text,Duration: 3h 45m,,True,2026-02-17T10:02:22.361444
2026-02-27,CAN,departure,18:50,SIN Singapore,CZ351,China Southern,text,Duration: 4h 10m,,True,2026-02-17T10:02:22.361449
2026-02-27,CAN,departure,18:55,KMG Kunming,AQ1119,9 Air,text,Duration: 2h 50m,,True,2026-02-17T10:02:22.361455
2026-02-27,CAN,departure,18:55,HAK Haikou,HU7006,Hainan Airlines,text,Duration: 1h 40m,,True,2026-02-17T10:02:22.361460
2026-02-27,CAN,departure,18:55,KMG Kunming,CZ3489,China Southern,text,Duration: 2h 35m,,True,2026-02-17T10:02:22.361466
2026-02-27,CAN,departure,18:55,XUZ Xuzhou,CZ3339,China Southern,text,Duration: 2h 30m,,True,2026-02-17T10:02:22.361471
2026-02-27,CAN,departure,19:00,PKX Beijing,CZ3105,China Southern,text,Duration: 3h 5m,,True,2026-02-17T10:02:22.361477
2026-02-27,CAN,departure,19:00,SWA Jieyang,CZ3894,China Southern,text,Duration: 1h 20m,,True,2026-02-17T10:02:22.361482
2026-02-27,CAN,departure,19:05,WUH Wuhan,CZ6589,China Southern,text,Duration: 2h 5m,,True,2026-02-17T10:02:22.361487
2026-02-27,CAN,departure,19:05,CKG Chongqing,OQ2129,Chongqing Airlines,text,Duration: 2h 25m,,True,2026-02-17T10:02:22.361492
2026-02-27,CAN,departure,19:10,PVG Shanghai,CZ3586,China Southern,text,Duration: 2h 25m,,True,2026-02-17T10:02:22.361497
2026-02-27,CAN,departure,19:15,CGK Jakarta,CZ387,China Southern,text,Duration: 5h 10m,,True,2026-02-17T10:02:22.361503
2026-02-27,CAN,departure,19:15,URC Urumqi,CZ6884,China Southern,text,Duration: 5h 35m,,True,2026-02-17T10:02:22.361508
2026-02-27,CAN,departure,19:15,HGH Hangzhou,CA1796,Air China,text,Duration: 1h 55m,,True,2026-02-17T10:02:22.361513
2026-02-27,CAN,departure,19:20,SYX Sanya,AQ1111,9 Air,text,Duration: 1h 35m,,True,2026-02-17T10:02:22.361586
2026-02-27,CAN,departure,19:20,KTM Kathmandu,CZ3067,China Southern,text,Duration: 5h 25m,,True,2026-02-17T10:02:22.361593
2026-02-27,CAN,departure,19:20,XIY Xian,CZ3231,China Southern,text,Duration: 2h 40m,,True,2026-02-17T10:02:22.361599
2026-02-27,CAN,departure,19:20,WNZ Wenzhou,ZH9963,Shenzhen Airlines,text,Duration: 1h 40m,,True,2026-02-17T10:02:22.361604
2026-02-27,CAN,departure,19:25,HGH Hangzhou,AQ1071,9 Air,text,Duration: 1h 55m,,True,2026-02-17T10:02:22.361609
2026-02-27,CAN,departure,19:25,SHA Shanghai,CA9670,Air China,text,Duration: 2h 10m,,True,2026-02-17T10:02:22.361614
2026-02-27,CAN,departure,19:25,DAC Dhaka,CZ391,China Southern,text,Duration: 4h 25m,,True,2026-02-17T10:02:22.361620
2026-02-27,CAN,departure,19:30,SHA Shanghai,FM9318,Shanghai Airlines,text,Duration: 2h 5m,,True,2026-02-17T10:02:22.361625
2026-02-27,CAN,departure,19:30,XIY Xian,HU7858,Hainan Airlines,text,Duration: 2h 50m,,True,2026-02-17T10:02:22.361631
2026-02-27,CAN,departure,19:35,DLC Dalian,CZ3608,China Southern,text,Duration: 3h 20m,,True,2026-02-17T10:02:22.361636
2026-02-27,CAN,departure,19:40,CTU Chengdu,3U8736,Sichuan Airlines,text,Duration: 2h 30m,,True,2026-02-17T10:02:22.361641
2026-02-27,CAN,departure,19:40,TSN Tianjin,CA2804,Air China,text,Duration: 3h 0m,,True,2026-02-17T10:02:22.361646
2026-02-27,CAN,departure,19:40,PEK Beijing,CA1302,Air China,text,Duration: 3h 20m,,True,2026-02-17T10:02:22.361652
2026-02-27,CAN,departure,19:45,TNA Jinan,SC1172,Shandong Airlines,text,Duration: 2h 35m,,True,2026-02-17T10:02:22.361657
2026-02-27,CAN,departure,19:45,HKT Phuket,CZ6057,China Southern,text,Duration: 3h 30m,,True,2026-02-17T10:02:22.361662
2026-02-27,CAN,departure,19:45,CGD Changde,CZ3247,China Southern,text,Duration: 1h 35m,,True,2026-02-17T10:02:22.361667
2026-02-27,CAN,departure,19:50,HRB Harbin,ZH9537,Shenzhen Airlines,text,Duration: 4h 30m,,True,2026-02-17T10:02:22.361672
2026-02-27,CAN,departure,19:50,KUL Kuala Lumpur,CZ5035,China Southern,text,Duration: 4h 25m,,True,2026-02-17T10:02:22.361678
2026-02-27,CAN,departure,19:55,LHW Lanzhou,MU2306,China Eastern,text,Duration: 3h 20m,,True,2026-02-17T10:02:22.361683
2026-02-27,CAN,departure,19:55,PKX Beijing,KN5322,China United Airlines,text,Duration: 2h 45m,,True,2026-02-17T10:02:22.361689
2026-02-27,CAN,departure,19:55,WXN Wanxian,CA4390,Air China,text,Duration: 2h 10m,,True,2026-02-17T10:02:22.361694
2026-02-27,CAN,departure,19:55,CGO Zhengzhou,CZ3394,China Southern,text,Duration: 2h 20m,,True,2026-02-17T10:02:22.361700
2026-02-27,CAN,departure,19:55,TSN Tianjin,CZ3349,China Southern,text,Duration: 3h 0m,,True,2026-02-17T10:02:22.361705
2026-02-27,CAN,departure,20:00,CKG Chongqing,HU7241,Hainan Airlines,text,Duration: 2h 25m,,True,2026-02-17T10:02:22.361712
2026-02-27,CAN,departure,20:00,HRB Harbin,CZ3905,China Southern,text,Duration: 4h 30m,,True,2026-02-17T10:02:22.361718
2026-02-27,CAN,departure,20:00,MNL Manila,CZ3077,China Southern,text,Duration: 2h 30m,,True,2026-02-17T10:02:22.361723
2026-02-27,CAN,departure,20:00,SHA Shanghai,CZ3595,China Southern,text,Duration: 2h 15m,,True,2026-02-17T10:02:22.361728
2026-02-27,CAN,departure,20:00,KTI Phnom Penh,KR936,Cambodia Airways,text,Duration: 3h 0m,,True,2026-02-17T10:02:22.361734
2026-02-27,CAN,departure,20:00,PKX Beijing,CZ3161,China Southern,text,Duration: 2h 55m,,True,2026-02-17T10:02:22.361739
2026-02-27,CAN,departure,20:00,HIA Huai'an,CZ3995,China Southern,text,Duration: 2h 25m,,True,2026-02-17T10:02:22.361744
2026-02-27,CAN,departure,20:05,XIY Xian,CZ3211,China Southern,text,Duration: 2h 50m,,True,2026-02-17T10:02:22.361749
2026-02-27,CAN,departure,20:05,SGN Ho Chi Minh City,CZ367,China Southern,text,Duration: 3h 5m,,True,2026-02-17T10:02:22.361755
2026-02-27,CAN,departure,20:10,WXN Wanxian,CZ8253,China Southern,text,Duration: 2h 5m,,True,2026-02-17T10:02:22.361761
2026-02-27,CAN,departure,20:10,SYX Sanya,HU7310,Hainan Airlines,text,Duration: 1h 40m,,True,2026-02-17T10:02:22.361766
2026-02-27,CAN,departure,20:10,CGQ Changchun,CZ6852,China Southern,text,Duration: 4h 15m,,True,2026-02-17T10:02:22.361771
2026-02-27,CAN,departure,20:15,PVG Shanghai,HO1868,Juneyao Airlines,text,Duration: 2h 15m,,True,2026-02-17T10:02:22.361777
2026-02-27,CAN,departure,20:15,HGH Hangzhou,MU5218,China Eastern,text,Duration: 2h 0m,,True,2026-02-17T10:02:22.361782
2026-02-27,CAN,departure,20:15,PVG Shanghai,MU5318,China Eastern,text,Duration: 2h 5m,,True,2026-02-17T10:02:22.361787
2026-02-27,CAN,departure,20:15,LJG Lijiang,JD5131,Capital Airlines,text,Duration: 2h 35m,,True,2026-02-17T10:02:22.361793
2026-02-27,CAN,departure,20:15,PEK Beijing,HU7814,Hainan Airlines,text,Duration: 2h 55m,,True,2026-02-17T10:02:22.361798
2026-02-27,CAN,departure,20:20,HET Hohhot,CZ3181,China Southern,text,Duration: 3h 15m,,True,2026-02-17T10:02:22.361804
2026-02-27,CAN,departure,20:20,LHW Lanzhou,CZ3251,China Southern,text,Duration: 3h 25m,,True,2026-02-17T10:02:22.361809
2026-02-27,CAN,departure,20:20,HAK Haikou,ZH8993,Shenzhen Airlines,text,Duration: 1h 35m,,True,2026-02-17T10:02:22.361814
2026-02-27,CAN,departure,20:20,AQG Anqing,CZ8993,China Southern,text,Duration: 1h 55m,,True,2026-02-17T10:02:22.361819
2026-02-27,CAN,departure,20:20,BKK Bangkok,CZ361,China Southern,text,Duration: 3h 10m,,True,2026-02-17T10:02:22.361824
2026-02-27,CAN,departure,20:25,LUM Mangshi,MU5794,China Eastern,text,Duration: 3h 20m,,True,2026-02-17T10:02:22.361830
2026-02-27,CAN,departure,20:25,CZX Changzhou,MU2948,China Eastern,text,Duration: 2h 35m,,True,2026-02-17T10:02:22.361835
2026-02-27,CAN,departure,20:25,PKX Beijing,JD5922,Capital Airlines,text,Duration: 3h 0m,,True,2026-02-17T10:02:22.361841
2026-02-27,CAN,departure,20:30,CTU Chengdu,CA4304,Air China,text,Duration: 2h 25m,,True,2026-02-17T10:02:22.361846
2026-02-27,CAN,departure,20:30,TAO Qingdao,SC4676,Shandong Airlines,text,Duration: 3h 0m,,True,2026-02-17T10:02:22.361852
2026-02-27,CAN,departure,20:30,SHA Shanghai,FM9320,Shanghai Airlines,text,Duration: 2h 0m,,True,2026-02-17T10:02:22.361936
2026-02-27,CAN,departure,20:30,CTU Chengdu,CZ3413,China Southern,text,Duration: 2h 50m,,True,2026-02-17T10:02:22.361943
2026-02-27,CAN,departure,20:30,WUH Wuhan,CZ8722,China Southern,text,Duration: 1h 55m,,True,2026-02-17T10:02:22.361948
2026-02-27,CAN,departure,20:30,KMG Kunming,MU7638,China Eastern,text,Duration: 2h 45m,,True,2026-02-17T10:02:22.361953
2026-02-27,CAN,departure,20:35,TYN Taiyuan,CZ3377,China Southern,text,Duration: 2h 40m,,True,2026-02-17T10:02:22.361959
2026-02-27,CAN,departure,20:35,WNZ Wenzhou,CA8306,Air China,text,Duration: 1h 45m,,True,2026-02-17T10:02:22.361964
2026-02-27,CAN,departure,20:40,DMK Bangkok,AQ1279,9 Air,text,Duration: 3h 5m,,True,2026-02-17T10:02:22.361969
2026-02-27,CAN,departure,20:40,PVG Shanghai,HU7231,Hainan Airlines,text,Duration: 2h 20m,,True,2026-02-17T10:02:22.361974
2026-02-27,CAN,departure,20:40,PEK Beijing,CA1366,Air China,text,Duration: 3h 15m,,True,2026-02-17T10:02:22.361979
2026-02-27,CAN,departure,20:40,XIY Xian,MU6262,China Eastern,text,Duration: 2h 45m,,True,2026-02-17T10:02:22.361984
2026-02-27,CAN,departure,20:45,KUL Kuala Lumpur,CZ8071,China Southern,text,Duration: 4h 25m,,True,2026-02-17T10:02:22.361990
2026-02-27,CAN,departure,20:45,KWE Guiyang,CZ3662,China Southern,text,Duration: 1h 45m,,True,2026-02-17T10:02:22.361995
2026-02-27,CAN,departure,20:50,CTU Chengdu,MU9371,China Eastern,text,Duration: 2h 35m,,True,2026-02-17T10:02:22.362000
2026-02-27,CAN,departure,20:50,NNG Nanning,CZ3296,China Southern,text,Duration: 1h 45m,,True,2026-02-17T10:02:22.362005
2026-02-27,CAN,departure,20:55,KMG Kunming,3U8206,Sichuan Airlines,text,Duration: 2h 45m,,True,2026-02-17T10:02:22.362011
2026-02-27,CAN,departure,20:55,PVG Shanghai,CA1866,Air China,text,Duration: 2h 20m,,True,2026-02-17T10:02:22.362016
2026-02-27,CAN,departure,20:55,CKG Chongqing,CA4342,Air China,text,Duration: 2h 20m,,True,2026-02-17T10:02:22.362021
2026-02-27,CAN,departure,20:55,KMG Kunming,CZ3419,China Southern,text,Duration: 2h 35m,,True,2026-02-17T10:02:22.362026
2026-02-27,CAN,departure,20:55,NGB Ningbo,CZ3671,China Southern,text,Duration: 2h 0m,,True,2026-02-17T10:02:22.362031
2026-02-27,CAN,departure,20:55,PKX Beijing,MU6310,China Eastern,text,Duration: 3h 0m,,True,2026-02-17T10:02:22.362037
2026-02-27,CAN,departure,21:00,SYD Sydney,CZ325,China Southern,text,Duration: 9h 25m,,True,2026-02-17T10:02:22.362042
2026-02-27,CAN,departure,21:00,TAO Qingdao,CZ3715,China Southern,text,Duration: 2h 50m,,True,2026-02-17T10:02:22.362047
2026-02-27,CAN,departure,21:00,PKX Beijing,CZ3107,China Southern,text,Duration: 3h 10m,,True,2026-02-17T10:02:22.362052
2026-02-27,CAN,departure,21:05,TFU Chengdu,ZH9445,Shenzhen Airlines,text,Duration: 2h 20m,,True,2026-02-17T10:02:22.362057
2026-02-27,CAN,departure,21:05,YIH Yichang,ZH9475,Shenzhen Airlines,text,Duration: 1h 35m,,True,2026-02-17T10:02:22.362062
2026-02-27,CAN,departure,21:05,XIY Xian,ZH9225,Shenzhen Airlines,text,Duration: 2h 30m,,True,2026-02-17T10:02:22.362067
2026-02-27,CAN,departure,21:05,BKI Kota Kinabalu,CZ8483,China Southern,text,Duration: 3h 25m,,True,2026-02-17T10:02:22.362073
2026-02-27,CAN,departure,21:10,BNE Brisbane,CZ381,China Southern,text,Duration: 9h 5m,,True,2026-02-17T10:02:22.362078
2026-02-27,CAN,departure,21:10,PKX Beijing,MF8340,XiamenAir,text,Duration: 3h 0m,,True,2026-02-17T10:02:22.362083
2026-02-27,CAN,departure,21:10,HGH Hangzhou,CZ3819,China Southern,text,Duration: 2h 5m,,True,2026-02-17T10:02:22.362088
2026-02-27,CAN,departure,21:10,TNA Jinan,SC1176,Shandong Airlines,text,Duration: 2h 35m,,True,2026-02-17T10:02:22.362093
2026-02-27,CAN,departure,21:15,HGH Hangzhou,MF8312,XiamenAir,text,Duration: 2h 10m,,True,2026-02-17T10:02:22.362098
2026-02-27,CAN,departure,21:15,XIY Xian,CZ3217,China Southern,text,Duration: 2h 35m,,True,2026-02-17T10:02:22.362104
2026-02-27,CAN,departure,21:15,TNA Jinan,CZ3663,China Southern,text,Duration: 2h 35m,,True,2026-02-17T10:02:22.362109
2026-02-27,CAN,departure,21:20,NAO Nanchong,CZ8753,China Southern,text,Duration: 2h 30m,,True,2026-02-17T10:02:22.362114
2026-02-27,CAN,departure,21:20,SHA Shanghai,HO1852,Juneyao Airlines,text,Duration: 2h 10m,,True,2026-02-17T10:02:22.362119
2026-02-27,CAN,departure,21:20,PEK Beijing,HU7816,Hainan Airlines,text,Duration: 2h 50m,,True,2026-02-17T10:02:22.362124
2026-02-27,CAN,departure,21:20,KMG Kunming,KY8282,Kunming Airlines,text,Duration: 2h 45m,,True,2026-02-17T10:02:22.362129
2026-02-27,CAN,departure,21:20,NKG Nanjing,CZ3871,China Southern,text,Duration: 2h 15m,,True,2026-02-17T10:02:22.362134
2026-02-27,CAN,departure,21:20,MEL Melbourne,CZ321,China Southern,text,Duration: 9h 25m,,True,2026-02-17T10:02:22.362139
2026-02-27,CAN,departure,21:20,DLC Dalian,CZ6458,China Southern,text,Duration: 3h 25m,,True,2026-02-17T10:02:22.362144
2026-02-27,CAN,departure,21:25,KUL Kuala Lumpur,AK117,AirAsia,text,Duration: 4h 15m,,True,2026-02-17T10:02:22.362150
2026-02-27,CAN,departure,21:25,VTE Vientiane,AQ1277,9 Air,text,Duration: 2h 25m,,True,2026-02-17T10:02:22.362155
2026-02-27,CAN,departure,21:25,LYI Linyi,CZ3991,China Southern,text,Duration: 2h 30m,,True,2026-02-17T10:02:22.362160
2026-02-27,CAN,departure,21:25,HYN Taizhou,CZ3235,China Southern,text,Duration: 1h 55m,,True,2026-02-17T10:02:22.362166
2026-02-27,CAN,departure,21:25,HAK Haikou,HU7010,Hainan Airlines,text,Duration: 1h 35m,,True,2026-02-17T10:02:22.362171
2026-02-27,CAN,departure,21:30,KMG Kunming,8L9976,Lucky Air,text,Duration: 2h 45m,,True,2026-02-17T10:02:22.362177
2026-02-27,CAN,departure,21:30,SHA Shanghai,MU9200,China Eastern,text,Duration: 1h 55m,,True,2026-02-17T10:02:22.362182
2026-02-27,CAN,departure,21:35,CTU Chengdu,3U8738,Sichuan Airlines,text,Duration: 2h 20m,,True,2026-02-17T10:02:22.362188
2026-02-27,CAN,departure,21:35,SHA Shanghai,9C8932,Spring Airlines,text,Duration: 2h 15m,,True,2026-02-17T10:02:22.362193
2026-02-27,CAN,departure,21:35,TSN Tianjin,MF8356,XiamenAir,text,Duration: 3h 0m,,True,2026-02-17T10:02:22.362277
2026-02-27,CAN,departure,21:35,KTI Phnom Penh,CZ323,China Southern,text,Duration: 2h 55m,,True,2026-02-17T10:02:22.362284
2026-02-27,CAN,departure,21:40,CGO Zhengzhou,CZ3392,China Southern,text,Duration: 2h 25m,,True,2026-02-17T10:02:22.362289
2026-02-27,CAN,departure,21:45,WUH Wuhan,MU2552,China Eastern,text,Duration: 1h 45m,,True,2026-02-17T10:02:22.362295
2026-02-27,CAN,departure,21:50,LAX Los Angeles,CZ327,China Southern,text,Duration: 12h 40m,,True,2026-02-17T10:02:22.362300
2026-02-27,CAN,departure,22:00,HGH Hangzhou,HU7361,Hainan Airlines,text,Duration: 2h 15m,,True,2026-02-17T10:02:22.362306
2026-02-27,CAN,departure,22:00,PKX Beijing,MU6312,China Eastern,text,Duration: 2h 50m,,True,2026-02-17T10:02:22.362311
2026-02-27,CAN,departure,22:00,HFE Hefei,CZ3815,China Southern,text,Duration: 2h 5m,,True,2026-02-17T10:02:22.362317
2026-02-27,CAN,departure,22:00,FOC Fuzhou,CZ8779,China Southern,text,Duration: 1h 35m,,True,2026-02-17T10:02:22.362322
2026-02-27,CAN,departure,22:00,SJW Shijiazhuang,CZ5639,China Southern,text,Duration: 2h 45m,,True,2026-02-17T10:02:22.362328
2026-02-27,CAN,departure,22:00,YIH Yichang,CZ3311,China Southern,text,Duration: 1h 55m,,True,2026-02-17T10:02:22.362333
2026-02-27,CAN,departure,22:05,SYX Sanya,CZ6736,China Southern,text,Duration: 1h 40m,,True,2026-02-17T10:02:22.362340
2026-02-27,CAN,departure,22:05,NTG Nantong,ZH8695,Shenzhen Airlines,text,Duration: 2h 15m,,True,2026-02-17T10:02:22.362345
2026-02-27,CAN,departure,22:05,NNY Nanyang,CZ3383,China Southern,text,Duration: 2h 5m,,True,2026-02-17T10:02:22.362351
2026-02-27,CAN,departure,22:05,WNZ Wenzhou,CZ3769,China Southern,text,Duration: 1h 45m,,True,2026-02-17T10:02:22.362356
2026-02-27,CAN,departure,22:10,HGH Hangzhou,CA1798,Air China,text,Duration: 2h 5m,,True,2026-02-17T10:02:22.362361
2026-02-27,CAN,departure,22:10,YNZ Yancheng,CZ3267,China Southern,text,Duration: 2h 25m,,True,2026-02-17T10:02:22.362367
2026-02-27,CAN,departure,22:10,HAN Hanoi,CZ371,China Southern,text,Duration: 2h 5m,,True,2026-02-17T10:02:22.362372
2026-02-27,CAN,departure,22:15,SJW Shijiazhuang,NS3658,Hebei Airlines,text,Duration: 2h 30m,,True,2026-02-17T10:02:22.362377
2026-02-27,CAN,departure,22:15,CGO Zhengzhou,ZH8903,Shenzhen Airlines,text,Duration: 2h 20m,,True,2026-02-17T10:02:22.362382
2026-02-27,CAN,departure,22:15,PVG Shanghai,CZ3832,China Southern,text,Duration: 2h 30m,,True,2026-02-17T10:02:22.362387
2026-02-27,CAN,departure,22:15,HKG Hong Kong,CX989,Cathay Pacific,text,Duration: 1h 20m,,True,2026-02-17T10:02:22.362393
2026-02-27,CAN,departure,22:15,CZX Changzhou,CZ3993,China Southern,text,Duration: 2h 15m,,True,2026-02-17T10:02:22.362398
2026-02-27,CAN,departure,22:20,KMG Kunming,MU5740,China Eastern,text,Duration: 2h 35m,,True,2026-02-17T10:02:22.362404
2026-02-27,CAN,departure,22:20,CKG Chongqing,OQ2326,Chongqing Airlines,text,Duration: 2h 15m,,True,2026-02-17T10:02:22.362409
2026-02-27,CAN,departure,22:20,XUZ Xuzhou,CZ6281,China Southern,text,Duration: 2h 20m,,True,2026-02-17T10:02:22.362414
2026-02-27,CAN,departure,22:20,NKG Nanjing,ZH9877,Shenzhen Airlines,text,Duration: 2h 0m,,True,2026-02-17T10:02:22.362419
2026-02-27,CAN,departure,22:20,YTY Yangzhou,CZ3957,China Southern,text,Duration: 2h 15m,,True,2026-02-17T10:02:22.362425
2026-02-27,CAN,departure,22:25,DRW Darwin,CZ8361,China Southern,text,Duration: 6h 25m,,True,2026-02-17T10:02:22.362430
2026-02-27,CAN,departure,22:25,ADL Adelaide,CZ663,China Southern,text,Duration: 9h 0m,,True,2026-02-17T10:02:22.362435
2026-02-27,CAN,departure,22:30,SWA Jieyang,CZ3896,China Southern,text,Duration: 1h 15m,,True,2026-02-17T10:02:22.362440
2026-02-27,CAN,departure,22:30,JED Jeddah,SV883,Saudia,text,Duration: 11h 10m,,True,2026-02-17T10:02:22.362445
2026-02-27,CAN,departure,22:30,HAK Haikou,CZ6788,China Southern,text,Duration: 1h 25m,,True,2026-02-17T10:02:22.362450
2026-02-27,CAN,departure,22:35,HGH Hangzhou,GJ8996,Loong Air,text,Duration: 2h 10m,,True,2026-02-17T10:02:22.362456
2026-02-27,CAN,departure,22:40,ZHA Zhanjiang,CZ3329,China Southern,text,Duration: 1h 15m,,True,2026-02-17T10:02:22.362461
2026-02-27,CAN,departure,22:40,SIN Singapore,CZ8489,China Southern,text,Duration: 4h 10m,,True,2026-02-17T10:02:22.362466
2026-02-27,CAN,departure,22:45,BEG Belgrade,JU989,Air Serbia,text,Duration: 12h 40m,,True,2026-02-17T10:02:22.362471
2026-02-27,CAN,departure,22:45,CSX Changsha,CZ5592,China Southern,text,Duration: 1h 35m,,True,2026-02-17T10:02:22.362476
2026-02-27,CAN,departure,23:00,XIY Xian,MU2304,China Eastern,text,Duration: 2h 30m,,True,2026-02-17T10:02:22.362481
2026-02-27,CAN,departure,23:00,BKK Bangkok,CZ3035,China Southern,text,Duration: 3h 5m,,True,2026-02-17T10:02:22.362486
2026-02-27,CAN,departure,23:00,WUH Wuhan,CZ3367,China Southern,text,Duration: 2h 0m,,True,2026-02-17T10:02:22.362491
2026-02-27,CAN,departure,23:05,CGO Zhengzhou,PN6380,West Air (China),text,Duration: 2h 20m,,True,2026-02-17T10:02:22.362496
2026-02-27,CAN,departure,23:05,NKG Nanjing,MU9768,China Eastern,text,Duration: 2h 25m,,True,2026-02-17T10:02:22.362501
2026-02-27,CAN,departure,23:10,KHN Nanchang,MU5232,China Eastern,text,Duration: 1h 30m,,True,2026-02-17T10:02:22.362506
2026-02-27,CAN,departure,23:10,YIW Yiwu,CZ3727,China Southern,text,Duration: 1h 50m,,True,2026-02-17T10:02:22.362511
2026-02-27,CAN,departure,23:15,KHN Nanchang,CZ3343,China Southern,text,Duration: 1h 40m,,True,2026-02-17T10:02:22.362517
2026-02-27,CAN,departure,23:15,IST Istanbul,TK73,Turkish Airlines,text,Duration: 11h 35m,,True,2026-02-17T10:02:22.362522
2026-02-27,CAN,departure,23:15,CGO Zhengzhou,CZ3390,China Southern,text,Duration: 2h 20m,,True,2026-02-17T10:02:22.362527
2026-02-27,CAN,departure,23:15,HAK Haikou,CZ6780,China Southern,text,Duration: 1h 40m,,True,2026-02-17T10:02:22.362533
2026-02-27,CAN,departure,23:20,CAI Cairo,MS959,EgyptAir,text,Duration: 12h 5m,,True,2026-02-17T10:02:22.362538
2026-02-27,CAN,departure,23:25,SYX Sanya,CZ6732,China Southern,text,Duration: 1h 50m,,True,2026-02-17T10:02:22.362615
2026-02-27,CAN,departure,23:25,BHY Beihai,CZ3353,China Southern,text,Duration: 1h 25m,,True,2026-02-17T10:02:22.362622
2026-02-27,CAN,departure,23:25,SGN Ho Chi Minh City,CZ6089,China Southern,text,Duration: 2h 55m,,True,2026-02-17T10:02:22.362628
2026-02-27,CAN,departure,23:30,BAR Qionghai,AQ1145,9 Air,text,Duration: 1h 25m,,True,2026-02-17T10:02:22.362633
2026-02-27,CAN,departure,23:30,BKK Bangkok,AQ1265,9 Air,text,Duration: 2h 55m,,True,2026-02-17T10:02:22.362638
2026-02-27,CAN,departure,23:30,IKA Tehran,W580,Mahan Air,text,Duration: 9h 30m,,True,2026-02-17T10:02:22.362644
2026-02-27,CAN,departure,23:35,SIN Singapore,CZ5061,China Southern,text,Duration: 4h 15m,,True,2026-02-17T10:02:22.362649
2026-02-27,CAN,departure,23:40,CKG Chongqing,PN6206,West Air (China),text,Duration: 2h 15m,,True,2026-02-17T10:02:22.362654
2026-02-27,CAN,arrival,00:05,MDC Manado,8B167,TransNusa,text,Duration: 3h 55m,,True,2026-02-17T10:03:13.071030
2026-02-27,CAN,arrival,00:05,LHW Lanzhou,9C7396,Spring Airlines,text,Duration: 3h 25m,,True,2026-02-17T10:03:13.071040
2026-02-27,CAN,arrival,00:05,SJW Shijiazhuang,9C8900,Spring Airlines,text,Duration: 3h 20m,,True,2026-02-17T10:03:13.071047
2026-02-27,CAN,arrival,00:05,TSN Tianjin,CZ3136,China Southern,text,Duration: 3h 35m,,True,2026-02-17T10:03:13.071053
2026-02-27,CAN,arrival,00:05,WXN Wanxian,CZ8254,China Southern,text,Duration: 2h 10m,,True,2026-02-17T10:03:13.071058
2026-02-27,CAN,arrival,00:10,NKG Nanjing,AQ1030,9 Air,text,Duration: 2h 55m,,True,2026-02-17T10:03:13.071064
2026-02-27,CAN,arrival,00:10,XIY Xian,HU7827,Hainan Airlines,text,Duration: 2h 40m,,True,2026-02-17T10:03:13.071069
2026-02-27,CAN,arrival,00:10,LUM Mangshi,MU9729,China Eastern,text,Duration: 2h 40m,,True,2026-02-17T10:03:13.071074
2026-02-27,CAN,arrival,00:10,PVG Shanghai,MU5325,China Eastern,text,Duration: 2h 55m,,True,2026-02-17T10:03:13.071080
2026-02-27,CAN,arrival,00:15,LUM Mangshi,CZ6500,China Southern,text,Duration: 2h 20m,,True,2026-02-17T10:03:13.071085
2026-02-27,CAN,arrival,00:15,TAO Qingdao,CZ3610,China Southern,text,Duration: 3h 35m,,True,2026-02-17T10:03:13.071091
2026-02-27,CAN,arrival,00:15,SHA Shanghai,HO1853,Juneyao Airlines,text,Duration: 2h 40m,,True,2026-02-17T10:03:13.071096
2026-02-27,CAN,arrival,00:15,CGQ Changchun,ZH9696,Shenzhen Airlines,text,Duration: 4h 45m,,True,2026-02-17T10:03:13.071101
2026-02-27,CAN,arrival,00:20,SYX Sanya,AQ1112,9 Air,text,Duration: 1h 50m,,True,2026-02-17T10:03:13.071107
2026-02-27,CAN,arrival,00:20,TSN Tianjin,BK2788,OkAir,text,Duration: 3h 25m,,True,2026-02-17T10:03:13.071112
2026-02-27,CAN,arrival,00:20,CKG Chongqing,MU6826,China Eastern,text,Duration: 2h 5m,,True,2026-02-17T10:03:13.071117
2026-02-27,CAN,arrival,00:20,DIG Diqing,MU5773,China Eastern,text,Duration: 2h 30m,,True,2026-02-17T10:03:13.071123
2026-02-27,CAN,arrival,00:20,SIN Singapore,SQ852,Singapore Airlines,text,Duration: 4h 25m,,True,2026-02-17T10:03:13.071128
2026-02-27,CAN,arrival,00:25,SHA Shanghai,9C6883,Spring Airlines,text,Duration: 2h 40m,,True,2026-02-17T10:03:13.071133
2026-02-27,CAN,arrival,00:25,URC Urumqi,AQ1062,9 Air,text,Duration: 5h 30m,,True,2026-02-17T10:03:13.071138
2026-02-27,CAN,arrival,00:25,PEK Beijing,CA1329,Air China,text,Duration: 3h 25m,,True,2026-02-17T10:03:13.071144
2026-02-27,CAN,arrival,00:25,HGH Hangzhou,GJ8859,Loong Air,text,Duration: 2h 30m,,True,2026-02-17T10:03:13.071149
2026-02-27,CAN,arrival,00:25,CKG Chongqing,OQ2130,Chongqing Airlines,text,Duration: 1h 50m,,True,2026-02-17T10:03:13.071155
2026-02-27,CAN,arrival,00:30,KUL Kuala Lumpur,AK118,AirAsia,text,Duration: 4h 15m,,True,2026-02-17T10:03:13.071161
2026-02-27,CAN,arrival,00:30,CGQ Changchun,CZ6275,China Southern,text,Duration: 4h 40m,,True,2026-02-17T10:03:13.071166
2026-02-27,CAN,arrival,00:30,SHA Shanghai,CZ3582,China Southern,text,Duration: 2h 40m,,True,2026-02-17T10:03:13.071172
2026-02-27,CAN,arrival,00:30,WUH Wuhan,CZ6607,China Southern,text,Duration: 2h 0m,,True,2026-02-17T10:03:13.071177
2026-02-27,CAN,arrival,00:30,TYN Taiyuan,HU7250,Hainan Airlines,text,Duration: 2h 55m,,True,2026-02-17T10:03:13.071183
2026-02-27,CAN,arrival,00:30,TFU Chengdu,JD5162,Capital Airlines,text,Duration: 2h 0m,,True,2026-02-17T10:03:13.071189
2026-02-27,CAN,arrival,00:35,HRB Harbin,CZ3624,China Southern,text,Duration: 5h 5m,,True,2026-02-17T10:03:13.071194
2026-02-27,CAN,arrival,00:35,KMG Kunming,CZ3490,China Southern,text,Duration: 2h 0m,,True,2026-02-17T10:03:13.071199
2026-02-27,CAN,arrival,00:35,TNA Jinan,CZ3708,China Southern,text,Duration: 3h 0m,,True,2026-02-17T10:03:13.071205
2026-02-27,CAN,arrival,00:35,WUX Wuxi,MU2817,China Eastern,text,Duration: 2h 40m,,True,2026-02-17T10:03:13.071210
2026-02-27,CAN,arrival,00:40,PKX Beijing,AQ1002,9 Air,text,Duration: 3h 20m,,True,2026-02-17T10:03:13.071215
2026-02-27,CAN,arrival,00:40,KWE Guiyang,CZ8845,China Southern,text,Duration: 1h 35m,,True,2026-02-17T10:03:13.071220
2026-02-27,CAN,arrival,00:40,ENH Enshi,GJ6032,Loong Air,text,Duration: 2h 5m,,True,2026-02-17T10:03:13.071226
2026-02-27,CAN,arrival,00:40,URC Urumqi,HU7224,Hainan Airlines,text,Duration: 5h 10m,,True,2026-02-17T10:03:13.071231
2026-02-27,CAN,arrival,00:40,HGH Hangzhou,JD5270,Capital Airlines,text,Duration: 2h 30m,,True,2026-02-17T10:03:13.071237
2026-02-27,CAN,arrival,00:45,PEK Beijing,CA1385,Air China,text,Duration: 3h 15m,,True,2026-02-17T10:03:13.071243
2026-02-27,CAN,arrival,00:45,CTU Chengdu,CZ3428,China Southern,text,Duration: 2h 15m,,True,2026-02-17T10:03:13.071249
2026-02-27,CAN,arrival,00:45,HFE Hefei,HU6252,Hainan Airlines,text,Duration: 2h 15m,,True,2026-02-17T10:03:13.071254
2026-02-27,CAN,arrival,00:45,PKX Beijing,MU6317,China Eastern,text,Duration: 3h 25m,,True,2026-02-17T10:03:13.071260
2026-02-27,CAN,arrival,00:50,CNX Chiang Mai,9C8934,Spring Airlines,text,Duration: 2h 35m,,True,2026-02-17T10:03:13.071265
2026-02-27,CAN,arrival,00:50,SYX Sanya,HU7309,Hainan Airlines,text,Duration: 1h 50m,,True,2026-02-17T10:03:13.071271
2026-02-27,CAN,arrival,00:50,TSN Tianjin,JD5186,Capital Airlines,text,Duration: 3h 0m,,True,2026-02-17T10:03:13.071277
2026-02-27,CAN,arrival,00:55,INC Yinchuan,CZ5732,China Southern,text,Duration: 3h 10m,,True,2026-02-17T10:03:13.071282
2026-02-27,CAN,arrival,00:55,SYX Sanya,CZ6747,China Southern,text,Duration: 1h 40m,,True,2026-02-17T10:03:13.071288
2026-02-27,CAN,arrival,00:55,XUZ Xuzhou,CZ3340,China Southern,text,Duration: 2h 40m,,True,2026-02-17T10:03:13.071293
2026-02-27,CAN,arrival,00:55,HET Hohhot,GJ8568,Loong Air,text,Duration: 3h 50m,,True,2026-02-17T10:03:13.071299
2026-02-27,CAN,arrival,00:55,PKX Beijing,JD5209,Capital Airlines,text,Duration: 2h 55m,,True,2026-02-17T10:03:13.071304
2026-02-27,CAN,arrival,01:00,CKG Chongqing,AQ1102,9 Air,text,Duration: 2h 0m,,True,2026-02-17T10:03:13.071420
2026-02-27,CAN,arrival,01:00,SZH Shuozhou,AQ1724,9 Air,text,Duration: 3h 15m,,True,2026-02-17T10:03:13.071427
2026-02-27,CAN,arrival,01:00,PKX Beijing,CZ3114,China Southern,text,Duration: 3h 30m,,True,2026-02-17T10:03:13.071433
2026-02-27,CAN,arrival,01:05,DPS Denpasar,8B969,TransNusa,text,Duration: 5h 20m,,True,2026-02-17T10:03:13.071438
2026-02-27,CAN,arrival,01:05,JHG Jinghong,AQ1042,9 Air,text,Duration: 2h 25m,,True,2026-02-17T10:03:13.071443
2026-02-27,CAN,arrival,01:05,XIY Xian,AQ1106,9 Air,text,Duration: 2h 50m,,True,2026-02-17T10:03:13.071449
2026-02-27,CAN,arrival,01:05,CGO Zhengzhou,GJ8584,Loong Air,text,Duration: 2h 25m,,True,2026-02-17T10:03:13.071454
2026-02-27,CAN,arrival,01:05,TFU Chengdu,MU6763,China Eastern,text,Duration: 2h 45m,,True,2026-02-17T10:03:13.071460
2026-02-27,CAN,arrival,01:05,JDZ Jingdezhen,ZH9998,Shenzhen Airlines,text,Duration: 1h 50m,,True,2026-02-17T10:03:13.071465
2026-02-27,CAN,arrival,01:05,YIH Yichang,ZH9476,Shenzhen Airlines,text,Duration: 1h 35m,,True,2026-02-17T10:03:13.071470
2026-02-27,CAN,arrival,01:10,LYG Lianyungang,AQ1180,9 Air,text,Duration: 3h 10m,,True,2026-02-17T10:03:13.071476
2026-02-27,CAN,arrival,01:10,WEF Weifang,AQ1722,9 Air,text,Duration: 3h 25m,,True,2026-02-17T10:03:13.071482
2026-02-27,CAN,arrival,01:10,AQG Anqing,CZ8994,China Southern,text,Duration: 2h 10m,,True,2026-02-17T10:03:13.071487
2026-02-27,CAN,arrival,01:10,SHE Shenyang,CZ6331,China Southern,text,Duration: 4h 40m,,True,2026-02-17T10:03:13.071493
2026-02-27,CAN,arrival,01:10,LJG Lijiang,MU5741,China Eastern,text,Duration: 2h 25m,,True,2026-02-17T10:03:13.071499
2026-02-27,CAN,arrival,01:15,JUH Chizhou,AQ1156,9 Air,text,Duration: 2h 25m,,True,2026-02-17T10:03:13.071505
2026-02-27,CAN,arrival,01:15,DZH Dazhou,CA4064,Air China,text,Duration: 2h 15m,,True,2026-02-17T10:03:13.071510
2026-02-27,CAN,arrival,01:15,WXN Wanxian,CA4389,Air China,text,Duration: 2h 20m,,True,2026-02-17T10:03:13.071515
2026-02-27,CAN,arrival,01:15,MDC Manado,CZ5256,China Southern,text,Duration: 4h 20m,,True,2026-02-17T10:03:13.071520
2026-02-27,CAN,arrival,01:15,XUZ Xuzhou,GJ8060,Loong Air,text,Duration: 2h 35m,,True,2026-02-17T10:03:13.071526
2026-02-27,CAN,arrival,01:20,HFE Hefei,HU7204,Hainan Airlines,text,Duration: 2h 25m,,True,2026-02-17T10:03:13.071531
2026-02-27,CAN,arrival,01:30,CGK Jakarta,8B860,TransNusa,text,Duration: 5h 40m,,True,2026-02-17T10:03:13.071537
2026-02-27,CAN,arrival,01:30,TWU Tawau,AK1618,AirAsia,text,Duration: 3h 30m,,True,2026-02-17T10:03:13.071542
2026-02-27,CAN,arrival,01:30,SGN Ho Chi Minh City,VJ3908,VietJet,text,Duration: 2h 45m,,True,2026-02-17T10:03:13.071548
2026-02-27,CAN,arrival,01:35,SHA Shanghai,CA4586,Air China,text,Duration: 2h 40m,,True,2026-02-17T10:03:13.071554
2026-02-27,CAN,arrival,01:35,PVG Shanghai,CZ3585,China Southern,text,Duration: 2h 45m,,True,2026-02-17T10:03:13.071559
2026-02-27,CAN,arrival,01:40,XIY Xian,MU6956,China Eastern,text,Duration: 2h 40m,,True,2026-02-17T10:03:13.071564
2026-02-27,CAN,arrival,01:50,HFE Hefei,AQ1128,9 Air,text,Duration: 2h 20m,,True,2026-02-17T10:03:13.071571
2026-02-27,CAN,arrival,01:50,DMK Bangkok,SL900,Thai Lion Air,text,Duration: 2h 50m,,True,2026-02-17T10:03:13.071577
2026-02-27,CAN,arrival,01:55,XIY Xian,CZ3218,China Southern,text,Duration: 2h 45m,,True,2026-02-17T10:03:13.071582
2026-02-27,CAN,arrival,02:00,BKK Bangkok,9C7420,Spring Airlines,text,Duration: 3h 5m,,True,2026-02-17T10:03:13.071588
2026-02-27,CAN,arrival,02:00,KTI Phnom Penh,9C7008,Spring Airlines,text,Duration: 3h 5m,,True,2026-02-17T10:03:13.071594
2026-02-27,CAN,arrival,02:00,JHB Johor Bharu,AK1394,AirAsia,text,Duration: 4h 0m,,True,2026-02-17T10:03:13.071599
2026-02-27,CAN,arrival,02:15,MNL Manila,5J286,Cebu Pacific,text,Duration: 2h 50m,,True,2026-02-17T10:03:13.071605
2026-02-27,CAN,arrival,02:15,HAN Hanoi,VJ7526,VietJet,text,Duration: 1h 35m,,True,2026-02-17T10:03:13.071610
2026-02-27,CAN,arrival,02:20,HKG Hong Kong,CX950,Cathay Pacific,text,Duration: 1h 5m,,True,2026-02-17T10:03:13.071616
2026-02-27,CAN,arrival,02:50,KTI Phnom Penh,KR937,Cambodia Airways,text,Duration: 3h 0m,,True,2026-02-17T10:03:13.071621
2026-02-27,CAN,arrival,03:25,DAC Dhaka,BG366,Biman,text,Duration: 3h 40m,,True,2026-02-17T10:03:13.071627
2026-02-27,CAN,arrival,03:35,HKT Phuket,CZ6058,China Southern,text,Duration: 3h 15m,,True,2026-02-17T10:03:13.071632
2026-02-27,CAN,arrival,03:50,DAC Dhaka,BS325,US-Bangla Airlines,text,Duration: 3h 30m,,True,2026-02-17T10:03:13.071638
2026-02-27,CAN,arrival,03:50,PEN Penang,CZ8074,China Southern,text,Duration: 3h 55m,,True,2026-02-17T10:03:13.071643
2026-02-27,CAN,arrival,04:00,KTI Phnom Penh,K6610,Air Cambodia,text,Duration: 3h 5m,,True,2026-02-17T10:03:13.071649
2026-02-27,CAN,arrival,04:05,CCU Kolkata,6E1703,IndiGo,text,Duration: 3h 35m,,True,2026-02-17T10:03:13.071654
2026-02-27,CAN,arrival,04:45,KUL Kuala Lumpur,AK114,AirAsia,text,Duration: 4h 20m,,True,2026-02-17T10:03:13.071660
2026-02-27,CAN,arrival,04:45,DAC Dhaka,CZ392,China Southern,text,Duration: 3h 30m,,True,2026-02-17T10:03:13.071665
2026-02-27,CAN,arrival,04:50,DEL Delhi,6E1701,IndiGo,text,Duration: 4h 35m,,True,2026-02-17T10:03:13.071670
2026-02-27,CAN,arrival,05:00,AKL Auckland,CZ306,China Southern,text,Duration: 11h 50m,,True,2026-02-17T10:03:13.071675
2026-02-27,CAN,arrival,05:00,SYD Sydney,CZ302,China Southern,text,Duration: 10h 0m,,True,2026-02-17T10:03:13.071680
2026-02-27,CAN,arrival,05:15,BKI Kota Kinabalu,CZ8484,China Southern,text,Duration: 3h 30m,,True,2026-02-17T10:03:13.071686
2026-02-27,CAN,arrival,05:20,CHC Christchurch,CZ618,China Southern,text,Duration: 11h 50m,,True,2026-02-17T10:03:13.071691
2026-02-27,CAN,arrival,05:35,KUL Kuala Lumpur,CZ5036,China Southern,text,Duration: 4h 20m,,True,2026-02-17T10:03:13.071780
2026-02-27,CAN,arrival,05:50,DPS Denpasar,CZ626,China Southern,text,Duration: 5h 10m,,True,2026-02-17T10:03:13.071787
2026-02-27,CAN,arrival,05:50,MEL Melbourne,CZ344,China Southern,text,Duration: 9h 20m,,True,2026-02-17T10:03:13.071798
2026-02-27,CAN,arrival,05:55,KTM Kathmandu,CZ3068,China Southern,text,Duration: 4h 10m,,True,2026-02-17T10:03:13.071804
2026-02-27,CAN,arrival,06:05,BKK Bangkok,CZ3036,China Southern,text,Duration: 2h 55m,,True,2026-02-17T10:03:13.071809
2026-02-27,CAN,arrival,06:05,CDG Paris,CZ348,China Southern,text,Duration: 12h 0m,,True,2026-02-17T10:03:13.071815
2026-02-27,CAN,arrival,06:20,BKK Bangkok,AQ1266,9 Air,text,Duration: 2h 50m,,True,2026-02-17T10:03:13.071820
2026-02-27,CAN,arrival,06:20,SGN Ho Chi Minh City,CZ6090,China Southern,text,Duration: 2h 55m,,True,2026-02-17T10:03:13.071827
2026-02-27,CAN,arrival,06:25,ISB Islamabad,CZ8070,China Southern,text,Duration: 5h 10m,,True,2026-02-17T10:03:13.071832
2026-02-27,CAN,arrival,06:40,KUL Kuala Lumpur,CZ8072,China Southern,text,Duration: 4h 20m,,True,2026-02-17T10:03:13.071839
2026-02-27,CAN,arrival,06:55,KUL Kuala Lumpur,AQ1272,9 Air,text,Duration: 4h 15m,,True,2026-02-17T10:03:13.071845
2026-02-27,CAN,arrival,07:15,PER Perth,CZ320,China Southern,text,Duration: 7h 50m,,True,2026-02-17T10:03:13.071850
2026-02-27,CAN,arrival,07:35,DXB Dubai,CZ8058,China Southern,text,Duration: 7h 15m,,True,2026-02-17T10:03:13.071856
2026-02-27,CAN,arrival,07:55,SIN Singapore,CZ8490,China Southern,text,Duration: 4h 0m,,True,2026-02-17T10:03:13.071861
2026-02-27,CAN,arrival,07:55,HAK Haikou,HU7001,Hainan Airlines,text,Duration: 1h 25m,,True,2026-02-17T10:03:13.071866
2026-02-27,CAN,arrival,07:55,BKK Bangkok,MU2078,China Eastern,text,Duration: 3h 45m,,True,2026-02-17T10:03:13.071872
2026-02-27,CAN,arrival,08:15,SYX Sanya,HU7307,Hainan Airlines,text,Duration: 1h 40m,,True,2026-02-17T10:03:13.071877
2026-02-27,CAN,arrival,08:20,HAK Haikou,CZ6773,China Southern,text,Duration: 1h 20m,,True,2026-02-17T10:03:13.071883
2026-02-27,CAN,arrival,08:20,SYX Sanya,CZ6731,China Southern,text,Duration: 1h 20m,,True,2026-02-17T10:03:13.071889
2026-02-27,CAN,arrival,08:25,BHY Beihai,CZ3354,China Southern,text,Duration: 1h 25m,,True,2026-02-17T10:03:13.071894
2026-02-27,CAN,arrival,08:30,NNG Nanning,CZ3291,China Southern,text,Duration: 1h 10m,,True,2026-02-17T10:03:13.071900
2026-02-27,CAN,arrival,08:30,ZHA Zhanjiang,CZ3330,China Southern,text,Duration: 1h 10m,,True,2026-02-17T10:03:13.071905
2026-02-27,CAN,arrival,08:30,CGO Zhengzhou,PN6381,West Air (China),text,Duration: 2h 25m,,True,2026-02-17T10:03:13.071911
2026-02-27,CAN,arrival,08:40,BAR Qionghai,AQ1146,9 Air,text,Duration: 1h 30m,,True,2026-02-17T10:03:13.071917
2026-02-27,CAN,arrival,08:40,SWA Jieyang,CZ3895,China Southern,text,Duration: 1h 15m,,True,2026-02-17T10:03:13.071922
2026-02-27,CAN,arrival,08:40,TAS Tashkent,CZ3054,China Southern,text,Duration: 6h 40m,,True,2026-02-17T10:03:13.071928
2026-02-27,CAN,arrival,08:40,YIH Yichang,CZ3312,China Southern,text,Duration: 1h 40m,,True,2026-02-17T10:03:13.071934
2026-02-27,CAN,arrival,08:45,CGO Zhengzhou,CZ3389,China Southern,text,Duration: 2h 15m,,True,2026-02-17T10:03:13.071939
2026-02-27,CAN,arrival,08:45,WNZ Wenzhou,ZH9962,Shenzhen Airlines,text,Duration: 2h 0m,,True,2026-02-17T10:03:13.071945
2026-02-27,CAN,arrival,08:50,KHN Nanchang,CZ3344,China Southern,text,Duration: 1h 45m,,True,2026-02-17T10:03:13.071951
2026-02-27,CAN,arrival,08:50,NAO Nanchong,CZ8754,China Southern,text,Duration: 2h 5m,,True,2026-02-17T10:03:13.071957
2026-02-27,CAN,arrival,08:50,NNY Nanyang,CZ3384,China Southern,text,Duration: 2h 5m,,True,2026-02-17T10:03:13.071962
2026-02-27,CAN,arrival,08:50,IKA Tehran,W581,Mahan Air,text,Duration: 7h 20m,,True,2026-02-17T10:03:13.071968
2026-02-27,CAN,arrival,08:55,HKG Hong Kong,CX982,Cathay Pacific,text,Duration: 1h 5m,,True,2026-02-17T10:03:13.071973
2026-02-27,CAN,arrival,08:55,KMG Kunming,CZ3420,China Southern,text,Duration: 2h 0m,,True,2026-02-17T10:03:13.071979
2026-02-27,CAN,arrival,08:55,HGH Hangzhou,HU7362,Hainan Airlines,text,Duration: 2h 20m,,True,2026-02-17T10:03:13.071984
2026-02-27,CAN,arrival,08:55,WUH Wuhan,MU2542,China Eastern,text,Duration: 1h 40m,,True,2026-02-17T10:03:13.071990
2026-02-27,CAN,arrival,08:55,CGO Zhengzhou,ZH8904,Shenzhen Airlines,text,Duration: 2h 15m,,True,2026-02-17T10:03:13.071995
2026-02-27,CAN,arrival,09:00,CKG Chongqing,CA4361,Air China,text,Duration: 2h 0m,,True,2026-02-17T10:03:13.072001
2026-02-27,CAN,arrival,09:05,CKG Chongqing,3U8745,Sichuan Airlines,text,Duration: 2h 5m,,True,2026-02-17T10:03:13.072006
2026-02-27,CAN,arrival,09:05,XMN Xiamen,MF8301,XiamenAir,text,Duration: 1h 35m,,True,2026-02-17T10:03:13.072011
2026-02-27,CAN,arrival,09:20,XIC Xichang,3U3060,Sichuan Airlines,text,Duration: 2h 20m,,True,2026-02-17T10:03:13.072016
2026-02-27,CAN,arrival,09:20,KUL Kuala Lumpur,AK112,AirAsia,text,Duration: 4h 15m,,True,2026-02-17T10:03:13.072022
2026-02-27,CAN,arrival,09:25,HAK Haikou,CZ6775,China Southern,text,Duration: 1h 25m,,True,2026-02-17T10:03:13.072027
2026-02-27,CAN,arrival,09:30,KWE Guiyang,CZ3661,China Southern,text,Duration: 1h 40m,,True,2026-02-17T10:03:13.072033
2026-02-27,CAN,arrival,09:30,PVG Shanghai,CZ3549,China Southern,text,Duration: 2h 45m,,True,2026-02-17T10:03:13.072038
2026-02-27,CAN,arrival,09:30,CKG Chongqing,OQ2323,Chongqing Airlines,text,Duration: 2h 0m,,True,2026-02-17T10:03:13.072043
2026-02-27,CAN,arrival,09:30,SIN Singapore,TR100,Scoot,text,Duration: 4h 0m,,True,2026-02-17T10:03:13.072049
2026-02-27,CAN,arrival,09:35,HGH Hangzhou,CA1789,Air China,text,Duration: 2h 20m,,True,2026-02-17T10:03:13.072054
2026-02-27,CAN,arrival,09:35,HFE Hefei,CZ3816,China Southern,text,Duration: 2h 20m,,True,2026-02-17T10:03:13.072059
2026-02-27,CAN,arrival,09:35,HYN Taizhou,CZ3236,China Southern,text,Duration: 2h 15m,,True,2026-02-17T10:03:13.072133
2026-02-27,CAN,arrival,09:35,XUZ Xuzhou,CZ6282,China Southern,text,Duration: 2h 35m,,True,2026-02-17T10:03:13.072140
2026-02-27,CAN,arrival,09:35,XIY Xian,MU2303,China Eastern,text,Duration: 2h 35m,,True,2026-02-17T10:03:13.072146
2026-02-27,CAN,arrival,09:35,WUX Wuxi,ZH9834,Shenzhen Airlines,text,Duration: 2h 35m,,True,2026-02-17T10:03:13.072151
2026-02-27,CAN,arrival,09:40,CZX Changzhou,CZ3994,China Southern,text,Duration: 2h 35m,,True,2026-02-17T10:03:13.072156
2026-02-27,CAN,arrival,09:40,SYX Sanya,CZ6781,China Southern,text,Duration: 1h 40m,,True,2026-02-17T10:03:13.072162
2026-02-27,CAN,arrival,09:40,YNZ Yancheng,CZ3268,China Southern,text,Duration: 2h 40m,,True,2026-02-17T10:03:13.072167
2026-02-27,CAN,arrival,09:40,CTU Chengdu,EU2235,Chengdu Airlines,text,Duration: 2h 5m,,True,2026-02-17T10:03:13.072172
2026-02-27,CAN,arrival,09:40,HFE Hefei,MU5287,China Eastern,text,Duration: 2h 5m,,True,2026-02-17T10:03:13.072177
2026-02-27,CAN,arrival,09:45,LYI Linyi,CZ3992,China Southern,text,Duration: 2h 45m,,True,2026-02-17T10:03:13.072183
2026-02-27,CAN,arrival,09:45,WNZ Wenzhou,CZ3770,China Southern,text,Duration: 2h 10m,,True,2026-02-17T10:03:13.072188
2026-02-27,CAN,arrival,09:45,TYN Taiyuan,MU6363,China Eastern,text,Duration: 2h 45m,,True,2026-02-17T10:03:13.072193
2026-02-27,CAN,arrival,09:45,NKG Nanjing,ZH9878,Shenzhen Airlines,text,Duration: 2h 25m,,True,2026-02-17T10:03:13.072199
2026-02-27,CAN,arrival,09:50,SHA Shanghai,9C8835,Spring Airlines,text,Duration: 2h 25m,,True,2026-02-17T10:03:13.072204
2026-02-27,CAN,arrival,09:50,CSX Changsha,CZ3387,China Southern,text,Duration: 1h 45m,,True,2026-02-17T10:03:13.072209
2026-02-27,CAN,arrival,09:50,HIA Huai'an,CZ3996,China Southern,text,Duration: 2h 40m,,True,2026-02-17T10:03:13.072215
2026-02-27,CAN,arrival,09:50,NGB Ningbo,CZ3672,China Southern,text,Duration: 2h 30m,,True,2026-02-17T10:03:13.072220
2026-02-27,CAN,arrival,09:50,YTY Yangzhou,CZ3958,China Southern,text,Duration: 2h 40m,,True,2026-02-17T10:03:13.072226
2026-02-27,CAN,arrival,09:50,NTG Nantong,ZH8696,Shenzhen Airlines,text,Duration: 2h 35m,,True,2026-02-17T10:03:13.072231
2026-02-27,CAN,arrival,09:55,TFU Chengdu,CA4319,Air China,text,Duration: 1h 55m,,True,2026-02-17T10:03:13.072237
2026-02-27,CAN,arrival,09:55,FOC Fuzhou,CZ8780,China Southern,text,Duration: 1h 40m,,True,2026-02-17T10:03:13.072242
2026-02-27,CAN,arrival,09:55,WUH Wuhan,CZ5841,China Southern,text,Duration: 1h 55m,,True,2026-02-17T10:03:13.072248
2026-02-27,CAN,arrival,09:55,HGH Hangzhou,HU7462,Hainan Airlines,text,Duration: 2h 20m,,True,2026-02-17T10:03:13.072253
2026-02-27,CAN,arrival,09:55,HGH Hangzhou,MF8319,XiamenAir,text,Duration: 2h 30m,,True,2026-02-17T10:03:13.072260
2026-02-27,CAN,arrival,09:55,NGB Ningbo,MU6950,China Eastern,text,Duration: 2h 5m,,True,2026-02-17T10:03:13.072265
2026-02-27,CAN,arrival,10:00,NKG Nanjing,MU2907,China Eastern,text,Duration: 2h 30m,,True,2026-02-17T10:03:13.072270
2026-02-27,CAN,arrival,10:00,CTU Chengdu,TV9765,Tibet Airlines,text,Duration: 2h 20m,,True,2026-02-17T10:03:13.072276
2026-02-27,CAN,arrival,10:05,KMG Kunming,MU5731,China Eastern,text,Duration: 2h 5m,,True,2026-02-17T10:03:13.072281
2026-02-27,CAN,arrival,10:10,SVO Moscow,SU220,Aeroflot,text,Duration: 9h 20m,,True,2026-02-17T10:03:13.072286
2026-02-27,CAN,arrival,10:15,TPE Taipei,BR707,EVA Air,text,Duration: 2h 5m,,True,2026-02-17T10:03:13.072292
2026-02-27,CAN,arrival,10:15,XIY Xian,ZH9226,Shenzhen Airlines,text,Duration: 2h 45m,,True,2026-02-17T10:03:13.072297
2026-02-27,CAN,arrival,10:20,KMG Kunming,KY8279,Kunming Airlines,text,Duration: 2h 0m,,True,2026-02-17T10:03:13.072302
2026-02-27,CAN,arrival,10:20,HGH Hangzhou,MU5211,China Eastern,text,Duration: 2h 20m,,True,2026-02-17T10:03:13.072307
2026-02-27,CAN,arrival,10:25,HGH Hangzhou,3U3151,Sichuan Airlines,text,Duration: 2h 10m,,True,2026-02-17T10:03:13.072312
2026-02-27,CAN,arrival,10:25,TFU Chengdu,3U6701,Sichuan Airlines,text,Duration: 2h 5m,,True,2026-02-17T10:03:13.072318
2026-02-27,CAN,arrival,10:25,PEK Beijing,CA1359,Air China,text,Duration: 3h 25m,,True,2026-02-17T10:03:13.072323
2026-02-27,CAN,arrival,10:25,SHA Shanghai,CA9667,Air China,text,Duration: 2h 5m,,True,2026-02-17T10:03:13.072328
2026-02-27,CAN,arrival,10:25,HAK Haikou,CZ6785,China Southern,text,Duration: 1h 25m,,True,2026-02-17T10:03:13.072334
2026-02-27,CAN,arrival,10:25,CKG Chongqing,HU7342,Hainan Airlines,text,Duration: 1h 55m,,True,2026-02-17T10:03:13.072339
2026-02-27,CAN,arrival,10:30,CGO Zhengzhou,CZ3391,China Southern,text,Duration: 2h 30m,,True,2026-02-17T10:03:13.072344
2026-02-27,CAN,arrival,10:30,PVG Shanghai,HO1855,Juneyao Airlines,text,Duration: 2h 40m,,True,2026-02-17T10:03:13.072349
2026-02-27,CAN,arrival,10:30,PVG Shanghai,HU7332,Hainan Airlines,text,Duration: 2h 50m,,True,2026-02-17T10:03:13.072355
2026-02-27,CAN,arrival,10:35,HET Hohhot,CZ3182,China Southern,text,Duration: 3h 15m,,True,2026-02-17T10:03:13.072361
2026-02-27,CAN,arrival,10:35,CTU Chengdu,MU9372,China Eastern,text,Duration: 2h 0m,,True,2026-02-17T10:03:13.072366
2026-02-27,CAN,arrival,10:35,PKX Beijing,MU6305,China Eastern,text,Duration: 3h 15m,,True,2026-02-17T10:03:13.072371
2026-02-27,CAN,arrival,10:35,CKG Chongqing,OQ2305,Chongqing Airlines,text,Duration: 2h 10m,,True,2026-02-17T10:03:13.072377
2026-02-27,CAN,arrival,10:40,CGD Changde,CZ3230,China Southern,text,Duration: 1h 40m,,True,2026-02-17T10:03:13.072382
2026-02-27,CAN,arrival,10:40,LHW Lanzhou,CZ3252,China Southern,text,Duration: 3h 15m,,True,2026-02-17T10:03:13.072387
2026-02-27,CAN,arrival,10:40,LHW Lanzhou,MU5261,China Eastern,text,Duration: 2h 50m,,True,2026-02-17T10:03:13.072392
2026-02-27,CAN,arrival,10:40,TAO Qingdao,MU5255,China Eastern,text,Duration: 3h 25m,,True,2026-02-17T10:03:13.072397
2026-02-27,CAN,arrival,10:40,WUX Wuxi,ZH9826,Shenzhen Airlines,text,Duration: 2h 35m,,True,2026-02-17T10:03:13.072468
2026-02-27,CAN,arrival,10:45,CTU Chengdu,CZ3414,China Southern,text,Duration: 2h 15m,,True,2026-02-17T10:03:13.072475
2026-02-27,CAN,arrival,10:45,SJW Shijiazhuang,CZ5640,China Southern,text,Duration: 3h 10m,,True,2026-02-17T10:03:13.072481
2026-02-27,CAN,arrival,10:50,CTU Chengdu,CA4305,Air China,text,Duration: 2h 20m,,True,2026-02-17T10:03:13.072486
2026-02-27,CAN,arrival,10:50,TSN Tianjin,CA2801,Air China,text,Duration: 3h 15m,,True,2026-02-17T10:03:13.072491
2026-02-27,CAN,arrival,10:50,MNL Manila,CZ3078,China Southern,text,Duration: 2h 30m,,True,2026-02-17T10:03:13.072497
2026-02-27,CAN,arrival,10:50,XIY Xian,CZ3220,China Southern,text,Duration: 2h 50m,,True,2026-02-17T10:03:13.072503
2026-02-27,CAN,arrival,10:55,HAN Hanoi,CZ372,China Southern,text,Duration: 1h 40m,,True,2026-02-17T10:03:13.072508
2026-02-27,CAN,arrival,10:55,HGH Hangzhou,CZ3820,China Southern,text,Duration: 2h 20m,,True,2026-02-17T10:03:13.072514
2026-02-27,CAN,arrival,10:55,NKG Nanjing,CZ3872,China Southern,text,Duration: 2h 25m,,True,2026-02-17T10:03:13.072519
2026-02-27,CAN,arrival,10:55,TNA Jinan,CZ3664,China Southern,text,Duration: 3h 5m,,True,2026-02-17T10:03:13.072524
2026-02-27,CAN,arrival,10:55,INC Yinchuan,MF8753,XiamenAir,text,Duration: 3h 25m,,True,2026-02-17T10:03:13.072530
2026-02-27,CAN,arrival,10:55,TNA Jinan,SC1173,Shandong Airlines,text,Duration: 2h 55m,,True,2026-02-17T10:03:13.072535
2026-02-27,CAN,arrival,11:00,SHA Shanghai,9C6721,Spring Airlines,text,Duration: 2h 30m,,True,2026-02-17T10:03:13.072541
2026-02-27,CAN,arrival,11:00,PKX Beijing,MF8395,XiamenAir,text,Duration: 3h 15m,,True,2026-02-17T10:03:13.072546
2026-02-27,CAN,arrival,11:00,XIY Xian,MU2325,China Eastern,text,Duration: 2h 30m,,True,2026-02-17T10:03:13.072552
2026-02-27,CAN,arrival,11:05,SHA Shanghai,FM9303,Shanghai Airlines,text,Duration: 2h 35m,,True,2026-02-17T10:03:13.072557
2026-02-27,CAN,arrival,11:10,SJW Shijiazhuang,NS3203,Hebei Airlines,text,Duration: 3h 10m,,True,2026-02-17T10:03:13.072563
2026-02-27,CAN,arrival,11:15,TFU Chengdu,ZH9446,Shenzhen Airlines,text,Duration: 2h 15m,,True,2026-02-17T10:03:13.072568
2026-02-27,CAN,arrival,11:20,SYX Sanya,AQ1114,9 Air,text,Duration: 1h 40m,,True,2026-02-17T10:03:13.072573
2026-02-27,CAN,arrival,11:20,XIY Xian,HU7837,Hainan Airlines,text,Duration: 2h 50m,,True,2026-02-17T10:03:13.072579
2026-02-27,CAN,arrival,11:20,CTU Chengdu,MU5321,China Eastern,text,Duration: 2h 15m,,True,2026-02-17T10:03:13.072584
2026-02-27,CAN,arrival,11:25,CTU Chengdu,3U8731,Sichuan Airlines,text,Duration: 2h 25m,,True,2026-02-17T10:03:13.072589
2026-02-27,CAN,arrival,11:25,PEK Beijing,CA1351,Air China,text,Duration: 3h 30m,,True,2026-02-17T10:03:13.072595
2026-02-27,CAN,arrival,11:25,ACX Xingyi,CZ3924,China Southern,text,Duration: 1h 40m,,True,2026-02-17T10:03:13.072600
2026-02-27,CAN,arrival,11:25,CGO Zhengzhou,CZ8685,China Southern,text,Duration: 2h 30m,,True,2026-02-17T10:03:13.072606
2026-02-27,CAN,arrival,11:25,HAK Haikou,CZ6771,China Southern,text,Duration: 1h 30m,,True,2026-02-17T10:03:13.072611
2026-02-27,CAN,arrival,11:25,SHA Shanghai,CZ3596,China Southern,text,Duration: 2h 35m,,True,2026-02-17T10:03:13.072617
2026-02-27,CAN,arrival,11:30,HGH Hangzhou,CA1791,Air China,text,Duration: 2h 35m,,True,2026-02-17T10:03:13.072622
2026-02-27,CAN,arrival,11:30,DLC Dalian,CZ6321,China Southern,text,Duration: 3h 50m,,True,2026-02-17T10:03:13.072627
2026-02-27,CAN,arrival,11:30,TXN Tunxi,CZ3240,China Southern,text,Duration: 2h 0m,,True,2026-02-17T10:03:13.072632
2026-02-27,CAN,arrival,11:30,WUH Wuhan,CZ6590,China Southern,text,Duration: 2h 0m,,True,2026-02-17T10:03:13.072638
2026-02-27,CAN,arrival,11:30,PKX Beijing,MU6303,China Eastern,text,Duration: 3h 15m,,True,2026-02-17T10:03:13.072644
2026-02-27,CAN,arrival,11:30,ICN Seoul,OZ369,Asiana,text,Duration: 4h 10m,,True,2026-02-17T10:03:13.072650
2026-02-27,CAN,arrival,11:35,TSN Tianjin,CZ3350,China Southern,text,Duration: 3h 20m,,True,2026-02-17T10:03:13.072655
2026-02-27,CAN,arrival,11:35,PVG Shanghai,FM9305,Shanghai Airlines,text,Duration: 2h 35m,,True,2026-02-17T10:03:13.072660
2026-02-27,CAN,arrival,11:35,SHA Shanghai,HO2287,Juneyao Airlines,text,Duration: 2h 40m,,True,2026-02-17T10:03:13.072666
2026-02-27,CAN,arrival,11:35,YNT Yantai,SC7621,Shandong Airlines,text,Duration: 3h 35m,,True,2026-02-17T10:03:13.072671
2026-02-27,CAN,arrival,11:40,PKX Beijing,CZ3108,China Southern,text,Duration: 3h 10m,,True,2026-02-17T10:03:13.072676
2026-02-27,CAN,arrival,11:40,TAO Qingdao,CZ3716,China Southern,text,Duration: 3h 35m,,True,2026-02-17T10:03:13.072682
2026-02-27,CAN,arrival,11:45,CTU Chengdu,CA4307,Air China,text,Duration: 2h 15m,,True,2026-02-17T10:03:13.072687
2026-02-27,CAN,arrival,11:45,LZO Luzhou,CA4351,Air China,text,Duration: 2h 5m,,True,2026-02-17T10:03:13.072692
2026-02-27,CAN,arrival,11:45,SGN Ho Chi Minh City,CZ368,China Southern,text,Duration: 2h 45m,,True,2026-02-17T10:03:13.072698
2026-02-27,CAN,arrival,11:45,TYN Taiyuan,CZ3378,China Southern,text,Duration: 3h 0m,,True,2026-02-17T10:03:13.072703
2026-02-27,CAN,arrival,11:45,WUS Wuyishan,SC4673,Shandong Airlines,text,Duration: 1h 45m,,True,2026-02-17T10:03:13.072709
2026-02-27,CAN,arrival,11:50,SHS Shashi,CZ6660,China Southern,text,Duration: 1h 55m,,True,2026-02-17T10:03:13.072714
2026-02-27,CAN,arrival,11:50,WHA Wuhu,CZ3316,China Southern,text,Duration: 2h 15m,,True,2026-02-17T10:03:13.072719
2026-02-27,CAN,arrival,11:50,XIY Xian,CZ3216,China Southern,text,Duration: 2h 50m,,True,2026-02-17T10:03:13.072724
2026-02-27,CAN,arrival,11:50,HAK Haikou,HU7005,Hainan Airlines,text,Duration: 1h 20m,,True,2026-02-17T10:03:13.072729
2026-02-27,CAN,arrival,11:50,HYN Taizhou,ZH8990,Shenzhen Airlines,text,Duration: 2h 10m,,True,2026-02-17T10:03:13.072735
2026-02-27,CAN,arrival,11:55,HGH Hangzhou,CZ3512,China Southern,text,Duration: 2h 20m,,True,2026-02-17T10:03:13.072812
2026-02-27,CAN,arrival,11:55,JJN Jinjiang,CZ3284,China Southern,text,Duration: 1h 40m,,True,2026-02-17T10:03:13.072819
2026-02-27,CAN,arrival,11:55,YIH Yichang,CZ3300,China Southern,text,Duration: 1h 55m,,True,2026-02-17T10:03:13.072825
2026-02-27,CAN,arrival,11:55,WNZ Wenzhou,KN5037,China United Airlines,text,Duration: 2h 15m,,True,2026-02-17T10:03:13.072830
2026-02-27,CAN,arrival,12:00,PEK Beijing,HU7801,Hainan Airlines,text,Duration: 3h 30m,,True,2026-02-17T10:03:13.072836
2026-02-27,CAN,arrival,12:00,FOC Fuzhou,MF8323,XiamenAir,text,Duration: 2h 5m,,True,2026-02-17T10:03:13.072841
2026-02-27,CAN,arrival,12:00,CZX Changzhou,MU2947,China Eastern,text,Duration: 2h 50m,,True,2026-02-17T10:03:13.072847
2026-02-27,CAN,arrival,12:05,ICN Seoul,KE867,Korean Air,text,Duration: 4h 10m,,True,2026-02-17T10:03:13.072852
2026-02-27,CAN,arrival,12:05,SHA Shanghai,MU5309,China Eastern,text,Duration: 2h 25m,,True,2026-02-17T10:03:13.072857
2026-02-27,CAN,arrival,12:10,BKK Bangkok,CZ362,China Southern,text,Duration: 2h 50m,,True,2026-02-17T10:03:13.072863
2026-02-27,CAN,arrival,12:10,TYN Taiyuan,MU5251,China Eastern,text,Duration: 3h 30m,,True,2026-02-17T10:03:13.072868
2026-02-27,CAN,arrival,12:10,SIN Singapore,SQ850,Singapore Airlines,text,Duration: 4h 5m,,True,2026-02-17T10:03:13.072874
2026-02-27,CAN,arrival,12:15,SIN Singapore,CZ352,China Southern,text,Duration: 4h 15m,,True,2026-02-17T10:03:13.072879
2026-02-27,CAN,arrival,12:15,KTI Phnom Penh,K6668,Air Cambodia,text,Duration: 2h 50m,,True,2026-02-17T10:03:13.072885
2026-02-27,CAN,arrival,12:15,CKG Chongqing,MU5796,China Eastern,text,Duration: 2h 5m,,True,2026-02-17T10:03:13.072890
2026-02-27,CAN,arrival,12:15,NKG Nanjing,ZH9862,Shenzhen Airlines,text,Duration: 2h 45m,,True,2026-02-17T10:03:13.072895
2026-02-27,CAN,arrival,12:20,SQJ Sanming,CZ8414,China Southern,text,Duration: 1h 50m,,True,2026-02-17T10:03:13.072900
2026-02-27,CAN,arrival,12:20,XFN Xiangyang,CZ5354,China Southern,text,Duration: 2h 5m,,True,2026-02-17T10:03:13.072906
2026-02-27,CAN,arrival,12:25,KUL Kuala Lumpur,CZ366,China Southern,text,Duration: 4h 20m,,True,2026-02-17T10:03:13.072911
2026-02-27,CAN,arrival,12:25,SHE Shenyang,CZ8022,China Southern,text,Duration: 4h 25m,,True,2026-02-17T10:03:13.072918
2026-02-27,CAN,arrival,12:25,WNZ Wenzhou,CZ3812,China Southern,text,Duration: 2h 10m,,True,2026-02-17T10:03:13.072923
2026-02-27,CAN,arrival,12:25,XIY Xian,MU2301,China Eastern,text,Duration: 2h 55m,,True,2026-02-17T10:03:13.072928
2026-02-27,CAN,arrival,12:30,PEK Beijing,CA1321,Air China,text,Duration: 3h 30m,,True,2026-02-17T10:03:13.072934
2026-02-27,CAN,arrival,12:30,YCU Yuncheng,CA4593,Air China,text,Duration: 2h 45m,,True,2026-02-17T10:03:13.072939
2026-02-27,CAN,arrival,12:35,CKG Chongqing,JD5228,Capital Airlines,text,Duration: 2h 5m,,True,2026-02-17T10:03:13.072944
2026-02-27,CAN,arrival,12:40,CKG Chongqing,CA4347,Air China,text,Duration: 2h 10m,,True,2026-02-17T10:03:13.072950
2026-02-27,CAN,arrival,12:40,AQG Anqing,CZ3320,China Southern,text,Duration: 2h 0m,,True,2026-02-17T10:03:13.072955
2026-02-27,CAN,arrival,12:40,CGQ Changchun,CZ6341,China Southern,text,Duration: 4h 50m,,True,2026-02-17T10:03:13.072961
2026-02-27,CAN,arrival,12:40,PEN Penang,CZ396,China Southern,text,Duration: 3h 35m,,True,2026-02-17T10:03:13.072966
2026-02-27,CAN,arrival,12:40,XUZ Xuzhou,CZ3258,China Southern,text,Duration: 2h 25m,,True,2026-02-17T10:03:13.072971
2026-02-27,CAN,arrival,12:40,LYI Linyi,ZH8948,Shenzhen Airlines,text,Duration: 2h 40m,,True,2026-02-17T10:03:13.072976
2026-02-27,CAN,arrival,12:45,DLU Dali City,CZ3482,China Southern,text,Duration: 2h 15m,,True,2026-02-17T10:03:13.072982
2026-02-27,CAN,arrival,12:45,DZH Dazhou,CZ5666,China Southern,text,Duration: 2h 10m,,True,2026-02-17T10:03:13.072987
2026-02-27,CAN,arrival,12:50,DXB Dubai,CZ384,China Southern,text,Duration: 6h 55m,,True,2026-02-17T10:03:13.072993
2026-02-27,CAN,arrival,12:50,HZA Heze,CZ3126,China Southern,text,Duration: 2h 20m,,True,2026-02-17T10:03:13.072998
2026-02-27,CAN,arrival,12:50,PKX Beijing,CZ3000,China Southern,text,Duration: 3h 20m,,True,2026-02-17T10:03:13.073003
2026-02-27,CAN,arrival,12:55,HRB Harbin,CZ3906,China Southern,text,Duration: 4h 55m,,True,2026-02-17T10:03:13.073008
2026-02-27,CAN,arrival,12:55,"JUZ Quzhou, Zhejiang Province",CZ6290,China Southern,text,Duration: 1h 55m,,True,2026-02-17T10:03:13.073014
2026-02-27,CAN,arrival,12:55,KMG Kunming,CZ3498,China Southern,text,Duration: 2h 0m,,True,2026-02-17T10:03:13.073019
2026-02-27,CAN,arrival,12:55,NKG Nanjing,HU7114,Hainan Airlines,text,Duration: 2h 20m,,True,2026-02-17T10:03:13.073024
2026-02-27,CAN,arrival,12:55,PEK Beijing,HU7803,Hainan Airlines,text,Duration: 3h 25m,,True,2026-02-17T10:03:13.073030
2026-02-27,CAN,arrival,13:00,LYA Luoyang,CZ3364,China Southern,text,Duration: 2h 35m,,True,2026-02-17T10:03:13.073035
2026-02-27,CAN,arrival,13:00,HGH Hangzhou,GJ8699,Loong Air,text,Duration: 2h 30m,,True,2026-02-17T10:03:13.073040
2026-02-27,CAN,arrival,13:00,SHA Shanghai,HO1857,Juneyao Airlines,text,Duration: 2h 35m,,True,2026-02-17T10:03:13.073046
2026-02-27,CAN,arrival,13:00,WNZ Wenzhou,HU7286,Hainan Airlines,text,Duration: 2h 5m,,True,2026-02-17T10:03:13.073051
2026-02-27,CAN,arrival,13:05,FUG Fuyang,CZ3932,China Southern,text,Duration: 2h 5m,,True,2026-02-17T10:03:13.073057
2026-02-27,CAN,arrival,13:05,LZO Luzhou,CZ3228,China Southern,text,Duration: 2h 5m,,True,2026-02-17T10:03:13.073062
2026-02-27,CAN,arrival,13:05,HND Tokyo,JL87,JAL,text,Duration: 5h 25m,,True,2026-02-17T10:03:13.073068
2026-02-27,CAN,arrival,13:05,JJN Jinjiang,MF8385,XiamenAir,text,Duration: 1h 35m,,True,2026-02-17T10:03:13.073073
2026-02-27,CAN,arrival,13:05,SHA Shanghai,MU5301,China Eastern,text,Duration: 2h 35m,,True,2026-02-17T10:03:13.073079
2026-02-27,CAN,arrival,13:10,PVG Shanghai,HU7132,Hainan Airlines,text,Duration: 2h 45m,,True,2026-02-17T10:03:13.073170
2026-02-27,CAN,arrival,13:15,RGN Yangon,8M711,MAI,text,Duration: 3h 5m,,True,2026-02-17T10:03:13.073176
2026-02-27,CAN,arrival,13:20,LJG Lijiang,CZ6604,China Southern,text,Duration: 2h 20m,,True,2026-02-17T10:03:13.073182
2026-02-27,CAN,arrival,13:20,SHA Shanghai,CZ3534,China Southern,text,Duration: 2h 30m,,True,2026-02-17T10:03:13.073187
2026-02-27,CAN,arrival,13:20,BKK Bangkok,TG668,Thai Airways,text,Duration: 3h 0m,,True,2026-02-17T10:03:13.073192
2026-02-27,CAN,arrival,13:20,LJG Lijiang,ZH9460,Shenzhen Airlines,text,Duration: 2h 30m,,True,2026-02-17T10:03:13.073198
2026-02-27,CAN,arrival,13:25,HAK Haikou,CZ5493,China Southern,text,Duration: 1h 25m,,True,2026-02-17T10:03:13.073203
2026-02-27,CAN,arrival,13:25,TFU Chengdu,ZH9480,Shenzhen Airlines,text,Duration: 2h 5m,,True,2026-02-17T10:03:13.073208
2026-02-27,CAN,arrival,13:30,GYS Guangyuan,CA4378,Air China,text,Duration: 2h 35m,,True,2026-02-17T10:03:13.073213
2026-02-27,CAN,arrival,13:30,CGO Zhengzhou,CZ3196,China Southern,text,Duration: 2h 30m,,True,2026-02-17T10:03:13.073220
2026-02-27,CAN,arrival,13:30,DOH Doha,CZ334,China Southern,text,Duration: 7h 15m,,True,2026-02-17T10:03:13.073225
2026-02-27,CAN,arrival,13:30,NAO Nanchong,CZ5470,China Southern,text,Duration: 2h 5m,,True,2026-02-17T10:03:13.073231
2026-02-27,CAN,arrival,13:35,FOC Fuzhou,CZ3506,China Southern,text,Duration: 2h 0m,,True,2026-02-17T10:03:13.073236
2026-02-27,CAN,arrival,13:35,KMG Kunming,HU7208,Hainan Airlines,text,Duration: 2h 5m,,True,2026-02-17T10:03:13.073242
2026-02-27,CAN,arrival,13:35,KUL Kuala Lumpur,MH376,Malaysia Airlines,text,Duration: 4h 10m,,True,2026-02-17T10:03:13.073247
2026-02-27,CAN,arrival,13:40,CSX Changsha,CZ3379,China Southern,text,Duration: 1h 30m,,True,2026-02-17T10:03:13.073253
2026-02-27,CAN,arrival,13:40,DPS Denpasar,CZ8482,China Southern,text,Duration: 5h 5m,,True,2026-02-17T10:03:13.073258
2026-02-27,CAN,arrival,13:40,KTI Phnom Penh,CZ324,China Southern,text,Duration: 2h 40m,,True,2026-02-17T10:03:13.073263
2026-02-27,CAN,arrival,13:40,NTG Nantong,CZ3638,China Southern,text,Duration: 2h 40m,,True,2026-02-17T10:03:13.073269
2026-02-27,CAN,arrival,13:40,HGH Hangzhou,HU7162,Hainan Airlines,text,Duration: 2h 20m,,True,2026-02-17T10:03:13.073274
2026-02-27,CAN,arrival,13:45,NGB Ningbo,CZ3778,China Southern,text,Duration: 2h 25m,,True,2026-02-17T10:03:13.073279
2026-02-27,CAN,arrival,13:45,YIW Yiwu,CZ3303,China Southern,text,Duration: 2h 10m,,True,2026-02-17T10:03:13.073285
2026-02-27,CAN,arrival,13:45,DLU Dali City,OQ2040,Chongqing Airlines,text,Duration: 2h 20m,,True,2026-02-17T10:03:13.073290
2026-02-27,CAN,arrival,13:45,JHG Jinghong,OQ2104,Chongqing Airlines,text,Duration: 2h 20m,,True,2026-02-17T10:03:13.073295
2026-02-27,CAN,arrival,13:45,HRB Harbin,ZH9538,Shenzhen Airlines,text,Duration: 4h 40m,,True,2026-02-17T10:03:13.073300
2026-02-27,CAN,arrival,13:50,KMG Kunming,CZ3410,China Southern,text,Duration: 2h 0m,,True,2026-02-17T10:03:13.073305
2026-02-27,CAN,arrival,13:50,KWE Guiyang,CZ3617,China Southern,text,Duration: 1h 35m,,True,2026-02-17T10:03:13.073311
2026-02-27,CAN,arrival,13:50,PZI Pan Zhi Hua,CZ3934,China Southern,text,Duration: 1h 55m,,True,2026-02-17T10:03:13.073316
2026-02-27,CAN,arrival,13:50,SVO Moscow,CZ656,China Southern,text,Duration: 9h 35m,,True,2026-02-17T10:03:13.073321
2026-02-27,CAN,arrival,13:50,HND Tokyo,NH923,ANA,text,Duration: 5h 30m,,True,2026-02-17T10:03:13.073326
2026-02-27,CAN,arrival,13:50,CKG Chongqing,OQ2317,Chongqing Airlines,text,Duration: 2h 5m,,True,2026-02-17T10:03:13.073332
2026-02-27,CAN,arrival,13:55,ICN Seoul,CZ340,China Southern,text,Duration: 4h 0m,,True,2026-02-17T10:03:13.073337
2026-02-27,CAN,arrival,13:55,URC Urumqi,CZ6014,China Southern,text,Duration: 5h 10m,,True,2026-02-17T10:03:13.073342
2026-02-27,CAN,arrival,13:55,WUH Wuhan,CZ8725,China Southern,text,Duration: 1h 55m,,True,2026-02-17T10:03:13.073347
2026-02-27,CAN,arrival,13:55,XIY Xian,CZ3202,China Southern,text,Duration: 2h 45m,,True,2026-02-17T10:03:13.073353
2026-02-27,CAN,arrival,13:55,PEK Beijing,HU7805,Hainan Airlines,text,Duration: 3h 25m,,True,2026-02-17T10:03:13.073358
2026-02-27,CAN,arrival,14:00,SUB Surabaya,CZ8138,China Southern,text,Duration: 5h 0m,,True,2026-02-17T10:03:13.073364
2026-02-27,CAN,arrival,14:00,CGO Zhengzhou,HU7270,Hainan Airlines,text,Duration: 2h 45m,,True,2026-02-17T10:03:13.073370
2026-02-27,CAN,arrival,14:05,LZH Liuzhou,CZ5568,China Southern,text,Duration: 1h 25m,,True,2026-02-17T10:03:13.073375
2026-02-27,CAN,arrival,14:05,SHA Shanghai,FM9309,Shanghai Airlines,text,Duration: 2h 35m,,True,2026-02-17T10:03:13.073381
2026-02-27,CAN,arrival,14:05,KMG Kunming,MU5733,China Eastern,text,Duration: 1h 55m,,True,2026-02-17T10:03:13.073386
2026-02-27,CAN,arrival,14:10,HAK Haikou,AQ1024,9 Air,text,Duration: 1h 20m,,True,2026-02-17T10:03:13.073391
2026-02-27,CAN,arrival,14:10,NKG Nanjing,CZ3844,China Southern,text,Duration: 2h 30m,,True,2026-02-17T10:03:13.073396
2026-02-27,CAN,arrival,14:10,SGN Ho Chi Minh City,VN502,Vietnam Airlines,text,Duration: 2h 55m,,True,2026-02-17T10:03:13.073403
2026-02-27,CAN,arrival,14:15,TSN Tianjin,GS7895,Tianjin Airlines,text,Duration: 3h 10m,,True,2026-02-17T10:03:13.073408
2026-02-27,CAN,arrival,14:15,SJW Shijiazhuang,NS3625,Hebei Airlines,text,Duration: 3h 10m,,True,2026-02-17T10:03:13.073413
2026-02-27,CAN,arrival,14:20,PEK Beijing,CA1315,Air China,text,Duration: 3h 40m,,True,2026-02-17T10:03:13.073418
2026-02-27,CAN,arrival,14:20,LZG Langzhong,CZ8692,China Southern,text,Duration: 2h 25m,,True,2026-02-17T10:03:13.073424
2026-02-27,CAN,arrival,14:20,XNN Xining,CZ6242,China Southern,text,Duration: 3h 5m,,True,2026-02-17T10:03:13.073429
2026-02-27,CAN,arrival,14:25,CXR Nha Trang,CZ8476,China Southern,text,Duration: 2h 45m,,True,2026-02-17T10:03:13.073435
2026-02-27,CAN,arrival,14:25,HAN Hanoi,CZ3050,China Southern,text,Duration: 1h 40m,,True,2026-02-17T10:03:13.073515
2026-02-27,CAN,arrival,14:25,DOH Doha,QR874,Qatar Airways,text,Duration: 7h 30m,,True,2026-02-17T10:03:13.073522
2026-02-27,CAN,arrival,14:25,CGO Zhengzhou,ZH9474,Shenzhen Airlines,text,Duration: 2h 20m,,True,2026-02-17T10:03:13.073528
2026-02-27,CAN,arrival,14:30,NNY Nanyang,CZ3222,China Southern,text,Duration: 2h 15m,,True,2026-02-17T10:03:13.073534
2026-02-27,CAN,arrival,14:30,SHA Shanghai,CZ3524,China Southern,text,Duration: 2h 40m,,True,2026-02-17T10:03:13.073539
2026-02-27,CAN,arrival,14:35,HET Hohhot,CZ3198,China Southern,text,Duration: 3h 40m,,True,2026-02-17T10:03:13.073544
2026-02-27,CAN,arrival,14:35,LHW Lanzhou,CZ3206,China Southern,text,Duration: 2h 55m,,True,2026-02-17T10:03:13.073550
2026-02-27,CAN,arrival,14:35,SHE Shenyang,CZ6367,China Southern,text,Duration: 4h 35m,,True,2026-02-17T10:03:13.073555
2026-02-27,CAN,arrival,14:35,SJW Shijiazhuang,OQ2134,Chongqing Airlines,text,Duration: 3h 5m,,True,2026-02-17T10:03:13.073561
2026-02-27,CAN,arrival,14:35,NKG Nanjing,ZH9864,Shenzhen Airlines,text,Duration: 2h 25m,,True,2026-02-17T10:03:13.073567
2026-02-27,CAN,arrival,14:40,CTU Chengdu,CA4317,Air China,text,Duration: 2h 10m,,True,2026-02-17T10:03:13.073572
2026-02-27,CAN,arrival,14:40,URC Urumqi,CA4369,Air China,text,Duration: 5h 30m,,True,2026-02-17T10:03:13.073577
2026-02-27,CAN,arrival,14:40,CZX Changzhou,CZ3908,China Southern,text,Duration: 2h 30m,,True,2026-02-17T10:03:13.073583
2026-02-27,CAN,arrival,14:40,DLU Dali City,CZ6596,China Southern,text,Duration: 2h 15m,,True,2026-02-17T10:03:13.073588
2026-02-27,CAN,arrival,14:40,MNL Manila,CZ3092,China Southern,text,Duration: 2h 40m,,True,2026-02-17T10:03:13.073594
2026-02-27,CAN,arrival,14:40,TAO Qingdao,ZH9996,Shenzhen Airlines,text,Duration: 3h 30m,,True,2026-02-17T10:03:13.073599
2026-02-27,CAN,arrival,14:45,KUL Kuala Lumpur,9C6922,Spring Airlines,text,Duration: 4h 45m,,True,2026-02-17T10:03:13.073605
2026-02-27,CAN,arrival,14:45,CTU Chengdu,CZ3402,China Southern,text,Duration: 2h 15m,,True,2026-02-17T10:03:13.073610
2026-02-27,CAN,arrival,14:45,PKX Beijing,CZ3112,China Southern,text,Duration: 3h 15m,,True,2026-02-17T10:03:13.073616
2026-02-27,CAN,arrival,14:45,SYD Sydney,CZ602,China Southern,text,Duration: 9h 35m,,True,2026-02-17T10:03:13.073621
2026-02-27,CAN,arrival,14:45,CGK Jakarta,GA898,Garuda Indonesia,text,Duration: 5h 30m,,True,2026-02-17T10:03:13.073626
2026-02-27,CAN,arrival,14:50,CGQ Changchun,CZ3605,China Southern,text,Duration: 4h 50m,,True,2026-02-17T10:03:13.073632
2026-02-27,CAN,arrival,14:50,DLC Dalian,CZ6199,China Southern,text,Duration: 3h 55m,,True,2026-02-17T10:03:13.073637
2026-02-27,CAN,arrival,14:50,HGH Hangzhou,CZ3804,China Southern,text,Duration: 2h 15m,,True,2026-02-17T10:03:13.073642
2026-02-27,CAN,arrival,14:50,MEL Melbourne,CZ644,China Southern,text,Duration: 9h 10m,,True,2026-02-17T10:03:13.073648
2026-02-27,CAN,arrival,14:50,TYN Taiyuan,CZ3702,China Southern,text,Duration: 2h 55m,,True,2026-02-17T10:03:13.073653
2026-02-27,CAN,arrival,14:50,YTY Yangzhou,CZ8214,China Southern,text,Duration: 2h 25m,,True,2026-02-17T10:03:13.073658
2026-02-27,CAN,arrival,14:55,SHA Shanghai,9C6719,Spring Airlines,text,Duration: 2h 35m,,True,2026-02-17T10:03:13.073663
2026-02-27,CAN,arrival,14:55,SYX Sanya,CZ5517,China Southern,text,Duration: 1h 45m,,True,2026-02-17T10:03:13.073668
2026-02-27,CAN,arrival,14:55,PVG Shanghai,HU7432,Hainan Airlines,text,Duration: 2h 50m,,True,2026-02-17T10:03:13.073674
2026-02-27,CAN,arrival,14:55,PEK Beijing,ZH9148,Shenzhen Airlines,text,Duration: 3h 30m,,True,2026-02-17T10:03:13.073679
2026-02-27,CAN,arrival,14:55,PVG Shanghai,ZH9534,Shenzhen Airlines,text,Duration: 2h 45m,,True,2026-02-17T10:03:13.073684
2026-02-27,CAN,arrival,15:00,SHA Shanghai,CA1837,Air China,text,Duration: 2h 25m,,True,2026-02-17T10:03:13.073690
2026-02-27,CAN,arrival,15:00,YCU Yuncheng,CZ3922,China Southern,text,Duration: 2h 35m,,True,2026-02-17T10:03:13.073695
2026-02-27,CAN,arrival,15:00,ADD Addis Ababa,ET606,Ethiopian,text,Duration: 9h 55m,,True,2026-02-17T10:03:13.073701
2026-02-27,CAN,arrival,15:05,TAO Qingdao,AQ1020,9 Air,text,Duration: 3h 40m,,True,2026-02-17T10:03:13.073706
2026-02-27,CAN,arrival,15:05,TNA Jinan,ZH9972,Shenzhen Airlines,text,Duration: 2h 55m,,True,2026-02-17T10:03:13.073712
2026-02-27,CAN,arrival,15:10,SHA Shanghai,MU5305,China Eastern,text,Duration: 2h 40m,,True,2026-02-17T10:03:13.073717
2026-02-27,CAN,arrival,15:15,DYG Dayong,CZ3382,China Southern,text,Duration: 1h 50m,,True,2026-02-17T10:03:13.073723
2026-02-27,CAN,arrival,15:15,CAI Cairo,MS958,EgyptAir,text,Duration: 9h 5m,,True,2026-02-17T10:03:13.073728
2026-02-27,CAN,arrival,15:15,URC Urumqi,UQ2591,Urumqi Airlines,text,Duration: 5h 5m,,True,2026-02-17T10:03:13.073733
2026-02-27,CAN,arrival,15:15,XIY Xian,ZH9222,Shenzhen Airlines,text,Duration: 2h 45m,,True,2026-02-17T10:03:13.073739
2026-02-27,CAN,arrival,15:20,CTU Chengdu,3U8733,Sichuan Airlines,text,Duration: 2h 20m,,True,2026-02-17T10:03:13.073744
2026-02-27,CAN,arrival,15:20,CKG Chongqing,CZ3406,China Southern,text,Duration: 2h 10m,,True,2026-02-17T10:03:13.073749
2026-02-27,CAN,arrival,15:20,KMG Kunming,CZ3494,China Southern,text,Duration: 2h 15m,,True,2026-02-17T10:03:13.073755
2026-02-27,CAN,arrival,15:20,LJG Lijiang,CZ3412,China Southern,text,Duration: 2h 20m,,True,2026-02-17T10:03:13.073760
2026-02-27,CAN,arrival,15:20,TCZ Tengchong,CZ6664,China Southern,text,Duration: 2h 20m,,True,2026-02-17T10:03:13.073765
2026-02-27,CAN,arrival,15:25,PEK Beijing,CA1339,Air China,text,Duration: 3h 25m,,True,2026-02-17T10:03:13.073771
2026-02-27,CAN,arrival,15:25,BKK Bangkok,CZ358,China Southern,text,Duration: 3h 0m,,True,2026-02-17T10:03:13.073776
2026-02-27,CAN,arrival,15:25,HAK Haikou,CZ6777,China Southern,text,Duration: 1h 25m,,True,2026-02-17T10:03:13.073782
2026-02-27,CAN,arrival,15:25,HGH Hangzhou,MF8381,XiamenAir,text,Duration: 2h 30m,,True,2026-02-17T10:03:13.073867
2026-02-27,CAN,arrival,15:25,JED Jeddah,SV882,Saudia,text,Duration: 8h 35m,,True,2026-02-17T10:03:13.073875
2026-02-27,CAN,arrival,15:25,HAN Hanoi,VN506,Vietnam Airlines,text,Duration: 1h 40m,,True,2026-02-17T10:03:13.073881
2026-02-27,CAN,arrival,15:30,CKG Chongqing,3U8747,Sichuan Airlines,text,Duration: 2h 5m,,True,2026-02-17T10:03:13.073886
2026-02-27,CAN,arrival,15:30,YBP Yibin,3U3054,Sichuan Airlines,text,Duration: 2h 20m,,True,2026-02-17T10:03:13.073891
2026-02-27,CAN,arrival,15:30,CGK Jakarta,CZ388,China Southern,text,Duration: 5h 25m,,True,2026-02-17T10:03:13.073897
2026-02-27,CAN,arrival,15:30,HND Tokyo,CZ3086,China Southern,text,Duration: 5h 45m,,True,2026-02-17T10:03:13.073902
2026-02-27,CAN,arrival,15:30,WNZ Wenzhou,CZ3764,China Southern,text,Duration: 2h 15m,,True,2026-02-17T10:03:13.073908
2026-02-27,CAN,arrival,15:30,CTU Chengdu,MU6852,China Eastern,text,Duration: 2h 5m,,True,2026-02-17T10:03:13.073913
2026-02-27,CAN,arrival,15:35,CKG Chongqing,HU6142,Hainan Airlines,text,Duration: 2h 5m,,True,2026-02-17T10:03:13.073918
2026-02-27,CAN,arrival,15:35,HGH Hangzhou,MU5215,China Eastern,text,Duration: 2h 40m,,True,2026-02-17T10:03:13.073924
2026-02-27,CAN,arrival,15:35,KMG Kunming,MU5739,China Eastern,text,Duration: 2h 5m,,True,2026-02-17T10:03:13.073929
2026-02-27,CAN,arrival,15:40,HRB Harbin,CZ6261,China Southern,text,Duration: 5h 10m,,True,2026-02-17T10:03:13.073935
2026-02-27,CAN,arrival,15:40,KTI Phnom Penh,CZ8314,China Southern,text,Duration: 2h 45m,,True,2026-02-17T10:03:13.073940
2026-02-27,CAN,arrival,15:40,WUH Wuhan,CZ3345,China Southern,text,Duration: 1h 40m,,True,2026-02-17T10:03:13.073946
2026-02-27,CAN,arrival,15:40,XUZ Xuzhou,CZ5472,China Southern,text,Duration: 2h 30m,,True,2026-02-17T10:03:13.073951
2026-02-27,CAN,arrival,15:45,PKX Beijing,CZ3102,China Southern,text,Duration: 3h 15m,,True,2026-02-17T10:03:13.073956
2026-02-27,CAN,arrival,15:45,RGN Yangon,CZ3056,China Southern,text,Duration: 3h 10m,,True,2026-02-17T10:03:13.073961
2026-02-27,CAN,arrival,15:45,SGN Ho Chi Minh City,CZ8160,China Southern,text,Duration: 2h 50m,,True,2026-02-17T10:03:13.073967
2026-02-27,CAN,arrival,15:45,TNA Jinan,MU5259,China Eastern,text,Duration: 2h 40m,,True,2026-02-17T10:03:13.073973
2026-02-27,CAN,arrival,15:45,TSN Tianjin,OQ2124,Chongqing Airlines,text,Duration: 3h 25m,,True,2026-02-17T10:03:13.073978
2026-02-27,CAN,arrival,15:45,YNT Yantai,ZH9676,Shenzhen Airlines,text,Duration: 3h 45m,,True,2026-02-17T10:03:13.073984
2026-02-27,CAN,arrival,15:50,PEN Penang,9C7098,Spring Airlines,text,Duration: 3h 50m,,True,2026-02-17T10:03:13.073989
2026-02-27,CAN,arrival,15:50,HFE Hefei,CZ3398,China Southern,text,Duration: 2h 25m,,True,2026-02-17T10:03:13.073994
2026-02-27,CAN,arrival,15:50,KHG Kashi,CZ6835,China Southern,text,Duration: 5h 55m,,True,2026-02-17T10:03:13.074000
2026-02-27,CAN,arrival,15:50,TAO Qingdao,CZ3520,China Southern,text,Duration: 3h 25m,,True,2026-02-17T10:03:13.074005
2026-02-27,CAN,arrival,15:50,XIY Xian,CZ3238,China Southern,text,Duration: 2h 50m,,True,2026-02-17T10:03:13.074011
2026-02-27,CAN,arrival,15:50,NGB Ningbo,OQ2028,Chongqing Airlines,text,Duration: 2h 25m,,True,2026-02-17T10:03:13.074016
2026-02-27,CAN,arrival,15:55,CKG Chongqing,CA4349,Air China,text,Duration: 2h 10m,,True,2026-02-17T10:03:13.074021
2026-02-27,CAN,arrival,15:55,HGH Hangzhou,CZ3864,China Southern,text,Duration: 2h 20m,,True,2026-02-17T10:03:13.074027
2026-02-27,CAN,arrival,15:55,NKG Nanjing,CZ3600,China Southern,text,Duration: 2h 20m,,True,2026-02-17T10:03:13.074032
2026-02-27,CAN,arrival,15:55,URC Urumqi,CZ6895,China Southern,text,Duration: 5h 10m,,True,2026-02-17T10:03:13.074038
2026-02-27,CAN,arrival,15:55,HYN Taizhou,MU2476,China Eastern,text,Duration: 2h 25m,,True,2026-02-17T10:03:13.074043
2026-02-27,CAN,arrival,16:00,PEK Beijing,HU7807,Hainan Airlines,text,Duration: 3h 30m,,True,2026-02-17T10:03:13.074048
2026-02-27,CAN,arrival,16:05,TFU Chengdu,3U6703,Sichuan Airlines,text,Duration: 2h 5m,,True,2026-02-17T10:03:13.074053
2026-02-27,CAN,arrival,16:05,SHE Shenyang,CZ6347,China Southern,text,Duration: 4h 35m,,True,2026-02-17T10:03:13.074058
2026-02-27,CAN,arrival,16:05,TNA Jinan,CZ3510,China Southern,text,Duration: 3h 0m,,True,2026-02-17T10:03:13.074064
2026-02-27,CAN,arrival,16:10,AMS Amsterdam,CZ308,China Southern,text,Duration: 11h 30m,,True,2026-02-17T10:03:13.074069
2026-02-27,CAN,arrival,16:10,YIW Yiwu,CZ3884,China Southern,text,Duration: 2h 15m,,True,2026-02-17T10:03:13.074074
2026-02-27,CAN,arrival,16:10,TFU Chengdu,HU7152,Hainan Airlines,text,Duration: 2h 10m,,True,2026-02-17T10:03:13.074079
2026-02-27,CAN,arrival,16:10,PVG Shanghai,MU5329,China Eastern,text,Duration: 2h 40m,,True,2026-02-17T10:03:13.074084
2026-02-27,CAN,arrival,16:15,TPE Taipei,CI521,China Airlines,text,Duration: 2h 10m,,True,2026-02-17T10:03:13.074089
2026-02-27,CAN,arrival,16:15,CTU Chengdu,CZ3438,China Southern,text,Duration: 2h 45m,,True,2026-02-17T10:03:13.074094
2026-02-27,CAN,arrival,16:15,WDS Shiyan,CZ3336,China Southern,text,Duration: 2h 25m,,True,2026-02-17T10:03:13.074099
2026-02-27,CAN,arrival,16:15,XMN Xiamen,CZ3742,China Southern,text,Duration: 1h 45m,,True,2026-02-17T10:03:13.074104
2026-02-27,CAN,arrival,16:15,WUX Wuxi,MU2917,China Eastern,text,Duration: 2h 45m,,True,2026-02-17T10:03:13.074109
2026-02-27,CAN,arrival,16:20,CTU Chengdu,CA4301,Air China,text,Duration: 2h 20m,,True,2026-02-17T10:03:13.074114
2026-02-27,CAN,arrival,16:20,BKK Bangkok,CZ8080,China Southern,text,Duration: 2h 55m,,True,2026-02-17T10:03:13.074119
2026-02-27,CAN,arrival,16:20,RIZ Rizhao,CZ8775,China Southern,text,Duration: 3h 5m,,True,2026-02-17T10:03:13.074125
2026-02-27,CAN,arrival,16:20,SYX Sanya,CZ6743,China Southern,text,Duration: 1h 35m,,True,2026-02-17T10:03:13.074130
2026-02-27,CAN,arrival,16:20,XFN Xiangyang,GJ8382,Loong Air,text,Duration: 2h 5m,,True,2026-02-17T10:03:13.074201
2026-02-27,CAN,arrival,16:25,PEK Beijing,CA1391,Air China,text,Duration: 3h 25m,,True,2026-02-17T10:03:13.074207
2026-02-27,CAN,arrival,16:25,AKL Auckland,CZ336,China Southern,text,Duration: 11h 25m,,True,2026-02-17T10:03:13.074213
2026-02-27,CAN,arrival,16:25,SHA Shanghai,CZ8526,China Southern,text,Duration: 2h 35m,,True,2026-02-17T10:03:13.074218
2026-02-27,CAN,arrival,16:30,DLC Dalian,CZ6467,China Southern,text,Duration: 3h 50m,,True,2026-02-17T10:03:13.074223
2026-02-27,CAN,arrival,16:30,WUX Wuxi,CZ3918,China Southern,text,Duration: 2h 40m,,True,2026-02-17T10:03:13.074228
2026-02-27,CAN,arrival,16:30,TNA Jinan,ZH9974,Shenzhen Airlines,text,Duration: 2h 55m,,True,2026-02-17T10:03:13.074234
2026-02-27,CAN,arrival,16:35,IST Istanbul,TK72,Turkish Airlines,text,Duration: 9h 50m,,True,2026-02-17T10:03:13.074240
2026-02-27,CAN,arrival,16:35,HAN Hanoi,ZH122,Shenzhen Airlines,text,Duration: 1h 50m,,True,2026-02-17T10:03:13.074245
2026-02-27,CAN,arrival,16:40,HET Hohhot,CA1381,Air China,text,Duration: 3h 20m,,True,2026-02-17T10:03:13.074251
2026-02-27,CAN,arrival,16:40,MAD Madrid,CZ378,China Southern,text,Duration: 13h 10m,,True,2026-02-17T10:03:13.074256
2026-02-27,CAN,arrival,16:45,PKX Beijing,CZ3106,China Southern,text,Duration: 3h 15m,,True,2026-02-17T10:03:13.074262
2026-02-27,CAN,arrival,16:45,TYN Taiyuan,CZ3714,China Southern,text,Duration: 2h 55m,,True,2026-02-17T10:03:13.074267
2026-02-27,CAN,arrival,16:45,XIY Xian,MU2307,China Eastern,text,Duration: 2h 40m,,True,2026-02-17T10:03:13.074273
2026-02-27,CAN,arrival,16:50,CGO Zhengzhou,CZ6625,China Southern,text,Duration: 2h 30m,,True,2026-02-17T10:03:13.074278
2026-02-27,CAN,arrival,16:50,HRB Harbin,CZ5302,China Southern,text,Duration: 4h 50m,,True,2026-02-17T10:03:13.074283
2026-02-27,CAN,arrival,16:50,JNG Jining,CZ3954,China Southern,text,Duration: 2h 50m,,True,2026-02-17T10:03:13.074288
2026-02-27,CAN,arrival,16:50,HGH Hangzhou,MU5217,China Eastern,text,Duration: 2h 20m,,True,2026-02-17T10:03:13.074293
2026-02-27,CAN,arrival,16:50,TAO Qingdao,MU5257,China Eastern,text,Duration: 3h 25m,,True,2026-02-17T10:03:13.074298
2026-02-27,CAN,arrival,16:55,TFU Chengdu,CA4333,Air China,text,Duration: 2h 10m,,True,2026-02-17T10:03:13.074304
2026-02-27,CAN,arrival,16:55,SWA Jieyang,CZ3893,China Southern,text,Duration: 1h 15m,,True,2026-02-17T10:03:13.074309
2026-02-27,CAN,arrival,16:55,HGH Hangzhou,HU7262,Hainan Airlines,text,Duration: 2h 30m,,True,2026-02-17T10:03:13.074314
2026-02-27,CAN,arrival,16:55,FOC Fuzhou,MF8325,XiamenAir,text,Duration: 1h 55m,,True,2026-02-17T10:03:13.074319
2026-02-27,CAN,arrival,17:00,SHA Shanghai,9C8855,Spring Airlines,text,Duration: 2h 40m,,True,2026-02-17T10:03:13.074324
2026-02-27,CAN,arrival,17:00,KMG Kunming,MU5737,China Eastern,text,Duration: 2h 0m,,True,2026-02-17T10:03:13.074329
2026-02-27,CAN,arrival,17:00,LHW Lanzhou,MU2219,China Eastern,text,Duration: 3h 10m,,True,2026-02-17T10:03:13.074334
2026-02-27,CAN,arrival,17:00,NKG Nanjing,MU2807,China Eastern,text,Duration: 2h 20m,,True,2026-02-17T10:03:13.074339
2026-02-27,CAN,arrival,17:05,KMG Kunming,CZ3416,China Southern,text,Duration: 2h 5m,,True,2026-02-17T10:03:13.074344
2026-02-27,CAN,arrival,17:05,NBS Baishan,CZ5944,China Southern,text,Duration: 4h 50m,,True,2026-02-17T10:03:13.074349
2026-02-27,CAN,arrival,17:05,WNZ Wenzhou,CZ3536,China Southern,text,Duration: 2h 5m,,True,2026-02-17T10:03:13.074355
2026-02-27,CAN,arrival,17:05,SHA Shanghai,MU5307,China Eastern,text,Duration: 2h 35m,,True,2026-02-17T10:03:13.074360
2026-02-27,CAN,arrival,17:10,XMN Xiamen,MF8305,XiamenAir,text,Duration: 1h 40m,,True,2026-02-17T10:03:13.074365
2026-02-27,CAN,arrival,17:10,CKG Chongqing,OQ2339,Chongqing Airlines,text,Duration: 2h 5m,,True,2026-02-17T10:03:13.074370
2026-02-27,CAN,arrival,17:10,INC Yinchuan,ZH8942,Shenzhen Airlines,text,Duration: 3h 10m,,True,2026-02-17T10:03:13.074375
2026-02-27,CAN,arrival,17:15,NGB Ningbo,CZ3518,China Southern,text,Duration: 2h 35m,,True,2026-02-17T10:03:13.074380
2026-02-27,CAN,arrival,17:20,BNE Brisbane,CZ382,China Southern,text,Duration: 9h 5m,,True,2026-02-17T10:03:13.074385
2026-02-27,CAN,arrival,17:25,PEK Beijing,CA1327,Air China,text,Duration: 3h 30m,,True,2026-02-17T10:03:13.074391
2026-02-27,CAN,arrival,17:25,HAK Haikou,CZ6791,China Southern,text,Duration: 1h 25m,,True,2026-02-17T10:03:13.074396
2026-02-27,CAN,arrival,17:25,SHA Shanghai,CZ3538,China Southern,text,Duration: 2h 35m,,True,2026-02-17T10:03:13.074401
2026-02-27,CAN,arrival,17:30,LYA Luoyang,CZ8218,China Southern,text,Duration: 2h 30m,,True,2026-02-17T10:03:13.074406
2026-02-27,CAN,arrival,17:30,WSK Wushan,CZ3962,China Southern,text,Duration: 2h 0m,,True,2026-02-17T10:03:13.074411
2026-02-27,CAN,arrival,17:30,SHA Shanghai,HO1869,Juneyao Airlines,text,Duration: 2h 40m,,True,2026-02-17T10:03:13.074416
2026-02-27,CAN,arrival,17:30,SHE Shenyang,OQ2128,Chongqing Airlines,text,Duration: 4h 30m,,True,2026-02-17T10:03:13.074421
2026-02-27,CAN,arrival,17:45,PKX Beijing,CZ3162,China Southern,text,Duration: 3h 15m,,True,2026-02-17T10:03:13.074426
2026-02-27,CAN,arrival,17:45,TPE Taipei,CZ3098,China Southern,text,Duration: 2h 15m,,True,2026-02-17T10:03:13.074431
2026-02-27,CAN,arrival,17:45,URC Urumqi,CZ6883,China Southern,text,Duration: 5h 0m,,True,2026-02-17T10:03:13.074436
2026-02-27,CAN,arrival,17:45,HRB Harbin,ZH9672,Shenzhen Airlines,text,Duration: 4h 25m,,True,2026-02-17T10:03:13.074441
2026-02-27,CAN,arrival,17:50,SQD Shangrao,AQ1718,9 Air,text,Duration: 1h 45m,,True,2026-02-17T10:03:13.074446
2026-02-27,CAN,arrival,17:50,HRB Harbin,CZ3616,China Southern,text,Duration: 4h 35m,,True,2026-02-17T10:03:13.074451
2026-02-27,CAN,arrival,17:50,LHR London,CZ304,China Southern,text,Duration: 11h 50m,,True,2026-02-17T10:03:13.074456
2026-02-27,CAN,arrival,17:50,SIN Singapore,CZ354,China Southern,text,Duration: 4h 10m,,True,2026-02-17T10:03:13.074527
2026-02-27,CAN,arrival,17:50,DOY Dongying,HU7260,Hainan Airlines,text,Duration: 3h 15m,,True,2026-02-17T10:03:13.074534
2026-02-27,CAN,arrival,17:55,HGH Hangzhou,CA1795,Air China,text,Duration: 2h 30m,,True,2026-02-17T10:03:13.074539
2026-02-27,CAN,arrival,17:55,BKK Bangkok,CZ8100,China Southern,text,Duration: 3h 0m,,True,2026-02-17T10:03:13.074545
2026-02-27,CAN,arrival,17:55,CTU Chengdu,CZ3444,China Southern,text,Duration: 2h 25m,,True,2026-02-17T10:03:13.074550
2026-02-27,CAN,arrival,17:55,CZX Changzhou,CZ3900,China Southern,text,Duration: 2h 25m,,True,2026-02-17T10:03:13.074555
2026-02-27,CAN,arrival,17:55,WUH Wuhan,CZ8671,China Southern,text,Duration: 1h 55m,,True,2026-02-17T10:03:13.074560
2026-02-27,CAN,arrival,17:55,SHA Shanghai,FM9313,Shanghai Airlines,text,Duration: 2h 25m,,True,2026-02-17T10:03:13.074565
2026-02-27,CAN,arrival,17:55,WUH Wuhan,MU6734,China Eastern,text,Duration: 1h 50m,,True,2026-02-17T10:03:13.074571
2026-02-27,CAN,arrival,18:00,KMG Kunming,CZ3448,China Southern,text,Duration: 1h 55m,,True,2026-02-17T10:03:13.074576
2026-02-27,CAN,arrival,18:00,MEL Melbourne,CZ322,China Southern,text,Duration: 9h 35m,,True,2026-02-17T10:03:13.074581
2026-02-27,CAN,arrival,18:00,SYD Sydney,CZ326,China Southern,text,Duration: 9h 35m,,True,2026-02-17T10:03:13.074586
2026-02-27,CAN,arrival,18:05,HGH Hangzhou,CZ3870,China Southern,text,Duration: 2h 30m,,True,2026-02-17T10:03:13.074592
2026-02-27,CAN,arrival,18:05,XIY Xian,CZ3232,China Southern,text,Duration: 3h 5m,,True,2026-02-17T10:03:13.074597
2026-02-27,CAN,arrival,18:10,SHA Shanghai,CA9669,Air China,text,Duration: 3h 5m,,True,2026-02-17T10:03:13.074602
2026-02-27,CAN,arrival,18:10,HFE Hefei,CZ3874,China Southern,text,Duration: 2h 20m,,True,2026-02-17T10:03:13.074607
2026-02-27,CAN,arrival,18:10,ICN Seoul,CZ338,China Southern,text,Duration: 4h 20m,,True,2026-02-17T10:03:13.074613
2026-02-27,CAN,arrival,18:15,TFU Chengdu,AQ1116,9 Air,text,Duration: 2h 15m,,True,2026-02-17T10:03:13.074618
2026-02-27,CAN,arrival,18:15,KUL Kuala Lumpur,CZ350,China Southern,text,Duration: 4h 15m,,True,2026-02-17T10:03:13.074623
2026-02-27,CAN,arrival,18:15,TSN Tianjin,CZ3302,China Southern,text,Duration: 3h 20m,,True,2026-02-17T10:03:13.074629
2026-02-27,CAN,arrival,18:15,XMN Xiamen,CZ3880,China Southern,text,Duration: 1h 45m,,True,2026-02-17T10:03:13.074634
2026-02-27,CAN,arrival,18:20,CTU Chengdu,3U8735,Sichuan Airlines,text,Duration: 2h 20m,,True,2026-02-17T10:03:13.074640
2026-02-27,CAN,arrival,18:20,WUX Wuxi,AQ1056,9 Air,text,Duration: 2h 40m,,True,2026-02-17T10:03:13.074645
2026-02-27,CAN,arrival,18:20,PEK Beijing,CA1301,Air China,text,Duration: 3h 25m,,True,2026-02-17T10:03:13.074650
2026-02-27,CAN,arrival,18:20,JNH Jiaxing,CZ3386,China Southern,text,Duration: 2h 20m,,True,2026-02-17T10:03:13.074655
2026-02-27,CAN,arrival,18:20,PKX Beijing,MU6311,China Eastern,text,Duration: 3h 25m,,True,2026-02-17T10:03:13.074660
2026-02-27,CAN,arrival,18:25,HAN Hanoi,CZ8316,China Southern,text,Duration: 1h 40m,,True,2026-02-17T10:03:13.074665
2026-02-27,CAN,arrival,18:25,SHA Shanghai,CZ3540,China Southern,text,Duration: 2h 35m,,True,2026-02-17T10:03:13.074671
2026-02-27,CAN,arrival,18:25,XIY Xian,HU7857,Hainan Airlines,text,Duration: 2h 55m,,True,2026-02-17T10:03:13.074676
2026-02-27,CAN,arrival,18:30,DZH Dazhou,CA4355,Air China,text,Duration: 2h 15m,,True,2026-02-17T10:03:13.074681
2026-02-27,CAN,arrival,18:30,CGO Zhengzhou,CZ5746,China Southern,text,Duration: 2h 30m,,True,2026-02-17T10:03:13.074686
2026-02-27,CAN,arrival,18:30,DLC Dalian,CZ3607,China Southern,text,Duration: 3h 55m,,True,2026-02-17T10:03:13.074691
2026-02-27,CAN,arrival,18:30,NKG Nanjing,CZ3822,China Southern,text,Duration: 2h 30m,,True,2026-02-17T10:03:13.074696
2026-02-27,CAN,arrival,18:30,YIH Yichang,CZ5348,China Southern,text,Duration: 1h 50m,,True,2026-02-17T10:03:13.074701
2026-02-27,CAN,arrival,18:35,TSN Tianjin,CA2803,Air China,text,Duration: 3h 20m,,True,2026-02-17T10:03:13.074706
2026-02-27,CAN,arrival,18:35,YNT Yantai,CZ8778,China Southern,text,Duration: 3h 50m,,True,2026-02-17T10:03:13.074711
2026-02-27,CAN,arrival,18:40,TAO Qingdao,CZ3800,China Southern,text,Duration: 3h 35m,,True,2026-02-17T10:03:13.074716
2026-02-27,CAN,arrival,18:40,LHW Lanzhou,MU2305,China Eastern,text,Duration: 3h 5m,,True,2026-02-17T10:03:13.074721
2026-02-27,CAN,arrival,18:40,TNA Jinan,SC1171,Shandong Airlines,text,Duration: 2h 50m,,True,2026-02-17T10:03:13.074726
2026-02-27,CAN,arrival,18:45,BKK Bangkok,CZ5096,China Southern,text,Duration: 3h 0m,,True,2026-02-17T10:03:13.074731
2026-02-27,CAN,arrival,18:45,CNX Chiang Mai,CZ8328,China Southern,text,Duration: 2h 25m,,True,2026-02-17T10:03:13.074737
2026-02-27,CAN,arrival,18:45,HAK Haikou,HU7007,Hainan Airlines,text,Duration: 1h 15m,,True,2026-02-17T10:03:13.074742
2026-02-27,CAN,arrival,18:50,AAT Altay,CZ5834,China Southern,text,Duration: 5h 15m,,True,2026-02-17T10:03:13.074747
2026-02-27,CAN,arrival,18:50,KTM Kathmandu,CZ6068,China Southern,text,Duration: 4h 5m,,True,2026-02-17T10:03:13.074752
2026-02-27,CAN,arrival,18:50,PKX Beijing,CZ3104,China Southern,text,Duration: 3h 20m,,True,2026-02-17T10:03:13.074758
2026-02-27,CAN,arrival,18:50,LJG Lijiang,JD5132,Capital Airlines,text,Duration: 2h 10m,,True,2026-02-17T10:03:13.074763
2026-02-27,CAN,arrival,18:50,PKX Beijing,KN5321,China United Airlines,text,Duration: 3h 20m,,True,2026-02-17T10:03:13.074768
2026-02-27,CAN,arrival,18:55,CTU Chengdu,CA4303,Air China,text,Duration: 2h 25m,,True,2026-02-17T10:03:13.074773
2026-02-27,CAN,arrival,18:55,SJW Shijiazhuang,CZ3132,China Southern,text,Duration: 3h 10m,,True,2026-02-17T10:03:13.074778
2026-02-27,CAN,arrival,18:55,WNZ Wenzhou,CZ3676,China Southern,text,Duration: 2h 10m,,True,2026-02-17T10:03:13.074783
2026-02-27,CAN,arrival,18:55,SHA Shanghai,FM9315,Shanghai Airlines,text,Duration: 2h 15m,,True,2026-02-17T10:03:13.074862
2026-02-27,CAN,arrival,18:55,CKG Chongqing,HU7242,Hainan Airlines,text,Duration: 2h 0m,,True,2026-02-17T10:03:13.074869
2026-02-27,CAN,arrival,18:55,PEK Beijing,HU7809,Hainan Airlines,text,Duration: 3h 25m,,True,2026-02-17T10:03:13.074874
2026-02-27,CAN,arrival,18:55,BEG Belgrade,JU988,Air Serbia,text,Duration: 11h 35m,,True,2026-02-17T10:03:13.074880
2026-02-27,CAN,arrival,18:55,XIY Xian,ZH9224,Shenzhen Airlines,text,Duration: 2h 25m,,True,2026-02-17T10:03:13.074885
2026-02-27,CAN,arrival,19:00,INC Yinchuan,CZ3270,China Southern,text,Duration: 3h 20m,,True,2026-02-17T10:03:13.074890
2026-02-27,CAN,arrival,19:00,XIY Xian,CZ3212,China Southern,text,Duration: 3h 0m,,True,2026-02-17T10:03:13.074896
2026-02-27,CAN,arrival,19:00,SHA Shanghai,HO1867,Juneyao Airlines,text,Duration: 2h 30m,,True,2026-02-17T10:03:13.074901
2026-02-27,CAN,arrival,19:00,KTI Phnom Penh,KR935,Cambodia Airways,text,Duration: 2h 55m,,True,2026-02-17T10:03:13.074906
2026-02-27,CAN,arrival,19:00,PVG Shanghai,MU5311,China Eastern,text,Duration: 2h 45m,,True,2026-02-17T10:03:13.074912
2026-02-27,CAN,arrival,19:05,CGQ Changchun,CZ6851,China Southern,text,Duration: 4h 50m,,True,2026-02-17T10:03:13.074918
2026-02-27,CAN,arrival,19:05,LUM Mangshi,MU5793,China Eastern,text,Duration: 2h 40m,,True,2026-02-17T10:03:13.074923
2026-02-27,CAN,arrival,19:10,HGH Hangzhou,CZ3802,China Southern,text,Duration: 2h 35m,,True,2026-02-17T10:03:13.074928
2026-02-27,CAN,arrival,19:10,KUL Kuala Lumpur,CZ3048,China Southern,text,Duration: 4h 25m,,True,2026-02-17T10:03:13.074934
2026-02-27,CAN,arrival,19:10,NRT Tokyo,CZ8102,China Southern,text,Duration: 5h 35m,,True,2026-02-17T10:03:13.074939
2026-02-27,CAN,arrival,19:10,PKX Beijing,JD5921,Capital Airlines,text,Duration: 3h 25m,,True,2026-02-17T10:03:13.074944
2026-02-27,CAN,arrival,19:10,NGB Ningbo,MU5237,China Eastern,text,Duration: 2h 20m,,True,2026-02-17T10:03:13.074949
2026-02-27,CAN,arrival,19:15,HQQ An Yang,CZ8250,China Southern,text,Duration: 2h 50m,,True,2026-02-17T10:03:13.074954
2026-02-27,CAN,arrival,19:15,YTY Yangzhou,CZ3942,China Southern,text,Duration: 2h 30m,,True,2026-02-17T10:03:13.074960
2026-02-27,CAN,arrival,19:15,HIA Huai'an,MU2869,China Eastern,text,Duration: 2h 55m,,True,2026-02-17T10:03:13.074965
2026-02-27,CAN,arrival,19:20,CKG Chongqing,CZ3426,China Southern,text,Duration: 2h 5m,,True,2026-02-17T10:03:13.074970
2026-02-27,CAN,arrival,19:20,FOC Fuzhou,CZ3878,China Southern,text,Duration: 2h 0m,,True,2026-02-17T10:03:13.074975
2026-02-27,CAN,arrival,19:20,HND Tokyo,CZ386,China Southern,text,Duration: 5h 15m,,True,2026-02-17T10:03:13.074980
2026-02-27,CAN,arrival,19:20,PVG Shanghai,HU7232,Hainan Airlines,text,Duration: 2h 50m,,True,2026-02-17T10:03:13.074985
2026-02-27,CAN,arrival,19:20,HGH Hangzhou,MU6992,China Eastern,text,Duration: 2h 30m,,True,2026-02-17T10:03:13.074990
2026-02-27,CAN,arrival,19:25,HGH Hangzhou,CA1797,Air China,text,Duration: 2h 40m,,True,2026-02-17T10:03:13.074995
2026-02-27,CAN,arrival,19:25,PEK Beijing,CA1365,Air China,text,Duration: 3h 25m,,True,2026-02-17T10:03:13.075000
2026-02-27,CAN,arrival,19:25,NNG Nanning,CZ3295,China Southern,text,Duration: 1h 5m,,True,2026-02-17T10:03:13.075005
2026-02-27,CAN,arrival,19:25,KMG Kunming,MU7637,China Eastern,text,Duration: 2h 0m,,True,2026-02-17T10:03:13.075010
2026-02-27,CAN,arrival,19:25,TAO Qingdao,SC4675,Shandong Airlines,text,Duration: 3h 25m,,True,2026-02-17T10:03:13.075016
2026-02-27,CAN,arrival,19:25,WUX Wuxi,ZH9828,Shenzhen Airlines,text,Duration: 2h 35m,,True,2026-02-17T10:03:13.075021
2026-02-27,CAN,arrival,19:30,ICN Seoul,CZ3062,China Southern,text,Duration: 4h 15m,,True,2026-02-17T10:03:13.075026
2026-02-27,CAN,arrival,19:30,SHA Shanghai,CZ3526,China Southern,text,Duration: 2h 40m,,True,2026-02-17T10:03:13.075031
2026-02-27,CAN,arrival,19:30,URC Urumqi,CZ6885,China Southern,text,Duration: 5h 5m,,True,2026-02-17T10:03:13.075036
2026-02-27,CAN,arrival,19:30,WUH Wuhan,CZ8721,China Southern,text,Duration: 2h 0m,,True,2026-02-17T10:03:13.075041
2026-02-27,CAN,arrival,19:35,CKG Chongqing,AQ1102,9 Air,text,Duration: 2h 5m,,True,2026-02-17T10:03:13.075046
2026-02-27,CAN,arrival,19:35,CGK Jakarta,CZ3038,China Southern,text,Duration: 5h 20m,,True,2026-02-17T10:03:13.075051
2026-02-27,CAN,arrival,19:35,WNH Wenshan,CZ6488,China Southern,text,Duration: 1h 45m,,True,2026-02-17T10:03:13.075056
2026-02-27,CAN,arrival,19:35,XIY Xian,MU6261,China Eastern,text,Duration: 2h 25m,,True,2026-02-17T10:03:13.075061
2026-02-27,CAN,arrival,19:40,CKG Chongqing,CA4341,Air China,text,Duration: 2h 0m,,True,2026-02-17T10:03:13.075066
2026-02-27,CAN,arrival,19:40,PVG Shanghai,CA1865,Air China,text,Duration: 2h 35m,,True,2026-02-17T10:03:13.075071
2026-02-27,CAN,arrival,19:40,BKK Bangkok,CZ3082,China Southern,text,Duration: 2h 55m,,True,2026-02-17T10:03:13.075076
2026-02-27,CAN,arrival,19:40,KWE Guiyang,CZ6419,China Southern,text,Duration: 1h 40m,,True,2026-02-17T10:03:13.075081
2026-02-27,CAN,arrival,19:40,VTE Vientiane,CZ6092,China Southern,text,Duration: 2h 15m,,True,2026-02-17T10:03:13.075088
2026-02-27,CAN,arrival,19:45,HAK Haikou,HU7009,Hainan Airlines,text,Duration: 1h 15m,,True,2026-02-17T10:03:13.075093
2026-02-27,CAN,arrival,19:45,WEH Weihai,MU6896,China Eastern,text,Duration: 3h 30m,,True,2026-02-17T10:03:13.075098
2026-02-27,CAN,arrival,19:45,LYI Linyi,ZH9482,Shenzhen Airlines,text,Duration: 2h 45m,,True,2026-02-17T10:03:13.075103
2026-02-27,CAN,arrival,19:50,KMG Kunming,3U8205,Sichuan Airlines,text,Duration: 2h 10m,,True,2026-02-17T10:03:13.075109
2026-02-27,CAN,arrival,19:50,TYN Taiyuan,CZ6528,China Southern,text,Duration: 3h 0m,,True,2026-02-17T10:03:13.075114
2026-02-27,CAN,arrival,19:50,PKX Beijing,MU6309,China Eastern,text,Duration: 3h 5m,,True,2026-02-17T10:03:13.075119
2026-02-27,CAN,arrival,19:50,LHW Lanzhou,ZH9472,Shenzhen Airlines,text,Duration: 2h 40m,,True,2026-02-17T10:03:13.075194
2026-02-27,CAN,arrival,19:55,CSX Changsha,CZ5591,China Southern,text,Duration: 1h 45m,,True,2026-02-17T10:03:13.075201
2026-02-27,CAN,arrival,19:55,CTU Chengdu,CZ3472,China Southern,text,Duration: 2h 25m,,True,2026-02-17T10:03:13.075206
2026-02-27,CAN,arrival,19:55,YIH Yichang,CZ5660,China Southern,text,Duration: 1h 45m,,True,2026-02-17T10:03:13.075211
2026-02-27,CAN,arrival,19:55,PEK Beijing,HU7811,Hainan Airlines,text,Duration: 3h 25m,,True,2026-02-17T10:03:13.075216
2026-02-27,CAN,arrival,19:55,HAK Haikou,ZH8992,Shenzhen Airlines,text,Duration: 1h 15m,,True,2026-02-17T10:03:13.075221
2026-02-27,CAN,arrival,20:00,KTI Phnom Penh,CZ6060,China Southern,text,Duration: 2h 50m,,True,2026-02-17T10:03:13.075227
2026-02-27,CAN,arrival,20:00,PKX Beijing,CZ3180,China Southern,text,Duration: 3h 30m,,True,2026-02-17T10:03:13.075232
2026-02-27,CAN,arrival,20:00,YIW Yiwu,CZ3636,China Southern,text,Duration: 2h 20m,,True,2026-02-17T10:03:13.075237
2026-02-27,CAN,arrival,20:00,HGH Hangzhou,MF8311,XiamenAir,text,Duration: 2h 30m,,True,2026-02-17T10:03:13.075243
2026-02-27,CAN,arrival,20:00,PKX Beijing,MF8339,XiamenAir,text,Duration: 3h 35m,,True,2026-02-17T10:03:13.075248
2026-02-27,CAN,arrival,20:05,KIX Osaka,CZ8108,China Southern,text,Duration: 5h 5m,,True,2026-02-17T10:03:13.075253
2026-02-27,CAN,arrival,20:05,SGN Ho Chi Minh City,CZ374,China Southern,text,Duration: 2h 55m,,True,2026-02-17T10:03:13.075259
2026-02-27,CAN,arrival,20:05,TNA Jinan,SC1175,Shandong Airlines,text,Duration: 2h 55m,,True,2026-02-17T10:03:13.075264
2026-02-27,CAN,arrival,20:10,DLC Dalian,CZ6457,China Southern,text,Duration: 4h 10m,,True,2026-02-17T10:03:13.075269
2026-02-27,CAN,arrival,20:10,NBS Baishan,CZ3360,China Southern,text,Duration: 4h 40m,,True,2026-02-17T10:03:13.075274
2026-02-27,CAN,arrival,20:10,SHA Shanghai,HO1851,Juneyao Airlines,text,Duration: 2h 35m,,True,2026-02-17T10:03:13.075280
2026-02-27,CAN,arrival,20:15,KMG Kunming,8L9975,Lucky Air,text,Duration: 2h 0m,,True,2026-02-17T10:03:13.075285
2026-02-27,CAN,arrival,20:15,TFU Chengdu,HU7252,Hainan Airlines,text,Duration: 2h 15m,,True,2026-02-17T10:03:13.075290
2026-02-27,CAN,arrival,20:15,KMG Kunming,KY8281,Kunming Airlines,text,Duration: 2h 15m,,True,2026-02-17T10:03:13.075295
2026-02-27,CAN,arrival,20:15,SHA Shanghai,MU9199,China Eastern,text,Duration: 2h 45m,,True,2026-02-17T10:03:13.075301
2026-02-27,CAN,arrival,20:20,CTU Chengdu,3U8737,Sichuan Airlines,text,Duration: 2h 20m,,True,2026-02-17T10:03:13.075306
2026-02-27,CAN,arrival,20:20,KUL Kuala Lumpur,AK116,AirAsia,text,Duration: 4h 10m,,True,2026-02-17T10:03:13.075311
2026-02-27,CAN,arrival,20:20,NKG Nanjing,AQ1034,9 Air,text,Duration: 2h 35m,,True,2026-02-17T10:03:13.075316
2026-02-27,CAN,arrival,20:20,LJG Lijiang,CZ3424,China Southern,text,Duration: 2h 25m,,True,2026-02-17T10:03:13.075321
2026-02-27,CAN,arrival,20:20,NKG Nanjing,CZ3700,China Southern,text,Duration: 2h 25m,,True,2026-02-17T10:03:13.075326
2026-02-27,CAN,arrival,20:20,SQJ Sanming,CZ8608,China Southern,text,Duration: 1h 35m,,True,2026-02-17T10:03:13.075331
2026-02-27,CAN,arrival,20:25,NGB Ningbo,CZ8294,China Southern,text,Duration: 2h 35m,,True,2026-02-17T10:03:13.075336
2026-02-27,CAN,arrival,20:30,SHA Shanghai,9C8931,Spring Airlines,text,Duration: 2h 25m,,True,2026-02-17T10:03:13.075342
2026-02-27,CAN,arrival,20:30,MNL Manila,CZ398,China Southern,text,Duration: 2h 35m,,True,2026-02-17T10:03:13.075347
2026-02-27,CAN,arrival,20:30,WUH Wuhan,CZ3706,China Southern,text,Duration: 2h 0m,,True,2026-02-17T10:03:13.075352
2026-02-27,CAN,arrival,20:30,TSN Tianjin,MF8355,XiamenAir,text,Duration: 3h 15m,,True,2026-02-17T10:03:13.075357
2026-02-27,CAN,arrival,20:35,CGO Zhengzhou,CZ5486,China Southern,text,Duration: 2h 30m,,True,2026-02-17T10:03:13.075362
2026-02-27,CAN,arrival,20:40,WUH Wuhan,MU2551,China Eastern,text,Duration: 2h 0m,,True,2026-02-17T10:03:13.075367
2026-02-27,CAN,arrival,20:45,KMG Kunming,CZ3450,China Southern,text,Duration: 2h 5m,,True,2026-02-17T10:03:13.075373
2026-02-27,CAN,arrival,20:50,SYX Sanya,CZ6749,China Southern,text,Duration: 1h 35m,,True,2026-02-17T10:03:13.075378
2026-02-27,CAN,arrival,20:50,XIY Xian,CZ3208,China Southern,text,Duration: 2h 50m,,True,2026-02-17T10:03:13.075383
2026-02-27,CAN,arrival,20:50,NKG Nanjing,HU7314,Hainan Airlines,text,Duration: 2h 25m,,True,2026-02-17T10:03:13.075388
2026-02-27,CAN,arrival,20:50,HFE Hefei,MU6552,China Eastern,text,Duration: 2h 20m,,True,2026-02-17T10:03:13.075393
2026-02-27,CAN,arrival,20:50,HFE Hefei,ZH9988,Shenzhen Airlines,text,Duration: 2h 10m,,True,2026-02-17T10:03:13.075399
2026-02-27,CAN,arrival,20:55,WNZ Wenzhou,CA8305,Air China,text,Duration: 2h 5m,,True,2026-02-17T10:03:13.075404
2026-02-27,CAN,arrival,20:55,CGQ Changchun,CZ5176,China Southern,text,Duration: 4h 40m,,True,2026-02-17T10:03:13.075409
2026-02-27,CAN,arrival,20:55,TFU Chengdu,CZ3440,China Southern,text,Duration: 2h 25m,,True,2026-02-17T10:03:13.075414
2026-02-27,CAN,arrival,20:55,WUX Wuxi,CZ3298,China Southern,text,Duration: 2h 40m,,True,2026-02-17T10:03:13.075419
2026-02-27,CAN,arrival,21:00,TFU Chengdu,CA4309,Air China,text,Duration: 2h 30m,,True,2026-02-17T10:03:13.075424
2026-02-27,CAN,arrival,21:00,HKG Hong Kong,CX940,Cathay Pacific,text,Duration: 1h 5m,,True,2026-02-17T10:03:13.075430
2026-02-27,CAN,arrival,21:00,HRB Harbin,CZ3914,China Southern,text,Duration: 4h 45m,,True,2026-02-17T10:03:13.075435
2026-02-27,CAN,arrival,21:00,NNY Nanyang,CZ5642,China Southern,text,Duration: 2h 5m,,True,2026-02-17T10:03:13.075440
2026-02-27,CAN,arrival,21:00,SHE Shenyang,CZ6307,China Southern,text,Duration: 4h 30m,,True,2026-02-17T10:03:13.075446
2026-02-27,CAN,arrival,21:05,URC Urumqi,CA9674,Air China,text,Duration: 5h 40m,,True,2026-02-17T10:03:13.075451
2026-02-27,CAN,arrival,21:05,HGH Hangzhou,CZ3502,China Southern,text,Duration: 2h 30m,,True,2026-02-17T10:03:13.075524
2026-02-27,CAN,arrival,21:05,PKX Beijing,CZ3122,China Southern,text,Duration: 3h 35m,,True,2026-02-17T10:03:13.075530
2026-02-27,CAN,arrival,21:05,DLU Dali City,MU9741,China Eastern,text,Duration: 2h 20m,,True,2026-02-17T10:03:13.075536
2026-02-27,CAN,arrival,21:05,TFU Chengdu,MU6185,China Eastern,text,Duration: 2h 20m,,True,2026-02-17T10:03:13.075541
2026-02-27,CAN,arrival,21:05,CZX Changzhou,ZH9654,Shenzhen Airlines,text,Duration: 2h 30m,,True,2026-02-17T10:03:13.075546
2026-02-27,CAN,arrival,21:10,NTG Nantong,CZ3640,China Southern,text,Duration: 2h 50m,,True,2026-02-17T10:03:13.075551
2026-02-27,CAN,arrival,21:10,PVG Shanghai,CZ3831,China Southern,text,Duration: 2h 45m,,True,2026-02-17T10:03:13.075556
2026-02-27,CAN,arrival,21:10,ZHA Zhanjiang,CZ3332,China Southern,text,Duration: 1h 10m,,True,2026-02-17T10:03:13.075562
2026-02-27,CAN,arrival,21:10,SJW Shijiazhuang,NS3657,Hebei Airlines,text,Duration: 3h 0m,,True,2026-02-17T10:03:13.075567
2026-02-27,CAN,arrival,21:10,TNA Jinan,ZH9978,Shenzhen Airlines,text,Duration: 3h 0m,,True,2026-02-17T10:03:13.075572
2026-02-27,CAN,arrival,21:15,KUL Kuala Lumpur,CZ8012,China Southern,text,Duration: 4h 20m,,True,2026-02-17T10:03:13.075577
2026-02-27,CAN,arrival,21:15,KWE Guiyang,CZ6394,China Southern,text,Duration: 1h 40m,,True,2026-02-17T10:03:13.075582
2026-02-27,CAN,arrival,21:20,JNG Jining,CZ5672,China Southern,text,Duration: 2h 50m,,True,2026-02-17T10:03:13.075588
2026-02-27,CAN,arrival,21:20,SHA Shanghai,MU5327,China Eastern,text,Duration: 2h 50m,,True,2026-02-17T10:03:13.075593
2026-02-27,CAN,arrival,21:20,LJG Lijiang,OQ2112,Chongqing Airlines,text,Duration: 2h 40m,,True,2026-02-17T10:03:13.075598
2026-02-27,CAN,arrival,21:25,PEK Beijing,CA1309,Air China,text,Duration: 3h 25m,,True,2026-02-17T10:03:13.075603
2026-02-27,CAN,arrival,21:25,TSN Tianjin,CA2805,Air China,text,Duration: 3h 25m,,True,2026-02-17T10:03:13.075608
2026-02-27,CAN,arrival,21:25,HAK Haikou,CZ6787,China Southern,text,Duration: 1h 25m,,True,2026-02-17T10:03:13.075613
2026-02-27,CAN,arrival,21:25,NGB Ningbo,CZ3372,China Southern,text,Duration: 2h 25m,,True,2026-02-17T10:03:13.075618
2026-02-27,CAN,arrival,21:30,DLC Dalian,CZ6447,China Southern,text,Duration: 4h 0m,,True,2026-02-17T10:03:13.075623
2026-02-27,CAN,arrival,21:30,FUG Fuyang,CZ5840,China Southern,text,Duration: 2h 20m,,True,2026-02-17T10:03:13.075628
2026-02-27,CAN,arrival,21:30,LYG Lianyungang,CZ3234,China Southern,text,Duration: 2h 50m,,True,2026-02-17T10:03:13.075633
2026-02-27,CAN,arrival,21:30,HGH Hangzhou,GJ8995,Loong Air,text,Duration: 2h 25m,,True,2026-02-17T10:03:13.075638
2026-02-27,CAN,arrival,21:30,CKG Chongqing,HU7442,Hainan Airlines,text,Duration: 2h 0m,,True,2026-02-17T10:03:13.075645
2026-02-27,CAN,arrival,21:30,NKG Nanjing,MU9767,China Eastern,text,Duration: 2h 40m,,True,2026-02-17T10:03:13.075650
2026-02-27,CAN,arrival,21:30,HGH Hangzhou,ZH9982,Shenzhen Airlines,text,Duration: 2h 20m,,True,2026-02-17T10:03:13.075655
2026-02-27,CAN,arrival,21:35,CGO Zhengzhou,CZ3959,China Southern,text,Duration: 2h 35m,,True,2026-02-17T10:03:13.075660
2026-02-27,CAN,arrival,21:35,KUL Kuala Lumpur,CZ8348,China Southern,text,Duration: 4h 20m,,True,2026-02-17T10:03:13.075665
2026-02-27,CAN,arrival,21:35,XNT Xingtai,CZ8246,China Southern,text,Duration: 2h 55m,,True,2026-02-17T10:03:13.075670
2026-02-27,CAN,arrival,21:40,XIY Xian,HU7847,Hainan Airlines,text,Duration: 2h 50m,,True,2026-02-17T10:03:13.075675
2026-02-27,CAN,arrival,21:45,LZO Luzhou,3U3052,Sichuan Airlines,text,Duration: 1h 55m,,True,2026-02-17T10:03:13.075681
2026-02-27,CAN,arrival,21:45,NKG Nanjing,CZ3856,China Southern,text,Duration: 2h 30m,,True,2026-02-17T10:03:13.075686
2026-02-27,CAN,arrival,21:45,URC Urumqi,CZ6881,China Southern,text,Duration: 5h 0m,,True,2026-02-17T10:03:13.075691
2026-02-27,CAN,arrival,21:45,DXB Dubai,EK362,Emirates,text,Duration: 6h 55m,,True,2026-02-17T10:03:13.075696
2026-02-27,CAN,arrival,21:50,PKX Beijing,CZ3100,China Southern,text,Duration: 3h 20m,,True,2026-02-17T10:03:13.075701
2026-02-27,CAN,arrival,21:50,TYN Taiyuan,CZ3696,China Southern,text,Duration: 2h 55m,,True,2026-02-17T10:03:13.075706
2026-02-27,CAN,arrival,21:50,WNZ Wenzhou,CZ3528,China Southern,text,Duration: 2h 15m,,True,2026-02-17T10:03:13.075712
2026-02-27,CAN,arrival,21:50,WUH Wuhan,CZ3347,China Southern,text,Duration: 1h 50m,,True,2026-02-17T10:03:13.075717
2026-02-27,CAN,arrival,21:55,CKG Chongqing,3U8749,Sichuan Airlines,text,Duration: 1h 45m,,True,2026-02-17T10:03:13.075722
2026-02-27,CAN,arrival,21:55,BKK Bangkok,CZ8024,China Southern,text,Duration: 2h 50m,,True,2026-02-17T10:03:13.075728
2026-02-27,CAN,arrival,21:55,HGH Hangzhou,CZ3848,China Southern,text,Duration: 2h 20m,,True,2026-02-17T10:03:13.075733
2026-02-27,CAN,arrival,21:55,HKT Phuket,CZ6064,China Southern,text,Duration: 3h 30m,,True,2026-02-17T10:03:13.075739
2026-02-27,CAN,arrival,21:55,XIY Xian,MU2311,China Eastern,text,Duration: 2h 45m,,True,2026-02-17T10:03:13.075744
2026-02-27,CAN,arrival,22:00,SHA Shanghai,MU5315,China Eastern,text,Duration: 2h 40m,,True,2026-02-17T10:03:13.075749
2026-02-27,CAN,arrival,22:00,CGO Zhengzhou,PN6379,West Air (China),text,Duration: 2h 25m,,True,2026-02-17T10:03:13.075754
2026-02-27,CAN,arrival,22:00,HFE Hefei,ZH9990,Shenzhen Airlines,text,Duration: 2h 10m,,True,2026-02-17T10:03:13.075759
2026-02-27,CAN,arrival,22:00,PVG Shanghai,ZH9536,Shenzhen Airlines,text,Duration: 3h 5m,,True,2026-02-17T10:03:13.075764
2026-02-27,CAN,arrival,22:00,WUX Wuxi,ZH9830,Shenzhen Airlines,text,Duration: 2h 40m,,True,2026-02-17T10:03:13.075770
2026-02-27,CAN,arrival,22:05,SIN Singapore,CZ3040,China Southern,text,Duration: 4h 15m,,True,2026-02-17T10:03:13.075775
2026-02-27,CAN,arrival,22:05,TSN Tianjin,CZ3144,China Southern,text,Duration: 3h 15m,,True,2026-02-17T10:03:13.075780
2026-02-27,CAN,arrival,22:05,YIW Yiwu,CZ3728,China Southern,text,Duration: 2h 10m,,True,2026-02-17T10:03:13.075879
2026-02-27,CAN,arrival,22:05,KHN Nanchang,MU5231,China Eastern,text,Duration: 1h 45m,,True,2026-02-17T10:03:13.075885
2026-02-27,CAN,arrival,22:05,YTY Yangzhou,ZH9694,Shenzhen Airlines,text,Duration: 2h 35m,,True,2026-02-17T10:03:13.075891
2026-02-27,CAN,arrival,22:10,HFE Hefei,AQ1128,9 Air,text,Duration: 2h 30m,,True,2026-02-17T10:03:13.075896
2026-02-27,CAN,arrival,22:10,PVG Shanghai,AQ1012,9 Air,text,Duration: 2h 45m,,True,2026-02-17T10:03:13.075902
2026-02-27,CAN,arrival,22:10,FOC Fuzhou,CZ3648,China Southern,text,Duration: 2h 0m,,True,2026-02-17T10:03:13.075907
2026-02-27,CAN,arrival,22:10,SYX Sanya,CZ6737,China Southern,text,Duration: 1h 45m,,True,2026-02-17T10:03:13.075912
2026-02-27,CAN,arrival,22:15,TFU Chengdu,3U6709,Sichuan Airlines,text,Duration: 2h 20m,,True,2026-02-17T10:03:13.075917
2026-02-27,CAN,arrival,22:15,CTU Chengdu,CZ3418,China Southern,text,Duration: 2h 45m,,True,2026-02-17T10:03:13.075922
2026-02-27,CAN,arrival,22:15,WMT Zunyi,CZ3314,China Southern,text,Duration: 1h 50m,,True,2026-02-17T10:03:13.075927
2026-02-27,CAN,arrival,22:15,TFU Chengdu,HU7352,Hainan Airlines,text,Duration: 2h 15m,,True,2026-02-17T10:03:13.075932
2026-02-27,CAN,arrival,22:15,LUM Mangshi,OQ2026,Chongqing Airlines,text,Duration: 2h 30m,,True,2026-02-17T10:03:13.075937
2026-02-27,CAN,arrival,22:15,SHE Shenyang,ZH9656,Shenzhen Airlines,text,Duration: 4h 30m,,True,2026-02-17T10:03:13.075942
2026-02-27,CAN,arrival,22:20,TAO Qingdao,CZ3574,China Southern,text,Duration: 3h 35m,,True,2026-02-17T10:03:13.075947
2026-02-27,CAN,arrival,22:20,TNA Jinan,CZ3712,China Southern,text,Duration: 3h 10m,,True,2026-02-17T10:03:13.075952
2026-02-27,CAN,arrival,22:20,NGB Ningbo,HU7234,Hainan Airlines,text,Duration: 2h 20m,,True,2026-02-17T10:03:13.075957
2026-02-27,CAN,arrival,22:25,CTU Chengdu,CA4328,Air China,text,Duration: 2h 25m,,True,2026-02-17T10:03:13.075962
2026-02-27,CAN,arrival,22:25,SHA Shanghai,CA1830,Air China,text,Duration: 2h 30m,,True,2026-02-17T10:03:13.075967
2026-02-27,CAN,arrival,22:25,CNX Chiang Mai,CZ3034,China Southern,text,Duration: 2h 35m,,True,2026-02-17T10:03:13.075972
2026-02-27,CAN,arrival,22:25,CXR Nha Trang,CZ6050,China Southern,text,Duration: 2h 40m,,True,2026-02-17T10:03:13.075978
2026-02-27,CAN,arrival,22:25,HAN Hanoi,CZ8178,China Southern,text,Duration: 1h 40m,,True,2026-02-17T10:03:13.075983
2026-02-27,CAN,arrival,22:25,HET Hohhot,CZ3308,China Southern,text,Duration: 3h 25m,,True,2026-02-17T10:03:13.075988
2026-02-27,CAN,arrival,22:25,KMG Kunming,CZ3500,China Southern,text,Duration: 2h 10m,,True,2026-02-17T10:03:13.075993
2026-02-27,CAN,arrival,22:30,BKI Kota Kinabalu,CZ8336,China Southern,text,Duration: 3h 25m,,True,2026-02-17T10:03:13.075999
2026-02-27,CAN,arrival,22:30,LIJ Lishui,CZ3868,China Southern,text,Duration: 2h 20m,,True,2026-02-17T10:03:13.076004
2026-02-27,CAN,arrival,22:30,XMN Xiamen,CZ3806,China Southern,text,Duration: 1h 45m,,True,2026-02-17T10:03:13.076009
2026-02-27,CAN,arrival,22:30,HRB Harbin,ZH9678,Shenzhen Airlines,text,Duration: 5h 5m,,True,2026-02-17T10:03:13.076014
2026-02-27,CAN,arrival,22:35,CGO Zhengzhou,CZ6632,China Southern,text,Duration: 2h 35m,,True,2026-02-17T10:03:13.076019
2026-02-27,CAN,arrival,22:35,HRB Harbin,CZ6166,China Southern,text,Duration: 5h 5m,,True,2026-02-17T10:03:13.076024
2026-02-27,CAN,arrival,22:35,SWA Jieyang,CZ3891,China Southern,text,Duration: 1h 15m,,True,2026-02-17T10:03:13.076030
2026-02-27,CAN,arrival,22:35,HRB Harbin,MU9376,China Eastern,text,Duration: 4h 55m,,True,2026-02-17T10:03:13.076034
2026-02-27,CAN,arrival,22:35,CKG Chongqing,PN6205,West Air (China),text,Duration: 2h 5m,,True,2026-02-17T10:03:13.076039
2026-02-27,CAN,arrival,22:40,PEK Beijing,CA1379,Air China,text,Duration: 3h 25m,,True,2026-02-17T10:03:13.076045
2026-02-27,CAN,arrival,22:40,KHN Nanchang,CZ8532,China Southern,text,Duration: 1h 40m,,True,2026-02-17T10:03:13.076050
2026-02-27,CAN,arrival,22:40,KUL Kuala Lumpur,CZ8302,China Southern,text,Duration: 4h 20m,,True,2026-02-17T10:03:13.076055
2026-02-27,CAN,arrival,22:40,SHA Shanghai,CZ3504,China Southern,text,Duration: 2h 35m,,True,2026-02-17T10:03:13.076060
2026-02-27,CAN,arrival,22:45,PKX Beijing,CA8394,Air China,text,Duration: 3h 15m,,True,2026-02-17T10:03:13.076065
2026-02-27,CAN,arrival,22:50,CTU Chengdu,3U8739,Sichuan Airlines,text,Duration: 2h 20m,,True,2026-02-17T10:03:13.076070
2026-02-27,CAN,arrival,22:50,PEN Penang,CZ5048,China Southern,text,Duration: 3h 50m,,True,2026-02-17T10:03:13.076075
2026-02-27,CAN,arrival,22:50,PKX Beijing,CZ3110,China Southern,text,Duration: 3h 20m,,True,2026-02-17T10:03:13.076080
2026-02-27,CAN,arrival,22:50,TFU Chengdu,ZH9444,Shenzhen Airlines,text,Duration: 2h 20m,,True,2026-02-17T10:03:13.076085
2026-02-27,CAN,arrival,22:55,SGN Ho Chi Minh City,9C7348,Spring Airlines,text,Duration: 3h 0m,,True,2026-02-17T10:03:13.076091
2026-02-27,CAN,arrival,22:55,NGB Ningbo,CZ3322,China Southern,text,Duration: 2h 40m,,True,2026-02-17T10:03:13.076096
2026-02-27,CAN,arrival,22:55,CGO Zhengzhou,HU7284,Hainan Airlines,text,Duration: 2h 30m,,True,2026-02-17T10:03:13.076101
2026-02-27,CAN,arrival,22:55,NKG Nanjing,HU7214,Hainan Airlines,text,Duration: 2h 15m,,True,2026-02-17T10:03:13.076106
2026-02-27,CAN,arrival,23:00,LYG Lianyungang,CZ5358,China Southern,text,Duration: 2h 45m,,True,2026-02-17T10:03:13.076112
2026-02-27,CAN,arrival,23:00,NKG Nanjing,CZ3514,China Southern,text,Duration: 2h 50m,,True,2026-02-17T10:03:13.076117
2026-02-27,CAN,arrival,23:00,DMK Bangkok,FD532,Thai AirAsia,text,Duration: 3h 5m,,True,2026-02-17T10:03:13.076122
2026-02-27,CAN,arrival,23:00,PEK Beijing,HU7813,Hainan Airlines,text,Duration: 3h 30m,,True,2026-02-17T10:03:13.076127
2026-02-27,CAN,arrival,23:00,NTG Nantong,ZH8694,Shenzhen Airlines,text,Duration: 2h 40m,,True,2026-02-17T10:03:13.076132
2026-02-27,CAN,arrival,23:00,YTY Yangzhou,ZH8910,Shenzhen Airlines,text,Duration: 2h 25m,,True,2026-02-17T10:03:13.076214
2026-02-27,CAN,arrival,23:05,BKK Bangkok,CZ364,China Southern,text,Duration: 3h 10m,,True,2026-02-17T10:03:13.076220
2026-02-27,CAN,arrival,23:05,LFQ Qiaoli,CZ8928,China Southern,text,Duration: 3h 0m,,True,2026-02-17T10:03:13.076226
2026-02-27,CAN,arrival,23:05,XIY Xian,CZ3218,China Southern,text,Duration: 3h 5m,,True,2026-02-17T10:03:13.076231
2026-02-27,CAN,arrival,23:05,SHA Shanghai,MU5317,China Eastern,text,Duration: 2h 40m,,True,2026-02-17T10:03:13.076236
2026-02-27,CAN,arrival,23:05,LHW Lanzhou,OQ2132,Chongqing Airlines,text,Duration: 3h 10m,,True,2026-02-17T10:03:13.076241
2026-02-27,CAN,arrival,23:05,NKG Nanjing,ZH9874,Shenzhen Airlines,text,Duration: 2h 35m,,True,2026-02-17T10:03:13.076246
2026-02-27,CAN,arrival,23:10,DZH Dazhou,CZ3264,China Southern,text,Duration: 2h 25m,,True,2026-02-17T10:03:13.076252
2026-02-27,CAN,arrival,23:10,HFE Hefei,CZ3818,China Southern,text,Duration: 2h 30m,,True,2026-02-17T10:03:13.076257
2026-02-27,CAN,arrival,23:10,HGH Hangzhou,CZ3830,China Southern,text,Duration: 2h 35m,,True,2026-02-17T10:03:13.076262
2026-02-27,CAN,arrival,23:10,PVG Shanghai,CZ8212,China Southern,text,Duration: 2h 45m,,True,2026-02-17T10:03:13.076267
2026-02-27,CAN,arrival,23:10,SHE Shenyang,CZ6339,China Southern,text,Duration: 4h 40m,,True,2026-02-17T10:03:13.076274
2026-02-27,CAN,arrival,23:10,WDS Shiyan,CZ5332,China Southern,text,Duration: 2h 10m,,True,2026-02-17T10:03:13.076279
2026-02-27,CAN,arrival,23:15,BKI Kota Kinabalu,AK1530,AirAsia,text,Duration: 3h 10m,,True,2026-02-17T10:03:13.076284
2026-02-27,CAN,arrival,23:15,CKG Chongqing,CA4353,Air China,text,Duration: 2h 10m,,True,2026-02-17T10:03:13.076290
2026-02-27,CAN,arrival,23:15,XFN Xiangyang,CZ3362,China Southern,text,Duration: 2h 20m,,True,2026-02-17T10:03:13.076295
2026-02-27,CAN,arrival,23:15,CKG Chongqing,OQ2325,Chongqing Airlines,text,Duration: 2h 20m,,True,2026-02-17T10:03:13.076300
2026-02-27,CAN,arrival,23:20,LYI Linyi,CZ5670,China Southern,text,Duration: 3h 0m,,True,2026-02-17T10:03:13.076306
2026-02-27,CAN,arrival,23:20,YCU Yuncheng,CZ3986,China Southern,text,Duration: 3h 0m,,True,2026-02-17T10:03:13.076311
2026-02-27,CAN,arrival,23:20,YNZ Yancheng,CZ8216,China Southern,text,Duration: 2h 50m,,True,2026-02-17T10:03:13.076316
2026-02-27,CAN,arrival,23:20,SJW Shijiazhuang,OQ2136,Chongqing Airlines,text,Duration: 3h 20m,,True,2026-02-17T10:03:13.076321
2026-02-27,CAN,arrival,23:25,NGB Ningbo,CA4584,Air China,text,Duration: 2h 25m,,True,2026-02-17T10:03:13.076326
2026-02-27,CAN,arrival,23:25,HAK Haikou,CZ6779,China Southern,text,Duration: 1h 25m,,True,2026-02-17T10:03:13.076331
2026-02-27,CAN,arrival,23:25,MIG Mian Yang,CZ3400,China Southern,text,Duration: 2h 25m,,True,2026-02-17T10:03:13.076337
2026-02-27,CAN,arrival,23:25,HAK Haikou,HU7011,Hainan Airlines,text,Duration: 1h 20m,,True,2026-02-17T10:03:13.076342
2026-02-27,CAN,arrival,23:25,TNA Jinan,HU7210,Hainan Airlines,text,Duration: 3h 5m,,True,2026-02-17T10:03:13.076347
2026-02-27,CAN,arrival,23:25,HRB Harbin,JD5166,Capital Airlines,text,Duration: 4h 30m,,True,2026-02-17T10:03:13.076352
2026-02-27,CAN,arrival,23:30,AKA Ankang,CZ3266,China Southern,text,Duration: 2h 15m,,True,2026-02-17T10:03:13.076357
2026-02-27,CAN,arrival,23:30,NAO Nanchong,CZ3294,China Southern,text,Duration: 2h 5m,,True,2026-02-17T10:03:13.076362
2026-02-27,CAN,arrival,23:30,YNT Yantai,CZ5466,China Southern,text,Duration: 3h 30m,,True,2026-02-17T10:03:13.076367
2026-02-27,CAN,arrival,23:35,LHW Lanzhou,9C7396,Spring Airlines,text,Duration: 3h 30m,,True,2026-02-17T10:03:13.076372
2026-02-27,CAN,arrival,23:35,JHG Jinghong,OQ2106,Chongqing Airlines,text,Duration: 2h 20m,,True,2026-02-17T10:03:13.076377
2026-02-27,CAN,arrival,23:35,TAO Qingdao,ZH9994,Shenzhen Airlines,text,Duration: 3h 30m,,True,2026-02-17T10:03:13.076382
2026-02-27,CAN,arrival,23:35,WUX Wuxi,ZH9832,Shenzhen Airlines,text,Duration: 2h 35m,,True,2026-02-17T10:03:13.076388
2026-02-27,CAN,arrival,23:40,CGO Zhengzhou,CZ3395,China Southern,text,Duration: 2h 30m,,True,2026-02-17T10:03:13.076393
2026-02-27,CAN,arrival,23:45,SHA Shanghai,9C6883,Spring Airlines,text,Duration: 2h 30m,,True,2026-02-17T10:03:13.076398
2026-02-27,CAN,arrival,23:45,BKK Bangkok,CZ8020,China Southern,text,Duration: 2h 50m,,True,2026-02-17T10:03:13.076403
2026-02-27,CAN,arrival,23:45,HET Hohhot,CZ3254,China Southern,text,Duration: 3h 20m,,True,2026-02-17T10:03:13.076408
2026-02-27,CAN,arrival,23:45,PKX Beijing,CZ3178,China Southern,text,Duration: 3h 15m,,True,2026-02-17T10:03:13.076413
2026-02-27,CAN,arrival,23:45,HGH Hangzhou,ZH9984,Shenzhen Airlines,text,Duration: 2h 20m,,True,2026-02-17T10:03:13.076418
2026-02-27,CAN,arrival,23:50,CGD Changde,CZ3248,China Southern,text,Duration: 1h 45m,,True,2026-02-17T10:03:13.076424
2026-02-27,CAN,arrival,23:50,CGQ Changchun,CZ6377,China Southern,text,Duration: 4h 55m,,True,2026-02-17T10:03:13.076429
2026-02-27,CAN,arrival,23:50,TYN Taiyuan,CZ3952,China Southern,text,Duration: 2h 55m,,True,2026-02-17T10:03:13.076434
2026-02-27,CAN,arrival,23:50,XIY Xian,CZ3204,China Southern,text,Duration: 2h 50m,,True,2026-02-17T10:03:13.076439
2026-02-27,CAN,arrival,23:50,TYN Taiyuan,HU7250,Hainan Airlines,text,Duration: 2h 50m,,True,2026-02-17T10:03:13.076444
2026-02-27,CAN,arrival,23:50,NKG Nanjing,ZH9870,Shenzhen Airlines,text,Duration: 2h 25m,,True,2026-02-17T10:03:13.076449
2026-02-27,CAN,arrival,23:55,URC Urumqi,CZ6887,China Southern,text,Duration: 5h 10m,,True,2026-02-17T10:03:13.076454
2026-02-27,CAN,arrival,23:55,CGO Zhengzhou,HU7288,Hainan Airlines,text,Duration: 2h 40m,,True,2026-02-17T10:03:13.076459
2026-02-27,CAN,arrival,23:55,PEK Beijing,HU7815,Hainan Airlines,text,Duration: 3h 25m,,True,2026-02-17T10:03:13.076464
2026-02-27,CAN,arrival,23:55,NKG Nanjing,ZH9876,Shenzhen Airlines,text,Duration: 2h 30m,,True,2026-02-17T10:03:13.076470
2026-02-27,CAN,arrival,23:55,WNZ Wenzhou,ZH9964,Shenzhen Airlines,text,Duration: 2h 0m,,True,2026-02-17T10:03:13.076555
