date,airport,direction,time,destination,flight,airline,airline_source,duration,aircraft,page_date_verified,scraped_at
2026-10-15,CAN,departure,00:10,IST Istanbul,CZ8065,China Southern,text,Duration: 11h 5m,,True,2026-02-17T20:02:50.740995
2026-10-15,CAN,departure,00:10,DMK Bangkok,FD531,Thai AirAsia,text,Duration: 2h 45m,,True,2026-02-17T20:02:50.741021
2026-10-15,CAN,departure,00:20,DXB Dubai,EK363,Emirates,text,Duration: 7h 40m,,True,2026-02-17T20:02:50.741033
2026-10-15,CAN,departure,00:25,BKI Kota Kinabalu,AK1535,AirAsia,text,Duration: 3h 10m,,True,2026-02-17T20:02:50.741046
2026-10-15,CAN,departure,00:25,CDG Paris,CZ347,China Southern,text,Duration: 12h 35m,,True,2026-02-17T20:02:50.741057
2026-10-15,CAN,departure,00:30,ADD Addis Ababa,ET607,Ethiopian,text,Duration: 10h 50m,,True,2026-02-17T20:02:50.741071
2026-10-15,CAN,departure,00:35,AKL Auckland,CZ305,China Southern,text,Duration: 11h 0m,,True,2026-02-17T20:02:50.741082
2026-10-15,CAN,departure,00:55,BUD Budapest,CZ649,China Southern,text,Duration: 12h 5m,,True,2026-02-17T20:02:50.741094
2026-10-15,CAN,departure,00:55,SYD Sydney,CZ8091,China Southern,text,Duration: 9h 40m,,True,2026-02-17T20:02:50.741106
2026-10-15,CAN,departure,01:15,POM Port Moresby,CZ5055,China Southern,text,Duration: 7h 15m,,True,2026-02-17T20:02:50.741117
2026-10-15,CAN,departure,01:15,ICN Seoul,OZ358,Asiana,text,Duration: 3h 30m,,True,2026-02-17T20:02:50.741127
2026-10-15,CAN,departure,01:20,SIN Singapore,SQ853,Singapore Airlines,text,Duration: 4h 10m,,True,2026-02-17T20:02:50.741138
2026-10-15,CAN,departure,01:25,LGW London,CZ689,China Southern,text,Duration: 12h 40m,,True,2026-02-17T20:02:50.741150
2026-10-15,CAN,departure,01:35,KUL Kuala Lumpur,AK119,AirAsia,text,Duration: 4h 10m,,True,2026-02-17T20:02:50.741161
2026-10-15,CAN,departure,01:35,DOH Doha,QR875,Qatar Airways,text,Duration: 8h 15m,,True,2026-02-17T20:02:50.741172
2026-10-15,CAN,departure,02:05,DPS Denpasar,8B968,TransNusa,text,Duration: 5h 15m,,True,2026-02-17T20:02:50.741181
2026-10-15,CAN,departure,02:10,MDC Manado,8B168,TransNusa,text,Duration: 3h 55m,,True,2026-02-17T20:02:50.741192
2026-10-15,CAN,departure,02:30,CGK Jakarta,8B861,TransNusa,text,Duration: 5h 5m,,True,2026-02-17T20:02:50.741203
2026-10-15,CAN,departure,02:30,SGN Ho Chi Minh City,VJ3909,VietJet,text,Duration: 2h 40m,,True,2026-02-17T20:02:50.741215
2026-10-15,CAN,departure,02:35,DPS Denpasar,CZ8481,China Southern,text,Duration: 5h 10m,,True,2026-02-17T20:02:50.741225
2026-10-15,CAN,departure,02:45,DMK Bangkok,SL901,Thai Lion Air,text,Duration: 3h 0m,,True,2026-02-17T20:02:50.741235
2026-10-15,CAN,departure,03:05,JHB Johor Bharu,AK1395,AirAsia,text,Duration: 3h 55m,,True,2026-02-17T20:02:50.741245
2026-10-15,CAN,departure,03:10,KUL Kuala Lumpur,OD613,Batik Air,text,Duration: 4h 5m,,True,2026-02-17T20:02:50.741256
2026-10-15,CAN,departure,03:30,HAN Hanoi,VJ7527,VietJet,text,Duration: 1h 55m,,True,2026-02-17T20:02:50.741267
2026-10-15,CAN,departure,03:50,KTI Phnom Penh,KR938,Cambodia Airways,text,Duration: 2h 50m,,True,2026-02-17T20:02:50.741280
2026-10-15,CAN,departure,04:00,BGW Baghdad,IA474,Iraqi Airways,text,Duration: 9h 20m,,True,2026-02-17T20:02:50.741292
2026-10-15,CAN,departure,04:35,TAS Tashkent,C6512,Centrum Air,text,Duration: 7h 20m,,True,2026-02-17T20:02:50.741303
2026-10-15,CAN,departure,04:50,KWI Kuwait,KU420,Kuwait Airways,text,Duration: 9h 30m,,True,2026-02-17T20:02:50.741314
2026-10-15,CAN,departure,05:00,DEL Delhi,6E1702,IndiGo,text,Duration: 5h 45m,,True,2026-02-17T20:02:50.741325
2026-10-15,CAN,departure,05:00,DAC Dhaka,BS326,US-Bangla Airlines,text,Duration: 3h 50m,,True,2026-02-17T20:02:50.741337
2026-10-15,CAN,departure,05:00,HKG Hong Kong,CX953,Cathay Pacific,text,Duration: 1h 25m,,True,2026-02-17T20:02:50.741349
2026-10-15,CAN,departure,05:00,KTI Phnom Penh,K6611,Air Cambodia,text,Duration: 2h 50m,,True,2026-02-17T20:02:50.741363
2026-10-15,CAN,departure,05:15,CCU Kolkata,6E1704,IndiGo,text,Duration: 4h 45m,,True,2026-02-17T20:02:50.741374
2026-10-15,CAN,departure,05:55,KTI Phnom Penh,9C7007,Spring Airlines,text,Duration: 3h 5m,,True,2026-02-17T20:02:50.741387
2026-10-15,CAN,departure,06:10,JUH Chizhou,AQ1155,9 Air,text,Duration: 2h 10m,,True,2026-02-17T20:02:50.741398
2026-10-15,CAN,departure,06:10,XUZ Xuzhou,GJ8059,Loong Air,text,Duration: 2h 20m,,True,2026-02-17T20:02:50.741409
2026-10-15,CAN,departure,06:15,BKK Bangkok,9C8893,Spring Airlines,text,Duration: 3h 5m,,True,2026-02-17T20:02:50.741422
2026-10-15,CAN,departure,06:15,DZH Dazhou,CZ3263,China Southern,text,Duration: 2h 25m,,True,2026-02-17T20:02:50.741434
2026-10-15,CAN,departure,06:20,XIY Xian,AQ1105,9 Air,text,Duration: 2h 30m,,True,2026-02-17T20:02:50.741444
2026-10-15,CAN,departure,06:20,CGO Zhengzhou,GJ8583,Loong Air,text,Duration: 2h 25m,,True,2026-02-17T20:02:50.741455
2026-10-15,CAN,departure,06:20,ENH Enshi,GJ6031,Loong Air,text,Duration: 1h 50m,,True,2026-02-17T20:02:50.741466
2026-10-15,CAN,departure,06:25,SZH Shuozhou,AQ1723,9 Air,text,Duration: 3h 15m,,True,2026-02-17T20:02:50.741478
2026-10-15,CAN,departure,06:25,PEK Beijing,CA1386,Air China,text,Duration: 3h 10m,,True,2026-02-17T20:02:50.741490
2026-10-15,CAN,departure,06:25,HGH Hangzhou,GJ8860,Loong Air,text,Duration: 2h 10m,,True,2026-02-17T20:02:50.741500
2026-10-15,CAN,departure,06:25,WEH Weihai,MU6895,China Eastern,text,Duration: 3h 20m,,True,2026-02-17T20:02:50.741512
2026-10-15,CAN,departure,06:30,CNX Chiang Mai,9C8933,Spring Airlines,text,Duration: 3h 0m,,True,2026-02-17T20:02:50.741524
2026-10-15,CAN,departure,06:30,SHA Shanghai,9C6884,Spring Airlines,text,Duration: 2h 0m,,True,2026-02-17T20:02:50.741535
2026-10-15,CAN,departure,06:30,SYX Sanya,CZ6748,China Southern,text,Duration: 1h 50m,,True,2026-02-17T20:02:50.741543
2026-10-15,CAN,departure,06:30,HET Hohhot,GJ8567,Loong Air,text,Duration: 3h 15m,,True,2026-02-17T20:02:50.741553
2026-10-15,CAN,departure,06:30,SJW Shijiazhuang,JD5355,Capital Airlines,text,Duration: 2h 30m,,True,2026-02-17T20:02:50.741562
2026-10-15,CAN,departure,06:30,KMG Kunming,MU6823,China Eastern,text,Duration: 2h 25m,,True,2026-02-17T20:02:50.741786
2026-10-15,CAN,departure,06:35,NGB Ningbo,AQ1045,9 Air,text,Duration: 2h 10m,,True,2026-02-17T20:02:50.741798
2026-10-15,CAN,departure,06:35,WUX Wuxi,AQ1055,9 Air,text,Duration: 2h 10m,,True,2026-02-17T20:02:50.741805
2026-10-15,CAN,departure,06:35,PVG Shanghai,HU7431,Hainan Airlines,text,Duration: 2h 20m,,True,2026-02-17T20:02:50.741812
2026-10-15,CAN,departure,06:40,SJW Shijiazhuang,9C8899,Spring Airlines,text,Duration: 2h 55m,,True,2026-02-17T20:02:50.741819
2026-10-15,CAN,departure,06:40,SHA Shanghai,HO1854,Juneyao Airlines,text,Duration: 2h 25m,,True,2026-02-17T20:02:50.741826
2026-10-15,CAN,departure,06:40,WUH Wuhan,MU6733,China Eastern,text,Duration: 1h 50m,,True,2026-02-17T20:02:50.741832
2026-10-15,CAN,departure,06:40,HYN Taizhou,ZH8989,Shenzhen Airlines,text,Duration: 1h 55m,,True,2026-02-17T20:02:50.741838
2026-10-15,CAN,departure,06:40,LYI Linyi,ZH8947,Shenzhen Airlines,text,Duration: 2h 35m,,True,2026-02-17T20:02:50.741845
2026-10-15,CAN,departure,06:45,LHW Lanzhou,9C7395,Spring Airlines,text,Duration: 3h 30m,,True,2026-02-17T20:02:50.741851
2026-10-15,CAN,departure,06:45,PVG Shanghai,AQ1005,9 Air,text,Duration: 2h 30m,,True,2026-02-17T20:02:50.741858
2026-10-15,CAN,departure,06:45,WHA Wuhu,CZ5839,China Southern,text,Duration: 2h 5m,,True,2026-02-17T20:02:50.741865
2026-10-15,CAN,departure,06:45,XNN Xining,CZ3249,China Southern,text,Duration: 3h 25m,,True,2026-02-17T20:02:50.741871
2026-10-15,CAN,departure,06:45,WUX Wuxi,ZH9821,Shenzhen Airlines,text,Duration: 2h 25m,,True,2026-02-17T20:02:50.741876
2026-10-15,CAN,departure,06:50,JHG Jinghong,AQ1041,9 Air,text,Duration: 3h 0m,,True,2026-02-17T20:02:50.741883
2026-10-15,CAN,departure,06:50,WEF Weifang,AQ1721,9 Air,text,Duration: 2h 55m,,True,2026-02-17T20:02:50.741891
2026-10-15,CAN,departure,06:50,LZO Luzhou,CA4352,Air China,text,Duration: 2h 15m,,True,2026-02-17T20:02:50.741897
2026-10-15,CAN,departure,06:50,DOY Dongying,HU7259,Hainan Airlines,text,Duration: 2h 55m,,True,2026-02-17T20:02:50.741904
2026-10-15,CAN,departure,06:50,ALA Almaty,KC188,Air Astana,text,Duration: 6h 35m,,True,2026-02-17T20:02:50.741910
2026-10-15,CAN,departure,06:50,XIY Xian,MU6955,China Eastern,text,Duration: 2h 20m,,True,2026-02-17T20:02:50.741917
2026-10-15,CAN,departure,06:50,TAO Qingdao,ZH9995,Shenzhen Airlines,text,Duration: 3h 10m,,True,2026-02-17T20:02:50.741923
2026-10-15,CAN,departure,06:50,WNZ Wenzhou,ZH9961,Shenzhen Airlines,text,Duration: 1h 40m,,True,2026-02-17T20:02:50.741929
2026-10-15,CAN,departure,06:55,CKG Chongqing,3U8750,Sichuan Airlines,text,Duration: 2h 10m,,True,2026-02-17T20:02:50.741936
2026-10-15,CAN,departure,06:55,KMG Kunming,3U8206,Sichuan Airlines,text,Duration: 2h 5m,,True,2026-02-17T20:02:50.741942
2026-10-15,CAN,departure,06:55,NKG Nanjing,AQ1033,9 Air,text,Duration: 2h 15m,,True,2026-02-17T20:02:50.741949
2026-10-15,CAN,departure,06:55,TSN Tianjin,BK2787,OkAir,text,Duration: 3h 0m,,True,2026-02-17T20:02:50.741955
2026-10-15,CAN,departure,06:55,DLU Dali City,CZ3481,China Southern,text,Duration: 2h 50m,,True,2026-02-17T20:02:50.741962
2026-10-15,CAN,departure,06:55,CKG Chongqing,JD5227,Capital Airlines,text,Duration: 2h 20m,,True,2026-02-17T20:02:50.741970
2026-10-15,CAN,departure,07:00,KMG Kunming,CZ3497,China Southern,text,Duration: 2h 35m,,True,2026-02-17T20:02:50.741976
2026-10-15,CAN,departure,07:00,LZY Nyingchi,CZ3477,China Southern,text,Duration: 3h 40m,,True,2026-02-17T20:02:50.741982
2026-10-15,CAN,departure,07:00,SHA Shanghai,CZ3533,China Southern,text,Duration: 2h 20m,,True,2026-02-17T20:02:50.741988
2026-10-15,CAN,departure,07:00,YTY Yangzhou,CZ5905,China Southern,text,Duration: 2h 20m,,True,2026-02-17T20:02:50.741994
2026-10-15,CAN,departure,07:05,TFU Chengdu,3U6706,Sichuan Airlines,text,Duration: 2h 15m,,True,2026-02-17T20:02:50.742001
2026-10-15,CAN,departure,07:05,KWE Guiyang,CZ8802,China Southern,text,Duration: 2h 0m,,True,2026-02-17T20:02:50.742008
2026-10-15,CAN,departure,07:05,LJG Lijiang,CZ6603,China Southern,text,Duration: 3h 10m,,True,2026-02-17T20:02:50.742014
2026-10-15,CAN,departure,07:05,XMN Xiamen,CZ3723,China Southern,text,Duration: 1h 25m,,True,2026-02-17T20:02:50.742021
2026-10-15,CAN,departure,07:05,HGH Hangzhou,HU7161,Hainan Airlines,text,Duration: 2h 0m,,True,2026-02-17T20:02:50.742027
2026-10-15,CAN,departure,07:05,NKG Nanjing,HU7113,Hainan Airlines,text,Duration: 2h 15m,,True,2026-02-17T20:02:50.742033
2026-10-15,CAN,departure,07:10,YCU Yuncheng,CA4594,Air China,text,Duration: 2h 30m,,True,2026-02-17T20:02:50.742040
2026-10-15,CAN,departure,07:10,AKA Ankang,CZ6463,China Southern,text,Duration: 2h 25m,,True,2026-02-17T20:02:50.742047
2026-10-15,CAN,departure,07:10,TAO Qingdao,CZ3199,China Southern,text,Duration: 3h 20m,,True,2026-02-17T20:02:50.742053
2026-10-15,CAN,departure,07:10,YIH Yichang,CZ3311,China Southern,text,Duration: 1h 55m,,True,2026-02-17T20:02:50.742059
2026-10-15,CAN,departure,07:10,HGH Hangzhou,JD5269,Capital Airlines,text,Duration: 1h 35m,,True,2026-02-17T20:02:50.742066
2026-10-15,CAN,departure,07:10,NKG Nanjing,ZH9861,Shenzhen Airlines,text,Duration: 2h 15m,,True,2026-02-17T20:02:50.742073
2026-10-15,CAN,departure,07:15,NNG Nanning,CZ3295,China Southern,text,Duration: 1h 40m,,True,2026-02-17T20:02:50.742079
2026-10-15,CAN,departure,07:15,TFU Chengdu,CZ3403,China Southern,text,Duration: 2h 25m,,True,2026-02-17T20:02:50.742085
2026-10-15,CAN,departure,07:15,WDS Shiyan,CZ3335,China Southern,text,Duration: 2h 20m,,True,2026-02-17T20:02:50.742091
2026-10-15,CAN,departure,07:15,XIY Xian,CZ3201,China Southern,text,Duration: 2h 30m,,True,2026-02-17T20:02:50.742096
2026-10-15,CAN,departure,07:15,PEK Beijing,ZH9147,Shenzhen Airlines,text,Duration: 3h 5m,,True,2026-02-17T20:02:50.742103
2026-10-15,CAN,departure,07:20,TSN Tianjin,CA4547,Air China,text,Duration: 3h 5m,,True,2026-02-17T20:02:50.742109
2026-10-15,CAN,departure,07:20,FOC Fuzhou,CZ3505,China Southern,text,Duration: 1h 50m,,True,2026-02-17T20:02:50.742245
2026-10-15,CAN,departure,07:20,XIY Xian,HU7828,Hainan Airlines,text,Duration: 2h 45m,,True,2026-02-17T20:02:50.742253
2026-10-15,CAN,departure,07:20,JHG Jinghong,OQ2103,Chongqing Airlines,text,Duration: 3h 15m,,True,2026-02-17T20:02:50.742260
2026-10-15,CAN,departure,07:25,URC Urumqi,AQ1061,9 Air,text,Duration: 5h 35m,,True,2026-02-17T20:02:50.742265
2026-10-15,CAN,departure,07:25,CKG Chongqing,HU7141,Hainan Airlines,text,Duration: 2h 10m,,True,2026-02-17T20:02:50.742272
2026-10-15,CAN,departure,07:30,HAK Haikou,CZ6772,China Southern,text,Duration: 1h 20m,,True,2026-02-17T20:02:50.742278
2026-10-15,CAN,departure,07:30,PVG Shanghai,MU5320,China Eastern,text,Duration: 2h 5m,,True,2026-02-17T20:02:50.742285
2026-10-15,CAN,departure,07:35,DLC Dalian,CZ3604,China Southern,text,Duration: 3h 40m,,True,2026-02-17T20:02:50.742292
2026-10-15,CAN,departure,07:35,NGB Ningbo,CZ3777,China Southern,text,Duration: 2h 5m,,True,2026-02-17T20:02:50.742299
2026-10-15,CAN,departure,07:35,WNZ Wenzhou,CZ3811,China Southern,text,Duration: 1h 50m,,True,2026-02-17T20:02:50.742309
2026-10-15,CAN,departure,07:35,URC Urumqi,HU7223,Hainan Airlines,text,Duration: 5h 15m,,True,2026-02-17T20:02:50.742316
2026-10-15,CAN,departure,07:35,TSN Tianjin,JD5185,Capital Airlines,text,Duration: 3h 20m,,True,2026-02-17T20:02:50.742324
2026-10-15,CAN,departure,07:35,PKX Beijing,MU6302,China Eastern,text,Duration: 2h 50m,,True,2026-02-17T20:02:50.742330
2026-10-15,CAN,departure,07:35,DLU Dali City,OQ2039,Chongqing Airlines,text,Duration: 3h 10m,,True,2026-02-17T20:02:50.742337
2026-10-15,CAN,departure,07:40,ALG Algiers,AH3181,Air Algerie,text,Duration: 14h 55m,,True,2026-02-17T20:02:50.742345
2026-10-15,CAN,departure,07:40,TAO Qingdao,AQ1019,9 Air,text,Duration: 3h 5m,,True,2026-02-17T20:02:50.742358
2026-10-15,CAN,departure,07:40,SHA Shanghai,HU7131,Hainan Airlines,text,Duration: 2h 30m,,True,2026-02-17T20:02:50.742371
2026-10-15,CAN,departure,07:40,SYX Sanya,HU7308,Hainan Airlines,text,Duration: 1h 45m,,True,2026-02-17T20:02:50.742380
2026-10-15,CAN,departure,07:40,LUM Mangshi,OQ2025,Chongqing Airlines,text,Duration: 3h 15m,,True,2026-02-17T20:02:50.742387
2026-10-15,CAN,departure,07:45,HET Hohhot,CZ3197,China Southern,text,Duration: 3h 10m,,True,2026-02-17T20:02:50.742393
2026-10-15,CAN,departure,07:45,WUX Wuxi,MU2908,China Eastern,text,Duration: 2h 10m,,True,2026-02-17T20:02:50.742400
2026-10-15,CAN,departure,07:45,CZX Changzhou,ZH9653,Shenzhen Airlines,text,Duration: 2h 20m,,True,2026-02-17T20:02:50.742406
2026-10-15,CAN,departure,07:45,YTY Yangzhou,ZH8905,Shenzhen Airlines,text,Duration: 2h 20m,,True,2026-02-17T20:02:50.742413
2026-10-15,CAN,departure,07:50,WUX Wuxi,CZ3913,China Southern,text,Duration: 2h 35m,,True,2026-02-17T20:02:50.742419
2026-10-15,CAN,departure,07:50,KMG Kunming,HU7207,Hainan Airlines,text,Duration: 2h 35m,,True,2026-02-17T20:02:50.742425
2026-10-15,CAN,departure,07:50,PEK Beijing,HU7802,Hainan Airlines,text,Duration: 3h 5m,,True,2026-02-17T20:02:50.742432
2026-10-15,CAN,departure,07:50,TFU Chengdu,JD5161,Capital Airlines,text,Duration: 2h 15m,,True,2026-02-17T20:02:50.742438
2026-10-15,CAN,departure,07:50,SJW Shijiazhuang,OQ2133,Chongqing Airlines,text,Duration: 2h 50m,,True,2026-02-17T20:02:50.742443
2026-10-15,CAN,departure,07:55,TFU Chengdu,CA4310,Air China,text,Duration: 2h 30m,,True,2026-02-17T20:02:50.742450
2026-10-15,CAN,departure,07:55,JNG Jining,CZ3953,China Southern,text,Duration: 2h 35m,,True,2026-02-17T20:02:50.742456
2026-10-15,CAN,departure,07:55,CGO Zhengzhou,HU7269,Hainan Airlines,text,Duration: 2h 20m,,True,2026-02-17T20:02:50.742462
2026-10-15,CAN,departure,07:55,HAK Haikou,HU7002,Hainan Airlines,text,Duration: 1h 35m,,True,2026-02-17T20:02:50.742469
2026-10-15,CAN,departure,07:55,HAK Haikou,HU7004,Hainan Airlines,text,Duration: 1h 30m,,True,2026-02-17T20:02:50.742475
2026-10-15,CAN,departure,07:55,TPE Taipei,HU7981,Hainan Airlines,text,Duration: 2h 5m,,True,2026-02-17T20:02:50.742481
2026-10-15,CAN,departure,07:55,DLU Dali City,MU9742,China Eastern,text,Duration: 2h 50m,,True,2026-02-17T20:02:50.742487
2026-10-15,CAN,departure,07:55,HFE Hefei,ZH9987,Shenzhen Airlines,text,Duration: 2h 5m,,True,2026-02-17T20:02:50.742493
2026-10-15,CAN,departure,08:00,MEL Melbourne,CZ343,China Southern,text,Duration: 9h 20m,,True,2026-02-17T20:02:50.742499
2026-10-15,CAN,departure,08:00,PKX Beijing,CZ3101,China Southern,text,Duration: 3h 5m,,True,2026-02-17T20:02:50.742505
2026-10-15,CAN,departure,08:00,SHA Shanghai,CZ3523,China Southern,text,Duration: 2h 20m,,True,2026-02-17T20:02:50.742511
2026-10-15,CAN,departure,08:00,SHE Shenyang,CZ6316,China Southern,text,Duration: 4h 0m,,True,2026-02-17T20:02:50.742517
2026-10-15,CAN,departure,08:00,SHE Shenyang,OQ2127,Chongqing Airlines,text,Duration: 3h 50m,,True,2026-02-17T20:02:50.742523
2026-10-15,CAN,departure,08:05,NKG Nanjing,AQ1029,9 Air,text,Duration: 2h 10m,,True,2026-02-17T20:02:50.742529
2026-10-15,CAN,departure,08:05,CKG Chongqing,CA4354,Air China,text,Duration: 2h 0m,,True,2026-02-17T20:02:50.742535
2026-10-15,CAN,departure,08:05,CGK Jakarta,CZ3037,China Southern,text,Duration: 5h 10m,,True,2026-02-17T20:02:50.742541
2026-10-15,CAN,departure,08:05,CGO Zhengzhou,CZ3396,China Southern,text,Duration: 2h 20m,,True,2026-02-17T20:02:50.742547
2026-10-15,CAN,departure,08:05,MNL Manila,CZ3091,China Southern,text,Duration: 2h 30m,,True,2026-02-17T20:02:50.742553
2026-10-15,CAN,departure,08:05,SYD Sydney,CZ301,China Southern,text,Duration: 9h 35m,,True,2026-02-17T20:02:50.742559
2026-10-15,CAN,departure,08:05,XNT Xingtai,CZ8245,China Southern,text,Duration: 2h 50m,,True,2026-02-17T20:02:50.742565
2026-10-15,CAN,departure,08:10,CKG Chongqing,CZ3463,China Southern,text,Duration: 2h 10m,,True,2026-02-17T20:02:50.742571
2026-10-15,CAN,departure,08:10,HGH Hangzhou,CZ3521,China Southern,text,Duration: 2h 10m,,True,2026-02-17T20:02:50.742577
2026-10-15,CAN,departure,08:10,HZA Heze,CZ3125,China Southern,text,Duration: 2h 30m,,True,2026-02-17T20:02:50.742685
2026-10-15,CAN,departure,08:10,KMG Kunming,CZ3409,China Southern,text,Duration: 2h 30m,,True,2026-02-17T20:02:50.742693
2026-10-15,CAN,departure,08:10,NKG Nanjing,CZ3513,China Southern,text,Duration: 2h 20m,,True,2026-02-17T20:02:50.742699
2026-10-15,CAN,departure,08:10,TSN Tianjin,OQ2123,Chongqing Airlines,text,Duration: 3h 0m,,True,2026-02-17T20:02:50.742705
2026-10-15,CAN,departure,08:10,HRB Harbin,ZH9671,Shenzhen Airlines,text,Duration: 4h 15m,,True,2026-02-17T20:02:50.742711
2026-10-15,CAN,departure,08:15,BKK Bangkok,CZ357,China Southern,text,Duration: 3h 5m,,True,2026-02-17T20:02:50.742717
2026-10-15,CAN,departure,08:15,CTU Chengdu,CZ3401,China Southern,text,Duration: 2h 30m,,True,2026-02-17T20:02:50.742723
2026-10-15,CAN,departure,08:15,KUL Kuala Lumpur,CZ349,China Southern,text,Duration: 4h 10m,,True,2026-02-17T20:02:50.742729
2026-10-15,CAN,departure,08:15,URC Urumqi,CZ6886,China Southern,text,Duration: 5h 15m,,True,2026-02-17T20:02:50.742736
2026-10-15,CAN,departure,08:15,XUZ Xuzhou,CZ3257,China Southern,text,Duration: 2h 20m,,True,2026-02-17T20:02:50.742742
2026-10-15,CAN,departure,08:20,HRB Harbin,CZ3615,China Southern,text,Duration: 4h 20m,,True,2026-02-17T20:02:50.742748
2026-10-15,CAN,departure,08:20,RGN Yangon,CZ3055,China Southern,text,Duration: 3h 25m,,True,2026-02-17T20:02:50.742754
2026-10-15,CAN,departure,08:20,SIN Singapore,CZ353,China Southern,text,Duration: 4h 10m,,True,2026-02-17T20:02:50.742760
2026-10-15,CAN,departure,08:20,TYN Taiyuan,CZ3701,China Southern,text,Duration: 2h 45m,,True,2026-02-17T20:02:50.742766
2026-10-15,CAN,departure,08:20,YIW Yiwu,CZ3727,China Southern,text,Duration: 1h 55m,,True,2026-02-17T20:02:50.742772
2026-10-15,CAN,departure,08:25,PEK Beijing,CA1310,Air China,text,Duration: 3h 15m,,True,2026-02-17T20:02:50.742778
2026-10-15,CAN,departure,08:25,LHW Lanzhou,CZ8985,China Southern,text,Duration: 3h 10m,,True,2026-02-17T20:02:50.742783
2026-10-15,CAN,departure,08:25,TNA Jinan,CZ3509,China Southern,text,Duration: 2h 45m,,True,2026-02-17T20:02:50.742790
2026-10-15,CAN,departure,08:25,TNA Jinan,ZH9971,Shenzhen Airlines,text,Duration: 2h 40m,,True,2026-02-17T20:02:50.742796
2026-10-15,CAN,departure,08:25,XIY Xian,ZH9221,Shenzhen Airlines,text,Duration: 2h 50m,,True,2026-02-17T20:02:50.742802
2026-10-15,CAN,departure,08:30,URC Urumqi,CA4370,Air China,text,Duration: 5h 15m,,True,2026-02-17T20:02:50.742808
2026-10-15,CAN,departure,08:30,CXR Nha Trang,CZ8475,China Southern,text,Duration: 2h 35m,,True,2026-02-17T20:02:50.742815
2026-10-15,CAN,departure,08:30,LYA Luoyang,CZ3363,China Southern,text,Duration: 2h 30m,,True,2026-02-17T20:02:50.742820
2026-10-15,CAN,departure,08:30,TFU Chengdu,HU7151,Hainan Airlines,text,Duration: 2h 15m,,True,2026-02-17T20:02:50.742827
2026-10-15,CAN,departure,08:30,SHE Shenyang,MU9869,China Eastern,text,Duration: 3h 45m,,True,2026-02-17T20:02:50.742833
2026-10-15,CAN,departure,08:35,TSN Tianjin,CA2806,Air China,text,Duration: 3h 10m,,True,2026-02-17T20:02:50.742839
2026-10-15,CAN,departure,08:35,NNY Nanyang,CZ3221,China Southern,text,Duration: 2h 5m,,True,2026-02-17T20:02:50.742845
2026-10-15,CAN,departure,08:35,SHA Shanghai,MU5302,China Eastern,text,Duration: 2h 10m,,True,2026-02-17T20:02:50.742852
2026-10-15,CAN,departure,08:40,SVO Moscow,CZ8027,China Southern,text,Duration: 10h 15m,,True,2026-02-17T20:02:50.742858
2026-10-15,CAN,departure,08:40,TAO Qingdao,CZ3519,China Southern,text,Duration: 3h 0m,,True,2026-02-17T20:02:50.742864
2026-10-15,CAN,departure,08:40,PVG Shanghai,ZH9533,Shenzhen Airlines,text,Duration: 2h 20m,,True,2026-02-17T20:02:50.742870
2026-10-15,CAN,departure,08:45,CGQ Changchun,CZ6378,China Southern,text,Duration: 4h 15m,,True,2026-02-17T20:02:50.742876
2026-10-15,CAN,departure,08:45,WUH Wuhan,CZ3705,China Southern,text,Duration: 1h 45m,,True,2026-02-17T20:02:50.742882
2026-10-15,CAN,departure,08:45,NGB Ningbo,MU6949,China Eastern,text,Duration: 2h 5m,,True,2026-02-17T20:02:50.742888
2026-10-15,CAN,departure,08:45,YTY Yangzhou,ZH9693,Shenzhen Airlines,text,Duration: 2h 20m,,True,2026-02-17T20:02:50.742894
2026-10-15,CAN,departure,08:50,HND Tokyo,CZ385,China Southern,text,Duration: 4h 30m,,True,2026-02-17T20:02:50.742900
2026-10-15,CAN,departure,08:50,KTI Phnom Penh,CZ8313,China Southern,text,Duration: 2h 50m,,True,2026-02-17T20:02:50.742906
2026-10-15,CAN,departure,08:50,IST Istanbul,TK299,Turkish Airlines,text,Duration: 11h 30m,,True,2026-02-17T20:02:50.742912
2026-10-15,CAN,departure,08:55,CGO Zhengzhou,CZ3971,China Southern,text,Duration: 2h 25m,,True,2026-02-17T20:02:50.742918
2026-10-15,CAN,departure,08:55,ENY Yan'an,CZ3223,China Southern,text,Duration: 2h 50m,,True,2026-02-17T20:02:50.742924
2026-10-15,CAN,departure,08:55,KTM Kathmandu,CZ6067,China Southern,text,Duration: 5h 10m,,True,2026-02-17T20:02:50.742930
2026-10-15,CAN,departure,08:55,MIG Mian Yang,CZ8637,China Southern,text,Duration: 2h 50m,,True,2026-02-17T20:02:50.742936
2026-10-15,CAN,departure,09:00,BKK Bangkok,9C7419,Spring Airlines,text,Duration: 3h 0m,,True,2026-02-17T20:02:50.742942
2026-10-15,CAN,departure,09:00,HZG Hanzhong,AQ1153,9 Air,text,Duration: 2h 35m,,True,2026-02-17T20:02:50.742948
2026-10-15,CAN,departure,09:00,SHA Shanghai,CA1838,Air China,text,Duration: 2h 20m,,True,2026-02-17T20:02:50.742954
2026-10-15,CAN,departure,09:00,PKX Beijing,CZ3099,China Southern,text,Duration: 3h 15m,,True,2026-02-17T20:02:50.742960
2026-10-15,CAN,departure,09:00,SHA Shanghai,CZ3529,China Southern,text,Duration: 2h 20m,,True,2026-02-17T20:02:50.742966
2026-10-15,CAN,departure,09:00,VTE Vientiane,CZ8149,China Southern,text,Duration: 2h 30m,,True,2026-02-17T20:02:50.742972
2026-10-15,CAN,departure,09:00,DIG Diqing,MU5774,China Eastern,text,Duration: 3h 20m,,True,2026-02-17T20:02:50.742978
2026-10-15,CAN,departure,09:00,PVG Shanghai,MU5372,China Eastern,text,Duration: 2h 5m,,True,2026-02-17T20:02:50.742983
2026-10-15,CAN,departure,09:05,SGN Ho Chi Minh City,CZ8159,China Southern,text,Duration: 2h 55m,,True,2026-02-17T20:02:50.743072
2026-10-15,CAN,departure,09:05,URC Urumqi,CZ6900,China Southern,text,Duration: 5h 0m,,True,2026-02-17T20:02:50.743082
2026-10-15,CAN,departure,09:05,XIY Xian,CZ3237,China Southern,text,Duration: 2h 30m,,True,2026-02-17T20:02:50.743088
2026-10-15,CAN,departure,09:05,NKG Nanjing,ZH9863,Shenzhen Airlines,text,Duration: 2h 25m,,True,2026-02-17T20:02:50.743094
2026-10-15,CAN,departure,09:10,HGH Hangzhou,CZ3803,China Southern,text,Duration: 2h 5m,,True,2026-02-17T20:02:50.743100
2026-10-15,CAN,departure,09:10,NGB Ningbo,CZ8293,China Southern,text,Duration: 2h 10m,,True,2026-02-17T20:02:50.743106
2026-10-15,CAN,departure,09:10,NKG Nanjing,CZ3843,China Southern,text,Duration: 2h 20m,,True,2026-02-17T20:02:50.743112
2026-10-15,CAN,departure,09:15,PEK Beijing,CA1380,Air China,text,Duration: 3h 15m,,True,2026-02-17T20:02:50.743118
2026-10-15,CAN,departure,09:15,CTU Chengdu,CZ3437,China Southern,text,Duration: 2h 30m,,True,2026-02-17T20:02:50.743124
2026-10-15,CAN,departure,09:15,DLC Dalian,CZ6485,China Southern,text,Duration: 3h 25m,,True,2026-02-17T20:02:50.743130
2026-10-15,CAN,departure,09:15,ADD Addis Ababa,ET617,Ethiopian,text,Duration: 9h 45m,,True,2026-02-17T20:02:50.743136
2026-10-15,CAN,departure,09:15,PEK Beijing,HU7804,Hainan Airlines,text,Duration: 3h 5m,,True,2026-02-17T20:02:50.743142
2026-10-15,CAN,departure,09:20,CTU Chengdu,3U8734,Sichuan Airlines,text,Duration: 2h 20m,,True,2026-02-17T20:02:50.743148
2026-10-15,CAN,departure,09:20,KUL Kuala Lumpur,CZ3047,China Southern,text,Duration: 4h 5m,,True,2026-02-17T20:02:50.743154
2026-10-15,CAN,departure,09:20,SHE Shenyang,CZ6332,China Southern,text,Duration: 3h 35m,,True,2026-02-17T20:02:50.743160
2026-10-15,CAN,departure,09:20,WUX Wuxi,ZH9823,Shenzhen Airlines,text,Duration: 2h 20m,,True,2026-02-17T20:02:50.743167
2026-10-15,CAN,departure,09:25,CGO Zhengzhou,CZ677,China Southern,text,Duration: 2h 30m,,True,2026-02-17T20:02:50.743173
2026-10-15,CAN,departure,09:25,KIX Osaka,CZ389,China Southern,text,Duration: 3h 45m,,True,2026-02-17T20:02:50.743179
2026-10-15,CAN,departure,09:25,TNA Jinan,HU7209,Hainan Airlines,text,Duration: 2h 45m,,True,2026-02-17T20:02:50.743185
2026-10-15,CAN,departure,09:30,HAK Haikou,CZ6774,China Southern,text,Duration: 1h 20m,,True,2026-02-17T20:02:50.743191
2026-10-15,CAN,departure,09:30,WUH Wuhan,CZ6608,China Southern,text,Duration: 1h 55m,,True,2026-02-17T20:02:50.743197
2026-10-15,CAN,departure,09:30,SHA Shanghai,MU5304,China Eastern,text,Duration: 2h 5m,,True,2026-02-17T20:02:50.743203
2026-10-15,CAN,departure,09:35,DAC Dhaka,CZ5015,China Southern,text,Duration: 4h 15m,,True,2026-02-17T20:02:50.743209
2026-10-15,CAN,departure,09:35,ICN Seoul,CZ337,China Southern,text,Duration: 3h 20m,,True,2026-02-17T20:02:50.743215
2026-10-15,CAN,departure,09:35,KMG Kunming,CZ3493,China Southern,text,Duration: 2h 35m,,True,2026-02-17T20:02:50.743221
2026-10-15,CAN,departure,09:35,CGO Zhengzhou,PN6382,West Air (China),text,Duration: 2h 10m,,True,2026-02-17T20:02:50.743228
2026-10-15,CAN,departure,09:40,BKK Bangkok,CZ8079,China Southern,text,Duration: 3h 0m,,True,2026-02-17T20:02:50.743234
2026-10-15,CAN,departure,09:45,HAN Hanoi,CZ3049,China Southern,text,Duration: 2h 0m,,True,2026-02-17T20:02:50.743240
2026-10-15,CAN,departure,09:45,YNZ Yancheng,CZ3267,China Southern,text,Duration: 2h 25m,,True,2026-02-17T20:02:50.743246
2026-10-15,CAN,departure,09:50,HAK Haikou,AQ1023,9 Air,text,Duration: 1h 30m,,True,2026-02-17T20:02:50.743252
2026-10-15,CAN,departure,09:50,ACX Xingyi,CZ3923,China Southern,text,Duration: 2h 20m,,True,2026-02-17T20:02:50.743258
2026-10-15,CAN,departure,09:50,DLU Dali City,CZ6595,China Southern,text,Duration: 3h 0m,,True,2026-02-17T20:02:50.743264
2026-10-15,CAN,departure,09:50,"JUZ Quzhou, Zhejiang Province",CZ6289,China Southern,text,Duration: 2h 5m,,True,2026-02-17T20:02:50.743270
2026-10-15,CAN,departure,09:50,INC Yinchuan,ZH8941,Shenzhen Airlines,text,Duration: 3h 20m,,True,2026-02-17T20:02:50.743278
2026-10-15,CAN,departure,09:50,TNA Jinan,ZH9973,Shenzhen Airlines,text,Duration: 2h 45m,,True,2026-02-17T20:02:50.743283
2026-10-15,CAN,departure,09:55,LYG Lianyungang,AQ1179,9 Air,text,Duration: 2h 20m,,True,2026-02-17T20:02:50.743289
2026-10-15,CAN,departure,09:55,HFE Hefei,CZ3813,China Southern,text,Duration: 2h 15m,,True,2026-02-17T20:02:50.743295
2026-10-15,CAN,departure,09:55,NTG Nantong,CZ3639,China Southern,text,Duration: 2h 20m,,True,2026-02-17T20:02:50.743301
2026-10-15,CAN,departure,09:55,SYX Sanya,CZ6732,China Southern,text,Duration: 1h 50m,,True,2026-02-17T20:02:50.743306
2026-10-15,CAN,departure,10:00,PKX Beijing,CZ3121,China Southern,text,Duration: 3h 10m,,True,2026-02-17T20:02:50.743313
2026-10-15,CAN,departure,10:00,SHA Shanghai,CZ3531,China Southern,text,Duration: 2h 20m,,True,2026-02-17T20:02:50.743319
2026-10-15,CAN,departure,10:00,YIC Yichun,HU7201,Hainan Airlines,text,Duration: 1h 35m,,True,2026-02-17T20:02:50.743325
2026-10-15,CAN,departure,10:05,BNE Brisbane,CZ635,China Southern,text,Duration: 9h 5m,,True,2026-02-17T20:02:50.743331
2026-10-15,CAN,departure,10:10,HKG Hong Kong,CX983,Cathay Pacific,text,Duration: 1h 35m,,True,2026-02-17T20:02:50.743337
2026-10-15,CAN,departure,10:10,HGH Hangzhou,CZ3863,China Southern,text,Duration: 2h 10m,,True,2026-02-17T20:02:50.743343
2026-10-15,CAN,departure,10:10,MAD Madrid,CZ377,China Southern,text,Duration: 14h 20m,,True,2026-02-17T20:02:50.743350
2026-10-15,CAN,departure,10:10,NKG Nanjing,CZ3599,China Southern,text,Duration: 2h 20m,,True,2026-02-17T20:02:50.743356
2026-10-15,CAN,departure,10:10,XMN Xiamen,MF8306,XiamenAir,text,Duration: 1h 20m,,True,2026-02-17T20:02:50.743362
2026-10-15,CAN,departure,10:15,PEK Beijing,HU7806,Hainan Airlines,text,Duration: 3h 0m,,True,2026-02-17T20:02:50.743368
2026-10-15,CAN,departure,10:20,KUL Kuala Lumpur,AK113,AirAsia,text,Duration: 4h 20m,,True,2026-02-17T20:02:50.743374
2026-10-15,CAN,departure,10:25,KWE Guiyang,CZ6393,China Southern,text,Duration: 1h 50m,,True,2026-02-17T20:02:50.743478
2026-10-15,CAN,departure,10:25,HYN Taizhou,MU2475,China Eastern,text,Duration: 2h 5m,,True,2026-02-17T20:02:50.743487
2026-10-15,CAN,departure,10:30,PEK Beijing,CA1330,Air China,text,Duration: 3h 10m,,True,2026-02-17T20:02:50.743494
2026-10-15,CAN,departure,10:30,LHW Lanzhou,CZ3205,China Southern,text,Duration: 3h 15m,,True,2026-02-17T20:02:50.743500
2026-10-15,CAN,departure,10:30,PVG Shanghai,CZ3550,China Southern,text,Duration: 2h 30m,,True,2026-02-17T20:02:50.743506
2026-10-15,CAN,departure,10:30,SHA Shanghai,MU5306,China Eastern,text,Duration: 2h 30m,,True,2026-02-17T20:02:50.743513
2026-10-15,CAN,departure,10:35,CTU Chengdu,3U8738,Sichuan Airlines,text,Duration: 2h 15m,,True,2026-02-17T20:02:50.743519
2026-10-15,CAN,departure,10:35,HGH Hangzhou,CA1790,Air China,text,Duration: 2h 10m,,True,2026-02-17T20:02:50.743525
2026-10-15,CAN,departure,10:35,CGQ Changchun,CZ8460,China Southern,text,Duration: 4h 15m,,True,2026-02-17T20:02:50.743531
2026-10-15,CAN,departure,10:35,TNA Jinan,CZ3619,China Southern,text,Duration: 2h 45m,,True,2026-02-17T20:02:50.743538
2026-10-15,CAN,departure,10:35,NGB Ningbo,OQ2027,Chongqing Airlines,text,Duration: 2h 0m,,True,2026-02-17T20:02:50.743545
2026-10-15,CAN,departure,10:40,BKK Bangkok,CZ8099,China Southern,text,Duration: 3h 10m,,True,2026-02-17T20:02:50.743551
2026-10-15,CAN,departure,10:40,HFE Hefei,MU5288,China Eastern,text,Duration: 2h 5m,,True,2026-02-17T20:02:50.743557
2026-10-15,CAN,departure,10:40,SIN Singapore,TR101,Scoot,text,Duration: 4h 5m,,True,2026-02-17T20:02:50.743564
2026-10-15,CAN,departure,10:45,CSX Changsha,CZ3380,China Southern,text,Duration: 1h 35m,,True,2026-02-17T20:02:50.743571
2026-10-15,CAN,departure,10:45,CTU Chengdu,EU2236,Chengdu Airlines,text,Duration: 2h 30m,,True,2026-02-17T20:02:50.743577
2026-10-15,CAN,departure,10:45,SHA Shanghai,HO1856,Juneyao Airlines,text,Duration: 2h 20m,,True,2026-02-17T20:02:50.743584
2026-10-15,CAN,departure,10:45,WUX Wuxi,ZH9825,Shenzhen Airlines,text,Duration: 2h 35m,,True,2026-02-17T20:02:50.743590
2026-10-15,CAN,departure,10:50,ICN Seoul,CZ3061,China Southern,text,Duration: 3h 35m,,True,2026-02-17T20:02:50.743597
2026-10-15,CAN,departure,10:50,TSN Tianjin,CZ3301,China Southern,text,Duration: 3h 25m,,True,2026-02-17T20:02:50.743606
2026-10-15,CAN,departure,10:50,YIW Yiwu,CZ3883,China Southern,text,Duration: 1h 55m,,True,2026-02-17T20:02:50.743612
2026-10-15,CAN,departure,10:50,NKG Nanjing,MU2818,China Eastern,text,Duration: 2h 20m,,True,2026-02-17T20:02:50.743619
2026-10-15,CAN,departure,10:55,SHA Shanghai,9C8836,Spring Airlines,text,Duration: 2h 20m,,True,2026-02-17T20:02:50.743625
2026-10-15,CAN,departure,10:55,KMG Kunming,CZ3415,China Southern,text,Duration: 2h 40m,,True,2026-02-17T20:02:50.743632
2026-10-15,CAN,departure,10:55,WMT Zunyi,CZ3313,China Southern,text,Duration: 1h 55m,,True,2026-02-17T20:02:50.743639
2026-10-15,CAN,departure,11:00,PKX Beijing,CZ3177,China Southern,text,Duration: 3h 15m,,True,2026-02-17T20:02:50.743647
2026-10-15,CAN,departure,11:00,SHA Shanghai,CZ3537,China Southern,text,Duration: 2h 20m,,True,2026-02-17T20:02:50.743654
2026-10-15,CAN,departure,11:00,HGH Hangzhou,HU7261,Hainan Airlines,text,Duration: 2h 10m,,True,2026-02-17T20:02:50.743660
2026-10-15,CAN,departure,11:05,NTG Nantong,ZH8693,Shenzhen Airlines,text,Duration: 2h 15m,,True,2026-02-17T20:02:50.743667
2026-10-15,CAN,departure,11:10,HGH Hangzhou,CZ6567,China Southern,text,Duration: 2h 10m,,True,2026-02-17T20:02:50.743673
2026-10-15,CAN,departure,11:10,HGH Hangzhou,HU7461,Hainan Airlines,text,Duration: 1h 55m,,True,2026-02-17T20:02:50.743680
2026-10-15,CAN,departure,11:10,SVO Moscow,SU221,Aeroflot,text,Duration: 10h 5m,,True,2026-02-17T20:02:50.743689
2026-10-15,CAN,departure,11:15,CTU Chengdu,CZ3443,China Southern,text,Duration: 2h 25m,,True,2026-02-17T20:02:50.743696
2026-10-15,CAN,departure,11:15,TPE Taipei,CZ3097,China Southern,text,Duration: 2h 15m,,True,2026-02-17T20:02:50.743703
2026-10-15,CAN,departure,11:15,FOC Fuzhou,MF8324,XiamenAir,text,Duration: 1h 45m,,True,2026-02-17T20:02:50.743710
2026-10-15,CAN,departure,11:15,CTU Chengdu,TV9766,Tibet Airlines,text,Duration: 2h 25m,,True,2026-02-17T20:02:50.743717
2026-10-15,CAN,departure,11:20,KUL Kuala Lumpur,CZ8011,China Southern,text,Duration: 4h 20m,,True,2026-02-17T20:02:50.743724
2026-10-15,CAN,departure,11:20,WNZ Wenzhou,CZ3763,China Southern,text,Duration: 2h 5m,,True,2026-02-17T20:02:50.743731
2026-10-15,CAN,departure,11:20,TFU Chengdu,ZH9443,Shenzhen Airlines,text,Duration: 2h 25m,,True,2026-02-17T20:02:50.743738
2026-10-15,CAN,departure,11:25,PZI Pan Zhi Hua,CZ3933,China Southern,text,Duration: 2h 20m,,True,2026-02-17T20:02:50.743745
2026-10-15,CAN,departure,11:25,KMG Kunming,KY8280,Kunming Airlines,text,Duration: 2h 25m,,True,2026-02-17T20:02:50.743753
2026-10-15,CAN,departure,11:25,HGH Hangzhou,MU5212,China Eastern,text,Duration: 2h 5m,,True,2026-02-17T20:02:50.743761
2026-10-15,CAN,departure,11:25,KMG Kunming,MU5732,China Eastern,text,Duration: 2h 30m,,True,2026-02-17T20:02:50.743769
2026-10-15,CAN,departure,11:30,CKG Chongqing,CA4362,Air China,text,Duration: 2h 20m,,True,2026-02-17T20:02:50.743776
2026-10-15,CAN,departure,11:30,CGO Zhengzhou,CZ6593,China Southern,text,Duration: 2h 20m,,True,2026-02-17T20:02:50.743783
2026-10-15,CAN,departure,11:30,HAK Haikou,CZ6786,China Southern,text,Duration: 1h 25m,,True,2026-02-17T20:02:50.743792
2026-10-15,CAN,departure,11:30,WUH Wuhan,CZ3348,China Southern,text,Duration: 1h 55m,,True,2026-02-17T20:02:50.743798
2026-10-15,CAN,departure,11:35,HGH Hangzhou,3U3152,Sichuan Airlines,text,Duration: 2h 5m,,True,2026-02-17T20:02:50.743806
2026-10-15,CAN,departure,11:35,HET Hohhot,CZ3245,China Southern,text,Duration: 3h 10m,,True,2026-02-17T20:02:50.743812
2026-10-15,CAN,departure,11:35,HAN Hanoi,ZH121,Shenzhen Airlines,text,Duration: 2h 10m,,True,2026-02-17T20:02:50.743819
2026-10-15,CAN,departure,11:40,PEK Beijing,CA1360,Air China,text,Duration: 3h 15m,,True,2026-02-17T20:02:50.743957
2026-10-15,CAN,departure,11:40,CKG Chongqing,OQ2306,Chongqing Airlines,text,Duration: 2h 20m,,True,2026-02-17T20:02:50.743973
2026-10-15,CAN,departure,11:40,NKG Nanjing,ZH9865,Shenzhen Airlines,text,Duration: 2h 30m,,True,2026-02-17T20:02:50.743987
2026-10-15,CAN,departure,11:45,TSN Tianjin,CA2802,Air China,text,Duration: 3h 10m,,True,2026-02-17T20:02:50.743999
2026-10-15,CAN,departure,11:45,LJG Lijiang,CZ3423,China Southern,text,Duration: 3h 10m,,True,2026-02-17T20:02:50.744010
2026-10-15,CAN,departure,11:45,TAO Qingdao,CZ3535,China Southern,text,Duration: 3h 0m,,True,2026-02-17T20:02:50.744024
2026-10-15,CAN,departure,11:45,URC Urumqi,CZ6888,China Southern,text,Duration: 5h 20m,,True,2026-02-17T20:02:50.744037
2026-10-15,CAN,departure,11:50,NGB Ningbo,CZ3517,China Southern,text,Duration: 1h 55m,,True,2026-02-17T20:02:50.744050
2026-10-15,CAN,departure,11:50,TSN Tianjin,CZ3143,China Southern,text,Duration: 3h 25m,,True,2026-02-17T20:02:50.744062
2026-10-15,CAN,departure,11:50,PKX Beijing,MU6304,China Eastern,text,Duration: 3h 5m,,True,2026-02-17T20:02:50.744076
2026-10-15,CAN,departure,11:50,TYN Taiyuan,MU5252,China Eastern,text,Duration: 3h 10m,,True,2026-02-17T20:02:50.744089
2026-10-15,CAN,departure,11:50,WUX Wuxi,ZH9827,Shenzhen Airlines,text,Duration: 2h 25m,,True,2026-02-17T20:02:50.744102
2026-10-15,CAN,departure,11:55,CTU Chengdu,CA4306,Air China,text,Duration: 2h 35m,,True,2026-02-17T20:02:50.744114
2026-10-15,CAN,departure,11:55,KUL Kuala Lumpur,CZ8347,China Southern,text,Duration: 4h 10m,,True,2026-02-17T20:02:50.744128
2026-10-15,CAN,departure,11:55,XIY Xian,CZ3219,China Southern,text,Duration: 2h 50m,,True,2026-02-17T20:02:50.744140
2026-10-15,CAN,departure,11:55,PVG Shanghai,HU7331,Hainan Airlines,text,Duration: 2h 35m,,True,2026-02-17T20:02:50.744153
2026-10-15,CAN,departure,11:55,TSN Tianjin,MF8314,XiamenAir,text,Duration: 3h 20m,,True,2026-02-17T20:02:50.744166
2026-10-15,CAN,departure,11:55,LHW Lanzhou,MU2220,China Eastern,text,Duration: 3h 15m,,True,2026-02-17T20:02:50.744179
2026-10-15,CAN,departure,12:00,TFU Chengdu,3U6702,Sichuan Airlines,text,Duration: 2h 5m,,True,2026-02-17T20:02:50.744190
2026-10-15,CAN,departure,12:00,PKX Beijing,CZ3103,China Southern,text,Duration: 2h 55m,,True,2026-02-17T20:02:50.744202
2026-10-15,CAN,departure,12:00,SHA Shanghai,CZ3539,China Southern,text,Duration: 2h 20m,,True,2026-02-17T20:02:50.744215
2026-10-15,CAN,departure,12:00,TAO Qingdao,MU5256,China Eastern,text,Duration: 2h 55m,,True,2026-02-17T20:02:50.744226
2026-10-15,CAN,departure,12:00,YNT Yantai,SC7622,Shandong Airlines,text,Duration: 3h 10m,,True,2026-02-17T20:02:50.744234
2026-10-15,CAN,departure,12:05,SHA Shanghai,9C6722,Spring Airlines,text,Duration: 2h 25m,,True,2026-02-17T20:02:50.744242
2026-10-15,CAN,departure,12:05,BKK Bangkok,CZ5095,China Southern,text,Duration: 3h 0m,,True,2026-02-17T20:02:50.744249
2026-10-15,CAN,departure,12:05,XMN Xiamen,CZ3741,China Southern,text,Duration: 1h 25m,,True,2026-02-17T20:02:50.744256
2026-10-15,CAN,departure,12:05,INC Yinchuan,MF8754,XiamenAir,text,Duration: 3h 20m,,True,2026-02-17T20:02:50.744263
2026-10-15,CAN,departure,12:10,WNZ Wenzhou,CA8352,Air China,text,Duration: 2h 10m,,True,2026-02-17T20:02:50.744270
2026-10-15,CAN,departure,12:10,DLC Dalian,CZ6322,China Southern,text,Duration: 3h 20m,,True,2026-02-17T20:02:50.744277
2026-10-15,CAN,departure,12:10,HGH Hangzhou,CZ3869,China Southern,text,Duration: 2h 10m,,True,2026-02-17T20:02:50.744284
2026-10-15,CAN,departure,12:15,PKX Beijing,MF8396,XiamenAir,text,Duration: 3h 0m,,True,2026-02-17T20:02:50.744291
2026-10-15,CAN,departure,12:15,XIY Xian,MU2312,China Eastern,text,Duration: 2h 20m,,True,2026-02-17T20:02:50.744297
2026-10-15,CAN,departure,12:20,HIA Huai'an,MU2870,China Eastern,text,Duration: 2h 25m,,True,2026-02-17T20:02:50.744304
2026-10-15,CAN,departure,12:20,HRB Harbin,ZH9677,Shenzhen Airlines,text,Duration: 4h 5m,,True,2026-02-17T20:02:50.744311
2026-10-15,CAN,departure,12:25,TFU Chengdu,AQ1115,9 Air,text,Duration: 2h 25m,,True,2026-02-17T20:02:50.744318
2026-10-15,CAN,departure,12:25,HFE Hefei,CZ3873,China Southern,text,Duration: 2h 15m,,True,2026-02-17T20:02:50.744326
2026-10-15,CAN,departure,12:25,HGH Hangzhou,MF8320,XiamenAir,text,Duration: 2h 0m,,True,2026-02-17T20:02:50.744333
2026-10-15,CAN,departure,12:25,ICN Seoul,OZ370,Asiana,text,Duration: 3h 35m,,True,2026-02-17T20:02:50.744340
2026-10-15,CAN,departure,12:30,BKK Bangkok,CZ3081,China Southern,text,Duration: 3h 0m,,True,2026-02-17T20:02:50.744347
2026-10-15,CAN,departure,12:30,WUH Wuhan,CZ8728,China Southern,text,Duration: 1h 50m,,True,2026-02-17T20:02:50.744354
2026-10-15,CAN,departure,12:30,SHA Shanghai,FM9308,Shanghai Airlines,text,Duration: 2h 10m,,True,2026-02-17T20:02:50.744361
2026-10-15,CAN,departure,12:30,XIY Xian,HU7838,Hainan Airlines,text,Duration: 2h 40m,,True,2026-02-17T20:02:50.744367
2026-10-15,CAN,departure,12:30,SJW Shijiazhuang,NS3204,Hebei Airlines,text,Duration: 2h 40m,,True,2026-02-17T20:02:50.744373
2026-10-15,CAN,departure,12:35,CGO Zhengzhou,CZ8686,China Southern,text,Duration: 2h 20m,,True,2026-02-17T20:02:50.744380
2026-10-15,CAN,departure,12:35,KTI Phnom Penh,CZ6059,China Southern,text,Duration: 2h 55m,,True,2026-02-17T20:02:50.744386
2026-10-15,CAN,departure,12:35,TNA Jinan,CZ3711,China Southern,text,Duration: 2h 45m,,True,2026-02-17T20:02:50.744393
2026-10-15,CAN,departure,12:40,PEK Beijing,CA1352,Air China,text,Duration: 3h 20m,,True,2026-02-17T20:02:50.744399
2026-10-15,CAN,departure,12:40,KUL Kuala Lumpur,CZ8301,China Southern,text,Duration: 4h 20m,,True,2026-02-17T20:02:50.744405
2026-10-15,CAN,departure,12:40,SGN Ho Chi Minh City,CZ373,China Southern,text,Duration: 2h 50m,,True,2026-02-17T20:02:50.744413
2026-10-15,CAN,departure,12:40,SHA Shanghai,HO2288,Juneyao Airlines,text,Duration: 2h 15m,,True,2026-02-17T20:02:50.744419
2026-10-15,CAN,departure,12:40,CKG Chongqing,HU7341,Hainan Airlines,text,Duration: 2h 25m,,True,2026-02-17T20:02:50.744547
2026-10-15,CAN,departure,12:40,ICN Seoul,KE868,Korean Air,text,Duration: 3h 35m,,True,2026-02-17T20:02:50.744558
2026-10-15,CAN,departure,12:45,SIN Singapore,CZ3039,China Southern,text,Duration: 4h 5m,,True,2026-02-17T20:02:50.744565
2026-10-15,CAN,departure,12:45,ZHA Zhanjiang,CZ3331,China Southern,text,Duration: 1h 15m,,True,2026-02-17T20:02:50.744576
2026-10-15,CAN,departure,12:50,PKX Beijing,MU6306,China Eastern,text,Duration: 2h 55m,,True,2026-02-17T20:02:50.744582
2026-10-15,CAN,departure,12:50,TNA Jinan,SC1170,Shandong Airlines,text,Duration: 2h 35m,,True,2026-02-17T20:02:50.744589
2026-10-15,CAN,departure,12:50,WUS Wuyishan,SC4674,Shandong Airlines,text,Duration: 1h 25m,,True,2026-02-17T20:02:50.744596
2026-10-15,CAN,departure,12:50,NKG Nanjing,ZH9867,Shenzhen Airlines,text,Duration: 2h 25m,,True,2026-02-17T20:02:50.744602
2026-10-15,CAN,departure,12:55,HKT Phuket,CZ6063,China Southern,text,Duration: 3h 45m,,True,2026-02-17T20:02:50.744608
2026-10-15,CAN,departure,12:55,MXZ Mei Xian,CZ3333,China Southern,text,Duration: 1h 5m,,True,2026-02-17T20:02:50.744614
2026-10-15,CAN,departure,12:55,TAO Qingdao,CZ3799,China Southern,text,Duration: 3h 10m,,True,2026-02-17T20:02:50.744620
2026-10-15,CAN,departure,12:55,TFU Chengdu,MU5322,China Eastern,text,Duration: 2h 15m,,True,2026-02-17T20:02:50.744627
2026-10-15,CAN,departure,12:55,XIY Xian,ZH9223,Shenzhen Airlines,text,Duration: 2h 30m,,True,2026-02-17T20:02:50.744633
2026-10-15,CAN,departure,13:00,DXB Dubai,CZ8057,China Southern,text,Duration: 9h 10m,,True,2026-02-17T20:02:50.744639
2026-10-15,CAN,departure,13:00,PKX Beijing,CZ3179,China Southern,text,Duration: 2h 55m,,True,2026-02-17T20:02:50.744645
2026-10-15,CAN,departure,13:00,SHA Shanghai,CZ3525,China Southern,text,Duration: 2h 25m,,True,2026-02-17T20:02:50.744651
2026-10-15,CAN,departure,13:00,PVG Shanghai,FM9310,Shanghai Airlines,text,Duration: 2h 15m,,True,2026-02-17T20:02:50.744657
2026-10-15,CAN,departure,13:00,HAK Haikou,HU7008,Hainan Airlines,text,Duration: 1h 30m,,True,2026-02-17T20:02:50.744663
2026-10-15,CAN,departure,13:05,DZH Dazhou,CA4356,Air China,text,Duration: 2h 30m,,True,2026-02-17T20:02:50.744669
2026-10-15,CAN,departure,13:05,XIY Xian,CZ3207,China Southern,text,Duration: 2h 35m,,True,2026-02-17T20:02:50.744674
2026-10-15,CAN,departure,13:05,YIW Yiwu,CZ3149,China Southern,text,Duration: 2h 0m,,True,2026-02-17T20:02:50.744681
2026-10-15,CAN,departure,13:05,HFE Hefei,HU7203,Hainan Airlines,text,Duration: 2h 0m,,True,2026-02-17T20:02:50.744687
2026-10-15,CAN,departure,13:05,SHE Shenyang,ZH9655,Shenzhen Airlines,text,Duration: 3h 35m,,True,2026-02-17T20:02:50.744693
2026-10-15,CAN,departure,13:10,CKG Chongqing,CZ3485,China Southern,text,Duration: 2h 10m,,True,2026-02-17T20:02:50.744699
2026-10-15,CAN,departure,13:10,HGH Hangzhou,CZ3511,China Southern,text,Duration: 2h 10m,,True,2026-02-17T20:02:50.744705
2026-10-15,CAN,departure,13:10,NKG Nanjing,CZ3821,China Southern,text,Duration: 2h 20m,,True,2026-02-17T20:02:50.744711
2026-10-15,CAN,departure,13:10,WNZ Wenzhou,KN5038,China United Airlines,text,Duration: 1h 45m,,True,2026-02-17T20:02:50.744717
2026-10-15,CAN,departure,13:15,CTU Chengdu,CZ3471,China Southern,text,Duration: 2h 25m,,True,2026-02-17T20:02:50.744724
2026-10-15,CAN,departure,13:15,PEK Beijing,HU7808,Hainan Airlines,text,Duration: 3h 0m,,True,2026-02-17T20:02:50.744730
2026-10-15,CAN,departure,13:15,FOC Fuzhou,MF8356,XiamenAir,text,Duration: 1h 55m,,True,2026-02-17T20:02:50.744737
2026-10-15,CAN,departure,13:20,LHR London,CZ303,China Southern,text,Duration: 12h 40m,,True,2026-02-17T20:02:50.744744
2026-10-15,CAN,departure,13:20,VTE Vientiane,CZ6091,China Southern,text,Duration: 2h 25m,,True,2026-02-17T20:02:50.744751
2026-10-15,CAN,departure,13:25,TYN Taiyuan,CZ6527,China Southern,text,Duration: 2h 50m,,True,2026-02-17T20:02:50.744758
2026-10-15,CAN,departure,13:25,SIN Singapore,SQ851,Singapore Airlines,text,Duration: 4h 20m,,True,2026-02-17T20:02:50.744765
2026-10-15,CAN,departure,13:30,HET Hohhot,CA1382,Air China,text,Duration: 3h 25m,,True,2026-02-17T20:02:50.744772
2026-10-15,CAN,departure,13:30,SHE Shenyang,CZ6302,China Southern,text,Duration: 4h 0m,,True,2026-02-17T20:02:50.744779
2026-10-15,CAN,departure,13:30,WUH Wuhan,CZ8672,China Southern,text,Duration: 1h 55m,,True,2026-02-17T20:02:50.744785
2026-10-15,CAN,departure,13:30,SHA Shanghai,FM9312,Shanghai Airlines,text,Duration: 2h 15m,,True,2026-02-17T20:02:50.744792
2026-10-15,CAN,departure,13:30,XIY Xian,MU2302,China Eastern,text,Duration: 2h 35m,,True,2026-02-17T20:02:50.744799
2026-10-15,CAN,departure,13:30,CZX Changzhou,ZH8943,Shenzhen Airlines,text,Duration: 2h 15m,,True,2026-02-17T20:02:50.744805
2026-10-15,CAN,departure,13:35,CKG Chongqing,3U8748,Sichuan Airlines,text,Duration: 2h 0m,,True,2026-02-17T20:02:50.744812
2026-10-15,CAN,departure,13:35,CXR Nha Trang,CZ6049,China Southern,text,Duration: 2h 35m,,True,2026-02-17T20:02:50.744819
2026-10-15,CAN,departure,13:40,PEK Beijing,CA1322,Air China,text,Duration: 3h 20m,,True,2026-02-17T20:02:50.744825
2026-10-15,CAN,departure,13:40,HAN Hanoi,CZ8315,China Southern,text,Duration: 2h 5m,,True,2026-02-17T20:02:50.744831
2026-10-15,CAN,departure,13:45,CGQ Changchun,CZ6342,China Southern,text,Duration: 4h 15m,,True,2026-02-17T20:02:50.744838
2026-10-15,CAN,departure,13:45,KTI Phnom Penh,K6669,Air Cambodia,text,Duration: 2h 30m,,True,2026-02-17T20:02:50.744843
2026-10-15,CAN,departure,13:50,FOC Fuzhou,CZ3877,China Southern,text,Duration: 1h 45m,,True,2026-02-17T20:02:50.744850
2026-10-15,CAN,departure,13:50,NGB Ningbo,CZ3775,China Southern,text,Duration: 2h 10m,,True,2026-02-17T20:02:50.744856
2026-10-15,CAN,departure,13:50,SVO Moscow,CZ655,China Southern,text,Duration: 10h 25m,,True,2026-02-17T20:02:50.744862
2026-10-15,CAN,departure,13:50,LYI Linyi,ZH9481,Shenzhen Airlines,text,Duration: 2h 45m,,True,2026-02-17T20:02:50.744869
2026-10-15,CAN,departure,13:50,NKG Nanjing,ZH9869,Shenzhen Airlines,text,Duration: 2h 20m,,True,2026-02-17T20:02:50.744993
2026-10-15,CAN,departure,13:55,KMG Kunming,CZ3407,China Southern,text,Duration: 2h 40m,,True,2026-02-17T20:02:50.745006
2026-10-15,CAN,departure,13:55,LHW Lanzhou,CZ3385,China Southern,text,Duration: 3h 30m,,True,2026-02-17T20:02:50.745013
2026-10-15,CAN,departure,13:55,MNL Manila,CZ397,China Southern,text,Duration: 2h 50m,,True,2026-02-17T20:02:50.745020
2026-10-15,CAN,departure,13:55,PEN Penang,CZ5047,China Southern,text,Duration: 4h 5m,,True,2026-02-17T20:02:50.745026
2026-10-15,CAN,departure,14:00,TFU Chengdu,CA4308,Air China,text,Duration: 2h 20m,,True,2026-02-17T20:02:50.745033
2026-10-15,CAN,departure,14:00,PKX Beijing,CZ3109,China Southern,text,Duration: 3h 5m,,True,2026-02-17T20:02:50.745040
2026-10-15,CAN,departure,14:00,PVG Shanghai,CZ3487,China Southern,text,Duration: 2h 30m,,True,2026-02-17T20:02:50.745047
2026-10-15,CAN,departure,14:00,HRB Harbin,JD5165,Capital Airlines,text,Duration: 3h 55m,,True,2026-02-17T20:02:50.745053
2026-10-15,CAN,departure,14:00,SHA Shanghai,MU5316,China Eastern,text,Duration: 2h 15m,,True,2026-02-17T20:02:50.745060
2026-10-15,CAN,departure,14:05,SYX Sanya,CZ6734,China Southern,text,Duration: 1h 40m,,True,2026-02-17T20:02:50.745067
2026-10-15,CAN,departure,14:05,XMN Xiamen,CZ3879,China Southern,text,Duration: 1h 25m,,True,2026-02-17T20:02:50.745073
2026-10-15,CAN,departure,14:10,PVG Shanghai,CA8582,Air China,text,Duration: 2h 30m,,True,2026-02-17T20:02:50.745080
2026-10-15,CAN,departure,14:10,KWE Guiyang,CZ3692,China Southern,text,Duration: 1h 55m,,True,2026-02-17T20:02:50.745087
2026-10-15,CAN,departure,14:10,HND Tokyo,JL88,JAL,text,Duration: 4h 20m,,True,2026-02-17T20:02:50.745093
2026-10-15,CAN,departure,14:10,JJN Jinjiang,MF8386,XiamenAir,text,Duration: 1h 35m,,True,2026-02-17T20:02:50.745100
2026-10-15,CAN,departure,14:15,CTU Chengdu,3U8732,Sichuan Airlines,text,Duration: 2h 20m,,True,2026-02-17T20:02:50.745107
2026-10-15,CAN,departure,14:15,RGN Yangon,8M712,MAI,text,Duration: 3h 5m,,True,2026-02-17T20:02:50.745114
2026-10-15,CAN,departure,14:15,CGO Zhengzhou,CZ6626,China Southern,text,Duration: 2h 20m,,True,2026-02-17T20:02:50.745121
2026-10-15,CAN,departure,14:15,NKG Nanjing,HU7213,Hainan Airlines,text,Duration: 2h 10m,,True,2026-02-17T20:02:50.745127
2026-10-15,CAN,departure,14:15,HND Tokyo,NH924,ANA,text,Duration: 4h 30m,,True,2026-02-17T20:02:50.745134
2026-10-15,CAN,departure,14:20,TNA Jinan,CZ8479,China Southern,text,Duration: 2h 45m,,True,2026-02-17T20:02:50.745140
2026-10-15,CAN,departure,14:20,YIW Yiwu,CZ3795,China Southern,text,Duration: 2h 0m,,True,2026-02-17T20:02:50.745147
2026-10-15,CAN,departure,14:25,HRB Harbin,CZ3623,China Southern,text,Duration: 4h 15m,,True,2026-02-17T20:02:50.745154
2026-10-15,CAN,departure,14:25,XIY Xian,CZ3215,China Southern,text,Duration: 2h 35m,,True,2026-02-17T20:02:50.745160
2026-10-15,CAN,departure,14:25,LJG Lijiang,MU5742,China Eastern,text,Duration: 3h 0m,,True,2026-02-17T20:02:50.745167
2026-10-15,CAN,departure,14:30,TAO Qingdao,CZ5899,China Southern,text,Duration: 3h 5m,,True,2026-02-17T20:02:50.745174
2026-10-15,CAN,departure,14:30,SHA Shanghai,HO1858,Juneyao Airlines,text,Duration: 2h 20m,,True,2026-02-17T20:02:50.745182
2026-10-15,CAN,departure,14:30,CKG Chongqing,HU7441,Hainan Airlines,text,Duration: 2h 10m,,True,2026-02-17T20:02:50.745189
2026-10-15,CAN,departure,14:30,SHA Shanghai,MU5308,China Eastern,text,Duration: 2h 25m,,True,2026-02-17T20:02:50.745196
2026-10-15,CAN,departure,14:30,TNA Jinan,ZH9977,Shenzhen Airlines,text,Duration: 2h 35m,,True,2026-02-17T20:02:50.745203
2026-10-15,CAN,departure,14:35,HGH Hangzhou,GJ8700,Loong Air,text,Duration: 2h 25m,,True,2026-02-17T20:02:50.745210
2026-10-15,CAN,departure,14:35,KUL Kuala Lumpur,MH377,Malaysia Airlines,text,Duration: 4h 5m,,True,2026-02-17T20:02:50.745217
2026-10-15,CAN,departure,14:35,CTU Chengdu,MU6832,China Eastern,text,Duration: 2h 10m,,True,2026-02-17T20:02:50.745224
2026-10-15,CAN,departure,14:40,PEK Beijing,CA1318,Air China,text,Duration: 3h 5m,,True,2026-02-17T20:02:50.745231
2026-10-15,CAN,departure,14:40,HND Tokyo,CZ3085,China Southern,text,Duration: 4h 5m,,True,2026-02-17T20:02:50.745237
2026-10-15,CAN,departure,14:45,HGH Hangzhou,AQ1071,9 Air,text,Duration: 2h 5m,,True,2026-02-17T20:02:50.745244
2026-10-15,CAN,departure,14:45,LJG Lijiang,OQ2111,Chongqing Airlines,text,Duration: 3h 10m,,True,2026-02-17T20:02:50.745250
2026-10-15,CAN,departure,14:50,BKK Bangkok,CZ8023,China Southern,text,Duration: 3h 0m,,True,2026-02-17T20:02:50.745257
2026-10-15,CAN,departure,14:50,HFE Hefei,CZ6585,China Southern,text,Duration: 2h 15m,,True,2026-02-17T20:02:50.745263
2026-10-15,CAN,departure,14:55,LUM Mangshi,CZ6499,China Southern,text,Duration: 3h 5m,,True,2026-02-17T20:02:50.745269
2026-10-15,CAN,departure,14:55,WNZ Wenzhou,CZ3527,China Southern,text,Duration: 1h 55m,,True,2026-02-17T20:02:50.745275
2026-10-15,CAN,departure,15:00,PKX Beijing,CZ3999,China Southern,text,Duration: 3h 10m,,True,2026-02-17T20:02:50.745282
2026-10-15,CAN,departure,15:00,SHA Shanghai,CZ3571,China Southern,text,Duration: 2h 25m,,True,2026-02-17T20:02:50.745288
2026-10-15,CAN,departure,15:00,WUH Wuhan,CZ5770,China Southern,text,Duration: 1h 45m,,True,2026-02-17T20:02:50.745295
2026-10-15,CAN,departure,15:05,KMG Kunming,CZ3449,China Southern,text,Duration: 2h 30m,,True,2026-02-17T20:02:50.745302
2026-10-15,CAN,departure,15:05,XUZ Xuzhou,CZ3339,China Southern,text,Duration: 2h 20m,,True,2026-02-17T20:02:50.745309
2026-10-15,CAN,departure,15:05,CGO Zhengzhou,HU7287,Hainan Airlines,text,Duration: 2h 25m,,True,2026-02-17T20:02:50.745315
2026-10-15,CAN,departure,15:05,CKG Chongqing,OQ2318,Chongqing Airlines,text,Duration: 2h 25m,,True,2026-02-17T20:02:50.745321
2026-10-15,CAN,departure,15:10,BKI Kota Kinabalu,CZ8335,China Southern,text,Duration: 3h 10m,,True,2026-02-17T20:02:50.745328
2026-10-15,CAN,departure,15:10,HGH Hangzhou,CZ3501,China Southern,text,Duration: 2h 10m,,True,2026-02-17T20:02:50.745590
2026-10-15,CAN,departure,15:10,NKG Nanjing,CZ3699,China Southern,text,Duration: 2h 20m,,True,2026-02-17T20:02:50.745605
2026-10-15,CAN,departure,15:15,CTU Chengdu,CZ3417,China Southern,text,Duration: 2h 20m,,True,2026-02-17T20:02:50.745661
2026-10-15,CAN,departure,15:15,TAS Tashkent,CZ3053,China Southern,text,Duration: 7h 15m,,True,2026-02-17T20:02:50.745679
2026-10-15,CAN,departure,15:15,NKG Nanjing,HU7313,Hainan Airlines,text,Duration: 2h 10m,,True,2026-02-17T20:02:50.745689
2026-10-15,CAN,departure,15:15,PEK Beijing,HU7810,Hainan Airlines,text,Duration: 3h 0m,,True,2026-02-17T20:02:50.745704
2026-10-15,CAN,departure,15:15,PKX Beijing,MU6308,China Eastern,text,Duration: 3h 0m,,True,2026-02-17T20:02:50.745720
2026-10-15,CAN,departure,15:15,SGN Ho Chi Minh City,VN503,Vietnam Airlines,text,Duration: 3h 5m,,True,2026-02-17T20:02:50.745735
2026-10-15,CAN,departure,15:20,TFU Chengdu,HU7251,Hainan Airlines,text,Duration: 2h 20m,,True,2026-02-17T20:02:50.745749
2026-10-15,CAN,departure,15:25,TSN Tianjin,GS7896,Tianjin Airlines,text,Duration: 2h 50m,,True,2026-02-17T20:02:50.745764
2026-10-15,CAN,departure,15:25,PVG Shanghai,ZH9535,Shenzhen Airlines,text,Duration: 2h 20m,,True,2026-02-17T20:02:50.745777
2026-10-15,CAN,departure,15:30,CGO Zhengzhou,CZ8766,China Southern,text,Duration: 2h 20m,,True,2026-02-17T20:02:50.745797
2026-10-15,CAN,departure,15:30,SHA Shanghai,MU5310,China Eastern,text,Duration: 2h 15m,,True,2026-02-17T20:02:50.745811
2026-10-15,CAN,departure,15:30,LHW Lanzhou,OQ2131,Chongqing Airlines,text,Duration: 3h 25m,,True,2026-02-17T20:02:50.745823
2026-10-15,CAN,departure,15:35,SHE Shenyang,CZ6368,China Southern,text,Duration: 3h 50m,,True,2026-02-17T20:02:50.745835
2026-10-15,CAN,departure,15:40,PEK Beijing,CA1316,Air China,text,Duration: 3h 20m,,True,2026-02-17T20:02:50.745963
2026-10-15,CAN,departure,15:40,URC Urumqi,CZ6892,China Southern,text,Duration: 5h 15m,,True,2026-02-17T20:02:50.745981
2026-10-15,CAN,departure,15:40,WSK Wushan,CZ3961,China Southern,text,Duration: 2h 10m,,True,2026-02-17T20:02:50.745992
2026-10-15,CAN,departure,15:45,CGQ Changchun,CZ3606,China Southern,text,Duration: 4h 15m,,True,2026-02-17T20:02:50.746002
2026-10-15,CAN,departure,15:45,CGK Jakarta,GA899,Garuda Indonesia,text,Duration: 4h 55m,,True,2026-02-17T20:02:50.746012
2026-10-15,CAN,departure,15:45,BKK Bangkok,TG669,Thai Airways,text,Duration: 3h 0m,,True,2026-02-17T20:02:50.746023
2026-10-15,CAN,departure,15:55,BKK Bangkok,CZ363,China Southern,text,Duration: 3h 0m,,True,2026-02-17T20:02:50.746033
2026-10-15,CAN,departure,15:55,HGH Hangzhou,MF8382,XiamenAir,text,Duration: 1h 55m,,True,2026-02-17T20:02:50.746043
2026-10-15,CAN,departure,15:55,HPH Haiphong,ZH129,Shenzhen Airlines,text,Duration: 2h 25m,,True,2026-02-17T20:02:50.746052
2026-10-15,CAN,departure,16:00,CTU Chengdu,CA4318,Air China,text,Duration: 2h 35m,,True,2026-02-17T20:02:50.746063
2026-10-15,CAN,departure,16:00,CNX Chiang Mai,CZ3033,China Southern,text,Duration: 2h 50m,,True,2026-02-17T20:02:50.746073
2026-10-15,CAN,departure,16:00,PKX Beijing,CZ3115,China Southern,text,Duration: 3h 15m,,True,2026-02-17T20:02:50.746085
2026-10-15,CAN,departure,16:00,SHA Shanghai,CZ3503,China Southern,text,Duration: 2h 25m,,True,2026-02-17T20:02:50.746095
2026-10-15,CAN,departure,16:00,NGB Ningbo,HU7233,Hainan Airlines,text,Duration: 2h 10m,,True,2026-02-17T20:02:50.746106
2026-10-15,CAN,departure,16:00,NGB Ningbo,MU5238,China Eastern,text,Duration: 1h 55m,,True,2026-02-17T20:02:50.746117
2026-10-15,CAN,departure,16:00,TAO Qingdao,ZH9993,Shenzhen Airlines,text,Duration: 3h 5m,,True,2026-02-17T20:02:50.746128
2026-10-15,CAN,departure,16:05,SGN Ho Chi Minh City,9C7347,Spring Airlines,text,Duration: 2h 50m,,True,2026-02-17T20:02:50.746142
2026-10-15,CAN,departure,16:05,SHA Shanghai,9C6720,Spring Airlines,text,Duration: 1h 55m,,True,2026-02-17T20:02:50.746153
2026-10-15,CAN,departure,16:05,PVG Shanghai,AQ1011,9 Air,text,Duration: 2h 15m,,True,2026-02-17T20:02:50.746164
2026-10-15,CAN,departure,16:05,ISB Islamabad,CZ8069,China Southern,text,Duration: 6h 30m,,True,2026-02-17T20:02:50.746175
2026-10-15,CAN,departure,16:05,IST Istanbul,CZ8089,China Southern,text,Duration: 11h 5m,,True,2026-02-17T20:02:50.746186
2026-10-15,CAN,departure,16:05,TSN Tianjin,CZ3135,China Southern,text,Duration: 3h 0m,,True,2026-02-17T20:02:50.746196
2026-10-15,CAN,departure,16:05,TFU Chengdu,HU7351,Hainan Airlines,text,Duration: 2h 25m,,True,2026-02-17T20:02:50.746207
2026-10-15,CAN,departure,16:05,WUX Wuxi,ZH9829,Shenzhen Airlines,text,Duration: 2h 25m,,True,2026-02-17T20:02:50.746218
2026-10-15,CAN,departure,16:10,TAO Qingdao,CZ3573,China Southern,text,Duration: 3h 5m,,True,2026-02-17T20:02:50.746228
2026-10-15,CAN,departure,16:10,TYN Taiyuan,CZ3695,China Southern,text,Duration: 2h 40m,,True,2026-02-17T20:02:50.746239
2026-10-15,CAN,departure,16:10,SJW Shijiazhuang,OQ2135,Chongqing Airlines,text,Duration: 2h 45m,,True,2026-02-17T20:02:50.746250
2026-10-15,CAN,departure,16:10,RUH Riyadh,SV885,Saudia,text,Duration: 9h 10m,,True,2026-02-17T20:02:50.746263
2026-10-15,CAN,departure,16:15,LFQ Qiaoli,CZ8927,China Southern,text,Duration: 2h 50m,,True,2026-02-17T20:02:50.746274
2026-10-15,CAN,departure,16:15,YNT Yantai,CZ8777,China Southern,text,Duration: 3h 15m,,True,2026-02-17T20:02:50.746285
2026-10-15,CAN,departure,16:15,HAK Haikou,ZH8991,Shenzhen Airlines,text,Duration: 1h 25m,,True,2026-02-17T20:02:50.746296
2026-10-15,CAN,departure,16:20,SHA Shanghai,CA1829,Air China,text,Duration: 2h 20m,,True,2026-02-17T20:02:50.746307
2026-10-15,CAN,departure,16:20,CKG Chongqing,CZ3411,China Southern,text,Duration: 2h 20m,,True,2026-02-17T20:02:50.746317
2026-10-15,CAN,departure,16:20,INC Yinchuan,CZ5701,China Southern,text,Duration: 2h 55m,,True,2026-02-17T20:02:50.746328
2026-10-15,CAN,departure,16:20,HAN Hanoi,VN507,Vietnam Airlines,text,Duration: 2h 10m,,True,2026-02-17T20:02:50.746339
2026-10-15,CAN,departure,16:25,SWA Jieyang,CZ3892,China Southern,text,Duration: 1h 10m,,True,2026-02-17T20:02:50.746543
2026-10-15,CAN,departure,16:25,KMG Kunming,MU9690,China Eastern,text,Duration: 2h 30m,,True,2026-02-17T20:02:50.746555
2026-10-15,CAN,departure,16:30,HAK Haikou,CZ6778,China Southern,text,Duration: 1h 20m,,True,2026-02-17T20:02:50.746563
2026-10-15,CAN,departure,16:30,XNN Xining,CZ6241,China Southern,text,Duration: 3h 10m,,True,2026-02-17T20:02:50.746570
2026-10-15,CAN,departure,16:30,SHA Shanghai,MU5312,China Eastern,text,Duration: 2h 20m,,True,2026-02-17T20:02:50.746577
2026-10-15,CAN,departure,16:35,LHE Lahore,CZ6037,China Southern,text,Duration: 6h 10m,,True,2026-02-17T20:02:50.746584
2026-10-15,CAN,departure,16:35,WUH Wuhan,MU2541,China Eastern,text,Duration: 1h 50m,,True,2026-02-17T20:02:50.746591
2026-10-15,CAN,departure,16:40,PEK Beijing,CA1340,Air China,text,Duration: 3h 35m,,True,2026-02-17T20:02:50.746598
2026-10-15,CAN,departure,16:40,CZX Changzhou,CZ3899,China Southern,text,Duration: 2h 15m,,True,2026-02-17T20:02:50.746604
2026-10-15,CAN,departure,16:40,URC Urumqi,UQ2592,Urumqi Airlines,text,Duration: 5h 15m,,True,2026-02-17T20:02:50.746611
2026-10-15,CAN,departure,16:45,YIW Yiwu,CZ3304,China Southern,text,Duration: 2h 5m,,True,2026-02-17T20:02:50.746618
2026-10-15,CAN,departure,16:50,WUH Wuhan,CA8232,Air China,text,Duration: 1h 40m,,True,2026-02-17T20:02:50.746623
2026-10-15,CAN,departure,16:50,PEN Penang,CZ395,China Southern,text,Duration: 4h 10m,,True,2026-02-17T20:02:50.746630
2026-10-15,CAN,departure,16:50,WXN Wanxian,CZ8253,China Southern,text,Duration: 2h 10m,,True,2026-02-17T20:02:50.746637
2026-10-15,CAN,departure,16:50,YCU Yuncheng,CZ3921,China Southern,text,Duration: 2h 40m,,True,2026-02-17T20:02:50.746643
2026-10-15,CAN,departure,16:55,BKK Bangkok,CZ8019,China Southern,text,Duration: 3h 0m,,True,2026-02-17T20:02:50.746650
2026-10-15,CAN,departure,16:55,CSX Changsha,CZ3388,China Southern,text,Duration: 1h 35m,,True,2026-02-17T20:02:50.746656
2026-10-15,CAN,departure,16:55,FUG Fuyang,CZ3931,China Southern,text,Duration: 2h 15m,,True,2026-02-17T20:02:50.746662
2026-10-15,CAN,departure,16:55,KHN Nanchang,CZ8531,China Southern,text,Duration: 1h 40m,,True,2026-02-17T20:02:50.746668
2026-10-15,CAN,departure,16:55,SHE Shenyang,CZ6348,China Southern,text,Duration: 4h 0m,,True,2026-02-17T20:02:50.746674
2026-10-15,CAN,departure,16:55,WUX Wuxi,MU2918,China Eastern,text,Duration: 2h 25m,,True,2026-02-17T20:02:50.746681
2026-10-15,CAN,departure,16:55,CKG Chongqing,OQ2324,Chongqing Airlines,text,Duration: 2h 20m,,True,2026-02-17T20:02:50.746691
2026-10-15,CAN,departure,17:00,YBP Yibin,3U3053,Sichuan Airlines,text,Duration: 2h 5m,,True,2026-02-17T20:02:50.746697
2026-10-15,CAN,departure,17:00,PKX Beijing,CZ3113,China Southern,text,Duration: 3h 10m,,True,2026-02-17T20:02:50.746704
2026-10-15,CAN,departure,17:00,WUH Wuhan,CZ3346,China Southern,text,Duration: 1h 45m,,True,2026-02-17T20:02:50.746710
2026-10-15,CAN,departure,17:00,CGO Zhengzhou,HU7283,Hainan Airlines,text,Duration: 2h 25m,,True,2026-02-17T20:02:50.746716
2026-10-15,CAN,departure,17:00,HFE Hefei,ZH9989,Shenzhen Airlines,text,Duration: 2h 0m,,True,2026-02-17T20:02:50.746722
2026-10-15,CAN,departure,17:05,PKX Beijing,AQ1001,9 Air,text,Duration: 3h 10m,,True,2026-02-17T20:02:50.746728
2026-10-15,CAN,departure,17:05,CGO Zhengzhou,CZ3394,China Southern,text,Duration: 2h 25m,,True,2026-02-17T20:02:50.746734
2026-10-15,CAN,departure,17:05,XIY Xian,CZ3203,China Southern,text,Duration: 2h 40m,,True,2026-02-17T20:02:50.746741
2026-10-15,CAN,departure,17:05,NKG Nanjing,ZH9871,Shenzhen Airlines,text,Duration: 2h 25m,,True,2026-02-17T20:02:50.746747
2026-10-15,CAN,departure,17:10,TFU Chengdu,3U6704,Sichuan Airlines,text,Duration: 2h 5m,,True,2026-02-17T20:02:50.746753
2026-10-15,CAN,departure,17:10,HGH Hangzhou,CZ3829,China Southern,text,Duration: 2h 10m,,True,2026-02-17T20:02:50.746759
2026-10-15,CAN,departure,17:10,NKG Nanjing,CZ3697,China Southern,text,Duration: 2h 20m,,True,2026-02-17T20:02:50.746766
2026-10-15,CAN,departure,17:10,URC Urumqi,CZ6013,China Southern,text,Duration: 5h 20m,,True,2026-02-17T20:02:50.746772
2026-10-15,CAN,departure,17:10,VTE Vientiane,QV882,Lao Airlines,text,Duration: 2h 30m,,True,2026-02-17T20:02:50.746779
2026-10-15,CAN,departure,17:10,YNT Yantai,ZH9675,Shenzhen Airlines,text,Duration: 3h 10m,,True,2026-02-17T20:02:50.746784
2026-10-15,CAN,departure,17:15,TFU Chengdu,CZ3475,China Southern,text,Duration: 2h 20m,,True,2026-02-17T20:02:50.746791
2026-10-15,CAN,departure,17:15,TNA Jinan,CZ3707,China Southern,text,Duration: 2h 55m,,True,2026-02-17T20:02:50.746796
2026-10-15,CAN,departure,17:15,NKG Nanjing,ZH9873,Shenzhen Airlines,text,Duration: 2h 5m,,True,2026-02-17T20:02:50.746803
2026-10-15,CAN,departure,17:20,ICN Seoul,CZ339,China Southern,text,Duration: 3h 30m,,True,2026-02-17T20:02:50.746809
2026-10-15,CAN,departure,17:20,TAO Qingdao,CZ3609,China Southern,text,Duration: 3h 5m,,True,2026-02-17T20:02:50.746815
2026-10-15,CAN,departure,17:20,TYN Taiyuan,CZ3951,China Southern,text,Duration: 2h 35m,,True,2026-02-17T20:02:50.746821
2026-10-15,CAN,departure,17:20,WNZ Wenzhou,CZ3809,China Southern,text,Duration: 1h 45m,,True,2026-02-17T20:02:50.746827
2026-10-15,CAN,departure,17:20,JHG Jinghong,OQ2105,Chongqing Airlines,text,Duration: 3h 10m,,True,2026-02-17T20:02:50.746833
2026-10-15,CAN,departure,17:25,DLC Dalian,CZ6458,China Southern,text,Duration: 3h 25m,,True,2026-02-17T20:02:50.746839
2026-10-15,CAN,departure,17:25,XFN Xiangyang,GJ8381,Loong Air,text,Duration: 2h 0m,,True,2026-02-17T20:02:50.746845
2026-10-15,CAN,departure,17:30,HGH Hangzhou,CA1794,Air China,text,Duration: 2h 25m,,True,2026-02-17T20:02:50.746851
2026-10-15,CAN,departure,17:30,TPE Taipei,CI522,China Airlines,text,Duration: 2h 10m,,True,2026-02-17T20:02:50.746857
2026-10-15,CAN,departure,17:30,HAN Hanoi,CZ8177,China Southern,text,Duration: 2h 10m,,True,2026-02-17T20:02:50.746863
2026-10-15,CAN,departure,17:30,SHA Shanghai,MU5354,China Eastern,text,Duration: 2h 35m,,True,2026-02-17T20:02:50.747007
2026-10-15,CAN,departure,17:35,CKG Chongqing,CA4350,Air China,text,Duration: 2h 15m,,True,2026-02-17T20:02:50.747021
2026-10-15,CAN,departure,17:35,KUL Kuala Lumpur,CZ365,China Southern,text,Duration: 4h 15m,,True,2026-02-17T20:02:50.747032
2026-10-15,CAN,departure,17:35,YTY Yangzhou,ZH8909,Shenzhen Airlines,text,Duration: 2h 15m,,True,2026-02-17T20:02:50.747044
2026-10-15,CAN,departure,17:40,LUM Mangshi,MU9730,China Eastern,text,Duration: 3h 15m,,True,2026-02-17T20:02:50.747057
2026-10-15,CAN,departure,17:45,DXB Dubai,CZ383,China Southern,text,Duration: 9h 15m,,True,2026-02-17T20:02:50.747071
2026-10-15,CAN,departure,17:45,YNZ Yancheng,CZ8215,China Southern,text,Duration: 2h 40m,,True,2026-02-17T20:02:50.747086
2026-10-15,CAN,departure,17:45,NKG Nanjing,MU2718,China Eastern,text,Duration: 2h 25m,,True,2026-02-17T20:02:50.747101
2026-10-15,CAN,departure,17:45,TAO Qingdao,SC4678,Shandong Airlines,text,Duration: 2h 55m,,True,2026-02-17T20:02:50.747108
2026-10-15,CAN,departure,17:50,KMG Kunming,CZ3499,China Southern,text,Duration: 2h 35m,,True,2026-02-17T20:02:50.747114
2026-10-15,CAN,departure,17:50,NAO Nanchong,CZ3429,China Southern,text,Duration: 2h 30m,,True,2026-02-17T20:02:50.747122
2026-10-15,CAN,departure,17:50,SUB Surabaya,CZ8137,China Southern,text,Duration: 5h 10m,,True,2026-02-17T20:02:50.747133
2026-10-15,CAN,departure,17:50,XFN Xiangyang,CZ3361,China Southern,text,Duration: 2h 15m,,True,2026-02-17T20:02:50.747143
2026-10-15,CAN,departure,17:50,HGH Hangzhou,MU5216,China Eastern,text,Duration: 2h 0m,,True,2026-02-17T20:02:50.747153
2026-10-15,CAN,departure,17:55,WUX Wuxi,CZ3917,China Southern,text,Duration: 2h 30m,,True,2026-02-17T20:02:50.747165
2026-10-15,CAN,departure,17:55,YIH Yichang,CZ3299,China Southern,text,Duration: 1h 55m,,True,2026-02-17T20:02:50.747178
2026-10-15,CAN,departure,17:55,YIW Yiwu,CZ3635,China Southern,text,Duration: 2h 0m,,True,2026-02-17T20:02:50.747187
2026-10-15,CAN,departure,17:55,TAO Qingdao,MU5258,China Eastern,text,Duration: 2h 55m,,True,2026-02-17T20:02:50.747195
2026-10-15,CAN,departure,18:00,TFU Chengdu,CA4302,Air China,text,Duration: 2h 25m,,True,2026-02-17T20:02:50.747203
2026-10-15,CAN,departure,18:00,PKX Beijing,CZ3111,China Southern,text,Duration: 3h 5m,,True,2026-02-17T20:02:50.747210
2026-10-15,CAN,departure,18:00,PVG Shanghai,CZ8211,China Southern,text,Duration: 2h 30m,,True,2026-02-17T20:02:50.747218
2026-10-15,CAN,departure,18:05,SHA Shanghai,9C8856,Spring Airlines,text,Duration: 2h 5m,,True,2026-02-17T20:02:50.747226
2026-10-15,CAN,departure,18:05,BZX Bazhong,CZ8209,China Southern,text,Duration: 2h 20m,,True,2026-02-17T20:02:50.747234
2026-10-15,CAN,departure,18:05,LHW Lanzhou,HU7253,Hainan Airlines,text,Duration: 3h 0m,,True,2026-02-17T20:02:50.747240
2026-10-15,CAN,departure,18:10,HGH Hangzhou,CZ3801,China Southern,text,Duration: 2h 10m,,True,2026-02-17T20:02:50.747247
2026-10-15,CAN,departure,18:10,JFK New York,CZ699,China Southern,text,Duration: 15h 50m,,True,2026-02-17T20:02:50.747256
2026-10-15,CAN,departure,18:15,CTU Chengdu,CZ3427,China Southern,text,Duration: 2h 25m,,True,2026-02-17T20:02:50.747263
2026-10-15,CAN,departure,18:15,DPS Denpasar,CZ625,China Southern,text,Duration: 5h 15m,,True,2026-02-17T20:02:50.747271
2026-10-15,CAN,departure,18:15,PEK Beijing,HU7812,Hainan Airlines,text,Duration: 3h 15m,,True,2026-02-17T20:02:50.747278
2026-10-15,CAN,departure,18:15,FOC Fuzhou,MF8348,XiamenAir,text,Duration: 1h 55m,,True,2026-02-17T20:02:50.747284
2026-10-15,CAN,departure,18:15,CKG Chongqing,OQ2340,Chongqing Airlines,text,Duration: 2h 45m,,True,2026-02-17T20:02:50.747291
2026-10-15,CAN,departure,18:20,SYX Sanya,CZ6744,China Southern,text,Duration: 1h 50m,,True,2026-02-17T20:02:50.747298
2026-10-15,CAN,departure,18:20,HGH Hangzhou,ZH9983,Shenzhen Airlines,text,Duration: 1h 55m,,True,2026-02-17T20:02:50.747304
2026-10-15,CAN,departure,18:25,PVG Shanghai,HO1870,Juneyao Airlines,text,Duration: 2h 35m,,True,2026-02-17T20:02:50.747310
2026-10-15,CAN,departure,18:25,HGH Hangzhou,HU7361,Hainan Airlines,text,Duration: 2h 5m,,True,2026-02-17T20:02:50.747317
2026-10-15,CAN,departure,18:25,XMN Xiamen,MF8388,XiamenAir,text,Duration: 1h 25m,,True,2026-02-17T20:02:50.747323
2026-10-15,CAN,departure,18:25,CKG Chongqing,MU6825,China Eastern,text,Duration: 2h 5m,,True,2026-02-17T20:02:50.747329
2026-10-15,CAN,departure,18:30,HAK Haikou,CZ6792,China Southern,text,Duration: 1h 35m,,True,2026-02-17T20:02:50.747336
2026-10-15,CAN,departure,18:30,YYZ Toronto,CZ311,China Southern,text,Duration: 15h 0m,,True,2026-02-17T20:02:50.747343
2026-10-15,CAN,departure,18:30,SHA Shanghai,MU5314,China Eastern,text,Duration: 2h 30m,,True,2026-02-17T20:02:50.747349
2026-10-15,CAN,departure,18:35,SHE Shenyang,CZ6340,China Southern,text,Duration: 3h 55m,,True,2026-02-17T20:02:50.747355
2026-10-15,CAN,departure,18:40,PEK Beijing,CA1328,Air China,text,Duration: 3h 20m,,True,2026-02-17T20:02:50.747362
2026-10-15,CAN,departure,18:40,DYG Dayong,CZ3381,China Southern,text,Duration: 1h 50m,,True,2026-02-17T20:02:50.747368
2026-10-15,CAN,departure,18:40,HRB Harbin,CZ5393,China Southern,text,Duration: 4h 20m,,True,2026-02-17T20:02:50.747377
2026-10-15,CAN,departure,18:40,NKG Nanjing,CZ3507,China Southern,text,Duration: 2h 20m,,True,2026-02-17T20:02:50.747382
2026-10-15,CAN,departure,18:50,KMG Kunming,MU5734,China Eastern,text,Duration: 2h 40m,,True,2026-02-17T20:02:50.747388
2026-10-15,CAN,departure,18:55,HGH Hangzhou,CA1796,Air China,text,Duration: 2h 15m,,True,2026-02-17T20:02:50.747395
2026-10-15,CAN,departure,18:55,AQG Anqing,CZ3319,China Southern,text,Duration: 2h 0m,,True,2026-02-17T20:02:50.747402
2026-10-15,CAN,departure,19:00,HFE Hefei,CZ3817,China Southern,text,Duration: 2h 5m,,True,2026-02-17T20:02:50.747408
2026-10-15,CAN,departure,19:00,PEN Penang,CZ8073,China Southern,text,Duration: 3h 55m,,True,2026-02-17T20:02:50.747414
2026-10-15,CAN,departure,19:00,PKX Beijing,CZ3105,China Southern,text,Duration: 3h 10m,,True,2026-02-17T20:02:50.747573
2026-10-15,CAN,departure,19:00,HAK Haikou,HU7006,Hainan Airlines,text,Duration: 1h 35m,,True,2026-02-17T20:02:50.747584
2026-10-15,CAN,departure,19:05,CKG Chongqing,3U8746,Sichuan Airlines,text,Duration: 1h 45m,,True,2026-02-17T20:02:50.747591
2026-10-15,CAN,departure,19:05,CTU Chengdu,CA4334,Air China,text,Duration: 2h 55m,,True,2026-02-17T20:02:50.747598
2026-10-15,CAN,departure,19:05,KWE Guiyang,CZ6411,China Southern,text,Duration: 1h 50m,,True,2026-02-17T20:02:50.747604
2026-10-15,CAN,departure,19:05,CKG Chongqing,OQ2129,Chongqing Airlines,text,Duration: 2h 25m,,True,2026-02-17T20:02:50.747610
2026-10-15,CAN,departure,19:10,HGH Hangzhou,CZ3819,China Southern,text,Duration: 2h 10m,,True,2026-02-17T20:02:50.747617
2026-10-15,CAN,departure,19:10,KMG Kunming,CZ3489,China Southern,text,Duration: 2h 30m,,True,2026-02-17T20:02:50.747623
2026-10-15,CAN,departure,19:10,CZX Changzhou,MU2948,China Eastern,text,Duration: 2h 10m,,True,2026-02-17T20:02:50.747629
2026-10-15,CAN,departure,19:15,CGK Jakarta,CZ387,China Southern,text,Duration: 5h 10m,,True,2026-02-17T20:02:50.747635
2026-10-15,CAN,departure,19:15,SHS Shashi,CZ6659,China Southern,text,Duration: 1h 50m,,True,2026-02-17T20:02:50.747642
2026-10-15,CAN,departure,19:15,URC Urumqi,CZ6884,China Southern,text,Duration: 5h 20m,,True,2026-02-17T20:02:50.747648
2026-10-15,CAN,departure,19:15,PEK Beijing,HU7814,Hainan Airlines,text,Duration: 3h 10m,,True,2026-02-17T20:02:50.747655
2026-10-15,CAN,departure,19:20,SYX Sanya,AQ1111,9 Air,text,Duration: 1h 35m,,True,2026-02-17T20:02:50.747661
2026-10-15,CAN,departure,19:20,TSN Tianjin,CA2804,Air China,text,Duration: 3h 15m,,True,2026-02-17T20:02:50.747667
2026-10-15,CAN,departure,19:20,DLC Dalian,CZ3608,China Southern,text,Duration: 3h 20m,,True,2026-02-17T20:02:50.747673
2026-10-15,CAN,departure,19:20,SYX Sanya,CZ6738,China Southern,text,Duration: 1h 35m,,True,2026-02-17T20:02:50.747680
2026-10-15,CAN,departure,19:20,WUH Wuhan,CZ659,China Southern,text,Duration: 1h 45m,,True,2026-02-17T20:02:50.747685
2026-10-15,CAN,departure,19:20,BAH Bahrain,GF123,Gulf Air,text,Duration: 8h 40m,,True,2026-02-17T20:02:50.747692
2026-10-15,CAN,departure,19:20,WNZ Wenzhou,ZH9963,Shenzhen Airlines,text,Duration: 1h 40m,,True,2026-02-17T20:02:50.747698
2026-10-15,CAN,departure,19:25,NGB Ningbo,CZ3371,China Southern,text,Duration: 2h 5m,,True,2026-02-17T20:02:50.747704
2026-10-15,CAN,departure,19:25,SIN Singapore,CZ351,China Southern,text,Duration: 4h 5m,,True,2026-02-17T20:02:50.747710
2026-10-15,CAN,departure,19:25,XIY Xian,CZ3231,China Southern,text,Duration: 2h 40m,,True,2026-02-17T20:02:50.747716
2026-10-15,CAN,departure,19:30,DOH Doha,CZ333,China Southern,text,Duration: 8h 20m,,True,2026-02-17T20:02:50.747723
2026-10-15,CAN,departure,19:30,SHA Shanghai,FM9318,Shanghai Airlines,text,Duration: 2h 10m,,True,2026-02-17T20:02:50.747730
2026-10-15,CAN,departure,19:30,WUX Wuxi,ZH9831,Shenzhen Airlines,text,Duration: 2h 20m,,True,2026-02-17T20:02:50.747745
2026-10-15,CAN,departure,19:35,DAC Dhaka,CZ391,China Southern,text,Duration: 4h 15m,,True,2026-02-17T20:02:50.747761
2026-10-15,CAN,departure,19:35,HRB Harbin,CZ3905,China Southern,text,Duration: 4h 15m,,True,2026-02-17T20:02:50.747803
2026-10-15,CAN,departure,19:35,TSN Tianjin,GS7926,Tianjin Airlines,text,Duration: 3h 5m,,True,2026-02-17T20:02:50.747810
2026-10-15,CAN,departure,19:40,CKG Chongqing,AQ1101,9 Air,text,Duration: 2h 15m,,True,2026-02-17T20:02:50.747818
2026-10-15,CAN,departure,19:40,PEK Beijing,CA1302,Air China,text,Duration: 3h 15m,,True,2026-02-17T20:02:50.747824
2026-10-15,CAN,departure,19:40,PKX Beijing,MU6310,China Eastern,text,Duration: 3h 20m,,True,2026-02-17T20:02:50.747831
2026-10-15,CAN,departure,19:40,TFU Chengdu,MU6186,China Eastern,text,Duration: 2h 10m,,True,2026-02-17T20:02:50.747837
2026-10-15,CAN,departure,19:45,CGQ Changchun,CZ6852,China Southern,text,Duration: 4h 20m,,True,2026-02-17T20:02:50.747843
2026-10-15,CAN,departure,19:45,HET Hohhot,CZ3181,China Southern,text,Duration: 3h 10m,,True,2026-02-17T20:02:50.747850
2026-10-15,CAN,departure,19:45,CKG Chongqing,HU7241,Hainan Airlines,text,Duration: 2h 15m,,True,2026-02-17T20:02:50.747856
2026-10-15,CAN,departure,19:45,LHW Lanzhou,MU2306,China Eastern,text,Duration: 3h 5m,,True,2026-02-17T20:02:50.747863
2026-10-15,CAN,departure,19:55,CKG Chongqing,CA4342,Air China,text,Duration: 2h 5m,,True,2026-02-17T20:02:50.747869
2026-10-15,CAN,departure,19:55,WXN Wanxian,CA4390,Air China,text,Duration: 1h 55m,,True,2026-02-17T20:02:50.747876
2026-10-15,CAN,departure,19:55,KTM Kathmandu,CZ3067,China Southern,text,Duration: 4h 50m,,True,2026-02-17T20:02:50.747882
2026-10-15,CAN,departure,19:55,KUL Kuala Lumpur,CZ5035,China Southern,text,Duration: 4h 20m,,True,2026-02-17T20:02:50.747890
2026-10-15,CAN,departure,19:55,PKX Beijing,KN5322,China United Airlines,text,Duration: 2h 45m,,True,2026-02-17T20:02:50.747897
2026-10-15,CAN,departure,20:00,PKX Beijing,CZ3161,China Southern,text,Duration: 3h 10m,,True,2026-02-17T20:02:50.747903
2026-10-15,CAN,departure,20:00,SHA Shanghai,CZ3595,China Southern,text,Duration: 2h 20m,,True,2026-02-17T20:02:50.747910
2026-10-15,CAN,departure,20:00,TSN Tianjin,CZ3349,China Southern,text,Duration: 2h 55m,,True,2026-02-17T20:02:50.747916
2026-10-15,CAN,departure,20:00,PVG Shanghai,FM9320,Shanghai Airlines,text,Duration: 2h 20m,,True,2026-02-17T20:02:50.747923
2026-10-15,CAN,departure,20:00,XIY Xian,HU7858,Hainan Airlines,text,Duration: 2h 45m,,True,2026-02-17T20:02:50.747929
2026-10-15,CAN,departure,20:00,KTI Phnom Penh,KR936,Cambodia Airways,text,Duration: 2h 50m,,True,2026-02-17T20:02:50.747936
2026-10-15,CAN,departure,20:05,BKK Bangkok,CZ361,China Southern,text,Duration: 2h 55m,,True,2026-02-17T20:02:50.747943
2026-10-15,CAN,departure,20:05,FOC Fuzhou,CZ3647,China Southern,text,Duration: 1h 35m,,True,2026-02-17T20:02:50.747951
2026-10-15,CAN,departure,20:05,XMN Xiamen,CZ3805,China Southern,text,Duration: 1h 25m,,True,2026-02-17T20:02:50.748167
2026-10-15,CAN,departure,20:10,HGH Hangzhou,CZ3849,China Southern,text,Duration: 2h 15m,,True,2026-02-17T20:02:50.748177
2026-10-15,CAN,departure,20:10,NKG Nanjing,CZ3871,China Southern,text,Duration: 2h 20m,,True,2026-02-17T20:02:50.748184
2026-10-15,CAN,departure,20:10,WNZ Wenzhou,CZ3675,China Southern,text,Duration: 1h 45m,,True,2026-02-17T20:02:50.748191
2026-10-15,CAN,departure,20:10,TNA Jinan,SC1172,Shandong Airlines,text,Duration: 2h 45m,,True,2026-02-17T20:02:50.748197
2026-10-15,CAN,departure,20:15,CGD Changde,CZ3247,China Southern,text,Duration: 1h 30m,,True,2026-02-17T20:02:50.748203
2026-10-15,CAN,departure,20:15,CTU Chengdu,CZ3413,China Southern,text,Duration: 2h 25m,,True,2026-02-17T20:02:50.748209
2026-10-15,CAN,departure,20:15,SGN Ho Chi Minh City,CZ367,China Southern,text,Duration: 2h 45m,,True,2026-02-17T20:02:50.748217
2026-10-15,CAN,departure,20:15,SJW Shijiazhuang,CZ3131,China Southern,text,Duration: 2h 40m,,True,2026-02-17T20:02:50.748224
2026-10-15,CAN,departure,20:15,TYN Taiyuan,CZ3377,China Southern,text,Duration: 2h 40m,,True,2026-02-17T20:02:50.748231
2026-10-15,CAN,departure,20:15,SHA Shanghai,HO1868,Juneyao Airlines,text,Duration: 2h 10m,,True,2026-02-17T20:02:50.748238
2026-10-15,CAN,departure,20:15,LJG Lijiang,JD5131,Capital Airlines,text,Duration: 2h 35m,,True,2026-02-17T20:02:50.748245
2026-10-15,CAN,departure,20:15,TAO Qingdao,SC4676,Shandong Airlines,text,Duration: 2h 55m,,True,2026-02-17T20:02:50.748251
2026-10-15,CAN,departure,20:20,JDZ Jingdezhen,ZH9997,Shenzhen Airlines,text,Duration: 1h 45m,,True,2026-02-17T20:02:50.748258
2026-10-15,CAN,departure,20:25,CTU Chengdu,3U8740,Sichuan Airlines,text,Duration: 2h 35m,,True,2026-02-17T20:02:50.748264
2026-10-15,CAN,departure,20:25,XIY Xian,CZ3211,China Southern,text,Duration: 2h 40m,,True,2026-02-17T20:02:50.748271
2026-10-15,CAN,departure,20:25,PKX Beijing,JD5922,Capital Airlines,text,Duration: 3h 0m,,True,2026-02-17T20:02:50.748277
2026-10-15,CAN,departure,20:30,HAK Haikou,CZ6784,China Southern,text,Duration: 1h 40m,,True,2026-02-17T20:02:50.748283
2026-10-15,CAN,departure,20:30,LHW Lanzhou,CZ3251,China Southern,text,Duration: 3h 15m,,True,2026-02-17T20:02:50.748289
2026-10-15,CAN,departure,20:30,MNL Manila,CZ3077,China Southern,text,Duration: 2h 45m,,True,2026-02-17T20:02:50.748295
2026-10-15,CAN,departure,20:30,WUH Wuhan,CZ6589,China Southern,text,Duration: 1h 45m,,True,2026-02-17T20:02:50.748302
2026-10-15,CAN,departure,20:30,SHA Shanghai,MU5318,China Eastern,text,Duration: 2h 15m,,True,2026-02-17T20:02:50.748308
2026-10-15,CAN,departure,20:35,CKG Chongqing,CZ3439,China Southern,text,Duration: 2h 5m,,True,2026-02-17T20:02:50.748314
2026-10-15,CAN,departure,20:35,HIA Huai'an,CZ3995,China Southern,text,Duration: 2h 30m,,True,2026-02-17T20:02:50.748420
2026-10-15,CAN,departure,20:40,HFE Hefei,AQ1127,9 Air,text,Duration: 2h 0m,,True,2026-02-17T20:02:50.748435
2026-10-15,CAN,departure,20:40,PEK Beijing,CA1366,Air China,text,Duration: 3h 15m,,True,2026-02-17T20:02:50.748450
2026-10-15,CAN,departure,20:40,LYI Linyi,CZ3991,China Southern,text,Duration: 2h 35m,,True,2026-02-17T20:02:50.748457
2026-10-15,CAN,departure,20:40,PVG Shanghai,HU7231,Hainan Airlines,text,Duration: 2h 20m,,True,2026-02-17T20:02:50.748464
2026-10-15,CAN,departure,20:45,HRB Harbin,CZ8720,China Southern,text,Duration: 4h 5m,,True,2026-02-17T20:02:50.748470
2026-10-15,CAN,departure,20:45,NGB Ningbo,CZ3671,China Southern,text,Duration: 2h 0m,,True,2026-02-17T20:02:50.748476
2026-10-15,CAN,departure,20:50,TAO Qingdao,CZ3715,China Southern,text,Duration: 3h 5m,,True,2026-02-17T20:02:50.748483
2026-10-15,CAN,departure,20:50,PKX Beijing,MU6312,China Eastern,text,Duration: 3h 15m,,True,2026-02-17T20:02:50.748490
2026-10-15,CAN,departure,20:55,PVG Shanghai,CA1866,Air China,text,Duration: 2h 25m,,True,2026-02-17T20:02:50.748498
2026-10-15,CAN,departure,20:55,HGH Hangzhou,MU5218,China Eastern,text,Duration: 2h 15m,,True,2026-02-17T20:02:50.748568
2026-10-15,CAN,departure,21:00,CTU Chengdu,CA4304,Air China,text,Duration: 2h 30m,,True,2026-02-17T20:02:50.748580
2026-10-15,CAN,departure,21:00,KUL Kuala Lumpur,CZ8071,China Southern,text,Duration: 4h 10m,,True,2026-02-17T20:02:50.748593
2026-10-15,CAN,departure,21:00,PKX Beijing,CZ3107,China Southern,text,Duration: 3h 10m,,True,2026-02-17T20:02:50.748606
2026-10-15,CAN,departure,21:00,SYD Sydney,CZ325,China Southern,text,Duration: 9h 25m,,True,2026-02-17T20:02:50.748616
2026-10-15,CAN,departure,21:00,HAK Haikou,HU7010,Hainan Airlines,text,Duration: 1h 30m,,True,2026-02-17T20:02:50.748626
2026-10-15,CAN,departure,21:00,TFU Chengdu,ZH9445,Shenzhen Airlines,text,Duration: 2h 25m,,True,2026-02-17T20:02:50.748637
2026-10-15,CAN,departure,21:05,CSX Changsha,CZ6043,China Southern,text,Duration: 1h 25m,,True,2026-02-17T20:02:50.748647
2026-10-15,CAN,departure,21:05,DLC Dalian,CZ6468,China Southern,text,Duration: 3h 20m,,True,2026-02-17T20:02:50.748660
2026-10-15,CAN,departure,21:05,SHE Shenyang,CZ3601,China Southern,text,Duration: 3h 50m,,True,2026-02-17T20:02:50.748815
2026-10-15,CAN,departure,21:05,NKG Nanjing,ZH9877,Shenzhen Airlines,text,Duration: 2h 10m,,True,2026-02-17T20:02:50.748868
2026-10-15,CAN,departure,21:10,BKI Kota Kinabalu,CZ8483,China Southern,text,Duration: 3h 20m,,True,2026-02-17T20:02:50.748890
2026-10-15,CAN,departure,21:10,TNA Jinan,CZ3663,China Southern,text,Duration: 2h 40m,,True,2026-02-17T20:02:50.748900
2026-10-15,CAN,departure,21:10,PKX Beijing,MF8340,XiamenAir,text,Duration: 3h 0m,,True,2026-02-17T20:02:50.748910
2026-10-15,CAN,departure,21:10,TNA Jinan,SC1176,Shandong Airlines,text,Duration: 2h 35m,,True,2026-02-17T20:02:50.748921
2026-10-15,CAN,departure,21:10,WUX Wuxi,ZH9833,Shenzhen Airlines,text,Duration: 2h 25m,,True,2026-02-17T20:02:50.748934
2026-10-15,CAN,departure,21:15,BNE Brisbane,CZ381,China Southern,text,Duration: 9h 0m,,True,2026-02-17T20:02:50.748943
2026-10-15,CAN,departure,21:15,PEK Beijing,HU7816,Hainan Airlines,text,Duration: 3h 0m,,True,2026-02-17T20:02:50.749156
2026-10-15,CAN,departure,21:15,NKG Nanjing,ZH9875,Shenzhen Airlines,text,Duration: 2h 40m,,True,2026-02-17T20:02:50.749167
2026-10-15,CAN,departure,21:20,MEL Melbourne,CZ321,China Southern,text,Duration: 9h 20m,,True,2026-02-17T20:02:50.749175
2026-10-15,CAN,departure,21:20,NNG Nanning,CZ3291,China Southern,text,Duration: 1h 55m,,True,2026-02-17T20:02:50.749182
2026-10-15,CAN,departure,21:20,KMG Kunming,KY8282,Kunming Airlines,text,Duration: 2h 45m,,True,2026-02-17T20:02:50.749189
2026-10-15,CAN,departure,21:20,TNA Jinan,SC1174,Shandong Airlines,text,Duration: 2h 50m,,True,2026-02-17T20:02:50.749195
2026-10-15,CAN,departure,21:25,KUL Kuala Lumpur,AQ1271,9 Air,text,Duration: 4h 15m,,True,2026-02-17T20:02:50.749202
2026-10-15,CAN,departure,21:25,XIY Xian,CZ3217,China Southern,text,Duration: 2h 50m,,True,2026-02-17T20:02:50.749209
2026-10-15,CAN,departure,21:25,HGH Hangzhou,MF8312,XiamenAir,text,Duration: 2h 15m,,True,2026-02-17T20:02:50.749216
2026-10-15,CAN,departure,21:30,KMG Kunming,8L9976,Lucky Air,text,Duration: 2h 45m,,True,2026-02-17T20:02:50.749223
2026-10-15,CAN,departure,21:30,CGO Zhengzhou,CZ3390,China Southern,text,Duration: 2h 25m,,True,2026-02-17T20:02:50.749230
2026-10-15,CAN,departure,21:30,HYN Taizhou,CZ8261,China Southern,text,Duration: 2h 0m,,True,2026-02-17T20:02:50.749237
2026-10-15,CAN,departure,21:30,SHA Shanghai,MU9200,China Eastern,text,Duration: 2h 25m,,True,2026-02-17T20:02:50.749245
2026-10-15,CAN,departure,21:30,XIY Xian,ZH9225,Shenzhen Airlines,text,Duration: 2h 50m,,True,2026-02-17T20:02:50.749251
2026-10-15,CAN,departure,21:35,SHA Shanghai,9C8932,Spring Airlines,text,Duration: 2h 15m,,True,2026-02-17T20:02:50.749258
2026-10-15,CAN,departure,21:40,KMG Kunming,CZ3419,China Southern,text,Duration: 2h 30m,,True,2026-02-17T20:02:50.749264
2026-10-15,CAN,departure,21:40,LZO Luzhou,CZ3949,China Southern,text,Duration: 2h 10m,,True,2026-02-17T20:02:50.749271
2026-10-15,CAN,departure,21:40,SHA Shanghai,HO1852,Juneyao Airlines,text,Duration: 2h 15m,,True,2026-02-17T20:02:50.749277
2026-10-15,CAN,departure,21:50,TNA Jinan,MU5260,China Eastern,text,Duration: 2h 40m,,True,2026-02-17T20:02:50.749283
2026-10-15,CAN,departure,21:55,NNY Nanyang,CZ3383,China Southern,text,Duration: 2h 15m,,True,2026-02-17T20:02:50.749290
2026-10-15,CAN,departure,21:55,WNZ Wenzhou,CZ3769,China Southern,text,Duration: 1h 45m,,True,2026-02-17T20:02:50.749297
2026-10-15,CAN,departure,22:00,KUL Kuala Lumpur,AK117,AirAsia,text,Duration: 4h 15m,,True,2026-02-17T20:02:50.749303
2026-10-15,CAN,departure,22:00,PVG Shanghai,CZ3586,China Southern,text,Duration: 2h 20m,,True,2026-02-17T20:02:50.749311
2026-10-15,CAN,departure,22:00,XUZ Xuzhou,CZ6281,China Southern,text,Duration: 2h 20m,,True,2026-02-17T20:02:50.749318
2026-10-15,CAN,departure,22:00,YIW Yiwu,CZ3886,China Southern,text,Duration: 1h 55m,,True,2026-02-17T20:02:50.749324
2026-10-15,CAN,departure,22:05,SYX Sanya,CZ6736,China Southern,text,Duration: 1h 45m,,True,2026-02-17T20:02:50.749330
2026-10-15,CAN,departure,22:05,TYN Taiyuan,HU7249,Hainan Airlines,text,Duration: 2h 40m,,True,2026-02-17T20:02:50.749342
2026-10-15,CAN,departure,22:05,NTG Nantong,ZH8695,Shenzhen Airlines,text,Duration: 2h 15m,,True,2026-02-17T20:02:50.749352
2026-10-15,CAN,departure,22:10,HAN Hanoi,CZ371,China Southern,text,Duration: 2h 5m,,True,2026-02-17T20:02:50.749358
2026-10-15,CAN,departure,22:10,HFE Hefei,CZ3815,China Southern,text,Duration: 2h 15m,,True,2026-02-17T20:02:50.749371
2026-10-15,CAN,departure,22:10,KHN Nanchang,CZ3343,China Southern,text,Duration: 1h 35m,,True,2026-02-17T20:02:50.749387
2026-10-15,CAN,departure,22:10,BKK Bangkok,KQ887,Kenya Airways,text,Duration: 2h 25m,,True,2026-02-17T20:02:50.749394
2026-10-15,CAN,departure,22:15,INC Yinchuan,CZ3253,China Southern,text,Duration: 2h 55m,,True,2026-02-17T20:02:50.749401
2026-10-15,CAN,departure,22:15,KTI Phnom Penh,CZ323,China Southern,text,Duration: 2h 55m,,True,2026-02-17T20:02:50.749408
2026-10-15,CAN,departure,22:15,KWE Guiyang,CZ3662,China Southern,text,Duration: 1h 40m,,True,2026-02-17T20:02:50.749415
2026-10-15,CAN,departure,22:15,SWA Jieyang,CZ3896,China Southern,text,Duration: 1h 15m,,True,2026-02-17T20:02:50.749421
2026-10-15,CAN,departure,22:15,CGO Zhengzhou,ZH8903,Shenzhen Airlines,text,Duration: 2h 20m,,True,2026-02-17T20:02:50.749428
2026-10-15,CAN,departure,22:20,HKG Hong Kong,CX989,Cathay Pacific,text,Duration: 1h 20m,,True,2026-02-17T20:02:50.749434
2026-10-15,CAN,departure,22:20,CZX Changzhou,CZ3993,China Southern,text,Duration: 2h 15m,,True,2026-02-17T20:02:50.749441
2026-10-15,CAN,departure,22:20,CKG Chongqing,OQ2326,Chongqing Airlines,text,Duration: 2h 10m,,True,2026-02-17T20:02:50.749447
2026-10-15,CAN,departure,22:25,YTY Yangzhou,CZ3957,China Southern,text,Duration: 2h 20m,,True,2026-02-17T20:02:50.749453
2026-10-15,CAN,departure,22:25,KMG Kunming,MU5740,China Eastern,text,Duration: 2h 30m,,True,2026-02-17T20:02:50.749459
2026-10-15,CAN,departure,22:30,HAK Haikou,CZ6788,China Southern,text,Duration: 1h 15m,,True,2026-02-17T20:02:50.749466
2026-10-15,CAN,departure,22:30,WUH Wuhan,CZ3367,China Southern,text,Duration: 1h 50m,,True,2026-02-17T20:02:50.749472
2026-10-15,CAN,departure,22:35,HGH Hangzhou,GJ8996,Loong Air,text,Duration: 2h 10m,,True,2026-02-17T20:02:50.749479
2026-10-15,CAN,departure,22:55,CSX Changsha,CZ5592,China Southern,text,Duration: 1h 40m,,True,2026-02-17T20:02:50.749485
2026-10-15,CAN,departure,22:55,SIN Singapore,CZ8489,China Southern,text,Duration: 4h 10m,,True,2026-02-17T20:02:50.749492
2026-10-15,CAN,departure,23:00,HGH Hangzhou,3U3154,Sichuan Airlines,text,Duration: 1h 50m,,True,2026-02-17T20:02:50.749498
2026-10-15,CAN,departure,23:00,BAR Qionghai,AQ1145,9 Air,text,Duration: 1h 35m,,True,2026-02-17T20:02:50.749504
2026-10-15,CAN,departure,23:00,HAK Haikou,HU7012,Hainan Airlines,text,Duration: 1h 35m,,True,2026-02-17T20:02:50.749510
2026-10-15,CAN,departure,23:00,SYX Sanya,HU7310,Hainan Airlines,text,Duration: 1h 35m,,True,2026-02-17T20:02:50.749669
2026-10-15,CAN,departure,23:00,NKG Nanjing,MU9768,China Eastern,text,Duration: 2h 20m,,True,2026-02-17T20:02:50.749680
2026-10-15,CAN,departure,23:00,IST Istanbul,TK73,Turkish Airlines,text,Duration: 11h 30m,,True,2026-02-17T20:02:50.749687
2026-10-15,CAN,departure,23:05,CGO Zhengzhou,CZ3960,China Southern,text,Duration: 2h 20m,,True,2026-02-17T20:02:50.749693
2026-10-15,CAN,departure,23:05,BKK Bangkok,MU2077,China Eastern,text,Duration: 3h 10m,,True,2026-02-17T20:02:50.749705
2026-10-15,CAN,departure,23:05,SJW Shijiazhuang,NS3658,Hebei Airlines,text,Duration: 2h 30m,,True,2026-02-17T20:02:50.749717
2026-10-15,CAN,departure,23:05,CGO Zhengzhou,PN6380,West Air (China),text,Duration: 2h 20m,,True,2026-02-17T20:02:50.749726
2026-10-15,CAN,departure,23:10,BHY Beihai,CZ3353,China Southern,text,Duration: 1h 25m,,True,2026-02-17T20:02:50.749736
2026-10-15,CAN,departure,23:10,CGD Changde,CZ3229,China Southern,text,Duration: 1h 30m,,True,2026-02-17T20:02:50.749747
2026-10-15,CAN,departure,23:10,ZHA Zhanjiang,CZ3329,China Southern,text,Duration: 1h 15m,,True,2026-02-17T20:02:50.749757
2026-10-15,CAN,departure,23:20,CAI Cairo,MS959,EgyptAir,text,Duration: 10h 30m,,True,2026-02-17T20:02:50.749767
2026-10-15,CAN,departure,23:30,BKK Bangkok,AQ1265,9 Air,text,Duration: 2h 55m,,True,2026-02-17T20:02:50.749787
2026-10-15,CAN,departure,23:30,HAK Haikou,CZ6776,China Southern,text,Duration: 1h 25m,,True,2026-02-17T20:02:50.749798
2026-10-15,CAN,departure,23:30,XIY Xian,MU2304,China Eastern,text,Duration: 2h 25m,,True,2026-02-17T20:02:50.749809
2026-10-15,CAN,departure,23:35,BKK Bangkok,CZ3035,China Southern,text,Duration: 2h 55m,,True,2026-02-17T20:02:50.749823
2026-10-15,CAN,departure,23:35,SGN Ho Chi Minh City,CZ6089,China Southern,text,Duration: 3h 0m,,True,2026-02-17T20:02:50.749832
2026-10-15,CAN,departure,23:40,CKG Chongqing,PN6206,West Air (China),text,Duration: 2h 15m,,True,2026-02-17T20:02:50.749840
2026-10-15,CAN,arrival,00:05,BKK Bangkok,CZ8020,China Southern,text,Duration: 3h 10m,,True,2026-02-17T20:04:00.611431
2026-10-15,CAN,arrival,00:05,XMN Xiamen,CZ3806,China Southern,text,Duration: 1h 35m,,True,2026-02-17T20:04:00.611443
2026-10-15,CAN,arrival,00:05,HET Hohhot,GJ8568,Loong Air,text,Duration: 3h 15m,,True,2026-02-17T20:04:00.611452
2026-10-15,CAN,arrival,00:05,HGH Hangzhou,HU7362,Hainan Airlines,text,Duration: 2h 20m,,True,2026-02-17T20:04:00.611458
2026-10-15,CAN,arrival,00:05,ICN Seoul,OZ357,Asiana,text,Duration: 3h 55m,,True,2026-02-17T20:04:00.611464
2026-10-15,CAN,arrival,00:10,SJW Shijiazhuang,9C8900,Spring Airlines,text,Duration: 3h 25m,,True,2026-02-17T20:04:00.611471
2026-10-15,CAN,arrival,00:10,NKG Nanjing,AQ1030,9 Air,text,Duration: 2h 40m,,True,2026-02-17T20:04:00.611477
2026-10-15,CAN,arrival,00:10,XIY Xian,HU7827,Hainan Airlines,text,Duration: 2h 40m,,True,2026-02-17T20:04:00.611484
2026-10-15,CAN,arrival,00:10,SHA Shanghai,MU5319,China Eastern,text,Duration: 2h 15m,,True,2026-02-17T20:04:00.611490
2026-10-15,CAN,arrival,00:15,SHA Shanghai,CZ3582,China Southern,text,Duration: 2h 25m,,True,2026-02-17T20:04:00.611496
2026-10-15,CAN,arrival,00:15,HGH Hangzhou,GJ8859,Loong Air,text,Duration: 2h 25m,,True,2026-02-17T20:04:00.611502
2026-10-15,CAN,arrival,00:15,SHA Shanghai,HO1853,Juneyao Airlines,text,Duration: 2h 20m,,True,2026-02-17T20:04:00.611508
2026-10-15,CAN,arrival,00:15,SIN Singapore,SQ852,Singapore Airlines,text,Duration: 4h 25m,,True,2026-02-17T20:04:00.611515
2026-10-15,CAN,arrival,00:20,LYG Lianyungang,AQ1180,9 Air,text,Duration: 3h 0m,,True,2026-02-17T20:04:00.611521
2026-10-15,CAN,arrival,00:20,SYX Sanya,AQ1112,9 Air,text,Duration: 1h 50m,,True,2026-02-17T20:04:00.611527
2026-10-15,CAN,arrival,00:20,TSN Tianjin,BK2788,OkAir,text,Duration: 3h 5m,,True,2026-02-17T20:04:00.611534
2026-10-15,CAN,arrival,00:20,PEK Beijing,CA1329,Air China,text,Duration: 3h 20m,,True,2026-02-17T20:04:00.611540
2026-10-15,CAN,arrival,00:20,NKG Nanjing,CZ3508,China Southern,text,Duration: 2h 20m,,True,2026-02-17T20:04:00.611546
2026-10-15,CAN,arrival,00:20,CGQ Changchun,ZH9696,Shenzhen Airlines,text,Duration: 4h 45m,,True,2026-02-17T20:04:00.611556
2026-10-15,CAN,arrival,00:20,HAK Haikou,ZH8994,Shenzhen Airlines,text,Duration: 1h 15m,,True,2026-02-17T20:04:00.611563
2026-10-15,CAN,arrival,00:25,SHA Shanghai,9C6883,Spring Airlines,text,Duration: 2h 40m,,True,2026-02-17T20:04:00.611569
2026-10-15,CAN,arrival,00:25,FOC Fuzhou,CZ3648,China Southern,text,Duration: 1h 55m,,True,2026-02-17T20:04:00.611575
2026-10-15,CAN,arrival,00:25,HFE Hefei,CZ3818,China Southern,text,Duration: 2h 20m,,True,2026-02-17T20:04:00.611581
2026-10-15,CAN,arrival,00:25,PVG Shanghai,CZ8212,China Southern,text,Duration: 2h 30m,,True,2026-02-17T20:04:00.611587
2026-10-15,CAN,arrival,00:25,ENH Enshi,GJ6032,Loong Air,text,Duration: 1h 50m,,True,2026-02-17T20:04:00.611593
2026-10-15,CAN,arrival,00:25,CKG Chongqing,OQ2130,Chongqing Airlines,text,Duration: 1h 50m,,True,2026-02-17T20:04:00.611600
2026-10-15,CAN,arrival,00:30,KUL Kuala Lumpur,AK118,AirAsia,text,Duration: 4h 15m,,True,2026-02-17T20:04:00.611606
2026-10-15,CAN,arrival,00:30,PKX Beijing,CA8678,Air China,text,Duration: 3h 15m,,True,2026-02-17T20:04:00.611612
2026-10-15,CAN,arrival,00:30,CTU Chengdu,CZ3428,China Southern,text,Duration: 2h 30m,,True,2026-02-17T20:04:00.611619
2026-10-15,CAN,arrival,00:30,TFU Chengdu,JD5162,Capital Airlines,text,Duration: 2h 0m,,True,2026-02-17T20:04:00.611625
2026-10-15,CAN,arrival,00:35,JHG Jinghong,AQ1042,9 Air,text,Duration: 2h 25m,,True,2026-02-17T20:04:00.611631
2026-10-15,CAN,arrival,00:40,WXN Wanxian,CA4389,Air China,text,Duration: 2h 5m,,True,2026-02-17T20:04:00.611637
2026-10-15,CAN,arrival,00:40,TAO Qingdao,CZ3610,China Southern,text,Duration: 3h 15m,,True,2026-02-17T20:04:00.611643
2026-10-15,CAN,arrival,00:40,CGO Zhengzhou,GJ8584,Loong Air,text,Duration: 2h 40m,,True,2026-02-17T20:04:00.611649
2026-10-15,CAN,arrival,00:40,HGH Hangzhou,JD5270,Capital Airlines,text,Duration: 2h 30m,,True,2026-02-17T20:04:00.611656
2026-10-15,CAN,arrival,00:40,DIG Diqing,MU5773,China Eastern,text,Duration: 3h 0m,,True,2026-02-17T20:04:00.611662
2026-10-15,CAN,arrival,00:40,WUX Wuxi,MU2907,China Eastern,text,Duration: 2h 20m,,True,2026-02-17T20:04:00.611668
2026-10-15,CAN,arrival,00:45,PKX Beijing,AQ1002,9 Air,text,Duration: 3h 25m,,True,2026-02-17T20:04:00.611674
2026-10-15,CAN,arrival,00:45,WNZ Wenzhou,CZ3676,China Southern,text,Duration: 2h 0m,,True,2026-02-17T20:04:00.611680
2026-10-15,CAN,arrival,00:50,KMG Kunming,AQ1120,9 Air,text,Duration: 1h 55m,,True,2026-02-17T20:04:00.611686
2026-10-15,CAN,arrival,00:50,NGB Ningbo,CZ3372,China Southern,text,Duration: 2h 30m,,True,2026-02-17T20:04:00.611692
2026-10-15,CAN,arrival,00:50,PVG Shanghai,MU5313,China Eastern,text,Duration: 2h 30m,,True,2026-02-17T20:04:00.611699
2026-10-15,CAN,arrival,00:55,PKX Beijing,CZ3114,China Southern,text,Duration: 3h 25m,,True,2026-02-17T20:04:00.611705
2026-10-15,CAN,arrival,00:55,LHW Lanzhou,HU7254,Hainan Airlines,text,Duration: 3h 0m,,True,2026-02-17T20:04:00.611711
2026-10-15,CAN,arrival,00:55,TSN Tianjin,JD5186,Capital Airlines,text,Duration: 3h 5m,,True,2026-02-17T20:04:00.611717
2026-10-15,CAN,arrival,01:00,DPS Denpasar,8B969,TransNusa,text,Duration: 5h 20m,,True,2026-02-17T20:04:00.611723
2026-10-15,CAN,arrival,01:00,HGH Hangzhou,AQ1072,9 Air,text,Duration: 2h 35m,,True,2026-02-17T20:04:00.611729
2026-10-15,CAN,arrival,01:00,HRB Harbin,CZ3624,China Southern,text,Duration: 4h 45m,,True,2026-02-17T20:04:00.611735
2026-10-15,CAN,arrival,01:05,MDC Manado,8B167,TransNusa,text,Duration: 4h 0m,,True,2026-02-17T20:04:00.611741
2026-10-15,CAN,arrival,01:05,XIY Xian,AQ1106,9 Air,text,Duration: 2h 50m,,True,2026-02-17T20:04:00.611747
2026-10-15,CAN,arrival,01:10,KMG Kunming,CZ3490,China Southern,text,Duration: 2h 25m,,True,2026-02-17T20:04:00.611872
2026-10-15,CAN,arrival,01:10,URC Urumqi,HU7224,Hainan Airlines,text,Duration: 5h 10m,,True,2026-02-17T20:04:00.611885
2026-10-15,CAN,arrival,01:10,XIY Xian,MU6956,China Eastern,text,Duration: 2h 40m,,True,2026-02-17T20:04:00.611893
2026-10-15,CAN,arrival,01:15,CGO Zhengzhou,AQ1174,9 Air,text,Duration: 2h 30m,,True,2026-02-17T20:04:00.611902
2026-10-15,CAN,arrival,01:15,XUZ Xuzhou,GJ8060,Loong Air,text,Duration: 2h 35m,,True,2026-02-17T20:04:00.611909
2026-10-15,CAN,arrival,01:15,PKX Beijing,MU6311,China Eastern,text,Duration: 3h 25m,,True,2026-02-17T20:04:00.611917
2026-10-15,CAN,arrival,01:20,HFE Hefei,HU7204,Hainan Airlines,text,Duration: 2h 25m,,True,2026-02-17T20:04:00.611924
2026-10-15,CAN,arrival,01:20,LJG Lijiang,JD5132,Capital Airlines,text,Duration: 2h 30m,,True,2026-02-17T20:04:00.611931
2026-10-15,CAN,arrival,01:25,CGK Jakarta,8B860,TransNusa,text,Duration: 5h 15m,,True,2026-02-17T20:04:00.611939
2026-10-15,CAN,arrival,01:25,KMG Kunming,MU6824,China Eastern,text,Duration: 2h 5m,,True,2026-02-17T20:04:00.611946
2026-10-15,CAN,arrival,01:30,JGN Jiayuguan,AQ1160,9 Air,text,Duration: 3h 40m,,True,2026-02-17T20:04:00.611954
2026-10-15,CAN,arrival,01:30,KMG Kunming,MU5733,China Eastern,text,Duration: 2h 10m,,True,2026-02-17T20:04:00.611961
2026-10-15,CAN,arrival,01:30,SGN Ho Chi Minh City,VJ3908,VietJet,text,Duration: 2h 45m,,True,2026-02-17T20:04:00.611969
2026-10-15,CAN,arrival,01:40,DMK Bangkok,SL900,Thai Lion Air,text,Duration: 3h 0m,,True,2026-02-17T20:04:00.611977
2026-10-15,CAN,arrival,01:55,CKG Chongqing,CZ3440,China Southern,text,Duration: 2h 5m,,True,2026-02-17T20:04:00.611992
2026-10-15,CAN,arrival,02:00,BKK Bangkok,9C7420,Spring Airlines,text,Duration: 3h 5m,,True,2026-02-17T20:04:00.612005
2026-10-15,CAN,arrival,02:00,CNX Chiang Mai,9C8934,Spring Airlines,text,Duration: 3h 15m,,True,2026-02-17T20:04:00.612021
2026-10-15,CAN,arrival,02:00,KTI Phnom Penh,9C7008,Spring Airlines,text,Duration: 3h 5m,,True,2026-02-17T20:04:00.612038
2026-10-15,CAN,arrival,02:00,JHB Johor Bharu,AK1394,AirAsia,text,Duration: 4h 0m,,True,2026-02-17T20:04:00.612050
2026-10-15,CAN,arrival,02:10,KUL Kuala Lumpur,OD612,Batik Air,text,Duration: 4h 15m,,True,2026-02-17T20:04:00.612058
2026-10-15,CAN,arrival,02:15,HAN Hanoi,VJ7526,VietJet,text,Duration: 1h 40m,,True,2026-02-17T20:04:00.612066
2026-10-15,CAN,arrival,02:20,HKG Hong Kong,CX950,Cathay Pacific,text,Duration: 1h 5m,,True,2026-02-17T20:04:00.612074
2026-10-15,CAN,arrival,02:30,BGW Baghdad,IA473,Iraqi Airways,text,Duration: 8h 30m,,True,2026-02-17T20:04:00.612081
2026-10-15,CAN,arrival,02:50,KTI Phnom Penh,KR937,Cambodia Airways,text,Duration: 2h 55m,,True,2026-02-17T20:04:00.612089
2026-10-15,CAN,arrival,03:05,VTE Vientiane,AQ1278,9 Air,text,Duration: 2h 15m,,True,2026-02-17T20:04:00.612097
2026-10-15,CAN,arrival,03:15,TAS Tashkent,C6511,Centrum Air,text,Duration: 6h 55m,,True,2026-02-17T20:04:00.612105
2026-10-15,CAN,arrival,03:20,KWI Kuwait,KU419,Kuwait Airways,text,Duration: 8h 35m,,True,2026-02-17T20:04:00.612113
2026-10-15,CAN,arrival,03:35,DMK Bangkok,AQ1280,9 Air,text,Duration: 2h 50m,,True,2026-02-17T20:04:00.612121
2026-10-15,CAN,arrival,03:45,CCU Kolkata,6E1703,IndiGo,text,Duration: 3h 35m,,True,2026-02-17T20:04:00.612129
2026-10-15,CAN,arrival,03:50,DAC Dhaka,BS325,US-Bangla Airlines,text,Duration: 3h 40m,,True,2026-02-17T20:04:00.612136
2026-10-15,CAN,arrival,04:00,DEL Delhi,6E1701,IndiGo,text,Duration: 4h 35m,,True,2026-02-17T20:04:00.612144
2026-10-15,CAN,arrival,04:00,BEG Belgrade,CZ668,China Southern,text,Duration: 11h 0m,,True,2026-02-17T20:04:00.612156
2026-10-15,CAN,arrival,04:00,KTI Phnom Penh,K6610,Air Cambodia,text,Duration: 3h 10m,,True,2026-02-17T20:04:00.612165
2026-10-15,CAN,arrival,04:05,PEN Penang,CZ8074,China Southern,text,Duration: 4h 0m,,True,2026-02-17T20:04:00.612173
2026-10-15,CAN,arrival,05:00,DAC Dhaka,CZ392,China Southern,text,Duration: 3h 45m,,True,2026-02-17T20:04:00.612180
2026-10-15,CAN,arrival,05:00,MEL Melbourne,CZ344,China Southern,text,Duration: 10h 0m,,True,2026-02-17T20:04:00.612188
2026-10-15,CAN,arrival,05:00,YYZ Toronto,CZ312,China Southern,text,Duration: 15h 30m,,True,2026-02-17T20:04:00.612196
2026-10-15,CAN,arrival,05:15,BKI Kota Kinabalu,CZ8484,China Southern,text,Duration: 3h 30m,,True,2026-02-17T20:04:00.612205
2026-10-15,CAN,arrival,05:25,AKL Auckland,CZ306,China Southern,text,Duration: 12h 0m,,True,2026-02-17T20:04:00.612213
2026-10-15,CAN,arrival,05:25,SYD Sydney,CZ302,China Southern,text,Duration: 9h 40m,,True,2026-02-17T20:04:00.612221
2026-10-15,CAN,arrival,05:30,YVR Vancouver,CZ330,China Southern,text,Duration: 13h 55m,,True,2026-02-17T20:04:00.612229
2026-10-15,CAN,arrival,05:35,ALA Almaty,KC187,Air Astana,text,Duration: 5h 55m,,True,2026-02-17T20:04:00.612237
2026-10-15,CAN,arrival,05:40,ALG Algiers,AH3180,Air Algerie,text,Duration: 12h 50m,,True,2026-02-17T20:04:00.612245
2026-10-15,CAN,arrival,05:45,KUL Kuala Lumpur,CZ5036,China Southern,text,Duration: 4h 25m,,True,2026-02-17T20:04:00.612254
2026-10-15,CAN,arrival,05:50,CDG Paris,CZ348,China Southern,text,Duration: 11h 40m,,True,2026-02-17T20:04:00.612261
2026-10-15,CAN,arrival,05:50,DPS Denpasar,CZ626,China Southern,text,Duration: 5h 20m,,True,2026-02-17T20:04:00.612269
2026-10-15,CAN,arrival,06:00,BNE Brisbane,CZ636,China Southern,text,Duration: 9h 0m,,True,2026-02-17T20:04:00.612277
2026-10-15,CAN,arrival,06:15,ALA Almaty,CZ3084,China Southern,text,Duration: 6h 15m,,True,2026-02-17T20:04:00.612284
2026-10-15,CAN,arrival,06:15,LHE Lahore,CZ6038,China Southern,text,Duration: 5h 30m,,True,2026-02-17T20:04:00.612292
2026-10-15,CAN,arrival,06:15,SFO San Francisco,CZ658,China Southern,text,Duration: 14h 40m,,True,2026-02-17T20:04:00.612300
2026-10-15,CAN,arrival,06:20,BKK Bangkok,AQ1266,9 Air,text,Duration: 2h 50m,,True,2026-02-17T20:04:00.612474
2026-10-15,CAN,arrival,06:20,KTM Kathmandu,CZ3068,China Southern,text,Duration: 4h 35m,,True,2026-02-17T20:04:00.612487
2026-10-15,CAN,arrival,06:30,SGN Ho Chi Minh City,CZ6090,China Southern,text,Duration: 2h 55m,,True,2026-02-17T20:04:00.612497
2026-10-15,CAN,arrival,06:35,KUL Kuala Lumpur,CZ8072,China Southern,text,Duration: 4h 15m,,True,2026-02-17T20:04:00.612506
2026-10-15,CAN,arrival,06:40,AMS Amsterdam,CZ308,China Southern,text,Duration: 11h 20m,,True,2026-02-17T20:04:00.612514
2026-10-15,CAN,arrival,06:55,BKK Bangkok,CZ3036,China Southern,text,Duration: 2h 55m,,True,2026-02-17T20:04:00.612528
2026-10-15,CAN,arrival,06:55,IST Istanbul,CZ8066,China Southern,text,Duration: 9h 55m,,True,2026-02-17T20:04:00.612546
2026-10-15,CAN,arrival,07:05,ADD Addis Ababa,ET616,Ethiopian,text,Duration: 10h 30m,,True,2026-02-17T20:04:00.612566
2026-10-15,CAN,arrival,07:20,IST Istanbul,TK298,Turkish Airlines,text,Duration: 10h 30m,,True,2026-02-17T20:04:00.612588
2026-10-15,CAN,arrival,07:35,BSZ Bishkek,CZ8148,China Southern,text,Duration: 6h 15m,,True,2026-02-17T20:04:00.612606
2026-10-15,CAN,arrival,07:35,PER Perth,CZ320,China Southern,text,Duration: 8h 0m,,True,2026-02-17T20:04:00.612618
2026-10-15,CAN,arrival,07:45,DXB Dubai,CZ8058,China Southern,text,Duration: 7h 50m,,True,2026-02-17T20:04:00.612625
2026-10-15,CAN,arrival,07:50,BKK Bangkok,MU2078,China Eastern,text,Duration: 3h 50m,,True,2026-02-17T20:04:00.612632
2026-10-15,CAN,arrival,07:55,HAK Haikou,HU7001,Hainan Airlines,text,Duration: 1h 25m,,True,2026-02-17T20:04:00.612639
2026-10-15,CAN,arrival,08:15,SIN Singapore,CZ8490,China Southern,text,Duration: 4h 20m,,True,2026-02-17T20:04:00.612645
2026-10-15,CAN,arrival,08:20,HAK Haikou,CZ6773,China Southern,text,Duration: 1h 20m,,True,2026-02-17T20:04:00.612652
2026-10-15,CAN,arrival,08:25,ZHA Zhanjiang,CZ3330,China Southern,text,Duration: 1h 15m,,True,2026-02-17T20:04:00.612659
2026-10-15,CAN,arrival,08:30,CGD Changde,CZ3230,China Southern,text,Duration: 1h 30m,,True,2026-02-17T20:04:00.612665
2026-10-15,CAN,arrival,08:30,CGO Zhengzhou,PN6381,West Air (China),text,Duration: 2h 25m,,True,2026-02-17T20:04:00.612672
2026-10-15,CAN,arrival,08:35,SYX Sanya,HU7307,Hainan Airlines,text,Duration: 1h 45m,,True,2026-02-17T20:04:00.612679
2026-10-15,CAN,arrival,08:40,BAR Qionghai,AQ1146,9 Air,text,Duration: 1h 30m,,True,2026-02-17T20:04:00.612686
2026-10-15,CAN,arrival,08:45,BHY Beihai,CZ3354,China Southern,text,Duration: 1h 30m,,True,2026-02-17T20:04:00.612692
2026-10-15,CAN,arrival,08:45,SWA Jieyang,CZ3895,China Southern,text,Duration: 1h 15m,,True,2026-02-17T20:04:00.612699
2026-10-15,CAN,arrival,08:45,HAK Haikou,HU7003,Hainan Airlines,text,Duration: 1h 15m,,True,2026-02-17T20:04:00.612706
2026-10-15,CAN,arrival,08:45,WNZ Wenzhou,ZH9962,Shenzhen Airlines,text,Duration: 2h 0m,,True,2026-02-17T20:04:00.612712
2026-10-15,CAN,arrival,08:50,HIA Huai'an,CZ3996,China Southern,text,Duration: 2h 25m,,True,2026-02-17T20:04:00.612719
2026-10-15,CAN,arrival,08:50,KHN Nanchang,CZ3344,China Southern,text,Duration: 1h 35m,,True,2026-02-17T20:04:00.612726
2026-10-15,CAN,arrival,08:50,SYX Sanya,CZ6731,China Southern,text,Duration: 1h 45m,,True,2026-02-17T20:04:00.612733
2026-10-15,CAN,arrival,08:55,HKG Hong Kong,CX982,Cathay Pacific,text,Duration: 1h 5m,,True,2026-02-17T20:04:00.612740
2026-10-15,CAN,arrival,08:55,NNG Nanning,CZ3292,China Southern,text,Duration: 1h 30m,,True,2026-02-17T20:04:00.612747
2026-10-15,CAN,arrival,08:55,XUZ Xuzhou,CZ6282,China Southern,text,Duration: 2h 25m,,True,2026-02-17T20:04:00.612753
2026-10-15,CAN,arrival,08:55,CGO Zhengzhou,ZH8904,Shenzhen Airlines,text,Duration: 2h 15m,,True,2026-02-17T20:04:00.612760
2026-10-15,CAN,arrival,09:05,XMN Xiamen,MF8305,XiamenAir,text,Duration: 1h 35m,,True,2026-02-17T20:04:00.612766
2026-10-15,CAN,arrival,09:15,KUL Kuala Lumpur,AK112,AirAsia,text,Duration: 4h 15m,,True,2026-02-17T20:04:00.612773
2026-10-15,CAN,arrival,09:15,PVG Shanghai,CZ3549,China Southern,text,Duration: 2h 20m,,True,2026-02-17T20:04:00.612779
2026-10-15,CAN,arrival,09:20,CTU Chengdu,3U8737,Sichuan Airlines,text,Duration: 2h 20m,,True,2026-02-17T20:04:00.612790
2026-10-15,CAN,arrival,09:20,HGH Hangzhou,CA1789,Air China,text,Duration: 2h 5m,,True,2026-02-17T20:04:00.612798
2026-10-15,CAN,arrival,09:20,KWE Guiyang,CZ3661,China Southern,text,Duration: 1h 35m,,True,2026-02-17T20:04:00.612804
2026-10-15,CAN,arrival,09:20,WUH Wuhan,MU2542,China Eastern,text,Duration: 1h 40m,,True,2026-02-17T20:04:00.612811
2026-10-15,CAN,arrival,09:25,SIN Singapore,TR100,Scoot,text,Duration: 4h 10m,,True,2026-02-17T20:04:00.612817
2026-10-15,CAN,arrival,09:30,PVG Shanghai,HO1855,Juneyao Airlines,text,Duration: 2h 30m,,True,2026-02-17T20:04:00.612824
2026-10-15,CAN,arrival,09:30,CKG Chongqing,OQ2323,Chongqing Airlines,text,Duration: 2h 0m,,True,2026-02-17T20:04:00.612833
2026-10-15,CAN,arrival,09:30,SVO Moscow,SU220,Aeroflot,text,Duration: 9h 15m,,True,2026-02-17T20:04:00.612840
2026-10-15,CAN,arrival,09:35,LYI Linyi,CZ3992,China Southern,text,Duration: 2h 35m,,True,2026-02-17T20:04:00.612846
2026-10-15,CAN,arrival,09:35,HFE Hefei,MU5287,China Eastern,text,Duration: 2h 10m,,True,2026-02-17T20:04:00.612853
2026-10-15,CAN,arrival,09:40,CSX Changsha,CZ3387,China Southern,text,Duration: 1h 40m,,True,2026-02-17T20:04:00.612859
2026-10-15,CAN,arrival,09:40,NNY Nanyang,CZ3384,China Southern,text,Duration: 2h 10m,,True,2026-02-17T20:04:00.612866
2026-10-15,CAN,arrival,09:40,CTU Chengdu,EU2235,Chengdu Airlines,text,Duration: 2h 10m,,True,2026-02-17T20:04:00.612873
2026-10-15,CAN,arrival,09:40,WUX Wuxi,ZH9834,Shenzhen Airlines,text,Duration: 2h 30m,,True,2026-02-17T20:04:00.612883
2026-10-15,CAN,arrival,09:45,KMG Kunming,CZ3420,China Southern,text,Duration: 2h 0m,,True,2026-02-17T20:04:00.612891
2026-10-15,CAN,arrival,09:45,NGB Ningbo,CZ3672,China Southern,text,Duration: 2h 15m,,True,2026-02-17T20:04:00.613023
2026-10-15,CAN,arrival,09:45,WNZ Wenzhou,CZ3770,China Southern,text,Duration: 1h 55m,,True,2026-02-17T20:04:00.613045
2026-10-15,CAN,arrival,09:45,YIW Yiwu,CZ3796,China Southern,text,Duration: 2h 5m,,True,2026-02-17T20:04:00.613053
2026-10-15,CAN,arrival,09:45,NKG Nanjing,MU2817,China Eastern,text,Duration: 2h 20m,,True,2026-02-17T20:04:00.613061
2026-10-15,CAN,arrival,09:45,NKG Nanjing,ZH9878,Shenzhen Airlines,text,Duration: 2h 25m,,True,2026-02-17T20:04:00.613075
2026-10-15,CAN,arrival,09:50,SHA Shanghai,9C8835,Spring Airlines,text,Duration: 2h 25m,,True,2026-02-17T20:04:00.613094
2026-10-15,CAN,arrival,09:50,CZX Changzhou,CZ3994,China Southern,text,Duration: 2h 25m,,True,2026-02-17T20:04:00.613111
2026-10-15,CAN,arrival,09:50,HYN Taizhou,CZ8262,China Southern,text,Duration: 2h 10m,,True,2026-02-17T20:04:00.613132
2026-10-15,CAN,arrival,09:50,LZO Luzhou,CZ3950,China Southern,text,Duration: 2h 5m,,True,2026-02-17T20:04:00.613147
2026-10-15,CAN,arrival,09:50,NKG Nanjing,ZH9876,Shenzhen Airlines,text,Duration: 2h 25m,,True,2026-02-17T20:04:00.613156
2026-10-15,CAN,arrival,09:50,NTG Nantong,ZH8696,Shenzhen Airlines,text,Duration: 2h 35m,,True,2026-02-17T20:04:00.613166
2026-10-15,CAN,arrival,09:55,HGH Hangzhou,HU7262,Hainan Airlines,text,Duration: 2h 10m,,True,2026-02-17T20:04:00.613175
2026-10-15,CAN,arrival,09:55,HGH Hangzhou,HU7462,Hainan Airlines,text,Duration: 2h 15m,,True,2026-02-17T20:04:00.613181
2026-10-15,CAN,arrival,09:55,FOC Fuzhou,MF8323,XiamenAir,text,Duration: 1h 55m,,True,2026-02-17T20:04:00.613188
2026-10-15,CAN,arrival,10:00,YTY Yangzhou,CZ3958,China Southern,text,Duration: 2h 35m,,True,2026-02-17T20:04:00.613195
2026-10-15,CAN,arrival,10:00,CTU Chengdu,TV9765,Tibet Airlines,text,Duration: 2h 20m,,True,2026-02-17T20:04:00.613202
2026-10-15,CAN,arrival,10:05,HGH Hangzhou,MU5211,China Eastern,text,Duration: 2h 10m,,True,2026-02-17T20:04:00.613210
2026-10-15,CAN,arrival,10:10,KMG Kunming,MU5731,China Eastern,text,Duration: 2h 5m,,True,2026-02-17T20:04:00.613220
2026-10-15,CAN,arrival,10:15,CKG Chongqing,CA4361,Air China,text,Duration: 2h 15m,,True,2026-02-17T20:04:00.613227
2026-10-15,CAN,arrival,10:15,HFE Hefei,CZ3816,China Southern,text,Duration: 2h 10m,,True,2026-02-17T20:04:00.613233
2026-10-15,CAN,arrival,10:15,XIY Xian,ZH9226,Shenzhen Airlines,text,Duration: 2h 45m,,True,2026-02-17T20:04:00.613239
2026-10-15,CAN,arrival,10:20,WNZ Wenzhou,CA8351,Air China,text,Duration: 1h 55m,,True,2026-02-17T20:04:00.613246
2026-10-15,CAN,arrival,10:20,WUH Wuhan,CZ3368,China Southern,text,Duration: 1h 50m,,True,2026-02-17T20:04:00.613252
2026-10-15,CAN,arrival,10:20,KMG Kunming,KY8279,Kunming Airlines,text,Duration: 2h 0m,,True,2026-02-17T20:04:00.613260
2026-10-15,CAN,arrival,10:25,TFU Chengdu,3U6701,Sichuan Airlines,text,Duration: 2h 25m,,True,2026-02-17T20:04:00.613270
2026-10-15,CAN,arrival,10:25,PEK Beijing,CA1359,Air China,text,Duration: 3h 25m,,True,2026-02-17T20:04:00.613276
2026-10-15,CAN,arrival,10:25,CGO Zhengzhou,CZ3391,China Southern,text,Duration: 2h 25m,,True,2026-02-17T20:04:00.613283
2026-10-15,CAN,arrival,10:25,HAK Haikou,CZ6785,China Southern,text,Duration: 1h 25m,,True,2026-02-17T20:04:00.613289
2026-10-15,CAN,arrival,10:30,HGH Hangzhou,3U3151,Sichuan Airlines,text,Duration: 2h 10m,,True,2026-02-17T20:04:00.613296
2026-10-15,CAN,arrival,10:30,INC Yinchuan,CZ3254,China Southern,text,Duration: 3h 20m,,True,2026-02-17T20:04:00.613303
2026-10-15,CAN,arrival,10:30,TAO Qingdao,MU5255,China Eastern,text,Duration: 3h 5m,,True,2026-02-17T20:04:00.613312
2026-10-15,CAN,arrival,10:30,XIY Xian,MU2303,China Eastern,text,Duration: 3h 0m,,True,2026-02-17T20:04:00.613319
2026-10-15,CAN,arrival,10:30,WUX Wuxi,ZH9832,Shenzhen Airlines,text,Duration: 2h 30m,,True,2026-02-17T20:04:00.613326
2026-10-15,CAN,arrival,10:35,CTU Chengdu,CA4305,Air China,text,Duration: 2h 20m,,True,2026-02-17T20:04:00.613333
2026-10-15,CAN,arrival,10:35,TSN Tianjin,CA2801,Air China,text,Duration: 3h 15m,,True,2026-02-17T20:04:00.613340
2026-10-15,CAN,arrival,10:35,PKX Beijing,CZ3116,China Southern,text,Duration: 3h 5m,,True,2026-02-17T20:04:00.613346
2026-10-15,CAN,arrival,10:35,XIY Xian,CZ3220,China Southern,text,Duration: 2h 35m,,True,2026-02-17T20:04:00.613353
2026-10-15,CAN,arrival,10:35,PKX Beijing,MU6301,China Eastern,text,Duration: 3h 20m,,True,2026-02-17T20:04:00.613362
2026-10-15,CAN,arrival,10:35,CKG Chongqing,OQ2305,Chongqing Airlines,text,Duration: 2h 10m,,True,2026-02-17T20:04:00.613369
2026-10-15,CAN,arrival,10:40,PVG Shanghai,HU7332,Hainan Airlines,text,Duration: 2h 40m,,True,2026-02-17T20:04:00.613375
2026-10-15,CAN,arrival,10:40,TYN Taiyuan,MU5251,China Eastern,text,Duration: 2h 40m,,True,2026-02-17T20:04:00.613382
2026-10-15,CAN,arrival,10:40,YNT Yantai,SC7621,Shandong Airlines,text,Duration: 3h 10m,,True,2026-02-17T20:04:00.613389
2026-10-15,CAN,arrival,10:45,TNA Jinan,CZ3664,China Southern,text,Duration: 2h 35m,,True,2026-02-17T20:04:00.613395
2026-10-15,CAN,arrival,10:45,TSN Tianjin,MF8313,XiamenAir,text,Duration: 3h 5m,,True,2026-02-17T20:04:00.613401
2026-10-15,CAN,arrival,10:50,HGH Hangzhou,CZ3820,China Southern,text,Duration: 2h 15m,,True,2026-02-17T20:04:00.613408
2026-10-15,CAN,arrival,10:50,MNL Manila,CZ3078,China Southern,text,Duration: 2h 30m,,True,2026-02-17T20:04:00.613416
2026-10-15,CAN,arrival,10:50,SYX Sanya,CZ6747,China Southern,text,Duration: 1h 30m,,True,2026-02-17T20:04:00.613422
2026-10-15,CAN,arrival,10:50,LHW Lanzhou,MU2219,China Eastern,text,Duration: 3h 5m,,True,2026-02-17T20:04:00.613432
2026-10-15,CAN,arrival,10:55,DLC Dalian,CZ6321,China Southern,text,Duration: 3h 35m,,True,2026-02-17T20:04:00.613439
2026-10-15,CAN,arrival,10:55,HAN Hanoi,CZ372,China Southern,text,Duration: 1h 40m,,True,2026-02-17T20:04:00.613446
2026-10-15,CAN,arrival,10:55,LHW Lanzhou,CZ3252,China Southern,text,Duration: 3h 15m,,True,2026-02-17T20:04:00.613601
2026-10-15,CAN,arrival,10:55,NKG Nanjing,CZ3872,China Southern,text,Duration: 2h 20m,,True,2026-02-17T20:04:00.613613
2026-10-15,CAN,arrival,10:55,INC Yinchuan,MF8753,XiamenAir,text,Duration: 3h 25m,,True,2026-02-17T20:04:00.613621
2026-10-15,CAN,arrival,10:55,TFU Chengdu,ZH9446,Shenzhen Airlines,text,Duration: 1h 55m,,True,2026-02-17T20:04:00.613627
2026-10-15,CAN,arrival,11:00,SHA Shanghai,9C6721,Spring Airlines,text,Duration: 2h 30m,,True,2026-02-17T20:04:00.613634
2026-10-15,CAN,arrival,11:00,SHA Shanghai,FM9303,Shanghai Airlines,text,Duration: 2h 30m,,True,2026-02-17T20:04:00.613641
2026-10-15,CAN,arrival,11:05,XMN Xiamen,CZ3724,China Southern,text,Duration: 1h 35m,,True,2026-02-17T20:04:00.613647
2026-10-15,CAN,arrival,11:10,PKX Beijing,MF8395,XiamenAir,text,Duration: 3h 10m,,True,2026-02-17T20:04:00.613654
2026-10-15,CAN,arrival,11:10,CZX Changzhou,MU2947,China Eastern,text,Duration: 2h 20m,,True,2026-02-17T20:04:00.613661
2026-10-15,CAN,arrival,11:15,HET Hohhot,CZ3182,China Southern,text,Duration: 3h 15m,,True,2026-02-17T20:04:00.613668
2026-10-15,CAN,arrival,11:15,SHA Shanghai,CZ3596,China Southern,text,Duration: 2h 25m,,True,2026-02-17T20:04:00.613675
2026-10-15,CAN,arrival,11:15,TAO Qingdao,CZ3716,China Southern,text,Duration: 3h 5m,,True,2026-02-17T20:04:00.613681
2026-10-15,CAN,arrival,11:15,ICN Seoul,OZ369,Asiana,text,Duration: 3h 45m,,True,2026-02-17T20:04:00.613688
2026-10-15,CAN,arrival,11:20,HAK Haikou,AQ1024,9 Air,text,Duration: 1h 30m,,True,2026-02-17T20:04:00.613695
2026-10-15,CAN,arrival,11:20,PEK Beijing,CA1351,Air China,text,Duration: 3h 20m,,True,2026-02-17T20:04:00.613702
2026-10-15,CAN,arrival,11:20,NNG Nanning,CZ3296,China Southern,text,Duration: 1h 25m,,True,2026-02-17T20:04:00.613708
2026-10-15,CAN,arrival,11:20,WUH Wuhan,CZ8727,China Southern,text,Duration: 1h 50m,,True,2026-02-17T20:04:00.613714
2026-10-15,CAN,arrival,11:20,CKG Chongqing,HU7342,Hainan Airlines,text,Duration: 1h 50m,,True,2026-02-17T20:04:00.613720
2026-10-15,CAN,arrival,11:20,HGH Hangzhou,MF8319,XiamenAir,text,Duration: 2h 15m,,True,2026-02-17T20:04:00.613727
2026-10-15,CAN,arrival,11:25,CGO Zhengzhou,CZ8685,China Southern,text,Duration: 2h 25m,,True,2026-02-17T20:04:00.613733
2026-10-15,CAN,arrival,11:25,CSX Changsha,CZ6044,China Southern,text,Duration: 1h 35m,,True,2026-02-17T20:04:00.613740
2026-10-15,CAN,arrival,11:25,SHA Shanghai,HO2287,Juneyao Airlines,text,Duration: 2h 35m,,True,2026-02-17T20:04:00.613747
2026-10-15,CAN,arrival,11:25,XIY Xian,HU7837,Hainan Airlines,text,Duration: 2h 55m,,True,2026-02-17T20:04:00.613753
2026-10-15,CAN,arrival,11:25,SJW Shijiazhuang,NS3203,Hebei Airlines,text,Duration: 3h 10m,,True,2026-02-17T20:04:00.613760
2026-10-15,CAN,arrival,11:30,CTU Chengdu,CZ3414,China Southern,text,Duration: 2h 30m,,True,2026-02-17T20:04:00.613767
2026-10-15,CAN,arrival,11:30,PVG Shanghai,FM9305,Shanghai Airlines,text,Duration: 2h 30m,,True,2026-02-17T20:04:00.613774
2026-10-15,CAN,arrival,11:30,ICN Seoul,KE867,Korean Air,text,Duration: 3h 40m,,True,2026-02-17T20:04:00.613780
2026-10-15,CAN,arrival,11:30,TFU Chengdu,MU5321,China Eastern,text,Duration: 2h 30m,,True,2026-02-17T20:04:00.613786
2026-10-15,CAN,arrival,11:35,HAK Haikou,CZ6771,China Southern,text,Duration: 1h 35m,,True,2026-02-17T20:04:00.613792
2026-10-15,CAN,arrival,11:35,TYN Taiyuan,CZ3378,China Southern,text,Duration: 2h 50m,,True,2026-02-17T20:04:00.613799
2026-10-15,CAN,arrival,11:35,PKX Beijing,MU6303,China Eastern,text,Duration: 3h 20m,,True,2026-02-17T20:04:00.613806
2026-10-15,CAN,arrival,11:40,SGN Ho Chi Minh City,CZ368,China Southern,text,Duration: 2h 40m,,True,2026-02-17T20:04:00.613813
2026-10-15,CAN,arrival,11:40,SJW Shijiazhuang,CZ3132,China Southern,text,Duration: 3h 5m,,True,2026-02-17T20:04:00.613820
2026-10-15,CAN,arrival,11:40,SVO Moscow,CZ656,China Southern,text,Duration: 9h 25m,,True,2026-02-17T20:04:00.613828
2026-10-15,CAN,arrival,11:40,XIY Xian,CZ3216,China Southern,text,Duration: 2h 40m,,True,2026-02-17T20:04:00.613835
2026-10-15,CAN,arrival,11:45,DZH Dazhou,CZ3264,China Southern,text,Duration: 2h 20m,,True,2026-02-17T20:04:00.613841
2026-10-15,CAN,arrival,11:45,KTI Phnom Penh,CZ324,China Southern,text,Duration: 2h 45m,,True,2026-02-17T20:04:00.613848
2026-10-15,CAN,arrival,11:45,YIH Yichang,CZ3312,China Southern,text,Duration: 1h 50m,,True,2026-02-17T20:04:00.613855
2026-10-15,CAN,arrival,11:45,TNA Jinan,SC1169,Shandong Airlines,text,Duration: 2h 50m,,True,2026-02-17T20:04:00.613862
2026-10-15,CAN,arrival,11:45,WUS Wuyishan,SC4673,Shandong Airlines,text,Duration: 1h 45m,,True,2026-02-17T20:04:00.613869
2026-10-15,CAN,arrival,11:50,HGH Hangzhou,CZ3870,China Southern,text,Duration: 2h 15m,,True,2026-02-17T20:04:00.613876
2026-10-15,CAN,arrival,11:50,PEK Beijing,HU7801,Hainan Airlines,text,Duration: 3h 20m,,True,2026-02-17T20:04:00.613882
2026-10-15,CAN,arrival,11:50,HYN Taizhou,ZH8990,Shenzhen Airlines,text,Duration: 2h 10m,,True,2026-02-17T20:04:00.613889
2026-10-15,CAN,arrival,11:55,TFU Chengdu,CA4307,Air China,text,Duration: 2h 25m,,True,2026-02-17T20:04:00.613896
2026-10-15,CAN,arrival,11:55,WHA Wuhu,CZ5840,China Southern,text,Duration: 2h 20m,,True,2026-02-17T20:04:00.613904
2026-10-15,CAN,arrival,11:55,SHA Shanghai,FM9307,Shanghai Airlines,text,Duration: 2h 25m,,True,2026-02-17T20:04:00.613911
2026-10-15,CAN,arrival,11:55,HAK Haikou,HU7005,Hainan Airlines,text,Duration: 1h 25m,,True,2026-02-17T20:04:00.613918
2026-10-15,CAN,arrival,11:55,WNZ Wenzhou,KN5037,China United Airlines,text,Duration: 2h 15m,,True,2026-02-17T20:04:00.613925
2026-10-15,CAN,arrival,11:55,FOC Fuzhou,MF8355,XiamenAir,text,Duration: 1h 55m,,True,2026-02-17T20:04:00.613932
2026-10-15,CAN,arrival,12:00,BAH Bahrain,GF122,Gulf Air,text,Duration: 8h 0m,,True,2026-02-17T20:04:00.613938
2026-10-15,CAN,arrival,12:05,LZO Luzhou,CA4351,Air China,text,Duration: 2h 0m,,True,2026-02-17T20:04:00.614074
2026-10-15,CAN,arrival,12:05,FOC Fuzhou,CZ3506,China Southern,text,Duration: 1h 45m,,True,2026-02-17T20:04:00.614088
2026-10-15,CAN,arrival,12:10,SIN Singapore,SQ850,Singapore Airlines,text,Duration: 4h 10m,,True,2026-02-17T20:04:00.614095
2026-10-15,CAN,arrival,12:15,KUL Kuala Lumpur,CZ366,China Southern,text,Duration: 4h 10m,,True,2026-02-17T20:04:00.614102
2026-10-15,CAN,arrival,12:15,TSN Tianjin,CZ3350,China Southern,text,Duration: 3h 15m,,True,2026-02-17T20:04:00.614109
2026-10-15,CAN,arrival,12:15,XIY Xian,MU2301,China Eastern,text,Duration: 2h 45m,,True,2026-02-17T20:04:00.614116
2026-10-15,CAN,arrival,12:20,PEK Beijing,CA1321,Air China,text,Duration: 3h 20m,,True,2026-02-17T20:04:00.614122
2026-10-15,CAN,arrival,12:20,BKK Bangkok,CZ362,China Southern,text,Duration: 3h 0m,,True,2026-02-17T20:04:00.614130
2026-10-15,CAN,arrival,12:20,SIN Singapore,CZ352,China Southern,text,Duration: 4h 20m,,True,2026-02-17T20:04:00.614137
2026-10-15,CAN,arrival,12:20,WUH Wuhan,CZ6590,China Southern,text,Duration: 1h 50m,,True,2026-02-17T20:04:00.614144
2026-10-15,CAN,arrival,12:25,CKG Chongqing,3U8747,Sichuan Airlines,text,Duration: 2h 5m,,True,2026-02-17T20:04:00.614151
2026-10-15,CAN,arrival,12:25,CGQ Changchun,CZ6341,China Southern,text,Duration: 4h 35m,,True,2026-02-17T20:04:00.614158
2026-10-15,CAN,arrival,12:25,DRW Darwin,CZ8362,China Southern,text,Duration: 6h 25m,,True,2026-02-17T20:04:00.614164
2026-10-15,CAN,arrival,12:25,SHE Shenyang,CZ6301,China Southern,text,Duration: 4h 25m,,True,2026-02-17T20:04:00.614171
2026-10-15,CAN,arrival,12:25,WNZ Wenzhou,CZ3812,China Southern,text,Duration: 2h 5m,,True,2026-02-17T20:04:00.614177
2026-10-15,CAN,arrival,12:25,SHA Shanghai,MU5309,China Eastern,text,Duration: 2h 25m,,True,2026-02-17T20:04:00.614185
2026-10-15,CAN,arrival,12:30,ICN Seoul,CZ340,China Southern,text,Duration: 3h 50m,,True,2026-02-17T20:04:00.614191
2026-10-15,CAN,arrival,12:30,HND Tokyo,JL87,JAL,text,Duration: 4h 50m,,True,2026-02-17T20:04:00.614198
2026-10-15,CAN,arrival,12:35,PVG Shanghai,HU7432,Hainan Airlines,text,Duration: 2h 35m,,True,2026-02-17T20:04:00.614204
2026-10-15,CAN,arrival,12:35,CKG Chongqing,JD5228,Capital Airlines,text,Duration: 2h 5m,,True,2026-02-17T20:04:00.614213
2026-10-15,CAN,arrival,12:35,KTI Phnom Penh,K6668,Air Cambodia,text,Duration: 2h 55m,,True,2026-02-17T20:04:00.614219
2026-10-15,CAN,arrival,12:40,DXB Dubai,CZ384,China Southern,text,Duration: 7h 40m,,True,2026-02-17T20:04:00.614226
2026-10-15,CAN,arrival,12:40,PKX Beijing,CZ3000,China Southern,text,Duration: 3h 10m,,True,2026-02-17T20:04:00.614233
2026-10-15,CAN,arrival,12:40,WDS Shiyan,CZ3336,China Southern,text,Duration: 2h 15m,,True,2026-02-17T20:04:00.614243
2026-10-15,CAN,arrival,12:40,SHA Shanghai,MU5301,China Eastern,text,Duration: 2h 10m,,True,2026-02-17T20:04:00.614250
2026-10-15,CAN,arrival,12:40,LYI Linyi,ZH8948,Shenzhen Airlines,text,Duration: 2h 40m,,True,2026-02-17T20:04:00.614256
2026-10-15,CAN,arrival,12:45,AKA Ankang,CZ6464,China Southern,text,Duration: 2h 10m,,True,2026-02-17T20:04:00.614265
2026-10-15,CAN,arrival,12:45,KMG Kunming,CZ3498,China Southern,text,Duration: 2h 0m,,True,2026-02-17T20:04:00.614271
2026-10-15,CAN,arrival,12:45,NGB Ningbo,CZ3778,China Southern,text,Duration: 2h 15m,,True,2026-02-17T20:04:00.614277
2026-10-15,CAN,arrival,12:45,NKG Nanjing,ZH9862,Shenzhen Airlines,text,Duration: 2h 20m,,True,2026-02-17T20:04:00.614283
2026-10-15,CAN,arrival,12:50,DLU Dali City,CZ3482,China Southern,text,Duration: 2h 20m,,True,2026-02-17T20:04:00.614292
2026-10-15,CAN,arrival,12:50,PEK Beijing,HU7803,Hainan Airlines,text,Duration: 3h 20m,,True,2026-02-17T20:04:00.614299
2026-10-15,CAN,arrival,12:50,JJN Jinjiang,MF8385,XiamenAir,text,Duration: 1h 35m,,True,2026-02-17T20:04:00.614306
2026-10-15,CAN,arrival,12:55,PVG Shanghai,CA8581,Air China,text,Duration: 2h 50m,,True,2026-02-17T20:04:00.614312
2026-10-15,CAN,arrival,12:55,YCU Yuncheng,CA4593,Air China,text,Duration: 2h 30m,,True,2026-02-17T20:04:00.614318
2026-10-15,CAN,arrival,12:55,SYX Sanya,CZ6733,China Southern,text,Duration: 1h 30m,,True,2026-02-17T20:04:00.614324
2026-10-15,CAN,arrival,12:55,CKG Chongqing,HU7142,Hainan Airlines,text,Duration: 2h 15m,,True,2026-02-17T20:04:00.614331
2026-10-15,CAN,arrival,13:00,CTU Chengdu,3U8731,Sichuan Airlines,text,Duration: 2h 30m,,True,2026-02-17T20:04:00.614337
2026-10-15,CAN,arrival,13:00,PVG Shanghai,AQ1006,9 Air,text,Duration: 2h 40m,,True,2026-02-17T20:04:00.614343
2026-10-15,CAN,arrival,13:00,YIW Yiwu,CZ3728,China Southern,text,Duration: 2h 0m,,True,2026-02-17T20:04:00.614350
2026-10-15,CAN,arrival,13:00,NKG Nanjing,HU7114,Hainan Airlines,text,Duration: 2h 25m,,True,2026-02-17T20:04:00.614356
2026-10-15,CAN,arrival,13:00,LJG Lijiang,MU5741,China Eastern,text,Duration: 2h 35m,,True,2026-02-17T20:04:00.614362
2026-10-15,CAN,arrival,13:05,KWE Guiyang,CZ6412,China Southern,text,Duration: 1h 45m,,True,2026-02-17T20:04:00.614369
2026-10-15,CAN,arrival,13:05,PEN Penang,CZ396,China Southern,text,Duration: 4h 0m,,True,2026-02-17T20:04:00.614375
2026-10-15,CAN,arrival,13:05,HND Tokyo,NH923,ANA,text,Duration: 4h 55m,,True,2026-02-17T20:04:00.614384
2026-10-15,CAN,arrival,13:10,PVG Shanghai,HU7132,Hainan Airlines,text,Duration: 2h 45m,,True,2026-02-17T20:04:00.614392
2026-10-15,CAN,arrival,13:10,KUL Kuala Lumpur,MH376,Malaysia Airlines,text,Duration: 4h 10m,,True,2026-02-17T20:04:00.614399
2026-10-15,CAN,arrival,13:15,RGN Yangon,8M711,MAI,text,Duration: 3h 5m,,True,2026-02-17T20:04:00.614405
2026-10-15,CAN,arrival,13:15,SHA Shanghai,CZ3534,China Southern,text,Duration: 2h 25m,,True,2026-02-17T20:04:00.614412
2026-10-15,CAN,arrival,13:15,SHA Shanghai,HO1857,Juneyao Airlines,text,Duration: 2h 20m,,True,2026-02-17T20:04:00.614418
2026-10-15,CAN,arrival,13:15,HGH Hangzhou,HU7162,Hainan Airlines,text,Duration: 2h 15m,,True,2026-02-17T20:04:00.614550
2026-10-15,CAN,arrival,13:20,PEK Beijing,CA1317,Air China,text,Duration: 3h 20m,,True,2026-02-17T20:04:00.614568
2026-10-15,CAN,arrival,13:20,HRB Harbin,CZ8326,China Southern,text,Duration: 4h 40m,,True,2026-02-17T20:04:00.614583
2026-10-15,CAN,arrival,13:25,TFU Chengdu,CZ3404,China Southern,text,Duration: 2h 25m,,True,2026-02-17T20:04:00.614596
2026-10-15,CAN,arrival,13:25,HGH Hangzhou,GJ8699,Loong Air,text,Duration: 2h 35m,,True,2026-02-17T20:04:00.614608
2026-10-15,CAN,arrival,13:25,YTY Yangzhou,ZH8906,Shenzhen Airlines,text,Duration: 2h 30m,,True,2026-02-17T20:04:00.614621
2026-10-15,CAN,arrival,13:35,NNY Nanyang,CZ3222,China Southern,text,Duration: 2h 10m,,True,2026-02-17T20:04:00.614636
2026-10-15,CAN,arrival,13:35,KMG Kunming,HU7208,Hainan Airlines,text,Duration: 2h 5m,,True,2026-02-17T20:04:00.614645
2026-10-15,CAN,arrival,13:40,LJG Lijiang,CZ6604,China Southern,text,Duration: 2h 30m,,True,2026-02-17T20:04:00.614651
2026-10-15,CAN,arrival,13:40,PKX Beijing,CZ3166,China Southern,text,Duration: 3h 10m,,True,2026-02-17T20:04:00.614660
2026-10-15,CAN,arrival,13:40,XIY Xian,CZ3202,China Southern,text,Duration: 2h 40m,,True,2026-02-17T20:04:00.614666
2026-10-15,CAN,arrival,13:45,HGH Hangzhou,CZ3522,China Southern,text,Duration: 2h 10m,,True,2026-02-17T20:04:00.614679
2026-10-15,CAN,arrival,13:45,HZA Heze,CZ3126,China Southern,text,Duration: 2h 20m,,True,2026-02-17T20:04:00.614686
2026-10-15,CAN,arrival,13:45,NKG Nanjing,CZ3514,China Southern,text,Duration: 2h 10m,,True,2026-02-17T20:04:00.614693
2026-10-15,CAN,arrival,13:45,RUH Riyadh,CZ376,China Southern,text,Duration: 8h 40m,,True,2026-02-17T20:04:00.614699
2026-10-15,CAN,arrival,13:45,DLU Dali City,OQ2040,Chongqing Airlines,text,Duration: 2h 20m,,True,2026-02-17T20:04:00.614706
2026-10-15,CAN,arrival,13:45,JHG Jinghong,OQ2104,Chongqing Airlines,text,Duration: 2h 20m,,True,2026-02-17T20:04:00.614713
2026-10-15,CAN,arrival,13:50,DPS Denpasar,CZ8482,China Southern,text,Duration: 5h 10m,,True,2026-02-17T20:04:00.614719
2026-10-15,CAN,arrival,13:50,JNG Jining,CZ3954,China Southern,text,Duration: 2h 35m,,True,2026-02-17T20:04:00.614732
2026-10-15,CAN,arrival,13:50,WUH Wuhan,CZ5769,China Southern,text,Duration: 1h 50m,,True,2026-02-17T20:04:00.614744
2026-10-15,CAN,arrival,13:50,WUX Wuxi,CZ3914,China Southern,text,Duration: 2h 20m,,True,2026-02-17T20:04:00.614757
2026-10-15,CAN,arrival,13:50,CKG Chongqing,OQ2317,Chongqing Airlines,text,Duration: 2h 0m,,True,2026-02-17T20:04:00.614771
2026-10-15,CAN,arrival,13:55,KMG Kunming,CZ3410,China Southern,text,Duration: 2h 0m,,True,2026-02-17T20:04:00.614783
2026-10-15,CAN,arrival,13:55,XUZ Xuzhou,CZ3258,China Southern,text,Duration: 2h 35m,,True,2026-02-17T20:04:00.614796
2026-10-15,CAN,arrival,13:55,NGB Ningbo,MU6950,China Eastern,text,Duration: 2h 5m,,True,2026-02-17T20:04:00.614803
2026-10-15,CAN,arrival,14:00,CGO Zhengzhou,HU7270,Hainan Airlines,text,Duration: 2h 45m,,True,2026-02-17T20:04:00.614809
2026-10-15,CAN,arrival,14:00,PEK Beijing,HU7805,Hainan Airlines,text,Duration: 3h 30m,,True,2026-02-17T20:04:00.614816
2026-10-15,CAN,arrival,14:00,SHA Shanghai,HU7132,Hainan Airlines,text,Duration: 2h 25m,,True,2026-02-17T20:04:00.614823
2026-10-15,CAN,arrival,14:00,SHA Shanghai,MU5303,China Eastern,text,Duration: 2h 30m,,True,2026-02-17T20:04:00.614830
2026-10-15,CAN,arrival,14:05,DOH Doha,CZ334,China Southern,text,Duration: 7h 50m,,True,2026-02-17T20:04:00.614837
2026-10-15,CAN,arrival,14:05,TPE Taipei,HU7982,Hainan Airlines,text,Duration: 2h 5m,,True,2026-02-17T20:04:00.614843
2026-10-15,CAN,arrival,14:10,BKK Bangkok,9C8894,Spring Airlines,text,Duration: 2h 50m,,True,2026-02-17T20:04:00.614850
2026-10-15,CAN,arrival,14:10,SHA Shanghai,CZ3524,China Southern,text,Duration: 2h 20m,,True,2026-02-17T20:04:00.614856
2026-10-15,CAN,arrival,14:10,SGN Ho Chi Minh City,VN502,Vietnam Airlines,text,Duration: 3h 0m,,True,2026-02-17T20:04:00.614863
2026-10-15,CAN,arrival,14:15,LYA Luoyang,CZ3364,China Southern,text,Duration: 2h 30m,,True,2026-02-17T20:04:00.614870
2026-10-15,CAN,arrival,14:15,SUB Surabaya,CZ8138,China Southern,text,Duration: 5h 15m,,True,2026-02-17T20:04:00.614877
2026-10-15,CAN,arrival,14:15,TSN Tianjin,GS7895,Tianjin Airlines,text,Duration: 3h 10m,,True,2026-02-17T20:04:00.614884
2026-10-15,CAN,arrival,14:20,CGO Zhengzhou,CZ8765,China Southern,text,Duration: 2h 20m,,True,2026-02-17T20:04:00.614890
2026-10-15,CAN,arrival,14:20,CGQ Changchun,CZ6377,China Southern,text,Duration: 4h 35m,,True,2026-02-17T20:04:00.614897
2026-10-15,CAN,arrival,14:25,PEK Beijing,CA1315,Air China,text,Duration: 3h 30m,,True,2026-02-17T20:04:00.614903
2026-10-15,CAN,arrival,14:25,SHE Shenyang,CZ6367,China Southern,text,Duration: 4h 25m,,True,2026-02-17T20:04:00.614910
2026-10-15,CAN,arrival,14:25,URC Urumqi,CZ6024,China Southern,text,Duration: 5h 15m,,True,2026-02-17T20:04:00.614916
2026-10-15,CAN,arrival,14:25,TFU Chengdu,HU7152,Hainan Airlines,text,Duration: 2h 25m,,True,2026-02-17T20:04:00.614922
2026-10-15,CAN,arrival,14:30,CTU Chengdu,CZ3402,China Southern,text,Duration: 2h 30m,,True,2026-02-17T20:04:00.614928
2026-10-15,CAN,arrival,14:30,MNL Manila,CZ3092,China Southern,text,Duration: 2h 35m,,True,2026-02-17T20:04:00.614935
2026-10-15,CAN,arrival,14:30,BKK Bangkok,TG668,Thai Airways,text,Duration: 3h 0m,,True,2026-02-17T20:04:00.614941
2026-10-15,CAN,arrival,14:35,HAN Hanoi,CZ3050,China Southern,text,Duration: 1h 50m,,True,2026-02-17T20:04:00.614948
2026-10-15,CAN,arrival,14:35,HND Tokyo,CZ3086,China Southern,text,Duration: 4h 50m,,True,2026-02-17T20:04:00.614954
2026-10-15,CAN,arrival,14:35,XNN Xining,CZ3250,China Southern,text,Duration: 3h 25m,,True,2026-02-17T20:04:00.614960
2026-10-15,CAN,arrival,14:35,HGH Hangzhou,MU5215,China Eastern,text,Duration: 2h 10m,,True,2026-02-17T20:04:00.614966
2026-10-15,CAN,arrival,14:35,SJW Shijiazhuang,OQ2134,Chongqing Airlines,text,Duration: 3h 5m,,True,2026-02-17T20:04:00.615105
2026-10-15,CAN,arrival,14:40,CTU Chengdu,CA4317,Air China,text,Duration: 2h 40m,,True,2026-02-17T20:04:00.615119
2026-10-15,CAN,arrival,14:40,CXR Nha Trang,CZ8476,China Southern,text,Duration: 2h 35m,,True,2026-02-17T20:04:00.615128
2026-10-15,CAN,arrival,14:40,NGB Ningbo,CZ8294,China Southern,text,Duration: 2h 10m,,True,2026-02-17T20:04:00.615137
2026-10-15,CAN,arrival,14:40,PKX Beijing,CZ3112,China Southern,text,Duration: 3h 10m,,True,2026-02-17T20:04:00.615144
2026-10-15,CAN,arrival,14:40,TAO Qingdao,CZ3200,China Southern,text,Duration: 3h 5m,,True,2026-02-17T20:04:00.615150
2026-10-15,CAN,arrival,14:40,TAO Qingdao,ZH9996,Shenzhen Airlines,text,Duration: 3h 30m,,True,2026-02-17T20:04:00.615156
2026-10-15,CAN,arrival,14:40,WUX Wuxi,ZH9824,Shenzhen Airlines,text,Duration: 2h 10m,,True,2026-02-17T20:04:00.615162
2026-10-15,CAN,arrival,14:45,HGH Hangzhou,CZ3804,China Southern,text,Duration: 2h 10m,,True,2026-02-17T20:04:00.615168
2026-10-15,CAN,arrival,14:45,"JUZ Quzhou, Zhejiang Province",CZ6290,China Southern,text,Duration: 2h 0m,,True,2026-02-17T20:04:00.615175
2026-10-15,CAN,arrival,14:45,CGK Jakarta,GA898,Garuda Indonesia,text,Duration: 5h 30m,,True,2026-02-17T20:04:00.615182
2026-10-15,CAN,arrival,14:45,RUH Riyadh,SV884,Saudia,text,Duration: 8h 45m,,True,2026-02-17T20:04:00.615188
2026-10-15,CAN,arrival,14:45,NKG Nanjing,ZH9864,Shenzhen Airlines,text,Duration: 2h 15m,,True,2026-02-17T20:04:00.615195
2026-10-15,CAN,arrival,14:50,XNT Xingtai,CZ8246,China Southern,text,Duration: 2h 50m,,True,2026-02-17T20:04:00.615201
2026-10-15,CAN,arrival,14:50,HGH Hangzhou,MF8381,XiamenAir,text,Duration: 2h 20m,,True,2026-02-17T20:04:00.615207
2026-10-15,CAN,arrival,14:55,HZG Hanzhong,AQ1154,9 Air,text,Duration: 2h 35m,,True,2026-02-17T20:04:00.615213
2026-10-15,CAN,arrival,14:55,ACX Xingyi,CZ3924,China Southern,text,Duration: 1h 55m,,True,2026-02-17T20:04:00.615220
2026-10-15,CAN,arrival,14:55,TNA Jinan,CZ3510,China Southern,text,Duration: 2h 45m,,True,2026-02-17T20:04:00.615228
2026-10-15,CAN,arrival,14:55,TYN Taiyuan,CZ3702,China Southern,text,Duration: 2h 50m,,True,2026-02-17T20:04:00.615234
2026-10-15,CAN,arrival,14:55,ADD Addis Ababa,ET606,Ethiopian,text,Duration: 10h 30m,,True,2026-02-17T20:04:00.615240
2026-10-15,CAN,arrival,14:55,PEK Beijing,ZH9148,Shenzhen Airlines,text,Duration: 3h 30m,,True,2026-02-17T20:04:00.615249
2026-10-15,CAN,arrival,14:55,PVG Shanghai,ZH9534,Shenzhen Airlines,text,Duration: 2h 45m,,True,2026-02-17T20:04:00.615256
2026-10-15,CAN,arrival,15:00,SHA Shanghai,9C6719,Spring Airlines,text,Duration: 2h 40m,,True,2026-02-17T20:04:00.615263
2026-10-15,CAN,arrival,15:00,VTE Vientiane,CZ8150,China Southern,text,Duration: 2h 30m,,True,2026-02-17T20:04:00.615269
2026-10-15,CAN,arrival,15:05,SHA Shanghai,CA1837,Air China,text,Duration: 2h 30m,,True,2026-02-17T20:04:00.615275
2026-10-15,CAN,arrival,15:05,HET Hohhot,CZ3198,China Southern,text,Duration: 3h 20m,,True,2026-02-17T20:04:00.615281
2026-10-15,CAN,arrival,15:05,NKG Nanjing,CZ3844,China Southern,text,Duration: 2h 30m,,True,2026-02-17T20:04:00.615288
2026-10-15,CAN,arrival,15:05,SHA Shanghai,MU5305,China Eastern,text,Duration: 2h 35m,,True,2026-02-17T20:04:00.615295
2026-10-15,CAN,arrival,15:05,TNA Jinan,ZH9972,Shenzhen Airlines,text,Duration: 2h 55m,,True,2026-02-17T20:04:00.615302
2026-10-15,CAN,arrival,15:10,BKK Bangkok,CZ358,China Southern,text,Duration: 2h 50m,,True,2026-02-17T20:04:00.615309
2026-10-15,CAN,arrival,15:10,KMG Kunming,MU9689,China Eastern,text,Duration: 2h 5m,,True,2026-02-17T20:04:00.615315
2026-10-15,CAN,arrival,15:15,HFE Hefei,CZ3814,China Southern,text,Duration: 2h 5m,,True,2026-02-17T20:04:00.615322
2026-10-15,CAN,arrival,15:15,MIG Mian Yang,CZ8638,China Southern,text,Duration: 2h 35m,,True,2026-02-17T20:04:00.615329
2026-10-15,CAN,arrival,15:15,XIY Xian,ZH9222,Shenzhen Airlines,text,Duration: 2h 45m,,True,2026-02-17T20:04:00.615336
2026-10-15,CAN,arrival,15:20,TAO Qingdao,AQ1020,9 Air,text,Duration: 3h 35m,,True,2026-02-17T20:04:00.615343
2026-10-15,CAN,arrival,15:20,PEK Beijing,CA1339,Air China,text,Duration: 3h 20m,,True,2026-02-17T20:04:00.615350
2026-10-15,CAN,arrival,15:20,HAN Hanoi,VN506,Vietnam Airlines,text,Duration: 1h 55m,,True,2026-02-17T20:04:00.615357
2026-10-15,CAN,arrival,15:25,CGK Jakarta,CZ388,China Southern,text,Duration: 5h 15m,,True,2026-02-17T20:04:00.615364
2026-10-15,CAN,arrival,15:25,HAK Haikou,CZ6777,China Southern,text,Duration: 1h 25m,,True,2026-02-17T20:04:00.615370
2026-10-15,CAN,arrival,15:25,KMG Kunming,CZ3494,China Southern,text,Duration: 2h 10m,,True,2026-02-17T20:04:00.615377
2026-10-15,CAN,arrival,15:25,URC Urumqi,UQ2591,Urumqi Airlines,text,Duration: 5h 10m,,True,2026-02-17T20:04:00.615384
2026-10-15,CAN,arrival,15:30,CTU Chengdu,CZ3438,China Southern,text,Duration: 2h 30m,,True,2026-02-17T20:04:00.615390
2026-10-15,CAN,arrival,15:30,CAI Cairo,MS958,EgyptAir,text,Duration: 10h 10m,,True,2026-02-17T20:04:00.615397
2026-10-15,CAN,arrival,15:30,HYN Taizhou,MU2476,China Eastern,text,Duration: 2h 10m,,True,2026-02-17T20:04:00.615403
2026-10-15,CAN,arrival,15:30,DOH Doha,QR874,Qatar Airways,text,Duration: 7h 40m,,True,2026-02-17T20:04:00.615410
2026-10-15,CAN,arrival,15:35,CTU Chengdu,3U8733,Sichuan Airlines,text,Duration: 2h 35m,,True,2026-02-17T20:04:00.615416
2026-10-15,CAN,arrival,15:35,NTG Nantong,CZ3640,China Southern,text,Duration: 2h 30m,,True,2026-02-17T20:04:00.615423
2026-10-15,CAN,arrival,15:35,WMT Zunyi,CZ3314,China Southern,text,Duration: 1h 55m,,True,2026-02-17T20:04:00.615430
2026-10-15,CAN,arrival,15:35,YNZ Yancheng,CZ3268,China Southern,text,Duration: 2h 30m,,True,2026-02-17T20:04:00.615436
2026-10-15,CAN,arrival,15:35,WUX Wuxi,MU2917,China Eastern,text,Duration: 2h 25m,,True,2026-02-17T20:04:00.615443
2026-10-15,CAN,arrival,15:40,CSX Changsha,CZ3379,China Southern,text,Duration: 1h 40m,,True,2026-02-17T20:04:00.615560
2026-10-15,CAN,arrival,15:40,PKX Beijing,CZ3102,China Southern,text,Duration: 3h 10m,,True,2026-02-17T20:04:00.615573
2026-10-15,CAN,arrival,15:40,YIW Yiwu,CZ3884,China Southern,text,Duration: 2h 5m,,True,2026-02-17T20:04:00.615585
2026-10-15,CAN,arrival,15:45,WUH Wuhan,CA8231,Air China,text,Duration: 1h 45m,,True,2026-02-17T20:04:00.615632
2026-10-15,CAN,arrival,15:45,XIY Xian,CZ3238,China Southern,text,Duration: 2h 45m,,True,2026-02-17T20:04:00.615652
2026-10-15,CAN,arrival,15:45,TSN Tianjin,OQ2124,Chongqing Airlines,text,Duration: 3h 25m,,True,2026-02-17T20:04:00.615669
2026-10-15,CAN,arrival,15:45,YNT Yantai,ZH9676,Shenzhen Airlines,text,Duration: 3h 45m,,True,2026-02-17T20:04:00.615684
2026-10-15,CAN,arrival,15:50,TFU Chengdu,3U6703,Sichuan Airlines,text,Duration: 2h 20m,,True,2026-02-17T20:04:00.615696
2026-10-15,CAN,arrival,15:50,ENY Yan'an,CZ3224,China Southern,text,Duration: 3h 5m,,True,2026-02-17T20:04:00.615708
2026-10-15,CAN,arrival,15:50,HGH Hangzhou,CZ3864,China Southern,text,Duration: 2h 15m,,True,2026-02-17T20:04:00.615720
2026-10-15,CAN,arrival,15:50,SHE Shenyang,CZ6347,China Southern,text,Duration: 4h 20m,,True,2026-02-17T20:04:00.615731
2026-10-15,CAN,arrival,15:50,PVG Shanghai,MU5345,China Eastern,text,Duration: 2h 20m,,True,2026-02-17T20:04:00.615742
2026-10-15,CAN,arrival,15:50,NGB Ningbo,OQ2028,Chongqing Airlines,text,Duration: 2h 25m,,True,2026-02-17T20:04:00.615754
2026-10-15,CAN,arrival,15:55,LHW Lanzhou,CZ8986,China Southern,text,Duration: 3h 25m,,True,2026-02-17T20:04:00.615765
2026-10-15,CAN,arrival,15:55,SGN Ho Chi Minh City,CZ8160,China Southern,text,Duration: 3h 0m,,True,2026-02-17T20:04:00.615777
2026-10-15,CAN,arrival,15:55,URC Urumqi,CZ6895,China Southern,text,Duration: 5h 10m,,True,2026-02-17T20:04:00.615788
2026-10-15,CAN,arrival,15:55,WUH Wuhan,CZ3345,China Southern,text,Duration: 1h 55m,,True,2026-02-17T20:04:00.615800
2026-10-15,CAN,arrival,15:55,ZHA Zhanjiang,CZ3332,China Southern,text,Duration: 1h 10m,,True,2026-02-17T20:04:00.615811
2026-10-15,CAN,arrival,16:00,CGO Zhengzhou,CZ3393,China Southern,text,Duration: 2h 30m,,True,2026-02-17T20:04:00.615821
2026-10-15,CAN,arrival,16:00,KTI Phnom Penh,CZ8314,China Southern,text,Duration: 2h 55m,,True,2026-02-17T20:04:00.615832
2026-10-15,CAN,arrival,16:00,PEK Beijing,HU7807,Hainan Airlines,text,Duration: 3h 30m,,True,2026-02-17T20:04:00.615842
2026-10-15,CAN,arrival,16:05,NKG Nanjing,CZ3600,China Southern,text,Duration: 2h 20m,,True,2026-02-17T20:04:00.615851
2026-10-15,CAN,arrival,16:05,XMN Xiamen,CZ3742,China Southern,text,Duration: 1h 35m,,True,2026-02-17T20:04:00.615863
2026-10-15,CAN,arrival,16:10,DLU Dali City,CZ6596,China Southern,text,Duration: 2h 35m,,True,2026-02-17T20:04:00.615901
2026-10-15,CAN,arrival,16:10,SHA Shanghai,CZ3532,China Southern,text,Duration: 2h 20m,,True,2026-02-17T20:04:00.615915
2026-10-15,CAN,arrival,16:10,TAO Qingdao,CZ3520,China Southern,text,Duration: 3h 20m,,True,2026-02-17T20:04:00.615926
2026-10-15,CAN,arrival,16:10,VTE Vientiane,QV881,Lao Airlines,text,Duration: 2h 0m,,True,2026-02-17T20:04:00.615937
2026-10-15,CAN,arrival,16:15,HGH Hangzhou,CA1793,Air China,text,Duration: 2h 10m,,True,2026-02-17T20:04:00.615948
2026-10-15,CAN,arrival,16:15,TPE Taipei,CI521,China Airlines,text,Duration: 2h 5m,,True,2026-02-17T20:04:00.615965
2026-10-15,CAN,arrival,16:15,DLC Dalian,CZ6457,China Southern,text,Duration: 3h 45m,,True,2026-02-17T20:04:00.615976
2026-10-15,CAN,arrival,16:15,RGN Yangon,CZ3056,China Southern,text,Duration: 3h 20m,,True,2026-02-17T20:04:00.615987
2026-10-15,CAN,arrival,16:15,WNZ Wenzhou,CZ3764,China Southern,text,Duration: 2h 0m,,True,2026-02-17T20:04:00.615998
2026-10-15,CAN,arrival,16:20,CKG Chongqing,CA4349,Air China,text,Duration: 2h 20m,,True,2026-02-17T20:04:00.616009
2026-10-15,CAN,arrival,16:20,XFN Xiangyang,GJ8382,Loong Air,text,Duration: 2h 5m,,True,2026-02-17T20:04:00.616024
2026-10-15,CAN,arrival,16:30,TFU Chengdu,CA4301,Air China,text,Duration: 2h 30m,,True,2026-02-17T20:04:00.616036
2026-10-15,CAN,arrival,16:30,LUM Mangshi,MU9729,China Eastern,text,Duration: 2h 35m,,True,2026-02-17T20:04:00.616046
2026-10-15,CAN,arrival,16:30,TNA Jinan,ZH9974,Shenzhen Airlines,text,Duration: 2h 55m,,True,2026-02-17T20:04:00.616057
2026-10-15,CAN,arrival,16:35,HGH Hangzhou,MU5217,China Eastern,text,Duration: 2h 0m,,True,2026-02-17T20:04:00.616067
2026-10-15,CAN,arrival,16:35,HAN Hanoi,ZH122,Shenzhen Airlines,text,Duration: 1h 50m,,True,2026-02-17T20:04:00.616078
2026-10-15,CAN,arrival,16:40,AKL Auckland,CZ336,China Southern,text,Duration: 11h 40m,,True,2026-02-17T20:04:00.616089
2026-10-15,CAN,arrival,16:40,BKK Bangkok,CZ8080,China Southern,text,Duration: 3h 0m,,True,2026-02-17T20:04:00.616100
2026-10-15,CAN,arrival,16:40,PKX Beijing,CZ3106,China Southern,text,Duration: 3h 10m,,True,2026-02-17T20:04:00.616111
2026-10-15,CAN,arrival,16:40,NKG Nanjing,MU2717,China Eastern,text,Duration: 2h 10m,,True,2026-02-17T20:04:00.616122
2026-10-15,CAN,arrival,16:40,TAO Qingdao,SC4677,Shandong Airlines,text,Duration: 3h 20m,,True,2026-02-17T20:04:00.616133
2026-10-15,CAN,arrival,16:45,PZI Pan Zhi Hua,CZ3934,China Southern,text,Duration: 2h 15m,,True,2026-02-17T20:04:00.616145
2026-10-15,CAN,arrival,16:45,SHA Shanghai,MU5307,China Eastern,text,Duration: 2h 15m,,True,2026-02-17T20:04:00.616162
2026-10-15,CAN,arrival,16:50,KMG Kunming,CZ3416,China Southern,text,Duration: 2h 10m,,True,2026-02-17T20:04:00.616178
2026-10-15,CAN,arrival,16:50,LHR London,CZ304,China Southern,text,Duration: 11h 40m,,True,2026-02-17T20:04:00.616196
2026-10-15,CAN,arrival,16:50,TAO Qingdao,MU5257,China Eastern,text,Duration: 3h 0m,,True,2026-02-17T20:04:00.616215
2026-10-15,CAN,arrival,16:50,IST Istanbul,TK72,Turkish Airlines,text,Duration: 10h 30m,,True,2026-02-17T20:04:00.616228
2026-10-15,CAN,arrival,16:55,SHA Shanghai,9C8855,Spring Airlines,text,Duration: 2h 35m,,True,2026-02-17T20:04:00.616370
2026-10-15,CAN,arrival,16:55,HGH Hangzhou,CZ6568,China Southern,text,Duration: 2h 20m,,True,2026-02-17T20:04:00.616380
2026-10-15,CAN,arrival,16:55,TNA Jinan,CZ3620,China Southern,text,Duration: 2h 45m,,True,2026-02-17T20:04:00.616387
2026-10-15,CAN,arrival,16:55,TPE Taipei,CZ3098,China Southern,text,Duration: 2h 5m,,True,2026-02-17T20:04:00.616398
2026-10-15,CAN,arrival,16:55,HAK Haikou,HU7007,Hainan Airlines,text,Duration: 1h 25m,,True,2026-02-17T20:04:00.616406
2026-10-15,CAN,arrival,17:00,FOC Fuzhou,MF8347,XiamenAir,text,Duration: 2h 0m,,True,2026-02-17T20:04:00.616412
2026-10-15,CAN,arrival,17:10,SHA Shanghai,HO1869,Juneyao Airlines,text,Duration: 2h 20m,,True,2026-02-17T20:04:00.616419
2026-10-15,CAN,arrival,17:10,XMN Xiamen,MF8387,XiamenAir,text,Duration: 1h 40m,,True,2026-02-17T20:04:00.616428
2026-10-15,CAN,arrival,17:10,CKG Chongqing,OQ2339,Chongqing Airlines,text,Duration: 2h 5m,,True,2026-02-17T20:04:00.616436
2026-10-15,CAN,arrival,17:10,INC Yinchuan,ZH8942,Shenzhen Airlines,text,Duration: 3h 10m,,True,2026-02-17T20:04:00.616443
2026-10-15,CAN,arrival,17:15,PKX Beijing,CZ3186,China Southern,text,Duration: 3h 15m,,True,2026-02-17T20:04:00.616450
2026-10-15,CAN,arrival,17:15,SHA Shanghai,CZ3538,China Southern,text,Duration: 2h 25m,,True,2026-02-17T20:04:00.616457
2026-10-15,CAN,arrival,17:15,SYX Sanya,CZ6743,China Southern,text,Duration: 1h 40m,,True,2026-02-17T20:04:00.616464
2026-10-15,CAN,arrival,17:20,NGB Ningbo,CZ3518,China Southern,text,Duration: 2h 25m,,True,2026-02-17T20:04:00.616471
2026-10-15,CAN,arrival,17:20,SHE Shenyang,MU9870,China Eastern,text,Duration: 4h 5m,,True,2026-02-17T20:04:00.616478
2026-10-15,CAN,arrival,17:25,PEK Beijing,CA1327,Air China,text,Duration: 3h 25m,,True,2026-02-17T20:04:00.616484
2026-10-15,CAN,arrival,17:25,CGO Zhengzhou,CZ6625,China Southern,text,Duration: 2h 25m,,True,2026-02-17T20:04:00.616491
2026-10-15,CAN,arrival,17:25,HAK Haikou,CZ6791,China Southern,text,Duration: 1h 25m,,True,2026-02-17T20:04:00.616498
2026-10-15,CAN,arrival,17:25,SHE Shenyang,CZ6315,China Southern,text,Duration: 4h 25m,,True,2026-02-17T20:04:00.616504
2026-10-15,CAN,arrival,17:30,BNE Brisbane,CZ382,China Southern,text,Duration: 9h 20m,,True,2026-02-17T20:04:00.616511
2026-10-15,CAN,arrival,17:30,CTU Chengdu,CZ3444,China Southern,text,Duration: 2h 30m,,True,2026-02-17T20:04:00.616517
2026-10-15,CAN,arrival,17:30,HRB Harbin,CZ5394,China Southern,text,Duration: 5h 0m,,True,2026-02-17T20:04:00.616524
2026-10-15,CAN,arrival,17:30,POM Port Moresby,CZ5056,China Southern,text,Duration: 7h 0m,,True,2026-02-17T20:04:00.616530
2026-10-15,CAN,arrival,17:30,WUH Wuhan,MU6734,China Eastern,text,Duration: 1h 55m,,True,2026-02-17T20:04:00.616537
2026-10-15,CAN,arrival,17:30,SHE Shenyang,OQ2128,Chongqing Airlines,text,Duration: 4h 30m,,True,2026-02-17T20:04:00.616544
2026-10-15,CAN,arrival,17:35,CTU Chengdu,CA4333,Air China,text,Duration: 2h 35m,,True,2026-02-17T20:04:00.616550
2026-10-15,CAN,arrival,17:35,KUL Kuala Lumpur,CZ350,China Southern,text,Duration: 4h 10m,,True,2026-02-17T20:04:00.616562
2026-10-15,CAN,arrival,17:40,HGH Hangzhou,CA1795,Air China,text,Duration: 2h 25m,,True,2026-02-17T20:04:00.616575
2026-10-15,CAN,arrival,17:40,PKX Beijing,CZ3162,China Southern,text,Duration: 3h 10m,,True,2026-02-17T20:04:00.616588
2026-10-15,CAN,arrival,17:40,DLU Dali City,MU9741,China Eastern,text,Duration: 2h 25m,,True,2026-02-17T20:04:00.616599
2026-10-15,CAN,arrival,17:45,BKK Bangkok,CZ8100,China Southern,text,Duration: 3h 0m,,True,2026-02-17T20:04:00.616610
2026-10-15,CAN,arrival,17:45,XIY Xian,CZ3232,China Southern,text,Duration: 2h 45m,,True,2026-02-17T20:04:00.616623
2026-10-15,CAN,arrival,17:50,CKG Chongqing,3U8745,Sichuan Airlines,text,Duration: 2h 5m,,True,2026-02-17T20:04:00.616633
2026-10-15,CAN,arrival,17:50,HGH Hangzhou,CZ3850,China Southern,text,Duration: 2h 15m,,True,2026-02-17T20:04:00.616649
2026-10-15,CAN,arrival,17:50,SIN Singapore,CZ354,China Southern,text,Duration: 4h 20m,,True,2026-02-17T20:04:00.616661
2026-10-15,CAN,arrival,17:50,DOY Dongying,HU7260,Hainan Airlines,text,Duration: 3h 15m,,True,2026-02-17T20:04:00.616673
2026-10-15,CAN,arrival,17:50,PEK Beijing,HU7809,Hainan Airlines,text,Duration: 3h 20m,,True,2026-02-17T20:04:00.616685
2026-10-15,CAN,arrival,17:50,HIA Huai'an,MU2869,China Eastern,text,Duration: 2h 20m,,True,2026-02-17T20:04:00.616695
2026-10-15,CAN,arrival,17:50,WUX Wuxi,ZH9826,Shenzhen Airlines,text,Duration: 2h 30m,,True,2026-02-17T20:04:00.616706
2026-10-15,CAN,arrival,17:55,KWE Guiyang,CZ3691,China Southern,text,Duration: 1h 40m,,True,2026-02-17T20:04:00.616716
2026-10-15,CAN,arrival,17:55,SYD Sydney,CZ326,China Southern,text,Duration: 9h 50m,,True,2026-02-17T20:04:00.616730
2026-10-15,CAN,arrival,17:55,URC Urumqi,CZ6883,China Southern,text,Duration: 5h 5m,,True,2026-02-17T20:04:00.616736
2026-10-15,CAN,arrival,17:55,PKX Beijing,MU6305,China Eastern,text,Duration: 3h 15m,,True,2026-02-17T20:04:00.616743
2026-10-15,CAN,arrival,18:00,MEL Melbourne,CZ322,China Southern,text,Duration: 9h 40m,,True,2026-02-17T20:04:00.616750
2026-10-15,CAN,arrival,18:00,SHA Shanghai,FM9313,Shanghai Airlines,text,Duration: 2h 5m,,True,2026-02-17T20:04:00.616757
2026-10-15,CAN,arrival,18:05,ADL Adelaide,CZ664,China Southern,text,Duration: 9h 5m,,True,2026-02-17T20:04:00.616763
2026-10-15,CAN,arrival,18:05,HFE Hefei,CZ3874,China Southern,text,Duration: 2h 15m,,True,2026-02-17T20:04:00.616769
2026-10-15,CAN,arrival,18:05,LHW Lanzhou,CZ3206,China Southern,text,Duration: 3h 20m,,True,2026-02-17T20:04:00.616776
2026-10-15,CAN,arrival,18:05,XMN Xiamen,CZ3880,China Southern,text,Duration: 1h 35m,,True,2026-02-17T20:04:00.616782
2026-10-15,CAN,arrival,18:10,ICN Seoul,CZ338,China Southern,text,Duration: 3h 55m,,True,2026-02-17T20:04:00.616789
2026-10-15,CAN,arrival,18:10,YIW Yiwu,CZ3150,China Southern,text,Duration: 2h 5m,,True,2026-02-17T20:04:00.616899
2026-10-15,CAN,arrival,18:10,TSN Tianjin,GS7925,Tianjin Airlines,text,Duration: 3h 30m,,True,2026-02-17T20:04:00.616907
2026-10-15,CAN,arrival,18:10,NKG Nanjing,ZH9866,Shenzhen Airlines,text,Duration: 2h 30m,,True,2026-02-17T20:04:00.616914
2026-10-15,CAN,arrival,18:15,TFU Chengdu,AQ1116,9 Air,text,Duration: 2h 15m,,True,2026-02-17T20:04:00.616920
2026-10-15,CAN,arrival,18:15,TSN Tianjin,CA2803,Air China,text,Duration: 3h 20m,,True,2026-02-17T20:04:00.616927
2026-10-15,CAN,arrival,18:15,DLC Dalian,CZ3607,China Southern,text,Duration: 3h 40m,,True,2026-02-17T20:04:00.616933
2026-10-15,CAN,arrival,18:15,SHA Shanghai,CZ3540,China Southern,text,Duration: 2h 25m,,True,2026-02-17T20:04:00.616945
2026-10-15,CAN,arrival,18:15,TAO Qingdao,SC4675,Shandong Airlines,text,Duration: 3h 15m,,True,2026-02-17T20:04:00.616951
2026-10-15,CAN,arrival,18:15,HRB Harbin,ZH9672,Shenzhen Airlines,text,Duration: 4h 50m,,True,2026-02-17T20:04:00.616958
2026-10-15,CAN,arrival,18:20,PEK Beijing,CA1301,Air China,text,Duration: 3h 20m,,True,2026-02-17T20:04:00.616965
2026-10-15,CAN,arrival,18:20,LJG Lijiang,CZ3424,China Southern,text,Duration: 2h 35m,,True,2026-02-17T20:04:00.616971
2026-10-15,CAN,arrival,18:25,FOC Fuzhou,CZ3878,China Southern,text,Duration: 2h 0m,,True,2026-02-17T20:04:00.616977
2026-10-15,CAN,arrival,18:25,TSN Tianjin,CZ3302,China Southern,text,Duration: 3h 10m,,True,2026-02-17T20:04:00.616984
2026-10-15,CAN,arrival,18:25,WUH Wuhan,CZ3706,China Southern,text,Duration: 1h 55m,,True,2026-02-17T20:04:00.616990
2026-10-15,CAN,arrival,18:25,XIY Xian,HU7857,Hainan Airlines,text,Duration: 2h 55m,,True,2026-02-17T20:04:00.616997
2026-10-15,CAN,arrival,18:30,CKG Chongqing,CZ3486,China Southern,text,Duration: 2h 5m,,True,2026-02-17T20:04:00.617004
2026-10-15,CAN,arrival,18:30,HAN Hanoi,CZ8316,China Southern,text,Duration: 1h 45m,,True,2026-02-17T20:04:00.617010
2026-10-15,CAN,arrival,18:30,HRB Harbin,CZ3616,China Southern,text,Duration: 4h 50m,,True,2026-02-17T20:04:00.617017
2026-10-15,CAN,arrival,18:35,WUX Wuxi,AQ1056,9 Air,text,Duration: 2h 35m,,True,2026-02-17T20:04:00.617023
2026-10-15,CAN,arrival,18:35,TFU Chengdu,MU6185,China Eastern,text,Duration: 2h 35m,,True,2026-02-17T20:04:00.617030
2026-10-15,CAN,arrival,18:40,CGQ Changchun,CZ6851,China Southern,text,Duration: 4h 45m,,True,2026-02-17T20:04:00.617037
2026-10-15,CAN,arrival,18:40,PKX Beijing,CZ3104,China Southern,text,Duration: 3h 10m,,True,2026-02-17T20:04:00.617045
2026-10-15,CAN,arrival,18:40,YTY Yangzhou,CZ5906,China Southern,text,Duration: 2h 35m,,True,2026-02-17T20:04:00.617052
2026-10-15,CAN,arrival,18:40,CKG Chongqing,HU7242,Hainan Airlines,text,Duration: 2h 10m,,True,2026-02-17T20:04:00.617058
2026-10-15,CAN,arrival,18:40,LHW Lanzhou,MU2305,China Eastern,text,Duration: 3h 10m,,True,2026-02-17T20:04:00.617067
2026-10-15,CAN,arrival,18:45,XIY Xian,CZ3212,China Southern,text,Duration: 2h 45m,,True,2026-02-17T20:04:00.617075
2026-10-15,CAN,arrival,18:45,PVG Shanghai,FM9315,Shanghai Airlines,text,Duration: 2h 15m,,True,2026-02-17T20:04:00.617081
2026-10-15,CAN,arrival,18:50,CKG Chongqing,CA4341,Air China,text,Duration: 2h 5m,,True,2026-02-17T20:04:00.617088
2026-10-15,CAN,arrival,18:50,DZH Dazhou,CA4355,Air China,text,Duration: 2h 30m,,True,2026-02-17T20:04:00.617094
2026-10-15,CAN,arrival,18:50,SJW Shijiazhuang,JD5356,Capital Airlines,text,Duration: 3h 0m,,True,2026-02-17T20:04:00.617101
2026-10-15,CAN,arrival,18:50,PKX Beijing,KN5321,China United Airlines,text,Duration: 3h 20m,,True,2026-02-17T20:04:00.617107
2026-10-15,CAN,arrival,18:55,HGH Hangzhou,CZ3512,China Southern,text,Duration: 2h 20m,,True,2026-02-17T20:04:00.617114
2026-10-15,CAN,arrival,18:55,TNA Jinan,CZ3712,China Southern,text,Duration: 2h 45m,,True,2026-02-17T20:04:00.617120
2026-10-15,CAN,arrival,18:55,SHA Shanghai,MU5311,China Eastern,text,Duration: 2h 25m,,True,2026-02-17T20:04:00.617126
2026-10-15,CAN,arrival,18:55,NKG Nanjing,ZH9868,Shenzhen Airlines,text,Duration: 2h 15m,,True,2026-02-17T20:04:00.617133
2026-10-15,CAN,arrival,19:00,TAO Qingdao,CZ3536,China Southern,text,Duration: 3h 10m,,True,2026-02-17T20:04:00.617139
2026-10-15,CAN,arrival,19:00,BKK Bangkok,KQ886,Kenya Airways,text,Duration: 2h 55m,,True,2026-02-17T20:04:00.617145
2026-10-15,CAN,arrival,19:00,KTI Phnom Penh,KR935,Cambodia Airways,text,Duration: 2h 55m,,True,2026-02-17T20:04:00.617152
2026-10-15,CAN,arrival,19:05,BKK Bangkok,CZ5096,China Southern,text,Duration: 3h 0m,,True,2026-02-17T20:04:00.617158
2026-10-15,CAN,arrival,19:05,DAC Dhaka,CZ5016,China Southern,text,Duration: 3h 50m,,True,2026-02-17T20:04:00.617164
2026-10-15,CAN,arrival,19:05,KUL Kuala Lumpur,CZ3048,China Southern,text,Duration: 4h 20m,,True,2026-02-17T20:04:00.617171
2026-10-15,CAN,arrival,19:05,NKG Nanjing,CZ3822,China Southern,text,Duration: 2h 20m,,True,2026-02-17T20:04:00.617177
2026-10-15,CAN,arrival,19:05,SHA Shanghai,HO1867,Juneyao Airlines,text,Duration: 2h 35m,,True,2026-02-17T20:04:00.617184
2026-10-15,CAN,arrival,19:05,TNA Jinan,SC1171,Shandong Airlines,text,Duration: 3h 0m,,True,2026-02-17T20:04:00.617191
2026-10-15,CAN,arrival,19:05,CZX Changzhou,ZH8944,Shenzhen Airlines,text,Duration: 2h 30m,,True,2026-02-17T20:04:00.617199
2026-10-15,CAN,arrival,19:10,CTU Chengdu,3U8739,Sichuan Airlines,text,Duration: 2h 30m,,True,2026-02-17T20:04:00.617211
2026-10-15,CAN,arrival,19:10,HET Hohhot,CZ3246,China Southern,text,Duration: 3h 35m,,True,2026-02-17T20:04:00.617223
2026-10-15,CAN,arrival,19:10,KIX Osaka,CZ390,China Southern,text,Duration: 4h 10m,,True,2026-02-17T20:04:00.617235
2026-10-15,CAN,arrival,19:10,NGB Ningbo,CZ3776,China Southern,text,Duration: 2h 20m,,True,2026-02-17T20:04:00.617249
2026-10-15,CAN,arrival,19:10,SHA Shanghai,CZ3526,China Southern,text,Duration: 2h 20m,,True,2026-02-17T20:04:00.617262
2026-10-15,CAN,arrival,19:10,PKX Beijing,JD5921,Capital Airlines,text,Duration: 3h 30m,,True,2026-02-17T20:04:00.617380
2026-10-15,CAN,arrival,19:15,HND Tokyo,CZ386,China Southern,text,Duration: 4h 35m,,True,2026-02-17T20:04:00.617388
2026-10-15,CAN,arrival,19:15,NGB Ningbo,MU5237,China Eastern,text,Duration: 2h 10m,,True,2026-02-17T20:04:00.617395
2026-10-15,CAN,arrival,19:15,XIY Xian,ZH9224,Shenzhen Airlines,text,Duration: 2h 45m,,True,2026-02-17T20:04:00.617401
2026-10-15,CAN,arrival,19:20,VTE Vientiane,CZ6092,China Southern,text,Duration: 2h 30m,,True,2026-02-17T20:04:00.617408
2026-10-15,CAN,arrival,19:20,WUH Wuhan,CZ6224,China Southern,text,Duration: 1h 50m,,True,2026-02-17T20:04:00.617415
2026-10-15,CAN,arrival,19:20,PVG Shanghai,HU7232,Hainan Airlines,text,Duration: 2h 50m,,True,2026-02-17T20:04:00.617422
2026-10-15,CAN,arrival,19:25,PEK Beijing,CA1365,Air China,text,Duration: 3h 25m,,True,2026-02-17T20:04:00.617429
2026-10-15,CAN,arrival,19:25,HAK Haikou,CZ6783,China Southern,text,Duration: 1h 25m,,True,2026-02-17T20:04:00.617436
2026-10-15,CAN,arrival,19:25,ICN Seoul,CZ3062,China Southern,text,Duration: 3h 40m,,True,2026-02-17T20:04:00.617444
2026-10-15,CAN,arrival,19:25,KTI Phnom Penh,CZ6060,China Southern,text,Duration: 2h 50m,,True,2026-02-17T20:04:00.617451
2026-10-15,CAN,arrival,19:25,TSN Tianjin,CZ3144,China Southern,text,Duration: 3h 10m,,True,2026-02-17T20:04:00.617457
2026-10-15,CAN,arrival,19:30,KTM Kathmandu,CZ6068,China Southern,text,Duration: 4h 25m,,True,2026-02-17T20:04:00.617464
2026-10-15,CAN,arrival,19:30,WEH Weihai,MU6896,China Eastern,text,Duration: 3h 40m,,True,2026-02-17T20:04:00.617471
2026-10-15,CAN,arrival,19:35,CGK Jakarta,CZ3038,China Southern,text,Duration: 5h 20m,,True,2026-02-17T20:04:00.617481
2026-10-15,CAN,arrival,19:35,CTU Chengdu,CZ3472,China Southern,text,Duration: 2h 35m,,True,2026-02-17T20:04:00.617489
2026-10-15,CAN,arrival,19:35,SGN Ho Chi Minh City,CZ374,China Southern,text,Duration: 2h 55m,,True,2026-02-17T20:04:00.617497
2026-10-15,CAN,arrival,19:35,SWA Jieyang,CZ3891,China Southern,text,Duration: 1h 15m,,True,2026-02-17T20:04:00.617503
2026-10-15,CAN,arrival,19:35,PKX Beijing,MU6307,China Eastern,text,Duration: 3h 20m,,True,2026-02-17T20:04:00.617510
2026-10-15,CAN,arrival,19:40,CTU Chengdu,CA4303,Air China,text,Duration: 2h 40m,,True,2026-02-17T20:04:00.617517
2026-10-15,CAN,arrival,19:40,PVG Shanghai,CA1865,Air China,text,Duration: 2h 35m,,True,2026-02-17T20:04:00.617524
2026-10-15,CAN,arrival,19:40,HRB Harbin,CZ8719,China Southern,text,Duration: 4h 50m,,True,2026-02-17T20:04:00.617534
2026-10-15,CAN,arrival,19:40,PKX Beijing,CZ3180,China Southern,text,Duration: 3h 10m,,True,2026-02-17T20:04:00.617541
2026-10-15,CAN,arrival,19:40,WNZ Wenzhou,CZ3528,China Southern,text,Duration: 1h 55m,,True,2026-02-17T20:04:00.617547
2026-10-15,CAN,arrival,19:45,DLC Dalian,CZ6467,China Southern,text,Duration: 3h 45m,,True,2026-02-17T20:04:00.617554
2026-10-15,CAN,arrival,19:45,URC Urumqi,CZ6885,China Southern,text,Duration: 5h 5m,,True,2026-02-17T20:04:00.617561
2026-10-15,CAN,arrival,19:45,HAK Haikou,HU7009,Hainan Airlines,text,Duration: 1h 15m,,True,2026-02-17T20:04:00.617568
2026-10-15,CAN,arrival,19:50,CXR Nha Trang,CZ6050,China Southern,text,Duration: 2h 50m,,True,2026-02-17T20:04:00.617575
2026-10-15,CAN,arrival,19:50,KMG Kunming,CZ3408,China Southern,text,Duration: 2h 10m,,True,2026-02-17T20:04:00.617584
2026-10-15,CAN,arrival,19:50,XIY Xian,CZ3208,China Southern,text,Duration: 2h 50m,,True,2026-02-17T20:04:00.617591
2026-10-15,CAN,arrival,19:55,SHE Shenyang,CZ3602,China Southern,text,Duration: 4h 25m,,True,2026-02-17T20:04:00.617598
2026-10-15,CAN,arrival,19:55,PEK Beijing,HU7811,Hainan Airlines,text,Duration: 3h 25m,,True,2026-02-17T20:04:00.617604
2026-10-15,CAN,arrival,20:00,BKK Bangkok,CZ3082,China Southern,text,Duration: 3h 5m,,True,2026-02-17T20:04:00.617611
2026-10-15,CAN,arrival,20:00,TYN Taiyuan,CZ6528,China Southern,text,Duration: 2h 55m,,True,2026-02-17T20:04:00.617617
2026-10-15,CAN,arrival,20:00,SHA Shanghai,MU9199,China Eastern,text,Duration: 2h 30m,,True,2026-02-17T20:04:00.617623
2026-10-15,CAN,arrival,20:00,HAK Haikou,ZH8992,Shenzhen Airlines,text,Duration: 1h 20m,,True,2026-02-17T20:04:00.617630
2026-10-15,CAN,arrival,20:05,HFE Hefei,CZ6586,China Southern,text,Duration: 2h 5m,,True,2026-02-17T20:04:00.617636
2026-10-15,CAN,arrival,20:05,PKX Beijing,MF8339,XiamenAir,text,Duration: 3h 5m,,True,2026-02-17T20:04:00.617643
2026-10-15,CAN,arrival,20:05,TNA Jinan,SC1175,Shandong Airlines,text,Duration: 2h 55m,,True,2026-02-17T20:04:00.617649
2026-10-15,CAN,arrival,20:05,WUX Wuxi,ZH9828,Shenzhen Airlines,text,Duration: 2h 30m,,True,2026-02-17T20:04:00.617656
2026-10-15,CAN,arrival,20:10,CKG Chongqing,HU7442,Hainan Airlines,text,Duration: 2h 10m,,True,2026-02-17T20:04:00.617663
2026-10-15,CAN,arrival,20:15,KMG Kunming,8L9975,Lucky Air,text,Duration: 2h 0m,,True,2026-02-17T20:04:00.617669
2026-10-15,CAN,arrival,20:15,TAO Qingdao,CZ3800,China Southern,text,Duration: 3h 10m,,True,2026-02-17T20:04:00.617676
2026-10-15,CAN,arrival,20:15,KMG Kunming,KY8281,Kunming Airlines,text,Duration: 2h 15m,,True,2026-02-17T20:04:00.617684
2026-10-15,CAN,arrival,20:15,TNA Jinan,SC1173,Shandong Airlines,text,Duration: 2h 35m,,True,2026-02-17T20:04:00.617693
2026-10-15,CAN,arrival,20:20,NKG Nanjing,AQ1034,9 Air,text,Duration: 2h 35m,,True,2026-02-17T20:04:00.617700
2026-10-15,CAN,arrival,20:20,TSN Tianjin,CA4548,Air China,text,Duration: 2h 55m,,True,2026-02-17T20:04:00.617707
2026-10-15,CAN,arrival,20:20,MNL Manila,CZ398,China Southern,text,Duration: 2h 35m,,True,2026-02-17T20:04:00.617714
2026-10-15,CAN,arrival,20:20,HGH Hangzhou,MF8311,XiamenAir,text,Duration: 2h 20m,,True,2026-02-17T20:04:00.617720
2026-10-15,CAN,arrival,20:25,CGO Zhengzhou,CZ3972,China Southern,text,Duration: 2h 25m,,True,2026-02-17T20:04:00.617727
2026-10-15,CAN,arrival,20:25,PVG Shanghai,CZ3488,China Southern,text,Duration: 2h 35m,,True,2026-02-17T20:04:00.617864
2026-10-15,CAN,arrival,20:25,SHA Shanghai,HO1851,Juneyao Airlines,text,Duration: 2h 20m,,True,2026-02-17T20:04:00.617881
2026-10-15,CAN,arrival,20:30,SHA Shanghai,9C8931,Spring Airlines,text,Duration: 2h 25m,,True,2026-02-17T20:04:00.617889
2026-10-15,CAN,arrival,20:30,WSK Wushan,CZ3962,China Southern,text,Duration: 1h 55m,,True,2026-02-17T20:04:00.617896
2026-10-15,CAN,arrival,20:30,CTU Chengdu,MU6831,China Eastern,text,Duration: 2h 25m,,True,2026-02-17T20:04:00.617903
2026-10-15,CAN,arrival,20:30,NKG Nanjing,ZH9870,Shenzhen Airlines,text,Duration: 2h 30m,,True,2026-02-17T20:04:00.617909
2026-10-15,CAN,arrival,20:35,MXZ Mei Xian,CZ3334,China Southern,text,Duration: 1h 10m,,True,2026-02-17T20:04:00.617916
2026-10-15,CAN,arrival,20:40,PKX Beijing,CZ3122,China Southern,text,Duration: 3h 10m,,True,2026-02-17T20:04:00.617923
2026-10-15,CAN,arrival,20:40,XUZ Xuzhou,CZ3340,China Southern,text,Duration: 2h 30m,,True,2026-02-17T20:04:00.617935
2026-10-15,CAN,arrival,20:40,YIW Yiwu,CZ3885,China Southern,text,Duration: 2h 0m,,True,2026-02-17T20:04:00.617943
2026-10-15,CAN,arrival,20:45,CKG Chongqing,CZ3464,China Southern,text,Duration: 2h 0m,,True,2026-02-17T20:04:00.617950
2026-10-15,CAN,arrival,20:45,TNA Jinan,MU5259,China Eastern,text,Duration: 2h 45m,,True,2026-02-17T20:04:00.617956
2026-10-15,CAN,arrival,20:50,KMG Kunming,CZ3450,China Southern,text,Duration: 2h 10m,,True,2026-02-17T20:04:00.617963
2026-10-15,CAN,arrival,20:50,TNA Jinan,CZ8480,China Southern,text,Duration: 2h 50m,,True,2026-02-17T20:04:00.617969
2026-10-15,CAN,arrival,20:50,NKG Nanjing,HU7314,Hainan Airlines,text,Duration: 2h 25m,,True,2026-02-17T20:04:00.617975
2026-10-15,CAN,arrival,20:55,HGH Hangzhou,3U3153,Sichuan Airlines,text,Duration: 2h 10m,,True,2026-02-17T20:04:00.617982
2026-10-15,CAN,arrival,20:55,KUL Kuala Lumpur,AK116,AirAsia,text,Duration: 4h 20m,,True,2026-02-17T20:04:00.617988
2026-10-15,CAN,arrival,20:55,PVG Shanghai,CZ3585,China Southern,text,Duration: 2h 35m,,True,2026-02-17T20:04:00.617995
2026-10-15,CAN,arrival,21:00,HGH Hangzhou,AQ1072,9 Air,text,Duration: 2h 25m,,True,2026-02-17T20:04:00.618002
2026-10-15,CAN,arrival,21:00,SYX Sanya,CZ6735,China Southern,text,Duration: 1h 45m,,True,2026-02-17T20:04:00.618008
2026-10-15,CAN,arrival,21:00,URC Urumqi,CZ6899,China Southern,text,Duration: 5h 5m,,True,2026-02-17T20:04:00.618015
2026-10-15,CAN,arrival,21:00,CGO Zhengzhou,HU7288,Hainan Airlines,text,Duration: 2h 30m,,True,2026-02-17T20:04:00.618022
2026-10-15,CAN,arrival,21:00,TYN Taiyuan,HU7250,Hainan Airlines,text,Duration: 3h 5m,,True,2026-02-17T20:04:00.618029
2026-10-15,CAN,arrival,21:00,SHA Shanghai,MU5371,China Eastern,text,Duration: 2h 30m,,True,2026-02-17T20:04:00.618035
2026-10-15,CAN,arrival,21:00,HFE Hefei,ZH9988,Shenzhen Airlines,text,Duration: 2h 20m,,True,2026-02-17T20:04:00.618042
2026-10-15,CAN,arrival,21:05,HKG Hong Kong,CX988,Cathay Pacific,text,Duration: 1h 5m,,True,2026-02-17T20:04:00.618048
2026-10-15,CAN,arrival,21:05,HGH Hangzhou,CZ3502,China Southern,text,Duration: 2h 30m,,True,2026-02-17T20:04:00.618054
2026-10-15,CAN,arrival,21:05,CZX Changzhou,ZH9654,Shenzhen Airlines,text,Duration: 2h 30m,,True,2026-02-17T20:04:00.618061
2026-10-15,CAN,arrival,21:10,KWE Guiyang,CZ6394,China Southern,text,Duration: 1h 45m,,True,2026-02-17T20:04:00.618068
2026-10-15,CAN,arrival,21:10,NKG Nanjing,CZ3700,China Southern,text,Duration: 2h 5m,,True,2026-02-17T20:04:00.618074
2026-10-15,CAN,arrival,21:10,KMG Kunming,MU5739,China Eastern,text,Duration: 2h 15m,,True,2026-02-17T20:04:00.618081
2026-10-15,CAN,arrival,21:10,LYI Linyi,ZH9482,Shenzhen Airlines,text,Duration: 3h 0m,,True,2026-02-17T20:04:00.618087
2026-10-15,CAN,arrival,21:10,TNA Jinan,ZH9978,Shenzhen Airlines,text,Duration: 3h 0m,,True,2026-02-17T20:04:00.618094
2026-10-15,CAN,arrival,21:15,CGQ Changchun,CZ8459,China Southern,text,Duration: 4h 35m,,True,2026-02-17T20:04:00.618100
2026-10-15,CAN,arrival,21:15,LUM Mangshi,CZ6500,China Southern,text,Duration: 2h 30m,,True,2026-02-17T20:04:00.618107
2026-10-15,CAN,arrival,21:15,SHA Shanghai,CZ3572,China Southern,text,Duration: 2h 25m,,True,2026-02-17T20:04:00.618114
2026-10-15,CAN,arrival,21:15,NKG Nanjing,MU9767,China Eastern,text,Duration: 2h 15m,,True,2026-02-17T20:04:00.618120
2026-10-15,CAN,arrival,21:15,DAR Dar Es Salaam,TC402,Air Tanzania,text,Duration: 11h 0m,,True,2026-02-17T20:04:00.618130
2026-10-15,CAN,arrival,21:15,HPH Haiphong,ZH130,Shenzhen Airlines,text,Duration: 1h 55m,,True,2026-02-17T20:04:00.618139
2026-10-15,CAN,arrival,21:20,PEK Beijing,CA1309,Air China,text,Duration: 3h 20m,,True,2026-02-17T20:04:00.618146
2026-10-15,CAN,arrival,21:20,TSN Tianjin,CA2805,Air China,text,Duration: 3h 20m,,True,2026-02-17T20:04:00.618153
2026-10-15,CAN,arrival,21:20,HKT Phuket,CZ6064,China Southern,text,Duration: 3h 40m,,True,2026-02-17T20:04:00.618159
2026-10-15,CAN,arrival,21:20,KUL Kuala Lumpur,CZ8012,China Southern,text,Duration: 4h 25m,,True,2026-02-17T20:04:00.618166
2026-10-15,CAN,arrival,21:20,LJG Lijiang,OQ2112,Chongqing Airlines,text,Duration: 2h 40m,,True,2026-02-17T20:04:00.618173
2026-10-15,CAN,arrival,21:25,CGO Zhengzhou,CZ3959,China Southern,text,Duration: 2h 30m,,True,2026-02-17T20:04:00.618179
2026-10-15,CAN,arrival,21:25,KHN Nanchang,CZ8532,China Southern,text,Duration: 1h 45m,,True,2026-02-17T20:04:00.618190
2026-10-15,CAN,arrival,21:25,WUH Wuhan,CZ3347,China Southern,text,Duration: 1h 55m,,True,2026-02-17T20:04:00.618197
2026-10-15,CAN,arrival,21:30,CSX Changsha,CZ5591,China Southern,text,Duration: 1h 45m,,True,2026-02-17T20:04:00.618204
2026-10-15,CAN,arrival,21:30,HGH Hangzhou,GJ8995,Loong Air,text,Duration: 2h 25m,,True,2026-02-17T20:04:00.618210
2026-10-15,CAN,arrival,21:30,TFU Chengdu,HU7252,Hainan Airlines,text,Duration: 2h 30m,,True,2026-02-17T20:04:00.618217
2026-10-15,CAN,arrival,21:35,CTU Chengdu,CZ3418,China Southern,text,Duration: 2h 35m,,True,2026-02-17T20:04:00.618361
2026-10-15,CAN,arrival,21:35,KUL Kuala Lumpur,CZ8348,China Southern,text,Duration: 4h 20m,,True,2026-02-17T20:04:00.618372
2026-10-15,CAN,arrival,21:35,LHW Lanzhou,CZ3386,China Southern,text,Duration: 3h 20m,,True,2026-02-17T20:04:00.618381
2026-10-15,CAN,arrival,21:45,TFU Chengdu,3U6705,Sichuan Airlines,text,Duration: 2h 15m,,True,2026-02-17T20:04:00.618390
2026-10-15,CAN,arrival,21:45,TFU Chengdu,CA4309,Air China,text,Duration: 2h 15m,,True,2026-02-17T20:04:00.618399
2026-10-15,CAN,arrival,21:45,PKX Beijing,CZ3100,China Southern,text,Duration: 3h 15m,,True,2026-02-17T20:04:00.618406
2026-10-15,CAN,arrival,21:45,YIW Yiwu,CZ3303,China Southern,text,Duration: 2h 5m,,True,2026-02-17T20:04:00.618415
2026-10-15,CAN,arrival,21:50,TAO Qingdao,CZ5900,China Southern,text,Duration: 3h 15m,,True,2026-02-17T20:04:00.618422
2026-10-15,CAN,arrival,21:50,SHA Shanghai,MU5315,China Eastern,text,Duration: 2h 20m,,True,2026-02-17T20:04:00.618430
2026-10-15,CAN,arrival,21:55,XIY Xian,MU2311,China Eastern,text,Duration: 2h 25m,,True,2026-02-17T20:04:00.618436
2026-10-15,CAN,arrival,22:00,YBP Yibin,3U3054,Sichuan Airlines,text,Duration: 2h 10m,,True,2026-02-17T20:04:00.618443
2026-10-15,CAN,arrival,22:00,CKG Chongqing,CZ3412,China Southern,text,Duration: 2h 5m,,True,2026-02-17T20:04:00.618450
2026-10-15,CAN,arrival,22:00,WXN Wanxian,CZ8254,China Southern,text,Duration: 2h 10m,,True,2026-02-17T20:04:00.618457
2026-10-15,CAN,arrival,22:00,DXB Dubai,EK362,Emirates,text,Duration: 7h 45m,,True,2026-02-17T20:04:00.618464
2026-10-15,CAN,arrival,22:00,SJW Shijiazhuang,NS3657,Hebei Airlines,text,Duration: 3h 10m,,True,2026-02-17T20:04:00.618471
2026-10-15,CAN,arrival,22:00,CGO Zhengzhou,PN6379,West Air (China),text,Duration: 2h 25m,,True,2026-02-17T20:04:00.618479
2026-10-15,CAN,arrival,22:00,PVG Shanghai,ZH9536,Shenzhen Airlines,text,Duration: 3h 10m,,True,2026-02-17T20:04:00.618485
2026-10-15,CAN,arrival,22:05,HET Hohhot,CA1381,Air China,text,Duration: 3h 35m,,True,2026-02-17T20:04:00.618492
2026-10-15,CAN,arrival,22:05,CZX Changzhou,CZ3900,China Southern,text,Duration: 2h 20m,,True,2026-02-17T20:04:00.618499
2026-10-15,CAN,arrival,22:05,SIN Singapore,CZ3040,China Southern,text,Duration: 4h 15m,,True,2026-02-17T20:04:00.618505
2026-10-15,CAN,arrival,22:05,SYD Sydney,CZ8092,China Southern,text,Duration: 9h 50m,,True,2026-02-17T20:04:00.618512
2026-10-15,CAN,arrival,22:05,HFE Hefei,ZH9990,Shenzhen Airlines,text,Duration: 2h 15m,,True,2026-02-17T20:04:00.618520
2026-10-15,CAN,arrival,22:05,YTY Yangzhou,ZH9694,Shenzhen Airlines,text,Duration: 2h 35m,,True,2026-02-17T20:04:00.618528
2026-10-15,CAN,arrival,22:10,PVG Shanghai,AQ1012,9 Air,text,Duration: 2h 45m,,True,2026-02-17T20:04:00.618542
2026-10-15,CAN,arrival,22:10,WUX Wuxi,ZH9830,Shenzhen Airlines,text,Duration: 2h 35m,,True,2026-02-17T20:04:00.618552
2026-10-15,CAN,arrival,22:15,BKK Bangkok,CZ8024,China Southern,text,Duration: 3h 10m,,True,2026-02-17T20:04:00.618559
2026-10-15,CAN,arrival,22:15,WNZ Wenzhou,CZ3810,China Southern,text,Duration: 2h 15m,,True,2026-02-17T20:04:00.618569
2026-10-15,CAN,arrival,22:15,SHE Shenyang,ZH9656,Shenzhen Airlines,text,Duration: 4h 30m,,True,2026-02-17T20:04:00.618575
2026-10-15,CAN,arrival,22:20,PEK Beijing,CA1379,Air China,text,Duration: 3h 20m,,True,2026-02-17T20:04:00.618583
2026-10-15,CAN,arrival,22:20,SHA Shanghai,CA1830,Air China,text,Duration: 2h 25m,,True,2026-02-17T20:04:00.618589
2026-10-15,CAN,arrival,22:20,NGB Ningbo,HU7234,Hainan Airlines,text,Duration: 2h 20m,,True,2026-02-17T20:04:00.618596
2026-10-15,CAN,arrival,22:20,TFU Chengdu,HU7352,Hainan Airlines,text,Duration: 2h 20m,,True,2026-02-17T20:04:00.618604
2026-10-15,CAN,arrival,22:20,LUM Mangshi,OQ2026,Chongqing Airlines,text,Duration: 2h 35m,,True,2026-02-17T20:04:00.618612
2026-10-15,CAN,arrival,22:25,CKG Chongqing,CA4353,Air China,text,Duration: 2h 20m,,True,2026-02-17T20:04:00.618620
2026-10-15,CAN,arrival,22:25,DLC Dalian,CZ3603,China Southern,text,Duration: 3h 55m,,True,2026-02-17T20:04:00.618627
2026-10-15,CAN,arrival,22:25,HAK Haikou,CZ6787,China Southern,text,Duration: 1h 25m,,True,2026-02-17T20:04:00.618633
2026-10-15,CAN,arrival,22:25,KUL Kuala Lumpur,CZ8302,China Southern,text,Duration: 4h 25m,,True,2026-02-17T20:04:00.618640
2026-10-15,CAN,arrival,22:25,SHA Shanghai,CZ3504,China Southern,text,Duration: 2h 25m,,True,2026-02-17T20:04:00.618647
2026-10-15,CAN,arrival,22:30,CGO Zhengzhou,CZ6594,China Southern,text,Duration: 2h 30m,,True,2026-02-17T20:04:00.618654
2026-10-15,CAN,arrival,22:30,FUG Fuyang,CZ3932,China Southern,text,Duration: 2h 20m,,True,2026-02-17T20:04:00.618660
2026-10-15,CAN,arrival,22:30,YIH Yichang,CZ3300,China Southern,text,Duration: 1h 50m,,True,2026-02-17T20:04:00.618667
2026-10-15,CAN,arrival,22:30,HRB Harbin,ZH9678,Shenzhen Airlines,text,Duration: 5h 5m,,True,2026-02-17T20:04:00.618674
2026-10-15,CAN,arrival,22:35,CNX Chiang Mai,CZ3034,China Southern,text,Duration: 2h 45m,,True,2026-02-17T20:04:00.618680
2026-10-15,CAN,arrival,22:35,LFQ Qiaoli,CZ8928,China Southern,text,Duration: 2h 40m,,True,2026-02-17T20:04:00.618687
2026-10-15,CAN,arrival,22:35,SHE Shenyang,CZ6339,China Southern,text,Duration: 4h 5m,,True,2026-02-17T20:04:00.618694
2026-10-15,CAN,arrival,22:35,CKG Chongqing,PN6205,West Air (China),text,Duration: 2h 5m,,True,2026-02-17T20:04:00.618701
2026-10-15,CAN,arrival,22:40,PKX Beijing,CZ3110,China Southern,text,Duration: 3h 10m,,True,2026-02-17T20:04:00.618707
2026-10-15,CAN,arrival,22:45,BKI Kota Kinabalu,CZ8336,China Southern,text,Duration: 3h 25m,,True,2026-02-17T20:04:00.618714
2026-10-15,CAN,arrival,22:45,HAN Hanoi,CZ8178,China Southern,text,Duration: 2h 0m,,True,2026-02-17T20:04:00.618721
2026-10-15,CAN,arrival,22:45,TYN Taiyuan,CZ3696,China Southern,text,Duration: 3h 5m,,True,2026-02-17T20:04:00.618728
2026-10-15,CAN,arrival,22:45,PKX Beijing,MU6309,China Eastern,text,Duration: 3h 15m,,True,2026-02-17T20:04:00.618836
2026-10-15,CAN,arrival,22:50,XFN Xiangyang,CZ3362,China Southern,text,Duration: 2h 0m,,True,2026-02-17T20:04:00.618846
2026-10-15,CAN,arrival,22:50,TFU Chengdu,ZH9444,Shenzhen Airlines,text,Duration: 2h 20m,,True,2026-02-17T20:04:00.618853
2026-10-15,CAN,arrival,22:55,CKG Chongqing,3U8749,Sichuan Airlines,text,Duration: 2h 5m,,True,2026-02-17T20:04:00.618861
2026-10-15,CAN,arrival,22:55,KMG Kunming,3U8205,Sichuan Airlines,text,Duration: 1h 50m,,True,2026-02-17T20:04:00.618870
2026-10-15,CAN,arrival,22:55,YIW Yiwu,CZ3636,China Southern,text,Duration: 2h 5m,,True,2026-02-17T20:04:00.618876
2026-10-15,CAN,arrival,22:55,CGO Zhengzhou,HU7284,Hainan Airlines,text,Duration: 2h 30m,,True,2026-02-17T20:04:00.618883
2026-10-15,CAN,arrival,22:55,PEK Beijing,HU7813,Hainan Airlines,text,Duration: 3h 25m,,True,2026-02-17T20:04:00.618889
2026-10-15,CAN,arrival,22:55,TNA Jinan,HU7210,Hainan Airlines,text,Duration: 2h 55m,,True,2026-02-17T20:04:00.618896
2026-10-15,CAN,arrival,22:55,SHA Shanghai,MU5317,China Eastern,text,Duration: 2h 20m,,True,2026-02-17T20:04:00.618902
2026-10-15,CAN,arrival,23:00,SGN Ho Chi Minh City,9C7348,Spring Airlines,text,Duration: 3h 5m,,True,2026-02-17T20:04:00.618909
2026-10-15,CAN,arrival,23:00,DYG Dayong,CZ3382,China Southern,text,Duration: 1h 40m,,True,2026-02-17T20:04:00.618916
2026-10-15,CAN,arrival,23:00,NKG Nanjing,ZH9872,Shenzhen Airlines,text,Duration: 2h 25m,,True,2026-02-17T20:04:00.618923
2026-10-15,CAN,arrival,23:00,NKG Nanjing,ZH9874,Shenzhen Airlines,text,Duration: 2h 30m,,True,2026-02-17T20:04:00.618929
2026-10-15,CAN,arrival,23:00,NTG Nantong,ZH8694,Shenzhen Airlines,text,Duration: 2h 40m,,True,2026-02-17T20:04:00.618935
2026-10-15,CAN,arrival,23:00,YTY Yangzhou,ZH8910,Shenzhen Airlines,text,Duration: 2h 25m,,True,2026-02-17T20:04:00.618942
2026-10-15,CAN,arrival,23:05,HGH Hangzhou,CZ3830,China Southern,text,Duration: 2h 30m,,True,2026-02-17T20:04:00.618949
2026-10-15,CAN,arrival,23:05,YIC Yichun,HU7202,Hainan Airlines,text,Duration: 1h 40m,,True,2026-02-17T20:04:00.618955
2026-10-15,CAN,arrival,23:05,LHW Lanzhou,OQ2132,Chongqing Airlines,text,Duration: 3h 10m,,True,2026-02-17T20:04:00.618961
2026-10-15,CAN,arrival,23:10,PEK Beijing,CA1385,Air China,text,Duration: 3h 5m,,True,2026-02-17T20:04:00.618967
2026-10-15,CAN,arrival,23:10,BKK Bangkok,CZ364,China Southern,text,Duration: 3h 10m,,True,2026-02-17T20:04:00.618975
2026-10-15,CAN,arrival,23:10,PEN Penang,CZ5048,China Southern,text,Duration: 4h 5m,,True,2026-02-17T20:04:00.618982
2026-10-15,CAN,arrival,23:10,YCU Yuncheng,CZ3922,China Southern,text,Duration: 2h 40m,,True,2026-02-17T20:04:00.618989
2026-10-15,CAN,arrival,23:10,DMK Bangkok,FD530,Thai AirAsia,text,Duration: 3h 5m,,True,2026-02-17T20:04:00.618996
2026-10-15,CAN,arrival,23:15,CKG Chongqing,OQ2325,Chongqing Airlines,text,Duration: 1h 55m,,True,2026-02-17T20:04:00.619002
2026-10-15,CAN,arrival,23:20,BKI Kota Kinabalu,AK1534,AirAsia,text,Duration: 3h 15m,,True,2026-02-17T20:04:00.619009
2026-10-15,CAN,arrival,23:20,BZX Bazhong,CZ8210,China Southern,text,Duration: 2h 10m,,True,2026-02-17T20:04:00.619015
2026-10-15,CAN,arrival,23:20,INC Yinchuan,CZ5702,China Southern,text,Duration: 3h 15m,,True,2026-02-17T20:04:00.619022
2026-10-15,CAN,arrival,23:20,NAO Nanchong,CZ3430,China Southern,text,Duration: 2h 10m,,True,2026-02-17T20:04:00.619029
2026-10-15,CAN,arrival,23:20,WUH Wuhan,CZ6607,China Southern,text,Duration: 1h 50m,,True,2026-02-17T20:04:00.619035
2026-10-15,CAN,arrival,23:20,NKG Nanjing,HU7214,Hainan Airlines,text,Duration: 2h 30m,,True,2026-02-17T20:04:00.619042
2026-10-15,CAN,arrival,23:20,SJW Shijiazhuang,OQ2136,Chongqing Airlines,text,Duration: 3h 20m,,True,2026-02-17T20:04:00.619048
2026-10-15,CAN,arrival,23:25,CGQ Changchun,CZ3605,China Southern,text,Duration: 4h 25m,,True,2026-02-17T20:04:00.619055
2026-10-15,CAN,arrival,23:25,KWE Guiyang,CZ8801,China Southern,text,Duration: 1h 50m,,True,2026-02-17T20:04:00.619061
2026-10-15,CAN,arrival,23:25,NKG Nanjing,CZ3698,China Southern,text,Duration: 2h 20m,,True,2026-02-17T20:04:00.619067
2026-10-15,CAN,arrival,23:25,TFU Chengdu,CZ3476,China Southern,text,Duration: 2h 25m,,True,2026-02-17T20:04:00.619074
2026-10-15,CAN,arrival,23:25,TSN Tianjin,CZ3136,China Southern,text,Duration: 3h 10m,,True,2026-02-17T20:04:00.619080
2026-10-15,CAN,arrival,23:25,HAK Haikou,HU7011,Hainan Airlines,text,Duration: 1h 25m,,True,2026-02-17T20:04:00.619087
2026-10-15,CAN,arrival,23:25,HRB Harbin,JD5166,Capital Airlines,text,Duration: 4h 30m,,True,2026-02-17T20:04:00.619093
2026-10-15,CAN,arrival,23:30,CGO Zhengzhou,CZ3395,China Southern,text,Duration: 2h 25m,,True,2026-02-17T20:04:00.619100
2026-10-15,CAN,arrival,23:30,SHS Shashi,CZ6660,China Southern,text,Duration: 1h 40m,,True,2026-02-17T20:04:00.619106
2026-10-15,CAN,arrival,23:30,TAO Qingdao,CZ3574,China Southern,text,Duration: 3h 15m,,True,2026-02-17T20:04:00.619113
2026-10-15,CAN,arrival,23:35,AQG Anqing,CZ3320,China Southern,text,Duration: 1h 55m,,True,2026-02-17T20:04:00.619119
2026-10-15,CAN,arrival,23:35,KMG Kunming,CZ3500,China Southern,text,Duration: 2h 5m,,True,2026-02-17T20:04:00.619125
2026-10-15,CAN,arrival,23:35,XIY Xian,CZ3204,China Southern,text,Duration: 2h 35m,,True,2026-02-17T20:04:00.619132
2026-10-15,CAN,arrival,23:35,CKG Chongqing,MU6826,China Eastern,text,Duration: 2h 0m,,True,2026-02-17T20:04:00.619139
2026-10-15,CAN,arrival,23:35,JHG Jinghong,OQ2106,Chongqing Airlines,text,Duration: 2h 20m,,True,2026-02-17T20:04:00.619145
2026-10-15,CAN,arrival,23:35,TAO Qingdao,ZH9994,Shenzhen Airlines,text,Duration: 3h 30m,,True,2026-02-17T20:04:00.619151
2026-10-15,CAN,arrival,23:40,WUX Wuxi,ZH9822,Shenzhen Airlines,text,Duration: 2h 25m,,True,2026-02-17T20:04:00.619158
2026-10-15,CAN,arrival,23:45,DLC Dalian,CZ6486,China Southern,text,Duration: 3h 45m,,True,2026-02-17T20:04:00.619165
2026-10-15,CAN,arrival,23:45,SHE Shenyang,CZ6331,China Southern,text,Duration: 4h 30m,,True,2026-02-17T20:04:00.619278
2026-10-15,CAN,arrival,23:45,URC Urumqi,CZ6887,China Southern,text,Duration: 5h 5m,,True,2026-02-17T20:04:00.619289
2026-10-15,CAN,arrival,23:45,WUX Wuxi,CZ3918,China Southern,text,Duration: 2h 20m,,True,2026-02-17T20:04:00.619297
2026-10-15,CAN,arrival,23:45,YNZ Yancheng,CZ8216,China Southern,text,Duration: 2h 35m,,True,2026-02-17T20:04:00.619303
2026-10-15,CAN,arrival,23:45,SYX Sanya,HU7309,Hainan Airlines,text,Duration: 1h 45m,,True,2026-02-17T20:04:00.619310
2026-10-15,CAN,arrival,23:45,HGH Hangzhou,ZH9984,Shenzhen Airlines,text,Duration: 2h 20m,,True,2026-02-17T20:04:00.619317
2026-10-15,CAN,arrival,23:50,NGB Ningbo,9C7750,Spring Airlines,text,Duration: 2h 25m,,True,2026-02-17T20:04:00.619324
2026-10-15,CAN,arrival,23:50,HGH Hangzhou,CZ3802,China Southern,text,Duration: 2h 15m,,True,2026-02-17T20:04:00.619330
2026-10-15,CAN,arrival,23:50,TYN Taiyuan,CZ3952,China Southern,text,Duration: 2h 55m,,True,2026-02-17T20:04:00.619337
2026-10-15,CAN,arrival,23:50,XNN Xining,CZ6242,China Southern,text,Duration: 3h 20m,,True,2026-02-17T20:04:00.619343
2026-10-15,CAN,arrival,23:50,YNT Yantai,CZ8778,China Southern,text,Duration: 3h 25m,,True,2026-02-17T20:04:00.619349
2026-10-15,CAN,arrival,23:55,CGD Changde,CZ3248,China Southern,text,Duration: 1h 25m,,True,2026-02-17T20:04:00.619385
2026-10-15,CAN,arrival,23:55,SYX Sanya,CZ6737,China Southern,text,Duration: 1h 40m,,True,2026-02-17T20:04:00.619392
2026-10-15,CAN,arrival,23:55,TNA Jinan,CZ3708,China Southern,text,Duration: 2h 45m,,True,2026-02-17T20:04:00.619398
2026-10-15,CAN,arrival,23:55,PEK Beijing,HU7815,Hainan Airlines,text,Duration: 3h 25m,,True,2026-02-17T20:04:00.619405
2026-10-15,CAN,arrival,23:55,ICN Seoul,OZ355,Asiana,text,Duration: 3h 55m,,True,2026-02-17T20:04:00.619412
2026-10-15,CAN,arrival,23:55,WNZ Wenzhou,ZH9964,Shenzhen Airlines,text,Duration: 2h 0m,,True,2026-02-17T20:04:00.619418
