date,airport,direction,time,destination,flight,airline,airline_source,duration,aircraft,page_date_verified,scraped_at
2026-10-27,CKG,departure,01:10,DOH Doha,QR881,Qatar Airways,text,Duration: 9h 0m,,True,2026-02-19T11:44:50.539212
2026-10-27,CKG,departure,02:10,DMK Bangkok,SL931,Thai Lion Air,text,Duration: 3h 10m,,True,2026-02-19T11:44:50.539225
2026-10-27,CKG,departure,02:30,CDG Paris,HU717,Hainan Airlines,text,Duration: 12h 25m,,True,2026-02-19T11:44:50.539233
2026-10-27,CKG,departure,02:40,MXP Milan,HU427,Hainan Airlines,text,Duration: 12h 15m,,True,2026-02-19T11:44:50.539240
2026-10-27,CKG,departure,05:40,PVG Shanghai,9C6108,Spring Airlines,text,Duration: 2h 25m,,True,2026-02-19T11:44:50.539247
2026-10-27,CKG,departure,06:05,NKG Nanjing,PN6259,West Air (China),text,Duration: 2h 15m,,True,2026-02-19T11:44:50.539254
2026-10-27,CKG,departure,06:20,TNA Jinan,PN6327,West Air (China),text,Duration: 2h 5m,,True,2026-02-19T11:44:50.539260
2026-10-27,CKG,departure,06:25,BPX Bangda,PN6215,West Air (China),text,Duration: 2h 5m,,True,2026-02-19T11:44:50.539267
2026-10-27,CKG,departure,06:25,RKZ Shigatse,TV9761,Tibet Airlines,text,Duration: 3h 10m,,True,2026-02-19T11:44:50.539273
2026-10-27,CKG,departure,06:25,SHA Shanghai,MU5422,China Eastern,text,Duration: 2h 20m,,True,2026-02-19T11:44:50.539280
2026-10-27,CKG,departure,06:30,CGO Zhengzhou,PN6273,West Air (China),text,Duration: 1h 50m,,True,2026-02-19T11:44:50.539465
2026-10-27,CKG,departure,06:35,DLU Dali City,TV9809,Tibet Airlines,text,Duration: 1h 55m,,True,2026-02-19T11:44:50.539484
2026-10-27,CKG,departure,06:35,KMG Kunming,MU5449,China Eastern,text,Duration: 1h 50m,,True,2026-02-19T11:44:50.539493
2026-10-27,CKG,departure,06:35,LLV Luliang,G52913,Gestair,text,Duration: 1h 40m,,True,2026-02-19T11:44:50.539507
2026-10-27,CKG,departure,06:35,LZH Liuzhou,G54769,Gestair,text,Duration: 1h 40m,,True,2026-02-19T11:44:50.539518
2026-10-27,CKG,departure,06:35,SJW Shijiazhuang,PN6349,West Air (China),text,Duration: 2h 5m,,True,2026-02-19T11:44:50.539525
2026-10-27,CKG,departure,06:35,SZX Shenzhen,PN6229,West Air (China),text,Duration: 2h 5m,,True,2026-02-19T11:44:50.539531
2026-10-27,CKG,departure,06:40,JIC Jinchang,G52749,Gestair,text,Duration: 2h 20m,,True,2026-02-19T11:44:50.539538
2026-10-27,CKG,departure,06:40,TAO Qingdao,SC4838,Shandong Airlines,text,Duration: 2h 35m,,True,2026-02-19T11:44:50.539544
2026-10-27,CKG,departure,06:40,TSN Tianjin,OQ2081,Chongqing Airlines,text,Duration: 3h 0m,,True,2026-02-19T11:44:50.539551
2026-10-27,CKG,departure,06:40,XNN Xining,3U8073,Sichuan Airlines,text,Duration: 2h 10m,,True,2026-02-19T11:44:50.539697
2026-10-27,CKG,departure,06:40,ZAT Zhaotong,G54603,Gestair,text,Duration: 1h 15m,,True,2026-02-19T11:44:50.539710
2026-10-27,CKG,departure,06:45,CZX Changzhou,3U8097,Sichuan Airlines,text,Duration: 2h 0m,,True,2026-02-19T11:44:50.539720
2026-10-27,CKG,departure,06:45,HFE Hefei,PN6415,West Air (China),text,Duration: 1h 50m,,True,2026-02-19T11:44:50.539727
2026-10-27,CKG,departure,06:45,JGN Jiayuguan,G52851,Gestair,text,Duration: 2h 50m,,True,2026-02-19T11:44:50.539734
2026-10-27,CKG,departure,06:45,SYX Sanya,PN6213,West Air (China),text,Duration: 2h 10m,,True,2026-02-19T11:44:50.539741
2026-10-27,CKG,departure,06:45,XUZ Xuzhou,G52807,Gestair,text,Duration: 2h 5m,,True,2026-02-19T11:44:50.539747
2026-10-27,CKG,departure,06:50,BPX Bangda,TV9907,Tibet Airlines,text,Duration: 2h 5m,,True,2026-02-19T11:44:50.539754
2026-10-27,CKG,departure,06:50,HDG Handan,G54301,Gestair,text,Duration: 1h 45m,,True,2026-02-19T11:44:50.539761
2026-10-27,CKG,departure,06:50,TSN Tianjin,3U8013,Sichuan Airlines,text,Duration: 2h 35m,,True,2026-02-19T11:44:50.539767
2026-10-27,CKG,departure,06:50,WUX Wuxi,3U8025,Sichuan Airlines,text,Duration: 2h 10m,,True,2026-02-19T11:44:50.539871
2026-10-27,CKG,departure,06:50,YTY Yangzhou,3U8167,Sichuan Airlines,text,Duration: 2h 0m,,True,2026-02-19T11:44:50.539880
2026-10-27,CKG,departure,06:55,HNY Hengyang,GS7435,Tianjin Airlines,text,Duration: 1h 30m,,True,2026-02-19T11:44:50.539887
2026-10-27,CKG,departure,06:55,HRB Harbin,3U8165,Sichuan Airlines,text,Duration: 3h 50m,,True,2026-02-19T11:44:50.539892
2026-10-27,CKG,departure,06:55,NNG Nanning,3U8137,Sichuan Airlines,text,Duration: 1h 50m,,True,2026-02-19T11:44:50.539898
2026-10-27,CKG,departure,06:55,WNZ Wenzhou,3U8033,Sichuan Airlines,text,Duration: 2h 40m,,True,2026-02-19T11:44:50.539904
2026-10-27,CKG,departure,06:55,XIY Xian,GS7666,Tianjin Airlines,text,Duration: 1h 35m,,True,2026-02-19T11:44:50.539909
2026-10-27,CKG,departure,06:55,YCU Yuncheng,CA4013,Air China,text,Duration: 1h 20m,,True,2026-02-19T11:44:50.539915
2026-10-27,CKG,departure,07:00,CAN Guangzhou,3U8745,Sichuan Airlines,text,Duration: 2h 5m,,True,2026-02-19T11:44:50.539920
2026-10-27,CKG,departure,07:00,CAN Guangzhou,CA4361,Air China,text,Duration: 1h 50m,,True,2026-02-19T11:44:50.539926
2026-10-27,CKG,departure,07:00,CIH Changzhi,G52721,Gestair,text,Duration: 1h 35m,,True,2026-02-19T11:44:50.540027
2026-10-27,CKG,departure,07:00,FOC Fuzhou,3U8103,Sichuan Airlines,text,Duration: 2h 20m,,True,2026-02-19T11:44:50.540035
2026-10-27,CKG,departure,07:00,PEK Beijing,3U8829,Sichuan Airlines,text,Duration: 2h 10m,,True,2026-02-19T11:44:50.540041
2026-10-27,CKG,departure,07:00,SWA Jieyang,OQ2349,Chongqing Airlines,text,Duration: 2h 20m,,True,2026-02-19T11:44:50.540046
2026-10-27,CKG,departure,07:00,SZX Shenzhen,CA4343,Air China,text,Duration: 2h 0m,,True,2026-02-19T11:44:50.540052
2026-10-27,CKG,departure,07:00,TNA Jinan,SC8806,Shandong Airlines,text,Duration: 2h 10m,,True,2026-02-19T11:44:50.540057
2026-10-27,CKG,departure,07:05,AKU Aksu,OQ2007,Chongqing Airlines,text,Duration: 4h 50m,,True,2026-02-19T11:44:50.540062
2026-10-27,CKG,departure,07:10,HGH Hangzhou,3U8081,Sichuan Airlines,text,Duration: 2h 5m,,True,2026-02-19T11:44:50.540067
2026-10-27,CKG,departure,07:10,LHW Lanzhou,G54033,Gestair,text,Duration: 1h 50m,,True,2026-02-19T11:44:50.540073
2026-10-27,CKG,departure,07:10,PVG Shanghai,3U8971,Sichuan Airlines,text,Duration: 2h 20m,,True,2026-02-19T11:44:50.540078
2026-10-27,CKG,departure,07:10,SZX Shenzhen,3U8781,Sichuan Airlines,text,Duration: 2h 5m,,True,2026-02-19T11:44:50.540180
2026-10-27,CKG,departure,07:15,HRB Harbin,CA4011,Air China,text,Duration: 3h 40m,,True,2026-02-19T11:44:50.540187
2026-10-27,CKG,departure,07:15,KHN Nanchang,CA4561,Air China,text,Duration: 1h 45m,,True,2026-02-19T11:44:50.540193
2026-10-27,CKG,departure,07:15,LUM Mangshi,3U8091,Sichuan Airlines,text,Duration: 2h 20m,,True,2026-02-19T11:44:50.540199
2026-10-27,CKG,departure,07:15,LXA Lhasa/Lasa,3U8635,Sichuan Airlines,text,Duration: 3h 5m,,True,2026-02-19T11:44:50.540204
2026-10-27,CKG,departure,07:15,LYG Lianyungang,G52835,Gestair,text,Duration: 2h 15m,,True,2026-02-19T11:44:50.540210
2026-10-27,CKG,departure,07:15,NKG Nanjing,3U8041,Sichuan Airlines,text,Duration: 2h 5m,,True,2026-02-19T11:44:50.540215
2026-10-27,CKG,departure,07:20,HAK Haikou,OQ2341,Chongqing Airlines,text,Duration: 2h 15m,,True,2026-02-19T11:44:50.540220
2026-10-27,CKG,departure,07:20,UCB Ulanqab,G54917,Gestair,text,Duration: 2h 45m,,True,2026-02-19T11:44:50.540225
2026-10-27,CKG,departure,07:25,FOC Fuzhou,CA4571,Air China,text,Duration: 2h 15m,,True,2026-02-19T11:44:50.540230
2026-10-27,CKG,departure,07:25,HAK Haikou,3U8065,Sichuan Airlines,text,Duration: 2h 10m,,True,2026-02-19T11:44:50.540315
2026-10-27,CKG,departure,07:25,LYI Linyi,OQ2363,Chongqing Airlines,text,Duration: 2h 30m,,True,2026-02-19T11:44:50.540322
2026-10-27,CKG,departure,07:25,PVG Shanghai,MU5424,China Eastern,text,Duration: 2h 35m,,True,2026-02-19T11:44:50.540328
2026-10-27,CKG,departure,07:30,CAN Guangzhou,OQ2323,Chongqing Airlines,text,Duration: 2h 0m,,True,2026-02-19T11:44:50.540333
2026-10-27,CKG,departure,07:30,CSX Changsha,GS6587,Tianjin Airlines,text,Duration: 1h 25m,,True,2026-02-19T11:44:50.540339
2026-10-27,CKG,departure,07:30,SHS Shashi,G54753,Gestair,text,Duration: 1h 25m,,True,2026-02-19T11:44:50.540345
2026-10-27,CKG,departure,07:30,SZX Shenzhen,OQ2335,Chongqing Airlines,text,Duration: 2h 10m,,True,2026-02-19T11:44:50.540351
2026-10-27,CKG,departure,07:35,FUG Fuyang,PN6219,West Air (China),text,Duration: 2h 0m,,True,2026-02-19T11:44:50.540357
2026-10-27,CKG,departure,07:50,LZY Nyingchi,TV9869,Tibet Airlines,text,Duration: 2h 20m,,True,2026-02-19T11:44:50.540362
2026-10-27,CKG,departure,07:50,SHE Shenyang,OQ2073,Chongqing Airlines,text,Duration: 3h 0m,,True,2026-02-19T11:44:50.540368
2026-10-27,CKG,departure,07:50,TSN Tianjin,GS7906,Tianjin Airlines,text,Duration: 2h 15m,,True,2026-02-19T11:44:50.540448
2026-10-27,CKG,departure,07:50,XMN Xiamen,MF8414,XiamenAir,text,Duration: 2h 15m,,True,2026-02-19T11:44:50.540454
2026-10-27,CKG,departure,07:55,JHG Jinghong,G54263,Gestair,text,Duration: 2h 15m,,True,2026-02-19T11:44:50.540460
2026-10-27,CKG,departure,07:55,SHA Shanghai,CA4543,Air China,text,Duration: 2h 15m,,True,2026-02-19T11:44:50.540465
2026-10-27,CKG,departure,07:55,SZX Shenzhen,HU7458,Hainan Airlines,text,Duration: 2h 0m,,True,2026-02-19T11:44:50.540471
2026-10-27,CKG,departure,08:00,CGQ Changchun,CA4015,Air China,text,Duration: 3h 35m,,True,2026-02-19T11:44:50.540476
2026-10-27,CKG,departure,08:00,KRL Korla,3U8141,Sichuan Airlines,text,Duration: 4h 20m,,True,2026-02-19T11:44:50.540482
2026-10-27,CKG,departure,08:00,PEK Beijing,CA4131,Air China,text,Duration: 2h 30m,,True,2026-02-19T11:44:50.540489
2026-10-27,CKG,departure,08:00,PKX Beijing,OQ2001,Chongqing Airlines,text,Duration: 2h 35m,,True,2026-02-19T11:44:50.540494
2026-10-27,CKG,departure,08:00,SHE Shenyang,3U8037,Sichuan Airlines,text,Duration: 3h 0m,,True,2026-02-19T11:44:50.540499
2026-10-27,CKG,departure,08:00,SJW Shijiazhuang,NS3240,Hebei Airlines,text,Duration: 2h 5m,,True,2026-02-19T11:44:50.540577
2026-10-27,CKG,departure,08:05,KUL Kuala Lumpur,MF8687,XiamenAir,text,Duration: 4h 45m,,True,2026-02-19T11:44:50.540585
2026-10-27,CKG,departure,08:05,NGB Ningbo,CA4549,Air China,text,Duration: 2h 10m,,True,2026-02-19T11:44:50.540590
2026-10-27,CKG,departure,08:05,XIY Xian,OQ2303,Chongqing Airlines,text,Duration: 1h 45m,,True,2026-02-19T11:44:50.540596
2026-10-27,CKG,departure,08:05,XMN Xiamen,CA4565,Air China,text,Duration: 2h 15m,,True,2026-02-19T11:44:50.540601
2026-10-27,CKG,departure,08:05,ZUH Zhuhai,CA4371,Air China,text,Duration: 1h 55m,,True,2026-02-19T11:44:50.540607
2026-10-27,CKG,departure,08:10,KMG Kunming,OQ2117,Chongqing Airlines,text,Duration: 1h 45m,,True,2026-02-19T11:44:50.540612
2026-10-27,CKG,departure,08:10,WNZ Wenzhou,3U8021,Sichuan Airlines,text,Duration: 2h 10m,,True,2026-02-19T11:44:50.540617
2026-10-27,CKG,departure,08:10,XIC Xichang,G54165,Gestair,text,Duration: 1h 40m,,True,2026-02-19T11:44:50.540622
2026-10-27,CKG,departure,08:15,BKK Bangkok,HU423,Hainan Airlines,text,Duration: 3h 20m,,True,2026-02-19T11:44:50.540627
2026-10-27,CKG,departure,08:15,HGH Hangzhou,GS6581,Tianjin Airlines,text,Duration: 2h 10m,,True,2026-02-19T11:44:50.540704
2026-10-27,CKG,departure,08:15,LXA Lhasa/Lasa,3U8633,Sichuan Airlines,text,Duration: 3h 5m,,True,2026-02-19T11:44:50.540711
2026-10-27,CKG,departure,08:15,NNG Nanning,ZH9382,Shenzhen Airlines,text,Duration: 1h 40m,,True,2026-02-19T11:44:50.540717
2026-10-27,CKG,departure,08:15,PKX Beijing,MF8454,XiamenAir,text,Duration: 2h 25m,,True,2026-02-19T11:44:50.540723
2026-10-27,CKG,departure,08:15,SZX Shenzhen,ZH9470,Shenzhen Airlines,text,Duration: 2h 20m,,True,2026-02-19T11:44:50.540728
2026-10-27,CKG,departure,08:15,TAO Qingdao,SC4842,Shandong Airlines,text,Duration: 2h 25m,,True,2026-02-19T11:44:50.540733
2026-10-27,CKG,departure,08:15,TYN Taiyuan,SC2267,Shandong Airlines,text,Duration: 1h 45m,,True,2026-02-19T11:44:50.540739
2026-10-27,CKG,departure,08:20,KIX Osaka,MF8653,XiamenAir,text,Duration: 3h 25m,,True,2026-02-19T11:44:50.540744
2026-10-27,CKG,departure,08:20,PVG Shanghai,OQ2307,Chongqing Airlines,text,Duration: 2h 30m,,True,2026-02-19T11:44:50.540749
2026-10-27,CKG,departure,08:20,XMN Xiamen,SC2142,Shandong Airlines,text,Duration: 2h 5m,,True,2026-02-19T11:44:50.540754
2026-10-27,CKG,departure,08:25,BHY Beihai,3U8121,Sichuan Airlines,text,Duration: 1h 50m,,True,2026-02-19T11:44:50.540832
2026-10-27,CKG,departure,08:25,CAN Guangzhou,OQ2305,Chongqing Airlines,text,Duration: 2h 10m,,True,2026-02-19T11:44:50.540838
2026-10-27,CKG,departure,08:25,HGH Hangzhou,OQ2379,Chongqing Airlines,text,Duration: 2h 10m,,True,2026-02-19T11:44:50.540844
2026-10-27,CKG,departure,08:25,JJN Jinjiang,MF8612,XiamenAir,text,Duration: 2h 25m,,True,2026-02-19T11:44:50.540849
2026-10-27,CKG,departure,08:30,SYX Sanya,HU7340,Hainan Airlines,text,Duration: 2h 20m,,True,2026-02-19T11:44:50.540854
2026-10-27,CKG,departure,08:30,TNA Jinan,SC8810,Shandong Airlines,text,Duration: 2h 10m,,True,2026-02-19T11:44:50.540859
2026-10-27,CKG,departure,08:30,WNZ Wenzhou,HU7471,Hainan Airlines,text,Duration: 2h 35m,,True,2026-02-19T11:44:50.540865
2026-10-27,CKG,departure,08:35,SIN Singapore,OQ2095,Chongqing Airlines,text,Duration: 4h 50m,,True,2026-02-19T11:44:50.540870
2026-10-27,CKG,departure,08:40,CGQ Changchun,MF8037,XiamenAir,text,Duration: 3h 50m,,True,2026-02-19T11:44:50.540876
2026-10-27,CKG,departure,08:40,HGH Hangzhou,CA4553,Air China,text,Duration: 2h 10m,,True,2026-02-19T11:44:50.540882
2026-10-27,CKG,departure,08:40,HKG Hong Kong,HX497,Hong Kong Airlines,text,Duration: 2h 45m,,True,2026-02-19T11:44:50.540955
2026-10-27,CKG,departure,08:40,KOW Ganzhou,G54921,Gestair,text,Duration: 2h 0m,,True,2026-02-19T11:44:50.540962
2026-10-27,CKG,departure,08:45,URC Urumqi,GS6591,Tianjin Airlines,text,Duration: 4h 15m,,True,2026-02-19T11:44:50.540968
2026-10-27,CKG,departure,08:50,BHY Beihai,3U8123,Sichuan Airlines,text,Duration: 2h 0m,,True,2026-02-19T11:44:50.540973
2026-10-27,CKG,departure,08:50,INC Yinchuan,G54337,Gestair,text,Duration: 1h 55m,,True,2026-02-19T11:44:50.540979
2026-10-27,CKG,departure,08:50,PVG Shanghai,CA4575,Air China,text,Duration: 2h 40m,,True,2026-02-19T11:44:50.540984
2026-10-27,CKG,departure,08:50,YNT Yantai,SC7653,Shandong Airlines,text,Duration: 2h 50m,,True,2026-02-19T11:44:50.540989
2026-10-27,CKG,departure,08:55,HFE Hefei,MU9981,China Eastern,text,Duration: 1h 35m,,True,2026-02-19T11:44:50.540995
2026-10-27,CKG,departure,08:55,LZY Nyingchi,3U8029,Sichuan Airlines,text,Duration: 2h 40m,,True,2026-02-19T11:44:50.541000
2026-10-27,CKG,departure,08:55,URC Urumqi,CA4255,Air China,text,Duration: 4h 0m,,True,2026-02-19T11:44:50.541006
2026-10-27,CKG,departure,08:55,YIC Yichun,PN6479,West Air (China),text,Duration: 1h 35m,,True,2026-02-19T11:44:50.541078
2026-10-27,CKG,departure,09:00,CGO Zhengzhou,CZ6650,China Southern,text,Duration: 1h 40m,,True,2026-02-19T11:44:50.541085
2026-10-27,CKG,departure,09:00,DLU Dali City,OQ2347,Chongqing Airlines,text,Duration: 2h 5m,,True,2026-02-19T11:44:50.541091
2026-10-27,CKG,departure,09:00,PEK Beijing,CA4137,Air China,text,Duration: 2h 25m,,True,2026-02-19T11:44:50.541096
2026-10-27,CKG,departure,09:00,PKX Beijing,CZ8814,China Southern,text,Duration: 2h 30m,,True,2026-02-19T11:44:50.541102
2026-10-27,CKG,departure,09:00,XMN Xiamen,HU7411,Hainan Airlines,text,Duration: 2h 30m,,True,2026-02-19T11:44:50.541107
2026-10-27,CKG,departure,09:05,CGQ Changchun,OQ2077,Chongqing Airlines,text,Duration: 3h 20m,,True,2026-02-19T11:44:50.541113
2026-10-27,CKG,departure,09:05,HGH Hangzhou,MF8474,XiamenAir,text,Duration: 2h 25m,,True,2026-02-19T11:44:50.541118
2026-10-27,CKG,departure,09:05,HIA Huai'an,OQ2035,Chongqing Airlines,text,Duration: 2h 5m,,True,2026-02-19T11:44:50.541123
2026-10-27,CKG,departure,09:05,LJG Lijiang,PN6239,West Air (China),text,Duration: 1h 45m,,True,2026-02-19T11:44:50.541130
2026-10-27,CKG,departure,09:05,WNZ Wenzhou,HU7463,Hainan Airlines,text,Duration: 2h 20m,,True,2026-02-19T11:44:50.541202
2026-10-27,CKG,departure,09:05,ZUH Zhuhai,SC2265,Shandong Airlines,text,Duration: 1h 55m,,True,2026-02-19T11:44:50.541209
2026-10-27,CKG,departure,09:10,HYN Taizhou,OQ2013,Chongqing Airlines,text,Duration: 2h 10m,,True,2026-02-19T11:44:50.541215
2026-10-27,CKG,departure,09:10,NKG Nanjing,OQ2321,Chongqing Airlines,text,Duration: 1h 55m,,True,2026-02-19T11:44:50.541220
2026-10-27,CKG,departure,09:10,TNA Jinan,PN6265,West Air (China),text,Duration: 2h 5m,,True,2026-02-19T11:44:50.541226
2026-10-27,CKG,departure,09:15,TYN Taiyuan,SC2269,Shandong Airlines,text,Duration: 2h 5m,,True,2026-02-19T11:44:50.541231
2026-10-27,CKG,departure,09:20,PVG Shanghai,PN6373,West Air (China),text,Duration: 2h 15m,,True,2026-02-19T11:44:50.541236
2026-10-27,CKG,departure,09:30,CAN Guangzhou,HU7342,Hainan Airlines,text,Duration: 1h 50m,,True,2026-02-19T11:44:50.541242
2026-10-27,CKG,departure,09:35,JHG Jinghong,8L9606,Lucky Air,text,Duration: 2h 10m,,True,2026-02-19T11:44:50.541247
2026-10-27,CKG,departure,09:35,TNA Jinan,SC8812,Shandong Airlines,text,Duration: 2h 30m,,True,2026-02-19T11:44:50.541252
2026-10-27,CKG,departure,09:40,INC Yinchuan,3U8283,Sichuan Airlines,text,Duration: 1h 55m,,True,2026-02-19T11:44:50.541324
2026-10-27,CKG,departure,09:55,HAK Haikou,CA4379,Air China,text,Duration: 2h 20m,,True,2026-02-19T11:44:50.541332
2026-10-27,CKG,departure,09:55,PEK Beijing,CA1450,Air China,text,Duration: 2h 35m,,True,2026-02-19T11:44:50.541337
2026-10-27,CKG,departure,09:55,SVO Moscow,GS7941,Tianjin Airlines,text,Duration: 9h 0m,,True,2026-02-19T11:44:50.541342
2026-10-27,CKG,departure,09:55,SZX Shenzhen,9C8614,Spring Airlines,text,Duration: 2h 15m,,True,2026-02-19T11:44:50.541348
2026-10-27,CKG,departure,09:55,TCZ Tengchong,KY3005,Kunming Airlines,text,Duration: 2h 15m,,True,2026-02-19T11:44:50.541353
2026-10-27,CKG,departure,10:00,JHG Jinghong,PN6403,West Air (China),text,Duration: 2h 0m,,True,2026-02-19T11:44:50.541358
2026-10-27,CKG,departure,10:00,LXA Lhasa/Lasa,CZ3463,China Southern,text,Duration: 2h 40m,,True,2026-02-19T11:44:50.541363
2026-10-27,CKG,departure,10:10,CAN Guangzhou,MU5796,China Eastern,text,Duration: 2h 0m,,True,2026-02-19T11:44:50.541368
2026-10-27,CKG,departure,10:15,SWA Jieyang,PN6385,West Air (China),text,Duration: 2h 20m,,True,2026-02-19T11:44:50.541375
2026-10-27,CKG,departure,10:25,JNG Jining,GX8891,GX Airlines,text,Duration: 2h 15m,,True,2026-02-19T11:44:50.541449
2026-10-27,CKG,departure,10:25,XIY Xian,MU2262,China Eastern,text,Duration: 1h 25m,,True,2026-02-19T11:44:50.541456
2026-10-27,CKG,departure,10:30,BAV Baotou,G54179,Gestair,text,Duration: 2h 10m,,True,2026-02-19T11:44:50.541461
2026-10-27,CKG,departure,10:30,CAN Guangzhou,JD5228,Capital Airlines,text,Duration: 2h 5m,,True,2026-02-19T11:44:50.541467
2026-10-27,CKG,departure,10:30,TSN Tianjin,GS7774,Tianjin Airlines,text,Duration: 2h 25m,,True,2026-02-19T11:44:50.541472
2026-10-27,CKG,departure,10:30,TYN Taiyuan,3U8057,Sichuan Airlines,text,Duration: 1h 50m,,True,2026-02-19T11:44:50.541477
2026-10-27,CKG,departure,10:35,JNH Jiaxing,GJ8783,Loong Air,text,Duration: 2h 40m,,True,2026-02-19T11:44:50.541483
2026-10-27,CKG,departure,10:40,CAN Guangzhou,CA4347,Air China,text,Duration: 2h 10m,,True,2026-02-19T11:44:50.541489
2026-10-27,CKG,departure,10:40,CAN Guangzhou,HU7142,Hainan Airlines,text,Duration: 2h 15m,,True,2026-02-19T11:44:50.541494
2026-10-27,CKG,departure,10:40,TNA Jinan,SC8814,Shandong Airlines,text,Duration: 2h 5m,,True,2026-02-19T11:44:50.541500
2026-10-27,CKG,departure,10:40,WUH Wuhan,CZ6176,China Southern,text,Duration: 1h 35m,,True,2026-02-19T11:44:50.541579
2026-10-27,CKG,departure,10:45,KHN Nanchang,ZH8846,Shenzhen Airlines,text,Duration: 1h 35m,,True,2026-02-19T11:44:50.541588
2026-10-27,CKG,departure,10:45,LZY Nyingchi,3U3181,Sichuan Airlines,text,Duration: 2h 25m,,True,2026-02-19T11:44:50.541595
2026-10-27,CKG,departure,10:45,TYN Taiyuan,DR5311,Ruili Airlines,text,Duration: 2h 15m,,True,2026-02-19T11:44:50.541601
2026-10-27,CKG,departure,10:45,YNT Yantai,3U8173,Sichuan Airlines,text,Duration: 2h 20m,,True,2026-02-19T11:44:50.541607
2026-10-27,CKG,departure,10:50,HFE Hefei,CA4563,Air China,text,Duration: 1h 55m,,True,2026-02-19T11:44:50.541612
2026-10-27,CKG,departure,10:50,LXA Lhasa/Lasa,MF8411,XiamenAir,text,Duration: 3h 5m,,True,2026-02-19T11:44:50.541618
2026-10-27,CKG,departure,10:50,PKX Beijing,CA8652,Air China,text,Duration: 2h 25m,,True,2026-02-19T11:44:50.541623
2026-10-27,CKG,departure,10:50,TNA Jinan,SC8804,Shandong Airlines,text,Duration: 2h 10m,,True,2026-02-19T11:44:50.541629
2026-10-27,CKG,departure,10:50,URC Urumqi,CZ6797,China Southern,text,Duration: 4h 5m,,True,2026-02-19T11:44:50.541634
2026-10-27,CKG,departure,10:50,YTY Yangzhou,9C6196,Spring Airlines,text,Duration: 2h 25m,,True,2026-02-19T11:44:50.541732
2026-10-27,CKG,departure,10:55,FOC Fuzhou,HU7263,Hainan Airlines,text,Duration: 2h 40m,,True,2026-02-19T11:44:50.541740
2026-10-27,CKG,departure,10:55,HGH Hangzhou,CA1760,Air China,text,Duration: 2h 5m,,True,2026-02-19T11:44:50.541746
2026-10-27,CKG,departure,10:55,HGH Hangzhou,JD5692,Capital Airlines,text,Duration: 2h 0m,,True,2026-02-19T11:44:50.541753
2026-10-27,CKG,departure,10:55,SIN Singapore,CA449,Air China,text,Duration: 5h 20m,,True,2026-02-19T11:44:50.541759
2026-10-27,CKG,departure,10:55,SZX Shenzhen,HU7158,Hainan Airlines,text,Duration: 1h 55m,,True,2026-02-19T11:44:50.541764
2026-10-27,CKG,departure,10:55,TAO Qingdao,SC4834,Shandong Airlines,text,Duration: 2h 35m,,True,2026-02-19T11:44:50.541770
2026-10-27,CKG,departure,11:00,XMN Xiamen,SC2136,Shandong Airlines,text,Duration: 2h 20m,,True,2026-02-19T11:44:50.541775
2026-10-27,CKG,departure,11:05,ACX Xingyi,BK2953,OkAir,text,Duration: 1h 35m,,True,2026-02-19T11:44:50.541780
2026-10-27,CKG,departure,11:05,HAK Haikou,HU7172,Hainan Airlines,text,Duration: 2h 15m,,True,2026-02-19T11:44:50.541786
2026-10-27,CKG,departure,11:05,NKG Nanjing,HO1708,Juneyao Airlines,text,Duration: 2h 0m,,True,2026-02-19T11:44:50.541870
2026-10-27,CKG,departure,11:05,XMN Xiamen,MF8404,XiamenAir,text,Duration: 2h 10m,,True,2026-02-19T11:44:50.541878
2026-10-27,CKG,departure,11:15,PKX Beijing,MU6682,China Eastern,text,Duration: 2h 35m,,True,2026-02-19T11:44:50.541884
2026-10-27,CKG,departure,11:20,DMK Bangkok,FD557,Thai AirAsia,text,Duration: 3h 15m,,True,2026-02-19T11:44:50.541890
2026-10-27,CKG,departure,11:20,TAO Qingdao,SC4846,Shandong Airlines,text,Duration: 2h 25m,,True,2026-02-19T11:44:50.541895
2026-10-27,CKG,departure,11:30,PEK Beijing,CA4135,Air China,text,Duration: 2h 25m,,True,2026-02-19T11:44:50.541900
2026-10-27,CKG,departure,11:30,PKX Beijing,CZ8918,China Southern,text,Duration: 2h 30m,,True,2026-02-19T11:44:50.541906
2026-10-27,CKG,departure,11:30,SYX Sanya,HU7350,Hainan Airlines,text,Duration: 2h 25m,,True,2026-02-19T11:44:50.541912
2026-10-27,CKG,departure,11:30,TNA Jinan,SC8808,Shandong Airlines,text,Duration: 2h 0m,,True,2026-02-19T11:44:50.541917
2026-10-27,CKG,departure,11:30,TSN Tianjin,CA2862,Air China,text,Duration: 2h 25m,,True,2026-02-19T11:44:50.541923
2026-10-27,CKG,departure,11:35,HAK Haikou,CZ6314,China Southern,text,Duration: 2h 15m,,True,2026-02-19T11:44:50.541998
2026-10-27,CKG,departure,11:35,PVG Shanghai,CA8544,Air China,text,Duration: 2h 35m,,True,2026-02-19T11:44:50.542006
2026-10-27,CKG,departure,11:35,SHA Shanghai,HO1250,Juneyao Airlines,text,Duration: 2h 15m,,True,2026-02-19T11:44:50.542011
2026-10-27,CKG,departure,11:40,SZX Shenzhen,CZ3466,China Southern,text,Duration: 2h 15m,,True,2026-02-19T11:44:50.542017
2026-10-27,CKG,departure,11:40,WUH Wuhan,CZ5754,China Southern,text,Duration: 1h 30m,,True,2026-02-19T11:44:50.542022
2026-10-27,CKG,departure,11:50,CAN Guangzhou,OQ2317,Chongqing Airlines,text,Duration: 2h 0m,,True,2026-02-19T11:44:50.542027
2026-10-27,CKG,departure,11:50,HKG Hong Kong,CA419,Air China,text,Duration: 2h 35m,,True,2026-02-19T11:44:50.542033
2026-10-27,CKG,departure,11:50,SWA Jieyang,CZ3860,China Southern,text,Duration: 2h 15m,,True,2026-02-19T11:44:50.542039
2026-10-27,CKG,departure,11:50,SZX Shenzhen,ZH9462,Shenzhen Airlines,text,Duration: 2h 10m,,True,2026-02-19T11:44:50.542044
2026-10-27,CKG,departure,11:50,WNZ Wenzhou,CA8304,Air China,text,Duration: 2h 10m,,True,2026-02-19T11:44:50.542049
2026-10-27,CKG,departure,11:55,FOC Fuzhou,MF8462,XiamenAir,text,Duration: 2h 5m,,True,2026-02-19T11:44:50.542123
2026-10-27,CKG,departure,11:55,PEK Beijing,CA1432,Air China,text,Duration: 2h 50m,,True,2026-02-19T11:44:50.542130
2026-10-27,CKG,departure,11:55,YIW Yiwu,CZ3888,China Southern,text,Duration: 2h 10m,,True,2026-02-19T11:44:50.542136
2026-10-27,CKG,departure,12:00,CMB Colombo,OQ2393,Chongqing Airlines,text,Duration: 6h 10m,,True,2026-02-19T11:44:50.542142
2026-10-27,CKG,departure,12:00,HFE Hefei,MU9917,China Eastern,text,Duration: 1h 45m,,True,2026-02-19T11:44:50.542147
2026-10-27,CKG,departure,12:00,PKX Beijing,NS8036,Hebei Airlines,text,Duration: 2h 15m,,True,2026-02-19T11:44:50.542152
2026-10-27,CKG,departure,12:00,WNZ Wenzhou,KN5298,China United Airlines,text,Duration: 2h 20m,,True,2026-02-19T11:44:50.542157
2026-10-27,CKG,departure,12:05,LXA Lhasa/Lasa,PN6568,West Air (China),text,Duration: 3h 0m,,True,2026-02-19T11:44:50.542163
2026-10-27,CKG,departure,12:05,PKX Beijing,JD5756,Capital Airlines,text,Duration: 2h 20m,,True,2026-02-19T11:44:50.542168
2026-10-27,CKG,departure,12:05,WUX Wuxi,ZH9552,Shenzhen Airlines,text,Duration: 2h 10m,,True,2026-02-19T11:44:50.542174
2026-10-27,CKG,departure,12:10,DLC Dalian,CZ6580,China Southern,text,Duration: 2h 50m,,True,2026-02-19T11:44:50.542246
2026-10-27,CKG,departure,12:10,SHA Shanghai,MU5428,China Eastern,text,Duration: 2h 20m,,True,2026-02-19T11:44:50.542254
2026-10-27,CKG,departure,12:15,JHG Jinghong,3U3551,Sichuan Airlines,text,Duration: 2h 10m,,True,2026-02-19T11:44:50.542259
2026-10-27,CKG,departure,12:15,LXA Lhasa/Lasa,EU2738,Chengdu Airlines,text,Duration: 3h 0m,,True,2026-02-19T11:44:50.542264
2026-10-27,CKG,departure,12:15,PEK Beijing,HU7168,Hainan Airlines,text,Duration: 2h 35m,,True,2026-02-19T11:44:50.542270
2026-10-27,CKG,departure,12:15,URC Urumqi,3U3209,Sichuan Airlines,text,Duration: 4h 15m,,True,2026-02-19T11:44:50.542275
2026-10-27,CKG,departure,12:15,ZUH Zhuhai,CZ8286,China Southern,text,Duration: 1h 55m,,True,2026-02-19T11:44:50.542281
2026-10-27,CKG,departure,12:20,SJW Shijiazhuang,PN6335,West Air (China),text,Duration: 2h 0m,,True,2026-02-19T11:44:50.542286
2026-10-27,CKG,departure,12:25,NTG Nantong,ZH8672,Shenzhen Airlines,text,Duration: 2h 20m,,True,2026-02-19T11:44:50.542292
2026-10-27,CKG,departure,12:30,HGH Hangzhou,OQ2389,Chongqing Airlines,text,Duration: 2h 20m,,True,2026-02-19T11:44:50.542297
2026-10-27,CKG,departure,12:40,CGO Zhengzhou,CZ3480,China Southern,text,Duration: 1h 50m,,True,2026-02-19T11:44:50.542370
2026-10-27,CKG,departure,12:40,SHA Shanghai,9C8898,Spring Airlines,text,Duration: 2h 20m,,True,2026-02-19T11:44:50.542377
2026-10-27,CKG,departure,12:45,HET Hohhot,OQ2175,Chongqing Airlines,text,Duration: 2h 30m,,True,2026-02-19T11:44:50.542382
2026-10-27,CKG,departure,12:50,DHH Hami,EU2223,Chengdu Airlines,text,Duration: 4h 10m,,True,2026-02-19T11:44:50.542387
2026-10-27,CKG,departure,12:50,HGH Hangzhou,MF8472,XiamenAir,text,Duration: 2h 10m,,True,2026-02-19T11:44:50.542392
2026-10-27,CKG,departure,12:55,NKG Nanjing,3U8043,Sichuan Airlines,text,Duration: 1h 55m,,True,2026-02-19T11:44:50.542397
2026-10-27,CKG,departure,12:55,PVG Shanghai,9C7298,Spring Airlines,text,Duration: 2h 40m,,True,2026-02-19T11:44:50.542403
2026-10-27,CKG,departure,13:00,LXA Lhasa/Lasa,CA4420,Air China,text,Duration: 2h 55m,,True,2026-02-19T11:44:50.542408
2026-10-27,CKG,departure,13:00,PEK Beijing,3U8831,Sichuan Airlines,text,Duration: 2h 35m,,True,2026-02-19T11:44:50.542413
2026-10-27,CKG,departure,13:05,TNA Jinan,SC8818,Shandong Airlines,text,Duration: 2h 0m,,True,2026-02-19T11:44:50.542418
2026-10-27,CKG,departure,13:05,WNZ Wenzhou,PN6283,West Air (China),text,Duration: 2h 15m,,True,2026-02-19T11:44:50.542491
2026-10-27,CKG,departure,13:10,CAN Guangzhou,CZ3406,China Southern,text,Duration: 2h 10m,,True,2026-02-19T11:44:50.542497
2026-10-27,CKG,departure,13:10,LXA Lhasa/Lasa,TV9719,Tibet Airlines,text,Duration: 3h 10m,,True,2026-02-19T11:44:50.542503
2026-10-27,CKG,departure,13:10,NRT Tokyo,CA433,Air China,text,Duration: 4h 20m,,True,2026-02-19T11:44:50.542510
2026-10-27,CKG,departure,13:10,TYN Taiyuan,MU9834,China Eastern,text,Duration: 1h 50m,,True,2026-02-19T11:44:50.542515
2026-10-27,CKG,departure,13:15,PEK Beijing,CA1430,Air China,text,Duration: 2h 30m,,True,2026-02-19T11:44:50.542521
2026-10-27,CKG,departure,13:15,SZX Shenzhen,3U8783,Sichuan Airlines,text,Duration: 1h 45m,,True,2026-02-19T11:44:50.542526
2026-10-27,CKG,departure,13:20,LXA Lhasa/Lasa,PN6391,West Air (China),text,Duration: 2h 55m,,True,2026-02-19T11:44:50.542532
2026-10-27,CKG,departure,13:20,WUH Wuhan,3U8155,Sichuan Airlines,text,Duration: 1h 30m,,True,2026-02-19T11:44:50.542537
2026-10-27,CKG,departure,13:25,CAN Guangzhou,3U8747,Sichuan Airlines,text,Duration: 2h 5m,,True,2026-02-19T11:44:50.542543
2026-10-27,CKG,departure,13:25,WEF Weifang,G52773,Gestair,text,Duration: 2h 25m,,True,2026-02-19T11:44:50.542615
2026-10-27,CKG,departure,13:30,"JUZ Quzhou, Zhejiang Province",G54683,Gestair,text,Duration: 2h 10m,,True,2026-02-19T11:44:50.542623
2026-10-27,CKG,departure,13:30,KHG Kashi,OQ2009,Chongqing Airlines,text,Duration: 5h 25m,,True,2026-02-19T11:44:50.542628
2026-10-27,CKG,departure,13:30,TNA Jinan,SC8802,Shandong Airlines,text,Duration: 2h 15m,,True,2026-02-19T11:44:50.542633
2026-10-27,CKG,departure,13:40,CGQ Changchun,CZ6364,China Southern,text,Duration: 3h 40m,,True,2026-02-19T11:44:50.542639
2026-10-27,CKG,departure,13:40,SYX Sanya,PN6203,West Air (China),text,Duration: 2h 25m,,True,2026-02-19T11:44:50.542644
2026-10-27,CKG,departure,13:50,DLU Dali City,CA4485,Air China,text,Duration: 1h 50m,,True,2026-02-19T11:44:50.542650
2026-10-27,CKG,departure,13:50,FOC Fuzhou,MF8486,XiamenAir,text,Duration: 2h 20m,,True,2026-02-19T11:44:50.542655
2026-10-27,CKG,departure,13:50,SHA Shanghai,MU9196,China Eastern,text,Duration: 2h 10m,,True,2026-02-19T11:44:50.542660
2026-10-27,CKG,departure,13:50,SHE Shenyang,CZ6404,China Southern,text,Duration: 3h 10m,,True,2026-02-19T11:44:50.542665
2026-10-27,CKG,departure,14:00,CSX Changsha,3U8009,Sichuan Airlines,text,Duration: 1h 25m,,True,2026-02-19T11:44:50.542738
2026-10-27,CKG,departure,14:00,HFE Hefei,3U8197,Sichuan Airlines,text,Duration: 1h 45m,,True,2026-02-19T11:44:50.542745
2026-10-27,CKG,departure,14:00,SZX Shenzhen,OQ2345,Chongqing Airlines,text,Duration: 1h 50m,,True,2026-02-19T11:44:50.542750
2026-10-27,CKG,departure,14:05,CAN Guangzhou,CA4349,Air China,text,Duration: 2h 0m,,True,2026-02-19T11:44:50.542756
2026-10-27,CKG,departure,14:05,DOY Dongying,G54009,Gestair,text,Duration: 2h 20m,,True,2026-02-19T11:44:50.542761
2026-10-27,CKG,departure,14:05,HET Hohhot,G54151,Gestair,text,Duration: 2h 25m,,True,2026-02-19T11:44:50.542766
2026-10-27,CKG,departure,14:05,WUX Wuxi,HO2014,Juneyao Airlines,text,Duration: 2h 20m,,True,2026-02-19T11:44:50.542772
2026-10-27,CKG,departure,14:05,XUZ Xuzhou,G54607,Gestair,text,Duration: 1h 55m,,True,2026-02-19T11:44:50.542777
2026-10-27,CKG,departure,14:05,YIW Yiwu,GY7278,Colorful GuiZhou Airlines,text,Duration: 2h 10m,,True,2026-02-19T11:44:50.542782
2026-10-27,CKG,departure,14:10,HRB Harbin,OQ2327,Chongqing Airlines,text,Duration: 3h 45m,,True,2026-02-19T11:44:50.542787
2026-10-27,CKG,departure,14:10,KHN Nanchang,3U8181,Sichuan Airlines,text,Duration: 1h 40m,,True,2026-02-19T11:44:50.542860
2026-10-27,CKG,departure,14:15,CGO Zhengzhou,3U8159,Sichuan Airlines,text,Duration: 1h 45m,,True,2026-02-19T11:44:50.542867
2026-10-27,CKG,departure,14:15,HZA Heze,GJ8292,Loong Air,text,Duration: 2h 5m,,True,2026-02-19T11:44:50.542873
2026-10-27,CKG,departure,14:15,PEK Beijing,CA4141,Air China,text,Duration: 2h 45m,,True,2026-02-19T11:44:50.542878
2026-10-27,CKG,departure,14:15,XNN Xining,TV9911,Tibet Airlines,text,Duration: 1h 55m,,True,2026-02-19T11:44:50.542883
2026-10-27,CKG,departure,14:20,KMG Kunming,MU5866,China Eastern,text,Duration: 1h 35m,,True,2026-02-19T11:44:50.542889
2026-10-27,CKG,departure,14:25,URC Urumqi,CZ6986,China Southern,text,Duration: 4h 0m,,True,2026-02-19T11:44:50.542895
2026-10-27,CKG,departure,14:25,ZUH Zhuhai,CZ5726,China Southern,text,Duration: 1h 55m,,True,2026-02-19T11:44:50.542900
2026-10-27,CKG,departure,14:30,KRL Korla,OQ2017,Chongqing Airlines,text,Duration: 4h 25m,,True,2026-02-19T11:44:50.542905
2026-10-27,CKG,departure,14:30,LXA Lhasa/Lasa,TV9843,Tibet Airlines,text,Duration: 3h 30m,,True,2026-02-19T11:44:50.542912
2026-10-27,CKG,departure,14:30,XMN Xiamen,HU7425,Hainan Airlines,text,Duration: 2h 20m,,True,2026-02-19T11:44:50.542983
2026-10-27,CKG,departure,14:35,HTN Hotan,CA4253,Air China,text,Duration: 5h 0m,,True,2026-02-19T11:44:50.542990
2026-10-27,CKG,departure,14:45,NGB Ningbo,3U8109,Sichuan Airlines,text,Duration: 2h 10m,,True,2026-02-19T11:44:50.542996
2026-10-27,CKG,departure,14:50,FOC Fuzhou,MF8488,XiamenAir,text,Duration: 2h 20m,,True,2026-02-19T11:44:50.543001
2026-10-27,CKG,departure,14:50,PKX Beijing,MU6684,China Eastern,text,Duration: 2h 40m,,True,2026-02-19T11:44:50.543006
2026-10-27,CKG,departure,14:55,WDS Shiyan,G54487,Gestair,text,Duration: 1h 15m,,True,2026-02-19T11:44:50.543011
2026-10-27,CKG,departure,15:00,HET Hohhot,CA4007,Air China,text,Duration: 2h 20m,,True,2026-02-19T11:44:50.543016
2026-10-27,CKG,departure,15:00,XMN Xiamen,MF8434,XiamenAir,text,Duration: 2h 20m,,True,2026-02-19T11:44:50.543021
2026-10-27,CKG,departure,15:05,CAN Guangzhou,OQ2339,Chongqing Airlines,text,Duration: 2h 5m,,True,2026-02-19T11:44:50.543027
2026-10-27,CKG,departure,15:05,HUZ Huizhou,OQ2343,Chongqing Airlines,text,Duration: 2h 10m,,True,2026-02-19T11:44:50.543032
2026-10-27,CKG,departure,15:05,PVG Shanghai,3U8973,Sichuan Airlines,text,Duration: 2h 25m,,True,2026-02-19T11:44:50.543113
2026-10-27,CKG,departure,15:15,HGH Hangzhou,3U8083,Sichuan Airlines,text,Duration: 2h 10m,,True,2026-02-19T11:44:50.543121
2026-10-27,CKG,departure,15:15,KMG Kunming,3U8284,Sichuan Airlines,text,Duration: 1h 35m,,True,2026-02-19T11:44:50.543127
2026-10-27,CKG,departure,15:15,PEK Beijing,CA4143,Air China,text,Duration: 2h 30m,,True,2026-02-19T11:44:50.543132
2026-10-27,CKG,departure,15:15,PEK Beijing,HU7568,Hainan Airlines,text,Duration: 2h 25m,,True,2026-02-19T11:44:50.543138
2026-10-27,CKG,departure,15:20,INC Yinchuan,HU7271,Hainan Airlines,text,Duration: 2h 0m,,True,2026-02-19T11:44:50.543144
2026-10-27,CKG,departure,15:20,SJW Shijiazhuang,NS3241,Hebei Airlines,text,Duration: 2h 5m,,True,2026-02-19T11:44:50.543149
2026-10-27,CKG,departure,15:20,TAO Qingdao,SC4836,Shandong Airlines,text,Duration: 2h 45m,,True,2026-02-19T11:44:50.543154
2026-10-27,CKG,departure,15:20,TPE Taipei,CA409,Air China,text,Duration: 3h 0m,,True,2026-02-19T11:44:50.543160
2026-10-27,CKG,departure,15:25,KRL Korla,G54005,Gestair,text,Duration: 4h 5m,,True,2026-02-19T11:44:50.543165
2026-10-27,CKG,departure,15:35,DIG Diqing,OQ2147,Chongqing Airlines,text,Duration: 2h 5m,,True,2026-02-19T11:44:50.543255
2026-10-27,CKG,departure,15:35,SZX Shenzhen,CZ3456,China Southern,text,Duration: 2h 20m,,True,2026-02-19T11:44:50.543262
2026-10-27,CKG,departure,15:40,SHA Shanghai,MU5432,China Eastern,text,Duration: 2h 35m,,True,2026-02-19T11:44:50.543268
2026-10-27,CKG,departure,15:45,URC Urumqi,OQ2311,Chongqing Airlines,text,Duration: 4h 10m,,True,2026-02-19T11:44:50.543274
2026-10-27,CKG,departure,15:50,BKK Bangkok,3U3771,Sichuan Airlines,text,Duration: 3h 30m,,True,2026-02-19T11:44:50.543279
2026-10-27,CKG,departure,15:50,LYA Luoyang,QW6054,Qingdao Airlines,text,Duration: 1h 40m,,True,2026-02-19T11:44:50.543284
2026-10-27,CKG,departure,15:50,SZX Shenzhen,ZH9464,Shenzhen Airlines,text,Duration: 2h 15m,,True,2026-02-19T11:44:50.543290
2026-10-27,CKG,departure,15:50,XNN Xining,MF8865,XiamenAir,text,Duration: 1h 55m,,True,2026-02-19T11:44:50.543295
2026-10-27,CKG,departure,15:55,HGH Hangzhou,PN6435,West Air (China),text,Duration: 2h 20m,,True,2026-02-19T11:44:50.543301
2026-10-27,CKG,departure,15:55,WUH Wuhan,CZ8422,China Southern,text,Duration: 1h 30m,,True,2026-02-19T11:44:50.543306
2026-10-27,CKG,departure,16:00,ENY Yan'an,G52907,Gestair,text,Duration: 1h 35m,,True,2026-02-19T11:44:50.543387
2026-10-27,CKG,departure,16:00,SHE Shenyang,HU7101,Hainan Airlines,text,Duration: 3h 5m,,True,2026-02-19T11:44:50.543394
2026-10-27,CKG,departure,16:00,TVS Tangshan,GT1069,Air Guilin,text,Duration: 2h 35m,,True,2026-02-19T11:44:50.543399
2026-10-27,CKG,departure,16:00,XMN Xiamen,3U8087,Sichuan Airlines,text,Duration: 2h 20m,,True,2026-02-19T11:44:50.543405
2026-10-27,CKG,departure,16:05,DLC Dalian,3U8007,Sichuan Airlines,text,Duration: 2h 40m,,True,2026-02-19T11:44:50.543410
2026-10-27,CKG,departure,16:10,SJW Shijiazhuang,OQ2053,Chongqing Airlines,text,Duration: 2h 5m,,True,2026-02-19T11:44:50.543415
2026-10-27,CKG,departure,16:10,ZUH Zhuhai,OQ2385,Chongqing Airlines,text,Duration: 2h 5m,,True,2026-02-19T11:44:50.543421
2026-10-27,CKG,departure,16:15,JGS Ji'An,9C8751,Spring Airlines,text,Duration: 1h 50m,,True,2026-02-19T11:44:50.543426
2026-10-27,CKG,departure,16:15,PEK Beijing,CA1438,Air China,text,Duration: 2h 30m,,True,2026-02-19T11:44:50.543432
2026-10-27,CKG,departure,16:15,TSN Tianjin,CA4001,Air China,text,Duration: 2h 45m,,True,2026-02-19T11:44:50.543439
2026-10-27,CKG,departure,16:15,YCU Yuncheng,MF8785,XiamenAir,text,Duration: 1h 40m,,True,2026-02-19T11:44:50.543512
2026-10-27,CKG,departure,16:20,NGB Ningbo,OQ2315,Chongqing Airlines,text,Duration: 2h 30m,,True,2026-02-19T11:44:50.543519
2026-10-27,CKG,departure,16:25,HAN Hanoi,PN6423,West Air (China),text,Duration: 2h 0m,,True,2026-02-19T11:44:50.543524
2026-10-27,CKG,departure,16:25,KHN Nanchang,ZH8854,Shenzhen Airlines,text,Duration: 1h 40m,,True,2026-02-19T11:44:50.543529
2026-10-27,CKG,departure,16:30,CAN Guangzhou,HU7242,Hainan Airlines,text,Duration: 2h 10m,,True,2026-02-19T11:44:50.543535
2026-10-27,CKG,departure,16:30,SZX Shenzhen,HU7358,Hainan Airlines,text,Duration: 2h 20m,,True,2026-02-19T11:44:50.543540
2026-10-27,CKG,departure,16:35,HAK Haikou,3U8067,Sichuan Airlines,text,Duration: 2h 5m,,True,2026-02-19T11:44:50.543545
2026-10-27,CKG,departure,16:35,HGH Hangzhou,MF8478,XiamenAir,text,Duration: 2h 30m,,True,2026-02-19T11:44:50.543551
2026-10-27,CKG,departure,16:45,HGH Hangzhou,CA4577,Air China,text,Duration: 2h 10m,,True,2026-02-19T11:44:50.543556
2026-10-27,CKG,departure,16:45,HIA Huai'an,8L9817,Lucky Air,text,Duration: 2h 10m,,True,2026-02-19T11:44:50.543561
2026-10-27,CKG,departure,16:45,SWA Jieyang,3U8005,Sichuan Airlines,text,Duration: 2h 10m,,True,2026-02-19T11:44:50.543633
2026-10-27,CKG,departure,16:50,CSX Changsha,CZ3422,China Southern,text,Duration: 1h 40m,,True,2026-02-19T11:44:50.543640
2026-10-27,CKG,departure,16:50,KRL Korla,PN6387,West Air (China),text,Duration: 4h 10m,,True,2026-02-19T11:44:50.543646
2026-10-27,CKG,departure,16:55,FOC Fuzhou,PN6275,West Air (China),text,Duration: 2h 20m,,True,2026-02-19T11:44:50.543651
2026-10-27,CKG,departure,16:55,SHA Shanghai,MF8581,XiamenAir,text,Duration: 2h 10m,,True,2026-02-19T11:44:50.543657
2026-10-27,CKG,departure,16:55,UYN Yulin,GX8881,GX Airlines,text,Duration: 1h 55m,,True,2026-02-19T11:44:50.543662
2026-10-27,CKG,departure,17:00,NGB Ningbo,GJ8398,Loong Air,text,Duration: 2h 20m,,True,2026-02-19T11:44:50.543667
2026-10-27,CKG,departure,17:00,NKG Nanjing,3U8045,Sichuan Airlines,text,Duration: 1h 55m,,True,2026-02-19T11:44:50.543673
2026-10-27,CKG,departure,17:00,SYX Sanya,CA4387,Air China,text,Duration: 2h 20m,,True,2026-02-19T11:44:50.543678
2026-10-27,CKG,departure,17:05,HAK Haikou,HU7372,Hainan Airlines,text,Duration: 2h 10m,,True,2026-02-19T11:44:50.543684
2026-10-27,CKG,departure,17:05,NKG Nanjing,HO1694,Juneyao Airlines,text,Duration: 2h 5m,,True,2026-02-19T11:44:50.543755
2026-10-27,CKG,departure,17:05,PKX Beijing,CA8673,Air China,text,Duration: 2h 45m,,True,2026-02-19T11:44:50.543762
2026-10-27,CKG,departure,17:05,PVG Shanghai,CA4555,Air China,text,Duration: 2h 25m,,True,2026-02-19T11:44:50.543767
2026-10-27,CKG,departure,17:05,TYN Taiyuan,KY3006,Kunming Airlines,text,Duration: 2h 5m,,True,2026-02-19T11:44:50.543773
2026-10-27,CKG,departure,17:05,WUX Wuxi,3U8027,Sichuan Airlines,text,Duration: 2h 20m,,True,2026-02-19T11:44:50.543778
2026-10-27,CKG,departure,17:10,CAN Guangzhou,CZ3464,China Southern,text,Duration: 2h 5m,,True,2026-02-19T11:44:50.543784
2026-10-27,CKG,departure,17:10,SHA Shanghai,MU2550,China Eastern,text,Duration: 2h 15m,,True,2026-02-19T11:44:50.543789
2026-10-27,CKG,departure,17:10,YNT Yantai,QW6032,Qingdao Airlines,text,Duration: 2h 35m,,True,2026-02-19T11:44:50.543794
2026-10-27,CKG,departure,17:15,TAO Qingdao,SC4832,Shandong Airlines,text,Duration: 2h 25m,,True,2026-02-19T11:44:50.543799
2026-10-27,CKG,departure,17:20,HKG Hong Kong,CX929,Cathay Pacific,text,Duration: 2h 25m,,True,2026-02-19T11:44:50.543805
2026-10-27,CKG,departure,17:20,SHE Shenyang,CZ6470,China Southern,text,Duration: 3h 10m,,True,2026-02-19T11:44:50.543880
2026-10-27,CKG,departure,17:20,TSN Tianjin,PN6237,West Air (China),text,Duration: 2h 40m,,True,2026-02-19T11:44:50.543887
2026-10-27,CKG,departure,17:20,WMT Zunyi,G54785,Gestair,text,Duration: 0h 50m,,True,2026-02-19T11:44:50.543892
2026-10-27,CKG,departure,17:25,HGH Hangzhou,3U3182,Sichuan Airlines,text,Duration: 2h 15m,,True,2026-02-19T11:44:50.543897
2026-10-27,CKG,departure,17:25,PKX Beijing,CZ8816,China Southern,text,Duration: 2h 30m,,True,2026-02-19T11:44:50.543902
2026-10-27,CKG,departure,17:25,SHA Shanghai,CA4541,Air China,text,Duration: 2h 15m,,True,2026-02-19T11:44:50.543907
2026-10-27,CKG,departure,17:30,NGB Ningbo,OQ2357,Chongqing Airlines,text,Duration: 2h 20m,,True,2026-02-19T11:44:50.543913
2026-10-27,CKG,departure,17:30,PEK Beijing,CA4147,Air China,text,Duration: 2h 45m,,True,2026-02-19T11:44:50.543919
2026-10-27,CKG,departure,17:30,SZX Shenzhen,CA4345,Air China,text,Duration: 2h 5m,,True,2026-02-19T11:44:50.543925
2026-10-27,CKG,departure,17:30,VTE Vientiane,G52805,Gestair,text,Duration: 2h 35m,,True,2026-02-19T11:44:50.543930
2026-10-27,CKG,departure,17:35,PVG Shanghai,HO1242,Juneyao Airlines,text,Duration: 2h 20m,,True,2026-02-19T11:44:50.544003
2026-10-27,CKG,departure,17:40,CAN Guangzhou,CA4341,Air China,text,Duration: 2h 0m,,True,2026-02-19T11:44:50.544011
2026-10-27,CKG,departure,17:40,MFM Macau,PN6593,West Air (China),text,Duration: 2h 20m,,True,2026-02-19T11:44:50.544016
2026-10-27,CKG,departure,17:45,CGO Zhengzhou,CZ8716,China Southern,text,Duration: 1h 45m,,True,2026-02-19T11:44:50.544022
2026-10-27,CKG,departure,17:55,PVG Shanghai,9C8868,Spring Airlines,text,Duration: 2h 30m,,True,2026-02-19T11:44:50.544028
2026-10-27,CKG,departure,17:55,SYX Sanya,OQ2331,Chongqing Airlines,text,Duration: 2h 40m,,True,2026-02-19T11:44:50.544034
2026-10-27,CKG,departure,17:55,TYN Taiyuan,PN6539,West Air (China),text,Duration: 2h 5m,,True,2026-02-19T11:44:50.544039
2026-10-27,CKG,departure,18:00,CAN Guangzhou,HU7442,Hainan Airlines,text,Duration: 2h 10m,,True,2026-02-19T11:44:50.544045
2026-10-27,CKG,departure,18:05,NKG Nanjing,CA4557,Air China,text,Duration: 1h 45m,,True,2026-02-19T11:44:50.544050
2026-10-27,CKG,departure,18:05,TNA Jinan,3U8053,Sichuan Airlines,text,Duration: 1h 50m,,True,2026-02-19T11:44:50.544055
2026-10-27,CKG,departure,18:05,TNA Jinan,MU5472,China Eastern,text,Duration: 2h 0m,,True,2026-02-19T11:44:50.544141
2026-10-27,CKG,departure,18:10,FOC Fuzhou,3U8105,Sichuan Airlines,text,Duration: 2h 15m,,True,2026-02-19T11:44:50.544148
2026-10-27,CKG,departure,18:10,WHA Wuhu,3U8071,Sichuan Airlines,text,Duration: 2h 5m,,True,2026-02-19T11:44:50.544154
2026-10-27,CKG,departure,18:15,PEK Beijing,CA1440,Air China,text,Duration: 2h 45m,,True,2026-02-19T11:44:50.544159
2026-10-27,CKG,departure,18:15,SZX Shenzhen,MU6611,China Eastern,text,Duration: 1h 50m,,True,2026-02-19T11:44:50.544164
2026-10-27,CKG,departure,18:20,FOC Fuzhou,MF8412,XiamenAir,text,Duration: 2h 15m,,True,2026-02-19T11:44:50.544170
2026-10-27,CKG,departure,18:20,HGH Hangzhou,GJ8692,Loong Air,text,Duration: 2h 10m,,True,2026-02-19T11:44:50.544175
2026-10-27,CKG,departure,18:25,YZY Zhangye,GS7594,Tianjin Airlines,text,Duration: 2h 5m,,True,2026-02-19T11:44:50.544181
2026-10-27,CKG,departure,18:30,FOC Fuzhou,CA4569,Air China,text,Duration: 2h 15m,,True,2026-02-19T11:44:50.544186
2026-10-27,CKG,departure,18:30,HYN Taizhou,G54509,Gestair,text,Duration: 2h 30m,,True,2026-02-19T11:44:50.544192
2026-10-27,CKG,departure,18:30,TNA Jinan,SC8816,Shandong Airlines,text,Duration: 2h 35m,,True,2026-02-19T11:44:50.544277
2026-10-27,CKG,departure,18:40,YNZ Yancheng,MF8777,XiamenAir,text,Duration: 2h 0m,,True,2026-02-19T11:44:50.544284
2026-10-27,CKG,departure,18:45,SHA Shanghai,FM9420,Shanghai Airlines,text,Duration: 2h 25m,,True,2026-02-19T11:44:50.544289
2026-10-27,CKG,departure,18:55,KUL Kuala Lumpur,3U3773,Sichuan Airlines,text,Duration: 4h 45m,,True,2026-02-19T11:44:50.544295
2026-10-27,CKG,departure,18:55,SYX Sanya,3U8061,Sichuan Airlines,text,Duration: 2h 5m,,True,2026-02-19T11:44:50.544300
2026-10-27,CKG,departure,18:55,SZX Shenzhen,MF8389,XiamenAir,text,Duration: 2h 5m,,True,2026-02-19T11:44:50.544306
2026-10-27,CKG,departure,19:00,BKI Kota Kinabalu,OQ2193,Chongqing Airlines,text,Duration: 4h 15m,,True,2026-02-19T11:44:50.544311
2026-10-27,CKG,departure,19:00,NGB Ningbo,MU2396,China Eastern,text,Duration: 2h 10m,,True,2026-02-19T11:44:50.544316
2026-10-27,CKG,departure,19:00,SZX Shenzhen,CZ6562,China Southern,text,Duration: 1h 55m,,True,2026-02-19T11:44:50.544321
2026-10-27,CKG,departure,19:00,WUH Wuhan,CA4381,Air China,text,Duration: 1h 25m,,True,2026-02-19T11:44:50.544327
2026-10-27,CKG,departure,19:05,IQN Qingyang,NS8068,Hebei Airlines,text,Duration: 1h 20m,,True,2026-02-19T11:44:50.544404
2026-10-27,CKG,departure,19:10,KUL Kuala Lumpur,MF8711,XiamenAir,text,Duration: 4h 45m,,True,2026-02-19T11:44:50.544412
2026-10-27,CKG,departure,19:10,PVG Shanghai,PN6437,West Air (China),text,Duration: 2h 10m,,True,2026-02-19T11:44:50.544417
2026-10-27,CKG,departure,19:10,ZHA Zhanjiang,CA4359,Air China,text,Duration: 2h 0m,,True,2026-02-19T11:44:50.544422
2026-10-27,CKG,departure,19:15,LHW Lanzhou,9C6282,Spring Airlines,text,Duration: 2h 10m,,True,2026-02-19T11:44:50.544428
2026-10-27,CKG,departure,19:15,PEK Beijing,CA1412,Air China,text,Duration: 2h 45m,,True,2026-02-19T11:44:50.544433
2026-10-27,CKG,departure,19:20,SWA Jieyang,3U8015,Sichuan Airlines,text,Duration: 2h 0m,,True,2026-02-19T11:44:50.544438
2026-10-27,CKG,departure,19:20,SZX Shenzhen,3U8785,Sichuan Airlines,text,Duration: 2h 5m,,True,2026-02-19T11:44:50.544443
2026-10-27,CKG,departure,19:20,TAO Qingdao,SC4840,Shandong Airlines,text,Duration: 2h 25m,,True,2026-02-19T11:44:50.544449
2026-10-27,CKG,departure,19:25,LHW Lanzhou,3U8019,Sichuan Airlines,text,Duration: 1h 50m,,True,2026-02-19T11:44:50.544454
2026-10-27,CKG,departure,19:25,NKG Nanjing,ZH9592,Shenzhen Airlines,text,Duration: 1h 55m,,True,2026-02-19T11:44:50.544529
2026-10-27,CKG,departure,19:30,KMG Kunming,OQ2119,Chongqing Airlines,text,Duration: 1h 35m,,True,2026-02-19T11:44:50.544535
2026-10-27,CKG,departure,19:30,PEK Beijing,3U8833,Sichuan Airlines,text,Duration: 2h 25m,,True,2026-02-19T11:44:50.544541
2026-10-27,CKG,departure,19:30,PKX Beijing,CZ8818,China Southern,text,Duration: 2h 30m,,True,2026-02-19T11:44:50.544546
2026-10-27,CKG,departure,19:30,XUZ Xuzhou,G54121,Gestair,text,Duration: 2h 0m,,True,2026-02-19T11:44:50.544552
2026-10-27,CKG,departure,19:40,CGO Zhengzhou,CZ6354,China Southern,text,Duration: 1h 50m,,True,2026-02-19T11:44:50.544558
2026-10-27,CKG,departure,19:50,FOC Fuzhou,MF8490,XiamenAir,text,Duration: 2h 5m,,True,2026-02-19T11:44:50.544563
2026-10-27,CKG,departure,19:55,XMN Xiamen,MF8424,XiamenAir,text,Duration: 2h 15m,,True,2026-02-19T11:44:50.544569
2026-10-27,CKG,departure,20:00,AKU Aksu,G54684,Gestair,text,Duration: 4h 30m,,True,2026-02-19T11:44:50.544574
2026-10-27,CKG,departure,20:00,HAK Haikou,HU7472,Hainan Airlines,text,Duration: 1h 50m,,True,2026-02-19T11:44:50.544580
2026-10-27,CKG,departure,20:00,LFQ Qiaoli,G54317,Gestair,text,Duration: 1h 40m,,True,2026-02-19T11:44:50.544653
2026-10-27,CKG,departure,20:00,SHA Shanghai,MU9194,China Eastern,text,Duration: 2h 5m,,True,2026-02-19T11:44:50.544661
2026-10-27,CKG,departure,20:00,WHA Wuhu,GT1118,Air Guilin,text,Duration: 2h 0m,,True,2026-02-19T11:44:50.544667
2026-10-27,CKG,departure,20:00,YIW Yiwu,OQ2391,Chongqing Airlines,text,Duration: 2h 10m,,True,2026-02-19T11:44:50.544673
2026-10-27,CKG,departure,20:05,HAK Haikou,PN6531,West Air (China),text,Duration: 2h 5m,,True,2026-02-19T11:44:50.544679
2026-10-27,CKG,departure,20:05,PKX Beijing,MU6686,China Eastern,text,Duration: 2h 20m,,True,2026-02-19T11:44:50.544684
2026-10-27,CKG,departure,20:05,WNZ Wenzhou,PN6433,West Air (China),text,Duration: 2h 5m,,True,2026-02-19T11:44:50.544690
2026-10-27,CKG,departure,20:10,CAN Guangzhou,3U8749,Sichuan Airlines,text,Duration: 1h 35m,,True,2026-02-19T11:44:50.544695
2026-10-27,CKG,departure,20:10,JHG Jinghong,3U8079,Sichuan Airlines,text,Duration: 2h 15m,,True,2026-02-19T11:44:50.544701
2026-10-27,CKG,departure,20:10,SHA Shanghai,9C8996,Spring Airlines,text,Duration: 2h 30m,,True,2026-02-19T11:44:50.544707
2026-10-27,CKG,departure,20:10,TYN Taiyuan,3U8051,Sichuan Airlines,text,Duration: 1h 40m,,True,2026-02-19T11:44:50.544780
2026-10-27,CKG,departure,20:15,JHG Jinghong,OQ2373,Chongqing Airlines,text,Duration: 1h 55m,,True,2026-02-19T11:44:50.544787
2026-10-27,CKG,departure,20:15,LJG Lijiang,3U8011,Sichuan Airlines,text,Duration: 1h 45m,,True,2026-02-19T11:44:50.544792
2026-10-27,CKG,departure,20:15,PEK Beijing,CA1410,Air China,text,Duration: 2h 30m,,True,2026-02-19T11:44:50.544798
2026-10-27,CKG,departure,20:15,SZX Shenzhen,ZH9466,Shenzhen Airlines,text,Duration: 2h 15m,,True,2026-02-19T11:44:50.544804
2026-10-27,CKG,departure,20:15,WUX Wuxi,ZH9554,Shenzhen Airlines,text,Duration: 2h 10m,,True,2026-02-19T11:44:50.544809
2026-10-27,CKG,departure,20:20,FOC Fuzhou,FU6508,Fuzhou Airline,text,Duration: 2h 35m,,True,2026-02-19T11:44:50.544815
2026-10-27,CKG,departure,20:20,HGH Hangzhou,MF8476,XiamenAir,text,Duration: 2h 15m,,True,2026-02-19T11:44:50.544820
2026-10-27,CKG,departure,20:20,HUZ Huizhou,OQ2137,Chongqing Airlines,text,Duration: 2h 0m,,True,2026-02-19T11:44:50.544825
2026-10-27,CKG,departure,20:30,CAN Guangzhou,PN6205,West Air (China),text,Duration: 2h 5m,,True,2026-02-19T11:44:50.544831
2026-10-27,CKG,departure,20:30,HGH Hangzhou,CA1762,Air China,text,Duration: 2h 30m,,True,2026-02-19T11:44:50.544903
2026-10-27,CKG,departure,20:30,SWA Jieyang,PN6447,West Air (China),text,Duration: 2h 10m,,True,2026-02-19T11:44:50.544910
2026-10-27,CKG,departure,20:30,ZUH Zhuhai,PN6263,West Air (China),text,Duration: 1h 50m,,True,2026-02-19T11:44:50.544915
2026-10-27,CKG,departure,20:35,LUM Mangshi,KY3110,Kunming Airlines,text,Duration: 2h 25m,,True,2026-02-19T11:44:50.544921
2026-10-27,CKG,departure,20:35,PVG Shanghai,FM9426,Shanghai Airlines,text,Duration: 2h 10m,,True,2026-02-19T11:44:50.544926
2026-10-27,CKG,departure,20:45,KTI Phnom Penh,KR964,Cambodia Airways,text,Duration: 3h 40m,,True,2026-02-19T11:44:50.544932
2026-10-27,CKG,departure,20:50,WUH Wuhan,CZ3644,China Southern,text,Duration: 1h 40m,,True,2026-02-19T11:44:50.544937
2026-10-27,CKG,departure,20:55,SHA Shanghai,9C8998,Spring Airlines,text,Duration: 2h 30m,,True,2026-02-19T11:44:50.544943
2026-10-27,CKG,departure,21:00,SGN Ho Chi Minh City,OQ2395,Chongqing Airlines,text,Duration: 3h 40m,,True,2026-02-19T11:44:50.544949
2026-10-27,CKG,departure,21:00,TNA Jinan,3U3552,Sichuan Airlines,text,Duration: 2h 0m,,True,2026-02-19T11:44:50.544954
2026-10-27,CKG,departure,21:05,PKX Beijing,OQ2148,Chongqing Airlines,text,Duration: 2h 30m,,True,2026-02-19T11:44:50.545026
2026-10-27,CKG,departure,21:05,PVG Shanghai,HU7494,Hainan Airlines,text,Duration: 2h 40m,,True,2026-02-19T11:44:50.545032
2026-10-27,CKG,departure,21:05,TNA Jinan,3U8055,Sichuan Airlines,text,Duration: 2h 10m,,True,2026-02-19T11:44:50.545038
2026-10-27,CKG,departure,21:05,YNZ Yancheng,9C7346,Spring Airlines,text,Duration: 2h 0m,,True,2026-02-19T11:44:50.545043
2026-10-27,CKG,departure,21:10,KHN Nanchang,PN6255,West Air (China),text,Duration: 1h 40m,,True,2026-02-19T11:44:50.545049
2026-10-27,CKG,departure,21:10,NNG Nanning,CZ6798,China Southern,text,Duration: 1h 40m,,True,2026-02-19T11:44:50.545054
2026-10-27,CKG,departure,21:10,SZX Shenzhen,CA4367,Air China,text,Duration: 2h 15m,,True,2026-02-19T11:44:50.545060
2026-10-27,CKG,departure,21:10,TAO Qingdao,SC4844,Shandong Airlines,text,Duration: 2h 30m,,True,2026-02-19T11:44:50.545065
2026-10-27,CKG,departure,21:15,BKK Bangkok,OQ2361,Chongqing Airlines,text,Duration: 3h 15m,,True,2026-02-19T11:44:50.545070
2026-10-27,CKG,departure,21:15,CAN Guangzhou,CA4353,Air China,text,Duration: 2h 0m,,True,2026-02-19T11:44:50.545076
2026-10-27,CKG,departure,21:15,CAN Guangzhou,OQ2325,Chongqing Airlines,text,Duration: 2h 0m,,True,2026-02-19T11:44:50.545149
2026-10-27,CKG,departure,21:15,PEK Beijing,CA1436,Air China,text,Duration: 2h 30m,,True,2026-02-19T11:44:50.545155
2026-10-27,CKG,departure,21:15,PVG Shanghai,Y87514,Suparna Airlines,text,Duration: 2h 25m,,True,2026-02-19T11:44:50.545161
2026-10-27,CKG,departure,21:20,KMG Kunming,8L9858,Lucky Air,text,Duration: 1h 35m,,True,2026-02-19T11:44:50.545166
2026-10-27,CKG,departure,21:20,NKG Nanjing,HO1692,Juneyao Airlines,text,Duration: 2h 0m,,True,2026-02-19T11:44:50.545172
2026-10-27,CKG,departure,21:20,TSN Tianjin,MF8621,XiamenAir,text,Duration: 2h 35m,,True,2026-02-19T11:44:50.545178
2026-10-27,CKG,departure,21:25,PKX Beijing,CZ3260,China Southern,text,Duration: 2h 30m,,True,2026-02-19T11:44:50.545183
2026-10-27,CKG,departure,21:30,CSX Changsha,BK2922,OkAir,text,Duration: 1h 35m,,True,2026-02-19T11:44:50.545188
2026-10-27,CKG,departure,21:30,HAK Haikou,HU7272,Hainan Airlines,text,Duration: 2h 35m,,True,2026-02-19T11:44:50.545194
2026-10-27,CKG,departure,21:30,PEK Beijing,HU7268,Hainan Airlines,text,Duration: 2h 25m,,True,2026-02-19T11:44:50.545200
2026-10-27,CKG,departure,21:30,SHA Shanghai,MU5436,China Eastern,text,Duration: 2h 10m,,True,2026-02-19T11:44:50.545272
2026-10-27,CKG,departure,21:40,PVG Shanghai,HO2370,Juneyao Airlines,text,Duration: 2h 15m,,True,2026-02-19T11:44:50.545278
2026-10-27,CKG,departure,21:40,XIY Xian,MU2268,China Eastern,text,Duration: 1h 10m,,True,2026-02-19T11:44:50.545284
2026-10-27,CKG,departure,21:45,SHE Shenyang,CZ5356,China Southern,text,Duration: 3h 5m,,True,2026-02-19T11:44:50.545290
2026-10-27,CKG,departure,21:55,XIY Xian,JD5078,Capital Airlines,text,Duration: 1h 30m,,True,2026-02-19T11:44:50.545295
2026-10-27,CKG,departure,22:00,JJN Jinjiang,MF8866,XiamenAir,text,Duration: 2h 10m,,True,2026-02-19T11:44:50.545301
2026-10-27,CKG,departure,22:10,KHN Nanchang,RY6682,Jiangxi Airlines,text,Duration: 1h 45m,,True,2026-02-19T11:44:50.545307
2026-10-27,CKG,departure,22:10,SZX Shenzhen,CZ5920,China Southern,text,Duration: 2h 20m,,True,2026-02-19T11:44:50.545313
2026-10-27,CKG,departure,22:15,CAN Guangzhou,MU6826,China Eastern,text,Duration: 2h 5m,,True,2026-02-19T11:44:50.545319
2026-10-27,CKG,departure,22:15,HFE Hefei,MU5484,China Eastern,text,Duration: 1h 40m,,True,2026-02-19T11:44:50.545324
2026-10-27,CKG,departure,22:20,SJW Shijiazhuang,9C8994,Spring Airlines,text,Duration: 2h 5m,,True,2026-02-19T11:44:50.545397
2026-10-27,CKG,departure,22:20,SZX Shenzhen,9C8616,Spring Airlines,text,Duration: 2h 5m,,True,2026-02-19T11:44:50.545404
2026-10-27,CKG,departure,22:20,SZX Shenzhen,ZH9468,Shenzhen Airlines,text,Duration: 2h 10m,,True,2026-02-19T11:44:50.545409
2026-10-27,CKG,departure,22:20,ZUH Zhuhai,CZ8260,China Southern,text,Duration: 1h 55m,,True,2026-02-19T11:44:50.545414
2026-10-27,CKG,departure,22:25,HAK Haikou,CZ5132,China Southern,text,Duration: 2h 20m,,True,2026-02-19T11:44:50.545420
2026-10-27,CKG,departure,22:25,KMG Kunming,MU9756,China Eastern,text,Duration: 1h 30m,,True,2026-02-19T11:44:50.545425
2026-10-27,CKG,departure,22:35,CAN Guangzhou,OQ2130,Chongqing Airlines,text,Duration: 1h 50m,,True,2026-02-19T11:44:50.545430
2026-10-27,CKG,departure,22:50,HAK Haikou,EU2737,Chengdu Airlines,text,Duration: 2h 25m,,True,2026-02-19T11:44:50.545436
2026-10-27,CKG,departure,22:50,LUM Mangshi,DR5312,Ruili Airlines,text,Duration: 2h 20m,,True,2026-02-19T11:44:50.545441
2026-10-27,CKG,departure,22:55,WUH Wuhan,MU2540,China Eastern,text,Duration: 1h 25m,,True,2026-02-19T11:44:50.545446
2026-10-27,CKG,departure,23:00,CAN Guangzhou,AQ1102,9 Air,text,Duration: 2h 0m,,True,2026-02-19T11:44:50.545516
2026-10-27,CKG,departure,23:00,SYX Sanya,3U3210,Sichuan Airlines,text,Duration: 2h 20m,,True,2026-02-19T11:44:50.545523
2026-10-27,CKG,departure,23:05,FOC Fuzhou,EU2224,Chengdu Airlines,text,Duration: 1h 50m,,True,2026-02-19T11:44:50.545529
2026-10-27,CKG,departure,23:05,HGH Hangzhou,JD5696,Capital Airlines,text,Duration: 2h 20m,,True,2026-02-19T11:44:50.545534
2026-10-27,CKG,departure,23:05,JJN Jinjiang,PN6301,West Air (China),text,Duration: 2h 25m,,True,2026-02-19T11:44:50.545539
2026-10-27,CKG,departure,23:10,WUH Wuhan,CZ5180,China Southern,text,Duration: 1h 40m,,True,2026-02-19T11:44:50.545545
2026-10-27,CKG,departure,23:15,TAO Qingdao,MU5254,China Eastern,text,Duration: 2h 25m,,True,2026-02-19T11:44:50.545550
2026-10-27,CKG,departure,23:20,HAK Haikou,GS6599,Tianjin Airlines,text,Duration: 1h 50m,,True,2026-02-19T11:44:50.545555
2026-10-27,CKG,departure,23:20,KWL Guilin,GT1070,Air Guilin,text,Duration: 1h 25m,,True,2026-02-19T11:44:50.545561
2026-10-27,CKG,departure,23:25,LJG Lijiang,8L9818,Lucky Air,text,Duration: 1h 40m,,True,2026-02-19T11:44:50.545567
2026-10-27,CKG,departure,23:35,LJG Lijiang,JD5610,Capital Airlines,text,Duration: 1h 45m,,True,2026-02-19T11:44:50.545638
2026-10-27,CKG,arrival,00:05,FOC Fuzhou,3U8106,Sichuan Airlines,text,Duration: 2h 45m,,True,2026-02-19T11:45:03.693937
2026-10-27,CKG,arrival,00:05,WUA Wu Hai,G54279,Gestair,text,Duration: 2h 25m,,True,2026-02-19T11:45:03.693949
2026-10-27,CKG,arrival,00:05,HTN Hotan,OQ2012,Chongqing Airlines,text,Duration: 4h 30m,,True,2026-02-19T11:45:03.693958
2026-10-27,CKG,arrival,00:05,JHG Jinghong,OQ2374,Chongqing Airlines,text,Duration: 2h 10m,,True,2026-02-19T11:45:03.693965
2026-10-27,CKG,arrival,00:05,DLU Dali City,TV9810,Tibet Airlines,text,Duration: 2h 5m,,True,2026-02-19T11:45:03.693972
2026-10-27,CKG,arrival,00:10,LJG Lijiang,3U8012,Sichuan Airlines,text,Duration: 1h 25m,,True,2026-02-19T11:45:03.693978
2026-10-27,CKG,arrival,00:10,SYX Sanya,OQ2332,Chongqing Airlines,text,Duration: 2h 30m,,True,2026-02-19T11:45:03.693985
2026-10-27,CKG,arrival,00:10,TAO Qingdao,SC4845,Shandong Airlines,text,Duration: 3h 0m,,True,2026-02-19T11:45:03.693992
2026-10-27,CKG,arrival,00:10,SYM Pu'er,TV9916,Tibet Airlines,text,Duration: 2h 0m,,True,2026-02-19T11:45:03.693998
2026-10-27,CKG,arrival,00:15,PEK Beijing,3U8834,Sichuan Airlines,text,Duration: 2h 55m,,True,2026-02-19T11:45:03.694005
2026-10-27,CKG,arrival,00:15,SJW Shijiazhuang,G52658,Gestair,text,Duration: 2h 30m,,True,2026-02-19T11:45:03.694162
2026-10-27,CKG,arrival,00:15,HAK Haikou,GS6600,Tianjin Airlines,text,Duration: 2h 5m,,True,2026-02-19T11:45:03.694177
2026-10-27,CKG,arrival,00:15,PVG Shanghai,MU5433,China Eastern,text,Duration: 3h 25m,,True,2026-02-19T11:45:03.694183
2026-10-27,CKG,arrival,00:15,KMG Kunming,OQ2120,Chongqing Airlines,text,Duration: 1h 55m,,True,2026-02-19T11:45:03.694188
2026-10-27,CKG,arrival,00:15,TNA Jinan,SC8801,Shandong Airlines,text,Duration: 2h 45m,,True,2026-02-19T11:45:03.694194
2026-10-27,CKG,arrival,00:20,JUH Chizhou,G52830,Gestair,text,Duration: 2h 25m,,True,2026-02-19T11:45:03.694199
2026-10-27,CKG,arrival,00:20,URC Urumqi,GS6592,Tianjin Airlines,text,Duration: 4h 10m,,True,2026-02-19T11:45:03.694204
2026-10-27,CKG,arrival,00:25,ACX Xingyi,G54680,Gestair,text,Duration: 1h 20m,,True,2026-02-19T11:45:03.694210
2026-10-27,CKG,arrival,00:25,YIN Yining,OQ2020,Chongqing Airlines,text,Duration: 4h 25m,,True,2026-02-19T11:45:03.694215
2026-10-27,CKG,arrival,00:30,XIY Xian,GS7665,Tianjin Airlines,text,Duration: 1h 40m,,True,2026-02-19T11:45:03.694220
2026-10-27,CKG,arrival,00:30,SZX Shenzhen,MF8390,XiamenAir,text,Duration: 2h 25m,,True,2026-02-19T11:45:03.694350
2026-10-27,CKG,arrival,00:30,CAN Guangzhou,OQ2326,Chongqing Airlines,text,Duration: 2h 10m,,True,2026-02-19T11:45:03.694367
2026-10-27,CKG,arrival,00:30,TNA Jinan,SC8817,Shandong Airlines,text,Duration: 2h 35m,,True,2026-02-19T11:45:03.694372
2026-10-27,CKG,arrival,00:35,NRT Tokyo,CA434,Air China,text,Duration: 6h 5m,,True,2026-02-19T11:45:03.694378
2026-10-27,CKG,arrival,00:35,SHE Shenyang,HU7102,Hainan Airlines,text,Duration: 4h 10m,,True,2026-02-19T11:45:03.694383
2026-10-27,CKG,arrival,00:35,TNA Jinan,SC8807,Shandong Airlines,text,Duration: 2h 40m,,True,2026-02-19T11:45:03.694389
2026-10-27,CKG,arrival,00:45,HYN Taizhou,G54510,Gestair,text,Duration: 2h 50m,,True,2026-02-19T11:45:03.694394
2026-10-27,CKG,arrival,00:45,JGN Jiayuguan,G54460,Gestair,text,Duration: 2h 45m,,True,2026-02-19T11:45:03.694400
2026-10-27,CKG,arrival,00:45,CSX Changsha,OQ2030,Chongqing Airlines,text,Duration: 1h 50m,,True,2026-02-19T11:45:03.694405
2026-10-27,CKG,arrival,00:45,HFE Hefei,PN6416,West Air (China),text,Duration: 2h 15m,,True,2026-02-19T11:45:03.694410
2026-10-27,CKG,arrival,00:50,URC Urumqi,OQ2312,Chongqing Airlines,text,Duration: 3h 50m,,True,2026-02-19T11:45:03.694524
2026-10-27,CKG,arrival,00:55,SYX Sanya,3U8062,Sichuan Airlines,text,Duration: 2h 15m,,True,2026-02-19T11:45:03.694531
2026-10-27,CKG,arrival,00:55,SZX Shenzhen,3U8786,Sichuan Airlines,text,Duration: 2h 15m,,True,2026-02-19T11:45:03.694536
2026-10-27,CKG,arrival,00:55,AKU Aksu,CA4276,Air China,text,Duration: 4h 5m,,True,2026-02-19T11:45:03.694541
2026-10-27,CKG,arrival,00:55,KHG Kashi,CA4278,Air China,text,Duration: 4h 35m,,True,2026-02-19T11:45:03.694547
2026-10-27,CKG,arrival,00:55,PEK Beijing,HU7367,Hainan Airlines,text,Duration: 2h 50m,,True,2026-02-19T11:45:03.694552
2026-10-27,CKG,arrival,01:00,JHG Jinghong,3U8080,Sichuan Airlines,text,Duration: 1h 50m,,True,2026-02-19T11:45:03.694557
2026-10-27,CKG,arrival,01:00,KRL Korla,G54006,Gestair,text,Duration: 3h 40m,,True,2026-02-19T11:45:03.694562
2026-10-27,CKG,arrival,01:00,XMN Xiamen,SC2139,Shandong Airlines,text,Duration: 2h 35m,,True,2026-02-19T11:45:03.694567
2026-10-27,CKG,arrival,01:00,NKG Nanjing,ZH9591,Shenzhen Airlines,text,Duration: 2h 25m,,True,2026-02-19T11:45:03.694573
2026-10-27,CKG,arrival,01:05,TYN Taiyuan,3U8052,Sichuan Airlines,text,Duration: 2h 25m,,True,2026-02-19T11:45:03.694658
2026-10-27,CKG,arrival,01:05,XUZ Xuzhou,G54122,Gestair,text,Duration: 2h 40m,,True,2026-02-19T11:45:03.694665
2026-10-27,CKG,arrival,01:05,DMK Bangkok,SL930,Thai Lion Air,text,Duration: 3h 10m,,True,2026-02-19T11:45:03.694670
2026-10-27,CKG,arrival,01:10,HUZ Huizhou,OQ2338,Chongqing Airlines,text,Duration: 2h 15m,,True,2026-02-19T11:45:03.694675
2026-10-27,CKG,arrival,01:10,SJW Shijiazhuang,PN6336,West Air (China),text,Duration: 2h 25m,,True,2026-02-19T11:45:03.694681
2026-10-27,CKG,arrival,01:15,SQD Shangrao,GS6596,Tianjin Airlines,text,Duration: 2h 35m,,True,2026-02-19T11:45:03.694686
2026-10-27,CKG,arrival,01:15,SYD Sydney,GS7944,Tianjin Airlines,text,Duration: 11h 25m,,True,2026-02-19T11:45:03.694691
2026-10-27,CKG,arrival,01:15,KRL Korla,PN6388,West Air (China),text,Duration: 4h 0m,,True,2026-02-19T11:45:03.694696
2026-10-27,CKG,arrival,01:25,PVG Shanghai,PN6438,West Air (China),text,Duration: 2h 55m,,True,2026-02-19T11:45:03.694701
2026-10-27,CKG,arrival,01:30,YIW Yiwu,OQ2392,Chongqing Airlines,text,Duration: 2h 20m,,True,2026-02-19T11:45:03.694706
2026-10-27,CKG,arrival,01:30,HAK Haikou,PN6532,West Air (China),text,Duration: 2h 20m,,True,2026-02-19T11:45:03.694787
2026-10-27,CKG,arrival,01:30,ZUH Zhuhai,PN6264,West Air (China),text,Duration: 2h 20m,,True,2026-02-19T11:45:03.694794
2026-10-27,CKG,arrival,01:35,CGO Zhengzhou,PN6274,West Air (China),text,Duration: 2h 0m,,True,2026-02-19T11:45:03.694800
2026-10-27,CKG,arrival,01:45,KHN Nanchang,PN6256,West Air (China),text,Duration: 2h 5m,,True,2026-02-19T11:45:03.694805
2026-10-27,CKG,arrival,01:55,CAN Guangzhou,PN6206,West Air (China),text,Duration: 2h 15m,,True,2026-02-19T11:45:03.694810
2026-10-27,CKG,arrival,01:55,NKG Nanjing,PN6260,West Air (China),text,Duration: 2h 15m,,True,2026-02-19T11:45:03.694815
2026-10-27,CKG,arrival,01:55,SYX Sanya,PN6214,West Air (China),text,Duration: 2h 30m,,True,2026-02-19T11:45:03.694820
2026-10-27,CKG,arrival,01:55,SZX Shenzhen,PN6230,West Air (China),text,Duration: 2h 20m,,True,2026-02-19T11:45:03.694825
2026-10-27,CKG,arrival,01:55,URC Urumqi,PN6262,West Air (China),text,Duration: 3h 55m,,True,2026-02-19T11:45:03.694830
2026-10-27,CKG,arrival,01:55,WNZ Wenzhou,PN6434,West Air (China),text,Duration: 2h 55m,,True,2026-02-19T11:45:03.694835
2026-10-27,CKG,arrival,02:05,PVG Shanghai,9C6107,Spring Airlines,text,Duration: 3h 5m,,True,2026-02-19T11:45:03.694914
2026-10-27,CKG,arrival,04:50,BRU Brussels,HU470,Hainan Airlines,text,Duration: 9h 40m,,True,2026-02-19T11:45:03.694920
2026-10-27,CKG,arrival,05:00,FCO Rome,HU7992,Hainan Airlines,text,Duration: 9h 35m,,True,2026-02-19T11:45:03.694926
2026-10-27,CKG,arrival,05:00,BKK Bangkok,OQ2362,Chongqing Airlines,text,Duration: 3h 30m,,True,2026-02-19T11:45:03.694931
2026-10-27,CKG,arrival,05:15,HKT Phuket,3U3706,Sichuan Airlines,text,Duration: 3h 45m,,True,2026-02-19T11:45:03.694936
2026-10-27,CKG,arrival,05:15,KUL Kuala Lumpur,3U3774,Sichuan Airlines,text,Duration: 4h 30m,,True,2026-02-19T11:45:03.694943
2026-10-27,CKG,arrival,05:40,SIN Singapore,PN6444,West Air (China),text,Duration: 5h 0m,,True,2026-02-19T11:45:03.694948
2026-10-27,CKG,arrival,06:10,PEN Penang,OQ2196,Chongqing Airlines,text,Duration: 4h 40m,,True,2026-02-19T11:45:03.694954
2026-10-27,CKG,arrival,08:25,KUL Kuala Lumpur,OQ2192,Chongqing Airlines,text,Duration: 4h 55m,,True,2026-02-19T11:45:03.694959
2026-10-27,CKG,arrival,08:30,KMG Kunming,3U8283,Sichuan Airlines,text,Duration: 1h 35m,,True,2026-02-19T11:45:03.694964
2026-10-27,CKG,arrival,08:30,KMG Kunming,8L9857,Lucky Air,text,Duration: 1h 30m,,True,2026-02-19T11:45:03.695041
2026-10-27,CKG,arrival,08:50,SZX Shenzhen,9C8613,Spring Airlines,text,Duration: 2h 15m,,True,2026-02-19T11:45:03.695048
2026-10-27,CKG,arrival,08:50,TYN Taiyuan,KY3005,Kunming Airlines,text,Duration: 2h 0m,,True,2026-02-19T11:45:03.695054
2026-10-27,CKG,arrival,08:55,CAN Guangzhou,CZ3463,China Southern,text,Duration: 2h 20m,,True,2026-02-19T11:45:03.695059
2026-10-27,CKG,arrival,08:55,CAN Guangzhou,MU5795,China Eastern,text,Duration: 2h 20m,,True,2026-02-19T11:45:03.695064
2026-10-27,CKG,arrival,09:10,CAN Guangzhou,3U8750,Sichuan Airlines,text,Duration: 2h 20m,,True,2026-02-19T11:45:03.695070
2026-10-27,CKG,arrival,09:10,XIY Xian,MU2261,China Eastern,text,Duration: 1h 30m,,True,2026-02-19T11:45:03.695075
2026-10-27,CKG,arrival,09:15,CAN Guangzhou,JD5227,Capital Airlines,text,Duration: 2h 20m,,True,2026-02-19T11:45:03.695082
2026-10-27,CKG,arrival,09:20,TSN Tianjin,GS7773,Tianjin Airlines,text,Duration: 2h 55m,,True,2026-02-19T11:45:03.695087
2026-10-27,CKG,arrival,09:20,JNG Jining,GX8892,GX Airlines,text,Duration: 2h 20m,,True,2026-02-19T11:45:03.695092
2026-10-27,CKG,arrival,09:25,BAV Baotou,G54180,Gestair,text,Duration: 2h 10m,,True,2026-02-19T11:45:03.695169
2026-10-27,CKG,arrival,09:30,TNA Jinan,3U8056,Sichuan Airlines,text,Duration: 2h 10m,,True,2026-02-19T11:45:03.695176
2026-10-27,CKG,arrival,09:30,HGH Hangzhou,GJ8691,Loong Air,text,Duration: 2h 55m,,True,2026-02-19T11:45:03.695181
2026-10-27,CKG,arrival,09:35,SZX Shenzhen,CA4368,Air China,text,Duration: 2h 10m,,True,2026-02-19T11:45:03.695187
2026-10-27,CKG,arrival,09:35,WUH Wuhan,CZ6175,China Southern,text,Duration: 1h 45m,,True,2026-02-19T11:45:03.695192
2026-10-27,CKG,arrival,09:35,LUM Mangshi,DR5311,Ruili Airlines,text,Duration: 1h 55m,,True,2026-02-19T11:45:03.695197
2026-10-27,CKG,arrival,09:35,CAN Guangzhou,HU7141,Hainan Airlines,text,Duration: 2h 10m,,True,2026-02-19T11:45:03.695203
2026-10-27,CKG,arrival,09:40,YTY Yangzhou,9C6195,Spring Airlines,text,Duration: 2h 35m,,True,2026-02-19T11:45:03.695208
2026-10-27,CKG,arrival,09:40,PEK Beijing,CA1437,Air China,text,Duration: 2h 40m,,True,2026-02-19T11:45:03.695213
2026-10-27,CKG,arrival,09:40,PKX Beijing,CA8651,Air China,text,Duration: 2h 40m,,True,2026-02-19T11:45:03.695218
2026-10-27,CKG,arrival,09:40,SZX Shenzhen,HU7157,Hainan Airlines,text,Duration: 2h 10m,,True,2026-02-19T11:45:03.695297
2026-10-27,CKG,arrival,09:40,SIN Singapore,PN6568,West Air (China),text,Duration: 5h 0m,,True,2026-02-19T11:45:03.695304
2026-10-27,CKG,arrival,09:40,TNA Jinan,SC8803,Shandong Airlines,text,Duration: 2h 20m,,True,2026-02-19T11:45:03.695309
2026-10-27,CKG,arrival,09:40,KHN Nanchang,ZH8845,Shenzhen Airlines,text,Duration: 2h 15m,,True,2026-02-19T11:45:03.695315
2026-10-27,CKG,arrival,09:45,HGH Hangzhou,3U3181,Sichuan Airlines,text,Duration: 2h 50m,,True,2026-02-19T11:45:03.695321
2026-10-27,CKG,arrival,09:45,CAN Guangzhou,CA4354,Air China,text,Duration: 2h 10m,,True,2026-02-19T11:45:03.695326
2026-10-27,CKG,arrival,09:45,NNG Nanning,CZ6797,China Southern,text,Duration: 1h 45m,,True,2026-02-19T11:45:03.695332
2026-10-27,CKG,arrival,09:45,FOC Fuzhou,MF8411,XiamenAir,text,Duration: 2h 40m,,True,2026-02-19T11:45:03.695337
2026-10-27,CKG,arrival,09:50,HGH Hangzhou,CA1759,Air China,text,Duration: 2h 40m,,True,2026-02-19T11:45:03.695342
2026-10-27,CKG,arrival,09:50,WNZ Wenzhou,CA8303,Air China,text,Duration: 2h 30m,,True,2026-02-19T11:45:03.695348
2026-10-27,CKG,arrival,09:50,HGH Hangzhou,JD5691,Capital Airlines,text,Duration: 2h 40m,,True,2026-02-19T11:45:03.695421
2026-10-27,CKG,arrival,09:50,JJN Jinjiang,MF8611,XiamenAir,text,Duration: 2h 50m,,True,2026-02-19T11:45:03.695428
2026-10-27,CKG,arrival,09:50,TAO Qingdao,SC4831,Shandong Airlines,text,Duration: 2h 40m,,True,2026-02-19T11:45:03.695434
2026-10-27,CKG,arrival,09:50,XMN Xiamen,SC2135,Shandong Airlines,text,Duration: 2h 55m,,True,2026-02-19T11:45:03.695439
2026-10-27,CKG,arrival,09:55,XMN Xiamen,MF8403,XiamenAir,text,Duration: 3h 5m,,True,2026-02-19T11:45:03.695444
2026-10-27,CKG,arrival,09:55,PKX Beijing,MU6681,China Eastern,text,Duration: 2h 35m,,True,2026-02-19T11:45:03.695449
2026-10-27,CKG,arrival,10:00,CSX Changsha,BK2921,OkAir,text,Duration: 1h 50m,,True,2026-02-19T11:45:03.695454
2026-10-27,CKG,arrival,10:20,PKX Beijing,CZ8917,China Southern,text,Duration: 2h 55m,,True,2026-02-19T11:45:03.695459
2026-10-27,CKG,arrival,10:20,DMK Bangkok,FD556,Thai AirAsia,text,Duration: 3h 5m,,True,2026-02-19T11:45:03.695464
2026-10-27,CKG,arrival,10:20,PKX Beijing,JD5755,Capital Airlines,text,Duration: 2h 45m,,True,2026-02-19T11:45:03.695470
2026-10-27,CKG,arrival,10:25,PVG Shanghai,CA8543,Air China,text,Duration: 3h 25m,,True,2026-02-19T11:45:03.695542
2026-10-27,CKG,arrival,10:25,TSN Tianjin,CA2861,Air China,text,Duration: 3h 0m,,True,2026-02-19T11:45:03.695548
2026-10-27,CKG,arrival,10:25,WUH Wuhan,CZ5753,China Southern,text,Duration: 1h 55m,,True,2026-02-19T11:45:03.695553
2026-10-27,CKG,arrival,10:25,SYX Sanya,HU7349,Hainan Airlines,text,Duration: 2h 35m,,True,2026-02-19T11:45:03.695558
2026-10-27,CKG,arrival,10:30,HAK Haikou,CZ6313,China Southern,text,Duration: 2h 25m,,True,2026-02-19T11:45:03.695564
2026-10-27,CKG,arrival,10:30,PVG Shanghai,HO1249,Juneyao Airlines,text,Duration: 3h 15m,,True,2026-02-19T11:45:03.695569
2026-10-27,CKG,arrival,10:30,HFE Hefei,MU5483,China Eastern,text,Duration: 2h 15m,,True,2026-02-19T11:45:03.695574
2026-10-27,CKG,arrival,10:35,SZX Shenzhen,CZ3465,China Southern,text,Duration: 2h 30m,,True,2026-02-19T11:45:03.695579
2026-10-27,CKG,arrival,10:40,PEK Beijing,CA1431,Air China,text,Duration: 2h 40m,,True,2026-02-19T11:45:03.695584
2026-10-27,CKG,arrival,10:40,YIW Yiwu,CZ3887,China Southern,text,Duration: 2h 40m,,True,2026-02-19T11:45:03.695590
2026-10-27,CKG,arrival,10:40,SJW Shijiazhuang,NS3239,Hebei Airlines,text,Duration: 2h 30m,,True,2026-02-19T11:45:03.695662
2026-10-27,CKG,arrival,10:45,SWA Jieyang,CZ3859,China Southern,text,Duration: 2h 50m,,True,2026-02-19T11:45:03.695668
2026-10-27,CKG,arrival,10:45,WNZ Wenzhou,KN5297,China United Airlines,text,Duration: 2h 55m,,True,2026-02-19T11:45:03.695674
2026-10-27,CKG,arrival,10:45,HYN Taizhou,OQ2014,Chongqing Airlines,text,Duration: 3h 0m,,True,2026-02-19T11:45:03.695679
2026-10-27,CKG,arrival,10:45,SZX Shenzhen,ZH9461,Shenzhen Airlines,text,Duration: 2h 20m,,True,2026-02-19T11:45:03.695684
2026-10-27,CKG,arrival,10:50,FOC Fuzhou,MF8461,XiamenAir,text,Duration: 2h 50m,,True,2026-02-19T11:45:03.695690
2026-10-27,CKG,arrival,10:50,HUZ Huizhou,OQ2344,Chongqing Airlines,text,Duration: 2h 30m,,True,2026-02-19T11:45:03.695695
2026-10-27,CKG,arrival,10:55,DLC Dalian,CZ6579,China Southern,text,Duration: 3h 40m,,True,2026-02-19T11:45:03.695700
2026-10-27,CKG,arrival,10:55,PEK Beijing,HU7167,Hainan Airlines,text,Duration: 2h 55m,,True,2026-02-19T11:45:03.695705
2026-10-27,CKG,arrival,10:55,SHA Shanghai,MU5421,China Eastern,text,Duration: 2h 50m,,True,2026-02-19T11:45:03.695712
2026-10-27,CKG,arrival,11:00,SYX Sanya,3U3209,Sichuan Airlines,text,Duration: 2h 25m,,True,2026-02-19T11:45:03.695782
2026-10-27,CKG,arrival,11:00,WUX Wuxi,ZH9551,Shenzhen Airlines,text,Duration: 2h 40m,,True,2026-02-19T11:45:03.695789
2026-10-27,CKG,arrival,11:05,ZUH Zhuhai,CZ8285,China Southern,text,Duration: 2h 5m,,True,2026-02-19T11:45:03.695794
2026-10-27,CKG,arrival,11:05,BPX Bangda,PN6216,West Air (China),text,Duration: 1h 55m,,True,2026-02-19T11:45:03.695799
2026-10-27,CKG,arrival,11:10,TNA Jinan,3U3551,Sichuan Airlines,text,Duration: 2h 35m,,True,2026-02-19T11:45:03.695805
2026-10-27,CKG,arrival,11:10,HAK Haikou,EU2738,Chengdu Airlines,text,Duration: 2h 5m,,True,2026-02-19T11:45:03.695810
2026-10-27,CKG,arrival,11:10,LJG Lijiang,PN6240,West Air (China),text,Duration: 1h 40m,,True,2026-02-19T11:45:03.695815
2026-10-27,CKG,arrival,11:20,NTG Nantong,ZH8671,Shenzhen Airlines,text,Duration: 2h 50m,,True,2026-02-19T11:45:03.695820
2026-10-27,CKG,arrival,11:25,PKX Beijing,OQ2002,Chongqing Airlines,text,Duration: 3h 0m,,True,2026-02-19T11:45:03.695826
2026-10-27,CKG,arrival,11:30,DXB Dubai,CA452,Air China,text,Duration: 6h 30m,,True,2026-02-19T11:45:03.695831
2026-10-27,CKG,arrival,11:30,CGO Zhengzhou,CZ3479,China Southern,text,Duration: 2h 5m,,True,2026-02-19T11:45:03.695902
2026-10-27,CKG,arrival,11:35,SHA Shanghai,9C8897,Spring Airlines,text,Duration: 3h 5m,,True,2026-02-19T11:45:03.695908
2026-10-27,CKG,arrival,11:45,NNG Nanning,3U8138,Sichuan Airlines,text,Duration: 1h 55m,,True,2026-02-19T11:45:03.695914
2026-10-27,CKG,arrival,11:45,XNN Xining,3U8074,Sichuan Airlines,text,Duration: 2h 5m,,True,2026-02-19T11:45:03.695919
2026-10-27,CKG,arrival,11:45,PVG Shanghai,9C7297,Spring Airlines,text,Duration: 2h 45m,,True,2026-02-19T11:45:03.695924
2026-10-27,CKG,arrival,11:45,FOC Fuzhou,EU2223,Chengdu Airlines,text,Duration: 2h 45m,,True,2026-02-19T11:45:03.695930
2026-10-27,CKG,arrival,11:45,HGH Hangzhou,MF8471,XiamenAir,text,Duration: 2h 45m,,True,2026-02-19T11:45:03.695935
2026-10-27,CKG,arrival,11:50,PEK Beijing,CA1429,Air China,text,Duration: 2h 35m,,True,2026-02-19T11:45:03.695940
2026-10-27,CKG,arrival,11:55,KHN Nanchang,CA4562,Air China,text,Duration: 1h 45m,,True,2026-02-19T11:45:03.695945
2026-10-27,CKG,arrival,11:55,LXA Lhasa/Lasa,CA4419,Air China,text,Duration: 2h 15m,,True,2026-02-19T11:45:03.695951
2026-10-27,CKG,arrival,11:55,CAN Guangzhou,CZ3405,China Southern,text,Duration: 2h 20m,,True,2026-02-19T11:45:03.696022
2026-10-27,CKG,arrival,11:55,BPX Bangda,TV9908,Tibet Airlines,text,Duration: 1h 55m,,True,2026-02-19T11:45:03.696028
2026-10-27,CKG,arrival,12:00,CZX Changzhou,3U8098,Sichuan Airlines,text,Duration: 2h 30m,,True,2026-02-19T11:45:03.696034
2026-10-27,CKG,arrival,12:05,TYN Taiyuan,MU6833,China Eastern,text,Duration: 2h 25m,,True,2026-02-19T11:45:03.696039
2026-10-27,CKG,arrival,12:05,SJW Shijiazhuang,PN6350,West Air (China),text,Duration: 2h 35m,,True,2026-02-19T11:45:03.696044
2026-10-27,CKG,arrival,12:10,CAN Guangzhou,3U8746,Sichuan Airlines,text,Duration: 2h 0m,,True,2026-02-19T11:45:03.696049
2026-10-27,CKG,arrival,12:10,YTY Yangzhou,3U8168,Sichuan Airlines,text,Duration: 2h 30m,,True,2026-02-19T11:45:03.696054
2026-10-27,CKG,arrival,12:15,LUM Mangshi,3U8092,Sichuan Airlines,text,Duration: 1h 55m,,True,2026-02-19T11:45:03.696059
2026-10-27,CKG,arrival,12:15,XUZ Xuzhou,G52808,Gestair,text,Duration: 2h 40m,,True,2026-02-19T11:45:03.696064
2026-10-27,CKG,arrival,12:20,AKU Aksu,G54683,Gestair,text,Duration: 4h 10m,,True,2026-02-19T11:45:03.696070
2026-10-27,CKG,arrival,12:25,CAN Guangzhou,CA4362,Air China,text,Duration: 2h 30m,,True,2026-02-19T11:45:03.696140
2026-10-27,CKG,arrival,12:25,XIY Xian,OQ2304,Chongqing Airlines,text,Duration: 1h 30m,,True,2026-02-19T11:45:03.696147
2026-10-27,CKG,arrival,12:25,TNA Jinan,SC8805,Shandong Airlines,text,Duration: 2h 25m,,True,2026-02-19T11:45:03.696152
2026-10-27,CKG,arrival,12:30,SZX Shenzhen,CA4344,Air China,text,Duration: 2h 20m,,True,2026-02-19T11:45:03.696157
2026-10-27,CKG,arrival,12:35,CGQ Changchun,CZ6363,China Southern,text,Duration: 4h 25m,,True,2026-02-19T11:45:03.696163
2026-10-27,CKG,arrival,12:35,SHA Shanghai,MU9195,China Eastern,text,Duration: 3h 0m,,True,2026-02-19T11:45:03.696168
2026-10-27,CKG,arrival,12:35,KMG Kunming,OQ2118,Chongqing Airlines,text,Duration: 1h 35m,,True,2026-02-19T11:45:03.696173
2026-10-27,CKG,arrival,12:40,NKG Nanjing,3U8042,Sichuan Airlines,text,Duration: 2h 15m,,True,2026-02-19T11:45:03.696178
2026-10-27,CKG,arrival,12:40,FOC Fuzhou,MF8485,XiamenAir,text,Duration: 2h 45m,,True,2026-02-19T11:45:03.696183
2026-10-27,CKG,arrival,12:45,WNZ Wenzhou,3U8034,Sichuan Airlines,text,Duration: 2h 20m,,True,2026-02-19T11:45:03.696188
2026-10-27,CKG,arrival,12:45,SHE Shenyang,CZ6403,China Southern,text,Duration: 4h 15m,,True,2026-02-19T11:45:03.696258
2026-10-27,CKG,arrival,12:50,HAK Haikou,OQ2342,Chongqing Airlines,text,Duration: 2h 15m,,True,2026-02-19T11:45:03.696264
2026-10-27,CKG,arrival,12:50,LZY Nyingchi,TV9870,Tibet Airlines,text,Duration: 2h 0m,,True,2026-02-19T11:45:03.696269
2026-10-27,CKG,arrival,12:55,BHY Beihai,3U8122,Sichuan Airlines,text,Duration: 1h 55m,,True,2026-02-19T11:45:03.696275
2026-10-27,CKG,arrival,12:55,FOC Fuzhou,3U8104,Sichuan Airlines,text,Duration: 2h 45m,,True,2026-02-19T11:45:03.696280
2026-10-27,CKG,arrival,12:55,HAK Haikou,3U8066,Sichuan Airlines,text,Duration: 2h 15m,,True,2026-02-19T11:45:03.696286
2026-10-27,CKG,arrival,12:55,SZX Shenzhen,3U8782,Sichuan Airlines,text,Duration: 2h 15m,,True,2026-02-19T11:45:03.696291
2026-10-27,CKG,arrival,13:00,KOW Ganzhou,G54922,Gestair,text,Duration: 2h 15m,,True,2026-02-19T11:45:03.696296
2026-10-27,CKG,arrival,13:00,LYG Lianyungang,G52836,Gestair,text,Duration: 2h 45m,,True,2026-02-19T11:45:03.696302
2026-10-27,CKG,arrival,13:00,YIW Yiwu,GY7277,Colorful GuiZhou Airlines,text,Duration: 2h 40m,,True,2026-02-19T11:45:03.696307
2026-10-27,CKG,arrival,13:00,WUX Wuxi,HO2013,Juneyao Airlines,text,Duration: 2h 30m,,True,2026-02-19T11:45:03.696379
2026-10-27,CKG,arrival,13:05,WUX Wuxi,3U8026,Sichuan Airlines,text,Duration: 2h 50m,,True,2026-02-19T11:45:03.696386
2026-10-27,CKG,arrival,13:05,KMG Kunming,MU5865,China Eastern,text,Duration: 1h 40m,,True,2026-02-19T11:45:03.696392
2026-10-27,CKG,arrival,13:05,RKZ Shigatse,TV9762,Tibet Airlines,text,Duration: 2h 40m,,True,2026-02-19T11:45:03.696397
2026-10-27,CKG,arrival,13:10,PEK Beijing,3U8830,Sichuan Airlines,text,Duration: 2h 45m,,True,2026-02-19T11:45:03.696403
2026-10-27,CKG,arrival,13:10,HZA Heze,GJ8291,Loong Air,text,Duration: 2h 25m,,True,2026-02-19T11:45:03.696408
2026-10-27,CKG,arrival,13:10,SHA Shanghai,MU5425,China Eastern,text,Duration: 3h 10m,,True,2026-02-19T11:45:03.696413
2026-10-27,CKG,arrival,13:20,FOC Fuzhou,CA4572,Air China,text,Duration: 2h 50m,,True,2026-02-19T11:45:03.696419
2026-10-27,CKG,arrival,13:20,URC Urumqi,CZ6985,China Southern,text,Duration: 3h 50m,,True,2026-02-19T11:45:03.696424
2026-10-27,CKG,arrival,13:20,ZUH Zhuhai,CZ5725,China Southern,text,Duration: 2h 20m,,True,2026-02-19T11:45:03.696430
2026-10-27,CKG,arrival,13:25,TSN Tianjin,3U8014,Sichuan Airlines,text,Duration: 3h 0m,,True,2026-02-19T11:45:03.696500
2026-10-27,CKG,arrival,13:25,SZX Shenzhen,HU7457,Hainan Airlines,text,Duration: 2h 25m,,True,2026-02-19T11:45:03.696507
2026-10-27,CKG,arrival,13:25,SZX Shenzhen,OQ2336,Chongqing Airlines,text,Duration: 2h 40m,,True,2026-02-19T11:45:03.696512
2026-10-27,CKG,arrival,13:30,HGH Hangzhou,3U8082,Sichuan Airlines,text,Duration: 2h 55m,,True,2026-02-19T11:45:03.696518
2026-10-27,CKG,arrival,13:30,ZUH Zhuhai,CA4372,Air China,text,Duration: 2h 20m,,True,2026-02-19T11:45:03.696523
2026-10-27,CKG,arrival,13:35,DLU Dali City,OQ2348,Chongqing Airlines,text,Duration: 1h 35m,,True,2026-02-19T11:45:03.696529
2026-10-27,CKG,arrival,13:45,PVG Shanghai,3U8972,Sichuan Airlines,text,Duration: 3h 0m,,True,2026-02-19T11:45:03.696534
2026-10-27,CKG,arrival,13:45,ZAT Zhaotong,G54604,Gestair,text,Duration: 1h 10m,,True,2026-02-19T11:45:03.696540
2026-10-27,CKG,arrival,13:45,FOC Fuzhou,MF8487,XiamenAir,text,Duration: 2h 55m,,True,2026-02-19T11:45:03.696545
2026-10-27,CKG,arrival,13:45,SZX Shenzhen,ZH9463,Shenzhen Airlines,text,Duration: 2h 25m,,True,2026-02-19T11:45:03.696550
2026-10-27,CKG,arrival,13:50,BHY Beihai,3U8124,Sichuan Airlines,text,Duration: 1h 50m,,True,2026-02-19T11:45:03.696621
2026-10-27,CKG,arrival,13:55,PEK Beijing,CA4148,Air China,text,Duration: 3h 0m,,True,2026-02-19T11:45:03.696629
2026-10-27,CKG,arrival,13:55,XMN Xiamen,MF8413,XiamenAir,text,Duration: 2h 45m,,True,2026-02-19T11:45:03.696634
2026-10-27,CKG,arrival,13:55,TSN Tianjin,OQ2082,Chongqing Airlines,text,Duration: 3h 15m,,True,2026-02-19T11:45:03.696639
2026-10-27,CKG,arrival,14:00,NGB Ningbo,CA4550,Air China,text,Duration: 2h 45m,,True,2026-02-19T11:45:03.696645
2026-10-27,CKG,arrival,14:00,IQN Qingyang,NS8067,Hebei Airlines,text,Duration: 1h 40m,,True,2026-02-19T11:45:03.696650
2026-10-27,CKG,arrival,14:00,CAN Guangzhou,OQ2306,Chongqing Airlines,text,Duration: 2h 20m,,True,2026-02-19T11:45:03.696655
2026-10-27,CKG,arrival,14:05,WNZ Wenzhou,3U8022,Sichuan Airlines,text,Duration: 2h 50m,,True,2026-02-19T11:45:03.696660
2026-10-27,CKG,arrival,14:10,INC Yinchuan,3U8284,Sichuan Airlines,text,Duration: 1h 45m,,True,2026-02-19T11:45:03.696666
2026-10-27,CKG,arrival,14:10,SYX Sanya,HU7339,Hainan Airlines,text,Duration: 2h 20m,,True,2026-02-19T11:45:03.696671
2026-10-27,CKG,arrival,14:15,XMN Xiamen,CA4566,Air China,text,Duration: 2h 50m,,True,2026-02-19T11:45:03.696742
2026-10-27,CKG,arrival,14:15,HAK Haikou,HU7271,Hainan Airlines,text,Duration: 2h 15m,,True,2026-02-19T11:45:03.696748
2026-10-27,CKG,arrival,14:15,TAO Qingdao,SC4835,Shandong Airlines,text,Duration: 3h 5m,,True,2026-02-19T11:45:03.696753
2026-10-27,CKG,arrival,14:20,SZX Shenzhen,CZ3455,China Southern,text,Duration: 2h 25m,,True,2026-02-19T11:45:03.696758
2026-10-27,CKG,arrival,14:20,JHG Jinghong,G54264,Gestair,text,Duration: 2h 0m,,True,2026-02-19T11:45:03.696764
2026-10-27,CKG,arrival,14:25,HIA Huai'an,OQ2036,Chongqing Airlines,text,Duration: 2h 30m,,True,2026-02-19T11:45:03.696769
2026-10-27,CKG,arrival,14:35,LZY Nyingchi,3U8030,Sichuan Airlines,text,Duration: 2h 10m,,True,2026-02-19T11:45:03.696774
2026-10-27,CKG,arrival,14:35,PKX Beijing,OQ2147,Chongqing Airlines,text,Duration: 2h 55m,,True,2026-02-19T11:45:03.696779
2026-10-27,CKG,arrival,14:40,SHA Shanghai,CA4544,Air China,text,Duration: 3h 0m,,True,2026-02-19T11:45:03.696784
2026-10-27,CKG,arrival,14:40,HGH Hangzhou,OQ2380,Chongqing Airlines,text,Duration: 3h 0m,,True,2026-02-19T11:45:03.696789
2026-10-27,CKG,arrival,14:40,NKG Nanjing,OQ2322,Chongqing Airlines,text,Duration: 2h 35m,,True,2026-02-19T11:45:03.696860
2026-10-27,CKG,arrival,14:40,TNA Jinan,PN6266,West Air (China),text,Duration: 2h 25m,,True,2026-02-19T11:45:03.696867
2026-10-27,CKG,arrival,14:45,WUH Wuhan,CZ8421,China Southern,text,Duration: 2h 0m,,True,2026-02-19T11:45:03.696872
2026-10-27,CKG,arrival,14:45,JJN Jinjiang,MF8865,XiamenAir,text,Duration: 2h 55m,,True,2026-02-19T11:45:03.696878
2026-10-27,CKG,arrival,14:45,LYA Luoyang,QW6053,Qingdao Airlines,text,Duration: 1h 45m,,True,2026-02-19T11:45:03.696883
2026-10-27,CKG,arrival,14:50,HGH Hangzhou,CA4554,Air China,text,Duration: 2h 55m,,True,2026-02-19T11:45:03.696888
2026-10-27,CKG,arrival,14:50,YCU Yuncheng,MF8786,XiamenAir,text,Duration: 1h 55m,,True,2026-02-19T11:45:03.696894
2026-10-27,CKG,arrival,14:55,KWL Guilin,GT1069,Air Guilin,text,Duration: 1h 30m,,True,2026-02-19T11:45:03.696899
2026-10-27,CKG,arrival,15:00,LXA Lhasa/Lasa,3U8634,Sichuan Airlines,text,Duration: 2h 35m,,True,2026-02-19T11:45:03.696905
2026-10-27,CKG,arrival,15:00,PEK Beijing,CA4132,Air China,text,Duration: 3h 0m,,True,2026-02-19T11:45:03.696910
2026-10-27,CKG,arrival,15:05,LZH Liuzhou,G54770,Gestair,text,Duration: 2h 0m,,True,2026-02-19T11:45:03.696981
2026-10-27,CKG,arrival,15:05,XIC Xichang,G54166,Gestair,text,Duration: 1h 30m,,True,2026-02-19T11:45:03.696988
2026-10-27,CKG,arrival,15:05,CAN Guangzhou,HU7341,Hainan Airlines,text,Duration: 2h 25m,,True,2026-02-19T11:45:03.696993
2026-10-27,CKG,arrival,15:05,PKX Beijing,MF8453,XiamenAir,text,Duration: 2h 45m,,True,2026-02-19T11:45:03.696999
2026-10-27,CKG,arrival,15:10,JGS Ji'An,9C8752,Spring Airlines,text,Duration: 1h 55m,,True,2026-02-19T11:45:03.697005
2026-10-27,CKG,arrival,15:10,KUL Kuala Lumpur,MF8712,XiamenAir,text,Duration: 4h 30m,,True,2026-02-19T11:45:03.697010
2026-10-27,CKG,arrival,15:15,PVG Shanghai,OQ2308,Chongqing Airlines,text,Duration: 3h 15m,,True,2026-02-19T11:45:03.697015
2026-10-27,CKG,arrival,15:20,XMN Xiamen,HU7412,Hainan Airlines,text,Duration: 2h 45m,,True,2026-02-19T11:45:03.697021
2026-10-27,CKG,arrival,15:20,KHN Nanchang,ZH8853,Shenzhen Airlines,text,Duration: 2h 5m,,True,2026-02-19T11:45:03.697026
2026-10-27,CKG,arrival,15:25,TYN Taiyuan,3U8058,Sichuan Airlines,text,Duration: 2h 15m,,True,2026-02-19T11:45:03.697032
2026-10-27,CKG,arrival,15:40,LJG Lijiang,8L9817,Lucky Air,text,Duration: 1h 35m,,True,2026-02-19T11:45:03.697103
2026-10-27,CKG,arrival,15:40,HAK Haikou,CA4380,Air China,text,Duration: 2h 10m,,True,2026-02-19T11:45:03.697109
2026-10-27,CKG,arrival,15:40,HGH Hangzhou,MF8473,XiamenAir,text,Duration: 3h 0m,,True,2026-02-19T11:45:03.697115
2026-10-27,CKG,arrival,15:40,SWA Jieyang,PN6386,West Air (China),text,Duration: 2h 40m,,True,2026-02-19T11:45:03.697120
2026-10-27,CKG,arrival,15:45,CSX Changsha,CZ3421,China Southern,text,Duration: 1h 45m,,True,2026-02-19T11:45:03.697126
2026-10-27,CKG,arrival,15:45,PVG Shanghai,PN6374,West Air (China),text,Duration: 3h 5m,,True,2026-02-19T11:45:03.697131
2026-10-27,CKG,arrival,15:50,UYN Yulin,GX8882,GX Airlines,text,Duration: 1h 50m,,True,2026-02-19T11:45:03.697136
2026-10-27,CKG,arrival,15:50,HAK Haikou,HU7371,Hainan Airlines,text,Duration: 2h 20m,,True,2026-02-19T11:45:03.697141
2026-10-27,CKG,arrival,15:50,TCZ Tengchong,KY3006,Kunming Airlines,text,Duration: 1h 55m,,True,2026-02-19T11:45:03.697146
2026-10-27,CKG,arrival,15:55,LZY Nyingchi,3U3182,Sichuan Airlines,text,Duration: 2h 0m,,True,2026-02-19T11:45:03.697152
2026-10-27,CKG,arrival,15:55,SHE Shenyang,3U8038,Sichuan Airlines,text,Duration: 3h 50m,,True,2026-02-19T11:45:03.697221
2026-10-27,CKG,arrival,15:55,HFE Hefei,CA4564,Air China,text,Duration: 2h 5m,,True,2026-02-19T11:45:03.697228
2026-10-27,CKG,arrival,15:55,NGB Ningbo,GJ8397,Loong Air,text,Duration: 2h 55m,,True,2026-02-19T11:45:03.697233
2026-10-27,CKG,arrival,15:55,WUH Wuhan,MU2539,China Eastern,text,Duration: 1h 40m,,True,2026-02-19T11:45:03.697238
2026-10-27,CKG,arrival,16:00,PEK Beijing,CA4138,Air China,text,Duration: 3h 5m,,True,2026-02-19T11:45:03.697243
2026-10-27,CKG,arrival,16:00,LXA Lhasa/Lasa,CZ3464,China Southern,text,Duration: 2h 35m,,True,2026-02-19T11:45:03.697249
2026-10-27,CKG,arrival,16:00,NKG Nanjing,HO1693,Juneyao Airlines,text,Duration: 2h 25m,,True,2026-02-19T11:45:03.697254
2026-10-27,CKG,arrival,16:05,CAN Guangzhou,CA4348,Air China,text,Duration: 2h 10m,,True,2026-02-19T11:45:03.697259
2026-10-27,CKG,arrival,16:05,HKG Hong Kong,CX966,Cathay Pacific,text,Duration: 2h 40m,,True,2026-02-19T11:45:03.697265
2026-10-27,CKG,arrival,16:05,BKK Bangkok,HU424,Hainan Airlines,text,Duration: 3h 20m,,True,2026-02-19T11:45:03.697270
2026-10-27,CKG,arrival,16:05,YNT Yantai,QW6031,Qingdao Airlines,text,Duration: 3h 5m,,True,2026-02-19T11:45:03.697342
2026-10-27,CKG,arrival,16:10,HRB Harbin,3U8166,Sichuan Airlines,text,Duration: 4h 20m,,True,2026-02-19T11:45:03.697348
2026-10-27,CKG,arrival,16:10,PVG Shanghai,CA4576,Air China,text,Duration: 3h 10m,,True,2026-02-19T11:45:03.697353
2026-10-27,CKG,arrival,16:10,TAO Qingdao,SC4833,Shandong Airlines,text,Duration: 3h 0m,,True,2026-02-19T11:45:03.697359
2026-10-27,CKG,arrival,16:15,SHE Shenyang,CZ6469,China Southern,text,Duration: 4h 15m,,True,2026-02-19T11:45:03.697364
2026-10-27,CKG,arrival,16:20,PKX Beijing,CZ8815,China Southern,text,Duration: 2h 55m,,True,2026-02-19T11:45:03.697370
2026-10-27,CKG,arrival,16:20,XUZ Xuzhou,G54608,Gestair,text,Duration: 2h 25m,,True,2026-02-19T11:45:03.697375
2026-10-27,CKG,arrival,16:25,SZX Shenzhen,9C8615,Spring Airlines,text,Duration: 2h 30m,,True,2026-02-19T11:45:03.697381
2026-10-27,CKG,arrival,16:25,HRB Harbin,CA4012,Air China,text,Duration: 4h 25m,,True,2026-02-19T11:45:03.697386
2026-10-27,CKG,arrival,16:25,JIC Jinchang,G52750,Gestair,text,Duration: 2h 15m,,True,2026-02-19T11:45:03.697392
2026-10-27,CKG,arrival,16:30,PVG Shanghai,HO1241,Juneyao Airlines,text,Duration: 3h 15m,,True,2026-02-19T11:45:03.697464
2026-10-27,CKG,arrival,16:35,CGQ Changchun,CA4016,Air China,text,Duration: 4h 5m,,True,2026-02-19T11:45:03.697471
2026-10-27,CKG,arrival,16:40,CGO Zhengzhou,CZ8715,China Southern,text,Duration: 2h 5m,,True,2026-02-19T11:45:03.697476
2026-10-27,CKG,arrival,16:40,CAN Guangzhou,HU7441,Hainan Airlines,text,Duration: 2h 10m,,True,2026-02-19T11:45:03.697481
2026-10-27,CKG,arrival,16:45,TNA Jinan,MU5471,China Eastern,text,Duration: 2h 30m,,True,2026-02-19T11:45:03.697487
2026-10-27,CKG,arrival,16:50,YNT Yantai,3U8174,Sichuan Airlines,text,Duration: 2h 55m,,True,2026-02-19T11:45:03.697492
2026-10-27,CKG,arrival,16:55,PEK Beijing,CA1439,Air China,text,Duration: 2h 55m,,True,2026-02-19T11:45:03.697497
2026-10-27,CKG,arrival,16:55,SHS Shashi,G54754,Gestair,text,Duration: 1h 30m,,True,2026-02-19T11:45:03.697503
2026-10-27,CKG,arrival,16:55,AKU Aksu,OQ2008,Chongqing Airlines,text,Duration: 4h 15m,,True,2026-02-19T11:45:03.697508
2026-10-27,CKG,arrival,17:05,FOC Fuzhou,MF8489,XiamenAir,text,Duration: 2h 55m,,True,2026-02-19T11:45:03.697513
2026-10-27,CKG,arrival,17:05,TAO Qingdao,SC4837,Shandong Airlines,text,Duration: 2h 55m,,True,2026-02-19T11:45:03.697585
2026-10-27,CKG,arrival,17:10,JNH Jiaxing,GJ8784,Loong Air,text,Duration: 3h 10m,,True,2026-02-19T11:45:03.697591
2026-10-27,CKG,arrival,17:10,XIY Xian,MU2267,China Eastern,text,Duration: 1h 45m,,True,2026-02-19T11:45:03.697597
2026-10-27,CKG,arrival,17:15,LXA Lhasa/Lasa,MF8412,XiamenAir,text,Duration: 2h 35m,,True,2026-02-19T11:45:03.697602
2026-10-27,CKG,arrival,17:20,CSX Changsha,GS6588,Tianjin Airlines,text,Duration: 1h 30m,,True,2026-02-19T11:45:03.697607
2026-10-27,CKG,arrival,17:25,YCU Yuncheng,CA4014,Air China,text,Duration: 1h 45m,,True,2026-02-19T11:45:03.697613
2026-10-27,CKG,arrival,17:25,SHA Shanghai,FM9419,Shanghai Airlines,text,Duration: 2h 50m,,True,2026-02-19T11:45:03.697619
2026-10-27,CKG,arrival,17:25,CIH Changzhi,G52722,Gestair,text,Duration: 2h 0m,,True,2026-02-19T11:45:03.697624
2026-10-27,CKG,arrival,17:25,TNA Jinan,SC8815,Shandong Airlines,text,Duration: 2h 25m,,True,2026-02-19T11:45:03.697629
2026-10-27,CKG,arrival,17:30,CAN Guangzhou,OQ2318,Chongqing Airlines,text,Duration: 2h 25m,,True,2026-02-19T11:45:03.697635
2026-10-27,CKG,arrival,17:35,CGQ Changchun,MF8038,XiamenAir,text,Duration: 4h 10m,,True,2026-02-19T11:45:03.697706
2026-10-27,CKG,arrival,17:40,KRL Korla,3U8142,Sichuan Airlines,text,Duration: 4h 5m,,True,2026-02-19T11:45:03.697713
2026-10-27,CKG,arrival,17:40,WUH Wuhan,3U8156,Sichuan Airlines,text,Duration: 1h 40m,,True,2026-02-19T11:45:03.697718
2026-10-27,CKG,arrival,17:40,SZX Shenzhen,CZ6561,China Southern,text,Duration: 2h 35m,,True,2026-02-19T11:45:03.697723
2026-10-27,CKG,arrival,17:40,FUG Fuyang,PN6220,West Air (China),text,Duration: 2h 15m,,True,2026-02-19T11:45:03.697729
2026-10-27,CKG,arrival,17:40,SJW Shijiazhuang,PN6336,West Air (China),text,Duration: 2h 30m,,True,2026-02-19T11:45:03.697734
2026-10-27,CKG,arrival,17:50,URC Urumqi,CA4256,Air China,text,Duration: 3h 55m,,True,2026-02-19T11:45:03.697739
2026-10-27,CKG,arrival,17:50,KIX Osaka,MF8654,XiamenAir,text,Duration: 5h 5m,,True,2026-02-19T11:45:03.697745
2026-10-27,CKG,arrival,17:50,NGB Ningbo,MU2395,China Eastern,text,Duration: 2h 45m,,True,2026-02-19T11:45:03.697750
2026-10-27,CKG,arrival,17:50,CGQ Changchun,OQ2078,Chongqing Airlines,text,Duration: 4h 30m,,True,2026-02-19T11:45:03.697755
2026-10-27,CKG,arrival,18:00,CSX Changsha,3U8010,Sichuan Airlines,text,Duration: 1h 35m,,True,2026-02-19T11:45:03.697826
2026-10-27,CKG,arrival,18:00,DLU Dali City,CA4486,Air China,text,Duration: 1h 40m,,True,2026-02-19T11:45:03.697833
2026-10-27,CKG,arrival,18:00,PEK Beijing,CA1411,Air China,text,Duration: 2h 55m,,True,2026-02-19T11:45:03.697838
2026-10-27,CKG,arrival,18:00,PKX Beijing,NS8035,Hebei Airlines,text,Duration: 2h 40m,,True,2026-02-19T11:45:03.697844
2026-10-27,CKG,arrival,18:05,HKG Hong Kong,CA420,Air China,text,Duration: 2h 40m,,True,2026-02-19T11:45:03.697849
2026-10-27,CKG,arrival,18:05,LYI Linyi,OQ2364,Chongqing Airlines,text,Duration: 2h 35m,,True,2026-02-19T11:45:03.697855
2026-10-27,CKG,arrival,18:05,YIC Yichun,PN6480,West Air (China),text,Duration: 1h 50m,,True,2026-02-19T11:45:03.697860
2026-10-27,CKG,arrival,18:05,TAO Qingdao,SC4839,Shandong Airlines,text,Duration: 2h 55m,,True,2026-02-19T11:45:03.697865
2026-10-27,CKG,arrival,18:10,LHW Lanzhou,9C6281,Spring Airlines,text,Duration: 2h 15m,,True,2026-02-19T11:45:03.697870
2026-10-27,CKG,arrival,18:15,NKG Nanjing,3U8044,Sichuan Airlines,text,Duration: 2h 25m,,True,2026-02-19T11:45:03.697876
2026-10-27,CKG,arrival,18:15,LHW Lanzhou,G54034,Gestair,text,Duration: 1h 55m,,True,2026-02-19T11:45:03.697951
2026-10-27,CKG,arrival,18:25,SZX Shenzhen,3U8784,Sichuan Airlines,text,Duration: 2h 10m,,True,2026-02-19T11:45:03.697958
2026-10-27,CKG,arrival,18:25,PKX Beijing,CZ8817,China Southern,text,Duration: 3h 0m,,True,2026-02-19T11:45:03.697963
2026-10-27,CKG,arrival,18:25,LLV Luliang,G52914,Gestair,text,Duration: 1h 50m,,True,2026-02-19T11:45:03.697968
2026-10-27,CKG,arrival,18:25,HAK Haikou,HU7471,Hainan Airlines,text,Duration: 2h 25m,,True,2026-02-19T11:45:03.697973
2026-10-27,CKG,arrival,18:25,KUL Kuala Lumpur,MF8688,XiamenAir,text,Duration: 4h 35m,,True,2026-02-19T11:45:03.697979
2026-10-27,CKG,arrival,18:25,HET Hohhot,OQ2176,Chongqing Airlines,text,Duration: 2h 20m,,True,2026-02-19T11:45:03.697984
2026-10-27,CKG,arrival,18:30,SHA Shanghai,MU9193,China Eastern,text,Duration: 3h 5m,,True,2026-02-19T11:45:03.697989
2026-10-27,CKG,arrival,18:35,CGO Zhengzhou,CZ6353,China Southern,text,Duration: 2h 10m,,True,2026-02-19T11:45:03.697995
2026-10-27,CKG,arrival,18:40,PKX Beijing,MU6685,China Eastern,text,Duration: 2h 55m,,True,2026-02-19T11:45:03.698000
2026-10-27,CKG,arrival,18:50,JGN Jiayuguan,G52852,Gestair,text,Duration: 2h 45m,,True,2026-02-19T11:45:03.698071
2026-10-27,CKG,arrival,18:50,"JUZ Quzhou, Zhejiang Province",G54684,Gestair,text,Duration: 2h 20m,,True,2026-02-19T11:45:03.698078
2026-10-27,CKG,arrival,18:50,XMN Xiamen,MF8423,XiamenAir,text,Duration: 2h 55m,,True,2026-02-19T11:45:03.698083
2026-10-27,CKG,arrival,18:55,CAN Guangzhou,3U8748,Sichuan Airlines,text,Duration: 2h 10m,,True,2026-02-19T11:45:03.698089
2026-10-27,CKG,arrival,18:55,WHA Wuhu,GT1117,Air Guilin,text,Duration: 2h 30m,,True,2026-02-19T11:45:03.698094
2026-10-27,CKG,arrival,18:55,HGH Hangzhou,OQ2390,Chongqing Airlines,text,Duration: 3h 0m,,True,2026-02-19T11:45:03.698099
2026-10-27,CKG,arrival,18:55,XMN Xiamen,SC2141,Shandong Airlines,text,Duration: 2h 35m,,True,2026-02-19T11:45:03.698104
2026-10-27,CKG,arrival,18:55,WUX Wuxi,ZH9553,Shenzhen Airlines,text,Duration: 2h 35m,,True,2026-02-19T11:45:03.698109
2026-10-27,CKG,arrival,19:00,SHA Shanghai,9C8995,Spring Airlines,text,Duration: 2h 55m,,True,2026-02-19T11:45:03.698114
2026-10-27,CKG,arrival,19:00,HGH Hangzhou,CA1761,Air China,text,Duration: 2h 50m,,True,2026-02-19T11:45:03.698120
2026-10-27,CKG,arrival,19:00,PEK Beijing,CA1409,Air China,text,Duration: 3h 0m,,True,2026-02-19T11:45:03.698190
2026-10-27,CKG,arrival,19:05,CGO Zhengzhou,3U8160,Sichuan Airlines,text,Duration: 2h 5m,,True,2026-02-19T11:45:03.698197
2026-10-27,CKG,arrival,19:05,FOC Fuzhou,FU6507,Fuzhou Airline,text,Duration: 2h 40m,,True,2026-02-19T11:45:03.698202
2026-10-27,CKG,arrival,19:05,HGH Hangzhou,MF8475,XiamenAir,text,Duration: 2h 45m,,True,2026-02-19T11:45:03.698208
2026-10-27,CKG,arrival,19:10,HFE Hefei,3U8198,Sichuan Airlines,text,Duration: 2h 20m,,True,2026-02-19T11:45:03.698213
2026-10-27,CKG,arrival,19:10,FOC Fuzhou,HU7264,Hainan Airlines,text,Duration: 3h 0m,,True,2026-02-19T11:45:03.698218
2026-10-27,CKG,arrival,19:10,WNZ Wenzhou,PN6284,West Air (China),text,Duration: 3h 0m,,True,2026-02-19T11:45:03.698224
2026-10-27,CKG,arrival,19:10,SZX Shenzhen,ZH9465,Shenzhen Airlines,text,Duration: 2h 20m,,True,2026-02-19T11:45:03.698230
2026-10-27,CKG,arrival,19:15,CAN Guangzhou,OQ2324,Chongqing Airlines,text,Duration: 2h 20m,,True,2026-02-19T11:45:03.698235
2026-10-27,CKG,arrival,19:15,JHG Jinghong,PN6404,West Air (China),text,Duration: 2h 0m,,True,2026-02-19T11:45:03.698241
2026-10-27,CKG,arrival,19:15,PVG Shanghai,Y87513,Suparna Airlines,text,Duration: 3h 20m,,True,2026-02-19T11:45:03.698311
2026-10-27,CKG,arrival,19:20,PVG Shanghai,FM9425,Shanghai Airlines,text,Duration: 3h 10m,,True,2026-02-19T11:45:03.698318
2026-10-27,CKG,arrival,19:25,SYX Sanya,PN6204,West Air (China),text,Duration: 2h 20m,,True,2026-02-19T11:45:03.698323
2026-10-27,CKG,arrival,19:30,SZX Shenzhen,OQ2346,Chongqing Airlines,text,Duration: 2h 35m,,True,2026-02-19T11:45:03.698328
2026-10-27,CKG,arrival,19:35,LUM Mangshi,KY3109,Kunming Airlines,text,Duration: 1h 55m,,True,2026-02-19T11:45:03.698333
2026-10-27,CKG,arrival,19:35,SIN Singapore,OQ2096,Chongqing Airlines,text,Duration: 5h 0m,,True,2026-02-19T11:45:03.698339
2026-10-27,CKG,arrival,19:40,CAN Guangzhou,CA4350,Air China,text,Duration: 2h 20m,,True,2026-02-19T11:45:03.698344
2026-10-27,CKG,arrival,19:45,WUH Wuhan,CZ3643,China Southern,text,Duration: 1h 40m,,True,2026-02-19T11:45:03.698349
2026-10-27,CKG,arrival,19:45,KTI Phnom Penh,KR963,Cambodia Airways,text,Duration: 3h 50m,,True,2026-02-19T11:45:03.698355
2026-10-27,CKG,arrival,19:50,JHG Jinghong,3U3552,Sichuan Airlines,text,Duration: 1h 50m,,True,2026-02-19T11:45:03.698360
2026-10-27,CKG,arrival,19:50,SHA Shanghai,9C8997,Spring Airlines,text,Duration: 2h 50m,,True,2026-02-19T11:45:03.698432
2026-10-27,CKG,arrival,19:50,PEK Beijing,CA1435,Air China,text,Duration: 2h 50m,,True,2026-02-19T11:45:03.698438
2026-10-27,CKG,arrival,20:00,LXA Lhasa/Lasa,3U8636,Sichuan Airlines,text,Duration: 2h 30m,,True,2026-02-19T11:45:03.698444
2026-10-27,CKG,arrival,20:00,PEK Beijing,3U8832,Sichuan Airlines,text,Duration: 3h 10m,,True,2026-02-19T11:45:03.698450
2026-10-27,CKG,arrival,20:00,YNZ Yancheng,9C7345,Spring Airlines,text,Duration: 2h 45m,,True,2026-02-19T11:45:03.698455
2026-10-27,CKG,arrival,20:00,PVG Shanghai,HU7493,Hainan Airlines,text,Duration: 3h 0m,,True,2026-02-19T11:45:03.698460
2026-10-27,CKG,arrival,20:05,JHG Jinghong,8L9605,Lucky Air,text,Duration: 2h 0m,,True,2026-02-19T11:45:03.698465
2026-10-27,CKG,arrival,20:05,URC Urumqi,CZ6798,China Southern,text,Duration: 4h 10m,,True,2026-02-19T11:45:03.698471
2026-10-27,CKG,arrival,20:05,DIG Diqing,OQ2148,Chongqing Airlines,text,Duration: 1h 45m,,True,2026-02-19T11:45:03.698476
2026-10-27,CKG,arrival,20:05,TAO Qingdao,SC4841,Shandong Airlines,text,Duration: 2h 50m,,True,2026-02-19T11:45:03.698481
2026-10-27,CKG,arrival,20:10,LXA Lhasa/Lasa,PN6392,West Air (China),text,Duration: 2h 50m,,True,2026-02-19T11:45:03.698552
2026-10-27,CKG,arrival,20:15,NKG Nanjing,HO1691,Juneyao Airlines,text,Duration: 2h 35m,,True,2026-02-19T11:45:03.698559
2026-10-27,CKG,arrival,20:15,PEK Beijing,HU7267,Hainan Airlines,text,Duration: 2h 45m,,True,2026-02-19T11:45:03.698564
2026-10-27,CKG,arrival,20:15,TSN Tianjin,MF8622,XiamenAir,text,Duration: 3h 0m,,True,2026-02-19T11:45:03.698569
2026-10-27,CKG,arrival,20:15,SHA Shanghai,MU5435,China Eastern,text,Duration: 2h 55m,,True,2026-02-19T11:45:03.698575
2026-10-27,CKG,arrival,20:15,TNA Jinan,SC8809,Shandong Airlines,text,Duration: 2h 20m,,True,2026-02-19T11:45:03.698580
2026-10-27,CKG,arrival,20:20,PKX Beijing,CZ3259,China Southern,text,Duration: 2h 55m,,True,2026-02-19T11:45:03.698585
2026-10-27,CKG,arrival,20:20,TYN Taiyuan,SC2268,Shandong Airlines,text,Duration: 2h 25m,,True,2026-02-19T11:45:03.698590
2026-10-27,CKG,arrival,20:25,ACX Xingyi,BK2954,OkAir,text,Duration: 1h 55m,,True,2026-02-19T11:45:03.698595
2026-10-27,CKG,arrival,20:25,INC Yinchuan,HU7272,Hainan Airlines,text,Duration: 2h 5m,,True,2026-02-19T11:45:03.698600
2026-10-27,CKG,arrival,20:25,LXA Lhasa/Lasa,PN6272,West Air (China),text,Duration: 2h 50m,,True,2026-02-19T11:45:03.698671
2026-10-27,CKG,arrival,20:35,HET Hohhot,CA4008,Air China,text,Duration: 2h 25m,,True,2026-02-19T11:45:03.698678
2026-10-27,CKG,arrival,20:35,PVG Shanghai,HO2369,Juneyao Airlines,text,Duration: 3h 15m,,True,2026-02-19T11:45:03.698683
2026-10-27,CKG,arrival,20:35,SZX Shenzhen,MU6612,China Eastern,text,Duration: 2h 20m,,True,2026-02-19T11:45:03.698689
2026-10-27,CKG,arrival,20:40,SHE Shenyang,CZ5355,China Southern,text,Duration: 4h 15m,,True,2026-02-19T11:45:03.698694
2026-10-27,CKG,arrival,20:50,LXA Lhasa/Lasa,EU2737,Chengdu Airlines,text,Duration: 2h 20m,,True,2026-02-19T11:45:03.698699
2026-10-27,CKG,arrival,20:50,XIY Xian,JD5077,Capital Airlines,text,Duration: 1h 35m,,True,2026-02-19T11:45:03.698704
2026-10-27,CKG,arrival,20:55,NGB Ningbo,3U8110,Sichuan Airlines,text,Duration: 2h 45m,,True,2026-02-19T11:45:03.698710
2026-10-27,CKG,arrival,20:55,XMN Xiamen,HU7426,Hainan Airlines,text,Duration: 3h 5m,,True,2026-02-19T11:45:03.698715
2026-10-27,CKG,arrival,20:55,XNN Xining,MF8866,XiamenAir,text,Duration: 2h 10m,,True,2026-02-19T11:45:03.698721
2026-10-27,CKG,arrival,21:00,SZX Shenzhen,CZ5919,China Southern,text,Duration: 2h 30m,,True,2026-02-19T11:45:03.698792
2026-10-27,CKG,arrival,21:00,HFE Hefei,MU9982,China Eastern,text,Duration: 2h 15m,,True,2026-02-19T11:45:03.698799
2026-10-27,CKG,arrival,21:00,CAN Guangzhou,OQ2340,Chongqing Airlines,text,Duration: 2h 45m,,True,2026-02-19T11:45:03.698804
2026-10-27,CKG,arrival,21:05,PEK Beijing,CA4142,Air China,text,Duration: 3h 0m,,True,2026-02-19T11:45:03.698810
2026-10-27,CKG,arrival,21:05,KHN Nanchang,RY6681,Jiangxi Airlines,text,Duration: 2h 10m,,True,2026-02-19T11:45:03.698815
2026-10-27,CKG,arrival,21:10,CAN Guangzhou,MU6825,China Eastern,text,Duration: 2h 20m,,True,2026-02-19T11:45:03.698820
2026-10-27,CKG,arrival,21:15,PVG Shanghai,9C8867,Spring Airlines,text,Duration: 3h 10m,,True,2026-02-19T11:45:03.698826
2026-10-27,CKG,arrival,21:15,SJW Shijiazhuang,9C8993,Spring Airlines,text,Duration: 2h 35m,,True,2026-02-19T11:45:03.698831
2026-10-27,CKG,arrival,21:15,ZUH Zhuhai,CZ8259,China Southern,text,Duration: 2h 25m,,True,2026-02-19T11:45:03.698836
2026-10-27,CKG,arrival,21:15,HGH Hangzhou,JD5695,Capital Airlines,text,Duration: 3h 20m,,True,2026-02-19T11:45:03.698843
2026-10-27,CKG,arrival,21:15,KMG Kunming,MU9755,China Eastern,text,Duration: 1h 40m,,True,2026-02-19T11:45:03.698926
2026-10-27,CKG,arrival,21:15,TAO Qingdao,SC4843,Shandong Airlines,text,Duration: 3h 5m,,True,2026-02-19T11:45:03.698933
2026-10-27,CKG,arrival,21:15,SZX Shenzhen,ZH9467,Shenzhen Airlines,text,Duration: 2h 15m,,True,2026-02-19T11:45:03.698939
2026-10-27,CKG,arrival,21:20,HAK Haikou,CZ5131,China Southern,text,Duration: 2h 20m,,True,2026-02-19T11:45:03.698944
2026-10-27,CKG,arrival,21:20,TNA Jinan,SC8811,Shandong Airlines,text,Duration: 2h 15m,,True,2026-02-19T11:45:03.698950
2026-10-27,CKG,arrival,21:20,LXA Lhasa/Lasa,TV9844,Tibet Airlines,text,Duration: 2h 40m,,True,2026-02-19T11:45:03.698955
2026-10-27,CKG,arrival,21:25,HGH Hangzhou,3U8084,Sichuan Airlines,text,Duration: 2h 50m,,True,2026-02-19T11:45:03.698960
2026-10-27,CKG,arrival,21:25,HAN Hanoi,PN6424,West Air (China),text,Duration: 2h 0m,,True,2026-02-19T11:45:03.698965
2026-10-27,CKG,arrival,21:30,CAN Guangzhou,OQ2129,Chongqing Airlines,text,Duration: 2h 25m,,True,2026-02-19T11:45:03.698971
2026-10-27,CKG,arrival,21:30,ZUH Zhuhai,SC2266,Shandong Airlines,text,Duration: 2h 30m,,True,2026-02-19T11:45:03.698976
2026-10-27,CKG,arrival,21:35,CGO Zhengzhou,CZ6649,China Southern,text,Duration: 2h 5m,,True,2026-02-19T11:45:03.699048
2026-10-27,CKG,arrival,21:35,SJW Shijiazhuang,OQ2054,Chongqing Airlines,text,Duration: 2h 30m,,True,2026-02-19T11:45:03.699055
2026-10-27,CKG,arrival,21:35,TNA Jinan,SC8813,Shandong Airlines,text,Duration: 2h 25m,,True,2026-02-19T11:45:03.699060
2026-10-27,CKG,arrival,21:35,TYN Taiyuan,SC2270,Shandong Airlines,text,Duration: 2h 0m,,True,2026-02-19T11:45:03.699066
2026-10-27,CKG,arrival,21:40,URC Urumqi,3U3210,Sichuan Airlines,text,Duration: 4h 0m,,True,2026-02-19T11:45:03.699071
2026-10-27,CKG,arrival,21:45,TYN Taiyuan,DR5312,Ruili Airlines,text,Duration: 1h 55m,,True,2026-02-19T11:45:03.699076
2026-10-27,CKG,arrival,21:50,SHA Shanghai,MU2549,China Eastern,text,Duration: 2h 45m,,True,2026-02-19T11:45:03.699082
2026-10-27,CKG,arrival,21:55,CAN Guangzhou,AQ1101,9 Air,text,Duration: 2h 15m,,True,2026-02-19T11:45:03.699087
2026-10-27,CKG,arrival,22:00,PVG Shanghai,3U8974,Sichuan Airlines,text,Duration: 3h 15m,,True,2026-02-19T11:45:03.699092
2026-10-27,CKG,arrival,22:00,PEK Beijing,CA4144,Air China,text,Duration: 2h 45m,,True,2026-02-19T11:45:03.699097
2026-10-27,CKG,arrival,22:00,DHH Hami,EU2224,Chengdu Airlines,text,Duration: 3h 40m,,True,2026-02-19T11:45:03.699174
2026-10-27,CKG,arrival,22:00,CAN Guangzhou,HU7241,Hainan Airlines,text,Duration: 2h 15m,,True,2026-02-19T11:45:03.699181
2026-10-27,CKG,arrival,22:00,PEK Beijing,HU7567,Hainan Airlines,text,Duration: 3h 5m,,True,2026-02-19T11:45:03.699186
2026-10-27,CKG,arrival,22:00,WNZ Wenzhou,HU7464,Hainan Airlines,text,Duration: 3h 10m,,True,2026-02-19T11:45:03.699191
2026-10-27,CKG,arrival,22:00,TNA Jinan,PN6328,West Air (China),text,Duration: 2h 45m,,True,2026-02-19T11:45:03.699196
2026-10-27,CKG,arrival,22:05,PEK Beijing,CA1449,Air China,text,Duration: 3h 20m,,True,2026-02-19T11:45:03.699202
2026-10-27,CKG,arrival,22:05,WUH Wuhan,CZ5179,China Southern,text,Duration: 2h 0m,,True,2026-02-19T11:45:03.699207
2026-10-27,CKG,arrival,22:05,PKX Beijing,MU6689,China Eastern,text,Duration: 3h 5m,,True,2026-02-19T11:45:03.699212
2026-10-27,CKG,arrival,22:10,SWA Jieyang,3U8006,Sichuan Airlines,text,Duration: 2h 25m,,True,2026-02-19T11:45:03.699218
2026-10-27,CKG,arrival,22:10,WNZ Wenzhou,HU7472,Hainan Airlines,text,Duration: 3h 0m,,True,2026-02-19T11:45:03.699223
2026-10-27,CKG,arrival,22:10,TAO Qingdao,MU5253,China Eastern,text,Duration: 3h 10m,,True,2026-02-19T11:45:03.699313
2026-10-27,CKG,arrival,22:10,HGH Hangzhou,PN6436,West Air (China),text,Duration: 2h 35m,,True,2026-02-19T11:45:03.699322
2026-10-27,CKG,arrival,22:15,HAK Haikou,3U8068,Sichuan Airlines,text,Duration: 2h 20m,,True,2026-02-19T11:45:03.699328
2026-10-27,CKG,arrival,22:15,SIN Singapore,CA450,Air China,text,Duration: 5h 0m,,True,2026-02-19T11:45:03.699333
2026-10-27,CKG,arrival,22:15,LFQ Qiaoli,G54318,Gestair,text,Duration: 2h 10m,,True,2026-02-19T11:45:03.699338
2026-10-27,CKG,arrival,22:15,TVS Tangshan,GT1070,Air Guilin,text,Duration: 2h 55m,,True,2026-02-19T11:45:03.699344
2026-10-27,CKG,arrival,22:20,XMN Xiamen,3U8088,Sichuan Airlines,text,Duration: 3h 0m,,True,2026-02-19T11:45:03.699349
2026-10-27,CKG,arrival,22:20,HIA Huai'an,8L9818,Lucky Air,text,Duration: 2h 40m,,True,2026-02-19T11:45:03.699354
2026-10-27,CKG,arrival,22:30,LJG Lijiang,JD5609,Capital Airlines,text,Duration: 1h 40m,,True,2026-02-19T11:45:03.699359
2026-10-27,CKG,arrival,22:30,ZUH Zhuhai,OQ2386,Chongqing Airlines,text,Duration: 2h 35m,,True,2026-02-19T11:45:03.699365
2026-10-27,CKG,arrival,22:45,WUX Wuxi,3U8028,Sichuan Airlines,text,Duration: 2h 25m,,True,2026-02-19T11:45:03.699461
2026-10-27,CKG,arrival,22:50,NKG Nanjing,3U8046,Sichuan Airlines,text,Duration: 2h 35m,,True,2026-02-19T11:45:03.699469
2026-10-27,CKG,arrival,22:50,TNA Jinan,3U8054,Sichuan Airlines,text,Duration: 2h 5m,,True,2026-02-19T11:45:03.699475
2026-10-27,CKG,arrival,22:50,HGH Hangzhou,CA4578,Air China,text,Duration: 2h 40m,,True,2026-02-19T11:45:03.699480
2026-10-27,CKG,arrival,22:50,SZX Shenzhen,HU7357,Hainan Airlines,text,Duration: 2h 40m,,True,2026-02-19T11:45:03.699486
2026-10-27,CKG,arrival,22:50,SHA Shanghai,MU5431,China Eastern,text,Duration: 3h 0m,,True,2026-02-19T11:45:03.699491
2026-10-27,CKG,arrival,22:55,PEK Beijing,CA4136,Air China,text,Duration: 2h 25m,,True,2026-02-19T11:45:03.699497
2026-10-27,CKG,arrival,22:55,SYX Sanya,CA4388,Air China,text,Duration: 2h 15m,,True,2026-02-19T11:45:03.699502
2026-10-27,CKG,arrival,22:55,TSN Tianjin,CA4002,Air China,text,Duration: 2h 55m,,True,2026-02-19T11:45:03.699508
2026-10-27,CKG,arrival,22:55,HGH Hangzhou,MF8477,XiamenAir,text,Duration: 2h 45m,,True,2026-02-19T11:45:03.699513
2026-10-27,CKG,arrival,22:55,FOC Fuzhou,PN6276,West Air (China),text,Duration: 2h 40m,,True,2026-02-19T11:45:03.699595
2026-10-27,CKG,arrival,23:00,SZX Shenzhen,CA4346,Air China,text,Duration: 2h 10m,,True,2026-02-19T11:45:03.699602
2026-10-27,CKG,arrival,23:00,PKX Beijing,CZ8813,China Southern,text,Duration: 3h 5m,,True,2026-02-19T11:45:03.699608
2026-10-27,CKG,arrival,23:00,HGH Hangzhou,GS6582,Tianjin Airlines,text,Duration: 3h 10m,,True,2026-02-19T11:45:03.699613
2026-10-27,CKG,arrival,23:00,SJW Shijiazhuang,NS3242,Hebei Airlines,text,Duration: 2h 45m,,True,2026-02-19T11:45:03.699619
2026-10-27,CKG,arrival,23:00,NGB Ningbo,OQ2316,Chongqing Airlines,text,Duration: 3h 5m,,True,2026-02-19T11:45:03.699625
2026-10-27,CKG,arrival,23:05,TPE Taipei,CA410,Air China,text,Duration: 3h 45m,,True,2026-02-19T11:45:03.699630
2026-10-27,CKG,arrival,23:05,HFE Hefei,MU9918,China Eastern,text,Duration: 2h 35m,,True,2026-02-19T11:45:03.699636
2026-10-27,CKG,arrival,23:10,CAN Guangzhou,CA4342,Air China,text,Duration: 2h 15m,,True,2026-02-19T11:45:03.699641
2026-10-27,CKG,arrival,23:10,WUH Wuhan,CA4382,Air China,text,Duration: 1h 45m,,True,2026-02-19T11:45:03.699646
2026-10-27,CKG,arrival,23:15,DLC Dalian,3U8008,Sichuan Airlines,text,Duration: 3h 30m,,True,2026-02-19T11:45:03.699739
2026-10-27,CKG,arrival,23:15,SHA Shanghai,MF8582,XiamenAir,text,Duration: 3h 5m,,True,2026-02-19T11:45:03.699747
2026-10-27,CKG,arrival,23:20,KHN Nanchang,3U8182,Sichuan Airlines,text,Duration: 2h 0m,,True,2026-02-19T11:45:03.699753
2026-10-27,CKG,arrival,23:20,WHA Wuhu,3U8072,Sichuan Airlines,text,Duration: 2h 20m,,True,2026-02-19T11:45:03.699759
2026-10-27,CKG,arrival,23:20,NKG Nanjing,CA4558,Air China,text,Duration: 2h 30m,,True,2026-02-19T11:45:03.699764
2026-10-27,CKG,arrival,23:20,HNY Hengyang,GS7436,Tianjin Airlines,text,Duration: 2h 5m,,True,2026-02-19T11:45:03.699770
2026-10-27,CKG,arrival,23:20,MFM Macau,PN6594,West Air (China),text,Duration: 2h 20m,,True,2026-02-19T11:45:03.699776
2026-10-27,CKG,arrival,23:20,XNN Xining,TV9912,Tibet Airlines,text,Duration: 2h 10m,,True,2026-02-19T11:45:03.699782
2026-10-27,CKG,arrival,23:25,SHE Shenyang,OQ2074,Chongqing Airlines,text,Duration: 4h 25m,,True,2026-02-19T11:45:03.699788
2026-10-27,CKG,arrival,23:25,NNG Nanning,ZH9381,Shenzhen Airlines,text,Duration: 1h 45m,,True,2026-02-19T11:45:03.699794
2026-10-27,CKG,arrival,23:30,KUL Kuala Lumpur,D7808,AirAsia X,text,Duration: 4h 45m,,True,2026-02-19T11:45:03.699882
2026-10-27,CKG,arrival,23:30,DOY Dongying,G54010,Gestair,text,Duration: 2h 55m,,True,2026-02-19T11:45:03.699890
2026-10-27,CKG,arrival,23:30,VTE Vientiane,G52806,Gestair,text,Duration: 2h 25m,,True,2026-02-19T11:45:03.699895
2026-10-27,CKG,arrival,23:30,HRB Harbin,OQ2328,Chongqing Airlines,text,Duration: 4h 35m,,True,2026-02-19T11:45:03.699901
2026-10-27,CKG,arrival,23:30,YNT Yantai,SC7654,Shandong Airlines,text,Duration: 2h 55m,,True,2026-02-19T11:45:03.699906
2026-10-27,CKG,arrival,23:30,SZX Shenzhen,ZH9469,Shenzhen Airlines,text,Duration: 2h 25m,,True,2026-02-19T11:45:03.699912
2026-10-27,CKG,arrival,23:35,HKG Hong Kong,HX496,Hong Kong Airlines,text,Duration: 2h 45m,,True,2026-02-19T11:45:03.699917
2026-10-27,CKG,arrival,23:40,UCB Ulanqab,G54918,Gestair,text,Duration: 2h 50m,,True,2026-02-19T11:45:03.699922
2026-10-27,CKG,arrival,23:45,BKK Bangkok,3U3772,Sichuan Airlines,text,Duration: 3h 25m,,True,2026-02-19T11:45:03.699928
2026-10-27,CKG,arrival,23:45,TSN Tianjin,PN6238,West Air (China),text,Duration: 2h 30m,,True,2026-02-19T11:45:03.699933
2026-10-27,CKG,arrival,23:50,PVG Shanghai,CA4556,Air China,text,Duration: 3h 15m,,True,2026-02-19T11:45:03.700009
2026-10-27,CKG,arrival,23:50,HDG Handan,G54302,Gestair,text,Duration: 2h 10m,,True,2026-02-19T11:45:03.700016
2026-10-27,CKG,arrival,23:50,KMG Kunming,MU5450,China Eastern,text,Duration: 1h 30m,,True,2026-02-19T11:45:03.700022
2026-10-27,CKG,arrival,23:55,LHW Lanzhou,3U8020,Sichuan Airlines,text,Duration: 1h 50m,,True,2026-02-19T11:45:03.700027
2026-10-27,CKG,arrival,23:55,SHA Shanghai,CA4542,Air China,text,Duration: 2h 55m,,True,2026-02-19T11:45:03.700032
2026-10-27,CKG,arrival,23:55,WMT Zunyi,G54786,Gestair,text,Duration: 0h 40m,,True,2026-02-19T11:45:03.700037
2026-10-27,CKG,arrival,23:55,XMN Xiamen,MF8433,XiamenAir,text,Duration: 2h 50m,,True,2026-02-19T11:45:03.700043
