date,airport,direction,time,destination,flight,airline,duration,page_date_verified,scraped_at
2026-08-08,BKK,departure,00:01,PER Perth,TG483,Thai Airways,6h 44m,True,2026-02-11T19:17:08.415534
2026-08-08,BKK,departure,00:05,BRU Brussels,TG934,Thai Airways,12h 10m,True,2026-02-11T19:17:08.538324
2026-08-08,BKK,departure,00:05,CDG Paris,TG930,Thai Airways,12h 5m,True,2026-02-11T19:17:08.665030
2026-08-08,BKK,departure,00:05,NGO Nagoya,TG644,Thai Airways,5h 55m,True,2026-02-11T19:17:08.787455
2026-08-08,BKK,departure,00:05,OSL Oslo,TG954,Thai Airways,12h 20m,True,2026-02-11T19:17:08.915088
2026-08-08,BKK,departure,00:05,ICN Seoul,TW102,T´Way Air,5h 35m,True,2026-02-11T19:17:09.037036
2026-08-08,BKK,departure,00:15,KIX Osaka,VZ820,Vietjet Thailand,5h 40m,True,2026-02-11T19:17:09.156530
2026-08-08,BKK,departure,00:25,KIX Osaka,JL728,JAL,5h 25m,True,2026-02-11T19:17:09.282627
2026-08-08,BKK,departure,00:30,CKG Chongqing,OQ2362,Chongqing Airlines,3h 30m,True,2026-02-11T19:17:09.406869
2026-08-08,BKK,departure,00:30,ARN Stockholm,TG960,Thai Airways,11h 55m,True,2026-02-11T19:17:09.529983
2026-08-08,BKK,departure,00:30,PVG Shanghai,TG662,Thai Airways,4h 15m,True,2026-02-11T19:17:09.662268
2026-08-08,BKK,departure,00:30,FUK Fukuoka,VZ810,Vietjet Thailand,5h 25m,True,2026-02-11T19:17:09.786464
2026-08-08,BKK,departure,00:40,PEK Beijing,HU7996,Hainan Airlines,5h 0m,True,2026-02-11T19:17:09.907875
2026-08-08,BKK,departure,00:40,FUK Fukuoka,TG648,Thai Airways,5h 20m,True,2026-02-11T19:17:10.031473
2026-08-08,BKK,departure,00:45,LHR London,TG910,Thai Airways,12h 30m,True,2026-02-11T19:17:10.156468
2026-08-08,BKK,departure,00:50,PUS Busan,7C2552,Jeju Air,5h 40m,True,2026-02-11T19:17:10.321969
2026-08-08,BKK,departure,00:50,MUC Munich,TG924,Thai Airways,11h 15m,True,2026-02-11T19:17:10.445708
2026-08-08,BKK,departure,00:55,MXP Milan,TG940,Thai Airways,11h 40m,True,2026-02-11T19:17:10.574689
2026-08-08,BKK,departure,01:05,ZRH Zurich,TG970,Thai Airways,11h 45m,True,2026-02-11T19:17:10.696345
2026-08-08,BKK,departure,01:10,PNQ Pune,6E1096,IndiGo,4h 5m,True,2026-02-11T19:17:10.816795
2026-08-08,BKK,departure,01:10,ICN Seoul,7C2504,Jeju Air,5h 45m,True,2026-02-11T19:17:10.935355
2026-08-08,BKK,departure,01:10,CPH Copenhagen,TG950,Thai Airways,11h 30m,True,2026-02-11T19:17:11.056692
2026-08-08,BKK,departure,01:15,TFU Chengdu,3U3938,Sichuan Airlines,3h 5m,True,2026-02-11T19:17:11.178794
2026-08-08,BKK,departure,01:15,PVG Shanghai,9C8756,Spring Airlines,4h 25m,True,2026-02-11T19:17:11.303339
2026-08-08,BKK,departure,01:15,KIX Osaka,MM92,Peach Aviation,6h 5m,True,2026-02-11T19:17:11.427692
2026-08-08,BKK,departure,01:20,ICN Seoul,OZ742,Asiana,5h 25m,True,2026-02-11T19:17:11.550256
2026-08-08,BKK,departure,01:30,PEK Beijing,CA980,Air China,4h 40m,True,2026-02-11T19:17:11.674818
2026-08-08,BKK,departure,01:30,HKG Hong Kong,HB296,Greater Bay Airlines,3h 0m,True,2026-02-11T19:17:11.801474
2026-08-08,BKK,departure,01:30,PVG Shanghai,HO1352,Juneyao Airlines,4h 15m,True,2026-02-11T19:17:11.922314
2026-08-08,BKK,departure,01:35,TPE Taipei,BR206,EVA Air,3h 45m,True,2026-02-11T19:17:12.039107
2026-08-08,BKK,departure,01:35,DXB Dubai,EK385,Emirates,6h 5m,True,2026-02-11T19:17:12.162514
2026-08-08,BKK,departure,01:50,HKG Hong Kong,HX760,Hong Kong Airlines,3h 0m,True,2026-02-11T19:17:12.285921
2026-08-08,BKK,departure,01:50,XMN Xiamen,MF844,XiamenAir,3h 25m,True,2026-02-11T19:17:12.408012
2026-08-08,BKK,departure,01:50,JED Jeddah,SV849,Saudia,8h 10m,True,2026-02-11T19:17:12.537274
2026-08-08,BKK,departure,01:55,ADD Addis Ababa,ET609,Ethiopian,8h 40m,True,2026-02-11T19:17:12.658051
2026-08-08,BKK,departure,01:55,HKG Hong Kong,HX780,Hong Kong Airlines,3h 0m,True,2026-02-11T19:17:12.782751
2026-08-08,BKK,departure,01:55,TPE Taipei,VZ566,Vietjet Thailand,3h 50m,True,2026-02-11T19:17:12.903677
2026-08-08,BKK,departure,02:05,TAE Daegu,TW106,T´Way Air,5h 35m,True,2026-02-11T19:17:13.024399
2026-08-08,BKK,departure,02:10,NKG Nanjing,MU2804,China Eastern,4h 0m,True,2026-02-11T19:17:13.150790
2026-08-08,BKK,departure,02:10,PVG Shanghai,MU548,China Eastern,4h 25m,True,2026-02-11T19:17:13.271826
2026-08-08,BKK,departure,02:25,RGN Yangon,8M391,MAI,1h 20m,True,2026-02-11T19:17:13.393098
2026-08-08,BKK,departure,02:25,TNA Jinan,SC8076,Shandong Airlines,4h 45m,True,2026-02-11T19:17:13.515052
2026-08-08,BKK,departure,02:25,ICN Seoul,VZ850,Vietjet Thailand,5h 35m,True,2026-02-11T19:17:13.637488
2026-08-08,BKK,departure,02:30,DOH Doha,QR837,Qatar Airways,6h 35m,True,2026-02-11T19:17:13.767734
2026-08-08,BKK,departure,02:35,ICN Seoul,KE656,Korean Air,5h 40m,True,2026-02-11T19:17:13.890099
2026-08-08,BKK,departure,02:40,TPE Taipei,CI838,China Airlines,3h 45m,True,2026-02-11T19:17:14.009415
2026-08-08,BKK,departure,02:40,HKG Hong Kong,HX768,Hong Kong Airlines,3h 20m,True,2026-02-11T19:17:14.131205
2026-08-08,BKK,departure,02:50,XIY Xian,9C6252,Spring Airlines,3h 45m,True,2026-02-11T19:17:14.254489
2026-08-08,BKK,departure,02:50,DXB Dubai,EK377,Emirates,6h 10m,True,2026-02-11T19:17:14.378609
2026-08-08,BKK,departure,03:00,CAN Guangzhou,CZ3036,China Southern,2h 55m,True,2026-02-11T19:17:14.508752
2026-08-08,BKK,departure,03:00,CAN Guangzhou,MU2078,China Eastern,3h 50m,True,2026-02-11T19:17:14.632150
2026-08-08,BKK,departure,03:00,DOH Doha,QR827,Qatar Airways,6h 35m,True,2026-02-11T19:17:14.753312
2026-08-08,BKK,departure,03:15,AUH Abu Dhabi,EY401,Etihad,6h 30m,True,2026-02-11T19:17:14.875329
2026-08-08,BKK,departure,03:15,SZX Shenzhen,ZH306,Shenzhen Airlines,2h 55m,True,2026-02-11T19:17:14.993397
2026-08-08,BKK,departure,03:25,MNL Manila,5J932,Cebu Pacific,3h 45m,True,2026-02-11T19:17:15.116845
2026-08-08,BKK,departure,03:40,DXB Dubai,EK371,Emirates,6h 10m,True,2026-02-11T19:17:15.237517
2026-08-08,BKK,departure,03:50,DEL Delhi,SG88,SpiceJet,4h 25m,True,2026-02-11T19:17:15.360039
2026-08-08,BKK,departure,04:05,XIY Xian,GJ8908,Loong Air,3h 35m,True,2026-02-11T19:17:15.480329
2026-08-08,BKK,departure,04:15,BBI Bhubaneswar,6E1066,IndiGo,2h 45m,True,2026-02-11T19:17:15.599583
2026-08-08,BKK,departure,04:20,WUH Wuhan,MU2564,China Eastern,3h 20m,True,2026-02-11T19:17:15.724364
2026-08-08,BKK,departure,04:20,ASB Ashgabat,T5642,Turkmenistan Airlines,7h 30m,True,2026-02-11T19:17:15.844055
2026-08-08,BKK,departure,05:00,PBH Paro,KB153,Drukair,3h 15m,True,2026-02-11T19:17:15.970318
2026-08-08,BKK,departure,05:05,PVG Shanghai,FM848,Shanghai Airlines,4h 30m,True,2026-02-11T19:17:16.088997
2026-08-08,BKK,departure,06:00,KUL Kuala Lumpur,MH797,Malaysia Airlines,2h 10m,True,2026-02-11T19:17:16.216528
2026-08-08,BKK,departure,06:05,USM Koh Samui,PG101,Bangkok Airways,1h 5m,True,2026-02-11T19:17:16.337690
2026-08-08,BKK,departure,06:10,CNX Chiang Mai,VZ100,Vietjet Thailand,1h 20m,True,2026-02-11T19:17:16.467993
2026-08-08,BKK,departure,06:10,NST Nakhon Si Thammarat,VZ330,Vietjet Thailand,1h 20m,True,2026-02-11T19:17:16.595172
2026-08-08,BKK,departure,06:25,USM Koh Samui,PG103,Bangkok Airways,1h 5m,True,2026-02-11T19:17:16.717781
2026-08-08,BKK,departure,06:30,USM Koh Samui,PG105,Bangkok Airways,1h 5m,True,2026-02-11T19:17:16.841071
2026-08-08,BKK,departure,06:30,CEI Chiang Rai,VZ130,Vietjet Thailand,1h 25m,True,2026-02-11T19:17:16.966660
2026-08-08,BKK,departure,06:40,CEI Chiang Rai,FD4150,Thai AirAsia,1h 25m,True,2026-02-11T19:17:17.089024
2026-08-08,BKK,departure,06:40,USM Koh Samui,PG109,Bangkok Airways,1h 5m,True,2026-02-11T19:17:17.214321
2026-08-08,BKK,departure,06:40,IST Istanbul,TK59,Turkish Airlines,10h 0m,True,2026-02-11T19:17:17.334358
2026-08-08,BKK,departure,07:00,NRT Tokyo,NH806,ANA,6h 20m,True,2026-02-11T19:17:17.456441
2026-08-08,BKK,departure,07:00,THS Sukhothai,PG211,Bangkok Airways,1h 20m,True,2026-02-11T19:17:17.576735
2026-08-08,BKK,departure,07:00,HDY Hat Yai,TG259,Thai Airways,1h 25m,True,2026-02-11T19:17:17.698723
2026-08-08,BKK,departure,07:00,KKC Khon Kaen,TG40,Thai Airways,1h 0m,True,2026-02-11T19:17:17.821853
2026-08-08,BKK,departure,07:00,UTH Udon Thani,TG2,Thai Airways,1h 10m,True,2026-02-11T19:17:17.941791
2026-08-08,BKK,departure,07:00,HKT Phuket,VZ314,Vietjet Thailand,1h 30m,True,2026-02-11T19:17:18.061533
2026-08-08,BKK,departure,07:00,KBV Krabi,VZ340,Vietjet Thailand,1h 25m,True,2026-02-11T19:17:18.181837
2026-08-08,BKK,departure,07:05,HEL Helsinki,AY142,Finnair,12h 20m,True,2026-02-11T19:17:18.302101
2026-08-08,BKK,departure,07:05,UBP Ubon Ratchathani,TG20,Thai Airways,1h 10m,True,2026-02-11T19:17:18.430768
2026-08-08,BKK,departure,07:05,KKC Khon Kaen,VZ210,Vietjet Thailand,1h 5m,True,2026-02-11T19:17:18.549848
2026-08-08,BKK,departure,07:10,USM Koh Samui,PG107,Bangkok Airways,1h 5m,True,2026-02-11T19:17:18.671097
2026-08-08,BKK,departure,07:10,HDY Hat Yai,VZ320,Vietjet Thailand,1h 30m,True,2026-02-11T19:17:18.796444
2026-08-08,BKK,departure,07:15,HDY Hat Yai,FD4202,Thai AirAsia,1h 35m,True,2026-02-11T19:17:18.921110
2026-08-08,BKK,departure,07:15,UTH Udon Thani,FD4350,Thai AirAsia,1h 15m,True,2026-02-11T19:17:19.050249
2026-08-08,BKK,departure,07:20,KBV Krabi,PG261,Bangkok Airways,1h 25m,True,2026-02-11T19:17:19.171797
2026-08-08,BKK,departure,07:25,CNX Chiang Mai,TG102,Thai Airways,1h 20m,True,2026-02-11T19:17:19.294575
2026-08-08,BKK,departure,07:25,MNL Manila,TG620,Thai Airways,3h 20m,True,2026-02-11T19:17:19.413093
2026-08-08,BKK,departure,07:30,URT Surat Thani,FD4212,Thai AirAsia,1h 25m,True,2026-02-11T19:17:19.535137
2026-08-08,BKK,departure,07:30,IXB Bagdogra,KB131,Drukair,3h 10m,True,2026-02-11T19:17:19.654490
2026-08-08,BKK,departure,07:30,USM Koh Samui,PG121,Bangkok Airways,1h 5m,True,2026-02-11T19:17:19.777348
2026-08-08,BKK,departure,07:30,HKT Phuket,TG201,Thai Airways,1h 30m,True,2026-02-11T19:17:19.898899
2026-08-08,BKK,departure,07:30,KTI Phnom Penh,TG586,Thai Airways,1h 20m,True,2026-02-11T19:17:20.023928
2026-08-08,BKK,departure,07:35,DEL Delhi,TG323,Thai Airways,4h 30m,True,2026-02-11T19:17:20.146954
2026-08-08,BKK,departure,07:35,SGN Ho Chi Minh City,TG550,Thai Airways,1h 30m,True,2026-02-11T19:17:20.279231
2026-08-08,BKK,departure,07:40,SAI Siem Reap,PG903,Bangkok Airways,1h 20m,True,2026-02-11T19:17:20.401212
2026-08-08,BKK,departure,07:40,KBV Krabi,TG241,Thai Airways,1h 20m,True,2026-02-11T19:17:20.524727
2026-08-08,BKK,departure,07:40,CNX Chiang Mai,VZ114,Vietjet Thailand,1h 20m,True,2026-02-11T19:17:20.648614
2026-08-08,BKK,departure,07:45,HAN Hanoi,TG560,Thai Airways,1h 50m,True,2026-02-11T19:17:20.773112
2026-08-08,BKK,departure,07:45,NRT Tokyo,TG676,Thai Airways,6h 10m,True,2026-02-11T19:17:20.894836
2026-08-08,BKK,departure,07:45,CMB Colombo,UL403,SriLankan Airlines,3h 20m,True,2026-02-11T19:17:21.018541
2026-08-08,BKK,departure,07:50,KMG Kunming,MU9622,China Eastern,2h 5m,True,2026-02-11T19:17:21.139341
2026-08-08,BKK,departure,07:55,HKT Phuket,FD4124,Thai AirAsia,1h 35m,True,2026-02-11T19:17:21.261772
2026-08-08,BKK,departure,08:00,CNX Chiang Mai,PG215,Bangkok Airways,1h 20m,True,2026-02-11T19:17:21.385102
2026-08-08,BKK,departure,08:00,CGK Jakarta,TG433,Thai Airways,3h 35m,True,2026-02-11T19:17:21.509656
2026-08-08,BKK,departure,08:00,HKG Hong Kong,TG600,Thai Airways,2h 45m,True,2026-02-11T19:17:21.633263
2026-08-08,BKK,departure,08:00,ICN Seoul,TG652,Thai Airways,5h 25m,True,2026-02-11T19:17:21.759174
2026-08-08,BKK,departure,08:00,SIN Singapore,TG403,Thai Airways,2h 15m,True,2026-02-11T19:17:21.884841
2026-08-08,BKK,departure,08:05,HKG Hong Kong,CX700,Cathay Pacific,3h 5m,True,2026-02-11T19:17:22.008660
2026-08-08,BKK,departure,08:05,NRT Tokyo,JL708,JAL,6h 10m,True,2026-02-11T19:17:22.126873
2026-08-08,BKK,departure,08:05,HKT Phuket,PG271,Bangkok Airways,1h 30m,True,2026-02-11T19:17:22.255082
2026-08-08,BKK,departure,08:05,CEI Chiang Rai,TG130,Thai Airways,1h 35m,True,2026-02-11T19:17:22.377459
2026-08-08,BKK,departure,08:05,HKT Phuket,TG203,Thai Airways,1h 30m,True,2026-02-11T19:17:22.499831
2026-08-08,BKK,departure,08:10,USM Koh Samui,PG123,Bangkok Airways,1h 10m,True,2026-02-11T19:17:22.619236
2026-08-08,BKK,departure,08:10,MEL Melbourne,TG461,Thai Airways,8h 50m,True,2026-02-11T19:17:22.737469
2026-08-08,BKK,departure,08:15,TDX Trat,PG301,Bangkok Airways,1h 0m,True,2026-02-11T19:17:22.861292
2026-08-08,BKK,departure,08:15,DAD Da Nang,VZ964,Vietjet Thailand,1h 40m,True,2026-02-11T19:17:22.983928
2026-08-08,BKK,departure,08:20,CAN Guangzhou,CZ362,China Southern,3h 0m,True,2026-02-11T19:17:23.105610
2026-08-08,BKK,departure,08:20,KBV Krabi,FD4402,Thai AirAsia,1h 30m,True,2026-02-11T19:17:23.227500
2026-08-08,BKK,departure,08:20,HKT Phuket,VZ300,Vietjet Thailand,1h 30m,True,2026-02-11T19:17:23.599866
2026-08-08,BKK,departure,08:25,KIX Osaka,TG672,Thai Airways,5h 30m,True,2026-02-11T19:17:24.307674
2026-08-08,BKK,departure,08:25,TPE Taipei,TG632,Thai Airways,3h 40m,True,2026-02-11T19:17:25.520017
2026-08-08,BKK,departure,08:30,CNX Chiang Mai,FD4104,Thai AirAsia,1h 20m,True,2026-02-11T19:17:25.658566
2026-08-08,BKK,departure,08:30,SYD Sydney,TG475,Thai Airways,9h 0m,True,2026-02-11T19:17:25.800225
2026-08-08,BKK,departure,08:30,UTH Udon Thani,VZ200,Vietjet Thailand,1h 10m,True,2026-02-11T19:17:25.940998
2026-08-08,BKK,departure,08:40,DEL Delhi,AI2333,Air India,4h 25m,True,2026-02-11T19:17:26.063218
2026-08-08,BKK,departure,08:40,KTI Phnom Penh,VZ720,Vietjet Thailand,1h 15m,True,2026-02-11T19:17:26.186723
2026-08-08,BKK,departure,08:55,BOM Mumbai,6E1052,IndiGo,4h 25m,True,2026-02-11T19:17:26.309301
2026-08-08,BKK,departure,08:55,SHJ Sharjah,G9822,Air Arabia,6h 25m,True,2026-02-11T19:17:26.432816
2026-08-08,BKK,departure,08:55,TPE Taipei,VZ568,Vietjet Thailand,3h 50m,True,2026-02-11T19:17:26.555009
2026-08-08,BKK,departure,09:00,RUN Saint Denis de la Reunion,UU888,Air Austral,7h 35m,True,2026-02-11T19:17:26.678969
2026-08-08,BKK,departure,09:00,MCT Muscat,WY818,Oman Air,5h 50m,True,2026-02-11T19:17:26.799769
2026-08-08,BKK,departure,09:05,KUL Kuala Lumpur,TG415,Thai Airways,2h 10m,True,2026-02-11T19:17:26.922293
2026-08-08,BKK,departure,09:05,SIN Singapore,TR609,Scoot,2h 20m,True,2026-02-11T19:17:27.044247
2026-08-08,BKK,departure,09:15,JJN Jinjiang,AQ1436,9 Air,2h 45m,True,2026-02-11T19:17:27.162650
2026-08-08,BKK,departure,09:15,AUH Abu Dhabi,EY403,Etihad,6h 20m,True,2026-02-11T19:17:27.284967
2026-08-08,BKK,departure,09:15,USM Koh Samui,PG115,Bangkok Airways,1h 30m,True,2026-02-11T19:17:27.407922
2026-08-08,BKK,departure,09:15,DOH Doha,QR831,Qatar Airways,6h 35m,True,2026-02-11T19:17:27.528872
2026-08-08,BKK,departure,09:20,SIN Singapore,SQ705,Singapore Airlines,2h 25m,True,2026-02-11T19:17:27.648987
2026-08-08,BKK,departure,09:20,RGN Yangon,UB20,Myanmar National Airlines,1h 25m,True,2026-02-11T19:17:27.772963
2026-08-08,BKK,departure,09:20,PQC Phu Quoc,VZ980,Vietjet Thailand,1h 20m,True,2026-02-11T19:17:27.901624
2026-08-08,BKK,departure,09:25,MAA Chennai,6E1062,IndiGo,3h 15m,True,2026-02-11T19:17:28.022496
2026-08-08,BKK,departure,09:30,HKT Phuket,TG205,Thai Airways,1h 30m,True,2026-02-11T19:17:28.142570
2026-08-08,BKK,departure,09:35,HND Tokyo,NH848,ANA,6h 25m,True,2026-02-11T19:17:28.264949
2026-08-08,BKK,departure,09:35,DPS Denpasar,TG431,Thai Airways,4h 20m,True,2026-02-11T19:17:28.391624
2026-08-08,BKK,departure,09:35,RGN Yangon,TG301,Thai Airways,1h 30m,True,2026-02-11T19:17:28.511667
2026-08-08,BKK,departure,09:35,URT Surat Thani,VZ350,Vietjet Thailand,1h 15m,True,2026-02-11T19:17:28.632887
2026-08-08,BKK,departure,09:40,VTE Vientiane,QV442,Lao Airlines,1h 15m,True,2026-02-11T19:17:28.757183
2026-08-08,BKK,departure,09:45,AUH Abu Dhabi,EY409,Etihad,6h 20m,True,2026-02-11T19:17:28.873576
2026-08-08,BKK,departure,09:45,HND Tokyo,JL32,JAL,6h 15m,True,2026-02-11T19:17:29.002324
2026-08-08,BKK,departure,09:50,PVG Shanghai,FM842,Shanghai Airlines,4h 35m,True,2026-02-11T19:17:29.124102
2026-08-08,BKK,departure,09:50,ICN Seoul,KE660,Korean Air,5h 30m,True,2026-02-11T19:17:29.245133
2026-08-08,BKK,departure,09:55,DXB Dubai,EK375,Emirates,6h 5m,True,2026-02-11T19:17:29.372991
2026-08-08,BKK,departure,09:55,CNX Chiang Mai,PG223,Bangkok Airways,1h 20m,True,2026-02-11T19:17:29.494689
2026-08-08,BKK,departure,09:55,LPQ Luang Prabang,PG941,Bangkok Airways,2h 10m,True,2026-02-11T19:17:29.612210
2026-08-08,BKK,departure,09:55,USM Koh Samui,PG129,Bangkok Airways,1h 10m,True,2026-02-11T19:17:29.752029
2026-08-08,BKK,departure,09:55,DOH Doha,QR839,Qatar Airways,6h 35m,True,2026-02-11T19:17:29.879604
2026-08-08,BKK,departure,09:55,CNX Chiang Mai,TG104,Thai Airways,1h 20m,True,2026-02-11T19:17:30.003274
2026-08-08,BKK,departure,09:55,CNX Chiang Mai,VZ102,Vietjet Thailand,1h 20m,True,2026-02-11T19:17:30.123506
2026-08-08,BKK,departure,10:00,PEK Beijing,TG614,Thai Airways,4h 45m,True,2026-02-11T19:17:30.244896
2026-08-08,BKK,departure,10:05,CCU Kolkata,6E1058,IndiGo,2h 40m,True,2026-02-11T19:17:30.368592
2026-08-08,BKK,departure,10:05,USM Koh Samui,PG125,Bangkok Airways,1h 10m,True,2026-02-11T19:17:30.486618
2026-08-08,BKK,departure,10:05,CDG Paris,SB500,Aircalin,12h 45m,True,2026-02-11T19:17:30.607718
2026-08-08,BKK,departure,10:10,USM Koh Samui,PG127,Bangkok Airways,1h 30m,True,2026-02-11T19:17:30.730478
2026-08-08,BKK,departure,10:10,HKG Hong Kong,UO705,HK Express,3h 10m,True,2026-02-11T19:17:30.852518
2026-08-08,BKK,departure,10:15,RGN Yangon,8M336,MAI,1h 20m,True,2026-02-11T19:17:30.976671
2026-08-08,BKK,departure,10:15,ALA Almaty,KC932,Air Astana,6h 40m,True,2026-02-11T19:17:31.098338
2026-08-08,BKK,departure,10:15,KTM Kathmandu,TG319,Thai Airways,3h 25m,True,2026-02-11T19:17:31.219021
2026-08-08,BKK,departure,10:20,HKT Phuket,VZ304,Vietjet Thailand,1h 30m,True,2026-02-11T19:17:31.343560
2026-08-08,BKK,departure,10:30,NST Nakhon Si Thammarat,FD4231,Thai AirAsia,1h 25m,True,2026-02-11T19:17:31.462812
2026-08-08,BKK,departure,10:30,USM Koh Samui,PG131,Bangkok Airways,1h 5m,True,2026-02-11T19:17:31.584316
2026-08-08,BKK,departure,10:30,CAN Guangzhou,TG668,Thai Airways,3h 0m,True,2026-02-11T19:17:31.708117
2026-08-08,BKK,departure,10:30,HKG Hong Kong,TG628,Thai Airways,2h 50m,True,2026-02-11T19:17:31.830814
2026-08-08,BKK,departure,10:30,KKC Khon Kaen,TG42,Thai Airways,1h 5m,True,2026-02-11T19:17:31.952490
2026-08-08,BKK,departure,10:35,MFM Macau,NX995,Air Macau,2h 45m,True,2026-02-11T19:17:32.074254
2026-08-08,BKK,departure,10:35,DAC Dhaka,TG321,Thai Airways,2h 35m,True,2026-02-11T19:17:32.197731
2026-08-08,BKK,departure,10:40,HKT Phuket,PG275,Bangkok Airways,1h 30m,True,2026-02-11T19:17:32.318802
2026-08-08,BKK,departure,10:45,CNX Chiang Mai,FD4106,Thai AirAsia,1h 20m,True,2026-02-11T19:17:32.435422
2026-08-08,BKK,departure,10:45,KMG Kunming,TG612,Thai Airways,2h 15m,True,2026-02-11T19:17:32.553602
2026-08-08,BKK,departure,10:45,PVG Shanghai,TG664,Thai Airways,4h 15m,True,2026-02-11T19:17:32.678774
2026-08-08,BKK,departure,10:50,DEL Delhi,6E1064,IndiGo,4h 35m,True,2026-02-11T19:17:32.796892
2026-08-08,BKK,departure,10:50,TPE Taipei,CI834,China Airlines,3h 40m,True,2026-02-11T19:17:32.919244
2026-08-08,BKK,departure,10:50,NNG Nanning,GX8910,GX Airlines,2h 5m,True,2026-02-11T19:17:33.038748
2026-08-08,BKK,departure,10:50,HKT Phuket,TG207,Thai Airways,1h 30m,True,2026-02-11T19:17:33.157640
2026-08-08,BKK,departure,10:50,TFU Chengdu,TG618,Thai Airways,3h 10m,True,2026-02-11T19:17:33.280213
2026-08-08,BKK,departure,10:50,DAD Da Nang,VZ960,Vietjet Thailand,1h 40m,True,2026-02-11T19:17:33.401204
2026-08-08,BKK,departure,10:55,SAI Siem Reap,PG905,Bangkok Airways,1h 20m,True,2026-02-11T19:17:33.529394
2026-08-08,BKK,departure,10:55,SIN Singapore,TR625,Scoot,2h 30m,True,2026-02-11T19:17:33.655066
2026-08-08,BKK,departure,11:00,HKG Hong Kong,CX750,Cathay Pacific,3h 10m,True,2026-02-11T19:17:33.774447
2026-08-08,BKK,departure,11:00,HDY Hat Yai,VZ324,Vietjet Thailand,1h 30m,True,2026-02-11T19:17:33.902496
2026-08-08,BKK,departure,11:00,UBP Ubon Ratchathani,VZ220,Vietjet Thailand,1h 10m,True,2026-02-11T19:17:34.033754
2026-08-08,BKK,departure,11:05,HAK Haikou,HU7940,Hainan Airlines,2h 25m,True,2026-02-11T19:17:34.154887
2026-08-08,BKK,departure,11:05,KUL Kuala Lumpur,MH785,Malaysia Airlines,2h 10m,True,2026-02-11T19:17:34.279024
2026-08-08,BKK,departure,11:10,TPE Taipei,BR62,EVA Air,3h 55m,True,2026-02-11T19:17:34.398590
2026-08-08,BKK,departure,11:10,CNX Chiang Mai,FD4100,Thai AirAsia,1h 20m,True,2026-02-11T19:17:34.521568
2026-08-08,BKK,departure,11:15,SIN Singapore,TG413,Thai Airways,2h 15m,True,2026-02-11T19:17:34.646662
2026-08-08,BKK,departure,11:20,CAN Guangzhou,CZ358,China Southern,2h 50m,True,2026-02-11T19:17:34.766574
2026-08-08,BKK,departure,11:20,NAW Narathiwat,FD4252,Thai AirAsia,1h 35m,True,2026-02-11T19:17:34.887973
2026-08-08,BKK,departure,11:20,SHJ Sharjah,G9824,Air Arabia,6h 25m,True,2026-02-11T19:17:35.011946
2026-08-08,BKK,departure,11:20,SGN Ho Chi Minh City,VN600,Vietnam Airlines,1h 45m,True,2026-02-11T19:17:35.133720
2026-08-08,BKK,departure,11:25,MNL Manila,5J930,Cebu Pacific,3h 50m,True,2026-02-11T19:17:35.255135
2026-08-08,BKK,departure,11:25,CDG Paris,AF199,Air France,12h 25m,True,2026-02-11T19:17:35.373852
2026-08-08,BKK,departure,11:25,KKC Khon Kaen,FD4501,Thai AirAsia,1h 10m,True,2026-02-11T19:17:35.502996
2026-08-08,BKK,departure,11:25,VTE Vientiane,TG570,Thai Airways,1h 15m,True,2026-02-11T19:17:35.626691
2026-08-08,BKK,departure,11:30,MDL Mandalay,8M338,MAI,1h 50m,True,2026-02-11T19:17:35.741110
2026-08-08,BKK,departure,11:30,XIY Xian,9C6300,Spring Airlines,3h 50m,True,2026-02-11T19:17:35.865189
2026-08-08,BKK,departure,11:30,SGN Ho Chi Minh City,VJ802,VietJet,1h 30m,True,2026-02-11T19:17:35.991101
2026-08-08,BKK,departure,11:35,KTI Phnom Penh,KR702,Cambodia Airways,1h 15m,True,2026-02-11T19:17:36.115263
2026-08-08,BKK,departure,11:35,CEI Chiang Rai,TG132,Thai Airways,1h 35m,True,2026-02-11T19:17:36.238512
2026-08-08,BKK,departure,11:40,TDX Trat,PG305,Bangkok Airways,1h 0m,True,2026-02-11T19:17:36.363541
2026-08-08,BKK,departure,11:40,USM Koh Samui,PG133,Bangkok Airways,1h 5m,True,2026-02-11T19:17:36.489045
2026-08-08,BKK,departure,11:40,CNX Chiang Mai,TG106,Thai Airways,1h 20m,True,2026-02-11T19:17:36.609262
2026-08-08,BKK,departure,11:45,NNG Nanning,9C7486,Spring Airlines,2h 20m,True,2026-02-11T19:17:36.729061
2026-08-08,BKK,departure,11:45,CKG Chongqing,HU424,Hainan Airlines,3h 20m,True,2026-02-11T19:17:36.845815
2026-08-08,BKK,departure,11:45,KHH Kaohsiung,TG630,Thai Airways,3h 30m,True,2026-02-11T19:17:36.971125
2026-08-08,BKK,departure,11:50,PVG Shanghai,FM854,Shanghai Airlines,4h 20m,True,2026-02-11T19:17:37.093703
2026-08-08,BKK,departure,11:55,HYD Hyderabad,6E1068,IndiGo,3h 30m,True,2026-02-11T19:17:37.216953
2026-08-08,BKK,departure,11:55,KWI Kuwait,KU412,Kuwait Airways,7h 20m,True,2026-02-11T19:17:37.338574
2026-08-08,BKK,departure,11:55,HAN Hanoi,VN610,Vietnam Airlines,1h 55m,True,2026-02-11T19:17:37.467985
2026-08-08,BKK,departure,12:00,FOC Fuzhou,9C7302,Spring Airlines,3h 30m,True,2026-02-11T19:17:37.590990
2026-08-08,BKK,departure,12:05,HKG Hong Kong,CX774,Cathay Pacific,3h 10m,True,2026-02-11T19:17:37.714778
2026-08-08,BKK,departure,12:05,AMS Amsterdam,KL844,KLM,12h 5m,True,2026-02-11T19:17:37.837113
2026-08-08,BKK,departure,12:10,SZX Shenzhen,ZH310,Shenzhen Airlines,2h 55m,True,2026-02-11T19:17:37.966795
2026-08-08,BKK,departure,12:15,AMS Amsterdam,BR75,EVA Air,12h 10m,True,2026-02-11T19:17:38.096940
2026-08-08,BKK,departure,12:15,SWA Jieyang,CZ8356,China Southern,3h 5m,True,2026-02-11T19:17:38.226944
2026-08-08,BKK,departure,12:15,XMN Xiamen,MF854,XiamenAir,3h 15m,True,2026-02-11T19:17:38.357052
2026-08-08,BKK,departure,12:15,SIN Singapore,SQ707,Singapore Airlines,2h 35m,True,2026-02-11T19:17:38.488802
2026-08-08,BKK,departure,12:15,UTH Udon Thani,TG4,Thai Airways,1h 10m,True,2026-02-11T19:17:38.620061
2026-08-08,BKK,departure,12:20,BLR Bengaluru,6E1056,IndiGo,3h 40m,True,2026-02-11T19:17:38.751194
2026-08-08,BKK,departure,12:20,CNX Chiang Mai,FD4118,Thai AirAsia,1h 20m,True,2026-02-11T19:17:38.879860
2026-08-08,BKK,departure,12:20,HKT Phuket,FD4110,Thai AirAsia,1h 35m,True,2026-02-11T19:17:39.016842
2026-08-08,BKK,departure,12:20,ICN Seoul,OZ744,Asiana,5h 20m,True,2026-02-11T19:17:39.144679
2026-08-08,BKK,departure,12:20,CNX Chiang Mai,VZ110,Vietjet Thailand,1h 20m,True,2026-02-11T19:17:39.275490
2026-08-08,BKK,departure,12:25,TPE Taipei,BR212,EVA Air,3h 50m,True,2026-02-11T19:17:39.406836
2026-08-08,BKK,departure,12:25,CNX Chiang Mai,PG217,Bangkok Airways,1h 20m,True,2026-02-11T19:17:39.543500
2026-08-08,BKK,departure,12:25,FRA Frankfurt,TG922,Thai Airways,11h 35m,True,2026-02-11T19:17:39.673282
2026-08-08,BKK,departure,12:30,HKG Hong Kong,CX754,Cathay Pacific,3h 10m,True,2026-02-11T19:17:39.802281
2026-08-08,BKK,departure,12:30,HDY Hat Yai,TG263,Thai Airways,1h 30m,True,2026-02-11T19:17:39.926948
2026-08-08,BKK,departure,12:35,HKT Phuket,PG273,Bangkok Airways,1h 30m,True,2026-02-11T19:17:40.047326
2026-08-08,BKK,departure,12:40,CAN Guangzhou,CZ8080,China Southern,3h 0m,True,2026-02-11T19:17:40.168201
2026-08-08,BKK,departure,12:40,SZX Shenzhen,CZ8076,China Southern,3h 0m,True,2026-02-11T19:17:40.288864
2026-08-08,BKK,departure,12:40,USM Koh Samui,PG135,Bangkok Airways,1h 5m,True,2026-02-11T19:17:40.412145
2026-08-08,BKK,departure,12:40,DPS Denpasar,TG439,Thai Airways,4h 20m,True,2026-02-11T19:17:40.533861
2026-08-08,BKK,departure,12:40,TPE Taipei,TG634,Thai Airways,3h 40m,True,2026-02-11T19:17:40.657461
2026-08-08,BKK,departure,12:45,LHR London,BR67,EVA Air,12h 35m,True,2026-02-11T19:17:40.776054
2026-08-08,BKK,departure,12:45,LHR London,TG916,Thai Airways,12h 30m,True,2026-02-11T19:17:40.898684
2026-08-08,BKK,departure,12:50,HGH Hangzhou,JD420,Capital Airlines,4h 0m,True,2026-02-11T19:17:41.022581
2026-08-08,BKK,departure,12:50,ZRH Zurich,LX181,SWISS,11h 45m,True,2026-02-11T19:17:41.147168
2026-08-08,BKK,departure,12:55,IKT Irkutsk,SU659,Aeroflot,6h 20m,True,2026-02-11T19:17:41.270505
2026-08-08,BKK,departure,13:00,HND Tokyo,TG660,Thai Airways,6h 10m,True,2026-02-11T19:17:41.398541
2026-08-08,BKK,departure,13:05,KTI Phnom Penh,K6723,Air Cambodia,1h 15m,True,2026-02-11T19:17:41.524887
2026-08-08,BKK,departure,13:05,NST Nakhon Si Thammarat,VZ334,Vietjet Thailand,1h 20m,True,2026-02-11T19:17:41.648597
2026-08-08,BKK,departure,13:10,TPE Taipei,JX742,Starlux,3h 50m,True,2026-02-11T19:17:41.777612
2026-08-08,BKK,departure,13:10,HKT Phuket,VZ2300,Vietjet Thailand,1h 30m,True,2026-02-11T19:17:41.903952
2026-08-08,BKK,departure,13:15,UTH Udon Thani,VZ204,Vietjet Thailand,1h 10m,True,2026-02-11T19:17:42.029423
2026-08-08,BKK,departure,13:20,TPE Taipei,CI832,China Airlines,3h 40m,True,2026-02-11T19:17:42.151126
2026-08-08,BKK,departure,13:20,KMG Kunming,MU6088,China Eastern,2h 25m,True,2026-02-11T19:17:42.276750
2026-08-08,BKK,departure,13:25,MNL Manila,PR731,PAL,3h 35m,True,2026-02-11T19:17:42.399192
2026-08-08,BKK,departure,13:25,CEI Chiang Rai,VZ132,Vietjet Thailand,1h 25m,True,2026-02-11T19:17:42.523941
2026-08-08,BKK,departure,13:30,CCU Kolkata,B3701,Bhutan Airlines,2h 40m,True,2026-02-11T19:17:42.646845
2026-08-08,BKK,departure,13:30,BWN Bandar Seri Begawan,BI514,Royal Brunei Airlines,2h 45m,True,2026-02-11T19:17:42.766969
2026-08-08,BKK,departure,13:30,CNX Chiang Mai,TG110,Thai Airways,1h 20m,True,2026-02-11T19:17:42.888735
2026-08-08,BKK,departure,13:35,PVG Shanghai,MU542,China Eastern,4h 40m,True,2026-02-11T19:17:43.012367
2026-08-08,BKK,departure,13:35,KTI Phnom Penh,TK52,Turkish Airlines,1h 30m,True,2026-02-11T19:17:43.137392
2026-08-08,BKK,departure,13:40,USM Koh Samui,PG145,Bangkok Airways,1h 5m,True,2026-02-11T19:17:43.265508
2026-08-08,BKK,departure,13:40,CNX Chiang Mai,VZ106,Vietjet Thailand,1h 20m,True,2026-02-11T19:17:43.393921
2026-08-08,BKK,departure,13:45,TFU Chengdu,9C7502,Spring Airlines,3h 15m,True,2026-02-11T19:17:43.513148
2026-08-08,BKK,departure,13:45,CAN Guangzhou,CZ8100,China Southern,3h 0m,True,2026-02-11T19:17:43.635176
2026-08-08,BKK,departure,13:50,PVG Shanghai,9C7422,Spring Airlines,4h 15m,True,2026-02-11T19:17:43.753334
2026-08-08,BKK,departure,13:50,PEK Beijing,HU430,Hainan Airlines,5h 5m,True,2026-02-11T19:17:43.878061
2026-08-08,BKK,departure,13:50,SIN Singapore,TG407,Thai Airways,2h 15m,True,2026-02-11T19:17:44.003582
2026-08-08,BKK,departure,13:50,SGN Ho Chi Minh City,VJ804,VietJet,1h 30m,True,2026-02-11T19:17:44.129240
2026-08-08,BKK,departure,13:55,HND Tokyo,NH878,ANA,6h 20m,True,2026-02-11T19:17:44.252031
2026-08-08,BKK,departure,13:55,USM Koh Samui,PG149,Bangkok Airways,1h 30m,True,2026-02-11T19:17:44.379810
2026-08-08,BKK,departure,13:55,HKT Phuket,TG211,Thai Airways,1h 30m,True,2026-02-11T19:17:44.501962
2026-08-08,BKK,departure,13:55,CMB Colombo,UL405,SriLankan Airlines,3h 20m,True,2026-02-11T19:17:44.620992
2026-08-08,BKK,departure,14:00,HKG Hong Kong,TG638,Thai Airways,2h 45m,True,2026-02-11T19:17:44.741208
2026-08-08,BKK,departure,14:00,HAN Hanoi,VJ902,VietJet,1h 50m,True,2026-02-11T19:17:44.862434
2026-08-08,BKK,departure,14:05,XIY Xian,9C6294,Spring Airlines,3h 50m,True,2026-02-11T19:17:44.984941
2026-08-08,BKK,departure,14:05,USM Koh Samui,PG147,Bangkok Airways,1h 5m,True,2026-02-11T19:17:45.110141
2026-08-08,BKK,departure,14:10,KKC Khon Kaen,TG44,Thai Airways,1h 0m,True,2026-02-11T19:17:45.231899
2026-08-08,BKK,departure,14:15,HKG Hong Kong,EK384,Emirates,3h 0m,True,2026-02-11T19:17:45.364991
2026-08-08,BKK,departure,14:15,CGK Jakarta,ET628,Ethiopian,3h 45m,True,2026-02-11T19:17:45.484940
2026-08-08,BKK,departure,14:15,CGK Jakarta,GA867,Garuda Indonesia,3h 35m,True,2026-02-11T19:17:45.606838
2026-08-08,BKK,departure,14:15,KUL Kuala Lumpur,MH789,Malaysia Airlines,2h 15m,True,2026-02-11T19:17:45.729997
2026-08-08,BKK,departure,14:15,USM Koh Samui,PG161,Bangkok Airways,1h 5m,True,2026-02-11T19:17:45.853724
2026-08-08,BKK,departure,14:20,CGK Jakarta,TG435,Thai Airways,3h 35m,True,2026-02-11T19:17:45.977591
2026-08-08,BKK,departure,14:20,MNL Manila,TG624,Thai Airways,3h 25m,True,2026-02-11T19:17:46.098968
2026-08-08,BKK,departure,14:20,MCT Muscat,WY812,Oman Air,6h 15m,True,2026-02-11T19:17:46.220140
2026-08-08,BKK,departure,14:25,NGB Ningbo,9C7432,Spring Airlines,4h 15m,True,2026-02-11T19:17:46.342002
2026-08-08,BKK,departure,14:25,SGN Ho Chi Minh City,VN604,Vietnam Airlines,1h 50m,True,2026-02-11T19:17:46.467318
2026-08-08,BKK,departure,14:30,CEI Chiang Rai,FD4152,Thai AirAsia,1h 25m,True,2026-02-11T19:17:46.585205
2026-08-08,BKK,departure,14:30,SGN Ho Chi Minh City,VU130,Vietravel Airlines,1h 40m,True,2026-02-11T19:17:46.706713
2026-08-08,BKK,departure,14:30,KBV Krabi,VZ342,Vietjet Thailand,1h 25m,True,2026-02-11T19:17:46.831570
2026-08-08,BKK,departure,14:35,KBV Krabi,FD4400,Thai AirAsia,1h 35m,True,2026-02-11T19:17:46.952737
2026-08-08,BKK,departure,14:35,PQC Phu Quoc,VZ982,Vietjet Thailand,1h 20m,True,2026-02-11T19:17:47.076701
2026-08-08,BKK,departure,14:40,DAC Dhaka,BS218,US-Bangla Airlines,2h 40m,True,2026-02-11T19:17:47.196785
2026-08-08,BKK,departure,14:40,PNQ Pune,IX241,Air India Express,4h 15m,True,2026-02-11T19:17:47.327537
2026-08-08,BKK,departure,14:40,USM Koh Samui,PG151,Bangkok Airways,1h 5m,True,2026-02-11T19:17:47.448787
2026-08-08,BKK,departure,14:45,BOM Mumbai,AI2353,Air India,4h 40m,True,2026-02-11T19:17:47.565540
2026-08-08,BKK,departure,14:45,HKT Phuket,FD4112,Thai AirAsia,1h 30m,True,2026-02-11T19:17:47.690001
2026-08-08,BKK,departure,14:45,HKT Phuket,TG215,Thai Airways,1h 30m,True,2026-02-11T19:17:47.809982
2026-08-08,BKK,departure,14:45,UBP Ubon Ratchathani,VZ224,Vietjet Thailand,1h 10m,True,2026-02-11T19:17:47.932674
2026-08-08,BKK,departure,14:55,VVO Vladivostok,SU645,Aeroflot,6h 35m,True,2026-02-11T19:17:48.055805
2026-08-08,BKK,departure,14:55,CNX Chiang Mai,TG112,Thai Airways,1h 20m,True,2026-02-11T19:17:48.175130
2026-08-08,BKK,departure,15:00,SWA Jieyang,9C6194,Spring Airlines,2h 55m,True,2026-02-11T19:17:48.300947
2026-08-08,BKK,departure,15:00,HKG Hong Kong,CX654,Cathay Pacific,3h 5m,True,2026-02-11T19:17:48.423385
2026-08-08,BKK,departure,15:00,USM Koh Samui,PG157,Bangkok Airways,1h 30m,True,2026-02-11T19:17:48.541236
2026-08-08,BKK,departure,15:05,CAN Guangzhou,CZ5096,China Southern,3h 0m,True,2026-02-11T19:17:48.661425
2026-08-08,BKK,departure,15:05,AUH Abu Dhabi,EY405,Etihad,7h 15m,True,2026-02-11T19:17:48.788039
2026-08-08,BKK,departure,15:05,CAN Guangzhou,KQ886,Kenya Airways,3h 0m,True,2026-02-11T19:17:48.912101
2026-08-08,BKK,departure,15:10,TPE Taipei,BR202,EVA Air,3h 50m,True,2026-02-11T19:17:49.034097
2026-08-08,BKK,departure,15:15,DEL Delhi,AI2356,Air India,4h 30m,True,2026-02-11T19:17:49.154885
2026-08-08,BKK,departure,15:20,MFM Macau,NX935,Air Macau,2h 30m,True,2026-02-11T19:17:49.293555
2026-08-08,BKK,departure,15:25,RUH Riyadh,SV847,Saudia,7h 25m,True,2026-02-11T19:17:49.418265
2026-08-08,BKK,departure,15:25,SIN Singapore,TR605,Scoot,2h 30m,True,2026-02-11T19:17:49.539304
2026-08-08,BKK,departure,15:25,CNX Chiang Mai,VZ108,Vietjet Thailand,1h 20m,True,2026-02-11T19:17:49.662213
2026-08-08,BKK,departure,15:25,HKT Phuket,VZ306,Vietjet Thailand,1h 30m,True,2026-02-11T19:17:49.781735
2026-08-08,BKK,departure,15:30,BFV Buri Ram,FD4511,Thai AirAsia,1h 5m,True,2026-02-11T19:17:49.905361
2026-08-08,BKK,departure,15:30,USM Koh Samui,PG165,Bangkok Airways,1h 5m,True,2026-02-11T19:17:50.028516
2026-08-08,BKK,departure,15:30,SIN Singapore,SQ709,Singapore Airlines,2h 30m,True,2026-02-11T19:17:50.145658
2026-08-08,BKK,departure,15:30,UTH Udon Thani,VZ202,Vietjet Thailand,1h 10m,True,2026-02-11T19:17:50.262930
2026-08-08,BKK,departure,15:40,RGN Yangon,8M334,MAI,1h 20m,True,2026-02-11T19:17:50.387982
2026-08-08,BKK,departure,15:40,CNX Chiang Mai,FD4102,Thai AirAsia,1h 15m,True,2026-02-11T19:17:50.510991
2026-08-08,BKK,departure,15:45,LJG Lijiang,DR5042,Ruili Airlines,2h 40m,True,2026-02-11T19:17:50.635404
2026-08-08,BKK,departure,15:45,USM Koh Samui,PG171,Bangkok Airways,1h 5m,True,2026-02-11T19:17:50.756366
2026-08-08,BKK,departure,15:45,HKG Hong Kong,UA821,United,3h 0m,True,2026-02-11T19:17:50.877420
2026-08-08,BKK,departure,15:45,SGN Ho Chi Minh City,VJ800,VietJet,1h 30m,True,2026-02-11T19:17:51.002509
2026-08-08,BKK,departure,15:50,PVG Shanghai,9C7280,Spring Airlines,4h 25m,True,2026-02-11T19:17:51.133271
2026-08-08,BKK,departure,15:50,NKG Nanjing,JD620,Capital Airlines,4h 5m,True,2026-02-11T19:17:51.256559
2026-08-08,BKK,departure,15:50,DAD Da Nang,VZ962,Vietjet Thailand,1h 40m,True,2026-02-11T19:17:51.379608
2026-08-08,BKK,departure,15:55,CAN Guangzhou,CZ3082,China Southern,3h 5m,True,2026-02-11T19:17:51.501639
2026-08-08,BKK,departure,15:55,HKG Hong Kong,HX776,Hong Kong Airlines,3h 0m,True,2026-02-11T19:17:51.628386
2026-08-08,BKK,departure,15:55,KMG Kunming,MU742,China Eastern,2h 30m,True,2026-02-11T19:17:51.747642
2026-08-08,BKK,departure,15:55,HAN Hanoi,VN614,Vietnam Airlines,1h 55m,True,2026-02-11T19:17:51.875075
2026-08-08,BKK,departure,16:00,THS Sukhothai,PG213,Bangkok Airways,1h 20m,True,2026-02-11T19:17:52.002128
2026-08-08,BKK,departure,16:00,USM Koh Samui,PG167,Bangkok Airways,1h 5m,True,2026-02-11T19:17:52.121462
2026-08-08,BKK,departure,16:00,UBP Ubon Ratchathani,TG28,Thai Airways,1h 10m,True,2026-02-11T19:17:52.244675
2026-08-08,BKK,departure,16:10,HDY Hat Yai,FD4204,Thai AirAsia,1h 30m,True,2026-02-11T19:17:52.362197
2026-08-08,BKK,departure,16:15,DAC Dhaka,BG389,Biman,2h 45m,True,2026-02-11T19:17:52.488161
2026-08-08,BKK,departure,16:15,TDX Trat,PG307,Bangkok Airways,1h 0m,True,2026-02-11T19:17:52.608081
2026-08-08,BKK,departure,16:15,USM Koh Samui,PG159,Bangkok Airways,1h 35m,True,2026-02-11T19:17:52.729722
2026-08-08,BKK,departure,16:15,HKG Hong Kong,UO701,HK Express,3h 0m,True,2026-02-11T19:17:52.854469
2026-08-08,BKK,departure,16:25,HKG Hong Kong,CX706,Cathay Pacific,3h 0m,True,2026-02-11T19:17:52.981454
2026-08-08,BKK,departure,16:25,SIN Singapore,TG409,Thai Airways,2h 15m,True,2026-02-11T19:17:53.106515
2026-08-08,BKK,departure,16:35,CNX Chiang Mai,FD4108,Thai AirAsia,1h 20m,True,2026-02-11T19:17:53.228035
2026-08-08,BKK,departure,16:40,USM Koh Samui,PG169,Bangkok Airways,1h 5m,True,2026-02-11T19:17:53.352100
2026-08-08,BKK,departure,16:40,KUL Kuala Lumpur,TG417,Thai Airways,2h 10m,True,2026-02-11T19:17:53.477449
2026-08-08,BKK,departure,16:45,KWE Guiyang,AQ1208,9 Air,2h 5m,True,2026-02-11T19:17:53.600358
2026-08-08,BKK,departure,16:45,TPE Taipei,BR68,EVA Air,3h 45m,True,2026-02-11T19:17:53.726907
2026-08-08,BKK,departure,16:50,PVG Shanghai,FM834,Shanghai Airlines,4h 35m,True,2026-02-11T19:17:53.850984
2026-08-08,BKK,departure,17:00,HKT Phuket,PG277,Bangkok Airways,1h 30m,True,2026-02-11T19:17:53.978465
2026-08-08,BKK,departure,17:00,IKT Irkutsk,S76310,S7 Airlines,6h 25m,True,2026-02-11T19:17:54.103054
2026-08-08,BKK,departure,17:00,CEI Chiang Rai,TG136,Thai Airways,1h 20m,True,2026-02-11T19:17:54.223790
2026-08-08,BKK,departure,17:00,KTI Phnom Penh,VZ722,Vietjet Thailand,1h 15m,True,2026-02-11T19:17:54.343429
2026-08-08,BKK,departure,17:05,HKT Phuket,TG217,Thai Airways,1h 30m,True,2026-02-11T19:17:54.463765
2026-08-08,BKK,departure,17:05,RGN Yangon,TG303,Thai Airways,1h 25m,True,2026-02-11T19:17:54.589846
2026-08-08,BKK,departure,17:05,URT Surat Thani,VZ352,Vietjet Thailand,1h 15m,True,2026-02-11T19:17:54.710939
2026-08-08,BKK,departure,17:10,DEL Delhi,6E1054,IndiGo,4h 20m,True,2026-02-11T19:17:54.829264
2026-08-08,BKK,departure,17:10,KTI Phnom Penh,K6725,Air Cambodia,1h 10m,True,2026-02-11T19:17:54.954440
2026-08-08,BKK,departure,17:10,LYA Luoyang,UQ2642,Urumqi Airlines,4h 10m,True,2026-02-11T19:17:55.082186
2026-08-08,BKK,departure,17:15,KUL Kuala Lumpur,MH783,Malaysia Airlines,2h 15m,True,2026-02-11T19:17:55.206421
2026-08-08,BKK,departure,17:15,TPE Taipei,TG636,Thai Airways,3h 55m,True,2026-02-11T19:17:55.331066
2026-08-08,BKK,departure,17:20,KTI Phnom Penh,PG935,Bangkok Airways,1h 15m,True,2026-02-11T19:17:55.456758
2026-08-08,BKK,departure,17:25,SZX Shenzhen,CZ8324,China Southern,3h 40m,True,2026-02-11T19:17:55.577933
2026-08-08,BKK,departure,17:25,SAI Siem Reap,PG907,Bangkok Airways,1h 20m,True,2026-02-11T19:17:55.706823
2026-08-08,BKK,departure,17:30,TPE Taipei,CI836,China Airlines,3h 35m,True,2026-02-11T19:17:55.827824
2026-08-08,BKK,departure,17:30,HKG Hong Kong,CX708,Cathay Pacific,3h 0m,True,2026-02-11T19:17:55.947836
2026-08-08,BKK,departure,17:30,HGH Hangzhou,GJ8022,Loong Air,4h 5m,True,2026-02-11T19:17:56.071288
2026-08-08,BKK,departure,17:30,USM Koh Samui,PG173,Bangkok Airways,1h 10m,True,2026-02-11T19:17:56.193009
2026-08-08,BKK,departure,17:30,HKT Phuket,VZ2304,Vietjet Thailand,1h 30m,True,2026-02-11T19:17:56.318768
2026-08-08,BKK,departure,17:30,KKC Khon Kaen,VZ214,Vietjet Thailand,1h 5m,True,2026-02-11T19:17:56.445126
2026-08-08,BKK,departure,17:35,KKC Khon Kaen,TG46,Thai Airways,1h 0m,True,2026-02-11T19:17:56.564509
2026-08-08,BKK,departure,17:35,SGN Ho Chi Minh City,TG556,Thai Airways,1h 30m,True,2026-02-11T19:17:56.686613
2026-08-08,BKK,departure,17:40,HKT Phuket,FD4122,Thai AirAsia,1h 30m,True,2026-02-11T19:17:56.809841
2026-08-08,BKK,departure,17:40,XMN Xiamen,MF834,XiamenAir,3h 25m,True,2026-02-11T19:17:56.935464
2026-08-08,BKK,departure,17:45,CGK Jakarta,GA869,Garuda Indonesia,3h 40m,True,2026-02-11T19:17:57.066769
2026-08-08,BKK,departure,17:50,TPE Taipei,JX746,Starlux,3h 50m,True,2026-02-11T19:17:57.190012
2026-08-08,BKK,departure,17:50,CNX Chiang Mai,PG219,Bangkok Airways,1h 20m,True,2026-02-11T19:17:57.308539
2026-08-08,BKK,departure,17:50,HAN Hanoi,TG564,Thai Airways,1h 50m,True,2026-02-11T19:17:57.434376
2026-08-08,BKK,departure,17:55,DEL Delhi,AI2335,Air India,4h 30m,True,2026-02-11T19:17:57.559072
2026-08-08,BKK,departure,17:55,USM Koh Samui,PG177,Bangkok Airways,1h 5m,True,2026-02-11T19:17:57.678555
2026-08-08,BKK,departure,17:55,CNX Chiang Mai,VZ122,Vietjet Thailand,1h 20m,True,2026-02-11T19:17:57.800949
2026-08-08,BKK,departure,18:00,SIN Singapore,TR611,Scoot,2h 25m,True,2026-02-11T19:17:57.923351
2026-08-08,BKK,departure,18:00,CEI Chiang Rai,VZ134,Vietjet Thailand,1h 25m,True,2026-02-11T19:17:58.046388
2026-08-08,BKK,departure,18:05,TFU Chengdu,3U3936,Sichuan Airlines,3h 5m,True,2026-02-11T19:17:58.166945
2026-08-08,BKK,departure,18:05,CAN Guangzhou,CZ8024,China Southern,3h 10m,True,2026-02-11T19:17:58.287138
2026-08-08,BKK,departure,18:05,DAD Da Nang,VN626,Vietnam Airlines,1h 40m,True,2026-02-11T19:17:58.412071
2026-08-08,BKK,departure,18:10,SYD Sydney,QF24,Qantas,9h 15m,True,2026-02-11T19:17:58.532707
2026-08-08,BKK,departure,18:10,TAO Qingdao,QW918,Qingdao Airlines,4h 45m,True,2026-02-11T19:17:58.656414
2026-08-08,BKK,departure,18:10,HKG Hong Kong,TG602,Thai Airways,2h 50m,True,2026-02-11T19:17:58.781372
2026-08-08,BKK,departure,18:20,TFU Chengdu,CA472,Air China,3h 15m,True,2026-02-11T19:17:58.907581
2026-08-08,BKK,departure,18:20,KHH Kaohsiung,CI840,China Airlines,3h 30m,True,2026-02-11T19:17:59.031091
2026-08-08,BKK,departure,18:20,HKT Phuket,FD4114,Thai AirAsia,1h 30m,True,2026-02-11T19:17:59.151450
2026-08-08,BKK,departure,18:25,SHJ Sharjah,G9817,Air Arabia,6h 25m,True,2026-02-11T19:17:59.275285
2026-08-08,BKK,departure,18:25,TAO Qingdao,QW9898,Qingdao Airlines,4h 15m,True,2026-02-11T19:17:59.398899
2026-08-08,BKK,departure,18:25,KBV Krabi,TG249,Thai Airways,1h 20m,True,2026-02-11T19:17:59.518932
2026-08-08,BKK,departure,18:25,VTE Vientiane,TG574,Thai Airways,1h 20m,True,2026-02-11T19:17:59.642968
2026-08-08,BKK,departure,18:30,SIN Singapore,SQ711,Singapore Airlines,2h 25m,True,2026-02-11T19:17:59.767208
2026-08-08,BKK,departure,18:30,HDY Hat Yai,TG267,Thai Airways,1h 30m,True,2026-02-11T19:17:59.890047
2026-08-08,BKK,departure,18:35,UTH Udon Thani,FD4352,Thai AirAsia,1h 15m,True,2026-02-11T19:18:00.017998
2026-08-08,BKK,departure,18:35,KTI Phnom Penh,TG584,Thai Airways,1h 20m,True,2026-02-11T19:18:00.142221
2026-08-08,BKK,departure,18:40,KBV Krabi,FD4408,Thai AirAsia,1h 35m,True,2026-02-11T19:18:00.266368
2026-08-08,BKK,departure,18:40,KUL Kuala Lumpur,MH775,Malaysia Airlines,2h 15m,True,2026-02-11T19:18:00.385535
2026-08-08,BKK,departure,18:45,HAN Hanoi,VJ904,VietJet,1h 40m,True,2026-02-11T19:18:00.509769
2026-08-08,BKK,departure,18:45,KBV Krabi,VZ344,Vietjet Thailand,1h 25m,True,2026-02-11T19:18:00.629837
2026-08-08,BKK,departure,18:50,PVG Shanghai,9C8892,Spring Airlines,4h 40m,True,2026-02-11T19:18:00.748972
2026-08-08,BKK,departure,18:50,DEL Delhi,TG315,Thai Airways,4h 30m,True,2026-02-11T19:18:00.874356
2026-08-08,BKK,departure,18:55,BOM Mumbai,TG317,Thai Airways,4h 30m,True,2026-02-11T19:18:00.997292
2026-08-08,BKK,departure,19:00,HKG Hong Kong,CX704,Cathay Pacific,2h 55m,True,2026-02-11T19:18:01.122481
2026-08-08,BKK,departure,19:00,CAN Guangzhou,CZ364,China Southern,3h 10m,True,2026-02-11T19:18:01.248033
2026-08-08,BKK,departure,19:00,ISB Islamabad,TG349,Thai Airways,5h 10m,True,2026-02-11T19:18:01.367832
2026-08-08,BKK,departure,19:00,KHI Karachi,TG341,Thai Airways,5h 0m,True,2026-02-11T19:18:01.486575
2026-08-08,BKK,departure,19:00,CNX Chiang Mai,VZ2106,Vietjet Thailand,1h 20m,True,2026-02-11T19:18:01.610985
2026-08-08,BKK,departure,19:05,HAN Hanoi,VN618,Vietnam Airlines,1h 55m,True,2026-02-11T19:18:01.738802
2026-08-08,BKK,departure,19:10,KKC Khon Kaen,FD4503,Thai AirAsia,1h 10m,True,2026-02-11T19:18:01.859874
2026-08-08,BKK,departure,19:10,PVG Shanghai,FM856,Shanghai Airlines,4h 55m,True,2026-02-11T19:18:01.977796
2026-08-08,BKK,departure,19:10,HKT Phuket,TG221,Thai Airways,1h 30m,True,2026-02-11T19:18:02.103920
2026-08-08,BKK,departure,19:10,SIN Singapore,TG401,Thai Airways,2h 20m,True,2026-02-11T19:18:02.228427
2026-08-08,BKK,departure,19:10,MCT Muscat,WY816,Oman Air,5h 50m,True,2026-02-11T19:18:02.355296
2026-08-08,BKK,departure,19:15,CNX Chiang Mai,TG120,Thai Airways,1h 15m,True,2026-02-11T19:18:02.477760
2026-08-08,BKK,departure,19:20,RGN Yangon,8M332,MAI,1h 20m,True,2026-02-11T19:18:02.598412
2026-08-08,BKK,departure,19:20,HAK Haikou,HU722,Hainan Airlines,2h 25m,True,2026-02-11T19:18:02.718254
2026-08-08,BKK,departure,19:20,USM Koh Samui,PG185,Bangkok Airways,1h 30m,True,2026-02-11T19:18:02.845005
2026-08-08,BKK,departure,19:20,PEN Penang,TG425,Thai Airways,1h 50m,True,2026-02-11T19:18:02.963481
2026-08-08,BKK,departure,19:25,USM Koh Samui,PG183,Bangkok Airways,1h 5m,True,2026-02-11T19:18:03.080197
2026-08-08,BKK,departure,19:30,KMG Kunming,KY8370,Kunming Airlines,2h 35m,True,2026-02-11T19:18:03.209828
2026-08-08,BKK,departure,19:30,MNL Manila,PR737,PAL,3h 35m,True,2026-02-11T19:18:03.330307
2026-08-08,BKK,departure,19:30,SGN Ho Chi Minh City,VN606,Vietnam Airlines,1h 45m,True,2026-02-11T19:18:03.452117
2026-08-08,BKK,departure,19:30,SZX Shenzhen,ZH308,Shenzhen Airlines,2h 55m,True,2026-02-11T19:18:03.571820
2026-08-08,BKK,departure,19:35,PEK Beijing,CA960,Air China,4h 50m,True,2026-02-11T19:18:03.697568
2026-08-08,BKK,departure,19:40,MEL Melbourne,TG465,Thai Airways,8h 50m,True,2026-02-11T19:18:03.816244
2026-08-08,BKK,departure,19:40,HKT Phuket,VZ308,Vietjet Thailand,1h 30m,True,2026-02-11T19:18:03.939848
2026-08-08,BKK,departure,19:45,KUL Kuala Lumpur,MH781,Malaysia Airlines,2h 10m,True,2026-02-11T19:18:04.057164
2026-08-08,BKK,departure,19:45,HKT Phuket,PG279,Bangkok Airways,1h 30m,True,2026-02-11T19:18:04.179611
2026-08-08,BKK,departure,19:45,UTH Udon Thani,TG8,Thai Airways,1h 10m,True,2026-02-11T19:18:04.299823
2026-08-08,BKK,departure,19:45,HKG Hong Kong,UO703,HK Express,2h 55m,True,2026-02-11T19:18:04.419005
2026-08-08,BKK,departure,19:45,HDY Hat Yai,VZ328,Vietjet Thailand,1h 30m,True,2026-02-11T19:18:04.537845
2026-08-08,BKK,departure,19:50,LHE Lahore,TG345,Thai Airways,4h 40m,True,2026-02-11T19:18:04.662320
2026-08-08,BKK,departure,19:55,CKG Chongqing,3U3772,Sichuan Airlines,3h 15m,True,2026-02-11T19:18:04.795334
2026-08-08,BKK,departure,19:55,SGN Ho Chi Minh City,VJ806,VietJet,1h 30m,True,2026-02-11T19:18:04.914898
2026-08-08,BKK,departure,20:00,DOH Doha,QR835,Qatar Airways,6h 35m,True,2026-02-11T19:18:05.037829
2026-08-08,BKK,departure,20:00,AMD Ahmedabad,VZ750,Vietjet Thailand,4h 25m,True,2026-02-11T19:18:05.162924
2026-08-08,BKK,departure,20:00,TPE Taipei,VZ570,Vietjet Thailand,3h 50m,True,2026-02-11T19:18:05.282997
2026-08-08,BKK,departure,20:05,USM Koh Samui,PG193,Bangkok Airways,1h 30m,True,2026-02-11T19:18:05.401418
2026-08-08,BKK,departure,20:10,SAI Siem Reap,EK370,Emirates,1h 20m,True,2026-02-11T19:18:05.526554
2026-08-08,BKK,departure,20:15,BOM Mumbai,6E1060,IndiGo,4h 25m,True,2026-02-11T19:18:05.651975
2026-08-08,BKK,departure,20:15,CNX Chiang Mai,FD4116,Thai AirAsia,1h 20m,True,2026-02-11T19:18:05.775396
2026-08-08,BKK,departure,20:15,HKT Phuket,FD4419,Thai AirAsia,1h 30m,True,2026-02-11T19:18:05.899847
2026-08-08,BKK,departure,20:15,BAH Bahrain,GF153,Gulf Air,6h 40m,True,2026-02-11T19:18:06.026922
2026-08-08,BKK,departure,20:15,SIN Singapore,SQ713,Singapore Airlines,2h 25m,True,2026-02-11T19:18:06.149020
2026-08-08,BKK,departure,20:20,BOM Mumbai,AI2338,Air India,4h 50m,True,2026-02-11T19:18:06.272423
2026-08-08,BKK,departure,20:20,CAN Guangzhou,CZ8020,China Southern,3h 0m,True,2026-02-11T19:18:06.388873
2026-08-08,BKK,departure,20:35,KMG Kunming,KY8368,Kunming Airlines,2h 5m,True,2026-02-11T19:18:06.510459
2026-08-08,BKK,departure,20:35,SIN Singapore,TR617,Scoot,2h 30m,True,2026-02-11T19:18:06.633927
2026-08-08,BKK,departure,20:40,CNX Chiang Mai,VZ118,Vietjet Thailand,1h 20m,True,2026-02-11T19:18:06.765862
2026-08-08,BKK,departure,20:45,RGN Yangon,8M351,MAI,1h 20m,True,2026-02-11T19:18:06.890904
2026-08-08,BKK,departure,20:50,KMG Kunming,MU9614,China Eastern,2h 30m,True,2026-02-11T19:18:07.012005
2026-08-08,BKK,departure,20:50,VTE Vientiane,QV446,Lao Airlines,1h 0m,True,2026-02-11T19:18:07.134373
2026-08-08,BKK,departure,21:00,AUH Abu Dhabi,EY407,Etihad,6h 30m,True,2026-02-11T19:18:07.256400
2026-08-08,BKK,departure,21:00,AMD Ahmedabad,TG343,Thai Airways,4h 40m,True,2026-02-11T19:18:07.380528
2026-08-08,BKK,departure,21:00,HKT Phuket,VZ312,Vietjet Thailand,1h 30m,True,2026-02-11T19:18:07.505557
2026-08-08,BKK,departure,21:05,DOH Doha,QR829,Qatar Airways,6h 35m,True,2026-02-11T19:18:07.628011
2026-08-08,BKK,departure,21:05,SGN Ho Chi Minh City,VN608,Vietnam Airlines,1h 55m,True,2026-02-11T19:18:07.749607
2026-08-08,BKK,departure,21:05,BOM Mumbai,VZ760,Vietjet Thailand,4h 15m,True,2026-02-11T19:18:07.877096
2026-08-08,BKK,departure,21:15,SIN Singapore,SQ719,Singapore Airlines,2h 20m,True,2026-02-11T19:18:08.001509
2026-08-08,BKK,departure,21:15,KTM Kathmandu,TG309,Thai Airways,3h 25m,True,2026-02-11T19:18:08.124959
2026-08-08,BKK,departure,21:30,HKT Phuket,PG287,Bangkok Airways,1h 30m,True,2026-02-11T19:18:08.242113
2026-08-08,BKK,departure,21:35,DXB Dubai,EK373,Emirates,6h 15m,True,2026-02-11T19:18:08.370002
2026-08-08,BKK,departure,21:35,HND Tokyo,NH850,ANA,6h 25m,True,2026-02-11T19:18:08.489964
2026-08-08,BKK,departure,21:40,TFU Chengdu,EU2868,Chengdu Airlines,3h 0m,True,2026-02-11T19:18:08.616552
2026-08-08,BKK,departure,21:40,BNE Brisbane,JQ66,Jetstar,8h 50m,True,2026-02-11T19:18:08.738645
2026-08-08,BKK,departure,21:40,ICN Seoul,KE658,Korean Air,5h 25m,True,2026-02-11T19:18:08.859722
2026-08-08,BKK,departure,21:40,CMB Colombo,TG307,Thai Airways,3h 45m,True,2026-02-11T19:18:08.982086
2026-08-08,BKK,departure,21:40,RGN Yangon,UB18,Myanmar National Airlines,1h 25m,True,2026-02-11T19:18:09.102723
2026-08-08,BKK,departure,21:50,BLR Bengaluru,TG325,Thai Airways,3h 35m,True,2026-02-11T19:18:09.220092
2026-08-08,BKK,departure,21:50,HYD Hyderabad,TG329,Thai Airways,3h 30m,True,2026-02-11T19:18:09.345443
2026-08-08,BKK,departure,21:55,CAN Guangzhou,9C7420,Spring Airlines,3h 5m,True,2026-02-11T19:18:09.467715
2026-08-08,BKK,departure,21:55,PVG Shanghai,FM840,Shanghai Airlines,4h 50m,True,2026-02-11T19:18:09.588725
2026-08-08,BKK,departure,21:55,MAA Chennai,TG337,Thai Airways,3h 20m,True,2026-02-11T19:18:09.710501
2026-08-08,BKK,departure,21:55,CNX Chiang Mai,VZ2104,Vietjet Thailand,1h 20m,True,2026-02-11T19:18:09.837727
2026-08-08,BKK,departure,22:00,HKG Hong Kong,HX766,Hong Kong Airlines,3h 15m,True,2026-02-11T19:18:09.956664
2026-08-08,BKK,departure,22:05,HND Tokyo,JL34,JAL,6h 15m,True,2026-02-11T19:18:10.082675
2026-08-08,BKK,departure,22:10,NRT Tokyo,TG640,Thai Airways,6h 10m,True,2026-02-11T19:18:10.206792
2026-08-08,BKK,departure,22:15,HAN Hanoi,VN616,Vietnam Airlines,1h 55m,True,2026-02-11T19:18:10.334828
2026-08-08,BKK,departure,22:15,HKT Phuket,VZ316,Vietjet Thailand,1h 30m,True,2026-02-11T19:18:10.456751
2026-08-08,BKK,departure,22:20,ICN Seoul,BX728,Air Busan,5h 45m,True,2026-02-11T19:18:10.587196
2026-08-08,BKK,departure,22:20,SYD Sydney,TG471,Thai Airways,9h 0m,True,2026-02-11T19:18:10.709930
2026-08-08,BKK,departure,22:25,DEL Delhi,AI2303,Air India,4h 45m,True,2026-02-11T19:18:10.836688
2026-08-08,BKK,departure,22:25,ICN Seoul,LJ2,Jin Air,5h 40m,True,2026-02-11T19:18:10.957842
2026-08-08,BKK,departure,22:25,TLV Tel Aviv-Yafo,LY86,El Al,10h 35m,True,2026-02-11T19:18:11.081814
2026-08-08,BKK,departure,22:35,FRA Frankfurt,DE2363,Condor,12h 25m,True,2026-02-11T19:18:11.206379
2026-08-08,BKK,departure,22:45,MFM Macau,NX991,Air Macau,2h 45m,True,2026-02-11T19:18:11.331822
2026-08-08,BKK,departure,22:45,HND Tokyo,TG682,Thai Airways,6h 10m,True,2026-02-11T19:18:11.462003
2026-08-08,BKK,departure,22:45,IST Istanbul,TK69,Turkish Airlines,10h 0m,True,2026-02-11T19:18:11.586748
2026-08-08,BKK,departure,22:50,CRK Angeles,5J944,Cebu Pacific,3h 25m,True,2026-02-11T19:18:11.710763
2026-08-08,BKK,departure,22:55,PUS Busan,BX726,Air Busan,5h 25m,True,2026-02-11T19:18:11.835492
2026-08-08,BKK,departure,22:55,MUC Munich,LH773,Lufthansa,11h 20m,True,2026-02-11T19:18:11.954368
2026-08-08,BKK,departure,22:55,SIN Singapore,TR615,Scoot,2h 30m,True,2026-02-11T19:18:12.081916
2026-08-08,BKK,departure,23:10,ICN Seoul,TG658,Thai Airways,5h 25m,True,2026-02-11T19:18:12.206943
2026-08-08,BKK,departure,23:10,NRT Tokyo,ZG52,Zipair,6h 20m,True,2026-02-11T19:18:12.325629
2026-08-08,BKK,departure,23:15,DEL Delhi,TG331,Thai Airways,4h 30m,True,2026-02-11T19:18:12.450538
2026-08-08,BKK,departure,23:15,IST Istanbul,TK53,Turkish Airlines,10h 15m,True,2026-02-11T19:18:12.582126
2026-08-08,BKK,departure,23:25,RGN Yangon,8M373,MAI,1h 20m,True,2026-02-11T19:18:12.707160
2026-08-08,BKK,departure,23:30,ICN Seoul,KE652,Korean Air,5h 25m,True,2026-02-11T19:18:12.832209
2026-08-08,BKK,departure,23:30,ICN Seoul,TG656,Thai Airways,5h 25m,True,2026-02-11T19:18:12.952241
2026-08-08,BKK,departure,23:35,NRT Tokyo,VZ830,Vietjet Thailand,6h 20m,True,2026-02-11T19:18:13.073304
2026-08-08,BKK,departure,23:40,PUS Busan,LJ22,Jin Air,5h 20m,True,2026-02-11T19:18:13.198671
2026-08-08,BKK,departure,23:40,VIE Vienna,OS8,Austrian,10h 55m,True,2026-02-11T19:18:13.322859
2026-08-08,BKK,departure,23:40,MNL Manila,PR733,PAL,3h 25m,True,2026-02-11T19:18:13.449970
2026-08-08,BKK,departure,23:45,CCU Kolkata,TG313,Thai Airways,2h 30m,True,2026-02-11T19:18:13.574665
2026-08-08,BKK,departure,23:45,CTS Sapporo,TG670,Thai Airways,6h 45m,True,2026-02-11T19:18:13.697644
2026-08-08,BKK,departure,23:45,FRA Frankfurt,TG920,Thai Airways,11h 30m,True,2026-02-11T19:18:13.818540
2026-08-08,BKK,departure,23:50,DAC Dhaka,TG339,Thai Airways,2h 35m,True,2026-02-11T19:18:13.942205
2026-08-08,BKK,departure,23:50,IST Istanbul,TG900,Thai Airways,9h 45m,True,2026-02-11T19:18:14.067337
2026-08-08,BKK,departure,23:50,NRT Tokyo,TG642,Thai Airways,6h 20m,True,2026-02-11T19:18:14.193416
2026-08-08,BKK,departure,23:55,TLV Tel Aviv-Yafo,IZ592,Arkia,10h 35m,True,2026-02-11T19:18:14.313913
2026-08-08,BKK,departure,23:55,TLV Tel Aviv-Yafo,LY82,El Al,10h 50m,True,2026-02-11T19:18:14.433874
2026-08-08,BKK,departure,23:59,KIX Osaka,TG622,Thai Airways,5h 31m,True,2026-02-11T19:18:14.564832
2026-08-08,BKK,arrival,00:00,PVG Shanghai,9C8755,Spring Airlines,5h 5m,True,2026-02-11T19:19:09.961317
2026-08-08,BKK,arrival,00:05,JED Jeddah,SV848,Saudia,8h 15m,True,2026-02-11T19:19:10.097049
2026-08-08,BKK,arrival,00:10,ICN Seoul,7C2503,Jeju Air,6h 5m,True,2026-02-11T19:19:10.225602
2026-08-08,BKK,arrival,00:10,PEK Beijing,CA979,Air China,5h 5m,True,2026-02-11T19:19:10.346790
2026-08-08,BKK,arrival,00:15,TFU Chengdu,3U3937,Sichuan Airlines,3h 20m,True,2026-02-11T19:19:10.465010
2026-08-08,BKK,arrival,00:25,HKG Hong Kong,HX779,Hong Kong Airlines,3h 20m,True,2026-02-11T19:19:10.586896
2026-08-08,BKK,arrival,00:30,PVG Shanghai,HO1351,Juneyao Airlines,4h 35m,True,2026-02-11T19:19:10.704282
2026-08-08,BKK,arrival,00:40,PVG Shanghai,MU547,China Eastern,4h 40m,True,2026-02-11T19:19:10.824916
2026-08-08,BKK,arrival,00:50,HAN Hanoi,ET609,Ethiopian,1h 30m,True,2026-02-11T19:19:10.948066
2026-08-08,BKK,arrival,00:50,HKG Hong Kong,HX759,Hong Kong Airlines,3h 0m,True,2026-02-11T19:19:11.067743
2026-08-08,BKK,arrival,00:50,XMN Xiamen,MF843,XiamenAir,3h 30m,True,2026-02-11T19:19:11.190663
2026-08-08,BKK,arrival,01:05,ICN Seoul,KE655,Korean Air,5h 50m,True,2026-02-11T19:19:11.310382
2026-08-08,BKK,arrival,01:05,TAE Daegu,TW105,T´Way Air,5h 40m,True,2026-02-11T19:19:11.436384
2026-08-08,BKK,arrival,01:10,DAD Da Nang,EK371,Emirates,1h 40m,True,2026-02-11T19:19:11.562130
2026-08-08,BKK,arrival,01:10,NKG Nanjing,MU2803,China Eastern,4h 0m,True,2026-02-11T19:19:11.686518
2026-08-08,BKK,arrival,01:15,CAN Guangzhou,MU2077,China Eastern,3h 10m,True,2026-02-11T19:19:11.820497
2026-08-08,BKK,arrival,01:20,XIY Xian,9C6251,Spring Airlines,4h 10m,True,2026-02-11T19:19:11.941820
2026-08-08,BKK,arrival,01:25,RGN Yangon,8M390,MAI,1h 20m,True,2026-02-11T19:19:12.060986
2026-08-08,BKK,arrival,01:25,TPE Taipei,CI837,China Airlines,3h 45m,True,2026-02-11T19:19:12.182920
2026-08-08,BKK,arrival,01:25,TNA Jinan,SC8075,Shandong Airlines,4h 50m,True,2026-02-11T19:19:12.308003
2026-08-08,BKK,arrival,01:30,CAN Guangzhou,CZ3035,China Southern,2h 55m,True,2026-02-11T19:19:12.433537
2026-08-08,BKK,arrival,01:40,HKG Hong Kong,HX767,Hong Kong Airlines,3h 0m,True,2026-02-11T19:19:12.555484
2026-08-08,BKK,arrival,01:50,MNL Manila,5J931,Cebu Pacific,3h 40m,True,2026-02-11T19:19:12.680400
2026-08-08,BKK,arrival,01:55,PVG Shanghai,FM841,Shanghai Airlines,4h 40m,True,2026-02-11T19:19:12.806349
2026-08-08,BKK,arrival,02:15,SZX Shenzhen,ZH305,Shenzhen Airlines,3h 0m,True,2026-02-11T19:19:12.929466
2026-08-08,BKK,arrival,02:55,ASB Ashgabat,T5641,Turkmenistan Airlines,6h 20m,True,2026-02-11T19:19:13.054657
2026-08-08,BKK,arrival,03:00,DEL Delhi,SG87,SpiceJet,4h 10m,True,2026-02-11T19:19:13.179158
2026-08-08,BKK,arrival,03:05,XIY Xian,GJ8907,Loong Air,4h 10m,True,2026-02-11T19:19:13.298992
2026-08-08,BKK,arrival,03:15,BBI Bhubaneswar,6E1065,IndiGo,2h 40m,True,2026-02-11T19:19:13.417610
2026-08-08,BKK,arrival,03:20,WUH Wuhan,MU2563,China Eastern,4h 25m,True,2026-02-11T19:19:13.537894
2026-08-08,BKK,arrival,04:05,PVG Shanghai,FM847,Shanghai Airlines,4h 50m,True,2026-02-11T19:19:13.662528
2026-08-08,BKK,arrival,04:35,HND Tokyo,NH849,ANA,6h 30m,True,2026-02-11T19:19:13.789444
2026-08-08,BKK,arrival,04:40,KIX Osaka,JL727,JAL,5h 45m,True,2026-02-11T19:19:13.913951
2026-08-08,BKK,arrival,04:45,PNQ Pune,6E1095,IndiGo,4h 15m,True,2026-02-11T19:19:14.034623
2026-08-08,BKK,arrival,04:50,HND Tokyo,TG661,Thai Airways,6h 30m,True,2026-02-11T19:19:14.158688
2026-08-08,BKK,arrival,05:05,CCU Kolkata,VZ771,Vietjet Thailand,2h 35m,True,2026-02-11T19:19:14.277579
2026-08-08,BKK,arrival,05:10,KTM Kathmandu,TG310,Thai Airways,3h 30m,True,2026-02-11T19:19:14.398586
2026-08-08,BKK,arrival,05:10,IST Istanbul,TK58,Turkish Airlines,9h 20m,True,2026-02-11T19:19:14.519762
2026-08-08,BKK,arrival,05:15,ZRH Zurich,TG971,Thai Airways,10h 45m,True,2026-02-11T19:19:14.640893
2026-08-08,BKK,arrival,05:25,DEL Delhi,TG316,Thai Airways,4h 25m,True,2026-02-11T19:19:14.759417
2026-08-08,BKK,arrival,05:30,HEL Helsinki,AY141,Finnair,11h 25m,True,2026-02-11T19:19:14.884277
2026-08-08,BKK,arrival,05:35,BOM Mumbai,TG318,Thai Airways,4h 30m,True,2026-02-11T19:19:15.006280
2026-08-08,BKK,arrival,05:35,BRU Brussels,TG935,Thai Airways,11h 5m,True,2026-02-11T19:19:15.127509
2026-08-08,BKK,arrival,05:40,IST Istanbul,TG901,Thai Airways,9h 10m,True,2026-02-11T19:19:15.248941
2026-08-08,BKK,arrival,05:50,HND Tokyo,JL33,JAL,6h 30m,True,2026-02-11T19:19:15.371030
2026-08-08,BKK,arrival,05:50,ARN Stockholm,TG961,Thai Airways,11h 0m,True,2026-02-11T19:19:15.489432
2026-08-08,BKK,arrival,05:55,CDG Paris,TG931,Thai Airways,11h 15m,True,2026-02-11T19:19:15.613494
2026-08-08,BKK,arrival,05:55,MXP Milan,TG941,Thai Airways,10h 50m,True,2026-02-11T19:19:15.741257
2026-08-08,BKK,arrival,06:00,HND Tokyo,NH877,ANA,6h 30m,True,2026-02-11T19:19:15.868637
2026-08-08,BKK,arrival,06:00,CPH Copenhagen,TG951,Thai Airways,10h 35m,True,2026-02-11T19:19:15.988425
2026-08-08,BKK,arrival,06:00,LHR London,TG911,Thai Airways,11h 30m,True,2026-02-11T19:19:16.114506
2026-08-08,BKK,arrival,06:00,MEL Melbourne,TG462,Thai Airways,9h 30m,True,2026-02-11T19:19:16.236582
2026-08-08,BKK,arrival,06:05,MUC Munich,TG925,Thai Airways,10h 40m,True,2026-02-11T19:19:16.360005
2026-08-08,BKK,arrival,06:10,CCU Kolkata,TG314,Thai Airways,2h 40m,True,2026-02-11T19:19:16.482292
2026-08-08,BKK,arrival,06:10,CMB Colombo,TG308,Thai Airways,3h 45m,True,2026-02-11T19:19:16.600988
2026-08-08,BKK,arrival,06:10,LHE Lahore,TG346,Thai Airways,4h 30m,True,2026-02-11T19:19:16.726579
2026-08-08,BKK,arrival,06:10,MAA Chennai,TG338,Thai Airways,3h 30m,True,2026-02-11T19:19:16.850932
2026-08-08,BKK,arrival,06:15,AUH Abu Dhabi,EY408,Etihad,6h 35m,True,2026-02-11T19:19:16.972380
2026-08-08,BKK,arrival,06:15,DAC Dhaka,TG340,Thai Airways,2h 30m,True,2026-02-11T19:19:17.092733
2026-08-08,BKK,arrival,06:15,HYD Hyderabad,TG330,Thai Airways,3h 35m,True,2026-02-11T19:19:17.215262
2026-08-08,BKK,arrival,06:15,OSL Oslo,TG955,Thai Airways,11h 30m,True,2026-02-11T19:19:17.338227
2026-08-08,BKK,arrival,06:15,CMB Colombo,UL402,SriLankan Airlines,3h 40m,True,2026-02-11T19:19:17.461318
2026-08-08,BKK,arrival,06:20,DOH Doha,QR838,Qatar Airways,6h 55m,True,2026-02-11T19:19:17.580901
2026-08-08,BKK,arrival,06:20,BLR Bengaluru,TG326,Thai Airways,3h 55m,True,2026-02-11T19:19:17.705612
2026-08-08,BKK,arrival,06:20,KHI Karachi,TG342,Thai Airways,4h 50m,True,2026-02-11T19:19:17.830378
2026-08-08,BKK,arrival,06:25,FRA Frankfurt,TG921,Thai Airways,10h 40m,True,2026-02-11T19:19:17.954998
2026-08-08,BKK,arrival,06:25,ISB Islamabad,TG350,Thai Airways,5h 5m,True,2026-02-11T19:19:18.074844
2026-08-08,BKK,arrival,06:40,BOM Mumbai,VZ761,Vietjet Thailand,4h 25m,True,2026-02-11T19:19:18.194459
2026-08-08,BKK,arrival,06:45,AUH Abu Dhabi,EY402,Etihad,6h 35m,True,2026-02-11T19:19:18.316536
2026-08-08,BKK,arrival,06:50,MCT Muscat,WY817,Oman Air,6h 5m,True,2026-02-11T19:19:18.441646
2026-08-08,BKK,arrival,06:55,RUN Saint Denis de la Reunion,UU887,Air Austral,7h 55m,True,2026-02-11T19:19:18.565802
2026-08-08,BKK,arrival,07:00,AMD Ahmedabad,TG344,Thai Airways,4h 25m,True,2026-02-11T19:19:18.684432
2026-08-08,BKK,arrival,07:15,USM Koh Samui,PG100,Bangkok Airways,1h 15m,True,2026-02-11T19:19:18.809317
2026-08-08,BKK,arrival,07:15,DOH Doha,QR830,Qatar Airways,6h 55m,True,2026-02-11T19:19:18.930032
2026-08-08,BKK,arrival,07:40,DEL Delhi,AI2336,Air India,4h 30m,True,2026-02-11T19:19:19.202424
2026-08-08,BKK,arrival,07:50,SHJ Sharjah,G9821,Air Arabia,6h 35m,True,2026-02-11T19:19:19.319586
2026-08-08,BKK,arrival,07:50,DEL Delhi,TG336,Thai Airways,4h 25m,True,2026-02-11T19:19:19.440403
2026-08-08,BKK,arrival,07:55,BLR Bengaluru,6E1055,IndiGo,4h 5m,True,2026-02-11T19:19:19.562200
2026-08-08,BKK,arrival,07:55,CNX Chiang Mai,FD4105,Thai AirAsia,1h 20m,True,2026-02-11T19:19:19.687070
2026-08-08,BKK,arrival,07:55,NOU Noumea,SB500,Aircalin,10h 25m,True,2026-02-11T19:19:19.812489
2026-08-08,BKK,arrival,07:55,CNX Chiang Mai,VZ2105,Vietjet Thailand,1h 20m,True,2026-02-11T19:19:19.936776
2026-08-08,BKK,arrival,08:00,DXB Dubai,EK374,Emirates,6h 30m,True,2026-02-11T19:19:20.057898
2026-08-08,BKK,arrival,08:05,SIN Singapore,SQ706,Singapore Airlines,2h 25m,True,2026-02-11T19:19:20.180940
2026-08-08,BKK,arrival,08:05,SIN Singapore,TR608,Scoot,2h 35m,True,2026-02-11T19:19:20.304655
2026-08-08,BKK,arrival,08:35,RGN Yangon,UB19,Myanmar National Airlines,1h 25m,True,2026-02-11T19:19:20.426484
2026-08-08,BKK,arrival,08:40,VTE Vientiane,QV441,Lao Airlines,1h 15m,True,2026-02-11T19:19:20.547487
2026-08-08,BKK,arrival,08:40,BOM Mumbai,TG352,Thai Airways,4h 30m,True,2026-02-11T19:19:20.667495
2026-08-08,BKK,arrival,08:55,ALA Almaty,KC931,Air Astana,6h 40m,True,2026-02-11T19:19:20.787565
2026-08-08,BKK,arrival,08:55,PEN Penang,TG426,Thai Airways,1h 50m,True,2026-02-11T19:19:20.909682
2026-08-08,BKK,arrival,09:00,HKT Phuket,VZ317,Vietjet Thailand,1h 30m,True,2026-02-11T19:19:21.028887
2026-08-08,BKK,arrival,09:05,MAA Chennai,6E1061,IndiGo,3h 35m,True,2026-02-11T19:19:21.152823
2026-08-08,BKK,arrival,09:05,USM Koh Samui,PG102,Bangkok Airways,1h 15m,True,2026-02-11T19:19:21.280539
2026-08-08,BKK,arrival,09:10,CDG Paris,AF198,Air France,11h 25m,True,2026-02-11T19:19:21.402811
2026-08-08,BKK,arrival,09:10,HKT Phuket,PG270,Bangkok Airways,1h 35m,True,2026-02-11T19:19:21.528121
2026-08-08,BKK,arrival,09:15,RGN Yangon,8M335,MAI,1h 20m,True,2026-02-11T19:19:21.657525
2026-08-08,BKK,arrival,09:15,DEL Delhi,TG332,Thai Airways,4h 25m,True,2026-02-11T19:19:21.781736
2026-08-08,BKK,arrival,09:15,NST Nakhon Si Thammarat,VZ331,Vietjet Thailand,1h 15m,True,2026-02-11T19:19:21.905006
2026-08-08,BKK,arrival,09:20,SIN Singapore,TG402,Thai Airways,2h 20m,True,2026-02-11T19:19:22.024091
2026-08-08,BKK,arrival,09:25,VIE Vienna,BR62,EVA Air,10h 40m,True,2026-02-11T19:19:22.150972
2026-08-08,BKK,arrival,09:25,USM Koh Samui,PG104,Bangkok Airways,1h 15m,True,2026-02-11T19:19:22.271819
2026-08-08,BKK,arrival,09:25,HKG Hong Kong,UO704,HK Express,3h 0m,True,2026-02-11T19:19:22.393294
2026-08-08,BKK,arrival,09:25,CNX Chiang Mai,VZ101,Vietjet Thailand,1h 20m,True,2026-02-11T19:19:22.518074
2026-08-08,BKK,arrival,09:30,AMS Amsterdam,KL843,KLM,11h 15m,True,2026-02-11T19:19:22.638044
2026-08-08,BKK,arrival,09:30,HKG Hong Kong,TG603,Thai Airways,2h 40m,True,2026-02-11T19:19:22.757233
2026-08-08,BKK,arrival,09:35,MFM Macau,NX996,Air Macau,2h 55m,True,2026-02-11T19:19:22.878505
2026-08-08,BKK,arrival,09:35,KKC Khon Kaen,TG41,Thai Airways,1h 5m,True,2026-02-11T19:19:23.002302
2026-08-08,BKK,arrival,09:35,HKG Hong Kong,UA820,United,2h 55m,True,2026-02-11T19:19:23.123650
2026-08-08,BKK,arrival,09:45,TPE Taipei,CI833,China Airlines,3h 45m,True,2026-02-11T19:19:23.245471
2026-08-08,BKK,arrival,09:45,BAH Bahrain,GF152,Gulf Air,7h 0m,True,2026-02-11T19:19:23.369560
2026-08-08,BKK,arrival,09:45,USM Koh Samui,PG110,Bangkok Airways,1h 15m,True,2026-02-11T19:19:23.488704
2026-08-08,BKK,arrival,09:45,KKC Khon Kaen,VZ211,Vietjet Thailand,1h 5m,True,2026-02-11T19:19:23.615267
2026-08-08,BKK,arrival,09:50,NNG Nanning,GX8909,GX Airlines,2h 20m,True,2026-02-11T19:19:23.736528
2026-08-08,BKK,arrival,09:50,ZRH Zurich,LX180,SWISS,10h 55m,True,2026-02-11T19:19:23.866564
2026-08-08,BKK,arrival,09:50,UTH Udon Thani,TG3,Thai Airways,1h 10m,True,2026-02-11T19:19:23.989264
2026-08-08,BKK,arrival,09:55,SIN Singapore,TR624,Scoot,2h 35m,True,2026-02-11T19:19:24.110103
2026-08-08,BKK,arrival,09:55,CEI Chiang Rai,VZ131,Vietjet Thailand,1h 25m,True,2026-02-11T19:19:24.242576
2026-08-08,BKK,arrival,10:00,HKG Hong Kong,CX705,Cathay Pacific,3h 0m,True,2026-02-11T19:19:24.372802
2026-08-08,BKK,arrival,10:00,CEI Chiang Rai,FD4151,Thai AirAsia,1h 25m,True,2026-02-11T19:19:24.503721
2026-08-08,BKK,arrival,10:00,HAK Haikou,HU7939,Hainan Airlines,2h 25m,True,2026-02-11T19:19:24.627743
2026-08-08,BKK,arrival,10:00,USM Koh Samui,PG106,Bangkok Airways,1h 15m,True,2026-02-11T19:19:24.754009
2026-08-08,BKK,arrival,10:00,UBP Ubon Ratchathani,TG21,Thai Airways,1h 15m,True,2026-02-11T19:19:24.885685
2026-08-08,BKK,arrival,10:05,MNL Manila,5J929,Cebu Pacific,3h 40m,True,2026-02-11T19:19:25.018048
2026-08-08,BKK,arrival,10:05,SGN Ho Chi Minh City,VJ801,VietJet,1h 30m,True,2026-02-11T19:19:25.145776
2026-08-08,BKK,arrival,10:10,UTH Udon Thani,FD4351,Thai AirAsia,1h 10m,True,2026-02-11T19:19:25.311404
2026-08-08,BKK,arrival,10:10,THS Sukhothai,PG212,Bangkok Airways,1h 15m,True,2026-02-11T19:19:25.434295
2026-08-08,BKK,arrival,10:15,KUL Kuala Lumpur,MH784,Malaysia Airlines,2h 15m,True,2026-02-11T19:19:25.554822
2026-08-08,BKK,arrival,10:20,XIY Xian,9C6299,Spring Airlines,4h 10m,True,2026-02-11T19:19:25.694181
2026-08-08,BKK,arrival,10:20,CAN Guangzhou,CZ357,China Southern,3h 5m,True,2026-02-11T19:19:25.819444
2026-08-08,BKK,arrival,10:20,SHJ Sharjah,G9823,Air Arabia,6h 35m,True,2026-02-11T19:19:25.944374
2026-08-08,BKK,arrival,10:20,KWI Kuwait,KU411,Kuwait Airways,7h 10m,True,2026-02-11T19:19:26.074843
2026-08-08,BKK,arrival,10:20,SGN Ho Chi Minh City,VN601,Vietnam Airlines,1h 35m,True,2026-02-11T19:19:26.205619
2026-08-08,BKK,arrival,10:25,KBV Krabi,VZ341,Vietjet Thailand,1h 25m,True,2026-02-11T19:19:26.333789
2026-08-08,BKK,arrival,10:30,MDL Mandalay,8M337,MAI,1h 50m,True,2026-02-11T19:19:26.455204
2026-08-08,BKK,arrival,10:30,KTI Phnom Penh,KR701,Cambodia Airways,1h 15m,True,2026-02-11T19:19:26.575216
2026-08-08,BKK,arrival,10:30,USM Koh Samui,PG108,Bangkok Airways,1h 30m,True,2026-02-11T19:19:26.697597
2026-08-08,BKK,arrival,10:30,USM Koh Samui,PG122,Bangkok Airways,1h 15m,True,2026-02-11T19:19:26.818960
2026-08-08,BKK,arrival,10:30,HKT Phuket,VZ315,Vietjet Thailand,1h 30m,True,2026-02-11T19:19:26.940858
2026-08-08,BKK,arrival,10:35,CKG Chongqing,HU423,Hainan Airlines,3h 20m,True,2026-02-11T19:19:27.057728
2026-08-08,BKK,arrival,10:35,HDY Hat Yai,TG260,Thai Airways,1h 30m,True,2026-02-11T19:19:27.184055
2026-08-08,BKK,arrival,10:40,CNX Chiang Mai,FD4101,Thai AirAsia,1h 20m,True,2026-02-11T19:19:27.307734
2026-08-08,BKK,arrival,10:40,TPE Taipei,TG637,Thai Airways,3h 45m,True,2026-02-11T19:19:27.434695
2026-08-08,BKK,arrival,10:40,HDY Hat Yai,VZ321,Vietjet Thailand,1h 30m,True,2026-02-11T19:19:27.556844
2026-08-08,BKK,arrival,10:45,PVG Shanghai,9C8891,Spring Airlines,4h 40m,True,2026-02-11T19:19:27.684674
2026-08-08,BKK,arrival,10:45,TDX Trat,PG302,Bangkok Airways,1h 0m,True,2026-02-11T19:19:27.809395
2026-08-08,BKK,arrival,10:50,TPE Taipei,BR75,EVA Air,4h 0m,True,2026-02-11T19:19:27.928908
2026-08-08,BKK,arrival,10:50,HDY Hat Yai,FD4203,Thai AirAsia,1h 30m,True,2026-02-11T19:19:28.053874
2026-08-08,BKK,arrival,10:50,URT Surat Thani,FD4213,Thai AirAsia,1h 25m,True,2026-02-11T19:19:28.177866
2026-08-08,BKK,arrival,10:50,CNX Chiang Mai,TG103,Thai Airways,1h 25m,True,2026-02-11T19:19:28.302322
2026-08-08,BKK,arrival,10:50,HAN Hanoi,VN611,Vietnam Airlines,2h 0m,True,2026-02-11T19:19:28.421949
2026-08-08,BKK,arrival,10:55,HYD Hyderabad,6E1067,IndiGo,3h 45m,True,2026-02-11T19:19:28.544221
2026-08-08,BKK,arrival,10:55,KBV Krabi,TG242,Thai Airways,1h 25m,True,2026-02-11T19:19:28.665387
2026-08-08,BKK,arrival,10:55,CNX Chiang Mai,VZ115,Vietjet Thailand,1h 20m,True,2026-02-11T19:19:28.788444
2026-08-08,BKK,arrival,11:00,CAN Guangzhou,9C7419,Spring Airlines,3h 0m,True,2026-02-11T19:19:28.916365
2026-08-08,BKK,arrival,11:00,KBV Krabi,PG262,Bangkok Airways,1h 35m,True,2026-02-11T19:19:29.038522
2026-08-08,BKK,arrival,11:00,SAI Siem Reap,PG924,Bangkok Airways,1h 20m,True,2026-02-11T19:19:29.160343
2026-08-08,BKK,arrival,11:00,SIN Singapore,SQ708,Singapore Airlines,2h 30m,True,2026-02-11T19:19:29.284296
2026-08-08,BKK,arrival,11:00,KTI Phnom Penh,TG587,Thai Airways,1h 20m,True,2026-02-11T19:19:29.403611
2026-08-08,BKK,arrival,11:05,HKG Hong Kong,CX717,Cathay Pacific,3h 5m,True,2026-02-11T19:19:29.527533
2026-08-08,BKK,arrival,11:05,PVG Shanghai,TG663,Thai Airways,4h 35m,True,2026-02-11T19:19:29.652371
2026-08-08,BKK,arrival,11:10,TPE Taipei,BR211,EVA Air,3h 50m,True,2026-02-11T19:19:29.774332
2026-08-08,BKK,arrival,11:10,SWA Jieyang,CZ8355,China Southern,3h 10m,True,2026-02-11T19:19:29.895622
2026-08-08,BKK,arrival,11:10,HKT Phuket,TG202,Thai Airways,1h 30m,True,2026-02-11T19:19:30.016295
2026-08-08,BKK,arrival,11:10,SZX Shenzhen,ZH309,Shenzhen Airlines,3h 0m,True,2026-02-11T19:19:30.520597
2026-08-08,BKK,arrival,11:15,XMN Xiamen,MF853,XiamenAir,3h 25m,True,2026-02-11T19:19:32.184033
2026-08-08,BKK,arrival,11:15,ICN Seoul,OZ743,Asiana,6h 5m,True,2026-02-11T19:19:32.407614
2026-08-08,BKK,arrival,11:20,BOM Mumbai,6E1051,IndiGo,4h 40m,True,2026-02-11T19:19:32.547055
2026-08-08,BKK,arrival,11:20,TPE Taipei,BR67,EVA Air,4h 5m,True,2026-02-11T19:19:32.674138
2026-08-08,BKK,arrival,11:20,SZX Shenzhen,CZ8075,China Southern,3h 25m,True,2026-02-11T19:19:32.813197
2026-08-08,BKK,arrival,11:20,USM Koh Samui,PG124,Bangkok Airways,1h 15m,True,2026-02-11T19:19:32.941260
2026-08-08,BKK,arrival,11:20,UTH Udon Thani,VZ201,Vietjet Thailand,1h 10m,True,2026-02-11T19:19:33.059881
2026-08-08,BKK,arrival,11:30,HKG Hong Kong,CX755,Cathay Pacific,3h 5m,True,2026-02-11T19:19:33.185355
2026-08-08,BKK,arrival,11:30,SGN Ho Chi Minh City,TG551,Thai Airways,1h 25m,True,2026-02-11T19:19:33.309607
2026-08-08,BKK,arrival,11:35,CNX Chiang Mai,PG216,Bangkok Airways,1h 25m,True,2026-02-11T19:19:33.430535
2026-08-08,BKK,arrival,11:40,CAN Guangzhou,CZ8079,China Southern,3h 0m,True,2026-02-11T19:19:33.554231
2026-08-08,BKK,arrival,11:40,CEI Chiang Rai,TG131,Thai Airways,1h 30m,True,2026-02-11T19:19:33.677796
2026-08-08,BKK,arrival,11:45,KBV Krabi,FD4403,Thai AirAsia,1h 25m,True,2026-02-11T19:19:33.802781
2026-08-08,BKK,arrival,11:45,HGH Hangzhou,JD419,Capital Airlines,4h 15m,True,2026-02-11T19:19:33.927626
2026-08-08,BKK,arrival,11:50,AUH Abu Dhabi,EY404,Etihad,6h 30m,True,2026-02-11T19:19:34.047616
2026-08-08,BKK,arrival,11:50,HKT Phuket,FD4125,Thai AirAsia,1h 35m,True,2026-02-11T19:19:34.170723
2026-08-08,BKK,arrival,11:50,IKT Irkutsk,SU658,Aeroflot,6h 40m,True,2026-02-11T19:19:34.297715
2026-08-08,BKK,arrival,11:50,HKT Phuket,TG204,Thai Airways,1h 35m,True,2026-02-11T19:19:34.419639
2026-08-08,BKK,arrival,11:50,HKT Phuket,VZ301,Vietjet Thailand,1h 30m,True,2026-02-11T19:19:34.544958
2026-08-08,BKK,arrival,11:55,HKT Phuket,PG272,Bangkok Airways,1h 35m,True,2026-02-11T19:19:34.670147
2026-08-08,BKK,arrival,12:00,TPE Taipei,JX741,Starlux,4h 0m,True,2026-02-11T19:19:34.788982
2026-08-08,BKK,arrival,12:05,KTI Phnom Penh,K6722,Air Cambodia,1h 10m,True,2026-02-11T19:19:34.913176
2026-08-08,BKK,arrival,12:05,IST Istanbul,TK52,Turkish Airlines,9h 50m,True,2026-02-11T19:19:35.033637
2026-08-08,BKK,arrival,12:10,TPE Taipei,CI831,China Airlines,3h 45m,True,2026-02-11T19:19:35.153123
2026-08-08,BKK,arrival,12:10,MNL Manila,PR730,PAL,3h 30m,True,2026-02-11T19:19:35.273373
2026-08-08,BKK,arrival,12:20,PEK Beijing,HU429,Hainan Airlines,5h 5m,True,2026-02-11T19:19:35.394356
2026-08-08,BKK,arrival,12:20,KMG Kunming,MU6087,China Eastern,2h 25m,True,2026-02-11T19:19:35.516745
2026-08-08,BKK,arrival,12:20,KTI Phnom Penh,VZ721,Vietjet Thailand,1h 15m,True,2026-02-11T19:19:35.642912
2026-08-08,BKK,arrival,12:25,HAN Hanoi,TG561,Thai Airways,1h 50m,True,2026-02-11T19:19:35.761574
2026-08-08,BKK,arrival,12:25,DAD Da Nang,VZ965,Vietjet Thailand,1h 45m,True,2026-02-11T19:19:35.885283
2026-08-08,BKK,arrival,12:30,CCU Kolkata,B3700,Bhutan Airlines,2h 40m,True,2026-02-11T19:19:36.006501
2026-08-08,BKK,arrival,12:30,DXB Dubai,EK384,Emirates,6h 40m,True,2026-02-11T19:19:36.128077
2026-08-08,BKK,arrival,12:30,PVG Shanghai,MU541,China Eastern,4h 40m,True,2026-02-11T19:19:36.247863
2026-08-08,BKK,arrival,12:30,FRA Frankfurt,TG923,Thai Airways,10h 50m,True,2026-02-11T19:19:36.367943
2026-08-08,BKK,arrival,12:30,FUK Fukuoka,VZ811,Vietjet Thailand,5h 35m,True,2026-02-11T19:19:36.499143
2026-08-08,BKK,arrival,12:35,PVG Shanghai,9C7421,Spring Airlines,4h 45m,True,2026-02-11T19:19:36.619687
2026-08-08,BKK,arrival,12:35,FRA Frankfurt,DE2362,Condor,11h 20m,True,2026-02-11T19:19:36.744306
2026-08-08,BKK,arrival,12:40,BWN Bandar Seri Begawan,BI513,Royal Brunei Airlines,2h 45m,True,2026-02-11T19:19:36.874897
2026-08-08,BKK,arrival,12:40,URT Surat Thani,VZ351,Vietjet Thailand,1h 15m,True,2026-02-11T19:19:36.994279
2026-08-08,BKK,arrival,12:45,TFU Chengdu,9C7501,Spring Airlines,3h 10m,True,2026-02-11T19:19:37.118508
2026-08-08,BKK,arrival,12:45,CMB Colombo,UL404,SriLankan Airlines,3h 40m,True,2026-02-11T19:19:37.236449
2026-08-08,BKK,arrival,12:45,SGN Ho Chi Minh City,VJ803,VietJet,1h 30m,True,2026-02-11T19:19:37.361267
2026-08-08,BKK,arrival,12:45,MCT Muscat,WY811,Oman Air,6h 15m,True,2026-02-11T19:19:37.485409
2026-08-08,BKK,arrival,12:50,CAN Guangzhou,CZ8099,China Southern,3h 10m,True,2026-02-11T19:19:37.607303
2026-08-08,BKK,arrival,12:55,DOH Doha,QR834,Qatar Airways,6h 55m,True,2026-02-11T19:19:37.729766
2026-08-08,BKK,arrival,12:55,KIX Osaka,VZ821,Vietjet Thailand,6h 0m,True,2026-02-11T19:19:37.854480
2026-08-08,BKK,arrival,13:00,USM Koh Samui,PG130,Bangkok Airways,1h 15m,True,2026-02-11T19:19:37.978536
2026-08-08,BKK,arrival,13:00,HAN Hanoi,VJ901,VietJet,1h 50m,True,2026-02-11T19:19:38.098668
2026-08-08,BKK,arrival,13:05,XIY Xian,9C6293,Spring Airlines,4h 20m,True,2026-02-11T19:19:38.217977
2026-08-08,BKK,arrival,13:05,TPE Taipei,BR201,EVA Air,3h 45m,True,2026-02-11T19:19:38.338788
2026-08-08,BKK,arrival,13:05,PQC Phu Quoc,VZ981,Vietjet Thailand,1h 20m,True,2026-02-11T19:19:38.469032
2026-08-08,BKK,arrival,13:10,CGK Jakarta,GA866,Garuda Indonesia,3h 25m,True,2026-02-11T19:19:38.589050
2026-08-08,BKK,arrival,13:10,SGN Ho Chi Minh City,VN605,Vietnam Airlines,1h 35m,True,2026-02-11T19:19:38.714667
2026-08-08,BKK,arrival,13:10,CNX Chiang Mai,VZ103,Vietjet Thailand,1h 20m,True,2026-02-11T19:19:38.836316
2026-08-08,BKK,arrival,13:15,ADD Addis Ababa,ET628,Ethiopian,9h 20m,True,2026-02-11T19:19:38.955420
2026-08-08,BKK,arrival,13:15,ICN Seoul,KE657,Korean Air,5h 45m,True,2026-02-11T19:19:39.073748
2026-08-08,BKK,arrival,13:15,HKT Phuket,TG206,Thai Airways,1h 35m,True,2026-02-11T19:19:39.198556
2026-08-08,BKK,arrival,13:15,KKC Khon Kaen,TG43,Thai Airways,1h 10m,True,2026-02-11T19:19:39.323544
2026-08-08,BKK,arrival,13:20,CNX Chiang Mai,PG224,Bangkok Airways,1h 25m,True,2026-02-11T19:19:39.447641
2026-08-08,BKK,arrival,13:20,CNX Chiang Mai,TG105,Thai Airways,1h 25m,True,2026-02-11T19:19:39.565065
2026-08-08,BKK,arrival,13:25,NGB Ningbo,9C7431,Spring Airlines,4h 35m,True,2026-02-11T19:19:39.686519
2026-08-08,BKK,arrival,13:25,DXB Dubai,EK376,Emirates,6h 40m,True,2026-02-11T19:19:39.808040
2026-08-08,BKK,arrival,13:25,KUL Kuala Lumpur,MH788,Malaysia Airlines,2h 15m,True,2026-02-11T19:19:39.930969
2026-08-08,BKK,arrival,13:25,DOH Doha,QR836,Qatar Airways,6h 55m,True,2026-02-11T19:19:40.049190
2026-08-08,BKK,arrival,13:25,ICN Seoul,TG659,Thai Airways,5h 50m,True,2026-02-11T19:19:40.172601
2026-08-08,BKK,arrival,13:25,RGN Yangon,TG302,Thai Airways,1h 30m,True,2026-02-11T19:19:40.297268
2026-08-08,BKK,arrival,13:30,NBO Nairobi,KQ886,Kenya Airways,9h 31m,True,2026-02-11T19:19:40.427324
2026-08-08,BKK,arrival,13:30,USM Koh Samui,PG132,Bangkok Airways,1h 15m,True,2026-02-11T19:19:40.549083
2026-08-08,BKK,arrival,13:30,KJA Krasnojarsk,SU814,Aeroflot,6h 50m,True,2026-02-11T19:19:40.669750
2026-08-08,BKK,arrival,13:35,BOM Mumbai,AI2354,Air India,4h 20m,True,2026-02-11T19:19:40.795518
2026-08-08,BKK,arrival,13:40,DAC Dhaka,BS217,US-Bangla Airlines,2h 40m,True,2026-02-11T19:19:40.924514
2026-08-08,BKK,arrival,13:40,PNQ Pune,IX242,Air India Express,4h 45m,True,2026-02-11T19:19:41.044973
2026-08-08,BKK,arrival,13:40,SGN Ho Chi Minh City,VU131,Vietravel Airlines,1h 35m,True,2026-02-11T19:19:41.166326
2026-08-08,BKK,arrival,13:45,RUH Riyadh,SV846,Saudia,7h 35m,True,2026-02-11T19:19:41.291210
2026-08-08,BKK,arrival,13:45,SIN Singapore,TG404,Thai Airways,2h 20m,True,2026-02-11T19:19:41.418016
2026-08-08,BKK,arrival,13:45,NRT Tokyo,VZ831,Vietjet Thailand,6h 50m,True,2026-02-11T19:19:41.541742
2026-08-08,BKK,arrival,13:50,NST Nakhon Si Thammarat,FD4232,Thai AirAsia,1h 25m,True,2026-02-11T19:19:41.665063
2026-08-08,BKK,arrival,13:55,HKT Phuket,VZ305,Vietjet Thailand,1h 30m,True,2026-02-11T19:19:41.790717
2026-08-08,BKK,arrival,14:00,SWA Jieyang,9C6193,Spring Airlines,3h 20m,True,2026-02-11T19:19:41.914815
2026-08-08,BKK,arrival,14:00,HKG Hong Kong,CX653,Cathay Pacific,3h 0m,True,2026-02-11T19:19:42.037867
2026-08-08,BKK,arrival,14:00,MUC Munich,LH772,Lufthansa,10h 40m,True,2026-02-11T19:19:42.159900
2026-08-08,BKK,arrival,14:00,UBP Ubon Ratchathani,VZ221,Vietjet Thailand,1h 15m,True,2026-02-11T19:19:42.280973
2026-08-08,BKK,arrival,14:05,CAN Guangzhou,CZ5095,China Southern,3h 0m,True,2026-02-11T19:19:42.409284
2026-08-08,BKK,arrival,14:05,CNX Chiang Mai,FD4107,Thai AirAsia,1h 30m,True,2026-02-11T19:19:42.531861
2026-08-08,BKK,arrival,14:10,TDX Trat,PG306,Bangkok Airways,1h 0m,True,2026-02-11T19:19:42.656407
2026-08-08,BKK,arrival,14:10,ICN Seoul,TG657,Thai Airways,5h 50m,True,2026-02-11T19:19:42.777131
2026-08-08,BKK,arrival,14:15,DEL Delhi,AI2355,Air India,4h 20m,True,2026-02-11T19:19:42.901242
2026-08-08,BKK,arrival,14:15,KKC Khon Kaen,FD4502,Thai AirAsia,1h 10m,True,2026-02-11T19:19:43.026546
2026-08-08,BKK,arrival,14:15,SIN Singapore,SQ710,Singapore Airlines,2h 30m,True,2026-02-11T19:19:43.149059
2026-08-08,BKK,arrival,14:20,MFM Macau,NX936,Air Macau,2h 45m,True,2026-02-11T19:19:43.270278
2026-08-08,BKK,arrival,14:25,SAI Siem Reap,PG906,Bangkok Airways,1h 30m,True,2026-02-11T19:19:43.396593
2026-08-08,BKK,arrival,14:25,HKG Hong Kong,TG601,Thai Airways,2h 40m,True,2026-02-11T19:19:43.522105
2026-08-08,BKK,arrival,14:25,SIN Singapore,TR604,Scoot,2h 35m,True,2026-02-11T19:19:43.642324
2026-08-08,BKK,arrival,14:30,CAN Guangzhou,CZ3081,China Southern,3h 0m,True,2026-02-11T19:19:43.763208
2026-08-08,BKK,arrival,14:30,HKT Phuket,PG276,Bangkok Airways,1h 35m,True,2026-02-11T19:19:43.885187
2026-08-08,BKK,arrival,14:30,KUL Kuala Lumpur,TG416,Thai Airways,2h 10m,True,2026-02-11T19:19:44.013023
2026-08-08,BKK,arrival,14:35,HKT Phuket,TG208,Thai Airways,1h 35m,True,2026-02-11T19:19:44.135253
2026-08-08,BKK,arrival,14:35,HDY Hat Yai,VZ325,Vietjet Thailand,1h 30m,True,2026-02-11T19:19:44.261501
2026-08-08,BKK,arrival,14:40,RGN Yangon,8M333,MAI,1h 20m,True,2026-02-11T19:19:44.391153
2026-08-08,BKK,arrival,14:45,LJG Lijiang,DR5041,Ruili Airlines,2h 45m,True,2026-02-11T19:19:44.517334
2026-08-08,BKK,arrival,14:45,SGN Ho Chi Minh City,VJ807,VietJet,1h 30m,True,2026-02-11T19:19:44.644694
2026-08-08,BKK,arrival,14:45,HAN Hanoi,VN615,Vietnam Airlines,2h 0m,True,2026-02-11T19:19:44.768679
2026-08-08,BKK,arrival,14:50,PVG Shanghai,9C7279,Spring Airlines,4h 45m,True,2026-02-11T19:19:44.898179
2026-08-08,BKK,arrival,14:50,NKG Nanjing,JD619,Capital Airlines,4h 40m,True,2026-02-11T19:19:45.020643
2026-08-08,BKK,arrival,14:50,VIE Vienna,OS7,Austrian,10h 15m,True,2026-02-11T19:19:45.142767
2026-08-08,BKK,arrival,14:50,LPQ Luang Prabang,PG942,Bangkok Airways,2h 5m,True,2026-02-11T19:19:45.267821
2026-08-08,BKK,arrival,14:50,VTE Vientiane,TG571,Thai Airways,1h 20m,True,2026-02-11T19:19:45.387646
2026-08-08,BKK,arrival,14:55,NAW Narathiwat,FD4253,Thai AirAsia,1h 30m,True,2026-02-11T19:19:45.510724
2026-08-08,BKK,arrival,14:55,HKG Hong Kong,HX775,Hong Kong Airlines,3h 10m,True,2026-02-11T19:19:45.637203
2026-08-08,BKK,arrival,14:55,KMG Kunming,MU741,China Eastern,2h 35m,True,2026-02-11T19:19:45.760919
2026-08-08,BKK,arrival,15:00,DAC Dhaka,BG388,Biman,2h 45m,True,2026-02-11T19:19:45.880547
2026-08-08,BKK,arrival,15:00,LHR London,TG917,Thai Airways,11h 35m,True,2026-02-11T19:19:46.003979
2026-08-08,BKK,arrival,15:00,NGO Nagoya,TG645,Thai Airways,6h 0m,True,2026-02-11T19:19:46.127426
2026-08-08,BKK,arrival,15:00,DAD Da Nang,VZ961,Vietjet Thailand,1h 45m,True,2026-02-11T19:19:46.255848
2026-08-08,BKK,arrival,15:05,USM Koh Samui,PG142,Bangkok Airways,1h 15m,True,2026-02-11T19:19:46.380199
2026-08-08,BKK,arrival,15:05,CNX Chiang Mai,TG107,Thai Airways,1h 25m,True,2026-02-11T19:19:46.505394
2026-08-08,BKK,arrival,15:05,FUK Fukuoka,TG649,Thai Airways,5h 30m,True,2026-02-11T19:19:46.629238
2026-08-08,BKK,arrival,15:05,HND Tokyo,TG683,Thai Airways,6h 30m,True,2026-02-11T19:19:46.754215
2026-08-08,BKK,arrival,15:05,UTH Udon Thani,TG5,Thai Airways,1h 10m,True,2026-02-11T19:19:46.878128
2026-08-08,BKK,arrival,15:10,CNX Chiang Mai,FD4103,Thai AirAsia,1h 20m,True,2026-02-11T19:19:46.996634
2026-08-08,BKK,arrival,15:10,HND Tokyo,JL31,JAL,6h 30m,True,2026-02-11T19:19:47.117309
2026-08-08,BKK,arrival,15:10,USM Koh Samui,PG158,Bangkok Airways,1h 35m,True,2026-02-11T19:19:47.237553
2026-08-08,BKK,arrival,15:10,CEI Chiang Rai,TG133,Thai Airways,1h 30m,True,2026-02-11T19:19:47.356422
2026-08-08,BKK,arrival,15:15,USM Koh Samui,PG144,Bangkok Airways,1h 15m,True,2026-02-11T19:19:47.482638
2026-08-08,BKK,arrival,15:20,NRT Tokyo,TG641,Thai Airways,6h 30m,True,2026-02-11T19:19:47.603025
2026-08-08,BKK,arrival,15:25,HKG Hong Kong,CX775,Cathay Pacific,3h 5m,True,2026-02-11T19:19:47.725368
2026-08-08,BKK,arrival,15:25,MNL Manila,TG621,Thai Airways,3h 30m,True,2026-02-11T19:19:47.843569
2026-08-08,BKK,arrival,15:25,PER Perth,TG484,Thai Airways,7h 5m,True,2026-02-11T19:19:47.965916
2026-08-08,BKK,arrival,15:25,IST Istanbul,TK68,Turkish Airlines,9h 30m,True,2026-02-11T19:19:48.090362
2026-08-08,BKK,arrival,15:30,LHR London,BR68,EVA Air,11h 55m,True,2026-02-11T19:19:48.216614
2026-08-08,BKK,arrival,15:30,HND Tokyo,NH847,ANA,6h 40m,True,2026-02-11T19:19:48.339768
2026-08-08,BKK,arrival,15:30,CTS Sapporo,TG671,Thai Airways,7h 0m,True,2026-02-11T19:19:48.464628
2026-08-08,BKK,arrival,15:30,HKG Hong Kong,UO700,HK Express,3h 0m,True,2026-02-11T19:19:48.584811
2026-08-08,BKK,arrival,15:35,CNX Chiang Mai,FD4119,Thai AirAsia,1h 25m,True,2026-02-11T19:19:48.702885
2026-08-08,BKK,arrival,15:35,AMM Amman,RJ182,Royal Jordanian,9h 10m,True,2026-02-11T19:19:48.824525
2026-08-08,BKK,arrival,15:35,KIX Osaka,TG623,Thai Airways,5h 50m,True,2026-02-11T19:19:48.948087
2026-08-08,BKK,arrival,15:35,LYA Luoyang,UQ2641,Urumqi Airlines,4h 20m,True,2026-02-11T19:19:49.065689
2026-08-08,BKK,arrival,15:45,KWE Guiyang,AQ1207,9 Air,4h 0m,True,2026-02-11T19:19:49.188768
2026-08-08,BKK,arrival,15:45,CNX Chiang Mai,VZ111,Vietjet Thailand,1h 20m,True,2026-02-11T19:19:49.313308
2026-08-08,BKK,arrival,15:50,PVG Shanghai,FM833,Shanghai Airlines,4h 55m,True,2026-02-11T19:19:49.433762
2026-08-08,BKK,arrival,15:50,USM Koh Samui,PG136,Bangkok Airways,1h 15m,True,2026-02-11T19:19:49.560742
2026-08-08,BKK,arrival,15:50,IKT Irkutsk,S76309,S7 Airlines,6h 5m,True,2026-02-11T19:19:49.680457
2026-08-08,BKK,arrival,16:00,ICN Seoul,VZ851,Vietjet Thailand,5h 50m,True,2026-02-11T19:19:49.806428
2026-08-08,BKK,arrival,16:05,HKT Phuket,FD4111,Thai AirAsia,1h 40m,True,2026-02-11T19:19:49.923304
2026-08-08,BKK,arrival,16:05,CGK Jakarta,TG434,Thai Airways,3h 30m,True,2026-02-11T19:19:50.048456
2026-08-08,BKK,arrival,16:10,DEL Delhi,6E1053,IndiGo,4h 25m,True,2026-02-11T19:19:50.179601
2026-08-08,BKK,arrival,16:10,UTH Udon Thani,VZ205,Vietjet Thailand,1h 10m,True,2026-02-11T19:19:50.301944
2026-08-08,BKK,arrival,16:15,HDY Hat Yai,TG264,Thai Airways,1h 35m,True,2026-02-11T19:19:50.421087
2026-08-08,BKK,arrival,16:15,NST Nakhon Si Thammarat,VZ335,Vietjet Thailand,1h 20m,True,2026-02-11T19:19:50.541527
2026-08-08,BKK,arrival,16:20,TPE Taipei,CI835,China Airlines,3h 50m,True,2026-02-11T19:19:50.667715
2026-08-08,BKK,arrival,16:20,KTI Phnom Penh,K6724,Air Cambodia,1h 10m,True,2026-02-11T19:19:50.791837
2026-08-08,BKK,arrival,16:20,KUL Kuala Lumpur,MH782,Malaysia Airlines,2h 15m,True,2026-02-11T19:19:50.910922
2026-08-08,BKK,arrival,16:20,HKT Phuket,PG274,Bangkok Airways,1h 35m,True,2026-02-11T19:19:51.036433
2026-08-08,BKK,arrival,16:20,SYD Sydney,TG476,Thai Airways,9h 20m,True,2026-02-11T19:19:51.157438
2026-08-08,BKK,arrival,16:25,SZX Shenzhen,CZ8323,China Southern,3h 30m,True,2026-02-11T19:19:51.282092
2026-08-08,BKK,arrival,16:30,HKG Hong Kong,CX751,Cathay Pacific,3h 0m,True,2026-02-11T19:19:51.407685
2026-08-08,BKK,arrival,16:30,HGH Hangzhou,GJ8021,Loong Air,4h 35m,True,2026-02-11T19:19:51.529349
2026-08-08,BKK,arrival,16:30,KMG Kunming,TG613,Thai Airways,2h 10m,True,2026-02-11T19:19:51.652150
2026-08-08,BKK,arrival,16:30,NRT Tokyo,TG643,Thai Airways,6h 30m,True,2026-02-11T19:19:51.780012
2026-08-08,BKK,arrival,16:40,TFU Chengdu,3U3935,Sichuan Airlines,3h 0m,True,2026-02-11T19:19:51.903659
2026-08-08,BKK,arrival,16:40,CGK Jakarta,GA868,Garuda Indonesia,3h 45m,True,2026-02-11T19:19:52.026304
2026-08-08,BKK,arrival,16:40,TPE Taipei,JX745,Starlux,3h 50m,True,2026-02-11T19:19:52.151446
2026-08-08,BKK,arrival,16:40,XMN Xiamen,MF833,XiamenAir,3h 30m,True,2026-02-11T19:19:52.274570
2026-08-08,BKK,arrival,16:40,USM Koh Samui,PG146,Bangkok Airways,1h 15m,True,2026-02-11T19:19:52.393053
2026-08-08,BKK,arrival,16:40,SYD Sydney,QF23,Qantas,9h 50m,True,2026-02-11T19:19:52.509780
2026-08-08,BKK,arrival,16:45,CEI Chiang Rai,VZ133,Vietjet Thailand,1h 25m,True,2026-02-11T19:19:52.631956
2026-08-08,BKK,arrival,16:50,CAN Guangzhou,CZ8023,China Southern,3h 0m,True,2026-02-11T19:19:52.755529
2026-08-08,BKK,arrival,16:50,USM Koh Samui,PG150,Bangkok Airways,1h 30m,True,2026-02-11T19:19:52.882246
2026-08-08,BKK,arrival,16:50,KKC Khon Kaen,TG45,Thai Airways,1h 10m,True,2026-02-11T19:19:53.004784
2026-08-08,BKK,arrival,16:50,TPE Taipei,TG633,Thai Airways,3h 45m,True,2026-02-11T19:19:53.129227
2026-08-08,BKK,arrival,16:50,CNX Chiang Mai,VZ107,Vietjet Thailand,1h 20m,True,2026-02-11T19:19:53.253019
2026-08-08,BKK,arrival,16:55,DEL Delhi,AI2332,Air India,4h 25m,True,2026-02-11T19:19:53.373143
2026-08-08,BKK,arrival,16:55,CNX Chiang Mai,TG111,Thai Airways,1h 25m,True,2026-02-11T19:19:53.499041
2026-08-08,BKK,arrival,16:55,HKT Phuket,VZ2301,Vietjet Thailand,1h 30m,True,2026-02-11T19:19:53.623346
2026-08-08,BKK,arrival,17:00,DAC Dhaka,TG322,Thai Airways,2h 25m,True,2026-02-11T19:19:53.747488
2026-08-08,BKK,arrival,17:00,SIN Singapore,TR610,Scoot,2h 30m,True,2026-02-11T19:19:53.872359
2026-08-08,BKK,arrival,17:05,TFU Chengdu,CA471,Air China,3h 15m,True,2026-02-11T19:19:53.998882
2026-08-08,BKK,arrival,17:05,USM Koh Samui,PG148,Bangkok Airways,1h 15m,True,2026-02-11T19:19:54.117541
2026-08-08,BKK,arrival,17:05,DAD Da Nang,VN627,Vietnam Airlines,1h 50m,True,2026-02-11T19:19:54.240739
2026-08-08,BKK,arrival,17:10,HKT Phuket,FD4123,Thai AirAsia,1h 35m,True,2026-02-11T19:19:54.367161
2026-08-08,BKK,arrival,17:10,TAO Qingdao,QW917,Qingdao Airlines,5h 10m,True,2026-02-11T19:19:54.493169
2026-08-08,BKK,arrival,17:15,USM Koh Samui,PG162,Bangkok Airways,1h 15m,True,2026-02-11T19:19:54.614470
2026-08-08,BKK,arrival,17:15,SIN Singapore,SQ712,Singapore Airlines,2h 30m,True,2026-02-11T19:19:54.738224
2026-08-08,BKK,arrival,17:15,SIN Singapore,TG414,Thai Airways,2h 20m,True,2026-02-11T19:19:54.857208
2026-08-08,BKK,arrival,17:20,KHH Kaohsiung,CI839,China Airlines,3h 40m,True,2026-02-11T19:19:54.973202
2026-08-08,BKK,arrival,17:20,KUL Kuala Lumpur,MH774,Malaysia Airlines,2h 20m,True,2026-02-11T19:19:55.094128
2026-08-08,BKK,arrival,17:20,HKG Hong Kong,TG629,Thai Airways,2h 50m,True,2026-02-11T19:19:55.215307
2026-08-08,BKK,arrival,17:25,SHJ Sharjah,G9816,Air Arabia,6h 35m,True,2026-02-11T19:19:55.338404
2026-08-08,BKK,arrival,17:25,TAO Qingdao,QW9897,Qingdao Airlines,5h 5m,True,2026-02-11T19:19:55.464953
2026-08-08,BKK,arrival,17:35,DEL Delhi,TG324,Thai Airways,4h 25m,True,2026-02-11T19:19:55.587559
2026-08-08,BKK,arrival,17:40,HKT Phuket,TG212,Thai Airways,1h 35m,True,2026-02-11T19:19:55.710751
2026-08-08,BKK,arrival,17:45,CAN Guangzhou,TG669,Thai Airways,3h 0m,True,2026-02-11T19:19:55.832916
2026-08-08,BKK,arrival,17:45,HAN Hanoi,VJ903,VietJet,2h 0m,True,2026-02-11T19:19:55.961931
2026-08-08,BKK,arrival,17:45,UBP Ubon Ratchathani,VZ225,Vietjet Thailand,1h 15m,True,2026-02-11T19:19:56.087582
2026-08-08,BKK,arrival,17:45,MCT Muscat,WY815,Oman Air,6h 5m,True,2026-02-11T19:19:56.208579
2026-08-08,BKK,arrival,17:50,NNG Nanning,9C7485,Spring Airlines,2h 30m,True,2026-02-11T19:19:56.330588
2026-08-08,BKK,arrival,17:50,CEI Chiang Rai,FD4153,Thai AirAsia,1h 25m,True,2026-02-11T19:19:56.449121
2026-08-08,BKK,arrival,17:55,CAN Guangzhou,CZ363,China Southern,3h 0m,True,2026-02-11T19:19:56.569785
2026-08-08,BKK,arrival,17:55,KBV Krabi,VZ343,Vietjet Thailand,1h 25m,True,2026-02-11T19:19:56.691869
2026-08-08,BKK,arrival,18:00,HKG Hong Kong,CX701,Cathay Pacific,2h 55m,True,2026-02-11T19:19:56.812525
2026-08-08,BKK,arrival,18:05,KBV Krabi,FD4401,Thai AirAsia,1h 25m,True,2026-02-11T19:19:56.933920
2026-08-08,BKK,arrival,18:05,PVG Shanghai,FM855,Shanghai Airlines,4h 30m,True,2026-02-11T19:19:57.050393
2026-08-08,BKK,arrival,18:05,HAN Hanoi,VN619,Vietnam Airlines,2h 0m,True,2026-02-11T19:19:57.170859
2026-08-08,BKK,arrival,18:05,PQC Phu Quoc,VZ983,Vietjet Thailand,1h 20m,True,2026-02-11T19:19:57.295255
2026-08-08,BKK,arrival,18:10,AUH Abu Dhabi,EY406,Etihad,6h 35m,True,2026-02-11T19:19:57.419849
2026-08-08,BKK,arrival,18:10,BFV Buri Ram,FD4512,Thai AirAsia,1h 5m,True,2026-02-11T19:19:57.541109
2026-08-08,BKK,arrival,18:10,HKT Phuket,FD4113,Thai AirAsia,1h 25m,True,2026-02-11T19:19:57.665779
2026-08-08,BKK,arrival,18:10,TPE Taipei,VZ567,Vietjet Thailand,3h 45m,True,2026-02-11T19:19:57.788942
2026-08-08,BKK,arrival,18:15,RGN Yangon,8M331,MAI,1h 20m,True,2026-02-11T19:19:57.913416
2026-08-08,BKK,arrival,18:15,HAK Haikou,HU721,Hainan Airlines,2h 25m,True,2026-02-11T19:19:58.041140
2026-08-08,BKK,arrival,18:15,KTM Kathmandu,TG320,Thai Airways,3h 30m,True,2026-02-11T19:19:58.164105
2026-08-08,BKK,arrival,18:20,PEK Beijing,CA959,Air China,5h 20m,True,2026-02-11T19:19:58.283646
2026-08-08,BKK,arrival,18:20,CNX Chiang Mai,TG113,Thai Airways,1h 25m,True,2026-02-11T19:19:58.407248
2026-08-08,BKK,arrival,18:20,TFU Chengdu,TG619,Thai Airways,3h 5m,True,2026-02-11T19:19:58.530725
2026-08-08,BKK,arrival,18:20,UTH Udon Thani,VZ203,Vietjet Thailand,1h 10m,True,2026-02-11T19:19:58.656468
2026-08-08,BKK,arrival,18:25,DXB Dubai,EK370,Emirates,6h 25m,True,2026-02-11T19:19:58.774890
2026-08-08,BKK,arrival,18:25,HKT Phuket,TG216,Thai Airways,1h 30m,True,2026-02-11T19:19:58.895544
2026-08-08,BKK,arrival,18:30,KMG Kunming,KY8369,Kunming Airlines,2h 25m,True,2026-02-11T19:19:59.019393
2026-08-08,BKK,arrival,18:30,MNL Manila,PR736,PAL,3h 45m,True,2026-02-11T19:19:59.145040
2026-08-08,BKK,arrival,18:30,SGN Ho Chi Minh City,VN607,Vietnam Airlines,1h 35m,True,2026-02-11T19:19:59.267450
2026-08-08,BKK,arrival,18:30,SZX Shenzhen,ZH307,Shenzhen Airlines,2h 55m,True,2026-02-11T19:19:59.388965
2026-08-08,BKK,arrival,18:40,USM Koh Samui,PG166,Bangkok Airways,1h 15m,True,2026-02-11T19:19:59.517783
2026-08-08,BKK,arrival,18:40,CNX Chiang Mai,VZ109,Vietjet Thailand,1h 20m,True,2026-02-11T19:19:59.642625
2026-08-08,BKK,arrival,18:45,SGN Ho Chi Minh City,VJ805,VietJet,1h 30m,True,2026-02-11T19:19:59.765325
2026-08-08,BKK,arrival,18:50,TDX Trat,PG308,Bangkok Airways,1h 0m,True,2026-02-11T19:19:59.892804
2026-08-08,BKK,arrival,18:50,USM Koh Samui,PG172,Bangkok Airways,1h 15m,True,2026-02-11T19:20:00.019154
2026-08-08,BKK,arrival,18:55,CKG Chongqing,3U3771,Sichuan Airlines,3h 25m,True,2026-02-11T19:20:00.144487
2026-08-08,BKK,arrival,18:55,KUL Kuala Lumpur,MH780,Malaysia Airlines,2h 10m,True,2026-02-11T19:20:00.269993
2026-08-08,BKK,arrival,18:55,UBP Ubon Ratchathani,TG29,Thai Airways,1h 15m,True,2026-02-11T19:20:00.393434
2026-08-08,BKK,arrival,18:55,HKG Hong Kong,UO702,HK Express,3h 0m,True,2026-02-11T19:20:00.512439
2026-08-08,BKK,arrival,19:00,HKT Phuket,PG284,Bangkok Airways,1h 30m,True,2026-02-11T19:20:00.636327
2026-08-08,BKK,arrival,19:00,SIN Singapore,SQ714,Singapore Airlines,2h 30m,True,2026-02-11T19:20:00.756854
2026-08-08,BKK,arrival,19:00,HKT Phuket,VZ307,Vietjet Thailand,1h 30m,True,2026-02-11T19:20:00.889110
2026-08-08,BKK,arrival,19:05,USM Koh Samui,PG168,Bangkok Airways,1h 15m,True,2026-02-11T19:20:01.013922
2026-08-08,BKK,arrival,19:05,DOH Doha,QR828,Qatar Airways,6h 55m,True,2026-02-11T19:20:01.135430
2026-08-08,BKK,arrival,19:10,THS Sukhothai,PG214,Bangkok Airways,1h 20m,True,2026-02-11T19:20:01.256435
2026-08-08,BKK,arrival,19:15,BOM Mumbai,6E1059,IndiGo,4h 40m,True,2026-02-11T19:20:01.376250
2026-08-08,BKK,arrival,19:20,BOM Mumbai,AI2337,Air India,4h 20m,True,2026-02-11T19:20:01.499915
2026-08-08,BKK,arrival,19:20,CAN Guangzhou,CZ8019,China Southern,3h 0m,True,2026-02-11T19:20:01.622202
2026-08-08,BKK,arrival,19:25,DXB Dubai,EK372,Emirates,6h 45m,True,2026-02-11T19:20:01.750303
2026-08-08,BKK,arrival,19:25,DOH Doha,QR826,Qatar Airways,6h 55m,True,2026-02-11T19:20:01.878299
2026-08-08,BKK,arrival,19:35,KMG Kunming,KY8367,Kunming Airlines,2h 25m,True,2026-02-11T19:20:01.999668
2026-08-08,BKK,arrival,19:35,SIN Singapore,TG408,Thai Airways,2h 20m,True,2026-02-11T19:20:02.122179
2026-08-08,BKK,arrival,19:35,SIN Singapore,TR616,Scoot,2h 35m,True,2026-02-11T19:20:02.246698
2026-08-08,BKK,arrival,19:40,RGN Yangon,8M350,MAI,1h 20m,True,2026-02-11T19:20:02.368137
2026-08-08,BKK,arrival,19:40,HDY Hat Yai,FD4205,Thai AirAsia,1h 30m,True,2026-02-11T19:20:02.499456
2026-08-08,BKK,arrival,19:40,USM Koh Samui,PG170,Bangkok Airways,1h 15m,True,2026-02-11T19:20:02.623192
2026-08-08,BKK,arrival,19:40,VTE Vientiane,QV445,Lao Airlines,1h 0m,True,2026-02-11T19:20:02.742102
2026-08-08,BKK,arrival,19:45,CNX Chiang Mai,FD4109,Thai AirAsia,1h 20m,True,2026-02-11T19:20:02.864196
2026-08-08,BKK,arrival,19:50,DEL Delhi,6E1063,IndiGo,4h 10m,True,2026-02-11T19:20:02.985171
2026-08-08,BKK,arrival,19:50,MEL Melbourne,JQ29,Jetstar,9h 25m,True,2026-02-11T19:20:03.108725
2026-08-08,BKK,arrival,19:50,KMG Kunming,MU9613,China Eastern,2h 35m,True,2026-02-11T19:20:03.229959
2026-08-08,BKK,arrival,19:55,KHH Kaohsiung,TG631,Thai Airways,3h 40m,True,2026-02-11T19:20:03.358132
2026-08-08,BKK,arrival,19:55,DAD Da Nang,VZ963,Vietjet Thailand,1h 45m,True,2026-02-11T19:20:03.486709
2026-08-08,BKK,arrival,20:00,SIN Singapore,SQ720,Singapore Airlines,2h 30m,True,2026-02-11T19:20:03.608929
2026-08-08,BKK,arrival,20:00,MEL Melbourne,TG466,Thai Airways,9h 30m,True,2026-02-11T19:20:03.741547
2026-08-08,BKK,arrival,20:05,DPS Denpasar,TG432,Thai Airways,4h 10m,True,2026-02-11T19:20:03.867197
2026-08-08,BKK,arrival,20:05,KKC Khon Kaen,TG47,Thai Airways,1h 0m,True,2026-02-11T19:20:03.990134
2026-08-08,BKK,arrival,20:05,SGN Ho Chi Minh City,VN609,Vietnam Airlines,1h 35m,True,2026-02-11T19:20:04.111615
2026-08-08,BKK,arrival,20:05,URT Surat Thani,VZ353,Vietjet Thailand,1h 15m,True,2026-02-11T19:20:04.239655
2026-08-08,BKK,arrival,20:10,KKC Khon Kaen,VZ215,Vietjet Thailand,1h 5m,True,2026-02-11T19:20:04.364521
2026-08-08,BKK,arrival,20:15,USM Koh Samui,PG160,Bangkok Airways,1h 35m,True,2026-02-11T19:20:04.489959
2026-08-08,BKK,arrival,20:15,CEI Chiang Rai,TG137,Thai Airways,1h 20m,True,2026-02-11T19:20:04.609261
2026-08-08,BKK,arrival,20:25,DEL Delhi,AI2304,Air India,4h 25m,True,2026-02-11T19:20:04.733693
2026-08-08,BKK,arrival,20:25,USM Koh Samui,PG176,Bangkok Airways,1h 30m,True,2026-02-11T19:20:04.859277
2026-08-08,BKK,arrival,20:25,USM Koh Samui,PG180,Bangkok Airways,1h 15m,True,2026-02-11T19:20:04.983107
2026-08-08,BKK,arrival,20:25,KTI Phnom Penh,VZ723,Vietjet Thailand,1h 15m,True,2026-02-11T19:20:05.107254
2026-08-08,BKK,arrival,20:30,PBH Paro,KB152,Drukair,3h 10m,True,2026-02-11T19:20:05.228711
2026-08-08,BKK,arrival,20:40,TFU Chengdu,EU2867,Chengdu Airlines,3h 15m,True,2026-02-11T19:20:05.351527
2026-08-08,BKK,arrival,20:40,KTI Phnom Penh,PG936,Bangkok Airways,1h 15m,True,2026-02-11T19:20:05.476949
2026-08-08,BKK,arrival,20:40,RGN Yangon,UB17,Myanmar National Airlines,1h 25m,True,2026-02-11T19:20:05.602971
2026-08-08,BKK,arrival,20:45,HKT Phuket,PG278,Bangkok Airways,1h 35m,True,2026-02-11T19:20:05.728157
2026-08-08,BKK,arrival,20:45,USM Koh Samui,PG174,Bangkok Airways,1h 15m,True,2026-02-11T19:20:05.850612
2026-08-08,BKK,arrival,20:45,HKG Hong Kong,TG639,Thai Airways,2h 40m,True,2026-02-11T19:20:05.968871
2026-08-08,BKK,arrival,20:45,ICN Seoul,TG653,Thai Airways,5h 50m,True,2026-02-11T19:20:06.087759
2026-08-08,BKK,arrival,20:50,HKT Phuket,TG218,Thai Airways,1h 35m,True,2026-02-11T19:20:06.209891
2026-08-08,BKK,arrival,20:50,PVG Shanghai,TG665,Thai Airways,4h 25m,True,2026-02-11T19:20:06.334587
2026-08-08,BKK,arrival,20:55,FOC Fuzhou,9C7301,Spring Airlines,4h 10m,True,2026-02-11T19:20:06.457753
2026-08-08,BKK,arrival,20:55,PVG Shanghai,FM839,Shanghai Airlines,4h 35m,True,2026-02-11T19:20:06.582744
2026-08-08,BKK,arrival,20:55,SAI Siem Reap,PG908,Bangkok Airways,1h 30m,True,2026-02-11T19:20:06.703643
2026-08-08,BKK,arrival,20:55,SYD Sydney,TG472,Thai Airways,9h 20m,True,2026-02-11T19:20:06.827589
2026-08-08,BKK,arrival,21:00,HKG Hong Kong,HX765,Hong Kong Airlines,3h 0m,True,2026-02-11T19:20:06.947494
2026-08-08,BKK,arrival,21:00,RGN Yangon,TG304,Thai Airways,1h 30m,True,2026-02-11T19:20:07.069839
2026-08-08,BKK,arrival,21:00,HKT Phuket,VZ2305,Vietjet Thailand,1h 30m,True,2026-02-11T19:20:07.189393
2026-08-08,BKK,arrival,21:05,USM Koh Samui,PG178,Bangkok Airways,1h 15m,True,2026-02-11T19:20:07.309792
2026-08-08,BKK,arrival,21:05,HAN Hanoi,VN617,Vietnam Airlines,2h 5m,True,2026-02-11T19:20:07.428635
2026-08-08,BKK,arrival,21:05,CNX Chiang Mai,VZ123,Vietjet Thailand,1h 20m,True,2026-02-11T19:20:07.552070
2026-08-08,BKK,arrival,21:10,ICN Seoul,LJ1,Jin Air,6h 0m,True,2026-02-11T19:20:07.682512
2026-08-08,BKK,arrival,21:15,USM Koh Samui,PG188,Bangkok Airways,1h 30m,True,2026-02-11T19:20:07.805171
2026-08-08,BKK,arrival,21:15,PEK Beijing,TG615,Thai Airways,5h 10m,True,2026-02-11T19:20:07.930755
2026-08-08,BKK,arrival,21:20,ICN Seoul,BX727,Air Busan,6h 30m,True,2026-02-11T19:20:08.056791
2026-08-08,BKK,arrival,21:20,CEI Chiang Rai,VZ135,Vietjet Thailand,1h 25m,True,2026-02-11T19:20:08.174779
2026-08-08,BKK,arrival,21:25,UTH Udon Thani,FD4353,Thai AirAsia,1h 5m,True,2026-02-11T19:20:08.296552
2026-08-08,BKK,arrival,21:25,CNX Chiang Mai,PG220,Bangkok Airways,1h 25m,True,2026-02-11T19:20:08.419248
2026-08-08,BKK,arrival,21:25,USM Koh Samui,PG190,Bangkok Airways,1h 30m,True,2026-02-11T19:20:08.546406
2026-08-08,BKK,arrival,21:25,KIX Osaka,TG673,Thai Airways,5h 50m,True,2026-02-11T19:20:08.669809
2026-08-08,BKK,arrival,21:35,SGN Ho Chi Minh City,TG557,Thai Airways,1h 25m,True,2026-02-11T19:20:08.788827
2026-08-08,BKK,arrival,21:35,TPE Taipei,TG635,Thai Airways,3h 45m,True,2026-02-11T19:20:08.913936
2026-08-08,BKK,arrival,21:40,NRT Tokyo,ZG51,Zipair,6h 40m,True,2026-02-11T19:20:09.038500
2026-08-08,BKK,arrival,21:45,PUS Busan,BX725,Air Busan,5h 45m,True,2026-02-11T19:20:09.166771
2026-08-08,BKK,arrival,21:45,ICN Seoul,KE651,Korean Air,5h 40m,True,2026-02-11T19:20:09.285205
2026-08-08,BKK,arrival,21:45,KBV Krabi,TG250,Thai Airways,1h 25m,True,2026-02-11T19:20:09.408899
2026-08-08,BKK,arrival,21:45,KTI Phnom Penh,TK53,Turkish Airlines,1h 35m,True,2026-02-11T19:20:09.531341
2026-08-08,BKK,arrival,21:50,HKT Phuket,FD4115,Thai AirAsia,1h 30m,True,2026-02-11T19:20:09.663764
2026-08-08,BKK,arrival,21:50,GAU Guwahati,KB140,Drukair,3h 0m,True,2026-02-11T19:20:09.785471
2026-08-08,BKK,arrival,21:50,MFM Macau,NX992,Air Macau,3h 5m,True,2026-02-11T19:20:09.906621
2026-08-08,BKK,arrival,21:50,USM Koh Samui,PG186,Bangkok Airways,1h 15m,True,2026-02-11T19:20:10.029138
2026-08-08,BKK,arrival,21:55,PVG Shanghai,FM853,Shanghai Airlines,4h 35m,True,2026-02-11T19:20:10.153121
2026-08-08,BKK,arrival,21:55,NRT Tokyo,TG677,Thai Airways,6h 30m,True,2026-02-11T19:20:10.274434
2026-08-08,BKK,arrival,21:55,VTE Vientiane,TG575,Thai Airways,1h 25m,True,2026-02-11T19:20:10.399301
2026-08-08,BKK,arrival,21:55,SIN Singapore,TR614,Scoot,2h 35m,True,2026-02-11T19:20:10.520582
2026-08-08,BKK,arrival,22:00,CCU Kolkata,6E1057,IndiGo,2h 45m,True,2026-02-11T19:20:10.646489
2026-08-08,BKK,arrival,22:00,CAN Guangzhou,CZ361,China Southern,2h 55m,True,2026-02-11T19:20:10.770059
2026-08-08,BKK,arrival,22:00,KKC Khon Kaen,FD4504,Thai AirAsia,1h 10m,True,2026-02-11T19:20:10.889724
2026-08-08,BKK,arrival,22:05,CRK Angeles,5J943,Cebu Pacific,3h 30m,True,2026-02-11T19:20:11.013003
2026-08-08,BKK,arrival,22:05,KUL Kuala Lumpur,TG418,Thai Airways,2h 10m,True,2026-02-11T19:20:11.136712
2026-08-08,BKK,arrival,22:05,ICN Seoul,TW101,T´Way Air,6h 5m,True,2026-02-11T19:20:11.256543
2026-08-08,BKK,arrival,22:05,KBV Krabi,VZ345,Vietjet Thailand,1h 25m,True,2026-02-11T19:20:11.381959
2026-08-08,BKK,arrival,22:10,KBV Krabi,FD4409,Thai AirAsia,1h 25m,True,2026-02-11T19:20:11.514877
2026-08-08,BKK,arrival,22:10,DPS Denpasar,TG440,Thai Airways,4h 10m,True,2026-02-11T19:20:11.638933
2026-08-08,BKK,arrival,22:10,SIN Singapore,TG410,Thai Airways,2h 20m,True,2026-02-11T19:20:11.760911
2026-08-08,BKK,arrival,22:10,CNX Chiang Mai,VZ2107,Vietjet Thailand,1h 20m,True,2026-02-11T19:20:11.884143
2026-08-08,BKK,arrival,22:15,KMG Kunming,MU9621,China Eastern,2h 35m,True,2026-02-11T19:20:12.000926
2026-08-08,BKK,arrival,22:15,HDY Hat Yai,TG268,Thai Airways,1h 35m,True,2026-02-11T19:20:12.124500
2026-08-08,BKK,arrival,22:15,MNL Manila,TG625,Thai Airways,3h 20m,True,2026-02-11T19:20:12.246260
2026-08-08,BKK,arrival,22:20,USM Koh Samui,PG196,Bangkok Airways,1h 30m,True,2026-02-11T19:20:12.371573
2026-08-08,BKK,arrival,22:30,USM Koh Samui,PG192,Bangkok Airways,1h 30m,True,2026-02-11T19:20:12.492050
2026-08-08,BKK,arrival,22:30,CGK Jakarta,TG436,Thai Airways,3h 30m,True,2026-02-11T19:20:12.611812
2026-08-08,BKK,arrival,22:30,CNX Chiang Mai,TG121,Thai Airways,1h 20m,True,2026-02-11T19:20:12.733499
2026-08-08,BKK,arrival,22:30,UTH Udon Thani,TG9,Thai Airways,1h 5m,True,2026-02-11T19:20:12.856847
2026-08-08,BKK,arrival,22:30,TPE Taipei,VZ569,Vietjet Thailand,3h 45m,True,2026-02-11T19:20:12.978996
2026-08-08,BKK,arrival,22:35,RGN Yangon,8M372,MAI,1h 20m,True,2026-02-11T19:20:13.100612
2026-08-08,BKK,arrival,22:35,HAN Hanoi,TG565,Thai Airways,1h 50m,True,2026-02-11T19:20:13.219866
2026-08-08,BKK,arrival,22:35,KTI Phnom Penh,TG585,Thai Airways,1h 20m,True,2026-02-11T19:20:13.344535
2026-08-08,BKK,arrival,22:40,PUS Busan,LJ21,Jin Air,5h 35m,True,2026-02-11T19:20:13.476909
2026-08-08,BKK,arrival,22:40,MNL Manila,PR732,PAL,3h 30m,True,2026-02-11T19:20:13.602082
2026-08-08,BKK,arrival,22:55,HKT Phuket,TG222,Thai Airways,1h 35m,True,2026-02-11T19:20:13.726540
2026-08-08,BKK,arrival,23:00,PEK Beijing,HU7995,Hainan Airlines,5h 0m,True,2026-02-11T19:20:13.851044
2026-08-08,BKK,arrival,23:00,NRT Tokyo,JL707,JAL,6h 35m,True,2026-02-11T19:20:13.970434
2026-08-08,BKK,arrival,23:05,KUL Kuala Lumpur,MH796,Malaysia Airlines,2h 20m,True,2026-02-11T19:20:14.094804
2026-08-08,BKK,arrival,23:10,ICN Seoul,OZ741,Asiana,5h 40m,True,2026-02-11T19:20:14.216540
2026-08-08,BKK,arrival,23:15,HKG Hong Kong,HB295,Greater Bay Airlines,3h 0m,True,2026-02-11T19:20:14.338882
2026-08-08,BKK,arrival,23:15,HKT Phuket,VZ309,Vietjet Thailand,1h 30m,True,2026-02-11T19:20:14.458396
2026-08-08,BKK,arrival,23:20,JJN Jinjiang,AQ1435,9 Air,4h 20m,True,2026-02-11T19:20:14.581244
2026-08-08,BKK,arrival,23:20,HDY Hat Yai,VZ329,Vietjet Thailand,1h 30m,True,2026-02-11T19:20:14.702674
2026-08-08,BKK,arrival,23:25,ICN Seoul,KE659,Korean Air,5h 40m,True,2026-02-11T19:20:14.823814
2026-08-08,BKK,arrival,23:30,TPE Taipei,BR205,EVA Air,3h 45m,True,2026-02-11T19:20:14.947733
2026-08-08,BKK,arrival,23:30,CNX Chiang Mai,FD4117,Thai AirAsia,1h 25m,True,2026-02-11T19:20:15.070088
2026-08-08,BKK,arrival,23:30,CKG Chongqing,OQ2361,Chongqing Airlines,3h 15m,True,2026-02-11T19:20:15.190756
2026-08-08,BKK,arrival,23:30,HKT Phuket,PG280,Bangkok Airways,1h 35m,True,2026-02-11T19:20:15.315606
2026-08-08,BKK,arrival,23:35,CAN Guangzhou,KQ887,Kenya Airways,2h 25m,True,2026-02-11T19:20:15.447500
2026-08-08,BKK,arrival,23:40,HKT Phuket,FD4420,Thai AirAsia,1h 25m,True,2026-02-11T19:20:15.568109
2026-08-08,BKK,arrival,23:45,HKG Hong Kong,EK385,Emirates,3h 15m,True,2026-02-11T19:20:15.688974
2026-08-08,BKK,arrival,23:50,PUS Busan,7C2551,Jeju Air,5h 50m,True,2026-02-11T19:20:15.809361
2026-08-08,BKK,arrival,23:50,HKG Hong Kong,CX617,Cathay Pacific,3h 0m,True,2026-02-11T19:20:15.932236
2026-08-08,BKK,arrival,23:50,AUH Abu Dhabi,EY400,Etihad,6h 35m,True,2026-02-11T19:20:16.053274
2026-08-08,BKK,arrival,23:50,CNX Chiang Mai,VZ119,Vietjet Thailand,1h 20m,True,2026-02-11T19:20:16.173165
2026-08-08,BKK,arrival,23:55,KIX Osaka,MM91,Peach Aviation,6h 10m,True,2026-02-11T19:20:16.296444
2026-08-08,BKK,arrival,23:55,NRT Tokyo,NH805,ANA,6h 45m,True,2026-02-11T19:20:16.416411
