date,airport,direction,time,destination,flight,airline,duration,page_date_verified,scraped_at
2026-12-19,BKK,departure,00:01,PER Perth,TG483,Thai Airways,6h 54m,True,2026-02-12T16:59:13.101803
2026-12-19,BKK,departure,00:05,ARN Stockholm,TG960,Thai Airways,12h 40m,True,2026-02-12T16:59:13.197459
2026-12-19,BKK,departure,00:05,CDG Paris,TG930,Thai Airways,12h 45m,True,2026-02-12T16:59:13.291460
2026-12-19,BKK,departure,00:05,CPH Copenhagen,TG950,Thai Airways,12h 15m,True,2026-02-12T16:59:13.387495
2026-12-19,BKK,departure,00:05,LHR London,TG910,Thai Airways,13h 35m,True,2026-02-12T16:59:13.487636
2026-12-19,BKK,departure,00:05,NGO Nagoya,TG644,Thai Airways,5h 25m,True,2026-02-12T16:59:13.581425
2026-12-19,BKK,departure,00:05,OSL Oslo,TG954,Thai Airways,13h 0m,True,2026-02-12T16:59:13.680799
2026-12-19,BKK,departure,00:05,ICN Seoul,TW102,T´Way Air,5h 35m,True,2026-02-12T16:59:13.770705
2026-12-19,BKK,departure,00:30,CKG Chongqing,OQ2362,Chongqing Airlines,3h 30m,True,2026-02-12T16:59:13.869842
2026-12-19,BKK,departure,00:30,BRU Brussels,TG934,Thai Airways,12h 35m,True,2026-02-12T16:59:13.959799
2026-12-19,BKK,departure,00:35,MXP Milan,TG940,Thai Airways,12h 35m,True,2026-02-12T16:59:14.049503
2026-12-19,BKK,departure,00:35,ZRH Zurich,TG970,Thai Airways,12h 20m,True,2026-02-12T16:59:14.140434
2026-12-19,BKK,departure,00:40,PEK Beijing,HU7996,Hainan Airlines,5h 0m,True,2026-02-12T16:59:14.237247
2026-12-19,BKK,departure,00:50,PUS Busan,7C2552,Jeju Air,5h 40m,True,2026-02-12T16:59:14.323247
2026-12-19,BKK,departure,00:50,MUC Munich,TG924,Thai Airways,11h 55m,True,2026-02-12T16:59:14.409519
2026-12-19,BKK,departure,00:50,FUK Fukuoka,VZ810,Vietjet Thailand,5h 5m,True,2026-02-12T16:59:14.494775
2026-12-19,BKK,departure,00:55,ICN Seoul,KE654,Korean Air,5h 20m,True,2026-02-12T16:59:14.583799
2026-12-19,BKK,departure,01:00,FUK Fukuoka,TG648,Thai Airways,5h 10m,True,2026-02-12T16:59:14.677153
2026-12-19,BKK,departure,01:05,DXB Dubai,EK385,Emirates,6h 50m,True,2026-02-12T16:59:14.763879
2026-12-19,BKK,departure,01:10,TFU Chengdu,3U3938,Sichuan Airlines,3h 0m,True,2026-02-12T16:59:14.852237
2026-12-19,BKK,departure,01:10,ICN Seoul,7C2504,Jeju Air,5h 45m,True,2026-02-12T16:59:14.933988
2026-12-19,BKK,departure,01:10,KIX Osaka,JL728,JAL,5h 0m,True,2026-02-12T16:59:15.019665
2026-12-19,BKK,departure,01:10,PVG Shanghai,TG662,Thai Airways,4h 15m,True,2026-02-12T16:59:15.104188
2026-12-19,BKK,departure,01:15,PNQ Pune,6E1096,IndiGo,4h 5m,True,2026-02-12T16:59:15.190529
2026-12-19,BKK,departure,01:15,PVG Shanghai,9C8756,Spring Airlines,4h 25m,True,2026-02-12T16:59:15.285095
2026-12-19,BKK,departure,01:15,JED Jeddah,SV849,Saudia,9h 0m,True,2026-02-12T16:59:15.374293
2026-12-19,BKK,departure,01:30,PEK Beijing,CA980,Air China,4h 40m,True,2026-02-12T16:59:15.460531
2026-12-19,BKK,departure,01:30,HKG Hong Kong,HB296,Greater Bay Airlines,3h 0m,True,2026-02-12T16:59:15.554188
2026-12-19,BKK,departure,01:30,PVG Shanghai,HO1352,Juneyao Airlines,4h 15m,True,2026-02-12T16:59:15.642085
2026-12-19,BKK,departure,01:45,XMN Xiamen,MF844,XiamenAir,3h 30m,True,2026-02-12T16:59:15.732866
2026-12-19,BKK,departure,01:50,PVG Shanghai,HO1358,Juneyao Airlines,4h 5m,True,2026-02-12T16:59:15.825900
2026-12-19,BKK,departure,01:50,HKG Hong Kong,HX760,Hong Kong Airlines,3h 0m,True,2026-02-12T16:59:15.910785
2026-12-19,BKK,departure,01:50,TPE Taipei,VZ566,Vietjet Thailand,3h 40m,True,2026-02-12T16:59:16.003006
2026-12-19,BKK,departure,01:55,ADD Addis Ababa,ET609,Ethiopian,8h 40m,True,2026-02-12T16:59:16.084738
2026-12-19,BKK,departure,01:55,HKG Hong Kong,HX780,Hong Kong Airlines,3h 0m,True,2026-02-12T16:59:16.166614
2026-12-19,BKK,departure,01:55,PVG Shanghai,MU548,China Eastern,4h 15m,True,2026-02-12T16:59:16.250496
2026-12-19,BKK,departure,02:00,DXB Dubai,EK377,Emirates,6h 55m,True,2026-02-12T16:59:16.330892
2026-12-19,BKK,departure,02:00,DOH Doha,QR837,Qatar Airways,7h 25m,True,2026-02-12T16:59:16.413367
2026-12-19,BKK,departure,02:05,TAE Daegu,TW106,T´Way Air,5h 35m,True,2026-02-12T16:59:16.499737
2026-12-19,BKK,departure,02:10,CAN Guangzhou,CZ3036,China Southern,2h 55m,True,2026-02-12T16:59:16.578407
2026-12-19,BKK,departure,02:15,TPE Taipei,BR206,EVA Air,3h 35m,True,2026-02-12T16:59:16.669342
2026-12-19,BKK,departure,02:25,RGN Yangon,8M391,MAI,1h 20m,True,2026-02-12T16:59:16.747885
2026-12-19,BKK,departure,02:25,TNA Jinan,SC8076,Shandong Airlines,4h 45m,True,2026-02-12T16:59:16.829323
2026-12-19,BKK,departure,02:30,PVG Shanghai,CA806,Air China,4h 20m,True,2026-02-12T16:59:16.911765
2026-12-19,BKK,departure,02:35,TPE Taipei,CI838,China Airlines,3h 40m,True,2026-02-12T16:59:16.994148
2026-12-19,BKK,departure,02:40,HKG Hong Kong,HX768,Hong Kong Airlines,3h 20m,True,2026-02-12T16:59:17.077929
2026-12-19,BKK,departure,02:50,XIY Xian,9C6252,Spring Airlines,3h 45m,True,2026-02-12T16:59:17.165721
2026-12-19,BKK,departure,02:55,DXB Dubai,EK371,Emirates,6h 45m,True,2026-02-12T16:59:17.247366
2026-12-19,BKK,departure,02:55,AUH Abu Dhabi,EY401,Etihad,6h 50m,True,2026-02-12T16:59:17.337255
2026-12-19,BKK,departure,03:00,DOH Doha,QR827,Qatar Airways,7h 25m,True,2026-02-12T16:59:17.423216
2026-12-19,BKK,departure,03:15,SZX Shenzhen,ZH306,Shenzhen Airlines,2h 45m,True,2026-02-12T16:59:17.507510
2026-12-19,BKK,departure,03:25,MNL Manila,5J932,Cebu Pacific,3h 45m,True,2026-02-12T16:59:17.587779
2026-12-19,BKK,departure,04:05,XIY Xian,GJ8908,Loong Air,3h 35m,True,2026-02-12T16:59:17.687869
2026-12-19,BKK,departure,04:05,WUH Wuhan,MU2564,China Eastern,3h 25m,True,2026-02-12T16:59:17.775509
2026-12-19,BKK,departure,04:15,BBI Bhubaneswar,6E1066,IndiGo,2h 55m,True,2026-02-12T16:59:17.861092
2026-12-19,BKK,departure,04:20,ASB Ashgabat,T5642,Turkmenistan Airlines,7h 30m,True,2026-02-12T16:59:17.946674
2026-12-19,BKK,departure,05:05,PVG Shanghai,FM848,Shanghai Airlines,4h 30m,True,2026-02-12T16:59:18.033748
2026-12-19,BKK,departure,05:40,KUL Kuala Lumpur,MH797,Malaysia Airlines,2h 15m,True,2026-02-12T16:59:18.118272
2026-12-19,BKK,departure,05:55,CCU Kolkata,6E1058,IndiGo,2h 55m,True,2026-02-12T16:59:18.205098
2026-12-19,BKK,departure,05:55,IST Istanbul,TK59,Turkish Airlines,10h 40m,True,2026-02-12T16:59:18.294995
2026-12-19,BKK,departure,06:00,USM Koh Samui,PG101,Bangkok Airways,1h 10m,True,2026-02-12T16:59:18.381782
2026-12-19,BKK,departure,06:05,CNX Chiang Mai,VZ100,Vietjet Thailand,1h 25m,True,2026-02-12T16:59:18.472665
2026-12-19,BKK,departure,06:05,NST Nakhon Si Thammarat,VZ330,Vietjet Thailand,1h 25m,True,2026-02-12T16:59:18.560534
2026-12-19,BKK,departure,06:10,USM Koh Samui,PG109,Bangkok Airways,1h 35m,True,2026-02-12T16:59:18.645165
2026-12-19,BKK,departure,06:20,USM Koh Samui,PG105,Bangkok Airways,1h 10m,True,2026-02-12T16:59:18.736792
2026-12-19,BKK,departure,06:25,USM Koh Samui,PG103,Bangkok Airways,1h 5m,True,2026-02-12T16:59:18.828100
2026-12-19,BKK,departure,06:30,CCU Kolkata,B3701,Bhutan Airlines,2h 45m,True,2026-02-12T16:59:18.930648
2026-12-19,BKK,departure,06:30,CEI Chiang Rai,VZ130,Vietjet Thailand,1h 25m,True,2026-02-12T16:59:19.023877
2026-12-19,BKK,departure,06:35,KBV Krabi,FD4402,Thai AirAsia,1h 25m,True,2026-02-12T16:59:19.108440
2026-12-19,BKK,departure,06:35,HDY Hat Yai,TG259,Thai Airways,1h 30m,True,2026-02-12T16:59:19.193849
2026-12-19,BKK,departure,06:50,CEI Chiang Rai,FD4150,Thai AirAsia,1h 20m,True,2026-02-12T16:59:19.277302
2026-12-19,BKK,departure,06:50,HKT Phuket,VZ314,Vietjet Thailand,1h 35m,True,2026-02-12T16:59:19.359325
2026-12-19,BKK,departure,06:55,KKC Khon Kaen,TG40,Thai Airways,1h 0m,True,2026-02-12T16:59:19.438706
2026-12-19,BKK,departure,06:55,UTH Udon Thani,TG2,Thai Airways,1h 5m,True,2026-02-12T16:59:19.518171
2026-12-19,BKK,departure,07:00,THS Sukhothai,PG211,Bangkok Airways,1h 20m,True,2026-02-12T16:59:19.600620
2026-12-19,BKK,departure,07:00,USM Koh Samui,PG125,Bangkok Airways,1h 10m,True,2026-02-12T16:59:19.688858
2026-12-19,BKK,departure,07:00,DEL Delhi,TG323,Thai Airways,4h 25m,True,2026-02-12T16:59:19.769451
2026-12-19,BKK,departure,07:00,UBP Ubon Ratchathani,TG20,Thai Airways,1h 10m,True,2026-02-12T16:59:19.852485
2026-12-19,BKK,departure,07:05,UTH Udon Thani,FD4350,Thai AirAsia,1h 5m,True,2026-02-12T16:59:19.936469
2026-12-19,BKK,departure,07:05,KBV Krabi,VZ340,Vietjet Thailand,1h 25m,True,2026-02-12T16:59:20.018247
2026-12-19,BKK,departure,07:05,KKC Khon Kaen,VZ210,Vietjet Thailand,1h 5m,True,2026-02-12T16:59:20.101583
2026-12-19,BKK,departure,07:10,NRT Tokyo,NH806,ANA,5h 55m,True,2026-02-12T16:59:20.283651
2026-12-19,BKK,departure,07:10,USM Koh Samui,PG107,Bangkok Airways,1h 5m,True,2026-02-12T16:59:20.390798
2026-12-19,BKK,departure,07:10,HDY Hat Yai,VZ320,Vietjet Thailand,1h 30m,True,2026-02-12T16:59:20.504959
2026-12-19,BKK,departure,07:25,KTI Phnom Penh,PG931,Bangkok Airways,1h 15m,True,2026-02-12T16:59:20.619780
2026-12-19,BKK,departure,07:25,CNX Chiang Mai,TG102,Thai Airways,1h 20m,True,2026-02-12T16:59:20.737000
2026-12-19,BKK,departure,07:25,KTI Phnom Penh,TG586,Thai Airways,1h 20m,True,2026-02-12T16:59:20.850231
2026-12-19,BKK,departure,07:30,URT Surat Thani,FD4212,Thai AirAsia,1h 25m,True,2026-02-12T16:59:20.964220
2026-12-19,BKK,departure,07:30,IXB Bagdogra,KB131,Drukair,3h 10m,True,2026-02-12T16:59:21.082239
2026-12-19,BKK,departure,07:30,USM Koh Samui,PG121,Bangkok Airways,1h 10m,True,2026-02-12T16:59:21.255904
2026-12-19,BKK,departure,07:35,KBV Krabi,PG261,Bangkok Airways,1h 30m,True,2026-02-12T16:59:21.358104
2026-12-19,BKK,departure,07:35,KBV Krabi,TG241,Thai Airways,1h 20m,True,2026-02-12T16:59:21.553792
2026-12-19,BKK,departure,07:35,CNX Chiang Mai,VZ114,Vietjet Thailand,1h 25m,True,2026-02-12T16:59:21.689494
2026-12-19,BKK,departure,07:40,HKT Phuket,TG201,Thai Airways,1h 30m,True,2026-02-12T16:59:21.814697
2026-12-19,BKK,departure,07:45,HAN Hanoi,TG560,Thai Airways,1h 50m,True,2026-02-12T16:59:21.944872
2026-12-19,BKK,departure,07:45,MNL Manila,TG620,Thai Airways,3h 10m,True,2026-02-12T16:59:22.069547
2026-12-19,BKK,departure,07:45,SAI Siem Reap,TG588,Thai Airways,1h 0m,True,2026-02-12T16:59:22.196269
2026-12-19,BKK,departure,07:45,SGN Ho Chi Minh City,TG550,Thai Airways,1h 30m,True,2026-02-12T16:59:22.321221
2026-12-19,BKK,departure,07:50,HKT Phuket,FD4124,Thai AirAsia,1h 40m,True,2026-02-12T16:59:22.450325
2026-12-19,BKK,departure,07:50,KMG Kunming,MU9622,China Eastern,2h 35m,True,2026-02-12T16:59:22.571921
2026-12-19,BKK,departure,07:55,HKG Hong Kong,CX756,Cathay Pacific,2h 50m,True,2026-02-12T16:59:22.707365
2026-12-19,BKK,departure,07:55,SAI Siem Reap,PG903,Bangkok Airways,1h 20m,True,2026-02-12T16:59:22.830565
2026-12-19,BKK,departure,08:00,HEL Helsinki,AY142,Finnair,12h 35m,True,2026-02-12T16:59:22.952752
2026-12-19,BKK,departure,08:00,HKT Phuket,PG271,Bangkok Airways,1h 35m,True,2026-02-12T16:59:23.078603
2026-12-19,BKK,departure,08:00,HKG Hong Kong,TG600,Thai Airways,2h 45m,True,2026-02-12T16:59:23.201691
2026-12-19,BKK,departure,08:00,HKT Phuket,TG203,Thai Airways,1h 25m,True,2026-02-12T16:59:23.325306
2026-12-19,BKK,departure,08:00,ICN Seoul,TG652,Thai Airways,5h 25m,True,2026-02-12T16:59:23.450991
2026-12-19,BKK,departure,08:00,NRT Tokyo,TG676,Thai Airways,5h 50m,True,2026-02-12T16:59:23.575727
2026-12-19,BKK,departure,08:00,SIN Singapore,TG403,Thai Airways,2h 15m,True,2026-02-12T16:59:23.710665
2026-12-19,BKK,departure,08:05,NRT Tokyo,JL708,JAL,5h 55m,True,2026-02-12T16:59:23.840080
2026-12-19,BKK,departure,08:05,CNX Chiang Mai,PG215,Bangkok Airways,1h 20m,True,2026-02-12T16:59:23.959735
2026-12-19,BKK,departure,08:05,USM Koh Samui,PG123,Bangkok Airways,1h 15m,True,2026-02-12T16:59:24.077448
2026-12-19,BKK,departure,08:10,TDX Trat,PG301,Bangkok Airways,1h 0m,True,2026-02-12T16:59:24.200545
2026-12-19,BKK,departure,08:10,CEI Chiang Rai,TG130,Thai Airways,1h 30m,True,2026-02-12T16:59:24.320630
2026-12-19,BKK,departure,08:15,YVR Vancouver,AC66,Air Canada,13h 20m,True,2026-02-12T16:59:24.437323
2026-12-19,BKK,departure,08:15,DOH Doha,QR831,Qatar Airways,7h 25m,True,2026-02-12T16:59:24.559728
2026-12-19,BKK,departure,08:15,KIX Osaka,TG672,Thai Airways,5h 30m,True,2026-02-12T16:59:24.677003
2026-12-19,BKK,departure,08:15,TPE Taipei,TG632,Thai Airways,3h 30m,True,2026-02-12T16:59:25.313919
2026-12-19,BKK,departure,08:15,DAD Da Nang,VZ964,Vietjet Thailand,1h 40m,True,2026-02-12T16:59:25.405482
2026-12-19,BKK,departure,08:20,CAN Guangzhou,CZ362,China Southern,2h 50m,True,2026-02-12T16:59:25.499564
2026-12-19,BKK,departure,08:20,CGK Jakarta,TG433,Thai Airways,3h 35m,True,2026-02-12T16:59:25.588729
2026-12-19,BKK,departure,08:20,MEL Melbourne,TG461,Thai Airways,9h 0m,True,2026-02-12T16:59:25.672739
2026-12-19,BKK,departure,08:25,HKT Phuket,VZ300,Vietjet Thailand,1h 35m,True,2026-02-12T16:59:25.757239
2026-12-19,BKK,departure,08:30,HDY Hat Yai,FD4202,Thai AirAsia,1h 30m,True,2026-02-12T16:59:25.833160
2026-12-19,BKK,departure,08:30,SYD Sydney,TG475,Thai Airways,9h 20m,True,2026-02-12T16:59:25.918226
2026-12-19,BKK,departure,08:30,KTI Phnom Penh,VZ720,Vietjet Thailand,1h 15m,True,2026-02-12T16:59:25.997516
2026-12-19,BKK,departure,08:30,UTH Udon Thani,VZ200,Vietjet Thailand,1h 10m,True,2026-02-12T16:59:26.082111
2026-12-19,BKK,departure,08:40,DEL Delhi,AI2333,Air India,4h 25m,True,2026-02-12T16:59:26.163084
2026-12-19,BKK,departure,08:45,KUL Kuala Lumpur,TG415,Thai Airways,2h 10m,True,2026-02-12T16:59:26.250892
2026-12-19,BKK,departure,08:50,CNX Chiang Mai,FD4100,Thai AirAsia,1h 20m,True,2026-02-12T16:59:26.331741
2026-12-19,BKK,departure,08:50,DPS Denpasar,TG431,Thai Airways,4h 25m,True,2026-02-12T16:59:26.414980
2026-12-19,BKK,departure,08:55,AUH Abu Dhabi,EY403,Etihad,6h 50m,True,2026-02-12T16:59:26.498214
2026-12-19,BKK,departure,09:00,USM Koh Samui,PG119,Bangkok Airways,1h 35m,True,2026-02-12T16:59:26.578008
2026-12-19,BKK,departure,09:00,CMB Colombo,UL403,SriLankan Airlines,3h 30m,True,2026-02-12T16:59:26.663206
2026-12-19,BKK,departure,09:00,RUN Saint Denis de la Reunion,UU888,Air Austral,7h 35m,True,2026-02-12T16:59:26.756679
2026-12-19,BKK,departure,09:05,DOH Doha,QR839,Qatar Airways,7h 25m,True,2026-02-12T16:59:26.848489
2026-12-19,BKK,departure,09:10,HND Tokyo,NH848,ANA,5h 45m,True,2026-02-12T16:59:26.936929
2026-12-19,BKK,departure,09:15,JJN Jinjiang,AQ1436,9 Air,2h 45m,True,2026-02-12T16:59:27.028707
2026-12-19,BKK,departure,09:15,USM Koh Samui,PG115,Bangkok Airways,1h 30m,True,2026-02-12T16:59:27.122850
2026-12-19,BKK,departure,09:15,SIN Singapore,TR609,Scoot,2h 40m,True,2026-02-12T16:59:27.210415
2026-12-19,BKK,departure,09:15,MCT Muscat,WY818,Oman Air,6h 10m,True,2026-02-12T16:59:27.299479
2026-12-19,BKK,departure,09:20,USM Koh Samui,PG127,Bangkok Airways,1h 15m,True,2026-02-12T16:59:27.392791
2026-12-19,BKK,departure,09:20,CAN Guangzhou,TG668,Thai Airways,3h 0m,True,2026-02-12T16:59:27.486102
2026-12-19,BKK,departure,09:20,RGN Yangon,UB20,Myanmar National Airlines,1h 25m,True,2026-02-12T16:59:27.578737
2026-12-19,BKK,departure,09:25,AUH Abu Dhabi,EY409,Etihad,6h 50m,True,2026-02-12T16:59:27.671014
2026-12-19,BKK,departure,09:25,PVG Shanghai,FM854,Shanghai Airlines,4h 25m,True,2026-02-12T16:59:27.769466
2026-12-19,BKK,departure,09:30,CDG Paris,AF195,Air France,13h 5m,True,2026-02-12T16:59:27.867196
2026-12-19,BKK,departure,09:30,DXB Dubai,EK375,Emirates,6h 45m,True,2026-02-12T16:59:27.956039
2026-12-19,BKK,departure,09:30,MCT Muscat,OV464,Salam Air,6h 30m,True,2026-02-12T16:59:28.048180
2026-12-19,BKK,departure,09:35,SIN Singapore,SQ705,Singapore Airlines,2h 35m,True,2026-02-12T16:59:28.135415
2026-12-19,BKK,departure,09:35,URT Surat Thani,VZ350,Vietjet Thailand,1h 15m,True,2026-02-12T16:59:28.234260
2026-12-19,BKK,departure,09:40,ICN Seoul,KE660,Korean Air,5h 25m,True,2026-02-12T16:59:28.327624
2026-12-19,BKK,departure,09:40,VTE Vientiane,QV442,Lao Airlines,1h 15m,True,2026-02-12T16:59:28.417489
2026-12-19,BKK,departure,09:40,HKT Phuket,TG205,Thai Airways,1h 30m,True,2026-02-12T16:59:28.511019
2026-12-19,BKK,departure,09:40,PQC Phu Quoc,VZ980,Vietjet Thailand,1h 20m,True,2026-02-12T16:59:28.604084
2026-12-19,BKK,departure,09:45,RGN Yangon,TG301,Thai Airways,1h 20m,True,2026-02-12T16:59:28.693172
2026-12-19,BKK,departure,09:55,HND Tokyo,JL32,JAL,5h 35m,True,2026-02-12T16:59:28.785806
2026-12-19,BKK,departure,09:55,CDG Paris,SB500,Aircalin,13h 30m,True,2026-02-12T16:59:28.875995
2026-12-19,BKK,departure,09:55,CNX Chiang Mai,VZ102,Vietjet Thailand,1h 25m,True,2026-02-12T16:59:28.969377
2026-12-19,BKK,departure,10:00,CNX Chiang Mai,PG223,Bangkok Airways,1h 20m,True,2026-02-12T16:59:29.064991
2026-12-19,BKK,departure,10:05,TFU Chengdu,TG618,Thai Airways,2h 55m,True,2026-02-12T16:59:29.161393
2026-12-19,BKK,departure,10:10,BOM Mumbai,6E1052,IndiGo,5h 5m,True,2026-02-12T16:59:29.262266
2026-12-19,BKK,departure,10:10,FRA Frankfurt,DE2365,Condor,12h 50m,True,2026-02-12T16:59:29.351171
2026-12-19,BKK,departure,10:10,PEK Beijing,TG614,Thai Airways,4h 40m,True,2026-02-12T16:59:29.440731
2026-12-19,BKK,departure,10:10,IST Istanbul,TK65,Turkish Airlines,10h 35m,True,2026-02-12T16:59:29.528149
2026-12-19,BKK,departure,10:15,ALA Almaty,KC932,Air Astana,6h 40m,True,2026-02-12T16:59:29.618159
2026-12-19,BKK,departure,10:15,OSL Oslo,N092,Norse,13h 15m,True,2026-02-12T16:59:29.709336
2026-12-19,BKK,departure,10:15,USM Koh Samui,PG129,Bangkok Airways,1h 35m,True,2026-02-12T16:59:29.805885
2026-12-19,BKK,departure,10:15,SVO Moscow,SU271,Aeroflot,9h 45m,True,2026-02-12T16:59:29.894237
2026-12-19,BKK,departure,10:15,CNX Chiang Mai,TG104,Thai Airways,1h 15m,True,2026-02-12T16:59:29.979471
2026-12-19,BKK,departure,10:15,KTM Kathmandu,TG319,Thai Airways,3h 25m,True,2026-02-12T16:59:30.066480
2026-12-19,BKK,departure,10:20,KKC Khon Kaen,FD4501,Thai AirAsia,1h 10m,True,2026-02-12T16:59:30.154936
2026-12-19,BKK,departure,10:20,USM Koh Samui,PG131,Bangkok Airways,1h 10m,True,2026-02-12T16:59:30.245206
2026-12-19,BKK,departure,10:20,HKT Phuket,VZ304,Vietjet Thailand,1h 30m,True,2026-02-12T16:59:30.337794
2026-12-19,BKK,departure,10:25,HKT Phuket,PG275,Bangkok Airways,1h 35m,True,2026-02-12T16:59:30.424121
2026-12-19,BKK,departure,10:25,KKC Khon Kaen,TG42,Thai Airways,1h 0m,True,2026-02-12T16:59:30.524312
2026-12-19,BKK,departure,10:30,CNX Chiang Mai,FD4104,Thai AirAsia,1h 20m,True,2026-02-12T16:59:30.612529
2026-12-19,BKK,departure,10:30,HKG Hong Kong,TG628,Thai Airways,2h 50m,True,2026-02-12T16:59:30.701843
2026-12-19,BKK,departure,10:35,MFM Macau,NX995,Air Macau,2h 50m,True,2026-02-12T16:59:30.790491
2026-12-19,BKK,departure,10:35,PVG Shanghai,TG664,Thai Airways,4h 15m,True,2026-02-12T16:59:30.878246
2026-12-19,BKK,departure,10:40,RGN Yangon,8M336,MAI,1h 20m,True,2026-02-12T16:59:30.967101
2026-12-19,BKK,departure,10:40,NST Nakhon Si Thammarat,FD4231,Thai AirAsia,1h 25m,True,2026-02-12T16:59:31.051738
2026-12-19,BKK,departure,10:40,HKG Hong Kong,UO705,HK Express,3h 0m,True,2026-02-12T16:59:31.142486
2026-12-19,BKK,departure,10:50,DEL Delhi,6E1064,IndiGo,4h 35m,True,2026-02-12T16:59:31.236813
2026-12-19,BKK,departure,10:50,NNG Nanning,GX8910,GX Airlines,2h 5m,True,2026-02-12T16:59:31.323323
2026-12-19,BKK,departure,10:50,DAD Da Nang,VZ960,Vietjet Thailand,1h 40m,True,2026-02-12T16:59:31.411888
2026-12-19,BKK,departure,10:55,TPE Taipei,CI834,China Airlines,3h 30m,True,2026-02-12T16:59:31.502051
2026-12-19,BKK,departure,10:55,LPQ Luang Prabang,PG941,Bangkok Airways,2h 10m,True,2026-02-12T16:59:31.588077
2026-12-19,BKK,departure,10:55,DAC Dhaka,TG321,Thai Airways,2h 35m,True,2026-02-12T16:59:31.672685
2026-12-19,BKK,departure,10:55,KMG Kunming,TG612,Thai Airways,2h 10m,True,2026-02-12T16:59:31.757434
2026-12-19,BKK,departure,11:00,GAY Gaya,TG327,Thai Airways,3h 10m,True,2026-02-12T16:59:31.847257
2026-12-19,BKK,departure,11:00,HDY Hat Yai,VZ324,Vietjet Thailand,1h 30m,True,2026-02-12T16:59:31.933564
2026-12-19,BKK,departure,11:05,HAK Haikou,HU7940,Hainan Airlines,2h 25m,True,2026-02-12T16:59:32.021879
2026-12-19,BKK,departure,11:05,KUL Kuala Lumpur,MH785,Malaysia Airlines,2h 20m,True,2026-02-12T16:59:32.108226
2026-12-19,BKK,departure,11:05,UBP Ubon Ratchathani,VZ220,Vietjet Thailand,1h 10m,True,2026-02-12T16:59:32.194854
2026-12-19,BKK,departure,11:15,HEL Helsinki,AY144,Finnair,12h 35m,True,2026-02-12T16:59:32.281455
2026-12-19,BKK,departure,11:20,TPE Taipei,BR62,EVA Air,3h 40m,True,2026-02-12T16:59:32.368321
2026-12-19,BKK,departure,11:20,SAI Siem Reap,PG905,Bangkok Airways,1h 20m,True,2026-02-12T16:59:32.457649
2026-12-19,BKK,departure,11:20,SGN Ho Chi Minh City,VN600,Vietnam Airlines,1h 45m,True,2026-02-12T16:59:32.544626
2026-12-19,BKK,departure,11:25,MNL Manila,5J930,Cebu Pacific,3h 50m,True,2026-02-12T16:59:32.634765
2026-12-19,BKK,departure,11:25,CAN Guangzhou,CZ358,China Southern,3h 0m,True,2026-02-12T16:59:32.731706
2026-12-19,BKK,departure,11:25,USM Koh Samui,PG133,Bangkok Airways,1h 10m,True,2026-02-12T16:59:32.814819
2026-12-19,BKK,departure,11:30,MDL Mandalay,8M338,MAI,1h 50m,True,2026-02-12T16:59:32.901694
2026-12-19,BKK,departure,11:30,XIY Xian,9C6300,Spring Airlines,3h 50m,True,2026-02-12T16:59:32.989464
2026-12-19,BKK,departure,11:30,HKT Phuket,TG207,Thai Airways,1h 30m,True,2026-02-12T16:59:33.077502
2026-12-19,BKK,departure,11:30,SIN Singapore,TG413,Thai Airways,2h 20m,True,2026-02-12T16:59:33.164474
2026-12-19,BKK,departure,11:35,CDG Paris,AF199,Air France,13h 0m,True,2026-02-12T16:59:33.251961
2026-12-19,BKK,departure,11:35,KTI Phnom Penh,KR702,Cambodia Airways,1h 15m,True,2026-02-12T16:59:33.335958
2026-12-19,BKK,departure,11:35,KWI Kuwait,KU412,Kuwait Airways,7h 40m,True,2026-02-12T16:59:33.421920
2026-12-19,BKK,departure,11:40,HKG Hong Kong,CX750,Cathay Pacific,2h 50m,True,2026-02-12T16:59:33.508109
2026-12-19,BKK,departure,11:45,NNG Nanning,9C7486,Spring Airlines,2h 20m,True,2026-02-12T16:59:33.594961
2026-12-19,BKK,departure,11:45,CKG Chongqing,HU424,Hainan Airlines,3h 20m,True,2026-02-12T16:59:33.683802
2026-12-19,BKK,departure,11:45,SGN Ho Chi Minh City,VJ802,VietJet,1h 25m,True,2026-02-12T16:59:33.775270
2026-12-19,BKK,departure,11:50,SIN Singapore,TR607,Scoot,2h 40m,True,2026-02-12T16:59:33.860530
2026-12-19,BKK,departure,11:50,HKG Hong Kong,UO713,HK Express,2h 55m,True,2026-02-12T16:59:33.947684
2026-12-19,BKK,departure,11:55,USM Koh Samui,PG135,Bangkok Airways,1h 10m,True,2026-02-12T16:59:34.032995
2026-12-19,BKK,departure,11:55,KHH Kaohsiung,TG630,Thai Airways,3h 20m,True,2026-02-12T16:59:34.133304
2026-12-19,BKK,departure,11:55,VTE Vientiane,TG570,Thai Airways,1h 10m,True,2026-02-12T16:59:34.220783
2026-12-19,BKK,departure,12:00,FOC Fuzhou,9C7302,Spring Airlines,3h 30m,True,2026-02-12T16:59:34.306464
2026-12-19,BKK,departure,12:00,SIN Singapore,SQ707,Singapore Airlines,2h 35m,True,2026-02-12T16:59:34.393904
2026-12-19,BKK,departure,12:00,CNX Chiang Mai,TG106,Thai Airways,1h 20m,True,2026-02-12T16:59:34.478393
2026-12-19,BKK,departure,12:05,HKT Phuket,FD4110,Thai AirAsia,1h 40m,True,2026-02-12T16:59:34.570805
2026-12-19,BKK,departure,12:10,AMS Amsterdam,BR75,EVA Air,12h 55m,True,2026-02-12T16:59:34.659574
2026-12-19,BKK,departure,12:10,CNX Chiang Mai,VZ110,Vietjet Thailand,1h 25m,True,2026-02-12T16:59:34.750650
2026-12-19,BKK,departure,12:10,SZX Shenzhen,ZH310,Shenzhen Airlines,2h 45m,True,2026-02-12T16:59:34.835647
2026-12-19,BKK,departure,12:15,FCO Rome,AZ759,ITA Airways,12h 40m,True,2026-02-12T16:59:34.926024
2026-12-19,BKK,departure,12:15,AMS Amsterdam,KL844,KLM,12h 30m,True,2026-02-12T16:59:35.005257
2026-12-19,BKK,departure,12:15,XMN Xiamen,MF854,XiamenAir,3h 10m,True,2026-02-12T16:59:35.088234
2026-12-19,BKK,departure,12:20,HAN Hanoi,VN610,Vietnam Airlines,1h 55m,True,2026-02-12T16:59:35.169753
2026-12-19,BKK,departure,12:25,CNX Chiang Mai,PG225,Bangkok Airways,1h 20m,True,2026-02-12T16:59:35.253206
2026-12-19,BKK,departure,12:25,CEI Chiang Rai,TG132,Thai Airways,1h 30m,True,2026-02-12T16:59:35.337654
2026-12-19,BKK,departure,12:30,HDY Hat Yai,TG263,Thai Airways,1h 30m,True,2026-02-12T16:59:35.421012
2026-12-19,BKK,departure,12:30,UTH Udon Thani,TG4,Thai Airways,1h 10m,True,2026-02-12T16:59:35.519757
2026-12-19,BKK,departure,12:35,CNX Chiang Mai,FD4106,Thai AirAsia,1h 25m,True,2026-02-12T16:59:35.609693
2026-12-19,BKK,departure,12:35,CPH Copenhagen,SK974,SAS,12h 40m,True,2026-02-12T16:59:35.698019
2026-12-19,BKK,departure,12:35,DPS Denpasar,TG439,Thai Airways,4h 25m,True,2026-02-12T16:59:35.785842
2026-12-19,BKK,departure,12:40,LHR London,BR67,EVA Air,13h 25m,True,2026-02-12T16:59:35.874658
2026-12-19,BKK,departure,12:40,HKT Phuket,PG273,Bangkok Airways,1h 35m,True,2026-02-12T16:59:35.965663
2026-12-19,BKK,departure,12:40,FRA Frankfurt,TG922,Thai Airways,12h 25m,True,2026-02-12T16:59:36.054734
2026-12-19,BKK,departure,12:45,TPE Taipei,BR212,EVA Air,3h 30m,True,2026-02-12T16:59:36.142322
2026-12-19,BKK,departure,12:45,HKG Hong Kong,CX788,Cathay Pacific,2h 55m,True,2026-02-12T16:59:36.230336
2026-12-19,BKK,departure,12:45,SWA Jieyang,CZ8356,China Southern,2h 55m,True,2026-02-12T16:59:36.319508
2026-12-19,BKK,departure,12:45,TDX Trat,PG305,Bangkok Airways,1h 0m,True,2026-02-12T16:59:36.410770
2026-12-19,BKK,departure,12:50,HGH Hangzhou,JD420,Capital Airlines,4h 0m,True,2026-02-12T16:59:36.501360
2026-12-19,BKK,departure,12:50,TPE Taipei,TG634,Thai Airways,3h 30m,True,2026-02-12T16:59:36.675572
2026-12-19,BKK,departure,12:55,IKT Irkutsk,SU659,Aeroflot,6h 20m,True,2026-02-12T16:59:36.925832
2026-12-19,BKK,departure,13:05,MAA Chennai,6E1062,IndiGo,3h 35m,True,2026-02-12T16:59:37.057435
2026-12-19,BKK,departure,13:05,HKG Hong Kong,CX618,Cathay Pacific,2h 55m,True,2026-02-12T16:59:37.171610
2026-12-19,BKK,departure,13:05,KTI Phnom Penh,K6723,Air Cambodia,1h 15m,True,2026-02-12T16:59:37.298256
2026-12-19,BKK,departure,13:10,KTI Phnom Penh,PG933,Bangkok Airways,1h 15m,True,2026-02-12T16:59:37.420822
2026-12-19,BKK,departure,13:10,NST Nakhon Si Thammarat,VZ334,Vietjet Thailand,1h 20m,True,2026-02-12T16:59:37.531732
2026-12-19,BKK,departure,13:15,ZRH Zurich,LX181,SWISS,12h 10m,True,2026-02-12T16:59:37.647213
2026-12-19,BKK,departure,13:15,SVO Moscow,SU273,Aeroflot,9h 45m,True,2026-02-12T16:59:37.764701
2026-12-19,BKK,departure,13:15,KTI Phnom Penh,TK52,Turkish Airlines,1h 25m,True,2026-02-12T16:59:37.893507
2026-12-19,BKK,departure,13:15,UTH Udon Thani,VZ204,Vietjet Thailand,1h 10m,True,2026-02-12T16:59:38.002245
2026-12-19,BKK,departure,13:20,LHR London,TG916,Thai Airways,13h 15m,True,2026-02-12T16:59:38.109555
2026-12-19,BKK,departure,13:25,CEI Chiang Rai,VZ132,Vietjet Thailand,1h 25m,True,2026-02-12T16:59:38.222650
2026-12-19,BKK,departure,13:30,BWN Bandar Seri Begawan,BI514,Royal Brunei Airlines,2h 45m,True,2026-02-12T16:59:38.333871
2026-12-19,BKK,departure,13:30,MNL Manila,PR731,PAL,3h 30m,True,2026-02-12T16:59:38.447741
2026-12-19,BKK,departure,13:30,CNX Chiang Mai,TG110,Thai Airways,1h 15m,True,2026-02-12T16:59:38.562242
2026-12-19,BKK,departure,13:35,PVG Shanghai,MU542,China Eastern,4h 20m,True,2026-02-12T16:59:38.677983
2026-12-19,BKK,departure,13:40,HKT Phuket,VZ2300,Vietjet Thailand,1h 35m,True,2026-02-12T16:59:38.792790
2026-12-19,BKK,departure,13:45,TFU Chengdu,9C7502,Spring Airlines,3h 15m,True,2026-02-12T16:59:38.926101
2026-12-19,BKK,departure,13:45,HKG Hong Kong,EK384,Emirates,2h 55m,True,2026-02-12T16:59:39.046941
2026-12-19,BKK,departure,13:45,TPE Taipei,JX742,Starlux,3h 40m,True,2026-02-12T16:59:39.157938
2026-12-19,BKK,departure,13:45,USM Koh Samui,PG145,Bangkok Airways,1h 10m,True,2026-02-12T16:59:39.273029
2026-12-19,BKK,departure,13:50,PVG Shanghai,9C7422,Spring Airlines,4h 15m,True,2026-02-12T16:59:39.389542
2026-12-19,BKK,departure,13:50,TFU Chengdu,CA466,Air China,3h 10m,True,2026-02-12T16:59:39.506379
2026-12-19,BKK,departure,13:50,PEK Beijing,HU430,Hainan Airlines,5h 5m,True,2026-02-12T16:59:39.617052
2026-12-19,BKK,departure,13:50,CNX Chiang Mai,VZ106,Vietjet Thailand,1h 25m,True,2026-02-12T16:59:39.733012
2026-12-19,BKK,departure,13:55,CAN Guangzhou,CZ8100,China Southern,3h 5m,True,2026-02-12T16:59:39.845038
2026-12-19,BKK,departure,13:55,USM Koh Samui,PG149,Bangkok Airways,1h 30m,True,2026-02-12T16:59:39.954492
2026-12-19,BKK,departure,13:55,HKT Phuket,TG211,Thai Airways,1h 30m,True,2026-02-12T16:59:40.076059
2026-12-19,BKK,departure,13:55,CMB Colombo,UL405,SriLankan Airlines,3h 30m,True,2026-02-12T16:59:40.191488
2026-12-19,BKK,departure,14:00,VIE Vienna,OS6,Austrian,11h 35m,True,2026-02-12T16:59:40.308842
2026-12-19,BKK,departure,14:00,HKG Hong Kong,TG638,Thai Airways,2h 45m,True,2026-02-12T16:59:40.423005
2026-12-19,BKK,departure,14:00,SGN Ho Chi Minh City,VJ804,VietJet,1h 30m,True,2026-02-12T16:59:40.543771
2026-12-19,BKK,departure,14:05,XIY Xian,9C6294,Spring Airlines,3h 50m,True,2026-02-12T16:59:40.657750
2026-12-19,BKK,departure,14:05,TPE Taipei,CI832,China Airlines,3h 35m,True,2026-02-12T16:59:40.773228
2026-12-19,BKK,departure,14:05,USM Koh Samui,PG147,Bangkok Airways,1h 5m,True,2026-02-12T16:59:40.884672
2026-12-19,BKK,departure,14:10,KBV Krabi,FD4400,Thai AirAsia,1h 25m,True,2026-02-12T16:59:41.018092
2026-12-19,BKK,departure,14:10,KKC Khon Kaen,TG44,Thai Airways,1h 0m,True,2026-02-12T16:59:41.131881
2026-12-19,BKK,departure,14:15,CGK Jakarta,ET628,Ethiopian,3h 50m,True,2026-02-12T16:59:41.832887
2026-12-19,BKK,departure,14:15,HKT Phuket,FD4112,Thai AirAsia,1h 35m,True,2026-02-12T16:59:41.930925
2026-12-19,BKK,departure,14:15,CGK Jakarta,GA867,Garuda Indonesia,3h 35m,True,2026-02-12T16:59:42.024195
2026-12-19,BKK,departure,14:15,KUL Kuala Lumpur,MH789,Malaysia Airlines,2h 20m,True,2026-02-12T16:59:42.113397
2026-12-19,BKK,departure,14:15,MNL Manila,TG624,Thai Airways,3h 10m,True,2026-02-12T16:59:42.192986
2026-12-19,BKK,departure,14:20,HND Tokyo,NH878,ANA,5h 50m,True,2026-02-12T16:59:42.278294
2026-12-19,BKK,departure,14:20,SGN Ho Chi Minh City,VN604,Vietnam Airlines,1h 45m,True,2026-02-12T16:59:42.357644
2026-12-19,BKK,departure,14:25,NGB Ningbo,9C7432,Spring Airlines,4h 15m,True,2026-02-12T16:59:42.439529
2026-12-19,BKK,departure,14:25,USM Koh Samui,PG151,Bangkok Airways,1h 10m,True,2026-02-12T16:59:42.518717
2026-12-19,BKK,departure,14:25,CGK Jakarta,TG435,Thai Airways,3h 30m,True,2026-02-12T16:59:42.605178
2026-12-19,BKK,departure,14:25,KBV Krabi,VZ342,Vietjet Thailand,1h 30m,True,2026-02-12T16:59:42.688264
2026-12-19,BKK,departure,14:30,CEI Chiang Rai,FD4152,Thai AirAsia,1h 25m,True,2026-02-12T16:59:42.779743
2026-12-19,BKK,departure,14:30,MFM Macau,NX935,Air Macau,2h 50m,True,2026-02-12T16:59:42.870701
2026-12-19,BKK,departure,14:30,USM Koh Samui,PG153,Bangkok Airways,1h 10m,True,2026-02-12T16:59:42.964833
2026-12-19,BKK,departure,14:30,SGN Ho Chi Minh City,VU130,Vietravel Airlines,1h 40m,True,2026-02-12T16:59:43.043799
2026-12-19,BKK,departure,14:40,TPE Taipei,BR202,EVA Air,3h 35m,True,2026-02-12T16:59:43.131469
2026-12-19,BKK,departure,14:40,DAC Dhaka,BS218,US-Bangla Airlines,2h 40m,True,2026-02-12T16:59:43.212922
2026-12-19,BKK,departure,14:40,AUH Abu Dhabi,EY405,Etihad,7h 25m,True,2026-02-12T16:59:43.297747
2026-12-19,BKK,departure,14:40,PNQ Pune,IX241,Air India Express,4h 15m,True,2026-02-12T16:59:43.380601
2026-12-19,BKK,departure,14:40,CAN Guangzhou,KQ886,Kenya Airways,2h 55m,True,2026-02-12T16:59:43.464980
2026-12-19,BKK,departure,14:40,PQC Phu Quoc,VZ982,Vietjet Thailand,1h 20m,True,2026-02-12T16:59:43.548329
2026-12-19,BKK,departure,14:40,UBP Ubon Ratchathani,VZ224,Vietjet Thailand,1h 5m,True,2026-02-12T16:59:43.638600
2026-12-19,BKK,departure,14:45,BOM Mumbai,AI2124,Air India,4h 45m,True,2026-02-12T16:59:43.721421
2026-12-19,BKK,departure,14:45,BOM Mumbai,AI2353,Air India,4h 35m,True,2026-02-12T16:59:43.804629
2026-12-19,BKK,departure,14:50,HND Tokyo,TG660,Thai Airways,5h 40m,True,2026-02-12T16:59:43.887165
2026-12-19,BKK,departure,14:55,VVO Vladivostok,SU645,Aeroflot,6h 35m,True,2026-02-12T16:59:43.973044
2026-12-19,BKK,departure,14:55,SIN Singapore,TG407,Thai Airways,2h 20m,True,2026-02-12T16:59:44.057130
2026-12-19,BKK,departure,15:00,SWA Jieyang,9C6194,Spring Airlines,2h 55m,True,2026-02-12T16:59:44.145915
2026-12-19,BKK,departure,15:00,USM Koh Samui,PG157,Bangkok Airways,1h 30m,True,2026-02-12T16:59:44.230594
2026-12-19,BKK,departure,15:00,HKT Phuket,TG215,Thai Airways,1h 30m,True,2026-02-12T16:59:44.319560
2026-12-19,BKK,departure,15:05,HKG Hong Kong,CX674,Cathay Pacific,2h 55m,True,2026-02-12T16:59:44.400866
2026-12-19,BKK,departure,15:05,CNX Chiang Mai,TG112,Thai Airways,1h 20m,True,2026-02-12T16:59:44.483503
2026-12-19,BKK,departure,15:05,HAN Hanoi,VJ902,VietJet,1h 55m,True,2026-02-12T16:59:44.567060
2026-12-19,BKK,departure,15:15,DEL Delhi,AI2356,Air India,4h 30m,True,2026-02-12T16:59:44.651528
2026-12-19,BKK,departure,15:15,USM Koh Samui,PG161,Bangkok Airways,1h 10m,True,2026-02-12T16:59:44.737119
2026-12-19,BKK,departure,15:15,CNX Chiang Mai,VZ108,Vietjet Thailand,1h 25m,True,2026-02-12T16:59:44.824783
2026-12-19,BKK,departure,15:20,RUH Riyadh,SV847,Saudia,8h 10m,True,2026-02-12T16:59:44.912325
2026-12-19,BKK,departure,15:25,HKT Phuket,VZ306,Vietjet Thailand,1h 35m,True,2026-02-12T16:59:44.999703
2026-12-19,BKK,departure,15:30,DEL Delhi,6E1054,IndiGo,4h 40m,True,2026-02-12T16:59:45.090564
2026-12-19,BKK,departure,15:30,THS Sukhothai,PG213,Bangkok Airways,1h 20m,True,2026-02-12T16:59:45.175466
2026-12-19,BKK,departure,15:40,RGN Yangon,8M334,MAI,1h 20m,True,2026-02-12T16:59:45.259503
2026-12-19,BKK,departure,15:40,HKG Hong Kong,UA821,United,3h 0m,True,2026-02-12T16:59:45.348176
2026-12-19,BKK,departure,15:45,CAN Guangzhou,CZ3082,China Southern,2h 55m,True,2026-02-12T16:59:45.430791
2026-12-19,BKK,departure,15:45,LJG Lijiang,DR5042,Ruili Airlines,2h 40m,True,2026-02-12T16:59:45.516850
2026-12-19,BKK,departure,15:45,SGN Ho Chi Minh City,VJ800,VietJet,1h 30m,True,2026-02-12T16:59:45.603570
2026-12-19,BKK,departure,15:50,PVG Shanghai,9C7280,Spring Airlines,4h 25m,True,2026-02-12T16:59:45.688026
2026-12-19,BKK,departure,15:50,NKG Nanjing,JD620,Capital Airlines,4h 5m,True,2026-02-12T16:59:45.782255
2026-12-19,BKK,departure,15:50,USM Koh Samui,PG163,Bangkok Airways,1h 10m,True,2026-02-12T16:59:45.866322
2026-12-19,BKK,departure,15:50,SIN Singapore,SQ709,Singapore Airlines,2h 35m,True,2026-02-12T16:59:45.950182
2026-12-19,BKK,departure,15:50,DAD Da Nang,VZ962,Vietjet Thailand,1h 40m,True,2026-02-12T16:59:46.039398
2026-12-19,BKK,departure,15:55,HKG Hong Kong,HX776,Hong Kong Airlines,3h 0m,True,2026-02-12T16:59:46.123970
2026-12-19,BKK,departure,15:55,KMG Kunming,MU742,China Eastern,2h 35m,True,2026-02-12T16:59:46.208223
2026-12-19,BKK,departure,15:55,HAN Hanoi,VN614,Vietnam Airlines,1h 55m,True,2026-02-12T16:59:46.290645
2026-12-19,BKK,departure,16:00,USM Koh Samui,PG167,Bangkok Airways,1h 5m,True,2026-02-12T16:59:46.372893
2026-12-19,BKK,departure,16:15,DAC Dhaka,BG389,Biman,2h 45m,True,2026-02-12T16:59:46.462947
2026-12-19,BKK,departure,16:15,TDX Trat,PG307,Bangkok Airways,1h 0m,True,2026-02-12T16:59:46.543144
2026-12-19,BKK,departure,16:15,USM Koh Samui,PG159,Bangkok Airways,1h 35m,True,2026-02-12T16:59:46.624728
2026-12-19,BKK,departure,16:15,UBP Ubon Ratchathani,TG28,Thai Airways,1h 10m,True,2026-02-12T16:59:46.706480
2026-12-19,BKK,departure,16:25,CNX Chiang Mai,FD4108,Thai AirAsia,1h 20m,True,2026-02-12T16:59:46.789547
2026-12-19,BKK,departure,16:25,HKG Hong Kong,UO701,HK Express,2h 55m,True,2026-02-12T16:59:46.873930
2026-12-19,BKK,departure,16:30,HDY Hat Yai,FD4204,Thai AirAsia,1h 30m,True,2026-02-12T16:59:46.960570
2026-12-19,BKK,departure,16:30,USM Koh Samui,PG165,Bangkok Airways,1h 10m,True,2026-02-12T16:59:47.048817
2026-12-19,BKK,departure,16:35,SIN Singapore,TG409,Thai Airways,2h 20m,True,2026-02-12T16:59:47.141637
2026-12-19,BKK,departure,16:40,USM Koh Samui,PG169,Bangkok Airways,1h 5m,True,2026-02-12T16:59:47.229843
2026-12-19,BKK,departure,16:45,KWE Guiyang,AQ1208,9 Air,2h 5m,True,2026-02-12T16:59:47.312708
2026-12-19,BKK,departure,16:45,KUL Kuala Lumpur,TG417,Thai Airways,2h 10m,True,2026-02-12T16:59:47.397742
2026-12-19,BKK,departure,16:50,PVG Shanghai,FM834,Shanghai Airlines,4h 20m,True,2026-02-12T16:59:47.480571
2026-12-19,BKK,departure,16:50,CEI Chiang Rai,TG136,Thai Airways,1h 30m,True,2026-02-12T16:59:47.564789
2026-12-19,BKK,departure,16:50,UTH Udon Thani,VZ202,Vietjet Thailand,1h 10m,True,2026-02-12T16:59:47.650621
2026-12-19,BKK,departure,16:55,HKG Hong Kong,CX706,Cathay Pacific,2h 45m,True,2026-02-12T16:59:47.750365
2026-12-19,BKK,departure,17:00,IKT Irkutsk,S76310,S7 Airlines,6h 25m,True,2026-02-12T16:59:47.845131
2026-12-19,BKK,departure,17:00,SIN Singapore,TR637,Scoot,2h 40m,True,2026-02-12T16:59:47.926359
2026-12-19,BKK,departure,17:00,URT Surat Thani,VZ352,Vietjet Thailand,1h 20m,True,2026-02-12T16:59:48.009672
2026-12-19,BKK,departure,17:05,KUL Kuala Lumpur,MH783,Malaysia Airlines,2h 20m,True,2026-02-12T16:59:48.091562
2026-12-19,BKK,departure,17:10,HYD Hyderabad,6E1068,IndiGo,3h 55m,True,2026-02-12T16:59:48.170599
2026-12-19,BKK,departure,17:10,KTI Phnom Penh,K6725,Air Cambodia,1h 10m,True,2026-02-12T16:59:48.254169
2026-12-19,BKK,departure,17:10,RGN Yangon,TG303,Thai Airways,1h 20m,True,2026-02-12T16:59:48.336244
2026-12-19,BKK,departure,17:10,LYA Luoyang,UQ2642,Urumqi Airlines,4h 10m,True,2026-02-12T16:59:48.419781
2026-12-19,BKK,departure,17:15,TPE Taipei,BR68,EVA Air,3h 35m,True,2026-02-12T16:59:48.498179
2026-12-19,BKK,departure,17:15,HKT Phuket,TG217,Thai Airways,1h 30m,True,2026-02-12T16:59:48.579501
2026-12-19,BKK,departure,17:20,USM Koh Samui,PG171,Bangkok Airways,1h 35m,True,2026-02-12T16:59:48.662666
2026-12-19,BKK,departure,17:25,KTI Phnom Penh,PG935,Bangkok Airways,1h 15m,True,2026-02-12T16:59:48.746142
2026-12-19,BKK,departure,17:25,SAI Siem Reap,PG907,Bangkok Airways,1h 20m,True,2026-02-12T16:59:48.827768
2026-12-19,BKK,departure,17:25,KKC Khon Kaen,VZ214,Vietjet Thailand,1h 5m,True,2026-02-12T16:59:48.908095
2026-12-19,BKK,departure,17:30,HGH Hangzhou,GJ8022,Loong Air,4h 5m,True,2026-02-12T16:59:48.991601
2026-12-19,BKK,departure,17:30,HKT Phuket,PG277,Bangkok Airways,1h 35m,True,2026-02-12T16:59:49.073936
2026-12-19,BKK,departure,17:30,USM Koh Samui,PG173,Bangkok Airways,1h 10m,True,2026-02-12T16:59:49.156075
2026-12-19,BKK,departure,17:30,HAN Hanoi,TG564,Thai Airways,1h 50m,True,2026-02-12T16:59:49.252147
2026-12-19,BKK,departure,17:30,TPE Taipei,TG636,Thai Airways,3h 40m,True,2026-02-12T16:59:49.330739
2026-12-19,BKK,departure,17:30,HKT Phuket,VZ2304,Vietjet Thailand,1h 35m,True,2026-02-12T16:59:49.412837
2026-12-19,BKK,departure,17:35,XMN Xiamen,MF834,XiamenAir,3h 10m,True,2026-02-12T16:59:49.491493
2026-12-19,BKK,departure,17:35,SGN Ho Chi Minh City,TG556,Thai Airways,1h 30m,True,2026-02-12T16:59:49.574105
2026-12-19,BKK,departure,17:40,HKG Hong Kong,CX708,Cathay Pacific,2h 50m,True,2026-02-12T16:59:49.653078
2026-12-19,BKK,departure,17:40,TPE Taipei,JX746,Starlux,3h 50m,True,2026-02-12T16:59:49.735068
2026-12-19,BKK,departure,17:40,CNX Chiang Mai,PG219,Bangkok Airways,1h 20m,True,2026-02-12T16:59:49.817765
2026-12-19,BKK,departure,17:40,HKG Hong Kong,UO719,HK Express,2h 55m,True,2026-02-12T16:59:49.899524
2026-12-19,BKK,departure,17:45,CGK Jakarta,GA869,Garuda Indonesia,3h 40m,True,2026-02-12T16:59:49.983953
2026-12-19,BKK,departure,17:45,KTI Phnom Penh,VZ722,Vietjet Thailand,1h 15m,True,2026-02-12T16:59:50.066971
2026-12-19,BKK,departure,17:50,TPE Taipei,CI836,China Airlines,3h 35m,True,2026-02-12T16:59:50.154418
2026-12-19,BKK,departure,17:55,DEL Delhi,AI2335,Air India,4h 30m,True,2026-02-12T16:59:50.241696
2026-12-19,BKK,departure,17:55,TFU Chengdu,CA472,Air China,3h 20m,True,2026-02-12T16:59:50.331036
2026-12-19,BKK,departure,17:55,MNL Manila,PR737,PAL,3h 30m,True,2026-02-12T16:59:50.413155
2026-12-19,BKK,departure,18:00,SYD Sydney,QF24,Qantas,9h 35m,True,2026-02-12T16:59:50.506396
2026-12-19,BKK,departure,18:00,CEI Chiang Rai,VZ134,Vietjet Thailand,1h 25m,True,2026-02-12T16:59:50.587101
2026-12-19,BKK,departure,18:05,CAN Guangzhou,CZ8024,China Southern,3h 5m,True,2026-02-12T16:59:50.667046
2026-12-19,BKK,departure,18:10,TAO Qingdao,QW918,Qingdao Airlines,4h 45m,True,2026-02-12T16:59:50.749363
2026-12-19,BKK,departure,18:10,SIN Singapore,SQ711,Singapore Airlines,2h 30m,True,2026-02-12T16:59:50.833739
2026-12-19,BKK,departure,18:10,HKG Hong Kong,TG602,Thai Airways,2h 45m,True,2026-02-12T16:59:50.916078
2026-12-19,BKK,departure,18:15,MEL Melbourne,AY145,Finnair,9h 0m,True,2026-02-12T16:59:50.999671
2026-12-19,BKK,departure,18:15,TFU Chengdu,MU5036,China Eastern,3h 10m,True,2026-02-12T16:59:51.084933
2026-12-19,BKK,departure,18:15,KTI Phnom Penh,TG584,Thai Airways,1h 20m,True,2026-02-12T16:59:51.167132
2026-12-19,BKK,departure,18:20,TFU Chengdu,3U3936,Sichuan Airlines,3h 0m,True,2026-02-12T16:59:51.247005
2026-12-19,BKK,departure,18:20,HKT Phuket,FD4114,Thai AirAsia,1h 40m,True,2026-02-12T16:59:51.333137
2026-12-19,BKK,departure,18:20,UTH Udon Thani,FD4352,Thai AirAsia,1h 10m,True,2026-02-12T16:59:51.416207
2026-12-19,BKK,departure,18:20,MEL Melbourne,TG465,Thai Airways,9h 0m,True,2026-02-12T16:59:51.501947
2026-12-19,BKK,departure,18:25,KBV Krabi,FD4408,Thai AirAsia,1h 35m,True,2026-02-12T16:59:51.585924
2026-12-19,BKK,departure,18:25,TAO Qingdao,QW9898,Qingdao Airlines,4h 15m,True,2026-02-12T16:59:51.668181
2026-12-19,BKK,departure,18:25,KBV Krabi,TG249,Thai Airways,1h 25m,True,2026-02-12T16:59:51.756552
2026-12-19,BKK,departure,18:25,SIN Singapore,TR611,Scoot,2h 45m,True,2026-02-12T16:59:51.858360
2026-12-19,BKK,departure,18:30,HDY Hat Yai,TG267,Thai Airways,1h 30m,True,2026-02-12T16:59:51.945476
2026-12-19,BKK,departure,18:30,HKT Phuket,TG221,Thai Airways,1h 30m,True,2026-02-12T16:59:52.034894
2026-12-19,BKK,departure,18:30,VTE Vientiane,TG574,Thai Airways,1h 15m,True,2026-02-12T16:59:52.120818
2026-12-19,BKK,departure,18:35,KHH Kaohsiung,CI840,China Airlines,3h 20m,True,2026-02-12T16:59:52.210198
2026-12-19,BKK,departure,18:35,HAN Hanoi,VJ904,VietJet,1h 50m,True,2026-02-12T16:59:52.326495
2026-12-19,BKK,departure,18:40,KUL Kuala Lumpur,MH775,Malaysia Airlines,2h 20m,True,2026-02-12T16:59:52.488356
2026-12-19,BKK,departure,18:40,USM Koh Samui,PG177,Bangkok Airways,1h 35m,True,2026-02-12T16:59:52.618184
2026-12-19,BKK,departure,18:40,KBV Krabi,VZ344,Vietjet Thailand,1h 30m,True,2026-02-12T16:59:52.745003
2026-12-19,BKK,departure,18:45,ISB Islamabad,TG349,Thai Airways,5h 35m,True,2026-02-12T16:59:52.874879
2026-12-19,BKK,departure,18:50,PVG Shanghai,9C8892,Spring Airlines,4h 40m,True,2026-02-12T16:59:52.995985
2026-12-19,BKK,departure,18:50,KHI Karachi,TG341,Thai Airways,5h 35m,True,2026-02-12T16:59:53.107114
2026-12-19,BKK,departure,18:50,CNX Chiang Mai,VZ2106,Vietjet Thailand,1h 25m,True,2026-02-12T16:59:53.219398
2026-12-19,BKK,departure,18:55,CAN Guangzhou,CZ364,China Southern,3h 10m,True,2026-02-12T16:59:53.390565
2026-12-19,BKK,departure,18:55,DOH Doha,QR835,Qatar Airways,7h 25m,True,2026-02-12T16:59:53.490080
2026-12-19,BKK,departure,18:55,BOM Mumbai,TG317,Thai Airways,4h 35m,True,2026-02-12T16:59:53.664043
2026-12-19,BKK,departure,19:00,SIN Singapore,TG401,Thai Airways,2h 20m,True,2026-02-12T16:59:53.795570
2026-12-19,BKK,departure,19:00,HAN Hanoi,VN618,Vietnam Airlines,1h 55m,True,2026-02-12T16:59:53.922273
2026-12-19,BKK,departure,19:05,PVG Shanghai,FM856,Shanghai Airlines,4h 30m,True,2026-02-12T16:59:54.044856
2026-12-19,BKK,departure,19:05,CNX Chiang Mai,TG120,Thai Airways,1h 20m,True,2026-02-12T16:59:54.174953
2026-12-19,BKK,departure,19:10,KKC Khon Kaen,FD4503,Thai AirAsia,1h 10m,True,2026-02-12T16:59:54.295444
2026-12-19,BKK,departure,19:10,UTH Udon Thani,TG8,Thai Airways,1h 10m,True,2026-02-12T16:59:54.413755
2026-12-19,BKK,departure,19:15,RGN Yangon,8M332,MAI,1h 20m,True,2026-02-12T16:59:54.532454
2026-12-19,BKK,departure,19:15,HKG Hong Kong,CX702,Cathay Pacific,2h 45m,True,2026-02-12T16:59:54.645513
2026-12-19,BKK,departure,19:15,SZX Shenzhen,CZ8324,China Southern,2h 35m,True,2026-02-12T16:59:54.767961
2026-12-19,BKK,departure,19:15,USM Koh Samui,PG191,Bangkok Airways,1h 10m,True,2026-02-12T16:59:54.906758
2026-12-19,BKK,departure,19:20,CKG Chongqing,3U3772,Sichuan Airlines,3h 25m,True,2026-02-12T16:59:55.030596
2026-12-19,BKK,departure,19:20,HAK Haikou,HU722,Hainan Airlines,2h 25m,True,2026-02-12T16:59:55.147014
2026-12-19,BKK,departure,19:20,USM Koh Samui,PG185,Bangkok Airways,1h 30m,True,2026-02-12T16:59:55.277579
2026-12-19,BKK,departure,19:20,HKT Phuket,VZ308,Vietjet Thailand,1h 30m,True,2026-02-12T16:59:55.399554
2026-12-19,BKK,departure,19:25,USM Koh Samui,PG183,Bangkok Airways,1h 5m,True,2026-02-12T16:59:55.525068
2026-12-19,BKK,departure,19:25,LHE Lahore,TG345,Thai Airways,5h 15m,True,2026-02-12T16:59:55.655726
2026-12-19,BKK,departure,19:30,PEK Beijing,CA960,Air China,4h 35m,True,2026-02-12T16:59:55.764873
2026-12-19,BKK,departure,19:30,KMG Kunming,KY8370,Kunming Airlines,2h 35m,True,2026-02-12T16:59:55.883087
2026-12-19,BKK,departure,19:30,PEN Penang,TG425,Thai Airways,1h 50m,True,2026-02-12T16:59:55.988236
2026-12-19,BKK,departure,19:30,SZX Shenzhen,ZH308,Shenzhen Airlines,2h 45m,True,2026-02-12T16:59:56.116987
2026-12-19,BKK,departure,19:35,SGN Ho Chi Minh City,VN606,Vietnam Airlines,1h 45m,True,2026-02-12T16:59:56.240523
2026-12-19,BKK,departure,19:40,HKT Phuket,PG279,Bangkok Airways,1h 30m,True,2026-02-12T16:59:56.352981
2026-12-19,BKK,departure,19:40,KKC Khon Kaen,TG46,Thai Airways,1h 0m,True,2026-02-12T16:59:56.465415
2026-12-19,BKK,departure,19:45,KBV Krabi,PG263,Bangkok Airways,1h 30m,True,2026-02-12T16:59:56.578157
2026-12-19,BKK,departure,19:45,HKG Hong Kong,UO703,HK Express,3h 0m,True,2026-02-12T16:59:56.686733
2026-12-19,BKK,departure,19:50,SAI Siem Reap,EK370,Emirates,1h 20m,True,2026-02-12T16:59:56.796803
2026-12-19,BKK,departure,19:50,HDY Hat Yai,VZ328,Vietjet Thailand,1h 25m,True,2026-02-12T16:59:56.903982
2026-12-19,BKK,departure,19:55,CNX Chiang Mai,FD4096,Thai AirAsia,1h 25m,True,2026-02-12T16:59:57.008232
2026-12-19,BKK,departure,19:55,PVG Shanghai,FM840,Shanghai Airlines,4h 25m,True,2026-02-12T16:59:57.639720
2026-12-19,BKK,departure,20:00,SIN Singapore,SQ713,Singapore Airlines,2h 30m,True,2026-02-12T16:59:57.736863
2026-12-19,BKK,departure,20:00,DEL Delhi,TG315,Thai Airways,4h 30m,True,2026-02-12T16:59:57.831598
2026-12-19,BKK,departure,20:05,KUL Kuala Lumpur,MH781,Malaysia Airlines,2h 20m,True,2026-02-12T16:59:57.918741
2026-12-19,BKK,departure,20:05,USM Koh Samui,PG193,Bangkok Airways,1h 30m,True,2026-02-12T16:59:58.009324
2026-12-19,BKK,departure,20:05,SGN Ho Chi Minh City,VJ806,VietJet,1h 30m,True,2026-02-12T16:59:58.086141
2026-12-19,BKK,departure,20:05,MCT Muscat,WY816,Oman Air,6h 10m,True,2026-02-12T16:59:58.173012
2026-12-19,BKK,departure,20:10,HKT Phuket,FD4419,Thai AirAsia,1h 40m,True,2026-02-12T16:59:58.257883
2026-12-19,BKK,departure,20:15,BAH Bahrain,GF153,Gulf Air,6h 40m,True,2026-02-12T16:59:58.341774
2026-12-19,BKK,departure,20:15,SIN Singapore,TR617,Scoot,2h 50m,True,2026-02-12T16:59:58.425961
2026-12-19,BKK,departure,20:20,BOM Mumbai,AI2338,Air India,4h 50m,True,2026-02-12T16:59:58.510412
2026-12-19,BKK,departure,20:30,DOH Doha,QR829,Qatar Airways,7h 25m,True,2026-02-12T16:59:58.599411
2026-12-19,BKK,departure,20:35,KMG Kunming,KY8368,Kunming Airlines,2h 5m,True,2026-02-12T16:59:58.682290
2026-12-19,BKK,departure,20:35,CNX Chiang Mai,VZ118,Vietjet Thailand,1h 25m,True,2026-02-12T16:59:58.769340
2026-12-19,BKK,departure,20:40,BOM Mumbai,VZ760,Vietjet Thailand,4h 40m,True,2026-02-12T16:59:58.850687
2026-12-19,BKK,departure,20:45,DXB Dubai,EK373,Emirates,7h 15m,True,2026-02-12T16:59:58.932501
2026-12-19,BKK,departure,20:50,RGN Yangon,8M351,MAI,1h 20m,True,2026-02-12T16:59:59.021259
2026-12-19,BKK,departure,20:50,AUH Abu Dhabi,EY407,Etihad,6h 50m,True,2026-02-12T16:59:59.116111
2026-12-19,BKK,departure,20:50,VTE Vientiane,QV446,Lao Airlines,1h 0m,True,2026-02-12T16:59:59.202056
2026-12-19,BKK,departure,20:55,CNX Chiang Mai,FD4102,Thai AirAsia,1h 25m,True,2026-02-12T16:59:59.285317
2026-12-19,BKK,departure,20:55,AMD Ahmedabad,TG343,Thai Airways,4h 45m,True,2026-02-12T16:59:59.368636
2026-12-19,BKK,departure,21:00,BLR Bengaluru,6E1056,IndiGo,3h 55m,True,2026-02-12T16:59:59.456387
2026-12-19,BKK,departure,21:05,KMG Kunming,MU9614,China Eastern,2h 35m,True,2026-02-12T16:59:59.542827
2026-12-19,BKK,departure,21:10,SIN Singapore,SQ719,Singapore Airlines,2h 30m,True,2026-02-12T16:59:59.627028
2026-12-19,BKK,departure,21:15,KTM Kathmandu,TG309,Thai Airways,3h 25m,True,2026-02-12T16:59:59.710530
2026-12-19,BKK,departure,21:15,SGN Ho Chi Minh City,VN608,Vietnam Airlines,1h 45m,True,2026-02-12T16:59:59.798260
2026-12-19,BKK,departure,21:25,BNE Brisbane,JQ66,Jetstar,8h 45m,True,2026-02-12T16:59:59.880841
2026-12-19,BKK,departure,21:30,ICN Seoul,KE658,Korean Air,5h 15m,True,2026-02-12T16:59:59.964220
2026-12-19,BKK,departure,21:30,HKT Phuket,PG287,Bangkok Airways,1h 30m,True,2026-02-12T17:00:00.053932
2026-12-19,BKK,departure,21:35,BLR Bengaluru,TG325,Thai Airways,3h 50m,True,2026-02-12T17:00:00.147927
2026-12-19,BKK,departure,21:40,TFU Chengdu,EU2868,Chengdu Airlines,3h 0m,True,2026-02-12T17:00:00.239613
2026-12-19,BKK,departure,21:40,RGN Yangon,UB18,Myanmar National Airlines,1h 25m,True,2026-02-12T17:00:00.325325
2026-12-19,BKK,departure,21:45,MFM Macau,NX991,Air Macau,2h 45m,True,2026-02-12T17:00:00.411549
2026-12-19,BKK,departure,21:55,CAN Guangzhou,9C7420,Spring Airlines,3h 5m,True,2026-02-12T17:00:00.500587
2026-12-19,BKK,departure,21:55,CMB Colombo,TG307,Thai Airways,3h 36m,True,2026-02-12T17:00:00.588580
2026-12-19,BKK,departure,21:55,HYD Hyderabad,TG329,Thai Airways,3h 36m,True,2026-02-12T17:00:00.672819
2026-12-19,BKK,departure,21:55,MAA Chennai,TG337,Thai Airways,3h 36m,True,2026-02-12T17:00:00.758318
2026-12-19,BKK,departure,22:00,HKG Hong Kong,HX766,Hong Kong Airlines,3h 15m,True,2026-02-12T17:00:00.842892
2026-12-19,BKK,departure,22:05,BOM Mumbai,6E1060,IndiGo,4h 45m,True,2026-02-12T17:00:00.935296
2026-12-19,BKK,departure,22:05,HND Tokyo,JL34,JAL,5h 35m,True,2026-02-12T17:00:01.018326
2026-12-19,BKK,departure,22:05,TLV Tel Aviv-Yafo,LY86,El Al,11h 15m,True,2026-02-12T17:00:01.108793
2026-12-19,BKK,departure,22:10,HAN Hanoi,VN616,Vietnam Airlines,1h 55m,True,2026-02-12T17:00:01.193840
2026-12-19,BKK,departure,22:10,CNX Chiang Mai,VZ2104,Vietjet Thailand,1h 25m,True,2026-02-12T17:00:01.284732
2026-12-19,BKK,departure,22:15,BOM Mumbai,TG351,Thai Airways,4h 35m,True,2026-02-12T17:00:01.372813
2026-12-19,BKK,departure,22:20,ICN Seoul,BX728,Air Busan,5h 45m,True,2026-02-12T17:00:01.461395
2026-12-19,BKK,departure,22:20,IST Istanbul,TK53,Turkish Airlines,10h 55m,True,2026-02-12T17:00:01.552081
2026-12-19,BKK,departure,22:20,HKT Phuket,VZ316,Vietjet Thailand,1h 35m,True,2026-02-12T17:00:01.648276
2026-12-19,BKK,departure,22:25,DEL Delhi,AI2303,Air India,4h 45m,True,2026-02-12T17:00:01.733999
2026-12-19,BKK,departure,22:25,ICN Seoul,LJ2,Jin Air,5h 40m,True,2026-02-12T17:00:01.817912
2026-12-19,BKK,departure,22:25,HND Tokyo,NH850,ANA,5h 40m,True,2026-02-12T17:00:01.908286
2026-12-19,BKK,departure,22:30,HEL Helsinki,AY146,Finnair,12h 35m,True,2026-02-12T17:00:01.997399
2026-12-19,BKK,departure,22:30,NRT Tokyo,TG640,Thai Airways,5h 50m,True,2026-02-12T17:00:02.092211
2026-12-19,BKK,departure,22:35,SYD Sydney,TG471,Thai Airways,9h 20m,True,2026-02-12T17:00:02.180574
2026-12-19,BKK,departure,22:50,CRK Angeles,5J944,Cebu Pacific,3h 25m,True,2026-02-12T17:00:02.266156
2026-12-19,BKK,departure,22:50,MNL Manila,PR733,PAL,3h 25m,True,2026-02-12T17:00:02.359359
2026-12-19,BKK,departure,22:55,PUS Busan,BX726,Air Busan,5h 25m,True,2026-02-12T17:00:02.448508
2026-12-19,BKK,departure,22:55,SIN Singapore,TR615,Scoot,2h 50m,True,2026-02-12T17:00:02.532734
2026-12-19,BKK,departure,23:10,LGW London,BA2230,British Airways,13h 20m,True,2026-02-12T17:00:02.619697
2026-12-19,BKK,departure,23:10,ICN Seoul,TG658,Thai Airways,5h 25m,True,2026-02-12T17:00:02.709825
2026-12-19,BKK,departure,23:15,ICN Seoul,KE652,Korean Air,5h 20m,True,2026-02-12T17:00:02.795935
2026-12-19,BKK,departure,23:15,DAC Dhaka,TG339,Thai Airways,2h 35m,True,2026-02-12T17:00:02.879789
2026-12-19,BKK,departure,23:15,HND Tokyo,TG682,Thai Airways,5h 40m,True,2026-02-12T17:00:02.974969
2026-12-19,BKK,departure,23:15,IST Istanbul,TK69,Turkish Airlines,10h 55m,True,2026-02-12T17:00:03.068378
2026-12-19,BKK,departure,23:25,RGN Yangon,8M373,MAI,1h 20m,True,2026-02-12T17:00:03.154382
2026-12-19,BKK,departure,23:25,DEL Delhi,TG331,Thai Airways,4h 25m,True,2026-02-12T17:00:03.237530
2026-12-19,BKK,departure,23:30,MUC Munich,LH773,Lufthansa,11h 50m,True,2026-02-12T17:00:03.319844
2026-12-19,BKK,departure,23:30,ICN Seoul,TG656,Thai Airways,5h 25m,True,2026-02-12T17:00:03.402847
2026-12-19,BKK,departure,23:35,CCU Kolkata,TG313,Thai Airways,2h 35m,True,2026-02-12T17:00:03.484244
2026-12-19,BKK,departure,23:40,PUS Busan,LJ22,Jin Air,5h 20m,True,2026-02-12T17:00:03.567710
2026-12-19,BKK,departure,23:40,FRA Frankfurt,TG920,Thai Airways,12h 15m,True,2026-02-12T17:00:03.651417
2026-12-19,BKK,departure,23:45,IST Istanbul,TG900,Thai Airways,10h 20m,True,2026-02-12T17:00:03.750677
2026-12-19,BKK,departure,23:55,TLV Tel Aviv-Yafo,LY82,El Al,11h 15m,True,2026-02-12T17:00:03.834146
2026-12-19,BKK,departure,23:55,ICN Seoul,OZ742,Asiana,5h 0m,True,2026-02-12T17:00:03.932760
2026-12-19,BKK,departure,23:55,CTS Sapporo,TG670,Thai Airways,6h 25m,True,2026-02-12T17:00:04.013392
2026-12-19,BKK,departure,23:55,NRT Tokyo,TG642,Thai Airways,5h 45m,True,2026-02-12T17:00:04.096088
2026-12-19,BKK,departure,23:59,KIX Osaka,TG622,Thai Airways,5h 21m,True,2026-02-12T17:00:04.178266
2026-12-19,BKK,arrival,00:00,PVG Shanghai,9C8755,Spring Airlines,5h 5m,True,2026-02-12T17:01:01.184404
2026-12-19,BKK,arrival,00:10,TFU Chengdu,3U3937,Sichuan Airlines,3h 20m,True,2026-02-12T17:01:01.268634
2026-12-19,BKK,arrival,00:10,ICN Seoul,7C2503,Jeju Air,6h 5m,True,2026-02-12T17:01:01.359556
2026-12-19,BKK,arrival,00:10,PEK Beijing,CA979,Air China,5h 10m,True,2026-02-12T17:01:01.445399
2026-12-19,BKK,arrival,00:10,CNX Chiang Mai,FD4103,Thai AirAsia,1h 20m,True,2026-02-12T17:01:01.547186
2026-12-19,BKK,arrival,00:15,CCU Kolkata,6E1057,IndiGo,2h 50m,True,2026-02-12T17:01:01.648029
2026-12-19,BKK,arrival,00:15,HKG Hong Kong,CX617,Cathay Pacific,3h 5m,True,2026-02-12T17:01:01.744235
2026-12-19,BKK,arrival,00:20,NRT Tokyo,NH805,ANA,7h 25m,True,2026-02-12T17:01:01.830633
2026-12-19,BKK,arrival,00:25,HKG Hong Kong,HX779,Hong Kong Airlines,3h 20m,True,2026-02-12T17:01:01.911598
2026-12-19,BKK,arrival,00:30,PVG Shanghai,HO1351,Juneyao Airlines,4h 35m,True,2026-02-12T17:01:01.992991
2026-12-19,BKK,arrival,00:45,ICN Seoul,KE659,Korean Air,6h 10m,True,2026-02-12T17:01:02.077199
2026-12-19,BKK,arrival,00:45,XMN Xiamen,MF843,XiamenAir,3h 30m,True,2026-02-12T17:01:02.159804
2026-12-19,BKK,arrival,00:50,HAN Hanoi,ET609,Ethiopian,1h 30m,True,2026-02-12T17:01:02.298111
2026-12-19,BKK,arrival,00:50,PVG Shanghai,HO1357,Juneyao Airlines,4h 50m,True,2026-02-12T17:01:02.447430
2026-12-19,BKK,arrival,00:50,HKG Hong Kong,HX759,Hong Kong Airlines,3h 0m,True,2026-02-12T17:01:02.566384
2026-12-19,BKK,arrival,00:55,PVG Shanghai,MU547,China Eastern,4h 50m,True,2026-02-12T17:01:02.677106
2026-12-19,BKK,arrival,01:05,CAN Guangzhou,CZ3035,China Southern,3h 5m,True,2026-02-12T17:01:02.795910
2026-12-19,BKK,arrival,01:05,TAE Daegu,TW105,T´Way Air,5h 40m,True,2026-02-12T17:01:02.915161
2026-12-19,BKK,arrival,01:10,DAD Da Nang,EK371,Emirates,1h 40m,True,2026-02-12T17:01:03.030793
2026-12-19,BKK,arrival,01:20,XIY Xian,9C6251,Spring Airlines,4h 10m,True,2026-02-12T17:01:03.145437
2026-12-19,BKK,arrival,01:25,RGN Yangon,8M390,MAI,1h 20m,True,2026-02-12T17:01:03.263542
2026-12-19,BKK,arrival,01:25,TNA Jinan,SC8075,Shandong Airlines,4h 50m,True,2026-02-12T17:01:03.377321
2026-12-19,BKK,arrival,01:30,PVG Shanghai,CA805,Air China,4h 35m,True,2026-02-12T17:01:03.569459
2026-12-19,BKK,arrival,01:35,TPE Taipei,CI837,China Airlines,4h 5m,True,2026-02-12T17:01:03.670724
2026-12-19,BKK,arrival,01:40,HKG Hong Kong,HX767,Hong Kong Airlines,3h 0m,True,2026-02-12T17:01:03.835260
2026-12-19,BKK,arrival,01:50,MNL Manila,5J931,Cebu Pacific,3h 40m,True,2026-02-12T17:01:03.970512
2026-12-19,BKK,arrival,02:15,SZX Shenzhen,ZH305,Shenzhen Airlines,3h 0m,True,2026-02-12T17:01:04.088171
2026-12-19,BKK,arrival,02:55,ASB Ashgabat,T5641,Turkmenistan Airlines,6h 20m,True,2026-02-12T17:01:04.206266
2026-12-19,BKK,arrival,03:05,XIY Xian,GJ8907,Loong Air,4h 10m,True,2026-02-12T17:01:04.328123
2026-12-19,BKK,arrival,03:05,WUH Wuhan,MU2563,China Eastern,4h 10m,True,2026-02-12T17:01:04.445140
2026-12-19,BKK,arrival,03:15,BBI Bhubaneswar,6E1065,IndiGo,2h 40m,True,2026-02-12T17:01:04.555175
2026-12-19,BKK,arrival,04:05,PVG Shanghai,FM847,Shanghai Airlines,4h 50m,True,2026-02-12T17:01:04.671183
2026-12-19,BKK,arrival,04:15,IST Istanbul,TK58,Turkish Airlines,8h 50m,True,2026-02-12T17:01:04.788478
2026-12-19,BKK,arrival,04:50,PNQ Pune,6E1095,IndiGo,4h 10m,True,2026-02-12T17:01:04.896264
2026-12-19,BKK,arrival,05:00,KIX Osaka,JL727,JAL,6h 15m,True,2026-02-12T17:01:05.003775
2026-12-19,BKK,arrival,05:05,HND Tokyo,JL33,JAL,6h 55m,True,2026-02-12T17:01:05.113108
2026-12-19,BKK,arrival,05:05,BOM Mumbai,TG318,Thai Airways,4h 15m,True,2026-02-12T17:01:05.232708
2026-12-19,BKK,arrival,05:10,HND Tokyo,NH849,ANA,7h 5m,True,2026-02-12T17:01:05.337397
2026-12-19,BKK,arrival,05:10,KTM Kathmandu,TG310,Thai Airways,3h 30m,True,2026-02-12T17:01:05.445129
2026-12-19,BKK,arrival,05:20,IST Istanbul,TG901,Thai Airways,8h 50m,True,2026-02-12T17:01:05.556706
2026-12-19,BKK,arrival,05:25,HND Tokyo,TG661,Thai Airways,7h 5m,True,2026-02-12T17:01:05.668120
2026-12-19,BKK,arrival,05:30,DAC Dhaka,TG340,Thai Airways,2h 30m,True,2026-02-12T17:01:05.776823
2026-12-19,BKK,arrival,05:40,MEL Melbourne,TG462,Thai Airways,9h 10m,True,2026-02-12T17:01:05.883704
2026-12-19,BKK,arrival,05:45,ARN Stockholm,TG961,Thai Airways,10h 45m,True,2026-02-12T17:01:05.999684
2026-12-19,BKK,arrival,05:45,DEL Delhi,TG316,Thai Airways,3h 55m,True,2026-02-12T17:01:06.112914
2026-12-19,BKK,arrival,05:50,CCU Kolkata,TG314,Thai Airways,2h 25m,True,2026-02-12T17:01:06.226443
2026-12-19,BKK,arrival,05:55,AUH Abu Dhabi,EY408,Etihad,6h 5m,True,2026-02-12T17:01:06.331902
2026-12-19,BKK,arrival,05:55,MAA Chennai,TG338,Thai Airways,3h 25m,True,2026-02-12T17:01:06.447265
2026-12-19,BKK,arrival,05:55,MXP Milan,TG941,Thai Airways,10h 50m,True,2026-02-12T17:01:06.563233
2026-12-19,BKK,arrival,06:00,CDG Paris,TG931,Thai Airways,11h 30m,True,2026-02-12T17:01:06.676645
2026-12-19,BKK,arrival,06:10,HEL Helsinki,AY141,Finnair,11h 15m,True,2026-02-12T17:01:06.796445
2026-12-19,BKK,arrival,06:10,BRU Brussels,TG935,Thai Airways,11h 0m,True,2026-02-12T17:01:06.933324
2026-12-19,BKK,arrival,06:10,CMB Colombo,TG308,Thai Airways,3h 40m,True,2026-02-12T17:01:07.066915
2026-12-19,BKK,arrival,06:10,KHI Karachi,TG342,Thai Airways,4h 35m,True,2026-02-12T17:01:07.186445
2026-12-19,BKK,arrival,06:10,LHE Lahore,TG346,Thai Airways,4h 25m,True,2026-02-12T17:01:07.316456
2026-12-19,BKK,arrival,06:10,MUC Munich,TG925,Thai Airways,10h 35m,True,2026-02-12T17:01:07.432563
2026-12-19,BKK,arrival,06:10,ZRH Zurich,TG971,Thai Airways,10h 55m,True,2026-02-12T17:01:07.538474
2026-12-19,BKK,arrival,06:15,DOH Doha,QR830,Qatar Airways,6h 35m,True,2026-02-12T17:01:08.236752
2026-12-19,BKK,arrival,06:15,BLR Bengaluru,TG326,Thai Airways,3h 45m,True,2026-02-12T17:01:08.361893
2026-12-19,BKK,arrival,06:15,ISB Islamabad,TG350,Thai Airways,4h 45m,True,2026-02-12T17:01:08.462596
2026-12-19,BKK,arrival,06:15,LHR London,TG911,Thai Airways,11h 25m,True,2026-02-12T17:01:08.563509
2026-12-19,BKK,arrival,06:20,CPH Copenhagen,TG951,Thai Airways,10h 30m,True,2026-02-12T17:01:08.646862
2026-12-19,BKK,arrival,06:20,OSL Oslo,TG955,Thai Airways,11h 0m,True,2026-02-12T17:01:08.729451
2026-12-19,BKK,arrival,06:20,CMB Colombo,UL402,SriLankan Airlines,3h 35m,True,2026-02-12T17:01:08.809742
2026-12-19,BKK,arrival,06:25,FRA Frankfurt,TG921,Thai Airways,10h 40m,True,2026-02-12T17:01:08.893090
2026-12-19,BKK,arrival,06:30,HND Tokyo,NH877,ANA,7h 5m,True,2026-02-12T17:01:08.972807
2026-12-19,BKK,arrival,06:30,HYD Hyderabad,TG330,Thai Airways,3h 30m,True,2026-02-12T17:01:09.058427
2026-12-19,BKK,arrival,06:30,BOM Mumbai,VZ761,Vietjet Thailand,4h 15m,True,2026-02-12T17:01:09.142332
2026-12-19,BKK,arrival,06:40,DOH Doha,QR838,Qatar Airways,6h 35m,True,2026-02-12T17:01:09.227974
2026-12-19,BKK,arrival,06:45,MCT Muscat,WY817,Oman Air,5h 40m,True,2026-02-12T17:01:09.312030
2026-12-19,BKK,arrival,06:50,AMD Ahmedabad,TG344,Thai Airways,4h 15m,True,2026-02-12T17:01:09.403076
2026-12-19,BKK,arrival,06:55,RUN Saint Denis de la Reunion,UU887,Air Austral,7h 55m,True,2026-02-12T17:01:09.484143
2026-12-19,BKK,arrival,07:10,AUH Abu Dhabi,EY402,Etihad,6h 15m,True,2026-02-12T17:01:09.567116
2026-12-19,BKK,arrival,07:15,USM Koh Samui,PG100,Bangkok Airways,1h 15m,True,2026-02-12T17:01:09.651727
2026-12-19,BKK,arrival,07:30,CDG Paris,AF196,Air France,11h 10m,True,2026-02-12T17:01:09.746071
2026-12-19,BKK,arrival,07:35,DXB Dubai,EK374,Emirates,6h 0m,True,2026-02-12T17:01:09.829731
2026-12-19,BKK,arrival,07:40,DEL Delhi,AI2336,Air India,4h 30m,True,2026-02-12T17:01:09.913672
2026-12-19,BKK,arrival,07:45,DEL Delhi,TG336,Thai Airways,4h 0m,True,2026-02-12T17:01:09.998121
2026-12-19,BKK,arrival,07:55,NOU Noumea,SB500,Aircalin,10h 10m,True,2026-02-12T17:01:10.089611
2026-12-19,BKK,arrival,07:55,CNX Chiang Mai,VZ2105,Vietjet Thailand,1h 20m,True,2026-02-12T17:01:10.173998
2026-12-19,BKK,arrival,08:10,FCO Rome,AZ758,ITA Airways,11h 0m,True,2026-02-12T17:01:10.258479
2026-12-19,BKK,arrival,08:10,FRA Frankfurt,DE2364,Condor,11h 5m,True,2026-02-12T17:01:10.342976
2026-12-19,BKK,arrival,08:10,ARN Stockholm,N0191,Norse,11h 10m,True,2026-02-12T17:01:10.433880
2026-12-19,BKK,arrival,08:15,USM Koh Samui,PG102,Bangkok Airways,1h 15m,True,2026-02-12T17:01:10.521535
2026-12-19,BKK,arrival,08:15,SIN Singapore,TR608,Scoot,2h 35m,True,2026-02-12T17:01:10.606631
2026-12-19,BKK,arrival,08:20,CNX Chiang Mai,FD4101,Thai AirAsia,1h 15m,True,2026-02-12T17:01:10.693475
2026-12-19,BKK,arrival,08:25,SIN Singapore,SQ706,Singapore Airlines,2h 25m,True,2026-02-12T17:01:10.783142
2026-12-19,BKK,arrival,08:25,BOM Mumbai,TG352,Thai Airways,4h 15m,True,2026-02-12T17:01:10.869761
2026-12-19,BKK,arrival,08:30,MCT Muscat,OV463,Salam Air,6h 0m,True,2026-02-12T17:01:10.956475
2026-12-19,BKK,arrival,08:30,SVO Moscow,SU270,Aeroflot,9h 45m,True,2026-02-12T17:01:11.040854
2026-12-19,BKK,arrival,08:35,RGN Yangon,UB19,Myanmar National Airlines,1h 25m,True,2026-02-12T17:01:11.124744
2026-12-19,BKK,arrival,08:40,VTE Vientiane,QV441,Lao Airlines,1h 15m,True,2026-02-12T17:01:11.213721
2026-12-19,BKK,arrival,08:40,IST Istanbul,TK64,Turkish Airlines,8h 55m,True,2026-02-12T17:01:11.300613
2026-12-19,BKK,arrival,08:50,PEN Penang,TG426,Thai Airways,1h 45m,True,2026-02-12T17:01:11.393946
2026-12-19,BKK,arrival,08:55,ALA Almaty,KC931,Air Astana,6h 40m,True,2026-02-12T17:01:11.477200
2026-12-19,BKK,arrival,09:00,DEL Delhi,TG332,Thai Airways,4h 0m,True,2026-02-12T17:01:11.569741
2026-12-19,BKK,arrival,09:10,BLR Bengaluru,6E1055,IndiGo,3h 55m,True,2026-02-12T17:01:11.650499
2026-12-19,BKK,arrival,09:10,USM Koh Samui,PG104,Bangkok Airways,1h 15m,True,2026-02-12T17:01:11.737326
2026-12-19,BKK,arrival,09:15,CDG Paris,AF198,Air France,11h 10m,True,2026-02-12T17:01:11.820080
2026-12-19,BKK,arrival,09:15,NST Nakhon Si Thammarat,VZ331,Vietjet Thailand,1h 15m,True,2026-02-12T17:01:11.907891
2026-12-19,BKK,arrival,09:20,HKT Phuket,PG270,Bangkok Airways,1h 35m,True,2026-02-12T17:01:11.990758
2026-12-19,BKK,arrival,09:25,RGN Yangon,8M335,MAI,1h 20m,True,2026-02-12T17:01:12.075234
2026-12-19,BKK,arrival,09:25,KKC Khon Kaen,TG41,Thai Airways,1h 0m,True,2026-02-12T17:01:12.156801
2026-12-19,BKK,arrival,09:25,CNX Chiang Mai,VZ101,Vietjet Thailand,1h 20m,True,2026-02-12T17:01:12.245522
2026-12-19,BKK,arrival,09:35,MFM Macau,NX996,Air Macau,2h 55m,True,2026-02-12T17:01:12.328622
2026-12-19,BKK,arrival,09:35,SIN Singapore,TG402,Thai Airways,2h 20m,True,2026-02-12T17:01:12.414065
2026-12-19,BKK,arrival,09:35,UTH Udon Thani,TG3,Thai Airways,1h 5m,True,2026-02-12T17:01:12.499445
2026-12-19,BKK,arrival,09:40,HKG Hong Kong,TG603,Thai Airways,2h 45m,True,2026-02-12T17:01:12.589475
2026-12-19,BKK,arrival,09:45,HEL Helsinki,AY143,Finnair,11h 20m,True,2026-02-12T17:01:12.674048
2026-12-19,BKK,arrival,09:45,BAH Bahrain,GF152,Gulf Air,7h 0m,True,2026-02-12T17:01:12.757647
2026-12-19,BKK,arrival,09:45,USM Koh Samui,PG106,Bangkok Airways,1h 15m,True,2026-02-12T17:01:12.841605
2026-12-19,BKK,arrival,09:45,UBP Ubon Ratchathani,TG21,Thai Airways,1h 5m,True,2026-02-12T17:01:12.933718
2026-12-19,BKK,arrival,09:45,HKG Hong Kong,UA820,United,3h 0m,True,2026-02-12T17:01:13.015070
2026-12-19,BKK,arrival,09:45,KKC Khon Kaen,VZ211,Vietjet Thailand,1h 5m,True,2026-02-12T17:01:13.095831
2026-12-19,BKK,arrival,09:50,BOM Mumbai,6E1051,IndiGo,4h 25m,True,2026-02-12T17:01:13.176668
2026-12-19,BKK,arrival,09:50,VIE Vienna,BR62,EVA Air,9h 55m,True,2026-02-12T17:01:13.259557
2026-12-19,BKK,arrival,09:50,TPE Taipei,CI833,China Airlines,3h 50m,True,2026-02-12T17:01:13.339537
2026-12-19,BKK,arrival,09:50,UTH Udon Thani,FD4351,Thai AirAsia,1h 10m,True,2026-02-12T17:01:13.420728
2026-12-19,BKK,arrival,09:50,NNG Nanning,GX8909,GX Airlines,2h 20m,True,2026-02-12T17:01:13.501026
2026-12-19,BKK,arrival,09:55,HKG Hong Kong,UO704,HK Express,3h 5m,True,2026-02-12T17:01:13.591839
2026-12-19,BKK,arrival,09:55,CEI Chiang Rai,VZ131,Vietjet Thailand,1h 25m,True,2026-02-12T17:01:13.675916
2026-12-19,BKK,arrival,10:00,CEI Chiang Rai,FD4151,Thai AirAsia,1h 20m,True,2026-02-12T17:01:13.759424
2026-12-19,BKK,arrival,10:00,KBV Krabi,FD4403,Thai AirAsia,1h 25m,True,2026-02-12T17:01:13.840822
2026-12-19,BKK,arrival,10:00,HAK Haikou,HU7939,Hainan Airlines,2h 25m,True,2026-02-12T17:01:13.924815
2026-12-19,BKK,arrival,10:05,MNL Manila,5J929,Cebu Pacific,3h 40m,True,2026-02-12T17:01:14.009624
2026-12-19,BKK,arrival,10:05,AMS Amsterdam,KL843,KLM,11h 5m,True,2026-02-12T17:01:14.091780
2026-12-19,BKK,arrival,10:05,KWI Kuwait,KU411,Kuwait Airways,6h 40m,True,2026-02-12T17:01:14.175391
2026-12-19,BKK,arrival,10:10,CAN Guangzhou,CZ357,China Southern,3h 5m,True,2026-02-12T17:01:14.267731
2026-12-19,BKK,arrival,10:10,THS Sukhothai,PG212,Bangkok Airways,1h 20m,True,2026-02-12T17:01:14.352030
2026-12-19,BKK,arrival,10:15,KUL Kuala Lumpur,MH784,Malaysia Airlines,2h 15m,True,2026-02-12T17:01:14.434367
2026-12-19,BKK,arrival,10:15,SGN Ho Chi Minh City,VN601,Vietnam Airlines,1h 35m,True,2026-02-12T17:01:14.516601
2026-12-19,BKK,arrival,10:20,XIY Xian,9C6299,Spring Airlines,4h 10m,True,2026-02-12T17:01:14.598578
2026-12-19,BKK,arrival,10:20,HDY Hat Yai,TG260,Thai Airways,1h 35m,True,2026-02-12T17:01:14.682321
2026-12-19,BKK,arrival,10:25,HKT Phuket,VZ315,Vietjet Thailand,1h 30m,True,2026-02-12T17:01:14.765095
2026-12-19,BKK,arrival,10:25,KBV Krabi,VZ341,Vietjet Thailand,1h 25m,True,2026-02-12T17:01:14.848360
2026-12-19,BKK,arrival,10:30,MDL Mandalay,8M337,MAI,1h 50m,True,2026-02-12T17:01:14.934113
2026-12-19,BKK,arrival,10:30,KTI Phnom Penh,KR701,Cambodia Airways,1h 15m,True,2026-02-12T17:01:15.016069
2026-12-19,BKK,arrival,10:30,USM Koh Samui,PG108,Bangkok Airways,1h 30m,True,2026-02-12T17:01:15.097052
2026-12-19,BKK,arrival,10:35,CKG Chongqing,HU423,Hainan Airlines,3h 20m,True,2026-02-12T17:01:15.180959
2026-12-19,BKK,arrival,10:35,USM Koh Samui,PG122,Bangkok Airways,1h 15m,True,2026-02-12T17:01:15.263151
2026-12-19,BKK,arrival,10:35,TPE Taipei,TG637,Thai Airways,3h 55m,True,2026-02-12T17:01:15.346317
2026-12-19,BKK,arrival,10:40,HKG Hong Kong,CX705,Cathay Pacific,3h 10m,True,2026-02-12T17:01:15.428179
2026-12-19,BKK,arrival,10:40,TDX Trat,PG302,Bangkok Airways,1h 0m,True,2026-02-12T17:01:15.513147
2026-12-19,BKK,arrival,10:40,CPH Copenhagen,SK973,SAS,11h 0m,True,2026-02-12T17:01:15.596701
2026-12-19,BKK,arrival,10:40,HDY Hat Yai,VZ321,Vietjet Thailand,1h 30m,True,2026-02-12T17:01:15.693236
2026-12-19,BKK,arrival,10:45,PVG Shanghai,9C8891,Spring Airlines,4h 40m,True,2026-02-12T17:01:15.776437
2026-12-19,BKK,arrival,10:45,TPE Taipei,BR75,EVA Air,4h 5m,True,2026-02-12T17:01:15.858288
2026-12-19,BKK,arrival,10:45,URT Surat Thani,FD4213,Thai AirAsia,1h 15m,True,2026-02-12T17:01:15.942761
2026-12-19,BKK,arrival,10:45,ZRH Zurich,LX180,SWISS,10h 45m,True,2026-02-12T17:01:16.027368
2026-12-19,BKK,arrival,10:45,SGN Ho Chi Minh City,VJ801,VietJet,1h 30m,True,2026-02-12T17:01:16.110622
2026-12-19,BKK,arrival,10:50,KTI Phnom Penh,PG932,Bangkok Airways,1h 20m,True,2026-02-12T17:01:16.195203
2026-12-19,BKK,arrival,10:50,CNX Chiang Mai,TG103,Thai Airways,1h 25m,True,2026-02-12T17:01:16.281199
2026-12-19,BKK,arrival,10:50,KBV Krabi,TG242,Thai Airways,1h 25m,True,2026-02-12T17:01:16.365607
2026-12-19,BKK,arrival,10:50,SIN Singapore,TR606,Scoot,2h 30m,True,2026-02-12T17:01:16.450251
2026-12-19,BKK,arrival,10:55,SAI Siem Reap,TG589,Thai Airways,1h 5m,True,2026-02-12T17:01:16.531829
2026-12-19,BKK,arrival,10:55,CNX Chiang Mai,VZ115,Vietjet Thailand,1h 20m,True,2026-02-12T17:01:16.617173
2026-12-19,BKK,arrival,11:00,CAN Guangzhou,9C7419,Spring Airlines,3h 0m,True,2026-02-12T17:01:16.700819
2026-12-19,BKK,arrival,11:00,SIN Singapore,SQ708,Singapore Airlines,2h 45m,True,2026-02-12T17:01:16.785105
2026-12-19,BKK,arrival,11:05,KTI Phnom Penh,TG587,Thai Airways,1h 20m,True,2026-02-12T17:01:16.874838
2026-12-19,BKK,arrival,11:05,HKG Hong Kong,UO712,HK Express,3h 10m,True,2026-02-12T17:01:16.972530
2026-12-19,BKK,arrival,11:10,TPE Taipei,BR67,EVA Air,4h 5m,True,2026-02-12T17:01:17.056386
2026-12-19,BKK,arrival,11:10,SZX Shenzhen,ZH309,Shenzhen Airlines,3h 0m,True,2026-02-12T17:01:17.140561
2026-12-19,BKK,arrival,11:15,HKG Hong Kong,CX717,Cathay Pacific,3h 5m,True,2026-02-12T17:01:17.225158
2026-12-19,BKK,arrival,11:15,XMN Xiamen,MF853,XiamenAir,3h 35m,True,2026-02-12T17:01:17.311428
2026-12-19,BKK,arrival,11:15,USM Koh Samui,PG124,Bangkok Airways,1h 15m,True,2026-02-12T17:01:17.395451
2026-12-19,BKK,arrival,11:20,KBV Krabi,PG262,Bangkok Airways,1h 30m,True,2026-02-12T17:01:17.479540
2026-12-19,BKK,arrival,11:20,SAI Siem Reap,PG924,Bangkok Airways,1h 25m,True,2026-02-12T17:01:17.566322
2026-12-19,BKK,arrival,11:20,HKT Phuket,TG202,Thai Airways,1h 30m,True,2026-02-12T17:01:17.652185
2026-12-19,BKK,arrival,11:20,HAN Hanoi,VN611,Vietnam Airlines,2h 5m,True,2026-02-12T17:01:17.751954
2026-12-19,BKK,arrival,11:25,UTH Udon Thani,VZ201,Vietjet Thailand,1h 15m,True,2026-02-12T17:01:17.835447
2026-12-19,BKK,arrival,11:30,TPE Taipei,BR211,EVA Air,4h 5m,True,2026-02-12T17:01:17.923203
2026-12-19,BKK,arrival,11:35,HKT Phuket,FD4125,Thai AirAsia,1h 35m,True,2026-02-12T17:01:18.012057
2026-12-19,BKK,arrival,11:35,CNX Chiang Mai,PG216,Bangkok Airways,1h 25m,True,2026-02-12T17:01:18.099303
2026-12-19,BKK,arrival,11:40,SWA Jieyang,CZ8355,China Southern,3h 25m,True,2026-02-12T17:01:18.181900
2026-12-19,BKK,arrival,11:40,SVO Moscow,SU272,Aeroflot,9h 15m,True,2026-02-12T17:01:18.270510
2026-12-19,BKK,arrival,11:40,SGN Ho Chi Minh City,TG551,Thai Airways,1h 25m,True,2026-02-12T17:01:18.369699
2026-12-19,BKK,arrival,11:40,IST Istanbul,TK52,Turkish Airlines,9h 25m,True,2026-02-12T17:01:18.456466
2026-12-19,BKK,arrival,11:45,AUH Abu Dhabi,EY404,Etihad,6h 25m,True,2026-02-12T17:01:18.541882
2026-12-19,BKK,arrival,11:45,HGH Hangzhou,JD419,Capital Airlines,4h 15m,True,2026-02-12T17:01:18.632632
2026-12-19,BKK,arrival,11:45,CEI Chiang Rai,TG131,Thai Airways,1h 30m,True,2026-02-12T17:01:18.726297
2026-12-19,BKK,arrival,11:50,HKT Phuket,PG272,Bangkok Airways,1h 35m,True,2026-02-12T17:01:18.818839
2026-12-19,BKK,arrival,11:50,IKT Irkutsk,SU658,Aeroflot,6h 40m,True,2026-02-12T17:01:18.903484
2026-12-19,BKK,arrival,11:55,HKT Phuket,TG204,Thai Airways,1h 30m,True,2026-02-12T17:01:18.991509
2026-12-19,BKK,arrival,11:55,KTI Phnom Penh,VZ721,Vietjet Thailand,1h 20m,True,2026-02-12T17:01:19.078243
2026-12-19,BKK,arrival,12:05,MAA Chennai,6E1061,IndiGo,3h 40m,True,2026-02-12T17:01:19.163529
2026-12-19,BKK,arrival,12:05,HKG Hong Kong,CX615,Cathay Pacific,3h 10m,True,2026-02-12T17:01:19.251059
2026-12-19,BKK,arrival,12:05,DXB Dubai,EK384,Emirates,6h 0m,True,2026-02-12T17:01:19.337445
2026-12-19,BKK,arrival,12:05,HDY Hat Yai,FD4203,Thai AirAsia,1h 35m,True,2026-02-12T17:01:19.428173
2026-12-19,BKK,arrival,12:05,KTI Phnom Penh,K6722,Air Cambodia,1h 10m,True,2026-02-12T17:01:19.602864
2026-12-19,BKK,arrival,12:05,MNL Manila,PR730,PAL,3h 20m,True,2026-02-12T17:01:19.710712
2026-12-19,BKK,arrival,12:05,HKT Phuket,VZ301,Vietjet Thailand,1h 30m,True,2026-02-12T17:01:19.827646
2026-12-19,BKK,arrival,12:10,PVG Shanghai,TG663,Thai Airways,4h 55m,True,2026-02-12T17:01:19.934831
2026-12-19,BKK,arrival,12:15,DOH Doha,QR834,Qatar Airways,6h 35m,True,2026-02-12T17:01:20.048942
2026-12-19,BKK,arrival,12:20,PEK Beijing,HU429,Hainan Airlines,5h 5m,True,2026-02-12T17:01:20.159616
2026-12-19,BKK,arrival,12:20,PVG Shanghai,MU541,China Eastern,4h 45m,True,2026-02-12T17:01:20.272413
2026-12-19,BKK,arrival,12:20,VIE Vienna,OS5,Austrian,10h 5m,True,2026-02-12T17:01:20.380399
2026-12-19,BKK,arrival,12:25,HAN Hanoi,TG561,Thai Airways,1h 50m,True,2026-02-12T17:01:20.483495
2026-12-19,BKK,arrival,12:25,DAD Da Nang,VZ965,Vietjet Thailand,1h 45m,True,2026-02-12T17:01:20.592783
2026-12-19,BKK,arrival,12:30,TFU Chengdu,CA465,Air China,3h 40m,True,2026-02-12T17:01:20.757928
2026-12-19,BKK,arrival,12:30,ADD Addis Ababa,ET628,Ethiopian,8h 35m,True,2026-02-12T17:01:20.857139
2026-12-19,BKK,arrival,12:35,PVG Shanghai,9C7421,Spring Airlines,4h 45m,True,2026-02-12T17:01:21.033690
2026-12-19,BKK,arrival,12:35,TPE Taipei,BR201,EVA Air,3h 55m,True,2026-02-12T17:01:21.157672
2026-12-19,BKK,arrival,12:35,TPE Taipei,JX741,Starlux,4h 10m,True,2026-02-12T17:01:21.276528
2026-12-19,BKK,arrival,12:35,CMB Colombo,UL404,SriLankan Airlines,3h 35m,True,2026-02-12T17:01:21.387651
2026-12-19,BKK,arrival,12:40,BWN Bandar Seri Begawan,BI513,Royal Brunei Airlines,2h 45m,True,2026-02-12T17:01:21.500630
2026-12-19,BKK,arrival,12:40,URT Surat Thani,VZ351,Vietjet Thailand,1h 15m,True,2026-02-12T17:01:21.612377
2026-12-19,BKK,arrival,12:45,TFU Chengdu,9C7501,Spring Airlines,3h 10m,True,2026-02-12T17:01:21.727999
2026-12-19,BKK,arrival,12:55,CAN Guangzhou,CZ8099,China Southern,3h 15m,True,2026-02-12T17:01:21.842064
2026-12-19,BKK,arrival,12:55,DXB Dubai,EK376,Emirates,6h 5m,True,2026-02-12T17:01:21.954946
2026-12-19,BKK,arrival,12:55,KKC Khon Kaen,TG43,Thai Airways,1h 0m,True,2026-02-12T17:01:22.069616
2026-12-19,BKK,arrival,13:00,USM Koh Samui,PG130,Bangkok Airways,1h 15m,True,2026-02-12T17:01:22.184479
2026-12-19,BKK,arrival,13:00,SGN Ho Chi Minh City,VJ803,VietJet,1h 30m,True,2026-02-12T17:01:22.297944
2026-12-19,BKK,arrival,13:00,FUK Fukuoka,VZ811,Vietjet Thailand,6h 5m,True,2026-02-12T17:01:22.422093
2026-12-19,BKK,arrival,13:05,XIY Xian,9C6293,Spring Airlines,4h 20m,True,2026-02-12T17:01:22.532345
2026-12-19,BKK,arrival,13:05,TPE Taipei,CI831,China Airlines,4h 0m,True,2026-02-12T17:01:22.647438
2026-12-19,BKK,arrival,13:05,DOH Doha,QR836,Qatar Airways,6h 35m,True,2026-02-12T17:01:22.758682
2026-12-19,BKK,arrival,13:05,PQC Phu Quoc,VZ981,Vietjet Thailand,1h 5m,True,2026-02-12T17:01:22.873402
2026-12-19,BKK,arrival,13:10,KKC Khon Kaen,FD4502,Thai AirAsia,1h 10m,True,2026-02-12T17:01:22.985822
2026-12-19,BKK,arrival,13:10,CGK Jakarta,GA866,Garuda Indonesia,3h 25m,True,2026-02-12T17:01:23.099396
2026-12-19,BKK,arrival,13:10,SGN Ho Chi Minh City,VN605,Vietnam Airlines,1h 35m,True,2026-02-12T17:01:23.219793
2026-12-19,BKK,arrival,13:15,CNX Chiang Mai,VZ103,Vietjet Thailand,1h 20m,True,2026-02-12T17:01:23.336952
2026-12-19,BKK,arrival,13:20,BOM Mumbai,AI2354,Air India,4h 5m,True,2026-02-12T17:01:23.456384
2026-12-19,BKK,arrival,13:20,HKT Phuket,TG206,Thai Airways,1h 30m,True,2026-02-12T17:01:23.579554
2026-12-19,BKK,arrival,13:20,RGN Yangon,TG302,Thai Airways,1h 25m,True,2026-02-12T17:01:23.695524
2026-12-19,BKK,arrival,13:25,NGB Ningbo,9C7431,Spring Airlines,4h 35m,True,2026-02-12T17:01:23.809617
2026-12-19,BKK,arrival,13:25,ICN Seoul,KE657,Korean Air,6h 10m,True,2026-02-12T17:01:23.927058
2026-12-19,BKK,arrival,13:25,KUL Kuala Lumpur,MH788,Malaysia Airlines,2h 10m,True,2026-02-12T17:01:24.043656
2026-12-19,BKK,arrival,13:30,NBO Nairobi,KQ886,Kenya Airways,9h 31m,True,2026-02-12T17:01:24.165206
2026-12-19,BKK,arrival,13:30,MFM Macau,NX936,Air Macau,2h 55m,True,2026-02-12T17:01:24.280510
2026-12-19,BKK,arrival,13:30,USM Koh Samui,PG132,Bangkok Airways,1h 15m,True,2026-02-12T17:01:24.395144
2026-12-19,BKK,arrival,13:30,KJA Krasnojarsk,SU814,Aeroflot,6h 50m,True,2026-02-12T17:01:24.508878
2026-12-19,BKK,arrival,13:30,ICN Seoul,TG659,Thai Airways,5h 55m,True,2026-02-12T17:01:24.619932
2026-12-19,BKK,arrival,13:35,CNX Chiang Mai,PG224,Bangkok Airways,1h 25m,True,2026-02-12T17:01:24.718772
2026-12-19,BKK,arrival,13:35,CNX Chiang Mai,TG105,Thai Airways,1h 20m,True,2026-02-12T17:01:29.162641
2026-12-19,BKK,arrival,13:40,DAC Dhaka,BS217,US-Bangla Airlines,2h 40m,True,2026-02-12T17:01:29.253092
2026-12-19,BKK,arrival,13:40,PNQ Pune,IX242,Air India Express,4h 45m,True,2026-02-12T17:01:29.343787
2026-12-19,BKK,arrival,13:40,RUH Riyadh,SV846,Saudia,7h 0m,True,2026-02-12T17:01:29.427124
2026-12-19,BKK,arrival,13:40,SGN Ho Chi Minh City,VU131,Vietravel Airlines,1h 35m,True,2026-02-12T17:01:29.509677
2026-12-19,BKK,arrival,13:45,CNX Chiang Mai,FD4105,Thai AirAsia,1h 25m,True,2026-02-12T17:01:29.592162
2026-12-19,BKK,arrival,13:45,FRA Frankfurt,TG923,Thai Airways,10h 50m,True,2026-02-12T17:01:29.677543
2026-12-19,BKK,arrival,13:45,SIN Singapore,TG404,Thai Airways,2h 20m,True,2026-02-12T17:01:29.761814
2026-12-19,BKK,arrival,13:55,HKT Phuket,VZ305,Vietjet Thailand,1h 30m,True,2026-02-12T17:01:29.847352
2026-12-19,BKK,arrival,14:00,SWA Jieyang,9C6193,Spring Airlines,3h 20m,True,2026-02-12T17:01:29.929673
2026-12-19,BKK,arrival,14:00,NST Nakhon Si Thammarat,FD4232,Thai AirAsia,1h 25m,True,2026-02-12T17:01:30.011565
2026-12-19,BKK,arrival,14:00,UBP Ubon Ratchathani,VZ221,Vietjet Thailand,1h 15m,True,2026-02-12T17:01:30.094676
2026-12-19,BKK,arrival,14:05,HKG Hong Kong,CX653,Cathay Pacific,3h 5m,True,2026-02-12T17:01:30.179355
2026-12-19,BKK,arrival,14:05,HAN Hanoi,VJ901,VietJet,1h 50m,True,2026-02-12T17:01:30.261829
2026-12-19,BKK,arrival,14:10,KUL Kuala Lumpur,TG416,Thai Airways,2h 5m,True,2026-02-12T17:01:30.350867
2026-12-19,BKK,arrival,14:15,DEL Delhi,AI2355,Air India,4h 20m,True,2026-02-12T17:01:30.434473
2026-12-19,BKK,arrival,14:20,HKT Phuket,PG276,Bangkok Airways,1h 35m,True,2026-02-12T17:01:30.519894
2026-12-19,BKK,arrival,14:25,HKG Hong Kong,TG601,Thai Airways,2h 40m,True,2026-02-12T17:01:30.605636
2026-12-19,BKK,arrival,14:30,DEL Delhi,6E1053,IndiGo,4h 15m,True,2026-02-12T17:01:30.689826
2026-12-19,BKK,arrival,14:30,RGN Yangon,8M333,MAI,1h 20m,True,2026-02-12T17:01:30.779651
2026-12-19,BKK,arrival,14:30,CAN Guangzhou,CZ3081,China Southern,3h 5m,True,2026-02-12T17:01:30.864874
2026-12-19,BKK,arrival,14:35,SIN Singapore,SQ710,Singapore Airlines,2h 30m,True,2026-02-12T17:01:30.948162
2026-12-19,BKK,arrival,14:35,HDY Hat Yai,VZ325,Vietjet Thailand,1h 30m,True,2026-02-12T17:01:31.032237
2026-12-19,BKK,arrival,14:45,LJG Lijiang,DR5041,Ruili Airlines,2h 45m,True,2026-02-12T17:01:31.123981
2026-12-19,BKK,arrival,14:45,SAI Siem Reap,PG906,Bangkok Airways,1h 25m,True,2026-02-12T17:01:31.205806
2026-12-19,BKK,arrival,14:45,ICN Seoul,TG657,Thai Airways,5h 55m,True,2026-02-12T17:01:31.288755
2026-12-19,BKK,arrival,14:45,SGN Ho Chi Minh City,VJ807,VietJet,1h 30m,True,2026-02-12T17:01:31.378146
2026-12-19,BKK,arrival,14:45,HAN Hanoi,VN615,Vietnam Airlines,2h 5m,True,2026-02-12T17:01:31.463866
2026-12-19,BKK,arrival,14:50,PVG Shanghai,9C7279,Spring Airlines,4h 45m,True,2026-02-12T17:01:31.544844
2026-12-19,BKK,arrival,14:50,NKG Nanjing,JD619,Capital Airlines,4h 40m,True,2026-02-12T17:01:31.624053
2026-12-19,BKK,arrival,14:50,MUC Munich,LH772,Lufthansa,10h 30m,True,2026-02-12T17:01:31.706091
2026-12-19,BKK,arrival,14:55,HKG Hong Kong,HX775,Hong Kong Airlines,3h 10m,True,2026-02-12T17:01:31.792845
2026-12-19,BKK,arrival,14:55,KMG Kunming,MU741,China Eastern,2h 40m,True,2026-02-12T17:01:31.877155
2026-12-19,BKK,arrival,15:00,DAC Dhaka,BG388,Biman,2h 45m,True,2026-02-12T17:01:31.958568
2026-12-19,BKK,arrival,15:00,USM Koh Samui,PG136,Bangkok Airways,1h 15m,True,2026-02-12T17:01:32.042797
2026-12-19,BKK,arrival,15:00,DAD Da Nang,VZ961,Vietjet Thailand,1h 45m,True,2026-02-12T17:01:32.130124
2026-12-19,BKK,arrival,15:05,USM Koh Samui,PG142,Bangkok Airways,1h 15m,True,2026-02-12T17:01:32.219432
2026-12-19,BKK,arrival,15:05,VTE Vientiane,TG571,Thai Airways,1h 10m,True,2026-02-12T17:01:32.306936
2026-12-19,BKK,arrival,15:05,IST Istanbul,TK68,Turkish Airlines,9h 25m,True,2026-02-12T17:01:32.400889
2026-12-19,BKK,arrival,15:10,USM Koh Samui,PG140,Bangkok Airways,1h 15m,True,2026-02-12T17:01:32.497678
2026-12-19,BKK,arrival,15:10,USM Koh Samui,PG158,Bangkok Airways,1h 35m,True,2026-02-12T17:01:32.583226
2026-12-19,BKK,arrival,15:10,HKT Phuket,TG208,Thai Airways,1h 30m,True,2026-02-12T17:01:32.669497
2026-12-19,BKK,arrival,15:15,TDX Trat,PG306,Bangkok Airways,1h 0m,True,2026-02-12T17:01:32.757870
2026-12-19,BKK,arrival,15:15,NRT Tokyo,TG641,Thai Airways,7h 30m,True,2026-02-12T17:01:32.847291
2026-12-19,BKK,arrival,15:20,USM Koh Samui,PG144,Bangkok Airways,1h 15m,True,2026-02-12T17:01:32.937079
2026-12-19,BKK,arrival,15:20,UTH Udon Thani,TG5,Thai Airways,1h 10m,True,2026-02-12T17:01:33.020753
2026-12-19,BKK,arrival,15:25,CNX Chiang Mai,TG107,Thai Airways,1h 20m,True,2026-02-12T17:01:33.107232
2026-12-19,BKK,arrival,15:25,PER Perth,TG484,Thai Airways,7h 0m,True,2026-02-12T17:01:33.200535
2026-12-19,BKK,arrival,15:25,SYD Sydney,TG476,Thai Airways,9h 25m,True,2026-02-12T17:01:33.288176
2026-12-19,BKK,arrival,15:35,LYA Luoyang,UQ2641,Urumqi Airlines,4h 20m,True,2026-02-12T17:01:33.373248
2026-12-19,BKK,arrival,15:40,FUK Fukuoka,TG649,Thai Airways,6h 0m,True,2026-02-12T17:01:33.461908
2026-12-19,BKK,arrival,15:40,HND Tokyo,TG683,Thai Airways,7h 5m,True,2026-02-12T17:01:33.547668
2026-12-19,BKK,arrival,15:40,NGO Nagoya,TG645,Thai Airways,6h 40m,True,2026-02-12T17:01:33.639436
2026-12-19,BKK,arrival,15:40,HKG Hong Kong,UO700,HK Express,3h 10m,True,2026-02-12T17:01:33.728206
2026-12-19,BKK,arrival,15:40,CNX Chiang Mai,VZ111,Vietjet Thailand,1h 20m,True,2026-02-12T17:01:33.813846
2026-12-19,BKK,arrival,15:45,KWE Guiyang,AQ1207,9 Air,4h 0m,True,2026-02-12T17:01:33.912899
2026-12-19,BKK,arrival,15:45,KIX Osaka,TG623,Thai Airways,6h 45m,True,2026-02-12T17:01:33.999629
2026-12-19,BKK,arrival,15:45,MNL Manila,TG621,Thai Airways,3h 35m,True,2026-02-12T17:01:34.084507
2026-12-19,BKK,arrival,15:50,IKT Irkutsk,S76309,S7 Airlines,6h 5m,True,2026-02-12T17:01:34.172025
2026-12-19,BKK,arrival,15:50,CTS Sapporo,TG671,Thai Airways,7h 50m,True,2026-02-12T17:01:34.258262
2026-12-19,BKK,arrival,15:55,HKG Hong Kong,CX789,Cathay Pacific,3h 10m,True,2026-02-12T17:01:34.346259
2026-12-19,BKK,arrival,15:55,CNX Chiang Mai,FD4107,Thai AirAsia,1h 25m,True,2026-02-12T17:01:34.440477
2026-12-19,BKK,arrival,15:55,HKT Phuket,FD4111,Thai AirAsia,1h 35m,True,2026-02-12T17:01:34.525013
2026-12-19,BKK,arrival,15:55,PVG Shanghai,FM833,Shanghai Airlines,5h 10m,True,2026-02-12T17:01:34.618477
2026-12-19,BKK,arrival,15:55,CEI Chiang Rai,TG133,Thai Airways,1h 30m,True,2026-02-12T17:01:34.701560
2026-12-19,BKK,arrival,16:00,LHR London,BR68,EVA Air,11h 40m,True,2026-02-12T17:01:34.789749
2026-12-19,BKK,arrival,16:00,LPQ Luang Prabang,PG942,Bangkok Airways,2h 15m,True,2026-02-12T17:01:34.880022
2026-12-19,BKK,arrival,16:00,LHR London,TG917,Thai Airways,11h 25m,True,2026-02-12T17:01:34.966181
2026-12-19,BKK,arrival,16:00,SIN Singapore,TR636,Scoot,2h 35m,True,2026-02-12T17:01:35.050785
2026-12-19,BKK,arrival,16:05,CCU Kolkata,B3700,Bhutan Airlines,2h 40m,True,2026-02-12T17:01:35.136101
2026-12-19,BKK,arrival,16:05,LGW London,BA2231,British Airways,11h 50m,True,2026-02-12T17:01:35.221736
2026-12-19,BKK,arrival,16:05,KUL Kuala Lumpur,MH782,Malaysia Airlines,2h 15m,True,2026-02-12T17:01:35.315362
2026-12-19,BKK,arrival,16:05,USM Koh Samui,PG138,Bangkok Airways,1h 35m,True,2026-02-12T17:01:35.398461
2026-12-19,BKK,arrival,16:10,HYD Hyderabad,6E1067,IndiGo,3h 35m,True,2026-02-12T17:01:35.485130
2026-12-19,BKK,arrival,16:10,SYD Sydney,QF23,Qantas,9h 50m,True,2026-02-12T17:01:35.571436
2026-12-19,BKK,arrival,16:10,UTH Udon Thani,VZ205,Vietjet Thailand,1h 10m,True,2026-02-12T17:01:35.657137
2026-12-19,BKK,arrival,16:15,HDY Hat Yai,TG264,Thai Airways,1h 35m,True,2026-02-12T17:01:35.747247
2026-12-19,BKK,arrival,16:20,KTI Phnom Penh,K6724,Air Cambodia,1h 10m,True,2026-02-12T17:01:35.833366
2026-12-19,BKK,arrival,16:20,HND Tokyo,NH847,ANA,7h 15m,True,2026-02-12T17:01:35.923508
2026-12-19,BKK,arrival,16:20,NST Nakhon Si Thammarat,VZ335,Vietjet Thailand,1h 20m,True,2026-02-12T17:01:36.009569
2026-12-19,BKK,arrival,16:25,HND Tokyo,JL31,JAL,7h 0m,True,2026-02-12T17:01:36.093374
2026-12-19,BKK,arrival,16:30,HEL Helsinki,AY145,Finnair,11h 20m,True,2026-02-12T17:01:36.178277
2026-12-19,BKK,arrival,16:30,HGH Hangzhou,GJ8021,Loong Air,4h 35m,True,2026-02-12T17:01:36.260626
2026-12-19,BKK,arrival,16:30,TPE Taipei,JX745,Starlux,4h 5m,True,2026-02-12T17:01:36.343747
2026-12-19,BKK,arrival,16:30,DEL Delhi,TG324,Thai Airways,4h 0m,True,2026-02-12T17:01:36.432588
2026-12-19,BKK,arrival,16:35,XMN Xiamen,MF833,XiamenAir,3h 35m,True,2026-02-12T17:01:36.520813
2026-12-19,BKK,arrival,16:35,HKT Phuket,PG274,Bangkok Airways,1h 35m,True,2026-02-12T17:01:36.604961
2026-12-19,BKK,arrival,16:35,CGK Jakarta,TG434,Thai Airways,3h 30m,True,2026-02-12T17:01:36.690350
2026-12-19,BKK,arrival,16:35,KMG Kunming,TG613,Thai Airways,2h 15m,True,2026-02-12T17:01:36.791675
2026-12-19,BKK,arrival,16:40,TFU Chengdu,CA471,Air China,3h 20m,True,2026-02-12T17:01:36.879743
2026-12-19,BKK,arrival,16:40,HKG Hong Kong,CX751,Cathay Pacific,3h 10m,True,2026-02-12T17:01:36.966098
2026-12-19,BKK,arrival,16:40,CGK Jakarta,GA868,Garuda Indonesia,3h 45m,True,2026-02-12T17:01:37.055280
2026-12-19,BKK,arrival,16:40,KTI Phnom Penh,PG934,Bangkok Airways,1h 20m,True,2026-02-12T17:01:37.139357
2026-12-19,BKK,arrival,16:40,KKC Khon Kaen,TG45,Thai Airways,1h 0m,True,2026-02-12T17:01:37.221535
2026-12-19,BKK,arrival,16:45,TPE Taipei,CI835,China Airlines,3h 55m,True,2026-02-12T17:01:37.306694
2026-12-19,BKK,arrival,16:45,MNL Manila,PR736,PAL,3h 20m,True,2026-02-12T17:01:37.390387
2026-12-19,BKK,arrival,16:45,CNX Chiang Mai,TG111,Thai Airways,1h 20m,True,2026-02-12T17:01:37.476180
2026-12-19,BKK,arrival,16:45,CEI Chiang Rai,VZ133,Vietjet Thailand,1h 25m,True,2026-02-12T17:01:37.561599
2026-12-19,BKK,arrival,16:50,USM Koh Samui,PG146,Bangkok Airways,1h 15m,True,2026-02-12T17:01:37.646406
2026-12-19,BKK,arrival,16:50,USM Koh Samui,PG150,Bangkok Airways,1h 30m,True,2026-02-12T17:01:37.727215
2026-12-19,BKK,arrival,16:50,TPE Taipei,TG633,Thai Airways,3h 55m,True,2026-02-12T17:01:37.806485
2026-12-19,BKK,arrival,16:55,DEL Delhi,AI2332,Air India,4h 25m,True,2026-02-12T17:01:37.887277
2026-12-19,BKK,arrival,16:55,HKG Hong Kong,UO718,HK Express,3h 10m,True,2026-02-12T17:01:37.970582
2026-12-19,BKK,arrival,17:00,SIN Singapore,SQ712,Singapore Airlines,2h 35m,True,2026-02-12T17:01:38.052137
2026-12-19,BKK,arrival,17:05,CAN Guangzhou,CZ8023,China Southern,3h 10m,True,2026-02-12T17:01:38.145958
2026-12-19,BKK,arrival,17:05,USM Koh Samui,PG148,Bangkok Airways,1h 15m,True,2026-02-12T17:01:38.228627
2026-12-19,BKK,arrival,17:05,NRT Tokyo,TG643,Thai Airways,7h 20m,True,2026-02-12T17:01:38.308214
2026-12-19,BKK,arrival,17:05,CNX Chiang Mai,VZ107,Vietjet Thailand,1h 20m,True,2026-02-12T17:01:38.394398
2026-12-19,BKK,arrival,17:10,TAO Qingdao,QW917,Qingdao Airlines,5h 10m,True,2026-02-12T17:01:38.480851
2026-12-19,BKK,arrival,17:10,CAN Guangzhou,TG669,Thai Airways,3h 20m,True,2026-02-12T17:01:38.559616
2026-12-19,BKK,arrival,17:10,DAC Dhaka,TG322,Thai Airways,2h 30m,True,2026-02-12T17:01:38.638755
2026-12-19,BKK,arrival,17:15,TFU Chengdu,MU5035,China Eastern,3h 10m,True,2026-02-12T17:01:38.720761
2026-12-19,BKK,arrival,17:15,HKG Hong Kong,TG629,Thai Airways,2h 45m,True,2026-02-12T17:01:38.802686
2026-12-19,BKK,arrival,17:15,SIN Singapore,TG414,Thai Airways,2h 20m,True,2026-02-12T17:01:38.887785
2026-12-19,BKK,arrival,17:20,TFU Chengdu,3U3935,Sichuan Airlines,3h 15m,True,2026-02-12T17:01:38.973370
2026-12-19,BKK,arrival,17:20,TFU Chengdu,TG619,Thai Airways,3h 15m,True,2026-02-12T17:01:39.058519
2026-12-19,BKK,arrival,17:25,TAO Qingdao,QW9897,Qingdao Airlines,5h 5m,True,2026-02-12T17:01:39.147063
2026-12-19,BKK,arrival,17:25,SIN Singapore,TR610,Scoot,2h 25m,True,2026-02-12T17:01:39.232843
2026-12-19,BKK,arrival,17:25,HKT Phuket,VZ2301,Vietjet Thailand,1h 30m,True,2026-02-12T17:01:39.321730
2026-12-19,BKK,arrival,17:30,KBV Krabi,FD4401,Thai AirAsia,1h 25m,True,2026-02-12T17:01:39.412511
2026-12-19,BKK,arrival,17:35,KHH Kaohsiung,CI839,China Airlines,3h 50m,True,2026-02-12T17:01:39.526909
2026-12-19,BKK,arrival,17:35,HKT Phuket,TG212,Thai Airways,1h 30m,True,2026-02-12T17:01:39.614266
2026-12-19,BKK,arrival,17:40,KUL Kuala Lumpur,MH774,Malaysia Airlines,2h 20m,True,2026-02-12T17:01:39.696137
2026-12-19,BKK,arrival,17:40,HAN Hanoi,VJ903,VietJet,1h 50m,True,2026-02-12T17:01:39.866599
2026-12-19,BKK,arrival,17:45,USM Koh Samui,PG154,Bangkok Airways,1h 15m,True,2026-02-12T17:01:39.978066
2026-12-19,BKK,arrival,17:45,UBP Ubon Ratchathani,VZ225,Vietjet Thailand,1h 20m,True,2026-02-12T17:01:40.092983
2026-12-19,BKK,arrival,17:45,MCT Muscat,WY815,Oman Air,5h 40m,True,2026-02-12T17:01:40.203737
2026-12-19,BKK,arrival,17:50,NNG Nanning,9C7485,Spring Airlines,2h 30m,True,2026-02-12T17:01:40.317190
2026-12-19,BKK,arrival,17:50,CEI Chiang Rai,FD4153,Thai AirAsia,1h 25m,True,2026-02-12T17:01:40.432942
2026-12-19,BKK,arrival,17:50,PVG Shanghai,FM855,Shanghai Airlines,5h 5m,True,2026-02-12T17:01:40.542165
2026-12-19,BKK,arrival,17:55,CAN Guangzhou,CZ363,China Southern,3h 10m,True,2026-02-12T17:01:40.660366
2026-12-19,BKK,arrival,17:55,HKT Phuket,FD4113,Thai AirAsia,1h 35m,True,2026-02-12T17:01:40.903652
2026-12-19,BKK,arrival,17:55,HAN Hanoi,VN619,Vietnam Airlines,2h 5m,True,2026-02-12T17:01:41.009652
2026-12-19,BKK,arrival,17:55,KBV Krabi,VZ343,Vietjet Thailand,1h 25m,True,2026-02-12T17:01:41.114240
2026-12-19,BKK,arrival,18:00,AUH Abu Dhabi,EY406,Etihad,6h 15m,True,2026-02-12T17:01:41.244058
2026-12-19,BKK,arrival,18:05,PEK Beijing,CA959,Air China,5h 5m,True,2026-02-12T17:01:41.358629
2026-12-19,BKK,arrival,18:05,DXB Dubai,EK370,Emirates,6h 10m,True,2026-02-12T17:01:41.471125
2026-12-19,BKK,arrival,18:10,PQC Phu Quoc,VZ983,Vietjet Thailand,1h 20m,True,2026-02-12T17:01:41.588366
2026-12-19,BKK,arrival,18:10,TPE Taipei,VZ567,Vietjet Thailand,3h 55m,True,2026-02-12T17:01:41.707881
2026-12-19,BKK,arrival,18:15,RGN Yangon,8M331,MAI,1h 20m,True,2026-02-12T17:01:41.822832
2026-12-19,BKK,arrival,18:15,HKG Hong Kong,CX701,Cathay Pacific,3h 10m,True,2026-02-12T17:01:41.936465
2026-12-19,BKK,arrival,18:15,SZX Shenzhen,CZ8323,China Southern,3h 5m,True,2026-02-12T17:01:42.050776
2026-12-19,BKK,arrival,18:15,HAK Haikou,HU721,Hainan Airlines,2h 25m,True,2026-02-12T17:01:42.169584
2026-12-19,BKK,arrival,18:15,GAY Gaya,TG328,Thai Airways,3h 5m,True,2026-02-12T17:01:42.288397
2026-12-19,BKK,arrival,18:15,KTM Kathmandu,TG320,Thai Airways,3h 30m,True,2026-02-12T17:01:42.419751
2026-12-19,BKK,arrival,18:20,CKG Chongqing,3U3771,Sichuan Airlines,3h 30m,True,2026-02-12T17:01:42.536653
2026-12-19,BKK,arrival,18:20,USM Koh Samui,PG162,Bangkok Airways,1h 15m,True,2026-02-12T17:01:42.652317
2026-12-19,BKK,arrival,18:25,PVG Shanghai,FM839,Shanghai Airlines,4h 45m,True,2026-02-12T17:01:42.821780
2026-12-19,BKK,arrival,18:25,DOH Doha,QR828,Qatar Airways,6h 35m,True,2026-02-12T17:01:42.934958
2026-12-19,BKK,arrival,18:25,CNX Chiang Mai,TG113,Thai Airways,1h 20m,True,2026-02-12T17:01:43.054817
2026-12-19,BKK,arrival,18:30,KMG Kunming,KY8369,Kunming Airlines,2h 25m,True,2026-02-12T17:01:43.175704
2026-12-19,BKK,arrival,18:30,SGN Ho Chi Minh City,VN607,Vietnam Airlines,1h 25m,True,2026-02-12T17:01:43.294537
2026-12-19,BKK,arrival,18:30,SZX Shenzhen,ZH307,Shenzhen Airlines,3h 0m,True,2026-02-12T17:01:43.458259
2026-12-19,BKK,arrival,18:40,DXB Dubai,EK372,Emirates,6h 10m,True,2026-02-12T17:01:43.568755
2026-12-19,BKK,arrival,18:40,HKT Phuket,TG216,Thai Airways,1h 30m,True,2026-02-12T17:01:43.687257
2026-12-19,BKK,arrival,18:40,CNX Chiang Mai,VZ109,Vietjet Thailand,1h 20m,True,2026-02-12T17:01:43.804224
2026-12-19,BKK,arrival,18:45,TDX Trat,PG308,Bangkok Airways,1h 0m,True,2026-02-12T17:01:43.915731
2026-12-19,BKK,arrival,18:45,SIN Singapore,SQ714,Singapore Airlines,2h 35m,True,2026-02-12T17:01:44.025155
2026-12-19,BKK,arrival,18:50,THS Sukhothai,PG214,Bangkok Airways,1h 20m,True,2026-02-12T17:01:44.138215
2026-12-19,BKK,arrival,18:55,HKT Phuket,PG284,Bangkok Airways,1h 35m,True,2026-02-12T17:01:44.245922
2026-12-19,BKK,arrival,18:55,USM Koh Samui,PG164,Bangkok Airways,1h 15m,True,2026-02-12T17:01:44.362812
2026-12-19,BKK,arrival,19:00,UBP Ubon Ratchathani,TG29,Thai Airways,1h 5m,True,2026-02-12T17:01:44.469961
2026-12-19,BKK,arrival,19:00,HKG Hong Kong,UO702,HK Express,3h 5m,True,2026-02-12T17:01:44.584821
2026-12-19,BKK,arrival,19:00,HKT Phuket,VZ307,Vietjet Thailand,1h 30m,True,2026-02-12T17:01:45.234849
2026-12-19,BKK,arrival,19:05,USM Koh Samui,PG168,Bangkok Airways,1h 15m,True,2026-02-12T17:01:45.334859
2026-12-19,BKK,arrival,19:05,SGN Ho Chi Minh City,VJ805,VietJet,1h 30m,True,2026-02-12T17:01:45.438002
2026-12-19,BKK,arrival,19:15,SIN Singapore,TR616,Scoot,2h 40m,True,2026-02-12T17:01:45.527034
2026-12-19,BKK,arrival,19:20,BOM Mumbai,AI2337,Air India,4h 20m,True,2026-02-12T17:01:45.610456
2026-12-19,BKK,arrival,19:20,KUL Kuala Lumpur,MH780,Malaysia Airlines,2h 15m,True,2026-02-12T17:01:45.689547
2026-12-19,BKK,arrival,19:25,CNX Chiang Mai,FD4097,Thai AirAsia,1h 25m,True,2026-02-12T17:01:45.771678
2026-12-19,BKK,arrival,19:25,DOH Doha,QR826,Qatar Airways,6h 35m,True,2026-02-12T17:01:45.854962
2026-12-19,BKK,arrival,19:25,DPS Denpasar,TG432,Thai Airways,4h 15m,True,2026-02-12T17:01:45.938362
2026-12-19,BKK,arrival,19:30,MEL Melbourne,JQ29,Jetstar,9h 10m,True,2026-02-12T17:01:46.024713
2026-12-19,BKK,arrival,19:35,CNX Chiang Mai,FD4109,Thai AirAsia,1h 20m,True,2026-02-12T17:01:46.105840
2026-12-19,BKK,arrival,19:35,KMG Kunming,KY8367,Kunming Airlines,2h 25m,True,2026-02-12T17:01:46.190066
2026-12-19,BKK,arrival,19:40,USM Koh Samui,PG170,Bangkok Airways,1h 15m,True,2026-02-12T17:01:46.274988
2026-12-19,BKK,arrival,19:40,VTE Vientiane,QV445,Lao Airlines,1h 0m,True,2026-02-12T17:01:46.361309
2026-12-19,BKK,arrival,19:40,MEL Melbourne,TG466,Thai Airways,9h 10m,True,2026-02-12T17:01:46.447074
2026-12-19,BKK,arrival,19:40,UTH Udon Thani,VZ203,Vietjet Thailand,1h 10m,True,2026-02-12T17:01:46.531802
2026-12-19,BKK,arrival,19:45,USM Koh Samui,PG166,Bangkok Airways,1h 15m,True,2026-02-12T17:01:46.620835
2026-12-19,BKK,arrival,19:45,KHH Kaohsiung,TG631,Thai Airways,3h 30m,True,2026-02-12T17:01:46.706231
2026-12-19,BKK,arrival,19:50,DEL Delhi,6E1063,IndiGo,4h 10m,True,2026-02-12T17:01:46.795213
2026-12-19,BKK,arrival,19:50,RGN Yangon,8M350,MAI,1h 20m,True,2026-02-12T17:01:46.877947
2026-12-19,BKK,arrival,19:55,DAD Da Nang,VZ963,Vietjet Thailand,1h 45m,True,2026-02-12T17:01:46.958303
2026-12-19,BKK,arrival,20:00,HDY Hat Yai,FD4205,Thai AirAsia,1h 30m,True,2026-02-12T17:01:47.041631
2026-12-19,BKK,arrival,20:00,SIN Singapore,SQ720,Singapore Airlines,2h 25m,True,2026-02-12T17:01:47.129811
2026-12-19,BKK,arrival,20:00,URT Surat Thani,VZ353,Vietjet Thailand,1h 10m,True,2026-02-12T17:01:47.215448
2026-12-19,BKK,arrival,20:10,KMG Kunming,MU9613,China Eastern,2h 40m,True,2026-02-12T17:01:47.302933
2026-12-19,BKK,arrival,20:15,USM Koh Samui,PG160,Bangkok Airways,1h 35m,True,2026-02-12T17:01:47.387382
2026-12-19,BKK,arrival,20:15,USM Koh Samui,PG176,Bangkok Airways,1h 15m,True,2026-02-12T17:01:47.475046
2026-12-19,BKK,arrival,20:15,SGN Ho Chi Minh City,VN609,Vietnam Airlines,1h 35m,True,2026-02-12T17:01:47.559726
2026-12-19,BKK,arrival,20:15,KKC Khon Kaen,VZ215,Vietjet Thailand,1h 10m,True,2026-02-12T17:01:47.647807
2026-12-19,BKK,arrival,20:25,DEL Delhi,AI2304,Air India,4h 25m,True,2026-02-12T17:01:47.738650
2026-12-19,BKK,arrival,20:25,CEI Chiang Rai,TG137,Thai Airways,1h 30m,True,2026-02-12T17:01:47.829388
2026-12-19,BKK,arrival,20:35,SIN Singapore,TG408,Thai Airways,2h 20m,True,2026-02-12T17:01:47.917224
2026-12-19,BKK,arrival,20:40,TFU Chengdu,EU2867,Chengdu Airlines,3h 15m,True,2026-02-12T17:01:47.999595
2026-12-19,BKK,arrival,20:40,HKG Hong Kong,TG639,Thai Airways,2h 45m,True,2026-02-12T17:01:48.086072
2026-12-19,BKK,arrival,20:40,RGN Yangon,UB17,Myanmar National Airlines,1h 25m,True,2026-02-12T17:01:48.173119
2026-12-19,BKK,arrival,20:45,MEL Melbourne,AY146,Finnair,9h 10m,True,2026-02-12T17:01:48.260825
2026-12-19,BKK,arrival,20:45,USM Koh Samui,PG174,Bangkok Airways,1h 15m,True,2026-02-12T17:01:48.349500
2026-12-19,BKK,arrival,20:45,USM Koh Samui,PG184,Bangkok Airways,1h 35m,True,2026-02-12T17:01:48.436372
2026-12-19,BKK,arrival,20:45,KTI Phnom Penh,TK53,Turkish Airlines,1h 30m,True,2026-02-12T17:01:48.532713
2026-12-19,BKK,arrival,20:50,MFM Macau,NX992,Air Macau,2h 55m,True,2026-02-12T17:01:48.623175
2026-12-19,BKK,arrival,20:50,KTI Phnom Penh,PG936,Bangkok Airways,1h 20m,True,2026-02-12T17:01:48.709325
2026-12-19,BKK,arrival,20:50,SAI Siem Reap,PG908,Bangkok Airways,1h 25m,True,2026-02-12T17:01:48.799759
2026-12-19,BKK,arrival,20:55,FOC Fuzhou,9C7301,Spring Airlines,4h 10m,True,2026-02-12T17:01:48.889599
2026-12-19,BKK,arrival,20:55,ICN Seoul,TG653,Thai Airways,5h 55m,True,2026-02-12T17:01:48.976726
2026-12-19,BKK,arrival,20:55,RGN Yangon,TG304,Thai Airways,1h 25m,True,2026-02-12T17:01:49.065252
2026-12-19,BKK,arrival,21:00,HKG Hong Kong,HX765,Hong Kong Airlines,3h 0m,True,2026-02-12T17:01:49.154049
2026-12-19,BKK,arrival,21:00,HKT Phuket,TG218,Thai Airways,1h 35m,True,2026-02-12T17:01:49.247455
2026-12-19,BKK,arrival,21:00,SYD Sydney,TG472,Thai Airways,9h 25m,True,2026-02-12T17:01:49.333418
2026-12-19,BKK,arrival,21:00,HAN Hanoi,VN617,Vietnam Airlines,2h 5m,True,2026-02-12T17:01:49.418149
2026-12-19,BKK,arrival,21:05,BOM Mumbai,6E1059,IndiGo,4h 25m,True,2026-02-12T17:01:49.501725
2026-12-19,BKK,arrival,21:05,HKT Phuket,VZ2305,Vietjet Thailand,1h 30m,True,2026-02-12T17:01:49.590750
2026-12-19,BKK,arrival,21:10,UTH Udon Thani,FD4353,Thai AirAsia,1h 10m,True,2026-02-12T17:01:49.675396
2026-12-19,BKK,arrival,21:10,ICN Seoul,LJ1,Jin Air,6h 0m,True,2026-02-12T17:01:49.758426
2026-12-19,BKK,arrival,21:10,CNX Chiang Mai,PG220,Bangkok Airways,1h 25m,True,2026-02-12T17:01:49.843680
2026-12-19,BKK,arrival,21:10,USM Koh Samui,PG172,Bangkok Airways,1h 35m,True,2026-02-12T17:01:49.943973
2026-12-19,BKK,arrival,21:15,PVG Shanghai,TG665,Thai Airways,4h 55m,True,2026-02-12T17:01:50.030738
2026-12-19,BKK,arrival,21:20,ICN Seoul,BX727,Air Busan,6h 30m,True,2026-02-12T17:01:50.115109
2026-12-19,BKK,arrival,21:20,PEK Beijing,TG615,Thai Airways,5h 15m,True,2026-02-12T17:01:50.201059
2026-12-19,BKK,arrival,21:20,KTI Phnom Penh,VZ723,Vietjet Thailand,1h 25m,True,2026-02-12T17:01:50.284863
2026-12-19,BKK,arrival,21:25,HKT Phuket,PG278,Bangkok Airways,1h 35m,True,2026-02-12T17:01:50.372688
2026-12-19,BKK,arrival,21:25,USM Koh Samui,PG190,Bangkok Airways,1h 30m,True,2026-02-12T17:01:50.460885
2026-12-19,BKK,arrival,21:25,CEI Chiang Rai,VZ135,Vietjet Thailand,1h 25m,True,2026-02-12T17:01:50.550965
2026-12-19,BKK,arrival,21:30,ICN Seoul,KE651,Korean Air,6h 10m,True,2026-02-12T17:01:50.648351
2026-12-19,BKK,arrival,21:35,USM Koh Samui,PG188,Bangkok Airways,1h 15m,True,2026-02-12T17:01:50.732973
2026-12-19,BKK,arrival,21:35,SGN Ho Chi Minh City,TG557,Thai Airways,1h 25m,True,2026-02-12T17:01:50.823281
2026-12-19,BKK,arrival,21:40,VTE Vientiane,TG575,Thai Airways,1h 10m,True,2026-02-12T17:01:50.911609
2026-12-19,BKK,arrival,21:45,PUS Busan,BX725,Air Busan,5h 45m,True,2026-02-12T17:01:50.998108
2026-12-19,BKK,arrival,21:45,KBV Krabi,TG250,Thai Airways,1h 25m,True,2026-02-12T17:01:51.087086
2026-12-19,BKK,arrival,21:45,TPE Taipei,TG635,Thai Airways,3h 55m,True,2026-02-12T17:01:51.172786
2026-12-19,BKK,arrival,21:50,GAY Gaya,KB122,Drukair,3h 20m,True,2026-02-12T17:01:51.259484
2026-12-19,BKK,arrival,21:50,USM Koh Samui,PG186,Bangkok Airways,1h 15m,True,2026-02-12T17:01:51.349442
2026-12-19,BKK,arrival,21:50,MNL Manila,PR732,PAL,3h 30m,True,2026-02-12T17:01:51.435874
2026-12-19,BKK,arrival,21:55,HKT Phuket,FD4115,Thai AirAsia,1h 25m,True,2026-02-12T17:01:51.518269
2026-12-19,BKK,arrival,21:55,KBV Krabi,FD4409,Thai AirAsia,1h 25m,True,2026-02-12T17:01:51.606413
2026-12-19,BKK,arrival,22:00,ICN Seoul,OZ741,Asiana,5h 55m,True,2026-02-12T17:01:51.691977
2026-12-19,BKK,arrival,22:00,KIX Osaka,TG673,Thai Airways,6h 35m,True,2026-02-12T17:01:51.777108
2026-12-19,BKK,arrival,22:00,MNL Manila,TG625,Thai Airways,3h 15m,True,2026-02-12T17:01:51.858350
2026-12-19,BKK,arrival,22:00,UTH Udon Thani,TG9,Thai Airways,1h 10m,True,2026-02-12T17:01:51.946163
2026-12-19,BKK,arrival,22:00,CNX Chiang Mai,VZ2107,Vietjet Thailand,1h 20m,True,2026-02-12T17:01:52.032987
2026-12-19,BKK,arrival,22:05,CRK Angeles,5J943,Cebu Pacific,3h 30m,True,2026-02-12T17:01:52.118150
2026-12-19,BKK,arrival,22:05,KKC Khon Kaen,FD4504,Thai AirAsia,1h 15m,True,2026-02-12T17:01:52.204847
2026-12-19,BKK,arrival,22:05,ICN Seoul,TW101,T´Way Air,6h 5m,True,2026-02-12T17:01:52.288768
2026-12-19,BKK,arrival,22:10,KKC Khon Kaen,TG47,Thai Airways,1h 0m,True,2026-02-12T17:01:52.377117
2026-12-19,BKK,arrival,22:10,KUL Kuala Lumpur,TG418,Thai Airways,2h 5m,True,2026-02-12T17:01:52.465364
2026-12-19,BKK,arrival,22:10,SIN Singapore,TR614,Scoot,2h 45m,True,2026-02-12T17:01:52.547576
2026-12-19,BKK,arrival,22:10,KBV Krabi,VZ345,Vietjet Thailand,1h 25m,True,2026-02-12T17:01:52.637059
2026-12-19,BKK,arrival,22:15,DPS Denpasar,TG440,Thai Airways,4h 15m,True,2026-02-12T17:01:52.725786
2026-12-19,BKK,arrival,22:15,HAN Hanoi,TG565,Thai Airways,1h 50m,True,2026-02-12T17:01:52.820604
2026-12-19,BKK,arrival,22:15,HDY Hat Yai,TG268,Thai Airways,1h 35m,True,2026-02-12T17:01:52.907090
2026-12-19,BKK,arrival,22:15,HKT Phuket,TG222,Thai Airways,1h 35m,True,2026-02-12T17:01:52.995181
2026-12-19,BKK,arrival,22:15,KTI Phnom Penh,TG585,Thai Airways,1h 20m,True,2026-02-12T17:01:53.081406
2026-12-19,BKK,arrival,22:20,USM Koh Samui,PG178,Bangkok Airways,1h 35m,True,2026-02-12T17:01:53.171049
2026-12-19,BKK,arrival,22:20,USM Koh Samui,PG196,Bangkok Airways,1h 30m,True,2026-02-12T17:01:53.259415
2026-12-19,BKK,arrival,22:20,SIN Singapore,TG410,Thai Airways,2h 20m,True,2026-02-12T17:01:53.349630
2026-12-19,BKK,arrival,22:25,PVG Shanghai,FM853,Shanghai Airlines,4h 25m,True,2026-02-12T17:01:53.439792
2026-12-19,BKK,arrival,22:25,CNX Chiang Mai,TG121,Thai Airways,1h 20m,True,2026-02-12T17:01:53.525264
2026-12-19,BKK,arrival,22:30,CAN Guangzhou,CZ361,China Southern,3h 10m,True,2026-02-12T17:01:53.619438
2026-12-19,BKK,arrival,22:30,USM Koh Samui,PG192,Bangkok Airways,1h 30m,True,2026-02-12T17:01:53.711531
2026-12-19,BKK,arrival,22:30,NRT Tokyo,TG677,Thai Airways,7h 0m,True,2026-02-12T17:01:53.795717
2026-12-19,BKK,arrival,22:35,RGN Yangon,8M372,MAI,1h 20m,True,2026-02-12T17:01:53.882031
2026-12-19,BKK,arrival,22:35,KMG Kunming,MU9621,China Eastern,2h 30m,True,2026-02-12T17:01:53.965441
2026-12-19,BKK,arrival,22:35,CGK Jakarta,TG436,Thai Airways,3h 30m,True,2026-02-12T17:01:54.053647
2026-12-19,BKK,arrival,22:40,PUS Busan,LJ21,Jin Air,5h 35m,True,2026-02-12T17:01:54.140708
2026-12-19,BKK,arrival,22:45,USM Koh Samui,PG180,Bangkok Airways,1h 35m,True,2026-02-12T17:01:54.243961
2026-12-19,BKK,arrival,22:55,HKT Phuket,VZ309,Vietjet Thailand,1h 35m,True,2026-02-12T17:01:54.330233
2026-12-19,BKK,arrival,23:00,PEK Beijing,HU7995,Hainan Airlines,5h 0m,True,2026-02-12T17:01:54.415231
2026-12-19,BKK,arrival,23:10,KUL Kuala Lumpur,MH796,Malaysia Airlines,2h 10m,True,2026-02-12T17:01:54.503770
2026-12-19,BKK,arrival,23:15,HKG Hong Kong,EK385,Emirates,3h 15m,True,2026-02-12T17:01:54.589683
2026-12-19,BKK,arrival,23:15,HKG Hong Kong,HB295,Greater Bay Airlines,3h 0m,True,2026-02-12T17:01:54.674275
2026-12-19,BKK,arrival,23:20,JJN Jinjiang,AQ1435,9 Air,4h 20m,True,2026-02-12T17:01:54.754700
2026-12-19,BKK,arrival,23:20,AUH Abu Dhabi,EY400,Etihad,6h 5m,True,2026-02-12T17:01:54.839642
2026-12-19,BKK,arrival,23:20,ICN Seoul,KE653,Korean Air,6h 15m,True,2026-02-12T17:01:54.925922
2026-12-19,BKK,arrival,23:20,HDY Hat Yai,VZ329,Vietjet Thailand,1h 30m,True,2026-02-12T17:01:55.015919
2026-12-19,BKK,arrival,23:25,HKT Phuket,PG280,Bangkok Airways,1h 35m,True,2026-02-12T17:01:55.102784
2026-12-19,BKK,arrival,23:30,CKG Chongqing,OQ2361,Chongqing Airlines,3h 15m,True,2026-02-12T17:01:55.187565
2026-12-19,BKK,arrival,23:30,KBV Krabi,PG264,Bangkok Airways,1h 30m,True,2026-02-12T17:01:55.270659
2026-12-19,BKK,arrival,23:35,NRT Tokyo,JL707,JAL,7h 10m,True,2026-02-12T17:01:55.350613
2026-12-19,BKK,arrival,23:35,CAN Guangzhou,KQ887,Kenya Airways,2h 55m,True,2026-02-12T17:01:55.429434
2026-12-19,BKK,arrival,23:40,TPE Taipei,BR205,EVA Air,3h 55m,True,2026-02-12T17:01:55.510591
2026-12-19,BKK,arrival,23:45,HKT Phuket,FD4420,Thai AirAsia,1h 25m,True,2026-02-12T17:01:55.611097
2026-12-19,BKK,arrival,23:50,PUS Busan,7C2551,Jeju Air,5h 50m,True,2026-02-12T17:01:55.699296
2026-12-19,BKK,arrival,23:50,CNX Chiang Mai,VZ119,Vietjet Thailand,1h 20m,True,2026-02-12T17:01:55.781195
2026-12-19,BKK,arrival,23:55,KIX Osaka,MM91,Peach Aviation,6h 25m,True,2026-02-12T17:01:55.864551
