date,airport,direction,time,destination,flight,airline,duration,page_date_verified,scraped_at
2026-04-30,BKK,departure,00:01,PER Perth,TG483,Thai Airways,6h 44m,True,2026-02-11T02:48:49.218284
2026-04-30,BKK,departure,00:05,BRU Brussels,TG934,Thai Airways,12h 10m,True,2026-02-11T02:48:49.477148
2026-04-30,BKK,departure,00:05,CDG Paris,TG930,Thai Airways,12h 5m,True,2026-02-11T02:48:49.709975
2026-04-30,BKK,departure,00:05,NGO Nagoya,TG644,Thai Airways,5h 55m,True,2026-02-11T02:48:49.931079
2026-04-30,BKK,departure,00:05,OSL Oslo,TG954,Thai Airways,12h 20m,True,2026-02-11T02:48:50.167189
2026-04-30,BKK,departure,00:05,ARN Stockholm,TG960,Thai Airways,12h 20m,True,2026-02-11T02:48:50.419497
2026-04-30,BKK,departure,00:05,ICN Seoul,TW102,T´Way Air,5h 35m,True,2026-02-11T02:48:50.658281
2026-04-30,BKK,departure,00:15,KIX Osaka,VZ820,Vietjet Thailand,5h 40m,True,2026-02-11T02:48:50.883428
2026-04-30,BKK,departure,00:25,KIX Osaka,JL728,JAL,5h 25m,True,2026-02-11T02:48:51.108869
2026-04-30,BKK,departure,00:30,CKG Chongqing,OQ2362,Chongqing Airlines,3h 30m,True,2026-02-11T02:48:51.342450
2026-04-30,BKK,departure,00:30,LHR London,TG910,Thai Airways,12h 45m,True,2026-02-11T02:48:51.566032
2026-04-30,BKK,departure,00:30,PVG Shanghai,TG662,Thai Airways,4h 15m,True,2026-02-11T02:48:51.800078
2026-04-30,BKK,departure,00:30,FUK Fukuoka,VZ810,Vietjet Thailand,5h 25m,True,2026-02-11T02:48:52.066321
2026-04-30,BKK,departure,00:40,PEK Beijing,HU7996,Hainan Airlines,5h 0m,True,2026-02-11T02:48:52.289747
2026-04-30,BKK,departure,00:40,FUK Fukuoka,TG648,Thai Airways,5h 20m,True,2026-02-11T02:48:52.518388
2026-04-30,BKK,departure,00:40,MXP Milan,TG940,Thai Airways,11h 55m,True,2026-02-11T02:48:52.759867
2026-04-30,BKK,departure,00:50,MUC Munich,TG924,Thai Airways,11h 15m,True,2026-02-11T02:48:53.006495
2026-04-30,BKK,departure,00:50,PUS Busan,7C2552,Jeju Air,5h 40m,True,2026-02-11T02:48:53.258333
2026-04-30,BKK,departure,00:50,CPH Copenhagen,TG950,Thai Airways,11h 50m,True,2026-02-11T02:48:53.513175
2026-04-30,BKK,departure,01:05,ZRH Zurich,TG970,Thai Airways,11h 45m,True,2026-02-11T02:48:53.753415
2026-04-30,BKK,departure,01:10,PNQ Pune,6E1096,IndiGo,4h 5m,True,2026-02-11T02:48:54.005491
2026-04-30,BKK,departure,01:10,ICN Seoul,7C2504,Jeju Air,5h 45m,True,2026-02-11T02:48:54.213461
2026-04-30,BKK,departure,01:15,PVG Shanghai,9C8756,Spring Airlines,4h 25m,True,2026-02-11T02:48:54.423331
2026-04-30,BKK,departure,01:15,TFU Chengdu,3U3938,Sichuan Airlines,3h 5m,True,2026-02-11T02:48:54.633451
2026-04-30,BKK,departure,01:15,DXB Dubai,EK385,Emirates,6h 30m,True,2026-02-11T02:48:54.849885
2026-04-30,BKK,departure,01:15,KIX Osaka,MM92,Peach Aviation,6h 5m,True,2026-02-11T02:48:55.068622
2026-04-30,BKK,departure,01:20,ICN Seoul,OZ742,Asiana,5h 25m,True,2026-02-11T02:48:55.276737
2026-04-30,BKK,departure,01:30,PEK Beijing,CA980,Air China,4h 40m,True,2026-02-11T02:48:55.475490
2026-04-30,BKK,departure,01:30,HKG Hong Kong,HB296,Greater Bay Airlines,3h 0m,True,2026-02-11T02:48:55.864400
2026-04-30,BKK,departure,01:30,PVG Shanghai,HO1352,Juneyao Airlines,4h 15m,True,2026-02-11T02:48:56.158172
2026-04-30,BKK,departure,01:35,TPE Taipei,BR206,EVA Air,3h 45m,True,2026-02-11T02:48:56.422167
2026-04-30,BKK,departure,01:45,DOH Doha,QR837,Qatar Airways,6h 55m,True,2026-02-11T02:48:56.716799
2026-04-30,BKK,departure,01:50,XMN Xiamen,MF844,XiamenAir,3h 25m,True,2026-02-11T02:48:56.989911
2026-04-30,BKK,departure,01:50,HKG Hong Kong,HX760,Hong Kong Airlines,3h 0m,True,2026-02-11T02:48:57.301857
2026-04-30,BKK,departure,01:50,JED Jeddah,SV849,Saudia,8h 10m,True,2026-02-11T02:48:57.659464
2026-04-30,BKK,departure,01:55,HKG Hong Kong,HX780,Hong Kong Airlines,3h 0m,True,2026-02-11T02:48:57.949681
2026-04-30,BKK,departure,01:55,TPE Taipei,VZ566,Vietjet Thailand,3h 50m,True,2026-02-11T02:48:58.230082
2026-04-30,BKK,departure,01:55,ADD Addis Ababa,ET609,Ethiopian,8h 40m,True,2026-02-11T02:48:58.520941
2026-04-30,BKK,departure,02:05,TAE Daegu,TW106,T´Way Air,5h 35m,True,2026-02-11T02:48:58.804691
2026-04-30,BKK,departure,02:05,DOH Doha,QR827,Qatar Airways,6h 55m,True,2026-02-11T02:48:59.116862
2026-04-30,BKK,departure,02:10,NKG Nanjing,MU2804,China Eastern,4h 0m,True,2026-02-11T02:48:59.445116
2026-04-30,BKK,departure,02:10,PVG Shanghai,MU548,China Eastern,4h 25m,True,2026-02-11T02:48:59.768010
2026-04-30,BKK,departure,02:15,DXB Dubai,EK377,Emirates,6h 45m,True,2026-02-11T02:49:00.092089
2026-04-30,BKK,departure,02:25,RGN Yangon,8M391,MAI,1h 20m,True,2026-02-11T02:49:00.434664
2026-04-30,BKK,departure,02:25,ICN Seoul,VZ850,Vietjet Thailand,5h 35m,True,2026-02-11T02:49:00.973275
2026-04-30,BKK,departure,02:25,TNA Jinan,SC8076,Shandong Airlines,4h 45m,True,2026-02-11T02:49:01.525002
2026-04-30,BKK,departure,02:40,TPE Taipei,CI838,China Airlines,3h 45m,True,2026-02-11T02:49:01.908214
2026-04-30,BKK,departure,02:40,HKG Hong Kong,HX768,Hong Kong Airlines,3h 20m,True,2026-02-11T02:49:02.251403
2026-04-30,BKK,departure,02:50,XIY Xian,9C6252,Spring Airlines,3h 45m,True,2026-02-11T02:49:02.577661
2026-04-30,BKK,departure,03:00,CAN Guangzhou,MU2078,China Eastern,3h 50m,True,2026-02-11T02:49:02.919837
2026-04-30,BKK,departure,03:00,CAN Guangzhou,CZ3036,China Southern,2h 55m,True,2026-02-11T02:49:03.306595
2026-04-30,BKK,departure,03:15,SZX Shenzhen,ZH306,Shenzhen Airlines,2h 55m,True,2026-02-11T02:49:03.685034
2026-04-30,BKK,departure,03:15,DXB Dubai,EK371,Emirates,6h 35m,True,2026-02-11T02:49:04.107280
2026-04-30,BKK,departure,03:15,AUH Abu Dhabi,EY401,Etihad,6h 30m,True,2026-02-11T02:49:04.458217
2026-04-30,BKK,departure,03:25,MNL Manila,5J932,Cebu Pacific,3h 45m,True,2026-02-11T02:49:04.798257
2026-04-30,BKK,departure,03:50,DEL Delhi,SG88,SpiceJet,4h 25m,True,2026-02-11T02:49:05.135714
2026-04-30,BKK,departure,04:05,XIY Xian,GJ8908,Loong Air,3h 35m,True,2026-02-11T02:49:05.477886
2026-04-30,BKK,departure,04:20,WUH Wuhan,MU2564,China Eastern,3h 20m,True,2026-02-11T02:49:05.757589
2026-04-30,BKK,departure,05:05,PVG Shanghai,FM848,Shanghai Airlines,4h 30m,True,2026-02-11T02:49:06.013729
2026-04-30,BKK,departure,06:00,PBH Paro,KB153,Drukair,3h 15m,True,2026-02-11T02:49:06.270813
2026-04-30,BKK,departure,06:00,KUL Kuala Lumpur,MH797,Malaysia Airlines,2h 10m,True,2026-02-11T02:49:06.558113
2026-04-30,BKK,departure,06:05,USM Koh Samui,PG101,Bangkok Airways,1h 5m,True,2026-02-11T02:49:06.881405
2026-04-30,BKK,departure,06:10,CNX Chiang Mai,VZ100,Vietjet Thailand,1h 20m,True,2026-02-11T02:49:07.218425
2026-04-30,BKK,departure,06:10,NST Nakhon Si Thammarat,VZ330,Vietjet Thailand,1h 20m,True,2026-02-11T02:49:07.545910
2026-04-30,BKK,departure,06:25,USM Koh Samui,PG103,Bangkok Airways,1h 5m,True,2026-02-11T02:49:07.901012
2026-04-30,BKK,departure,06:30,CEI Chiang Rai,VZ130,Vietjet Thailand,1h 25m,True,2026-02-11T02:49:08.216373
2026-04-30,BKK,departure,06:30,USM Koh Samui,PG105,Bangkok Airways,1h 5m,True,2026-02-11T02:49:08.494005
2026-04-30,BKK,departure,06:30,CCU Kolkata,B3701,Bhutan Airlines,2h 45m,True,2026-02-11T02:49:08.812209
2026-04-30,BKK,departure,06:40,CEI Chiang Rai,FD4150,Thai AirAsia,1h 25m,True,2026-02-11T02:49:09.118407
2026-04-30,BKK,departure,06:40,USM Koh Samui,PG109,Bangkok Airways,1h 5m,True,2026-02-11T02:49:09.460710
2026-04-30,BKK,departure,06:40,IST Istanbul,TK59,Turkish Airlines,10h 0m,True,2026-02-11T02:49:09.813235
2026-04-30,BKK,departure,07:00,THS Sukhothai,PG211,Bangkok Airways,1h 20m,True,2026-02-11T02:49:10.158474
2026-04-30,BKK,departure,07:00,HDY Hat Yai,TG259,Thai Airways,1h 25m,True,2026-02-11T02:49:10.519040
2026-04-30,BKK,departure,07:00,KKC Khon Kaen,TG40,Thai Airways,1h 0m,True,2026-02-11T02:49:10.806908
2026-04-30,BKK,departure,07:00,UTH Udon Thani,TG2,Thai Airways,1h 10m,True,2026-02-11T02:49:11.094367
2026-04-30,BKK,departure,07:00,HKT Phuket,VZ314,Vietjet Thailand,1h 30m,True,2026-02-11T02:49:11.468378
2026-04-30,BKK,departure,07:00,KBV Krabi,VZ340,Vietjet Thailand,1h 25m,True,2026-02-11T02:49:11.823443
2026-04-30,BKK,departure,07:00,NRT Tokyo,NH806,ANA,6h 20m,True,2026-02-11T02:49:12.140952
2026-04-30,BKK,departure,07:05,KKC Khon Kaen,VZ210,Vietjet Thailand,1h 5m,True,2026-02-11T02:49:12.500147
2026-04-30,BKK,departure,07:05,UBP Ubon Ratchathani,TG20,Thai Airways,1h 10m,True,2026-02-11T02:49:12.830966
2026-04-30,BKK,departure,07:05,HEL Helsinki,AY142,Finnair,12h 20m,True,2026-02-11T02:49:13.197617
2026-04-30,BKK,departure,07:10,HDY Hat Yai,VZ320,Vietjet Thailand,1h 30m,True,2026-02-11T02:49:13.564040
2026-04-30,BKK,departure,07:10,USM Koh Samui,PG107,Bangkok Airways,1h 5m,True,2026-02-11T02:49:13.913868
2026-04-30,BKK,departure,07:15,HDY Hat Yai,FD4202,Thai AirAsia,1h 35m,True,2026-02-11T02:49:14.235335
2026-04-30,BKK,departure,07:15,UTH Udon Thani,FD4350,Thai AirAsia,1h 15m,True,2026-02-11T02:49:14.557649
2026-04-30,BKK,departure,07:20,KBV Krabi,PG261,Bangkok Airways,1h 25m,True,2026-02-11T02:49:15.073484
2026-04-30,BKK,departure,07:25,CNX Chiang Mai,TG102,Thai Airways,1h 20m,True,2026-02-11T02:49:15.346628
2026-04-30,BKK,departure,07:25,MNL Manila,TG620,Thai Airways,3h 20m,True,2026-02-11T02:49:15.615562
2026-04-30,BKK,departure,07:30,URT Surat Thani,FD4212,Thai AirAsia,1h 25m,True,2026-02-11T02:49:15.876345
2026-04-30,BKK,departure,07:30,USM Koh Samui,PG121,Bangkok Airways,1h 5m,True,2026-02-11T02:49:16.155797
2026-04-30,BKK,departure,07:30,HKT Phuket,TG201,Thai Airways,1h 30m,True,2026-02-11T02:49:16.410945
2026-04-30,BKK,departure,07:30,KTI Phnom Penh,TG586,Thai Airways,1h 20m,True,2026-02-11T02:49:16.723443
2026-04-30,BKK,departure,07:35,DEL Delhi,TG323,Thai Airways,4h 30m,True,2026-02-11T02:49:17.008239
2026-04-30,BKK,departure,07:35,SGN Ho Chi Minh City,TG550,Thai Airways,1h 30m,True,2026-02-11T02:49:17.270725
2026-04-30,BKK,departure,07:40,KBV Krabi,TG241,Thai Airways,1h 20m,True,2026-02-11T02:49:17.538020
2026-04-30,BKK,departure,07:40,CNX Chiang Mai,VZ114,Vietjet Thailand,1h 20m,True,2026-02-11T02:49:17.809589
2026-04-30,BKK,departure,07:40,SAI Siem Reap,PG903,Bangkok Airways,1h 20m,True,2026-02-11T02:49:18.084839
2026-04-30,BKK,departure,07:45,HAN Hanoi,TG560,Thai Airways,1h 50m,True,2026-02-11T02:49:18.344590
2026-04-30,BKK,departure,07:45,NRT Tokyo,TG676,Thai Airways,6h 10m,True,2026-02-11T02:49:18.865465
2026-04-30,BKK,departure,07:45,CMB Colombo,UL403,SriLankan Airlines,3h 20m,True,2026-02-11T02:49:19.182859
2026-04-30,BKK,departure,07:50,KMG Kunming,MU9622,China Eastern,2h 5m,True,2026-02-11T02:49:19.487694
2026-04-30,BKK,departure,07:55,HKT Phuket,FD4124,Thai AirAsia,1h 35m,True,2026-02-11T02:49:19.815913
2026-04-30,BKK,departure,08:00,HKG Hong Kong,TG600,Thai Airways,2h 45m,True,2026-02-11T02:49:20.104530
2026-04-30,BKK,departure,08:00,ICN Seoul,TG652,Thai Airways,5h 25m,True,2026-02-11T02:49:20.404233
2026-04-30,BKK,departure,08:00,CNX Chiang Mai,PG215,Bangkok Airways,1h 20m,True,2026-02-11T02:49:20.739347
2026-04-30,BKK,departure,08:00,CGK Jakarta,TG433,Thai Airways,3h 35m,True,2026-02-11T02:49:21.037449
2026-04-30,BKK,departure,08:00,SIN Singapore,TG403,Thai Airways,2h 15m,True,2026-02-11T02:49:21.349625
2026-04-30,BKK,departure,08:05,HKT Phuket,PG271,Bangkok Airways,1h 30m,True,2026-02-11T02:49:21.683716
2026-04-30,BKK,departure,08:05,CEI Chiang Rai,TG130,Thai Airways,1h 35m,True,2026-02-11T02:49:22.034347
2026-04-30,BKK,departure,08:05,HKT Phuket,TG203,Thai Airways,1h 30m,True,2026-02-11T02:49:22.388613
2026-04-30,BKK,departure,08:05,HKG Hong Kong,CX700,Cathay Pacific,3h 5m,True,2026-02-11T02:49:22.765059
2026-04-30,BKK,departure,08:05,NRT Tokyo,JL708,JAL,6h 10m,True,2026-02-11T02:49:23.126192
2026-04-30,BKK,departure,08:10,MEL Melbourne,TG461,Thai Airways,8h 50m,True,2026-02-11T02:49:23.528019
2026-04-30,BKK,departure,08:10,USM Koh Samui,PG123,Bangkok Airways,1h 10m,True,2026-02-11T02:49:23.840035
2026-04-30,BKK,departure,08:15,DAD Da Nang,VZ964,Vietjet Thailand,1h 40m,True,2026-02-11T02:49:24.170479
2026-04-30,BKK,departure,08:15,TDX Trat,PG301,Bangkok Airways,1h 0m,True,2026-02-11T02:49:24.476895
2026-04-30,BKK,departure,08:20,HKT Phuket,VZ300,Vietjet Thailand,1h 30m,True,2026-02-11T02:49:24.777968
2026-04-30,BKK,departure,08:20,CAN Guangzhou,CZ362,China Southern,3h 0m,True,2026-02-11T02:49:25.097764
2026-04-30,BKK,departure,08:20,KBV Krabi,FD4402,Thai AirAsia,1h 30m,True,2026-02-11T02:49:25.417236
2026-04-30,BKK,departure,08:25,KIX Osaka,TG672,Thai Airways,5h 30m,True,2026-02-11T02:49:25.763413
2026-04-30,BKK,departure,08:25,TPE Taipei,TG632,Thai Airways,3h 40m,True,2026-02-11T02:49:26.114169
2026-04-30,BKK,departure,08:30,UTH Udon Thani,VZ200,Vietjet Thailand,1h 10m,True,2026-02-11T02:49:26.413852
2026-04-30,BKK,departure,08:30,CNX Chiang Mai,FD4104,Thai AirAsia,1h 20m,True,2026-02-11T02:49:26.691375
2026-04-30,BKK,departure,08:30,SYD Sydney,TG475,Thai Airways,9h 0m,True,2026-02-11T02:49:26.985852
2026-04-30,BKK,departure,08:40,DEL Delhi,AI2333,Air India,4h 25m,True,2026-02-11T02:49:27.260544
2026-04-30,BKK,departure,08:40,KTI Phnom Penh,VZ720,Vietjet Thailand,1h 15m,True,2026-02-11T02:49:27.531451
2026-04-30,BKK,departure,08:55,BOM Mumbai,6E1052,IndiGo,4h 25m,True,2026-02-11T02:49:27.802415
2026-04-30,BKK,departure,08:55,SHJ Sharjah,G9822,Air Arabia,6h 25m,True,2026-02-11T02:49:28.068585
2026-04-30,BKK,departure,08:55,TPE Taipei,VZ568,Vietjet Thailand,3h 50m,True,2026-02-11T02:49:28.316068
2026-04-30,BKK,departure,09:00,MCT Muscat,WY818,Oman Air,5h 50m,True,2026-02-11T02:49:46.891656
2026-04-30,BKK,departure,09:00,RUN Saint Denis de la Reunion,UU888,Air Austral,7h 35m,True,2026-02-11T02:49:47.248089
2026-04-30,BKK,departure,09:05,KUL Kuala Lumpur,TG415,Thai Airways,2h 10m,True,2026-02-11T02:49:47.591049
2026-04-30,BKK,departure,09:05,SIN Singapore,TR609,Scoot,2h 20m,True,2026-02-11T02:49:47.872092
2026-04-30,BKK,departure,09:05,DOH Doha,QR831,Qatar Airways,6h 55m,True,2026-02-11T02:49:48.183735
2026-04-30,BKK,departure,09:15,JJN Jinjiang,AQ1436,9 Air,2h 45m,True,2026-02-11T02:49:48.437598
2026-04-30,BKK,departure,09:15,AUH Abu Dhabi,EY403,Etihad,6h 20m,True,2026-02-11T02:49:48.711700
2026-04-30,BKK,departure,09:15,USM Koh Samui,PG115,Bangkok Airways,1h 30m,True,2026-02-11T02:49:48.953373
2026-04-30,BKK,departure,09:20,RGN Yangon,UB20,Myanmar National Airlines,1h 25m,True,2026-02-11T02:49:49.167927
2026-04-30,BKK,departure,09:20,SIN Singapore,SQ705,Singapore Airlines,2h 25m,True,2026-02-11T02:49:49.393407
2026-04-30,BKK,departure,09:20,PQC Phu Quoc,VZ980,Vietjet Thailand,1h 20m,True,2026-02-11T02:49:49.606329
2026-04-30,BKK,departure,09:25,MAA Chennai,6E1062,IndiGo,3h 15m,True,2026-02-11T02:49:49.813887
2026-04-30,BKK,departure,09:30,HKT Phuket,TG205,Thai Airways,1h 30m,True,2026-02-11T02:49:50.024928
2026-04-30,BKK,departure,09:30,DXB Dubai,EK375,Emirates,6h 30m,True,2026-02-11T02:49:50.243346
2026-04-30,BKK,departure,09:30,MCT Muscat,OV464,Salam Air,6h 30m,True,2026-02-11T02:49:50.449650
2026-04-30,BKK,departure,09:35,URT Surat Thani,VZ350,Vietjet Thailand,1h 15m,True,2026-02-11T02:49:50.650165
2026-04-30,BKK,departure,09:35,HND Tokyo,NH848,ANA,6h 25m,True,2026-02-11T02:49:50.856767
2026-04-30,BKK,departure,09:35,DPS Denpasar,TG431,Thai Airways,4h 20m,True,2026-02-11T02:49:51.079127
2026-04-30,BKK,departure,09:35,RGN Yangon,TG301,Thai Airways,1h 30m,True,2026-02-11T02:49:51.291622
2026-04-30,BKK,departure,09:40,VTE Vientiane,QV442,Lao Airlines,1h 15m,True,2026-02-11T02:49:51.541614
2026-04-30,BKK,departure,09:45,AUH Abu Dhabi,EY409,Etihad,6h 20m,True,2026-02-11T02:49:51.760852
2026-04-30,BKK,departure,09:45,HND Tokyo,JL32,JAL,6h 15m,True,2026-02-11T02:49:51.991737
2026-04-30,BKK,departure,09:50,PVG Shanghai,FM842,Shanghai Airlines,4h 35m,True,2026-02-11T02:49:52.220484
2026-04-30,BKK,departure,09:50,ICN Seoul,KE660,Korean Air,5h 30m,True,2026-02-11T02:49:52.453841
2026-04-30,BKK,departure,09:55,CNX Chiang Mai,PG223,Bangkok Airways,1h 20m,True,2026-02-11T02:49:52.686825
2026-04-30,BKK,departure,09:55,LPQ Luang Prabang,PG941,Bangkok Airways,2h 10m,True,2026-02-11T02:49:52.920663
2026-04-30,BKK,departure,09:55,USM Koh Samui,PG129,Bangkok Airways,1h 10m,True,2026-02-11T02:49:53.149099
2026-04-30,BKK,departure,09:55,CNX Chiang Mai,TG104,Thai Airways,1h 20m,True,2026-02-11T02:49:53.372333
2026-04-30,BKK,departure,09:55,CNX Chiang Mai,VZ102,Vietjet Thailand,1h 20m,True,2026-02-11T02:49:53.643174
2026-04-30,BKK,departure,10:00,PEK Beijing,TG614,Thai Airways,4h 45m,True,2026-02-11T02:49:53.975660
2026-04-30,BKK,departure,10:05,CCU Kolkata,6E1058,IndiGo,2h 40m,True,2026-02-11T02:49:54.274828
2026-04-30,BKK,departure,10:05,USM Koh Samui,PG125,Bangkok Airways,1h 10m,True,2026-02-11T02:49:54.487910
2026-04-30,BKK,departure,10:10,USM Koh Samui,PG127,Bangkok Airways,1h 30m,True,2026-02-11T02:49:54.718843
2026-04-30,BKK,departure,10:10,HKG Hong Kong,UO705,HK Express,3h 10m,True,2026-02-11T02:49:54.961817
2026-04-30,BKK,departure,10:15,RGN Yangon,8M336,MAI,1h 20m,True,2026-02-11T02:49:55.203233
2026-04-30,BKK,departure,10:15,ALA Almaty,KC932,Air Astana,6h 40m,True,2026-02-11T02:49:55.458112
2026-04-30,BKK,departure,10:15,KTM Kathmandu,TG319,Thai Airways,3h 25m,True,2026-02-11T02:49:55.707749
2026-04-30,BKK,departure,10:20,HKT Phuket,VZ304,Vietjet Thailand,1h 30m,True,2026-02-11T02:49:55.974735
2026-04-30,BKK,departure,10:20,CAN Guangzhou,9C8894,Spring Airlines,2h 50m,True,2026-02-11T02:49:56.285629
2026-04-30,BKK,departure,10:20,KTI Phnom Penh,K6723,Air Cambodia,1h 10m,True,2026-02-11T02:49:56.573123
2026-04-30,BKK,departure,10:30,NST Nakhon Si Thammarat,FD4231,Thai AirAsia,1h 25m,True,2026-02-11T02:49:56.851299
2026-04-30,BKK,departure,10:30,USM Koh Samui,PG131,Bangkok Airways,1h 5m,True,2026-02-11T02:49:57.137202
2026-04-30,BKK,departure,10:30,CAN Guangzhou,TG668,Thai Airways,3h 0m,True,2026-02-11T02:49:57.380119
2026-04-30,BKK,departure,10:30,KKC Khon Kaen,TG42,Thai Airways,1h 5m,True,2026-02-11T02:49:57.618550
2026-04-30,BKK,departure,10:30,HKG Hong Kong,TG628,Thai Airways,2h 50m,True,2026-02-11T02:49:57.871991
2026-04-30,BKK,departure,10:35,DAC Dhaka,TG321,Thai Airways,2h 35m,True,2026-02-11T02:49:58.165168
2026-04-30,BKK,departure,10:35,MFM Macau,NX995,Air Macau,2h 45m,True,2026-02-11T02:49:58.494324
2026-04-30,BKK,departure,10:40,HKT Phuket,PG275,Bangkok Airways,1h 30m,True,2026-02-11T02:49:58.768677
2026-04-30,BKK,departure,10:45,CNX Chiang Mai,FD4106,Thai AirAsia,1h 20m,True,2026-02-11T02:49:59.061768
2026-04-30,BKK,departure,10:45,KMG Kunming,TG612,Thai Airways,2h 15m,True,2026-02-11T02:49:59.313318
2026-04-30,BKK,departure,10:45,PVG Shanghai,TG664,Thai Airways,4h 15m,True,2026-02-11T02:49:59.533414
2026-04-30,BKK,departure,10:50,DEL Delhi,6E1064,IndiGo,4h 35m,True,2026-02-11T02:49:59.738145
2026-04-30,BKK,departure,10:50,DAD Da Nang,VZ960,Vietjet Thailand,1h 40m,True,2026-02-11T02:49:59.968547
2026-04-30,BKK,departure,10:50,NNG Nanning,GX8910,GX Airlines,2h 5m,True,2026-02-11T02:50:00.189797
2026-04-30,BKK,departure,10:50,TPE Taipei,CI834,China Airlines,3h 40m,True,2026-02-11T02:50:00.494421
2026-04-30,BKK,departure,10:50,TFU Chengdu,TG618,Thai Airways,3h 10m,True,2026-02-11T02:50:00.758649
2026-04-30,BKK,departure,10:50,HKT Phuket,TG207,Thai Airways,1h 30m,True,2026-02-11T02:50:01.021275
2026-04-30,BKK,departure,10:55,SAI Siem Reap,PG905,Bangkok Airways,1h 20m,True,2026-02-11T02:50:01.295368
2026-04-30,BKK,departure,10:55,SIN Singapore,TR625,Scoot,2h 30m,True,2026-02-11T02:50:01.587475
2026-04-30,BKK,departure,11:00,HDY Hat Yai,VZ324,Vietjet Thailand,1h 30m,True,2026-02-11T02:50:01.804361
2026-04-30,BKK,departure,11:00,UBP Ubon Ratchathani,VZ220,Vietjet Thailand,1h 10m,True,2026-02-11T02:50:02.037487
2026-04-30,BKK,departure,11:00,HKG Hong Kong,CX750,Cathay Pacific,3h 10m,True,2026-02-11T02:50:02.285421
2026-04-30,BKK,departure,11:05,HAK Haikou,HU7940,Hainan Airlines,2h 25m,True,2026-02-11T02:50:02.616523
2026-04-30,BKK,departure,11:05,KUL Kuala Lumpur,MH785,Malaysia Airlines,2h 10m,True,2026-02-11T02:50:02.873188
2026-04-30,BKK,departure,11:10,CNX Chiang Mai,FD4100,Thai AirAsia,1h 20m,True,2026-02-11T02:50:03.163010
2026-04-30,BKK,departure,11:10,TPE Taipei,BR62,EVA Air,3h 55m,True,2026-02-11T02:50:03.432594
2026-04-30,BKK,departure,11:15,SIN Singapore,TG413,Thai Airways,2h 15m,True,2026-02-11T02:50:03.748149
2026-04-30,BKK,departure,11:20,CAN Guangzhou,CZ358,China Southern,2h 50m,True,2026-02-11T02:50:04.050366
2026-04-30,BKK,departure,11:20,NAW Narathiwat,FD4252,Thai AirAsia,1h 35m,True,2026-02-11T02:50:04.336930
2026-04-30,BKK,departure,11:20,SGN Ho Chi Minh City,VN600,Vietnam Airlines,1h 45m,True,2026-02-11T02:50:04.629808
2026-04-30,BKK,departure,11:20,SHJ Sharjah,G9824,Air Arabia,6h 25m,True,2026-02-11T02:50:04.934687
2026-04-30,BKK,departure,11:25,MNL Manila,5J930,Cebu Pacific,3h 50m,True,2026-02-11T02:50:05.183448
2026-04-30,BKK,departure,11:25,KKC Khon Kaen,FD4501,Thai AirAsia,1h 10m,True,2026-02-11T02:50:05.413461
2026-04-30,BKK,departure,11:25,VTE Vientiane,TG570,Thai Airways,1h 15m,True,2026-02-11T02:50:05.689255
2026-04-30,BKK,departure,11:25,CDG Paris,AF199,Air France,12h 30m,True,2026-02-11T02:50:05.966251
2026-04-30,BKK,departure,11:30,XIY Xian,9C6300,Spring Airlines,3h 50m,True,2026-02-11T02:50:06.230329
2026-04-30,BKK,departure,11:30,MDL Mandalay,8M338,MAI,1h 50m,True,2026-02-11T02:50:06.516189
2026-04-30,BKK,departure,11:30,SGN Ho Chi Minh City,VJ802,VietJet,1h 30m,True,2026-02-11T02:50:06.783298
2026-04-30,BKK,departure,11:35,KTI Phnom Penh,KR702,Cambodia Airways,1h 15m,True,2026-02-11T02:50:07.052158
2026-04-30,BKK,departure,11:35,CEI Chiang Rai,TG132,Thai Airways,1h 35m,True,2026-02-11T02:50:07.314306
2026-04-30,BKK,departure,11:40,CNX Chiang Mai,TG106,Thai Airways,1h 20m,True,2026-02-11T02:50:07.688568
2026-04-30,BKK,departure,11:40,TDX Trat,PG305,Bangkok Airways,1h 0m,True,2026-02-11T02:50:08.023112
2026-04-30,BKK,departure,11:40,USM Koh Samui,PG133,Bangkok Airways,1h 5m,True,2026-02-11T02:50:08.255264
2026-04-30,BKK,departure,11:45,NNG Nanning,9C7486,Spring Airlines,2h 20m,True,2026-02-11T02:50:08.504598
2026-04-30,BKK,departure,11:45,KHH Kaohsiung,TG630,Thai Airways,3h 30m,True,2026-02-11T02:50:08.769505
2026-04-30,BKK,departure,11:45,CKG Chongqing,HU424,Hainan Airlines,3h 20m,True,2026-02-11T02:50:09.019937
2026-04-30,BKK,departure,11:50,PVG Shanghai,FM854,Shanghai Airlines,4h 20m,True,2026-02-11T02:50:09.290906
2026-04-30,BKK,departure,11:50,AMS Amsterdam,BR75,EVA Air,12h 35m,True,2026-02-11T02:50:09.611161
2026-04-30,BKK,departure,11:55,HYD Hyderabad,6E1068,IndiGo,3h 30m,True,2026-02-11T02:50:09.918532
2026-04-30,BKK,departure,11:55,HAN Hanoi,VN610,Vietnam Airlines,1h 55m,True,2026-02-11T02:50:10.173525
2026-04-30,BKK,departure,11:55,KWI Kuwait,KU412,Kuwait Airways,7h 20m,True,2026-02-11T02:50:10.426029
2026-04-30,BKK,departure,12:00,FOC Fuzhou,9C7302,Spring Airlines,3h 30m,True,2026-02-11T02:50:10.680987
2026-04-30,BKK,departure,12:05,HKG Hong Kong,CX774,Cathay Pacific,3h 10m,True,2026-02-11T02:50:10.926046
2026-04-30,BKK,departure,12:05,AMS Amsterdam,KL844,KLM,12h 5m,True,2026-02-11T02:50:11.195348
2026-04-30,BKK,departure,12:10,SZX Shenzhen,ZH310,Shenzhen Airlines,2h 55m,True,2026-02-11T02:50:11.430531
2026-04-30,BKK,departure,12:15,SWA Jieyang,CZ8356,China Southern,3h 5m,True,2026-02-11T02:50:11.673956
2026-04-30,BKK,departure,12:15,XMN Xiamen,MF854,XiamenAir,3h 15m,True,2026-02-11T02:50:11.910848
2026-04-30,BKK,departure,12:15,SIN Singapore,SQ707,Singapore Airlines,2h 35m,True,2026-02-11T02:50:12.144043
2026-04-30,BKK,departure,12:15,UTH Udon Thani,TG4,Thai Airways,1h 10m,True,2026-02-11T02:50:12.394279
2026-04-30,BKK,departure,12:20,ICN Seoul,OZ744,Asiana,5h 20m,True,2026-02-11T02:50:12.651081
2026-04-30,BKK,departure,12:20,BLR Bengaluru,6E1056,IndiGo,3h 40m,True,2026-02-11T02:50:12.886531
2026-04-30,BKK,departure,12:20,LHR London,BR67,EVA Air,13h 0m,True,2026-02-11T02:50:13.157541
2026-04-30,BKK,departure,12:20,CNX Chiang Mai,FD4118,Thai AirAsia,1h 20m,True,2026-02-11T02:50:13.485326
2026-04-30,BKK,departure,12:20,HKT Phuket,FD4110,Thai AirAsia,1h 35m,True,2026-02-11T02:50:13.720419
2026-04-30,BKK,departure,12:20,CNX Chiang Mai,VZ110,Vietjet Thailand,1h 20m,True,2026-02-11T02:50:13.976653
2026-04-30,BKK,departure,12:25,CNX Chiang Mai,PG217,Bangkok Airways,1h 20m,True,2026-02-11T02:50:14.260146
2026-04-30,BKK,departure,12:25,FRA Frankfurt,TG922,Thai Airways,11h 35m,True,2026-02-11T02:50:14.517962
2026-04-30,BKK,departure,12:25,TPE Taipei,BR212,EVA Air,3h 50m,True,2026-02-11T02:50:14.753164
2026-04-30,BKK,departure,12:30,HDY Hat Yai,TG263,Thai Airways,1h 30m,True,2026-02-11T02:50:14.967026
2026-04-30,BKK,departure,12:30,HKG Hong Kong,CX754,Cathay Pacific,3h 10m,True,2026-02-11T02:50:15.210555
2026-04-30,BKK,departure,12:35,ZRH Zurich,LX181,SWISS,12h 0m,True,2026-02-11T02:50:15.646508
2026-04-30,BKK,departure,12:35,HKT Phuket,PG273,Bangkok Airways,1h 30m,True,2026-02-11T02:50:16.006175
2026-04-30,BKK,departure,12:35,LHR London,TG916,Thai Airways,12h 40m,True,2026-02-11T02:50:16.257393
2026-04-30,BKK,departure,12:40,CAN Guangzhou,CZ8080,China Southern,3h 0m,True,2026-02-11T02:50:16.565899
2026-04-30,BKK,departure,12:40,USM Koh Samui,PG135,Bangkok Airways,1h 5m,True,2026-02-11T02:50:16.863121
2026-04-30,BKK,departure,12:40,DPS Denpasar,TG439,Thai Airways,4h 20m,True,2026-02-11T02:50:17.148016
2026-04-30,BKK,departure,12:40,TPE Taipei,TG634,Thai Airways,3h 40m,True,2026-02-11T02:50:17.459431
2026-04-30,BKK,departure,12:40,SZX Shenzhen,CZ8076,China Southern,3h 0m,True,2026-02-11T02:50:17.763304
2026-04-30,BKK,departure,12:45,SVX Yekaterinburg,SU653,Aeroflot,8h 50m,True,2026-02-11T02:50:18.088988
2026-04-30,BKK,departure,12:50,HGH Hangzhou,JD420,Capital Airlines,4h 0m,True,2026-02-11T02:50:18.380024
2026-04-30,BKK,departure,12:55,IKT Irkutsk,SU659,Aeroflot,6h 20m,True,2026-02-11T02:50:18.663375
2026-04-30,BKK,departure,13:00,HND Tokyo,TG660,Thai Airways,6h 10m,True,2026-02-11T02:50:18.940232
2026-04-30,BKK,departure,13:05,NST Nakhon Si Thammarat,VZ334,Vietjet Thailand,1h 20m,True,2026-02-11T02:50:19.206258
2026-04-30,BKK,departure,13:10,TPE Taipei,JX742,Starlux,3h 50m,True,2026-02-11T02:50:19.502294
2026-04-30,BKK,departure,13:10,HKT Phuket,VZ2300,Vietjet Thailand,1h 30m,True,2026-02-11T02:50:19.769554
2026-04-30,BKK,departure,13:15,UTH Udon Thani,VZ204,Vietjet Thailand,1h 10m,True,2026-02-11T02:50:20.039932
2026-04-30,BKK,departure,13:15,SVO Moscow,SU273,Aeroflot,9h 45m,True,2026-02-11T02:50:20.306446
2026-04-30,BKK,departure,13:20,KMG Kunming,MU6088,China Eastern,2h 25m,True,2026-02-11T02:50:20.600929
2026-04-30,BKK,departure,13:20,TPE Taipei,CI832,China Airlines,3h 40m,True,2026-02-11T02:50:20.932089
2026-04-30,BKK,departure,13:25,CEI Chiang Rai,VZ132,Vietjet Thailand,1h 25m,True,2026-02-11T02:50:21.210259
2026-04-30,BKK,departure,13:25,MNL Manila,PR731,PAL,3h 35m,True,2026-02-11T02:50:21.526631
2026-04-30,BKK,departure,13:30,CNX Chiang Mai,TG110,Thai Airways,1h 20m,True,2026-02-11T02:50:21.786828
2026-04-30,BKK,departure,13:35,PVG Shanghai,MU542,China Eastern,4h 40m,True,2026-02-11T02:50:22.059731
2026-04-30,BKK,departure,13:35,KTI Phnom Penh,TK52,Turkish Airlines,1h 30m,True,2026-02-11T02:50:22.363371
2026-04-30,BKK,departure,13:40,CNX Chiang Mai,VZ106,Vietjet Thailand,1h 20m,True,2026-02-11T02:50:22.653932
2026-04-30,BKK,departure,13:40,USM Koh Samui,PG145,Bangkok Airways,1h 5m,True,2026-02-11T02:50:22.924525
2026-04-30,BKK,departure,13:45,TFU Chengdu,9C7502,Spring Airlines,3h 15m,True,2026-02-11T02:50:23.241879
2026-04-30,BKK,departure,13:45,CAN Guangzhou,CZ8100,China Southern,3h 0m,True,2026-02-11T02:50:23.626701
2026-04-30,BKK,departure,13:50,PVG Shanghai,9C7422,Spring Airlines,4h 15m,True,2026-02-11T02:50:23.946471
2026-04-30,BKK,departure,13:50,PEK Beijing,HU430,Hainan Airlines,5h 5m,True,2026-02-11T02:50:24.270560
2026-04-30,BKK,departure,13:50,SIN Singapore,TG407,Thai Airways,2h 15m,True,2026-02-11T02:50:24.614231
2026-04-30,BKK,departure,13:50,SGN Ho Chi Minh City,VJ804,VietJet,1h 30m,True,2026-02-11T02:50:24.974223
2026-04-30,BKK,departure,13:55,HND Tokyo,NH878,ANA,6h 20m,True,2026-02-11T02:50:25.295462
2026-04-30,BKK,departure,13:55,USM Koh Samui,PG149,Bangkok Airways,1h 30m,True,2026-02-11T02:50:25.621638
2026-04-30,BKK,departure,13:55,HKT Phuket,TG211,Thai Airways,1h 30m,True,2026-02-11T02:50:25.955362
2026-04-30,BKK,departure,13:55,CMB Colombo,UL405,SriLankan Airlines,3h 20m,True,2026-02-11T02:50:26.290032
2026-04-30,BKK,departure,14:00,HKG Hong Kong,EK384,Emirates,3h 5m,True,2026-02-11T02:50:26.630613
2026-04-30,BKK,departure,14:00,HKG Hong Kong,TG638,Thai Airways,2h 45m,True,2026-02-11T02:50:26.933410
2026-04-30,BKK,departure,14:00,HAN Hanoi,VJ902,VietJet,1h 50m,True,2026-02-11T02:50:27.259606
2026-04-30,BKK,departure,14:05,XIY Xian,9C6294,Spring Airlines,3h 50m,True,2026-02-11T02:50:27.569443
2026-04-30,BKK,departure,14:05,USM Koh Samui,PG147,Bangkok Airways,1h 5m,True,2026-02-11T02:50:27.905095
2026-04-30,BKK,departure,14:10,KKC Khon Kaen,TG44,Thai Airways,1h 0m,True,2026-02-11T02:50:28.243258
2026-04-30,BKK,departure,14:15,CGK Jakarta,GA867,Garuda Indonesia,3h 35m,True,2026-02-11T02:50:28.538384
2026-04-30,BKK,departure,14:15,USM Koh Samui,PG161,Bangkok Airways,1h 5m,True,2026-02-11T02:50:28.823346
2026-04-30,BKK,departure,14:15,CGK Jakarta,ET628,Ethiopian,3h 45m,True,2026-02-11T02:50:29.095536
2026-04-30,BKK,departure,14:15,KUL Kuala Lumpur,MH789,Malaysia Airlines,2h 15m,True,2026-02-11T02:50:29.399757
2026-04-30,BKK,departure,14:20,CGK Jakarta,TG435,Thai Airways,3h 35m,True,2026-02-11T02:50:29.660115
2026-04-30,BKK,departure,14:20,MNL Manila,TG624,Thai Airways,3h 25m,True,2026-02-11T02:50:29.941404
2026-04-30,BKK,departure,14:25,NGB Ningbo,9C7432,Spring Airlines,4h 15m,True,2026-02-11T02:50:30.258781
2026-04-30,BKK,departure,14:25,SGN Ho Chi Minh City,VN604,Vietnam Airlines,1h 50m,True,2026-02-11T02:50:30.611923
2026-04-30,BKK,departure,14:30,CEI Chiang Rai,FD4152,Thai AirAsia,1h 25m,True,2026-02-11T02:50:30.931741
2026-04-30,BKK,departure,14:30,SGN Ho Chi Minh City,VU130,Vietravel Airlines,1h 40m,True,2026-02-11T02:50:31.301155
2026-04-30,BKK,departure,14:30,KBV Krabi,VZ342,Vietjet Thailand,1h 25m,True,2026-02-11T02:50:31.720621
2026-04-30,BKK,departure,14:35,KBV Krabi,FD4400,Thai AirAsia,1h 35m,True,2026-02-11T02:50:32.099508
2026-04-30,BKK,departure,14:35,PQC Phu Quoc,VZ982,Vietjet Thailand,1h 20m,True,2026-02-11T02:50:32.444749
2026-04-30,BKK,departure,14:40,DAC Dhaka,BS218,US-Bangla Airlines,2h 40m,True,2026-02-11T02:50:32.782207
2026-04-30,BKK,departure,14:40,PNQ Pune,IX241,Air India Express,4h 15m,True,2026-02-11T02:50:33.157773
2026-04-30,BKK,departure,14:40,USM Koh Samui,PG151,Bangkok Airways,1h 5m,True,2026-02-11T02:50:33.771929
2026-04-30,BKK,departure,14:45,BOM Mumbai,AI2353,Air India,4h 40m,True,2026-02-11T02:50:34.621409
2026-04-30,BKK,departure,14:45,HKT Phuket,FD4112,Thai AirAsia,1h 30m,True,2026-02-11T02:50:34.957212
2026-04-30,BKK,departure,14:45,HKT Phuket,TG215,Thai Airways,1h 30m,True,2026-02-11T02:50:35.302502
2026-04-30,BKK,departure,14:45,UBP Ubon Ratchathani,VZ224,Vietjet Thailand,1h 10m,True,2026-02-11T02:50:35.661075
2026-04-30,BKK,departure,14:50,KTI Phnom Penh,K6725,Air Cambodia,1h 10m,True,2026-02-11T02:50:35.981167
2026-04-30,BKK,departure,14:55,CNX Chiang Mai,TG112,Thai Airways,1h 20m,True,2026-02-11T02:50:36.239739
2026-04-30,BKK,departure,15:00,SWA Jieyang,9C6194,Spring Airlines,2h 55m,True,2026-02-11T02:50:36.543365
2026-04-30,BKK,departure,15:00,HKG Hong Kong,CX654,Cathay Pacific,3h 5m,True,2026-02-11T02:50:36.830688
2026-04-30,BKK,departure,15:00,USM Koh Samui,PG157,Bangkok Airways,1h 30m,True,2026-02-11T02:50:37.103262
2026-04-30,BKK,departure,15:05,CAN Guangzhou,CZ5096,China Southern,3h 0m,True,2026-02-11T02:50:37.393401
2026-04-30,BKK,departure,15:05,AUH Abu Dhabi,EY405,Etihad,7h 15m,True,2026-02-11T02:50:37.670466
2026-04-30,BKK,departure,15:05,CAN Guangzhou,KQ886,Kenya Airways,2h 55m,True,2026-02-11T02:50:37.941078
2026-04-30,BKK,departure,15:10,TPE Taipei,BR202,EVA Air,3h 50m,True,2026-02-11T02:50:38.213320
2026-04-30,BKK,departure,15:15,DEL Delhi,AI2356,Air India,4h 30m,True,2026-02-11T02:50:38.494295
2026-04-30,BKK,departure,15:20,MFM Macau,NX935,Air Macau,2h 30m,True,2026-02-11T02:50:38.829495
2026-04-30,BKK,departure,15:25,SIN Singapore,TR605,Scoot,2h 30m,True,2026-02-11T02:50:39.243195
2026-04-30,BKK,departure,15:25,CNX Chiang Mai,VZ108,Vietjet Thailand,1h 20m,True,2026-02-11T02:50:39.672510
2026-04-30,BKK,departure,15:25,HKT Phuket,VZ306,Vietjet Thailand,1h 30m,True,2026-02-11T02:50:40.091947
2026-04-30,BKK,departure,15:25,RUH Riyadh,SV847,Saudia,7h 25m,True,2026-02-11T02:50:40.449501
2026-04-30,BKK,departure,15:30,SIN Singapore,SQ709,Singapore Airlines,2h 30m,True,2026-02-11T02:50:40.774242
2026-04-30,BKK,departure,15:30,UTH Udon Thani,VZ202,Vietjet Thailand,1h 10m,True,2026-02-11T02:50:41.083308
2026-04-30,BKK,departure,15:30,BFV Buri Ram,FD4511,Thai AirAsia,1h 5m,True,2026-02-11T02:50:41.451714
2026-04-30,BKK,departure,15:30,USM Koh Samui,PG165,Bangkok Airways,1h 5m,True,2026-02-11T02:50:41.791661
2026-04-30,BKK,departure,15:40,RGN Yangon,8M334,MAI,1h 20m,True,2026-02-11T02:50:42.118400
2026-04-30,BKK,departure,15:40,CNX Chiang Mai,FD4102,Thai AirAsia,1h 15m,True,2026-02-11T02:50:42.419138
2026-04-30,BKK,departure,15:45,LJG Lijiang,DR5042,Ruili Airlines,2h 40m,True,2026-02-11T02:50:42.753046
2026-04-30,BKK,departure,15:45,HKG Hong Kong,UA821,United,3h 0m,True,2026-02-11T02:50:43.102957
2026-04-30,BKK,departure,15:45,SGN Ho Chi Minh City,VJ800,VietJet,1h 30m,True,2026-02-11T02:50:43.430418
2026-04-30,BKK,departure,15:45,USM Koh Samui,PG171,Bangkok Airways,1h 5m,True,2026-02-11T02:50:43.748425
2026-04-30,BKK,departure,15:50,DAD Da Nang,VZ962,Vietjet Thailand,1h 40m,True,2026-02-11T02:50:44.051713
2026-04-30,BKK,departure,15:50,PVG Shanghai,9C7280,Spring Airlines,4h 25m,True,2026-02-11T02:50:44.362990
2026-04-30,BKK,departure,15:50,NKG Nanjing,JD620,Capital Airlines,4h 5m,True,2026-02-11T02:50:44.689215
2026-04-30,BKK,departure,15:50,KHV Khabarovsk,SU655,Aeroflot,6h 40m,True,2026-02-11T02:50:45.018536
2026-04-30,BKK,departure,15:55,HKG Hong Kong,HX776,Hong Kong Airlines,3h 0m,True,2026-02-11T02:50:45.352721
2026-04-30,BKK,departure,15:55,KMG Kunming,MU742,China Eastern,2h 30m,True,2026-02-11T02:50:45.669169
2026-04-30,BKK,departure,15:55,HAN Hanoi,VN614,Vietnam Airlines,1h 55m,True,2026-02-11T02:50:45.973069
2026-04-30,BKK,departure,15:55,CAN Guangzhou,CZ3082,China Southern,3h 5m,True,2026-02-11T02:50:46.339753
2026-04-30,BKK,departure,16:00,THS Sukhothai,PG213,Bangkok Airways,1h 20m,True,2026-02-11T02:50:46.700425
2026-04-30,BKK,departure,16:00,KJA Krasnojarsk,SU815,Aeroflot,7h 0m,True,2026-02-11T02:50:47.043523
2026-04-30,BKK,departure,16:00,UBP Ubon Ratchathani,TG28,Thai Airways,1h 10m,True,2026-02-11T02:50:47.402367
2026-04-30,BKK,departure,16:00,USM Koh Samui,PG167,Bangkok Airways,1h 5m,True,2026-02-11T02:50:47.707123
2026-04-30,BKK,departure,16:05,TLV Tel Aviv-Yafo,LY84,El Al,10h 50m,True,2026-02-11T02:50:47.997875
2026-04-30,BKK,departure,16:10,HDY Hat Yai,FD4204,Thai AirAsia,1h 30m,True,2026-02-11T02:50:48.253681
2026-04-30,BKK,departure,16:15,USM Koh Samui,PG159,Bangkok Airways,1h 35m,True,2026-02-11T02:50:49.970745
2026-04-30,BKK,departure,16:15,HKG Hong Kong,UO701,HK Express,3h 0m,True,2026-02-11T02:50:50.232051
2026-04-30,BKK,departure,16:15,TDX Trat,PG307,Bangkok Airways,1h 0m,True,2026-02-11T02:50:50.510786
2026-04-30,BKK,departure,16:15,DAC Dhaka,BG389,Biman,2h 45m,True,2026-02-11T02:50:50.766571
2026-04-30,BKK,departure,16:20,KTI Phnom Penh,KR704,Cambodia Airways,1h 30m,True,2026-02-11T02:50:51.017488
2026-04-30,BKK,departure,16:25,HKG Hong Kong,CX706,Cathay Pacific,3h 0m,True,2026-02-11T02:50:51.271676
2026-04-30,BKK,departure,16:25,SIN Singapore,TG409,Thai Airways,2h 15m,True,2026-02-11T02:50:51.507904
2026-04-30,BKK,departure,16:35,CNX Chiang Mai,FD4108,Thai AirAsia,1h 20m,True,2026-02-11T02:50:51.737670
2026-04-30,BKK,departure,16:35,NOU Noumea,SB501,Aircalin,9h 55m,True,2026-02-11T02:50:51.979860
2026-04-30,BKK,departure,16:40,USM Koh Samui,PG169,Bangkok Airways,1h 5m,True,2026-02-11T02:50:52.240353
2026-04-30,BKK,departure,16:40,KUL Kuala Lumpur,TG417,Thai Airways,2h 10m,True,2026-02-11T02:50:52.470856
2026-04-30,BKK,departure,16:45,KWE Guiyang,AQ1208,9 Air,2h 5m,True,2026-02-11T02:50:52.688776
2026-04-30,BKK,departure,16:45,TPE Taipei,BR68,EVA Air,3h 45m,True,2026-02-11T02:50:52.934393
2026-04-30,BKK,departure,16:50,PVG Shanghai,FM834,Shanghai Airlines,4h 35m,True,2026-02-11T02:50:53.158429
2026-04-30,BKK,departure,17:00,HKT Phuket,PG277,Bangkok Airways,1h 30m,True,2026-02-11T02:50:53.391504
2026-04-30,BKK,departure,17:00,CEI Chiang Rai,TG136,Thai Airways,1h 20m,True,2026-02-11T02:50:53.608142
2026-04-30,BKK,departure,17:00,KTI Phnom Penh,VZ722,Vietjet Thailand,1h 15m,True,2026-02-11T02:50:53.841591
2026-04-30,BKK,departure,17:00,IKT Irkutsk,S76310,S7 Airlines,6h 25m,True,2026-02-11T02:50:54.080922
2026-04-30,BKK,departure,17:05,BLR Bengaluru,IX883,Air India Express,3h 55m,True,2026-02-11T02:50:54.296927
2026-04-30,BKK,departure,17:05,HKT Phuket,TG217,Thai Airways,1h 30m,True,2026-02-11T02:50:54.538579
2026-04-30,BKK,departure,17:05,RGN Yangon,TG303,Thai Airways,1h 25m,True,2026-02-11T02:50:54.824631
2026-04-30,BKK,departure,17:05,URT Surat Thani,VZ352,Vietjet Thailand,1h 15m,True,2026-02-11T02:50:55.183534
2026-04-30,BKK,departure,17:10,LYA Luoyang,UQ2642,Urumqi Airlines,4h 10m,True,2026-02-11T02:50:55.459462
2026-04-30,BKK,departure,17:10,DEL Delhi,6E1054,IndiGo,4h 20m,True,2026-02-11T02:50:55.703249
2026-04-30,BKK,departure,17:15,TPE Taipei,TG636,Thai Airways,3h 55m,True,2026-02-11T02:50:55.928185
2026-04-30,BKK,departure,17:15,KUL Kuala Lumpur,MH783,Malaysia Airlines,2h 15m,True,2026-02-11T02:50:56.184004
2026-04-30,BKK,departure,17:20,KTI Phnom Penh,PG935,Bangkok Airways,1h 15m,True,2026-02-11T02:50:56.400247
2026-04-30,BKK,departure,17:25,SAI Siem Reap,PG907,Bangkok Airways,1h 20m,True,2026-02-11T02:50:56.631730
2026-04-30,BKK,departure,17:25,SZX Shenzhen,CZ8324,China Southern,3h 15m,True,2026-02-11T02:50:56.836302
2026-04-30,BKK,departure,17:30,USM Koh Samui,PG173,Bangkok Airways,1h 10m,True,2026-02-11T02:50:57.050437
2026-04-30,BKK,departure,17:30,HKG Hong Kong,CX708,Cathay Pacific,3h 0m,True,2026-02-11T02:50:57.287575
2026-04-30,BKK,departure,17:30,HGH Hangzhou,GJ8022,Loong Air,4h 5m,True,2026-02-11T02:50:57.523571
2026-04-30,BKK,departure,17:30,HKT Phuket,VZ2304,Vietjet Thailand,1h 30m,True,2026-02-11T02:50:57.746201
2026-04-30,BKK,departure,17:30,KKC Khon Kaen,VZ214,Vietjet Thailand,1h 5m,True,2026-02-11T02:50:57.947817
2026-04-30,BKK,departure,17:30,TPE Taipei,CI836,China Airlines,3h 35m,True,2026-02-11T02:50:58.171053
2026-04-30,BKK,departure,17:35,SGN Ho Chi Minh City,TG556,Thai Airways,1h 30m,True,2026-02-11T02:50:58.391012
2026-04-30,BKK,departure,17:35,KKC Khon Kaen,TG46,Thai Airways,1h 0m,True,2026-02-11T02:50:58.605128
2026-04-30,BKK,departure,17:40,HKT Phuket,FD4122,Thai AirAsia,1h 30m,True,2026-02-11T02:50:58.818348
2026-04-30,BKK,departure,17:40,XMN Xiamen,MF834,XiamenAir,3h 25m,True,2026-02-11T02:50:59.061720
2026-04-30,BKK,departure,17:45,CGK Jakarta,GA869,Garuda Indonesia,3h 40m,True,2026-02-11T02:50:59.285740
2026-04-30,BKK,departure,17:50,TPE Taipei,JX746,Starlux,3h 50m,True,2026-02-11T02:50:59.512026
2026-04-30,BKK,departure,17:50,CNX Chiang Mai,PG219,Bangkok Airways,1h 20m,True,2026-02-11T02:50:59.734260
2026-04-30,BKK,departure,17:50,HAN Hanoi,TG564,Thai Airways,1h 50m,True,2026-02-11T02:50:59.968557
2026-04-30,BKK,departure,17:55,DEL Delhi,AI2335,Air India,4h 30m,True,2026-02-11T02:51:00.223157
2026-04-30,BKK,departure,17:55,CNX Chiang Mai,VZ122,Vietjet Thailand,1h 20m,True,2026-02-11T02:51:00.453523
2026-04-30,BKK,departure,17:55,USM Koh Samui,PG177,Bangkok Airways,1h 5m,True,2026-02-11T02:51:00.676964
2026-04-30,BKK,departure,18:00,CEI Chiang Rai,VZ134,Vietjet Thailand,1h 25m,True,2026-02-11T02:51:00.917740
2026-04-30,BKK,departure,18:00,SIN Singapore,TR611,Scoot,2h 25m,True,2026-02-11T02:51:01.155321
2026-04-30,BKK,departure,18:05,TFU Chengdu,3U3936,Sichuan Airlines,3h 5m,True,2026-02-11T02:51:01.392198
2026-04-30,BKK,departure,18:05,CAN Guangzhou,CZ8024,China Southern,3h 10m,True,2026-02-11T02:51:01.619549
2026-04-30,BKK,departure,18:05,DAD Da Nang,VN626,Vietnam Airlines,1h 40m,True,2026-02-11T02:51:01.855336
2026-04-30,BKK,departure,18:10,TAO Qingdao,QW918,Qingdao Airlines,4h 45m,True,2026-02-11T02:51:02.080020
2026-04-30,BKK,departure,18:10,HKG Hong Kong,TG602,Thai Airways,2h 50m,True,2026-02-11T02:51:02.303179
2026-04-30,BKK,departure,18:10,SYD Sydney,QF24,Qantas,9h 15m,True,2026-02-11T02:51:02.551510
2026-04-30,BKK,departure,18:20,TFU Chengdu,CA472,Air China,3h 15m,True,2026-02-11T02:51:02.813061
2026-04-30,BKK,departure,18:20,KHH Kaohsiung,CI840,China Airlines,3h 30m,True,2026-02-11T02:51:03.038675
2026-04-30,BKK,departure,18:20,HKT Phuket,FD4114,Thai AirAsia,1h 30m,True,2026-02-11T02:51:03.282359
2026-04-30,BKK,departure,18:25,TAO Qingdao,QW9898,Qingdao Airlines,4h 15m,True,2026-02-11T02:51:03.542361
2026-04-30,BKK,departure,18:25,SHJ Sharjah,G9817,Air Arabia,6h 25m,True,2026-02-11T02:51:03.789506
2026-04-30,BKK,departure,18:25,KBV Krabi,TG249,Thai Airways,1h 20m,True,2026-02-11T02:51:04.015395
2026-04-30,BKK,departure,18:25,VTE Vientiane,TG574,Thai Airways,1h 20m,True,2026-02-11T02:51:04.291155
2026-04-30,BKK,departure,18:30,HDY Hat Yai,TG267,Thai Airways,1h 30m,True,2026-02-11T02:51:04.570250
2026-04-30,BKK,departure,18:30,SIN Singapore,SQ711,Singapore Airlines,2h 25m,True,2026-02-11T02:51:04.894881
2026-04-30,BKK,departure,18:35,UTH Udon Thani,FD4352,Thai AirAsia,1h 15m,True,2026-02-11T02:51:05.206531
2026-04-30,BKK,departure,18:35,KTI Phnom Penh,TG584,Thai Airways,1h 20m,True,2026-02-11T02:51:05.488751
2026-04-30,BKK,departure,18:40,KBV Krabi,FD4408,Thai AirAsia,1h 35m,True,2026-02-11T02:51:05.762491
2026-04-30,BKK,departure,18:40,KUL Kuala Lumpur,MH775,Malaysia Airlines,2h 15m,True,2026-02-11T02:51:06.037069
2026-04-30,BKK,departure,18:45,HAN Hanoi,VJ904,VietJet,1h 40m,True,2026-02-11T02:51:06.261583
2026-04-30,BKK,departure,18:45,KBV Krabi,VZ344,Vietjet Thailand,1h 25m,True,2026-02-11T02:51:06.454058
2026-04-30,BKK,departure,18:50,PVG Shanghai,9C8892,Spring Airlines,4h 40m,True,2026-02-11T02:51:06.668191
2026-04-30,BKK,departure,18:50,DEL Delhi,TG315,Thai Airways,4h 30m,True,2026-02-11T02:51:06.906211
2026-04-30,BKK,departure,18:55,BOM Mumbai,TG317,Thai Airways,4h 30m,True,2026-02-11T02:51:07.126489
2026-04-30,BKK,departure,19:00,HKG Hong Kong,CX704,Cathay Pacific,2h 55m,True,2026-02-11T02:51:07.353103
2026-04-30,BKK,departure,19:00,CAN Guangzhou,CZ364,China Southern,3h 10m,True,2026-02-11T02:51:07.574438
2026-04-30,BKK,departure,19:00,KHI Karachi,TG341,Thai Airways,5h 0m,True,2026-02-11T02:51:07.794556
2026-04-30,BKK,departure,19:00,CNX Chiang Mai,VZ2106,Vietjet Thailand,1h 20m,True,2026-02-11T02:51:08.014348
2026-04-30,BKK,departure,19:05,HAN Hanoi,VN618,Vietnam Airlines,1h 55m,True,2026-02-11T02:51:08.218072
2026-04-30,BKK,departure,19:10,KKC Khon Kaen,FD4503,Thai AirAsia,1h 10m,True,2026-02-11T02:51:08.440294
2026-04-30,BKK,departure,19:10,PVG Shanghai,FM856,Shanghai Airlines,4h 55m,True,2026-02-11T02:51:08.669676
2026-04-30,BKK,departure,19:10,HKT Phuket,TG221,Thai Airways,1h 30m,True,2026-02-11T02:51:08.884210
2026-04-30,BKK,departure,19:10,SIN Singapore,TG401,Thai Airways,2h 20m,True,2026-02-11T02:51:09.121281
2026-04-30,BKK,departure,19:10,MCT Muscat,WY816,Oman Air,5h 50m,True,2026-02-11T02:51:09.335547
2026-04-30,BKK,departure,19:15,CNX Chiang Mai,TG120,Thai Airways,1h 15m,True,2026-02-11T02:51:09.579625
2026-04-30,BKK,departure,19:20,RGN Yangon,8M332,MAI,1h 20m,True,2026-02-11T02:51:09.851589
2026-04-30,BKK,departure,19:20,HAK Haikou,HU722,Hainan Airlines,2h 25m,True,2026-02-11T02:51:10.127371
2026-04-30,BKK,departure,19:20,USM Koh Samui,PG185,Bangkok Airways,1h 30m,True,2026-02-11T02:51:10.408792
2026-04-30,BKK,departure,19:20,PEN Penang,TG425,Thai Airways,1h 50m,True,2026-02-11T02:51:10.677295
2026-04-30,BKK,departure,19:25,USM Koh Samui,PG183,Bangkok Airways,1h 5m,True,2026-02-11T02:51:11.009667
2026-04-30,BKK,departure,19:30,KMG Kunming,KY8370,Kunming Airlines,2h 35m,True,2026-02-11T02:51:11.274143
2026-04-30,BKK,departure,19:30,SZX Shenzhen,ZH308,Shenzhen Airlines,2h 55m,True,2026-02-11T02:51:11.571743
2026-04-30,BKK,departure,19:30,SGN Ho Chi Minh City,VN606,Vietnam Airlines,1h 45m,True,2026-02-11T02:51:11.867937
2026-04-30,BKK,departure,19:30,MNL Manila,PR737,PAL,3h 35m,True,2026-02-11T02:51:12.159051
2026-04-30,BKK,departure,19:35,PEK Beijing,CA960,Air China,4h 50m,True,2026-02-11T02:51:12.427224
2026-04-30,BKK,departure,19:40,HKT Phuket,VZ308,Vietjet Thailand,1h 30m,True,2026-02-11T02:51:12.668825
2026-04-30,BKK,departure,19:40,MEL Melbourne,TG465,Thai Airways,8h 50m,True,2026-02-11T02:51:12.928173
2026-04-30,BKK,departure,19:40,DOH Doha,QR835,Qatar Airways,6h 55m,True,2026-02-11T02:51:13.211474
2026-04-30,BKK,departure,19:45,HKT Phuket,PG279,Bangkok Airways,1h 30m,True,2026-02-11T02:51:13.512972
2026-04-30,BKK,departure,19:45,UTH Udon Thani,TG8,Thai Airways,1h 10m,True,2026-02-11T02:51:13.738981
2026-04-30,BKK,departure,19:45,HKG Hong Kong,UO703,HK Express,2h 55m,True,2026-02-11T02:51:13.983978
2026-04-30,BKK,departure,19:45,HDY Hat Yai,VZ328,Vietjet Thailand,1h 30m,True,2026-02-11T02:51:14.192239
2026-04-30,BKK,departure,19:45,KUL Kuala Lumpur,MH781,Malaysia Airlines,2h 10m,True,2026-02-11T02:51:14.433029
2026-04-30,BKK,departure,19:50,LHE Lahore,TG345,Thai Airways,4h 40m,True,2026-02-11T02:51:14.664842
2026-04-30,BKK,departure,19:55,CKG Chongqing,3U3772,Sichuan Airlines,3h 15m,True,2026-02-11T02:51:14.962283
2026-04-30,BKK,departure,19:55,SGN Ho Chi Minh City,VJ806,VietJet,1h 30m,True,2026-02-11T02:51:15.202337
2026-04-30,BKK,departure,20:00,TPE Taipei,VZ570,Vietjet Thailand,3h 50m,True,2026-02-11T02:51:15.443149
2026-04-30,BKK,departure,20:00,AMD Ahmedabad,VZ750,Vietjet Thailand,4h 25m,True,2026-02-11T02:51:15.701746
2026-04-30,BKK,departure,20:05,USM Koh Samui,PG193,Bangkok Airways,1h 30m,True,2026-02-11T02:51:15.951506
2026-04-30,BKK,departure,20:10,SAI Siem Reap,EK370,Emirates,1h 20m,True,2026-02-11T02:51:16.233360
2026-04-30,BKK,departure,20:15,BOM Mumbai,6E1060,IndiGo,4h 25m,True,2026-02-11T02:51:16.491924
2026-04-30,BKK,departure,20:15,CNX Chiang Mai,FD4116,Thai AirAsia,1h 20m,True,2026-02-11T02:51:16.755630
2026-04-30,BKK,departure,20:15,HKT Phuket,FD4419,Thai AirAsia,1h 30m,True,2026-02-11T02:51:16.983363
2026-04-30,BKK,departure,20:15,BAH Bahrain,GF153,Gulf Air,6h 40m,True,2026-02-11T02:51:17.212012
2026-04-30,BKK,departure,20:15,SIN Singapore,SQ713,Singapore Airlines,2h 25m,True,2026-02-11T02:51:17.442365
2026-04-30,BKK,departure,20:20,BOM Mumbai,AI2338,Air India,4h 50m,True,2026-02-11T02:51:17.677027
2026-04-30,BKK,departure,20:20,CAN Guangzhou,CZ8020,China Southern,3h 0m,True,2026-02-11T02:51:18.050433
2026-04-30,BKK,departure,20:35,KMG Kunming,KY8368,Kunming Airlines,2h 5m,True,2026-02-11T02:51:18.351915
2026-04-30,BKK,departure,20:35,SIN Singapore,TR617,Scoot,2h 30m,True,2026-02-11T02:51:18.646950
2026-04-30,BKK,departure,20:35,DOH Doha,QR829,Qatar Airways,6h 55m,True,2026-02-11T02:51:19.340620
2026-04-30,BKK,departure,20:40,CNX Chiang Mai,VZ118,Vietjet Thailand,1h 20m,True,2026-02-11T02:51:19.646656
2026-04-30,BKK,departure,20:45,RGN Yangon,8M351,MAI,1h 20m,True,2026-02-11T02:51:19.934386
2026-04-30,BKK,departure,20:50,KMG Kunming,MU9614,China Eastern,2h 30m,True,2026-02-11T02:51:20.226857
2026-04-30,BKK,departure,20:50,VTE Vientiane,QV446,Lao Airlines,1h 0m,True,2026-02-11T02:51:20.540895
2026-04-30,BKK,departure,21:00,AUH Abu Dhabi,EY407,Etihad,6h 30m,True,2026-02-11T02:51:20.852955
2026-04-30,BKK,departure,21:00,AMD Ahmedabad,TG343,Thai Airways,4h 40m,True,2026-02-11T02:51:21.182386
2026-04-30,BKK,departure,21:00,HKT Phuket,VZ312,Vietjet Thailand,1h 30m,True,2026-02-11T02:51:21.481044
2026-04-30,BKK,departure,21:05,SGN Ho Chi Minh City,VN608,Vietnam Airlines,1h 55m,True,2026-02-11T02:51:21.778267
2026-04-30,BKK,departure,21:05,BOM Mumbai,VZ760,Vietjet Thailand,4h 15m,True,2026-02-11T02:51:22.064771
2026-04-30,BKK,departure,21:10,DXB Dubai,EK373,Emirates,6h 40m,True,2026-02-11T02:51:22.369877
2026-04-30,BKK,departure,21:15,SIN Singapore,SQ719,Singapore Airlines,2h 20m,True,2026-02-11T02:51:22.679985
2026-04-30,BKK,departure,21:15,KTM Kathmandu,TG309,Thai Airways,3h 25m,True,2026-02-11T02:51:22.968008
2026-04-30,BKK,departure,21:30,HKT Phuket,PG287,Bangkok Airways,1h 30m,True,2026-02-11T02:51:23.321277
2026-04-30,BKK,departure,21:35,HND Tokyo,NH850,ANA,6h 25m,True,2026-02-11T02:51:23.668022
2026-04-30,BKK,departure,21:40,TFU Chengdu,EU2868,Chengdu Airlines,3h 0m,True,2026-02-11T02:51:23.969925
2026-04-30,BKK,departure,21:40,BNE Brisbane,JQ66,Jetstar,8h 50m,True,2026-02-11T02:51:24.274411
2026-04-30,BKK,departure,21:40,ICN Seoul,KE658,Korean Air,5h 25m,True,2026-02-11T02:51:24.559182
2026-04-30,BKK,departure,21:40,CMB Colombo,TG307,Thai Airways,3h 45m,True,2026-02-11T02:51:24.857508
2026-04-30,BKK,departure,21:40,RGN Yangon,UB18,Myanmar National Airlines,1h 25m,True,2026-02-11T02:51:25.155568
2026-04-30,BKK,departure,21:40,MEL Melbourne,JQ30,Jetstar,8h 45m,True,2026-02-11T02:51:25.429632
2026-04-30,BKK,departure,21:50,BLR Bengaluru,TG325,Thai Airways,3h 35m,True,2026-02-11T02:51:25.718085
2026-04-30,BKK,departure,21:50,HYD Hyderabad,TG329,Thai Airways,3h 30m,True,2026-02-11T02:51:26.037520
2026-04-30,BKK,departure,21:55,CAN Guangzhou,9C7420,Spring Airlines,3h 5m,True,2026-02-11T02:51:26.323043
2026-04-30,BKK,departure,21:55,PVG Shanghai,FM840,Shanghai Airlines,4h 50m,True,2026-02-11T02:51:26.635507
2026-04-30,BKK,departure,21:55,MAA Chennai,TG337,Thai Airways,3h 20m,True,2026-02-11T02:51:26.911242
2026-04-30,BKK,departure,21:55,CNX Chiang Mai,VZ2104,Vietjet Thailand,1h 20m,True,2026-02-11T02:51:27.210648
2026-04-30,BKK,departure,22:00,HKG Hong Kong,HX766,Hong Kong Airlines,3h 15m,True,2026-02-11T02:51:27.507269
2026-04-30,BKK,departure,22:05,HND Tokyo,JL34,JAL,6h 15m,True,2026-02-11T02:51:27.818924
2026-04-30,BKK,departure,22:10,NRT Tokyo,TG640,Thai Airways,6h 10m,True,2026-02-11T02:51:28.087761
2026-04-30,BKK,departure,22:15,HAN Hanoi,VN616,Vietnam Airlines,1h 55m,True,2026-02-11T02:51:28.411868
2026-04-30,BKK,departure,22:15,HKT Phuket,VZ316,Vietjet Thailand,1h 30m,True,2026-02-11T02:51:28.776608
2026-04-30,BKK,departure,22:20,ICN Seoul,BX728,Air Busan,5h 45m,True,2026-02-11T02:51:29.145372
2026-04-30,BKK,departure,22:20,SYD Sydney,TG471,Thai Airways,9h 0m,True,2026-02-11T02:51:29.561229
2026-04-30,BKK,departure,22:25,ICN Seoul,LJ2,Jin Air,5h 40m,True,2026-02-11T02:51:29.911705
2026-04-30,BKK,departure,22:25,DEL Delhi,AI2303,Air India,4h 45m,True,2026-02-11T02:51:30.277059
2026-04-30,BKK,departure,22:35,FRA Frankfurt,DE2363,Condor,12h 25m,True,2026-02-11T02:51:30.607504
2026-04-30,BKK,departure,22:45,HND Tokyo,TG682,Thai Airways,6h 10m,True,2026-02-11T02:51:30.922713
2026-04-30,BKK,departure,22:45,ICN Seoul,YP602,Air Premia,5h 30m,True,2026-02-11T02:51:31.271966
2026-04-30,BKK,departure,22:45,IST Istanbul,TK69,Turkish Airlines,10h 0m,True,2026-02-11T02:51:31.637686
2026-04-30,BKK,departure,22:45,MFM Macau,NX991,Air Macau,2h 45m,True,2026-02-11T02:51:31.977100
2026-04-30,BKK,departure,22:50,CRK Angeles,5J944,Cebu Pacific,3h 25m,True,2026-02-11T02:51:32.238754
2026-04-30,BKK,departure,22:55,PUS Busan,BX726,Air Busan,5h 25m,True,2026-02-11T02:51:32.505731
2026-04-30,BKK,departure,22:55,MUC Munich,LH773,Lufthansa,11h 20m,True,2026-02-11T02:51:32.805548
2026-04-30,BKK,departure,22:55,SIN Singapore,TR615,Scoot,2h 30m,True,2026-02-11T02:51:33.062941
2026-04-30,BKK,departure,23:10,ICN Seoul,TG658,Thai Airways,5h 25m,True,2026-02-11T02:51:33.321557
2026-04-30,BKK,departure,23:10,NRT Tokyo,ZG52,Zipair,6h 20m,True,2026-02-11T02:51:33.611085
2026-04-30,BKK,departure,23:15,DEL Delhi,TG331,Thai Airways,4h 30m,True,2026-02-11T02:51:33.858275
2026-04-30,BKK,departure,23:15,IST Istanbul,TK53,Turkish Airlines,10h 15m,True,2026-02-11T02:51:34.111940
2026-04-30,BKK,departure,23:25,RGN Yangon,8M373,MAI,1h 20m,True,2026-02-11T02:51:34.381645
2026-04-30,BKK,departure,23:30,ICN Seoul,TG656,Thai Airways,5h 25m,True,2026-02-11T02:51:34.656270
2026-04-30,BKK,departure,23:30,ICN Seoul,KE652,Korean Air,5h 25m,True,2026-02-11T02:51:34.929473
2026-04-30,BKK,departure,23:35,IST Istanbul,TG900,Thai Airways,10h 0m,True,2026-02-11T02:51:35.211194
2026-04-30,BKK,departure,23:35,NRT Tokyo,VZ830,Vietjet Thailand,6h 20m,True,2026-02-11T02:51:35.521433
2026-04-30,BKK,departure,23:40,VIE Vienna,OS8,Austrian,10h 55m,True,2026-02-11T02:51:35.834322
2026-04-30,BKK,departure,23:40,PUS Busan,LJ22,Jin Air,5h 20m,True,2026-02-11T02:51:36.097571
2026-04-30,BKK,departure,23:40,MNL Manila,PR733,PAL,3h 25m,True,2026-02-11T02:51:36.409658
2026-04-30,BKK,departure,23:45,CCU Kolkata,TG313,Thai Airways,2h 30m,True,2026-02-11T02:51:36.760056
2026-04-30,BKK,departure,23:45,CTS Sapporo,TG670,Thai Airways,6h 45m,True,2026-02-11T02:51:37.081276
2026-04-30,BKK,departure,23:45,FRA Frankfurt,TG920,Thai Airways,11h 30m,True,2026-02-11T02:51:37.486973
2026-04-30,BKK,departure,23:50,DAC Dhaka,TG339,Thai Airways,2h 35m,True,2026-02-11T02:51:37.851091
2026-04-30,BKK,departure,23:50,NRT Tokyo,TG642,Thai Airways,6h 20m,True,2026-02-11T02:51:38.195316
2026-04-30,BKK,departure,23:55,TLV Tel Aviv-Yafo,LY82,El Al,10h 50m,True,2026-02-11T02:51:38.594985
2026-04-30,BKK,departure,23:59,KIX Osaka,TG622,Thai Airways,5h 31m,True,2026-02-11T02:51:38.976791
2026-04-30,BKK,arrival,00:00,PVG Shanghai,9C8755,Spring Airlines,5h 5m,True,2026-02-11T02:52:45.708762
2026-04-30,BKK,arrival,00:05,JED Jeddah,SV848,Saudia,8h 15m,True,2026-02-11T02:52:46.067906
2026-04-30,BKK,arrival,00:10,ICN Seoul,7C2503,Jeju Air,6h 5m,True,2026-02-11T02:52:46.401394
2026-04-30,BKK,arrival,00:10,PEK Beijing,CA979,Air China,5h 5m,True,2026-02-11T02:52:46.778536
2026-04-30,BKK,arrival,00:15,TFU Chengdu,3U3937,Sichuan Airlines,3h 20m,True,2026-02-11T02:52:47.154598
2026-04-30,BKK,arrival,00:25,HKG Hong Kong,HX779,Hong Kong Airlines,3h 20m,True,2026-02-11T02:52:47.505957
2026-04-30,BKK,arrival,00:30,PVG Shanghai,HO1351,Juneyao Airlines,4h 35m,True,2026-02-11T02:52:47.883167
2026-04-30,BKK,arrival,00:40,PVG Shanghai,MU547,China Eastern,4h 40m,True,2026-02-11T02:52:48.237649
2026-04-30,BKK,arrival,00:50,HAN Hanoi,ET609,Ethiopian,1h 30m,True,2026-02-11T02:52:48.574116
2026-04-30,BKK,arrival,00:50,HKG Hong Kong,HX759,Hong Kong Airlines,3h 0m,True,2026-02-11T02:52:48.911587
2026-04-30,BKK,arrival,00:50,XMN Xiamen,MF843,XiamenAir,3h 30m,True,2026-02-11T02:52:49.247933
2026-04-30,BKK,arrival,01:05,TAE Daegu,TW105,T´Way Air,5h 40m,True,2026-02-11T02:52:49.586034
2026-04-30,BKK,arrival,01:10,DAD Da Nang,EK371,Emirates,1h 40m,True,2026-02-11T02:52:49.924348
2026-04-30,BKK,arrival,01:10,NKG Nanjing,MU2803,China Eastern,4h 0m,True,2026-02-11T02:52:50.255356
2026-04-30,BKK,arrival,01:15,CAN Guangzhou,MU2077,China Eastern,3h 10m,True,2026-02-11T02:52:50.605592
2026-04-30,BKK,arrival,01:20,XIY Xian,9C6251,Spring Airlines,4h 10m,True,2026-02-11T02:52:50.904057
2026-04-30,BKK,arrival,01:25,RGN Yangon,8M390,MAI,1h 20m,True,2026-02-11T02:52:51.203222
2026-04-30,BKK,arrival,01:25,TPE Taipei,CI837,China Airlines,3h 45m,True,2026-02-11T02:52:51.511332
2026-04-30,BKK,arrival,01:25,TNA Jinan,SC8075,Shandong Airlines,4h 50m,True,2026-02-11T02:52:51.816466
2026-04-30,BKK,arrival,01:30,CAN Guangzhou,CZ3035,China Southern,2h 55m,True,2026-02-11T02:52:52.107272
2026-04-30,BKK,arrival,01:40,HKG Hong Kong,HX767,Hong Kong Airlines,3h 0m,True,2026-02-11T02:52:52.423526
2026-04-30,BKK,arrival,01:50,MNL Manila,5J931,Cebu Pacific,3h 40m,True,2026-02-11T02:52:52.733479
2026-04-30,BKK,arrival,01:55,PVG Shanghai,FM841,Shanghai Airlines,4h 40m,True,2026-02-11T02:52:52.987472
2026-04-30,BKK,arrival,02:15,SZX Shenzhen,ZH305,Shenzhen Airlines,3h 0m,True,2026-02-11T02:52:53.293232
2026-04-30,BKK,arrival,03:00,DEL Delhi,SG87,SpiceJet,4h 10m,True,2026-02-11T02:52:53.703206
2026-04-30,BKK,arrival,03:05,XIY Xian,GJ8907,Loong Air,4h 10m,True,2026-02-11T02:52:54.087393
2026-04-30,BKK,arrival,03:20,WUH Wuhan,MU2563,China Eastern,4h 25m,True,2026-02-11T02:52:54.459912
2026-04-30,BKK,arrival,04:05,PVG Shanghai,FM847,Shanghai Airlines,4h 50m,True,2026-02-11T02:52:54.834763
2026-04-30,BKK,arrival,04:35,HND Tokyo,NH849,ANA,6h 30m,True,2026-02-11T02:52:55.184481
2026-04-30,BKK,arrival,04:40,KIX Osaka,JL727,JAL,5h 45m,True,2026-02-11T02:52:55.537899
2026-04-30,BKK,arrival,04:45,PNQ Pune,6E1095,IndiGo,4h 15m,True,2026-02-11T02:52:55.854580
2026-04-30,BKK,arrival,04:50,HND Tokyo,TG661,Thai Airways,6h 30m,True,2026-02-11T02:52:56.130819
2026-04-30,BKK,arrival,05:05,CCU Kolkata,VZ771,Vietjet Thailand,2h 35m,True,2026-02-11T02:52:56.426262
2026-04-30,BKK,arrival,05:10,KTM Kathmandu,TG310,Thai Airways,3h 30m,True,2026-02-11T02:52:56.740862
2026-04-30,BKK,arrival,05:10,IST Istanbul,TK58,Turkish Airlines,9h 20m,True,2026-02-11T02:52:57.030722
2026-04-30,BKK,arrival,05:25,DEL Delhi,TG316,Thai Airways,4h 25m,True,2026-02-11T02:52:57.380076
2026-04-30,BKK,arrival,05:30,HEL Helsinki,AY141,Finnair,11h 25m,True,2026-02-11T02:52:57.750110
2026-04-30,BKK,arrival,05:30,ZRH Zurich,TG971,Thai Airways,11h 0m,True,2026-02-11T02:52:58.305582
2026-04-30,BKK,arrival,05:35,BOM Mumbai,TG318,Thai Airways,4h 30m,True,2026-02-11T02:52:58.779034
2026-04-30,BKK,arrival,05:35,BRU Brussels,TG935,Thai Airways,11h 5m,True,2026-02-11T02:52:59.294773
2026-04-30,BKK,arrival,05:40,IST Istanbul,TG901,Thai Airways,9h 10m,True,2026-02-11T02:52:59.799699
2026-04-30,BKK,arrival,05:50,HND Tokyo,JL33,JAL,6h 30m,True,2026-02-11T02:53:01.157949
2026-04-30,BKK,arrival,05:50,ARN Stockholm,TG961,Thai Airways,11h 0m,True,2026-02-11T02:53:01.580463
2026-04-30,BKK,arrival,05:55,CDG Paris,TG931,Thai Airways,11h 15m,True,2026-02-11T02:53:02.023036
2026-04-30,BKK,arrival,05:55,MXP Milan,TG941,Thai Airways,10h 50m,True,2026-02-11T02:53:02.394221
2026-04-30,BKK,arrival,06:00,HND Tokyo,NH877,ANA,6h 30m,True,2026-02-11T02:53:02.815800
2026-04-30,BKK,arrival,06:00,CPH Copenhagen,TG951,Thai Airways,10h 35m,True,2026-02-11T02:53:03.168595
2026-04-30,BKK,arrival,06:00,LHR London,TG911,Thai Airways,11h 30m,True,2026-02-11T02:53:03.527923
2026-04-30,BKK,arrival,06:00,MEL Melbourne,TG462,Thai Airways,9h 30m,True,2026-02-11T02:53:03.893111
2026-04-30,BKK,arrival,06:05,MUC Munich,TG925,Thai Airways,10h 40m,True,2026-02-11T02:53:04.341484
2026-04-30,BKK,arrival,06:10,CCU Kolkata,TG314,Thai Airways,2h 40m,True,2026-02-11T02:53:07.191805
2026-04-30,BKK,arrival,06:10,CMB Colombo,TG308,Thai Airways,3h 45m,True,2026-02-11T02:53:07.297317
2026-04-30,BKK,arrival,06:10,MAA Chennai,TG338,Thai Airways,3h 30m,True,2026-02-11T02:53:07.416960
2026-04-30,BKK,arrival,06:15,AUH Abu Dhabi,EY408,Etihad,6h 35m,True,2026-02-11T02:53:07.546805
2026-04-30,BKK,arrival,06:15,DAC Dhaka,TG340,Thai Airways,2h 30m,True,2026-02-11T02:53:07.654068
2026-04-30,BKK,arrival,06:15,HYD Hyderabad,TG330,Thai Airways,3h 35m,True,2026-02-11T02:53:07.758669
2026-04-30,BKK,arrival,06:15,OSL Oslo,TG955,Thai Airways,11h 30m,True,2026-02-11T02:53:07.861691
2026-04-30,BKK,arrival,06:15,CMB Colombo,UL402,SriLankan Airlines,3h 40m,True,2026-02-11T02:53:07.959461
2026-04-30,BKK,arrival,06:20,BLR Bengaluru,TG326,Thai Airways,3h 55m,True,2026-02-11T02:53:08.056496
2026-04-30,BKK,arrival,06:25,FRA Frankfurt,TG921,Thai Airways,10h 40m,True,2026-02-11T02:53:08.154134
2026-04-30,BKK,arrival,06:25,ISB Islamabad,TG350,Thai Airways,5h 5m,True,2026-02-11T02:53:08.250754
2026-04-30,BKK,arrival,06:40,BOM Mumbai,VZ761,Vietjet Thailand,4h 25m,True,2026-02-11T02:53:08.347214
2026-04-30,BKK,arrival,06:45,AUH Abu Dhabi,EY402,Etihad,6h 35m,True,2026-02-11T02:53:08.441773
2026-04-30,BKK,arrival,06:55,RUN Saint Denis de la Reunion,UU887,Air Austral,7h 55m,True,2026-02-11T02:53:08.536684
2026-04-30,BKK,arrival,06:55,MCT Muscat,WY817,Oman Air,6h 5m,True,2026-02-11T02:53:08.629831
2026-04-30,BKK,arrival,07:00,AMD Ahmedabad,TG344,Thai Airways,4h 25m,True,2026-02-11T02:53:08.721916
2026-04-30,BKK,arrival,07:05,DOH Doha,QR830,Qatar Airways,6h 25m,True,2026-02-11T02:53:08.814186
2026-04-30,BKK,arrival,07:15,USM Koh Samui,PG100,Bangkok Airways,1h 15m,True,2026-02-11T02:53:08.910441
2026-04-30,BKK,arrival,07:35,DXB Dubai,EK374,Emirates,6h 5m,True,2026-02-11T02:53:09.005092
2026-04-30,BKK,arrival,07:40,DEL Delhi,AI2336,Air India,4h 30m,True,2026-02-11T02:53:09.096524
2026-04-30,BKK,arrival,07:50,SHJ Sharjah,G9821,Air Arabia,6h 35m,True,2026-02-11T02:53:09.191643
2026-04-30,BKK,arrival,07:55,BLR Bengaluru,6E1055,IndiGo,4h 5m,True,2026-02-11T02:53:09.288925
2026-04-30,BKK,arrival,07:55,CNX Chiang Mai,FD4105,Thai AirAsia,1h 20m,True,2026-02-11T02:53:09.400735
2026-04-30,BKK,arrival,07:55,CNX Chiang Mai,VZ2105,Vietjet Thailand,1h 20m,True,2026-02-11T02:53:09.506559
2026-04-30,BKK,arrival,08:05,SIN Singapore,SQ706,Singapore Airlines,2h 25m,True,2026-02-11T02:53:09.598436
2026-04-30,BKK,arrival,08:05,SIN Singapore,TR608,Scoot,2h 35m,True,2026-02-11T02:53:09.707430
2026-04-30,BKK,arrival,08:20,CAN Guangzhou,9C8893,Spring Airlines,3h 5m,True,2026-02-11T02:53:09.804700
2026-04-30,BKK,arrival,08:30,MCT Muscat,OV463,Salam Air,6h 0m,True,2026-02-11T02:53:09.896288
2026-04-30,BKK,arrival,08:35,RGN Yangon,UB19,Myanmar National Airlines,1h 25m,True,2026-02-11T02:53:09.988444
2026-04-30,BKK,arrival,08:40,VTE Vientiane,QV441,Lao Airlines,1h 15m,True,2026-02-11T02:53:10.085421
2026-04-30,BKK,arrival,08:40,BOM Mumbai,TG352,Thai Airways,4h 30m,True,2026-02-11T02:53:10.180117
2026-04-30,BKK,arrival,08:55,ALA Almaty,KC931,Air Astana,6h 40m,True,2026-02-11T02:53:10.273461
2026-04-30,BKK,arrival,08:55,PEN Penang,TG426,Thai Airways,1h 50m,True,2026-02-11T02:53:10.367982
2026-04-30,BKK,arrival,09:00,HKT Phuket,VZ317,Vietjet Thailand,1h 30m,True,2026-02-11T02:53:10.459546
2026-04-30,BKK,arrival,09:05,MAA Chennai,6E1061,IndiGo,3h 35m,True,2026-02-11T02:53:10.554184
2026-04-30,BKK,arrival,09:05,USM Koh Samui,PG102,Bangkok Airways,1h 15m,True,2026-02-11T02:53:10.653049
2026-04-30,BKK,arrival,09:10,CDG Paris,AF198,Air France,11h 20m,True,2026-02-11T02:53:10.748879
2026-04-30,BKK,arrival,09:10,HKT Phuket,PG270,Bangkok Airways,1h 35m,True,2026-02-11T02:53:10.851172
2026-04-30,BKK,arrival,09:15,RGN Yangon,8M335,MAI,1h 20m,True,2026-02-11T02:53:10.957798
2026-04-30,BKK,arrival,09:15,DEL Delhi,TG332,Thai Airways,4h 25m,True,2026-02-11T02:53:11.063136
2026-04-30,BKK,arrival,09:15,NST Nakhon Si Thammarat,VZ331,Vietjet Thailand,1h 15m,True,2026-02-11T02:53:11.167134
2026-04-30,BKK,arrival,09:20,SIN Singapore,TG402,Thai Airways,2h 20m,True,2026-02-11T02:53:11.309179
2026-04-30,BKK,arrival,09:25,VIE Vienna,BR62,EVA Air,10h 40m,True,2026-02-11T02:53:11.434186
2026-04-30,BKK,arrival,09:25,USM Koh Samui,PG104,Bangkok Airways,1h 15m,True,2026-02-11T02:53:11.544018
2026-04-30,BKK,arrival,09:25,HKG Hong Kong,UO704,HK Express,3h 0m,True,2026-02-11T02:53:11.645334
2026-04-30,BKK,arrival,09:25,CNX Chiang Mai,VZ101,Vietjet Thailand,1h 20m,True,2026-02-11T02:53:11.747495
2026-04-30,BKK,arrival,09:30,KTI Phnom Penh,K6722,Air Cambodia,1h 15m,True,2026-02-11T02:53:11.861293
2026-04-30,BKK,arrival,09:30,AMS Amsterdam,KL843,KLM,11h 15m,True,2026-02-11T02:53:11.958748
2026-04-30,BKK,arrival,09:30,HKG Hong Kong,TG603,Thai Airways,2h 40m,True,2026-02-11T02:53:12.053263
2026-04-30,BKK,arrival,09:35,MFM Macau,NX996,Air Macau,2h 55m,True,2026-02-11T02:53:12.142242
2026-04-30,BKK,arrival,09:35,KKC Khon Kaen,TG41,Thai Airways,1h 5m,True,2026-02-11T02:53:12.234513
2026-04-30,BKK,arrival,09:35,HKG Hong Kong,UA820,United,2h 55m,True,2026-02-11T02:53:12.335182
2026-04-30,BKK,arrival,09:45,TPE Taipei,CI833,China Airlines,3h 45m,True,2026-02-11T02:53:12.460728
2026-04-30,BKK,arrival,09:45,BAH Bahrain,GF152,Gulf Air,7h 0m,True,2026-02-11T02:53:12.603006
2026-04-30,BKK,arrival,09:45,USM Koh Samui,PG110,Bangkok Airways,1h 15m,True,2026-02-11T02:53:12.703917
2026-04-30,BKK,arrival,09:45,KKC Khon Kaen,VZ211,Vietjet Thailand,1h 5m,True,2026-02-11T02:53:12.796641
2026-04-30,BKK,arrival,09:50,NNG Nanning,GX8909,GX Airlines,2h 20m,True,2026-02-11T02:53:12.889683
2026-04-30,BKK,arrival,09:50,ZRH Zurich,LX180,SWISS,10h 55m,True,2026-02-11T02:53:12.988244
2026-04-30,BKK,arrival,09:50,UTH Udon Thani,TG3,Thai Airways,1h 10m,True,2026-02-11T02:53:13.080448
2026-04-30,BKK,arrival,09:55,SIN Singapore,TR624,Scoot,2h 35m,True,2026-02-11T02:53:13.175287
2026-04-30,BKK,arrival,09:55,CEI Chiang Rai,VZ131,Vietjet Thailand,1h 25m,True,2026-02-11T02:53:13.272187
2026-04-30,BKK,arrival,10:00,HKG Hong Kong,CX705,Cathay Pacific,3h 0m,True,2026-02-11T02:53:13.363190
2026-04-30,BKK,arrival,10:00,CEI Chiang Rai,FD4151,Thai AirAsia,1h 25m,True,2026-02-11T02:53:13.486657
2026-04-30,BKK,arrival,10:00,HAK Haikou,HU7939,Hainan Airlines,2h 25m,True,2026-02-11T02:53:13.591895
2026-04-30,BKK,arrival,10:00,USM Koh Samui,PG106,Bangkok Airways,1h 15m,True,2026-02-11T02:53:13.697837
2026-04-30,BKK,arrival,10:00,UBP Ubon Ratchathani,TG21,Thai Airways,1h 15m,True,2026-02-11T02:53:13.802563
2026-04-30,BKK,arrival,10:05,MNL Manila,5J929,Cebu Pacific,3h 40m,True,2026-02-11T02:53:13.919274
2026-04-30,BKK,arrival,10:05,SVX Yekaterinburg,SU652,Aeroflot,8h 35m,True,2026-02-11T02:53:14.019408
2026-04-30,BKK,arrival,10:05,SGN Ho Chi Minh City,VJ801,VietJet,1h 30m,True,2026-02-11T02:53:14.133115
2026-04-30,BKK,arrival,10:10,UTH Udon Thani,FD4351,Thai AirAsia,1h 10m,True,2026-02-11T02:53:14.243394
2026-04-30,BKK,arrival,10:10,THS Sukhothai,PG212,Bangkok Airways,1h 15m,True,2026-02-11T02:53:14.369003
2026-04-30,BKK,arrival,10:15,KUL Kuala Lumpur,MH784,Malaysia Airlines,2h 15m,True,2026-02-11T02:53:14.460694
2026-04-30,BKK,arrival,10:20,XIY Xian,9C6299,Spring Airlines,4h 10m,True,2026-02-11T02:53:14.554769
2026-04-30,BKK,arrival,10:20,CAN Guangzhou,CZ357,China Southern,3h 5m,True,2026-02-11T02:53:14.653179
2026-04-30,BKK,arrival,10:20,SHJ Sharjah,G9823,Air Arabia,6h 35m,True,2026-02-11T02:53:14.757674
2026-04-30,BKK,arrival,10:20,KWI Kuwait,KU411,Kuwait Airways,7h 10m,True,2026-02-11T02:53:14.854615
2026-04-30,BKK,arrival,10:20,SGN Ho Chi Minh City,VN601,Vietnam Airlines,1h 35m,True,2026-02-11T02:53:14.951518
2026-04-30,BKK,arrival,10:25,TPE Taipei,BR75,EVA Air,3h 55m,True,2026-02-11T02:53:15.061192
2026-04-30,BKK,arrival,10:25,KBV Krabi,VZ341,Vietjet Thailand,1h 25m,True,2026-02-11T02:53:15.156471
2026-04-30,BKK,arrival,10:30,MDL Mandalay,8M337,MAI,1h 50m,True,2026-02-11T02:53:15.254367
2026-04-30,BKK,arrival,10:30,KTI Phnom Penh,KR701,Cambodia Airways,1h 15m,True,2026-02-11T02:53:15.363893
2026-04-30,BKK,arrival,10:30,USM Koh Samui,PG108,Bangkok Airways,1h 30m,True,2026-02-11T02:53:15.466318
2026-04-30,BKK,arrival,10:30,USM Koh Samui,PG122,Bangkok Airways,1h 15m,True,2026-02-11T02:53:15.596278
2026-04-30,BKK,arrival,10:30,HKT Phuket,VZ315,Vietjet Thailand,1h 30m,True,2026-02-11T02:53:15.706382
2026-04-30,BKK,arrival,10:35,CKG Chongqing,HU423,Hainan Airlines,3h 20m,True,2026-02-11T02:53:15.808896
2026-04-30,BKK,arrival,10:35,HDY Hat Yai,TG260,Thai Airways,1h 30m,True,2026-02-11T02:53:15.919534
2026-04-30,BKK,arrival,10:40,CNX Chiang Mai,FD4101,Thai AirAsia,1h 20m,True,2026-02-11T02:53:16.028908
2026-04-30,BKK,arrival,10:40,TPE Taipei,TG637,Thai Airways,3h 45m,True,2026-02-11T02:53:16.147657
2026-04-30,BKK,arrival,10:40,HDY Hat Yai,VZ321,Vietjet Thailand,1h 30m,True,2026-02-11T02:53:16.247531
2026-04-30,BKK,arrival,10:45,PVG Shanghai,9C8891,Spring Airlines,4h 50m,True,2026-02-11T02:53:16.345709
2026-04-30,BKK,arrival,10:45,TDX Trat,PG302,Bangkok Airways,1h 0m,True,2026-02-11T02:53:16.454961
2026-04-30,BKK,arrival,10:50,HDY Hat Yai,FD4203,Thai AirAsia,1h 30m,True,2026-02-11T02:53:16.554224
2026-04-30,BKK,arrival,10:50,URT Surat Thani,FD4213,Thai AirAsia,1h 25m,True,2026-02-11T02:53:16.652034
2026-04-30,BKK,arrival,10:50,CNX Chiang Mai,TG103,Thai Airways,1h 25m,True,2026-02-11T02:53:16.746484
2026-04-30,BKK,arrival,10:50,HAN Hanoi,VN611,Vietnam Airlines,2h 0m,True,2026-02-11T02:53:16.844482
2026-04-30,BKK,arrival,10:55,HYD Hyderabad,6E1067,IndiGo,3h 45m,True,2026-02-11T02:53:16.939660
2026-04-30,BKK,arrival,10:55,TPE Taipei,BR67,EVA Air,3h 55m,True,2026-02-11T02:53:17.036929
2026-04-30,BKK,arrival,10:55,KBV Krabi,TG242,Thai Airways,1h 25m,True,2026-02-11T02:53:17.135536
2026-04-30,BKK,arrival,10:55,CNX Chiang Mai,VZ115,Vietjet Thailand,1h 20m,True,2026-02-11T02:53:17.232484
2026-04-30,BKK,arrival,11:00,CAN Guangzhou,9C7419,Spring Airlines,3h 0m,True,2026-02-11T02:53:17.329305
2026-04-30,BKK,arrival,11:00,KBV Krabi,PG262,Bangkok Airways,1h 35m,True,2026-02-11T02:53:17.426518
2026-04-30,BKK,arrival,11:00,SAI Siem Reap,PG924,Bangkok Airways,1h 20m,True,2026-02-11T02:53:17.542268
2026-04-30,BKK,arrival,11:00,SIN Singapore,SQ708,Singapore Airlines,2h 30m,True,2026-02-11T02:53:17.678025
2026-04-30,BKK,arrival,11:00,KTI Phnom Penh,TG587,Thai Airways,1h 20m,True,2026-02-11T02:53:17.772436
2026-04-30,BKK,arrival,11:05,HKG Hong Kong,CX717,Cathay Pacific,3h 5m,True,2026-02-11T02:53:17.940618
2026-04-30,BKK,arrival,11:05,PVG Shanghai,TG663,Thai Airways,4h 35m,True,2026-02-11T02:53:18.176789
2026-04-30,BKK,arrival,11:10,TPE Taipei,BR211,EVA Air,3h 50m,True,2026-02-11T02:53:18.300452
2026-04-30,BKK,arrival,11:10,SWA Jieyang,CZ8355,China Southern,3h 10m,True,2026-02-11T02:53:18.427242
2026-04-30,BKK,arrival,11:10,HKT Phuket,TG202,Thai Airways,1h 30m,True,2026-02-11T02:53:18.574863
2026-04-30,BKK,arrival,11:10,SZX Shenzhen,ZH309,Shenzhen Airlines,3h 0m,True,2026-02-11T02:53:18.714043
2026-04-30,BKK,arrival,11:15,XMN Xiamen,MF853,XiamenAir,3h 25m,True,2026-02-11T02:53:18.840765
2026-04-30,BKK,arrival,11:15,ICN Seoul,OZ743,Asiana,6h 5m,True,2026-02-11T02:53:18.971729
2026-04-30,BKK,arrival,11:20,BOM Mumbai,6E1051,IndiGo,4h 40m,True,2026-02-11T02:53:19.107007
2026-04-30,BKK,arrival,11:20,SZX Shenzhen,CZ8075,China Southern,3h 25m,True,2026-02-11T02:53:19.234586
2026-04-30,BKK,arrival,11:20,USM Koh Samui,PG124,Bangkok Airways,1h 15m,True,2026-02-11T02:53:19.364053
2026-04-30,BKK,arrival,11:20,UTH Udon Thani,VZ201,Vietjet Thailand,1h 10m,True,2026-02-11T02:53:19.498191
2026-04-30,BKK,arrival,11:30,HKG Hong Kong,CX755,Cathay Pacific,3h 5m,True,2026-02-11T02:53:19.636702
2026-04-30,BKK,arrival,11:30,SGN Ho Chi Minh City,TG551,Thai Airways,1h 25m,True,2026-02-11T02:53:19.771822
2026-04-30,BKK,arrival,11:35,CNX Chiang Mai,PG216,Bangkok Airways,1h 25m,True,2026-02-11T02:53:19.898551
2026-04-30,BKK,arrival,11:40,CAN Guangzhou,CZ8079,China Southern,3h 0m,True,2026-02-11T02:53:20.028352
2026-04-30,BKK,arrival,11:40,SVO Moscow,SU272,Aeroflot,9h 15m,True,2026-02-11T02:53:20.161534
2026-04-30,BKK,arrival,11:40,CEI Chiang Rai,TG131,Thai Airways,1h 30m,True,2026-02-11T02:53:20.292974
2026-04-30,BKK,arrival,11:45,KBV Krabi,FD4403,Thai AirAsia,1h 25m,True,2026-02-11T02:53:20.424380
2026-04-30,BKK,arrival,11:45,HGH Hangzhou,JD419,Capital Airlines,4h 15m,True,2026-02-11T02:53:20.572362
2026-04-30,BKK,arrival,11:50,AUH Abu Dhabi,EY404,Etihad,6h 30m,True,2026-02-11T02:53:20.701487
2026-04-30,BKK,arrival,11:50,HKT Phuket,FD4125,Thai AirAsia,1h 35m,True,2026-02-11T02:53:20.838782
2026-04-30,BKK,arrival,11:50,IKT Irkutsk,SU658,Aeroflot,6h 40m,True,2026-02-11T02:53:20.963259
2026-04-30,BKK,arrival,11:50,HKT Phuket,TG204,Thai Airways,1h 35m,True,2026-02-11T02:53:21.112216
2026-04-30,BKK,arrival,11:50,HKT Phuket,VZ301,Vietjet Thailand,1h 30m,True,2026-02-11T02:53:21.262088
2026-04-30,BKK,arrival,11:55,HKT Phuket,PG272,Bangkok Airways,1h 35m,True,2026-02-11T02:53:21.412042
2026-04-30,BKK,arrival,12:00,TPE Taipei,JX741,Starlux,4h 0m,True,2026-02-11T02:53:21.560640
2026-04-30,BKK,arrival,12:05,IST Istanbul,TK52,Turkish Airlines,9h 50m,True,2026-02-11T02:53:21.703184
2026-04-30,BKK,arrival,12:10,TPE Taipei,CI831,China Airlines,3h 45m,True,2026-02-11T02:53:21.849506
2026-04-30,BKK,arrival,12:10,MNL Manila,PR730,PAL,3h 30m,True,2026-02-11T02:53:21.991552
2026-04-30,BKK,arrival,12:15,DXB Dubai,EK384,Emirates,6h 25m,True,2026-02-11T02:53:22.130131
2026-04-30,BKK,arrival,12:20,PEK Beijing,HU429,Hainan Airlines,5h 5m,True,2026-02-11T02:53:22.270789
2026-04-30,BKK,arrival,12:20,KMG Kunming,MU6087,China Eastern,2h 25m,True,2026-02-11T02:53:22.410806
2026-04-30,BKK,arrival,12:20,KTI Phnom Penh,VZ721,Vietjet Thailand,1h 15m,True,2026-02-11T02:53:22.551753
2026-04-30,BKK,arrival,12:25,HAN Hanoi,TG561,Thai Airways,1h 50m,True,2026-02-11T02:53:22.688224
2026-04-30,BKK,arrival,12:25,DAD Da Nang,VZ965,Vietjet Thailand,1h 45m,True,2026-02-11T02:53:22.825059
2026-04-30,BKK,arrival,12:30,PVG Shanghai,MU541,China Eastern,4h 40m,True,2026-02-11T02:53:22.977880
2026-04-30,BKK,arrival,12:30,FRA Frankfurt,TG923,Thai Airways,10h 50m,True,2026-02-11T02:53:23.122314
2026-04-30,BKK,arrival,12:30,FUK Fukuoka,VZ811,Vietjet Thailand,5h 35m,True,2026-02-11T02:53:23.245497
2026-04-30,BKK,arrival,12:35,FRA Frankfurt,DE2362,Condor,11h 20m,True,2026-02-11T02:53:23.365434
2026-04-30,BKK,arrival,12:40,URT Surat Thani,VZ351,Vietjet Thailand,1h 15m,True,2026-02-11T02:53:23.477087
2026-04-30,BKK,arrival,12:45,TFU Chengdu,9C7501,Spring Airlines,3h 10m,True,2026-02-11T02:53:27.236563
2026-04-30,BKK,arrival,12:45,CMB Colombo,UL404,SriLankan Airlines,3h 40m,True,2026-02-11T02:53:27.351951
2026-04-30,BKK,arrival,12:45,SGN Ho Chi Minh City,VJ803,VietJet,1h 30m,True,2026-02-11T02:53:27.458528
2026-04-30,BKK,arrival,12:50,PVG Shanghai,9C7421,Spring Airlines,4h 45m,True,2026-02-11T02:53:27.558713
2026-04-30,BKK,arrival,12:50,CAN Guangzhou,CZ8099,China Southern,3h 10m,True,2026-02-11T02:53:27.654381
2026-04-30,BKK,arrival,12:55,DOH Doha,QR834,Qatar Airways,6h 25m,True,2026-02-11T02:53:27.749963
2026-04-30,BKK,arrival,12:55,KIX Osaka,VZ821,Vietjet Thailand,6h 0m,True,2026-02-11T02:53:27.842843
2026-04-30,BKK,arrival,13:00,USM Koh Samui,PG130,Bangkok Airways,1h 15m,True,2026-02-11T02:53:27.944708
2026-04-30,BKK,arrival,13:00,HAN Hanoi,VJ901,VietJet,1h 50m,True,2026-02-11T02:53:28.037742
2026-04-30,BKK,arrival,13:05,XIY Xian,9C6293,Spring Airlines,4h 20m,True,2026-02-11T02:53:28.136379
2026-04-30,BKK,arrival,13:05,TPE Taipei,BR201,EVA Air,3h 45m,True,2026-02-11T02:53:28.227340
2026-04-30,BKK,arrival,13:05,DXB Dubai,EK376,Emirates,6h 20m,True,2026-02-11T02:53:28.325208
2026-04-30,BKK,arrival,13:05,PQC Phu Quoc,VZ981,Vietjet Thailand,1h 20m,True,2026-02-11T02:53:28.420035
2026-04-30,BKK,arrival,13:10,CGK Jakarta,GA866,Garuda Indonesia,3h 25m,True,2026-02-11T02:53:28.519941
2026-04-30,BKK,arrival,13:10,SGN Ho Chi Minh City,VN605,Vietnam Airlines,1h 35m,True,2026-02-11T02:53:28.613273
2026-04-30,BKK,arrival,13:10,CNX Chiang Mai,VZ103,Vietjet Thailand,1h 20m,True,2026-02-11T02:53:28.703788
2026-04-30,BKK,arrival,13:15,ADD Addis Ababa,ET628,Ethiopian,9h 20m,True,2026-02-11T02:53:28.801461
2026-04-30,BKK,arrival,13:15,ICN Seoul,KE657,Korean Air,5h 45m,True,2026-02-11T02:53:28.894137
2026-04-30,BKK,arrival,13:15,HKT Phuket,TG206,Thai Airways,1h 35m,True,2026-02-11T02:53:28.984492
2026-04-30,BKK,arrival,13:15,KKC Khon Kaen,TG43,Thai Airways,1h 10m,True,2026-02-11T02:53:29.076543
2026-04-30,BKK,arrival,13:20,CNX Chiang Mai,PG224,Bangkok Airways,1h 25m,True,2026-02-11T02:53:29.168999
2026-04-30,BKK,arrival,13:20,DOH Doha,QR836,Qatar Airways,6h 25m,True,2026-02-11T02:53:29.265285
2026-04-30,BKK,arrival,13:20,CNX Chiang Mai,TG105,Thai Airways,1h 25m,True,2026-02-11T02:53:29.359553
2026-04-30,BKK,arrival,13:25,NGB Ningbo,9C7431,Spring Airlines,4h 35m,True,2026-02-11T02:53:29.451462
2026-04-30,BKK,arrival,13:25,KUL Kuala Lumpur,MH788,Malaysia Airlines,2h 15m,True,2026-02-11T02:53:29.544253
2026-04-30,BKK,arrival,13:25,ICN Seoul,TG659,Thai Airways,5h 50m,True,2026-02-11T02:53:29.638727
2026-04-30,BKK,arrival,13:25,RGN Yangon,TG302,Thai Airways,1h 30m,True,2026-02-11T02:53:29.725526
2026-04-30,BKK,arrival,13:30,NBO Nairobi,KQ886,Kenya Airways,9h 31m,True,2026-02-11T02:53:29.815338
2026-04-30,BKK,arrival,13:30,USM Koh Samui,PG132,Bangkok Airways,1h 15m,True,2026-02-11T02:53:29.901950
2026-04-30,BKK,arrival,13:35,BOM Mumbai,AI2354,Air India,4h 20m,True,2026-02-11T02:53:30.011600
2026-04-30,BKK,arrival,13:40,DAC Dhaka,BS217,US-Bangla Airlines,2h 40m,True,2026-02-11T02:53:30.116230
2026-04-30,BKK,arrival,13:40,PNQ Pune,IX242,Air India Express,4h 45m,True,2026-02-11T02:53:30.220121
2026-04-30,BKK,arrival,13:40,SGN Ho Chi Minh City,VU131,Vietravel Airlines,1h 35m,True,2026-02-11T02:53:30.317638
2026-04-30,BKK,arrival,13:45,RUH Riyadh,SV846,Saudia,7h 35m,True,2026-02-11T02:53:30.419887
2026-04-30,BKK,arrival,13:45,SIN Singapore,TG404,Thai Airways,2h 20m,True,2026-02-11T02:53:30.521199
2026-04-30,BKK,arrival,13:45,NRT Tokyo,VZ831,Vietjet Thailand,6h 50m,True,2026-02-11T02:53:30.612389
2026-04-30,BKK,arrival,13:50,NST Nakhon Si Thammarat,FD4232,Thai AirAsia,1h 25m,True,2026-02-11T02:53:30.701561
2026-04-30,BKK,arrival,13:55,KTI Phnom Penh,K6724,Air Cambodia,1h 10m,True,2026-02-11T02:53:30.790206
2026-04-30,BKK,arrival,13:55,HKT Phuket,VZ305,Vietjet Thailand,1h 30m,True,2026-02-11T02:53:30.886324
2026-04-30,BKK,arrival,14:00,SWA Jieyang,9C6193,Spring Airlines,3h 20m,True,2026-02-11T02:53:30.985625
2026-04-30,BKK,arrival,14:00,HKG Hong Kong,CX653,Cathay Pacific,3h 0m,True,2026-02-11T02:53:31.084390
2026-04-30,BKK,arrival,14:00,MUC Munich,LH772,Lufthansa,10h 40m,True,2026-02-11T02:53:31.248155
2026-04-30,BKK,arrival,14:00,TLV Tel Aviv-Yafo,LY81,El Al,11h 40m,True,2026-02-11T02:53:31.403388
2026-04-30,BKK,arrival,14:00,UBP Ubon Ratchathani,VZ221,Vietjet Thailand,1h 15m,True,2026-02-11T02:53:31.585381
2026-04-30,BKK,arrival,14:05,CAN Guangzhou,CZ5095,China Southern,3h 0m,True,2026-02-11T02:53:31.770850
2026-04-30,BKK,arrival,14:05,CNX Chiang Mai,FD4107,Thai AirAsia,1h 30m,True,2026-02-11T02:53:31.953257
2026-04-30,BKK,arrival,14:10,TDX Trat,PG306,Bangkok Airways,1h 0m,True,2026-02-11T02:53:32.163382
2026-04-30,BKK,arrival,14:10,ICN Seoul,TG657,Thai Airways,5h 50m,True,2026-02-11T02:53:32.377570
2026-04-30,BKK,arrival,14:15,DEL Delhi,AI2355,Air India,4h 20m,True,2026-02-11T02:53:32.559515
2026-04-30,BKK,arrival,14:15,KKC Khon Kaen,FD4502,Thai AirAsia,1h 10m,True,2026-02-11T02:53:32.744960
2026-04-30,BKK,arrival,14:15,SIN Singapore,SQ710,Singapore Airlines,2h 30m,True,2026-02-11T02:53:32.946675
2026-04-30,BKK,arrival,14:20,MFM Macau,NX936,Air Macau,2h 45m,True,2026-02-11T02:53:33.145097
2026-04-30,BKK,arrival,14:20,OVB Novosibirsk,SU650,Aeroflot,7h 40m,True,2026-02-11T02:53:33.337300
2026-04-30,BKK,arrival,14:25,SAI Siem Reap,PG906,Bangkok Airways,1h 30m,True,2026-02-11T02:53:33.537776
2026-04-30,BKK,arrival,14:25,CDG Paris,SB501,Aircalin,11h 55m,True,2026-02-11T02:53:33.741293
2026-04-30,BKK,arrival,14:25,HKG Hong Kong,TG601,Thai Airways,2h 40m,True,2026-02-11T02:53:33.937746
2026-04-30,BKK,arrival,14:25,SIN Singapore,TR604,Scoot,2h 35m,True,2026-02-11T02:53:34.128713
2026-04-30,BKK,arrival,14:30,CAN Guangzhou,CZ3081,China Southern,3h 0m,True,2026-02-11T02:53:34.324127
2026-04-30,BKK,arrival,14:30,HKT Phuket,PG276,Bangkok Airways,1h 35m,True,2026-02-11T02:53:34.536757
2026-04-30,BKK,arrival,14:30,KUL Kuala Lumpur,TG416,Thai Airways,2h 10m,True,2026-02-11T02:53:34.731744
2026-04-30,BKK,arrival,14:35,HKT Phuket,TG208,Thai Airways,1h 35m,True,2026-02-11T02:53:34.928015
2026-04-30,BKK,arrival,14:35,HDY Hat Yai,VZ325,Vietjet Thailand,1h 30m,True,2026-02-11T02:53:35.095907
2026-04-30,BKK,arrival,14:40,RGN Yangon,8M333,MAI,1h 20m,True,2026-02-11T02:53:35.311714
2026-04-30,BKK,arrival,14:45,LJG Lijiang,DR5041,Ruili Airlines,2h 45m,True,2026-02-11T02:53:35.504354
2026-04-30,BKK,arrival,14:45,SGN Ho Chi Minh City,VJ807,VietJet,1h 30m,True,2026-02-11T02:53:35.706967
2026-04-30,BKK,arrival,14:45,HAN Hanoi,VN615,Vietnam Airlines,2h 0m,True,2026-02-11T02:53:35.835548
2026-04-30,BKK,arrival,14:50,PVG Shanghai,9C7279,Spring Airlines,4h 55m,True,2026-02-11T02:53:35.964333
2026-04-30,BKK,arrival,14:50,NKG Nanjing,JD619,Capital Airlines,4h 40m,True,2026-02-11T02:53:36.143104
2026-04-30,BKK,arrival,14:50,VIE Vienna,OS7,Austrian,10h 15m,True,2026-02-11T02:53:36.380328
2026-04-30,BKK,arrival,14:50,LPQ Luang Prabang,PG942,Bangkok Airways,2h 5m,True,2026-02-11T02:53:36.618233
2026-04-30,BKK,arrival,14:50,VTE Vientiane,TG571,Thai Airways,1h 20m,True,2026-02-11T02:53:36.856237
2026-04-30,BKK,arrival,14:55,NAW Narathiwat,FD4253,Thai AirAsia,1h 30m,True,2026-02-11T02:53:37.069911
2026-04-30,BKK,arrival,14:55,HKG Hong Kong,HX775,Hong Kong Airlines,3h 10m,True,2026-02-11T02:53:37.280905
2026-04-30,BKK,arrival,14:55,KMG Kunming,MU741,China Eastern,2h 35m,True,2026-02-11T02:53:37.483310
2026-04-30,BKK,arrival,14:55,VVO Vladivostok,SU644,Aeroflot,6h 55m,True,2026-02-11T02:53:37.700890
2026-04-30,BKK,arrival,15:00,DAC Dhaka,BG388,Biman,2h 45m,True,2026-02-11T02:53:37.918523
2026-04-30,BKK,arrival,15:00,LHR London,TG917,Thai Airways,11h 35m,True,2026-02-11T02:53:38.136756
2026-04-30,BKK,arrival,15:00,NGO Nagoya,TG645,Thai Airways,6h 0m,True,2026-02-11T02:53:38.312133
2026-04-30,BKK,arrival,15:00,DAD Da Nang,VZ961,Vietjet Thailand,1h 45m,True,2026-02-11T02:53:38.522400
2026-04-30,BKK,arrival,15:05,USM Koh Samui,PG142,Bangkok Airways,1h 15m,True,2026-02-11T02:53:38.763200
2026-04-30,BKK,arrival,15:05,CNX Chiang Mai,TG107,Thai Airways,1h 25m,True,2026-02-11T02:53:38.957218
2026-04-30,BKK,arrival,15:05,FUK Fukuoka,TG649,Thai Airways,5h 30m,True,2026-02-11T02:53:39.160011
2026-04-30,BKK,arrival,15:05,HND Tokyo,TG683,Thai Airways,6h 30m,True,2026-02-11T02:53:39.341268
2026-04-30,BKK,arrival,15:05,UTH Udon Thani,TG5,Thai Airways,1h 10m,True,2026-02-11T02:53:39.557596
2026-04-30,BKK,arrival,15:10,CNX Chiang Mai,FD4103,Thai AirAsia,1h 20m,True,2026-02-11T02:53:39.775493
2026-04-30,BKK,arrival,15:10,HND Tokyo,JL31,JAL,6h 30m,True,2026-02-11T02:53:40.001456
2026-04-30,BKK,arrival,15:10,USM Koh Samui,PG158,Bangkok Airways,1h 35m,True,2026-02-11T02:53:40.283104
2026-04-30,BKK,arrival,15:10,CEI Chiang Rai,TG133,Thai Airways,1h 30m,True,2026-02-11T02:53:40.601637
2026-04-30,BKK,arrival,15:15,USM Koh Samui,PG144,Bangkok Airways,1h 15m,True,2026-02-11T02:53:40.889427
2026-04-30,BKK,arrival,15:20,KTI Phnom Penh,KR703,Cambodia Airways,1h 20m,True,2026-02-11T02:53:41.140623
2026-04-30,BKK,arrival,15:20,NRT Tokyo,TG641,Thai Airways,6h 30m,True,2026-02-11T02:53:41.395367
2026-04-30,BKK,arrival,15:25,HKG Hong Kong,CX775,Cathay Pacific,3h 5m,True,2026-02-11T02:53:41.635008
2026-04-30,BKK,arrival,15:25,MNL Manila,TG621,Thai Airways,3h 30m,True,2026-02-11T02:53:41.819011
2026-04-30,BKK,arrival,15:25,PER Perth,TG484,Thai Airways,7h 5m,True,2026-02-11T02:53:42.026580
2026-04-30,BKK,arrival,15:25,IST Istanbul,TK68,Turkish Airlines,9h 30m,True,2026-02-11T02:53:42.218634
2026-04-30,BKK,arrival,15:30,LHR London,BR68,EVA Air,11h 55m,True,2026-02-11T02:53:42.454971
2026-04-30,BKK,arrival,15:30,HND Tokyo,NH847,ANA,6h 40m,True,2026-02-11T02:53:42.659256
2026-04-30,BKK,arrival,15:30,CTS Sapporo,TG671,Thai Airways,7h 0m,True,2026-02-11T02:53:42.853127
2026-04-30,BKK,arrival,15:30,HKG Hong Kong,UO700,HK Express,3h 0m,True,2026-02-11T02:53:43.056362
2026-04-30,BKK,arrival,15:35,CNX Chiang Mai,FD4119,Thai AirAsia,1h 25m,True,2026-02-11T02:53:43.283193
2026-04-30,BKK,arrival,15:35,AMM Amman,RJ182,Royal Jordanian,8h 5m,True,2026-02-11T02:53:43.500993
2026-04-30,BKK,arrival,15:35,KIX Osaka,TG623,Thai Airways,5h 50m,True,2026-02-11T02:53:43.711360
2026-04-30,BKK,arrival,15:35,LYA Luoyang,UQ2641,Urumqi Airlines,4h 20m,True,2026-02-11T02:53:43.892042
2026-04-30,BKK,arrival,15:45,KWE Guiyang,AQ1207,9 Air,4h 0m,True,2026-02-11T02:53:44.096574
2026-04-30,BKK,arrival,15:45,CNX Chiang Mai,VZ111,Vietjet Thailand,1h 20m,True,2026-02-11T02:53:44.405514
2026-04-30,BKK,arrival,15:50,PVG Shanghai,FM833,Shanghai Airlines,4h 50m,True,2026-02-11T02:53:44.763374
2026-04-30,BKK,arrival,15:50,USM Koh Samui,PG136,Bangkok Airways,1h 15m,True,2026-02-11T02:53:45.017765
2026-04-30,BKK,arrival,15:50,IKT Irkutsk,S76309,S7 Airlines,6h 5m,True,2026-02-11T02:53:45.725557
2026-04-30,BKK,arrival,16:00,ICN Seoul,VZ851,Vietjet Thailand,5h 50m,True,2026-02-11T02:53:45.978982
2026-04-30,BKK,arrival,16:05,CCU Kolkata,B3700,Bhutan Airlines,2h 40m,True,2026-02-11T02:53:46.246349
2026-04-30,BKK,arrival,16:05,HKT Phuket,FD4111,Thai AirAsia,1h 40m,True,2026-02-11T02:53:46.511618
2026-04-30,BKK,arrival,16:05,BLR Bengaluru,IX882,Air India Express,4h 0m,True,2026-02-11T02:53:46.803300
2026-04-30,BKK,arrival,16:05,CGK Jakarta,TG434,Thai Airways,3h 30m,True,2026-02-11T02:53:47.080004
2026-04-30,BKK,arrival,16:10,DEL Delhi,6E1053,IndiGo,4h 25m,True,2026-02-11T02:53:47.364062
2026-04-30,BKK,arrival,16:10,UTH Udon Thani,VZ205,Vietjet Thailand,1h 10m,True,2026-02-11T02:53:47.625784
2026-04-30,BKK,arrival,16:15,HDY Hat Yai,TG264,Thai Airways,1h 35m,True,2026-02-11T02:53:47.911012
2026-04-30,BKK,arrival,16:15,NST Nakhon Si Thammarat,VZ335,Vietjet Thailand,1h 20m,True,2026-02-11T02:53:48.175380
2026-04-30,BKK,arrival,16:20,TPE Taipei,CI835,China Airlines,3h 50m,True,2026-02-11T02:53:48.458268
2026-04-30,BKK,arrival,16:20,KUL Kuala Lumpur,MH782,Malaysia Airlines,2h 15m,True,2026-02-11T02:53:48.729717
2026-04-30,BKK,arrival,16:20,HKT Phuket,PG274,Bangkok Airways,1h 35m,True,2026-02-11T02:53:49.003212
2026-04-30,BKK,arrival,16:20,SYD Sydney,TG476,Thai Airways,9h 20m,True,2026-02-11T02:53:49.265143
2026-04-30,BKK,arrival,16:25,SZX Shenzhen,CZ8323,China Southern,3h 30m,True,2026-02-11T02:53:49.544398
2026-04-30,BKK,arrival,16:30,HKG Hong Kong,CX751,Cathay Pacific,3h 0m,True,2026-02-11T02:53:49.807650
2026-04-30,BKK,arrival,16:30,HGH Hangzhou,GJ8021,Loong Air,4h 35m,True,2026-02-11T02:53:50.151042
2026-04-30,BKK,arrival,16:30,KMG Kunming,TG613,Thai Airways,2h 10m,True,2026-02-11T02:53:50.449813
2026-04-30,BKK,arrival,16:30,NRT Tokyo,TG643,Thai Airways,6h 30m,True,2026-02-11T02:53:50.709292
2026-04-30,BKK,arrival,16:35,TLV Tel Aviv-Yafo,LY83,El Al,11h 40m,True,2026-02-11T02:53:51.013300
2026-04-30,BKK,arrival,16:40,TFU Chengdu,3U3935,Sichuan Airlines,3h 0m,True,2026-02-11T02:53:51.298254
2026-04-30,BKK,arrival,16:40,CGK Jakarta,GA868,Garuda Indonesia,3h 45m,True,2026-02-11T02:53:51.603670
2026-04-30,BKK,arrival,16:40,TPE Taipei,JX745,Starlux,3h 50m,True,2026-02-11T02:53:51.803450
2026-04-30,BKK,arrival,16:40,XMN Xiamen,MF833,XiamenAir,3h 30m,True,2026-02-11T02:53:52.113243
2026-04-30,BKK,arrival,16:40,USM Koh Samui,PG146,Bangkok Airways,1h 15m,True,2026-02-11T02:53:52.428438
2026-04-30,BKK,arrival,16:40,SYD Sydney,QF23,Qantas,9h 50m,True,2026-02-11T02:53:52.748999
2026-04-30,BKK,arrival,16:45,CEI Chiang Rai,VZ133,Vietjet Thailand,1h 25m,True,2026-02-11T02:53:53.117044
2026-04-30,BKK,arrival,16:50,CAN Guangzhou,CZ8023,China Southern,3h 0m,True,2026-02-11T02:53:53.487490
2026-04-30,BKK,arrival,16:50,USM Koh Samui,PG150,Bangkok Airways,1h 30m,True,2026-02-11T02:53:53.824055
2026-04-30,BKK,arrival,16:50,KKC Khon Kaen,TG45,Thai Airways,1h 10m,True,2026-02-11T02:53:54.178226
2026-04-30,BKK,arrival,16:50,TPE Taipei,TG633,Thai Airways,3h 45m,True,2026-02-11T02:53:54.508011
2026-04-30,BKK,arrival,16:50,CNX Chiang Mai,VZ107,Vietjet Thailand,1h 20m,True,2026-02-11T02:53:54.827689
2026-04-30,BKK,arrival,16:55,DEL Delhi,AI2332,Air India,4h 25m,True,2026-02-11T02:53:55.155930
2026-04-30,BKK,arrival,16:55,CNX Chiang Mai,TG111,Thai Airways,1h 25m,True,2026-02-11T02:53:55.488931
2026-04-30,BKK,arrival,16:55,HKT Phuket,VZ2301,Vietjet Thailand,1h 30m,True,2026-02-11T02:53:55.816965
2026-04-30,BKK,arrival,17:00,DAC Dhaka,TG322,Thai Airways,2h 25m,True,2026-02-11T02:53:56.181961
2026-04-30,BKK,arrival,17:00,SIN Singapore,TR610,Scoot,2h 30m,True,2026-02-11T02:53:56.531128
2026-04-30,BKK,arrival,17:05,TFU Chengdu,CA471,Air China,3h 15m,True,2026-02-11T02:53:56.859376
2026-04-30,BKK,arrival,17:05,USM Koh Samui,PG148,Bangkok Airways,1h 15m,True,2026-02-11T02:53:57.187033
2026-04-30,BKK,arrival,17:05,DAD Da Nang,VN627,Vietnam Airlines,1h 50m,True,2026-02-11T02:53:57.513305
2026-04-30,BKK,arrival,17:10,HKT Phuket,FD4123,Thai AirAsia,1h 35m,True,2026-02-11T02:53:57.839360
2026-04-30,BKK,arrival,17:10,TAO Qingdao,QW917,Qingdao Airlines,5h 10m,True,2026-02-11T02:53:58.131496
2026-04-30,BKK,arrival,17:15,USM Koh Samui,PG162,Bangkok Airways,1h 15m,True,2026-02-11T02:53:58.390803
2026-04-30,BKK,arrival,17:15,SIN Singapore,SQ712,Singapore Airlines,2h 30m,True,2026-02-11T02:53:58.644162
2026-04-30,BKK,arrival,17:15,SIN Singapore,TG414,Thai Airways,2h 20m,True,2026-02-11T02:53:58.917258
2026-04-30,BKK,arrival,17:20,KHH Kaohsiung,CI839,China Airlines,3h 40m,True,2026-02-11T02:53:59.171228
2026-04-30,BKK,arrival,17:20,KUL Kuala Lumpur,MH774,Malaysia Airlines,2h 20m,True,2026-02-11T02:53:59.433417
2026-04-30,BKK,arrival,17:20,HKG Hong Kong,TG629,Thai Airways,2h 50m,True,2026-02-11T02:53:59.725790
2026-04-30,BKK,arrival,17:25,SHJ Sharjah,G9816,Air Arabia,6h 35m,True,2026-02-11T02:54:00.027774
2026-04-30,BKK,arrival,17:25,GAU Guwahati,KB140,Drukair,3h 0m,True,2026-02-11T02:54:00.298339
2026-04-30,BKK,arrival,17:25,TAO Qingdao,QW9897,Qingdao Airlines,5h 5m,True,2026-02-11T02:54:00.561198
2026-04-30,BKK,arrival,17:35,DEL Delhi,TG324,Thai Airways,4h 25m,True,2026-02-11T02:54:00.842124
2026-04-30,BKK,arrival,17:40,HKT Phuket,TG212,Thai Airways,1h 35m,True,2026-02-11T02:54:01.117652
2026-04-30,BKK,arrival,17:45,CAN Guangzhou,TG669,Thai Airways,3h 0m,True,2026-02-11T02:54:01.396730
2026-04-30,BKK,arrival,17:45,HAN Hanoi,VJ903,VietJet,2h 0m,True,2026-02-11T02:54:01.692996
2026-04-30,BKK,arrival,17:45,UBP Ubon Ratchathani,VZ225,Vietjet Thailand,1h 15m,True,2026-02-11T02:54:01.982053
2026-04-30,BKK,arrival,17:45,MCT Muscat,WY815,Oman Air,6h 5m,True,2026-02-11T02:54:02.268889
2026-04-30,BKK,arrival,17:50,NNG Nanning,9C7485,Spring Airlines,2h 30m,True,2026-02-11T02:54:02.560692
2026-04-30,BKK,arrival,17:50,CEI Chiang Rai,FD4153,Thai AirAsia,1h 25m,True,2026-02-11T02:54:02.860988
2026-04-30,BKK,arrival,17:55,CAN Guangzhou,CZ363,China Southern,3h 0m,True,2026-02-11T02:54:03.140210
2026-04-30,BKK,arrival,17:55,KBV Krabi,VZ343,Vietjet Thailand,1h 25m,True,2026-02-11T02:54:03.405154
2026-04-30,BKK,arrival,18:00,HKG Hong Kong,CX701,Cathay Pacific,2h 55m,True,2026-02-11T02:54:03.682117
2026-04-30,BKK,arrival,18:05,KBV Krabi,FD4401,Thai AirAsia,1h 25m,True,2026-02-11T02:54:03.963137
2026-04-30,BKK,arrival,18:05,PVG Shanghai,FM855,Shanghai Airlines,4h 30m,True,2026-02-11T02:54:04.231631
2026-04-30,BKK,arrival,18:05,HAN Hanoi,VN619,Vietnam Airlines,2h 0m,True,2026-02-11T02:54:04.511029
2026-04-30,BKK,arrival,18:05,PQC Phu Quoc,VZ983,Vietjet Thailand,1h 20m,True,2026-02-11T02:54:04.766545
2026-04-30,BKK,arrival,18:10,AUH Abu Dhabi,EY406,Etihad,6h 35m,True,2026-02-11T02:54:05.056290
2026-04-30,BKK,arrival,18:10,BFV Buri Ram,FD4512,Thai AirAsia,1h 5m,True,2026-02-11T02:54:05.340690
2026-04-30,BKK,arrival,18:10,HKT Phuket,FD4113,Thai AirAsia,1h 25m,True,2026-02-11T02:54:05.594304
2026-04-30,BKK,arrival,18:10,TPE Taipei,VZ567,Vietjet Thailand,3h 45m,True,2026-02-11T02:54:05.841490
2026-04-30,BKK,arrival,18:15,RGN Yangon,8M331,MAI,1h 20m,True,2026-02-11T02:54:06.110180
2026-04-30,BKK,arrival,18:15,HAK Haikou,HU721,Hainan Airlines,2h 25m,True,2026-02-11T02:54:06.382283
2026-04-30,BKK,arrival,18:15,KTM Kathmandu,TG320,Thai Airways,3h 30m,True,2026-02-11T02:54:06.669953
2026-04-30,BKK,arrival,18:20,PEK Beijing,CA959,Air China,5h 20m,True,2026-02-11T02:54:06.949109
2026-04-30,BKK,arrival,18:20,DXB Dubai,EK370,Emirates,6h 20m,True,2026-02-11T02:54:07.208833
2026-04-30,BKK,arrival,18:20,DOH Doha,QR828,Qatar Airways,6h 25m,True,2026-02-11T02:54:07.438879
2026-04-30,BKK,arrival,18:20,CNX Chiang Mai,TG113,Thai Airways,1h 25m,True,2026-02-11T02:54:09.274501
2026-04-30,BKK,arrival,18:20,TFU Chengdu,TG619,Thai Airways,3h 5m,True,2026-02-11T02:54:09.506685
2026-04-30,BKK,arrival,18:20,UTH Udon Thani,VZ203,Vietjet Thailand,1h 10m,True,2026-02-11T02:54:09.780050
2026-04-30,BKK,arrival,18:25,HKT Phuket,TG216,Thai Airways,1h 30m,True,2026-02-11T02:54:10.019754
2026-04-30,BKK,arrival,18:30,KMG Kunming,KY8369,Kunming Airlines,2h 25m,True,2026-02-11T02:54:10.252862
2026-04-30,BKK,arrival,18:30,MNL Manila,PR736,PAL,3h 45m,True,2026-02-11T02:54:10.477260
2026-04-30,BKK,arrival,18:30,SGN Ho Chi Minh City,VN607,Vietnam Airlines,1h 35m,True,2026-02-11T02:54:10.680851
2026-04-30,BKK,arrival,18:30,SZX Shenzhen,ZH307,Shenzhen Airlines,2h 55m,True,2026-02-11T02:54:10.891726
2026-04-30,BKK,arrival,18:40,USM Koh Samui,PG166,Bangkok Airways,1h 15m,True,2026-02-11T02:54:11.074644
2026-04-30,BKK,arrival,18:40,CNX Chiang Mai,VZ109,Vietjet Thailand,1h 20m,True,2026-02-11T02:54:11.292902
2026-04-30,BKK,arrival,18:45,SGN Ho Chi Minh City,VJ805,VietJet,1h 30m,True,2026-02-11T02:54:11.504667
2026-04-30,BKK,arrival,18:50,TDX Trat,PG308,Bangkok Airways,1h 0m,True,2026-02-11T02:54:11.704245
2026-04-30,BKK,arrival,18:50,USM Koh Samui,PG172,Bangkok Airways,1h 15m,True,2026-02-11T02:54:11.905401
2026-04-30,BKK,arrival,18:55,CKG Chongqing,3U3771,Sichuan Airlines,3h 25m,True,2026-02-11T02:54:12.116117
2026-04-30,BKK,arrival,18:55,KUL Kuala Lumpur,MH780,Malaysia Airlines,2h 10m,True,2026-02-11T02:54:12.299923
2026-04-30,BKK,arrival,18:55,UBP Ubon Ratchathani,TG29,Thai Airways,1h 15m,True,2026-02-11T02:54:12.506923
2026-04-30,BKK,arrival,18:55,HKG Hong Kong,UO702,HK Express,3h 0m,True,2026-02-11T02:54:12.701632
2026-04-30,BKK,arrival,19:00,HKT Phuket,PG284,Bangkok Airways,1h 30m,True,2026-02-11T02:54:12.909707
2026-04-30,BKK,arrival,19:00,SIN Singapore,SQ714,Singapore Airlines,2h 30m,True,2026-02-11T02:54:13.110866
2026-04-30,BKK,arrival,19:00,HKT Phuket,VZ307,Vietjet Thailand,1h 30m,True,2026-02-11T02:54:13.317726
2026-04-30,BKK,arrival,19:05,DXB Dubai,EK372,Emirates,6h 25m,True,2026-02-11T02:54:13.547170
2026-04-30,BKK,arrival,19:05,USM Koh Samui,PG168,Bangkok Airways,1h 15m,True,2026-02-11T02:54:13.844136
2026-04-30,BKK,arrival,19:10,THS Sukhothai,PG214,Bangkok Airways,1h 20m,True,2026-02-11T02:54:14.048641
2026-04-30,BKK,arrival,19:15,BOM Mumbai,6E1059,IndiGo,4h 40m,True,2026-02-11T02:54:14.222929
2026-04-30,BKK,arrival,19:20,BOM Mumbai,AI2337,Air India,4h 20m,True,2026-02-11T02:54:14.448134
2026-04-30,BKK,arrival,19:20,CAN Guangzhou,CZ8019,China Southern,3h 0m,True,2026-02-11T02:54:14.677037
2026-04-30,BKK,arrival,19:35,KMG Kunming,KY8367,Kunming Airlines,2h 25m,True,2026-02-11T02:54:14.886155
2026-04-30,BKK,arrival,19:35,SIN Singapore,TG408,Thai Airways,2h 20m,True,2026-02-11T02:54:15.092154
2026-04-30,BKK,arrival,19:35,SIN Singapore,TR616,Scoot,2h 35m,True,2026-02-11T02:54:15.325111
2026-04-30,BKK,arrival,19:40,RGN Yangon,8M350,MAI,1h 20m,True,2026-02-11T02:54:15.549305
2026-04-30,BKK,arrival,19:40,HDY Hat Yai,FD4205,Thai AirAsia,1h 30m,True,2026-02-11T02:54:15.736588
2026-04-30,BKK,arrival,19:40,BNE Brisbane,JQ65,Jetstar,8h 50m,True,2026-02-11T02:54:15.858726
2026-04-30,BKK,arrival,19:40,USM Koh Samui,PG170,Bangkok Airways,1h 15m,True,2026-02-11T02:54:15.971710
2026-04-30,BKK,arrival,19:40,VTE Vientiane,QV445,Lao Airlines,1h 0m,True,2026-02-11T02:54:16.084073
2026-04-30,BKK,arrival,19:45,CNX Chiang Mai,FD4109,Thai AirAsia,1h 20m,True,2026-02-11T02:54:16.194653
2026-04-30,BKK,arrival,19:50,DEL Delhi,6E1063,IndiGo,4h 10m,True,2026-02-11T02:54:16.305272
2026-04-30,BKK,arrival,19:50,MEL Melbourne,JQ29,Jetstar,9h 25m,True,2026-02-11T02:54:16.410465
2026-04-30,BKK,arrival,19:50,KMG Kunming,MU9613,China Eastern,2h 35m,True,2026-02-11T02:54:16.515622
2026-04-30,BKK,arrival,19:55,KHH Kaohsiung,TG631,Thai Airways,3h 40m,True,2026-02-11T02:54:16.638766
2026-04-30,BKK,arrival,19:55,DAD Da Nang,VZ963,Vietjet Thailand,1h 45m,True,2026-02-11T02:54:16.750178
2026-04-30,BKK,arrival,20:00,SIN Singapore,SQ720,Singapore Airlines,2h 30m,True,2026-02-11T02:54:16.955492
2026-04-30,BKK,arrival,20:00,MEL Melbourne,TG466,Thai Airways,9h 30m,True,2026-02-11T02:54:17.169742
2026-04-30,BKK,arrival,20:05,DPS Denpasar,TG432,Thai Airways,4h 10m,True,2026-02-11T02:54:17.379132
2026-04-30,BKK,arrival,20:05,KKC Khon Kaen,TG47,Thai Airways,1h 0m,True,2026-02-11T02:54:17.587741
2026-04-30,BKK,arrival,20:05,SGN Ho Chi Minh City,VN609,Vietnam Airlines,1h 35m,True,2026-02-11T02:54:17.799231
2026-04-30,BKK,arrival,20:05,URT Surat Thani,VZ353,Vietjet Thailand,1h 15m,True,2026-02-11T02:54:18.002269
2026-04-30,BKK,arrival,20:10,KKC Khon Kaen,VZ215,Vietjet Thailand,1h 5m,True,2026-02-11T02:54:18.188526
2026-04-30,BKK,arrival,20:15,USM Koh Samui,PG160,Bangkok Airways,1h 35m,True,2026-02-11T02:54:18.378111
2026-04-30,BKK,arrival,20:15,CEI Chiang Rai,TG137,Thai Airways,1h 20m,True,2026-02-11T02:54:18.559741
2026-04-30,BKK,arrival,20:25,DEL Delhi,AI2304,Air India,4h 25m,True,2026-02-11T02:54:18.769650
2026-04-30,BKK,arrival,20:25,USM Koh Samui,PG176,Bangkok Airways,1h 30m,True,2026-02-11T02:54:18.979846
2026-04-30,BKK,arrival,20:25,USM Koh Samui,PG180,Bangkok Airways,1h 15m,True,2026-02-11T02:54:19.172900
2026-04-30,BKK,arrival,20:25,KTI Phnom Penh,VZ723,Vietjet Thailand,1h 15m,True,2026-02-11T02:54:19.383142
2026-04-30,BKK,arrival,20:40,TFU Chengdu,EU2867,Chengdu Airlines,3h 15m,True,2026-02-11T02:54:19.597452
2026-04-30,BKK,arrival,20:40,KTI Phnom Penh,PG936,Bangkok Airways,1h 15m,True,2026-02-11T02:54:19.822285
2026-04-30,BKK,arrival,20:40,RGN Yangon,UB17,Myanmar National Airlines,1h 25m,True,2026-02-11T02:54:19.996309
2026-04-30,BKK,arrival,20:45,HKT Phuket,PG278,Bangkok Airways,1h 35m,True,2026-02-11T02:54:20.192165
2026-04-30,BKK,arrival,20:45,USM Koh Samui,PG174,Bangkok Airways,1h 15m,True,2026-02-11T02:54:20.378724
2026-04-30,BKK,arrival,20:45,DOH Doha,QR826,Qatar Airways,6h 25m,True,2026-02-11T02:54:20.566273
2026-04-30,BKK,arrival,20:45,HKG Hong Kong,TG639,Thai Airways,2h 40m,True,2026-02-11T02:54:20.760144
2026-04-30,BKK,arrival,20:45,ICN Seoul,TG653,Thai Airways,5h 50m,True,2026-02-11T02:54:20.967409
2026-04-30,BKK,arrival,20:50,HKT Phuket,TG218,Thai Airways,1h 35m,True,2026-02-11T02:54:21.145237
2026-04-30,BKK,arrival,20:55,FOC Fuzhou,9C7301,Spring Airlines,4h 10m,True,2026-02-11T02:54:21.367903
2026-04-30,BKK,arrival,20:55,PVG Shanghai,FM839,Shanghai Airlines,4h 35m,True,2026-02-11T02:54:21.582705
2026-04-30,BKK,arrival,20:55,SAI Siem Reap,PG908,Bangkok Airways,1h 30m,True,2026-02-11T02:54:21.785590
2026-04-30,BKK,arrival,20:55,PVG Shanghai,TG665,Thai Airways,4h 30m,True,2026-02-11T02:54:21.944667
2026-04-30,BKK,arrival,20:55,SYD Sydney,TG472,Thai Airways,9h 20m,True,2026-02-11T02:54:22.114308
2026-04-30,BKK,arrival,21:00,HKG Hong Kong,HX765,Hong Kong Airlines,3h 0m,True,2026-02-11T02:54:22.296378
2026-04-30,BKK,arrival,21:00,RGN Yangon,TG304,Thai Airways,1h 30m,True,2026-02-11T02:54:22.491743
2026-04-30,BKK,arrival,21:00,HKT Phuket,VZ2305,Vietjet Thailand,1h 30m,True,2026-02-11T02:54:22.699984
2026-04-30,BKK,arrival,21:05,USM Koh Samui,PG178,Bangkok Airways,1h 15m,True,2026-02-11T02:54:22.916738
2026-04-30,BKK,arrival,21:05,HAN Hanoi,VN617,Vietnam Airlines,2h 5m,True,2026-02-11T02:54:23.120092
2026-04-30,BKK,arrival,21:05,CNX Chiang Mai,VZ123,Vietjet Thailand,1h 20m,True,2026-02-11T02:54:23.321408
2026-04-30,BKK,arrival,21:10,ICN Seoul,LJ1,Jin Air,6h 0m,True,2026-02-11T02:54:23.530433
2026-04-30,BKK,arrival,21:10,ICN Seoul,YP601,Air Premia,5h 55m,True,2026-02-11T02:54:23.735844
2026-04-30,BKK,arrival,21:15,USM Koh Samui,PG188,Bangkok Airways,1h 30m,True,2026-02-11T02:54:23.948629
2026-04-30,BKK,arrival,21:15,PEK Beijing,TG615,Thai Airways,5h 10m,True,2026-02-11T02:54:24.163175
2026-04-30,BKK,arrival,21:20,ICN Seoul,BX727,Air Busan,6h 30m,True,2026-02-11T02:54:24.371276
2026-04-30,BKK,arrival,21:20,CEI Chiang Rai,VZ135,Vietjet Thailand,1h 25m,True,2026-02-11T02:54:24.583371
2026-04-30,BKK,arrival,21:25,UTH Udon Thani,FD4353,Thai AirAsia,1h 5m,True,2026-02-11T02:54:24.777230
2026-04-30,BKK,arrival,21:25,CNX Chiang Mai,PG220,Bangkok Airways,1h 25m,True,2026-02-11T02:54:24.911083
2026-04-30,BKK,arrival,21:25,USM Koh Samui,PG190,Bangkok Airways,1h 30m,True,2026-02-11T02:54:25.090532
2026-04-30,BKK,arrival,21:25,KIX Osaka,TG673,Thai Airways,5h 50m,True,2026-02-11T02:54:25.286893
2026-04-30,BKK,arrival,21:35,SGN Ho Chi Minh City,TG557,Thai Airways,1h 25m,True,2026-02-11T02:54:25.497421
2026-04-30,BKK,arrival,21:35,TPE Taipei,TG635,Thai Airways,3h 45m,True,2026-02-11T02:54:25.684138
2026-04-30,BKK,arrival,21:40,NRT Tokyo,ZG51,Zipair,6h 40m,True,2026-02-11T02:54:25.898664
2026-04-30,BKK,arrival,21:45,PUS Busan,BX725,Air Busan,5h 45m,True,2026-02-11T02:54:26.111644
2026-04-30,BKK,arrival,21:45,ICN Seoul,KE651,Korean Air,5h 40m,True,2026-02-11T02:54:26.316771
2026-04-30,BKK,arrival,21:45,KBV Krabi,TG250,Thai Airways,1h 25m,True,2026-02-11T02:54:26.506785
2026-04-30,BKK,arrival,21:45,KTI Phnom Penh,TK53,Turkish Airlines,1h 35m,True,2026-02-11T02:54:26.707246
2026-04-30,BKK,arrival,21:50,HKT Phuket,FD4115,Thai AirAsia,1h 30m,True,2026-02-11T02:54:26.920712
2026-04-30,BKK,arrival,21:50,MFM Macau,NX992,Air Macau,3h 5m,True,2026-02-11T02:54:27.130103
2026-04-30,BKK,arrival,21:50,USM Koh Samui,PG186,Bangkok Airways,1h 15m,True,2026-02-11T02:54:27.323342
2026-04-30,BKK,arrival,21:55,PVG Shanghai,FM853,Shanghai Airlines,4h 35m,True,2026-02-11T02:54:27.529938
2026-04-30,BKK,arrival,21:55,NRT Tokyo,TG677,Thai Airways,6h 30m,True,2026-02-11T02:54:27.743283
2026-04-30,BKK,arrival,21:55,VTE Vientiane,TG575,Thai Airways,1h 25m,True,2026-02-11T02:54:27.983330
2026-04-30,BKK,arrival,21:55,SIN Singapore,TR614,Scoot,2h 35m,True,2026-02-11T02:54:28.201249
2026-04-30,BKK,arrival,22:00,CCU Kolkata,6E1057,IndiGo,2h 45m,True,2026-02-11T02:54:28.400634
2026-04-30,BKK,arrival,22:00,CAN Guangzhou,CZ361,China Southern,2h 55m,True,2026-02-11T02:54:28.593045
2026-04-30,BKK,arrival,22:00,KKC Khon Kaen,FD4504,Thai AirAsia,1h 10m,True,2026-02-11T02:54:28.786223
2026-04-30,BKK,arrival,22:05,CRK Angeles,5J943,Cebu Pacific,3h 30m,True,2026-02-11T02:54:28.997803
2026-04-30,BKK,arrival,22:05,KUL Kuala Lumpur,TG418,Thai Airways,2h 10m,True,2026-02-11T02:54:29.194412
2026-04-30,BKK,arrival,22:05,ICN Seoul,TW101,T´Way Air,6h 5m,True,2026-02-11T02:54:29.401074
2026-04-30,BKK,arrival,22:05,KBV Krabi,VZ345,Vietjet Thailand,1h 25m,True,2026-02-11T02:54:29.594335
2026-04-30,BKK,arrival,22:10,KBV Krabi,FD4409,Thai AirAsia,1h 25m,True,2026-02-11T02:54:29.801863
2026-04-30,BKK,arrival,22:10,DPS Denpasar,TG440,Thai Airways,4h 10m,True,2026-02-11T02:54:30.012289
2026-04-30,BKK,arrival,22:10,SIN Singapore,TG410,Thai Airways,2h 20m,True,2026-02-11T02:54:30.215508
2026-04-30,BKK,arrival,22:10,CNX Chiang Mai,VZ2107,Vietjet Thailand,1h 20m,True,2026-02-11T02:54:30.407783
2026-04-30,BKK,arrival,22:15,KMG Kunming,MU9621,China Eastern,2h 35m,True,2026-02-11T02:54:30.596217
2026-04-30,BKK,arrival,22:15,HDY Hat Yai,TG268,Thai Airways,1h 35m,True,2026-02-11T02:54:30.780468
2026-04-30,BKK,arrival,22:15,MNL Manila,TG625,Thai Airways,3h 20m,True,2026-02-11T02:54:30.995333
2026-04-30,BKK,arrival,22:20,USM Koh Samui,PG196,Bangkok Airways,1h 30m,True,2026-02-11T02:54:31.427572
2026-04-30,BKK,arrival,22:30,USM Koh Samui,PG192,Bangkok Airways,1h 30m,True,2026-02-11T02:54:31.674398
2026-04-30,BKK,arrival,22:30,CGK Jakarta,TG436,Thai Airways,3h 30m,True,2026-02-11T02:54:31.930335
2026-04-30,BKK,arrival,22:30,CNX Chiang Mai,TG121,Thai Airways,1h 20m,True,2026-02-11T02:54:32.217625
2026-04-30,BKK,arrival,22:30,UTH Udon Thani,TG9,Thai Airways,1h 5m,True,2026-02-11T02:54:32.494008
2026-04-30,BKK,arrival,22:30,TPE Taipei,VZ569,Vietjet Thailand,3h 45m,True,2026-02-11T02:54:32.747071
2026-04-30,BKK,arrival,22:35,RGN Yangon,8M372,MAI,1h 20m,True,2026-02-11T02:54:33.003001
2026-04-30,BKK,arrival,22:35,HAN Hanoi,TG565,Thai Airways,1h 50m,True,2026-02-11T02:54:33.273321
2026-04-30,BKK,arrival,22:35,KTI Phnom Penh,TG585,Thai Airways,1h 20m,True,2026-02-11T02:54:33.550536
2026-04-30,BKK,arrival,22:40,PUS Busan,LJ21,Jin Air,5h 35m,True,2026-02-11T02:54:33.823422
2026-04-30,BKK,arrival,22:40,MNL Manila,PR732,PAL,3h 30m,True,2026-02-11T02:54:34.101591
2026-04-30,BKK,arrival,22:55,HKT Phuket,TG222,Thai Airways,1h 35m,True,2026-02-11T02:54:34.361403
2026-04-30,BKK,arrival,23:00,PEK Beijing,HU7995,Hainan Airlines,5h 0m,True,2026-02-11T02:54:34.616661
2026-04-30,BKK,arrival,23:00,NRT Tokyo,JL707,JAL,6h 35m,True,2026-02-11T02:54:34.878925
2026-04-30,BKK,arrival,23:05,KUL Kuala Lumpur,MH796,Malaysia Airlines,2h 20m,True,2026-02-11T02:54:35.164739
2026-04-30,BKK,arrival,23:10,ICN Seoul,OZ741,Asiana,5h 40m,True,2026-02-11T02:54:35.443361
2026-04-30,BKK,arrival,23:15,HKG Hong Kong,HB295,Greater Bay Airlines,3h 0m,True,2026-02-11T02:54:35.699508
2026-04-30,BKK,arrival,23:15,HKT Phuket,VZ309,Vietjet Thailand,1h 30m,True,2026-02-11T02:54:35.965191
2026-04-30,BKK,arrival,23:20,JJN Jinjiang,AQ1435,9 Air,4h 20m,True,2026-02-11T02:54:36.250352
2026-04-30,BKK,arrival,23:20,HDY Hat Yai,VZ329,Vietjet Thailand,1h 30m,True,2026-02-11T02:54:36.519493
2026-04-30,BKK,arrival,23:25,HKG Hong Kong,EK385,Emirates,3h 15m,True,2026-02-11T02:54:36.779544
2026-04-30,BKK,arrival,23:30,TPE Taipei,BR205,EVA Air,3h 45m,True,2026-02-11T02:54:37.059619
2026-04-30,BKK,arrival,23:30,CNX Chiang Mai,FD4117,Thai AirAsia,1h 25m,True,2026-02-11T02:54:37.353290
2026-04-30,BKK,arrival,23:30,CKG Chongqing,OQ2361,Chongqing Airlines,3h 15m,True,2026-02-11T02:54:37.609524
2026-04-30,BKK,arrival,23:30,HKT Phuket,PG280,Bangkok Airways,1h 35m,True,2026-02-11T02:54:37.865711
2026-04-30,BKK,arrival,23:35,CAN Guangzhou,KQ887,Kenya Airways,2h 25m,True,2026-02-11T02:54:38.117805
2026-04-30,BKK,arrival,23:40,HKT Phuket,FD4420,Thai AirAsia,1h 25m,True,2026-02-11T02:54:38.367917
2026-04-30,BKK,arrival,23:40,ICN Seoul,KE659,Korean Air,5h 55m,True,2026-02-11T02:54:38.618103
2026-04-30,BKK,arrival,23:50,PUS Busan,7C2551,Jeju Air,5h 50m,True,2026-02-11T02:54:38.879438
2026-04-30,BKK,arrival,23:50,HKG Hong Kong,CX617,Cathay Pacific,3h 0m,True,2026-02-11T02:54:39.146328
2026-04-30,BKK,arrival,23:50,AUH Abu Dhabi,EY400,Etihad,6h 35m,True,2026-02-11T02:54:39.426327
2026-04-30,BKK,arrival,23:50,CNX Chiang Mai,VZ119,Vietjet Thailand,1h 20m,True,2026-02-11T02:54:39.690888
2026-04-30,BKK,arrival,23:55,KIX Osaka,MM91,Peach Aviation,6h 25m,True,2026-02-11T02:54:39.949798
2026-04-30,BKK,arrival,23:55,NRT Tokyo,NH805,ANA,6h 45m,True,2026-02-11T02:54:40.227740
