date,airport,direction,time,destination,flight,airline,duration,page_date_verified,scraped_at
2026-09-22,BKK,departure,00:01,PER Perth,TG483,Thai Airways,6h 44m,True,2026-02-12T10:32:08.701241
2026-09-22,BKK,departure,00:05,BRU Brussels,TG934,Thai Airways,12h 10m,True,2026-02-12T10:32:08.787835
2026-09-22,BKK,departure,00:05,CDG Paris,TG930,Thai Airways,12h 5m,True,2026-02-12T10:32:08.884177
2026-09-22,BKK,departure,00:05,NGO Nagoya,TG644,Thai Airways,5h 55m,True,2026-02-12T10:32:09.038742
2026-09-22,BKK,departure,00:05,OSL Oslo,TG954,Thai Airways,12h 20m,True,2026-02-12T10:32:09.221215
2026-09-22,BKK,departure,00:05,ICN Seoul,TW102,T´Way Air,5h 35m,True,2026-02-12T10:32:09.350480
2026-09-22,BKK,departure,00:15,KIX Osaka,VZ820,Vietjet Thailand,5h 40m,True,2026-02-12T10:32:09.474587
2026-09-22,BKK,departure,00:25,KIX Osaka,JL728,JAL,5h 25m,True,2026-02-12T10:32:09.604917
2026-09-22,BKK,departure,00:30,CKG Chongqing,OQ2362,Chongqing Airlines,3h 30m,True,2026-02-12T10:32:09.722542
2026-09-22,BKK,departure,00:30,ARN Stockholm,TG960,Thai Airways,11h 55m,True,2026-02-12T10:32:09.837467
2026-09-22,BKK,departure,00:30,PVG Shanghai,TG662,Thai Airways,4h 15m,True,2026-02-12T10:32:09.946425
2026-09-22,BKK,departure,00:30,FUK Fukuoka,VZ810,Vietjet Thailand,5h 25m,True,2026-02-12T10:32:10.055816
2026-09-22,BKK,departure,00:40,PEK Beijing,HU7996,Hainan Airlines,5h 0m,True,2026-02-12T10:32:10.168298
2026-09-22,BKK,departure,00:40,FUK Fukuoka,TG648,Thai Airways,5h 20m,True,2026-02-12T10:32:10.282156
2026-09-22,BKK,departure,00:45,LHR London,TG910,Thai Airways,12h 30m,True,2026-02-12T10:32:10.397416
2026-09-22,BKK,departure,00:50,MUC Munich,TG924,Thai Airways,11h 15m,True,2026-02-12T10:32:10.510501
2026-09-22,BKK,departure,00:55,MXP Milan,TG940,Thai Airways,11h 40m,True,2026-02-12T10:32:10.624481
2026-09-22,BKK,departure,01:05,ZRH Zurich,TG970,Thai Airways,11h 45m,True,2026-02-12T10:32:10.737913
2026-09-22,BKK,departure,01:10,ICN Seoul,7C2504,Jeju Air,5h 45m,True,2026-02-12T10:32:10.852961
2026-09-22,BKK,departure,01:10,CPH Copenhagen,TG950,Thai Airways,11h 30m,True,2026-02-12T10:32:10.972611
2026-09-22,BKK,departure,01:15,TFU Chengdu,3U3938,Sichuan Airlines,3h 5m,True,2026-02-12T10:32:11.089863
2026-09-22,BKK,departure,01:15,PVG Shanghai,9C8756,Spring Airlines,4h 25m,True,2026-02-12T10:32:11.201155
2026-09-22,BKK,departure,01:15,KIX Osaka,MM92,Peach Aviation,6h 5m,True,2026-02-12T10:32:11.310897
2026-09-22,BKK,departure,01:20,ICN Seoul,OZ742,Asiana,5h 25m,True,2026-02-12T10:32:11.419932
2026-09-22,BKK,departure,01:30,PEK Beijing,CA980,Air China,4h 40m,True,2026-02-12T10:32:11.827001
2026-09-22,BKK,departure,01:30,HKG Hong Kong,HB296,Greater Bay Airlines,3h 0m,True,2026-02-12T10:32:11.934326
2026-09-22,BKK,departure,01:30,PVG Shanghai,HO1352,Juneyao Airlines,4h 15m,True,2026-02-12T10:32:12.150555
2026-09-22,BKK,departure,01:35,TPE Taipei,BR206,EVA Air,3h 45m,True,2026-02-12T10:32:12.230761
2026-09-22,BKK,departure,01:35,DXB Dubai,EK385,Emirates,6h 5m,True,2026-02-12T10:32:12.320491
2026-09-22,BKK,departure,01:50,HKG Hong Kong,HX760,Hong Kong Airlines,3h 0m,True,2026-02-12T10:32:12.401968
2026-09-22,BKK,departure,01:50,XMN Xiamen,MF844,XiamenAir,3h 25m,True,2026-02-12T10:32:12.486885
2026-09-22,BKK,departure,01:50,JED Jeddah,SV849,Saudia,8h 10m,True,2026-02-12T10:32:12.567898
2026-09-22,BKK,departure,01:55,ADD Addis Ababa,ET609,Ethiopian,8h 40m,True,2026-02-12T10:32:12.653388
2026-09-22,BKK,departure,01:55,HKG Hong Kong,HX780,Hong Kong Airlines,3h 0m,True,2026-02-12T10:32:12.736674
2026-09-22,BKK,departure,01:55,TLV Tel Aviv-Yafo,LY86,El Al,10h 50m,True,2026-02-12T10:32:12.822988
2026-09-22,BKK,departure,01:55,TPE Taipei,VZ566,Vietjet Thailand,3h 50m,True,2026-02-12T10:32:12.904214
2026-09-22,BKK,departure,02:05,TAE Daegu,TW106,T´Way Air,5h 35m,True,2026-02-12T10:32:12.986602
2026-09-22,BKK,departure,02:10,NKG Nanjing,MU2804,China Eastern,4h 0m,True,2026-02-12T10:32:13.070497
2026-09-22,BKK,departure,02:10,PVG Shanghai,MU548,China Eastern,4h 25m,True,2026-02-12T10:32:13.154092
2026-09-22,BKK,departure,02:20,VIE Vienna,BR61,EVA Air,11h 15m,True,2026-02-12T10:32:13.236741
2026-09-22,BKK,departure,02:20,KWI Kuwait,KU414,Kuwait Airways,7h 20m,True,2026-02-12T10:32:13.320248
2026-09-22,BKK,departure,02:25,RGN Yangon,8M391,MAI,1h 20m,True,2026-02-12T10:32:13.410069
2026-09-22,BKK,departure,02:25,ICN Seoul,VZ850,Vietjet Thailand,5h 35m,True,2026-02-12T10:32:13.491007
2026-09-22,BKK,departure,02:30,DOH Doha,QR837,Qatar Airways,6h 35m,True,2026-02-12T10:32:13.576767
2026-09-22,BKK,departure,02:35,ICN Seoul,KE656,Korean Air,5h 40m,True,2026-02-12T10:32:13.659813
2026-09-22,BKK,departure,02:40,TPE Taipei,CI838,China Airlines,3h 45m,True,2026-02-12T10:32:13.748534
2026-09-22,BKK,departure,02:40,HKG Hong Kong,HX768,Hong Kong Airlines,3h 20m,True,2026-02-12T10:32:13.833874
2026-09-22,BKK,departure,02:50,XIY Xian,9C6252,Spring Airlines,3h 45m,True,2026-02-12T10:32:13.917087
2026-09-22,BKK,departure,02:50,DXB Dubai,EK377,Emirates,6h 10m,True,2026-02-12T10:32:14.009914
2026-09-22,BKK,departure,03:00,CAN Guangzhou,CZ3036,China Southern,2h 55m,True,2026-02-12T10:32:14.112241
2026-09-22,BKK,departure,03:00,CAN Guangzhou,MU2078,China Eastern,3h 50m,True,2026-02-12T10:32:14.204664
2026-09-22,BKK,departure,03:15,AUH Abu Dhabi,EY401,Etihad,6h 30m,True,2026-02-12T10:32:14.288465
2026-09-22,BKK,departure,03:15,SZX Shenzhen,ZH306,Shenzhen Airlines,2h 55m,True,2026-02-12T10:32:14.373196
2026-09-22,BKK,departure,03:25,MNL Manila,5J932,Cebu Pacific,3h 45m,True,2026-02-12T10:32:14.465058
2026-09-22,BKK,departure,03:40,DXB Dubai,EK371,Emirates,6h 10m,True,2026-02-12T10:32:14.550474
2026-09-22,BKK,departure,03:50,DEL Delhi,SG88,SpiceJet,4h 25m,True,2026-02-12T10:32:14.634088
2026-09-22,BKK,departure,04:05,XIY Xian,GJ8908,Loong Air,3h 35m,True,2026-02-12T10:32:14.717260
2026-09-22,BKK,departure,04:15,BBI Bhubaneswar,6E1066,IndiGo,2h 45m,True,2026-02-12T10:32:14.805770
2026-09-22,BKK,departure,04:20,WUH Wuhan,MU2564,China Eastern,3h 20m,True,2026-02-12T10:32:14.903111
2026-09-22,BKK,departure,05:05,PVG Shanghai,FM848,Shanghai Airlines,4h 30m,True,2026-02-12T10:32:14.989250
2026-09-22,BKK,departure,05:30,CIT Shymkent,DV470,SCAT Airlines,7h 0m,True,2026-02-12T10:32:15.078608
2026-09-22,BKK,departure,06:00,KUL Kuala Lumpur,MH797,Malaysia Airlines,2h 10m,True,2026-02-12T10:32:15.181502
2026-09-22,BKK,departure,06:05,USM Koh Samui,PG101,Bangkok Airways,1h 5m,True,2026-02-12T10:32:15.271060
2026-09-22,BKK,departure,06:10,CNX Chiang Mai,VZ100,Vietjet Thailand,1h 20m,True,2026-02-12T10:32:15.364171
2026-09-22,BKK,departure,06:10,NST Nakhon Si Thammarat,VZ330,Vietjet Thailand,1h 20m,True,2026-02-12T10:32:15.451833
2026-09-22,BKK,departure,06:25,USM Koh Samui,PG103,Bangkok Airways,1h 5m,True,2026-02-12T10:32:15.538090
2026-09-22,BKK,departure,06:30,CCU Kolkata,B3701,Bhutan Airlines,2h 45m,True,2026-02-12T10:32:15.627098
2026-09-22,BKK,departure,06:30,USM Koh Samui,PG105,Bangkok Airways,1h 5m,True,2026-02-12T10:32:15.716325
2026-09-22,BKK,departure,06:30,CEI Chiang Rai,VZ130,Vietjet Thailand,1h 25m,True,2026-02-12T10:32:15.811777
2026-09-22,BKK,departure,06:40,CEI Chiang Rai,FD4150,Thai AirAsia,1h 25m,True,2026-02-12T10:32:15.915528
2026-09-22,BKK,departure,06:40,OVB Novosibirsk,SU651,Aeroflot,7h 20m,True,2026-02-12T10:32:16.004188
2026-09-22,BKK,departure,06:40,IST Istanbul,TK59,Turkish Airlines,10h 0m,True,2026-02-12T10:32:16.103164
2026-09-22,BKK,departure,07:00,NRT Tokyo,NH806,ANA,6h 20m,True,2026-02-12T10:32:16.199966
2026-09-22,BKK,departure,07:00,THS Sukhothai,PG211,Bangkok Airways,1h 20m,True,2026-02-12T10:32:16.314856
2026-09-22,BKK,departure,07:00,HDY Hat Yai,TG259,Thai Airways,1h 25m,True,2026-02-12T10:32:16.401470
2026-09-22,BKK,departure,07:00,KKC Khon Kaen,TG40,Thai Airways,1h 0m,True,2026-02-12T10:32:16.489981
2026-09-22,BKK,departure,07:00,UTH Udon Thani,TG2,Thai Airways,1h 10m,True,2026-02-12T10:32:16.577575
2026-09-22,BKK,departure,07:00,HKT Phuket,VZ314,Vietjet Thailand,1h 30m,True,2026-02-12T10:32:16.680943
2026-09-22,BKK,departure,07:00,KBV Krabi,VZ340,Vietjet Thailand,1h 25m,True,2026-02-12T10:32:16.787199
2026-09-22,BKK,departure,07:05,HEL Helsinki,AY142,Finnair,12h 20m,True,2026-02-12T10:32:16.897687
2026-09-22,BKK,departure,07:05,UBP Ubon Ratchathani,TG20,Thai Airways,1h 10m,True,2026-02-12T10:32:17.001002
2026-09-22,BKK,departure,07:05,KKC Khon Kaen,VZ210,Vietjet Thailand,1h 5m,True,2026-02-12T10:32:17.103517
2026-09-22,BKK,departure,07:10,USM Koh Samui,PG107,Bangkok Airways,1h 5m,True,2026-02-12T10:32:17.202512
2026-09-22,BKK,departure,07:10,HDY Hat Yai,VZ320,Vietjet Thailand,1h 30m,True,2026-02-12T10:32:17.340114
2026-09-22,BKK,departure,07:15,HDY Hat Yai,FD4202,Thai AirAsia,1h 35m,True,2026-02-12T10:32:17.487114
2026-09-22,BKK,departure,07:15,UTH Udon Thani,FD4350,Thai AirAsia,1h 15m,True,2026-02-12T10:32:17.592725
2026-09-22,BKK,departure,07:20,KBV Krabi,PG261,Bangkok Airways,1h 25m,True,2026-02-12T10:32:17.689157
2026-09-22,BKK,departure,07:25,CNX Chiang Mai,TG102,Thai Airways,1h 20m,True,2026-02-12T10:32:17.788255
2026-09-22,BKK,departure,07:25,MNL Manila,TG620,Thai Airways,3h 20m,True,2026-02-12T10:32:17.870160
2026-09-22,BKK,departure,07:30,URT Surat Thani,FD4212,Thai AirAsia,1h 25m,True,2026-02-12T10:32:18.284941
2026-09-22,BKK,departure,07:30,IXB Bagdogra,KB131,Drukair,3h 10m,True,2026-02-12T10:32:18.391508
2026-09-22,BKK,departure,07:30,USM Koh Samui,PG121,Bangkok Airways,1h 5m,True,2026-02-12T10:32:18.516026
2026-09-22,BKK,departure,07:30,HKT Phuket,TG201,Thai Airways,1h 30m,True,2026-02-12T10:32:18.601444
2026-09-22,BKK,departure,07:30,KTI Phnom Penh,TG586,Thai Airways,1h 20m,True,2026-02-12T10:32:18.746737
2026-09-22,BKK,departure,07:35,DEL Delhi,TG323,Thai Airways,4h 30m,True,2026-02-12T10:32:18.872459
2026-09-22,BKK,departure,07:35,SGN Ho Chi Minh City,TG550,Thai Airways,1h 30m,True,2026-02-12T10:32:19.034328
2026-09-22,BKK,departure,07:40,SAI Siem Reap,PG903,Bangkok Airways,1h 20m,True,2026-02-12T10:32:19.174072
2026-09-22,BKK,departure,07:40,KBV Krabi,TG241,Thai Airways,1h 20m,True,2026-02-12T10:32:19.311481
2026-09-22,BKK,departure,07:40,CNX Chiang Mai,VZ114,Vietjet Thailand,1h 20m,True,2026-02-12T10:32:19.424012
2026-09-22,BKK,departure,07:45,HAN Hanoi,TG560,Thai Airways,1h 50m,True,2026-02-12T10:32:19.557143
2026-09-22,BKK,departure,07:45,NRT Tokyo,TG676,Thai Airways,6h 10m,True,2026-02-12T10:32:19.695893
2026-09-22,BKK,departure,07:45,CMB Colombo,UL403,SriLankan Airlines,3h 20m,True,2026-02-12T10:32:19.924598
2026-09-22,BKK,departure,07:50,KMG Kunming,MU9622,China Eastern,2h 5m,True,2026-02-12T10:32:20.038952
2026-09-22,BKK,departure,07:55,HKT Phuket,FD4124,Thai AirAsia,1h 35m,True,2026-02-12T10:32:20.157956
2026-09-22,BKK,departure,08:00,CNX Chiang Mai,PG215,Bangkok Airways,1h 20m,True,2026-02-12T10:32:20.279580
2026-09-22,BKK,departure,08:00,CGK Jakarta,TG433,Thai Airways,3h 35m,True,2026-02-12T10:32:20.393428
2026-09-22,BKK,departure,08:00,HKG Hong Kong,TG600,Thai Airways,2h 45m,True,2026-02-12T10:32:20.509156
2026-09-22,BKK,departure,08:00,ICN Seoul,TG652,Thai Airways,5h 25m,True,2026-02-12T10:32:20.627247
2026-09-22,BKK,departure,08:00,SIN Singapore,TG403,Thai Airways,2h 15m,True,2026-02-12T10:32:20.754747
2026-09-22,BKK,departure,08:05,HKG Hong Kong,CX700,Cathay Pacific,3h 5m,True,2026-02-12T10:32:20.876044
2026-09-22,BKK,departure,08:05,NRT Tokyo,JL708,JAL,6h 10m,True,2026-02-12T10:32:21.002703
2026-09-22,BKK,departure,08:05,HKT Phuket,PG271,Bangkok Airways,1h 30m,True,2026-02-12T10:32:21.119495
2026-09-22,BKK,departure,08:05,CEI Chiang Rai,TG130,Thai Airways,1h 35m,True,2026-02-12T10:32:21.227241
2026-09-22,BKK,departure,08:05,HKT Phuket,TG203,Thai Airways,1h 30m,True,2026-02-12T10:32:21.340382
2026-09-22,BKK,departure,08:10,TAS Tashkent,HY532,Uzbekistan Airways,7h 0m,True,2026-02-12T10:32:21.452163
2026-09-22,BKK,departure,08:10,USM Koh Samui,PG123,Bangkok Airways,1h 10m,True,2026-02-12T10:32:21.571119
2026-09-22,BKK,departure,08:10,MEL Melbourne,TG461,Thai Airways,8h 50m,True,2026-02-12T10:32:24.240924
2026-09-22,BKK,departure,08:15,TDX Trat,PG301,Bangkok Airways,1h 0m,True,2026-02-12T10:32:24.359829
2026-09-22,BKK,departure,08:15,DAD Da Nang,VZ964,Vietjet Thailand,1h 40m,True,2026-02-12T10:32:24.475911
2026-09-22,BKK,departure,08:20,CAN Guangzhou,CZ362,China Southern,3h 0m,True,2026-02-12T10:32:24.560081
2026-09-22,BKK,departure,08:20,KBV Krabi,FD4402,Thai AirAsia,1h 30m,True,2026-02-12T10:32:24.648615
2026-09-22,BKK,departure,08:20,HKT Phuket,VZ300,Vietjet Thailand,1h 30m,True,2026-02-12T10:32:24.737853
2026-09-22,BKK,departure,08:25,KIX Osaka,TG672,Thai Airways,5h 30m,True,2026-02-12T10:32:24.828848
2026-09-22,BKK,departure,08:25,TPE Taipei,TG632,Thai Airways,3h 40m,True,2026-02-12T10:32:24.933075
2026-09-22,BKK,departure,08:30,CNX Chiang Mai,FD4104,Thai AirAsia,1h 20m,True,2026-02-12T10:32:25.021993
2026-09-22,BKK,departure,08:30,SYD Sydney,TG475,Thai Airways,9h 0m,True,2026-02-12T10:32:25.111194
2026-09-22,BKK,departure,08:30,UTH Udon Thani,VZ200,Vietjet Thailand,1h 10m,True,2026-02-12T10:32:25.200015
2026-09-22,BKK,departure,08:40,DEL Delhi,AI2333,Air India,4h 25m,True,2026-02-12T10:32:25.294377
2026-09-22,BKK,departure,08:40,KTI Phnom Penh,VZ720,Vietjet Thailand,1h 15m,True,2026-02-12T10:32:25.379650
2026-09-22,BKK,departure,08:55,BOM Mumbai,6E1052,IndiGo,4h 25m,True,2026-02-12T10:32:25.460140
2026-09-22,BKK,departure,08:55,SHJ Sharjah,G9822,Air Arabia,6h 25m,True,2026-02-12T10:32:25.535573
2026-09-22,BKK,departure,08:55,TPE Taipei,VZ568,Vietjet Thailand,3h 50m,True,2026-02-12T10:32:25.624469
2026-09-22,BKK,departure,09:00,MCT Muscat,WY818,Oman Air,5h 50m,True,2026-02-12T10:32:25.718544
2026-09-22,BKK,departure,09:05,KUL Kuala Lumpur,TG415,Thai Airways,2h 10m,True,2026-02-12T10:32:25.802082
2026-09-22,BKK,departure,09:05,SIN Singapore,TR609,Scoot,2h 20m,True,2026-02-12T10:32:25.883461
2026-09-22,BKK,departure,09:15,JJN Jinjiang,AQ1436,9 Air,2h 45m,True,2026-02-12T10:32:25.974024
2026-09-22,BKK,departure,09:15,AUH Abu Dhabi,EY403,Etihad,6h 20m,True,2026-02-12T10:32:26.072462
2026-09-22,BKK,departure,09:15,USM Koh Samui,PG115,Bangkok Airways,1h 30m,True,2026-02-12T10:32:26.161586
2026-09-22,BKK,departure,09:15,DOH Doha,QR831,Qatar Airways,6h 35m,True,2026-02-12T10:32:26.247508
2026-09-22,BKK,departure,09:20,SIN Singapore,SQ705,Singapore Airlines,2h 25m,True,2026-02-12T10:32:26.333443
2026-09-22,BKK,departure,09:20,RGN Yangon,UB20,Myanmar National Airlines,1h 25m,True,2026-02-12T10:32:26.420410
2026-09-22,BKK,departure,09:20,PQC Phu Quoc,VZ980,Vietjet Thailand,1h 20m,True,2026-02-12T10:32:26.510262
2026-09-22,BKK,departure,09:25,MAA Chennai,6E1062,IndiGo,3h 15m,True,2026-02-12T10:32:26.604098
2026-09-22,BKK,departure,09:30,MCT Muscat,OV464,Salam Air,6h 30m,True,2026-02-12T10:32:26.689106
2026-09-22,BKK,departure,09:30,HKT Phuket,TG205,Thai Airways,1h 30m,True,2026-02-12T10:32:26.770138
2026-09-22,BKK,departure,09:35,HND Tokyo,NH848,ANA,6h 25m,True,2026-02-12T10:32:26.864450
2026-09-22,BKK,departure,09:35,DPS Denpasar,TG431,Thai Airways,4h 20m,True,2026-02-12T10:32:26.942185
2026-09-22,BKK,departure,09:35,RGN Yangon,TG301,Thai Airways,1h 30m,True,2026-02-12T10:32:27.021988
2026-09-22,BKK,departure,09:35,URT Surat Thani,VZ350,Vietjet Thailand,1h 15m,True,2026-02-12T10:32:27.102325
2026-09-22,BKK,departure,09:40,VTE Vientiane,QV442,Lao Airlines,1h 15m,True,2026-02-12T10:32:27.188328
2026-09-22,BKK,departure,09:45,AUH Abu Dhabi,EY409,Etihad,6h 20m,True,2026-02-12T10:32:27.271742
2026-09-22,BKK,departure,09:45,HND Tokyo,JL32,JAL,6h 15m,True,2026-02-12T10:32:27.349499
2026-09-22,BKK,departure,09:50,PVG Shanghai,FM842,Shanghai Airlines,4h 35m,True,2026-02-12T10:32:27.431194
2026-09-22,BKK,departure,09:50,ICN Seoul,KE660,Korean Air,5h 30m,True,2026-02-12T10:32:27.513722
2026-09-22,BKK,departure,09:55,DXB Dubai,EK375,Emirates,6h 5m,True,2026-02-12T10:32:27.595687
2026-09-22,BKK,departure,09:55,CNX Chiang Mai,PG223,Bangkok Airways,1h 20m,True,2026-02-12T10:32:27.677292
2026-09-22,BKK,departure,09:55,LPQ Luang Prabang,PG941,Bangkok Airways,2h 10m,True,2026-02-12T10:32:27.760269
2026-09-22,BKK,departure,09:55,USM Koh Samui,PG129,Bangkok Airways,1h 10m,True,2026-02-12T10:32:27.840052
2026-09-22,BKK,departure,09:55,DOH Doha,QR839,Qatar Airways,6h 35m,True,2026-02-12T10:32:27.929803
2026-09-22,BKK,departure,09:55,CNX Chiang Mai,TG104,Thai Airways,1h 20m,True,2026-02-12T10:32:28.018685
2026-09-22,BKK,departure,09:55,CNX Chiang Mai,VZ102,Vietjet Thailand,1h 20m,True,2026-02-12T10:32:28.115320
2026-09-22,BKK,departure,10:00,PEK Beijing,TG614,Thai Airways,4h 45m,True,2026-02-12T10:32:28.207777
2026-09-22,BKK,departure,10:05,CCU Kolkata,6E1058,IndiGo,2h 40m,True,2026-02-12T10:32:28.300964
2026-09-22,BKK,departure,10:05,USM Koh Samui,PG125,Bangkok Airways,1h 10m,True,2026-02-12T10:32:28.375918
2026-09-22,BKK,departure,10:10,USM Koh Samui,PG127,Bangkok Airways,1h 30m,True,2026-02-12T10:32:28.455892
2026-09-22,BKK,departure,10:10,HKG Hong Kong,UO705,HK Express,3h 10m,True,2026-02-12T10:32:28.539000
2026-09-22,BKK,departure,10:15,RGN Yangon,8M336,MAI,1h 20m,True,2026-02-12T10:32:28.649427
2026-09-22,BKK,departure,10:15,ALA Almaty,KC932,Air Astana,6h 40m,True,2026-02-12T10:32:28.740238
2026-09-22,BKK,departure,10:15,KTM Kathmandu,TG319,Thai Airways,3h 25m,True,2026-02-12T10:32:28.819309
2026-09-22,BKK,departure,10:15,TFU Chengdu,TG618,Thai Airways,3h 10m,True,2026-02-12T10:32:28.897860
2026-09-22,BKK,departure,10:20,HKT Phuket,VZ304,Vietjet Thailand,1h 30m,True,2026-02-12T10:32:28.978136
2026-09-22,BKK,departure,10:30,NST Nakhon Si Thammarat,FD4231,Thai AirAsia,1h 25m,True,2026-02-12T10:32:29.059613
2026-09-22,BKK,departure,10:30,CAN Guangzhou,TG668,Thai Airways,3h 0m,True,2026-02-12T10:32:29.142468
2026-09-22,BKK,departure,10:30,HKG Hong Kong,TG628,Thai Airways,2h 50m,True,2026-02-12T10:32:29.225585
2026-09-22,BKK,departure,10:30,KKC Khon Kaen,TG42,Thai Airways,1h 5m,True,2026-02-12T10:32:29.317928
2026-09-22,BKK,departure,10:35,TAS Tashkent,C6526,Centrum Air,7h 0m,True,2026-02-12T10:32:29.398433
2026-09-22,BKK,departure,10:35,MFM Macau,NX995,Air Macau,2h 45m,True,2026-02-12T10:32:29.482264
2026-09-22,BKK,departure,10:35,DAC Dhaka,TG321,Thai Airways,2h 35m,True,2026-02-12T10:32:29.565940
2026-09-22,BKK,departure,10:40,HKT Phuket,PG275,Bangkok Airways,1h 30m,True,2026-02-12T10:32:29.645793
2026-09-22,BKK,departure,10:45,CNX Chiang Mai,FD4106,Thai AirAsia,1h 20m,True,2026-02-12T10:32:29.722869
2026-09-22,BKK,departure,10:45,KMG Kunming,TG612,Thai Airways,2h 15m,True,2026-02-12T10:32:29.800923
2026-09-22,BKK,departure,10:45,PVG Shanghai,TG664,Thai Airways,4h 15m,True,2026-02-12T10:32:29.877366
2026-09-22,BKK,departure,10:50,DEL Delhi,6E1064,IndiGo,4h 35m,True,2026-02-12T10:32:30.013564
2026-09-22,BKK,departure,10:50,TPE Taipei,CI834,China Airlines,3h 40m,True,2026-02-12T10:32:30.182319
2026-09-22,BKK,departure,10:50,NNG Nanning,GX8910,GX Airlines,2h 5m,True,2026-02-12T10:32:30.309556
2026-09-22,BKK,departure,10:50,HKT Phuket,TG207,Thai Airways,1h 30m,True,2026-02-12T10:32:30.429064
2026-09-22,BKK,departure,10:50,DAD Da Nang,VZ960,Vietjet Thailand,1h 40m,True,2026-02-12T10:32:30.555192
2026-09-22,BKK,departure,10:55,SAI Siem Reap,PG905,Bangkok Airways,1h 20m,True,2026-02-12T10:32:30.703038
2026-09-22,BKK,departure,10:55,SIN Singapore,TR625,Scoot,2h 30m,True,2026-02-12T10:32:30.818353
2026-09-22,BKK,departure,11:00,HKG Hong Kong,CX750,Cathay Pacific,3h 10m,True,2026-02-12T10:32:30.936917
2026-09-22,BKK,departure,11:00,HDY Hat Yai,VZ324,Vietjet Thailand,1h 30m,True,2026-02-12T10:32:31.043043
2026-09-22,BKK,departure,11:00,UBP Ubon Ratchathani,VZ220,Vietjet Thailand,1h 10m,True,2026-02-12T10:32:31.149139
2026-09-22,BKK,departure,11:05,HAK Haikou,HU7940,Hainan Airlines,2h 25m,True,2026-02-12T10:32:31.264207
2026-09-22,BKK,departure,11:05,KUL Kuala Lumpur,MH785,Malaysia Airlines,2h 10m,True,2026-02-12T10:32:31.374399
2026-09-22,BKK,departure,11:10,CNX Chiang Mai,FD4100,Thai AirAsia,1h 20m,True,2026-02-12T10:32:31.481944
2026-09-22,BKK,departure,11:15,SIN Singapore,TG413,Thai Airways,2h 15m,True,2026-02-12T10:32:31.589997
2026-09-22,BKK,departure,11:20,CAN Guangzhou,CZ358,China Southern,2h 50m,True,2026-02-12T10:32:31.700223
2026-09-22,BKK,departure,11:20,NAW Narathiwat,FD4252,Thai AirAsia,1h 35m,True,2026-02-12T10:32:31.811235
2026-09-22,BKK,departure,11:20,SHJ Sharjah,G9824,Air Arabia,6h 25m,True,2026-02-12T10:32:31.922623
2026-09-22,BKK,departure,11:20,SGN Ho Chi Minh City,VN600,Vietnam Airlines,1h 45m,True,2026-02-12T10:32:32.031223
2026-09-22,BKK,departure,11:25,MNL Manila,5J930,Cebu Pacific,3h 50m,True,2026-02-12T10:32:32.136078
2026-09-22,BKK,departure,11:25,KKC Khon Kaen,FD4501,Thai AirAsia,1h 10m,True,2026-02-12T10:32:32.252207
2026-09-22,BKK,departure,11:25,IKT Irkutsk,S76318,S7 Airlines,6h 25m,True,2026-02-12T10:32:32.360053
2026-09-22,BKK,departure,11:25,VTE Vientiane,TG570,Thai Airways,1h 15m,True,2026-02-12T10:32:32.755805
2026-09-22,BKK,departure,11:30,MDL Mandalay,8M338,MAI,1h 50m,True,2026-02-12T10:32:32.852034
2026-09-22,BKK,departure,11:30,XIY Xian,9C6300,Spring Airlines,3h 50m,True,2026-02-12T10:32:32.937957
2026-09-22,BKK,departure,11:30,SGN Ho Chi Minh City,VJ802,VietJet,1h 30m,True,2026-02-12T10:32:33.017952
2026-09-22,BKK,departure,11:35,KTI Phnom Penh,KR702,Cambodia Airways,1h 15m,True,2026-02-12T10:32:33.115725
2026-09-22,BKK,departure,11:35,CEI Chiang Rai,TG132,Thai Airways,1h 35m,True,2026-02-12T10:32:33.209494
2026-09-22,BKK,departure,11:40,TDX Trat,PG305,Bangkok Airways,1h 0m,True,2026-02-12T10:32:33.298796
2026-09-22,BKK,departure,11:40,USM Koh Samui,PG133,Bangkok Airways,1h 5m,True,2026-02-12T10:32:33.392192
2026-09-22,BKK,departure,11:40,CNX Chiang Mai,TG106,Thai Airways,1h 20m,True,2026-02-12T10:32:33.470714
2026-09-22,BKK,departure,11:45,NNG Nanning,9C7486,Spring Airlines,2h 20m,True,2026-02-12T10:32:33.562899
2026-09-22,BKK,departure,11:45,CKG Chongqing,HU424,Hainan Airlines,3h 20m,True,2026-02-12T10:32:33.643633
2026-09-22,BKK,departure,11:45,KHH Kaohsiung,TG630,Thai Airways,3h 30m,True,2026-02-12T10:32:33.739973
2026-09-22,BKK,departure,11:50,PVG Shanghai,FM854,Shanghai Airlines,4h 20m,True,2026-02-12T10:32:33.831540
2026-09-22,BKK,departure,11:55,HYD Hyderabad,6E1068,IndiGo,3h 30m,True,2026-02-12T10:32:33.914487
2026-09-22,BKK,departure,11:55,HAN Hanoi,VN610,Vietnam Airlines,1h 55m,True,2026-02-12T10:32:33.992972
2026-09-22,BKK,departure,12:00,FOC Fuzhou,9C7302,Spring Airlines,3h 30m,True,2026-02-12T10:32:34.072141
2026-09-22,BKK,departure,12:05,HKG Hong Kong,CX774,Cathay Pacific,3h 10m,True,2026-02-12T10:32:34.159315
2026-09-22,BKK,departure,12:05,AMS Amsterdam,KL844,KLM,12h 5m,True,2026-02-12T10:32:34.248559
2026-09-22,BKK,departure,12:10,SZX Shenzhen,ZH310,Shenzhen Airlines,2h 55m,True,2026-02-12T10:32:34.325671
2026-09-22,BKK,departure,12:15,AMS Amsterdam,BR75,EVA Air,12h 10m,True,2026-02-12T10:32:34.408251
2026-09-22,BKK,departure,12:15,SWA Jieyang,CZ8356,China Southern,3h 5m,True,2026-02-12T10:32:34.486763
2026-09-22,BKK,departure,12:15,XMN Xiamen,MF854,XiamenAir,3h 15m,True,2026-02-12T10:32:34.575984
2026-09-22,BKK,departure,12:15,SIN Singapore,SQ707,Singapore Airlines,2h 35m,True,2026-02-12T10:32:34.658694
2026-09-22,BKK,departure,12:15,UTH Udon Thani,TG4,Thai Airways,1h 10m,True,2026-02-12T10:32:34.741105
2026-09-22,BKK,departure,12:20,BLR Bengaluru,6E1056,IndiGo,3h 40m,True,2026-02-12T10:32:34.820131
2026-09-22,BKK,departure,12:20,CNX Chiang Mai,FD4118,Thai AirAsia,1h 20m,True,2026-02-12T10:32:34.903246
2026-09-22,BKK,departure,12:20,HKT Phuket,FD4110,Thai AirAsia,1h 35m,True,2026-02-12T10:32:34.985884
2026-09-22,BKK,departure,12:20,ICN Seoul,OZ744,Asiana,5h 20m,True,2026-02-12T10:32:35.080452
2026-09-22,BKK,departure,12:20,CNX Chiang Mai,VZ110,Vietjet Thailand,1h 20m,True,2026-02-12T10:32:35.172380
2026-09-22,BKK,departure,12:25,TPE Taipei,BR212,EVA Air,3h 50m,True,2026-02-12T10:32:35.275678
2026-09-22,BKK,departure,12:25,CNX Chiang Mai,PG217,Bangkok Airways,1h 20m,True,2026-02-12T10:32:35.475694
2026-09-22,BKK,departure,12:25,FRA Frankfurt,TG922,Thai Airways,11h 35m,True,2026-02-12T10:32:35.587897
2026-09-22,BKK,departure,12:30,HKG Hong Kong,CX754,Cathay Pacific,3h 10m,True,2026-02-12T10:32:35.690365
2026-09-22,BKK,departure,12:30,HDY Hat Yai,TG263,Thai Airways,1h 30m,True,2026-02-12T10:32:35.782924
2026-09-22,BKK,departure,12:35,ZRH Zurich,LX181,SWISS,12h 0m,True,2026-02-12T10:32:35.883451
2026-09-22,BKK,departure,12:35,HKT Phuket,PG273,Bangkok Airways,1h 30m,True,2026-02-12T10:32:35.978502
2026-09-22,BKK,departure,12:40,CAN Guangzhou,CZ8080,China Southern,3h 0m,True,2026-02-12T10:32:36.058382
2026-09-22,BKK,departure,12:40,SZX Shenzhen,CZ8076,China Southern,3h 0m,True,2026-02-12T10:32:36.150927
2026-09-22,BKK,departure,12:40,USM Koh Samui,PG135,Bangkok Airways,1h 5m,True,2026-02-12T10:32:36.242653
2026-09-22,BKK,departure,12:40,DPS Denpasar,TG439,Thai Airways,4h 20m,True,2026-02-12T10:32:36.325836
2026-09-22,BKK,departure,12:40,TPE Taipei,TG634,Thai Airways,3h 40m,True,2026-02-12T10:32:36.406750
2026-09-22,BKK,departure,12:45,LHR London,BR67,EVA Air,12h 35m,True,2026-02-12T10:32:36.484168
2026-09-22,BKK,departure,12:45,LHR London,TG916,Thai Airways,12h 30m,True,2026-02-12T10:32:36.567246
2026-09-22,BKK,departure,12:50,HGH Hangzhou,JD420,Capital Airlines,4h 0m,True,2026-02-12T10:32:36.649458
2026-09-22,BKK,departure,13:00,HND Tokyo,TG660,Thai Airways,6h 10m,True,2026-02-12T10:32:36.729211
2026-09-22,BKK,departure,13:05,KTI Phnom Penh,K6723,Air Cambodia,1h 15m,True,2026-02-12T10:32:36.808878
2026-09-22,BKK,departure,13:05,NST Nakhon Si Thammarat,VZ334,Vietjet Thailand,1h 20m,True,2026-02-12T10:32:36.895839
2026-09-22,BKK,departure,13:10,TPE Taipei,JX742,Starlux,3h 50m,True,2026-02-12T10:32:36.971945
2026-09-22,BKK,departure,13:10,HKT Phuket,VZ2300,Vietjet Thailand,1h 30m,True,2026-02-12T10:32:37.054934
2026-09-22,BKK,departure,13:15,UTH Udon Thani,VZ204,Vietjet Thailand,1h 10m,True,2026-02-12T10:32:37.143095
2026-09-22,BKK,departure,13:20,TPE Taipei,CI832,China Airlines,3h 40m,True,2026-02-12T10:32:37.234965
2026-09-22,BKK,departure,13:20,KMG Kunming,MU6088,China Eastern,2h 25m,True,2026-02-12T10:32:37.315767
2026-09-22,BKK,departure,13:20,SVO Moscow,SU273,Aeroflot,9h 40m,True,2026-02-12T10:32:37.392966
2026-09-22,BKK,departure,13:25,MNL Manila,PR731,PAL,3h 35m,True,2026-02-12T10:32:37.471105
2026-09-22,BKK,departure,13:25,CEI Chiang Rai,VZ132,Vietjet Thailand,1h 25m,True,2026-02-12T10:32:37.574424
2026-09-22,BKK,departure,13:30,BWN Bandar Seri Begawan,BI514,Royal Brunei Airlines,2h 45m,True,2026-02-12T10:32:37.664518
2026-09-22,BKK,departure,13:30,CNX Chiang Mai,TG110,Thai Airways,1h 20m,True,2026-02-12T10:32:37.757195
2026-09-22,BKK,departure,13:35,PVG Shanghai,MU542,China Eastern,4h 40m,True,2026-02-12T10:32:37.839945
2026-09-22,BKK,departure,13:40,USM Koh Samui,PG145,Bangkok Airways,1h 5m,True,2026-02-12T10:32:37.917976
2026-09-22,BKK,departure,13:40,CNX Chiang Mai,VZ106,Vietjet Thailand,1h 20m,True,2026-02-12T10:32:37.994484
2026-09-22,BKK,departure,13:45,TFU Chengdu,9C7502,Spring Airlines,3h 15m,True,2026-02-12T10:32:38.074746
2026-09-22,BKK,departure,13:45,CAN Guangzhou,CZ8100,China Southern,3h 0m,True,2026-02-12T10:32:38.155939
2026-09-22,BKK,departure,13:50,PVG Shanghai,9C7422,Spring Airlines,4h 15m,True,2026-02-12T10:32:38.292988
2026-09-22,BKK,departure,13:50,PEK Beijing,HU430,Hainan Airlines,5h 5m,True,2026-02-12T10:32:38.448085
2026-09-22,BKK,departure,13:50,SIN Singapore,TG407,Thai Airways,2h 15m,True,2026-02-12T10:32:38.566100
2026-09-22,BKK,departure,13:50,SGN Ho Chi Minh City,VJ804,VietJet,1h 30m,True,2026-02-12T10:32:38.678175
2026-09-22,BKK,departure,13:55,HND Tokyo,NH878,ANA,6h 20m,True,2026-02-12T10:32:38.798642
2026-09-22,BKK,departure,13:55,USM Koh Samui,PG149,Bangkok Airways,1h 30m,True,2026-02-12T10:32:38.914671
2026-09-22,BKK,departure,13:55,HKT Phuket,TG211,Thai Airways,1h 30m,True,2026-02-12T10:32:39.036569
2026-09-22,BKK,departure,13:55,CMB Colombo,UL405,SriLankan Airlines,3h 20m,True,2026-02-12T10:32:39.153969
2026-09-22,BKK,departure,14:00,HKG Hong Kong,TG638,Thai Airways,2h 45m,True,2026-02-12T10:32:39.263255
2026-09-22,BKK,departure,14:00,HAN Hanoi,VJ902,VietJet,1h 50m,True,2026-02-12T10:32:39.372238
2026-09-22,BKK,departure,14:05,XIY Xian,9C6294,Spring Airlines,3h 50m,True,2026-02-12T10:32:39.482871
2026-09-22,BKK,departure,14:05,USM Koh Samui,PG147,Bangkok Airways,1h 5m,True,2026-02-12T10:32:39.592394
2026-09-22,BKK,departure,14:10,KKC Khon Kaen,TG44,Thai Airways,1h 0m,True,2026-02-12T10:32:39.703858
2026-09-22,BKK,departure,14:15,HKG Hong Kong,EK384,Emirates,3h 0m,True,2026-02-12T10:32:39.813717
2026-09-22,BKK,departure,14:15,CGK Jakarta,ET628,Ethiopian,3h 45m,True,2026-02-12T10:32:39.925588
2026-09-22,BKK,departure,14:15,CGK Jakarta,GA867,Garuda Indonesia,3h 35m,True,2026-02-12T10:32:40.037694
2026-09-22,BKK,departure,14:15,KUL Kuala Lumpur,MH789,Malaysia Airlines,2h 15m,True,2026-02-12T10:32:40.152431
2026-09-22,BKK,departure,14:20,CGK Jakarta,TG435,Thai Airways,3h 35m,True,2026-02-12T10:32:40.270948
2026-09-22,BKK,departure,14:20,MNL Manila,TG624,Thai Airways,3h 25m,True,2026-02-12T10:32:40.401268
2026-09-22,BKK,departure,14:25,NGB Ningbo,9C7432,Spring Airlines,4h 15m,True,2026-02-12T10:32:40.528685
2026-09-22,BKK,departure,14:25,SGN Ho Chi Minh City,VN604,Vietnam Airlines,1h 50m,True,2026-02-12T10:32:40.665703
2026-09-22,BKK,departure,14:30,CEI Chiang Rai,FD4152,Thai AirAsia,1h 25m,True,2026-02-12T10:32:41.156072
2026-09-22,BKK,departure,14:30,SGN Ho Chi Minh City,VU130,Vietravel Airlines,1h 25m,True,2026-02-12T10:32:41.253248
2026-09-22,BKK,departure,14:30,KBV Krabi,VZ342,Vietjet Thailand,1h 25m,True,2026-02-12T10:32:41.365668
2026-09-22,BKK,departure,14:35,KBV Krabi,FD4400,Thai AirAsia,1h 35m,True,2026-02-12T10:32:41.486114
2026-09-22,BKK,departure,14:35,PQC Phu Quoc,VZ982,Vietjet Thailand,1h 20m,True,2026-02-12T10:32:41.605385
2026-09-22,BKK,departure,14:40,DAC Dhaka,BS218,US-Bangla Airlines,2h 40m,True,2026-02-12T10:32:41.709988
2026-09-22,BKK,departure,14:40,PNQ Pune,IX241,Air India Express,4h 15m,True,2026-02-12T10:32:41.803567
2026-09-22,BKK,departure,14:40,USM Koh Samui,PG151,Bangkok Airways,1h 5m,True,2026-02-12T10:32:41.890668
2026-09-22,BKK,departure,14:45,BOM Mumbai,AI2353,Air India,4h 40m,True,2026-02-12T10:32:41.968529
2026-09-22,BKK,departure,14:45,HKT Phuket,FD4112,Thai AirAsia,1h 30m,True,2026-02-12T10:32:42.058167
2026-09-22,BKK,departure,14:45,HKT Phuket,TG215,Thai Airways,1h 30m,True,2026-02-12T10:32:42.137472
2026-09-22,BKK,departure,14:45,UBP Ubon Ratchathani,VZ224,Vietjet Thailand,1h 10m,True,2026-02-12T10:32:42.220907
2026-09-22,BKK,departure,14:55,CNX Chiang Mai,TG112,Thai Airways,1h 20m,True,2026-02-12T10:32:42.300298
2026-09-22,BKK,departure,15:00,SWA Jieyang,9C6194,Spring Airlines,2h 55m,True,2026-02-12T10:32:42.381591
2026-09-22,BKK,departure,15:00,HKG Hong Kong,CX654,Cathay Pacific,3h 5m,True,2026-02-12T10:32:42.460123
2026-09-22,BKK,departure,15:00,USM Koh Samui,PG157,Bangkok Airways,1h 30m,True,2026-02-12T10:32:42.538647
2026-09-22,BKK,departure,15:05,CAN Guangzhou,CZ5096,China Southern,3h 0m,True,2026-02-12T10:32:42.620769
2026-09-22,BKK,departure,15:05,AUH Abu Dhabi,EY405,Etihad,7h 15m,True,2026-02-12T10:32:42.703647
2026-09-22,BKK,departure,15:05,CAN Guangzhou,KQ886,Kenya Airways,2h 55m,True,2026-02-12T10:32:42.785586
2026-09-22,BKK,departure,15:15,DEL Delhi,AI2356,Air India,4h 30m,True,2026-02-12T10:32:42.863019
2026-09-22,BKK,departure,15:20,MFM Macau,NX935,Air Macau,2h 30m,True,2026-02-12T10:32:42.941225
2026-09-22,BKK,departure,15:25,RUH Riyadh,SV847,Saudia,7h 25m,True,2026-02-12T10:32:43.025697
2026-09-22,BKK,departure,15:25,SIN Singapore,TR605,Scoot,2h 30m,True,2026-02-12T10:32:43.105318
2026-09-22,BKK,departure,15:25,CNX Chiang Mai,VZ108,Vietjet Thailand,1h 20m,True,2026-02-12T10:32:43.186034
2026-09-22,BKK,departure,15:25,HKT Phuket,VZ306,Vietjet Thailand,1h 30m,True,2026-02-12T10:32:43.268513
2026-09-22,BKK,departure,15:30,BFV Buri Ram,FD4511,Thai AirAsia,1h 5m,True,2026-02-12T10:32:43.355798
2026-09-22,BKK,departure,15:30,USM Koh Samui,PG165,Bangkok Airways,1h 5m,True,2026-02-12T10:32:43.450254
2026-09-22,BKK,departure,15:30,SIN Singapore,SQ709,Singapore Airlines,2h 30m,True,2026-02-12T10:32:43.550998
2026-09-22,BKK,departure,15:30,UTH Udon Thani,VZ202,Vietjet Thailand,1h 10m,True,2026-02-12T10:32:43.637702
2026-09-22,BKK,departure,15:40,RGN Yangon,8M334,MAI,1h 20m,True,2026-02-12T10:32:43.722347
2026-09-22,BKK,departure,15:40,CNX Chiang Mai,FD4102,Thai AirAsia,1h 15m,True,2026-02-12T10:32:43.802193
2026-09-22,BKK,departure,15:45,LJG Lijiang,DR5042,Ruili Airlines,2h 40m,True,2026-02-12T10:32:43.880816
2026-09-22,BKK,departure,15:45,USM Koh Samui,PG171,Bangkok Airways,1h 5m,True,2026-02-12T10:32:43.966068
2026-09-22,BKK,departure,15:45,HKG Hong Kong,UA821,United,3h 0m,True,2026-02-12T10:32:44.047064
2026-09-22,BKK,departure,15:45,SGN Ho Chi Minh City,VJ800,VietJet,1h 30m,True,2026-02-12T10:32:44.129520
2026-09-22,BKK,departure,15:50,PVG Shanghai,9C7280,Spring Airlines,4h 25m,True,2026-02-12T10:32:44.214411
2026-09-22,BKK,departure,15:50,NKG Nanjing,JD620,Capital Airlines,4h 5m,True,2026-02-12T10:32:44.299426
2026-09-22,BKK,departure,15:50,DAD Da Nang,VZ962,Vietjet Thailand,1h 40m,True,2026-02-12T10:32:44.381946
2026-09-22,BKK,departure,15:55,CAN Guangzhou,CZ3082,China Southern,3h 5m,True,2026-02-12T10:32:44.473322
2026-09-22,BKK,departure,15:55,HKG Hong Kong,HX776,Hong Kong Airlines,3h 0m,True,2026-02-12T10:32:44.556738
2026-09-22,BKK,departure,15:55,KMG Kunming,MU742,China Eastern,2h 30m,True,2026-02-12T10:32:44.638980
2026-09-22,BKK,departure,15:55,IKT Irkutsk,S76306,S7 Airlines,6h 25m,True,2026-02-12T10:32:44.721338
2026-09-22,BKK,departure,15:55,HAN Hanoi,VN614,Vietnam Airlines,1h 55m,True,2026-02-12T10:32:44.805661
2026-09-22,BKK,departure,16:00,THS Sukhothai,PG213,Bangkok Airways,1h 20m,True,2026-02-12T10:32:44.888848
2026-09-22,BKK,departure,16:00,USM Koh Samui,PG167,Bangkok Airways,1h 5m,True,2026-02-12T10:32:44.974848
2026-09-22,BKK,departure,16:00,UBP Ubon Ratchathani,TG28,Thai Airways,1h 10m,True,2026-02-12T10:32:45.059005
2026-09-22,BKK,departure,16:10,HDY Hat Yai,FD4204,Thai AirAsia,1h 30m,True,2026-02-12T10:32:45.148452
2026-09-22,BKK,departure,16:15,DAC Dhaka,BG389,Biman,2h 45m,True,2026-02-12T10:32:45.233125
2026-09-22,BKK,departure,16:15,TDX Trat,PG307,Bangkok Airways,1h 0m,True,2026-02-12T10:32:45.314003
2026-09-22,BKK,departure,16:15,USM Koh Samui,PG159,Bangkok Airways,1h 35m,True,2026-02-12T10:32:45.399891
2026-09-22,BKK,departure,16:15,HKG Hong Kong,UO701,HK Express,3h 0m,True,2026-02-12T10:32:45.499806
2026-09-22,BKK,departure,16:25,HKG Hong Kong,CX706,Cathay Pacific,3h 0m,True,2026-02-12T10:32:45.602041
2026-09-22,BKK,departure,16:25,SIN Singapore,TG409,Thai Airways,2h 15m,True,2026-02-12T10:32:45.690843
2026-09-22,BKK,departure,16:35,CNX Chiang Mai,FD4108,Thai AirAsia,1h 20m,True,2026-02-12T10:32:45.769921
2026-09-22,BKK,departure,16:35,NOU Noumea,SB501,Aircalin,9h 55m,True,2026-02-12T10:32:45.852972
2026-09-22,BKK,departure,16:40,USM Koh Samui,PG169,Bangkok Airways,1h 5m,True,2026-02-12T10:32:45.931932
2026-09-22,BKK,departure,16:40,KUL Kuala Lumpur,TG417,Thai Airways,2h 10m,True,2026-02-12T10:32:46.011672
2026-09-22,BKK,departure,16:45,KWE Guiyang,AQ1208,9 Air,2h 5m,True,2026-02-12T10:32:46.103280
2026-09-22,BKK,departure,16:45,TPE Taipei,BR68,EVA Air,3h 45m,True,2026-02-12T10:32:46.199462
2026-09-22,BKK,departure,16:45,KJA Krasnojarsk,SU815,Aeroflot,7h 5m,True,2026-02-12T10:32:46.282481
2026-09-22,BKK,departure,16:50,PVG Shanghai,FM834,Shanghai Airlines,4h 35m,True,2026-02-12T10:32:46.359472
2026-09-22,BKK,departure,17:00,TLV Tel Aviv-Yafo,LY84,El Al,10h 50m,True,2026-02-12T10:32:46.443229
2026-09-22,BKK,departure,17:00,HKT Phuket,PG277,Bangkok Airways,1h 30m,True,2026-02-12T10:32:46.592541
2026-09-22,BKK,departure,17:00,CEI Chiang Rai,TG136,Thai Airways,1h 20m,True,2026-02-12T10:32:46.769828
2026-09-22,BKK,departure,17:00,KTI Phnom Penh,VZ722,Vietjet Thailand,1h 15m,True,2026-02-12T10:32:46.908029
2026-09-22,BKK,departure,17:05,HKT Phuket,TG217,Thai Airways,1h 30m,True,2026-02-12T10:32:47.019277
2026-09-22,BKK,departure,17:05,RGN Yangon,TG303,Thai Airways,1h 25m,True,2026-02-12T10:32:47.124846
2026-09-22,BKK,departure,17:05,URT Surat Thani,VZ352,Vietjet Thailand,1h 15m,True,2026-02-12T10:32:47.233807
2026-09-22,BKK,departure,17:10,DEL Delhi,6E1054,IndiGo,4h 20m,True,2026-02-12T10:32:47.336849
2026-09-22,BKK,departure,17:10,KTI Phnom Penh,K6725,Air Cambodia,1h 10m,True,2026-02-12T10:32:47.444286
2026-09-22,BKK,departure,17:10,LYA Luoyang,UQ2642,Urumqi Airlines,4h 10m,True,2026-02-12T10:32:47.547276
2026-09-22,BKK,departure,17:15,KUL Kuala Lumpur,MH783,Malaysia Airlines,2h 15m,True,2026-02-12T10:32:47.652736
2026-09-22,BKK,departure,17:15,TPE Taipei,TG636,Thai Airways,3h 55m,True,2026-02-12T10:32:47.761969
2026-09-22,BKK,departure,17:20,KTI Phnom Penh,PG935,Bangkok Airways,1h 15m,True,2026-02-12T10:32:47.865549
2026-09-22,BKK,departure,17:25,SZX Shenzhen,CZ8324,China Southern,3h 15m,True,2026-02-12T10:32:47.976788
2026-09-22,BKK,departure,17:25,SAI Siem Reap,PG907,Bangkok Airways,1h 20m,True,2026-02-12T10:32:48.081253
2026-09-22,BKK,departure,17:30,TPE Taipei,CI836,China Airlines,3h 35m,True,2026-02-12T10:32:48.190733
2026-09-22,BKK,departure,17:30,HKG Hong Kong,CX708,Cathay Pacific,3h 0m,True,2026-02-12T10:32:48.308083
2026-09-22,BKK,departure,17:30,HGH Hangzhou,GJ8022,Loong Air,4h 5m,True,2026-02-12T10:32:48.419969
2026-09-22,BKK,departure,17:30,USM Koh Samui,PG173,Bangkok Airways,1h 10m,True,2026-02-12T10:32:48.536001
2026-09-22,BKK,departure,17:30,HKT Phuket,VZ2304,Vietjet Thailand,1h 30m,True,2026-02-12T10:32:48.652779
2026-09-22,BKK,departure,17:30,KKC Khon Kaen,VZ214,Vietjet Thailand,1h 5m,True,2026-02-12T10:32:48.765605
2026-09-22,BKK,departure,17:35,KKC Khon Kaen,TG46,Thai Airways,1h 0m,True,2026-02-12T10:32:48.874502
2026-09-22,BKK,departure,17:35,SGN Ho Chi Minh City,TG556,Thai Airways,1h 30m,True,2026-02-12T10:32:49.311510
2026-09-22,BKK,departure,17:40,HKT Phuket,FD4122,Thai AirAsia,1h 30m,True,2026-02-12T10:32:49.413499
2026-09-22,BKK,departure,17:40,XMN Xiamen,MF834,XiamenAir,3h 25m,True,2026-02-12T10:32:49.510274
2026-09-22,BKK,departure,17:50,TPE Taipei,JX746,Starlux,3h 50m,True,2026-02-12T10:32:49.591333
2026-09-22,BKK,departure,17:50,CNX Chiang Mai,PG219,Bangkok Airways,1h 20m,True,2026-02-12T10:32:49.679643
2026-09-22,BKK,departure,17:50,HAN Hanoi,TG564,Thai Airways,1h 50m,True,2026-02-12T10:32:49.767807
2026-09-22,BKK,departure,17:55,DEL Delhi,AI2335,Air India,4h 30m,True,2026-02-12T10:32:49.850297
2026-09-22,BKK,departure,17:55,CNX Chiang Mai,VZ122,Vietjet Thailand,1h 20m,True,2026-02-12T10:32:49.934907
2026-09-22,BKK,departure,18:00,SIN Singapore,TR611,Scoot,2h 25m,True,2026-02-12T10:32:50.014277
2026-09-22,BKK,departure,18:00,CEI Chiang Rai,VZ134,Vietjet Thailand,1h 25m,True,2026-02-12T10:32:50.097795
2026-09-22,BKK,departure,18:05,TFU Chengdu,3U3936,Sichuan Airlines,3h 5m,True,2026-02-12T10:32:50.178147
2026-09-22,BKK,departure,18:05,CAN Guangzhou,CZ8024,China Southern,3h 10m,True,2026-02-12T10:32:50.261152
2026-09-22,BKK,departure,18:05,DAD Da Nang,VN626,Vietnam Airlines,1h 40m,True,2026-02-12T10:32:50.346679
2026-09-22,BKK,departure,18:10,SYD Sydney,QF24,Qantas,9h 15m,True,2026-02-12T10:32:50.437259
2026-09-22,BKK,departure,18:10,TAO Qingdao,QW918,Qingdao Airlines,4h 45m,True,2026-02-12T10:32:50.517951
2026-09-22,BKK,departure,18:10,HKG Hong Kong,TG602,Thai Airways,2h 50m,True,2026-02-12T10:32:50.598468
2026-09-22,BKK,departure,18:20,TFU Chengdu,CA472,Air China,3h 15m,True,2026-02-12T10:32:50.684058
2026-09-22,BKK,departure,18:20,KHH Kaohsiung,CI840,China Airlines,3h 30m,True,2026-02-12T10:32:50.797711
2026-09-22,BKK,departure,18:20,HKT Phuket,FD4114,Thai AirAsia,1h 30m,True,2026-02-12T10:32:50.892165
2026-09-22,BKK,departure,18:25,SHJ Sharjah,G9817,Air Arabia,6h 25m,True,2026-02-12T10:32:51.052944
2026-09-22,BKK,departure,18:25,TAO Qingdao,QW9898,Qingdao Airlines,4h 15m,True,2026-02-12T10:32:51.470699
2026-09-22,BKK,departure,18:25,KBV Krabi,TG249,Thai Airways,1h 20m,True,2026-02-12T10:32:51.616622
2026-09-22,BKK,departure,18:25,VTE Vientiane,TG574,Thai Airways,1h 20m,True,2026-02-12T10:32:51.701658
2026-09-22,BKK,departure,18:30,SIN Singapore,SQ711,Singapore Airlines,2h 25m,True,2026-02-12T10:32:51.785926
2026-09-22,BKK,departure,18:30,HDY Hat Yai,TG267,Thai Airways,1h 30m,True,2026-02-12T10:32:51.860906
2026-09-22,BKK,departure,18:35,UTH Udon Thani,FD4352,Thai AirAsia,1h 15m,True,2026-02-12T10:32:51.946830
2026-09-22,BKK,departure,18:35,KTI Phnom Penh,TG584,Thai Airways,1h 20m,True,2026-02-12T10:32:52.027127
2026-09-22,BKK,departure,18:40,KBV Krabi,FD4408,Thai AirAsia,1h 35m,True,2026-02-12T10:32:52.106732
2026-09-22,BKK,departure,18:40,KUL Kuala Lumpur,MH775,Malaysia Airlines,2h 15m,True,2026-02-12T10:32:52.185532
2026-09-22,BKK,departure,18:45,HAN Hanoi,VJ904,VietJet,1h 40m,True,2026-02-12T10:32:52.270455
2026-09-22,BKK,departure,18:45,KBV Krabi,VZ344,Vietjet Thailand,1h 25m,True,2026-02-12T10:32:52.350136
2026-09-22,BKK,departure,18:50,PVG Shanghai,9C8892,Spring Airlines,4h 40m,True,2026-02-12T10:32:52.432209
2026-09-22,BKK,departure,18:50,DEL Delhi,TG315,Thai Airways,4h 30m,True,2026-02-12T10:32:52.517385
2026-09-22,BKK,departure,18:55,BOM Mumbai,TG317,Thai Airways,4h 30m,True,2026-02-12T10:32:52.600851
2026-09-22,BKK,departure,19:00,HKG Hong Kong,CX704,Cathay Pacific,2h 55m,True,2026-02-12T10:32:52.683700
2026-09-22,BKK,departure,19:00,CAN Guangzhou,CZ364,China Southern,3h 10m,True,2026-02-12T10:32:52.764341
2026-09-22,BKK,departure,19:00,KHI Karachi,TG341,Thai Airways,5h 0m,True,2026-02-12T10:32:52.847533
2026-09-22,BKK,departure,19:00,CNX Chiang Mai,VZ2106,Vietjet Thailand,1h 20m,True,2026-02-12T10:32:52.929346
2026-09-22,BKK,departure,19:05,HAN Hanoi,VN618,Vietnam Airlines,1h 55m,True,2026-02-12T10:32:53.023072
2026-09-22,BKK,departure,19:10,KKC Khon Kaen,FD4503,Thai AirAsia,1h 10m,True,2026-02-12T10:32:53.104404
2026-09-22,BKK,departure,19:10,PVG Shanghai,FM856,Shanghai Airlines,4h 55m,True,2026-02-12T10:32:53.188361
2026-09-22,BKK,departure,19:10,HKT Phuket,TG221,Thai Airways,1h 30m,True,2026-02-12T10:32:53.270670
2026-09-22,BKK,departure,19:10,SIN Singapore,TG401,Thai Airways,2h 20m,True,2026-02-12T10:32:53.367928
2026-09-22,BKK,departure,19:10,MCT Muscat,WY816,Oman Air,5h 50m,True,2026-02-12T10:32:53.465612
2026-09-22,BKK,departure,19:15,CNX Chiang Mai,TG120,Thai Airways,1h 15m,True,2026-02-12T10:32:53.556738
2026-09-22,BKK,departure,19:20,RGN Yangon,8M332,MAI,1h 20m,True,2026-02-12T10:32:53.636688
2026-09-22,BKK,departure,19:20,HAK Haikou,HU722,Hainan Airlines,2h 25m,True,2026-02-12T10:32:53.724585
2026-09-22,BKK,departure,19:20,USM Koh Samui,PG185,Bangkok Airways,1h 30m,True,2026-02-12T10:32:53.803189
2026-09-22,BKK,departure,19:20,PEN Penang,TG425,Thai Airways,1h 50m,True,2026-02-12T10:32:53.899254
2026-09-22,BKK,departure,19:25,USM Koh Samui,PG183,Bangkok Airways,1h 5m,True,2026-02-12T10:32:54.001718
2026-09-22,BKK,departure,19:30,KMG Kunming,KY8370,Kunming Airlines,2h 35m,True,2026-02-12T10:32:54.101609
2026-09-22,BKK,departure,19:30,MNL Manila,PR737,PAL,3h 35m,True,2026-02-12T10:32:54.188636
2026-09-22,BKK,departure,19:30,SGN Ho Chi Minh City,VN606,Vietnam Airlines,1h 45m,True,2026-02-12T10:32:54.271583
2026-09-22,BKK,departure,19:30,SZX Shenzhen,ZH308,Shenzhen Airlines,2h 55m,True,2026-02-12T10:32:54.351227
2026-09-22,BKK,departure,19:35,PEK Beijing,CA960,Air China,4h 50m,True,2026-02-12T10:32:54.439918
2026-09-22,BKK,departure,19:40,MEL Melbourne,TG465,Thai Airways,8h 50m,True,2026-02-12T10:32:54.522457
2026-09-22,BKK,departure,19:40,HKT Phuket,VZ308,Vietjet Thailand,1h 30m,True,2026-02-12T10:32:54.602524
2026-09-22,BKK,departure,19:45,KUL Kuala Lumpur,MH781,Malaysia Airlines,2h 10m,True,2026-02-12T10:32:54.684268
2026-09-22,BKK,departure,19:45,HKT Phuket,PG279,Bangkok Airways,1h 30m,True,2026-02-12T10:32:54.771389
2026-09-22,BKK,departure,19:45,UTH Udon Thani,TG8,Thai Airways,1h 10m,True,2026-02-12T10:32:54.856937
2026-09-22,BKK,departure,19:45,HKG Hong Kong,UO703,HK Express,2h 55m,True,2026-02-12T10:32:54.939519
2026-09-22,BKK,departure,19:45,HDY Hat Yai,VZ328,Vietjet Thailand,1h 30m,True,2026-02-12T10:32:55.021273
2026-09-22,BKK,departure,19:50,LHE Lahore,TG345,Thai Airways,4h 40m,True,2026-02-12T10:32:55.163320
2026-09-22,BKK,departure,19:55,CKG Chongqing,3U3772,Sichuan Airlines,3h 15m,True,2026-02-12T10:32:55.327394
2026-09-22,BKK,departure,19:55,SGN Ho Chi Minh City,VJ806,VietJet,1h 30m,True,2026-02-12T10:32:55.447113
2026-09-22,BKK,departure,20:00,DOH Doha,QR835,Qatar Airways,6h 35m,True,2026-02-12T10:32:55.565778
2026-09-22,BKK,departure,20:00,AMD Ahmedabad,VZ750,Vietjet Thailand,4h 25m,True,2026-02-12T10:32:55.684784
2026-09-22,BKK,departure,20:00,TPE Taipei,VZ570,Vietjet Thailand,3h 50m,True,2026-02-12T10:32:55.800633
2026-09-22,BKK,departure,20:05,USM Koh Samui,PG193,Bangkok Airways,1h 30m,True,2026-02-12T10:32:55.923308
2026-09-22,BKK,departure,20:10,SAI Siem Reap,EK370,Emirates,1h 20m,True,2026-02-12T10:32:56.050244
2026-09-22,BKK,departure,20:10,VVO Vladivostok,S76262,S7 Airlines,6h 30m,True,2026-02-12T10:32:56.155651
2026-09-22,BKK,departure,20:15,BOM Mumbai,6E1060,IndiGo,4h 25m,True,2026-02-12T10:32:56.260210
2026-09-22,BKK,departure,20:15,CNX Chiang Mai,FD4116,Thai AirAsia,1h 20m,True,2026-02-12T10:32:56.362190
2026-09-22,BKK,departure,20:15,HKT Phuket,FD4419,Thai AirAsia,1h 30m,True,2026-02-12T10:32:56.471437
2026-09-22,BKK,departure,20:15,BAH Bahrain,GF153,Gulf Air,6h 40m,True,2026-02-12T10:32:56.588803
2026-09-22,BKK,departure,20:15,SIN Singapore,SQ713,Singapore Airlines,2h 25m,True,2026-02-12T10:32:56.692735
2026-09-22,BKK,departure,20:20,CAN Guangzhou,CZ8020,China Southern,3h 0m,True,2026-02-12T10:32:56.806690
2026-09-22,BKK,departure,20:35,KMG Kunming,KY8368,Kunming Airlines,2h 5m,True,2026-02-12T10:32:56.932933
2026-09-22,BKK,departure,20:35,SIN Singapore,TR617,Scoot,2h 30m,True,2026-02-12T10:32:57.058885
2026-09-22,BKK,departure,20:40,CNX Chiang Mai,VZ118,Vietjet Thailand,1h 20m,True,2026-02-12T10:32:57.171549
2026-09-22,BKK,departure,20:45,RGN Yangon,8M351,MAI,1h 20m,True,2026-02-12T10:32:57.285746
2026-09-22,BKK,departure,20:50,KMG Kunming,MU9614,China Eastern,2h 30m,True,2026-02-12T10:32:57.548844
2026-09-22,BKK,departure,20:50,VTE Vientiane,QV446,Lao Airlines,1h 0m,True,2026-02-12T10:32:57.704357
2026-09-22,BKK,departure,21:00,AUH Abu Dhabi,EY407,Etihad,6h 30m,True,2026-02-12T10:32:57.822062
2026-09-22,BKK,departure,21:00,AMD Ahmedabad,TG343,Thai Airways,4h 40m,True,2026-02-12T10:32:58.222827
2026-09-22,BKK,departure,21:00,HKT Phuket,VZ312,Vietjet Thailand,1h 30m,True,2026-02-12T10:32:58.315610
2026-09-22,BKK,departure,21:05,DOH Doha,QR829,Qatar Airways,6h 35m,True,2026-02-12T10:32:58.396855
2026-09-22,BKK,departure,21:05,SGN Ho Chi Minh City,VN608,Vietnam Airlines,1h 55m,True,2026-02-12T10:32:58.477000
2026-09-22,BKK,departure,21:05,BOM Mumbai,VZ760,Vietjet Thailand,4h 15m,True,2026-02-12T10:32:58.563936
2026-09-22,BKK,departure,21:15,SIN Singapore,SQ719,Singapore Airlines,2h 20m,True,2026-02-12T10:32:58.655991
2026-09-22,BKK,departure,21:15,KTM Kathmandu,TG309,Thai Airways,3h 25m,True,2026-02-12T10:32:58.745983
2026-09-22,BKK,departure,21:30,HKT Phuket,PG287,Bangkok Airways,1h 30m,True,2026-02-12T10:32:58.837646
2026-09-22,BKK,departure,21:35,DXB Dubai,EK373,Emirates,6h 15m,True,2026-02-12T10:32:58.929602
2026-09-22,BKK,departure,21:35,HND Tokyo,NH850,ANA,6h 25m,True,2026-02-12T10:32:59.033157
2026-09-22,BKK,departure,21:40,TFU Chengdu,EU2868,Chengdu Airlines,3h 0m,True,2026-02-12T10:32:59.130383
2026-09-22,BKK,departure,21:40,BNE Brisbane,JQ66,Jetstar,8h 50m,True,2026-02-12T10:32:59.216723
2026-09-22,BKK,departure,21:40,ICN Seoul,KE658,Korean Air,5h 25m,True,2026-02-12T10:32:59.296891
2026-09-22,BKK,departure,21:40,CMB Colombo,TG307,Thai Airways,3h 45m,True,2026-02-12T10:32:59.383068
2026-09-22,BKK,departure,21:40,RGN Yangon,UB18,Myanmar National Airlines,1h 25m,True,2026-02-12T10:32:59.464667
2026-09-22,BKK,departure,21:50,BLR Bengaluru,TG325,Thai Airways,3h 35m,True,2026-02-12T10:32:59.555509
2026-09-22,BKK,departure,21:50,HYD Hyderabad,TG329,Thai Airways,3h 30m,True,2026-02-12T10:32:59.653545
2026-09-22,BKK,departure,21:55,CAN Guangzhou,9C7420,Spring Airlines,3h 5m,True,2026-02-12T10:32:59.739683
2026-09-22,BKK,departure,21:55,PVG Shanghai,FM840,Shanghai Airlines,4h 50m,True,2026-02-12T10:32:59.823748
2026-09-22,BKK,departure,21:55,MAA Chennai,TG337,Thai Airways,3h 20m,True,2026-02-12T10:32:59.909014
2026-09-22,BKK,departure,21:55,CNX Chiang Mai,VZ2104,Vietjet Thailand,1h 20m,True,2026-02-12T10:32:59.992671
2026-09-22,BKK,departure,22:00,HKG Hong Kong,HX766,Hong Kong Airlines,3h 15m,True,2026-02-12T10:33:00.090984
2026-09-22,BKK,departure,22:05,HND Tokyo,JL34,JAL,6h 15m,True,2026-02-12T10:33:00.176860
2026-09-22,BKK,departure,22:10,NRT Tokyo,TG640,Thai Airways,6h 10m,True,2026-02-12T10:33:00.257828
2026-09-22,BKK,departure,22:15,HAN Hanoi,VN616,Vietnam Airlines,1h 55m,True,2026-02-12T10:33:00.338615
2026-09-22,BKK,departure,22:15,HKT Phuket,VZ316,Vietjet Thailand,1h 30m,True,2026-02-12T10:33:00.422320
2026-09-22,BKK,departure,22:20,ICN Seoul,BX728,Air Busan,5h 45m,True,2026-02-12T10:33:00.501487
2026-09-22,BKK,departure,22:20,SYD Sydney,TG471,Thai Airways,9h 0m,True,2026-02-12T10:33:00.591367
2026-09-22,BKK,departure,22:25,DEL Delhi,AI2303,Air India,4h 45m,True,2026-02-12T10:33:00.687992
2026-09-22,BKK,departure,22:25,ICN Seoul,LJ2,Jin Air,5h 40m,True,2026-02-12T10:33:00.782913
2026-09-22,BKK,departure,22:35,FRA Frankfurt,DE2363,Condor,12h 25m,True,2026-02-12T10:33:00.870185
2026-09-22,BKK,departure,22:45,MFM Macau,NX991,Air Macau,2h 45m,True,2026-02-12T10:33:00.955889
2026-09-22,BKK,departure,22:45,HND Tokyo,TG682,Thai Airways,6h 10m,True,2026-02-12T10:33:01.048955
2026-09-22,BKK,departure,22:45,IST Istanbul,TK69,Turkish Airlines,10h 0m,True,2026-02-12T10:33:01.138779
2026-09-22,BKK,departure,22:45,ICN Seoul,YP602,Air Premia,5h 30m,True,2026-02-12T10:33:01.227465
2026-09-22,BKK,departure,22:50,CRK Angeles,5J944,Cebu Pacific,3h 25m,True,2026-02-12T10:33:01.308974
2026-09-22,BKK,departure,22:55,PUS Busan,BX726,Air Busan,5h 25m,True,2026-02-12T10:33:01.392425
2026-09-22,BKK,departure,22:55,MUC Munich,LH773,Lufthansa,11h 20m,True,2026-02-12T10:33:01.483960
2026-09-22,BKK,departure,22:55,SIN Singapore,TR615,Scoot,2h 30m,True,2026-02-12T10:33:01.565771
2026-09-22,BKK,departure,23:10,ICN Seoul,TG658,Thai Airways,5h 25m,True,2026-02-12T10:33:01.647110
2026-09-22,BKK,departure,23:10,NRT Tokyo,ZG52,Zipair,6h 20m,True,2026-02-12T10:33:01.736996
2026-09-22,BKK,departure,23:15,DEL Delhi,TG331,Thai Airways,4h 30m,True,2026-02-12T10:33:01.822493
2026-09-22,BKK,departure,23:25,RGN Yangon,8M373,MAI,1h 20m,True,2026-02-12T10:33:01.908722
2026-09-22,BKK,departure,23:30,ICN Seoul,KE652,Korean Air,5h 25m,True,2026-02-12T10:33:01.992571
2026-09-22,BKK,departure,23:30,ICN Seoul,TG656,Thai Airways,5h 25m,True,2026-02-12T10:33:02.073574
2026-09-22,BKK,departure,23:35,NRT Tokyo,VZ830,Vietjet Thailand,6h 20m,True,2026-02-12T10:33:02.168072
2026-09-22,BKK,departure,23:40,VIE Vienna,OS8,Austrian,10h 55m,True,2026-02-12T10:33:02.258624
2026-09-22,BKK,departure,23:40,MNL Manila,PR733,PAL,3h 25m,True,2026-02-12T10:33:02.345159
2026-09-22,BKK,departure,23:45,CCU Kolkata,TG313,Thai Airways,2h 30m,True,2026-02-12T10:33:02.431201
2026-09-22,BKK,departure,23:45,CTS Sapporo,TG670,Thai Airways,6h 45m,True,2026-02-12T10:33:02.524303
2026-09-22,BKK,departure,23:45,FRA Frankfurt,TG920,Thai Airways,11h 30m,True,2026-02-12T10:33:02.622965
2026-09-22,BKK,departure,23:50,DAC Dhaka,TG339,Thai Airways,2h 35m,True,2026-02-12T10:33:02.713040
2026-09-22,BKK,departure,23:50,IST Istanbul,TG900,Thai Airways,9h 45m,True,2026-02-12T10:33:02.803310
2026-09-22,BKK,departure,23:50,NRT Tokyo,TG642,Thai Airways,6h 20m,True,2026-02-12T10:33:02.899399
2026-09-22,BKK,departure,23:55,TLV Tel Aviv-Yafo,LY82,El Al,10h 50m,True,2026-02-12T10:33:02.973902
2026-09-22,BKK,departure,23:59,KIX Osaka,TG622,Thai Airways,5h 31m,True,2026-02-12T10:33:03.069576
2026-09-22,BKK,arrival,00:00,PVG Shanghai,9C8755,Spring Airlines,5h 5m,True,2026-02-12T10:34:14.340818
2026-09-22,BKK,arrival,00:05,JED Jeddah,SV848,Saudia,8h 15m,True,2026-02-12T10:34:14.451163
2026-09-22,BKK,arrival,00:10,ICN Seoul,7C2503,Jeju Air,6h 5m,True,2026-02-12T10:34:14.538748
2026-09-22,BKK,arrival,00:10,PEK Beijing,CA979,Air China,5h 5m,True,2026-02-12T10:34:14.619016
2026-09-22,BKK,arrival,00:15,TFU Chengdu,3U3937,Sichuan Airlines,3h 20m,True,2026-02-12T10:34:14.701998
2026-09-22,BKK,arrival,00:25,HKG Hong Kong,HX779,Hong Kong Airlines,3h 20m,True,2026-02-12T10:34:14.785938
2026-09-22,BKK,arrival,00:30,PVG Shanghai,HO1351,Juneyao Airlines,4h 35m,True,2026-02-12T10:34:14.872629
2026-09-22,BKK,arrival,00:40,PVG Shanghai,MU547,China Eastern,4h 40m,True,2026-02-12T10:34:14.970204
2026-09-22,BKK,arrival,00:50,HAN Hanoi,ET609,Ethiopian,1h 30m,True,2026-02-12T10:34:15.113304
2026-09-22,BKK,arrival,00:50,HKG Hong Kong,HX759,Hong Kong Airlines,3h 0m,True,2026-02-12T10:34:15.234445
2026-09-22,BKK,arrival,00:50,KWI Kuwait,KU413,Kuwait Airways,7h 5m,True,2026-02-12T10:34:15.367152
2026-09-22,BKK,arrival,00:50,XMN Xiamen,MF843,XiamenAir,3h 30m,True,2026-02-12T10:34:15.464255
2026-09-22,BKK,arrival,01:05,ICN Seoul,KE655,Korean Air,5h 50m,True,2026-02-12T10:34:15.554442
2026-09-22,BKK,arrival,01:05,TAE Daegu,TW105,T´Way Air,5h 40m,True,2026-02-12T10:34:15.658208
2026-09-22,BKK,arrival,01:10,TPE Taipei,BR61,EVA Air,3h 40m,True,2026-02-12T10:34:15.753917
2026-09-22,BKK,arrival,01:10,DAD Da Nang,EK371,Emirates,1h 40m,True,2026-02-12T10:34:15.855470
2026-09-22,BKK,arrival,01:10,NKG Nanjing,MU2803,China Eastern,4h 0m,True,2026-02-12T10:34:15.969857
2026-09-22,BKK,arrival,01:15,CAN Guangzhou,MU2077,China Eastern,3h 10m,True,2026-02-12T10:34:16.065805
2026-09-22,BKK,arrival,01:20,XIY Xian,9C6251,Spring Airlines,4h 10m,True,2026-02-12T10:34:16.148297
2026-09-22,BKK,arrival,01:25,RGN Yangon,8M390,MAI,1h 20m,True,2026-02-12T10:34:16.244791
2026-09-22,BKK,arrival,01:25,TPE Taipei,CI837,China Airlines,3h 45m,True,2026-02-12T10:34:16.331823
2026-09-22,BKK,arrival,01:30,CAN Guangzhou,CZ3035,China Southern,2h 55m,True,2026-02-12T10:34:16.415751
2026-09-22,BKK,arrival,01:40,HKG Hong Kong,HX767,Hong Kong Airlines,3h 0m,True,2026-02-12T10:34:16.510905
2026-09-22,BKK,arrival,01:50,MNL Manila,5J931,Cebu Pacific,3h 40m,True,2026-02-12T10:34:16.616752
2026-09-22,BKK,arrival,01:55,PVG Shanghai,FM841,Shanghai Airlines,5h 0m,True,2026-02-12T10:34:16.732060
2026-09-22,BKK,arrival,02:15,SZX Shenzhen,ZH305,Shenzhen Airlines,3h 0m,True,2026-02-12T10:34:16.817403
2026-09-22,BKK,arrival,03:00,DEL Delhi,SG87,SpiceJet,4h 10m,True,2026-02-12T10:34:16.901196
2026-09-22,BKK,arrival,03:05,XIY Xian,GJ8907,Loong Air,4h 10m,True,2026-02-12T10:34:16.984386
2026-09-22,BKK,arrival,03:15,BBI Bhubaneswar,6E1065,IndiGo,2h 40m,True,2026-02-12T10:34:17.069774
2026-09-22,BKK,arrival,03:20,WUH Wuhan,MU2563,China Eastern,4h 25m,True,2026-02-12T10:34:17.155896
2026-09-22,BKK,arrival,04:05,PVG Shanghai,FM847,Shanghai Airlines,4h 50m,True,2026-02-12T10:34:17.244682
2026-09-22,BKK,arrival,04:30,CIT Shymkent,DV469,SCAT Airlines,6h 0m,True,2026-02-12T10:34:17.339888
2026-09-22,BKK,arrival,04:35,HND Tokyo,NH849,ANA,6h 30m,True,2026-02-12T10:34:17.419075
2026-09-22,BKK,arrival,04:40,KIX Osaka,JL727,JAL,5h 45m,True,2026-02-12T10:34:17.497920
2026-09-22,BKK,arrival,04:50,HND Tokyo,TG661,Thai Airways,6h 30m,True,2026-02-12T10:34:17.581339
2026-09-22,BKK,arrival,05:00,KHV Khabarovsk,SU654,Aeroflot,7h 55m,True,2026-02-12T10:34:17.670214
2026-09-22,BKK,arrival,05:05,CCU Kolkata,VZ771,Vietjet Thailand,2h 35m,True,2026-02-12T10:34:17.753400
2026-09-22,BKK,arrival,05:10,KTM Kathmandu,TG310,Thai Airways,3h 30m,True,2026-02-12T10:34:17.833659
2026-09-22,BKK,arrival,05:10,IST Istanbul,TK58,Turkish Airlines,9h 20m,True,2026-02-12T10:34:17.915029
2026-09-22,BKK,arrival,05:15,ZRH Zurich,TG971,Thai Airways,10h 45m,True,2026-02-12T10:34:17.994132
2026-09-22,BKK,arrival,05:25,DEL Delhi,TG316,Thai Airways,4h 25m,True,2026-02-12T10:34:18.077008
2026-09-22,BKK,arrival,05:30,HEL Helsinki,AY141,Finnair,11h 25m,True,2026-02-12T10:34:18.158834
2026-09-22,BKK,arrival,05:35,BOM Mumbai,TG318,Thai Airways,4h 30m,True,2026-02-12T10:34:18.243248
2026-09-22,BKK,arrival,05:35,BRU Brussels,TG935,Thai Airways,11h 5m,True,2026-02-12T10:34:18.414557
2026-09-22,BKK,arrival,05:40,IST Istanbul,TG901,Thai Airways,9h 10m,True,2026-02-12T10:34:18.541886
2026-09-22,BKK,arrival,05:50,HND Tokyo,JL33,JAL,6h 30m,True,2026-02-12T10:34:18.741536
2026-09-22,BKK,arrival,05:50,ARN Stockholm,TG961,Thai Airways,11h 0m,True,2026-02-12T10:34:18.862701
2026-09-22,BKK,arrival,05:50,AMD Ahmedabad,VZ751,Vietjet Thailand,4h 25m,True,2026-02-12T10:34:18.982385
2026-09-22,BKK,arrival,05:55,CDG Paris,TG931,Thai Airways,11h 15m,True,2026-02-12T10:34:19.097730
2026-09-22,BKK,arrival,05:55,MXP Milan,TG941,Thai Airways,10h 50m,True,2026-02-12T10:34:19.213838
2026-09-22,BKK,arrival,06:00,HND Tokyo,NH877,ANA,6h 30m,True,2026-02-12T10:34:19.344133
2026-09-22,BKK,arrival,06:00,CPH Copenhagen,TG951,Thai Airways,10h 35m,True,2026-02-12T10:34:19.472013
2026-09-22,BKK,arrival,06:00,LHR London,TG911,Thai Airways,11h 30m,True,2026-02-12T10:34:19.589753
2026-09-22,BKK,arrival,06:00,MEL Melbourne,TG462,Thai Airways,9h 30m,True,2026-02-12T10:34:19.781147
2026-09-22,BKK,arrival,06:05,MUC Munich,TG925,Thai Airways,10h 40m,True,2026-02-12T10:34:19.961496
2026-09-22,BKK,arrival,06:10,CCU Kolkata,TG314,Thai Airways,2h 40m,True,2026-02-12T10:34:20.078377
2026-09-22,BKK,arrival,06:10,CMB Colombo,TG308,Thai Airways,3h 45m,True,2026-02-12T10:34:20.213823
2026-09-22,BKK,arrival,06:10,LHE Lahore,TG346,Thai Airways,4h 30m,True,2026-02-12T10:34:20.339805
2026-09-22,BKK,arrival,06:10,MAA Chennai,TG338,Thai Airways,3h 30m,True,2026-02-12T10:34:20.459694
2026-09-22,BKK,arrival,06:15,AUH Abu Dhabi,EY408,Etihad,6h 35m,True,2026-02-12T10:34:20.579933
2026-09-22,BKK,arrival,06:15,DAC Dhaka,TG340,Thai Airways,2h 30m,True,2026-02-12T10:34:20.698706
2026-09-22,BKK,arrival,06:15,HYD Hyderabad,TG330,Thai Airways,3h 35m,True,2026-02-12T10:34:20.811147
2026-09-22,BKK,arrival,06:15,OSL Oslo,TG955,Thai Airways,11h 30m,True,2026-02-12T10:34:20.917370
2026-09-22,BKK,arrival,06:15,CMB Colombo,UL402,SriLankan Airlines,3h 40m,True,2026-02-12T10:34:21.033288
2026-09-22,BKK,arrival,06:20,DOH Doha,QR838,Qatar Airways,6h 55m,True,2026-02-12T10:34:21.150179
2026-09-22,BKK,arrival,06:20,BLR Bengaluru,TG326,Thai Airways,3h 55m,True,2026-02-12T10:34:21.289006
2026-09-22,BKK,arrival,06:25,FRA Frankfurt,TG921,Thai Airways,10h 40m,True,2026-02-12T10:34:21.411334
2026-09-22,BKK,arrival,06:25,ISB Islamabad,TG350,Thai Airways,5h 5m,True,2026-02-12T10:34:24.359965
2026-09-22,BKK,arrival,06:35,TAS Tashkent,C6525,Centrum Air,7h 0m,True,2026-02-12T10:34:24.463153
2026-09-22,BKK,arrival,06:40,TAS Tashkent,HY531,Uzbekistan Airways,6h 10m,True,2026-02-12T10:34:24.546890
2026-09-22,BKK,arrival,06:40,BOM Mumbai,VZ761,Vietjet Thailand,4h 25m,True,2026-02-12T10:34:24.639356
2026-09-22,BKK,arrival,06:45,AUH Abu Dhabi,EY402,Etihad,6h 35m,True,2026-02-12T10:34:24.734728
2026-09-22,BKK,arrival,06:50,MCT Muscat,WY817,Oman Air,6h 5m,True,2026-02-12T10:34:24.826657
2026-09-22,BKK,arrival,07:00,AMD Ahmedabad,TG344,Thai Airways,4h 25m,True,2026-02-12T10:34:24.919674
2026-09-22,BKK,arrival,07:15,USM Koh Samui,PG100,Bangkok Airways,1h 15m,True,2026-02-12T10:34:25.039022
2026-09-22,BKK,arrival,07:15,DOH Doha,QR830,Qatar Airways,6h 55m,True,2026-02-12T10:34:25.174101
2026-09-22,BKK,arrival,07:40,DEL Delhi,AI2336,Air India,4h 30m,True,2026-02-12T10:34:25.273479
2026-09-22,BKK,arrival,07:50,SHJ Sharjah,G9821,Air Arabia,6h 35m,True,2026-02-12T10:34:25.360785
2026-09-22,BKK,arrival,07:55,BLR Bengaluru,6E1055,IndiGo,4h 5m,True,2026-02-12T10:34:25.443014
2026-09-22,BKK,arrival,07:55,CNX Chiang Mai,FD4105,Thai AirAsia,1h 20m,True,2026-02-12T10:34:25.522330
2026-09-22,BKK,arrival,07:55,CNX Chiang Mai,VZ2105,Vietjet Thailand,1h 20m,True,2026-02-12T10:34:25.602261
2026-09-22,BKK,arrival,08:00,DXB Dubai,EK374,Emirates,6h 30m,True,2026-02-12T10:34:25.693751
2026-09-22,BKK,arrival,08:05,SIN Singapore,SQ706,Singapore Airlines,2h 25m,True,2026-02-12T10:34:25.792273
2026-09-22,BKK,arrival,08:05,SIN Singapore,TR608,Scoot,2h 35m,True,2026-02-12T10:34:25.888011
2026-09-22,BKK,arrival,08:30,MCT Muscat,OV463,Salam Air,6h 0m,True,2026-02-12T10:34:25.979256
2026-09-22,BKK,arrival,08:35,RGN Yangon,UB19,Myanmar National Airlines,1h 25m,True,2026-02-12T10:34:26.064215
2026-09-22,BKK,arrival,08:40,VTE Vientiane,QV441,Lao Airlines,1h 15m,True,2026-02-12T10:34:26.142653
2026-09-22,BKK,arrival,08:40,BOM Mumbai,TG352,Thai Airways,4h 30m,True,2026-02-12T10:34:26.224011
2026-09-22,BKK,arrival,08:55,ALA Almaty,KC931,Air Astana,6h 40m,True,2026-02-12T10:34:26.308997
2026-09-22,BKK,arrival,08:55,PEN Penang,TG426,Thai Airways,1h 50m,True,2026-02-12T10:34:26.387940
2026-09-22,BKK,arrival,09:00,HKT Phuket,VZ317,Vietjet Thailand,1h 30m,True,2026-02-12T10:34:26.478101
2026-09-22,BKK,arrival,09:05,MAA Chennai,6E1061,IndiGo,3h 35m,True,2026-02-12T10:34:26.587973
2026-09-22,BKK,arrival,09:05,USM Koh Samui,PG102,Bangkok Airways,1h 15m,True,2026-02-12T10:34:26.695886
2026-09-22,BKK,arrival,09:10,HKT Phuket,PG270,Bangkok Airways,1h 35m,True,2026-02-12T10:34:26.783403
2026-09-22,BKK,arrival,09:15,RGN Yangon,8M335,MAI,1h 20m,True,2026-02-12T10:34:26.869781
2026-09-22,BKK,arrival,09:15,DEL Delhi,TG332,Thai Airways,4h 25m,True,2026-02-12T10:34:26.951482
2026-09-22,BKK,arrival,09:15,NST Nakhon Si Thammarat,VZ331,Vietjet Thailand,1h 15m,True,2026-02-12T10:34:27.035786
2026-09-22,BKK,arrival,09:20,SIN Singapore,TG402,Thai Airways,2h 20m,True,2026-02-12T10:34:27.115739
2026-09-22,BKK,arrival,09:25,USM Koh Samui,PG104,Bangkok Airways,1h 15m,True,2026-02-12T10:34:27.197244
2026-09-22,BKK,arrival,09:25,HKG Hong Kong,UO704,HK Express,3h 0m,True,2026-02-12T10:34:27.281944
2026-09-22,BKK,arrival,09:25,CNX Chiang Mai,VZ101,Vietjet Thailand,1h 20m,True,2026-02-12T10:34:27.363720
2026-09-22,BKK,arrival,09:30,AMS Amsterdam,KL843,KLM,11h 15m,True,2026-02-12T10:34:27.495561
2026-09-22,BKK,arrival,09:30,HKG Hong Kong,TG603,Thai Airways,2h 40m,True,2026-02-12T10:34:27.622236
2026-09-22,BKK,arrival,09:35,MFM Macau,NX996,Air Macau,2h 55m,True,2026-02-12T10:34:27.732105
2026-09-22,BKK,arrival,09:35,KKC Khon Kaen,TG41,Thai Airways,1h 5m,True,2026-02-12T10:34:28.038746
2026-09-22,BKK,arrival,09:35,HKG Hong Kong,UA820,United,2h 55m,True,2026-02-12T10:34:28.171184
2026-09-22,BKK,arrival,09:45,TPE Taipei,CI833,China Airlines,3h 45m,True,2026-02-12T10:34:28.257999
2026-09-22,BKK,arrival,09:45,BAH Bahrain,GF152,Gulf Air,7h 0m,True,2026-02-12T10:34:28.345520
2026-09-22,BKK,arrival,09:45,KKC Khon Kaen,VZ211,Vietjet Thailand,1h 5m,True,2026-02-12T10:34:28.444842
2026-09-22,BKK,arrival,09:50,NNG Nanning,GX8909,GX Airlines,2h 20m,True,2026-02-12T10:34:28.535631
2026-09-22,BKK,arrival,09:50,ZRH Zurich,LX180,SWISS,10h 55m,True,2026-02-12T10:34:28.625538
2026-09-22,BKK,arrival,09:50,UTH Udon Thani,TG3,Thai Airways,1h 10m,True,2026-02-12T10:34:28.709809
2026-09-22,BKK,arrival,09:55,SIN Singapore,TR624,Scoot,2h 35m,True,2026-02-12T10:34:28.798692
2026-09-22,BKK,arrival,09:55,CEI Chiang Rai,VZ131,Vietjet Thailand,1h 25m,True,2026-02-12T10:34:28.884052
2026-09-22,BKK,arrival,10:00,HKG Hong Kong,CX705,Cathay Pacific,3h 0m,True,2026-02-12T10:34:28.968313
2026-09-22,BKK,arrival,10:00,CEI Chiang Rai,FD4151,Thai AirAsia,1h 25m,True,2026-02-12T10:34:29.054125
2026-09-22,BKK,arrival,10:00,HAK Haikou,HU7939,Hainan Airlines,2h 25m,True,2026-02-12T10:34:29.139447
2026-09-22,BKK,arrival,10:00,USM Koh Samui,PG106,Bangkok Airways,1h 15m,True,2026-02-12T10:34:29.224472
2026-09-22,BKK,arrival,10:00,UBP Ubon Ratchathani,TG21,Thai Airways,1h 15m,True,2026-02-12T10:34:29.312550
2026-09-22,BKK,arrival,10:05,MNL Manila,5J929,Cebu Pacific,3h 40m,True,2026-02-12T10:34:29.433952
2026-09-22,BKK,arrival,10:05,IKT Irkutsk,S76317,S7 Airlines,6h 5m,True,2026-02-12T10:34:29.573411
2026-09-22,BKK,arrival,10:05,SGN Ho Chi Minh City,VJ801,VietJet,1h 30m,True,2026-02-12T10:34:29.661201
2026-09-22,BKK,arrival,10:10,UTH Udon Thani,FD4351,Thai AirAsia,1h 10m,True,2026-02-12T10:34:29.757073
2026-09-22,BKK,arrival,10:10,THS Sukhothai,PG212,Bangkok Airways,1h 15m,True,2026-02-12T10:34:29.846053
2026-09-22,BKK,arrival,10:15,KUL Kuala Lumpur,MH784,Malaysia Airlines,2h 15m,True,2026-02-12T10:34:29.932631
2026-09-22,BKK,arrival,10:20,XIY Xian,9C6299,Spring Airlines,4h 10m,True,2026-02-12T10:34:30.021014
2026-09-22,BKK,arrival,10:20,CAN Guangzhou,CZ357,China Southern,3h 5m,True,2026-02-12T10:34:30.102785
2026-09-22,BKK,arrival,10:20,SHJ Sharjah,G9823,Air Arabia,6h 35m,True,2026-02-12T10:34:30.183428
2026-09-22,BKK,arrival,10:20,SGN Ho Chi Minh City,VN601,Vietnam Airlines,1h 35m,True,2026-02-12T10:34:30.271196
2026-09-22,BKK,arrival,10:25,KBV Krabi,VZ341,Vietjet Thailand,1h 25m,True,2026-02-12T10:34:30.352180
2026-09-22,BKK,arrival,10:30,MDL Mandalay,8M337,MAI,1h 50m,True,2026-02-12T10:34:30.432920
2026-09-22,BKK,arrival,10:30,KTI Phnom Penh,KR701,Cambodia Airways,1h 15m,True,2026-02-12T10:34:30.535692
2026-09-22,BKK,arrival,10:30,USM Koh Samui,PG108,Bangkok Airways,1h 30m,True,2026-02-12T10:34:30.640128
2026-09-22,BKK,arrival,10:30,USM Koh Samui,PG122,Bangkok Airways,1h 15m,True,2026-02-12T10:34:30.732722
2026-09-22,BKK,arrival,10:30,HKT Phuket,VZ315,Vietjet Thailand,1h 30m,True,2026-02-12T10:34:30.819041
2026-09-22,BKK,arrival,10:35,CKG Chongqing,HU423,Hainan Airlines,3h 20m,True,2026-02-12T10:34:30.905181
2026-09-22,BKK,arrival,10:35,HDY Hat Yai,TG260,Thai Airways,1h 30m,True,2026-02-12T10:34:31.047924
2026-09-22,BKK,arrival,10:40,CNX Chiang Mai,FD4101,Thai AirAsia,1h 20m,True,2026-02-12T10:34:31.173657
2026-09-22,BKK,arrival,10:40,TPE Taipei,TG637,Thai Airways,3h 45m,True,2026-02-12T10:34:31.347565
2026-09-22,BKK,arrival,10:40,HDY Hat Yai,VZ321,Vietjet Thailand,1h 30m,True,2026-02-12T10:34:31.455927
2026-09-22,BKK,arrival,10:45,PVG Shanghai,9C8891,Spring Airlines,4h 50m,True,2026-02-12T10:34:31.568678
2026-09-22,BKK,arrival,10:45,TDX Trat,PG302,Bangkok Airways,1h 0m,True,2026-02-12T10:34:31.679971
2026-09-22,BKK,arrival,10:50,TPE Taipei,BR75,EVA Air,4h 0m,True,2026-02-12T10:34:31.798034
2026-09-22,BKK,arrival,10:50,HDY Hat Yai,FD4203,Thai AirAsia,1h 30m,True,2026-02-12T10:34:31.905537
2026-09-22,BKK,arrival,10:50,URT Surat Thani,FD4213,Thai AirAsia,1h 25m,True,2026-02-12T10:34:32.014672
2026-09-22,BKK,arrival,10:50,CNX Chiang Mai,TG103,Thai Airways,1h 25m,True,2026-02-12T10:34:32.144048
2026-09-22,BKK,arrival,10:50,HAN Hanoi,VN611,Vietnam Airlines,2h 0m,True,2026-02-12T10:34:32.278141
2026-09-22,BKK,arrival,10:55,HYD Hyderabad,6E1067,IndiGo,3h 45m,True,2026-02-12T10:34:32.407736
2026-09-22,BKK,arrival,10:55,KBV Krabi,TG242,Thai Airways,1h 25m,True,2026-02-12T10:34:32.529102
2026-09-22,BKK,arrival,10:55,CNX Chiang Mai,VZ115,Vietjet Thailand,1h 20m,True,2026-02-12T10:34:32.650161
2026-09-22,BKK,arrival,11:00,CAN Guangzhou,9C7419,Spring Airlines,3h 0m,True,2026-02-12T10:34:32.761444
2026-09-22,BKK,arrival,11:00,KBV Krabi,PG262,Bangkok Airways,1h 35m,True,2026-02-12T10:34:32.874997
2026-09-22,BKK,arrival,11:00,SAI Siem Reap,PG924,Bangkok Airways,1h 20m,True,2026-02-12T10:34:32.990167
2026-09-22,BKK,arrival,11:00,SIN Singapore,SQ708,Singapore Airlines,2h 30m,True,2026-02-12T10:34:33.113821
2026-09-22,BKK,arrival,11:00,KTI Phnom Penh,TG587,Thai Airways,1h 20m,True,2026-02-12T10:34:33.226096
2026-09-22,BKK,arrival,11:05,HKG Hong Kong,CX717,Cathay Pacific,3h 5m,True,2026-02-12T10:34:33.348929
2026-09-22,BKK,arrival,11:05,PVG Shanghai,TG663,Thai Airways,4h 35m,True,2026-02-12T10:34:33.470076
2026-09-22,BKK,arrival,11:10,TPE Taipei,BR211,EVA Air,3h 50m,True,2026-02-12T10:34:33.587127
2026-09-22,BKK,arrival,11:10,SWA Jieyang,CZ8355,China Southern,3h 10m,True,2026-02-12T10:34:33.775696
2026-09-22,BKK,arrival,11:10,HKT Phuket,TG202,Thai Airways,1h 30m,True,2026-02-12T10:34:34.269241
2026-09-22,BKK,arrival,11:10,SZX Shenzhen,ZH309,Shenzhen Airlines,3h 0m,True,2026-02-12T10:34:34.378854
2026-09-22,BKK,arrival,11:15,XMN Xiamen,MF853,XiamenAir,3h 25m,True,2026-02-12T10:34:34.512276
2026-09-22,BKK,arrival,11:15,ICN Seoul,OZ743,Asiana,6h 5m,True,2026-02-12T10:34:34.628178
2026-09-22,BKK,arrival,11:20,BOM Mumbai,6E1051,IndiGo,4h 40m,True,2026-02-12T10:34:34.715673
2026-09-22,BKK,arrival,11:20,TPE Taipei,BR67,EVA Air,4h 5m,True,2026-02-12T10:34:34.800258
2026-09-22,BKK,arrival,11:20,SZX Shenzhen,CZ8075,China Southern,3h 25m,True,2026-02-12T10:34:34.884860
2026-09-22,BKK,arrival,11:20,USM Koh Samui,PG124,Bangkok Airways,1h 15m,True,2026-02-12T10:34:34.967995
2026-09-22,BKK,arrival,11:20,UTH Udon Thani,VZ201,Vietjet Thailand,1h 10m,True,2026-02-12T10:34:35.050483
2026-09-22,BKK,arrival,11:30,HKG Hong Kong,CX755,Cathay Pacific,3h 5m,True,2026-02-12T10:34:35.132914
2026-09-22,BKK,arrival,11:30,SGN Ho Chi Minh City,TG551,Thai Airways,1h 25m,True,2026-02-12T10:34:35.215861
2026-09-22,BKK,arrival,11:35,CNX Chiang Mai,PG216,Bangkok Airways,1h 25m,True,2026-02-12T10:34:35.311189
2026-09-22,BKK,arrival,11:40,CAN Guangzhou,CZ8079,China Southern,3h 0m,True,2026-02-12T10:34:35.398300
2026-09-22,BKK,arrival,11:40,CEI Chiang Rai,TG131,Thai Airways,1h 30m,True,2026-02-12T10:34:35.480439
2026-09-22,BKK,arrival,11:45,KBV Krabi,FD4403,Thai AirAsia,1h 25m,True,2026-02-12T10:34:35.565005
2026-09-22,BKK,arrival,11:45,HGH Hangzhou,JD419,Capital Airlines,4h 15m,True,2026-02-12T10:34:35.650665
2026-09-22,BKK,arrival,11:45,SVO Moscow,SU272,Aeroflot,9h 20m,True,2026-02-12T10:34:35.747397
2026-09-22,BKK,arrival,11:50,AUH Abu Dhabi,EY404,Etihad,6h 30m,True,2026-02-12T10:34:35.862802
2026-09-22,BKK,arrival,11:50,HKT Phuket,FD4125,Thai AirAsia,1h 35m,True,2026-02-12T10:34:35.979425
2026-09-22,BKK,arrival,11:50,HKT Phuket,TG204,Thai Airways,1h 35m,True,2026-02-12T10:34:36.088722
2026-09-22,BKK,arrival,11:50,HKT Phuket,VZ301,Vietjet Thailand,1h 30m,True,2026-02-12T10:34:36.180057
2026-09-22,BKK,arrival,11:55,HKT Phuket,PG272,Bangkok Airways,1h 35m,True,2026-02-12T10:34:36.272060
2026-09-22,BKK,arrival,12:00,TPE Taipei,JX741,Starlux,4h 0m,True,2026-02-12T10:34:36.354489
2026-09-22,BKK,arrival,12:05,KTI Phnom Penh,K6722,Air Cambodia,1h 10m,True,2026-02-12T10:34:36.434850
2026-09-22,BKK,arrival,12:10,TPE Taipei,CI831,China Airlines,3h 45m,True,2026-02-12T10:34:36.528254
2026-09-22,BKK,arrival,12:10,MNL Manila,PR730,PAL,3h 30m,True,2026-02-12T10:34:36.624516
2026-09-22,BKK,arrival,12:20,PEK Beijing,HU429,Hainan Airlines,5h 5m,True,2026-02-12T10:34:36.744206
2026-09-22,BKK,arrival,12:20,KMG Kunming,MU6087,China Eastern,2h 25m,True,2026-02-12T10:34:36.864288
2026-09-22,BKK,arrival,12:20,KTI Phnom Penh,VZ721,Vietjet Thailand,1h 15m,True,2026-02-12T10:34:36.960149
2026-09-22,BKK,arrival,12:25,HAN Hanoi,TG561,Thai Airways,1h 50m,True,2026-02-12T10:34:37.073320
2026-09-22,BKK,arrival,12:25,DAD Da Nang,VZ965,Vietjet Thailand,1h 45m,True,2026-02-12T10:34:37.182213
2026-09-22,BKK,arrival,12:30,DXB Dubai,EK384,Emirates,6h 40m,True,2026-02-12T10:34:37.298894
2026-09-22,BKK,arrival,12:30,PVG Shanghai,MU541,China Eastern,4h 40m,True,2026-02-12T10:34:37.412571
2026-09-22,BKK,arrival,12:30,FRA Frankfurt,TG923,Thai Airways,10h 50m,True,2026-02-12T10:34:37.514084
2026-09-22,BKK,arrival,12:30,FUK Fukuoka,VZ811,Vietjet Thailand,5h 35m,True,2026-02-12T10:34:37.611191
2026-09-22,BKK,arrival,12:35,FRA Frankfurt,DE2362,Condor,11h 20m,True,2026-02-12T10:34:37.746788
2026-09-22,BKK,arrival,12:40,BWN Bandar Seri Begawan,BI513,Royal Brunei Airlines,2h 45m,True,2026-02-12T10:34:37.913475
2026-09-22,BKK,arrival,12:40,URT Surat Thani,VZ351,Vietjet Thailand,1h 15m,True,2026-02-12T10:34:38.020357
2026-09-22,BKK,arrival,12:45,TFU Chengdu,9C7501,Spring Airlines,3h 10m,True,2026-02-12T10:34:38.135879
2026-09-22,BKK,arrival,12:45,CMB Colombo,UL404,SriLankan Airlines,3h 40m,True,2026-02-12T10:34:38.242313
2026-09-22,BKK,arrival,12:45,SGN Ho Chi Minh City,VJ803,VietJet,1h 30m,True,2026-02-12T10:34:38.337626
2026-09-22,BKK,arrival,12:50,PVG Shanghai,9C7421,Spring Airlines,4h 45m,True,2026-02-12T10:34:38.432210
2026-09-22,BKK,arrival,12:50,CAN Guangzhou,CZ8099,China Southern,3h 10m,True,2026-02-12T10:34:38.527165
2026-09-22,BKK,arrival,12:55,DOH Doha,QR834,Qatar Airways,6h 55m,True,2026-02-12T10:34:38.609043
2026-09-22,BKK,arrival,12:55,KIX Osaka,VZ821,Vietjet Thailand,6h 0m,True,2026-02-12T10:34:38.691351
2026-09-22,BKK,arrival,13:00,USM Koh Samui,PG130,Bangkok Airways,1h 15m,True,2026-02-12T10:34:38.778170
2026-09-22,BKK,arrival,13:00,HAN Hanoi,VJ901,VietJet,1h 50m,True,2026-02-12T10:34:38.870752
2026-09-22,BKK,arrival,13:05,XIY Xian,9C6293,Spring Airlines,4h 20m,True,2026-02-12T10:34:38.951423
2026-09-22,BKK,arrival,13:05,PQC Phu Quoc,VZ981,Vietjet Thailand,1h 20m,True,2026-02-12T10:34:39.032316
2026-09-22,BKK,arrival,13:10,CGK Jakarta,GA866,Garuda Indonesia,3h 25m,True,2026-02-12T10:34:39.115428
2026-09-22,BKK,arrival,13:10,SGN Ho Chi Minh City,VN605,Vietnam Airlines,1h 35m,True,2026-02-12T10:34:39.195930
2026-09-22,BKK,arrival,13:10,CNX Chiang Mai,VZ103,Vietjet Thailand,1h 20m,True,2026-02-12T10:34:39.276937
2026-09-22,BKK,arrival,13:15,ADD Addis Ababa,ET628,Ethiopian,9h 20m,True,2026-02-12T10:34:39.359766
2026-09-22,BKK,arrival,13:15,ICN Seoul,KE657,Korean Air,5h 45m,True,2026-02-12T10:34:39.440206
2026-09-22,BKK,arrival,13:15,HKT Phuket,TG206,Thai Airways,1h 35m,True,2026-02-12T10:34:39.531746
2026-09-22,BKK,arrival,13:15,KKC Khon Kaen,TG43,Thai Airways,1h 10m,True,2026-02-12T10:34:39.629927
2026-09-22,BKK,arrival,13:20,CNX Chiang Mai,PG224,Bangkok Airways,1h 25m,True,2026-02-12T10:34:39.717796
2026-09-22,BKK,arrival,13:20,CNX Chiang Mai,TG105,Thai Airways,1h 25m,True,2026-02-12T10:34:39.801279
2026-09-22,BKK,arrival,13:25,NGB Ningbo,9C7431,Spring Airlines,4h 35m,True,2026-02-12T10:34:39.883063
2026-09-22,BKK,arrival,13:25,DXB Dubai,EK376,Emirates,6h 40m,True,2026-02-12T10:34:39.963646
2026-09-22,BKK,arrival,13:25,KUL Kuala Lumpur,MH788,Malaysia Airlines,2h 15m,True,2026-02-12T10:34:40.045669
2026-09-22,BKK,arrival,13:25,DOH Doha,QR836,Qatar Airways,6h 55m,True,2026-02-12T10:34:40.125668
2026-09-22,BKK,arrival,13:25,ICN Seoul,TG659,Thai Airways,5h 50m,True,2026-02-12T10:34:40.278933
2026-09-22,BKK,arrival,13:25,RGN Yangon,TG302,Thai Airways,1h 30m,True,2026-02-12T10:34:40.416597
2026-09-22,BKK,arrival,13:30,NBO Nairobi,KQ886,Kenya Airways,9h 31m,True,2026-02-12T10:34:40.561224
2026-09-22,BKK,arrival,13:35,BOM Mumbai,AI2354,Air India,4h 20m,True,2026-02-12T10:34:40.699931
2026-09-22,BKK,arrival,13:40,DAC Dhaka,BS217,US-Bangla Airlines,2h 40m,True,2026-02-12T10:34:40.845440
2026-09-22,BKK,arrival,13:40,PNQ Pune,IX242,Air India Express,4h 45m,True,2026-02-12T10:34:40.977871
2026-09-22,BKK,arrival,13:40,SGN Ho Chi Minh City,VU131,Vietravel Airlines,1h 35m,True,2026-02-12T10:34:41.098468
2026-09-22,BKK,arrival,13:45,RUH Riyadh,SV846,Saudia,7h 35m,True,2026-02-12T10:34:41.223937
2026-09-22,BKK,arrival,13:45,SIN Singapore,TG404,Thai Airways,2h 20m,True,2026-02-12T10:34:41.361307
2026-09-22,BKK,arrival,13:45,NRT Tokyo,VZ831,Vietjet Thailand,6h 50m,True,2026-02-12T10:34:41.510997
2026-09-22,BKK,arrival,13:50,NST Nakhon Si Thammarat,FD4232,Thai AirAsia,1h 25m,True,2026-02-12T10:34:41.665513
2026-09-22,BKK,arrival,13:55,HKT Phuket,VZ305,Vietjet Thailand,1h 30m,True,2026-02-12T10:34:41.784198
2026-09-22,BKK,arrival,14:00,SWA Jieyang,9C6193,Spring Airlines,3h 20m,True,2026-02-12T10:34:41.894938
2026-09-22,BKK,arrival,14:00,HKG Hong Kong,CX653,Cathay Pacific,3h 0m,True,2026-02-12T10:34:42.280567
2026-09-22,BKK,arrival,14:00,MUC Munich,LH772,Lufthansa,10h 40m,True,2026-02-12T10:34:42.394457
2026-09-22,BKK,arrival,14:00,UBP Ubon Ratchathani,VZ221,Vietjet Thailand,1h 15m,True,2026-02-12T10:34:42.518142
2026-09-22,BKK,arrival,14:05,CAN Guangzhou,CZ5095,China Southern,3h 0m,True,2026-02-12T10:34:42.654437
2026-09-22,BKK,arrival,14:05,CNX Chiang Mai,FD4107,Thai AirAsia,1h 30m,True,2026-02-12T10:34:42.809638
2026-09-22,BKK,arrival,14:10,TDX Trat,PG306,Bangkok Airways,1h 0m,True,2026-02-12T10:34:42.939257
2026-09-22,BKK,arrival,14:10,ICN Seoul,TG657,Thai Airways,5h 50m,True,2026-02-12T10:34:43.061198
2026-09-22,BKK,arrival,14:15,DEL Delhi,AI2355,Air India,4h 20m,True,2026-02-12T10:34:43.173812
2026-09-22,BKK,arrival,14:15,KKC Khon Kaen,FD4502,Thai AirAsia,1h 10m,True,2026-02-12T10:34:43.284162
2026-09-22,BKK,arrival,14:15,SIN Singapore,SQ710,Singapore Airlines,2h 30m,True,2026-02-12T10:34:43.413128
2026-09-22,BKK,arrival,14:20,MFM Macau,NX936,Air Macau,2h 45m,True,2026-02-12T10:34:44.098849
2026-09-22,BKK,arrival,14:25,SAI Siem Reap,PG906,Bangkok Airways,1h 30m,True,2026-02-12T10:34:44.297689
2026-09-22,BKK,arrival,14:25,CDG Paris,SB501,Aircalin,11h 55m,True,2026-02-12T10:34:44.443181
2026-09-22,BKK,arrival,14:25,HKG Hong Kong,TG601,Thai Airways,2h 40m,True,2026-02-12T10:34:44.562689
2026-09-22,BKK,arrival,14:25,SIN Singapore,TR604,Scoot,2h 35m,True,2026-02-12T10:34:44.719125
2026-09-22,BKK,arrival,14:30,CAN Guangzhou,CZ3081,China Southern,3h 0m,True,2026-02-12T10:34:44.855818
2026-09-22,BKK,arrival,14:30,HKT Phuket,PG276,Bangkok Airways,1h 35m,True,2026-02-12T10:34:44.955744
2026-09-22,BKK,arrival,14:30,KUL Kuala Lumpur,TG416,Thai Airways,2h 10m,True,2026-02-12T10:34:45.047352
2026-09-22,BKK,arrival,14:35,HKT Phuket,TG208,Thai Airways,1h 35m,True,2026-02-12T10:34:45.153546
2026-09-22,BKK,arrival,14:35,HDY Hat Yai,VZ325,Vietjet Thailand,1h 30m,True,2026-02-12T10:34:45.269663
2026-09-22,BKK,arrival,14:40,RGN Yangon,8M333,MAI,1h 20m,True,2026-02-12T10:34:45.377177
2026-09-22,BKK,arrival,14:45,LJG Lijiang,DR5041,Ruili Airlines,2h 45m,True,2026-02-12T10:34:45.485709
2026-09-22,BKK,arrival,14:45,SGN Ho Chi Minh City,VJ807,VietJet,1h 30m,True,2026-02-12T10:34:45.585844
2026-09-22,BKK,arrival,14:45,HAN Hanoi,VN615,Vietnam Airlines,2h 0m,True,2026-02-12T10:34:45.672379
2026-09-22,BKK,arrival,14:50,PVG Shanghai,9C7279,Spring Airlines,4h 45m,True,2026-02-12T10:34:45.759280
2026-09-22,BKK,arrival,14:50,NKG Nanjing,JD619,Capital Airlines,4h 40m,True,2026-02-12T10:34:45.849319
2026-09-22,BKK,arrival,14:50,VIE Vienna,OS7,Austrian,10h 15m,True,2026-02-12T10:34:45.944601
2026-09-22,BKK,arrival,14:50,LPQ Luang Prabang,PG942,Bangkok Airways,2h 5m,True,2026-02-12T10:34:46.040716
2026-09-22,BKK,arrival,14:50,IKT Irkutsk,S76305,S7 Airlines,6h 10m,True,2026-02-12T10:34:46.121304
2026-09-22,BKK,arrival,14:50,VTE Vientiane,TG571,Thai Airways,1h 20m,True,2026-02-12T10:34:46.208806
2026-09-22,BKK,arrival,14:55,NAW Narathiwat,FD4253,Thai AirAsia,1h 30m,True,2026-02-12T10:34:46.317723
2026-09-22,BKK,arrival,14:55,HKG Hong Kong,HX775,Hong Kong Airlines,3h 10m,True,2026-02-12T10:34:46.480405
2026-09-22,BKK,arrival,14:55,TLV Tel Aviv-Yafo,LY81,El Al,11h 40m,True,2026-02-12T10:34:46.602499
2026-09-22,BKK,arrival,14:55,KMG Kunming,MU741,China Eastern,2h 35m,True,2026-02-12T10:34:46.702934
2026-09-22,BKK,arrival,15:00,DAC Dhaka,BG388,Biman,2h 45m,True,2026-02-12T10:34:47.015889
2026-09-22,BKK,arrival,15:00,LHR London,TG917,Thai Airways,11h 35m,True,2026-02-12T10:34:47.146034
2026-09-22,BKK,arrival,15:00,NGO Nagoya,TG645,Thai Airways,6h 0m,True,2026-02-12T10:34:47.274328
2026-09-22,BKK,arrival,15:00,DAD Da Nang,VZ961,Vietjet Thailand,1h 45m,True,2026-02-12T10:34:47.368176
2026-09-22,BKK,arrival,15:05,USM Koh Samui,PG142,Bangkok Airways,1h 15m,True,2026-02-12T10:34:47.456807
2026-09-22,BKK,arrival,15:05,CNX Chiang Mai,TG107,Thai Airways,1h 25m,True,2026-02-12T10:34:47.540244
2026-09-22,BKK,arrival,15:05,FUK Fukuoka,TG649,Thai Airways,5h 30m,True,2026-02-12T10:34:47.615580
2026-09-22,BKK,arrival,15:05,HND Tokyo,TG683,Thai Airways,6h 30m,True,2026-02-12T10:34:47.697668
2026-09-22,BKK,arrival,15:05,UTH Udon Thani,TG5,Thai Airways,1h 10m,True,2026-02-12T10:34:47.820181
2026-09-22,BKK,arrival,15:10,CNX Chiang Mai,FD4103,Thai AirAsia,1h 20m,True,2026-02-12T10:34:47.914804
2026-09-22,BKK,arrival,15:10,HND Tokyo,JL31,JAL,6h 30m,True,2026-02-12T10:34:48.009952
2026-09-22,BKK,arrival,15:10,USM Koh Samui,PG158,Bangkok Airways,1h 35m,True,2026-02-12T10:34:48.096959
2026-09-22,BKK,arrival,15:10,CEI Chiang Rai,TG133,Thai Airways,1h 30m,True,2026-02-12T10:34:48.181856
2026-09-22,BKK,arrival,15:15,USM Koh Samui,PG144,Bangkok Airways,1h 15m,True,2026-02-12T10:34:48.261070
2026-09-22,BKK,arrival,15:20,NRT Tokyo,TG641,Thai Airways,6h 30m,True,2026-02-12T10:34:48.353444
2026-09-22,BKK,arrival,15:25,HKG Hong Kong,CX775,Cathay Pacific,3h 5m,True,2026-02-12T10:34:48.436702
2026-09-22,BKK,arrival,15:25,MNL Manila,TG621,Thai Airways,3h 30m,True,2026-02-12T10:34:48.518245
2026-09-22,BKK,arrival,15:25,PER Perth,TG484,Thai Airways,7h 5m,True,2026-02-12T10:34:48.615894
2026-09-22,BKK,arrival,15:25,IST Istanbul,TK68,Turkish Airlines,9h 30m,True,2026-02-12T10:34:48.740167
2026-09-22,BKK,arrival,15:30,LHR London,BR68,EVA Air,11h 55m,True,2026-02-12T10:34:48.831787
2026-09-22,BKK,arrival,15:30,HND Tokyo,NH847,ANA,6h 40m,True,2026-02-12T10:34:48.916930
2026-09-22,BKK,arrival,15:30,CTS Sapporo,TG671,Thai Airways,7h 0m,True,2026-02-12T10:34:48.998749
2026-09-22,BKK,arrival,15:30,HKG Hong Kong,UO700,HK Express,3h 0m,True,2026-02-12T10:34:49.083336
2026-09-22,BKK,arrival,15:35,CNX Chiang Mai,FD4119,Thai AirAsia,1h 25m,True,2026-02-12T10:34:49.169912
2026-09-22,BKK,arrival,15:35,KIX Osaka,TG623,Thai Airways,5h 50m,True,2026-02-12T10:34:49.256972
2026-09-22,BKK,arrival,15:35,LYA Luoyang,UQ2641,Urumqi Airlines,4h 20m,True,2026-02-12T10:34:49.343730
2026-09-22,BKK,arrival,15:45,KWE Guiyang,AQ1207,9 Air,4h 0m,True,2026-02-12T10:34:49.428162
2026-09-22,BKK,arrival,15:45,VVO Vladivostok,SU644,Aeroflot,6h 55m,True,2026-02-12T10:34:49.506777
2026-09-22,BKK,arrival,15:45,CNX Chiang Mai,VZ111,Vietjet Thailand,1h 20m,True,2026-02-12T10:34:49.601494
2026-09-22,BKK,arrival,15:50,PVG Shanghai,FM833,Shanghai Airlines,4h 50m,True,2026-02-12T10:34:49.779662
2026-09-22,BKK,arrival,15:50,USM Koh Samui,PG136,Bangkok Airways,1h 15m,True,2026-02-12T10:34:49.895897
2026-09-22,BKK,arrival,16:00,ICN Seoul,VZ851,Vietjet Thailand,5h 50m,True,2026-02-12T10:34:49.975726
2026-09-22,BKK,arrival,16:05,CCU Kolkata,B3700,Bhutan Airlines,2h 40m,True,2026-02-12T10:34:50.057946
2026-09-22,BKK,arrival,16:05,HKT Phuket,FD4111,Thai AirAsia,1h 40m,True,2026-02-12T10:34:50.145705
2026-09-22,BKK,arrival,16:05,CGK Jakarta,TG434,Thai Airways,3h 30m,True,2026-02-12T10:34:50.233341
2026-09-22,BKK,arrival,16:10,DEL Delhi,6E1053,IndiGo,4h 25m,True,2026-02-12T10:34:50.324982
2026-09-22,BKK,arrival,16:10,UTH Udon Thani,VZ205,Vietjet Thailand,1h 10m,True,2026-02-12T10:34:50.414089
2026-09-22,BKK,arrival,16:15,HDY Hat Yai,TG264,Thai Airways,1h 35m,True,2026-02-12T10:34:50.508245
2026-09-22,BKK,arrival,16:15,NST Nakhon Si Thammarat,VZ335,Vietjet Thailand,1h 20m,True,2026-02-12T10:34:50.599130
2026-09-22,BKK,arrival,16:20,TPE Taipei,CI835,China Airlines,3h 50m,True,2026-02-12T10:34:50.684313
2026-09-22,BKK,arrival,16:20,KTI Phnom Penh,K6724,Air Cambodia,1h 10m,True,2026-02-12T10:34:50.769882
2026-09-22,BKK,arrival,16:20,KUL Kuala Lumpur,MH782,Malaysia Airlines,2h 15m,True,2026-02-12T10:34:50.865567
2026-09-22,BKK,arrival,16:20,HKT Phuket,PG274,Bangkok Airways,1h 35m,True,2026-02-12T10:34:50.951582
2026-09-22,BKK,arrival,16:20,SYD Sydney,TG476,Thai Airways,9h 20m,True,2026-02-12T10:34:51.038072
2026-09-22,BKK,arrival,16:25,SZX Shenzhen,CZ8323,China Southern,3h 30m,True,2026-02-12T10:34:51.125670
2026-09-22,BKK,arrival,16:30,HKG Hong Kong,CX751,Cathay Pacific,3h 0m,True,2026-02-12T10:34:51.206968
2026-09-22,BKK,arrival,16:30,HGH Hangzhou,GJ8021,Loong Air,4h 35m,True,2026-02-12T10:34:51.368154
2026-09-22,BKK,arrival,16:30,KMG Kunming,TG613,Thai Airways,2h 10m,True,2026-02-12T10:34:51.539175
2026-09-22,BKK,arrival,16:30,NRT Tokyo,TG643,Thai Airways,6h 30m,True,2026-02-12T10:34:51.658726
2026-09-22,BKK,arrival,16:35,TLV Tel Aviv-Yafo,LY83,El Al,11h 40m,True,2026-02-12T10:34:51.781668
2026-09-22,BKK,arrival,16:40,TFU Chengdu,3U3935,Sichuan Airlines,3h 0m,True,2026-02-12T10:34:51.908904
2026-09-22,BKK,arrival,16:40,TPE Taipei,JX745,Starlux,3h 50m,True,2026-02-12T10:34:52.030590
2026-09-22,BKK,arrival,16:40,XMN Xiamen,MF833,XiamenAir,3h 30m,True,2026-02-12T10:34:52.149091
2026-09-22,BKK,arrival,16:40,USM Koh Samui,PG146,Bangkok Airways,1h 15m,True,2026-02-12T10:34:52.277764
2026-09-22,BKK,arrival,16:40,SYD Sydney,QF23,Qantas,9h 50m,True,2026-02-12T10:34:52.398813
2026-09-22,BKK,arrival,16:45,CEI Chiang Rai,VZ133,Vietjet Thailand,1h 25m,True,2026-02-12T10:34:52.522682
2026-09-22,BKK,arrival,16:50,CAN Guangzhou,CZ8023,China Southern,3h 0m,True,2026-02-12T10:34:52.626992
2026-09-22,BKK,arrival,16:50,USM Koh Samui,PG150,Bangkok Airways,1h 30m,True,2026-02-12T10:34:52.746996
2026-09-22,BKK,arrival,16:50,KKC Khon Kaen,TG45,Thai Airways,1h 10m,True,2026-02-12T10:34:52.878058
2026-09-22,BKK,arrival,16:50,TPE Taipei,TG633,Thai Airways,3h 45m,True,2026-02-12T10:34:53.006342
2026-09-22,BKK,arrival,16:50,CNX Chiang Mai,VZ107,Vietjet Thailand,1h 20m,True,2026-02-12T10:34:53.143204
2026-09-22,BKK,arrival,16:55,DEL Delhi,AI2332,Air India,4h 25m,True,2026-02-12T10:34:53.257936
2026-09-22,BKK,arrival,16:55,CNX Chiang Mai,TG111,Thai Airways,1h 25m,True,2026-02-12T10:34:53.384567
2026-09-22,BKK,arrival,16:55,HKT Phuket,VZ2301,Vietjet Thailand,1h 30m,True,2026-02-12T10:34:53.511005
2026-09-22,BKK,arrival,17:00,DAC Dhaka,TG322,Thai Airways,2h 25m,True,2026-02-12T10:34:53.645585
2026-09-22,BKK,arrival,17:00,SIN Singapore,TR610,Scoot,2h 30m,True,2026-02-12T10:34:53.784728
2026-09-22,BKK,arrival,17:05,TFU Chengdu,CA471,Air China,3h 15m,True,2026-02-12T10:34:53.921290
2026-09-22,BKK,arrival,17:05,USM Koh Samui,PG148,Bangkok Airways,1h 15m,True,2026-02-12T10:34:54.087788
2026-09-22,BKK,arrival,17:05,DAD Da Nang,VN627,Vietnam Airlines,1h 50m,True,2026-02-12T10:34:54.248542
2026-09-22,BKK,arrival,17:10,HKT Phuket,FD4123,Thai AirAsia,1h 35m,True,2026-02-12T10:34:54.756721
2026-09-22,BKK,arrival,17:10,TAO Qingdao,QW917,Qingdao Airlines,5h 10m,True,2026-02-12T10:34:54.890410
2026-09-22,BKK,arrival,17:15,SIN Singapore,SQ712,Singapore Airlines,2h 30m,True,2026-02-12T10:34:55.005646
2026-09-22,BKK,arrival,17:15,SIN Singapore,TG414,Thai Airways,2h 20m,True,2026-02-12T10:34:55.122458
2026-09-22,BKK,arrival,17:20,KHH Kaohsiung,CI839,China Airlines,3h 40m,True,2026-02-12T10:34:55.202157
2026-09-22,BKK,arrival,17:20,KUL Kuala Lumpur,MH774,Malaysia Airlines,2h 20m,True,2026-02-12T10:34:55.297065
2026-09-22,BKK,arrival,17:20,HKG Hong Kong,TG629,Thai Airways,2h 50m,True,2026-02-12T10:34:55.411575
2026-09-22,BKK,arrival,17:25,SHJ Sharjah,G9816,Air Arabia,6h 35m,True,2026-02-12T10:34:55.505318
2026-09-22,BKK,arrival,17:25,TAO Qingdao,QW9897,Qingdao Airlines,5h 5m,True,2026-02-12T10:34:55.595845
2026-09-22,BKK,arrival,17:35,DEL Delhi,TG324,Thai Airways,4h 25m,True,2026-02-12T10:34:55.680316
2026-09-22,BKK,arrival,17:40,HKT Phuket,TG212,Thai Airways,1h 35m,True,2026-02-12T10:34:55.782399
2026-09-22,BKK,arrival,17:45,CAN Guangzhou,TG669,Thai Airways,3h 0m,True,2026-02-12T10:34:55.879750
2026-09-22,BKK,arrival,17:45,HAN Hanoi,VJ903,VietJet,2h 0m,True,2026-02-12T10:34:55.978017
2026-09-22,BKK,arrival,17:45,UBP Ubon Ratchathani,VZ225,Vietjet Thailand,1h 15m,True,2026-02-12T10:34:56.054366
2026-09-22,BKK,arrival,17:45,MCT Muscat,WY815,Oman Air,6h 5m,True,2026-02-12T10:34:56.152015
2026-09-22,BKK,arrival,17:50,NNG Nanning,9C7485,Spring Airlines,2h 30m,True,2026-02-12T10:34:56.261153
2026-09-22,BKK,arrival,17:50,CEI Chiang Rai,FD4153,Thai AirAsia,1h 25m,True,2026-02-12T10:34:56.350331
2026-09-22,BKK,arrival,17:55,CAN Guangzhou,CZ363,China Southern,3h 0m,True,2026-02-12T10:34:56.430619
2026-09-22,BKK,arrival,17:55,KBV Krabi,VZ343,Vietjet Thailand,1h 25m,True,2026-02-12T10:34:56.514355
2026-09-22,BKK,arrival,18:00,HKG Hong Kong,CX701,Cathay Pacific,2h 55m,True,2026-02-12T10:34:56.599775
2026-09-22,BKK,arrival,18:00,TFU Chengdu,TG619,Thai Airways,3h 5m,True,2026-02-12T10:34:56.682712
2026-09-22,BKK,arrival,18:05,KBV Krabi,FD4401,Thai AirAsia,1h 25m,True,2026-02-12T10:34:56.766779
2026-09-22,BKK,arrival,18:05,PVG Shanghai,FM855,Shanghai Airlines,4h 30m,True,2026-02-12T10:34:56.850955
2026-09-22,BKK,arrival,18:05,HAN Hanoi,VN619,Vietnam Airlines,2h 0m,True,2026-02-12T10:34:56.942886
2026-09-22,BKK,arrival,18:05,PQC Phu Quoc,VZ983,Vietjet Thailand,1h 20m,True,2026-02-12T10:34:57.031183
2026-09-22,BKK,arrival,18:10,AUH Abu Dhabi,EY406,Etihad,6h 35m,True,2026-02-12T10:34:57.114853
2026-09-22,BKK,arrival,18:10,BFV Buri Ram,FD4512,Thai AirAsia,1h 5m,True,2026-02-12T10:34:57.199046
2026-09-22,BKK,arrival,18:10,HKT Phuket,FD4113,Thai AirAsia,1h 25m,True,2026-02-12T10:34:57.286752
2026-09-22,BKK,arrival,18:10,TPE Taipei,VZ567,Vietjet Thailand,3h 45m,True,2026-02-12T10:34:57.368217
2026-09-22,BKK,arrival,18:15,RGN Yangon,8M331,MAI,1h 20m,True,2026-02-12T10:34:57.450138
2026-09-22,BKK,arrival,18:15,HAK Haikou,HU721,Hainan Airlines,2h 25m,True,2026-02-12T10:34:57.544479
2026-09-22,BKK,arrival,18:15,KTM Kathmandu,TG320,Thai Airways,3h 30m,True,2026-02-12T10:34:57.644369
2026-09-22,BKK,arrival,18:20,PEK Beijing,CA959,Air China,5h 20m,True,2026-02-12T10:34:57.737022
2026-09-22,BKK,arrival,18:20,CNX Chiang Mai,TG113,Thai Airways,1h 25m,True,2026-02-12T10:34:57.824967
2026-09-22,BKK,arrival,18:20,UTH Udon Thani,VZ203,Vietjet Thailand,1h 10m,True,2026-02-12T10:34:57.912440
2026-09-22,BKK,arrival,18:25,DXB Dubai,EK370,Emirates,6h 25m,True,2026-02-12T10:34:57.993305
2026-09-22,BKK,arrival,18:25,HKT Phuket,TG216,Thai Airways,1h 30m,True,2026-02-12T10:34:58.075704
2026-09-22,BKK,arrival,18:30,KMG Kunming,KY8369,Kunming Airlines,2h 25m,True,2026-02-12T10:34:58.160506
2026-09-22,BKK,arrival,18:30,MNL Manila,PR736,PAL,3h 45m,True,2026-02-12T10:34:58.265514
2026-09-22,BKK,arrival,18:30,SGN Ho Chi Minh City,VN607,Vietnam Airlines,1h 35m,True,2026-02-12T10:34:58.369253
2026-09-22,BKK,arrival,18:30,SZX Shenzhen,ZH307,Shenzhen Airlines,2h 55m,True,2026-02-12T10:34:58.463588
2026-09-22,BKK,arrival,18:40,USM Koh Samui,PG166,Bangkok Airways,1h 15m,True,2026-02-12T10:34:58.558867
2026-09-22,BKK,arrival,18:40,CNX Chiang Mai,VZ109,Vietjet Thailand,1h 20m,True,2026-02-12T10:34:58.645530
2026-09-22,BKK,arrival,18:45,VVO Vladivostok,S76261,S7 Airlines,6h 45m,True,2026-02-12T10:34:58.726969
2026-09-22,BKK,arrival,18:45,SGN Ho Chi Minh City,VJ805,VietJet,1h 30m,True,2026-02-12T10:34:58.816770
2026-09-22,BKK,arrival,18:50,TDX Trat,PG308,Bangkok Airways,1h 0m,True,2026-02-12T10:34:58.906051
2026-09-22,BKK,arrival,18:50,USM Koh Samui,PG172,Bangkok Airways,1h 15m,True,2026-02-12T10:34:59.000421
2026-09-22,BKK,arrival,18:55,CKG Chongqing,3U3771,Sichuan Airlines,3h 25m,True,2026-02-12T10:34:59.105141
2026-09-22,BKK,arrival,18:55,KUL Kuala Lumpur,MH780,Malaysia Airlines,2h 10m,True,2026-02-12T10:34:59.198116
2026-09-22,BKK,arrival,18:55,UBP Ubon Ratchathani,TG29,Thai Airways,1h 15m,True,2026-02-12T10:34:59.288938
2026-09-22,BKK,arrival,18:55,HKG Hong Kong,UO702,HK Express,3h 0m,True,2026-02-12T10:34:59.678863
2026-09-22,BKK,arrival,19:00,HKT Phuket,PG284,Bangkok Airways,1h 30m,True,2026-02-12T10:34:59.776627
2026-09-22,BKK,arrival,19:00,SIN Singapore,SQ714,Singapore Airlines,2h 30m,True,2026-02-12T10:34:59.856007
2026-09-22,BKK,arrival,19:00,HKT Phuket,VZ307,Vietjet Thailand,1h 30m,True,2026-02-12T10:34:59.936705
2026-09-22,BKK,arrival,19:05,USM Koh Samui,PG168,Bangkok Airways,1h 15m,True,2026-02-12T10:35:00.028704
2026-09-22,BKK,arrival,19:05,DOH Doha,QR828,Qatar Airways,6h 55m,True,2026-02-12T10:35:00.121830
2026-09-22,BKK,arrival,19:10,THS Sukhothai,PG214,Bangkok Airways,1h 20m,True,2026-02-12T10:35:00.268354
2026-09-22,BKK,arrival,19:15,BOM Mumbai,6E1059,IndiGo,4h 40m,True,2026-02-12T10:35:00.347617
2026-09-22,BKK,arrival,19:20,CAN Guangzhou,CZ8019,China Southern,3h 0m,True,2026-02-12T10:35:00.430888
2026-09-22,BKK,arrival,19:25,DXB Dubai,EK372,Emirates,6h 45m,True,2026-02-12T10:35:00.513669
2026-09-22,BKK,arrival,19:35,KMG Kunming,KY8367,Kunming Airlines,2h 25m,True,2026-02-12T10:35:00.599033
2026-09-22,BKK,arrival,19:35,SIN Singapore,TG408,Thai Airways,2h 20m,True,2026-02-12T10:35:00.681399
2026-09-22,BKK,arrival,19:35,SIN Singapore,TR616,Scoot,2h 35m,True,2026-02-12T10:35:00.766659
2026-09-22,BKK,arrival,19:40,RGN Yangon,8M350,MAI,1h 20m,True,2026-02-12T10:35:00.864080
2026-09-22,BKK,arrival,19:40,HDY Hat Yai,FD4205,Thai AirAsia,1h 30m,True,2026-02-12T10:35:00.948879
2026-09-22,BKK,arrival,19:40,USM Koh Samui,PG170,Bangkok Airways,1h 15m,True,2026-02-12T10:35:01.049626
2026-09-22,BKK,arrival,19:40,VTE Vientiane,QV445,Lao Airlines,1h 0m,True,2026-02-12T10:35:01.155851
2026-09-22,BKK,arrival,19:45,CNX Chiang Mai,FD4109,Thai AirAsia,1h 20m,True,2026-02-12T10:35:01.256646
2026-09-22,BKK,arrival,19:50,DEL Delhi,6E1063,IndiGo,4h 10m,True,2026-02-12T10:35:01.354880
2026-09-22,BKK,arrival,19:50,MEL Melbourne,JQ29,Jetstar,9h 25m,True,2026-02-12T10:35:01.443827
2026-09-22,BKK,arrival,19:50,KMG Kunming,MU9613,China Eastern,2h 35m,True,2026-02-12T10:35:01.538696
2026-09-22,BKK,arrival,19:55,KHH Kaohsiung,TG631,Thai Airways,3h 40m,True,2026-02-12T10:35:01.692950
2026-09-22,BKK,arrival,19:55,DAD Da Nang,VZ963,Vietjet Thailand,1h 45m,True,2026-02-12T10:35:01.824386
2026-09-22,BKK,arrival,20:00,SIN Singapore,SQ720,Singapore Airlines,2h 30m,True,2026-02-12T10:35:02.085979
2026-09-22,BKK,arrival,20:00,MEL Melbourne,TG466,Thai Airways,9h 30m,True,2026-02-12T10:35:02.271208
2026-09-22,BKK,arrival,20:05,DPS Denpasar,TG432,Thai Airways,4h 10m,True,2026-02-12T10:35:02.459154
2026-09-22,BKK,arrival,20:05,KKC Khon Kaen,TG47,Thai Airways,1h 0m,True,2026-02-12T10:35:02.635744
2026-09-22,BKK,arrival,20:05,SGN Ho Chi Minh City,VN609,Vietnam Airlines,1h 35m,True,2026-02-12T10:35:02.787104
2026-09-22,BKK,arrival,20:05,URT Surat Thani,VZ353,Vietjet Thailand,1h 15m,True,2026-02-12T10:35:02.944910
2026-09-22,BKK,arrival,20:10,KKC Khon Kaen,VZ215,Vietjet Thailand,1h 5m,True,2026-02-12T10:35:03.095887
2026-09-22,BKK,arrival,20:15,USM Koh Samui,PG160,Bangkok Airways,1h 35m,True,2026-02-12T10:35:03.290161
2026-09-22,BKK,arrival,20:15,CEI Chiang Rai,TG137,Thai Airways,1h 20m,True,2026-02-12T10:35:03.411571
2026-09-22,BKK,arrival,20:25,DEL Delhi,AI2304,Air India,4h 25m,True,2026-02-12T10:35:03.547719
2026-09-22,BKK,arrival,20:25,USM Koh Samui,PG176,Bangkok Airways,1h 30m,True,2026-02-12T10:35:03.712741
2026-09-22,BKK,arrival,20:25,USM Koh Samui,PG180,Bangkok Airways,1h 15m,True,2026-02-12T10:35:03.874702
2026-09-22,BKK,arrival,20:25,KTI Phnom Penh,VZ723,Vietjet Thailand,1h 15m,True,2026-02-12T10:35:04.018109
2026-09-22,BKK,arrival,20:30,PBH Paro,KB152,Drukair,3h 10m,True,2026-02-12T10:35:04.168195
2026-09-22,BKK,arrival,20:40,TFU Chengdu,EU2867,Chengdu Airlines,3h 15m,True,2026-02-12T10:35:04.345501
2026-09-22,BKK,arrival,20:40,KTI Phnom Penh,PG936,Bangkok Airways,1h 15m,True,2026-02-12T10:35:04.490890
2026-09-22,BKK,arrival,20:40,RGN Yangon,UB17,Myanmar National Airlines,1h 25m,True,2026-02-12T10:35:04.629585
2026-09-22,BKK,arrival,20:45,HKT Phuket,PG278,Bangkok Airways,1h 35m,True,2026-02-12T10:35:04.778378
2026-09-22,BKK,arrival,20:45,USM Koh Samui,PG174,Bangkok Airways,1h 15m,True,2026-02-12T10:35:04.988006
2026-09-22,BKK,arrival,20:45,HKG Hong Kong,TG639,Thai Airways,2h 40m,True,2026-02-12T10:35:05.145446
2026-09-22,BKK,arrival,20:45,ICN Seoul,TG653,Thai Airways,5h 50m,True,2026-02-12T10:35:05.334512
2026-09-22,BKK,arrival,20:50,HKT Phuket,TG218,Thai Airways,1h 35m,True,2026-02-12T10:35:05.498828
2026-09-22,BKK,arrival,20:50,PVG Shanghai,TG665,Thai Airways,4h 25m,True,2026-02-12T10:35:05.645998
2026-09-22,BKK,arrival,20:55,FOC Fuzhou,9C7301,Spring Airlines,4h 10m,True,2026-02-12T10:35:06.228003
2026-09-22,BKK,arrival,20:55,PVG Shanghai,FM839,Shanghai Airlines,4h 35m,True,2026-02-12T10:35:06.387846
2026-09-22,BKK,arrival,20:55,SAI Siem Reap,PG908,Bangkok Airways,1h 30m,True,2026-02-12T10:35:06.513998
2026-09-22,BKK,arrival,20:55,SYD Sydney,TG472,Thai Airways,9h 20m,True,2026-02-12T10:35:06.612687
2026-09-22,BKK,arrival,21:00,HKG Hong Kong,HX765,Hong Kong Airlines,3h 0m,True,2026-02-12T10:35:06.712735
2026-09-22,BKK,arrival,21:00,RGN Yangon,TG304,Thai Airways,1h 30m,True,2026-02-12T10:35:06.810365
2026-09-22,BKK,arrival,21:00,HKT Phuket,VZ2305,Vietjet Thailand,1h 30m,True,2026-02-12T10:35:06.909013
2026-09-22,BKK,arrival,21:05,HAN Hanoi,VN617,Vietnam Airlines,2h 5m,True,2026-02-12T10:35:07.010156
2026-09-22,BKK,arrival,21:05,CNX Chiang Mai,VZ123,Vietjet Thailand,1h 20m,True,2026-02-12T10:35:07.110629
2026-09-22,BKK,arrival,21:10,ICN Seoul,LJ1,Jin Air,6h 0m,True,2026-02-12T10:35:07.216159
2026-09-22,BKK,arrival,21:10,ICN Seoul,YP601,Air Premia,5h 55m,True,2026-02-12T10:35:07.318868
2026-09-22,BKK,arrival,21:15,USM Koh Samui,PG188,Bangkok Airways,1h 30m,True,2026-02-12T10:35:07.420807
2026-09-22,BKK,arrival,21:15,PEK Beijing,TG615,Thai Airways,5h 10m,True,2026-02-12T10:35:07.519715
2026-09-22,BKK,arrival,21:20,ICN Seoul,BX727,Air Busan,6h 30m,True,2026-02-12T10:35:07.619146
2026-09-22,BKK,arrival,21:20,CEI Chiang Rai,VZ135,Vietjet Thailand,1h 25m,True,2026-02-12T10:35:08.008924
2026-09-22,BKK,arrival,21:25,UTH Udon Thani,FD4353,Thai AirAsia,1h 5m,True,2026-02-12T10:35:08.219986
2026-09-22,BKK,arrival,21:25,CNX Chiang Mai,PG220,Bangkok Airways,1h 25m,True,2026-02-12T10:35:08.355715
2026-09-22,BKK,arrival,21:25,USM Koh Samui,PG190,Bangkok Airways,1h 30m,True,2026-02-12T10:35:08.450377
2026-09-22,BKK,arrival,21:25,KIX Osaka,TG673,Thai Airways,5h 50m,True,2026-02-12T10:35:08.534381
2026-09-22,BKK,arrival,21:35,SGN Ho Chi Minh City,TG557,Thai Airways,1h 25m,True,2026-02-12T10:35:08.627034
2026-09-22,BKK,arrival,21:35,TPE Taipei,TG635,Thai Airways,3h 45m,True,2026-02-12T10:35:09.116905
2026-09-22,BKK,arrival,21:40,NRT Tokyo,ZG51,Zipair,6h 40m,True,2026-02-12T10:35:09.246707
2026-09-22,BKK,arrival,21:45,PUS Busan,BX725,Air Busan,5h 45m,True,2026-02-12T10:35:09.364636
2026-09-22,BKK,arrival,21:45,ICN Seoul,KE651,Korean Air,5h 40m,True,2026-02-12T10:35:09.484277
2026-09-22,BKK,arrival,21:45,KBV Krabi,TG250,Thai Airways,1h 25m,True,2026-02-12T10:35:09.590755
2026-09-22,BKK,arrival,21:50,HKT Phuket,FD4115,Thai AirAsia,1h 30m,True,2026-02-12T10:35:09.712367
2026-09-22,BKK,arrival,21:50,MFM Macau,NX992,Air Macau,3h 5m,True,2026-02-12T10:35:09.807534
2026-09-22,BKK,arrival,21:50,USM Koh Samui,PG186,Bangkok Airways,1h 15m,True,2026-02-12T10:35:10.004497
2026-09-22,BKK,arrival,21:55,PVG Shanghai,FM853,Shanghai Airlines,4h 35m,True,2026-02-12T10:35:10.122548
2026-09-22,BKK,arrival,21:55,NRT Tokyo,TG677,Thai Airways,6h 30m,True,2026-02-12T10:35:10.219317
2026-09-22,BKK,arrival,21:55,VTE Vientiane,TG575,Thai Airways,1h 25m,True,2026-02-12T10:35:10.338282
2026-09-22,BKK,arrival,21:55,SIN Singapore,TR614,Scoot,2h 35m,True,2026-02-12T10:35:10.762393
2026-09-22,BKK,arrival,22:00,CCU Kolkata,6E1057,IndiGo,2h 45m,True,2026-02-12T10:35:10.864720
2026-09-22,BKK,arrival,22:00,CAN Guangzhou,CZ361,China Southern,2h 55m,True,2026-02-12T10:35:10.983104
2026-09-22,BKK,arrival,22:00,KKC Khon Kaen,FD4504,Thai AirAsia,1h 10m,True,2026-02-12T10:35:11.098174
2026-09-22,BKK,arrival,22:05,CRK Angeles,5J943,Cebu Pacific,3h 30m,True,2026-02-12T10:35:11.230377
2026-09-22,BKK,arrival,22:05,KUL Kuala Lumpur,TG418,Thai Airways,2h 10m,True,2026-02-12T10:35:11.344383
2026-09-22,BKK,arrival,22:05,ICN Seoul,TW101,T´Way Air,6h 5m,True,2026-02-12T10:35:11.437881
2026-09-22,BKK,arrival,22:05,KBV Krabi,VZ345,Vietjet Thailand,1h 25m,True,2026-02-12T10:35:11.546911
2026-09-22,BKK,arrival,22:10,KBV Krabi,FD4409,Thai AirAsia,1h 25m,True,2026-02-12T10:35:11.632400
2026-09-22,BKK,arrival,22:10,DPS Denpasar,TG440,Thai Airways,4h 10m,True,2026-02-12T10:35:11.719634
2026-09-22,BKK,arrival,22:10,SIN Singapore,TG410,Thai Airways,2h 20m,True,2026-02-12T10:35:11.811153
2026-09-22,BKK,arrival,22:10,CNX Chiang Mai,VZ2107,Vietjet Thailand,1h 20m,True,2026-02-12T10:35:11.893444
2026-09-22,BKK,arrival,22:15,KMG Kunming,MU9621,China Eastern,2h 35m,True,2026-02-12T10:35:11.977926
2026-09-22,BKK,arrival,22:15,HDY Hat Yai,TG268,Thai Airways,1h 35m,True,2026-02-12T10:35:12.071451
2026-09-22,BKK,arrival,22:15,MNL Manila,TG625,Thai Airways,3h 20m,True,2026-02-12T10:35:12.157912
2026-09-22,BKK,arrival,22:20,USM Koh Samui,PG196,Bangkok Airways,1h 30m,True,2026-02-12T10:35:12.247741
2026-09-22,BKK,arrival,22:30,USM Koh Samui,PG192,Bangkok Airways,1h 30m,True,2026-02-12T10:35:12.343266
2026-09-22,BKK,arrival,22:30,CGK Jakarta,TG436,Thai Airways,3h 30m,True,2026-02-12T10:35:12.433357
2026-09-22,BKK,arrival,22:30,CNX Chiang Mai,TG121,Thai Airways,1h 20m,True,2026-02-12T10:35:12.525978
2026-09-22,BKK,arrival,22:30,UTH Udon Thani,TG9,Thai Airways,1h 5m,True,2026-02-12T10:35:12.623866
2026-09-22,BKK,arrival,22:30,TPE Taipei,VZ569,Vietjet Thailand,3h 45m,True,2026-02-12T10:35:12.771013
2026-09-22,BKK,arrival,22:35,RGN Yangon,8M372,MAI,1h 20m,True,2026-02-12T10:35:12.869305
2026-09-22,BKK,arrival,22:35,HAN Hanoi,TG565,Thai Airways,1h 50m,True,2026-02-12T10:35:12.985865
2026-09-22,BKK,arrival,22:35,KTI Phnom Penh,TG585,Thai Airways,1h 20m,True,2026-02-12T10:35:13.075702
2026-09-22,BKK,arrival,22:40,MNL Manila,PR732,PAL,3h 30m,True,2026-02-12T10:35:13.172384
2026-09-22,BKK,arrival,22:55,HKT Phuket,TG222,Thai Airways,1h 35m,True,2026-02-12T10:35:13.262957
2026-09-22,BKK,arrival,23:00,PEK Beijing,HU7995,Hainan Airlines,5h 0m,True,2026-02-12T10:35:13.360992
2026-09-22,BKK,arrival,23:00,NRT Tokyo,JL707,JAL,6h 35m,True,2026-02-12T10:35:13.458376
2026-09-22,BKK,arrival,23:05,KUL Kuala Lumpur,MH796,Malaysia Airlines,2h 20m,True,2026-02-12T10:35:13.549336
2026-09-22,BKK,arrival,23:10,ICN Seoul,OZ741,Asiana,5h 40m,True,2026-02-12T10:35:13.631020
2026-09-22,BKK,arrival,23:15,HKG Hong Kong,HB295,Greater Bay Airlines,3h 0m,True,2026-02-12T10:35:13.712050
2026-09-22,BKK,arrival,23:15,HKT Phuket,VZ309,Vietjet Thailand,1h 30m,True,2026-02-12T10:35:13.807657
2026-09-22,BKK,arrival,23:20,JJN Jinjiang,AQ1435,9 Air,4h 20m,True,2026-02-12T10:35:13.910031
2026-09-22,BKK,arrival,23:20,HDY Hat Yai,VZ329,Vietjet Thailand,1h 30m,True,2026-02-12T10:35:14.008942
2026-09-22,BKK,arrival,23:25,ICN Seoul,KE659,Korean Air,5h 40m,True,2026-02-12T10:35:14.100763
2026-09-22,BKK,arrival,23:30,TPE Taipei,BR205,EVA Air,3h 45m,True,2026-02-12T10:35:14.194142
2026-09-22,BKK,arrival,23:30,CNX Chiang Mai,FD4117,Thai AirAsia,1h 25m,True,2026-02-12T10:35:14.289426
2026-09-22,BKK,arrival,23:30,CKG Chongqing,OQ2361,Chongqing Airlines,3h 15m,True,2026-02-12T10:35:14.374090
2026-09-22,BKK,arrival,23:30,HKT Phuket,PG280,Bangkok Airways,1h 35m,True,2026-02-12T10:35:14.458826
2026-09-22,BKK,arrival,23:35,CAN Guangzhou,KQ887,Kenya Airways,2h 25m,True,2026-02-12T10:35:14.608340
2026-09-22,BKK,arrival,23:40,HKT Phuket,FD4420,Thai AirAsia,1h 25m,True,2026-02-12T10:35:14.764218
2026-09-22,BKK,arrival,23:45,HKG Hong Kong,EK385,Emirates,3h 15m,True,2026-02-12T10:35:14.875041
2026-09-22,BKK,arrival,23:50,HKG Hong Kong,CX617,Cathay Pacific,3h 0m,True,2026-02-12T10:35:14.990170
2026-09-22,BKK,arrival,23:50,AUH Abu Dhabi,EY400,Etihad,6h 35m,True,2026-02-12T10:35:15.110757
2026-09-22,BKK,arrival,23:50,CNX Chiang Mai,VZ119,Vietjet Thailand,1h 20m,True,2026-02-12T10:35:15.228446
2026-09-22,BKK,arrival,23:55,KIX Osaka,MM91,Peach Aviation,6h 10m,True,2026-02-12T10:35:15.341930
2026-09-22,BKK,arrival,23:55,NRT Tokyo,NH805,ANA,6h 45m,True,2026-02-12T10:35:15.478561
