date,airport,direction,time,destination,flight,airline,duration,page_date_verified,scraped_at
2026-09-17,BKK,departure,00:01,PER Perth,TG483,Thai Airways,6h 44m,True,2026-02-12T10:13:09.796831
2026-09-17,BKK,departure,00:05,BRU Brussels,TG934,Thai Airways,12h 10m,True,2026-02-12T10:13:09.889966
2026-09-17,BKK,departure,00:05,CDG Paris,TG930,Thai Airways,12h 5m,True,2026-02-12T10:13:09.982793
2026-09-17,BKK,departure,00:05,NGO Nagoya,TG644,Thai Airways,5h 55m,True,2026-02-12T10:13:10.072618
2026-09-17,BKK,departure,00:05,OSL Oslo,TG954,Thai Airways,12h 20m,True,2026-02-12T10:13:10.164807
2026-09-17,BKK,departure,00:05,ICN Seoul,TW102,T´Way Air,5h 35m,True,2026-02-12T10:13:10.260983
2026-09-17,BKK,departure,00:15,KIX Osaka,VZ820,Vietjet Thailand,5h 40m,True,2026-02-12T10:13:10.346006
2026-09-17,BKK,departure,00:25,KIX Osaka,JL728,JAL,5h 25m,True,2026-02-12T10:13:10.432639
2026-09-17,BKK,departure,00:30,CKG Chongqing,OQ2362,Chongqing Airlines,3h 30m,True,2026-02-12T10:13:10.521743
2026-09-17,BKK,departure,00:30,ARN Stockholm,TG960,Thai Airways,11h 55m,True,2026-02-12T10:13:10.617679
2026-09-17,BKK,departure,00:30,PVG Shanghai,TG662,Thai Airways,4h 15m,True,2026-02-12T10:13:10.704777
2026-09-17,BKK,departure,00:30,FUK Fukuoka,VZ810,Vietjet Thailand,5h 25m,True,2026-02-12T10:13:10.792900
2026-09-17,BKK,departure,00:40,PEK Beijing,HU7996,Hainan Airlines,5h 0m,True,2026-02-12T10:13:10.878020
2026-09-17,BKK,departure,00:40,FUK Fukuoka,TG648,Thai Airways,5h 20m,True,2026-02-12T10:13:10.965077
2026-09-17,BKK,departure,00:45,LHR London,TG910,Thai Airways,12h 30m,True,2026-02-12T10:13:11.053477
2026-09-17,BKK,departure,00:50,PUS Busan,7C2552,Jeju Air,5h 40m,True,2026-02-12T10:13:11.143761
2026-09-17,BKK,departure,00:50,MUC Munich,TG924,Thai Airways,11h 15m,True,2026-02-12T10:13:11.231712
2026-09-17,BKK,departure,00:55,MXP Milan,TG940,Thai Airways,11h 40m,True,2026-02-12T10:13:11.323741
2026-09-17,BKK,departure,01:05,ZRH Zurich,TG970,Thai Airways,11h 45m,True,2026-02-12T10:13:11.413864
2026-09-17,BKK,departure,01:10,PNQ Pune,6E1096,IndiGo,4h 5m,True,2026-02-12T10:13:11.500268
2026-09-17,BKK,departure,01:10,ICN Seoul,7C2504,Jeju Air,5h 45m,True,2026-02-12T10:13:11.587280
2026-09-17,BKK,departure,01:10,CPH Copenhagen,TG950,Thai Airways,11h 30m,True,2026-02-12T10:13:11.681718
2026-09-17,BKK,departure,01:15,TFU Chengdu,3U3938,Sichuan Airlines,3h 5m,True,2026-02-12T10:13:11.770983
2026-09-17,BKK,departure,01:15,PVG Shanghai,9C8756,Spring Airlines,4h 25m,True,2026-02-12T10:13:11.858178
2026-09-17,BKK,departure,01:20,ICN Seoul,OZ742,Asiana,5h 25m,True,2026-02-12T10:13:11.945036
2026-09-17,BKK,departure,01:30,PEK Beijing,CA980,Air China,4h 40m,True,2026-02-12T10:13:12.038296
2026-09-17,BKK,departure,01:30,HKG Hong Kong,HB296,Greater Bay Airlines,3h 0m,True,2026-02-12T10:13:12.129279
2026-09-17,BKK,departure,01:30,PVG Shanghai,HO1352,Juneyao Airlines,4h 15m,True,2026-02-12T10:13:12.215808
2026-09-17,BKK,departure,01:35,TPE Taipei,BR206,EVA Air,3h 45m,True,2026-02-12T10:13:12.304582
2026-09-17,BKK,departure,01:35,DXB Dubai,EK385,Emirates,6h 5m,True,2026-02-12T10:13:12.389891
2026-09-17,BKK,departure,01:50,HKG Hong Kong,HX760,Hong Kong Airlines,3h 0m,True,2026-02-12T10:13:12.476069
2026-09-17,BKK,departure,01:50,XMN Xiamen,MF844,XiamenAir,3h 25m,True,2026-02-12T10:13:12.562530
2026-09-17,BKK,departure,01:55,ADD Addis Ababa,ET609,Ethiopian,8h 40m,True,2026-02-12T10:13:12.747404
2026-09-17,BKK,departure,01:55,HKG Hong Kong,HX780,Hong Kong Airlines,3h 0m,True,2026-02-12T10:13:12.850926
2026-09-17,BKK,departure,01:55,TPE Taipei,VZ566,Vietjet Thailand,3h 50m,True,2026-02-12T10:13:12.940657
2026-09-17,BKK,departure,02:05,TAE Daegu,TW106,T´Way Air,5h 35m,True,2026-02-12T10:13:13.024575
2026-09-17,BKK,departure,02:10,NKG Nanjing,MU2804,China Eastern,4h 0m,True,2026-02-12T10:13:13.106595
2026-09-17,BKK,departure,02:10,PVG Shanghai,MU548,China Eastern,4h 25m,True,2026-02-12T10:13:13.195887
2026-09-17,BKK,departure,02:25,RGN Yangon,8M391,MAI,1h 20m,True,2026-02-12T10:13:13.282799
2026-09-17,BKK,departure,02:25,TNA Jinan,SC8076,Shandong Airlines,4h 45m,True,2026-02-12T10:13:13.375093
2026-09-17,BKK,departure,02:25,ICN Seoul,VZ850,Vietjet Thailand,5h 35m,True,2026-02-12T10:13:13.461164
2026-09-17,BKK,departure,02:30,DOH Doha,QR837,Qatar Airways,6h 35m,True,2026-02-12T10:13:13.551201
2026-09-17,BKK,departure,02:35,ICN Seoul,KE656,Korean Air,5h 40m,True,2026-02-12T10:13:13.635890
2026-09-17,BKK,departure,02:40,TPE Taipei,CI838,China Airlines,3h 45m,True,2026-02-12T10:13:13.719039
2026-09-17,BKK,departure,02:40,HKG Hong Kong,HX768,Hong Kong Airlines,3h 20m,True,2026-02-12T10:13:13.804611
2026-09-17,BKK,departure,02:50,XIY Xian,9C6252,Spring Airlines,3h 45m,True,2026-02-12T10:13:13.893541
2026-09-17,BKK,departure,02:50,DXB Dubai,EK377,Emirates,6h 10m,True,2026-02-12T10:13:13.975784
2026-09-17,BKK,departure,03:00,CAN Guangzhou,CZ3036,China Southern,2h 55m,True,2026-02-12T10:13:14.063982
2026-09-17,BKK,departure,03:00,CAN Guangzhou,MU2078,China Eastern,3h 50m,True,2026-02-12T10:13:14.146146
2026-09-17,BKK,departure,03:15,AUH Abu Dhabi,EY401,Etihad,6h 30m,True,2026-02-12T10:13:14.281240
2026-09-17,BKK,departure,03:15,SZX Shenzhen,ZH306,Shenzhen Airlines,2h 55m,True,2026-02-12T10:13:14.396794
2026-09-17,BKK,departure,03:25,MNL Manila,5J932,Cebu Pacific,3h 45m,True,2026-02-12T10:13:14.478306
2026-09-17,BKK,departure,03:40,DXB Dubai,EK371,Emirates,6h 10m,True,2026-02-12T10:13:14.561079
2026-09-17,BKK,departure,03:50,DEL Delhi,SG88,SpiceJet,4h 25m,True,2026-02-12T10:13:14.642332
2026-09-17,BKK,departure,04:05,XIY Xian,GJ8908,Loong Air,3h 35m,True,2026-02-12T10:13:14.723032
2026-09-17,BKK,departure,04:20,WUH Wuhan,MU2564,China Eastern,3h 20m,True,2026-02-12T10:13:14.805111
2026-09-17,BKK,departure,05:00,PBH Paro,KB153,Drukair,3h 15m,True,2026-02-12T10:13:14.885079
2026-09-17,BKK,departure,05:05,PVG Shanghai,FM848,Shanghai Airlines,4h 30m,True,2026-02-12T10:13:14.976955
2026-09-17,BKK,departure,06:00,KUL Kuala Lumpur,MH797,Malaysia Airlines,2h 10m,True,2026-02-12T10:13:15.057330
2026-09-17,BKK,departure,06:05,USM Koh Samui,PG101,Bangkok Airways,1h 5m,True,2026-02-12T10:13:15.140214
2026-09-17,BKK,departure,06:10,CNX Chiang Mai,VZ100,Vietjet Thailand,1h 20m,True,2026-02-12T10:13:15.224493
2026-09-17,BKK,departure,06:10,NST Nakhon Si Thammarat,VZ330,Vietjet Thailand,1h 20m,True,2026-02-12T10:13:15.308609
2026-09-17,BKK,departure,06:25,USM Koh Samui,PG103,Bangkok Airways,1h 5m,True,2026-02-12T10:13:15.389356
2026-09-17,BKK,departure,06:30,CCU Kolkata,B3701,Bhutan Airlines,2h 45m,True,2026-02-12T10:13:15.473495
2026-09-17,BKK,departure,06:30,USM Koh Samui,PG105,Bangkok Airways,1h 5m,True,2026-02-12T10:13:15.552963
2026-09-17,BKK,departure,06:30,CEI Chiang Rai,VZ130,Vietjet Thailand,1h 25m,True,2026-02-12T10:13:15.685050
2026-09-17,BKK,departure,06:40,CEI Chiang Rai,FD4150,Thai AirAsia,1h 25m,True,2026-02-12T10:13:15.853820
2026-09-17,BKK,departure,06:40,IST Istanbul,TK59,Turkish Airlines,10h 0m,True,2026-02-12T10:13:15.975937
2026-09-17,BKK,departure,07:00,NRT Tokyo,NH806,ANA,6h 20m,True,2026-02-12T10:13:16.094666
2026-09-17,BKK,departure,07:00,THS Sukhothai,PG211,Bangkok Airways,1h 20m,True,2026-02-12T10:13:16.214962
2026-09-17,BKK,departure,07:00,HDY Hat Yai,TG259,Thai Airways,1h 25m,True,2026-02-12T10:13:16.334110
2026-09-17,BKK,departure,07:00,KKC Khon Kaen,TG40,Thai Airways,1h 0m,True,2026-02-12T10:13:16.460787
2026-09-17,BKK,departure,07:00,UTH Udon Thani,TG2,Thai Airways,1h 10m,True,2026-02-12T10:13:16.575970
2026-09-17,BKK,departure,07:00,HKT Phuket,VZ314,Vietjet Thailand,1h 30m,True,2026-02-12T10:13:16.690335
2026-09-17,BKK,departure,07:00,KBV Krabi,VZ340,Vietjet Thailand,1h 25m,True,2026-02-12T10:13:16.802568
2026-09-17,BKK,departure,07:05,HEL Helsinki,AY142,Finnair,12h 20m,True,2026-02-12T10:13:16.913069
2026-09-17,BKK,departure,07:05,UBP Ubon Ratchathani,TG20,Thai Airways,1h 10m,True,2026-02-12T10:13:17.029618
2026-09-17,BKK,departure,07:05,KKC Khon Kaen,VZ210,Vietjet Thailand,1h 5m,True,2026-02-12T10:13:17.138918
2026-09-17,BKK,departure,07:10,USM Koh Samui,PG107,Bangkok Airways,1h 5m,True,2026-02-12T10:13:17.247953
2026-09-17,BKK,departure,07:10,HDY Hat Yai,VZ320,Vietjet Thailand,1h 30m,True,2026-02-12T10:13:17.360164
2026-09-17,BKK,departure,07:15,HDY Hat Yai,FD4202,Thai AirAsia,1h 35m,True,2026-02-12T10:13:17.467854
2026-09-17,BKK,departure,07:15,UTH Udon Thani,FD4350,Thai AirAsia,1h 15m,True,2026-02-12T10:13:17.580256
2026-09-17,BKK,departure,07:20,KBV Krabi,PG261,Bangkok Airways,1h 25m,True,2026-02-12T10:13:17.695952
2026-09-17,BKK,departure,07:25,CNX Chiang Mai,TG102,Thai Airways,1h 20m,True,2026-02-12T10:13:17.814342
2026-09-17,BKK,departure,07:25,MNL Manila,TG620,Thai Airways,3h 20m,True,2026-02-12T10:13:17.924012
2026-09-17,BKK,departure,07:30,URT Surat Thani,FD4212,Thai AirAsia,1h 25m,True,2026-02-12T10:13:18.037280
2026-09-17,BKK,departure,07:30,USM Koh Samui,PG121,Bangkok Airways,1h 5m,True,2026-02-12T10:13:18.138345
2026-09-17,BKK,departure,07:30,HKT Phuket,TG201,Thai Airways,1h 30m,True,2026-02-12T10:13:20.836970
2026-09-17,BKK,departure,07:30,KTI Phnom Penh,TG586,Thai Airways,1h 20m,True,2026-02-12T10:13:20.923875
2026-09-17,BKK,departure,07:35,DEL Delhi,TG323,Thai Airways,4h 30m,True,2026-02-12T10:13:21.007845
2026-09-17,BKK,departure,07:35,SGN Ho Chi Minh City,TG550,Thai Airways,1h 30m,True,2026-02-12T10:13:21.087084
2026-09-17,BKK,departure,07:40,SAI Siem Reap,PG903,Bangkok Airways,1h 20m,True,2026-02-12T10:13:21.169292
2026-09-17,BKK,departure,07:40,KBV Krabi,TG241,Thai Airways,1h 20m,True,2026-02-12T10:13:21.250951
2026-09-17,BKK,departure,07:40,CNX Chiang Mai,VZ114,Vietjet Thailand,1h 20m,True,2026-02-12T10:13:21.333876
2026-09-17,BKK,departure,07:45,HAN Hanoi,TG560,Thai Airways,1h 50m,True,2026-02-12T10:13:21.417776
2026-09-17,BKK,departure,07:45,NRT Tokyo,TG676,Thai Airways,6h 10m,True,2026-02-12T10:13:21.502740
2026-09-17,BKK,departure,07:45,CMB Colombo,UL403,SriLankan Airlines,3h 20m,True,2026-02-12T10:13:21.588526
2026-09-17,BKK,departure,07:50,KMG Kunming,MU9622,China Eastern,2h 5m,True,2026-02-12T10:13:21.669600
2026-09-17,BKK,departure,07:55,HKT Phuket,FD4124,Thai AirAsia,1h 35m,True,2026-02-12T10:13:21.757126
2026-09-17,BKK,departure,08:00,CNX Chiang Mai,PG215,Bangkok Airways,1h 20m,True,2026-02-12T10:13:21.842582
2026-09-17,BKK,departure,08:00,CGK Jakarta,TG433,Thai Airways,3h 35m,True,2026-02-12T10:13:21.928694
2026-09-17,BKK,departure,08:00,HKG Hong Kong,TG600,Thai Airways,2h 45m,True,2026-02-12T10:13:22.013435
2026-09-17,BKK,departure,08:00,ICN Seoul,TG652,Thai Airways,5h 25m,True,2026-02-12T10:13:22.099212
2026-09-17,BKK,departure,08:00,SIN Singapore,TG403,Thai Airways,2h 15m,True,2026-02-12T10:13:22.183301
2026-09-17,BKK,departure,08:05,HKG Hong Kong,CX700,Cathay Pacific,3h 5m,True,2026-02-12T10:13:22.270246
2026-09-17,BKK,departure,08:05,NRT Tokyo,JL708,JAL,6h 10m,True,2026-02-12T10:13:22.354056
2026-09-17,BKK,departure,08:05,HKT Phuket,PG271,Bangkok Airways,1h 30m,True,2026-02-12T10:13:22.440892
2026-09-17,BKK,departure,08:05,CEI Chiang Rai,TG130,Thai Airways,1h 35m,True,2026-02-12T10:13:22.528159
2026-09-17,BKK,departure,08:05,HKT Phuket,TG203,Thai Airways,1h 30m,True,2026-02-12T10:13:22.618626
2026-09-17,BKK,departure,08:10,USM Koh Samui,PG123,Bangkok Airways,1h 10m,True,2026-02-12T10:13:22.703713
2026-09-17,BKK,departure,08:10,MEL Melbourne,TG461,Thai Airways,8h 50m,True,2026-02-12T10:13:22.786998
2026-09-17,BKK,departure,08:15,TDX Trat,PG301,Bangkok Airways,1h 0m,True,2026-02-12T10:13:22.872540
2026-09-17,BKK,departure,08:15,DAD Da Nang,VZ964,Vietjet Thailand,1h 40m,True,2026-02-12T10:13:22.961471
2026-09-17,BKK,departure,08:20,CAN Guangzhou,CZ362,China Southern,3h 0m,True,2026-02-12T10:13:23.045014
2026-09-17,BKK,departure,08:20,KBV Krabi,FD4402,Thai AirAsia,1h 30m,True,2026-02-12T10:13:23.131421
2026-09-17,BKK,departure,08:20,HKT Phuket,VZ300,Vietjet Thailand,1h 30m,True,2026-02-12T10:13:23.216044
2026-09-17,BKK,departure,08:25,KIX Osaka,TG672,Thai Airways,5h 30m,True,2026-02-12T10:13:23.307426
2026-09-17,BKK,departure,08:25,TPE Taipei,TG632,Thai Airways,3h 40m,True,2026-02-12T10:13:23.391772
2026-09-17,BKK,departure,08:30,CNX Chiang Mai,FD4104,Thai AirAsia,1h 20m,True,2026-02-12T10:13:23.479859
2026-09-17,BKK,departure,08:30,SYD Sydney,TG475,Thai Airways,9h 0m,True,2026-02-12T10:13:23.566240
2026-09-17,BKK,departure,08:30,UTH Udon Thani,VZ200,Vietjet Thailand,1h 10m,True,2026-02-12T10:13:23.653019
2026-09-17,BKK,departure,08:40,DEL Delhi,AI2333,Air India,4h 25m,True,2026-02-12T10:13:23.741410
2026-09-17,BKK,departure,08:40,KTI Phnom Penh,VZ720,Vietjet Thailand,1h 15m,True,2026-02-12T10:13:23.823577
2026-09-17,BKK,departure,08:55,BOM Mumbai,6E1052,IndiGo,4h 25m,True,2026-02-12T10:13:23.907228
2026-09-17,BKK,departure,08:55,SHJ Sharjah,G9822,Air Arabia,6h 25m,True,2026-02-12T10:13:23.993184
2026-09-17,BKK,departure,08:55,TPE Taipei,VZ568,Vietjet Thailand,3h 50m,True,2026-02-12T10:13:24.083435
2026-09-17,BKK,departure,09:00,RUN Saint Denis de la Reunion,UU888,Air Austral,7h 35m,True,2026-02-12T10:13:24.169461
2026-09-17,BKK,departure,09:00,MCT Muscat,WY818,Oman Air,5h 50m,True,2026-02-12T10:13:24.252283
2026-09-17,BKK,departure,09:05,KUL Kuala Lumpur,TG415,Thai Airways,2h 10m,True,2026-02-12T10:13:24.335051
2026-09-17,BKK,departure,09:05,SIN Singapore,TR609,Scoot,2h 20m,True,2026-02-12T10:13:24.423901
2026-09-17,BKK,departure,09:15,JJN Jinjiang,AQ1436,9 Air,2h 45m,True,2026-02-12T10:13:24.513607
2026-09-17,BKK,departure,09:15,AUH Abu Dhabi,EY403,Etihad,6h 20m,True,2026-02-12T10:13:24.596941
2026-09-17,BKK,departure,09:15,USM Koh Samui,PG115,Bangkok Airways,1h 30m,True,2026-02-12T10:13:24.690128
2026-09-17,BKK,departure,09:15,DOH Doha,QR831,Qatar Airways,6h 35m,True,2026-02-12T10:13:24.772752
2026-09-17,BKK,departure,09:20,SIN Singapore,SQ705,Singapore Airlines,2h 25m,True,2026-02-12T10:13:24.864098
2026-09-17,BKK,departure,09:20,RGN Yangon,UB20,Myanmar National Airlines,1h 25m,True,2026-02-12T10:13:24.948886
2026-09-17,BKK,departure,09:20,PQC Phu Quoc,VZ980,Vietjet Thailand,1h 20m,True,2026-02-12T10:13:25.033883
2026-09-17,BKK,departure,09:25,MAA Chennai,6E1062,IndiGo,3h 15m,True,2026-02-12T10:13:25.120925
2026-09-17,BKK,departure,09:30,MCT Muscat,OV464,Salam Air,6h 30m,True,2026-02-12T10:13:25.205692
2026-09-17,BKK,departure,09:30,HKT Phuket,TG205,Thai Airways,1h 30m,True,2026-02-12T10:13:25.289296
2026-09-17,BKK,departure,09:35,HND Tokyo,NH848,ANA,6h 25m,True,2026-02-12T10:13:25.380923
2026-09-17,BKK,departure,09:35,DPS Denpasar,TG431,Thai Airways,4h 20m,True,2026-02-12T10:13:25.464462
2026-09-17,BKK,departure,09:35,RGN Yangon,TG301,Thai Airways,1h 30m,True,2026-02-12T10:13:25.552676
2026-09-17,BKK,departure,09:35,URT Surat Thani,VZ350,Vietjet Thailand,1h 15m,True,2026-02-12T10:13:25.633744
2026-09-17,BKK,departure,09:40,VTE Vientiane,QV442,Lao Airlines,1h 15m,True,2026-02-12T10:13:25.721319
2026-09-17,BKK,departure,09:45,AUH Abu Dhabi,EY409,Etihad,6h 20m,True,2026-02-12T10:13:25.809388
2026-09-17,BKK,departure,09:45,HND Tokyo,JL32,JAL,6h 15m,True,2026-02-12T10:13:25.900373
2026-09-17,BKK,departure,09:50,PVG Shanghai,FM842,Shanghai Airlines,4h 35m,True,2026-02-12T10:13:25.989532
2026-09-17,BKK,departure,09:50,ICN Seoul,KE660,Korean Air,5h 30m,True,2026-02-12T10:13:26.086013
2026-09-17,BKK,departure,09:55,DXB Dubai,EK375,Emirates,6h 5m,True,2026-02-12T10:13:26.168198
2026-09-17,BKK,departure,09:55,CNX Chiang Mai,PG223,Bangkok Airways,1h 20m,True,2026-02-12T10:13:26.253150
2026-09-17,BKK,departure,09:55,LPQ Luang Prabang,PG941,Bangkok Airways,2h 10m,True,2026-02-12T10:13:26.443094
2026-09-17,BKK,departure,09:55,USM Koh Samui,PG129,Bangkok Airways,1h 10m,True,2026-02-12T10:13:26.526199
2026-09-17,BKK,departure,09:55,DOH Doha,QR839,Qatar Airways,6h 35m,True,2026-02-12T10:13:26.604473
2026-09-17,BKK,departure,09:55,CNX Chiang Mai,TG104,Thai Airways,1h 20m,True,2026-02-12T10:13:26.686144
2026-09-17,BKK,departure,09:55,CNX Chiang Mai,VZ102,Vietjet Thailand,1h 20m,True,2026-02-12T10:13:26.768315
2026-09-17,BKK,departure,10:00,PEK Beijing,TG614,Thai Airways,4h 45m,True,2026-02-12T10:13:26.904564
2026-09-17,BKK,departure,10:05,CCU Kolkata,6E1058,IndiGo,2h 40m,True,2026-02-12T10:13:27.072556
2026-09-17,BKK,departure,10:05,USM Koh Samui,PG125,Bangkok Airways,1h 10m,True,2026-02-12T10:13:27.194464
2026-09-17,BKK,departure,10:10,USM Koh Samui,PG127,Bangkok Airways,1h 30m,True,2026-02-12T10:13:27.317184
2026-09-17,BKK,departure,10:10,HKG Hong Kong,UO705,HK Express,3h 10m,True,2026-02-12T10:13:27.436803
2026-09-17,BKK,departure,10:15,RGN Yangon,8M336,MAI,1h 20m,True,2026-02-12T10:13:27.561953
2026-09-17,BKK,departure,10:15,ALA Almaty,KC932,Air Astana,6h 40m,True,2026-02-12T10:13:27.688411
2026-09-17,BKK,departure,10:15,KTM Kathmandu,TG319,Thai Airways,3h 25m,True,2026-02-12T10:13:27.810064
2026-09-17,BKK,departure,10:20,CAN Guangzhou,9C8894,Spring Airlines,2h 50m,True,2026-02-12T10:13:27.931341
2026-09-17,BKK,departure,10:20,KTI Phnom Penh,K6723,Air Cambodia,1h 10m,True,2026-02-12T10:13:28.049959
2026-09-17,BKK,departure,10:20,HKT Phuket,VZ304,Vietjet Thailand,1h 30m,True,2026-02-12T10:13:28.164370
2026-09-17,BKK,departure,10:30,NST Nakhon Si Thammarat,FD4231,Thai AirAsia,1h 25m,True,2026-02-12T10:13:28.283332
2026-09-17,BKK,departure,10:30,CAN Guangzhou,TG668,Thai Airways,3h 0m,True,2026-02-12T10:13:28.400826
2026-09-17,BKK,departure,10:30,HKG Hong Kong,TG628,Thai Airways,2h 50m,True,2026-02-12T10:13:28.529787
2026-09-17,BKK,departure,10:30,KKC Khon Kaen,TG42,Thai Airways,1h 5m,True,2026-02-12T10:13:28.644431
2026-09-17,BKK,departure,10:35,MFM Macau,NX995,Air Macau,2h 45m,True,2026-02-12T10:13:28.753262
2026-09-17,BKK,departure,10:35,DAC Dhaka,TG321,Thai Airways,2h 35m,True,2026-02-12T10:13:28.859182
2026-09-17,BKK,departure,10:40,HKT Phuket,PG275,Bangkok Airways,1h 30m,True,2026-02-12T10:13:28.971769
2026-09-17,BKK,departure,10:45,CNX Chiang Mai,FD4106,Thai AirAsia,1h 20m,True,2026-02-12T10:13:29.085539
2026-09-17,BKK,departure,10:45,KMG Kunming,TG612,Thai Airways,2h 15m,True,2026-02-12T10:13:29.192826
2026-09-17,BKK,departure,10:45,PVG Shanghai,TG664,Thai Airways,4h 15m,True,2026-02-12T10:13:29.301310
2026-09-17,BKK,departure,10:50,DEL Delhi,6E1064,IndiGo,4h 35m,True,2026-02-12T10:13:29.406809
2026-09-17,BKK,departure,10:50,TPE Taipei,CI834,China Airlines,3h 40m,True,2026-02-12T10:13:29.783070
2026-09-17,BKK,departure,10:50,NNG Nanning,GX8910,GX Airlines,2h 5m,True,2026-02-12T10:13:29.875708
2026-09-17,BKK,departure,10:50,HKT Phuket,TG207,Thai Airways,1h 30m,True,2026-02-12T10:13:29.958400
2026-09-17,BKK,departure,10:50,TFU Chengdu,TG618,Thai Airways,3h 10m,True,2026-02-12T10:13:30.039297
2026-09-17,BKK,departure,10:50,DAD Da Nang,VZ960,Vietjet Thailand,1h 40m,True,2026-02-12T10:13:30.126628
2026-09-17,BKK,departure,10:55,SAI Siem Reap,PG905,Bangkok Airways,1h 20m,True,2026-02-12T10:13:30.214684
2026-09-17,BKK,departure,10:55,SIN Singapore,TR625,Scoot,2h 30m,True,2026-02-12T10:13:30.298559
2026-09-17,BKK,departure,11:00,HKG Hong Kong,CX750,Cathay Pacific,3h 10m,True,2026-02-12T10:13:30.386940
2026-09-17,BKK,departure,11:00,HDY Hat Yai,VZ324,Vietjet Thailand,1h 30m,True,2026-02-12T10:13:30.469310
2026-09-17,BKK,departure,11:00,UBP Ubon Ratchathani,VZ220,Vietjet Thailand,1h 10m,True,2026-02-12T10:13:30.558242
2026-09-17,BKK,departure,11:05,HAK Haikou,HU7940,Hainan Airlines,2h 25m,True,2026-02-12T10:13:30.644762
2026-09-17,BKK,departure,11:05,KUL Kuala Lumpur,MH785,Malaysia Airlines,2h 10m,True,2026-02-12T10:13:30.730874
2026-09-17,BKK,departure,11:10,TPE Taipei,BR62,EVA Air,3h 55m,True,2026-02-12T10:13:30.814501
2026-09-17,BKK,departure,11:10,CNX Chiang Mai,FD4100,Thai AirAsia,1h 20m,True,2026-02-12T10:13:30.900550
2026-09-17,BKK,departure,11:15,SIN Singapore,TG413,Thai Airways,2h 15m,True,2026-02-12T10:13:30.984629
2026-09-17,BKK,departure,11:20,CAN Guangzhou,CZ358,China Southern,2h 50m,True,2026-02-12T10:13:31.074757
2026-09-17,BKK,departure,11:20,NAW Narathiwat,FD4252,Thai AirAsia,1h 35m,True,2026-02-12T10:13:31.169621
2026-09-17,BKK,departure,11:20,SHJ Sharjah,G9824,Air Arabia,6h 25m,True,2026-02-12T10:13:31.264683
2026-09-17,BKK,departure,11:20,SGN Ho Chi Minh City,VN600,Vietnam Airlines,1h 45m,True,2026-02-12T10:13:31.359220
2026-09-17,BKK,departure,11:25,MNL Manila,5J930,Cebu Pacific,3h 50m,True,2026-02-12T10:13:31.445065
2026-09-17,BKK,departure,11:25,CDG Paris,AF199,Air France,12h 25m,True,2026-02-12T10:13:31.531210
2026-09-17,BKK,departure,11:25,KKC Khon Kaen,FD4501,Thai AirAsia,1h 10m,True,2026-02-12T10:13:31.623756
2026-09-17,BKK,departure,11:25,VTE Vientiane,TG570,Thai Airways,1h 15m,True,2026-02-12T10:13:31.703710
2026-09-17,BKK,departure,11:30,MDL Mandalay,8M338,MAI,1h 50m,True,2026-02-12T10:13:31.788386
2026-09-17,BKK,departure,11:30,XIY Xian,9C6300,Spring Airlines,3h 50m,True,2026-02-12T10:13:31.871212
2026-09-17,BKK,departure,11:30,SGN Ho Chi Minh City,VJ802,VietJet,1h 30m,True,2026-02-12T10:13:31.959430
2026-09-17,BKK,departure,11:35,KTI Phnom Penh,KR702,Cambodia Airways,1h 15m,True,2026-02-12T10:13:32.043739
2026-09-17,BKK,departure,11:35,CEI Chiang Rai,TG132,Thai Airways,1h 35m,True,2026-02-12T10:13:32.129479
2026-09-17,BKK,departure,11:40,TDX Trat,PG305,Bangkok Airways,1h 0m,True,2026-02-12T10:13:32.214169
2026-09-17,BKK,departure,11:40,USM Koh Samui,PG133,Bangkok Airways,1h 5m,True,2026-02-12T10:13:32.301464
2026-09-17,BKK,departure,11:40,CNX Chiang Mai,TG106,Thai Airways,1h 20m,True,2026-02-12T10:13:32.385885
2026-09-17,BKK,departure,11:45,NNG Nanning,9C7486,Spring Airlines,2h 20m,True,2026-02-12T10:13:32.467158
2026-09-17,BKK,departure,11:45,CKG Chongqing,HU424,Hainan Airlines,3h 20m,True,2026-02-12T10:13:32.551334
2026-09-17,BKK,departure,11:45,KHH Kaohsiung,TG630,Thai Airways,3h 30m,True,2026-02-12T10:13:32.637427
2026-09-17,BKK,departure,11:50,PVG Shanghai,FM854,Shanghai Airlines,4h 20m,True,2026-02-12T10:13:32.721656
2026-09-17,BKK,departure,11:55,HYD Hyderabad,6E1068,IndiGo,3h 30m,True,2026-02-12T10:13:32.808341
2026-09-17,BKK,departure,11:55,KWI Kuwait,KU412,Kuwait Airways,7h 20m,True,2026-02-12T10:13:32.891079
2026-09-17,BKK,departure,11:55,HAN Hanoi,VN610,Vietnam Airlines,1h 55m,True,2026-02-12T10:13:32.974942
2026-09-17,BKK,departure,12:00,FOC Fuzhou,9C7302,Spring Airlines,3h 30m,True,2026-02-12T10:13:33.185823
2026-09-17,BKK,departure,12:05,HKG Hong Kong,CX774,Cathay Pacific,3h 10m,True,2026-02-12T10:13:33.264499
2026-09-17,BKK,departure,12:05,AMS Amsterdam,KL844,KLM,12h 5m,True,2026-02-12T10:13:33.344480
2026-09-17,BKK,departure,12:10,SZX Shenzhen,ZH310,Shenzhen Airlines,2h 55m,True,2026-02-12T10:13:33.424571
2026-09-17,BKK,departure,12:15,AMS Amsterdam,BR75,EVA Air,12h 10m,True,2026-02-12T10:13:33.504130
2026-09-17,BKK,departure,12:15,SWA Jieyang,CZ8356,China Southern,3h 5m,True,2026-02-12T10:13:33.588142
2026-09-17,BKK,departure,12:15,XMN Xiamen,MF854,XiamenAir,3h 15m,True,2026-02-12T10:13:33.674074
2026-09-17,BKK,departure,12:15,SIN Singapore,SQ707,Singapore Airlines,2h 35m,True,2026-02-12T10:13:33.768044
2026-09-17,BKK,departure,12:15,UTH Udon Thani,TG4,Thai Airways,1h 10m,True,2026-02-12T10:13:33.854941
2026-09-17,BKK,departure,12:20,BLR Bengaluru,6E1056,IndiGo,3h 40m,True,2026-02-12T10:13:33.942375
2026-09-17,BKK,departure,12:20,CNX Chiang Mai,FD4118,Thai AirAsia,1h 20m,True,2026-02-12T10:13:34.024488
2026-09-17,BKK,departure,12:20,HKT Phuket,FD4110,Thai AirAsia,1h 35m,True,2026-02-12T10:13:34.109916
2026-09-17,BKK,departure,12:20,ICN Seoul,OZ744,Asiana,5h 20m,True,2026-02-12T10:13:34.192211
2026-09-17,BKK,departure,12:20,CNX Chiang Mai,VZ110,Vietjet Thailand,1h 20m,True,2026-02-12T10:13:34.276611
2026-09-17,BKK,departure,12:25,TPE Taipei,BR212,EVA Air,3h 50m,True,2026-02-12T10:13:34.352321
2026-09-17,BKK,departure,12:25,CNX Chiang Mai,PG217,Bangkok Airways,1h 20m,True,2026-02-12T10:13:34.440244
2026-09-17,BKK,departure,12:25,FRA Frankfurt,TG922,Thai Airways,11h 35m,True,2026-02-12T10:13:34.518973
2026-09-17,BKK,departure,12:30,HKG Hong Kong,CX754,Cathay Pacific,3h 10m,True,2026-02-12T10:13:34.599167
2026-09-17,BKK,departure,12:30,HDY Hat Yai,TG263,Thai Airways,1h 30m,True,2026-02-12T10:13:34.681244
2026-09-17,BKK,departure,12:35,ZRH Zurich,LX181,SWISS,12h 0m,True,2026-02-12T10:13:34.767123
2026-09-17,BKK,departure,12:35,HKT Phuket,PG273,Bangkok Airways,1h 30m,True,2026-02-12T10:13:34.853791
2026-09-17,BKK,departure,12:40,CAN Guangzhou,CZ8080,China Southern,3h 0m,True,2026-02-12T10:13:34.935813
2026-09-17,BKK,departure,12:40,SZX Shenzhen,CZ8076,China Southern,3h 0m,True,2026-02-12T10:13:35.020310
2026-09-17,BKK,departure,12:40,USM Koh Samui,PG135,Bangkok Airways,1h 5m,True,2026-02-12T10:13:35.112873
2026-09-17,BKK,departure,12:40,DPS Denpasar,TG439,Thai Airways,4h 20m,True,2026-02-12T10:13:35.196941
2026-09-17,BKK,departure,12:40,TPE Taipei,TG634,Thai Airways,3h 40m,True,2026-02-12T10:13:35.284325
2026-09-17,BKK,departure,12:45,LHR London,BR67,EVA Air,12h 35m,True,2026-02-12T10:13:35.372500
2026-09-17,BKK,departure,12:45,LHR London,TG916,Thai Airways,12h 30m,True,2026-02-12T10:13:35.457856
2026-09-17,BKK,departure,12:50,HGH Hangzhou,JD420,Capital Airlines,4h 0m,True,2026-02-12T10:13:35.541495
2026-09-17,BKK,departure,12:55,IKT Irkutsk,SU659,Aeroflot,6h 20m,True,2026-02-12T10:13:35.630699
2026-09-17,BKK,departure,13:00,HND Tokyo,TG660,Thai Airways,6h 10m,True,2026-02-12T10:13:35.714797
2026-09-17,BKK,departure,13:05,NST Nakhon Si Thammarat,VZ334,Vietjet Thailand,1h 20m,True,2026-02-12T10:13:35.852392
2026-09-17,BKK,departure,13:10,TPE Taipei,JX742,Starlux,3h 50m,True,2026-02-12T10:13:36.014669
2026-09-17,BKK,departure,13:10,HKT Phuket,VZ2300,Vietjet Thailand,1h 30m,True,2026-02-12T10:13:36.130623
2026-09-17,BKK,departure,13:15,SVO Moscow,SU273,Aeroflot,9h 45m,True,2026-02-12T10:13:36.244052
2026-09-17,BKK,departure,13:15,UTH Udon Thani,VZ204,Vietjet Thailand,1h 10m,True,2026-02-12T10:13:36.357174
2026-09-17,BKK,departure,13:20,TPE Taipei,CI832,China Airlines,3h 40m,True,2026-02-12T10:13:36.469000
2026-09-17,BKK,departure,13:20,KMG Kunming,MU6088,China Eastern,2h 25m,True,2026-02-12T10:13:36.583585
2026-09-17,BKK,departure,13:25,MNL Manila,PR731,PAL,3h 35m,True,2026-02-12T10:13:36.702601
2026-09-17,BKK,departure,13:25,CEI Chiang Rai,VZ132,Vietjet Thailand,1h 25m,True,2026-02-12T10:13:36.821816
2026-09-17,BKK,departure,13:30,CNX Chiang Mai,TG110,Thai Airways,1h 20m,True,2026-02-12T10:13:36.934725
2026-09-17,BKK,departure,13:35,PVG Shanghai,MU542,China Eastern,4h 40m,True,2026-02-12T10:13:37.048234
2026-09-17,BKK,departure,13:35,KTI Phnom Penh,TK52,Turkish Airlines,1h 30m,True,2026-02-12T10:13:37.166100
2026-09-17,BKK,departure,13:40,USM Koh Samui,PG145,Bangkok Airways,1h 5m,True,2026-02-12T10:13:37.278287
2026-09-17,BKK,departure,13:40,CNX Chiang Mai,VZ106,Vietjet Thailand,1h 20m,True,2026-02-12T10:13:37.393510
2026-09-17,BKK,departure,13:45,TFU Chengdu,9C7502,Spring Airlines,3h 15m,True,2026-02-12T10:13:37.510797
2026-09-17,BKK,departure,13:45,CAN Guangzhou,CZ8100,China Southern,3h 0m,True,2026-02-12T10:13:37.625815
2026-09-17,BKK,departure,13:50,PVG Shanghai,9C7422,Spring Airlines,4h 15m,True,2026-02-12T10:13:37.755211
2026-09-17,BKK,departure,13:50,PEK Beijing,HU430,Hainan Airlines,5h 5m,True,2026-02-12T10:13:37.885990
2026-09-17,BKK,departure,13:50,SIN Singapore,TG407,Thai Airways,2h 15m,True,2026-02-12T10:13:37.992313
2026-09-17,BKK,departure,13:50,SGN Ho Chi Minh City,VJ804,VietJet,1h 30m,True,2026-02-12T10:13:38.094170
2026-09-17,BKK,departure,13:55,HND Tokyo,NH878,ANA,6h 20m,True,2026-02-12T10:13:38.198229
2026-09-17,BKK,departure,13:55,USM Koh Samui,PG149,Bangkok Airways,1h 30m,True,2026-02-12T10:13:38.300333
2026-09-17,BKK,departure,13:55,HKT Phuket,TG211,Thai Airways,1h 30m,True,2026-02-12T10:13:38.678896
2026-09-17,BKK,departure,13:55,CMB Colombo,UL405,SriLankan Airlines,3h 20m,True,2026-02-12T10:13:38.769693
2026-09-17,BKK,departure,14:00,HKG Hong Kong,TG638,Thai Airways,2h 45m,True,2026-02-12T10:13:38.851322
2026-09-17,BKK,departure,14:00,HAN Hanoi,VJ902,VietJet,1h 50m,True,2026-02-12T10:13:38.932622
2026-09-17,BKK,departure,14:05,XIY Xian,9C6294,Spring Airlines,3h 50m,True,2026-02-12T10:13:39.012547
2026-09-17,BKK,departure,14:05,USM Koh Samui,PG147,Bangkok Airways,1h 5m,True,2026-02-12T10:13:39.094721
2026-09-17,BKK,departure,14:10,KKC Khon Kaen,TG44,Thai Airways,1h 0m,True,2026-02-12T10:13:39.178010
2026-09-17,BKK,departure,14:15,HKG Hong Kong,EK384,Emirates,3h 0m,True,2026-02-12T10:13:39.260215
2026-09-17,BKK,departure,14:15,CGK Jakarta,ET628,Ethiopian,3h 45m,True,2026-02-12T10:13:39.339708
2026-09-17,BKK,departure,14:15,CGK Jakarta,GA867,Garuda Indonesia,3h 35m,True,2026-02-12T10:13:39.430174
2026-09-17,BKK,departure,14:15,KUL Kuala Lumpur,MH789,Malaysia Airlines,2h 15m,True,2026-02-12T10:13:39.512704
2026-09-17,BKK,departure,14:20,CGK Jakarta,TG435,Thai Airways,3h 35m,True,2026-02-12T10:13:39.594297
2026-09-17,BKK,departure,14:20,MNL Manila,TG624,Thai Airways,3h 25m,True,2026-02-12T10:13:39.679310
2026-09-17,BKK,departure,14:25,NGB Ningbo,9C7432,Spring Airlines,4h 15m,True,2026-02-12T10:13:39.762258
2026-09-17,BKK,departure,14:25,SGN Ho Chi Minh City,VN604,Vietnam Airlines,1h 50m,True,2026-02-12T10:13:39.951261
2026-09-17,BKK,departure,14:30,CEI Chiang Rai,FD4152,Thai AirAsia,1h 25m,True,2026-02-12T10:13:40.031357
2026-09-17,BKK,departure,14:30,SGN Ho Chi Minh City,VU130,Vietravel Airlines,1h 40m,True,2026-02-12T10:13:40.114313
2026-09-17,BKK,departure,14:30,KBV Krabi,VZ342,Vietjet Thailand,1h 25m,True,2026-02-12T10:13:40.203810
2026-09-17,BKK,departure,14:35,KBV Krabi,FD4400,Thai AirAsia,1h 35m,True,2026-02-12T10:13:40.285887
2026-09-17,BKK,departure,14:35,PQC Phu Quoc,VZ982,Vietjet Thailand,1h 20m,True,2026-02-12T10:13:40.370942
2026-09-17,BKK,departure,14:40,DAC Dhaka,BS218,US-Bangla Airlines,2h 40m,True,2026-02-12T10:13:40.454491
2026-09-17,BKK,departure,14:40,PNQ Pune,IX241,Air India Express,4h 15m,True,2026-02-12T10:13:40.544262
2026-09-17,BKK,departure,14:40,USM Koh Samui,PG151,Bangkok Airways,1h 5m,True,2026-02-12T10:13:40.628440
2026-09-17,BKK,departure,14:45,BOM Mumbai,AI2353,Air India,4h 40m,True,2026-02-12T10:13:40.714916
2026-09-17,BKK,departure,14:45,HKT Phuket,FD4112,Thai AirAsia,1h 30m,True,2026-02-12T10:13:40.797941
2026-09-17,BKK,departure,14:45,HKT Phuket,TG215,Thai Airways,1h 30m,True,2026-02-12T10:13:40.886497
2026-09-17,BKK,departure,14:45,UBP Ubon Ratchathani,VZ224,Vietjet Thailand,1h 10m,True,2026-02-12T10:13:40.969314
2026-09-17,BKK,departure,14:50,KTI Phnom Penh,K6725,Air Cambodia,1h 10m,True,2026-02-12T10:13:41.054332
2026-09-17,BKK,departure,14:55,CNX Chiang Mai,TG112,Thai Airways,1h 20m,True,2026-02-12T10:13:41.139673
2026-09-17,BKK,departure,15:00,SWA Jieyang,9C6194,Spring Airlines,2h 55m,True,2026-02-12T10:13:41.228403
2026-09-17,BKK,departure,15:00,HKG Hong Kong,CX654,Cathay Pacific,3h 5m,True,2026-02-12T10:13:41.311511
2026-09-17,BKK,departure,15:00,USM Koh Samui,PG157,Bangkok Airways,1h 30m,True,2026-02-12T10:13:41.397985
2026-09-17,BKK,departure,15:05,CAN Guangzhou,CZ5096,China Southern,3h 0m,True,2026-02-12T10:13:41.483109
2026-09-17,BKK,departure,15:05,AUH Abu Dhabi,EY405,Etihad,7h 15m,True,2026-02-12T10:13:41.569163
2026-09-17,BKK,departure,15:05,CAN Guangzhou,KQ886,Kenya Airways,2h 55m,True,2026-02-12T10:13:41.652491
2026-09-17,BKK,departure,15:10,TPE Taipei,BR202,EVA Air,3h 50m,True,2026-02-12T10:13:41.749423
2026-09-17,BKK,departure,15:15,DEL Delhi,AI2356,Air India,4h 30m,True,2026-02-12T10:13:41.841429
2026-09-17,BKK,departure,15:20,MFM Macau,NX935,Air Macau,2h 30m,True,2026-02-12T10:13:41.926984
2026-09-17,BKK,departure,15:25,RUH Riyadh,SV847,Saudia,7h 25m,True,2026-02-12T10:13:42.018200
2026-09-17,BKK,departure,15:25,SIN Singapore,TR605,Scoot,2h 30m,True,2026-02-12T10:13:42.102830
2026-09-17,BKK,departure,15:25,CNX Chiang Mai,VZ108,Vietjet Thailand,1h 20m,True,2026-02-12T10:13:42.189626
2026-09-17,BKK,departure,15:25,HKT Phuket,VZ306,Vietjet Thailand,1h 30m,True,2026-02-12T10:13:42.277059
2026-09-17,BKK,departure,15:30,BFV Buri Ram,FD4511,Thai AirAsia,1h 5m,True,2026-02-12T10:13:42.353839
2026-09-17,BKK,departure,15:30,USM Koh Samui,PG165,Bangkok Airways,1h 5m,True,2026-02-12T10:13:42.433897
2026-09-17,BKK,departure,15:30,SIN Singapore,SQ709,Singapore Airlines,2h 30m,True,2026-02-12T10:13:42.515696
2026-09-17,BKK,departure,15:30,UTH Udon Thani,VZ202,Vietjet Thailand,1h 10m,True,2026-02-12T10:13:42.602448
2026-09-17,BKK,departure,15:40,RGN Yangon,8M334,MAI,1h 20m,True,2026-02-12T10:13:42.685918
2026-09-17,BKK,departure,15:40,CNX Chiang Mai,FD4102,Thai AirAsia,1h 15m,True,2026-02-12T10:13:42.768513
2026-09-17,BKK,departure,15:45,LJG Lijiang,DR5042,Ruili Airlines,2h 40m,True,2026-02-12T10:13:42.853777
2026-09-17,BKK,departure,15:45,USM Koh Samui,PG171,Bangkok Airways,1h 5m,True,2026-02-12T10:13:42.936094
2026-09-17,BKK,departure,15:45,HKG Hong Kong,UA821,United,3h 0m,True,2026-02-12T10:13:43.018013
2026-09-17,BKK,departure,15:45,SGN Ho Chi Minh City,VJ800,VietJet,1h 30m,True,2026-02-12T10:13:43.101338
2026-09-17,BKK,departure,15:50,PVG Shanghai,9C7280,Spring Airlines,4h 25m,True,2026-02-12T10:13:43.185881
2026-09-17,BKK,departure,15:50,NKG Nanjing,JD620,Capital Airlines,4h 5m,True,2026-02-12T10:13:43.283079
2026-09-17,BKK,departure,15:50,KHV Khabarovsk,SU655,Aeroflot,6h 40m,True,2026-02-12T10:13:43.366013
2026-09-17,BKK,departure,15:50,DAD Da Nang,VZ962,Vietjet Thailand,1h 40m,True,2026-02-12T10:13:43.451739
2026-09-17,BKK,departure,15:55,CAN Guangzhou,CZ3082,China Southern,3h 5m,True,2026-02-12T10:13:43.544389
2026-09-17,BKK,departure,15:55,HKG Hong Kong,HX776,Hong Kong Airlines,3h 0m,True,2026-02-12T10:13:43.627011
2026-09-17,BKK,departure,15:55,KMG Kunming,MU742,China Eastern,2h 30m,True,2026-02-12T10:13:43.716102
2026-09-17,BKK,departure,15:55,HAN Hanoi,VN614,Vietnam Airlines,1h 55m,True,2026-02-12T10:13:43.797058
2026-09-17,BKK,departure,16:00,THS Sukhothai,PG213,Bangkok Airways,1h 20m,True,2026-02-12T10:13:43.879979
2026-09-17,BKK,departure,16:00,USM Koh Samui,PG167,Bangkok Airways,1h 5m,True,2026-02-12T10:13:43.971000
2026-09-17,BKK,departure,16:00,KJA Krasnojarsk,SU815,Aeroflot,7h 0m,True,2026-02-12T10:13:44.059027
2026-09-17,BKK,departure,16:00,UBP Ubon Ratchathani,TG28,Thai Airways,1h 10m,True,2026-02-12T10:13:44.142918
2026-09-17,BKK,departure,16:05,TLV Tel Aviv-Yafo,LY84,El Al,10h 50m,True,2026-02-12T10:13:44.228404
2026-09-17,BKK,departure,16:10,HDY Hat Yai,FD4204,Thai AirAsia,1h 30m,True,2026-02-12T10:13:44.316208
2026-09-17,BKK,departure,16:15,DAC Dhaka,BG389,Biman,2h 45m,True,2026-02-12T10:13:44.399225
2026-09-17,BKK,departure,16:15,TDX Trat,PG307,Bangkok Airways,1h 0m,True,2026-02-12T10:13:44.481352
2026-09-17,BKK,departure,16:15,USM Koh Samui,PG159,Bangkok Airways,1h 35m,True,2026-02-12T10:13:44.568277
2026-09-17,BKK,departure,16:15,HKG Hong Kong,UO701,HK Express,3h 0m,True,2026-02-12T10:13:44.703360
2026-09-17,BKK,departure,16:20,KTI Phnom Penh,KR704,Cambodia Airways,1h 30m,True,2026-02-12T10:13:44.863946
2026-09-17,BKK,departure,16:25,HKG Hong Kong,CX706,Cathay Pacific,3h 0m,True,2026-02-12T10:13:44.978912
2026-09-17,BKK,departure,16:25,SIN Singapore,TG409,Thai Airways,2h 15m,True,2026-02-12T10:13:45.097811
2026-09-17,BKK,departure,16:35,CNX Chiang Mai,FD4108,Thai AirAsia,1h 20m,True,2026-02-12T10:13:45.220024
2026-09-17,BKK,departure,16:35,NOU Noumea,SB501,Aircalin,9h 55m,True,2026-02-12T10:13:45.336028
2026-09-17,BKK,departure,16:40,USM Koh Samui,PG169,Bangkok Airways,1h 5m,True,2026-02-12T10:13:45.450842
2026-09-17,BKK,departure,16:40,KUL Kuala Lumpur,TG417,Thai Airways,2h 10m,True,2026-02-12T10:13:45.568347
2026-09-17,BKK,departure,16:45,KWE Guiyang,AQ1208,9 Air,2h 5m,True,2026-02-12T10:13:45.683671
2026-09-17,BKK,departure,16:45,TPE Taipei,BR68,EVA Air,3h 45m,True,2026-02-12T10:13:45.803078
2026-09-17,BKK,departure,16:50,PVG Shanghai,FM834,Shanghai Airlines,4h 35m,True,2026-02-12T10:13:45.923010
2026-09-17,BKK,departure,17:00,HKT Phuket,PG277,Bangkok Airways,1h 30m,True,2026-02-12T10:13:46.043266
2026-09-17,BKK,departure,17:00,IKT Irkutsk,S76310,S7 Airlines,6h 25m,True,2026-02-12T10:13:46.159150
2026-09-17,BKK,departure,17:00,CEI Chiang Rai,TG136,Thai Airways,1h 20m,True,2026-02-12T10:13:46.279217
2026-09-17,BKK,departure,17:00,KTI Phnom Penh,VZ722,Vietjet Thailand,1h 15m,True,2026-02-12T10:13:46.397078
2026-09-17,BKK,departure,17:05,HKT Phuket,TG217,Thai Airways,1h 30m,True,2026-02-12T10:13:46.513989
2026-09-17,BKK,departure,17:05,RGN Yangon,TG303,Thai Airways,1h 25m,True,2026-02-12T10:13:46.744883
2026-09-17,BKK,departure,17:05,URT Surat Thani,VZ352,Vietjet Thailand,1h 15m,True,2026-02-12T10:13:46.849826
2026-09-17,BKK,departure,17:10,DEL Delhi,6E1054,IndiGo,4h 20m,True,2026-02-12T10:13:46.956773
2026-09-17,BKK,departure,17:10,LYA Luoyang,UQ2642,Urumqi Airlines,4h 10m,True,2026-02-12T10:13:47.058364
2026-09-17,BKK,departure,17:15,KUL Kuala Lumpur,MH783,Malaysia Airlines,2h 15m,True,2026-02-12T10:13:47.178280
2026-09-17,BKK,departure,17:15,TPE Taipei,TG636,Thai Airways,3h 55m,True,2026-02-12T10:13:47.560005
2026-09-17,BKK,departure,17:20,KTI Phnom Penh,PG935,Bangkok Airways,1h 15m,True,2026-02-12T10:13:47.652244
2026-09-17,BKK,departure,17:25,SZX Shenzhen,CZ8324,China Southern,3h 15m,True,2026-02-12T10:13:47.740658
2026-09-17,BKK,departure,17:25,SAI Siem Reap,PG907,Bangkok Airways,1h 20m,True,2026-02-12T10:13:47.823010
2026-09-17,BKK,departure,17:30,TPE Taipei,CI836,China Airlines,3h 35m,True,2026-02-12T10:13:47.902492
2026-09-17,BKK,departure,17:30,HKG Hong Kong,CX708,Cathay Pacific,3h 0m,True,2026-02-12T10:13:47.986774
2026-09-17,BKK,departure,17:30,HGH Hangzhou,GJ8022,Loong Air,4h 5m,True,2026-02-12T10:13:48.068397
2026-09-17,BKK,departure,17:30,USM Koh Samui,PG173,Bangkok Airways,1h 10m,True,2026-02-12T10:13:48.155180
2026-09-17,BKK,departure,17:30,HKT Phuket,VZ2304,Vietjet Thailand,1h 30m,True,2026-02-12T10:13:48.235004
2026-09-17,BKK,departure,17:30,KKC Khon Kaen,VZ214,Vietjet Thailand,1h 5m,True,2026-02-12T10:13:48.320489
2026-09-17,BKK,departure,17:35,KKC Khon Kaen,TG46,Thai Airways,1h 0m,True,2026-02-12T10:13:48.407207
2026-09-17,BKK,departure,17:35,SGN Ho Chi Minh City,TG556,Thai Airways,1h 30m,True,2026-02-12T10:13:48.491066
2026-09-17,BKK,departure,17:40,HKT Phuket,FD4122,Thai AirAsia,1h 30m,True,2026-02-12T10:13:48.579357
2026-09-17,BKK,departure,17:40,XMN Xiamen,MF834,XiamenAir,3h 25m,True,2026-02-12T10:13:48.668312
2026-09-17,BKK,departure,17:45,CGK Jakarta,GA869,Garuda Indonesia,3h 40m,True,2026-02-12T10:13:48.752502
2026-09-17,BKK,departure,17:50,TPE Taipei,JX746,Starlux,3h 50m,True,2026-02-12T10:13:48.842680
2026-09-17,BKK,departure,17:50,CNX Chiang Mai,PG219,Bangkok Airways,1h 20m,True,2026-02-12T10:13:48.924511
2026-09-17,BKK,departure,17:50,HAN Hanoi,TG564,Thai Airways,1h 50m,True,2026-02-12T10:13:49.013773
2026-09-17,BKK,departure,17:55,DEL Delhi,AI2335,Air India,4h 30m,True,2026-02-12T10:13:49.097180
2026-09-17,BKK,departure,17:55,CNX Chiang Mai,VZ122,Vietjet Thailand,1h 20m,True,2026-02-12T10:13:49.180312
2026-09-17,BKK,departure,18:00,SIN Singapore,TR611,Scoot,2h 25m,True,2026-02-12T10:13:49.267510
2026-09-17,BKK,departure,18:00,CEI Chiang Rai,VZ134,Vietjet Thailand,1h 25m,True,2026-02-12T10:13:49.355818
2026-09-17,BKK,departure,18:05,TFU Chengdu,3U3936,Sichuan Airlines,3h 5m,True,2026-02-12T10:13:49.440520
2026-09-17,BKK,departure,18:05,CAN Guangzhou,CZ8024,China Southern,3h 10m,True,2026-02-12T10:13:49.522876
2026-09-17,BKK,departure,18:05,DAD Da Nang,VN626,Vietnam Airlines,1h 40m,True,2026-02-12T10:13:49.610255
2026-09-17,BKK,departure,18:10,SYD Sydney,QF24,Qantas,9h 15m,True,2026-02-12T10:13:49.696989
2026-09-17,BKK,departure,18:10,TAO Qingdao,QW918,Qingdao Airlines,4h 45m,True,2026-02-12T10:13:49.789751
2026-09-17,BKK,departure,18:10,HKG Hong Kong,TG602,Thai Airways,2h 50m,True,2026-02-12T10:13:49.877961
2026-09-17,BKK,departure,18:20,TFU Chengdu,CA472,Air China,3h 15m,True,2026-02-12T10:13:49.961873
2026-09-17,BKK,departure,18:20,KHH Kaohsiung,CI840,China Airlines,3h 30m,True,2026-02-12T10:13:50.049250
2026-09-17,BKK,departure,18:20,HKT Phuket,FD4114,Thai AirAsia,1h 30m,True,2026-02-12T10:13:50.131329
2026-09-17,BKK,departure,18:25,SHJ Sharjah,G9817,Air Arabia,6h 25m,True,2026-02-12T10:13:50.222770
2026-09-17,BKK,departure,18:25,TAO Qingdao,QW9898,Qingdao Airlines,4h 15m,True,2026-02-12T10:13:50.303517
2026-09-17,BKK,departure,18:25,KBV Krabi,TG249,Thai Airways,1h 20m,True,2026-02-12T10:13:50.387283
2026-09-17,BKK,departure,18:25,VTE Vientiane,TG574,Thai Airways,1h 20m,True,2026-02-12T10:13:50.475764
2026-09-17,BKK,departure,18:30,SIN Singapore,SQ711,Singapore Airlines,2h 25m,True,2026-02-12T10:13:50.556266
2026-09-17,BKK,departure,18:30,HDY Hat Yai,TG267,Thai Airways,1h 30m,True,2026-02-12T10:13:50.636057
2026-09-17,BKK,departure,18:35,UTH Udon Thani,FD4352,Thai AirAsia,1h 15m,True,2026-02-12T10:13:50.718720
2026-09-17,BKK,departure,18:35,KTI Phnom Penh,TG584,Thai Airways,1h 20m,True,2026-02-12T10:13:50.802626
2026-09-17,BKK,departure,18:40,KBV Krabi,FD4408,Thai AirAsia,1h 35m,True,2026-02-12T10:13:50.884530
2026-09-17,BKK,departure,18:40,KUL Kuala Lumpur,MH775,Malaysia Airlines,2h 15m,True,2026-02-12T10:13:50.966218
2026-09-17,BKK,departure,18:45,HAN Hanoi,VJ904,VietJet,1h 40m,True,2026-02-12T10:13:51.050352
2026-09-17,BKK,departure,18:45,KBV Krabi,VZ344,Vietjet Thailand,1h 25m,True,2026-02-12T10:13:51.135719
2026-09-17,BKK,departure,18:50,PVG Shanghai,9C8892,Spring Airlines,4h 40m,True,2026-02-12T10:13:51.218578
2026-09-17,BKK,departure,18:50,DEL Delhi,TG315,Thai Airways,4h 30m,True,2026-02-12T10:13:51.300512
2026-09-17,BKK,departure,18:55,BOM Mumbai,TG317,Thai Airways,4h 30m,True,2026-02-12T10:13:51.380458
2026-09-17,BKK,departure,19:00,HKG Hong Kong,CX704,Cathay Pacific,2h 55m,True,2026-02-12T10:13:51.461455
2026-09-17,BKK,departure,19:00,CAN Guangzhou,CZ364,China Southern,3h 10m,True,2026-02-12T10:13:51.544082
2026-09-17,BKK,departure,19:00,KHI Karachi,TG341,Thai Airways,5h 0m,True,2026-02-12T10:13:51.624660
2026-09-17,BKK,departure,19:00,CNX Chiang Mai,VZ2106,Vietjet Thailand,1h 20m,True,2026-02-12T10:13:51.705850
2026-09-17,BKK,departure,19:05,HAN Hanoi,VN618,Vietnam Airlines,1h 55m,True,2026-02-12T10:13:51.794274
2026-09-17,BKK,departure,19:10,KKC Khon Kaen,FD4503,Thai AirAsia,1h 10m,True,2026-02-12T10:13:51.878514
2026-09-17,BKK,departure,19:10,PVG Shanghai,FM856,Shanghai Airlines,4h 55m,True,2026-02-12T10:13:51.961110
2026-09-17,BKK,departure,19:10,HKT Phuket,TG221,Thai Airways,1h 30m,True,2026-02-12T10:13:52.043304
2026-09-17,BKK,departure,19:10,SIN Singapore,TG401,Thai Airways,2h 20m,True,2026-02-12T10:13:52.126786
2026-09-17,BKK,departure,19:10,MCT Muscat,WY816,Oman Air,5h 50m,True,2026-02-12T10:13:52.208943
2026-09-17,BKK,departure,19:15,CNX Chiang Mai,TG120,Thai Airways,1h 15m,True,2026-02-12T10:13:52.294356
2026-09-17,BKK,departure,19:20,RGN Yangon,8M332,MAI,1h 20m,True,2026-02-12T10:13:52.379242
2026-09-17,BKK,departure,19:20,HAK Haikou,HU722,Hainan Airlines,2h 25m,True,2026-02-12T10:13:52.469184
2026-09-17,BKK,departure,19:20,USM Koh Samui,PG185,Bangkok Airways,1h 30m,True,2026-02-12T10:13:52.553729
2026-09-17,BKK,departure,19:20,PEN Penang,TG425,Thai Airways,1h 50m,True,2026-02-12T10:13:52.638130
2026-09-17,BKK,departure,19:25,USM Koh Samui,PG183,Bangkok Airways,1h 5m,True,2026-02-12T10:13:52.719148
2026-09-17,BKK,departure,19:30,KMG Kunming,KY8370,Kunming Airlines,2h 35m,True,2026-02-12T10:13:52.807198
2026-09-17,BKK,departure,19:30,MNL Manila,PR737,PAL,3h 35m,True,2026-02-12T10:13:52.891326
2026-09-17,BKK,departure,19:30,SGN Ho Chi Minh City,VN606,Vietnam Airlines,1h 45m,True,2026-02-12T10:13:52.975189
2026-09-17,BKK,departure,19:30,SZX Shenzhen,ZH308,Shenzhen Airlines,2h 55m,True,2026-02-12T10:13:53.061354
2026-09-17,BKK,departure,19:35,PEK Beijing,CA960,Air China,4h 50m,True,2026-02-12T10:13:53.254628
2026-09-17,BKK,departure,19:40,MEL Melbourne,TG465,Thai Airways,8h 50m,True,2026-02-12T10:13:53.480473
2026-09-17,BKK,departure,19:40,HKT Phuket,VZ308,Vietjet Thailand,1h 30m,True,2026-02-12T10:13:53.584467
2026-09-17,BKK,departure,19:45,KUL Kuala Lumpur,MH781,Malaysia Airlines,2h 10m,True,2026-02-12T10:13:53.692078
2026-09-17,BKK,departure,19:45,HKT Phuket,PG279,Bangkok Airways,1h 30m,True,2026-02-12T10:13:53.802612
2026-09-17,BKK,departure,19:45,UTH Udon Thani,TG8,Thai Airways,1h 10m,True,2026-02-12T10:13:53.911394
2026-09-17,BKK,departure,19:45,HKG Hong Kong,UO703,HK Express,2h 55m,True,2026-02-12T10:13:54.015833
2026-09-17,BKK,departure,19:45,HDY Hat Yai,VZ328,Vietjet Thailand,1h 30m,True,2026-02-12T10:13:54.124397
2026-09-17,BKK,departure,19:50,LHE Lahore,TG345,Thai Airways,4h 40m,True,2026-02-12T10:13:54.235972
2026-09-17,BKK,departure,19:55,CKG Chongqing,3U3772,Sichuan Airlines,3h 15m,True,2026-02-12T10:13:54.342363
2026-09-17,BKK,departure,19:55,SGN Ho Chi Minh City,VJ806,VietJet,1h 30m,True,2026-02-12T10:13:54.458517
2026-09-17,BKK,departure,20:00,DOH Doha,QR835,Qatar Airways,6h 35m,True,2026-02-12T10:13:54.568270
2026-09-17,BKK,departure,20:00,AMD Ahmedabad,VZ750,Vietjet Thailand,4h 25m,True,2026-02-12T10:13:54.679144
2026-09-17,BKK,departure,20:00,TPE Taipei,VZ570,Vietjet Thailand,3h 50m,True,2026-02-12T10:13:54.792096
2026-09-17,BKK,departure,20:05,USM Koh Samui,PG193,Bangkok Airways,1h 30m,True,2026-02-12T10:13:54.911620
2026-09-17,BKK,departure,20:10,SAI Siem Reap,EK370,Emirates,1h 20m,True,2026-02-12T10:13:55.024239
2026-09-17,BKK,departure,20:15,BOM Mumbai,6E1060,IndiGo,4h 25m,True,2026-02-12T10:13:55.135037
2026-09-17,BKK,departure,20:15,CNX Chiang Mai,FD4116,Thai AirAsia,1h 20m,True,2026-02-12T10:13:55.253740
2026-09-17,BKK,departure,20:15,HKT Phuket,FD4419,Thai AirAsia,1h 30m,True,2026-02-12T10:13:55.369156
2026-09-17,BKK,departure,20:15,BAH Bahrain,GF153,Gulf Air,6h 40m,True,2026-02-12T10:13:55.480094
2026-09-17,BKK,departure,20:15,SIN Singapore,SQ713,Singapore Airlines,2h 25m,True,2026-02-12T10:13:55.592714
2026-09-17,BKK,departure,20:20,BOM Mumbai,AI2338,Air India,4h 50m,True,2026-02-12T10:13:55.967362
2026-09-17,BKK,departure,20:20,CAN Guangzhou,CZ8020,China Southern,3h 0m,True,2026-02-12T10:13:56.064598
2026-09-17,BKK,departure,20:35,KMG Kunming,KY8368,Kunming Airlines,2h 5m,True,2026-02-12T10:13:56.151879
2026-09-17,BKK,departure,20:35,SIN Singapore,TR617,Scoot,2h 30m,True,2026-02-12T10:13:56.233751
2026-09-17,BKK,departure,20:40,CNX Chiang Mai,VZ118,Vietjet Thailand,1h 20m,True,2026-02-12T10:13:56.314284
2026-09-17,BKK,departure,20:45,RGN Yangon,8M351,MAI,1h 20m,True,2026-02-12T10:13:56.397643
2026-09-17,BKK,departure,20:50,KMG Kunming,MU9614,China Eastern,2h 30m,True,2026-02-12T10:13:56.478159
2026-09-17,BKK,departure,20:50,VTE Vientiane,QV446,Lao Airlines,1h 0m,True,2026-02-12T10:13:56.561188
2026-09-17,BKK,departure,21:00,AUH Abu Dhabi,EY407,Etihad,6h 30m,True,2026-02-12T10:13:56.642859
2026-09-17,BKK,departure,21:00,AMD Ahmedabad,TG343,Thai Airways,4h 40m,True,2026-02-12T10:13:56.730744
2026-09-17,BKK,departure,21:00,HKT Phuket,VZ312,Vietjet Thailand,1h 30m,True,2026-02-12T10:13:56.809701
2026-09-17,BKK,departure,21:05,DOH Doha,QR829,Qatar Airways,6h 35m,True,2026-02-12T10:13:56.894023
2026-09-17,BKK,departure,21:05,SGN Ho Chi Minh City,VN608,Vietnam Airlines,1h 55m,True,2026-02-12T10:13:56.973979
2026-09-17,BKK,departure,21:05,BOM Mumbai,VZ760,Vietjet Thailand,4h 15m,True,2026-02-12T10:13:57.059572
2026-09-17,BKK,departure,21:15,SIN Singapore,SQ719,Singapore Airlines,2h 20m,True,2026-02-12T10:13:57.144320
2026-09-17,BKK,departure,21:15,KTM Kathmandu,TG309,Thai Airways,3h 25m,True,2026-02-12T10:13:57.230080
2026-09-17,BKK,departure,21:30,HKT Phuket,PG287,Bangkok Airways,1h 30m,True,2026-02-12T10:13:57.313270
2026-09-17,BKK,departure,21:35,DXB Dubai,EK373,Emirates,6h 15m,True,2026-02-12T10:13:57.401533
2026-09-17,BKK,departure,21:35,HND Tokyo,NH850,ANA,6h 25m,True,2026-02-12T10:13:57.487274
2026-09-17,BKK,departure,21:40,TFU Chengdu,EU2868,Chengdu Airlines,3h 0m,True,2026-02-12T10:13:57.572129
2026-09-17,BKK,departure,21:40,BNE Brisbane,JQ66,Jetstar,8h 50m,True,2026-02-12T10:13:57.657210
2026-09-17,BKK,departure,21:40,MEL Melbourne,JQ30,Jetstar,8h 45m,True,2026-02-12T10:13:57.741360
2026-09-17,BKK,departure,21:40,ICN Seoul,KE658,Korean Air,5h 25m,True,2026-02-12T10:13:57.835949
2026-09-17,BKK,departure,21:40,CMB Colombo,TG307,Thai Airways,3h 45m,True,2026-02-12T10:13:57.926778
2026-09-17,BKK,departure,21:40,RGN Yangon,UB18,Myanmar National Airlines,1h 25m,True,2026-02-12T10:13:58.008977
2026-09-17,BKK,departure,21:50,BLR Bengaluru,TG325,Thai Airways,3h 35m,True,2026-02-12T10:13:58.092802
2026-09-17,BKK,departure,21:50,HYD Hyderabad,TG329,Thai Airways,3h 30m,True,2026-02-12T10:13:58.179131
2026-09-17,BKK,departure,21:55,CAN Guangzhou,9C7420,Spring Airlines,3h 5m,True,2026-02-12T10:13:58.262102
2026-09-17,BKK,departure,21:55,PVG Shanghai,FM840,Shanghai Airlines,4h 50m,True,2026-02-12T10:13:58.339945
2026-09-17,BKK,departure,21:55,MAA Chennai,TG337,Thai Airways,3h 20m,True,2026-02-12T10:13:58.419035
2026-09-17,BKK,departure,21:55,CNX Chiang Mai,VZ2104,Vietjet Thailand,1h 20m,True,2026-02-12T10:13:58.503746
2026-09-17,BKK,departure,22:00,HKG Hong Kong,HX766,Hong Kong Airlines,3h 15m,True,2026-02-12T10:13:58.583827
2026-09-17,BKK,departure,22:05,HND Tokyo,JL34,JAL,6h 15m,True,2026-02-12T10:13:58.670170
2026-09-17,BKK,departure,22:10,NRT Tokyo,TG640,Thai Airways,6h 10m,True,2026-02-12T10:13:58.753517
2026-09-17,BKK,departure,22:15,HAN Hanoi,VN616,Vietnam Airlines,1h 55m,True,2026-02-12T10:13:58.844567
2026-09-17,BKK,departure,22:15,HKT Phuket,VZ316,Vietjet Thailand,1h 30m,True,2026-02-12T10:13:58.932947
2026-09-17,BKK,departure,22:20,ICN Seoul,BX728,Air Busan,5h 45m,True,2026-02-12T10:13:59.018087
2026-09-17,BKK,departure,22:20,SYD Sydney,TG471,Thai Airways,9h 0m,True,2026-02-12T10:13:59.100641
2026-09-17,BKK,departure,22:25,DEL Delhi,AI2303,Air India,4h 45m,True,2026-02-12T10:13:59.190710
2026-09-17,BKK,departure,22:25,ICN Seoul,LJ2,Jin Air,5h 40m,True,2026-02-12T10:13:59.270478
2026-09-17,BKK,departure,22:35,FRA Frankfurt,DE2363,Condor,12h 25m,True,2026-02-12T10:13:59.352108
2026-09-17,BKK,departure,22:45,MFM Macau,NX991,Air Macau,2h 45m,True,2026-02-12T10:13:59.434164
2026-09-17,BKK,departure,22:45,HND Tokyo,TG682,Thai Airways,6h 10m,True,2026-02-12T10:13:59.517876
2026-09-17,BKK,departure,22:45,IST Istanbul,TK69,Turkish Airlines,10h 0m,True,2026-02-12T10:13:59.601066
2026-09-17,BKK,departure,22:45,ICN Seoul,YP602,Air Premia,5h 30m,True,2026-02-12T10:13:59.684319
2026-09-17,BKK,departure,22:50,CRK Angeles,5J944,Cebu Pacific,3h 25m,True,2026-02-12T10:13:59.772725
2026-09-17,BKK,departure,22:55,PUS Busan,BX726,Air Busan,5h 25m,True,2026-02-12T10:13:59.862115
2026-09-17,BKK,departure,22:55,MUC Munich,LH773,Lufthansa,11h 20m,True,2026-02-12T10:13:59.942568
2026-09-17,BKK,departure,22:55,SIN Singapore,TR615,Scoot,2h 30m,True,2026-02-12T10:14:00.030481
2026-09-17,BKK,departure,23:10,ICN Seoul,TG658,Thai Airways,5h 25m,True,2026-02-12T10:14:00.239214
2026-09-17,BKK,departure,23:10,NRT Tokyo,ZG52,Zipair,6h 20m,True,2026-02-12T10:14:00.323985
2026-09-17,BKK,departure,23:15,DEL Delhi,TG331,Thai Airways,4h 30m,True,2026-02-12T10:14:00.407133
2026-09-17,BKK,departure,23:15,IST Istanbul,TK53,Turkish Airlines,10h 15m,True,2026-02-12T10:14:00.489192
2026-09-17,BKK,departure,23:25,RGN Yangon,8M373,MAI,1h 20m,True,2026-02-12T10:14:00.567509
2026-09-17,BKK,departure,23:30,ICN Seoul,KE652,Korean Air,5h 25m,True,2026-02-12T10:14:00.660686
2026-09-17,BKK,departure,23:30,ICN Seoul,TG656,Thai Airways,5h 25m,True,2026-02-12T10:14:00.743730
2026-09-17,BKK,departure,23:35,NRT Tokyo,VZ830,Vietjet Thailand,6h 20m,True,2026-02-12T10:14:00.827541
2026-09-17,BKK,departure,23:40,PUS Busan,LJ22,Jin Air,5h 20m,True,2026-02-12T10:14:00.910947
2026-09-17,BKK,departure,23:40,VIE Vienna,OS8,Austrian,10h 55m,True,2026-02-12T10:14:00.994572
2026-09-17,BKK,departure,23:40,MNL Manila,PR733,PAL,3h 25m,True,2026-02-12T10:14:01.079247
2026-09-17,BKK,departure,23:45,CCU Kolkata,TG313,Thai Airways,2h 30m,True,2026-02-12T10:14:01.162192
2026-09-17,BKK,departure,23:45,CTS Sapporo,TG670,Thai Airways,6h 45m,True,2026-02-12T10:14:01.247827
2026-09-17,BKK,departure,23:45,FRA Frankfurt,TG920,Thai Airways,11h 30m,True,2026-02-12T10:14:01.341845
2026-09-17,BKK,departure,23:50,DAC Dhaka,TG339,Thai Airways,2h 35m,True,2026-02-12T10:14:01.425682
2026-09-17,BKK,departure,23:50,IST Istanbul,TG900,Thai Airways,9h 45m,True,2026-02-12T10:14:01.512457
2026-09-17,BKK,departure,23:50,NRT Tokyo,TG642,Thai Airways,6h 20m,True,2026-02-12T10:14:01.598178
2026-09-17,BKK,departure,23:55,TLV Tel Aviv-Yafo,LY82,El Al,10h 50m,True,2026-02-12T10:14:01.684052
2026-09-17,BKK,departure,23:59,KIX Osaka,TG622,Thai Airways,5h 31m,True,2026-02-12T10:14:01.768317
2026-09-17,BKK,arrival,00:00,PVG Shanghai,9C8755,Spring Airlines,5h 5m,True,2026-02-12T10:14:51.080589
2026-09-17,BKK,arrival,00:10,ICN Seoul,7C2503,Jeju Air,6h 5m,True,2026-02-12T10:14:51.168477
2026-09-17,BKK,arrival,00:10,PEK Beijing,CA979,Air China,5h 5m,True,2026-02-12T10:14:51.262197
2026-09-17,BKK,arrival,00:15,TFU Chengdu,3U3937,Sichuan Airlines,3h 20m,True,2026-02-12T10:14:51.352641
2026-09-17,BKK,arrival,00:25,HKG Hong Kong,HX779,Hong Kong Airlines,3h 20m,True,2026-02-12T10:14:51.446030
2026-09-17,BKK,arrival,00:30,PVG Shanghai,HO1351,Juneyao Airlines,4h 35m,True,2026-02-12T10:14:51.537450
2026-09-17,BKK,arrival,00:40,PVG Shanghai,MU547,China Eastern,4h 40m,True,2026-02-12T10:14:51.623020
2026-09-17,BKK,arrival,00:50,HAN Hanoi,ET609,Ethiopian,1h 30m,True,2026-02-12T10:14:51.714179
2026-09-17,BKK,arrival,00:50,HKG Hong Kong,HX759,Hong Kong Airlines,3h 0m,True,2026-02-12T10:14:51.805166
2026-09-17,BKK,arrival,00:50,XMN Xiamen,MF843,XiamenAir,3h 30m,True,2026-02-12T10:14:51.895826
2026-09-17,BKK,arrival,01:05,ICN Seoul,KE655,Korean Air,5h 50m,True,2026-02-12T10:14:51.984324
2026-09-17,BKK,arrival,01:05,TAE Daegu,TW105,T´Way Air,5h 40m,True,2026-02-12T10:14:52.068247
2026-09-17,BKK,arrival,01:10,DAD Da Nang,EK371,Emirates,1h 40m,True,2026-02-12T10:14:52.154835
2026-09-17,BKK,arrival,01:10,NKG Nanjing,MU2803,China Eastern,4h 0m,True,2026-02-12T10:14:52.242604
2026-09-17,BKK,arrival,01:15,CAN Guangzhou,MU2077,China Eastern,3h 10m,True,2026-02-12T10:14:52.329988
2026-09-17,BKK,arrival,01:20,XIY Xian,9C6251,Spring Airlines,4h 10m,True,2026-02-12T10:14:52.417001
2026-09-17,BKK,arrival,01:25,RGN Yangon,8M390,MAI,1h 20m,True,2026-02-12T10:14:52.505703
2026-09-17,BKK,arrival,01:25,TPE Taipei,CI837,China Airlines,3h 45m,True,2026-02-12T10:14:52.604794
2026-09-17,BKK,arrival,01:25,TNA Jinan,SC8075,Shandong Airlines,4h 50m,True,2026-02-12T10:14:52.692298
2026-09-17,BKK,arrival,01:30,CAN Guangzhou,CZ3035,China Southern,2h 55m,True,2026-02-12T10:14:52.787123
2026-09-17,BKK,arrival,01:40,HKG Hong Kong,HX767,Hong Kong Airlines,3h 0m,True,2026-02-12T10:14:52.868511
2026-09-17,BKK,arrival,01:50,MNL Manila,5J931,Cebu Pacific,3h 40m,True,2026-02-12T10:14:52.957343
2026-09-17,BKK,arrival,01:55,PVG Shanghai,FM841,Shanghai Airlines,4h 40m,True,2026-02-12T10:14:53.045039
2026-09-17,BKK,arrival,02:15,SZX Shenzhen,ZH305,Shenzhen Airlines,3h 0m,True,2026-02-12T10:14:53.133831
2026-09-17,BKK,arrival,03:00,DEL Delhi,SG87,SpiceJet,4h 10m,True,2026-02-12T10:14:53.221652
2026-09-17,BKK,arrival,03:05,XIY Xian,GJ8907,Loong Air,4h 10m,True,2026-02-12T10:14:53.366853
2026-09-17,BKK,arrival,03:20,WUH Wuhan,MU2563,China Eastern,4h 25m,True,2026-02-12T10:14:53.486752
2026-09-17,BKK,arrival,04:05,PVG Shanghai,FM847,Shanghai Airlines,4h 50m,True,2026-02-12T10:14:53.607989
2026-09-17,BKK,arrival,04:35,HND Tokyo,NH849,ANA,6h 30m,True,2026-02-12T10:14:53.729101
2026-09-17,BKK,arrival,04:40,KIX Osaka,JL727,JAL,5h 45m,True,2026-02-12T10:14:53.851348
2026-09-17,BKK,arrival,04:45,PNQ Pune,6E1095,IndiGo,4h 15m,True,2026-02-12T10:14:53.974258
2026-09-17,BKK,arrival,04:50,HND Tokyo,TG661,Thai Airways,6h 30m,True,2026-02-12T10:14:54.095702
2026-09-17,BKK,arrival,05:05,CCU Kolkata,VZ771,Vietjet Thailand,2h 35m,True,2026-02-12T10:14:54.214164
2026-09-17,BKK,arrival,05:10,KTM Kathmandu,TG310,Thai Airways,3h 30m,True,2026-02-12T10:14:54.340269
2026-09-17,BKK,arrival,05:10,IST Istanbul,TK58,Turkish Airlines,9h 20m,True,2026-02-12T10:14:54.466155
2026-09-17,BKK,arrival,05:15,ZRH Zurich,TG971,Thai Airways,10h 45m,True,2026-02-12T10:14:54.588524
2026-09-17,BKK,arrival,05:25,DEL Delhi,TG316,Thai Airways,4h 25m,True,2026-02-12T10:14:54.704067
2026-09-17,BKK,arrival,05:30,HEL Helsinki,AY141,Finnair,11h 25m,True,2026-02-12T10:14:54.927850
2026-09-17,BKK,arrival,05:35,BOM Mumbai,TG318,Thai Airways,4h 30m,True,2026-02-12T10:14:55.034567
2026-09-17,BKK,arrival,05:35,BRU Brussels,TG935,Thai Airways,11h 5m,True,2026-02-12T10:14:55.144124
2026-09-17,BKK,arrival,05:40,IST Istanbul,TG901,Thai Airways,9h 10m,True,2026-02-12T10:14:55.260954
2026-09-17,BKK,arrival,05:50,HND Tokyo,JL33,JAL,6h 30m,True,2026-02-12T10:14:55.370528
2026-09-17,BKK,arrival,05:50,ARN Stockholm,TG961,Thai Airways,11h 0m,True,2026-02-12T10:14:55.484530
2026-09-17,BKK,arrival,05:55,CDG Paris,TG931,Thai Airways,11h 15m,True,2026-02-12T10:14:55.624065
2026-09-17,BKK,arrival,05:55,MXP Milan,TG941,Thai Airways,10h 50m,True,2026-02-12T10:14:55.725199
2026-09-17,BKK,arrival,06:00,HND Tokyo,NH877,ANA,6h 30m,True,2026-02-12T10:14:55.822712
2026-09-17,BKK,arrival,06:00,CPH Copenhagen,TG951,Thai Airways,10h 35m,True,2026-02-12T10:14:55.921065
2026-09-17,BKK,arrival,06:00,LHR London,TG911,Thai Airways,11h 30m,True,2026-02-12T10:14:56.019652
2026-09-17,BKK,arrival,06:00,MEL Melbourne,TG462,Thai Airways,9h 30m,True,2026-02-12T10:14:56.118176
2026-09-17,BKK,arrival,06:05,MUC Munich,TG925,Thai Airways,10h 40m,True,2026-02-12T10:14:56.252312
2026-09-17,BKK,arrival,06:10,CCU Kolkata,TG314,Thai Airways,2h 40m,True,2026-02-12T10:14:56.364308
2026-09-17,BKK,arrival,06:10,CMB Colombo,TG308,Thai Airways,3h 45m,True,2026-02-12T10:14:56.631069
2026-09-17,BKK,arrival,06:10,MAA Chennai,TG338,Thai Airways,3h 30m,True,2026-02-12T10:14:56.734637
2026-09-17,BKK,arrival,06:15,AUH Abu Dhabi,EY408,Etihad,6h 35m,True,2026-02-12T10:14:56.823037
2026-09-17,BKK,arrival,06:15,DAC Dhaka,TG340,Thai Airways,2h 30m,True,2026-02-12T10:14:56.903286
2026-09-17,BKK,arrival,06:15,HYD Hyderabad,TG330,Thai Airways,3h 35m,True,2026-02-12T10:14:56.986654
2026-09-17,BKK,arrival,06:15,OSL Oslo,TG955,Thai Airways,11h 30m,True,2026-02-12T10:14:57.068139
2026-09-17,BKK,arrival,06:15,CMB Colombo,UL402,SriLankan Airlines,3h 40m,True,2026-02-12T10:14:57.157846
2026-09-17,BKK,arrival,06:20,DOH Doha,QR838,Qatar Airways,6h 55m,True,2026-02-12T10:14:57.241676
2026-09-17,BKK,arrival,06:20,BLR Bengaluru,TG326,Thai Airways,3h 55m,True,2026-02-12T10:14:57.327197
2026-09-17,BKK,arrival,06:25,FRA Frankfurt,TG921,Thai Airways,10h 40m,True,2026-02-12T10:14:57.413524
2026-09-17,BKK,arrival,06:25,ISB Islamabad,TG350,Thai Airways,5h 5m,True,2026-02-12T10:14:57.497973
2026-09-17,BKK,arrival,06:40,BOM Mumbai,VZ761,Vietjet Thailand,4h 25m,True,2026-02-12T10:14:57.586112
2026-09-17,BKK,arrival,06:45,AUH Abu Dhabi,EY402,Etihad,6h 35m,True,2026-02-12T10:14:57.668270
2026-09-17,BKK,arrival,06:55,RUN Saint Denis de la Reunion,UU887,Air Austral,7h 55m,True,2026-02-12T10:14:57.761583
2026-09-17,BKK,arrival,06:55,MCT Muscat,WY817,Oman Air,6h 5m,True,2026-02-12T10:14:57.849390
2026-09-17,BKK,arrival,07:00,AMD Ahmedabad,TG344,Thai Airways,4h 25m,True,2026-02-12T10:14:57.934033
2026-09-17,BKK,arrival,07:15,USM Koh Samui,PG100,Bangkok Airways,1h 15m,True,2026-02-12T10:14:58.023142
2026-09-17,BKK,arrival,07:15,DOH Doha,QR830,Qatar Airways,6h 55m,True,2026-02-12T10:14:58.109895
2026-09-17,BKK,arrival,07:40,DEL Delhi,AI2336,Air India,4h 30m,True,2026-02-12T10:14:58.199352
2026-09-17,BKK,arrival,07:50,SHJ Sharjah,G9821,Air Arabia,6h 35m,True,2026-02-12T10:14:58.283560
2026-09-17,BKK,arrival,07:55,BLR Bengaluru,6E1055,IndiGo,4h 5m,True,2026-02-12T10:14:58.369464
2026-09-17,BKK,arrival,07:55,CNX Chiang Mai,FD4105,Thai AirAsia,1h 20m,True,2026-02-12T10:14:58.457154
2026-09-17,BKK,arrival,07:55,CNX Chiang Mai,VZ2105,Vietjet Thailand,1h 20m,True,2026-02-12T10:14:58.546958
2026-09-17,BKK,arrival,08:00,DXB Dubai,EK374,Emirates,6h 30m,True,2026-02-12T10:14:58.632921
2026-09-17,BKK,arrival,08:05,SIN Singapore,SQ706,Singapore Airlines,2h 25m,True,2026-02-12T10:14:58.718560
2026-09-17,BKK,arrival,08:05,SIN Singapore,TR608,Scoot,2h 35m,True,2026-02-12T10:14:58.801588
2026-09-17,BKK,arrival,08:20,CAN Guangzhou,9C8893,Spring Airlines,3h 5m,True,2026-02-12T10:14:58.893331
2026-09-17,BKK,arrival,08:30,MCT Muscat,OV463,Salam Air,6h 0m,True,2026-02-12T10:14:58.977349
2026-09-17,BKK,arrival,08:35,RGN Yangon,UB19,Myanmar National Airlines,1h 25m,True,2026-02-12T10:14:59.061916
2026-09-17,BKK,arrival,08:40,VTE Vientiane,QV441,Lao Airlines,1h 15m,True,2026-02-12T10:14:59.147438
2026-09-17,BKK,arrival,08:40,BOM Mumbai,TG352,Thai Airways,4h 30m,True,2026-02-12T10:14:59.238945
2026-09-17,BKK,arrival,08:55,ALA Almaty,KC931,Air Astana,6h 40m,True,2026-02-12T10:14:59.322276
2026-09-17,BKK,arrival,08:55,PEN Penang,TG426,Thai Airways,1h 50m,True,2026-02-12T10:14:59.407765
2026-09-17,BKK,arrival,09:00,HKT Phuket,VZ317,Vietjet Thailand,1h 30m,True,2026-02-12T10:14:59.492999
2026-09-17,BKK,arrival,09:05,MAA Chennai,6E1061,IndiGo,3h 35m,True,2026-02-12T10:14:59.579640
2026-09-17,BKK,arrival,09:05,USM Koh Samui,PG102,Bangkok Airways,1h 15m,True,2026-02-12T10:14:59.668178
2026-09-17,BKK,arrival,09:10,CDG Paris,AF198,Air France,11h 25m,True,2026-02-12T10:14:59.762426
2026-09-17,BKK,arrival,09:10,HKT Phuket,PG270,Bangkok Airways,1h 35m,True,2026-02-12T10:14:59.851145
2026-09-17,BKK,arrival,09:15,RGN Yangon,8M335,MAI,1h 20m,True,2026-02-12T10:14:59.940538
2026-09-17,BKK,arrival,09:15,DEL Delhi,TG332,Thai Airways,4h 25m,True,2026-02-12T10:15:00.030356
2026-09-17,BKK,arrival,09:15,NST Nakhon Si Thammarat,VZ331,Vietjet Thailand,1h 15m,True,2026-02-12T10:15:00.112170
2026-09-17,BKK,arrival,09:20,SIN Singapore,TG402,Thai Airways,2h 20m,True,2026-02-12T10:15:00.198134
2026-09-17,BKK,arrival,09:25,VIE Vienna,BR62,EVA Air,10h 40m,True,2026-02-12T10:15:00.284846
2026-09-17,BKK,arrival,09:25,USM Koh Samui,PG104,Bangkok Airways,1h 15m,True,2026-02-12T10:15:00.369812
2026-09-17,BKK,arrival,09:25,HKG Hong Kong,UO704,HK Express,3h 0m,True,2026-02-12T10:15:00.457601
2026-09-17,BKK,arrival,09:25,CNX Chiang Mai,VZ101,Vietjet Thailand,1h 20m,True,2026-02-12T10:15:00.541979
2026-09-17,BKK,arrival,09:30,KTI Phnom Penh,K6722,Air Cambodia,1h 15m,True,2026-02-12T10:15:00.637083
2026-09-17,BKK,arrival,09:30,AMS Amsterdam,KL843,KLM,11h 15m,True,2026-02-12T10:15:00.720647
2026-09-17,BKK,arrival,09:30,HKG Hong Kong,TG603,Thai Airways,2h 40m,True,2026-02-12T10:15:00.804143
2026-09-17,BKK,arrival,09:35,MFM Macau,NX996,Air Macau,2h 55m,True,2026-02-12T10:15:00.888120
2026-09-17,BKK,arrival,09:35,KKC Khon Kaen,TG41,Thai Airways,1h 5m,True,2026-02-12T10:15:00.968248
2026-09-17,BKK,arrival,09:35,HKG Hong Kong,UA820,United,2h 55m,True,2026-02-12T10:15:01.056909
2026-09-17,BKK,arrival,09:45,TPE Taipei,CI833,China Airlines,3h 45m,True,2026-02-12T10:15:01.139569
2026-09-17,BKK,arrival,09:45,BAH Bahrain,GF152,Gulf Air,7h 0m,True,2026-02-12T10:15:01.233803
2026-09-17,BKK,arrival,09:45,KKC Khon Kaen,VZ211,Vietjet Thailand,1h 5m,True,2026-02-12T10:15:01.329863
2026-09-17,BKK,arrival,09:50,NNG Nanning,GX8909,GX Airlines,2h 20m,True,2026-02-12T10:15:01.414391
2026-09-17,BKK,arrival,09:50,ZRH Zurich,LX180,SWISS,10h 55m,True,2026-02-12T10:15:01.608968
2026-09-17,BKK,arrival,09:50,UTH Udon Thani,TG3,Thai Airways,1h 10m,True,2026-02-12T10:15:01.686035
2026-09-17,BKK,arrival,09:55,SIN Singapore,TR624,Scoot,2h 35m,True,2026-02-12T10:15:01.763154
2026-09-17,BKK,arrival,09:55,CEI Chiang Rai,VZ131,Vietjet Thailand,1h 25m,True,2026-02-12T10:15:01.845886
2026-09-17,BKK,arrival,10:00,HKG Hong Kong,CX705,Cathay Pacific,3h 0m,True,2026-02-12T10:15:01.928890
2026-09-17,BKK,arrival,10:00,CEI Chiang Rai,FD4151,Thai AirAsia,1h 25m,True,2026-02-12T10:15:02.014855
2026-09-17,BKK,arrival,10:00,HAK Haikou,HU7939,Hainan Airlines,2h 25m,True,2026-02-12T10:15:02.110519
2026-09-17,BKK,arrival,10:00,USM Koh Samui,PG106,Bangkok Airways,1h 15m,True,2026-02-12T10:15:02.193729
2026-09-17,BKK,arrival,10:00,UBP Ubon Ratchathani,TG21,Thai Airways,1h 15m,True,2026-02-12T10:15:02.280138
2026-09-17,BKK,arrival,10:05,MNL Manila,5J929,Cebu Pacific,3h 40m,True,2026-02-12T10:15:02.365832
2026-09-17,BKK,arrival,10:05,SGN Ho Chi Minh City,VJ801,VietJet,1h 30m,True,2026-02-12T10:15:02.450353
2026-09-17,BKK,arrival,10:10,UTH Udon Thani,FD4351,Thai AirAsia,1h 10m,True,2026-02-12T10:15:02.537222
2026-09-17,BKK,arrival,10:10,THS Sukhothai,PG212,Bangkok Airways,1h 15m,True,2026-02-12T10:15:02.621323
2026-09-17,BKK,arrival,10:15,KUL Kuala Lumpur,MH784,Malaysia Airlines,2h 15m,True,2026-02-12T10:15:02.701378
2026-09-17,BKK,arrival,10:20,XIY Xian,9C6299,Spring Airlines,4h 10m,True,2026-02-12T10:15:02.850050
2026-09-17,BKK,arrival,10:20,CAN Guangzhou,CZ357,China Southern,3h 5m,True,2026-02-12T10:15:02.967060
2026-09-17,BKK,arrival,10:20,SHJ Sharjah,G9823,Air Arabia,6h 35m,True,2026-02-12T10:15:03.085085
2026-09-17,BKK,arrival,10:20,KWI Kuwait,KU411,Kuwait Airways,7h 10m,True,2026-02-12T10:15:03.205488
2026-09-17,BKK,arrival,10:20,SGN Ho Chi Minh City,VN601,Vietnam Airlines,1h 35m,True,2026-02-12T10:15:03.322442
2026-09-17,BKK,arrival,10:25,KBV Krabi,VZ341,Vietjet Thailand,1h 25m,True,2026-02-12T10:15:03.448159
2026-09-17,BKK,arrival,10:30,MDL Mandalay,8M337,MAI,1h 50m,True,2026-02-12T10:15:03.573590
2026-09-17,BKK,arrival,10:30,KTI Phnom Penh,KR701,Cambodia Airways,1h 15m,True,2026-02-12T10:15:03.697184
2026-09-17,BKK,arrival,10:30,USM Koh Samui,PG108,Bangkok Airways,1h 30m,True,2026-02-12T10:15:03.813066
2026-09-17,BKK,arrival,10:30,USM Koh Samui,PG122,Bangkok Airways,1h 15m,True,2026-02-12T10:15:03.936791
2026-09-17,BKK,arrival,10:30,HKT Phuket,VZ315,Vietjet Thailand,1h 30m,True,2026-02-12T10:15:04.051009
2026-09-17,BKK,arrival,10:35,CKG Chongqing,HU423,Hainan Airlines,3h 20m,True,2026-02-12T10:15:04.171088
2026-09-17,BKK,arrival,10:35,HDY Hat Yai,TG260,Thai Airways,1h 30m,True,2026-02-12T10:15:04.284826
2026-09-17,BKK,arrival,10:40,CNX Chiang Mai,FD4101,Thai AirAsia,1h 20m,True,2026-02-12T10:15:04.398454
2026-09-17,BKK,arrival,10:40,TPE Taipei,TG637,Thai Airways,3h 45m,True,2026-02-12T10:15:04.516180
2026-09-17,BKK,arrival,10:40,HDY Hat Yai,VZ321,Vietjet Thailand,1h 30m,True,2026-02-12T10:15:04.641502
2026-09-17,BKK,arrival,10:45,PVG Shanghai,9C8891,Spring Airlines,4h 50m,True,2026-02-12T10:15:04.759215
2026-09-17,BKK,arrival,10:45,TDX Trat,PG302,Bangkok Airways,1h 0m,True,2026-02-12T10:15:04.872801
2026-09-17,BKK,arrival,10:50,TPE Taipei,BR75,EVA Air,4h 0m,True,2026-02-12T10:15:05.045901
2026-09-17,BKK,arrival,10:50,HDY Hat Yai,FD4203,Thai AirAsia,1h 30m,True,2026-02-12T10:15:05.153440
2026-09-17,BKK,arrival,10:50,URT Surat Thani,FD4213,Thai AirAsia,1h 25m,True,2026-02-12T10:15:05.254328
2026-09-17,BKK,arrival,10:50,CNX Chiang Mai,TG103,Thai Airways,1h 25m,True,2026-02-12T10:15:05.354399
2026-09-17,BKK,arrival,10:50,HAN Hanoi,VN611,Vietnam Airlines,2h 0m,True,2026-02-12T10:15:05.456176
2026-09-17,BKK,arrival,10:55,HYD Hyderabad,6E1067,IndiGo,3h 45m,True,2026-02-12T10:15:05.558886
2026-09-17,BKK,arrival,10:55,KBV Krabi,TG242,Thai Airways,1h 25m,True,2026-02-12T10:15:05.670159
2026-09-17,BKK,arrival,10:55,CNX Chiang Mai,VZ115,Vietjet Thailand,1h 20m,True,2026-02-12T10:15:05.775706
2026-09-17,BKK,arrival,11:00,CAN Guangzhou,9C7419,Spring Airlines,3h 0m,True,2026-02-12T10:15:06.017867
2026-09-17,BKK,arrival,11:00,KBV Krabi,PG262,Bangkok Airways,1h 35m,True,2026-02-12T10:15:06.111317
2026-09-17,BKK,arrival,11:00,SAI Siem Reap,PG924,Bangkok Airways,1h 20m,True,2026-02-12T10:15:06.194813
2026-09-17,BKK,arrival,11:00,SIN Singapore,SQ708,Singapore Airlines,2h 30m,True,2026-02-12T10:15:06.275712
2026-09-17,BKK,arrival,11:00,KTI Phnom Penh,TG587,Thai Airways,1h 20m,True,2026-02-12T10:15:06.362174
2026-09-17,BKK,arrival,11:05,HKG Hong Kong,CX717,Cathay Pacific,3h 5m,True,2026-02-12T10:15:06.444581
2026-09-17,BKK,arrival,11:05,PVG Shanghai,TG663,Thai Airways,4h 35m,True,2026-02-12T10:15:06.525838
2026-09-17,BKK,arrival,11:10,TPE Taipei,BR211,EVA Air,3h 50m,True,2026-02-12T10:15:06.609819
2026-09-17,BKK,arrival,11:10,SWA Jieyang,CZ8355,China Southern,3h 10m,True,2026-02-12T10:15:06.691260
2026-09-17,BKK,arrival,11:10,HKT Phuket,TG202,Thai Airways,1h 30m,True,2026-02-12T10:15:06.776090
2026-09-17,BKK,arrival,11:10,SZX Shenzhen,ZH309,Shenzhen Airlines,3h 0m,True,2026-02-12T10:15:06.855047
2026-09-17,BKK,arrival,11:15,XMN Xiamen,MF853,XiamenAir,3h 25m,True,2026-02-12T10:15:06.940410
2026-09-17,BKK,arrival,11:15,ICN Seoul,OZ743,Asiana,6h 5m,True,2026-02-12T10:15:07.019163
2026-09-17,BKK,arrival,11:20,BOM Mumbai,6E1051,IndiGo,4h 40m,True,2026-02-12T10:15:07.102187
2026-09-17,BKK,arrival,11:20,TPE Taipei,BR67,EVA Air,4h 5m,True,2026-02-12T10:15:07.184172
2026-09-17,BKK,arrival,11:20,SZX Shenzhen,CZ8075,China Southern,3h 25m,True,2026-02-12T10:15:07.268297
2026-09-17,BKK,arrival,11:20,USM Koh Samui,PG124,Bangkok Airways,1h 15m,True,2026-02-12T10:15:07.353676
2026-09-17,BKK,arrival,11:20,UTH Udon Thani,VZ201,Vietjet Thailand,1h 10m,True,2026-02-12T10:15:07.441794
2026-09-17,BKK,arrival,11:30,HKG Hong Kong,CX755,Cathay Pacific,3h 5m,True,2026-02-12T10:15:07.527972
2026-09-17,BKK,arrival,11:30,SGN Ho Chi Minh City,TG551,Thai Airways,1h 25m,True,2026-02-12T10:15:07.614178
2026-09-17,BKK,arrival,11:35,CNX Chiang Mai,PG216,Bangkok Airways,1h 25m,True,2026-02-12T10:15:07.698004
2026-09-17,BKK,arrival,11:40,CAN Guangzhou,CZ8079,China Southern,3h 0m,True,2026-02-12T10:15:07.784457
2026-09-17,BKK,arrival,11:40,SVO Moscow,SU272,Aeroflot,9h 15m,True,2026-02-12T10:15:07.869361
2026-09-17,BKK,arrival,11:40,CEI Chiang Rai,TG131,Thai Airways,1h 30m,True,2026-02-12T10:15:07.959925
2026-09-17,BKK,arrival,11:45,KBV Krabi,FD4403,Thai AirAsia,1h 25m,True,2026-02-12T10:15:08.045703
2026-09-17,BKK,arrival,11:45,HGH Hangzhou,JD419,Capital Airlines,4h 15m,True,2026-02-12T10:15:08.137157
2026-09-17,BKK,arrival,11:50,AUH Abu Dhabi,EY404,Etihad,6h 30m,True,2026-02-12T10:15:08.220236
2026-09-17,BKK,arrival,11:50,HKT Phuket,FD4125,Thai AirAsia,1h 35m,True,2026-02-12T10:15:08.412391
2026-09-17,BKK,arrival,11:50,IKT Irkutsk,SU658,Aeroflot,6h 40m,True,2026-02-12T10:15:08.492181
2026-09-17,BKK,arrival,11:50,HKT Phuket,TG204,Thai Airways,1h 35m,True,2026-02-12T10:15:08.578561
2026-09-17,BKK,arrival,11:50,HKT Phuket,VZ301,Vietjet Thailand,1h 30m,True,2026-02-12T10:15:08.662504
2026-09-17,BKK,arrival,11:55,HKT Phuket,PG272,Bangkok Airways,1h 35m,True,2026-02-12T10:15:08.750272
2026-09-17,BKK,arrival,12:00,TPE Taipei,JX741,Starlux,4h 0m,True,2026-02-12T10:15:08.861304
2026-09-17,BKK,arrival,12:05,IST Istanbul,TK52,Turkish Airlines,9h 50m,True,2026-02-12T10:15:08.954986
2026-09-17,BKK,arrival,12:10,TPE Taipei,CI831,China Airlines,3h 45m,True,2026-02-12T10:15:09.034916
2026-09-17,BKK,arrival,12:10,MNL Manila,PR730,PAL,3h 30m,True,2026-02-12T10:15:09.118954
2026-09-17,BKK,arrival,12:20,PEK Beijing,HU429,Hainan Airlines,5h 5m,True,2026-02-12T10:15:09.204408
2026-09-17,BKK,arrival,12:20,KMG Kunming,MU6087,China Eastern,2h 25m,True,2026-02-12T10:15:09.296045
2026-09-17,BKK,arrival,12:20,KTI Phnom Penh,VZ721,Vietjet Thailand,1h 15m,True,2026-02-12T10:15:09.384780
2026-09-17,BKK,arrival,12:25,HAN Hanoi,TG561,Thai Airways,1h 50m,True,2026-02-12T10:15:09.470674
2026-09-17,BKK,arrival,12:25,DAD Da Nang,VZ965,Vietjet Thailand,1h 45m,True,2026-02-12T10:15:09.599505
2026-09-17,BKK,arrival,12:30,DXB Dubai,EK384,Emirates,6h 40m,True,2026-02-12T10:15:09.685958
2026-09-17,BKK,arrival,12:30,PVG Shanghai,MU541,China Eastern,4h 40m,True,2026-02-12T10:15:09.774656
2026-09-17,BKK,arrival,12:30,FRA Frankfurt,TG923,Thai Airways,10h 50m,True,2026-02-12T10:15:09.858208
2026-09-17,BKK,arrival,12:30,FUK Fukuoka,VZ811,Vietjet Thailand,5h 35m,True,2026-02-12T10:15:09.942524
2026-09-17,BKK,arrival,12:35,FRA Frankfurt,DE2362,Condor,11h 20m,True,2026-02-12T10:15:10.033506
2026-09-17,BKK,arrival,12:40,URT Surat Thani,VZ351,Vietjet Thailand,1h 15m,True,2026-02-12T10:15:10.116065
2026-09-17,BKK,arrival,12:45,TFU Chengdu,9C7501,Spring Airlines,3h 10m,True,2026-02-12T10:15:10.204008
2026-09-17,BKK,arrival,12:45,CMB Colombo,UL404,SriLankan Airlines,3h 40m,True,2026-02-12T10:15:10.291507
2026-09-17,BKK,arrival,12:45,SGN Ho Chi Minh City,VJ803,VietJet,1h 30m,True,2026-02-12T10:15:10.388198
2026-09-17,BKK,arrival,12:50,PVG Shanghai,9C7421,Spring Airlines,4h 45m,True,2026-02-12T10:15:10.474827
2026-09-17,BKK,arrival,12:50,CAN Guangzhou,CZ8099,China Southern,3h 10m,True,2026-02-12T10:15:10.557272
2026-09-17,BKK,arrival,12:55,DOH Doha,QR834,Qatar Airways,6h 55m,True,2026-02-12T10:15:10.639269
2026-09-17,BKK,arrival,12:55,KIX Osaka,VZ821,Vietjet Thailand,6h 0m,True,2026-02-12T10:15:10.727816
2026-09-17,BKK,arrival,13:00,USM Koh Samui,PG130,Bangkok Airways,1h 15m,True,2026-02-12T10:15:10.812855
2026-09-17,BKK,arrival,13:00,HAN Hanoi,VJ901,VietJet,1h 50m,True,2026-02-12T10:15:10.894269
2026-09-17,BKK,arrival,13:05,XIY Xian,9C6293,Spring Airlines,4h 20m,True,2026-02-12T10:15:10.992988
2026-09-17,BKK,arrival,13:05,TPE Taipei,BR201,EVA Air,3h 45m,True,2026-02-12T10:15:11.081849
2026-09-17,BKK,arrival,13:05,PQC Phu Quoc,VZ981,Vietjet Thailand,1h 20m,True,2026-02-12T10:15:11.176115
2026-09-17,BKK,arrival,13:10,CGK Jakarta,GA866,Garuda Indonesia,3h 25m,True,2026-02-12T10:15:11.261663
2026-09-17,BKK,arrival,13:10,SGN Ho Chi Minh City,VN605,Vietnam Airlines,1h 35m,True,2026-02-12T10:15:11.350138
2026-09-17,BKK,arrival,13:10,CNX Chiang Mai,VZ103,Vietjet Thailand,1h 20m,True,2026-02-12T10:15:11.461604
2026-09-17,BKK,arrival,13:15,ADD Addis Ababa,ET628,Ethiopian,9h 20m,True,2026-02-12T10:15:11.608960
2026-09-17,BKK,arrival,13:15,ICN Seoul,KE657,Korean Air,5h 45m,True,2026-02-12T10:15:11.703646
2026-09-17,BKK,arrival,13:15,HKT Phuket,TG206,Thai Airways,1h 35m,True,2026-02-12T10:15:11.796043
2026-09-17,BKK,arrival,13:15,KKC Khon Kaen,TG43,Thai Airways,1h 10m,True,2026-02-12T10:15:11.910353
2026-09-17,BKK,arrival,13:20,CNX Chiang Mai,PG224,Bangkok Airways,1h 25m,True,2026-02-12T10:15:11.997711
2026-09-17,BKK,arrival,13:20,CNX Chiang Mai,TG105,Thai Airways,1h 25m,True,2026-02-12T10:15:12.086819
2026-09-17,BKK,arrival,13:25,NGB Ningbo,9C7431,Spring Airlines,4h 35m,True,2026-02-12T10:15:12.189277
2026-09-17,BKK,arrival,13:25,DXB Dubai,EK376,Emirates,6h 40m,True,2026-02-12T10:15:12.319118
2026-09-17,BKK,arrival,13:25,KUL Kuala Lumpur,MH788,Malaysia Airlines,2h 15m,True,2026-02-12T10:15:12.442798
2026-09-17,BKK,arrival,13:25,DOH Doha,QR836,Qatar Airways,6h 55m,True,2026-02-12T10:15:12.561782
2026-09-17,BKK,arrival,13:25,ICN Seoul,TG659,Thai Airways,5h 50m,True,2026-02-12T10:15:12.677055
2026-09-17,BKK,arrival,13:25,RGN Yangon,TG302,Thai Airways,1h 30m,True,2026-02-12T10:15:12.816470
2026-09-17,BKK,arrival,13:30,NBO Nairobi,KQ886,Kenya Airways,9h 31m,True,2026-02-12T10:15:12.973719
2026-09-17,BKK,arrival,13:35,BOM Mumbai,AI2354,Air India,4h 20m,True,2026-02-12T10:15:13.094603
2026-09-17,BKK,arrival,13:40,DAC Dhaka,BS217,US-Bangla Airlines,2h 40m,True,2026-02-12T10:15:13.211537
2026-09-17,BKK,arrival,13:40,PNQ Pune,IX242,Air India Express,4h 45m,True,2026-02-12T10:15:13.411186
2026-09-17,BKK,arrival,13:40,SGN Ho Chi Minh City,VU131,Vietravel Airlines,1h 35m,True,2026-02-12T10:15:13.676059
2026-09-17,BKK,arrival,13:45,RUH Riyadh,SV846,Saudia,7h 35m,True,2026-02-12T10:15:13.805952
2026-09-17,BKK,arrival,13:45,SIN Singapore,TG404,Thai Airways,2h 20m,True,2026-02-12T10:15:13.936790
2026-09-17,BKK,arrival,13:45,NRT Tokyo,VZ831,Vietjet Thailand,6h 50m,True,2026-02-12T10:15:14.085912
2026-09-17,BKK,arrival,13:50,NST Nakhon Si Thammarat,FD4232,Thai AirAsia,1h 25m,True,2026-02-12T10:15:14.218435
2026-09-17,BKK,arrival,13:55,KTI Phnom Penh,K6724,Air Cambodia,1h 10m,True,2026-02-12T10:15:14.343894
2026-09-17,BKK,arrival,13:55,HKT Phuket,VZ305,Vietjet Thailand,1h 30m,True,2026-02-12T10:15:14.473000
2026-09-17,BKK,arrival,14:00,SWA Jieyang,9C6193,Spring Airlines,3h 20m,True,2026-02-12T10:15:14.594807
2026-09-17,BKK,arrival,14:00,HKG Hong Kong,CX653,Cathay Pacific,3h 0m,True,2026-02-12T10:15:14.741502
2026-09-17,BKK,arrival,14:00,MUC Munich,LH772,Lufthansa,10h 40m,True,2026-02-12T10:15:14.878186
2026-09-17,BKK,arrival,14:00,TLV Tel Aviv-Yafo,LY81,El Al,11h 40m,True,2026-02-12T10:15:15.002285
2026-09-17,BKK,arrival,14:00,UBP Ubon Ratchathani,VZ221,Vietjet Thailand,1h 15m,True,2026-02-12T10:15:15.140639
2026-09-17,BKK,arrival,14:05,CAN Guangzhou,CZ5095,China Southern,3h 0m,True,2026-02-12T10:15:15.267030
2026-09-17,BKK,arrival,14:05,CNX Chiang Mai,FD4107,Thai AirAsia,1h 30m,True,2026-02-12T10:15:15.375631
2026-09-17,BKK,arrival,14:10,TDX Trat,PG306,Bangkok Airways,1h 0m,True,2026-02-12T10:15:15.546752
2026-09-17,BKK,arrival,14:10,ICN Seoul,TG657,Thai Airways,5h 50m,True,2026-02-12T10:15:15.644379
2026-09-17,BKK,arrival,14:15,DEL Delhi,AI2355,Air India,4h 20m,True,2026-02-12T10:15:15.740408
2026-09-17,BKK,arrival,14:15,KKC Khon Kaen,FD4502,Thai AirAsia,1h 10m,True,2026-02-12T10:15:15.841273
2026-09-17,BKK,arrival,14:15,SIN Singapore,SQ710,Singapore Airlines,2h 30m,True,2026-02-12T10:15:15.934740
2026-09-17,BKK,arrival,14:20,MFM Macau,NX936,Air Macau,2h 45m,True,2026-02-12T10:15:16.029772
2026-09-17,BKK,arrival,14:20,OVB Novosibirsk,SU650,Aeroflot,7h 40m,True,2026-02-12T10:15:16.123690
2026-09-17,BKK,arrival,14:25,SAI Siem Reap,PG906,Bangkok Airways,1h 30m,True,2026-02-12T10:15:16.231094
2026-09-17,BKK,arrival,14:25,CDG Paris,SB501,Aircalin,11h 55m,True,2026-02-12T10:15:16.331743
2026-09-17,BKK,arrival,14:25,HKG Hong Kong,TG601,Thai Airways,2h 40m,True,2026-02-12T10:15:16.585852
2026-09-17,BKK,arrival,14:25,SIN Singapore,TR604,Scoot,2h 35m,True,2026-02-12T10:15:16.679464
2026-09-17,BKK,arrival,14:30,CAN Guangzhou,CZ3081,China Southern,3h 0m,True,2026-02-12T10:15:16.761817
2026-09-17,BKK,arrival,14:30,HKT Phuket,PG276,Bangkok Airways,1h 35m,True,2026-02-12T10:15:16.845917
2026-09-17,BKK,arrival,14:30,KUL Kuala Lumpur,TG416,Thai Airways,2h 10m,True,2026-02-12T10:15:16.932403
2026-09-17,BKK,arrival,14:35,HKT Phuket,TG208,Thai Airways,1h 35m,True,2026-02-12T10:15:17.015926
2026-09-17,BKK,arrival,14:35,HDY Hat Yai,VZ325,Vietjet Thailand,1h 30m,True,2026-02-12T10:15:17.101565
2026-09-17,BKK,arrival,14:40,RGN Yangon,8M333,MAI,1h 20m,True,2026-02-12T10:15:17.185980
2026-09-17,BKK,arrival,14:45,LJG Lijiang,DR5041,Ruili Airlines,2h 45m,True,2026-02-12T10:15:17.271407
2026-09-17,BKK,arrival,14:45,SGN Ho Chi Minh City,VJ807,VietJet,1h 30m,True,2026-02-12T10:15:17.351708
2026-09-17,BKK,arrival,14:45,HAN Hanoi,VN615,Vietnam Airlines,2h 0m,True,2026-02-12T10:15:17.434675
2026-09-17,BKK,arrival,14:50,PVG Shanghai,9C7279,Spring Airlines,4h 55m,True,2026-02-12T10:15:17.519766
2026-09-17,BKK,arrival,14:50,NKG Nanjing,JD619,Capital Airlines,4h 40m,True,2026-02-12T10:15:17.605839
2026-09-17,BKK,arrival,14:50,VIE Vienna,OS7,Austrian,10h 15m,True,2026-02-12T10:15:17.688060
2026-09-17,BKK,arrival,14:50,LPQ Luang Prabang,PG942,Bangkok Airways,2h 5m,True,2026-02-12T10:15:17.772006
2026-09-17,BKK,arrival,14:50,VTE Vientiane,TG571,Thai Airways,1h 20m,True,2026-02-12T10:15:17.855986
2026-09-17,BKK,arrival,14:55,NAW Narathiwat,FD4253,Thai AirAsia,1h 30m,True,2026-02-12T10:15:17.939234
2026-09-17,BKK,arrival,14:55,HKG Hong Kong,HX775,Hong Kong Airlines,3h 10m,True,2026-02-12T10:15:18.025134
2026-09-17,BKK,arrival,14:55,KMG Kunming,MU741,China Eastern,2h 35m,True,2026-02-12T10:15:18.109298
2026-09-17,BKK,arrival,14:55,VVO Vladivostok,SU644,Aeroflot,6h 55m,True,2026-02-12T10:15:18.191584
2026-09-17,BKK,arrival,15:00,DAC Dhaka,BG388,Biman,2h 45m,True,2026-02-12T10:15:18.274769
2026-09-17,BKK,arrival,15:00,LHR London,TG917,Thai Airways,11h 35m,True,2026-02-12T10:15:18.360165
2026-09-17,BKK,arrival,15:00,NGO Nagoya,TG645,Thai Airways,6h 0m,True,2026-02-12T10:15:18.442596
2026-09-17,BKK,arrival,15:00,DAD Da Nang,VZ961,Vietjet Thailand,1h 45m,True,2026-02-12T10:15:18.527334
2026-09-17,BKK,arrival,15:05,USM Koh Samui,PG142,Bangkok Airways,1h 15m,True,2026-02-12T10:15:18.613498
2026-09-17,BKK,arrival,15:05,CNX Chiang Mai,TG107,Thai Airways,1h 25m,True,2026-02-12T10:15:18.701560
2026-09-17,BKK,arrival,15:05,FUK Fukuoka,TG649,Thai Airways,5h 30m,True,2026-02-12T10:15:18.783145
2026-09-17,BKK,arrival,15:05,HND Tokyo,TG683,Thai Airways,6h 30m,True,2026-02-12T10:15:18.868303
2026-09-17,BKK,arrival,15:05,UTH Udon Thani,TG5,Thai Airways,1h 10m,True,2026-02-12T10:15:18.951217
2026-09-17,BKK,arrival,15:10,CNX Chiang Mai,FD4103,Thai AirAsia,1h 20m,True,2026-02-12T10:15:19.041459
2026-09-17,BKK,arrival,15:10,HND Tokyo,JL31,JAL,6h 30m,True,2026-02-12T10:15:19.127432
2026-09-17,BKK,arrival,15:10,USM Koh Samui,PG158,Bangkok Airways,1h 35m,True,2026-02-12T10:15:19.213154
2026-09-17,BKK,arrival,15:10,CEI Chiang Rai,TG133,Thai Airways,1h 30m,True,2026-02-12T10:15:19.302535
2026-09-17,BKK,arrival,15:15,USM Koh Samui,PG144,Bangkok Airways,1h 15m,True,2026-02-12T10:15:19.390723
2026-09-17,BKK,arrival,15:20,KTI Phnom Penh,KR703,Cambodia Airways,1h 20m,True,2026-02-12T10:15:19.473918
2026-09-17,BKK,arrival,15:20,NRT Tokyo,TG641,Thai Airways,6h 30m,True,2026-02-12T10:15:19.558267
2026-09-17,BKK,arrival,15:25,HKG Hong Kong,CX775,Cathay Pacific,3h 5m,True,2026-02-12T10:15:19.649288
2026-09-17,BKK,arrival,15:25,MNL Manila,TG621,Thai Airways,3h 30m,True,2026-02-12T10:15:19.744450
2026-09-17,BKK,arrival,15:25,PER Perth,TG484,Thai Airways,7h 5m,True,2026-02-12T10:15:19.829105
2026-09-17,BKK,arrival,15:25,IST Istanbul,TK68,Turkish Airlines,9h 30m,True,2026-02-12T10:15:19.915838
2026-09-17,BKK,arrival,15:30,LHR London,BR68,EVA Air,11h 55m,True,2026-02-12T10:15:19.997123
2026-09-17,BKK,arrival,15:30,HND Tokyo,NH847,ANA,6h 40m,True,2026-02-12T10:15:20.190942
2026-09-17,BKK,arrival,15:30,CTS Sapporo,TG671,Thai Airways,7h 0m,True,2026-02-12T10:15:20.270612
2026-09-17,BKK,arrival,15:30,HKG Hong Kong,UO700,HK Express,3h 0m,True,2026-02-12T10:15:20.350224
2026-09-17,BKK,arrival,15:35,CNX Chiang Mai,FD4119,Thai AirAsia,1h 25m,True,2026-02-12T10:15:20.432234
2026-09-17,BKK,arrival,15:35,AMM Amman,RJ182,Royal Jordanian,8h 55m,True,2026-02-12T10:15:20.522108
2026-09-17,BKK,arrival,15:35,KIX Osaka,TG623,Thai Airways,5h 50m,True,2026-02-12T10:15:20.607615
2026-09-17,BKK,arrival,15:35,LYA Luoyang,UQ2641,Urumqi Airlines,4h 20m,True,2026-02-12T10:15:20.691272
2026-09-17,BKK,arrival,15:45,KWE Guiyang,AQ1207,9 Air,4h 0m,True,2026-02-12T10:15:20.774603
2026-09-17,BKK,arrival,15:45,IKT Irkutsk,S76309,S7 Airlines,6h 5m,True,2026-02-12T10:15:20.859499
2026-09-17,BKK,arrival,15:45,CNX Chiang Mai,VZ111,Vietjet Thailand,1h 20m,True,2026-02-12T10:15:20.943567
2026-09-17,BKK,arrival,15:50,PVG Shanghai,FM833,Shanghai Airlines,4h 50m,True,2026-02-12T10:15:21.024475
2026-09-17,BKK,arrival,15:50,USM Koh Samui,PG136,Bangkok Airways,1h 15m,True,2026-02-12T10:15:21.108983
2026-09-17,BKK,arrival,16:00,ICN Seoul,VZ851,Vietjet Thailand,5h 50m,True,2026-02-12T10:15:21.198100
2026-09-17,BKK,arrival,16:05,CCU Kolkata,B3700,Bhutan Airlines,2h 40m,True,2026-02-12T10:15:21.282645
2026-09-17,BKK,arrival,16:05,HKT Phuket,FD4111,Thai AirAsia,1h 40m,True,2026-02-12T10:15:21.363480
2026-09-17,BKK,arrival,16:05,CGK Jakarta,TG434,Thai Airways,3h 30m,True,2026-02-12T10:15:21.444215
2026-09-17,BKK,arrival,16:10,DEL Delhi,6E1053,IndiGo,4h 25m,True,2026-02-12T10:15:21.529578
2026-09-17,BKK,arrival,16:10,UTH Udon Thani,VZ205,Vietjet Thailand,1h 10m,True,2026-02-12T10:15:21.611923
2026-09-17,BKK,arrival,16:15,HDY Hat Yai,TG264,Thai Airways,1h 35m,True,2026-02-12T10:15:21.693624
2026-09-17,BKK,arrival,16:15,NST Nakhon Si Thammarat,VZ335,Vietjet Thailand,1h 20m,True,2026-02-12T10:15:21.780585
2026-09-17,BKK,arrival,16:20,TPE Taipei,CI835,China Airlines,3h 50m,True,2026-02-12T10:15:21.869648
2026-09-17,BKK,arrival,16:20,KUL Kuala Lumpur,MH782,Malaysia Airlines,2h 15m,True,2026-02-12T10:15:21.950182
2026-09-17,BKK,arrival,16:20,HKT Phuket,PG274,Bangkok Airways,1h 35m,True,2026-02-12T10:15:22.030688
2026-09-17,BKK,arrival,16:20,SYD Sydney,TG476,Thai Airways,9h 20m,True,2026-02-12T10:15:22.114084
2026-09-17,BKK,arrival,16:25,SZX Shenzhen,CZ8323,China Southern,3h 30m,True,2026-02-12T10:15:22.195733
2026-09-17,BKK,arrival,16:30,HKG Hong Kong,CX751,Cathay Pacific,3h 0m,True,2026-02-12T10:15:22.278628
2026-09-17,BKK,arrival,16:30,HGH Hangzhou,GJ8021,Loong Air,4h 35m,True,2026-02-12T10:15:22.361114
2026-09-17,BKK,arrival,16:30,KMG Kunming,TG613,Thai Airways,2h 10m,True,2026-02-12T10:15:22.441673
2026-09-17,BKK,arrival,16:30,NRT Tokyo,TG643,Thai Airways,6h 30m,True,2026-02-12T10:15:22.573195
2026-09-17,BKK,arrival,16:35,TLV Tel Aviv-Yafo,LY83,El Al,11h 40m,True,2026-02-12T10:15:22.699132
2026-09-17,BKK,arrival,16:40,TFU Chengdu,3U3935,Sichuan Airlines,3h 0m,True,2026-02-12T10:15:22.818163
2026-09-17,BKK,arrival,16:40,CGK Jakarta,GA868,Garuda Indonesia,3h 45m,True,2026-02-12T10:15:22.934421
2026-09-17,BKK,arrival,16:40,TPE Taipei,JX745,Starlux,3h 50m,True,2026-02-12T10:15:23.051954
2026-09-17,BKK,arrival,16:40,XMN Xiamen,MF833,XiamenAir,3h 30m,True,2026-02-12T10:15:23.175685
2026-09-17,BKK,arrival,16:40,USM Koh Samui,PG146,Bangkok Airways,1h 15m,True,2026-02-12T10:15:23.285032
2026-09-17,BKK,arrival,16:40,SYD Sydney,QF23,Qantas,9h 50m,True,2026-02-12T10:15:23.392088
2026-09-17,BKK,arrival,16:45,CEI Chiang Rai,VZ133,Vietjet Thailand,1h 25m,True,2026-02-12T10:15:23.497688
2026-09-17,BKK,arrival,16:50,CAN Guangzhou,CZ8023,China Southern,3h 0m,True,2026-02-12T10:15:23.609445
2026-09-17,BKK,arrival,16:50,USM Koh Samui,PG150,Bangkok Airways,1h 30m,True,2026-02-12T10:15:23.722764
2026-09-17,BKK,arrival,16:50,KKC Khon Kaen,TG45,Thai Airways,1h 10m,True,2026-02-12T10:15:23.837401
2026-09-17,BKK,arrival,16:50,TPE Taipei,TG633,Thai Airways,3h 45m,True,2026-02-12T10:15:23.943125
2026-09-17,BKK,arrival,16:50,CNX Chiang Mai,VZ107,Vietjet Thailand,1h 20m,True,2026-02-12T10:15:24.050575
2026-09-17,BKK,arrival,16:55,DEL Delhi,AI2332,Air India,4h 25m,True,2026-02-12T10:15:24.162439
2026-09-17,BKK,arrival,16:55,CNX Chiang Mai,TG111,Thai Airways,1h 25m,True,2026-02-12T10:15:24.276057
2026-09-17,BKK,arrival,16:55,HKT Phuket,VZ2301,Vietjet Thailand,1h 30m,True,2026-02-12T10:15:24.389466
2026-09-17,BKK,arrival,17:00,DAC Dhaka,TG322,Thai Airways,2h 25m,True,2026-02-12T10:15:24.496738
2026-09-17,BKK,arrival,17:00,SIN Singapore,TR610,Scoot,2h 30m,True,2026-02-12T10:15:24.613725
2026-09-17,BKK,arrival,17:05,TFU Chengdu,CA471,Air China,3h 15m,True,2026-02-12T10:15:24.728066
2026-09-17,BKK,arrival,17:05,USM Koh Samui,PG148,Bangkok Airways,1h 15m,True,2026-02-12T10:15:24.841388
2026-09-17,BKK,arrival,17:05,DAD Da Nang,VN627,Vietnam Airlines,1h 50m,True,2026-02-12T10:15:25.012708
2026-09-17,BKK,arrival,17:10,HKT Phuket,FD4123,Thai AirAsia,1h 35m,True,2026-02-12T10:15:25.111548
2026-09-17,BKK,arrival,17:10,TAO Qingdao,QW917,Qingdao Airlines,5h 10m,True,2026-02-12T10:15:25.212565
2026-09-17,BKK,arrival,17:15,SIN Singapore,SQ712,Singapore Airlines,2h 30m,True,2026-02-12T10:15:25.309388
2026-09-17,BKK,arrival,17:15,SIN Singapore,TG414,Thai Airways,2h 20m,True,2026-02-12T10:15:25.410523
2026-09-17,BKK,arrival,17:20,KHH Kaohsiung,CI839,China Airlines,3h 40m,True,2026-02-12T10:15:25.509823
2026-09-17,BKK,arrival,17:20,KUL Kuala Lumpur,MH774,Malaysia Airlines,2h 20m,True,2026-02-12T10:15:25.619516
2026-09-17,BKK,arrival,17:20,HKG Hong Kong,TG629,Thai Airways,2h 50m,True,2026-02-12T10:15:25.730867
2026-09-17,BKK,arrival,17:25,SHJ Sharjah,G9816,Air Arabia,6h 35m,True,2026-02-12T10:15:25.984029
2026-09-17,BKK,arrival,17:25,TAO Qingdao,QW9897,Qingdao Airlines,5h 5m,True,2026-02-12T10:15:26.076797
2026-09-17,BKK,arrival,17:35,DEL Delhi,TG324,Thai Airways,4h 25m,True,2026-02-12T10:15:26.161474
2026-09-17,BKK,arrival,17:40,HKT Phuket,TG212,Thai Airways,1h 35m,True,2026-02-12T10:15:26.243153
2026-09-17,BKK,arrival,17:45,CAN Guangzhou,TG669,Thai Airways,3h 0m,True,2026-02-12T10:15:26.327810
2026-09-17,BKK,arrival,17:45,HAN Hanoi,VJ903,VietJet,2h 0m,True,2026-02-12T10:15:26.413548
2026-09-17,BKK,arrival,17:45,UBP Ubon Ratchathani,VZ225,Vietjet Thailand,1h 15m,True,2026-02-12T10:15:26.494949
2026-09-17,BKK,arrival,17:45,MCT Muscat,WY815,Oman Air,6h 5m,True,2026-02-12T10:15:26.581924
2026-09-17,BKK,arrival,17:50,NNG Nanning,9C7485,Spring Airlines,2h 30m,True,2026-02-12T10:15:26.663741
2026-09-17,BKK,arrival,17:50,CEI Chiang Rai,FD4153,Thai AirAsia,1h 25m,True,2026-02-12T10:15:26.750455
2026-09-17,BKK,arrival,17:55,CAN Guangzhou,CZ363,China Southern,3h 0m,True,2026-02-12T10:15:26.951916
2026-09-17,BKK,arrival,17:55,KBV Krabi,VZ343,Vietjet Thailand,1h 25m,True,2026-02-12T10:15:27.029386
2026-09-17,BKK,arrival,18:00,HKG Hong Kong,CX701,Cathay Pacific,2h 55m,True,2026-02-12T10:15:27.115035
2026-09-17,BKK,arrival,18:05,KBV Krabi,FD4401,Thai AirAsia,1h 25m,True,2026-02-12T10:15:27.206001
2026-09-17,BKK,arrival,18:05,PVG Shanghai,FM855,Shanghai Airlines,4h 30m,True,2026-02-12T10:15:27.291676
2026-09-17,BKK,arrival,18:05,HAN Hanoi,VN619,Vietnam Airlines,2h 0m,True,2026-02-12T10:15:27.377427
2026-09-17,BKK,arrival,18:05,PQC Phu Quoc,VZ983,Vietjet Thailand,1h 20m,True,2026-02-12T10:15:27.459265
2026-09-17,BKK,arrival,18:10,AUH Abu Dhabi,EY406,Etihad,6h 35m,True,2026-02-12T10:15:27.544143
2026-09-17,BKK,arrival,18:10,BFV Buri Ram,FD4512,Thai AirAsia,1h 5m,True,2026-02-12T10:15:27.626130
2026-09-17,BKK,arrival,18:10,HKT Phuket,FD4113,Thai AirAsia,1h 25m,True,2026-02-12T10:15:27.713255
2026-09-17,BKK,arrival,18:10,TPE Taipei,VZ567,Vietjet Thailand,3h 45m,True,2026-02-12T10:15:27.797074
2026-09-17,BKK,arrival,18:15,RGN Yangon,8M331,MAI,1h 20m,True,2026-02-12T10:15:27.891437
2026-09-17,BKK,arrival,18:15,HAK Haikou,HU721,Hainan Airlines,2h 25m,True,2026-02-12T10:15:27.978823
2026-09-17,BKK,arrival,18:15,KTM Kathmandu,TG320,Thai Airways,3h 30m,True,2026-02-12T10:15:28.068012
2026-09-17,BKK,arrival,18:20,PEK Beijing,CA959,Air China,5h 20m,True,2026-02-12T10:15:28.151283
2026-09-17,BKK,arrival,18:20,CNX Chiang Mai,TG113,Thai Airways,1h 25m,True,2026-02-12T10:15:28.238390
2026-09-17,BKK,arrival,18:20,TFU Chengdu,TG619,Thai Airways,3h 5m,True,2026-02-12T10:15:28.321700
2026-09-17,BKK,arrival,18:20,UTH Udon Thani,VZ203,Vietjet Thailand,1h 10m,True,2026-02-12T10:15:28.403470
2026-09-17,BKK,arrival,18:25,DXB Dubai,EK370,Emirates,6h 25m,True,2026-02-12T10:15:28.487949
2026-09-17,BKK,arrival,18:25,HKT Phuket,TG216,Thai Airways,1h 30m,True,2026-02-12T10:15:28.573840
2026-09-17,BKK,arrival,18:30,KMG Kunming,KY8369,Kunming Airlines,2h 25m,True,2026-02-12T10:15:28.655765
2026-09-17,BKK,arrival,18:30,MNL Manila,PR736,PAL,3h 45m,True,2026-02-12T10:15:28.742009
2026-09-17,BKK,arrival,18:30,SGN Ho Chi Minh City,VN607,Vietnam Airlines,1h 35m,True,2026-02-12T10:15:28.826820
2026-09-17,BKK,arrival,18:30,SZX Shenzhen,ZH307,Shenzhen Airlines,2h 55m,True,2026-02-12T10:15:28.911312
2026-09-17,BKK,arrival,18:40,USM Koh Samui,PG166,Bangkok Airways,1h 15m,True,2026-02-12T10:15:28.994605
2026-09-17,BKK,arrival,18:40,CNX Chiang Mai,VZ109,Vietjet Thailand,1h 20m,True,2026-02-12T10:15:29.077890
2026-09-17,BKK,arrival,18:45,SGN Ho Chi Minh City,VJ805,VietJet,1h 30m,True,2026-02-12T10:15:29.162565
2026-09-17,BKK,arrival,18:50,TDX Trat,PG308,Bangkok Airways,1h 0m,True,2026-02-12T10:15:29.254826
2026-09-17,BKK,arrival,18:50,USM Koh Samui,PG172,Bangkok Airways,1h 15m,True,2026-02-12T10:15:29.340127
2026-09-17,BKK,arrival,18:55,CKG Chongqing,3U3771,Sichuan Airlines,3h 25m,True,2026-02-12T10:15:29.426578
2026-09-17,BKK,arrival,18:55,KUL Kuala Lumpur,MH780,Malaysia Airlines,2h 10m,True,2026-02-12T10:15:29.510980
2026-09-17,BKK,arrival,18:55,UBP Ubon Ratchathani,TG29,Thai Airways,1h 15m,True,2026-02-12T10:15:29.600380
2026-09-17,BKK,arrival,18:55,HKG Hong Kong,UO702,HK Express,3h 0m,True,2026-02-12T10:15:29.687157
2026-09-17,BKK,arrival,19:00,HKT Phuket,PG284,Bangkok Airways,1h 30m,True,2026-02-12T10:15:29.778452
2026-09-17,BKK,arrival,19:00,SIN Singapore,SQ714,Singapore Airlines,2h 30m,True,2026-02-12T10:15:29.871228
2026-09-17,BKK,arrival,19:00,HKT Phuket,VZ307,Vietjet Thailand,1h 30m,True,2026-02-12T10:15:29.969634
2026-09-17,BKK,arrival,19:05,USM Koh Samui,PG168,Bangkok Airways,1h 15m,True,2026-02-12T10:15:30.056165
2026-09-17,BKK,arrival,19:05,DOH Doha,QR828,Qatar Airways,6h 55m,True,2026-02-12T10:15:30.140159
2026-09-17,BKK,arrival,19:10,THS Sukhothai,PG214,Bangkok Airways,1h 20m,True,2026-02-12T10:15:30.223010
2026-09-17,BKK,arrival,19:15,BOM Mumbai,6E1059,IndiGo,4h 40m,True,2026-02-12T10:15:30.307262
2026-09-17,BKK,arrival,19:20,BOM Mumbai,AI2337,Air India,4h 20m,True,2026-02-12T10:15:30.385934
2026-09-17,BKK,arrival,19:20,CAN Guangzhou,CZ8019,China Southern,3h 0m,True,2026-02-12T10:15:30.465619
2026-09-17,BKK,arrival,19:25,DXB Dubai,EK372,Emirates,6h 45m,True,2026-02-12T10:15:30.546343
2026-09-17,BKK,arrival,19:35,KMG Kunming,KY8367,Kunming Airlines,2h 25m,True,2026-02-12T10:15:30.632497
2026-09-17,BKK,arrival,19:35,SIN Singapore,TG408,Thai Airways,2h 20m,True,2026-02-12T10:15:30.710858
2026-09-17,BKK,arrival,19:35,SIN Singapore,TR616,Scoot,2h 35m,True,2026-02-12T10:15:30.792427
2026-09-17,BKK,arrival,19:40,RGN Yangon,8M350,MAI,1h 20m,True,2026-02-12T10:15:30.871837
2026-09-17,BKK,arrival,19:40,HDY Hat Yai,FD4205,Thai AirAsia,1h 30m,True,2026-02-12T10:15:30.951583
2026-09-17,BKK,arrival,19:40,BNE Brisbane,JQ65,Jetstar,8h 50m,True,2026-02-12T10:15:31.028910
2026-09-17,BKK,arrival,19:40,USM Koh Samui,PG170,Bangkok Airways,1h 15m,True,2026-02-12T10:15:31.109139
2026-09-17,BKK,arrival,19:40,VTE Vientiane,QV445,Lao Airlines,1h 0m,True,2026-02-12T10:15:31.188042
2026-09-17,BKK,arrival,19:45,CNX Chiang Mai,FD4109,Thai AirAsia,1h 20m,True,2026-02-12T10:15:31.272751
2026-09-17,BKK,arrival,19:50,DEL Delhi,6E1063,IndiGo,4h 10m,True,2026-02-12T10:15:31.355804
2026-09-17,BKK,arrival,19:50,MEL Melbourne,JQ29,Jetstar,9h 25m,True,2026-02-12T10:15:31.438676
2026-09-17,BKK,arrival,19:50,KMG Kunming,MU9613,China Eastern,2h 35m,True,2026-02-12T10:15:31.519931
2026-09-17,BKK,arrival,19:55,KHH Kaohsiung,TG631,Thai Airways,3h 40m,True,2026-02-12T10:15:31.599062
2026-09-17,BKK,arrival,19:55,DAD Da Nang,VZ963,Vietjet Thailand,1h 45m,True,2026-02-12T10:15:31.678971
2026-09-17,BKK,arrival,20:00,SIN Singapore,SQ720,Singapore Airlines,2h 30m,True,2026-02-12T10:15:31.762794
2026-09-17,BKK,arrival,20:00,MEL Melbourne,TG466,Thai Airways,9h 30m,True,2026-02-12T10:15:31.846061
2026-09-17,BKK,arrival,20:05,DPS Denpasar,TG432,Thai Airways,4h 10m,True,2026-02-12T10:15:31.988291
2026-09-17,BKK,arrival,20:05,KKC Khon Kaen,TG47,Thai Airways,1h 0m,True,2026-02-12T10:15:32.103100
2026-09-17,BKK,arrival,20:05,SGN Ho Chi Minh City,VN609,Vietnam Airlines,1h 35m,True,2026-02-12T10:15:32.213808
2026-09-17,BKK,arrival,20:05,URT Surat Thani,VZ353,Vietjet Thailand,1h 15m,True,2026-02-12T10:15:32.328075
2026-09-17,BKK,arrival,20:10,KKC Khon Kaen,VZ215,Vietjet Thailand,1h 5m,True,2026-02-12T10:15:32.443720
2026-09-17,BKK,arrival,20:15,USM Koh Samui,PG160,Bangkok Airways,1h 35m,True,2026-02-12T10:15:32.556872
2026-09-17,BKK,arrival,20:15,CEI Chiang Rai,TG137,Thai Airways,1h 20m,True,2026-02-12T10:15:32.667518
2026-09-17,BKK,arrival,20:25,DEL Delhi,AI2304,Air India,4h 25m,True,2026-02-12T10:15:32.786180
2026-09-17,BKK,arrival,20:25,USM Koh Samui,PG176,Bangkok Airways,1h 30m,True,2026-02-12T10:15:32.903603
2026-09-17,BKK,arrival,20:25,USM Koh Samui,PG180,Bangkok Airways,1h 15m,True,2026-02-12T10:15:33.022263
2026-09-17,BKK,arrival,20:25,KTI Phnom Penh,VZ723,Vietjet Thailand,1h 15m,True,2026-02-12T10:15:33.136899
2026-09-17,BKK,arrival,20:40,TFU Chengdu,EU2867,Chengdu Airlines,3h 15m,True,2026-02-12T10:15:33.246157
2026-09-17,BKK,arrival,20:40,KTI Phnom Penh,PG936,Bangkok Airways,1h 15m,True,2026-02-12T10:15:33.362101
2026-09-17,BKK,arrival,20:40,RGN Yangon,UB17,Myanmar National Airlines,1h 25m,True,2026-02-12T10:15:33.478898
2026-09-17,BKK,arrival,20:45,HKT Phuket,PG278,Bangkok Airways,1h 35m,True,2026-02-12T10:15:33.704150
2026-09-17,BKK,arrival,20:45,USM Koh Samui,PG174,Bangkok Airways,1h 15m,True,2026-02-12T10:15:33.813442
2026-09-17,BKK,arrival,20:45,HKG Hong Kong,TG639,Thai Airways,2h 40m,True,2026-02-12T10:15:33.921715
2026-09-17,BKK,arrival,20:45,ICN Seoul,TG653,Thai Airways,5h 50m,True,2026-02-12T10:15:34.034628
2026-09-17,BKK,arrival,20:50,HKT Phuket,TG218,Thai Airways,1h 35m,True,2026-02-12T10:15:34.145657
2026-09-17,BKK,arrival,20:50,PVG Shanghai,TG665,Thai Airways,4h 25m,True,2026-02-12T10:15:34.252545
2026-09-17,BKK,arrival,20:55,FOC Fuzhou,9C7301,Spring Airlines,4h 10m,True,2026-02-12T10:15:34.430839
2026-09-17,BKK,arrival,20:55,PVG Shanghai,FM839,Shanghai Airlines,4h 35m,True,2026-02-12T10:15:34.530184
2026-09-17,BKK,arrival,20:55,SAI Siem Reap,PG908,Bangkok Airways,1h 30m,True,2026-02-12T10:15:34.627732
2026-09-17,BKK,arrival,20:55,SYD Sydney,TG472,Thai Airways,9h 20m,True,2026-02-12T10:15:34.723761
2026-09-17,BKK,arrival,21:00,HKG Hong Kong,HX765,Hong Kong Airlines,3h 0m,True,2026-02-12T10:15:34.821323
2026-09-17,BKK,arrival,21:00,RGN Yangon,TG304,Thai Airways,1h 30m,True,2026-02-12T10:15:34.916110
2026-09-17,BKK,arrival,21:00,HKT Phuket,VZ2305,Vietjet Thailand,1h 30m,True,2026-02-12T10:15:35.011683
2026-09-17,BKK,arrival,21:05,HAN Hanoi,VN617,Vietnam Airlines,2h 5m,True,2026-02-12T10:15:35.116984
2026-09-17,BKK,arrival,21:05,CNX Chiang Mai,VZ123,Vietjet Thailand,1h 20m,True,2026-02-12T10:15:35.224456
2026-09-17,BKK,arrival,21:10,ICN Seoul,LJ1,Jin Air,6h 0m,True,2026-02-12T10:15:35.485130
2026-09-17,BKK,arrival,21:10,ICN Seoul,YP601,Air Premia,5h 55m,True,2026-02-12T10:15:35.580487
2026-09-17,BKK,arrival,21:15,USM Koh Samui,PG188,Bangkok Airways,1h 30m,True,2026-02-12T10:15:35.662459
2026-09-17,BKK,arrival,21:15,PEK Beijing,TG615,Thai Airways,5h 10m,True,2026-02-12T10:15:35.743664
2026-09-17,BKK,arrival,21:20,ICN Seoul,BX727,Air Busan,6h 30m,True,2026-02-12T10:15:35.828632
2026-09-17,BKK,arrival,21:20,CEI Chiang Rai,VZ135,Vietjet Thailand,1h 25m,True,2026-02-12T10:15:35.912263
2026-09-17,BKK,arrival,21:25,UTH Udon Thani,FD4353,Thai AirAsia,1h 5m,True,2026-02-12T10:15:35.995880
2026-09-17,BKK,arrival,21:25,CNX Chiang Mai,PG220,Bangkok Airways,1h 25m,True,2026-02-12T10:15:36.082632
2026-09-17,BKK,arrival,21:25,USM Koh Samui,PG190,Bangkok Airways,1h 30m,True,2026-02-12T10:15:36.164464
2026-09-17,BKK,arrival,21:25,KIX Osaka,TG673,Thai Airways,5h 50m,True,2026-02-12T10:15:36.246141
2026-09-17,BKK,arrival,21:35,SGN Ho Chi Minh City,TG557,Thai Airways,1h 25m,True,2026-02-12T10:15:36.328666
2026-09-17,BKK,arrival,21:35,TPE Taipei,TG635,Thai Airways,3h 45m,True,2026-02-12T10:15:36.412849
2026-09-17,BKK,arrival,21:40,NRT Tokyo,ZG51,Zipair,6h 40m,True,2026-02-12T10:15:36.498578
2026-09-17,BKK,arrival,21:45,PUS Busan,BX725,Air Busan,5h 45m,True,2026-02-12T10:15:36.582267
2026-09-17,BKK,arrival,21:45,ICN Seoul,KE651,Korean Air,5h 40m,True,2026-02-12T10:15:36.663574
2026-09-17,BKK,arrival,21:45,KBV Krabi,TG250,Thai Airways,1h 25m,True,2026-02-12T10:15:36.748130
2026-09-17,BKK,arrival,21:45,KTI Phnom Penh,TK53,Turkish Airlines,1h 35m,True,2026-02-12T10:15:36.832688
2026-09-17,BKK,arrival,21:50,HKT Phuket,FD4115,Thai AirAsia,1h 30m,True,2026-02-12T10:15:36.919282
2026-09-17,BKK,arrival,21:50,GAU Guwahati,KB140,Drukair,3h 0m,True,2026-02-12T10:15:37.002833
2026-09-17,BKK,arrival,21:50,MFM Macau,NX992,Air Macau,3h 5m,True,2026-02-12T10:15:37.081991
2026-09-17,BKK,arrival,21:50,USM Koh Samui,PG186,Bangkok Airways,1h 15m,True,2026-02-12T10:15:37.164598
2026-09-17,BKK,arrival,21:55,PVG Shanghai,FM853,Shanghai Airlines,4h 35m,True,2026-02-12T10:15:37.250706
2026-09-17,BKK,arrival,21:55,NRT Tokyo,TG677,Thai Airways,6h 30m,True,2026-02-12T10:15:37.331850
2026-09-17,BKK,arrival,21:55,VTE Vientiane,TG575,Thai Airways,1h 25m,True,2026-02-12T10:15:37.414445
2026-09-17,BKK,arrival,21:55,SIN Singapore,TR614,Scoot,2h 35m,True,2026-02-12T10:15:37.498013
2026-09-17,BKK,arrival,22:00,CCU Kolkata,6E1057,IndiGo,2h 45m,True,2026-02-12T10:15:37.584909
2026-09-17,BKK,arrival,22:00,CAN Guangzhou,CZ361,China Southern,2h 55m,True,2026-02-12T10:15:37.666147
2026-09-17,BKK,arrival,22:00,KKC Khon Kaen,FD4504,Thai AirAsia,1h 10m,True,2026-02-12T10:15:37.749923
2026-09-17,BKK,arrival,22:05,CRK Angeles,5J943,Cebu Pacific,3h 30m,True,2026-02-12T10:15:37.838098
2026-09-17,BKK,arrival,22:05,KUL Kuala Lumpur,TG418,Thai Airways,2h 10m,True,2026-02-12T10:15:37.929458
2026-09-17,BKK,arrival,22:05,ICN Seoul,TW101,T´Way Air,6h 5m,True,2026-02-12T10:15:38.021688
2026-09-17,BKK,arrival,22:05,KBV Krabi,VZ345,Vietjet Thailand,1h 25m,True,2026-02-12T10:15:38.108582
2026-09-17,BKK,arrival,22:10,KBV Krabi,FD4409,Thai AirAsia,1h 25m,True,2026-02-12T10:15:38.201901
2026-09-17,BKK,arrival,22:10,DPS Denpasar,TG440,Thai Airways,4h 10m,True,2026-02-12T10:15:38.314367
2026-09-17,BKK,arrival,22:10,SIN Singapore,TG410,Thai Airways,2h 20m,True,2026-02-12T10:15:38.404652
2026-09-17,BKK,arrival,22:10,CNX Chiang Mai,VZ2107,Vietjet Thailand,1h 20m,True,2026-02-12T10:15:38.488177
2026-09-17,BKK,arrival,22:15,KMG Kunming,MU9621,China Eastern,2h 35m,True,2026-02-12T10:15:38.572661
2026-09-17,BKK,arrival,22:15,HDY Hat Yai,TG268,Thai Airways,1h 35m,True,2026-02-12T10:15:38.652295
2026-09-17,BKK,arrival,22:15,MNL Manila,TG625,Thai Airways,3h 20m,True,2026-02-12T10:15:38.742537
2026-09-17,BKK,arrival,22:20,USM Koh Samui,PG196,Bangkok Airways,1h 30m,True,2026-02-12T10:15:38.824525
2026-09-17,BKK,arrival,22:30,USM Koh Samui,PG192,Bangkok Airways,1h 30m,True,2026-02-12T10:15:38.908338
2026-09-17,BKK,arrival,22:30,CGK Jakarta,TG436,Thai Airways,3h 30m,True,2026-02-12T10:15:38.994796
2026-09-17,BKK,arrival,22:30,CNX Chiang Mai,TG121,Thai Airways,1h 20m,True,2026-02-12T10:15:39.078366
2026-09-17,BKK,arrival,22:30,UTH Udon Thani,TG9,Thai Airways,1h 5m,True,2026-02-12T10:15:39.161688
2026-09-17,BKK,arrival,22:30,TPE Taipei,VZ569,Vietjet Thailand,3h 45m,True,2026-02-12T10:15:39.245768
2026-09-17,BKK,arrival,22:35,RGN Yangon,8M372,MAI,1h 20m,True,2026-02-12T10:15:39.336481
2026-09-17,BKK,arrival,22:35,HAN Hanoi,TG565,Thai Airways,1h 50m,True,2026-02-12T10:15:39.424634
2026-09-17,BKK,arrival,22:35,KTI Phnom Penh,TG585,Thai Airways,1h 20m,True,2026-02-12T10:15:39.509782
2026-09-17,BKK,arrival,22:40,PUS Busan,LJ21,Jin Air,5h 35m,True,2026-02-12T10:15:39.597211
2026-09-17,BKK,arrival,22:40,MNL Manila,PR732,PAL,3h 30m,True,2026-02-12T10:15:39.680415
2026-09-17,BKK,arrival,22:55,HKT Phuket,TG222,Thai Airways,1h 35m,True,2026-02-12T10:15:39.765019
2026-09-17,BKK,arrival,23:00,PEK Beijing,HU7995,Hainan Airlines,5h 0m,True,2026-02-12T10:15:39.855142
2026-09-17,BKK,arrival,23:00,NRT Tokyo,JL707,JAL,6h 35m,True,2026-02-12T10:15:39.938131
2026-09-17,BKK,arrival,23:05,KUL Kuala Lumpur,MH796,Malaysia Airlines,2h 20m,True,2026-02-12T10:15:40.030440
2026-09-17,BKK,arrival,23:10,ICN Seoul,OZ741,Asiana,5h 40m,True,2026-02-12T10:15:40.115648
2026-09-17,BKK,arrival,23:15,HKG Hong Kong,HB295,Greater Bay Airlines,3h 0m,True,2026-02-12T10:15:40.201505
2026-09-17,BKK,arrival,23:15,HKT Phuket,VZ309,Vietjet Thailand,1h 30m,True,2026-02-12T10:15:40.399139
2026-09-17,BKK,arrival,23:20,JJN Jinjiang,AQ1435,9 Air,4h 20m,True,2026-02-12T10:15:40.477576
2026-09-17,BKK,arrival,23:20,HDY Hat Yai,VZ329,Vietjet Thailand,1h 30m,True,2026-02-12T10:15:40.557075
2026-09-17,BKK,arrival,23:25,ICN Seoul,KE659,Korean Air,5h 40m,True,2026-02-12T10:15:40.638258
2026-09-17,BKK,arrival,23:30,TPE Taipei,BR205,EVA Air,3h 45m,True,2026-02-12T10:15:40.718786
2026-09-17,BKK,arrival,23:30,CNX Chiang Mai,FD4117,Thai AirAsia,1h 25m,True,2026-02-12T10:15:40.808117
2026-09-17,BKK,arrival,23:30,CKG Chongqing,OQ2361,Chongqing Airlines,3h 15m,True,2026-02-12T10:15:40.892117
2026-09-17,BKK,arrival,23:30,HKT Phuket,PG280,Bangkok Airways,1h 35m,True,2026-02-12T10:15:40.978101
2026-09-17,BKK,arrival,23:35,CAN Guangzhou,KQ887,Kenya Airways,2h 25m,True,2026-02-12T10:15:41.058772
2026-09-17,BKK,arrival,23:40,HKT Phuket,FD4420,Thai AirAsia,1h 25m,True,2026-02-12T10:15:41.144838
2026-09-17,BKK,arrival,23:45,HKG Hong Kong,EK385,Emirates,3h 15m,True,2026-02-12T10:15:41.227874
2026-09-17,BKK,arrival,23:50,PUS Busan,7C2551,Jeju Air,5h 50m,True,2026-02-12T10:15:41.312225
2026-09-17,BKK,arrival,23:50,HKG Hong Kong,CX617,Cathay Pacific,3h 0m,True,2026-02-12T10:15:41.394321
2026-09-17,BKK,arrival,23:50,AUH Abu Dhabi,EY400,Etihad,6h 35m,True,2026-02-12T10:15:41.532955
2026-09-17,BKK,arrival,23:50,CNX Chiang Mai,VZ119,Vietjet Thailand,1h 20m,True,2026-02-12T10:15:41.657009
2026-09-17,BKK,arrival,23:55,KIX Osaka,MM91,Peach Aviation,6h 10m,True,2026-02-12T10:15:41.779313
2026-09-17,BKK,arrival,23:55,NRT Tokyo,NH805,ANA,6h 45m,True,2026-02-12T10:15:41.900593
