date,airport,direction,time,destination,flight,airline,duration,page_date_verified,scraped_at
2026-10-24,BKK,departure,00:01,PER Perth,TG483,Thai Airways,6h 44m,True,2026-02-12T13:23:51.932068
2026-10-24,BKK,departure,00:05,ARN Stockholm,TG960,Thai Airways,12h 20m,True,2026-02-12T13:23:52.048722
2026-10-24,BKK,departure,00:05,BRU Brussels,TG934,Thai Airways,12h 10m,True,2026-02-12T13:23:52.170343
2026-10-24,BKK,departure,00:05,CDG Paris,TG930,Thai Airways,12h 5m,True,2026-02-12T13:23:52.280724
2026-10-24,BKK,departure,00:05,NGO Nagoya,TG644,Thai Airways,5h 55m,True,2026-02-12T13:23:52.398629
2026-10-24,BKK,departure,00:05,OSL Oslo,TG954,Thai Airways,12h 20m,True,2026-02-12T13:23:52.525523
2026-10-24,BKK,departure,00:05,ICN Seoul,TW102,T´Way Air,5h 35m,True,2026-02-12T13:23:52.634947
2026-10-24,BKK,departure,00:15,KIX Osaka,VZ820,Vietjet Thailand,5h 40m,True,2026-02-12T13:23:52.749095
2026-10-24,BKK,departure,00:25,KIX Osaka,JL728,JAL,5h 25m,True,2026-02-12T13:23:52.861718
2026-10-24,BKK,departure,00:30,CKG Chongqing,OQ2362,Chongqing Airlines,3h 30m,True,2026-02-12T13:23:52.970360
2026-10-24,BKK,departure,00:30,LHR London,TG910,Thai Airways,12h 45m,True,2026-02-12T13:23:53.138832
2026-10-24,BKK,departure,00:30,PVG Shanghai,TG662,Thai Airways,4h 15m,True,2026-02-12T13:23:53.222344
2026-10-24,BKK,departure,00:30,FUK Fukuoka,VZ810,Vietjet Thailand,5h 25m,True,2026-02-12T13:23:53.302708
2026-10-24,BKK,departure,00:40,PEK Beijing,HU7996,Hainan Airlines,5h 0m,True,2026-02-12T13:23:53.387165
2026-10-24,BKK,departure,00:40,FUK Fukuoka,TG648,Thai Airways,5h 20m,True,2026-02-12T13:23:53.470584
2026-10-24,BKK,departure,00:40,MXP Milan,TG940,Thai Airways,11h 55m,True,2026-02-12T13:23:53.551984
2026-10-24,BKK,departure,00:50,PUS Busan,7C2552,Jeju Air,5h 40m,True,2026-02-12T13:23:53.632623
2026-10-24,BKK,departure,00:50,CPH Copenhagen,TG950,Thai Airways,11h 50m,True,2026-02-12T13:23:53.715899
2026-10-24,BKK,departure,00:50,MUC Munich,TG924,Thai Airways,11h 15m,True,2026-02-12T13:23:53.798833
2026-10-24,BKK,departure,01:05,ZRH Zurich,TG970,Thai Airways,11h 45m,True,2026-02-12T13:23:53.887278
2026-10-24,BKK,departure,01:10,PNQ Pune,6E1096,IndiGo,4h 5m,True,2026-02-12T13:23:53.976109
2026-10-24,BKK,departure,01:10,ICN Seoul,7C2504,Jeju Air,5h 45m,True,2026-02-12T13:23:54.058225
2026-10-24,BKK,departure,01:15,TFU Chengdu,3U3938,Sichuan Airlines,3h 5m,True,2026-02-12T13:23:54.143085
2026-10-24,BKK,departure,01:15,PVG Shanghai,9C8756,Spring Airlines,4h 25m,True,2026-02-12T13:23:54.228688
2026-10-24,BKK,departure,01:20,ICN Seoul,OZ742,Asiana,5h 25m,True,2026-02-12T13:23:54.312300
2026-10-24,BKK,departure,01:30,PEK Beijing,CA980,Air China,4h 40m,True,2026-02-12T13:23:54.395918
2026-10-24,BKK,departure,01:30,HKG Hong Kong,HB296,Greater Bay Airlines,3h 0m,True,2026-02-12T13:23:54.481758
2026-10-24,BKK,departure,01:30,PVG Shanghai,HO1352,Juneyao Airlines,4h 15m,True,2026-02-12T13:23:54.572743
2026-10-24,BKK,departure,01:35,TPE Taipei,BR206,EVA Air,3h 45m,True,2026-02-12T13:23:54.659264
2026-10-24,BKK,departure,01:35,DXB Dubai,EK385,Emirates,6h 5m,True,2026-02-12T13:23:54.749178
2026-10-24,BKK,departure,01:50,HKG Hong Kong,HX760,Hong Kong Airlines,3h 0m,True,2026-02-12T13:23:54.838932
2026-10-24,BKK,departure,01:50,XMN Xiamen,MF844,XiamenAir,3h 25m,True,2026-02-12T13:23:54.933945
2026-10-24,BKK,departure,01:55,ADD Addis Ababa,ET609,Ethiopian,8h 40m,True,2026-02-12T13:23:55.022085
2026-10-24,BKK,departure,01:55,HKG Hong Kong,HX780,Hong Kong Airlines,3h 0m,True,2026-02-12T13:23:55.112927
2026-10-24,BKK,departure,01:55,TPE Taipei,VZ566,Vietjet Thailand,3h 50m,True,2026-02-12T13:23:55.199833
2026-10-24,BKK,departure,02:05,TAE Daegu,TW106,T´Way Air,5h 35m,True,2026-02-12T13:23:55.290081
2026-10-24,BKK,departure,02:10,NKG Nanjing,MU2804,China Eastern,4h 0m,True,2026-02-12T13:23:55.378905
2026-10-24,BKK,departure,02:10,PVG Shanghai,MU548,China Eastern,4h 25m,True,2026-02-12T13:23:55.467537
2026-10-24,BKK,departure,02:25,RGN Yangon,8M391,MAI,1h 20m,True,2026-02-12T13:23:55.552867
2026-10-24,BKK,departure,02:25,TNA Jinan,SC8076,Shandong Airlines,4h 45m,True,2026-02-12T13:23:55.659533
2026-10-24,BKK,departure,02:25,ICN Seoul,VZ850,Vietjet Thailand,5h 35m,True,2026-02-12T13:23:55.785452
2026-10-24,BKK,departure,02:30,DOH Doha,QR837,Qatar Airways,6h 55m,True,2026-02-12T13:23:55.913445
2026-10-24,BKK,departure,02:35,ICN Seoul,KE656,Korean Air,5h 40m,True,2026-02-12T13:23:56.037480
2026-10-24,BKK,departure,02:40,TPE Taipei,CI838,China Airlines,3h 45m,True,2026-02-12T13:23:56.164344
2026-10-24,BKK,departure,02:40,HKG Hong Kong,HX768,Hong Kong Airlines,3h 20m,True,2026-02-12T13:23:56.283643
2026-10-24,BKK,departure,02:50,XIY Xian,9C6252,Spring Airlines,3h 45m,True,2026-02-12T13:23:56.412349
2026-10-24,BKK,departure,02:50,DXB Dubai,EK377,Emirates,6h 10m,True,2026-02-12T13:23:56.536844
2026-10-24,BKK,departure,03:00,CAN Guangzhou,CZ3036,China Southern,2h 55m,True,2026-02-12T13:23:57.300901
2026-10-24,BKK,departure,03:00,CAN Guangzhou,MU2078,China Eastern,3h 50m,True,2026-02-12T13:23:57.387492
2026-10-24,BKK,departure,03:00,DOH Doha,QR827,Qatar Airways,6h 55m,True,2026-02-12T13:23:57.475950
2026-10-24,BKK,departure,03:15,AUH Abu Dhabi,EY401,Etihad,6h 30m,True,2026-02-12T13:23:57.561982
2026-10-24,BKK,departure,03:15,SZX Shenzhen,ZH306,Shenzhen Airlines,2h 55m,True,2026-02-12T13:23:57.646608
2026-10-24,BKK,departure,03:25,MNL Manila,5J932,Cebu Pacific,3h 45m,True,2026-02-12T13:23:57.730923
2026-10-24,BKK,departure,03:40,DXB Dubai,EK371,Emirates,6h 10m,True,2026-02-12T13:23:57.817688
2026-10-24,BKK,departure,03:50,DEL Delhi,SG88,SpiceJet,4h 25m,True,2026-02-12T13:23:57.910068
2026-10-24,BKK,departure,04:05,XIY Xian,GJ8908,Loong Air,3h 35m,True,2026-02-12T13:23:58.003834
2026-10-24,BKK,departure,04:15,BBI Bhubaneswar,6E1066,IndiGo,2h 45m,True,2026-02-12T13:23:58.092240
2026-10-24,BKK,departure,04:20,WUH Wuhan,MU2564,China Eastern,3h 20m,True,2026-02-12T13:23:58.183115
2026-10-24,BKK,departure,04:20,ASB Ashgabat,T5642,Turkmenistan Airlines,7h 30m,True,2026-02-12T13:23:58.267578
2026-10-24,BKK,departure,05:05,PVG Shanghai,FM848,Shanghai Airlines,4h 30m,True,2026-02-12T13:23:58.355053
2026-10-24,BKK,departure,06:00,KUL Kuala Lumpur,MH797,Malaysia Airlines,2h 10m,True,2026-02-12T13:23:58.442595
2026-10-24,BKK,departure,06:05,USM Koh Samui,PG101,Bangkok Airways,1h 5m,True,2026-02-12T13:23:58.528610
2026-10-24,BKK,departure,06:10,CNX Chiang Mai,VZ100,Vietjet Thailand,1h 20m,True,2026-02-12T13:23:58.616295
2026-10-24,BKK,departure,06:10,NST Nakhon Si Thammarat,VZ330,Vietjet Thailand,1h 20m,True,2026-02-12T13:23:58.699741
2026-10-24,BKK,departure,06:25,USM Koh Samui,PG103,Bangkok Airways,1h 5m,True,2026-02-12T13:23:58.789702
2026-10-24,BKK,departure,06:30,CCU Kolkata,B3701,Bhutan Airlines,2h 45m,True,2026-02-12T13:23:58.876256
2026-10-24,BKK,departure,06:30,USM Koh Samui,PG105,Bangkok Airways,1h 5m,True,2026-02-12T13:23:58.964255
2026-10-24,BKK,departure,06:30,CEI Chiang Rai,VZ130,Vietjet Thailand,1h 25m,True,2026-02-12T13:23:59.053257
2026-10-24,BKK,departure,06:40,CEI Chiang Rai,FD4150,Thai AirAsia,1h 25m,True,2026-02-12T13:23:59.144330
2026-10-24,BKK,departure,06:40,IST Istanbul,TK59,Turkish Airlines,10h 0m,True,2026-02-12T13:23:59.227316
2026-10-24,BKK,departure,07:00,NRT Tokyo,NH806,ANA,6h 20m,True,2026-02-12T13:23:59.315829
2026-10-24,BKK,departure,07:00,THS Sukhothai,PG211,Bangkok Airways,1h 20m,True,2026-02-12T13:23:59.408831
2026-10-24,BKK,departure,07:00,HDY Hat Yai,TG259,Thai Airways,1h 25m,True,2026-02-12T13:23:59.503869
2026-10-24,BKK,departure,07:00,KKC Khon Kaen,TG40,Thai Airways,1h 0m,True,2026-02-12T13:23:59.588838
2026-10-24,BKK,departure,07:00,UTH Udon Thani,TG2,Thai Airways,1h 10m,True,2026-02-12T13:23:59.671360
2026-10-24,BKK,departure,07:00,HKT Phuket,VZ314,Vietjet Thailand,1h 30m,True,2026-02-12T13:23:59.798451
2026-10-24,BKK,departure,07:00,KBV Krabi,VZ340,Vietjet Thailand,1h 25m,True,2026-02-12T13:23:59.928032
2026-10-24,BKK,departure,07:05,HEL Helsinki,AY142,Finnair,12h 20m,True,2026-02-12T13:24:00.053566
2026-10-24,BKK,departure,07:05,UBP Ubon Ratchathani,TG20,Thai Airways,1h 10m,True,2026-02-12T13:24:00.327973
2026-10-24,BKK,departure,07:05,KKC Khon Kaen,VZ210,Vietjet Thailand,1h 5m,True,2026-02-12T13:24:00.445955
2026-10-24,BKK,departure,07:10,USM Koh Samui,PG107,Bangkok Airways,1h 5m,True,2026-02-12T13:24:00.564508
2026-10-24,BKK,departure,07:10,HDY Hat Yai,VZ320,Vietjet Thailand,1h 30m,True,2026-02-12T13:24:00.687906
2026-10-24,BKK,departure,07:15,HDY Hat Yai,FD4202,Thai AirAsia,1h 35m,True,2026-02-12T13:24:00.866224
2026-10-24,BKK,departure,07:15,UTH Udon Thani,FD4350,Thai AirAsia,1h 15m,True,2026-02-12T13:24:00.950714
2026-10-24,BKK,departure,07:20,KBV Krabi,PG261,Bangkok Airways,1h 25m,True,2026-02-12T13:24:01.037365
2026-10-24,BKK,departure,07:25,CNX Chiang Mai,TG102,Thai Airways,1h 20m,True,2026-02-12T13:24:01.121629
2026-10-24,BKK,departure,07:25,MNL Manila,TG620,Thai Airways,3h 20m,True,2026-02-12T13:24:01.209931
2026-10-24,BKK,departure,07:30,URT Surat Thani,FD4212,Thai AirAsia,1h 25m,True,2026-02-12T13:24:01.297330
2026-10-24,BKK,departure,07:30,IXB Bagdogra,KB131,Drukair,3h 10m,True,2026-02-12T13:24:01.390781
2026-10-24,BKK,departure,07:30,USM Koh Samui,PG121,Bangkok Airways,1h 5m,True,2026-02-12T13:24:01.478705
2026-10-24,BKK,departure,07:30,HKT Phuket,TG201,Thai Airways,1h 30m,True,2026-02-12T13:24:01.573553
2026-10-24,BKK,departure,07:30,KTI Phnom Penh,TG586,Thai Airways,1h 20m,True,2026-02-12T13:24:01.662965
2026-10-24,BKK,departure,07:35,DEL Delhi,TG323,Thai Airways,4h 30m,True,2026-02-12T13:24:01.752921
2026-10-24,BKK,departure,07:35,SGN Ho Chi Minh City,TG550,Thai Airways,1h 30m,True,2026-02-12T13:24:01.840499
2026-10-24,BKK,departure,07:40,SAI Siem Reap,PG903,Bangkok Airways,1h 20m,True,2026-02-12T13:24:01.933055
2026-10-24,BKK,departure,07:40,KBV Krabi,TG241,Thai Airways,1h 20m,True,2026-02-12T13:24:02.019896
2026-10-24,BKK,departure,07:40,CNX Chiang Mai,VZ114,Vietjet Thailand,1h 20m,True,2026-02-12T13:24:02.104083
2026-10-24,BKK,departure,07:45,HAN Hanoi,TG560,Thai Airways,1h 50m,True,2026-02-12T13:24:02.191700
2026-10-24,BKK,departure,07:45,NRT Tokyo,TG676,Thai Airways,6h 10m,True,2026-02-12T13:24:02.279738
2026-10-24,BKK,departure,07:45,CMB Colombo,UL403,SriLankan Airlines,3h 20m,True,2026-02-12T13:24:02.371135
2026-10-24,BKK,departure,07:50,KMG Kunming,MU9622,China Eastern,2h 5m,True,2026-02-12T13:24:02.460751
2026-10-24,BKK,departure,07:55,HKT Phuket,FD4124,Thai AirAsia,1h 35m,True,2026-02-12T13:24:02.544970
2026-10-24,BKK,departure,08:00,CNX Chiang Mai,PG215,Bangkok Airways,1h 20m,True,2026-02-12T13:24:02.631503
2026-10-24,BKK,departure,08:00,CGK Jakarta,TG433,Thai Airways,3h 35m,True,2026-02-12T13:24:02.725530
2026-10-24,BKK,departure,08:00,HKG Hong Kong,TG600,Thai Airways,2h 45m,True,2026-02-12T13:24:02.809963
2026-10-24,BKK,departure,08:00,ICN Seoul,TG652,Thai Airways,5h 25m,True,2026-02-12T13:24:02.900313
2026-10-24,BKK,departure,08:00,SIN Singapore,TG403,Thai Airways,2h 15m,True,2026-02-12T13:24:02.987677
2026-10-24,BKK,departure,08:05,HKG Hong Kong,CX700,Cathay Pacific,3h 5m,True,2026-02-12T13:24:03.078600
2026-10-24,BKK,departure,08:05,NRT Tokyo,JL708,JAL,6h 10m,True,2026-02-12T13:24:03.162951
2026-10-24,BKK,departure,08:05,HKT Phuket,PG271,Bangkok Airways,1h 30m,True,2026-02-12T13:24:03.249041
2026-10-24,BKK,departure,08:05,CEI Chiang Rai,TG130,Thai Airways,1h 35m,True,2026-02-12T13:24:03.353234
2026-10-24,BKK,departure,08:05,HKT Phuket,TG203,Thai Airways,1h 30m,True,2026-02-12T13:24:03.480583
2026-10-24,BKK,departure,08:10,USM Koh Samui,PG123,Bangkok Airways,1h 10m,True,2026-02-12T13:24:03.602840
2026-10-24,BKK,departure,08:10,MEL Melbourne,TG461,Thai Airways,8h 50m,True,2026-02-12T13:24:03.721707
2026-10-24,BKK,departure,08:15,TDX Trat,PG301,Bangkok Airways,1h 0m,True,2026-02-12T13:24:03.850619
2026-10-24,BKK,departure,08:15,DAD Da Nang,VZ964,Vietjet Thailand,1h 40m,True,2026-02-12T13:24:03.969005
2026-10-24,BKK,departure,08:20,CAN Guangzhou,CZ362,China Southern,3h 0m,True,2026-02-12T13:24:04.091197
2026-10-24,BKK,departure,08:20,KBV Krabi,FD4402,Thai AirAsia,1h 30m,True,2026-02-12T13:24:04.209197
2026-10-24,BKK,departure,08:20,HKT Phuket,VZ300,Vietjet Thailand,1h 30m,True,2026-02-12T13:24:04.365534
2026-10-24,BKK,departure,08:25,KIX Osaka,TG672,Thai Airways,5h 30m,True,2026-02-12T13:24:04.452243
2026-10-24,BKK,departure,08:25,TPE Taipei,TG632,Thai Airways,3h 40m,True,2026-02-12T13:24:04.541466
2026-10-24,BKK,departure,08:30,CNX Chiang Mai,FD4104,Thai AirAsia,1h 20m,True,2026-02-12T13:24:04.628446
2026-10-24,BKK,departure,08:30,SYD Sydney,TG475,Thai Airways,9h 0m,True,2026-02-12T13:24:04.713343
2026-10-24,BKK,departure,08:30,UTH Udon Thani,VZ200,Vietjet Thailand,1h 10m,True,2026-02-12T13:24:04.798419
2026-10-24,BKK,departure,08:40,DEL Delhi,AI2333,Air India,4h 25m,True,2026-02-12T13:24:04.885250
2026-10-24,BKK,departure,08:40,KTI Phnom Penh,VZ720,Vietjet Thailand,1h 15m,True,2026-02-12T13:24:04.974420
2026-10-24,BKK,departure,08:55,BOM Mumbai,6E1052,IndiGo,4h 25m,True,2026-02-12T13:24:05.061171
2026-10-24,BKK,departure,08:55,SHJ Sharjah,G9822,Air Arabia,6h 25m,True,2026-02-12T13:24:05.146501
2026-10-24,BKK,departure,08:55,TPE Taipei,VZ568,Vietjet Thailand,3h 50m,True,2026-02-12T13:24:05.234441
2026-10-24,BKK,departure,09:00,RUN Saint Denis de la Reunion,UU888,Air Austral,7h 35m,True,2026-02-12T13:24:05.320855
2026-10-24,BKK,departure,09:00,MCT Muscat,WY818,Oman Air,5h 50m,True,2026-02-12T13:24:05.410658
2026-10-24,BKK,departure,09:05,KUL Kuala Lumpur,TG415,Thai Airways,2h 10m,True,2026-02-12T13:24:05.496495
2026-10-24,BKK,departure,09:05,SIN Singapore,TR609,Scoot,2h 20m,True,2026-02-12T13:24:05.580515
2026-10-24,BKK,departure,09:15,JJN Jinjiang,AQ1436,9 Air,2h 45m,True,2026-02-12T13:24:05.663824
2026-10-24,BKK,departure,09:15,AUH Abu Dhabi,EY403,Etihad,6h 20m,True,2026-02-12T13:24:05.750923
2026-10-24,BKK,departure,09:15,USM Koh Samui,PG115,Bangkok Airways,1h 30m,True,2026-02-12T13:24:05.837415
2026-10-24,BKK,departure,09:15,DOH Doha,QR831,Qatar Airways,6h 55m,True,2026-02-12T13:24:05.926659
2026-10-24,BKK,departure,09:20,SIN Singapore,SQ705,Singapore Airlines,2h 25m,True,2026-02-12T13:24:06.016028
2026-10-24,BKK,departure,09:20,RGN Yangon,UB20,Myanmar National Airlines,1h 25m,True,2026-02-12T13:24:06.101958
2026-10-24,BKK,departure,09:20,PQC Phu Quoc,VZ980,Vietjet Thailand,1h 20m,True,2026-02-12T13:24:06.191178
2026-10-24,BKK,departure,09:25,MAA Chennai,6E1062,IndiGo,3h 15m,True,2026-02-12T13:24:06.276033
2026-10-24,BKK,departure,09:30,MCT Muscat,OV464,Salam Air,6h 30m,True,2026-02-12T13:24:06.362757
2026-10-24,BKK,departure,09:30,HKT Phuket,TG205,Thai Airways,1h 30m,True,2026-02-12T13:24:06.450038
2026-10-24,BKK,departure,09:35,HND Tokyo,NH848,ANA,6h 25m,True,2026-02-12T13:24:06.542695
2026-10-24,BKK,departure,09:35,DPS Denpasar,TG431,Thai Airways,4h 20m,True,2026-02-12T13:24:06.625362
2026-10-24,BKK,departure,09:35,RGN Yangon,TG301,Thai Airways,1h 30m,True,2026-02-12T13:24:06.708767
2026-10-24,BKK,departure,09:35,URT Surat Thani,VZ350,Vietjet Thailand,1h 15m,True,2026-02-12T13:24:06.800087
2026-10-24,BKK,departure,09:40,VTE Vientiane,QV442,Lao Airlines,1h 15m,True,2026-02-12T13:24:06.925863
2026-10-24,BKK,departure,09:45,AUH Abu Dhabi,EY409,Etihad,6h 20m,True,2026-02-12T13:24:07.047661
2026-10-24,BKK,departure,09:45,HND Tokyo,JL32,JAL,6h 15m,True,2026-02-12T13:24:07.167324
2026-10-24,BKK,departure,09:50,PVG Shanghai,FM842,Shanghai Airlines,4h 35m,True,2026-02-12T13:24:07.288692
2026-10-24,BKK,departure,09:50,ICN Seoul,KE660,Korean Air,5h 30m,True,2026-02-12T13:24:07.416688
2026-10-24,BKK,departure,09:55,DXB Dubai,EK375,Emirates,6h 5m,True,2026-02-12T13:24:07.538857
2026-10-24,BKK,departure,09:55,CNX Chiang Mai,PG223,Bangkok Airways,1h 20m,True,2026-02-12T13:24:07.658482
2026-10-24,BKK,departure,09:55,LPQ Luang Prabang,PG941,Bangkok Airways,2h 10m,True,2026-02-12T13:24:07.814142
2026-10-24,BKK,departure,09:55,USM Koh Samui,PG129,Bangkok Airways,1h 10m,True,2026-02-12T13:24:07.903657
2026-10-24,BKK,departure,09:55,DOH Doha,QR839,Qatar Airways,6h 55m,True,2026-02-12T13:24:07.989926
2026-10-24,BKK,departure,09:55,CNX Chiang Mai,TG104,Thai Airways,1h 20m,True,2026-02-12T13:24:08.079374
2026-10-24,BKK,departure,09:55,CNX Chiang Mai,VZ102,Vietjet Thailand,1h 20m,True,2026-02-12T13:24:08.165097
2026-10-24,BKK,departure,10:00,PEK Beijing,TG614,Thai Airways,4h 45m,True,2026-02-12T13:24:08.252394
2026-10-24,BKK,departure,10:05,CCU Kolkata,6E1058,IndiGo,2h 40m,True,2026-02-12T13:24:08.482353
2026-10-24,BKK,departure,10:05,USM Koh Samui,PG125,Bangkok Airways,1h 10m,True,2026-02-12T13:24:08.587213
2026-10-24,BKK,departure,10:05,CDG Paris,SB500,Aircalin,12h 45m,True,2026-02-12T13:24:08.669744
2026-10-24,BKK,departure,10:10,USM Koh Samui,PG127,Bangkok Airways,1h 30m,True,2026-02-12T13:24:08.754886
2026-10-24,BKK,departure,10:10,HKG Hong Kong,UO705,HK Express,3h 10m,True,2026-02-12T13:24:08.837445
2026-10-24,BKK,departure,10:15,RGN Yangon,8M336,MAI,1h 20m,True,2026-02-12T13:24:08.924593
2026-10-24,BKK,departure,10:15,ALA Almaty,KC932,Air Astana,6h 40m,True,2026-02-12T13:24:09.008314
2026-10-24,BKK,departure,10:15,SVO Moscow,SU271,Aeroflot,9h 45m,True,2026-02-12T13:24:09.092295
2026-10-24,BKK,departure,10:15,KTM Kathmandu,TG319,Thai Airways,3h 25m,True,2026-02-12T13:24:09.321065
2026-10-24,BKK,departure,10:20,HKT Phuket,VZ304,Vietjet Thailand,1h 30m,True,2026-02-12T13:24:09.410331
2026-10-24,BKK,departure,10:30,NST Nakhon Si Thammarat,FD4231,Thai AirAsia,1h 25m,True,2026-02-12T13:24:09.498866
2026-10-24,BKK,departure,10:30,CAN Guangzhou,TG668,Thai Airways,3h 0m,True,2026-02-12T13:24:09.590580
2026-10-24,BKK,departure,10:30,HKG Hong Kong,TG628,Thai Airways,2h 50m,True,2026-02-12T13:24:09.680432
2026-10-24,BKK,departure,10:30,KKC Khon Kaen,TG42,Thai Airways,1h 5m,True,2026-02-12T13:24:09.772944
2026-10-24,BKK,departure,10:35,MFM Macau,NX995,Air Macau,2h 45m,True,2026-02-12T13:24:09.860687
2026-10-24,BKK,departure,10:35,DAC Dhaka,TG321,Thai Airways,2h 35m,True,2026-02-12T13:24:09.957279
2026-10-24,BKK,departure,10:40,HKT Phuket,PG275,Bangkok Airways,1h 30m,True,2026-02-12T13:24:10.048372
2026-10-24,BKK,departure,10:45,CNX Chiang Mai,FD4106,Thai AirAsia,1h 20m,True,2026-02-12T13:24:10.138988
2026-10-24,BKK,departure,10:45,KMG Kunming,TG612,Thai Airways,2h 15m,True,2026-02-12T13:24:10.219968
2026-10-24,BKK,departure,10:45,PVG Shanghai,TG664,Thai Airways,4h 15m,True,2026-02-12T13:24:10.314114
2026-10-24,BKK,departure,10:50,DEL Delhi,6E1064,IndiGo,4h 35m,True,2026-02-12T13:24:10.406195
2026-10-24,BKK,departure,10:50,TPE Taipei,CI834,China Airlines,3h 40m,True,2026-02-12T13:24:10.496852
2026-10-24,BKK,departure,10:50,NNG Nanning,GX8910,GX Airlines,2h 5m,True,2026-02-12T13:24:10.612063
2026-10-24,BKK,departure,10:50,HKT Phuket,TG207,Thai Airways,1h 30m,True,2026-02-12T13:24:10.732879
2026-10-24,BKK,departure,10:50,TFU Chengdu,TG618,Thai Airways,3h 10m,True,2026-02-12T13:24:10.857665
2026-10-24,BKK,departure,10:50,DAD Da Nang,VZ960,Vietjet Thailand,1h 40m,True,2026-02-12T13:24:10.980228
2026-10-24,BKK,departure,10:55,SAI Siem Reap,PG905,Bangkok Airways,1h 20m,True,2026-02-12T13:24:11.102402
2026-10-24,BKK,departure,10:55,SIN Singapore,TR625,Scoot,2h 30m,True,2026-02-12T13:24:11.223234
2026-10-24,BKK,departure,11:00,HKG Hong Kong,CX750,Cathay Pacific,3h 10m,True,2026-02-12T13:24:11.341836
2026-10-24,BKK,departure,11:00,HDY Hat Yai,VZ324,Vietjet Thailand,1h 30m,True,2026-02-12T13:24:11.460576
2026-10-24,BKK,departure,11:00,UBP Ubon Ratchathani,VZ220,Vietjet Thailand,1h 10m,True,2026-02-12T13:24:11.618627
2026-10-24,BKK,departure,11:05,HAK Haikou,HU7940,Hainan Airlines,2h 25m,True,2026-02-12T13:24:11.704301
2026-10-24,BKK,departure,11:05,KUL Kuala Lumpur,MH785,Malaysia Airlines,2h 10m,True,2026-02-12T13:24:11.796058
2026-10-24,BKK,departure,11:10,TPE Taipei,BR62,EVA Air,3h 55m,True,2026-02-12T13:24:11.885659
2026-10-24,BKK,departure,11:10,CNX Chiang Mai,FD4100,Thai AirAsia,1h 20m,True,2026-02-12T13:24:11.979394
2026-10-24,BKK,departure,11:15,SIN Singapore,TG413,Thai Airways,2h 15m,True,2026-02-12T13:24:12.067582
2026-10-24,BKK,departure,11:20,CAN Guangzhou,CZ358,China Southern,2h 50m,True,2026-02-12T13:24:12.154735
2026-10-24,BKK,departure,11:20,NAW Narathiwat,FD4252,Thai AirAsia,1h 35m,True,2026-02-12T13:24:12.246661
2026-10-24,BKK,departure,11:20,SHJ Sharjah,G9824,Air Arabia,6h 25m,True,2026-02-12T13:24:12.334729
2026-10-24,BKK,departure,11:20,SGN Ho Chi Minh City,VN600,Vietnam Airlines,1h 45m,True,2026-02-12T13:24:12.429810
2026-10-24,BKK,departure,11:25,MNL Manila,5J930,Cebu Pacific,3h 50m,True,2026-02-12T13:24:12.518624
2026-10-24,BKK,departure,11:25,CDG Paris,AF199,Air France,12h 25m,True,2026-02-12T13:24:12.607638
2026-10-24,BKK,departure,11:25,KKC Khon Kaen,FD4501,Thai AirAsia,1h 10m,True,2026-02-12T13:24:12.697640
2026-10-24,BKK,departure,11:25,VTE Vientiane,TG570,Thai Airways,1h 15m,True,2026-02-12T13:24:12.789526
2026-10-24,BKK,departure,11:30,MDL Mandalay,8M338,MAI,1h 50m,True,2026-02-12T13:24:12.882372
2026-10-24,BKK,departure,11:30,XIY Xian,9C6300,Spring Airlines,3h 50m,True,2026-02-12T13:24:12.968631
2026-10-24,BKK,departure,11:30,SGN Ho Chi Minh City,VJ802,VietJet,1h 30m,True,2026-02-12T13:24:13.057682
2026-10-24,BKK,departure,11:35,KTI Phnom Penh,KR702,Cambodia Airways,1h 15m,True,2026-02-12T13:24:13.149201
2026-10-24,BKK,departure,11:35,CEI Chiang Rai,TG132,Thai Airways,1h 35m,True,2026-02-12T13:24:13.236243
2026-10-24,BKK,departure,11:40,TDX Trat,PG305,Bangkok Airways,1h 0m,True,2026-02-12T13:24:13.324353
2026-10-24,BKK,departure,11:40,USM Koh Samui,PG133,Bangkok Airways,1h 5m,True,2026-02-12T13:24:13.415215
2026-10-24,BKK,departure,11:40,CNX Chiang Mai,TG106,Thai Airways,1h 20m,True,2026-02-12T13:24:13.508990
2026-10-24,BKK,departure,11:45,NNG Nanning,9C7486,Spring Airlines,2h 20m,True,2026-02-12T13:24:13.595874
2026-10-24,BKK,departure,11:45,CKG Chongqing,HU424,Hainan Airlines,3h 20m,True,2026-02-12T13:24:13.684862
2026-10-24,BKK,departure,11:45,KHH Kaohsiung,TG630,Thai Airways,3h 30m,True,2026-02-12T13:24:13.775020
2026-10-24,BKK,departure,11:50,AMS Amsterdam,BR75,EVA Air,12h 35m,True,2026-02-12T13:24:13.866464
2026-10-24,BKK,departure,11:50,PVG Shanghai,FM854,Shanghai Airlines,4h 20m,True,2026-02-12T13:24:13.959040
2026-10-24,BKK,departure,11:55,HYD Hyderabad,6E1068,IndiGo,3h 30m,True,2026-02-12T13:24:14.045466
2026-10-24,BKK,departure,11:55,KWI Kuwait,KU412,Kuwait Airways,7h 20m,True,2026-02-12T13:24:14.133024
2026-10-24,BKK,departure,11:55,HAN Hanoi,VN610,Vietnam Airlines,1h 55m,True,2026-02-12T13:24:14.259798
2026-10-24,BKK,departure,12:00,FOC Fuzhou,9C7302,Spring Airlines,3h 30m,True,2026-02-12T13:24:14.389797
2026-10-24,BKK,departure,12:05,HKG Hong Kong,CX774,Cathay Pacific,3h 10m,True,2026-02-12T13:24:14.515290
2026-10-24,BKK,departure,12:05,AMS Amsterdam,KL844,KLM,12h 5m,True,2026-02-12T13:24:14.649109
2026-10-24,BKK,departure,12:10,SZX Shenzhen,ZH310,Shenzhen Airlines,2h 55m,True,2026-02-12T13:24:14.757510
2026-10-24,BKK,departure,12:15,SWA Jieyang,CZ8356,China Southern,3h 5m,True,2026-02-12T13:24:14.881448
2026-10-24,BKK,departure,12:15,XMN Xiamen,MF854,XiamenAir,3h 15m,True,2026-02-12T13:24:15.005648
2026-10-24,BKK,departure,12:15,SIN Singapore,SQ707,Singapore Airlines,2h 35m,True,2026-02-12T13:24:15.177543
2026-10-24,BKK,departure,12:15,UTH Udon Thani,TG4,Thai Airways,1h 10m,True,2026-02-12T13:24:15.267349
2026-10-24,BKK,departure,12:20,BLR Bengaluru,6E1056,IndiGo,3h 40m,True,2026-02-12T13:24:15.353084
2026-10-24,BKK,departure,12:20,LHR London,BR67,EVA Air,13h 0m,True,2026-02-12T13:24:15.439381
2026-10-24,BKK,departure,12:20,CNX Chiang Mai,FD4118,Thai AirAsia,1h 20m,True,2026-02-12T13:24:15.525154
2026-10-24,BKK,departure,12:20,HKT Phuket,FD4110,Thai AirAsia,1h 35m,True,2026-02-12T13:24:15.607538
2026-10-24,BKK,departure,12:20,ICN Seoul,OZ744,Asiana,5h 20m,True,2026-02-12T13:24:15.691637
2026-10-24,BKK,departure,12:20,CNX Chiang Mai,VZ110,Vietjet Thailand,1h 20m,True,2026-02-12T13:24:15.783128
2026-10-24,BKK,departure,12:25,TPE Taipei,BR212,EVA Air,3h 50m,True,2026-02-12T13:24:15.872406
2026-10-24,BKK,departure,12:25,CNX Chiang Mai,PG217,Bangkok Airways,1h 20m,True,2026-02-12T13:24:15.966112
2026-10-24,BKK,departure,12:25,FRA Frankfurt,TG922,Thai Airways,11h 35m,True,2026-02-12T13:24:16.052316
2026-10-24,BKK,departure,12:30,HKG Hong Kong,CX754,Cathay Pacific,3h 10m,True,2026-02-12T13:24:16.144060
2026-10-24,BKK,departure,12:30,HDY Hat Yai,TG263,Thai Airways,1h 30m,True,2026-02-12T13:24:16.230087
2026-10-24,BKK,departure,12:35,ZRH Zurich,LX181,SWISS,12h 0m,True,2026-02-12T13:24:16.318824
2026-10-24,BKK,departure,12:35,HKT Phuket,PG273,Bangkok Airways,1h 30m,True,2026-02-12T13:24:16.413128
2026-10-24,BKK,departure,12:35,LHR London,TG916,Thai Airways,12h 40m,True,2026-02-12T13:24:16.498675
2026-10-24,BKK,departure,12:40,CAN Guangzhou,CZ8080,China Southern,3h 0m,True,2026-02-12T13:24:16.584921
2026-10-24,BKK,departure,12:40,SZX Shenzhen,CZ8076,China Southern,3h 0m,True,2026-02-12T13:24:16.680726
2026-10-24,BKK,departure,12:40,USM Koh Samui,PG135,Bangkok Airways,1h 5m,True,2026-02-12T13:24:16.767369
2026-10-24,BKK,departure,12:40,DPS Denpasar,TG439,Thai Airways,4h 20m,True,2026-02-12T13:24:16.854751
2026-10-24,BKK,departure,12:40,TPE Taipei,TG634,Thai Airways,3h 40m,True,2026-02-12T13:24:16.948585
2026-10-24,BKK,departure,12:50,HGH Hangzhou,JD420,Capital Airlines,4h 0m,True,2026-02-12T13:24:17.040392
2026-10-24,BKK,departure,12:55,IKT Irkutsk,SU659,Aeroflot,6h 20m,True,2026-02-12T13:24:17.129788
2026-10-24,BKK,departure,13:00,HND Tokyo,TG660,Thai Airways,6h 10m,True,2026-02-12T13:24:17.219029
2026-10-24,BKK,departure,13:05,KTI Phnom Penh,K6723,Air Cambodia,1h 15m,True,2026-02-12T13:24:17.302121
2026-10-24,BKK,departure,13:05,NST Nakhon Si Thammarat,VZ334,Vietjet Thailand,1h 20m,True,2026-02-12T13:24:17.397454
2026-10-24,BKK,departure,13:10,TPE Taipei,JX742,Starlux,3h 50m,True,2026-02-12T13:24:17.480894
2026-10-24,BKK,departure,13:10,HKT Phuket,VZ2300,Vietjet Thailand,1h 30m,True,2026-02-12T13:24:17.564584
2026-10-24,BKK,departure,13:15,SVO Moscow,SU273,Aeroflot,9h 45m,True,2026-02-12T13:24:17.648608
2026-10-24,BKK,departure,13:15,UTH Udon Thani,VZ204,Vietjet Thailand,1h 10m,True,2026-02-12T13:24:17.774173
2026-10-24,BKK,departure,13:20,TPE Taipei,CI832,China Airlines,3h 40m,True,2026-02-12T13:24:17.901511
2026-10-24,BKK,departure,13:20,KMG Kunming,MU6088,China Eastern,2h 25m,True,2026-02-12T13:24:18.025741
2026-10-24,BKK,departure,13:25,MNL Manila,PR731,PAL,3h 35m,True,2026-02-12T13:24:18.150742
2026-10-24,BKK,departure,13:25,CEI Chiang Rai,VZ132,Vietjet Thailand,1h 25m,True,2026-02-12T13:24:18.258763
2026-10-24,BKK,departure,13:30,BWN Bandar Seri Begawan,BI514,Royal Brunei Airlines,2h 45m,True,2026-02-12T13:24:18.379313
2026-10-24,BKK,departure,13:30,CNX Chiang Mai,TG110,Thai Airways,1h 20m,True,2026-02-12T13:24:18.503810
2026-10-24,BKK,departure,13:35,PVG Shanghai,MU542,China Eastern,4h 40m,True,2026-02-12T13:24:18.670339
2026-10-24,BKK,departure,13:35,KTI Phnom Penh,TK52,Turkish Airlines,1h 30m,True,2026-02-12T13:24:18.760305
2026-10-24,BKK,departure,13:40,USM Koh Samui,PG145,Bangkok Airways,1h 5m,True,2026-02-12T13:24:18.844869
2026-10-24,BKK,departure,13:40,CNX Chiang Mai,VZ106,Vietjet Thailand,1h 20m,True,2026-02-12T13:24:18.929867
2026-10-24,BKK,departure,13:45,TFU Chengdu,9C7502,Spring Airlines,3h 15m,True,2026-02-12T13:24:19.012814
2026-10-24,BKK,departure,13:45,CAN Guangzhou,CZ8100,China Southern,3h 0m,True,2026-02-12T13:24:19.095349
2026-10-24,BKK,departure,13:50,PVG Shanghai,9C7422,Spring Airlines,4h 15m,True,2026-02-12T13:24:19.178411
2026-10-24,BKK,departure,13:50,PEK Beijing,HU430,Hainan Airlines,5h 5m,True,2026-02-12T13:24:19.263900
2026-10-24,BKK,departure,13:50,SIN Singapore,TG407,Thai Airways,2h 15m,True,2026-02-12T13:24:19.347370
2026-10-24,BKK,departure,13:50,SGN Ho Chi Minh City,VJ804,VietJet,1h 30m,True,2026-02-12T13:24:19.438833
2026-10-24,BKK,departure,13:55,HND Tokyo,NH878,ANA,6h 20m,True,2026-02-12T13:24:19.519817
2026-10-24,BKK,departure,13:55,USM Koh Samui,PG149,Bangkok Airways,1h 30m,True,2026-02-12T13:24:19.605360
2026-10-24,BKK,departure,13:55,HKT Phuket,TG211,Thai Airways,1h 30m,True,2026-02-12T13:24:19.685885
2026-10-24,BKK,departure,13:55,CMB Colombo,UL405,SriLankan Airlines,3h 20m,True,2026-02-12T13:24:19.770891
2026-10-24,BKK,departure,14:00,HKG Hong Kong,TG638,Thai Airways,2h 45m,True,2026-02-12T13:24:19.853406
2026-10-24,BKK,departure,14:00,HAN Hanoi,VJ902,VietJet,1h 50m,True,2026-02-12T13:24:19.940432
2026-10-24,BKK,departure,14:05,XIY Xian,9C6294,Spring Airlines,3h 50m,True,2026-02-12T13:24:20.022887
2026-10-24,BKK,departure,14:05,USM Koh Samui,PG147,Bangkok Airways,1h 5m,True,2026-02-12T13:24:20.108370
2026-10-24,BKK,departure,14:10,KKC Khon Kaen,TG44,Thai Airways,1h 0m,True,2026-02-12T13:24:20.190888
2026-10-24,BKK,departure,14:15,HKG Hong Kong,EK384,Emirates,3h 0m,True,2026-02-12T13:24:20.277868
2026-10-24,BKK,departure,14:15,CGK Jakarta,ET628,Ethiopian,3h 45m,True,2026-02-12T13:24:20.364378
2026-10-24,BKK,departure,14:15,CGK Jakarta,GA867,Garuda Indonesia,3h 35m,True,2026-02-12T13:24:20.457416
2026-10-24,BKK,departure,14:15,KUL Kuala Lumpur,MH789,Malaysia Airlines,2h 15m,True,2026-02-12T13:24:20.540408
2026-10-24,BKK,departure,14:20,CGK Jakarta,TG435,Thai Airways,3h 35m,True,2026-02-12T13:24:20.622843
2026-10-24,BKK,departure,14:20,MNL Manila,TG624,Thai Airways,3h 25m,True,2026-02-12T13:24:20.703814
2026-10-24,BKK,departure,14:25,NGB Ningbo,9C7432,Spring Airlines,4h 15m,True,2026-02-12T13:24:20.787895
2026-10-24,BKK,departure,14:25,SGN Ho Chi Minh City,VN604,Vietnam Airlines,1h 50m,True,2026-02-12T13:24:20.871402
2026-10-24,BKK,departure,14:30,CEI Chiang Rai,FD4152,Thai AirAsia,1h 25m,True,2026-02-12T13:24:20.959434
2026-10-24,BKK,departure,14:30,SGN Ho Chi Minh City,VU130,Vietravel Airlines,1h 40m,True,2026-02-12T13:24:21.040915
2026-10-24,BKK,departure,14:30,KBV Krabi,VZ342,Vietjet Thailand,1h 25m,True,2026-02-12T13:24:21.137438
2026-10-24,BKK,departure,14:35,KBV Krabi,FD4400,Thai AirAsia,1h 35m,True,2026-02-12T13:24:21.257969
2026-10-24,BKK,departure,14:35,PQC Phu Quoc,VZ982,Vietjet Thailand,1h 20m,True,2026-02-12T13:24:21.379545
2026-10-24,BKK,departure,14:40,DAC Dhaka,BS218,US-Bangla Airlines,2h 40m,True,2026-02-12T13:24:21.502988
2026-10-24,BKK,departure,14:40,PNQ Pune,IX241,Air India Express,4h 15m,True,2026-02-12T13:24:21.631658
2026-10-24,BKK,departure,14:40,USM Koh Samui,PG151,Bangkok Airways,1h 5m,True,2026-02-12T13:24:21.738641
2026-10-24,BKK,departure,14:45,BOM Mumbai,AI2353,Air India,4h 40m,True,2026-02-12T13:24:21.861114
2026-10-24,BKK,departure,14:45,HKT Phuket,FD4112,Thai AirAsia,1h 30m,True,2026-02-12T13:24:21.982708
2026-10-24,BKK,departure,14:45,HKT Phuket,TG215,Thai Airways,1h 30m,True,2026-02-12T13:24:22.140815
2026-10-24,BKK,departure,14:45,UBP Ubon Ratchathani,VZ224,Vietjet Thailand,1h 10m,True,2026-02-12T13:24:22.226249
2026-10-24,BKK,departure,14:55,VVO Vladivostok,SU645,Aeroflot,6h 35m,True,2026-02-12T13:24:22.315717
2026-10-24,BKK,departure,14:55,CNX Chiang Mai,TG112,Thai Airways,1h 20m,True,2026-02-12T13:24:22.405757
2026-10-24,BKK,departure,15:00,SWA Jieyang,9C6194,Spring Airlines,2h 55m,True,2026-02-12T13:24:22.498280
2026-10-24,BKK,departure,15:00,HKG Hong Kong,CX654,Cathay Pacific,3h 5m,True,2026-02-12T13:24:22.585802
2026-10-24,BKK,departure,15:00,USM Koh Samui,PG157,Bangkok Airways,1h 30m,True,2026-02-12T13:24:22.672797
2026-10-24,BKK,departure,15:05,CAN Guangzhou,CZ5096,China Southern,3h 0m,True,2026-02-12T13:24:22.760861
2026-10-24,BKK,departure,15:05,AUH Abu Dhabi,EY405,Etihad,7h 15m,True,2026-02-12T13:24:22.850872
2026-10-24,BKK,departure,15:05,CAN Guangzhou,KQ886,Kenya Airways,3h 0m,True,2026-02-12T13:24:22.941938
2026-10-24,BKK,departure,15:10,TPE Taipei,BR202,EVA Air,3h 50m,True,2026-02-12T13:24:23.032932
2026-10-24,BKK,departure,15:15,DEL Delhi,AI2356,Air India,4h 30m,True,2026-02-12T13:24:23.119468
2026-10-24,BKK,departure,15:20,MFM Macau,NX935,Air Macau,2h 30m,True,2026-02-12T13:24:23.207452
2026-10-24,BKK,departure,15:25,RUH Riyadh,SV847,Saudia,7h 25m,True,2026-02-12T13:24:23.294888
2026-10-24,BKK,departure,15:25,SIN Singapore,TR605,Scoot,2h 30m,True,2026-02-12T13:24:23.387441
2026-10-24,BKK,departure,15:25,CNX Chiang Mai,VZ108,Vietjet Thailand,1h 20m,True,2026-02-12T13:24:23.478426
2026-10-24,BKK,departure,15:25,HKT Phuket,VZ306,Vietjet Thailand,1h 30m,True,2026-02-12T13:24:23.562910
2026-10-24,BKK,departure,15:30,BFV Buri Ram,FD4511,Thai AirAsia,1h 5m,True,2026-02-12T13:24:23.652885
2026-10-24,BKK,departure,15:30,USM Koh Samui,PG165,Bangkok Airways,1h 5m,True,2026-02-12T13:24:23.737405
2026-10-24,BKK,departure,15:30,SIN Singapore,SQ709,Singapore Airlines,2h 30m,True,2026-02-12T13:24:23.820870
2026-10-24,BKK,departure,15:30,UTH Udon Thani,VZ202,Vietjet Thailand,1h 10m,True,2026-02-12T13:24:23.913854
2026-10-24,BKK,departure,15:40,RGN Yangon,8M334,MAI,1h 20m,True,2026-02-12T13:24:24.009398
2026-10-24,BKK,departure,15:40,CNX Chiang Mai,FD4102,Thai AirAsia,1h 15m,True,2026-02-12T13:24:24.095874
2026-10-24,BKK,departure,15:45,LJG Lijiang,DR5042,Ruili Airlines,2h 40m,True,2026-02-12T13:24:24.182960
2026-10-24,BKK,departure,15:45,USM Koh Samui,PG171,Bangkok Airways,1h 5m,True,2026-02-12T13:24:24.266469
2026-10-24,BKK,departure,15:45,HKG Hong Kong,UA821,United,3h 0m,True,2026-02-12T13:24:24.355473
2026-10-24,BKK,departure,15:45,SGN Ho Chi Minh City,VJ800,VietJet,1h 30m,True,2026-02-12T13:24:24.443404
2026-10-24,BKK,departure,15:50,PVG Shanghai,9C7280,Spring Airlines,4h 25m,True,2026-02-12T13:24:24.531461
2026-10-24,BKK,departure,15:50,NKG Nanjing,JD620,Capital Airlines,4h 5m,True,2026-02-12T13:24:24.631909
2026-10-24,BKK,departure,15:50,DAD Da Nang,VZ962,Vietjet Thailand,1h 40m,True,2026-02-12T13:24:24.751559
2026-10-24,BKK,departure,15:55,CAN Guangzhou,CZ3082,China Southern,3h 5m,True,2026-02-12T13:24:24.878633
2026-10-24,BKK,departure,15:55,HKG Hong Kong,HX776,Hong Kong Airlines,3h 0m,True,2026-02-12T13:24:25.003200
2026-10-24,BKK,departure,15:55,KMG Kunming,MU742,China Eastern,2h 30m,True,2026-02-12T13:24:25.128789
2026-10-24,BKK,departure,15:55,HAN Hanoi,VN614,Vietnam Airlines,1h 55m,True,2026-02-12T13:24:25.244144
2026-10-24,BKK,departure,16:00,THS Sukhothai,PG213,Bangkok Airways,1h 20m,True,2026-02-12T13:24:25.370928
2026-10-24,BKK,departure,16:00,USM Koh Samui,PG167,Bangkok Airways,1h 5m,True,2026-02-12T13:24:25.491941
2026-10-24,BKK,departure,16:00,UBP Ubon Ratchathani,TG28,Thai Airways,1h 10m,True,2026-02-12T13:24:25.644424
2026-10-24,BKK,departure,16:10,HDY Hat Yai,FD4204,Thai AirAsia,1h 30m,True,2026-02-12T13:24:25.729400
2026-10-24,BKK,departure,16:15,DAC Dhaka,BG389,Biman,2h 45m,True,2026-02-12T13:24:25.816336
2026-10-24,BKK,departure,16:15,TDX Trat,PG307,Bangkok Airways,1h 0m,True,2026-02-12T13:24:25.907855
2026-10-24,BKK,departure,16:15,USM Koh Samui,PG159,Bangkok Airways,1h 35m,True,2026-02-12T13:24:25.994309
2026-10-24,BKK,departure,16:15,HKG Hong Kong,UO701,HK Express,3h 0m,True,2026-02-12T13:24:26.079248
2026-10-24,BKK,departure,16:25,HKG Hong Kong,CX706,Cathay Pacific,3h 0m,True,2026-02-12T13:24:26.168262
2026-10-24,BKK,departure,16:25,SIN Singapore,TG409,Thai Airways,2h 15m,True,2026-02-12T13:24:26.251828
2026-10-24,BKK,departure,16:35,CNX Chiang Mai,FD4108,Thai AirAsia,1h 20m,True,2026-02-12T13:24:26.338795
2026-10-24,BKK,departure,16:40,USM Koh Samui,PG169,Bangkok Airways,1h 5m,True,2026-02-12T13:24:26.426296
2026-10-24,BKK,departure,16:40,KUL Kuala Lumpur,TG417,Thai Airways,2h 10m,True,2026-02-12T13:24:26.513793
2026-10-24,BKK,departure,16:45,KWE Guiyang,AQ1208,9 Air,2h 5m,True,2026-02-12T13:24:26.598788
2026-10-24,BKK,departure,16:45,TPE Taipei,BR68,EVA Air,3h 45m,True,2026-02-12T13:24:26.687749
2026-10-24,BKK,departure,16:50,PVG Shanghai,FM834,Shanghai Airlines,4h 35m,True,2026-02-12T13:24:26.776171
2026-10-24,BKK,departure,17:00,HKT Phuket,PG277,Bangkok Airways,1h 30m,True,2026-02-12T13:24:26.867700
2026-10-24,BKK,departure,17:00,IKT Irkutsk,S76310,S7 Airlines,6h 25m,True,2026-02-12T13:24:26.954224
2026-10-24,BKK,departure,17:00,CEI Chiang Rai,TG136,Thai Airways,1h 20m,True,2026-02-12T13:24:27.038298
2026-10-24,BKK,departure,17:00,KTI Phnom Penh,VZ722,Vietjet Thailand,1h 15m,True,2026-02-12T13:24:27.125777
2026-10-24,BKK,departure,17:05,HKT Phuket,TG217,Thai Airways,1h 30m,True,2026-02-12T13:24:27.212348
2026-10-24,BKK,departure,17:05,RGN Yangon,TG303,Thai Airways,1h 25m,True,2026-02-12T13:24:27.302371
2026-10-24,BKK,departure,17:05,URT Surat Thani,VZ352,Vietjet Thailand,1h 15m,True,2026-02-12T13:24:27.390397
2026-10-24,BKK,departure,17:10,DEL Delhi,6E1054,IndiGo,4h 20m,True,2026-02-12T13:24:27.477364
2026-10-24,BKK,departure,17:10,KTI Phnom Penh,K6725,Air Cambodia,1h 10m,True,2026-02-12T13:24:27.565895
2026-10-24,BKK,departure,17:10,LYA Luoyang,UQ2642,Urumqi Airlines,4h 10m,True,2026-02-12T13:24:27.655925
2026-10-24,BKK,departure,17:15,KUL Kuala Lumpur,MH783,Malaysia Airlines,2h 15m,True,2026-02-12T13:24:27.742959
2026-10-24,BKK,departure,17:15,TPE Taipei,TG636,Thai Airways,3h 55m,True,2026-02-12T13:24:27.825763
2026-10-24,BKK,departure,17:20,KTI Phnom Penh,PG935,Bangkok Airways,1h 15m,True,2026-02-12T13:24:27.917662
2026-10-24,BKK,departure,17:25,SZX Shenzhen,CZ8324,China Southern,3h 40m,True,2026-02-12T13:24:28.048389
2026-10-24,BKK,departure,17:25,SAI Siem Reap,PG907,Bangkok Airways,1h 20m,True,2026-02-12T13:24:28.172451
2026-10-24,BKK,departure,17:30,TPE Taipei,CI836,China Airlines,3h 35m,True,2026-02-12T13:24:28.294158
2026-10-24,BKK,departure,17:30,HKG Hong Kong,CX708,Cathay Pacific,3h 0m,True,2026-02-12T13:24:28.425296
2026-10-24,BKK,departure,17:30,HGH Hangzhou,GJ8022,Loong Air,4h 5m,True,2026-02-12T13:24:28.542387
2026-10-24,BKK,departure,17:30,USM Koh Samui,PG173,Bangkok Airways,1h 10m,True,2026-02-12T13:24:28.664407
2026-10-24,BKK,departure,17:30,HKT Phuket,VZ2304,Vietjet Thailand,1h 30m,True,2026-02-12T13:24:28.791781
2026-10-24,BKK,departure,17:30,KKC Khon Kaen,VZ214,Vietjet Thailand,1h 5m,True,2026-02-12T13:24:28.955684
2026-10-24,BKK,departure,17:35,KKC Khon Kaen,TG46,Thai Airways,1h 0m,True,2026-02-12T13:24:29.041647
2026-10-24,BKK,departure,17:35,SGN Ho Chi Minh City,TG556,Thai Airways,1h 30m,True,2026-02-12T13:24:29.127445
2026-10-24,BKK,departure,17:40,HKT Phuket,FD4122,Thai AirAsia,1h 30m,True,2026-02-12T13:24:29.217400
2026-10-24,BKK,departure,17:40,XMN Xiamen,MF834,XiamenAir,3h 25m,True,2026-02-12T13:24:29.299446
2026-10-24,BKK,departure,17:45,CGK Jakarta,GA869,Garuda Indonesia,3h 40m,True,2026-02-12T13:24:29.386077
2026-10-24,BKK,departure,17:50,TPE Taipei,JX746,Starlux,3h 50m,True,2026-02-12T13:24:29.477491
2026-10-24,BKK,departure,17:50,CNX Chiang Mai,PG219,Bangkok Airways,1h 20m,True,2026-02-12T13:24:29.564459
2026-10-24,BKK,departure,17:50,HAN Hanoi,TG564,Thai Airways,1h 50m,True,2026-02-12T13:24:29.656271
2026-10-24,BKK,departure,17:55,DEL Delhi,AI2335,Air India,4h 30m,True,2026-02-12T13:24:29.747328
2026-10-24,BKK,departure,17:55,CNX Chiang Mai,VZ122,Vietjet Thailand,1h 20m,True,2026-02-12T13:24:29.837284
2026-10-24,BKK,departure,18:00,SIN Singapore,TR611,Scoot,2h 25m,True,2026-02-12T13:24:29.927465
2026-10-24,BKK,departure,18:00,CEI Chiang Rai,VZ134,Vietjet Thailand,1h 25m,True,2026-02-12T13:24:30.054098
2026-10-24,BKK,departure,18:05,TFU Chengdu,3U3936,Sichuan Airlines,3h 5m,True,2026-02-12T13:24:30.155066
2026-10-24,BKK,departure,18:05,CAN Guangzhou,CZ8024,China Southern,3h 10m,True,2026-02-12T13:24:30.237688
2026-10-24,BKK,departure,18:05,DAD Da Nang,VN626,Vietnam Airlines,1h 40m,True,2026-02-12T13:24:30.325594
2026-10-24,BKK,departure,18:10,SYD Sydney,QF24,Qantas,9h 15m,True,2026-02-12T13:24:30.412274
2026-10-24,BKK,departure,18:10,TAO Qingdao,QW918,Qingdao Airlines,4h 45m,True,2026-02-12T13:24:30.504034
2026-10-24,BKK,departure,18:10,HKG Hong Kong,TG602,Thai Airways,2h 50m,True,2026-02-12T13:24:30.592501
2026-10-24,BKK,departure,18:20,TFU Chengdu,CA472,Air China,3h 15m,True,2026-02-12T13:24:30.683950
2026-10-24,BKK,departure,18:20,KHH Kaohsiung,CI840,China Airlines,3h 30m,True,2026-02-12T13:24:30.775710
2026-10-24,BKK,departure,18:20,HKT Phuket,FD4114,Thai AirAsia,1h 30m,True,2026-02-12T13:24:30.868847
2026-10-24,BKK,departure,18:25,SHJ Sharjah,G9817,Air Arabia,6h 25m,True,2026-02-12T13:24:30.955041
2026-10-24,BKK,departure,18:25,TAO Qingdao,QW9898,Qingdao Airlines,4h 15m,True,2026-02-12T13:24:31.043480
2026-10-24,BKK,departure,18:25,KBV Krabi,TG249,Thai Airways,1h 20m,True,2026-02-12T13:24:31.127343
2026-10-24,BKK,departure,18:25,VTE Vientiane,TG574,Thai Airways,1h 20m,True,2026-02-12T13:24:31.217589
2026-10-24,BKK,departure,18:30,SIN Singapore,SQ711,Singapore Airlines,2h 25m,True,2026-02-12T13:24:31.303499
2026-10-24,BKK,departure,18:30,HDY Hat Yai,TG267,Thai Airways,1h 30m,True,2026-02-12T13:24:31.392291
2026-10-24,BKK,departure,18:35,UTH Udon Thani,FD4352,Thai AirAsia,1h 15m,True,2026-02-12T13:24:31.494934
2026-10-24,BKK,departure,18:35,KTI Phnom Penh,TG584,Thai Airways,1h 20m,True,2026-02-12T13:24:31.628762
2026-10-24,BKK,departure,18:40,KBV Krabi,FD4408,Thai AirAsia,1h 35m,True,2026-02-12T13:24:31.752272
2026-10-24,BKK,departure,18:40,KUL Kuala Lumpur,MH775,Malaysia Airlines,2h 15m,True,2026-02-12T13:24:31.873579
2026-10-24,BKK,departure,18:45,HAN Hanoi,VJ904,VietJet,1h 40m,True,2026-02-12T13:24:32.002910
2026-10-24,BKK,departure,18:45,KBV Krabi,VZ344,Vietjet Thailand,1h 25m,True,2026-02-12T13:24:32.119733
2026-10-24,BKK,departure,18:50,PVG Shanghai,9C8892,Spring Airlines,4h 40m,True,2026-02-12T13:24:32.237398
2026-10-24,BKK,departure,18:50,DEL Delhi,TG315,Thai Airways,4h 30m,True,2026-02-12T13:24:32.427662
2026-10-24,BKK,departure,18:55,BOM Mumbai,TG317,Thai Airways,4h 30m,True,2026-02-12T13:24:32.507223
2026-10-24,BKK,departure,19:00,HKG Hong Kong,CX704,Cathay Pacific,2h 55m,True,2026-02-12T13:24:32.588350
2026-10-24,BKK,departure,19:00,CAN Guangzhou,CZ364,China Southern,3h 10m,True,2026-02-12T13:24:32.672723
2026-10-24,BKK,departure,19:00,ISB Islamabad,TG349,Thai Airways,5h 10m,True,2026-02-12T13:24:32.767248
2026-10-24,BKK,departure,19:00,KHI Karachi,TG341,Thai Airways,5h 0m,True,2026-02-12T13:24:32.858387
2026-10-24,BKK,departure,19:00,CNX Chiang Mai,VZ2106,Vietjet Thailand,1h 20m,True,2026-02-12T13:24:32.948839
2026-10-24,BKK,departure,19:05,HAN Hanoi,VN618,Vietnam Airlines,1h 55m,True,2026-02-12T13:24:33.039636
2026-10-24,BKK,departure,19:10,KKC Khon Kaen,FD4503,Thai AirAsia,1h 10m,True,2026-02-12T13:24:33.121590
2026-10-24,BKK,departure,19:10,HKT Phuket,TG221,Thai Airways,1h 30m,True,2026-02-12T13:24:33.212416
2026-10-24,BKK,departure,19:10,SIN Singapore,TG401,Thai Airways,2h 20m,True,2026-02-12T13:24:33.302026
2026-10-24,BKK,departure,19:10,MCT Muscat,WY816,Oman Air,5h 50m,True,2026-02-12T13:24:33.394769
2026-10-24,BKK,departure,19:15,CNX Chiang Mai,TG120,Thai Airways,1h 15m,True,2026-02-12T13:24:33.488588
2026-10-24,BKK,departure,19:20,RGN Yangon,8M332,MAI,1h 20m,True,2026-02-12T13:24:33.575992
2026-10-24,BKK,departure,19:20,HAK Haikou,HU722,Hainan Airlines,2h 25m,True,2026-02-12T13:24:33.659382
2026-10-24,BKK,departure,19:20,USM Koh Samui,PG185,Bangkok Airways,1h 30m,True,2026-02-12T13:24:33.747186
2026-10-24,BKK,departure,19:20,PEN Penang,TG425,Thai Airways,1h 50m,True,2026-02-12T13:24:33.833230
2026-10-24,BKK,departure,19:25,USM Koh Samui,PG183,Bangkok Airways,1h 5m,True,2026-02-12T13:24:33.928407
2026-10-24,BKK,departure,19:30,KMG Kunming,KY8370,Kunming Airlines,2h 35m,True,2026-02-12T13:24:34.019044
2026-10-24,BKK,departure,19:30,MNL Manila,PR737,PAL,3h 35m,True,2026-02-12T13:24:34.094371
2026-10-24,BKK,departure,19:30,SGN Ho Chi Minh City,VN606,Vietnam Airlines,1h 45m,True,2026-02-12T13:24:34.180565
2026-10-24,BKK,departure,19:30,SZX Shenzhen,ZH308,Shenzhen Airlines,2h 55m,True,2026-02-12T13:24:34.266477
2026-10-24,BKK,departure,19:35,PEK Beijing,CA960,Air China,4h 50m,True,2026-02-12T13:24:34.355159
2026-10-24,BKK,departure,19:40,MEL Melbourne,TG465,Thai Airways,8h 50m,True,2026-02-12T13:24:34.440748
2026-10-24,BKK,departure,19:40,HKT Phuket,VZ308,Vietjet Thailand,1h 30m,True,2026-02-12T13:24:34.525386
2026-10-24,BKK,departure,19:45,KUL Kuala Lumpur,MH781,Malaysia Airlines,2h 10m,True,2026-02-12T13:24:34.616627
2026-10-24,BKK,departure,19:45,HKT Phuket,PG279,Bangkok Airways,1h 30m,True,2026-02-12T13:24:34.703216
2026-10-24,BKK,departure,19:45,UTH Udon Thani,TG8,Thai Airways,1h 10m,True,2026-02-12T13:24:34.786321
2026-10-24,BKK,departure,19:45,HKG Hong Kong,UO703,HK Express,2h 55m,True,2026-02-12T13:24:34.873032
2026-10-24,BKK,departure,19:45,HDY Hat Yai,VZ328,Vietjet Thailand,1h 30m,True,2026-02-12T13:24:34.998425
2026-10-24,BKK,departure,19:50,LHE Lahore,TG345,Thai Airways,4h 40m,True,2026-02-12T13:24:35.119529
2026-10-24,BKK,departure,19:55,CKG Chongqing,3U3772,Sichuan Airlines,3h 15m,True,2026-02-12T13:24:35.239810
2026-10-24,BKK,departure,19:55,SGN Ho Chi Minh City,VJ806,VietJet,1h 30m,True,2026-02-12T13:24:35.370610
2026-10-24,BKK,departure,20:00,DOH Doha,QR835,Qatar Airways,6h 55m,True,2026-02-12T13:24:35.475845
2026-10-24,BKK,departure,20:00,AMD Ahmedabad,VZ750,Vietjet Thailand,4h 25m,True,2026-02-12T13:24:35.593182
2026-10-24,BKK,departure,20:00,TPE Taipei,VZ570,Vietjet Thailand,3h 50m,True,2026-02-12T13:24:35.708661
2026-10-24,BKK,departure,20:05,USM Koh Samui,PG193,Bangkok Airways,1h 30m,True,2026-02-12T13:24:35.873169
2026-10-24,BKK,departure,20:10,SAI Siem Reap,EK370,Emirates,1h 20m,True,2026-02-12T13:24:35.960967
2026-10-24,BKK,departure,20:15,BOM Mumbai,6E1060,IndiGo,4h 25m,True,2026-02-12T13:24:36.043321
2026-10-24,BKK,departure,20:15,CNX Chiang Mai,FD4116,Thai AirAsia,1h 20m,True,2026-02-12T13:24:36.125898
2026-10-24,BKK,departure,20:15,HKT Phuket,FD4419,Thai AirAsia,1h 30m,True,2026-02-12T13:24:36.208666
2026-10-24,BKK,departure,20:15,BAH Bahrain,GF153,Gulf Air,6h 40m,True,2026-02-12T13:24:36.291724
2026-10-24,BKK,departure,20:15,SIN Singapore,SQ713,Singapore Airlines,2h 25m,True,2026-02-12T13:24:36.373733
2026-10-24,BKK,departure,20:20,BOM Mumbai,AI2338,Air India,4h 50m,True,2026-02-12T13:24:36.465156
2026-10-24,BKK,departure,20:20,CAN Guangzhou,CZ8020,China Southern,3h 0m,True,2026-02-12T13:24:36.548277
2026-10-24,BKK,departure,20:35,KMG Kunming,KY8368,Kunming Airlines,2h 5m,True,2026-02-12T13:24:36.630920
2026-10-24,BKK,departure,20:35,SIN Singapore,TR617,Scoot,2h 30m,True,2026-02-12T13:24:36.711887
2026-10-24,BKK,departure,20:40,CNX Chiang Mai,VZ118,Vietjet Thailand,1h 20m,True,2026-02-12T13:24:36.792114
2026-10-24,BKK,departure,20:45,RGN Yangon,8M351,MAI,1h 20m,True,2026-02-12T13:24:36.881172
2026-10-24,BKK,departure,20:50,KMG Kunming,MU9614,China Eastern,2h 30m,True,2026-02-12T13:24:36.966193
2026-10-24,BKK,departure,20:50,VTE Vientiane,QV446,Lao Airlines,1h 0m,True,2026-02-12T13:24:37.043822
2026-10-24,BKK,departure,21:00,AUH Abu Dhabi,EY407,Etihad,6h 30m,True,2026-02-12T13:24:37.122790
2026-10-24,BKK,departure,21:00,AMD Ahmedabad,TG343,Thai Airways,4h 40m,True,2026-02-12T13:24:37.203737
2026-10-24,BKK,departure,21:00,HKT Phuket,VZ312,Vietjet Thailand,1h 30m,True,2026-02-12T13:24:37.286551
2026-10-24,BKK,departure,21:05,DOH Doha,QR829,Qatar Airways,6h 50m,True,2026-02-12T13:24:37.370978
2026-10-24,BKK,departure,21:05,SGN Ho Chi Minh City,VN608,Vietnam Airlines,1h 55m,True,2026-02-12T13:24:37.454679
2026-10-24,BKK,departure,21:05,BOM Mumbai,VZ760,Vietjet Thailand,4h 15m,True,2026-02-12T13:24:37.535337
2026-10-24,BKK,departure,21:15,SIN Singapore,SQ719,Singapore Airlines,2h 20m,True,2026-02-12T13:24:37.619738
2026-10-24,BKK,departure,21:15,KTM Kathmandu,TG309,Thai Airways,3h 25m,True,2026-02-12T13:24:37.699360
2026-10-24,BKK,departure,21:30,HKT Phuket,PG287,Bangkok Airways,1h 30m,True,2026-02-12T13:24:37.778336
2026-10-24,BKK,departure,21:35,DXB Dubai,EK373,Emirates,6h 15m,True,2026-02-12T13:24:37.857674
2026-10-24,BKK,departure,21:35,HND Tokyo,NH850,ANA,6h 25m,True,2026-02-12T13:24:37.946385
2026-10-24,BKK,departure,21:40,TFU Chengdu,EU2868,Chengdu Airlines,3h 0m,True,2026-02-12T13:24:38.030102
2026-10-24,BKK,departure,21:40,BNE Brisbane,JQ66,Jetstar,8h 50m,True,2026-02-12T13:24:38.110023
2026-10-24,BKK,departure,21:40,ICN Seoul,KE658,Korean Air,5h 25m,True,2026-02-12T13:24:38.191112
2026-10-24,BKK,departure,21:40,CMB Colombo,TG307,Thai Airways,3h 45m,True,2026-02-12T13:24:38.298520
2026-10-24,BKK,departure,21:40,RGN Yangon,UB18,Myanmar National Airlines,1h 25m,True,2026-02-12T13:24:38.415393
2026-10-24,BKK,departure,21:50,BLR Bengaluru,TG325,Thai Airways,3h 35m,True,2026-02-12T13:24:38.542524
2026-10-24,BKK,departure,21:50,HYD Hyderabad,TG329,Thai Airways,3h 30m,True,2026-02-12T13:24:38.660932
2026-10-24,BKK,departure,21:55,CAN Guangzhou,9C7420,Spring Airlines,3h 5m,True,2026-02-12T13:24:38.769806
2026-10-24,BKK,departure,21:55,MAA Chennai,TG337,Thai Airways,3h 20m,True,2026-02-12T13:24:38.903091
2026-10-24,BKK,departure,21:55,CNX Chiang Mai,VZ2104,Vietjet Thailand,1h 20m,True,2026-02-12T13:24:39.022533
2026-10-24,BKK,departure,22:00,HKG Hong Kong,HX766,Hong Kong Airlines,3h 15m,True,2026-02-12T13:24:39.203549
2026-10-24,BKK,departure,22:05,HND Tokyo,JL34,JAL,6h 15m,True,2026-02-12T13:24:39.290246
2026-10-24,BKK,departure,22:10,NRT Tokyo,TG640,Thai Airways,6h 10m,True,2026-02-12T13:24:39.376049
2026-10-24,BKK,departure,22:15,HAN Hanoi,VN616,Vietnam Airlines,1h 55m,True,2026-02-12T13:24:39.470463
2026-10-24,BKK,departure,22:15,HKT Phuket,VZ316,Vietjet Thailand,1h 30m,True,2026-02-12T13:24:39.559235
2026-10-24,BKK,departure,22:20,ICN Seoul,BX728,Air Busan,5h 45m,True,2026-02-12T13:24:39.646296
2026-10-24,BKK,departure,22:20,SYD Sydney,TG471,Thai Airways,9h 0m,True,2026-02-12T13:24:39.735548
2026-10-24,BKK,departure,22:25,DEL Delhi,AI2303,Air India,4h 45m,True,2026-02-12T13:24:39.827338
2026-10-24,BKK,departure,22:25,ICN Seoul,LJ2,Jin Air,5h 40m,True,2026-02-12T13:24:39.914969
2026-10-24,BKK,departure,22:25,TLV Tel Aviv-Yafo,LY86,El Al,10h 35m,True,2026-02-12T13:24:40.004018
2026-10-24,BKK,departure,22:35,FRA Frankfurt,DE2363,Condor,12h 25m,True,2026-02-12T13:24:40.087302
2026-10-24,BKK,departure,22:45,MFM Macau,NX991,Air Macau,2h 45m,True,2026-02-12T13:24:40.177194
2026-10-24,BKK,departure,22:45,HND Tokyo,TG682,Thai Airways,6h 10m,True,2026-02-12T13:24:40.263940
2026-10-24,BKK,departure,22:45,IST Istanbul,TK69,Turkish Airlines,10h 0m,True,2026-02-12T13:24:40.354678
2026-10-24,BKK,departure,22:50,CRK Angeles,5J944,Cebu Pacific,3h 25m,True,2026-02-12T13:24:40.437633
2026-10-24,BKK,departure,22:55,PUS Busan,BX726,Air Busan,5h 25m,True,2026-02-12T13:24:40.530284
2026-10-24,BKK,departure,22:55,MUC Munich,LH773,Lufthansa,11h 20m,True,2026-02-12T13:24:40.617391
2026-10-24,BKK,departure,22:55,SIN Singapore,TR615,Scoot,2h 30m,True,2026-02-12T13:24:40.706197
2026-10-24,BKK,departure,23:10,ICN Seoul,TG658,Thai Airways,5h 25m,True,2026-02-12T13:24:40.794010
2026-10-24,BKK,departure,23:10,NRT Tokyo,ZG52,Zipair,6h 20m,True,2026-02-12T13:24:40.882168
2026-10-24,BKK,departure,23:15,DEL Delhi,TG331,Thai Airways,4h 30m,True,2026-02-12T13:24:40.967451
2026-10-24,BKK,departure,23:15,IST Istanbul,TK53,Turkish Airlines,10h 15m,True,2026-02-12T13:24:41.062611
2026-10-24,BKK,departure,23:25,RGN Yangon,8M373,MAI,1h 20m,True,2026-02-12T13:24:41.148245
2026-10-24,BKK,departure,23:30,ICN Seoul,KE652,Korean Air,5h 25m,True,2026-02-12T13:24:41.235562
2026-10-24,BKK,departure,23:30,ICN Seoul,TG656,Thai Airways,5h 25m,True,2026-02-12T13:24:41.322805
2026-10-24,BKK,departure,23:35,IST Istanbul,TG900,Thai Airways,10h 0m,True,2026-02-12T13:24:41.416067
2026-10-24,BKK,departure,23:40,PUS Busan,LJ22,Jin Air,5h 20m,True,2026-02-12T13:24:41.503371
2026-10-24,BKK,departure,23:40,VIE Vienna,OS8,Austrian,10h 55m,True,2026-02-12T13:24:41.590345
2026-10-24,BKK,departure,23:40,MNL Manila,PR733,PAL,3h 25m,True,2026-02-12T13:24:41.675262
2026-10-24,BKK,departure,23:45,CCU Kolkata,TG313,Thai Airways,2h 30m,True,2026-02-12T13:24:41.776497
2026-10-24,BKK,departure,23:45,CTS Sapporo,TG670,Thai Airways,6h 45m,True,2026-02-12T13:24:41.897257
2026-10-24,BKK,departure,23:45,FRA Frankfurt,TG920,Thai Airways,11h 30m,True,2026-02-12T13:24:42.020722
2026-10-24,BKK,departure,23:50,DAC Dhaka,TG339,Thai Airways,2h 35m,True,2026-02-12T13:24:42.140337
2026-10-24,BKK,departure,23:50,NRT Tokyo,TG642,Thai Airways,6h 20m,True,2026-02-12T13:24:42.257261
2026-10-24,BKK,departure,23:55,TLV Tel Aviv-Yafo,IZ592,Arkia,10h 35m,True,2026-02-12T13:24:42.384036
2026-10-24,BKK,departure,23:55,TLV Tel Aviv-Yafo,LY82,El Al,10h 50m,True,2026-02-12T13:24:42.510587
2026-10-24,BKK,departure,23:59,KIX Osaka,TG622,Thai Airways,5h 31m,True,2026-02-12T13:24:42.630300
2026-10-24,BKK,arrival,00:00,PVG Shanghai,9C8755,Spring Airlines,5h 5m,True,2026-02-12T13:25:36.062518
2026-10-24,BKK,arrival,00:10,ICN Seoul,7C2503,Jeju Air,6h 5m,True,2026-02-12T13:25:36.181959
2026-10-24,BKK,arrival,00:10,PEK Beijing,CA979,Air China,5h 5m,True,2026-02-12T13:25:36.297446
2026-10-24,BKK,arrival,00:15,TFU Chengdu,3U3937,Sichuan Airlines,3h 20m,True,2026-02-12T13:25:36.418002
2026-10-24,BKK,arrival,00:25,HKG Hong Kong,HX779,Hong Kong Airlines,3h 20m,True,2026-02-12T13:25:36.542215
2026-10-24,BKK,arrival,00:30,PVG Shanghai,HO1351,Juneyao Airlines,4h 35m,True,2026-02-12T13:25:36.660071
2026-10-24,BKK,arrival,00:40,PVG Shanghai,MU547,China Eastern,4h 40m,True,2026-02-12T13:25:36.855363
2026-10-24,BKK,arrival,00:50,HAN Hanoi,ET609,Ethiopian,1h 30m,True,2026-02-12T13:25:36.934632
2026-10-24,BKK,arrival,00:50,HKG Hong Kong,HX759,Hong Kong Airlines,3h 0m,True,2026-02-12T13:25:37.014202
2026-10-24,BKK,arrival,00:50,XMN Xiamen,MF843,XiamenAir,3h 30m,True,2026-02-12T13:25:37.095231
2026-10-24,BKK,arrival,01:05,ICN Seoul,KE655,Korean Air,5h 50m,True,2026-02-12T13:25:37.174370
2026-10-24,BKK,arrival,01:05,TAE Daegu,TW105,T´Way Air,5h 40m,True,2026-02-12T13:25:37.257312
2026-10-24,BKK,arrival,01:10,DAD Da Nang,EK371,Emirates,1h 40m,True,2026-02-12T13:25:37.338593
2026-10-24,BKK,arrival,01:10,NKG Nanjing,MU2803,China Eastern,4h 0m,True,2026-02-12T13:25:37.426076
2026-10-24,BKK,arrival,01:15,CAN Guangzhou,MU2077,China Eastern,3h 10m,True,2026-02-12T13:25:37.510044
2026-10-24,BKK,arrival,01:20,XIY Xian,9C6251,Spring Airlines,4h 10m,True,2026-02-12T13:25:37.594603
2026-10-24,BKK,arrival,01:25,RGN Yangon,8M390,MAI,1h 20m,True,2026-02-12T13:25:37.681315
2026-10-24,BKK,arrival,01:25,TPE Taipei,CI837,China Airlines,3h 45m,True,2026-02-12T13:25:37.766133
2026-10-24,BKK,arrival,01:25,TNA Jinan,SC8075,Shandong Airlines,4h 50m,True,2026-02-12T13:25:37.848732
2026-10-24,BKK,arrival,01:30,CAN Guangzhou,CZ3035,China Southern,2h 55m,True,2026-02-12T13:25:37.934346
2026-10-24,BKK,arrival,01:40,HKG Hong Kong,HX767,Hong Kong Airlines,3h 0m,True,2026-02-12T13:25:38.018618
2026-10-24,BKK,arrival,01:50,MNL Manila,5J931,Cebu Pacific,3h 40m,True,2026-02-12T13:25:38.259895
2026-10-24,BKK,arrival,01:55,PVG Shanghai,FM841,Shanghai Airlines,4h 40m,True,2026-02-12T13:25:38.337408
2026-10-24,BKK,arrival,02:15,SZX Shenzhen,ZH305,Shenzhen Airlines,3h 0m,True,2026-02-12T13:25:38.424017
2026-10-24,BKK,arrival,02:55,ASB Ashgabat,T5641,Turkmenistan Airlines,6h 20m,True,2026-02-12T13:25:38.505612
2026-10-24,BKK,arrival,03:00,DEL Delhi,SG87,SpiceJet,4h 10m,True,2026-02-12T13:25:38.588419
2026-10-24,BKK,arrival,03:05,XIY Xian,GJ8907,Loong Air,4h 10m,True,2026-02-12T13:25:38.673277
2026-10-24,BKK,arrival,03:15,BBI Bhubaneswar,6E1065,IndiGo,2h 40m,True,2026-02-12T13:25:38.758306
2026-10-24,BKK,arrival,03:20,WUH Wuhan,MU2563,China Eastern,4h 25m,True,2026-02-12T13:25:38.845460
2026-10-24,BKK,arrival,04:05,PVG Shanghai,FM847,Shanghai Airlines,4h 50m,True,2026-02-12T13:25:38.928907
2026-10-24,BKK,arrival,04:35,HND Tokyo,NH849,ANA,6h 30m,True,2026-02-12T13:25:39.008789
2026-10-24,BKK,arrival,04:40,KIX Osaka,JL727,JAL,5h 45m,True,2026-02-12T13:25:39.098548
2026-10-24,BKK,arrival,04:45,PNQ Pune,6E1095,IndiGo,4h 15m,True,2026-02-12T13:25:39.181089
2026-10-24,BKK,arrival,04:50,HND Tokyo,TG661,Thai Airways,6h 30m,True,2026-02-12T13:25:39.263000
2026-10-24,BKK,arrival,05:05,CCU Kolkata,VZ771,Vietjet Thailand,2h 35m,True,2026-02-12T13:25:39.346232
2026-10-24,BKK,arrival,05:10,KTM Kathmandu,TG310,Thai Airways,3h 30m,True,2026-02-12T13:25:39.445767
2026-10-24,BKK,arrival,05:10,IST Istanbul,TK58,Turkish Airlines,9h 20m,True,2026-02-12T13:25:39.574522
2026-10-24,BKK,arrival,05:25,DEL Delhi,TG316,Thai Airways,4h 25m,True,2026-02-12T13:25:39.700497
2026-10-24,BKK,arrival,05:30,HEL Helsinki,AY141,Finnair,11h 25m,True,2026-02-12T13:25:39.819177
2026-10-24,BKK,arrival,05:30,ZRH Zurich,TG971,Thai Airways,11h 0m,True,2026-02-12T13:25:39.947744
2026-10-24,BKK,arrival,05:35,BOM Mumbai,TG318,Thai Airways,4h 30m,True,2026-02-12T13:25:40.079429
2026-10-24,BKK,arrival,05:35,BRU Brussels,TG935,Thai Airways,11h 5m,True,2026-02-12T13:25:40.205190
2026-10-24,BKK,arrival,05:40,IST Istanbul,TG901,Thai Airways,9h 10m,True,2026-02-12T13:25:40.390715
2026-10-24,BKK,arrival,05:50,HND Tokyo,JL33,JAL,6h 30m,True,2026-02-12T13:25:40.469450
2026-10-24,BKK,arrival,05:50,ARN Stockholm,TG961,Thai Airways,11h 0m,True,2026-02-12T13:25:40.548857
2026-10-24,BKK,arrival,05:55,CDG Paris,TG931,Thai Airways,11h 15m,True,2026-02-12T13:25:40.632090
2026-10-24,BKK,arrival,05:55,MXP Milan,TG941,Thai Airways,10h 50m,True,2026-02-12T13:25:40.715496
2026-10-24,BKK,arrival,06:00,HND Tokyo,NH877,ANA,6h 30m,True,2026-02-12T13:25:40.796076
2026-10-24,BKK,arrival,06:00,CPH Copenhagen,TG951,Thai Airways,10h 35m,True,2026-02-12T13:25:40.877389
2026-10-24,BKK,arrival,06:00,LHR London,TG911,Thai Airways,11h 30m,True,2026-02-12T13:25:40.965525
2026-10-24,BKK,arrival,06:00,MEL Melbourne,TG462,Thai Airways,9h 30m,True,2026-02-12T13:25:41.050326
2026-10-24,BKK,arrival,06:05,MUC Munich,TG925,Thai Airways,10h 40m,True,2026-02-12T13:25:41.136767
2026-10-24,BKK,arrival,06:10,CCU Kolkata,TG314,Thai Airways,2h 40m,True,2026-02-12T13:25:41.217198
2026-10-24,BKK,arrival,06:10,CMB Colombo,TG308,Thai Airways,3h 45m,True,2026-02-12T13:25:41.303284
2026-10-24,BKK,arrival,06:10,LHE Lahore,TG346,Thai Airways,4h 30m,True,2026-02-12T13:25:41.388510
2026-10-24,BKK,arrival,06:10,MAA Chennai,TG338,Thai Airways,3h 30m,True,2026-02-12T13:25:41.479703
2026-10-24,BKK,arrival,06:15,AUH Abu Dhabi,EY408,Etihad,6h 35m,True,2026-02-12T13:25:41.561171
2026-10-24,BKK,arrival,06:15,DAC Dhaka,TG340,Thai Airways,2h 30m,True,2026-02-12T13:25:41.648723
2026-10-24,BKK,arrival,06:15,HYD Hyderabad,TG330,Thai Airways,3h 35m,True,2026-02-12T13:25:41.736506
2026-10-24,BKK,arrival,06:15,OSL Oslo,TG955,Thai Airways,11h 30m,True,2026-02-12T13:25:41.824195
2026-10-24,BKK,arrival,06:15,CMB Colombo,UL402,SriLankan Airlines,3h 40m,True,2026-02-12T13:25:41.907274
2026-10-24,BKK,arrival,06:20,DOH Doha,QR838,Qatar Airways,6h 55m,True,2026-02-12T13:25:41.996397
2026-10-24,BKK,arrival,06:20,BLR Bengaluru,TG326,Thai Airways,3h 55m,True,2026-02-12T13:25:42.075307
2026-10-24,BKK,arrival,06:20,KHI Karachi,TG342,Thai Airways,4h 50m,True,2026-02-12T13:25:42.166312
2026-10-24,BKK,arrival,06:25,FRA Frankfurt,TG921,Thai Airways,10h 40m,True,2026-02-12T13:25:42.248550
2026-10-24,BKK,arrival,06:25,ISB Islamabad,TG350,Thai Airways,5h 5m,True,2026-02-12T13:25:42.330724
2026-10-24,BKK,arrival,06:40,BOM Mumbai,VZ761,Vietjet Thailand,4h 25m,True,2026-02-12T13:25:42.410082
2026-10-24,BKK,arrival,06:45,AUH Abu Dhabi,EY402,Etihad,6h 35m,True,2026-02-12T13:25:42.499011
2026-10-24,BKK,arrival,06:50,MCT Muscat,WY817,Oman Air,6h 5m,True,2026-02-12T13:25:42.583809
2026-10-24,BKK,arrival,06:55,RUN Saint Denis de la Reunion,UU887,Air Austral,7h 55m,True,2026-02-12T13:25:42.667450
2026-10-24,BKK,arrival,07:00,AMD Ahmedabad,TG344,Thai Airways,4h 25m,True,2026-02-12T13:25:42.754061
2026-10-24,BKK,arrival,07:15,USM Koh Samui,PG100,Bangkok Airways,1h 15m,True,2026-02-12T13:25:42.871866
2026-10-24,BKK,arrival,07:15,DOH Doha,QR830,Qatar Airways,6h 55m,True,2026-02-12T13:25:42.994893
2026-10-24,BKK,arrival,07:40,DEL Delhi,AI2336,Air India,4h 30m,True,2026-02-12T13:25:43.113653
2026-10-24,BKK,arrival,07:50,SHJ Sharjah,G9821,Air Arabia,6h 35m,True,2026-02-12T13:25:43.233553
2026-10-24,BKK,arrival,07:50,DEL Delhi,TG336,Thai Airways,4h 25m,True,2026-02-12T13:25:43.357515
2026-10-24,BKK,arrival,07:55,BLR Bengaluru,6E1055,IndiGo,4h 5m,True,2026-02-12T13:25:43.480522
2026-10-24,BKK,arrival,07:55,CNX Chiang Mai,FD4105,Thai AirAsia,1h 20m,True,2026-02-12T13:25:43.607220
2026-10-24,BKK,arrival,07:55,NOU Noumea,SB500,Aircalin,10h 25m,True,2026-02-12T13:25:43.786401
2026-10-24,BKK,arrival,07:55,CNX Chiang Mai,VZ2105,Vietjet Thailand,1h 20m,True,2026-02-12T13:25:43.871227
2026-10-24,BKK,arrival,08:00,DXB Dubai,EK374,Emirates,6h 30m,True,2026-02-12T13:25:43.955096
2026-10-24,BKK,arrival,08:05,SIN Singapore,SQ706,Singapore Airlines,2h 25m,True,2026-02-12T13:25:44.041852
2026-10-24,BKK,arrival,08:05,SIN Singapore,TR608,Scoot,2h 35m,True,2026-02-12T13:25:44.124022
2026-10-24,BKK,arrival,08:30,MCT Muscat,OV463,Salam Air,6h 0m,True,2026-02-12T13:25:44.212723
2026-10-24,BKK,arrival,08:30,SVO Moscow,SU270,Aeroflot,9h 45m,True,2026-02-12T13:25:44.296246
2026-10-24,BKK,arrival,08:35,RGN Yangon,UB19,Myanmar National Airlines,1h 25m,True,2026-02-12T13:25:44.384353
2026-10-24,BKK,arrival,08:40,VTE Vientiane,QV441,Lao Airlines,1h 15m,True,2026-02-12T13:25:44.470957
2026-10-24,BKK,arrival,08:40,BOM Mumbai,TG352,Thai Airways,4h 30m,True,2026-02-12T13:25:44.559339
2026-10-24,BKK,arrival,08:55,ALA Almaty,KC931,Air Astana,6h 40m,True,2026-02-12T13:25:44.642298
2026-10-24,BKK,arrival,08:55,PEN Penang,TG426,Thai Airways,1h 50m,True,2026-02-12T13:25:44.729288
2026-10-24,BKK,arrival,09:00,HKT Phuket,VZ317,Vietjet Thailand,1h 30m,True,2026-02-12T13:25:44.810246
2026-10-24,BKK,arrival,09:05,MAA Chennai,6E1061,IndiGo,3h 35m,True,2026-02-12T13:25:44.893746
2026-10-24,BKK,arrival,09:05,USM Koh Samui,PG102,Bangkok Airways,1h 15m,True,2026-02-12T13:25:44.977296
2026-10-24,BKK,arrival,09:10,CDG Paris,AF198,Air France,11h 25m,True,2026-02-12T13:25:45.059699
2026-10-24,BKK,arrival,09:10,HKT Phuket,PG270,Bangkok Airways,1h 35m,True,2026-02-12T13:25:45.141057
2026-10-24,BKK,arrival,09:15,RGN Yangon,8M335,MAI,1h 20m,True,2026-02-12T13:25:45.229304
2026-10-24,BKK,arrival,09:15,DEL Delhi,TG332,Thai Airways,4h 25m,True,2026-02-12T13:25:45.316080
2026-10-24,BKK,arrival,09:15,NST Nakhon Si Thammarat,VZ331,Vietjet Thailand,1h 15m,True,2026-02-12T13:25:45.400157
2026-10-24,BKK,arrival,09:20,SIN Singapore,TG402,Thai Airways,2h 20m,True,2026-02-12T13:25:45.482417
2026-10-24,BKK,arrival,09:25,VIE Vienna,BR62,EVA Air,10h 40m,True,2026-02-12T13:25:45.569606
2026-10-24,BKK,arrival,09:25,USM Koh Samui,PG104,Bangkok Airways,1h 15m,True,2026-02-12T13:25:45.651137
2026-10-24,BKK,arrival,09:25,HKG Hong Kong,UO704,HK Express,3h 0m,True,2026-02-12T13:25:45.735363
2026-10-24,BKK,arrival,09:25,CNX Chiang Mai,VZ101,Vietjet Thailand,1h 20m,True,2026-02-12T13:25:45.816065
2026-10-24,BKK,arrival,09:30,AMS Amsterdam,KL843,KLM,11h 15m,True,2026-02-12T13:25:45.907385
2026-10-24,BKK,arrival,09:30,HKG Hong Kong,TG603,Thai Airways,2h 40m,True,2026-02-12T13:25:45.994368
2026-10-24,BKK,arrival,09:35,MFM Macau,NX996,Air Macau,2h 55m,True,2026-02-12T13:25:46.074446
2026-10-24,BKK,arrival,09:35,KKC Khon Kaen,TG41,Thai Airways,1h 5m,True,2026-02-12T13:25:46.155803
2026-10-24,BKK,arrival,09:35,HKG Hong Kong,UA820,United,2h 55m,True,2026-02-12T13:25:46.254861
2026-10-24,BKK,arrival,09:45,TPE Taipei,CI833,China Airlines,3h 45m,True,2026-02-12T13:25:46.561170
2026-10-24,BKK,arrival,09:45,BAH Bahrain,GF152,Gulf Air,7h 0m,True,2026-02-12T13:25:46.672873
2026-10-24,BKK,arrival,09:45,KKC Khon Kaen,VZ211,Vietjet Thailand,1h 5m,True,2026-02-12T13:25:46.791812
2026-10-24,BKK,arrival,09:50,NNG Nanning,GX8909,GX Airlines,2h 20m,True,2026-02-12T13:25:46.917448
2026-10-24,BKK,arrival,09:50,ZRH Zurich,LX180,SWISS,10h 55m,True,2026-02-12T13:25:47.032871
2026-10-24,BKK,arrival,09:50,UTH Udon Thani,TG3,Thai Airways,1h 10m,True,2026-02-12T13:25:47.324082
2026-10-24,BKK,arrival,09:55,SIN Singapore,TR624,Scoot,2h 35m,True,2026-02-12T13:25:47.427474
2026-10-24,BKK,arrival,09:55,CEI Chiang Rai,VZ131,Vietjet Thailand,1h 25m,True,2026-02-12T13:25:47.576078
2026-10-24,BKK,arrival,10:00,HKG Hong Kong,CX705,Cathay Pacific,3h 0m,True,2026-02-12T13:25:47.653890
2026-10-24,BKK,arrival,10:00,CEI Chiang Rai,FD4151,Thai AirAsia,1h 25m,True,2026-02-12T13:25:47.744422
2026-10-24,BKK,arrival,10:00,HAK Haikou,HU7939,Hainan Airlines,2h 25m,True,2026-02-12T13:25:47.829819
2026-10-24,BKK,arrival,10:00,USM Koh Samui,PG106,Bangkok Airways,1h 15m,True,2026-02-12T13:25:47.913740
2026-10-24,BKK,arrival,10:00,UBP Ubon Ratchathani,TG21,Thai Airways,1h 15m,True,2026-02-12T13:25:48.006198
2026-10-24,BKK,arrival,10:05,MNL Manila,5J929,Cebu Pacific,3h 40m,True,2026-02-12T13:25:48.094171
2026-10-24,BKK,arrival,10:05,SGN Ho Chi Minh City,VJ801,VietJet,1h 30m,True,2026-02-12T13:25:48.177227
2026-10-24,BKK,arrival,10:10,UTH Udon Thani,FD4351,Thai AirAsia,1h 10m,True,2026-02-12T13:25:48.263153
2026-10-24,BKK,arrival,10:10,THS Sukhothai,PG212,Bangkok Airways,1h 15m,True,2026-02-12T13:25:48.348671
2026-10-24,BKK,arrival,10:15,KUL Kuala Lumpur,MH784,Malaysia Airlines,2h 15m,True,2026-02-12T13:25:48.441104
2026-10-24,BKK,arrival,10:20,XIY Xian,9C6299,Spring Airlines,4h 10m,True,2026-02-12T13:25:48.524286
2026-10-24,BKK,arrival,10:20,CAN Guangzhou,CZ357,China Southern,3h 5m,True,2026-02-12T13:25:48.609653
2026-10-24,BKK,arrival,10:20,SHJ Sharjah,G9823,Air Arabia,6h 35m,True,2026-02-12T13:25:48.741719
2026-10-24,BKK,arrival,10:20,KWI Kuwait,KU411,Kuwait Airways,7h 10m,True,2026-02-12T13:25:48.828446
2026-10-24,BKK,arrival,10:20,SGN Ho Chi Minh City,VN601,Vietnam Airlines,1h 35m,True,2026-02-12T13:25:48.913255
2026-10-24,BKK,arrival,10:25,TPE Taipei,BR75,EVA Air,3h 55m,True,2026-02-12T13:25:48.997357
2026-10-24,BKK,arrival,10:25,KBV Krabi,VZ341,Vietjet Thailand,1h 25m,True,2026-02-12T13:25:49.083411
2026-10-24,BKK,arrival,10:30,MDL Mandalay,8M337,MAI,1h 50m,True,2026-02-12T13:25:49.168610
2026-10-24,BKK,arrival,10:30,KTI Phnom Penh,KR701,Cambodia Airways,1h 15m,True,2026-02-12T13:25:49.256655
2026-10-24,BKK,arrival,10:30,USM Koh Samui,PG108,Bangkok Airways,1h 30m,True,2026-02-12T13:25:49.342844
2026-10-24,BKK,arrival,10:30,USM Koh Samui,PG122,Bangkok Airways,1h 15m,True,2026-02-12T13:25:49.428859
2026-10-24,BKK,arrival,10:30,HKT Phuket,VZ315,Vietjet Thailand,1h 30m,True,2026-02-12T13:25:49.512770
2026-10-24,BKK,arrival,10:35,CKG Chongqing,HU423,Hainan Airlines,3h 20m,True,2026-02-12T13:25:49.597524
2026-10-24,BKK,arrival,10:35,HDY Hat Yai,TG260,Thai Airways,1h 30m,True,2026-02-12T13:25:49.681838
2026-10-24,BKK,arrival,10:40,CNX Chiang Mai,FD4101,Thai AirAsia,1h 20m,True,2026-02-12T13:25:49.764006
2026-10-24,BKK,arrival,10:40,TPE Taipei,TG637,Thai Airways,3h 45m,True,2026-02-12T13:25:49.848679
2026-10-24,BKK,arrival,10:40,HDY Hat Yai,VZ321,Vietjet Thailand,1h 30m,True,2026-02-12T13:25:49.937262
2026-10-24,BKK,arrival,10:45,PVG Shanghai,9C8891,Spring Airlines,4h 40m,True,2026-02-12T13:25:50.022126
2026-10-24,BKK,arrival,10:45,TDX Trat,PG302,Bangkok Airways,1h 0m,True,2026-02-12T13:25:50.110166
2026-10-24,BKK,arrival,10:50,HDY Hat Yai,FD4203,Thai AirAsia,1h 30m,True,2026-02-12T13:25:50.235193
2026-10-24,BKK,arrival,10:50,URT Surat Thani,FD4213,Thai AirAsia,1h 25m,True,2026-02-12T13:25:50.355712
2026-10-24,BKK,arrival,10:50,CNX Chiang Mai,TG103,Thai Airways,1h 25m,True,2026-02-12T13:25:50.481891
2026-10-24,BKK,arrival,10:50,HAN Hanoi,VN611,Vietnam Airlines,2h 0m,True,2026-02-12T13:25:50.606106
2026-10-24,BKK,arrival,10:55,HYD Hyderabad,6E1067,IndiGo,3h 45m,True,2026-02-12T13:25:50.723346
2026-10-24,BKK,arrival,10:55,KBV Krabi,TG242,Thai Airways,1h 25m,True,2026-02-12T13:25:50.846301
2026-10-24,BKK,arrival,10:55,CNX Chiang Mai,VZ115,Vietjet Thailand,1h 20m,True,2026-02-12T13:25:50.972844
2026-10-24,BKK,arrival,11:00,CAN Guangzhou,9C7419,Spring Airlines,3h 0m,True,2026-02-12T13:25:51.137213
2026-10-24,BKK,arrival,11:00,TPE Taipei,BR67,EVA Air,4h 0m,True,2026-02-12T13:25:51.221685
2026-10-24,BKK,arrival,11:00,KBV Krabi,PG262,Bangkok Airways,1h 35m,True,2026-02-12T13:25:51.301529
2026-10-24,BKK,arrival,11:00,SAI Siem Reap,PG924,Bangkok Airways,1h 20m,True,2026-02-12T13:25:51.387218
2026-10-24,BKK,arrival,11:00,SIN Singapore,SQ708,Singapore Airlines,2h 30m,True,2026-02-12T13:25:51.469678
2026-10-24,BKK,arrival,11:00,KTI Phnom Penh,TG587,Thai Airways,1h 20m,True,2026-02-12T13:25:51.552667
2026-10-24,BKK,arrival,11:05,HKG Hong Kong,CX717,Cathay Pacific,3h 5m,True,2026-02-12T13:25:51.639537
2026-10-24,BKK,arrival,11:05,PVG Shanghai,TG663,Thai Airways,4h 35m,True,2026-02-12T13:25:51.724905
2026-10-24,BKK,arrival,11:10,TPE Taipei,BR211,EVA Air,3h 50m,True,2026-02-12T13:25:51.807437
2026-10-24,BKK,arrival,11:10,SWA Jieyang,CZ8355,China Southern,3h 10m,True,2026-02-12T13:25:51.897215
2026-10-24,BKK,arrival,11:10,HKT Phuket,TG202,Thai Airways,1h 30m,True,2026-02-12T13:25:51.981835
2026-10-24,BKK,arrival,11:10,SZX Shenzhen,ZH309,Shenzhen Airlines,3h 0m,True,2026-02-12T13:25:52.072690
2026-10-24,BKK,arrival,11:15,XMN Xiamen,MF853,XiamenAir,3h 25m,True,2026-02-12T13:25:52.157494
2026-10-24,BKK,arrival,11:15,ICN Seoul,OZ743,Asiana,6h 5m,True,2026-02-12T13:25:52.244862
2026-10-24,BKK,arrival,11:20,BOM Mumbai,6E1051,IndiGo,4h 40m,True,2026-02-12T13:25:52.327242
2026-10-24,BKK,arrival,11:20,SZX Shenzhen,CZ8075,China Southern,3h 25m,True,2026-02-12T13:25:52.412307
2026-10-24,BKK,arrival,11:20,USM Koh Samui,PG124,Bangkok Airways,1h 15m,True,2026-02-12T13:25:52.496339
2026-10-24,BKK,arrival,11:20,UTH Udon Thani,VZ201,Vietjet Thailand,1h 10m,True,2026-02-12T13:25:52.584919
2026-10-24,BKK,arrival,11:30,HKG Hong Kong,CX755,Cathay Pacific,3h 5m,True,2026-02-12T13:25:52.667608
2026-10-24,BKK,arrival,11:30,SGN Ho Chi Minh City,TG551,Thai Airways,1h 25m,True,2026-02-12T13:25:52.756196
2026-10-24,BKK,arrival,11:35,CNX Chiang Mai,PG216,Bangkok Airways,1h 25m,True,2026-02-12T13:25:52.842818
2026-10-24,BKK,arrival,11:40,CAN Guangzhou,CZ8079,China Southern,3h 0m,True,2026-02-12T13:25:52.933523
2026-10-24,BKK,arrival,11:40,SVO Moscow,SU272,Aeroflot,9h 15m,True,2026-02-12T13:25:53.017499
2026-10-24,BKK,arrival,11:40,CEI Chiang Rai,TG131,Thai Airways,1h 30m,True,2026-02-12T13:25:53.101422
2026-10-24,BKK,arrival,11:45,KBV Krabi,FD4403,Thai AirAsia,1h 25m,True,2026-02-12T13:25:53.184659
2026-10-24,BKK,arrival,11:45,HGH Hangzhou,JD419,Capital Airlines,4h 15m,True,2026-02-12T13:25:53.267445
2026-10-24,BKK,arrival,11:50,AUH Abu Dhabi,EY404,Etihad,6h 30m,True,2026-02-12T13:25:53.352113
2026-10-24,BKK,arrival,11:50,HKT Phuket,FD4125,Thai AirAsia,1h 35m,True,2026-02-12T13:25:53.442025
2026-10-24,BKK,arrival,11:50,IKT Irkutsk,SU658,Aeroflot,6h 40m,True,2026-02-12T13:25:53.523992
2026-10-24,BKK,arrival,11:50,HKT Phuket,TG204,Thai Airways,1h 35m,True,2026-02-12T13:25:53.620836
2026-10-24,BKK,arrival,11:50,HKT Phuket,VZ301,Vietjet Thailand,1h 30m,True,2026-02-12T13:25:53.745494
2026-10-24,BKK,arrival,11:55,HKT Phuket,PG272,Bangkok Airways,1h 35m,True,2026-02-12T13:25:53.867303
2026-10-24,BKK,arrival,12:00,TPE Taipei,JX741,Starlux,4h 0m,True,2026-02-12T13:25:53.989395
2026-10-24,BKK,arrival,12:05,KTI Phnom Penh,K6722,Air Cambodia,1h 10m,True,2026-02-12T13:25:54.122465
2026-10-24,BKK,arrival,12:05,IST Istanbul,TK52,Turkish Airlines,9h 50m,True,2026-02-12T13:25:54.232203
2026-10-24,BKK,arrival,12:10,TPE Taipei,CI831,China Airlines,3h 45m,True,2026-02-12T13:25:54.347233
2026-10-24,BKK,arrival,12:10,MNL Manila,PR730,PAL,3h 30m,True,2026-02-12T13:25:54.470104
2026-10-24,BKK,arrival,12:20,PEK Beijing,HU429,Hainan Airlines,5h 5m,True,2026-02-12T13:25:54.635902
2026-10-24,BKK,arrival,12:20,KMG Kunming,MU6087,China Eastern,2h 25m,True,2026-02-12T13:25:54.719268
2026-10-24,BKK,arrival,12:20,KTI Phnom Penh,VZ721,Vietjet Thailand,1h 15m,True,2026-02-12T13:25:54.806521
2026-10-24,BKK,arrival,12:25,HAN Hanoi,TG561,Thai Airways,1h 50m,True,2026-02-12T13:25:54.895270
2026-10-24,BKK,arrival,12:25,DAD Da Nang,VZ965,Vietjet Thailand,1h 45m,True,2026-02-12T13:25:54.983149
2026-10-24,BKK,arrival,12:30,DXB Dubai,EK384,Emirates,6h 40m,True,2026-02-12T13:25:55.068669
2026-10-24,BKK,arrival,12:30,PVG Shanghai,MU541,China Eastern,4h 40m,True,2026-02-12T13:25:55.152126
2026-10-24,BKK,arrival,12:30,FRA Frankfurt,TG923,Thai Airways,10h 50m,True,2026-02-12T13:25:55.237442
2026-10-24,BKK,arrival,12:30,FUK Fukuoka,VZ811,Vietjet Thailand,5h 35m,True,2026-02-12T13:25:55.322946
2026-10-24,BKK,arrival,12:35,PVG Shanghai,9C7421,Spring Airlines,4h 45m,True,2026-02-12T13:25:55.415040
2026-10-24,BKK,arrival,12:35,FRA Frankfurt,DE2362,Condor,11h 20m,True,2026-02-12T13:25:55.500381
2026-10-24,BKK,arrival,12:40,BWN Bandar Seri Begawan,BI513,Royal Brunei Airlines,2h 45m,True,2026-02-12T13:25:55.586483
2026-10-24,BKK,arrival,12:40,URT Surat Thani,VZ351,Vietjet Thailand,1h 15m,True,2026-02-12T13:25:55.670928
2026-10-24,BKK,arrival,12:45,TFU Chengdu,9C7501,Spring Airlines,3h 10m,True,2026-02-12T13:25:55.755534
2026-10-24,BKK,arrival,12:45,CMB Colombo,UL404,SriLankan Airlines,3h 40m,True,2026-02-12T13:25:55.841207
2026-10-24,BKK,arrival,12:45,SGN Ho Chi Minh City,VJ803,VietJet,1h 30m,True,2026-02-12T13:25:55.925196
2026-10-24,BKK,arrival,12:50,CAN Guangzhou,CZ8099,China Southern,3h 10m,True,2026-02-12T13:25:56.009961
2026-10-24,BKK,arrival,12:55,DOH Doha,QR834,Qatar Airways,6h 55m,True,2026-02-12T13:25:56.102745
2026-10-24,BKK,arrival,12:55,KIX Osaka,VZ821,Vietjet Thailand,6h 0m,True,2026-02-12T13:25:56.192004
2026-10-24,BKK,arrival,13:00,USM Koh Samui,PG130,Bangkok Airways,1h 15m,True,2026-02-12T13:25:56.278751
2026-10-24,BKK,arrival,13:00,HAN Hanoi,VJ901,VietJet,1h 50m,True,2026-02-12T13:25:56.364433
2026-10-24,BKK,arrival,13:05,XIY Xian,9C6293,Spring Airlines,4h 20m,True,2026-02-12T13:25:56.465825
2026-10-24,BKK,arrival,13:05,TPE Taipei,BR201,EVA Air,3h 45m,True,2026-02-12T13:25:56.547693
2026-10-24,BKK,arrival,13:05,PQC Phu Quoc,VZ981,Vietjet Thailand,1h 20m,True,2026-02-12T13:25:56.632709
2026-10-24,BKK,arrival,13:10,CGK Jakarta,GA866,Garuda Indonesia,3h 25m,True,2026-02-12T13:25:56.715743
2026-10-24,BKK,arrival,13:10,SGN Ho Chi Minh City,VN605,Vietnam Airlines,1h 35m,True,2026-02-12T13:25:56.804773
2026-10-24,BKK,arrival,13:10,CNX Chiang Mai,VZ103,Vietjet Thailand,1h 20m,True,2026-02-12T13:25:56.887425
2026-10-24,BKK,arrival,13:15,ADD Addis Ababa,ET628,Ethiopian,9h 20m,True,2026-02-12T13:25:56.969929
2026-10-24,BKK,arrival,13:15,ICN Seoul,KE657,Korean Air,5h 45m,True,2026-02-12T13:25:57.054149
2026-10-24,BKK,arrival,13:15,HKT Phuket,TG206,Thai Airways,1h 35m,True,2026-02-12T13:25:57.153023
2026-10-24,BKK,arrival,13:15,KKC Khon Kaen,TG43,Thai Airways,1h 10m,True,2026-02-12T13:25:57.274633
2026-10-24,BKK,arrival,13:20,CNX Chiang Mai,PG224,Bangkok Airways,1h 25m,True,2026-02-12T13:25:57.400475
2026-10-24,BKK,arrival,13:20,CNX Chiang Mai,TG105,Thai Airways,1h 25m,True,2026-02-12T13:25:57.525868
2026-10-24,BKK,arrival,13:25,NGB Ningbo,9C7431,Spring Airlines,4h 35m,True,2026-02-12T13:25:57.654656
2026-10-24,BKK,arrival,13:25,DXB Dubai,EK376,Emirates,6h 40m,True,2026-02-12T13:25:57.765379
2026-10-24,BKK,arrival,13:25,KUL Kuala Lumpur,MH788,Malaysia Airlines,2h 15m,True,2026-02-12T13:25:57.887413
2026-10-24,BKK,arrival,13:25,DOH Doha,QR836,Qatar Airways,6h 55m,True,2026-02-12T13:25:58.008514
2026-10-24,BKK,arrival,13:25,ICN Seoul,TG659,Thai Airways,5h 50m,True,2026-02-12T13:25:58.180610
2026-10-24,BKK,arrival,13:25,RGN Yangon,TG302,Thai Airways,1h 30m,True,2026-02-12T13:25:58.264335
2026-10-24,BKK,arrival,13:30,NBO Nairobi,KQ886,Kenya Airways,9h 31m,True,2026-02-12T13:25:58.353634
2026-10-24,BKK,arrival,13:30,KJA Krasnojarsk,SU814,Aeroflot,6h 50m,True,2026-02-12T13:25:58.441165
2026-10-24,BKK,arrival,13:35,BOM Mumbai,AI2354,Air India,4h 20m,True,2026-02-12T13:25:58.526521
2026-10-24,BKK,arrival,13:40,DAC Dhaka,BS217,US-Bangla Airlines,2h 40m,True,2026-02-12T13:25:58.614988
2026-10-24,BKK,arrival,13:40,PNQ Pune,IX242,Air India Express,4h 45m,True,2026-02-12T13:25:58.698672
2026-10-24,BKK,arrival,13:40,SGN Ho Chi Minh City,VU131,Vietravel Airlines,1h 35m,True,2026-02-12T13:25:58.791584
2026-10-24,BKK,arrival,13:45,RUH Riyadh,SV846,Saudia,7h 35m,True,2026-02-12T13:25:58.879710
2026-10-24,BKK,arrival,13:45,SIN Singapore,TG404,Thai Airways,2h 20m,True,2026-02-12T13:25:58.969702
2026-10-24,BKK,arrival,13:45,NRT Tokyo,VZ831,Vietjet Thailand,6h 50m,True,2026-02-12T13:25:59.052108
2026-10-24,BKK,arrival,13:50,NST Nakhon Si Thammarat,FD4232,Thai AirAsia,1h 25m,True,2026-02-12T13:25:59.139903
2026-10-24,BKK,arrival,13:55,HKT Phuket,VZ305,Vietjet Thailand,1h 30m,True,2026-02-12T13:25:59.223111
2026-10-24,BKK,arrival,14:00,SWA Jieyang,9C6193,Spring Airlines,3h 20m,True,2026-02-12T13:25:59.304470
2026-10-24,BKK,arrival,14:00,HKG Hong Kong,CX653,Cathay Pacific,3h 0m,True,2026-02-12T13:25:59.387340
2026-10-24,BKK,arrival,14:00,MUC Munich,LH772,Lufthansa,10h 40m,True,2026-02-12T13:25:59.475672
2026-10-24,BKK,arrival,14:00,UBP Ubon Ratchathani,VZ221,Vietjet Thailand,1h 15m,True,2026-02-12T13:25:59.559966
2026-10-24,BKK,arrival,14:05,CAN Guangzhou,CZ5095,China Southern,3h 0m,True,2026-02-12T13:25:59.649084
2026-10-24,BKK,arrival,14:05,CNX Chiang Mai,FD4107,Thai AirAsia,1h 30m,True,2026-02-12T13:25:59.728309
2026-10-24,BKK,arrival,14:10,TDX Trat,PG306,Bangkok Airways,1h 0m,True,2026-02-12T13:25:59.808415
2026-10-24,BKK,arrival,14:10,ICN Seoul,TG657,Thai Airways,5h 50m,True,2026-02-12T13:25:59.895563
2026-10-24,BKK,arrival,14:15,DEL Delhi,AI2355,Air India,4h 20m,True,2026-02-12T13:25:59.986427
2026-10-24,BKK,arrival,14:15,KKC Khon Kaen,FD4502,Thai AirAsia,1h 10m,True,2026-02-12T13:26:00.076381
2026-10-24,BKK,arrival,14:15,SIN Singapore,SQ710,Singapore Airlines,2h 30m,True,2026-02-12T13:26:00.160545
2026-10-24,BKK,arrival,14:20,MFM Macau,NX936,Air Macau,2h 45m,True,2026-02-12T13:26:00.246056
2026-10-24,BKK,arrival,14:25,SAI Siem Reap,PG906,Bangkok Airways,1h 30m,True,2026-02-12T13:26:00.335918
2026-10-24,BKK,arrival,14:25,HKG Hong Kong,TG601,Thai Airways,2h 40m,True,2026-02-12T13:26:00.420857
2026-10-24,BKK,arrival,14:25,SIN Singapore,TR604,Scoot,2h 35m,True,2026-02-12T13:26:00.507207
2026-10-24,BKK,arrival,14:30,CAN Guangzhou,CZ3081,China Southern,3h 0m,True,2026-02-12T13:26:00.588400
2026-10-24,BKK,arrival,14:30,HKT Phuket,PG276,Bangkok Airways,1h 35m,True,2026-02-12T13:26:00.708335
2026-10-24,BKK,arrival,14:30,KUL Kuala Lumpur,TG416,Thai Airways,2h 10m,True,2026-02-12T13:26:00.834544
2026-10-24,BKK,arrival,14:35,HKT Phuket,TG208,Thai Airways,1h 35m,True,2026-02-12T13:26:00.954320
2026-10-24,BKK,arrival,14:35,HDY Hat Yai,VZ325,Vietjet Thailand,1h 30m,True,2026-02-12T13:26:01.071724
2026-10-24,BKK,arrival,14:40,RGN Yangon,8M333,MAI,1h 20m,True,2026-02-12T13:26:01.195667
2026-10-24,BKK,arrival,14:45,LJG Lijiang,DR5041,Ruili Airlines,2h 45m,True,2026-02-12T13:26:01.313654
2026-10-24,BKK,arrival,14:45,SGN Ho Chi Minh City,VJ807,VietJet,1h 30m,True,2026-02-12T13:26:01.444162
2026-10-24,BKK,arrival,14:45,HAN Hanoi,VN615,Vietnam Airlines,2h 0m,True,2026-02-12T13:26:01.626366
2026-10-24,BKK,arrival,14:50,PVG Shanghai,9C7279,Spring Airlines,4h 45m,True,2026-02-12T13:26:01.712322
2026-10-24,BKK,arrival,14:50,NKG Nanjing,JD619,Capital Airlines,4h 40m,True,2026-02-12T13:26:01.795247
2026-10-24,BKK,arrival,14:50,VIE Vienna,OS7,Austrian,10h 15m,True,2026-02-12T13:26:01.879700
2026-10-24,BKK,arrival,14:50,LPQ Luang Prabang,PG942,Bangkok Airways,2h 5m,True,2026-02-12T13:26:01.961864
2026-10-24,BKK,arrival,14:50,VTE Vientiane,TG571,Thai Airways,1h 20m,True,2026-02-12T13:26:02.047575
2026-10-24,BKK,arrival,14:55,NAW Narathiwat,FD4253,Thai AirAsia,1h 30m,True,2026-02-12T13:26:02.135794
2026-10-24,BKK,arrival,14:55,HKG Hong Kong,HX775,Hong Kong Airlines,3h 10m,True,2026-02-12T13:26:02.221569
2026-10-24,BKK,arrival,14:55,KMG Kunming,MU741,China Eastern,2h 35m,True,2026-02-12T13:26:02.309441
2026-10-24,BKK,arrival,15:00,DAC Dhaka,BG388,Biman,2h 45m,True,2026-02-12T13:26:02.398299
2026-10-24,BKK,arrival,15:00,LHR London,TG917,Thai Airways,11h 35m,True,2026-02-12T13:26:02.480041
2026-10-24,BKK,arrival,15:00,NGO Nagoya,TG645,Thai Airways,6h 0m,True,2026-02-12T13:26:02.564534
2026-10-24,BKK,arrival,15:00,DAD Da Nang,VZ961,Vietjet Thailand,1h 45m,True,2026-02-12T13:26:02.649577
2026-10-24,BKK,arrival,15:05,USM Koh Samui,PG142,Bangkok Airways,1h 15m,True,2026-02-12T13:26:02.736298
2026-10-24,BKK,arrival,15:05,CNX Chiang Mai,TG107,Thai Airways,1h 25m,True,2026-02-12T13:26:02.820436
2026-10-24,BKK,arrival,15:05,FUK Fukuoka,TG649,Thai Airways,5h 30m,True,2026-02-12T13:26:02.905414
2026-10-24,BKK,arrival,15:05,HND Tokyo,TG683,Thai Airways,6h 30m,True,2026-02-12T13:26:02.986658
2026-10-24,BKK,arrival,15:05,UTH Udon Thani,TG5,Thai Airways,1h 10m,True,2026-02-12T13:26:03.075137
2026-10-24,BKK,arrival,15:10,CNX Chiang Mai,FD4103,Thai AirAsia,1h 20m,True,2026-02-12T13:26:03.158359
2026-10-24,BKK,arrival,15:10,HND Tokyo,JL31,JAL,6h 30m,True,2026-02-12T13:26:03.242733
2026-10-24,BKK,arrival,15:10,USM Koh Samui,PG158,Bangkok Airways,1h 35m,True,2026-02-12T13:26:03.325410
2026-10-24,BKK,arrival,15:10,CEI Chiang Rai,TG133,Thai Airways,1h 30m,True,2026-02-12T13:26:03.419229
2026-10-24,BKK,arrival,15:15,USM Koh Samui,PG144,Bangkok Airways,1h 15m,True,2026-02-12T13:26:03.510725
2026-10-24,BKK,arrival,15:20,NRT Tokyo,TG641,Thai Airways,6h 30m,True,2026-02-12T13:26:03.598532
2026-10-24,BKK,arrival,15:25,HKG Hong Kong,CX775,Cathay Pacific,3h 5m,True,2026-02-12T13:26:03.681816
2026-10-24,BKK,arrival,15:25,MNL Manila,TG621,Thai Airways,3h 30m,True,2026-02-12T13:26:03.767453
2026-10-24,BKK,arrival,15:25,PER Perth,TG484,Thai Airways,7h 5m,True,2026-02-12T13:26:03.854596
2026-10-24,BKK,arrival,15:25,IST Istanbul,TK68,Turkish Airlines,9h 30m,True,2026-02-12T13:26:03.941793
2026-10-24,BKK,arrival,15:30,LHR London,BR68,EVA Air,11h 55m,True,2026-02-12T13:26:04.023352
2026-10-24,BKK,arrival,15:30,HND Tokyo,NH847,ANA,6h 40m,True,2026-02-12T13:26:04.117213
2026-10-24,BKK,arrival,15:30,CTS Sapporo,TG671,Thai Airways,7h 0m,True,2026-02-12T13:26:04.238634
2026-10-24,BKK,arrival,15:30,HKG Hong Kong,UO700,HK Express,3h 0m,True,2026-02-12T13:26:04.364572
2026-10-24,BKK,arrival,15:35,CNX Chiang Mai,FD4119,Thai AirAsia,1h 25m,True,2026-02-12T13:26:04.491676
2026-10-24,BKK,arrival,15:35,AMM Amman,RJ182,Royal Jordanian,8h 30m,True,2026-02-12T13:26:04.623725
2026-10-24,BKK,arrival,15:35,KIX Osaka,TG623,Thai Airways,5h 50m,True,2026-02-12T13:26:04.736121
2026-10-24,BKK,arrival,15:35,LYA Luoyang,UQ2641,Urumqi Airlines,4h 20m,True,2026-02-12T13:26:04.865251
2026-10-24,BKK,arrival,15:45,KWE Guiyang,AQ1207,9 Air,4h 0m,True,2026-02-12T13:26:04.988491
2026-10-24,BKK,arrival,15:45,CNX Chiang Mai,VZ111,Vietjet Thailand,1h 20m,True,2026-02-12T13:26:05.145776
2026-10-24,BKK,arrival,15:50,PVG Shanghai,FM833,Shanghai Airlines,4h 55m,True,2026-02-12T13:26:05.232192
2026-10-24,BKK,arrival,15:50,USM Koh Samui,PG136,Bangkok Airways,1h 15m,True,2026-02-12T13:26:05.319817
2026-10-24,BKK,arrival,15:50,IKT Irkutsk,S76309,S7 Airlines,6h 5m,True,2026-02-12T13:26:05.408505
2026-10-24,BKK,arrival,16:00,ICN Seoul,VZ851,Vietjet Thailand,5h 50m,True,2026-02-12T13:26:05.499403
2026-10-24,BKK,arrival,16:05,CCU Kolkata,B3700,Bhutan Airlines,2h 40m,True,2026-02-12T13:26:05.588982
2026-10-24,BKK,arrival,16:05,HKT Phuket,FD4111,Thai AirAsia,1h 40m,True,2026-02-12T13:26:05.674674
2026-10-24,BKK,arrival,16:05,CGK Jakarta,TG434,Thai Airways,3h 30m,True,2026-02-12T13:26:05.765115
2026-10-24,BKK,arrival,16:10,DEL Delhi,6E1053,IndiGo,4h 25m,True,2026-02-12T13:26:05.849913
2026-10-24,BKK,arrival,16:10,UTH Udon Thani,VZ205,Vietjet Thailand,1h 10m,True,2026-02-12T13:26:05.940751
2026-10-24,BKK,arrival,16:15,HDY Hat Yai,TG264,Thai Airways,1h 35m,True,2026-02-12T13:26:06.024155
2026-10-24,BKK,arrival,16:15,NST Nakhon Si Thammarat,VZ335,Vietjet Thailand,1h 20m,True,2026-02-12T13:26:06.111906
2026-10-24,BKK,arrival,16:20,TPE Taipei,CI835,China Airlines,3h 50m,True,2026-02-12T13:26:06.197586
2026-10-24,BKK,arrival,16:20,KTI Phnom Penh,K6724,Air Cambodia,1h 10m,True,2026-02-12T13:26:06.285233
2026-10-24,BKK,arrival,16:20,KUL Kuala Lumpur,MH782,Malaysia Airlines,2h 15m,True,2026-02-12T13:26:06.368953
2026-10-24,BKK,arrival,16:20,HKT Phuket,PG274,Bangkok Airways,1h 35m,True,2026-02-12T13:26:06.452984
2026-10-24,BKK,arrival,16:20,SYD Sydney,TG476,Thai Airways,9h 20m,True,2026-02-12T13:26:06.533539
2026-10-24,BKK,arrival,16:25,SZX Shenzhen,CZ8323,China Southern,3h 30m,True,2026-02-12T13:26:06.620992
2026-10-24,BKK,arrival,16:30,HKG Hong Kong,CX751,Cathay Pacific,3h 0m,True,2026-02-12T13:26:06.703134
2026-10-24,BKK,arrival,16:30,HGH Hangzhou,GJ8021,Loong Air,4h 35m,True,2026-02-12T13:26:06.789106
2026-10-24,BKK,arrival,16:30,KMG Kunming,TG613,Thai Airways,2h 10m,True,2026-02-12T13:26:06.872106
2026-10-24,BKK,arrival,16:30,NRT Tokyo,TG643,Thai Airways,6h 30m,True,2026-02-12T13:26:06.962706
2026-10-24,BKK,arrival,16:40,TFU Chengdu,3U3935,Sichuan Airlines,3h 0m,True,2026-02-12T13:26:07.047204
2026-10-24,BKK,arrival,16:40,CGK Jakarta,GA868,Garuda Indonesia,3h 45m,True,2026-02-12T13:26:07.130667
2026-10-24,BKK,arrival,16:40,TPE Taipei,JX745,Starlux,3h 50m,True,2026-02-12T13:26:07.215826
2026-10-24,BKK,arrival,16:40,XMN Xiamen,MF833,XiamenAir,3h 30m,True,2026-02-12T13:26:07.306325
2026-10-24,BKK,arrival,16:40,USM Koh Samui,PG146,Bangkok Airways,1h 15m,True,2026-02-12T13:26:07.389605
2026-10-24,BKK,arrival,16:40,SYD Sydney,QF23,Qantas,9h 50m,True,2026-02-12T13:26:07.471883
2026-10-24,BKK,arrival,16:45,CEI Chiang Rai,VZ133,Vietjet Thailand,1h 25m,True,2026-02-12T13:26:07.553678
2026-10-24,BKK,arrival,16:50,CAN Guangzhou,CZ8023,China Southern,3h 0m,True,2026-02-12T13:26:07.667626
2026-10-24,BKK,arrival,16:50,USM Koh Samui,PG150,Bangkok Airways,1h 30m,True,2026-02-12T13:26:07.789370
2026-10-24,BKK,arrival,16:50,KKC Khon Kaen,TG45,Thai Airways,1h 10m,True,2026-02-12T13:26:07.915496
2026-10-24,BKK,arrival,16:50,TPE Taipei,TG633,Thai Airways,3h 45m,True,2026-02-12T13:26:08.036459
2026-10-24,BKK,arrival,16:50,CNX Chiang Mai,VZ107,Vietjet Thailand,1h 20m,True,2026-02-12T13:26:08.163519
2026-10-24,BKK,arrival,16:55,DEL Delhi,AI2332,Air India,4h 25m,True,2026-02-12T13:26:08.281075
2026-10-24,BKK,arrival,16:55,CNX Chiang Mai,TG111,Thai Airways,1h 25m,True,2026-02-12T13:26:08.407481
2026-10-24,BKK,arrival,16:55,HKT Phuket,VZ2301,Vietjet Thailand,1h 30m,True,2026-02-12T13:26:08.524645
2026-10-24,BKK,arrival,17:00,DAC Dhaka,TG322,Thai Airways,2h 25m,True,2026-02-12T13:26:08.677429
2026-10-24,BKK,arrival,17:00,SIN Singapore,TR610,Scoot,2h 30m,True,2026-02-12T13:26:08.762196
2026-10-24,BKK,arrival,17:05,TFU Chengdu,CA471,Air China,3h 15m,True,2026-02-12T13:26:08.856420
2026-10-24,BKK,arrival,17:05,USM Koh Samui,PG148,Bangkok Airways,1h 15m,True,2026-02-12T13:26:08.941703
2026-10-24,BKK,arrival,17:05,DAD Da Nang,VN627,Vietnam Airlines,1h 50m,True,2026-02-12T13:26:09.026407
2026-10-24,BKK,arrival,17:10,HKT Phuket,FD4123,Thai AirAsia,1h 35m,True,2026-02-12T13:26:09.115126
2026-10-24,BKK,arrival,17:10,TAO Qingdao,QW917,Qingdao Airlines,5h 10m,True,2026-02-12T13:26:09.202033
2026-10-24,BKK,arrival,17:15,SIN Singapore,SQ712,Singapore Airlines,2h 30m,True,2026-02-12T13:26:09.284940
2026-10-24,BKK,arrival,17:15,SIN Singapore,TG414,Thai Airways,2h 20m,True,2026-02-12T13:26:09.374786
2026-10-24,BKK,arrival,17:20,KHH Kaohsiung,CI839,China Airlines,3h 40m,True,2026-02-12T13:26:09.457342
2026-10-24,BKK,arrival,17:20,KUL Kuala Lumpur,MH774,Malaysia Airlines,2h 20m,True,2026-02-12T13:26:09.542569
2026-10-24,BKK,arrival,17:20,HKG Hong Kong,TG629,Thai Airways,2h 50m,True,2026-02-12T13:26:09.628649
2026-10-24,BKK,arrival,17:25,SHJ Sharjah,G9816,Air Arabia,6h 35m,True,2026-02-12T13:26:09.717648
2026-10-24,BKK,arrival,17:25,TAO Qingdao,QW9897,Qingdao Airlines,5h 5m,True,2026-02-12T13:26:09.800260
2026-10-24,BKK,arrival,17:35,DEL Delhi,TG324,Thai Airways,4h 25m,True,2026-02-12T13:26:09.887291
2026-10-24,BKK,arrival,17:40,HKT Phuket,TG212,Thai Airways,1h 35m,True,2026-02-12T13:26:09.974276
2026-10-24,BKK,arrival,17:45,CAN Guangzhou,TG669,Thai Airways,3h 0m,True,2026-02-12T13:26:10.058770
2026-10-24,BKK,arrival,17:45,HAN Hanoi,VJ903,VietJet,2h 0m,True,2026-02-12T13:26:10.141770
2026-10-24,BKK,arrival,17:45,UBP Ubon Ratchathani,VZ225,Vietjet Thailand,1h 15m,True,2026-02-12T13:26:10.227229
2026-10-24,BKK,arrival,17:45,MCT Muscat,WY815,Oman Air,6h 5m,True,2026-02-12T13:26:10.316683
2026-10-24,BKK,arrival,17:50,NNG Nanning,9C7485,Spring Airlines,2h 30m,True,2026-02-12T13:26:10.400695
2026-10-24,BKK,arrival,17:50,CEI Chiang Rai,FD4153,Thai AirAsia,1h 25m,True,2026-02-12T13:26:10.484666
2026-10-24,BKK,arrival,17:55,CAN Guangzhou,CZ363,China Southern,3h 0m,True,2026-02-12T13:26:10.567626
2026-10-24,BKK,arrival,17:55,KBV Krabi,VZ343,Vietjet Thailand,1h 25m,True,2026-02-12T13:26:10.655078
2026-10-24,BKK,arrival,18:00,HKG Hong Kong,CX701,Cathay Pacific,2h 55m,True,2026-02-12T13:26:10.742044
2026-10-24,BKK,arrival,18:05,KBV Krabi,FD4401,Thai AirAsia,1h 25m,True,2026-02-12T13:26:10.825508
2026-10-24,BKK,arrival,18:05,HAN Hanoi,VN619,Vietnam Airlines,2h 0m,True,2026-02-12T13:26:10.913500
2026-10-24,BKK,arrival,18:05,PQC Phu Quoc,VZ983,Vietjet Thailand,1h 20m,True,2026-02-12T13:26:11.004508
2026-10-24,BKK,arrival,18:10,AUH Abu Dhabi,EY406,Etihad,6h 35m,True,2026-02-12T13:26:11.090464
2026-10-24,BKK,arrival,18:10,BFV Buri Ram,FD4512,Thai AirAsia,1h 5m,True,2026-02-12T13:26:11.180418
2026-10-24,BKK,arrival,18:10,HKT Phuket,FD4113,Thai AirAsia,1h 25m,True,2026-02-12T13:26:11.299760
2026-10-24,BKK,arrival,18:10,TPE Taipei,VZ567,Vietjet Thailand,3h 45m,True,2026-02-12T13:26:11.428890
2026-10-24,BKK,arrival,18:15,RGN Yangon,8M331,MAI,1h 20m,True,2026-02-12T13:26:11.552122
2026-10-24,BKK,arrival,18:15,HAK Haikou,HU721,Hainan Airlines,2h 25m,True,2026-02-12T13:26:11.672409
2026-10-24,BKK,arrival,18:15,KTM Kathmandu,TG320,Thai Airways,3h 30m,True,2026-02-12T13:26:11.783822
2026-10-24,BKK,arrival,18:20,PEK Beijing,CA959,Air China,5h 20m,True,2026-02-12T13:26:11.906028
2026-10-24,BKK,arrival,18:20,CNX Chiang Mai,TG113,Thai Airways,1h 25m,True,2026-02-12T13:26:12.028287
2026-10-24,BKK,arrival,18:20,TFU Chengdu,TG619,Thai Airways,3h 5m,True,2026-02-12T13:26:12.195240
2026-10-24,BKK,arrival,18:20,UTH Udon Thani,VZ203,Vietjet Thailand,1h 10m,True,2026-02-12T13:26:12.281446
2026-10-24,BKK,arrival,18:25,DXB Dubai,EK370,Emirates,6h 25m,True,2026-02-12T13:26:12.369576
2026-10-24,BKK,arrival,18:25,HKT Phuket,TG216,Thai Airways,1h 30m,True,2026-02-12T13:26:12.456069
2026-10-24,BKK,arrival,18:30,KMG Kunming,KY8369,Kunming Airlines,2h 25m,True,2026-02-12T13:26:12.542491
2026-10-24,BKK,arrival,18:30,MNL Manila,PR736,PAL,3h 45m,True,2026-02-12T13:26:12.628696
2026-10-24,BKK,arrival,18:30,SGN Ho Chi Minh City,VN607,Vietnam Airlines,1h 35m,True,2026-02-12T13:26:12.714716
2026-10-24,BKK,arrival,18:30,SZX Shenzhen,ZH307,Shenzhen Airlines,2h 55m,True,2026-02-12T13:26:12.802637
2026-10-24,BKK,arrival,18:40,USM Koh Samui,PG166,Bangkok Airways,1h 15m,True,2026-02-12T13:26:12.891734
2026-10-24,BKK,arrival,18:40,CNX Chiang Mai,VZ109,Vietjet Thailand,1h 20m,True,2026-02-12T13:26:12.982426
2026-10-24,BKK,arrival,18:45,SGN Ho Chi Minh City,VJ805,VietJet,1h 30m,True,2026-02-12T13:26:13.066134
2026-10-24,BKK,arrival,18:50,TDX Trat,PG308,Bangkok Airways,1h 0m,True,2026-02-12T13:26:13.155891
2026-10-24,BKK,arrival,18:50,USM Koh Samui,PG172,Bangkok Airways,1h 15m,True,2026-02-12T13:26:13.241447
2026-10-24,BKK,arrival,18:55,CKG Chongqing,3U3771,Sichuan Airlines,3h 25m,True,2026-02-12T13:26:13.330902
2026-10-24,BKK,arrival,18:55,KUL Kuala Lumpur,MH780,Malaysia Airlines,2h 10m,True,2026-02-12T13:26:13.418288
2026-10-24,BKK,arrival,18:55,UBP Ubon Ratchathani,TG29,Thai Airways,1h 15m,True,2026-02-12T13:26:13.506257
2026-10-24,BKK,arrival,18:55,HKG Hong Kong,UO702,HK Express,3h 0m,True,2026-02-12T13:26:13.593489
2026-10-24,BKK,arrival,19:00,HKT Phuket,PG284,Bangkok Airways,1h 30m,True,2026-02-12T13:26:13.681618
2026-10-24,BKK,arrival,19:00,SIN Singapore,SQ714,Singapore Airlines,2h 30m,True,2026-02-12T13:26:13.767392
2026-10-24,BKK,arrival,19:00,HKT Phuket,VZ307,Vietjet Thailand,1h 30m,True,2026-02-12T13:26:13.855503
2026-10-24,BKK,arrival,19:05,USM Koh Samui,PG168,Bangkok Airways,1h 15m,True,2026-02-12T13:26:13.943238
2026-10-24,BKK,arrival,19:05,DOH Doha,QR828,Qatar Airways,6h 55m,True,2026-02-12T13:26:14.033214
2026-10-24,BKK,arrival,19:10,THS Sukhothai,PG214,Bangkok Airways,1h 20m,True,2026-02-12T13:26:14.118326
2026-10-24,BKK,arrival,19:15,BOM Mumbai,6E1059,IndiGo,4h 40m,True,2026-02-12T13:26:14.203306
2026-10-24,BKK,arrival,19:20,BOM Mumbai,AI2337,Air India,4h 20m,True,2026-02-12T13:26:14.287975
2026-10-24,BKK,arrival,19:20,CAN Guangzhou,CZ8019,China Southern,3h 0m,True,2026-02-12T13:26:14.379915
2026-10-24,BKK,arrival,19:25,DXB Dubai,EK372,Emirates,6h 45m,True,2026-02-12T13:26:14.468677
2026-10-24,BKK,arrival,19:25,DOH Doha,QR826,Qatar Airways,6h 55m,True,2026-02-12T13:26:14.553039
2026-10-24,BKK,arrival,19:35,KMG Kunming,KY8367,Kunming Airlines,2h 25m,True,2026-02-12T13:26:14.638704
2026-10-24,BKK,arrival,19:35,SIN Singapore,TG408,Thai Airways,2h 20m,True,2026-02-12T13:26:14.743201
2026-10-24,BKK,arrival,19:35,SIN Singapore,TR616,Scoot,2h 35m,True,2026-02-12T13:26:14.864338
2026-10-24,BKK,arrival,19:40,RGN Yangon,8M350,MAI,1h 20m,True,2026-02-12T13:26:14.988571
2026-10-24,BKK,arrival,19:40,HDY Hat Yai,FD4205,Thai AirAsia,1h 30m,True,2026-02-12T13:26:15.112864
2026-10-24,BKK,arrival,19:40,USM Koh Samui,PG170,Bangkok Airways,1h 15m,True,2026-02-12T13:26:15.240038
2026-10-24,BKK,arrival,19:40,VTE Vientiane,QV445,Lao Airlines,1h 0m,True,2026-02-12T13:26:15.345771
2026-10-24,BKK,arrival,19:45,CNX Chiang Mai,FD4109,Thai AirAsia,1h 20m,True,2026-02-12T13:26:15.465903
2026-10-24,BKK,arrival,19:50,DEL Delhi,6E1063,IndiGo,4h 10m,True,2026-02-12T13:26:15.589401
2026-10-24,BKK,arrival,19:50,MEL Melbourne,JQ29,Jetstar,9h 25m,True,2026-02-12T13:26:15.751320
2026-10-24,BKK,arrival,19:50,KMG Kunming,MU9613,China Eastern,2h 35m,True,2026-02-12T13:26:15.834241
2026-10-24,BKK,arrival,19:55,KHH Kaohsiung,TG631,Thai Airways,3h 40m,True,2026-02-12T13:26:15.922381
2026-10-24,BKK,arrival,19:55,DAD Da Nang,VZ963,Vietjet Thailand,1h 45m,True,2026-02-12T13:26:16.008571
2026-10-24,BKK,arrival,20:00,SIN Singapore,SQ720,Singapore Airlines,2h 30m,True,2026-02-12T13:26:16.094528
2026-10-24,BKK,arrival,20:00,MEL Melbourne,TG466,Thai Airways,9h 30m,True,2026-02-12T13:26:16.179943
2026-10-24,BKK,arrival,20:05,DPS Denpasar,TG432,Thai Airways,4h 10m,True,2026-02-12T13:26:16.266263
2026-10-24,BKK,arrival,20:05,KKC Khon Kaen,TG47,Thai Airways,1h 0m,True,2026-02-12T13:26:16.353933
2026-10-24,BKK,arrival,20:05,SGN Ho Chi Minh City,VN609,Vietnam Airlines,1h 35m,True,2026-02-12T13:26:16.443122
2026-10-24,BKK,arrival,20:05,URT Surat Thani,VZ353,Vietjet Thailand,1h 15m,True,2026-02-12T13:26:16.529558
2026-10-24,BKK,arrival,20:10,KKC Khon Kaen,VZ215,Vietjet Thailand,1h 5m,True,2026-02-12T13:26:16.614879
2026-10-24,BKK,arrival,20:15,USM Koh Samui,PG160,Bangkok Airways,1h 35m,True,2026-02-12T13:26:16.699903
2026-10-24,BKK,arrival,20:15,CEI Chiang Rai,TG137,Thai Airways,1h 20m,True,2026-02-12T13:26:16.782893
2026-10-24,BKK,arrival,20:25,DEL Delhi,AI2304,Air India,4h 25m,True,2026-02-12T13:26:16.869889
2026-10-24,BKK,arrival,20:25,USM Koh Samui,PG176,Bangkok Airways,1h 30m,True,2026-02-12T13:26:16.956355
2026-10-24,BKK,arrival,20:25,USM Koh Samui,PG180,Bangkok Airways,1h 15m,True,2026-02-12T13:26:17.042366
2026-10-24,BKK,arrival,20:25,KTI Phnom Penh,VZ723,Vietjet Thailand,1h 15m,True,2026-02-12T13:26:17.130327
2026-10-24,BKK,arrival,20:30,PBH Paro,KB152,Drukair,3h 10m,True,2026-02-12T13:26:17.218337
2026-10-24,BKK,arrival,20:40,TFU Chengdu,EU2867,Chengdu Airlines,3h 15m,True,2026-02-12T13:26:17.303840
2026-10-24,BKK,arrival,20:40,KTI Phnom Penh,PG936,Bangkok Airways,1h 15m,True,2026-02-12T13:26:17.390889
2026-10-24,BKK,arrival,20:40,RGN Yangon,UB17,Myanmar National Airlines,1h 25m,True,2026-02-12T13:26:17.479473
2026-10-24,BKK,arrival,20:45,HKT Phuket,PG278,Bangkok Airways,1h 35m,True,2026-02-12T13:26:17.568246
2026-10-24,BKK,arrival,20:45,USM Koh Samui,PG174,Bangkok Airways,1h 15m,True,2026-02-12T13:26:17.650352
2026-10-24,BKK,arrival,20:45,HKG Hong Kong,TG639,Thai Airways,2h 40m,True,2026-02-12T13:26:17.737572
2026-10-24,BKK,arrival,20:45,ICN Seoul,TG653,Thai Airways,5h 50m,True,2026-02-12T13:26:17.820805
2026-10-24,BKK,arrival,20:50,HKT Phuket,TG218,Thai Airways,1h 35m,True,2026-02-12T13:26:17.914616
2026-10-24,BKK,arrival,20:50,PVG Shanghai,TG665,Thai Airways,4h 25m,True,2026-02-12T13:26:17.999697
2026-10-24,BKK,arrival,20:55,FOC Fuzhou,9C7301,Spring Airlines,4h 10m,True,2026-02-12T13:26:18.087154
2026-10-24,BKK,arrival,20:55,SAI Siem Reap,PG908,Bangkok Airways,1h 30m,True,2026-02-12T13:26:18.171303
2026-10-24,BKK,arrival,20:55,SYD Sydney,TG472,Thai Airways,9h 20m,True,2026-02-12T13:26:18.290296
2026-10-24,BKK,arrival,21:00,HKG Hong Kong,HX765,Hong Kong Airlines,3h 0m,True,2026-02-12T13:26:18.415593
2026-10-24,BKK,arrival,21:00,RGN Yangon,TG304,Thai Airways,1h 30m,True,2026-02-12T13:26:18.535952
2026-10-24,BKK,arrival,21:00,HKT Phuket,VZ2305,Vietjet Thailand,1h 30m,True,2026-02-12T13:26:18.653152
2026-10-24,BKK,arrival,21:05,HAN Hanoi,VN617,Vietnam Airlines,2h 5m,True,2026-02-12T13:26:18.777890
2026-10-24,BKK,arrival,21:05,CNX Chiang Mai,VZ123,Vietjet Thailand,1h 20m,True,2026-02-12T13:26:18.901028
2026-10-24,BKK,arrival,21:10,ICN Seoul,LJ1,Jin Air,6h 0m,True,2026-02-12T13:26:19.024718
2026-10-24,BKK,arrival,21:15,USM Koh Samui,PG188,Bangkok Airways,1h 30m,True,2026-02-12T13:26:19.140624
2026-10-24,BKK,arrival,21:15,PEK Beijing,TG615,Thai Airways,5h 10m,True,2026-02-12T13:26:19.289341
2026-10-24,BKK,arrival,21:20,ICN Seoul,BX727,Air Busan,6h 30m,True,2026-02-12T13:26:19.369985
2026-10-24,BKK,arrival,21:20,CEI Chiang Rai,VZ135,Vietjet Thailand,1h 25m,True,2026-02-12T13:26:19.456025
2026-10-24,BKK,arrival,21:25,UTH Udon Thani,FD4353,Thai AirAsia,1h 5m,True,2026-02-12T13:26:19.535226
2026-10-24,BKK,arrival,21:25,CNX Chiang Mai,PG220,Bangkok Airways,1h 25m,True,2026-02-12T13:26:19.616469
2026-10-24,BKK,arrival,21:25,USM Koh Samui,PG190,Bangkok Airways,1h 30m,True,2026-02-12T13:26:19.695677
2026-10-24,BKK,arrival,21:25,KIX Osaka,TG673,Thai Airways,5h 50m,True,2026-02-12T13:26:19.779611
2026-10-24,BKK,arrival,21:35,SGN Ho Chi Minh City,TG557,Thai Airways,1h 25m,True,2026-02-12T13:26:19.858977
2026-10-24,BKK,arrival,21:35,TPE Taipei,TG635,Thai Airways,3h 45m,True,2026-02-12T13:26:19.939796
2026-10-24,BKK,arrival,21:40,NRT Tokyo,ZG51,Zipair,6h 40m,True,2026-02-12T13:26:20.021675
2026-10-24,BKK,arrival,21:45,PUS Busan,BX725,Air Busan,5h 45m,True,2026-02-12T13:26:20.103704
2026-10-24,BKK,arrival,21:45,ICN Seoul,KE651,Korean Air,5h 40m,True,2026-02-12T13:26:20.184950
2026-10-24,BKK,arrival,21:45,KBV Krabi,TG250,Thai Airways,1h 25m,True,2026-02-12T13:26:20.266138
2026-10-24,BKK,arrival,21:45,KTI Phnom Penh,TK53,Turkish Airlines,1h 35m,True,2026-02-12T13:26:20.352302
2026-10-24,BKK,arrival,21:50,HKT Phuket,FD4115,Thai AirAsia,1h 30m,True,2026-02-12T13:26:20.432890
2026-10-24,BKK,arrival,21:50,MFM Macau,NX992,Air Macau,3h 5m,True,2026-02-12T13:26:20.510784
2026-10-24,BKK,arrival,21:50,USM Koh Samui,PG186,Bangkok Airways,1h 15m,True,2026-02-12T13:26:20.591741
2026-10-24,BKK,arrival,21:55,PVG Shanghai,FM853,Shanghai Airlines,4h 35m,True,2026-02-12T13:26:20.672653
2026-10-24,BKK,arrival,21:55,NRT Tokyo,TG677,Thai Airways,6h 30m,True,2026-02-12T13:26:20.751596
2026-10-24,BKK,arrival,21:55,VTE Vientiane,TG575,Thai Airways,1h 25m,True,2026-02-12T13:26:20.834290
2026-10-24,BKK,arrival,21:55,SIN Singapore,TR614,Scoot,2h 35m,True,2026-02-12T13:26:20.915855
2026-10-24,BKK,arrival,22:00,CCU Kolkata,6E1057,IndiGo,2h 45m,True,2026-02-12T13:26:20.998466
2026-10-24,BKK,arrival,22:00,CAN Guangzhou,CZ361,China Southern,2h 55m,True,2026-02-12T13:26:21.077606
2026-10-24,BKK,arrival,22:00,KKC Khon Kaen,FD4504,Thai AirAsia,1h 10m,True,2026-02-12T13:26:21.159691
2026-10-24,BKK,arrival,22:05,CRK Angeles,5J943,Cebu Pacific,3h 30m,True,2026-02-12T13:26:21.237571
2026-10-24,BKK,arrival,22:05,KUL Kuala Lumpur,TG418,Thai Airways,2h 10m,True,2026-02-12T13:26:21.318828
2026-10-24,BKK,arrival,22:05,ICN Seoul,TW101,T´Way Air,6h 5m,True,2026-02-12T13:26:21.395146
2026-10-24,BKK,arrival,22:05,KBV Krabi,VZ345,Vietjet Thailand,1h 25m,True,2026-02-12T13:26:21.478481
2026-10-24,BKK,arrival,22:10,KBV Krabi,FD4409,Thai AirAsia,1h 25m,True,2026-02-12T13:26:21.558665
2026-10-24,BKK,arrival,22:10,DPS Denpasar,TG440,Thai Airways,4h 10m,True,2026-02-12T13:26:21.673400
2026-10-24,BKK,arrival,22:10,SIN Singapore,TG410,Thai Airways,2h 20m,True,2026-02-12T13:26:21.792594
2026-10-24,BKK,arrival,22:10,CNX Chiang Mai,VZ2107,Vietjet Thailand,1h 20m,True,2026-02-12T13:26:21.915687
2026-10-24,BKK,arrival,22:15,KMG Kunming,MU9621,China Eastern,2h 35m,True,2026-02-12T13:26:22.040179
2026-10-24,BKK,arrival,22:15,HDY Hat Yai,TG268,Thai Airways,1h 35m,True,2026-02-12T13:26:22.159838
2026-10-24,BKK,arrival,22:15,MNL Manila,TG625,Thai Airways,3h 20m,True,2026-02-12T13:26:22.281405
2026-10-24,BKK,arrival,22:20,USM Koh Samui,PG196,Bangkok Airways,1h 30m,True,2026-02-12T13:26:22.411051
2026-10-24,BKK,arrival,22:30,USM Koh Samui,PG192,Bangkok Airways,1h 30m,True,2026-02-12T13:26:22.593605
2026-10-24,BKK,arrival,22:30,CGK Jakarta,TG436,Thai Airways,3h 30m,True,2026-02-12T13:26:22.681575
2026-10-24,BKK,arrival,22:30,CNX Chiang Mai,TG121,Thai Airways,1h 20m,True,2026-02-12T13:26:22.770720
2026-10-24,BKK,arrival,22:30,UTH Udon Thani,TG9,Thai Airways,1h 5m,True,2026-02-12T13:26:22.858654
2026-10-24,BKK,arrival,22:30,TPE Taipei,VZ569,Vietjet Thailand,3h 45m,True,2026-02-12T13:26:22.946178
2026-10-24,BKK,arrival,22:35,RGN Yangon,8M372,MAI,1h 20m,True,2026-02-12T13:26:23.034105
2026-10-24,BKK,arrival,22:35,HAN Hanoi,TG565,Thai Airways,1h 50m,True,2026-02-12T13:26:23.121738
2026-10-24,BKK,arrival,22:35,KTI Phnom Penh,TG585,Thai Airways,1h 20m,True,2026-02-12T13:26:23.209392
2026-10-24,BKK,arrival,22:40,PUS Busan,LJ21,Jin Air,5h 35m,True,2026-02-12T13:26:23.293667
2026-10-24,BKK,arrival,22:40,MNL Manila,PR732,PAL,3h 30m,True,2026-02-12T13:26:23.386562
2026-10-24,BKK,arrival,22:55,HKT Phuket,TG222,Thai Airways,1h 35m,True,2026-02-12T13:26:23.470568
2026-10-24,BKK,arrival,23:00,PEK Beijing,HU7995,Hainan Airlines,5h 0m,True,2026-02-12T13:26:23.555038
2026-10-24,BKK,arrival,23:00,NRT Tokyo,JL707,JAL,6h 35m,True,2026-02-12T13:26:23.639155
2026-10-24,BKK,arrival,23:05,KUL Kuala Lumpur,MH796,Malaysia Airlines,2h 20m,True,2026-02-12T13:26:23.725636
2026-10-24,BKK,arrival,23:10,ICN Seoul,OZ741,Asiana,5h 40m,True,2026-02-12T13:26:23.810642
2026-10-24,BKK,arrival,23:15,HKG Hong Kong,HB295,Greater Bay Airlines,3h 0m,True,2026-02-12T13:26:23.899714
2026-10-24,BKK,arrival,23:15,HKT Phuket,VZ309,Vietjet Thailand,1h 30m,True,2026-02-12T13:26:23.986668
2026-10-24,BKK,arrival,23:20,JJN Jinjiang,AQ1435,9 Air,4h 20m,True,2026-02-12T13:26:24.075600
2026-10-24,BKK,arrival,23:20,HDY Hat Yai,VZ329,Vietjet Thailand,1h 30m,True,2026-02-12T13:26:24.160608
2026-10-24,BKK,arrival,23:25,ICN Seoul,KE659,Korean Air,5h 40m,True,2026-02-12T13:26:24.247607
2026-10-24,BKK,arrival,23:30,TPE Taipei,BR205,EVA Air,3h 45m,True,2026-02-12T13:26:24.331141
2026-10-24,BKK,arrival,23:30,CNX Chiang Mai,FD4117,Thai AirAsia,1h 25m,True,2026-02-12T13:26:24.422244
2026-10-24,BKK,arrival,23:30,CKG Chongqing,OQ2361,Chongqing Airlines,3h 15m,True,2026-02-12T13:26:24.508254
2026-10-24,BKK,arrival,23:30,HKT Phuket,PG280,Bangkok Airways,1h 35m,True,2026-02-12T13:26:24.593783
2026-10-24,BKK,arrival,23:35,CAN Guangzhou,KQ887,Kenya Airways,2h 25m,True,2026-02-12T13:26:24.678301
2026-10-24,BKK,arrival,23:40,HKT Phuket,FD4420,Thai AirAsia,1h 25m,True,2026-02-12T13:26:24.767271
2026-10-24,BKK,arrival,23:45,HKG Hong Kong,EK385,Emirates,3h 15m,True,2026-02-12T13:26:24.852801
2026-10-24,BKK,arrival,23:50,PUS Busan,7C2551,Jeju Air,5h 50m,True,2026-02-12T13:26:24.939821
2026-10-24,BKK,arrival,23:50,HKG Hong Kong,CX617,Cathay Pacific,3h 0m,True,2026-02-12T13:26:25.023398
2026-10-24,BKK,arrival,23:50,AUH Abu Dhabi,EY400,Etihad,6h 35m,True,2026-02-12T13:26:25.120886
2026-10-24,BKK,arrival,23:50,CNX Chiang Mai,VZ119,Vietjet Thailand,1h 20m,True,2026-02-12T13:26:25.245479
2026-10-24,BKK,arrival,23:55,KIX Osaka,MM91,Peach Aviation,6h 25m,True,2026-02-12T13:26:25.365932
2026-10-24,BKK,arrival,23:55,NRT Tokyo,NH805,ANA,6h 45m,True,2026-02-12T13:26:25.494546
