date,airport,direction,time,destination,flight,airline,duration,page_date_verified,scraped_at
2026-09-09,BKK,departure,00:05,BRU Brussels,TG934,Thai Airways,12h 10m,True,2026-02-12T09:45:21.991770
2026-09-09,BKK,departure,00:05,CDG Paris,TG930,Thai Airways,12h 5m,True,2026-02-12T09:45:22.121455
2026-09-09,BKK,departure,00:05,NGO Nagoya,TG644,Thai Airways,5h 55m,True,2026-02-12T09:45:22.255973
2026-09-09,BKK,departure,00:05,OSL Oslo,TG954,Thai Airways,12h 20m,True,2026-02-12T09:45:22.381913
2026-09-09,BKK,departure,00:05,ICN Seoul,TW102,T´Way Air,5h 35m,True,2026-02-12T09:45:22.512166
2026-09-09,BKK,departure,00:25,KIX Osaka,JL728,JAL,5h 25m,True,2026-02-12T09:45:22.644536
2026-09-09,BKK,departure,00:30,CKG Chongqing,OQ2362,Chongqing Airlines,3h 30m,True,2026-02-12T09:45:22.774152
2026-09-09,BKK,departure,00:30,ARN Stockholm,TG960,Thai Airways,11h 55m,True,2026-02-12T09:45:22.898829
2026-09-09,BKK,departure,00:30,PVG Shanghai,TG662,Thai Airways,4h 15m,True,2026-02-12T09:45:23.018347
2026-09-09,BKK,departure,00:30,FUK Fukuoka,VZ810,Vietjet Thailand,5h 25m,True,2026-02-12T09:45:23.132255
2026-09-09,BKK,departure,00:40,PEK Beijing,HU7996,Hainan Airlines,5h 0m,True,2026-02-12T09:45:23.250534
2026-09-09,BKK,departure,00:40,FUK Fukuoka,TG648,Thai Airways,5h 20m,True,2026-02-12T09:45:23.366190
2026-09-09,BKK,departure,00:45,LHR London,TG910,Thai Airways,12h 30m,True,2026-02-12T09:45:23.481745
2026-09-09,BKK,departure,00:50,MUC Munich,TG924,Thai Airways,11h 15m,True,2026-02-12T09:45:23.606816
2026-09-09,BKK,departure,00:55,MXP Milan,TG940,Thai Airways,11h 40m,True,2026-02-12T09:45:23.704583
2026-09-09,BKK,departure,01:00,NBO Nairobi,KQ887,Kenya Airways,9h 5m,True,2026-02-12T09:45:23.804626
2026-09-09,BKK,departure,01:05,ZRH Zurich,TG970,Thai Airways,11h 45m,True,2026-02-12T09:45:23.910123
2026-09-09,BKK,departure,01:10,ICN Seoul,7C2504,Jeju Air,5h 45m,True,2026-02-12T09:45:24.038596
2026-09-09,BKK,departure,01:10,CPH Copenhagen,TG950,Thai Airways,11h 30m,True,2026-02-12T09:45:24.259938
2026-09-09,BKK,departure,01:15,TFU Chengdu,3U3938,Sichuan Airlines,3h 5m,True,2026-02-12T09:45:25.757524
2026-09-09,BKK,departure,01:15,PVG Shanghai,9C8756,Spring Airlines,4h 25m,True,2026-02-12T09:45:25.855933
2026-09-09,BKK,departure,01:15,KIX Osaka,MM92,Peach Aviation,6h 5m,True,2026-02-12T09:45:25.934435
2026-09-09,BKK,departure,01:20,ICN Seoul,OZ742,Asiana,5h 25m,True,2026-02-12T09:45:26.017060
2026-09-09,BKK,departure,01:30,PEK Beijing,CA980,Air China,4h 40m,True,2026-02-12T09:45:26.102255
2026-09-09,BKK,departure,01:30,HKG Hong Kong,HB296,Greater Bay Airlines,3h 0m,True,2026-02-12T09:45:26.187453
2026-09-09,BKK,departure,01:30,PVG Shanghai,HO1352,Juneyao Airlines,4h 15m,True,2026-02-12T09:45:26.272566
2026-09-09,BKK,departure,01:35,TPE Taipei,BR206,EVA Air,3h 45m,True,2026-02-12T09:45:26.356281
2026-09-09,BKK,departure,01:35,DXB Dubai,EK385,Emirates,6h 5m,True,2026-02-12T09:45:26.437811
2026-09-09,BKK,departure,01:50,ADD Addis Ababa,ET629,Ethiopian,8h 40m,True,2026-02-12T09:45:26.526042
2026-09-09,BKK,departure,01:50,HKG Hong Kong,HX760,Hong Kong Airlines,3h 0m,True,2026-02-12T09:45:26.610466
2026-09-09,BKK,departure,01:50,XMN Xiamen,MF844,XiamenAir,3h 25m,True,2026-02-12T09:45:26.695441
2026-09-09,BKK,departure,01:55,HKG Hong Kong,HX780,Hong Kong Airlines,3h 0m,True,2026-02-12T09:45:26.776238
2026-09-09,BKK,departure,01:55,TPE Taipei,VZ566,Vietjet Thailand,3h 50m,True,2026-02-12T09:45:26.859591
2026-09-09,BKK,departure,02:05,TAE Daegu,TW106,T´Way Air,5h 35m,True,2026-02-12T09:45:26.942729
2026-09-09,BKK,departure,02:10,NKG Nanjing,MU2804,China Eastern,4h 0m,True,2026-02-12T09:45:27.026354
2026-09-09,BKK,departure,02:10,PVG Shanghai,MU548,China Eastern,4h 25m,True,2026-02-12T09:45:27.111400
2026-09-09,BKK,departure,02:20,VIE Vienna,BR61,EVA Air,11h 15m,True,2026-02-12T09:45:27.201262
2026-09-09,BKK,departure,02:20,KWI Kuwait,KU414,Kuwait Airways,7h 20m,True,2026-02-12T09:45:27.282733
2026-09-09,BKK,departure,02:25,RGN Yangon,8M391,MAI,1h 20m,True,2026-02-12T09:45:27.368156
2026-09-09,BKK,departure,02:25,ICN Seoul,VZ850,Vietjet Thailand,5h 35m,True,2026-02-12T09:45:27.451548
2026-09-09,BKK,departure,02:30,DOH Doha,QR837,Qatar Airways,6h 35m,True,2026-02-12T09:45:27.541331
2026-09-09,BKK,departure,02:35,ICN Seoul,KE656,Korean Air,5h 40m,True,2026-02-12T09:45:27.622169
2026-09-09,BKK,departure,02:40,TPE Taipei,CI838,China Airlines,3h 45m,True,2026-02-12T09:45:27.704520
2026-09-09,BKK,departure,02:40,HKG Hong Kong,HX768,Hong Kong Airlines,3h 20m,True,2026-02-12T09:45:27.789234
2026-09-09,BKK,departure,02:50,DXB Dubai,EK377,Emirates,6h 10m,True,2026-02-12T09:45:27.885287
2026-09-09,BKK,departure,02:50,TAO Qingdao,SC4080,Shandong Airlines,4h 35m,True,2026-02-12T09:45:27.969281
2026-09-09,BKK,departure,03:00,CAN Guangzhou,CZ3036,China Southern,2h 55m,True,2026-02-12T09:45:28.053701
2026-09-09,BKK,departure,03:00,CAN Guangzhou,MU2078,China Eastern,3h 50m,True,2026-02-12T09:45:28.133795
2026-09-09,BKK,departure,03:15,AUH Abu Dhabi,EY401,Etihad,6h 30m,True,2026-02-12T09:45:28.221322
2026-09-09,BKK,departure,03:15,SZX Shenzhen,ZH306,Shenzhen Airlines,2h 55m,True,2026-02-12T09:45:28.303352
2026-09-09,BKK,departure,03:25,MNL Manila,5J932,Cebu Pacific,3h 45m,True,2026-02-12T09:45:28.387392
2026-09-09,BKK,departure,03:35,MCT Muscat,OV466,Salam Air,6h 30m,True,2026-02-12T09:45:28.474704
2026-09-09,BKK,departure,03:40,DXB Dubai,EK371,Emirates,6h 10m,True,2026-02-12T09:45:28.562463
2026-09-09,BKK,departure,03:50,DEL Delhi,SG88,SpiceJet,4h 25m,True,2026-02-12T09:45:28.648436
2026-09-09,BKK,departure,05:00,PBH Paro,KB153,Drukair,3h 15m,True,2026-02-12T09:45:28.733727
2026-09-09,BKK,departure,05:05,PVG Shanghai,FM848,Shanghai Airlines,4h 30m,True,2026-02-12T09:45:28.818062
2026-09-09,BKK,departure,06:00,KUL Kuala Lumpur,MH797,Malaysia Airlines,2h 10m,True,2026-02-12T09:45:28.903873
2026-09-09,BKK,departure,06:05,USM Koh Samui,PG101,Bangkok Airways,1h 5m,True,2026-02-12T09:45:28.995915
2026-09-09,BKK,departure,06:10,CNX Chiang Mai,VZ100,Vietjet Thailand,1h 20m,True,2026-02-12T09:45:29.074416
2026-09-09,BKK,departure,06:10,NST Nakhon Si Thammarat,VZ330,Vietjet Thailand,1h 20m,True,2026-02-12T09:45:29.152825
2026-09-09,BKK,departure,06:25,USM Koh Samui,PG103,Bangkok Airways,1h 5m,True,2026-02-12T09:45:29.235303
2026-09-09,BKK,departure,06:30,CEI Chiang Rai,VZ130,Vietjet Thailand,1h 25m,True,2026-02-12T09:45:29.317301
2026-09-09,BKK,departure,06:40,CEI Chiang Rai,FD4150,Thai AirAsia,1h 25m,True,2026-02-12T09:45:29.398236
2026-09-09,BKK,departure,06:40,IST Istanbul,TK59,Turkish Airlines,10h 0m,True,2026-02-12T09:45:29.477440
2026-09-09,BKK,departure,07:00,NRT Tokyo,NH806,ANA,6h 20m,True,2026-02-12T09:45:29.557429
2026-09-09,BKK,departure,07:00,THS Sukhothai,PG211,Bangkok Airways,1h 20m,True,2026-02-12T09:45:29.650691
2026-09-09,BKK,departure,07:00,HDY Hat Yai,TG259,Thai Airways,1h 25m,True,2026-02-12T09:45:29.744853
2026-09-09,BKK,departure,07:00,KKC Khon Kaen,TG40,Thai Airways,1h 0m,True,2026-02-12T09:45:29.836299
2026-09-09,BKK,departure,07:00,UTH Udon Thani,TG2,Thai Airways,1h 10m,True,2026-02-12T09:45:29.923850
2026-09-09,BKK,departure,07:00,HKT Phuket,VZ314,Vietjet Thailand,1h 30m,True,2026-02-12T09:45:30.001501
2026-09-09,BKK,departure,07:00,KBV Krabi,VZ340,Vietjet Thailand,1h 25m,True,2026-02-12T09:45:30.086044
2026-09-09,BKK,departure,07:05,HEL Helsinki,AY142,Finnair,12h 20m,True,2026-02-12T09:45:30.168278
2026-09-09,BKK,departure,07:05,UBP Ubon Ratchathani,TG20,Thai Airways,1h 10m,True,2026-02-12T09:45:30.249366
2026-09-09,BKK,departure,07:05,KKC Khon Kaen,VZ210,Vietjet Thailand,1h 5m,True,2026-02-12T09:45:30.394282
2026-09-09,BKK,departure,07:10,USM Koh Samui,PG107,Bangkok Airways,1h 5m,True,2026-02-12T09:45:30.509857
2026-09-09,BKK,departure,07:10,HDY Hat Yai,VZ320,Vietjet Thailand,1h 30m,True,2026-02-12T09:45:30.625201
2026-09-09,BKK,departure,07:15,YVR Vancouver,AC66,Air Canada,13h 35m,True,2026-02-12T09:45:30.745332
2026-09-09,BKK,departure,07:15,HDY Hat Yai,FD4202,Thai AirAsia,1h 35m,True,2026-02-12T09:45:30.974765
2026-09-09,BKK,departure,07:15,UTH Udon Thani,FD4350,Thai AirAsia,1h 15m,True,2026-02-12T09:45:31.083814
2026-09-09,BKK,departure,07:20,KBV Krabi,PG261,Bangkok Airways,1h 25m,True,2026-02-12T09:45:31.197066
2026-09-09,BKK,departure,07:25,CNX Chiang Mai,TG102,Thai Airways,1h 20m,True,2026-02-12T09:45:31.300643
2026-09-09,BKK,departure,07:25,MNL Manila,TG620,Thai Airways,3h 20m,True,2026-02-12T09:45:31.411690
2026-09-09,BKK,departure,07:30,URT Surat Thani,FD4212,Thai AirAsia,1h 25m,True,2026-02-12T09:45:31.520343
2026-09-09,BKK,departure,07:30,USM Koh Samui,PG121,Bangkok Airways,1h 5m,True,2026-02-12T09:45:31.626873
2026-09-09,BKK,departure,07:30,HKT Phuket,TG201,Thai Airways,1h 30m,True,2026-02-12T09:45:31.734383
2026-09-09,BKK,departure,07:30,KTI Phnom Penh,TG586,Thai Airways,1h 20m,True,2026-02-12T09:45:31.843583
2026-09-09,BKK,departure,07:30,PER Perth,TG481,Thai Airways,6h 35m,True,2026-02-12T09:45:31.953820
2026-09-09,BKK,departure,07:35,DEL Delhi,TG323,Thai Airways,4h 30m,True,2026-02-12T09:45:32.076287
2026-09-09,BKK,departure,07:35,SGN Ho Chi Minh City,TG550,Thai Airways,1h 30m,True,2026-02-12T09:45:32.177480
2026-09-09,BKK,departure,07:40,SAI Siem Reap,PG903,Bangkok Airways,1h 20m,True,2026-02-12T09:45:32.271097
2026-09-09,BKK,departure,07:40,KBV Krabi,TG241,Thai Airways,1h 20m,True,2026-02-12T09:45:32.363883
2026-09-09,BKK,departure,07:40,CNX Chiang Mai,VZ114,Vietjet Thailand,1h 20m,True,2026-02-12T09:45:32.482798
2026-09-09,BKK,departure,07:45,HAN Hanoi,TG560,Thai Airways,1h 50m,True,2026-02-12T09:45:32.585373
2026-09-09,BKK,departure,07:45,NRT Tokyo,TG676,Thai Airways,6h 10m,True,2026-02-12T09:45:32.692800
2026-09-09,BKK,departure,07:45,CMB Colombo,UL403,SriLankan Airlines,3h 20m,True,2026-02-12T09:45:32.904963
2026-09-09,BKK,departure,07:50,KMG Kunming,MU9622,China Eastern,2h 5m,True,2026-02-12T09:45:32.992986
2026-09-09,BKK,departure,07:55,HKT Phuket,FD4124,Thai AirAsia,1h 35m,True,2026-02-12T09:45:33.072588
2026-09-09,BKK,departure,08:00,CNX Chiang Mai,PG215,Bangkok Airways,1h 20m,True,2026-02-12T09:45:33.151378
2026-09-09,BKK,departure,08:00,CGK Jakarta,TG433,Thai Airways,3h 35m,True,2026-02-12T09:45:33.237708
2026-09-09,BKK,departure,08:00,HKG Hong Kong,TG600,Thai Airways,2h 45m,True,2026-02-12T09:45:33.326411
2026-09-09,BKK,departure,08:00,ICN Seoul,TG652,Thai Airways,5h 25m,True,2026-02-12T09:45:33.408412
2026-09-09,BKK,departure,08:00,SIN Singapore,TG403,Thai Airways,2h 15m,True,2026-02-12T09:45:33.489733
2026-09-09,BKK,departure,08:05,HKG Hong Kong,CX700,Cathay Pacific,3h 5m,True,2026-02-12T09:45:33.568214
2026-09-09,BKK,departure,08:05,NRT Tokyo,JL708,JAL,6h 10m,True,2026-02-12T09:45:33.652063
2026-09-09,BKK,departure,08:05,HKT Phuket,PG271,Bangkok Airways,1h 30m,True,2026-02-12T09:45:33.734369
2026-09-09,BKK,departure,08:05,CEI Chiang Rai,TG130,Thai Airways,1h 35m,True,2026-02-12T09:45:33.816281
2026-09-09,BKK,departure,08:05,HKT Phuket,TG203,Thai Airways,1h 30m,True,2026-02-12T09:45:33.902450
2026-09-09,BKK,departure,08:10,USM Koh Samui,PG123,Bangkok Airways,1h 10m,True,2026-02-12T09:45:33.990614
2026-09-09,BKK,departure,08:10,MEL Melbourne,TG461,Thai Airways,8h 50m,True,2026-02-12T09:45:34.076404
2026-09-09,BKK,departure,08:15,TDX Trat,PG301,Bangkok Airways,1h 0m,True,2026-02-12T09:45:34.162841
2026-09-09,BKK,departure,08:15,DAD Da Nang,VZ964,Vietjet Thailand,1h 40m,True,2026-02-12T09:45:34.248469
2026-09-09,BKK,departure,08:20,CAN Guangzhou,CZ362,China Southern,3h 0m,True,2026-02-12T09:45:34.336260
2026-09-09,BKK,departure,08:20,KBV Krabi,FD4402,Thai AirAsia,1h 30m,True,2026-02-12T09:45:34.422708
2026-09-09,BKK,departure,08:20,HKT Phuket,VZ300,Vietjet Thailand,1h 30m,True,2026-02-12T09:45:34.505930
2026-09-09,BKK,departure,08:25,CNX Chiang Mai,FD4104,Thai AirAsia,1h 25m,True,2026-02-12T09:45:34.589324
2026-09-09,BKK,departure,08:25,KIX Osaka,TG672,Thai Airways,5h 30m,True,2026-02-12T09:45:34.674622
2026-09-09,BKK,departure,08:25,TPE Taipei,TG632,Thai Airways,3h 40m,True,2026-02-12T09:45:34.758736
2026-09-09,BKK,departure,08:30,SYD Sydney,TG475,Thai Airways,9h 0m,True,2026-02-12T09:45:34.839181
2026-09-09,BKK,departure,08:30,UTH Udon Thani,VZ200,Vietjet Thailand,1h 10m,True,2026-02-12T09:45:34.921949
2026-09-09,BKK,departure,08:40,DEL Delhi,AI2333,Air India,4h 25m,True,2026-02-12T09:45:35.004743
2026-09-09,BKK,departure,08:40,KTI Phnom Penh,VZ720,Vietjet Thailand,1h 15m,True,2026-02-12T09:45:35.085290
2026-09-09,BKK,departure,08:55,BOM Mumbai,6E1052,IndiGo,4h 25m,True,2026-02-12T09:45:35.167843
2026-09-09,BKK,departure,08:55,SHJ Sharjah,G9822,Air Arabia,6h 25m,True,2026-02-12T09:45:35.257404
2026-09-09,BKK,departure,08:55,TPE Taipei,VZ568,Vietjet Thailand,3h 50m,True,2026-02-12T09:45:35.342578
2026-09-09,BKK,departure,09:00,MCT Muscat,WY818,Oman Air,5h 50m,True,2026-02-12T09:45:35.427931
2026-09-09,BKK,departure,09:05,KUL Kuala Lumpur,TG415,Thai Airways,2h 10m,True,2026-02-12T09:45:35.510288
2026-09-09,BKK,departure,09:05,SIN Singapore,TR609,Scoot,2h 20m,True,2026-02-12T09:45:35.593965
2026-09-09,BKK,departure,09:15,JJN Jinjiang,AQ1436,9 Air,2h 45m,True,2026-02-12T09:45:35.680348
2026-09-09,BKK,departure,09:15,AUH Abu Dhabi,EY403,Etihad,6h 20m,True,2026-02-12T09:45:35.759413
2026-09-09,BKK,departure,09:15,USM Koh Samui,PG115,Bangkok Airways,1h 30m,True,2026-02-12T09:45:35.839787
2026-09-09,BKK,departure,09:15,DOH Doha,QR831,Qatar Airways,6h 35m,True,2026-02-12T09:45:35.921335
2026-09-09,BKK,departure,09:15,RUN Saint Denis de la Reunion,UU886,Air Austral,7h 35m,True,2026-02-12T09:45:36.009540
2026-09-09,BKK,departure,09:20,MLE Male,PG711,Bangkok Airways,4h 25m,True,2026-02-12T09:45:36.094572
2026-09-09,BKK,departure,09:20,SIN Singapore,SQ705,Singapore Airlines,2h 25m,True,2026-02-12T09:45:36.173536
2026-09-09,BKK,departure,09:20,RGN Yangon,UB20,Myanmar National Airlines,1h 25m,True,2026-02-12T09:45:36.254586
2026-09-09,BKK,departure,09:20,PQC Phu Quoc,VZ980,Vietjet Thailand,1h 20m,True,2026-02-12T09:45:36.339829
2026-09-09,BKK,departure,09:25,MAA Chennai,6E1062,IndiGo,3h 15m,True,2026-02-12T09:45:36.421755
2026-09-09,BKK,departure,09:30,HKT Phuket,TG205,Thai Airways,1h 30m,True,2026-02-12T09:45:36.503031
2026-09-09,BKK,departure,09:35,HND Tokyo,NH848,ANA,6h 25m,True,2026-02-12T09:45:36.584502
2026-09-09,BKK,departure,09:35,DPS Denpasar,TG431,Thai Airways,4h 20m,True,2026-02-12T09:45:36.678209
2026-09-09,BKK,departure,09:35,RGN Yangon,TG301,Thai Airways,1h 30m,True,2026-02-12T09:45:36.759789
2026-09-09,BKK,departure,09:35,URT Surat Thani,VZ350,Vietjet Thailand,1h 15m,True,2026-02-12T09:45:36.840187
2026-09-09,BKK,departure,09:40,VTE Vientiane,QV442,Lao Airlines,1h 15m,True,2026-02-12T09:45:36.921848
2026-09-09,BKK,departure,09:45,AUH Abu Dhabi,EY409,Etihad,6h 20m,True,2026-02-12T09:45:36.999426
2026-09-09,BKK,departure,09:45,HND Tokyo,JL32,JAL,6h 15m,True,2026-02-12T09:45:37.080239
2026-09-09,BKK,departure,09:50,PVG Shanghai,FM842,Shanghai Airlines,4h 35m,True,2026-02-12T09:45:37.158686
2026-09-09,BKK,departure,09:50,ICN Seoul,KE660,Korean Air,5h 30m,True,2026-02-12T09:45:37.238097
2026-09-09,BKK,departure,09:55,DXB Dubai,EK375,Emirates,6h 5m,True,2026-02-12T09:45:37.353625
2026-09-09,BKK,departure,09:55,CNX Chiang Mai,PG223,Bangkok Airways,1h 20m,True,2026-02-12T09:45:37.480582
2026-09-09,BKK,departure,09:55,LPQ Luang Prabang,PG941,Bangkok Airways,2h 10m,True,2026-02-12T09:45:37.590320
2026-09-09,BKK,departure,09:55,USM Koh Samui,PG129,Bangkok Airways,1h 10m,True,2026-02-12T09:45:37.819217
2026-09-09,BKK,departure,09:55,DOH Doha,QR839,Qatar Airways,6h 35m,True,2026-02-12T09:45:37.920616
2026-09-09,BKK,departure,09:55,CNX Chiang Mai,TG104,Thai Airways,1h 20m,True,2026-02-12T09:45:38.026449
2026-09-09,BKK,departure,09:55,CNX Chiang Mai,VZ102,Vietjet Thailand,1h 20m,True,2026-02-12T09:45:38.140552
2026-09-09,BKK,departure,10:00,PEK Beijing,TG614,Thai Airways,4h 45m,True,2026-02-12T09:45:38.250638
2026-09-09,BKK,departure,10:05,CCU Kolkata,6E1058,IndiGo,2h 40m,True,2026-02-12T09:45:38.360685
2026-09-09,BKK,departure,10:05,USM Koh Samui,PG125,Bangkok Airways,1h 10m,True,2026-02-12T09:45:38.472829
2026-09-09,BKK,departure,10:05,CDG Paris,SB500,Aircalin,12h 45m,True,2026-02-12T09:45:38.585447
2026-09-09,BKK,departure,10:10,USM Koh Samui,PG127,Bangkok Airways,1h 30m,True,2026-02-12T09:45:38.692237
2026-09-09,BKK,departure,10:10,HKG Hong Kong,UO705,HK Express,3h 10m,True,2026-02-12T09:45:38.803902
2026-09-09,BKK,departure,10:15,RGN Yangon,8M336,MAI,1h 20m,True,2026-02-12T09:45:38.917194
2026-09-09,BKK,departure,10:15,KTM Kathmandu,TG319,Thai Airways,3h 25m,True,2026-02-12T09:45:39.031425
2026-09-09,BKK,departure,10:15,TFU Chengdu,TG618,Thai Airways,3h 10m,True,2026-02-12T09:45:39.155234
2026-09-09,BKK,departure,10:20,KTI Phnom Penh,K6723,Air Cambodia,1h 10m,True,2026-02-12T09:45:39.258430
2026-09-09,BKK,departure,10:20,HKT Phuket,VZ304,Vietjet Thailand,1h 30m,True,2026-02-12T09:45:39.355119
2026-09-09,BKK,departure,10:30,NST Nakhon Si Thammarat,FD4231,Thai AirAsia,1h 25m,True,2026-02-12T09:45:39.453595
2026-09-09,BKK,departure,10:30,CAN Guangzhou,TG668,Thai Airways,3h 0m,True,2026-02-12T09:45:39.578246
2026-09-09,BKK,departure,10:30,HKG Hong Kong,TG628,Thai Airways,2h 50m,True,2026-02-12T09:45:39.690624
2026-09-09,BKK,departure,10:30,KKC Khon Kaen,TG42,Thai Airways,1h 5m,True,2026-02-12T09:45:39.893939
2026-09-09,BKK,departure,10:35,MFM Macau,NX995,Air Macau,2h 45m,True,2026-02-12T09:45:39.987029
2026-09-09,BKK,departure,10:35,DAC Dhaka,TG321,Thai Airways,2h 35m,True,2026-02-12T09:45:40.066288
2026-09-09,BKK,departure,10:40,HKT Phuket,PG275,Bangkok Airways,1h 30m,True,2026-02-12T09:45:40.149676
2026-09-09,BKK,departure,10:45,CNX Chiang Mai,FD4106,Thai AirAsia,1h 20m,True,2026-02-12T09:45:40.232348
2026-09-09,BKK,departure,10:45,KMG Kunming,TG612,Thai Airways,2h 15m,True,2026-02-12T09:45:40.312646
2026-09-09,BKK,departure,10:45,PVG Shanghai,TG664,Thai Airways,4h 15m,True,2026-02-12T09:45:40.392798
2026-09-09,BKK,departure,10:50,DEL Delhi,6E1064,IndiGo,4h 35m,True,2026-02-12T09:45:40.481453
2026-09-09,BKK,departure,10:50,TPE Taipei,CI834,China Airlines,3h 40m,True,2026-02-12T09:45:40.560830
2026-09-09,BKK,departure,10:50,NNG Nanning,GX8910,GX Airlines,2h 0m,True,2026-02-12T09:45:40.643393
2026-09-09,BKK,departure,10:50,HKT Phuket,TG207,Thai Airways,1h 30m,True,2026-02-12T09:45:40.724575
2026-09-09,BKK,departure,10:50,DAD Da Nang,VZ960,Vietjet Thailand,1h 40m,True,2026-02-12T09:45:40.807666
2026-09-09,BKK,departure,10:55,SAI Siem Reap,PG905,Bangkok Airways,1h 20m,True,2026-02-12T09:45:40.887174
2026-09-09,BKK,departure,10:55,SIN Singapore,TR625,Scoot,2h 30m,True,2026-02-12T09:45:40.970621
2026-09-09,BKK,departure,11:00,HKG Hong Kong,CX750,Cathay Pacific,3h 10m,True,2026-02-12T09:45:41.050307
2026-09-09,BKK,departure,11:00,HDY Hat Yai,VZ324,Vietjet Thailand,1h 30m,True,2026-02-12T09:45:41.133317
2026-09-09,BKK,departure,11:00,UBP Ubon Ratchathani,VZ220,Vietjet Thailand,1h 10m,True,2026-02-12T09:45:41.214816
2026-09-09,BKK,departure,11:05,HAK Haikou,HU7940,Hainan Airlines,2h 25m,True,2026-02-12T09:45:41.300531
2026-09-09,BKK,departure,11:05,KUL Kuala Lumpur,MH785,Malaysia Airlines,2h 10m,True,2026-02-12T09:45:41.380963
2026-09-09,BKK,departure,11:10,TPE Taipei,BR62,EVA Air,3h 55m,True,2026-02-12T09:45:41.463937
2026-09-09,BKK,departure,11:10,CNX Chiang Mai,FD4100,Thai AirAsia,1h 20m,True,2026-02-12T09:45:41.548126
2026-09-09,BKK,departure,11:15,SIN Singapore,TG413,Thai Airways,2h 15m,True,2026-02-12T09:45:41.634539
2026-09-09,BKK,departure,11:15,IST Istanbul,TK65,Turkish Airlines,9h 55m,True,2026-02-12T09:45:41.717314
2026-09-09,BKK,departure,11:20,CAN Guangzhou,CZ358,China Southern,2h 50m,True,2026-02-12T09:45:41.800035
2026-09-09,BKK,departure,11:20,NAW Narathiwat,FD4252,Thai AirAsia,1h 35m,True,2026-02-12T09:45:41.880397
2026-09-09,BKK,departure,11:20,SHJ Sharjah,G9824,Air Arabia,6h 25m,True,2026-02-12T09:45:41.968448
2026-09-09,BKK,departure,11:20,SGN Ho Chi Minh City,VN600,Vietnam Airlines,1h 45m,True,2026-02-12T09:45:42.051332
2026-09-09,BKK,departure,11:25,MNL Manila,5J930,Cebu Pacific,3h 50m,True,2026-02-12T09:45:42.132850
2026-09-09,BKK,departure,11:25,CDG Paris,AF199,Air France,12h 25m,True,2026-02-12T09:45:42.214610
2026-09-09,BKK,departure,11:25,KKC Khon Kaen,FD4501,Thai AirAsia,1h 10m,True,2026-02-12T09:45:42.301495
2026-09-09,BKK,departure,11:25,VTE Vientiane,TG570,Thai Airways,1h 15m,True,2026-02-12T09:45:42.384132
2026-09-09,BKK,departure,11:30,MDL Mandalay,8M338,MAI,1h 50m,True,2026-02-12T09:45:42.470348
2026-09-09,BKK,departure,11:30,SGN Ho Chi Minh City,VJ802,VietJet,1h 30m,True,2026-02-12T09:45:42.553509
2026-09-09,BKK,departure,11:35,KTI Phnom Penh,KR702,Cambodia Airways,1h 15m,True,2026-02-12T09:45:42.634558
2026-09-09,BKK,departure,11:35,CEI Chiang Rai,TG132,Thai Airways,1h 35m,True,2026-02-12T09:45:42.718418
2026-09-09,BKK,departure,11:40,TDX Trat,PG305,Bangkok Airways,1h 0m,True,2026-02-12T09:45:42.801446
2026-09-09,BKK,departure,11:40,USM Koh Samui,PG133,Bangkok Airways,1h 5m,True,2026-02-12T09:45:42.884386
2026-09-09,BKK,departure,11:40,CNX Chiang Mai,TG106,Thai Airways,1h 20m,True,2026-02-12T09:45:42.970412
2026-09-09,BKK,departure,11:40,CXR Nha Trang,VZ968,Vietjet Thailand,1h 50m,True,2026-02-12T09:45:43.058714
2026-09-09,BKK,departure,11:45,NNG Nanning,9C7486,Spring Airlines,2h 20m,True,2026-02-12T09:45:43.140713
2026-09-09,BKK,departure,11:45,CKG Chongqing,HU424,Hainan Airlines,3h 30m,True,2026-02-12T09:45:43.220154
2026-09-09,BKK,departure,11:45,KHH Kaohsiung,TG630,Thai Airways,3h 30m,True,2026-02-12T09:45:43.303536
2026-09-09,BKK,departure,11:50,PVG Shanghai,FM854,Shanghai Airlines,4h 20m,True,2026-02-12T09:45:43.387093
2026-09-09,BKK,departure,11:55,HYD Hyderabad,6E1068,IndiGo,3h 30m,True,2026-02-12T09:45:43.475388
2026-09-09,BKK,departure,11:55,KWI Kuwait,KU412,Kuwait Airways,7h 20m,True,2026-02-12T09:45:43.557055
2026-09-09,BKK,departure,11:55,HAN Hanoi,VN610,Vietnam Airlines,1h 55m,True,2026-02-12T09:45:43.640808
2026-09-09,BKK,departure,12:00,FOC Fuzhou,9C7302,Spring Airlines,3h 30m,True,2026-02-12T09:45:43.731455
2026-09-09,BKK,departure,12:05,FCO Rome,AZ759,ITA Airways,12h 15m,True,2026-02-12T09:45:43.817462
2026-09-09,BKK,departure,12:05,HKG Hong Kong,CX774,Cathay Pacific,3h 10m,True,2026-02-12T09:45:43.895920
2026-09-09,BKK,departure,12:05,AMS Amsterdam,KL844,KLM,12h 5m,True,2026-02-12T09:45:43.978725
2026-09-09,BKK,departure,12:10,SZX Shenzhen,ZH310,Shenzhen Airlines,2h 55m,True,2026-02-12T09:45:44.069390
2026-09-09,BKK,departure,12:15,XMN Xiamen,MF854,XiamenAir,3h 15m,True,2026-02-12T09:45:44.152007
2026-09-09,BKK,departure,12:15,SIN Singapore,SQ707,Singapore Airlines,2h 35m,True,2026-02-12T09:45:44.232805
2026-09-09,BKK,departure,12:15,UTH Udon Thani,TG4,Thai Airways,1h 10m,True,2026-02-12T09:45:44.314454
2026-09-09,BKK,departure,12:20,BLR Bengaluru,6E1056,IndiGo,3h 40m,True,2026-02-12T09:45:44.579172
2026-09-09,BKK,departure,12:20,SZX Shenzhen,CZ8076,China Southern,2h 50m,True,2026-02-12T09:45:44.683077
2026-09-09,BKK,departure,12:20,CNX Chiang Mai,FD4118,Thai AirAsia,1h 20m,True,2026-02-12T09:45:44.790451
2026-09-09,BKK,departure,12:20,HKT Phuket,FD4110,Thai AirAsia,1h 35m,True,2026-02-12T09:45:44.894894
2026-09-09,BKK,departure,12:20,ICN Seoul,OZ744,Asiana,5h 20m,True,2026-02-12T09:45:45.002729
2026-09-09,BKK,departure,12:20,CNX Chiang Mai,VZ110,Vietjet Thailand,1h 20m,True,2026-02-12T09:45:45.105099
2026-09-09,BKK,departure,12:25,TPE Taipei,BR212,EVA Air,3h 50m,True,2026-02-12T09:45:45.212610
2026-09-09,BKK,departure,12:25,CNX Chiang Mai,PG217,Bangkok Airways,1h 20m,True,2026-02-12T09:45:45.320376
2026-09-09,BKK,departure,12:25,FRA Frankfurt,TG922,Thai Airways,11h 35m,True,2026-02-12T09:45:45.435873
2026-09-09,BKK,departure,12:30,HKG Hong Kong,CX754,Cathay Pacific,3h 10m,True,2026-02-12T09:45:45.547361
2026-09-09,BKK,departure,12:30,HDY Hat Yai,TG263,Thai Airways,1h 30m,True,2026-02-12T09:45:45.656758
2026-09-09,BKK,departure,12:35,ZRH Zurich,LX181,SWISS,12h 0m,True,2026-02-12T09:45:45.764004
2026-09-09,BKK,departure,12:35,HKT Phuket,PG273,Bangkok Airways,1h 30m,True,2026-02-12T09:45:45.869529
2026-09-09,BKK,departure,12:40,CAN Guangzhou,CZ8080,China Southern,3h 0m,True,2026-02-12T09:45:45.979201
2026-09-09,BKK,departure,12:40,USM Koh Samui,PG135,Bangkok Airways,1h 5m,True,2026-02-12T09:45:46.103011
2026-09-09,BKK,departure,12:40,DPS Denpasar,TG439,Thai Airways,4h 20m,True,2026-02-12T09:45:46.201469
2026-09-09,BKK,departure,12:40,TPE Taipei,TG634,Thai Airways,3h 40m,True,2026-02-12T09:45:46.294372
2026-09-09,BKK,departure,12:40,YCU Yuncheng,ZH282,Shenzhen Airlines,4h 10m,True,2026-02-12T09:45:46.388121
2026-09-09,BKK,departure,12:45,LHR London,BR67,EVA Air,12h 35m,True,2026-02-12T09:45:46.509380
2026-09-09,BKK,departure,12:45,LHR London,TG916,Thai Airways,12h 30m,True,2026-02-12T09:45:46.618292
2026-09-09,BKK,departure,12:50,HGH Hangzhou,JD420,Capital Airlines,4h 0m,True,2026-02-12T09:45:46.727485
2026-09-09,BKK,departure,13:00,HAN Hanoi,ET608,Ethiopian,1h 30m,True,2026-02-12T09:45:46.935258
2026-09-09,BKK,departure,13:00,HND Tokyo,TG660,Thai Airways,6h 10m,True,2026-02-12T09:45:47.019548
2026-09-09,BKK,departure,13:05,NST Nakhon Si Thammarat,VZ334,Vietjet Thailand,1h 20m,True,2026-02-12T09:45:47.101770
2026-09-09,BKK,departure,13:10,TPE Taipei,JX742,Starlux,3h 50m,True,2026-02-12T09:45:47.188026
2026-09-09,BKK,departure,13:10,HKT Phuket,VZ2300,Vietjet Thailand,1h 30m,True,2026-02-12T09:45:47.274999
2026-09-09,BKK,departure,13:15,UTH Udon Thani,VZ204,Vietjet Thailand,1h 10m,True,2026-02-12T09:45:47.358408
2026-09-09,BKK,departure,13:20,TPE Taipei,CI832,China Airlines,3h 40m,True,2026-02-12T09:45:47.443168
2026-09-09,BKK,departure,13:20,KMG Kunming,MU6088,China Eastern,2h 25m,True,2026-02-12T09:45:47.527051
2026-09-09,BKK,departure,13:20,SVO Moscow,SU273,Aeroflot,9h 40m,True,2026-02-12T09:45:47.611714
2026-09-09,BKK,departure,13:25,MNL Manila,PR731,PAL,3h 35m,True,2026-02-12T09:45:47.694612
2026-09-09,BKK,departure,13:25,CEI Chiang Rai,VZ132,Vietjet Thailand,1h 25m,True,2026-02-12T09:45:47.782242
2026-09-09,BKK,departure,13:30,CCU Kolkata,B3701,Bhutan Airlines,2h 40m,True,2026-02-12T09:45:47.865040
2026-09-09,BKK,departure,13:30,CNX Chiang Mai,TG110,Thai Airways,1h 20m,True,2026-02-12T09:45:47.948488
2026-09-09,BKK,departure,13:35,PVG Shanghai,MU542,China Eastern,4h 40m,True,2026-02-12T09:45:48.032191
2026-09-09,BKK,departure,13:40,USM Koh Samui,PG145,Bangkok Airways,1h 5m,True,2026-02-12T09:45:48.119520
2026-09-09,BKK,departure,13:40,CNX Chiang Mai,VZ106,Vietjet Thailand,1h 20m,True,2026-02-12T09:45:48.201691
2026-09-09,BKK,departure,13:45,TFU Chengdu,9C7502,Spring Airlines,3h 0m,True,2026-02-12T09:45:48.286050
2026-09-09,BKK,departure,13:45,CAN Guangzhou,CZ8100,China Southern,3h 0m,True,2026-02-12T09:45:48.371931
2026-09-09,BKK,departure,13:50,PVG Shanghai,9C7422,Spring Airlines,4h 5m,True,2026-02-12T09:45:48.457832
2026-09-09,BKK,departure,13:50,PEK Beijing,HU430,Hainan Airlines,5h 5m,True,2026-02-12T09:45:48.548114
2026-09-09,BKK,departure,13:50,SIN Singapore,TG407,Thai Airways,2h 15m,True,2026-02-12T09:45:48.631663
2026-09-09,BKK,departure,13:50,SGN Ho Chi Minh City,VJ804,VietJet,1h 30m,True,2026-02-12T09:45:48.720675
2026-09-09,BKK,departure,13:55,HND Tokyo,NH878,ANA,6h 20m,True,2026-02-12T09:45:48.803621
2026-09-09,BKK,departure,13:55,USM Koh Samui,PG149,Bangkok Airways,1h 30m,True,2026-02-12T09:45:48.887557
2026-09-09,BKK,departure,13:55,HKT Phuket,TG211,Thai Airways,1h 30m,True,2026-02-12T09:45:48.967677
2026-09-09,BKK,departure,14:00,HKG Hong Kong,TG638,Thai Airways,2h 45m,True,2026-02-12T09:45:49.054416
2026-09-09,BKK,departure,14:00,HAN Hanoi,VJ902,VietJet,1h 50m,True,2026-02-12T09:45:49.136377
2026-09-09,BKK,departure,14:05,XIY Xian,9C6294,Spring Airlines,4h 10m,True,2026-02-12T09:45:49.227016
2026-09-09,BKK,departure,14:05,USM Koh Samui,PG147,Bangkok Airways,1h 5m,True,2026-02-12T09:45:49.307852
2026-09-09,BKK,departure,14:10,KKC Khon Kaen,TG44,Thai Airways,1h 0m,True,2026-02-12T09:45:49.394571
2026-09-09,BKK,departure,14:15,HKG Hong Kong,EK384,Emirates,3h 0m,True,2026-02-12T09:45:49.480656
2026-09-09,BKK,departure,14:15,CGK Jakarta,GA867,Garuda Indonesia,3h 35m,True,2026-02-12T09:45:49.565978
2026-09-09,BKK,departure,14:15,KUL Kuala Lumpur,MH789,Malaysia Airlines,2h 15m,True,2026-02-12T09:45:49.644819
2026-09-09,BKK,departure,14:15,TAO Qingdao,QW9898,Qingdao Airlines,5h 0m,True,2026-02-12T09:45:49.728460
2026-09-09,BKK,departure,14:20,CGK Jakarta,TG435,Thai Airways,3h 35m,True,2026-02-12T09:45:49.811637
2026-09-09,BKK,departure,14:20,MNL Manila,TG624,Thai Airways,3h 25m,True,2026-02-12T09:45:49.893525
2026-09-09,BKK,departure,14:25,NGB Ningbo,9C7432,Spring Airlines,4h 15m,True,2026-02-12T09:45:49.977875
2026-09-09,BKK,departure,14:25,SGN Ho Chi Minh City,VN604,Vietnam Airlines,1h 50m,True,2026-02-12T09:45:50.066265
2026-09-09,BKK,departure,14:30,CEI Chiang Rai,FD4152,Thai AirAsia,1h 25m,True,2026-02-12T09:45:50.149223
2026-09-09,BKK,departure,14:30,SGN Ho Chi Minh City,VU130,Vietravel Airlines,1h 25m,True,2026-02-12T09:45:50.231955
2026-09-09,BKK,departure,14:30,KBV Krabi,VZ342,Vietjet Thailand,1h 25m,True,2026-02-12T09:45:50.312762
2026-09-09,BKK,departure,14:35,KBV Krabi,FD4400,Thai AirAsia,1h 35m,True,2026-02-12T09:45:50.399219
2026-09-09,BKK,departure,14:35,PQC Phu Quoc,VZ982,Vietjet Thailand,1h 20m,True,2026-02-12T09:45:50.481221
2026-09-09,BKK,departure,14:40,DAC Dhaka,BS218,US-Bangla Airlines,2h 40m,True,2026-02-12T09:45:50.564877
2026-09-09,BKK,departure,14:40,PNQ Pune,IX241,Air India Express,4h 15m,True,2026-02-12T09:45:50.648638
2026-09-09,BKK,departure,14:40,USM Koh Samui,PG151,Bangkok Airways,1h 5m,True,2026-02-12T09:45:50.740761
2026-09-09,BKK,departure,14:45,BOM Mumbai,AI2353,Air India,4h 40m,True,2026-02-12T09:45:50.819501
2026-09-09,BKK,departure,14:45,HKT Phuket,FD4112,Thai AirAsia,1h 30m,True,2026-02-12T09:45:50.901578
2026-09-09,BKK,departure,14:45,HKT Phuket,TG215,Thai Airways,1h 30m,True,2026-02-12T09:45:50.986301
2026-09-09,BKK,departure,14:45,UBP Ubon Ratchathani,VZ224,Vietjet Thailand,1h 10m,True,2026-02-12T09:45:51.068373
2026-09-09,BKK,departure,14:50,KTI Phnom Penh,K6725,Air Cambodia,1h 10m,True,2026-02-12T09:45:51.149359
2026-09-09,BKK,departure,14:55,VVO Vladivostok,SU645,Aeroflot,6h 35m,True,2026-02-12T09:45:51.339790
2026-09-09,BKK,departure,14:55,CNX Chiang Mai,TG112,Thai Airways,1h 20m,True,2026-02-12T09:45:51.422921
2026-09-09,BKK,departure,15:00,SWA Jieyang,9C6194,Spring Airlines,2h 55m,True,2026-02-12T09:45:51.552760
2026-09-09,BKK,departure,15:00,HKG Hong Kong,CX654,Cathay Pacific,3h 5m,True,2026-02-12T09:45:51.668823
2026-09-09,BKK,departure,15:00,USM Koh Samui,PG157,Bangkok Airways,1h 30m,True,2026-02-12T09:45:51.787620
2026-09-09,BKK,departure,15:05,CAN Guangzhou,CZ5096,China Southern,3h 0m,True,2026-02-12T09:45:51.899868
2026-09-09,BKK,departure,15:05,AUH Abu Dhabi,EY405,Etihad,7h 15m,True,2026-02-12T09:45:52.017027
2026-09-09,BKK,departure,15:10,TPE Taipei,BR202,EVA Air,3h 50m,True,2026-02-12T09:45:52.132906
2026-09-09,BKK,departure,15:15,DEL Delhi,AI2356,Air India,4h 30m,True,2026-02-12T09:45:52.236985
2026-09-09,BKK,departure,15:15,TPE Taipei,BR76,EVA Air,3h 50m,True,2026-02-12T09:45:52.371913
2026-09-09,BKK,departure,15:20,MFM Macau,NX935,Air Macau,2h 30m,True,2026-02-12T09:45:52.481929
2026-09-09,BKK,departure,15:20,JED Jeddah,SV845,Saudia,8h 10m,True,2026-02-12T09:45:52.591286
2026-09-09,BKK,departure,15:20,CMB Colombo,UL405,SriLankan Airlines,3h 20m,True,2026-02-12T09:45:52.701490
2026-09-09,BKK,departure,15:25,CNX Chiang Mai,FD4120,Thai AirAsia,1h 25m,True,2026-02-12T09:45:52.813862
2026-09-09,BKK,departure,15:25,SIN Singapore,TR605,Scoot,2h 30m,True,2026-02-12T09:45:52.921974
2026-09-09,BKK,departure,15:25,CNX Chiang Mai,VZ108,Vietjet Thailand,1h 20m,True,2026-02-12T09:45:53.030520
2026-09-09,BKK,departure,15:25,HKT Phuket,VZ306,Vietjet Thailand,1h 30m,True,2026-02-12T09:45:53.142652
2026-09-09,BKK,departure,15:30,USM Koh Samui,PG165,Bangkok Airways,1h 5m,True,2026-02-12T09:45:53.272725
2026-09-09,BKK,departure,15:30,SIN Singapore,SQ709,Singapore Airlines,2h 30m,True,2026-02-12T09:45:53.371696
2026-09-09,BKK,departure,15:30,UTH Udon Thani,VZ202,Vietjet Thailand,1h 10m,True,2026-02-12T09:45:53.464716
2026-09-09,BKK,departure,15:35,YIH Yichang,HU7944,Hainan Airlines,3h 25m,True,2026-02-12T09:45:53.560622
2026-09-09,BKK,departure,15:40,RGN Yangon,8M334,MAI,1h 20m,True,2026-02-12T09:45:53.655968
2026-09-09,BKK,departure,15:45,HKG Hong Kong,UA821,United,3h 0m,True,2026-02-12T09:45:53.785404
2026-09-09,BKK,departure,15:45,SGN Ho Chi Minh City,VJ800,VietJet,1h 30m,True,2026-02-12T09:45:53.891161
2026-09-09,BKK,departure,15:50,PVG Shanghai,9C7280,Spring Airlines,4h 25m,True,2026-02-12T09:45:54.107112
2026-09-09,BKK,departure,15:50,NKG Nanjing,JD620,Capital Airlines,4h 5m,True,2026-02-12T09:45:54.203094
2026-09-09,BKK,departure,15:50,DAD Da Nang,VZ962,Vietjet Thailand,1h 40m,True,2026-02-12T09:45:54.284278
2026-09-09,BKK,departure,15:55,CAN Guangzhou,CZ3082,China Southern,3h 5m,True,2026-02-12T09:45:54.365991
2026-09-09,BKK,departure,15:55,HKG Hong Kong,HX776,Hong Kong Airlines,3h 0m,True,2026-02-12T09:45:54.448194
2026-09-09,BKK,departure,15:55,KMG Kunming,MU742,China Eastern,2h 30m,True,2026-02-12T09:45:54.529267
2026-09-09,BKK,departure,15:55,HAN Hanoi,VN614,Vietnam Airlines,1h 55m,True,2026-02-12T09:45:54.611193
2026-09-09,BKK,departure,16:00,THS Sukhothai,PG213,Bangkok Airways,1h 20m,True,2026-02-12T09:45:54.695009
2026-09-09,BKK,departure,16:00,USM Koh Samui,PG167,Bangkok Airways,1h 5m,True,2026-02-12T09:45:54.777554
2026-09-09,BKK,departure,16:00,UBP Ubon Ratchathani,TG28,Thai Airways,1h 10m,True,2026-02-12T09:45:54.863437
2026-09-09,BKK,departure,16:05,TLV Tel Aviv-Yafo,LY84,El Al,10h 50m,True,2026-02-12T09:45:54.946265
2026-09-09,BKK,departure,16:10,HDY Hat Yai,FD4204,Thai AirAsia,1h 30m,True,2026-02-12T09:45:55.029416
2026-09-09,BKK,departure,16:15,DAC Dhaka,BG389,Biman,2h 45m,True,2026-02-12T09:45:55.109440
2026-09-09,BKK,departure,16:15,TDX Trat,PG307,Bangkok Airways,1h 0m,True,2026-02-12T09:45:55.194866
2026-09-09,BKK,departure,16:15,USM Koh Samui,PG159,Bangkok Airways,1h 35m,True,2026-02-12T09:45:55.277889
2026-09-09,BKK,departure,16:15,HKG Hong Kong,UO701,HK Express,3h 0m,True,2026-02-12T09:45:55.361668
2026-09-09,BKK,departure,16:25,HKG Hong Kong,CX706,Cathay Pacific,3h 0m,True,2026-02-12T09:45:55.442392
2026-09-09,BKK,departure,16:25,SIN Singapore,TG409,Thai Airways,2h 15m,True,2026-02-12T09:45:55.529997
2026-09-09,BKK,departure,16:35,CNX Chiang Mai,FD4108,Thai AirAsia,1h 20m,True,2026-02-12T09:45:55.612654
2026-09-09,BKK,departure,16:40,USM Koh Samui,PG169,Bangkok Airways,1h 5m,True,2026-02-12T09:45:55.705359
2026-09-09,BKK,departure,16:40,KUL Kuala Lumpur,TG417,Thai Airways,2h 10m,True,2026-02-12T09:45:55.788202
2026-09-09,BKK,departure,16:45,TPE Taipei,BR68,EVA Air,3h 45m,True,2026-02-12T09:45:55.872146
2026-09-09,BKK,departure,16:50,PVG Shanghai,FM834,Shanghai Airlines,4h 35m,True,2026-02-12T09:45:55.950583
2026-09-09,BKK,departure,17:00,HKT Phuket,PG277,Bangkok Airways,1h 30m,True,2026-02-12T09:45:56.032485
2026-09-09,BKK,departure,17:00,CEI Chiang Rai,TG136,Thai Airways,1h 20m,True,2026-02-12T09:45:56.114943
2026-09-09,BKK,departure,17:00,KTI Phnom Penh,VZ722,Vietjet Thailand,1h 15m,True,2026-02-12T09:45:56.196284
2026-09-09,BKK,departure,17:05,BLR Bengaluru,IX883,Air India Express,3h 55m,True,2026-02-12T09:45:56.277308
2026-09-09,BKK,departure,17:05,HKT Phuket,TG217,Thai Airways,1h 30m,True,2026-02-12T09:45:56.361266
2026-09-09,BKK,departure,17:05,RGN Yangon,TG303,Thai Airways,1h 25m,True,2026-02-12T09:45:56.443195
2026-09-09,BKK,departure,17:05,URT Surat Thani,VZ352,Vietjet Thailand,1h 15m,True,2026-02-12T09:45:56.530415
2026-09-09,BKK,departure,17:10,DEL Delhi,6E1054,IndiGo,4h 20m,True,2026-02-12T09:45:56.613755
2026-09-09,BKK,departure,17:15,KUL Kuala Lumpur,MH783,Malaysia Airlines,2h 15m,True,2026-02-12T09:45:56.695176
2026-09-09,BKK,departure,17:15,TPE Taipei,TG636,Thai Airways,3h 55m,True,2026-02-12T09:45:56.776263
2026-09-09,BKK,departure,17:20,KTI Phnom Penh,PG935,Bangkok Airways,1h 15m,True,2026-02-12T09:45:56.857058
2026-09-09,BKK,departure,17:25,SZX Shenzhen,CZ8324,China Southern,3h 40m,True,2026-02-12T09:45:56.939710
2026-09-09,BKK,departure,17:25,SAI Siem Reap,PG907,Bangkok Airways,1h 20m,True,2026-02-12T09:45:57.020522
2026-09-09,BKK,departure,17:25,USM Koh Samui,PG181,Bangkok Airways,1h 5m,True,2026-02-12T09:45:57.101145
2026-09-09,BKK,departure,17:30,TPE Taipei,CI836,China Airlines,3h 35m,True,2026-02-12T09:45:57.184489
2026-09-09,BKK,departure,17:30,HKG Hong Kong,CX708,Cathay Pacific,3h 0m,True,2026-02-12T09:45:57.276264
2026-09-09,BKK,departure,17:30,HGH Hangzhou,GJ8022,Loong Air,4h 5m,True,2026-02-12T09:45:57.357096
2026-09-09,BKK,departure,17:30,HKT Phuket,VZ2304,Vietjet Thailand,1h 30m,True,2026-02-12T09:45:57.436642
2026-09-09,BKK,departure,17:30,KKC Khon Kaen,VZ214,Vietjet Thailand,1h 5m,True,2026-02-12T09:45:57.520652
2026-09-09,BKK,departure,17:35,KKC Khon Kaen,TG46,Thai Airways,1h 0m,True,2026-02-12T09:45:57.601243
2026-09-09,BKK,departure,17:35,SGN Ho Chi Minh City,TG556,Thai Airways,1h 30m,True,2026-02-12T09:45:57.684852
2026-09-09,BKK,departure,17:40,HKT Phuket,FD4122,Thai AirAsia,1h 30m,True,2026-02-12T09:45:57.770805
2026-09-09,BKK,departure,17:40,XMN Xiamen,MF834,XiamenAir,3h 25m,True,2026-02-12T09:45:57.854167
2026-09-09,BKK,departure,17:50,TPE Taipei,JX746,Starlux,3h 50m,True,2026-02-12T09:45:58.051738
2026-09-09,BKK,departure,17:50,CNX Chiang Mai,PG219,Bangkok Airways,1h 20m,True,2026-02-12T09:45:58.132622
2026-09-09,BKK,departure,17:50,HAN Hanoi,TG564,Thai Airways,1h 50m,True,2026-02-12T09:45:58.214157
2026-09-09,BKK,departure,17:55,DEL Delhi,AI2335,Air India,4h 30m,True,2026-02-12T09:45:58.294674
2026-09-09,BKK,departure,17:55,CNX Chiang Mai,VZ122,Vietjet Thailand,1h 20m,True,2026-02-12T09:45:58.375232
2026-09-09,BKK,departure,18:00,SIN Singapore,TR611,Scoot,2h 25m,True,2026-02-12T09:45:58.462514
2026-09-09,BKK,departure,18:00,CEI Chiang Rai,VZ134,Vietjet Thailand,1h 25m,True,2026-02-12T09:45:58.542829
2026-09-09,BKK,departure,18:05,TFU Chengdu,3U3936,Sichuan Airlines,3h 5m,True,2026-02-12T09:45:58.626416
2026-09-09,BKK,departure,18:05,CAN Guangzhou,CZ8024,China Southern,3h 10m,True,2026-02-12T09:45:58.772822
2026-09-09,BKK,departure,18:05,DAD Da Nang,VN626,Vietnam Airlines,1h 40m,True,2026-02-12T09:45:58.891798
2026-09-09,BKK,departure,18:10,SYD Sydney,QF24,Qantas,9h 15m,True,2026-02-12T09:45:59.011411
2026-09-09,BKK,departure,18:10,TAO Qingdao,QW918,Qingdao Airlines,4h 45m,True,2026-02-12T09:45:59.130129
2026-09-09,BKK,departure,18:10,HKG Hong Kong,TG602,Thai Airways,2h 50m,True,2026-02-12T09:45:59.244601
2026-09-09,BKK,departure,18:20,TFU Chengdu,CA472,Air China,3h 15m,True,2026-02-12T09:45:59.367279
2026-09-09,BKK,departure,18:20,KHH Kaohsiung,CI840,China Airlines,3h 30m,True,2026-02-12T09:45:59.487213
2026-09-09,BKK,departure,18:20,HKT Phuket,FD4114,Thai AirAsia,1h 30m,True,2026-02-12T09:45:59.598962
2026-09-09,BKK,departure,18:25,SHJ Sharjah,G9817,Air Arabia,6h 25m,True,2026-02-12T09:45:59.714391
2026-09-09,BKK,departure,18:25,KBV Krabi,TG249,Thai Airways,1h 20m,True,2026-02-12T09:45:59.831714
2026-09-09,BKK,departure,18:25,VTE Vientiane,TG574,Thai Airways,1h 20m,True,2026-02-12T09:45:59.944231
2026-09-09,BKK,departure,18:30,SIN Singapore,SQ711,Singapore Airlines,2h 25m,True,2026-02-12T09:46:00.062931
2026-09-09,BKK,departure,18:30,HDY Hat Yai,TG267,Thai Airways,1h 30m,True,2026-02-12T09:46:00.174137
2026-09-09,BKK,departure,18:35,UTH Udon Thani,FD4352,Thai AirAsia,1h 15m,True,2026-02-12T09:46:00.287638
2026-09-09,BKK,departure,18:35,KTI Phnom Penh,TG584,Thai Airways,1h 20m,True,2026-02-12T09:46:00.413689
2026-09-09,BKK,departure,18:40,KBV Krabi,FD4408,Thai AirAsia,1h 35m,True,2026-02-12T09:46:00.518652
2026-09-09,BKK,departure,18:40,KUL Kuala Lumpur,MH775,Malaysia Airlines,2h 15m,True,2026-02-12T09:46:00.621982
2026-09-09,BKK,departure,18:45,HAN Hanoi,VJ904,VietJet,1h 40m,True,2026-02-12T09:46:00.750652
2026-09-09,BKK,departure,18:45,KBV Krabi,VZ344,Vietjet Thailand,1h 25m,True,2026-02-12T09:46:00.859779
2026-09-09,BKK,departure,18:50,PVG Shanghai,9C8892,Spring Airlines,4h 40m,True,2026-02-12T09:46:00.969690
2026-09-09,BKK,departure,18:50,DEL Delhi,TG315,Thai Airways,4h 30m,True,2026-02-12T09:46:01.177477
2026-09-09,BKK,departure,18:55,BOM Mumbai,TG317,Thai Airways,4h 30m,True,2026-02-12T09:46:01.264778
2026-09-09,BKK,departure,19:00,HKG Hong Kong,CX704,Cathay Pacific,2h 55m,True,2026-02-12T09:46:01.346339
2026-09-09,BKK,departure,19:00,CAN Guangzhou,CZ364,China Southern,3h 10m,True,2026-02-12T09:46:01.429328
2026-09-09,BKK,departure,19:00,ISB Islamabad,TG349,Thai Airways,5h 10m,True,2026-02-12T09:46:01.516022
2026-09-09,BKK,departure,19:00,CNX Chiang Mai,VZ2106,Vietjet Thailand,1h 20m,True,2026-02-12T09:46:01.598780
2026-09-09,BKK,departure,19:05,HAN Hanoi,VN618,Vietnam Airlines,1h 55m,True,2026-02-12T09:46:01.686543
2026-09-09,BKK,departure,19:10,KKC Khon Kaen,FD4503,Thai AirAsia,1h 10m,True,2026-02-12T09:46:01.772525
2026-09-09,BKK,departure,19:10,PVG Shanghai,FM856,Shanghai Airlines,4h 55m,True,2026-02-12T09:46:01.854763
2026-09-09,BKK,departure,19:10,HKT Phuket,TG221,Thai Airways,1h 30m,True,2026-02-12T09:46:01.943692
2026-09-09,BKK,departure,19:10,SIN Singapore,TG401,Thai Airways,2h 20m,True,2026-02-12T09:46:02.028521
2026-09-09,BKK,departure,19:10,MCT Muscat,WY816,Oman Air,5h 50m,True,2026-02-12T09:46:02.116183
2026-09-09,BKK,departure,19:15,TFU Chengdu,MU5036,China Eastern,2h 40m,True,2026-02-12T09:46:02.200896
2026-09-09,BKK,departure,19:15,CNX Chiang Mai,TG120,Thai Airways,1h 15m,True,2026-02-12T09:46:02.286992
2026-09-09,BKK,departure,19:20,RGN Yangon,8M332,MAI,1h 20m,True,2026-02-12T09:46:02.367141
2026-09-09,BKK,departure,19:20,HAK Haikou,HU722,Hainan Airlines,2h 25m,True,2026-02-12T09:46:02.451751
2026-09-09,BKK,departure,19:20,USM Koh Samui,PG185,Bangkok Airways,1h 30m,True,2026-02-12T09:46:02.540856
2026-09-09,BKK,departure,19:20,PEN Penang,TG425,Thai Airways,1h 50m,True,2026-02-12T09:46:02.629279
2026-09-09,BKK,departure,19:25,USM Koh Samui,PG183,Bangkok Airways,1h 5m,True,2026-02-12T09:46:02.712504
2026-09-09,BKK,departure,19:30,CRK Angeles,5J942,Cebu Pacific,3h 25m,True,2026-02-12T09:46:02.793904
2026-09-09,BKK,departure,19:30,KMG Kunming,KY8370,Kunming Airlines,2h 35m,True,2026-02-12T09:46:02.879350
2026-09-09,BKK,departure,19:30,MNL Manila,PR737,PAL,3h 35m,True,2026-02-12T09:46:02.967148
2026-09-09,BKK,departure,19:30,SGN Ho Chi Minh City,VN606,Vietnam Airlines,1h 45m,True,2026-02-12T09:46:03.050689
2026-09-09,BKK,departure,19:30,SZX Shenzhen,ZH308,Shenzhen Airlines,2h 55m,True,2026-02-12T09:46:03.133381
2026-09-09,BKK,departure,19:35,PEK Beijing,CA960,Air China,4h 50m,True,2026-02-12T09:46:03.217327
2026-09-09,BKK,departure,19:40,MEL Melbourne,TG465,Thai Airways,8h 50m,True,2026-02-12T09:46:03.301428
2026-09-09,BKK,departure,19:40,HKT Phuket,VZ308,Vietjet Thailand,1h 30m,True,2026-02-12T09:46:03.385131
2026-09-09,BKK,departure,19:45,KUL Kuala Lumpur,MH781,Malaysia Airlines,2h 10m,True,2026-02-12T09:46:03.467884
2026-09-09,BKK,departure,19:45,HKT Phuket,PG279,Bangkok Airways,1h 30m,True,2026-02-12T09:46:03.549648
2026-09-09,BKK,departure,19:45,UTH Udon Thani,TG8,Thai Airways,1h 10m,True,2026-02-12T09:46:03.646336
2026-09-09,BKK,departure,19:45,HKG Hong Kong,UO703,HK Express,2h 55m,True,2026-02-12T09:46:03.730067
2026-09-09,BKK,departure,19:45,HDY Hat Yai,VZ328,Vietjet Thailand,1h 30m,True,2026-02-12T09:46:03.815173
2026-09-09,BKK,departure,19:55,CKG Chongqing,3U3772,Sichuan Airlines,3h 15m,True,2026-02-12T09:46:03.899489
2026-09-09,BKK,departure,19:55,SGN Ho Chi Minh City,VJ806,VietJet,1h 30m,True,2026-02-12T09:46:03.984544
2026-09-09,BKK,departure,20:00,DOH Doha,QR835,Qatar Airways,6h 35m,True,2026-02-12T09:46:04.072151
2026-09-09,BKK,departure,20:05,USM Koh Samui,PG193,Bangkok Airways,1h 30m,True,2026-02-12T09:46:04.157671
2026-09-09,BKK,departure,20:10,DAD Da Nang,EK370,Emirates,1h 40m,True,2026-02-12T09:46:04.242519
2026-09-09,BKK,departure,20:15,BOM Mumbai,6E1060,IndiGo,4h 25m,True,2026-02-12T09:46:04.327381
2026-09-09,BKK,departure,20:15,CNX Chiang Mai,FD4116,Thai AirAsia,1h 20m,True,2026-02-12T09:46:04.416036
2026-09-09,BKK,departure,20:15,HKT Phuket,FD4419,Thai AirAsia,1h 30m,True,2026-02-12T09:46:04.499936
2026-09-09,BKK,departure,20:15,BAH Bahrain,GF153,Gulf Air,6h 40m,True,2026-02-12T09:46:04.584954
2026-09-09,BKK,departure,20:15,SIN Singapore,SQ713,Singapore Airlines,2h 25m,True,2026-02-12T09:46:04.776415
2026-09-09,BKK,departure,20:20,BOM Mumbai,AI2338,Air India,4h 50m,True,2026-02-12T09:46:04.852461
2026-09-09,BKK,departure,20:20,CAN Guangzhou,CZ8020,China Southern,3h 0m,True,2026-02-12T09:46:04.934288
2026-09-09,BKK,departure,20:35,KMG Kunming,KY8368,Kunming Airlines,2h 5m,True,2026-02-12T09:46:05.014453
2026-09-09,BKK,departure,20:35,SIN Singapore,TR617,Scoot,2h 30m,True,2026-02-12T09:46:05.104514
2026-09-09,BKK,departure,20:40,CNX Chiang Mai,VZ118,Vietjet Thailand,1h 20m,True,2026-02-12T09:46:05.189991
2026-09-09,BKK,departure,20:45,RGN Yangon,8M351,MAI,1h 20m,True,2026-02-12T09:46:05.272847
2026-09-09,BKK,departure,20:50,KMG Kunming,MU9614,China Eastern,2h 30m,True,2026-02-12T09:46:05.358572
2026-09-09,BKK,departure,20:50,VTE Vientiane,QV446,Lao Airlines,1h 0m,True,2026-02-12T09:46:05.440304
2026-09-09,BKK,departure,21:00,BWN Bandar Seri Begawan,BI520,Royal Brunei Airlines,2h 45m,True,2026-02-12T09:46:05.521762
2026-09-09,BKK,departure,21:00,AUH Abu Dhabi,EY407,Etihad,6h 30m,True,2026-02-12T09:46:05.604735
2026-09-09,BKK,departure,21:00,AMD Ahmedabad,TG343,Thai Airways,4h 40m,True,2026-02-12T09:46:05.687045
2026-09-09,BKK,departure,21:00,HKT Phuket,VZ312,Vietjet Thailand,1h 30m,True,2026-02-12T09:46:05.788649
2026-09-09,BKK,departure,21:05,DOH Doha,QR829,Qatar Airways,6h 35m,True,2026-02-12T09:46:05.922305
2026-09-09,BKK,departure,21:05,SGN Ho Chi Minh City,VN608,Vietnam Airlines,1h 55m,True,2026-02-12T09:46:06.037593
2026-09-09,BKK,departure,21:05,BOM Mumbai,VZ760,Vietjet Thailand,4h 15m,True,2026-02-12T09:46:06.152879
2026-09-09,BKK,departure,21:10,TAS Tashkent,C6526,Centrum Air,7h 5m,True,2026-02-12T09:46:06.270566
2026-09-09,BKK,departure,21:15,SIN Singapore,SQ719,Singapore Airlines,2h 20m,True,2026-02-12T09:46:06.403936
2026-09-09,BKK,departure,21:15,KTM Kathmandu,TG309,Thai Airways,3h 25m,True,2026-02-12T09:46:06.527057
2026-09-09,BKK,departure,21:30,HKT Phuket,PG287,Bangkok Airways,1h 30m,True,2026-02-12T09:46:06.651736
2026-09-09,BKK,departure,21:35,DXB Dubai,EK373,Emirates,6h 15m,True,2026-02-12T09:46:06.776267
2026-09-09,BKK,departure,21:35,HND Tokyo,NH850,ANA,6h 25m,True,2026-02-12T09:46:06.889260
2026-09-09,BKK,departure,21:40,TFU Chengdu,EU2868,Chengdu Airlines,3h 0m,True,2026-02-12T09:46:06.998458
2026-09-09,BKK,departure,21:40,BNE Brisbane,JQ66,Jetstar,8h 50m,True,2026-02-12T09:46:07.099083
2026-09-09,BKK,departure,21:40,ICN Seoul,KE658,Korean Air,5h 25m,True,2026-02-12T09:46:07.206415
2026-09-09,BKK,departure,21:40,CMB Colombo,TG307,Thai Airways,3h 45m,True,2026-02-12T09:46:07.317167
2026-09-09,BKK,departure,21:40,RGN Yangon,UB18,Myanmar National Airlines,1h 25m,True,2026-02-12T09:46:07.427538
2026-09-09,BKK,departure,21:50,BLR Bengaluru,TG325,Thai Airways,3h 35m,True,2026-02-12T09:46:07.557689
2026-09-09,BKK,departure,21:50,HYD Hyderabad,TG329,Thai Airways,3h 30m,True,2026-02-12T09:46:07.662898
2026-09-09,BKK,departure,21:55,CAN Guangzhou,9C7420,Spring Airlines,3h 5m,True,2026-02-12T09:46:07.761888
2026-09-09,BKK,departure,21:55,PVG Shanghai,FM840,Shanghai Airlines,4h 50m,True,2026-02-12T09:46:07.864810
2026-09-09,BKK,departure,21:55,MAA Chennai,TG337,Thai Airways,3h 20m,True,2026-02-12T09:46:07.985217
2026-09-09,BKK,departure,21:55,CNX Chiang Mai,VZ2104,Vietjet Thailand,1h 20m,True,2026-02-12T09:46:08.090627
2026-09-09,BKK,departure,22:05,HND Tokyo,JL34,JAL,6h 15m,True,2026-02-12T09:46:08.199784
2026-09-09,BKK,departure,22:05,PER Perth,JQ76,Jetstar,6h 45m,True,2026-02-12T09:46:08.418813
2026-09-09,BKK,departure,22:10,NRT Tokyo,TG640,Thai Airways,6h 10m,True,2026-02-12T09:46:08.520340
2026-09-09,BKK,departure,22:15,HAN Hanoi,VN616,Vietnam Airlines,1h 55m,True,2026-02-12T09:46:08.601133
2026-09-09,BKK,departure,22:15,HKT Phuket,VZ316,Vietjet Thailand,1h 30m,True,2026-02-12T09:46:08.683061
2026-09-09,BKK,departure,22:20,ICN Seoul,BX728,Air Busan,5h 45m,True,2026-02-12T09:46:08.764554
2026-09-09,BKK,departure,22:20,SYD Sydney,TG471,Thai Airways,9h 0m,True,2026-02-12T09:46:08.845863
2026-09-09,BKK,departure,22:25,DEL Delhi,AI2303,Air India,4h 45m,True,2026-02-12T09:46:08.930725
2026-09-09,BKK,departure,22:25,ICN Seoul,LJ2,Jin Air,5h 40m,True,2026-02-12T09:46:09.016390
2026-09-09,BKK,departure,22:30,BOM Mumbai,TG351,Thai Airways,4h 30m,True,2026-02-12T09:46:09.098224
2026-09-09,BKK,departure,22:30,CCU Kolkata,VZ770,Vietjet Thailand,2h 50m,True,2026-02-12T09:46:09.190917
2026-09-09,BKK,departure,22:35,LGW London,BA2230,British Airways,13h 20m,True,2026-02-12T09:46:09.272343
2026-09-09,BKK,departure,22:35,FRA Frankfurt,DE2367,Condor,12h 25m,True,2026-02-12T09:46:09.353737
2026-09-09,BKK,departure,22:45,MFM Macau,NX991,Air Macau,2h 45m,True,2026-02-12T09:46:09.436316
2026-09-09,BKK,departure,22:45,HND Tokyo,TG682,Thai Airways,6h 10m,True,2026-02-12T09:46:09.519212
2026-09-09,BKK,departure,22:45,IST Istanbul,TK69,Turkish Airlines,10h 0m,True,2026-02-12T09:46:09.611334
2026-09-09,BKK,departure,22:50,CRK Angeles,5J944,Cebu Pacific,3h 25m,True,2026-02-12T09:46:09.708386
2026-09-09,BKK,departure,22:55,PUS Busan,BX726,Air Busan,5h 25m,True,2026-02-12T09:46:09.797840
2026-09-09,BKK,departure,22:55,MUC Munich,LH773,Lufthansa,11h 20m,True,2026-02-12T09:46:09.887669
2026-09-09,BKK,departure,22:55,SIN Singapore,TR615,Scoot,2h 30m,True,2026-02-12T09:46:09.968150
2026-09-09,BKK,departure,23:10,ICN Seoul,TG658,Thai Airways,5h 25m,True,2026-02-12T09:46:10.047077
2026-09-09,BKK,departure,23:10,NRT Tokyo,ZG52,Zipair,6h 20m,True,2026-02-12T09:46:10.127573
2026-09-09,BKK,departure,23:15,DEL Delhi,TG331,Thai Airways,4h 30m,True,2026-02-12T09:46:10.210946
2026-09-09,BKK,departure,23:25,RGN Yangon,8M373,MAI,1h 20m,True,2026-02-12T09:46:10.294826
2026-09-09,BKK,departure,23:30,ICN Seoul,KE652,Korean Air,5h 25m,True,2026-02-12T09:46:10.375334
2026-09-09,BKK,departure,23:30,ICN Seoul,TG656,Thai Airways,5h 25m,True,2026-02-12T09:46:10.457096
2026-09-09,BKK,departure,23:35,NRT Tokyo,VZ830,Vietjet Thailand,6h 20m,True,2026-02-12T09:46:10.544121
2026-09-09,BKK,departure,23:40,PUS Busan,LJ22,Jin Air,5h 25m,True,2026-02-12T09:46:10.624225
2026-09-09,BKK,departure,23:40,VIE Vienna,OS8,Austrian,10h 55m,True,2026-02-12T09:46:10.704156
2026-09-09,BKK,departure,23:40,MNL Manila,PR733,PAL,3h 25m,True,2026-02-12T09:46:10.786264
2026-09-09,BKK,departure,23:45,CCU Kolkata,TG313,Thai Airways,2h 30m,True,2026-02-12T09:46:10.871642
2026-09-09,BKK,departure,23:45,CTS Sapporo,TG670,Thai Airways,6h 45m,True,2026-02-12T09:46:10.953741
2026-09-09,BKK,departure,23:45,FRA Frankfurt,TG920,Thai Airways,11h 30m,True,2026-02-12T09:46:11.032549
2026-09-09,BKK,departure,23:50,DAC Dhaka,TG339,Thai Airways,2h 35m,True,2026-02-12T09:46:11.115071
2026-09-09,BKK,departure,23:50,IST Istanbul,TG900,Thai Airways,9h 45m,True,2026-02-12T09:46:11.195905
2026-09-09,BKK,departure,23:50,NRT Tokyo,TG642,Thai Airways,6h 20m,True,2026-02-12T09:46:11.279595
2026-09-09,BKK,departure,23:55,TLV Tel Aviv-Yafo,LY82,El Al,10h 50m,True,2026-02-12T09:46:11.472504
2026-09-09,BKK,departure,23:59,KIX Osaka,TG622,Thai Airways,5h 31m,True,2026-02-12T09:46:11.550912
2026-09-09,BKK,arrival,00:00,PVG Shanghai,9C8755,Spring Airlines,5h 5m,True,2026-02-12T09:47:06.093137
2026-09-09,BKK,arrival,00:10,ICN Seoul,7C2503,Jeju Air,6h 5m,True,2026-02-12T09:47:06.207234
2026-09-09,BKK,arrival,00:10,PEK Beijing,CA979,Air China,5h 5m,True,2026-02-12T09:47:06.322227
2026-09-09,BKK,arrival,00:15,TFU Chengdu,3U3937,Sichuan Airlines,3h 20m,True,2026-02-12T09:47:06.430297
2026-09-09,BKK,arrival,00:20,CGK Jakarta,ET629,Ethiopian,3h 45m,True,2026-02-12T09:47:06.540913
2026-09-09,BKK,arrival,00:25,HKG Hong Kong,HX779,Hong Kong Airlines,3h 20m,True,2026-02-12T09:47:06.654767
2026-09-09,BKK,arrival,00:30,PVG Shanghai,HO1351,Juneyao Airlines,4h 35m,True,2026-02-12T09:47:06.768610
2026-09-09,BKK,arrival,00:40,PVG Shanghai,MU547,China Eastern,4h 40m,True,2026-02-12T09:47:06.884141
2026-09-09,BKK,arrival,00:50,HKG Hong Kong,HX759,Hong Kong Airlines,3h 0m,True,2026-02-12T09:47:07.011474
2026-09-09,BKK,arrival,00:50,KWI Kuwait,KU413,Kuwait Airways,7h 5m,True,2026-02-12T09:47:07.127264
2026-09-09,BKK,arrival,00:50,XMN Xiamen,MF843,XiamenAir,3h 30m,True,2026-02-12T09:47:07.240461
2026-09-09,BKK,arrival,01:05,ICN Seoul,KE655,Korean Air,5h 50m,True,2026-02-12T09:47:07.369479
2026-09-09,BKK,arrival,01:05,TAE Daegu,TW105,T´Way Air,5h 40m,True,2026-02-12T09:47:07.479620
2026-09-09,BKK,arrival,01:10,TPE Taipei,BR61,EVA Air,3h 40m,True,2026-02-12T09:47:07.588604
2026-09-09,BKK,arrival,01:10,SAI Siem Reap,EK371,Emirates,1h 20m,True,2026-02-12T09:47:07.694934
2026-09-09,BKK,arrival,01:10,NKG Nanjing,MU2803,China Eastern,4h 5m,True,2026-02-12T09:47:07.804133
2026-09-09,BKK,arrival,01:15,CAN Guangzhou,MU2077,China Eastern,3h 10m,True,2026-02-12T09:47:07.956142
2026-09-09,BKK,arrival,01:25,RGN Yangon,8M390,MAI,1h 20m,True,2026-02-12T09:47:08.053556
2026-09-09,BKK,arrival,01:25,TPE Taipei,CI837,China Airlines,3h 45m,True,2026-02-12T09:47:08.146254
2026-09-09,BKK,arrival,01:30,CAN Guangzhou,CZ3035,China Southern,2h 55m,True,2026-02-12T09:47:08.243998
2026-09-09,BKK,arrival,01:40,HKG Hong Kong,HX767,Hong Kong Airlines,3h 0m,True,2026-02-12T09:47:08.345146
2026-09-09,BKK,arrival,01:50,MNL Manila,5J931,Cebu Pacific,3h 40m,True,2026-02-12T09:47:08.446195
2026-09-09,BKK,arrival,01:50,TAO Qingdao,SC4079,Shandong Airlines,4h 55m,True,2026-02-12T09:47:08.560529
2026-09-09,BKK,arrival,01:55,PVG Shanghai,FM841,Shanghai Airlines,4h 40m,True,2026-02-12T09:47:08.773973
2026-09-09,BKK,arrival,02:15,SZX Shenzhen,ZH305,Shenzhen Airlines,3h 0m,True,2026-02-12T09:47:08.867868
2026-09-09,BKK,arrival,02:35,MCT Muscat,OV465,Salam Air,6h 0m,True,2026-02-12T09:47:08.947747
2026-09-09,BKK,arrival,03:00,DEL Delhi,SG87,SpiceJet,4h 10m,True,2026-02-12T09:47:09.028358
2026-09-09,BKK,arrival,04:05,PVG Shanghai,FM847,Shanghai Airlines,4h 50m,True,2026-02-12T09:47:09.109819
2026-09-09,BKK,arrival,04:35,HND Tokyo,NH849,ANA,6h 30m,True,2026-02-12T09:47:09.191911
2026-09-09,BKK,arrival,04:40,KIX Osaka,JL727,JAL,5h 45m,True,2026-02-12T09:47:09.279792
2026-09-09,BKK,arrival,04:50,HND Tokyo,TG661,Thai Airways,6h 30m,True,2026-02-12T09:47:09.363219
2026-09-09,BKK,arrival,05:10,KTM Kathmandu,TG310,Thai Airways,3h 30m,True,2026-02-12T09:47:09.445984
2026-09-09,BKK,arrival,05:10,IST Istanbul,TK58,Turkish Airlines,9h 20m,True,2026-02-12T09:47:09.528450
2026-09-09,BKK,arrival,05:15,ZRH Zurich,TG971,Thai Airways,10h 45m,True,2026-02-12T09:47:09.610541
2026-09-09,BKK,arrival,05:25,DEL Delhi,TG316,Thai Airways,4h 25m,True,2026-02-12T09:47:09.694830
2026-09-09,BKK,arrival,05:30,HEL Helsinki,AY141,Finnair,11h 25m,True,2026-02-12T09:47:09.782490
2026-09-09,BKK,arrival,05:35,BOM Mumbai,TG318,Thai Airways,4h 30m,True,2026-02-12T09:47:09.869599
2026-09-09,BKK,arrival,05:35,BRU Brussels,TG935,Thai Airways,11h 5m,True,2026-02-12T09:47:09.950254
2026-09-09,BKK,arrival,05:40,IST Istanbul,TG901,Thai Airways,9h 10m,True,2026-02-12T09:47:10.031879
2026-09-09,BKK,arrival,05:50,HND Tokyo,JL33,JAL,6h 30m,True,2026-02-12T09:47:10.113369
2026-09-09,BKK,arrival,05:50,ARN Stockholm,TG961,Thai Airways,11h 0m,True,2026-02-12T09:47:10.201208
2026-09-09,BKK,arrival,05:50,AMD Ahmedabad,VZ751,Vietjet Thailand,4h 25m,True,2026-02-12T09:47:10.285092
2026-09-09,BKK,arrival,05:55,CDG Paris,TG931,Thai Airways,11h 15m,True,2026-02-12T09:47:10.367396
2026-09-09,BKK,arrival,05:55,MXP Milan,TG941,Thai Airways,10h 50m,True,2026-02-12T09:47:10.450505
2026-09-09,BKK,arrival,06:00,HND Tokyo,NH877,ANA,6h 30m,True,2026-02-12T09:47:10.537312
2026-09-09,BKK,arrival,06:00,CPH Copenhagen,TG951,Thai Airways,10h 35m,True,2026-02-12T09:47:10.622544
2026-09-09,BKK,arrival,06:00,LHR London,TG911,Thai Airways,11h 30m,True,2026-02-12T09:47:10.712748
2026-09-09,BKK,arrival,06:00,MEL Melbourne,TG462,Thai Airways,9h 30m,True,2026-02-12T09:47:10.794080
2026-09-09,BKK,arrival,06:05,MUC Munich,TG925,Thai Airways,10h 40m,True,2026-02-12T09:47:10.883590
2026-09-09,BKK,arrival,06:10,CCU Kolkata,TG314,Thai Airways,2h 40m,True,2026-02-12T09:47:10.965991
2026-09-09,BKK,arrival,06:10,CMB Colombo,TG308,Thai Airways,3h 45m,True,2026-02-12T09:47:11.046357
2026-09-09,BKK,arrival,06:10,LHE Lahore,TG346,Thai Airways,4h 30m,True,2026-02-12T09:47:11.128939
2026-09-09,BKK,arrival,06:10,MAA Chennai,TG338,Thai Airways,3h 30m,True,2026-02-12T09:47:11.216292
2026-09-09,BKK,arrival,06:15,AUH Abu Dhabi,EY408,Etihad,6h 35m,True,2026-02-12T09:47:11.299338
2026-09-09,BKK,arrival,06:15,DAC Dhaka,TG340,Thai Airways,2h 30m,True,2026-02-12T09:47:11.381271
2026-09-09,BKK,arrival,06:15,HYD Hyderabad,TG330,Thai Airways,3h 35m,True,2026-02-12T09:47:11.463726
2026-09-09,BKK,arrival,06:15,OSL Oslo,TG955,Thai Airways,11h 30m,True,2026-02-12T09:47:11.545023
2026-09-09,BKK,arrival,06:15,CMB Colombo,UL402,SriLankan Airlines,3h 40m,True,2026-02-12T09:47:11.627428
2026-09-09,BKK,arrival,06:20,DOH Doha,QR838,Qatar Airways,6h 55m,True,2026-02-12T09:47:11.710964
2026-09-09,BKK,arrival,06:20,BLR Bengaluru,TG326,Thai Airways,3h 55m,True,2026-02-12T09:47:11.799591
2026-09-09,BKK,arrival,06:20,KHI Karachi,TG342,Thai Airways,4h 50m,True,2026-02-12T09:47:11.880198
2026-09-09,BKK,arrival,06:25,FRA Frankfurt,TG921,Thai Airways,10h 40m,True,2026-02-12T09:47:11.969156
2026-09-09,BKK,arrival,06:40,BOM Mumbai,VZ761,Vietjet Thailand,4h 25m,True,2026-02-12T09:47:12.049203
2026-09-09,BKK,arrival,06:45,AUH Abu Dhabi,EY402,Etihad,6h 35m,True,2026-02-12T09:47:12.249316
2026-09-09,BKK,arrival,06:45,RUN Saint Denis de la Reunion,UU885,Air Austral,7h 55m,True,2026-02-12T09:47:12.329447
2026-09-09,BKK,arrival,06:55,MCT Muscat,WY817,Oman Air,6h 5m,True,2026-02-12T09:47:12.411943
2026-09-09,BKK,arrival,07:00,AMD Ahmedabad,TG344,Thai Airways,4h 25m,True,2026-02-12T09:47:12.492532
2026-09-09,BKK,arrival,07:05,FCO Rome,AZ758,ITA Airways,10h 50m,True,2026-02-12T09:47:12.574458
2026-09-09,BKK,arrival,07:15,USM Koh Samui,PG100,Bangkok Airways,1h 15m,True,2026-02-12T09:47:12.654100
2026-09-09,BKK,arrival,07:15,DOH Doha,QR830,Qatar Airways,6h 55m,True,2026-02-12T09:47:12.750130
2026-09-09,BKK,arrival,07:40,DEL Delhi,AI2336,Air India,4h 30m,True,2026-02-12T09:47:12.831688
2026-09-09,BKK,arrival,07:50,SHJ Sharjah,G9821,Air Arabia,6h 35m,True,2026-02-12T09:47:12.921672
2026-09-09,BKK,arrival,07:55,BLR Bengaluru,6E1055,IndiGo,4h 5m,True,2026-02-12T09:47:13.007723
2026-09-09,BKK,arrival,07:55,CNX Chiang Mai,FD4105,Thai AirAsia,1h 15m,True,2026-02-12T09:47:13.088346
2026-09-09,BKK,arrival,07:55,NOU Noumea,SB500,Aircalin,10h 25m,True,2026-02-12T09:47:13.170493
2026-09-09,BKK,arrival,07:55,CNX Chiang Mai,VZ2105,Vietjet Thailand,1h 20m,True,2026-02-12T09:47:13.251474
2026-09-09,BKK,arrival,08:00,DXB Dubai,EK374,Emirates,6h 30m,True,2026-02-12T09:47:13.334992
2026-09-09,BKK,arrival,08:05,SIN Singapore,SQ706,Singapore Airlines,2h 25m,True,2026-02-12T09:47:13.520503
2026-09-09,BKK,arrival,08:05,SIN Singapore,TR608,Scoot,2h 35m,True,2026-02-12T09:47:13.639807
2026-09-09,BKK,arrival,08:35,RGN Yangon,UB19,Myanmar National Airlines,1h 25m,True,2026-02-12T09:47:13.759197
2026-09-09,BKK,arrival,08:40,VTE Vientiane,QV441,Lao Airlines,1h 15m,True,2026-02-12T09:47:13.883837
2026-09-09,BKK,arrival,08:55,PEN Penang,TG426,Thai Airways,1h 50m,True,2026-02-12T09:47:14.009389
2026-09-09,BKK,arrival,09:00,HKT Phuket,VZ317,Vietjet Thailand,1h 30m,True,2026-02-12T09:47:14.120825
2026-09-09,BKK,arrival,09:05,MAA Chennai,6E1061,IndiGo,3h 35m,True,2026-02-12T09:47:14.235921
2026-09-09,BKK,arrival,09:05,USM Koh Samui,PG102,Bangkok Airways,1h 15m,True,2026-02-12T09:47:14.351487
2026-09-09,BKK,arrival,09:10,CDG Paris,AF198,Air France,11h 25m,True,2026-02-12T09:47:14.464268
2026-09-09,BKK,arrival,09:10,HKT Phuket,PG270,Bangkok Airways,1h 35m,True,2026-02-12T09:47:14.572741
2026-09-09,BKK,arrival,09:15,RGN Yangon,8M335,MAI,1h 20m,True,2026-02-12T09:47:14.684930
2026-09-09,BKK,arrival,09:15,DEL Delhi,TG332,Thai Airways,4h 25m,True,2026-02-12T09:47:14.798161
2026-09-09,BKK,arrival,09:15,NST Nakhon Si Thammarat,VZ331,Vietjet Thailand,1h 15m,True,2026-02-12T09:47:14.914719
2026-09-09,BKK,arrival,09:20,SIN Singapore,TG402,Thai Airways,2h 20m,True,2026-02-12T09:47:15.025161
2026-09-09,BKK,arrival,09:25,VIE Vienna,BR62,EVA Air,10h 40m,True,2026-02-12T09:47:15.133236
2026-09-09,BKK,arrival,09:25,USM Koh Samui,PG104,Bangkok Airways,1h 15m,True,2026-02-12T09:47:15.244851
2026-09-09,BKK,arrival,09:25,HKG Hong Kong,UO704,HK Express,3h 0m,True,2026-02-12T09:47:15.553370
2026-09-09,BKK,arrival,09:25,CNX Chiang Mai,VZ101,Vietjet Thailand,1h 20m,True,2026-02-12T09:47:15.645940
2026-09-09,BKK,arrival,09:30,KTI Phnom Penh,K6722,Air Cambodia,1h 15m,True,2026-02-12T09:47:15.723791
2026-09-09,BKK,arrival,09:30,AMS Amsterdam,KL843,KLM,11h 15m,True,2026-02-12T09:47:15.804565
2026-09-09,BKK,arrival,09:30,HKG Hong Kong,TG603,Thai Airways,2h 40m,True,2026-02-12T09:47:15.885338
2026-09-09,BKK,arrival,09:35,MFM Macau,NX996,Air Macau,2h 55m,True,2026-02-12T09:47:15.968293
2026-09-09,BKK,arrival,09:35,KKC Khon Kaen,TG41,Thai Airways,1h 5m,True,2026-02-12T09:47:16.049258
2026-09-09,BKK,arrival,09:35,HKG Hong Kong,UA820,United,2h 55m,True,2026-02-12T09:47:16.132669
2026-09-09,BKK,arrival,09:45,TPE Taipei,CI833,China Airlines,3h 45m,True,2026-02-12T09:47:16.214464
2026-09-09,BKK,arrival,09:45,BAH Bahrain,GF152,Gulf Air,7h 0m,True,2026-02-12T09:47:16.299549
2026-09-09,BKK,arrival,09:45,IST Istanbul,TK64,Turkish Airlines,9h 20m,True,2026-02-12T09:47:16.384721
2026-09-09,BKK,arrival,09:45,KKC Khon Kaen,VZ211,Vietjet Thailand,1h 5m,True,2026-02-12T09:47:16.469575
2026-09-09,BKK,arrival,09:50,NNG Nanning,GX8909,GX Airlines,2h 20m,True,2026-02-12T09:47:16.551244
2026-09-09,BKK,arrival,09:50,ZRH Zurich,LX180,SWISS,10h 55m,True,2026-02-12T09:47:16.637292
2026-09-09,BKK,arrival,09:50,UTH Udon Thani,TG3,Thai Airways,1h 10m,True,2026-02-12T09:47:16.717069
2026-09-09,BKK,arrival,09:55,SIN Singapore,TR624,Scoot,2h 35m,True,2026-02-12T09:47:16.807937
2026-09-09,BKK,arrival,09:55,CEI Chiang Rai,VZ131,Vietjet Thailand,1h 25m,True,2026-02-12T09:47:16.889361
2026-09-09,BKK,arrival,10:00,HKG Hong Kong,CX705,Cathay Pacific,3h 0m,True,2026-02-12T09:47:16.972711
2026-09-09,BKK,arrival,10:00,CEI Chiang Rai,FD4151,Thai AirAsia,1h 25m,True,2026-02-12T09:47:17.051228
2026-09-09,BKK,arrival,10:00,HAK Haikou,HU7939,Hainan Airlines,2h 25m,True,2026-02-12T09:47:17.131735
2026-09-09,BKK,arrival,10:00,USM Koh Samui,PG106,Bangkok Airways,1h 15m,True,2026-02-12T09:47:17.215068
2026-09-09,BKK,arrival,10:00,UBP Ubon Ratchathani,TG21,Thai Airways,1h 15m,True,2026-02-12T09:47:17.302497
2026-09-09,BKK,arrival,10:05,MNL Manila,5J929,Cebu Pacific,3h 40m,True,2026-02-12T09:47:17.388826
2026-09-09,BKK,arrival,10:05,SGN Ho Chi Minh City,VJ801,VietJet,1h 30m,True,2026-02-12T09:47:17.468183
2026-09-09,BKK,arrival,10:10,UTH Udon Thani,FD4351,Thai AirAsia,1h 10m,True,2026-02-12T09:47:17.554219
2026-09-09,BKK,arrival,10:10,THS Sukhothai,PG212,Bangkok Airways,1h 15m,True,2026-02-12T09:47:17.637691
2026-09-09,BKK,arrival,10:15,KUL Kuala Lumpur,MH784,Malaysia Airlines,2h 15m,True,2026-02-12T09:47:17.724706
2026-09-09,BKK,arrival,10:20,CAN Guangzhou,CZ357,China Southern,3h 5m,True,2026-02-12T09:47:17.808476
2026-09-09,BKK,arrival,10:20,SHJ Sharjah,G9823,Air Arabia,6h 35m,True,2026-02-12T09:47:17.892533
2026-09-09,BKK,arrival,10:20,KWI Kuwait,KU411,Kuwait Airways,7h 10m,True,2026-02-12T09:47:17.979212
2026-09-09,BKK,arrival,10:20,SGN Ho Chi Minh City,VN601,Vietnam Airlines,1h 35m,True,2026-02-12T09:47:18.062222
2026-09-09,BKK,arrival,10:25,KBV Krabi,VZ341,Vietjet Thailand,1h 25m,True,2026-02-12T09:47:18.143609
2026-09-09,BKK,arrival,10:30,MDL Mandalay,8M337,MAI,1h 50m,True,2026-02-12T09:47:18.225055
2026-09-09,BKK,arrival,10:30,KTI Phnom Penh,KR701,Cambodia Airways,1h 15m,True,2026-02-12T09:47:18.312576
2026-09-09,BKK,arrival,10:30,USM Koh Samui,PG108,Bangkok Airways,1h 30m,True,2026-02-12T09:47:18.400818
2026-09-09,BKK,arrival,10:30,USM Koh Samui,PG122,Bangkok Airways,1h 15m,True,2026-02-12T09:47:18.485076
2026-09-09,BKK,arrival,10:30,HKT Phuket,VZ315,Vietjet Thailand,1h 30m,True,2026-02-12T09:47:18.568152
2026-09-09,BKK,arrival,10:35,CKG Chongqing,HU423,Hainan Airlines,3h 30m,True,2026-02-12T09:47:18.653945
2026-09-09,BKK,arrival,10:35,HDY Hat Yai,TG260,Thai Airways,1h 30m,True,2026-02-12T09:47:18.745228
2026-09-09,BKK,arrival,10:40,CNX Chiang Mai,FD4101,Thai AirAsia,1h 20m,True,2026-02-12T09:47:18.830424
2026-09-09,BKK,arrival,10:40,TPE Taipei,TG637,Thai Airways,3h 45m,True,2026-02-12T09:47:19.018291
2026-09-09,BKK,arrival,10:40,HDY Hat Yai,VZ321,Vietjet Thailand,1h 30m,True,2026-02-12T09:47:19.095960
2026-09-09,BKK,arrival,10:45,PVG Shanghai,9C8891,Spring Airlines,4h 50m,True,2026-02-12T09:47:19.178479
2026-09-09,BKK,arrival,10:45,TDX Trat,PG302,Bangkok Airways,1h 0m,True,2026-02-12T09:47:19.261333
2026-09-09,BKK,arrival,10:50,HDY Hat Yai,FD4203,Thai AirAsia,1h 30m,True,2026-02-12T09:47:19.345256
2026-09-09,BKK,arrival,10:50,URT Surat Thani,FD4213,Thai AirAsia,1h 25m,True,2026-02-12T09:47:19.434365
2026-09-09,BKK,arrival,10:50,CNX Chiang Mai,TG103,Thai Airways,1h 25m,True,2026-02-12T09:47:19.530477
2026-09-09,BKK,arrival,10:50,HAN Hanoi,VN611,Vietnam Airlines,2h 0m,True,2026-02-12T09:47:19.613870
2026-09-09,BKK,arrival,10:55,HYD Hyderabad,6E1067,IndiGo,3h 45m,True,2026-02-12T09:47:19.694654
2026-09-09,BKK,arrival,10:55,KBV Krabi,TG242,Thai Airways,1h 25m,True,2026-02-12T09:47:19.774451
2026-09-09,BKK,arrival,10:55,CNX Chiang Mai,VZ115,Vietjet Thailand,1h 20m,True,2026-02-12T09:47:19.856269
2026-09-09,BKK,arrival,11:00,CAN Guangzhou,9C7419,Spring Airlines,3h 0m,True,2026-02-12T09:47:19.935831
2026-09-09,BKK,arrival,11:00,KBV Krabi,PG262,Bangkok Airways,1h 35m,True,2026-02-12T09:47:20.017152
2026-09-09,BKK,arrival,11:00,SAI Siem Reap,PG924,Bangkok Airways,1h 20m,True,2026-02-12T09:47:20.100347
2026-09-09,BKK,arrival,11:00,SIN Singapore,SQ708,Singapore Airlines,2h 30m,True,2026-02-12T09:47:20.283510
2026-09-09,BKK,arrival,11:00,KTI Phnom Penh,TG587,Thai Airways,1h 20m,True,2026-02-12T09:47:20.409703
2026-09-09,BKK,arrival,11:05,HKG Hong Kong,CX717,Cathay Pacific,3h 5m,True,2026-02-12T09:47:20.529518
2026-09-09,BKK,arrival,11:05,PVG Shanghai,TG663,Thai Airways,4h 35m,True,2026-02-12T09:47:20.644394
2026-09-09,BKK,arrival,11:10,TPE Taipei,BR211,EVA Air,3h 50m,True,2026-02-12T09:47:20.758334
2026-09-09,BKK,arrival,11:10,HKT Phuket,TG202,Thai Airways,1h 30m,True,2026-02-12T09:47:20.870306
2026-09-09,BKK,arrival,11:10,SZX Shenzhen,ZH309,Shenzhen Airlines,3h 0m,True,2026-02-12T09:47:20.984642
2026-09-09,BKK,arrival,11:15,XMN Xiamen,MF853,XiamenAir,3h 25m,True,2026-02-12T09:47:21.098879
2026-09-09,BKK,arrival,11:15,ICN Seoul,OZ743,Asiana,6h 5m,True,2026-02-12T09:47:21.210256
2026-09-09,BKK,arrival,11:20,BOM Mumbai,6E1051,IndiGo,4h 40m,True,2026-02-12T09:47:21.326366
2026-09-09,BKK,arrival,11:20,TPE Taipei,BR67,EVA Air,4h 5m,True,2026-02-12T09:47:21.443068
2026-09-09,BKK,arrival,11:20,SZX Shenzhen,CZ8075,China Southern,3h 25m,True,2026-02-12T09:47:21.560372
2026-09-09,BKK,arrival,11:20,USM Koh Samui,PG124,Bangkok Airways,1h 15m,True,2026-02-12T09:47:21.680350
2026-09-09,BKK,arrival,11:20,UTH Udon Thani,VZ201,Vietjet Thailand,1h 10m,True,2026-02-12T09:47:21.794174
2026-09-09,BKK,arrival,11:30,HKG Hong Kong,CX755,Cathay Pacific,3h 5m,True,2026-02-12T09:47:21.907458
2026-09-09,BKK,arrival,11:30,SGN Ho Chi Minh City,TG551,Thai Airways,1h 25m,True,2026-02-12T09:47:22.025321
2026-09-09,BKK,arrival,11:35,CNX Chiang Mai,PG216,Bangkok Airways,1h 25m,True,2026-02-12T09:47:22.343819
2026-09-09,BKK,arrival,11:40,CAN Guangzhou,CZ8079,China Southern,3h 0m,True,2026-02-12T09:47:22.430245
2026-09-09,BKK,arrival,11:40,CEI Chiang Rai,TG131,Thai Airways,1h 30m,True,2026-02-12T09:47:22.512775
2026-09-09,BKK,arrival,11:40,YCU Yuncheng,ZH281,Shenzhen Airlines,4h 15m,True,2026-02-12T09:47:22.594847
2026-09-09,BKK,arrival,11:45,KBV Krabi,FD4403,Thai AirAsia,1h 25m,True,2026-02-12T09:47:22.676939
2026-09-09,BKK,arrival,11:45,HGH Hangzhou,JD419,Capital Airlines,4h 15m,True,2026-02-12T09:47:22.759693
2026-09-09,BKK,arrival,11:45,SVO Moscow,SU272,Aeroflot,9h 20m,True,2026-02-12T09:47:22.840500
2026-09-09,BKK,arrival,11:50,AUH Abu Dhabi,EY404,Etihad,6h 30m,True,2026-02-12T09:47:22.923635
2026-09-09,BKK,arrival,11:50,HKT Phuket,FD4125,Thai AirAsia,1h 35m,True,2026-02-12T09:47:23.002849
2026-09-09,BKK,arrival,11:50,HKT Phuket,TG204,Thai Airways,1h 35m,True,2026-02-12T09:47:23.084054
2026-09-09,BKK,arrival,11:50,HKT Phuket,VZ301,Vietjet Thailand,1h 30m,True,2026-02-12T09:47:23.166227
2026-09-09,BKK,arrival,11:55,HKT Phuket,PG272,Bangkok Airways,1h 35m,True,2026-02-12T09:47:23.248260
2026-09-09,BKK,arrival,12:00,ADD Addis Ababa,ET608,Ethiopian,9h 20m,True,2026-02-12T09:47:23.333231
2026-09-09,BKK,arrival,12:00,TPE Taipei,JX741,Starlux,4h 0m,True,2026-02-12T09:47:23.420182
2026-09-09,BKK,arrival,12:10,TPE Taipei,CI831,China Airlines,3h 45m,True,2026-02-12T09:47:23.502047
2026-09-09,BKK,arrival,12:10,MNL Manila,PR730,PAL,3h 30m,True,2026-02-12T09:47:23.582452
2026-09-09,BKK,arrival,12:20,PEK Beijing,HU429,Hainan Airlines,5h 5m,True,2026-02-12T09:47:23.667100
2026-09-09,BKK,arrival,12:20,KMG Kunming,MU6087,China Eastern,2h 25m,True,2026-02-12T09:47:23.755125
2026-09-09,BKK,arrival,12:20,KTI Phnom Penh,VZ721,Vietjet Thailand,1h 15m,True,2026-02-12T09:47:23.837127
2026-09-09,BKK,arrival,12:25,HAN Hanoi,TG561,Thai Airways,1h 50m,True,2026-02-12T09:47:23.920665
2026-09-09,BKK,arrival,12:25,DAD Da Nang,VZ965,Vietjet Thailand,1h 45m,True,2026-02-12T09:47:24.001002
2026-09-09,BKK,arrival,12:30,CCU Kolkata,B3700,Bhutan Airlines,2h 40m,True,2026-02-12T09:47:24.090389
2026-09-09,BKK,arrival,12:30,DXB Dubai,EK384,Emirates,6h 40m,True,2026-02-12T09:47:24.168376
2026-09-09,BKK,arrival,12:30,PVG Shanghai,MU541,China Eastern,4h 40m,True,2026-02-12T09:47:24.250369
2026-09-09,BKK,arrival,12:30,FRA Frankfurt,TG923,Thai Airways,10h 50m,True,2026-02-12T09:47:24.332184
2026-09-09,BKK,arrival,12:30,FUK Fukuoka,VZ811,Vietjet Thailand,5h 35m,True,2026-02-12T09:47:24.420493
2026-09-09,BKK,arrival,12:35,PVG Shanghai,9C7421,Spring Airlines,4h 45m,True,2026-02-12T09:47:24.500964
2026-09-09,BKK,arrival,12:35,FRA Frankfurt,DE2366,Condor,11h 20m,True,2026-02-12T09:47:24.582532
2026-09-09,BKK,arrival,12:40,URT Surat Thani,VZ351,Vietjet Thailand,1h 15m,True,2026-02-12T09:47:24.668511
2026-09-09,BKK,arrival,12:45,TFU Chengdu,9C7501,Spring Airlines,3h 10m,True,2026-02-12T09:47:24.756344
2026-09-09,BKK,arrival,12:45,CMB Colombo,UL404,SriLankan Airlines,3h 40m,True,2026-02-12T09:47:24.836257
2026-09-09,BKK,arrival,12:45,SGN Ho Chi Minh City,VJ803,VietJet,1h 30m,True,2026-02-12T09:47:24.919485
2026-09-09,BKK,arrival,12:50,CAN Guangzhou,CZ8099,China Southern,3h 10m,True,2026-02-12T09:47:25.002866
2026-09-09,BKK,arrival,12:55,DOH Doha,QR834,Qatar Airways,6h 55m,True,2026-02-12T09:47:25.084573
2026-09-09,BKK,arrival,13:00,CGK Jakarta,GA866,Garuda Indonesia,3h 25m,True,2026-02-12T09:47:25.167751
2026-09-09,BKK,arrival,13:00,USM Koh Samui,PG130,Bangkok Airways,1h 15m,True,2026-02-12T09:47:25.257257
2026-09-09,BKK,arrival,13:00,HAN Hanoi,VJ901,VietJet,1h 50m,True,2026-02-12T09:47:25.340441
2026-09-09,BKK,arrival,13:05,XIY Xian,9C6293,Spring Airlines,4h 20m,True,2026-02-12T09:47:25.424863
2026-09-09,BKK,arrival,13:05,TPE Taipei,BR201,EVA Air,3h 45m,True,2026-02-12T09:47:25.514275
2026-09-09,BKK,arrival,13:05,PQC Phu Quoc,VZ981,Vietjet Thailand,1h 20m,True,2026-02-12T09:47:25.599832
2026-09-09,BKK,arrival,13:10,SGN Ho Chi Minh City,VN605,Vietnam Airlines,1h 35m,True,2026-02-12T09:47:25.790442
2026-09-09,BKK,arrival,13:10,CNX Chiang Mai,VZ103,Vietjet Thailand,1h 20m,True,2026-02-12T09:47:25.871505
2026-09-09,BKK,arrival,13:15,ICN Seoul,KE657,Korean Air,5h 45m,True,2026-02-12T09:47:25.954284
2026-09-09,BKK,arrival,13:15,TAO Qingdao,QW9897,Qingdao Airlines,5h 15m,True,2026-02-12T09:47:26.041462
2026-09-09,BKK,arrival,13:15,HKT Phuket,TG206,Thai Airways,1h 35m,True,2026-02-12T09:47:26.126217
2026-09-09,BKK,arrival,13:15,KKC Khon Kaen,TG43,Thai Airways,1h 10m,True,2026-02-12T09:47:26.217364
2026-09-09,BKK,arrival,13:20,CNX Chiang Mai,PG224,Bangkok Airways,1h 25m,True,2026-02-12T09:47:26.300484
2026-09-09,BKK,arrival,13:20,CNX Chiang Mai,TG105,Thai Airways,1h 25m,True,2026-02-12T09:47:26.383915
2026-09-09,BKK,arrival,13:25,NGB Ningbo,9C7431,Spring Airlines,4h 35m,True,2026-02-12T09:47:26.469183
2026-09-09,BKK,arrival,13:25,DXB Dubai,EK376,Emirates,6h 40m,True,2026-02-12T09:47:26.551153
2026-09-09,BKK,arrival,13:25,KUL Kuala Lumpur,MH788,Malaysia Airlines,2h 15m,True,2026-02-12T09:47:26.634048
2026-09-09,BKK,arrival,13:25,DOH Doha,QR836,Qatar Airways,6h 55m,True,2026-02-12T09:47:26.719290
2026-09-09,BKK,arrival,13:25,ICN Seoul,TG659,Thai Airways,5h 50m,True,2026-02-12T09:47:26.801807
2026-09-09,BKK,arrival,13:25,RGN Yangon,TG302,Thai Airways,1h 30m,True,2026-02-12T09:47:26.901454
2026-09-09,BKK,arrival,13:30,KJA Krasnojarsk,SU814,Aeroflot,6h 50m,True,2026-02-12T09:47:27.073074
2026-09-09,BKK,arrival,13:35,BOM Mumbai,AI2354,Air India,4h 20m,True,2026-02-12T09:47:27.193999
2026-09-09,BKK,arrival,13:40,DAC Dhaka,BS217,US-Bangla Airlines,2h 40m,True,2026-02-12T09:47:27.311394
2026-09-09,BKK,arrival,13:40,PNQ Pune,IX242,Air India Express,4h 45m,True,2026-02-12T09:47:27.429327
2026-09-09,BKK,arrival,13:40,JED Jeddah,SV844,Saudia,8h 15m,True,2026-02-12T09:47:27.549711
2026-09-09,BKK,arrival,13:40,SGN Ho Chi Minh City,VU131,Vietravel Airlines,1h 40m,True,2026-02-12T09:47:27.664891
2026-09-09,BKK,arrival,13:45,SIN Singapore,TG404,Thai Airways,2h 20m,True,2026-02-12T09:47:27.787578
2026-09-09,BKK,arrival,13:45,NRT Tokyo,VZ831,Vietjet Thailand,6h 50m,True,2026-02-12T09:47:27.904689
2026-09-09,BKK,arrival,13:50,NST Nakhon Si Thammarat,FD4232,Thai AirAsia,1h 25m,True,2026-02-12T09:47:28.019381
2026-09-09,BKK,arrival,13:55,AMS Amsterdam,BR76,EVA Air,11h 15m,True,2026-02-12T09:47:28.133684
2026-09-09,BKK,arrival,13:55,KTI Phnom Penh,K6724,Air Cambodia,1h 10m,True,2026-02-12T09:47:28.245008
2026-09-09,BKK,arrival,13:55,HKT Phuket,VZ305,Vietjet Thailand,1h 30m,True,2026-02-12T09:47:28.359621
2026-09-09,BKK,arrival,14:00,SWA Jieyang,9C6193,Spring Airlines,3h 20m,True,2026-02-12T09:47:28.478155
2026-09-09,BKK,arrival,14:00,HKG Hong Kong,CX653,Cathay Pacific,3h 0m,True,2026-02-12T09:47:28.590968
2026-09-09,BKK,arrival,14:00,MUC Munich,LH772,Lufthansa,10h 40m,True,2026-02-12T09:47:28.697106
2026-09-09,BKK,arrival,14:00,TLV Tel Aviv-Yafo,LY81,El Al,11h 40m,True,2026-02-12T09:47:29.006105
2026-09-09,BKK,arrival,14:00,UBP Ubon Ratchathani,VZ221,Vietjet Thailand,1h 15m,True,2026-02-12T09:47:29.099423
2026-09-09,BKK,arrival,14:05,CAN Guangzhou,CZ5095,China Southern,3h 0m,True,2026-02-12T09:47:29.180533
2026-09-09,BKK,arrival,14:05,CNX Chiang Mai,FD4107,Thai AirAsia,1h 30m,True,2026-02-12T09:47:29.258811
2026-09-09,BKK,arrival,14:10,TDX Trat,PG306,Bangkok Airways,1h 0m,True,2026-02-12T09:47:29.340550
2026-09-09,BKK,arrival,14:10,ICN Seoul,TG657,Thai Airways,5h 50m,True,2026-02-12T09:47:29.422892
2026-09-09,BKK,arrival,14:15,DEL Delhi,AI2355,Air India,4h 20m,True,2026-02-12T09:47:29.502476
2026-09-09,BKK,arrival,14:15,KKC Khon Kaen,FD4502,Thai AirAsia,1h 10m,True,2026-02-12T09:47:29.581583
2026-09-09,BKK,arrival,14:15,SIN Singapore,SQ710,Singapore Airlines,2h 30m,True,2026-02-12T09:47:29.661165
2026-09-09,BKK,arrival,14:20,MFM Macau,NX936,Air Macau,2h 45m,True,2026-02-12T09:47:29.742520
2026-09-09,BKK,arrival,14:25,SAI Siem Reap,PG906,Bangkok Airways,1h 30m,True,2026-02-12T09:47:29.821816
2026-09-09,BKK,arrival,14:25,HKG Hong Kong,TG601,Thai Airways,2h 40m,True,2026-02-12T09:47:29.903490
2026-09-09,BKK,arrival,14:25,SIN Singapore,TR604,Scoot,2h 35m,True,2026-02-12T09:47:29.980636
2026-09-09,BKK,arrival,14:30,CAN Guangzhou,CZ3081,China Southern,3h 0m,True,2026-02-12T09:47:30.064678
2026-09-09,BKK,arrival,14:30,HKT Phuket,PG276,Bangkok Airways,1h 35m,True,2026-02-12T09:47:30.147370
2026-09-09,BKK,arrival,14:30,KUL Kuala Lumpur,TG416,Thai Airways,2h 10m,True,2026-02-12T09:47:30.233260
2026-09-09,BKK,arrival,14:35,YIH Yichang,HU7943,Hainan Airlines,3h 25m,True,2026-02-12T09:47:30.334117
2026-09-09,BKK,arrival,14:35,HKT Phuket,TG208,Thai Airways,1h 35m,True,2026-02-12T09:47:30.424383
2026-09-09,BKK,arrival,14:35,HDY Hat Yai,VZ325,Vietjet Thailand,1h 30m,True,2026-02-12T09:47:30.512350
2026-09-09,BKK,arrival,14:40,RGN Yangon,8M333,MAI,1h 20m,True,2026-02-12T09:47:30.589766
2026-09-09,BKK,arrival,14:45,SGN Ho Chi Minh City,VJ807,VietJet,1h 30m,True,2026-02-12T09:47:30.674750
2026-09-09,BKK,arrival,14:45,HAN Hanoi,VN615,Vietnam Airlines,2h 0m,True,2026-02-12T09:47:30.757608
2026-09-09,BKK,arrival,14:50,PVG Shanghai,9C7279,Spring Airlines,4h 45m,True,2026-02-12T09:47:30.844870
2026-09-09,BKK,arrival,14:50,NKG Nanjing,JD619,Capital Airlines,4h 40m,True,2026-02-12T09:47:30.927006
2026-09-09,BKK,arrival,14:50,VIE Vienna,OS7,Austrian,10h 15m,True,2026-02-12T09:47:31.010056
2026-09-09,BKK,arrival,14:50,LPQ Luang Prabang,PG942,Bangkok Airways,2h 5m,True,2026-02-12T09:47:31.092709
2026-09-09,BKK,arrival,14:50,VTE Vientiane,TG571,Thai Airways,1h 20m,True,2026-02-12T09:47:31.179530
2026-09-09,BKK,arrival,14:55,NAW Narathiwat,FD4253,Thai AirAsia,1h 30m,True,2026-02-12T09:47:31.261640
2026-09-09,BKK,arrival,14:55,HKG Hong Kong,HX775,Hong Kong Airlines,3h 10m,True,2026-02-12T09:47:31.350143
2026-09-09,BKK,arrival,14:55,KMG Kunming,MU741,China Eastern,2h 35m,True,2026-02-12T09:47:31.433723
2026-09-09,BKK,arrival,15:00,DAC Dhaka,BG388,Biman,2h 45m,True,2026-02-12T09:47:31.522678
2026-09-09,BKK,arrival,15:00,LHR London,TG917,Thai Airways,11h 35m,True,2026-02-12T09:47:31.606161
2026-09-09,BKK,arrival,15:00,NGO Nagoya,TG645,Thai Airways,6h 0m,True,2026-02-12T09:47:31.688554
2026-09-09,BKK,arrival,15:00,DAD Da Nang,VZ961,Vietjet Thailand,1h 45m,True,2026-02-12T09:47:31.771759
2026-09-09,BKK,arrival,15:05,CNX Chiang Mai,TG107,Thai Airways,1h 25m,True,2026-02-12T09:47:31.854867
2026-09-09,BKK,arrival,15:05,FUK Fukuoka,TG649,Thai Airways,5h 30m,True,2026-02-12T09:47:31.940845
2026-09-09,BKK,arrival,15:05,HND Tokyo,TG683,Thai Airways,6h 30m,True,2026-02-12T09:47:32.024354
2026-09-09,BKK,arrival,15:05,UTH Udon Thani,TG5,Thai Airways,1h 10m,True,2026-02-12T09:47:32.108481
2026-09-09,BKK,arrival,15:10,HND Tokyo,JL31,JAL,6h 30m,True,2026-02-12T09:47:32.198811
2026-09-09,BKK,arrival,15:10,USM Koh Samui,PG158,Bangkok Airways,1h 35m,True,2026-02-12T09:47:32.282859
2026-09-09,BKK,arrival,15:10,CEI Chiang Rai,TG133,Thai Airways,1h 30m,True,2026-02-12T09:47:32.366168
2026-09-09,BKK,arrival,15:15,USM Koh Samui,PG144,Bangkok Airways,1h 15m,True,2026-02-12T09:47:32.566302
2026-09-09,BKK,arrival,15:20,NRT Tokyo,TG641,Thai Airways,6h 30m,True,2026-02-12T09:47:32.644571
2026-09-09,BKK,arrival,15:25,HKG Hong Kong,CX775,Cathay Pacific,3h 5m,True,2026-02-12T09:47:32.729373
2026-09-09,BKK,arrival,15:25,MNL Manila,TG621,Thai Airways,3h 30m,True,2026-02-12T09:47:32.813744
2026-09-09,BKK,arrival,15:25,IST Istanbul,TK68,Turkish Airlines,9h 30m,True,2026-02-12T09:47:32.901502
2026-09-09,BKK,arrival,15:30,LHR London,BR68,EVA Air,11h 55m,True,2026-02-12T09:47:32.991707
2026-09-09,BKK,arrival,15:30,HND Tokyo,NH847,ANA,6h 40m,True,2026-02-12T09:47:33.075174
2026-09-09,BKK,arrival,15:30,CTS Sapporo,TG671,Thai Airways,7h 0m,True,2026-02-12T09:47:33.159454
2026-09-09,BKK,arrival,15:30,HKG Hong Kong,UO700,HK Express,3h 0m,True,2026-02-12T09:47:33.241360
2026-09-09,BKK,arrival,15:35,CNX Chiang Mai,FD4119,Thai AirAsia,1h 25m,True,2026-02-12T09:47:33.326359
2026-09-09,BKK,arrival,15:35,KIX Osaka,TG623,Thai Airways,5h 50m,True,2026-02-12T09:47:33.409080
2026-09-09,BKK,arrival,15:45,CNX Chiang Mai,VZ111,Vietjet Thailand,1h 20m,True,2026-02-12T09:47:33.498481
2026-09-09,BKK,arrival,15:50,PVG Shanghai,FM833,Shanghai Airlines,4h 50m,True,2026-02-12T09:47:33.580042
2026-09-09,BKK,arrival,15:50,USM Koh Samui,PG136,Bangkok Airways,1h 15m,True,2026-02-12T09:47:33.725858
2026-09-09,BKK,arrival,16:00,CNX Chiang Mai,PG218,Bangkok Airways,1h 25m,True,2026-02-12T09:47:33.869157
2026-09-09,BKK,arrival,16:00,ICN Seoul,VZ851,Vietjet Thailand,5h 50m,True,2026-02-12T09:47:33.989280
2026-09-09,BKK,arrival,16:05,LGW London,BA2231,British Airways,11h 50m,True,2026-02-12T09:47:34.104244
2026-09-09,BKK,arrival,16:05,HKT Phuket,FD4111,Thai AirAsia,1h 40m,True,2026-02-12T09:47:34.218920
2026-09-09,BKK,arrival,16:05,BLR Bengaluru,IX882,Air India Express,4h 0m,True,2026-02-12T09:47:34.332473
2026-09-09,BKK,arrival,16:05,CGK Jakarta,TG434,Thai Airways,3h 30m,True,2026-02-12T09:47:34.448507
2026-09-09,BKK,arrival,16:10,DEL Delhi,6E1053,IndiGo,4h 25m,True,2026-02-12T09:47:34.571273
2026-09-09,BKK,arrival,16:10,TPE Taipei,VZ571,Vietjet Thailand,3h 45m,True,2026-02-12T09:47:34.692761
2026-09-09,BKK,arrival,16:10,UTH Udon Thani,VZ205,Vietjet Thailand,1h 10m,True,2026-02-12T09:47:34.801640
2026-09-09,BKK,arrival,16:15,HDY Hat Yai,TG264,Thai Airways,1h 35m,True,2026-02-12T09:47:34.917317
2026-09-09,BKK,arrival,16:15,NST Nakhon Si Thammarat,VZ335,Vietjet Thailand,1h 20m,True,2026-02-12T09:47:35.032638
2026-09-09,BKK,arrival,16:20,TPE Taipei,CI835,China Airlines,3h 50m,True,2026-02-12T09:47:35.144202
2026-09-09,BKK,arrival,16:20,KUL Kuala Lumpur,MH782,Malaysia Airlines,2h 15m,True,2026-02-12T09:47:35.268652
2026-09-09,BKK,arrival,16:20,HKT Phuket,PG274,Bangkok Airways,1h 35m,True,2026-02-12T09:47:35.381924
2026-09-09,BKK,arrival,16:20,SYD Sydney,TG476,Thai Airways,9h 20m,True,2026-02-12T09:47:35.497374
2026-09-09,BKK,arrival,16:20,CXR Nha Trang,VZ969,Vietjet Thailand,2h 0m,True,2026-02-12T09:47:35.794954
2026-09-09,BKK,arrival,16:25,SZX Shenzhen,CZ8323,China Southern,3h 30m,True,2026-02-12T09:47:35.879335
2026-09-09,BKK,arrival,16:30,HKG Hong Kong,CX751,Cathay Pacific,3h 0m,True,2026-02-12T09:47:35.959600
2026-09-09,BKK,arrival,16:30,HGH Hangzhou,GJ8021,Loong Air,4h 35m,True,2026-02-12T09:47:36.042038
2026-09-09,BKK,arrival,16:30,KMG Kunming,TG613,Thai Airways,2h 10m,True,2026-02-12T09:47:36.122958
2026-09-09,BKK,arrival,16:30,NRT Tokyo,TG643,Thai Airways,6h 30m,True,2026-02-12T09:47:36.201378
2026-09-09,BKK,arrival,16:35,TLV Tel Aviv-Yafo,LY83,El Al,11h 40m,True,2026-02-12T09:47:36.281017
2026-09-09,BKK,arrival,16:40,TFU Chengdu,3U3935,Sichuan Airlines,3h 0m,True,2026-02-12T09:47:36.363420
2026-09-09,BKK,arrival,16:40,TPE Taipei,JX745,Starlux,3h 50m,True,2026-02-12T09:47:36.451315
2026-09-09,BKK,arrival,16:40,XMN Xiamen,MF833,XiamenAir,3h 30m,True,2026-02-12T09:47:36.534067
2026-09-09,BKK,arrival,16:40,USM Koh Samui,PG146,Bangkok Airways,1h 15m,True,2026-02-12T09:47:36.620448
2026-09-09,BKK,arrival,16:40,SYD Sydney,QF23,Qantas,9h 50m,True,2026-02-12T09:47:36.700768
2026-09-09,BKK,arrival,16:45,CEI Chiang Rai,VZ133,Vietjet Thailand,1h 25m,True,2026-02-12T09:47:36.784752
2026-09-09,BKK,arrival,16:50,CAN Guangzhou,CZ8023,China Southern,3h 0m,True,2026-02-12T09:47:36.868697
2026-09-09,BKK,arrival,16:50,USM Koh Samui,PG150,Bangkok Airways,1h 30m,True,2026-02-12T09:47:36.953178
2026-09-09,BKK,arrival,16:50,KKC Khon Kaen,TG45,Thai Airways,1h 10m,True,2026-02-12T09:47:37.039539
2026-09-09,BKK,arrival,16:50,TPE Taipei,TG633,Thai Airways,3h 45m,True,2026-02-12T09:47:37.127243
2026-09-09,BKK,arrival,16:50,CNX Chiang Mai,VZ107,Vietjet Thailand,1h 20m,True,2026-02-12T09:47:37.214038
2026-09-09,BKK,arrival,16:55,DEL Delhi,AI2332,Air India,4h 25m,True,2026-02-12T09:47:37.297201
2026-09-09,BKK,arrival,16:55,CNX Chiang Mai,TG111,Thai Airways,1h 25m,True,2026-02-12T09:47:37.379175
2026-09-09,BKK,arrival,16:55,HKT Phuket,VZ2301,Vietjet Thailand,1h 30m,True,2026-02-12T09:47:37.462553
2026-09-09,BKK,arrival,17:00,DAC Dhaka,TG322,Thai Airways,2h 25m,True,2026-02-12T09:47:37.550334
2026-09-09,BKK,arrival,17:00,SIN Singapore,TR610,Scoot,2h 30m,True,2026-02-12T09:47:37.633418
2026-09-09,BKK,arrival,17:05,TFU Chengdu,CA471,Air China,3h 15m,True,2026-02-12T09:47:37.715732
2026-09-09,BKK,arrival,17:05,USM Koh Samui,PG148,Bangkok Airways,1h 15m,True,2026-02-12T09:47:37.798757
2026-09-09,BKK,arrival,17:05,DAD Da Nang,VN627,Vietnam Airlines,1h 50m,True,2026-02-12T09:47:37.887300
2026-09-09,BKK,arrival,17:10,HKT Phuket,FD4123,Thai AirAsia,1h 35m,True,2026-02-12T09:47:37.967434
2026-09-09,BKK,arrival,17:10,TAO Qingdao,QW917,Qingdao Airlines,5h 10m,True,2026-02-12T09:47:38.055078
2026-09-09,BKK,arrival,17:15,SIN Singapore,SQ712,Singapore Airlines,2h 30m,True,2026-02-12T09:47:38.146006
2026-09-09,BKK,arrival,17:15,SIN Singapore,TG414,Thai Airways,2h 20m,True,2026-02-12T09:47:38.231153
2026-09-09,BKK,arrival,17:20,KHH Kaohsiung,CI839,China Airlines,3h 40m,True,2026-02-12T09:47:38.311860
2026-09-09,BKK,arrival,17:20,KUL Kuala Lumpur,MH774,Malaysia Airlines,2h 20m,True,2026-02-12T09:47:38.392721
2026-09-09,BKK,arrival,17:20,HKG Hong Kong,TG629,Thai Airways,2h 50m,True,2026-02-12T09:47:38.472466
2026-09-09,BKK,arrival,17:25,SHJ Sharjah,G9816,Air Arabia,6h 35m,True,2026-02-12T09:47:38.558733
2026-09-09,BKK,arrival,17:35,DEL Delhi,TG324,Thai Airways,4h 25m,True,2026-02-12T09:47:38.642504
2026-09-09,BKK,arrival,17:40,HKT Phuket,TG212,Thai Airways,1h 35m,True,2026-02-12T09:47:38.727434
2026-09-09,BKK,arrival,17:45,CAN Guangzhou,TG669,Thai Airways,3h 0m,True,2026-02-12T09:47:38.811368
2026-09-09,BKK,arrival,17:45,HAN Hanoi,VJ903,VietJet,2h 0m,True,2026-02-12T09:47:38.904436
2026-09-09,BKK,arrival,17:45,UBP Ubon Ratchathani,VZ225,Vietjet Thailand,1h 15m,True,2026-02-12T09:47:38.990427
2026-09-09,BKK,arrival,17:45,MCT Muscat,WY815,Oman Air,6h 5m,True,2026-02-12T09:47:39.186109
2026-09-09,BKK,arrival,17:50,NNG Nanning,9C7485,Spring Airlines,2h 30m,True,2026-02-12T09:47:39.264466
2026-09-09,BKK,arrival,17:50,CEI Chiang Rai,FD4153,Thai AirAsia,1h 25m,True,2026-02-12T09:47:39.344814
2026-09-09,BKK,arrival,17:55,CAN Guangzhou,CZ363,China Southern,3h 0m,True,2026-02-12T09:47:39.425157
2026-09-09,BKK,arrival,17:55,KBV Krabi,VZ343,Vietjet Thailand,1h 25m,True,2026-02-12T09:47:39.509405
2026-09-09,BKK,arrival,18:00,HKG Hong Kong,CX701,Cathay Pacific,2h 55m,True,2026-02-12T09:47:39.596125
2026-09-09,BKK,arrival,18:00,TFU Chengdu,TG619,Thai Airways,3h 5m,True,2026-02-12T09:47:39.683328
2026-09-09,BKK,arrival,18:05,KBV Krabi,FD4401,Thai AirAsia,1h 25m,True,2026-02-12T09:47:39.765933
2026-09-09,BKK,arrival,18:05,PVG Shanghai,FM855,Shanghai Airlines,4h 30m,True,2026-02-12T09:47:39.847514
2026-09-09,BKK,arrival,18:05,HAN Hanoi,VN619,Vietnam Airlines,2h 0m,True,2026-02-12T09:47:39.931426
2026-09-09,BKK,arrival,18:05,PQC Phu Quoc,VZ983,Vietjet Thailand,1h 20m,True,2026-02-12T09:47:40.013389
2026-09-09,BKK,arrival,18:10,AUH Abu Dhabi,EY406,Etihad,6h 35m,True,2026-02-12T09:47:40.092457
2026-09-09,BKK,arrival,18:10,HKT Phuket,FD4113,Thai AirAsia,1h 25m,True,2026-02-12T09:47:40.178195
2026-09-09,BKK,arrival,18:10,TFU Chengdu,MU5035,China Eastern,3h 5m,True,2026-02-12T09:47:40.268732
2026-09-09,BKK,arrival,18:10,TPE Taipei,VZ567,Vietjet Thailand,3h 45m,True,2026-02-12T09:47:40.409923
2026-09-09,BKK,arrival,18:15,RGN Yangon,8M331,MAI,1h 20m,True,2026-02-12T09:47:40.571371
2026-09-09,BKK,arrival,18:15,HAK Haikou,HU721,Hainan Airlines,2h 25m,True,2026-02-12T09:47:40.711016
2026-09-09,BKK,arrival,18:15,KTM Kathmandu,TG320,Thai Airways,3h 30m,True,2026-02-12T09:47:40.836271
2026-09-09,BKK,arrival,18:20,PEK Beijing,CA959,Air China,5h 20m,True,2026-02-12T09:47:40.948144
2026-09-09,BKK,arrival,18:20,CNX Chiang Mai,TG113,Thai Airways,1h 25m,True,2026-02-12T09:47:41.057357
2026-09-09,BKK,arrival,18:20,UTH Udon Thani,VZ203,Vietjet Thailand,1h 10m,True,2026-02-12T09:47:41.163296
2026-09-09,BKK,arrival,18:25,DXB Dubai,EK370,Emirates,6h 25m,True,2026-02-12T09:47:41.275947
2026-09-09,BKK,arrival,18:25,HKT Phuket,TG216,Thai Airways,1h 30m,True,2026-02-12T09:47:41.380169
2026-09-09,BKK,arrival,18:30,KMG Kunming,KY8369,Kunming Airlines,2h 25m,True,2026-02-12T09:47:41.493493
2026-09-09,BKK,arrival,18:30,MNL Manila,PR736,PAL,3h 45m,True,2026-02-12T09:47:41.612511
2026-09-09,BKK,arrival,18:30,SGN Ho Chi Minh City,VN607,Vietnam Airlines,1h 35m,True,2026-02-12T09:47:41.725034
2026-09-09,BKK,arrival,18:30,SZX Shenzhen,ZH307,Shenzhen Airlines,2h 55m,True,2026-02-12T09:47:41.835158
2026-09-09,BKK,arrival,18:40,CNX Chiang Mai,FD4121,Thai AirAsia,1h 20m,True,2026-02-12T09:47:41.943713
2026-09-09,BKK,arrival,18:40,USM Koh Samui,PG166,Bangkok Airways,1h 15m,True,2026-02-12T09:47:42.053886
2026-09-09,BKK,arrival,18:40,CNX Chiang Mai,VZ109,Vietjet Thailand,1h 20m,True,2026-02-12T09:47:42.171443
2026-09-09,BKK,arrival,18:45,CRK Angeles,5J941,Cebu Pacific,3h 30m,True,2026-02-12T09:47:42.280077
2026-09-09,BKK,arrival,18:45,SGN Ho Chi Minh City,VJ805,VietJet,1h 30m,True,2026-02-12T09:47:42.390528
2026-09-09,BKK,arrival,18:50,TDX Trat,PG308,Bangkok Airways,1h 0m,True,2026-02-12T09:47:42.701762
2026-09-09,BKK,arrival,18:55,CKG Chongqing,3U3771,Sichuan Airlines,3h 25m,True,2026-02-12T09:47:42.791667
2026-09-09,BKK,arrival,18:55,KUL Kuala Lumpur,MH780,Malaysia Airlines,2h 10m,True,2026-02-12T09:47:42.872588
2026-09-09,BKK,arrival,18:55,UBP Ubon Ratchathani,TG29,Thai Airways,1h 15m,True,2026-02-12T09:47:42.952660
2026-09-09,BKK,arrival,18:55,HKG Hong Kong,UO702,HK Express,3h 0m,True,2026-02-12T09:47:43.035119
2026-09-09,BKK,arrival,19:00,SIN Singapore,SQ714,Singapore Airlines,2h 30m,True,2026-02-12T09:47:43.116015
2026-09-09,BKK,arrival,19:00,HKT Phuket,VZ307,Vietjet Thailand,1h 30m,True,2026-02-12T09:47:43.198307
2026-09-09,BKK,arrival,19:05,USM Koh Samui,PG168,Bangkok Airways,1h 15m,True,2026-02-12T09:47:43.282513
2026-09-09,BKK,arrival,19:05,DOH Doha,QR828,Qatar Airways,6h 55m,True,2026-02-12T09:47:43.364932
2026-09-09,BKK,arrival,19:10,THS Sukhothai,PG214,Bangkok Airways,1h 20m,True,2026-02-12T09:47:43.448498
2026-09-09,BKK,arrival,19:15,BOM Mumbai,6E1059,IndiGo,4h 40m,True,2026-02-12T09:47:43.532277
2026-09-09,BKK,arrival,19:20,BOM Mumbai,AI2337,Air India,4h 20m,True,2026-02-12T09:47:43.615929
2026-09-09,BKK,arrival,19:20,CAN Guangzhou,CZ8019,China Southern,3h 0m,True,2026-02-12T09:47:43.700457
2026-09-09,BKK,arrival,19:20,MLE Male,PG712,Bangkok Airways,4h 40m,True,2026-02-12T09:47:43.783830
2026-09-09,BKK,arrival,19:25,DXB Dubai,EK372,Emirates,6h 45m,True,2026-02-12T09:47:43.866383
2026-09-09,BKK,arrival,19:35,KMG Kunming,KY8367,Kunming Airlines,2h 25m,True,2026-02-12T09:47:43.949159
2026-09-09,BKK,arrival,19:35,SIN Singapore,TG408,Thai Airways,2h 20m,True,2026-02-12T09:47:44.029653
2026-09-09,BKK,arrival,19:35,SIN Singapore,TR616,Scoot,2h 35m,True,2026-02-12T09:47:44.117282
2026-09-09,BKK,arrival,19:40,RGN Yangon,8M350,MAI,1h 20m,True,2026-02-12T09:47:44.201139
2026-09-09,BKK,arrival,19:40,TAS Tashkent,C6525,Centrum Air,7h 10m,True,2026-02-12T09:47:44.282846
2026-09-09,BKK,arrival,19:40,HDY Hat Yai,FD4205,Thai AirAsia,1h 30m,True,2026-02-12T09:47:44.366187
2026-09-09,BKK,arrival,19:40,BNE Brisbane,JQ65,Jetstar,8h 50m,True,2026-02-12T09:47:44.451925
2026-09-09,BKK,arrival,19:40,USM Koh Samui,PG170,Bangkok Airways,1h 15m,True,2026-02-12T09:47:44.537408
2026-09-09,BKK,arrival,19:40,VTE Vientiane,QV445,Lao Airlines,1h 0m,True,2026-02-12T09:47:44.621153
2026-09-09,BKK,arrival,19:45,CNX Chiang Mai,FD4109,Thai AirAsia,1h 20m,True,2026-02-12T09:47:44.702696
2026-09-09,BKK,arrival,19:50,DEL Delhi,6E1063,IndiGo,4h 10m,True,2026-02-12T09:47:44.791068
2026-09-09,BKK,arrival,19:50,KMG Kunming,MU9613,China Eastern,2h 35m,True,2026-02-12T09:47:44.871155
2026-09-09,BKK,arrival,19:55,KHH Kaohsiung,TG631,Thai Airways,3h 40m,True,2026-02-12T09:47:44.955030
2026-09-09,BKK,arrival,19:55,DAD Da Nang,VZ963,Vietjet Thailand,1h 45m,True,2026-02-12T09:47:45.034157
2026-09-09,BKK,arrival,20:00,SIN Singapore,SQ720,Singapore Airlines,2h 30m,True,2026-02-12T09:47:45.121701
2026-09-09,BKK,arrival,20:00,MEL Melbourne,TG466,Thai Airways,9h 30m,True,2026-02-12T09:47:45.206992
2026-09-09,BKK,arrival,20:05,DPS Denpasar,TG432,Thai Airways,4h 10m,True,2026-02-12T09:47:45.289668
2026-09-09,BKK,arrival,20:05,KKC Khon Kaen,TG47,Thai Airways,1h 0m,True,2026-02-12T09:47:45.369411
2026-09-09,BKK,arrival,20:05,SGN Ho Chi Minh City,VN609,Vietnam Airlines,1h 35m,True,2026-02-12T09:47:45.447805
2026-09-09,BKK,arrival,20:05,URT Surat Thani,VZ353,Vietjet Thailand,1h 15m,True,2026-02-12T09:47:45.533838
2026-09-09,BKK,arrival,20:10,BWN Bandar Seri Begawan,BI519,Royal Brunei Airlines,2h 45m,True,2026-02-12T09:47:45.617254
2026-09-09,BKK,arrival,20:10,KKC Khon Kaen,VZ215,Vietjet Thailand,1h 5m,True,2026-02-12T09:47:45.701890
2026-09-09,BKK,arrival,20:15,USM Koh Samui,PG160,Bangkok Airways,1h 35m,True,2026-02-12T09:47:45.786194
2026-09-09,BKK,arrival,20:15,CEI Chiang Rai,TG137,Thai Airways,1h 20m,True,2026-02-12T09:47:45.979003
2026-09-09,BKK,arrival,20:25,DEL Delhi,AI2304,Air India,4h 25m,True,2026-02-12T09:47:46.061470
2026-09-09,BKK,arrival,20:25,USM Koh Samui,PG176,Bangkok Airways,1h 30m,True,2026-02-12T09:47:46.146102
2026-09-09,BKK,arrival,20:25,USM Koh Samui,PG180,Bangkok Airways,1h 15m,True,2026-02-12T09:47:46.227679
2026-09-09,BKK,arrival,20:25,KTI Phnom Penh,VZ723,Vietjet Thailand,1h 15m,True,2026-02-12T09:47:46.311316
2026-09-09,BKK,arrival,20:30,PBH Paro,KB152,Drukair,3h 10m,True,2026-02-12T09:47:46.392750
2026-09-09,BKK,arrival,20:30,USM Koh Samui,PG182,Bangkok Airways,1h 15m,True,2026-02-12T09:47:46.472820
2026-09-09,BKK,arrival,20:40,TFU Chengdu,EU2867,Chengdu Airlines,3h 15m,True,2026-02-12T09:47:46.554001
2026-09-09,BKK,arrival,20:40,KTI Phnom Penh,PG936,Bangkok Airways,1h 15m,True,2026-02-12T09:47:46.641353
2026-09-09,BKK,arrival,20:40,RGN Yangon,UB17,Myanmar National Airlines,1h 25m,True,2026-02-12T09:47:46.727902
2026-09-09,BKK,arrival,20:45,HKT Phuket,PG278,Bangkok Airways,1h 35m,True,2026-02-12T09:47:46.808054
2026-09-09,BKK,arrival,20:45,HKG Hong Kong,TG639,Thai Airways,2h 40m,True,2026-02-12T09:47:46.890555
2026-09-09,BKK,arrival,20:45,ICN Seoul,TG653,Thai Airways,5h 50m,True,2026-02-12T09:47:46.970647
2026-09-09,BKK,arrival,20:50,PER Perth,JQ75,Jetstar,7h 0m,True,2026-02-12T09:47:47.055044
2026-09-09,BKK,arrival,20:50,HKT Phuket,TG218,Thai Airways,1h 35m,True,2026-02-12T09:47:47.139422
2026-09-09,BKK,arrival,20:50,PVG Shanghai,TG665,Thai Airways,4h 25m,True,2026-02-12T09:47:47.224850
2026-09-09,BKK,arrival,20:55,FOC Fuzhou,9C7301,Spring Airlines,4h 10m,True,2026-02-12T09:47:47.414066
2026-09-09,BKK,arrival,20:55,PVG Shanghai,FM839,Shanghai Airlines,4h 35m,True,2026-02-12T09:47:47.531720
2026-09-09,BKK,arrival,20:55,SAI Siem Reap,PG908,Bangkok Airways,1h 30m,True,2026-02-12T09:47:47.650198
2026-09-09,BKK,arrival,20:55,SYD Sydney,TG472,Thai Airways,9h 20m,True,2026-02-12T09:47:47.765435
2026-09-09,BKK,arrival,21:00,RGN Yangon,TG304,Thai Airways,1h 30m,True,2026-02-12T09:47:47.882846
2026-09-09,BKK,arrival,21:00,HKT Phuket,VZ2305,Vietjet Thailand,1h 30m,True,2026-02-12T09:47:47.997430
2026-09-09,BKK,arrival,21:05,HAN Hanoi,VN617,Vietnam Airlines,2h 5m,True,2026-02-12T09:47:48.115343
2026-09-09,BKK,arrival,21:05,CNX Chiang Mai,VZ123,Vietjet Thailand,1h 20m,True,2026-02-12T09:47:48.236651
2026-09-09,BKK,arrival,21:10,ICN Seoul,LJ1,Jin Air,6h 0m,True,2026-02-12T09:47:48.356061
2026-09-09,BKK,arrival,21:15,USM Koh Samui,PG188,Bangkok Airways,1h 30m,True,2026-02-12T09:47:48.473784
2026-09-09,BKK,arrival,21:15,PEK Beijing,TG615,Thai Airways,5h 10m,True,2026-02-12T09:47:48.586344
2026-09-09,BKK,arrival,21:20,ICN Seoul,BX727,Air Busan,6h 30m,True,2026-02-12T09:47:48.701835
2026-09-09,BKK,arrival,21:20,CEI Chiang Rai,VZ135,Vietjet Thailand,1h 25m,True,2026-02-12T09:47:48.818112
2026-09-09,BKK,arrival,21:25,UTH Udon Thani,FD4353,Thai AirAsia,1h 5m,True,2026-02-12T09:47:48.929280
2026-09-09,BKK,arrival,21:25,CNX Chiang Mai,PG220,Bangkok Airways,1h 25m,True,2026-02-12T09:47:49.042282
2026-09-09,BKK,arrival,21:25,USM Koh Samui,PG190,Bangkok Airways,1h 30m,True,2026-02-12T09:47:49.155874
2026-09-09,BKK,arrival,21:25,KIX Osaka,TG673,Thai Airways,5h 50m,True,2026-02-12T09:47:49.464952
2026-09-09,BKK,arrival,21:35,SGN Ho Chi Minh City,TG557,Thai Airways,1h 25m,True,2026-02-12T09:47:49.558088
2026-09-09,BKK,arrival,21:35,TPE Taipei,TG635,Thai Airways,3h 45m,True,2026-02-12T09:47:49.638354
2026-09-09,BKK,arrival,21:40,NRT Tokyo,ZG51,Zipair,6h 40m,True,2026-02-12T09:47:49.722732
2026-09-09,BKK,arrival,21:45,PUS Busan,BX725,Air Busan,5h 45m,True,2026-02-12T09:47:49.807889
2026-09-09,BKK,arrival,21:45,ICN Seoul,KE651,Korean Air,5h 40m,True,2026-02-12T09:47:49.895447
2026-09-09,BKK,arrival,21:45,KBV Krabi,TG250,Thai Airways,1h 25m,True,2026-02-12T09:47:49.976328
2026-09-09,BKK,arrival,21:50,HKT Phuket,FD4115,Thai AirAsia,1h 30m,True,2026-02-12T09:47:50.060224
2026-09-09,BKK,arrival,21:50,MFM Macau,NX992,Air Macau,3h 5m,True,2026-02-12T09:47:50.142337
2026-09-09,BKK,arrival,21:50,USM Koh Samui,PG186,Bangkok Airways,1h 15m,True,2026-02-12T09:47:50.227617
2026-09-09,BKK,arrival,21:55,PVG Shanghai,FM853,Shanghai Airlines,4h 35m,True,2026-02-12T09:47:50.308626
2026-09-09,BKK,arrival,21:55,NRT Tokyo,TG677,Thai Airways,6h 30m,True,2026-02-12T09:47:50.394441
2026-09-09,BKK,arrival,21:55,VTE Vientiane,TG575,Thai Airways,1h 25m,True,2026-02-12T09:47:50.476270
2026-09-09,BKK,arrival,21:55,SIN Singapore,TR614,Scoot,2h 35m,True,2026-02-12T09:47:50.566021
2026-09-09,BKK,arrival,22:00,CCU Kolkata,6E1057,IndiGo,2h 45m,True,2026-02-12T09:47:50.647290
2026-09-09,BKK,arrival,22:00,CAN Guangzhou,CZ361,China Southern,2h 55m,True,2026-02-12T09:47:50.735447
2026-09-09,BKK,arrival,22:00,KKC Khon Kaen,FD4504,Thai AirAsia,1h 10m,True,2026-02-12T09:47:50.815966
2026-09-09,BKK,arrival,22:05,CRK Angeles,5J943,Cebu Pacific,3h 30m,True,2026-02-12T09:47:50.906095
2026-09-09,BKK,arrival,22:05,KUL Kuala Lumpur,TG418,Thai Airways,2h 10m,True,2026-02-12T09:47:50.986247
2026-09-09,BKK,arrival,22:05,ICN Seoul,TW101,T´Way Air,6h 5m,True,2026-02-12T09:47:51.069628
2026-09-09,BKK,arrival,22:05,KBV Krabi,VZ345,Vietjet Thailand,1h 25m,True,2026-02-12T09:47:51.156113
2026-09-09,BKK,arrival,22:10,KBV Krabi,FD4409,Thai AirAsia,1h 25m,True,2026-02-12T09:47:51.245919
2026-09-09,BKK,arrival,22:10,DPS Denpasar,TG440,Thai Airways,4h 10m,True,2026-02-12T09:47:51.330984
2026-09-09,BKK,arrival,22:10,SIN Singapore,TG410,Thai Airways,2h 20m,True,2026-02-12T09:47:51.416159
2026-09-09,BKK,arrival,22:10,CNX Chiang Mai,VZ2107,Vietjet Thailand,1h 20m,True,2026-02-12T09:47:51.501754
2026-09-09,BKK,arrival,22:15,KMG Kunming,MU9621,China Eastern,2h 35m,True,2026-02-12T09:47:51.591305
2026-09-09,BKK,arrival,22:15,HDY Hat Yai,TG268,Thai Airways,1h 35m,True,2026-02-12T09:47:51.676203
2026-09-09,BKK,arrival,22:15,MNL Manila,TG625,Thai Airways,3h 20m,True,2026-02-12T09:47:51.761581
2026-09-09,BKK,arrival,22:20,USM Koh Samui,PG196,Bangkok Airways,1h 30m,True,2026-02-12T09:47:51.842810
2026-09-09,BKK,arrival,22:20,PER Perth,TG482,Thai Airways,7h 0m,True,2026-02-12T09:47:51.936388
2026-09-09,BKK,arrival,22:30,USM Koh Samui,PG192,Bangkok Airways,1h 30m,True,2026-02-12T09:47:52.017283
2026-09-09,BKK,arrival,22:30,CGK Jakarta,TG436,Thai Airways,3h 30m,True,2026-02-12T09:47:52.101271
2026-09-09,BKK,arrival,22:30,CNX Chiang Mai,TG121,Thai Airways,1h 20m,True,2026-02-12T09:47:52.183189
2026-09-09,BKK,arrival,22:30,UTH Udon Thani,TG9,Thai Airways,1h 5m,True,2026-02-12T09:47:52.264374
2026-09-09,BKK,arrival,22:30,TPE Taipei,VZ569,Vietjet Thailand,3h 45m,True,2026-02-12T09:47:52.350527
2026-09-09,BKK,arrival,22:35,RGN Yangon,8M372,MAI,1h 20m,True,2026-02-12T09:47:52.435194
2026-09-09,BKK,arrival,22:35,HAN Hanoi,TG565,Thai Airways,1h 50m,True,2026-02-12T09:47:52.517032
2026-09-09,BKK,arrival,22:35,KTI Phnom Penh,TG585,Thai Airways,1h 20m,True,2026-02-12T09:47:52.706215
2026-09-09,BKK,arrival,22:40,PUS Busan,LJ21,Jin Air,5h 45m,True,2026-02-12T09:47:52.789541
2026-09-09,BKK,arrival,22:40,MNL Manila,PR732,PAL,3h 30m,True,2026-02-12T09:47:52.868163
2026-09-09,BKK,arrival,22:55,HKT Phuket,TG222,Thai Airways,1h 35m,True,2026-02-12T09:47:52.949541
2026-09-09,BKK,arrival,23:00,PEK Beijing,HU7995,Hainan Airlines,5h 0m,True,2026-02-12T09:47:53.034358
2026-09-09,BKK,arrival,23:00,NRT Tokyo,JL707,JAL,6h 35m,True,2026-02-12T09:47:53.117248
2026-09-09,BKK,arrival,23:05,KUL Kuala Lumpur,MH796,Malaysia Airlines,2h 20m,True,2026-02-12T09:47:53.199107
2026-09-09,BKK,arrival,23:10,ICN Seoul,OZ741,Asiana,5h 40m,True,2026-02-12T09:47:53.279451
2026-09-09,BKK,arrival,23:15,HKG Hong Kong,HB295,Greater Bay Airlines,3h 0m,True,2026-02-12T09:47:53.361685
2026-09-09,BKK,arrival,23:15,HKT Phuket,VZ309,Vietjet Thailand,1h 30m,True,2026-02-12T09:47:53.456103
2026-09-09,BKK,arrival,23:20,JJN Jinjiang,AQ1435,9 Air,4h 20m,True,2026-02-12T09:47:53.542726
2026-09-09,BKK,arrival,23:20,HDY Hat Yai,VZ329,Vietjet Thailand,1h 30m,True,2026-02-12T09:47:53.627363
2026-09-09,BKK,arrival,23:25,ICN Seoul,KE659,Korean Air,5h 40m,True,2026-02-12T09:47:53.712740
2026-09-09,BKK,arrival,23:30,TPE Taipei,BR205,EVA Air,3h 45m,True,2026-02-12T09:47:53.797323
2026-09-09,BKK,arrival,23:30,CNX Chiang Mai,FD4117,Thai AirAsia,1h 25m,True,2026-02-12T09:47:53.881422
2026-09-09,BKK,arrival,23:30,CKG Chongqing,OQ2361,Chongqing Airlines,3h 15m,True,2026-02-12T09:47:53.971361
2026-09-09,BKK,arrival,23:30,HKT Phuket,PG280,Bangkok Airways,1h 35m,True,2026-02-12T09:47:54.055136
2026-09-09,BKK,arrival,23:40,HKT Phuket,FD4420,Thai AirAsia,1h 25m,True,2026-02-12T09:47:54.242158
2026-09-09,BKK,arrival,23:45,HKG Hong Kong,EK385,Emirates,3h 15m,True,2026-02-12T09:47:54.364112
2026-09-09,BKK,arrival,23:50,PUS Busan,7C2551,Jeju Air,5h 50m,True,2026-02-12T09:47:54.486348
2026-09-09,BKK,arrival,23:50,HKG Hong Kong,CX617,Cathay Pacific,3h 0m,True,2026-02-12T09:47:54.606043
2026-09-09,BKK,arrival,23:50,AUH Abu Dhabi,EY400,Etihad,6h 35m,True,2026-02-12T09:47:54.726337
2026-09-09,BKK,arrival,23:50,CNX Chiang Mai,VZ119,Vietjet Thailand,1h 20m,True,2026-02-12T09:47:54.840902
2026-09-09,BKK,arrival,23:55,KIX Osaka,MM91,Peach Aviation,6h 10m,True,2026-02-12T09:47:54.959755
2026-09-09,BKK,arrival,23:55,NRT Tokyo,NH805,ANA,6h 45m,True,2026-02-12T09:47:55.081353
