date,airport,direction,time,destination,flight,airline,duration,page_date_verified,scraped_at
2026-07-30,BKK,departure,00:01,PER Perth,TG483,Thai Airways,6h 44m,True,2026-02-11T18:39:02.611581
2026-07-30,BKK,departure,00:05,BRU Brussels,TG934,Thai Airways,12h 10m,True,2026-02-11T18:39:02.728771
2026-07-30,BKK,departure,00:05,CDG Paris,TG930,Thai Airways,12h 5m,True,2026-02-11T18:39:02.847334
2026-07-30,BKK,departure,00:05,NGO Nagoya,TG644,Thai Airways,5h 55m,True,2026-02-11T18:39:02.978030
2026-07-30,BKK,departure,00:05,OSL Oslo,TG954,Thai Airways,12h 20m,True,2026-02-11T18:39:03.097989
2026-07-30,BKK,departure,00:05,ICN Seoul,TW102,T´Way Air,5h 35m,True,2026-02-11T18:39:03.215628
2026-07-30,BKK,departure,00:15,KIX Osaka,VZ820,Vietjet Thailand,5h 40m,True,2026-02-11T18:39:03.338894
2026-07-30,BKK,departure,00:25,KIX Osaka,JL728,JAL,5h 25m,True,2026-02-11T18:39:03.463595
2026-07-30,BKK,departure,00:30,CKG Chongqing,OQ2362,Chongqing Airlines,3h 30m,True,2026-02-11T18:39:03.578433
2026-07-30,BKK,departure,00:30,ARN Stockholm,TG960,Thai Airways,11h 55m,True,2026-02-11T18:39:03.697612
2026-07-30,BKK,departure,00:30,PVG Shanghai,TG662,Thai Airways,4h 15m,True,2026-02-11T18:39:03.817986
2026-07-30,BKK,departure,00:30,FUK Fukuoka,VZ810,Vietjet Thailand,5h 25m,True,2026-02-11T18:39:03.931476
2026-07-30,BKK,departure,00:40,PEK Beijing,HU7996,Hainan Airlines,5h 0m,True,2026-02-11T18:39:04.048159
2026-07-30,BKK,departure,00:40,FUK Fukuoka,TG648,Thai Airways,5h 20m,True,2026-02-11T18:39:04.169225
2026-07-30,BKK,departure,00:45,LHR London,TG910,Thai Airways,12h 30m,True,2026-02-11T18:39:04.283764
2026-07-30,BKK,departure,00:50,PUS Busan,7C2552,Jeju Air,5h 40m,True,2026-02-11T18:39:04.405389
2026-07-30,BKK,departure,00:50,MUC Munich,TG924,Thai Airways,11h 15m,True,2026-02-11T18:39:04.528305
2026-07-30,BKK,departure,00:55,MXP Milan,TG940,Thai Airways,11h 40m,True,2026-02-11T18:39:04.658033
2026-07-30,BKK,departure,01:05,ZRH Zurich,TG970,Thai Airways,11h 45m,True,2026-02-11T18:39:04.775058
2026-07-30,BKK,departure,01:10,PNQ Pune,6E1096,IndiGo,4h 5m,True,2026-02-11T18:39:04.894374
2026-07-30,BKK,departure,01:10,ICN Seoul,7C2504,Jeju Air,5h 45m,True,2026-02-11T18:39:05.011913
2026-07-30,BKK,departure,01:10,CPH Copenhagen,TG950,Thai Airways,11h 30m,True,2026-02-11T18:39:05.129455
2026-07-30,BKK,departure,01:15,TFU Chengdu,3U3938,Sichuan Airlines,3h 5m,True,2026-02-11T18:39:05.255448
2026-07-30,BKK,departure,01:15,PVG Shanghai,9C8756,Spring Airlines,4h 25m,True,2026-02-11T18:39:05.374679
2026-07-30,BKK,departure,01:15,KIX Osaka,MM92,Peach Aviation,6h 5m,True,2026-02-11T18:39:05.488123
2026-07-30,BKK,departure,01:20,ICN Seoul,OZ742,Asiana,5h 25m,True,2026-02-11T18:39:05.602309
2026-07-30,BKK,departure,01:30,PEK Beijing,CA980,Air China,4h 40m,True,2026-02-11T18:39:05.717095
2026-07-30,BKK,departure,01:30,HKG Hong Kong,HB296,Greater Bay Airlines,3h 0m,True,2026-02-11T18:39:05.835794
2026-07-30,BKK,departure,01:30,PVG Shanghai,HO1352,Juneyao Airlines,4h 15m,True,2026-02-11T18:39:05.953534
2026-07-30,BKK,departure,01:35,TPE Taipei,BR206,EVA Air,3h 45m,True,2026-02-11T18:39:06.070665
2026-07-30,BKK,departure,01:35,DXB Dubai,EK385,Emirates,6h 5m,True,2026-02-11T18:39:06.189337
2026-07-30,BKK,departure,01:50,HKG Hong Kong,HX760,Hong Kong Airlines,3h 0m,True,2026-02-11T18:39:06.305121
2026-07-30,BKK,departure,01:50,XMN Xiamen,MF844,XiamenAir,3h 25m,True,2026-02-11T18:39:06.425704
2026-07-30,BKK,departure,01:50,JED Jeddah,SV849,Saudia,8h 10m,True,2026-02-11T18:39:06.551597
2026-07-30,BKK,departure,01:55,ADD Addis Ababa,ET609,Ethiopian,8h 40m,True,2026-02-11T18:39:06.677032
2026-07-30,BKK,departure,01:55,HKG Hong Kong,HX780,Hong Kong Airlines,3h 0m,True,2026-02-11T18:39:06.792745
2026-07-30,BKK,departure,01:55,TPE Taipei,VZ566,Vietjet Thailand,3h 50m,True,2026-02-11T18:39:06.910644
2026-07-30,BKK,departure,02:05,TAE Daegu,TW106,T´Way Air,5h 35m,True,2026-02-11T18:39:07.028929
2026-07-30,BKK,departure,02:10,NKG Nanjing,MU2804,China Eastern,4h 0m,True,2026-02-11T18:39:07.148351
2026-07-30,BKK,departure,02:10,PVG Shanghai,MU548,China Eastern,4h 25m,True,2026-02-11T18:39:07.262278
2026-07-30,BKK,departure,02:25,RGN Yangon,8M391,MAI,1h 20m,True,2026-02-11T18:39:07.375381
2026-07-30,BKK,departure,02:25,TNA Jinan,SC8076,Shandong Airlines,4h 45m,True,2026-02-11T18:39:07.495039
2026-07-30,BKK,departure,02:25,ICN Seoul,VZ850,Vietjet Thailand,5h 35m,True,2026-02-11T18:39:07.613440
2026-07-30,BKK,departure,02:30,DOH Doha,QR837,Qatar Airways,6h 35m,True,2026-02-11T18:39:07.730131
2026-07-30,BKK,departure,02:35,ICN Seoul,KE656,Korean Air,5h 40m,True,2026-02-11T18:39:07.846799
2026-07-30,BKK,departure,02:40,TPE Taipei,CI838,China Airlines,3h 45m,True,2026-02-11T18:39:07.966131
2026-07-30,BKK,departure,02:40,HKG Hong Kong,HX768,Hong Kong Airlines,3h 20m,True,2026-02-11T18:39:08.088789
2026-07-30,BKK,departure,02:50,XIY Xian,9C6252,Spring Airlines,3h 45m,True,2026-02-11T18:39:08.206635
2026-07-30,BKK,departure,02:50,DXB Dubai,EK377,Emirates,6h 10m,True,2026-02-11T18:39:08.321866
2026-07-30,BKK,departure,03:00,CAN Guangzhou,CZ3036,China Southern,2h 55m,True,2026-02-11T18:39:08.828862
2026-07-30,BKK,departure,03:00,CAN Guangzhou,MU2078,China Eastern,3h 50m,True,2026-02-11T18:39:10.308042
2026-07-30,BKK,departure,03:00,DOH Doha,QR827,Qatar Airways,6h 35m,True,2026-02-11T18:39:10.458497
2026-07-30,BKK,departure,03:15,AUH Abu Dhabi,EY401,Etihad,6h 30m,True,2026-02-11T18:39:10.606815
2026-07-30,BKK,departure,03:15,SZX Shenzhen,ZH306,Shenzhen Airlines,2h 55m,True,2026-02-11T18:39:10.742972
2026-07-30,BKK,departure,03:25,MNL Manila,5J932,Cebu Pacific,3h 45m,True,2026-02-11T18:39:10.864360
2026-07-30,BKK,departure,03:40,DXB Dubai,EK371,Emirates,6h 10m,True,2026-02-11T18:39:10.984816
2026-07-30,BKK,departure,03:50,DEL Delhi,SG88,SpiceJet,4h 25m,True,2026-02-11T18:39:11.097232
2026-07-30,BKK,departure,04:05,XIY Xian,GJ8908,Loong Air,3h 35m,True,2026-02-11T18:39:11.211947
2026-07-30,BKK,departure,04:20,WUH Wuhan,MU2564,China Eastern,3h 20m,True,2026-02-11T18:39:11.327875
2026-07-30,BKK,departure,05:00,PBH Paro,KB153,Drukair,3h 15m,True,2026-02-11T18:39:11.443667
2026-07-30,BKK,departure,05:05,PVG Shanghai,FM848,Shanghai Airlines,4h 30m,True,2026-02-11T18:39:11.561516
2026-07-30,BKK,departure,06:00,KUL Kuala Lumpur,MH797,Malaysia Airlines,2h 10m,True,2026-02-11T18:39:11.676320
2026-07-30,BKK,departure,06:05,USM Koh Samui,PG101,Bangkok Airways,1h 5m,True,2026-02-11T18:39:11.793313
2026-07-30,BKK,departure,06:10,CNX Chiang Mai,VZ100,Vietjet Thailand,1h 20m,True,2026-02-11T18:39:11.912197
2026-07-30,BKK,departure,06:10,NST Nakhon Si Thammarat,VZ330,Vietjet Thailand,1h 20m,True,2026-02-11T18:39:12.030668
2026-07-30,BKK,departure,06:25,USM Koh Samui,PG103,Bangkok Airways,1h 5m,True,2026-02-11T18:39:12.152428
2026-07-30,BKK,departure,06:30,USM Koh Samui,PG105,Bangkok Airways,1h 5m,True,2026-02-11T18:39:12.270035
2026-07-30,BKK,departure,06:30,CEI Chiang Rai,VZ130,Vietjet Thailand,1h 25m,True,2026-02-11T18:39:12.401784
2026-07-30,BKK,departure,06:40,CEI Chiang Rai,FD4150,Thai AirAsia,1h 25m,True,2026-02-11T18:39:12.518453
2026-07-30,BKK,departure,06:40,USM Koh Samui,PG109,Bangkok Airways,1h 5m,True,2026-02-11T18:39:12.648111
2026-07-30,BKK,departure,06:40,IST Istanbul,TK59,Turkish Airlines,10h 0m,True,2026-02-11T18:39:12.768950
2026-07-30,BKK,departure,07:00,NRT Tokyo,NH806,ANA,6h 20m,True,2026-02-11T18:39:12.886677
2026-07-30,BKK,departure,07:00,THS Sukhothai,PG211,Bangkok Airways,1h 20m,True,2026-02-11T18:39:13.006133
2026-07-30,BKK,departure,07:00,HDY Hat Yai,TG259,Thai Airways,1h 25m,True,2026-02-11T18:39:13.124701
2026-07-30,BKK,departure,07:00,KKC Khon Kaen,TG40,Thai Airways,1h 0m,True,2026-02-11T18:39:13.241097
2026-07-30,BKK,departure,07:00,UTH Udon Thani,TG2,Thai Airways,1h 10m,True,2026-02-11T18:39:13.356847
2026-07-30,BKK,departure,07:00,HKT Phuket,VZ314,Vietjet Thailand,1h 30m,True,2026-02-11T18:39:13.477223
2026-07-30,BKK,departure,07:00,KBV Krabi,VZ340,Vietjet Thailand,1h 25m,True,2026-02-11T18:39:13.595899
2026-07-30,BKK,departure,07:05,HEL Helsinki,AY142,Finnair,12h 20m,True,2026-02-11T18:39:13.710657
2026-07-30,BKK,departure,07:05,UBP Ubon Ratchathani,TG20,Thai Airways,1h 10m,True,2026-02-11T18:39:13.831365
2026-07-30,BKK,departure,07:05,KKC Khon Kaen,VZ210,Vietjet Thailand,1h 5m,True,2026-02-11T18:39:13.948822
2026-07-30,BKK,departure,07:10,USM Koh Samui,PG107,Bangkok Airways,1h 5m,True,2026-02-11T18:39:14.062655
2026-07-30,BKK,departure,07:10,HDY Hat Yai,VZ320,Vietjet Thailand,1h 30m,True,2026-02-11T18:39:14.176520
2026-07-30,BKK,departure,07:15,HDY Hat Yai,FD4202,Thai AirAsia,1h 35m,True,2026-02-11T18:39:14.290617
2026-07-30,BKK,departure,07:15,UTH Udon Thani,FD4350,Thai AirAsia,1h 15m,True,2026-02-11T18:39:14.418220
2026-07-30,BKK,departure,07:20,KBV Krabi,PG261,Bangkok Airways,1h 25m,True,2026-02-11T18:39:14.540466
2026-07-30,BKK,departure,07:25,CNX Chiang Mai,TG102,Thai Airways,1h 20m,True,2026-02-11T18:39:14.658755
2026-07-30,BKK,departure,07:25,MNL Manila,TG620,Thai Airways,3h 20m,True,2026-02-11T18:39:14.772829
2026-07-30,BKK,departure,07:30,URT Surat Thani,FD4212,Thai AirAsia,1h 25m,True,2026-02-11T18:39:14.891494
2026-07-30,BKK,departure,07:30,USM Koh Samui,PG121,Bangkok Airways,1h 5m,True,2026-02-11T18:39:15.008429
2026-07-30,BKK,departure,07:30,HKT Phuket,TG201,Thai Airways,1h 30m,True,2026-02-11T18:39:15.124268
2026-07-30,BKK,departure,07:30,KTI Phnom Penh,TG586,Thai Airways,1h 20m,True,2026-02-11T18:39:15.241472
2026-07-30,BKK,departure,07:35,DEL Delhi,TG323,Thai Airways,4h 30m,True,2026-02-11T18:39:15.360364
2026-07-30,BKK,departure,07:35,SGN Ho Chi Minh City,TG550,Thai Airways,1h 30m,True,2026-02-11T18:39:15.479630
2026-07-30,BKK,departure,07:40,SAI Siem Reap,PG903,Bangkok Airways,1h 20m,True,2026-02-11T18:39:15.593749
2026-07-30,BKK,departure,07:40,KBV Krabi,TG241,Thai Airways,1h 20m,True,2026-02-11T18:39:15.710947
2026-07-30,BKK,departure,07:40,CNX Chiang Mai,VZ114,Vietjet Thailand,1h 20m,True,2026-02-11T18:39:15.832560
2026-07-30,BKK,departure,07:45,HAN Hanoi,TG560,Thai Airways,1h 50m,True,2026-02-11T18:39:15.952561
2026-07-30,BKK,departure,07:45,NRT Tokyo,TG676,Thai Airways,6h 10m,True,2026-02-11T18:39:16.068164
2026-07-30,BKK,departure,07:45,CMB Colombo,UL403,SriLankan Airlines,3h 20m,True,2026-02-11T18:39:16.186117
2026-07-30,BKK,departure,07:50,KMG Kunming,MU9622,China Eastern,2h 5m,True,2026-02-11T18:39:16.312458
2026-07-30,BKK,departure,07:55,HKT Phuket,FD4124,Thai AirAsia,1h 35m,True,2026-02-11T18:39:16.429291
2026-07-30,BKK,departure,08:00,CNX Chiang Mai,PG215,Bangkok Airways,1h 20m,True,2026-02-11T18:39:16.543184
2026-07-30,BKK,departure,08:00,CGK Jakarta,TG433,Thai Airways,3h 35m,True,2026-02-11T18:39:16.661248
2026-07-30,BKK,departure,08:00,HKG Hong Kong,TG600,Thai Airways,2h 45m,True,2026-02-11T18:39:16.776783
2026-07-30,BKK,departure,08:00,ICN Seoul,TG652,Thai Airways,5h 25m,True,2026-02-11T18:39:16.890709
2026-07-30,BKK,departure,08:00,SIN Singapore,TG403,Thai Airways,2h 15m,True,2026-02-11T18:39:17.009552
2026-07-30,BKK,departure,08:05,HKG Hong Kong,CX700,Cathay Pacific,3h 5m,True,2026-02-11T18:39:17.131664
2026-07-30,BKK,departure,08:05,NRT Tokyo,JL708,JAL,6h 10m,True,2026-02-11T18:39:17.250614
2026-07-30,BKK,departure,08:05,HKT Phuket,PG271,Bangkok Airways,1h 30m,True,2026-02-11T18:39:17.363746
2026-07-30,BKK,departure,08:05,CEI Chiang Rai,TG130,Thai Airways,1h 35m,True,2026-02-11T18:39:17.479018
2026-07-30,BKK,departure,08:05,HKT Phuket,TG203,Thai Airways,1h 30m,True,2026-02-11T18:39:17.593652
2026-07-30,BKK,departure,08:10,USM Koh Samui,PG123,Bangkok Airways,1h 10m,True,2026-02-11T18:39:17.716701
2026-07-30,BKK,departure,08:10,MEL Melbourne,TG461,Thai Airways,8h 50m,True,2026-02-11T18:39:17.828949
2026-07-30,BKK,departure,08:15,TDX Trat,PG301,Bangkok Airways,1h 0m,True,2026-02-11T18:39:17.940628
2026-07-30,BKK,departure,08:15,DAD Da Nang,VZ964,Vietjet Thailand,1h 40m,True,2026-02-11T18:39:18.054499
2026-07-30,BKK,departure,08:20,CAN Guangzhou,CZ362,China Southern,3h 0m,True,2026-02-11T18:39:18.177293
2026-07-30,BKK,departure,08:20,KBV Krabi,FD4402,Thai AirAsia,1h 30m,True,2026-02-11T18:39:18.299213
2026-07-30,BKK,departure,08:20,HKT Phuket,VZ300,Vietjet Thailand,1h 30m,True,2026-02-11T18:39:18.416472
2026-07-30,BKK,departure,08:25,KIX Osaka,TG672,Thai Airways,5h 30m,True,2026-02-11T18:39:18.529747
2026-07-30,BKK,departure,08:25,TPE Taipei,TG632,Thai Airways,3h 40m,True,2026-02-11T18:39:18.651910
2026-07-30,BKK,departure,08:30,CNX Chiang Mai,FD4104,Thai AirAsia,1h 20m,True,2026-02-11T18:39:18.770361
2026-07-30,BKK,departure,08:30,SYD Sydney,TG475,Thai Airways,9h 0m,True,2026-02-11T18:39:18.884595
2026-07-30,BKK,departure,08:30,UTH Udon Thani,VZ200,Vietjet Thailand,1h 10m,True,2026-02-11T18:39:19.003336
2026-07-30,BKK,departure,08:40,DEL Delhi,AI2333,Air India,4h 25m,True,2026-02-11T18:39:19.117049
2026-07-30,BKK,departure,08:40,KTI Phnom Penh,VZ720,Vietjet Thailand,1h 15m,True,2026-02-11T18:39:19.235558
2026-07-30,BKK,departure,08:55,BOM Mumbai,6E1052,IndiGo,4h 25m,True,2026-02-11T18:39:19.349585
2026-07-30,BKK,departure,08:55,SHJ Sharjah,G9822,Air Arabia,6h 25m,True,2026-02-11T18:39:19.464787
2026-07-30,BKK,departure,08:55,TPE Taipei,VZ568,Vietjet Thailand,3h 50m,True,2026-02-11T18:39:19.585185
2026-07-30,BKK,departure,09:00,RUN Saint Denis de la Reunion,UU888,Air Austral,7h 35m,True,2026-02-11T18:39:19.703326
2026-07-30,BKK,departure,09:00,MCT Muscat,WY818,Oman Air,5h 50m,True,2026-02-11T18:39:19.821835
2026-07-30,BKK,departure,09:05,KUL Kuala Lumpur,TG415,Thai Airways,2h 10m,True,2026-02-11T18:39:19.946641
2026-07-30,BKK,departure,09:05,SIN Singapore,TR609,Scoot,2h 20m,True,2026-02-11T18:39:20.079365
2026-07-30,BKK,departure,09:15,JJN Jinjiang,AQ1436,9 Air,2h 45m,True,2026-02-11T18:39:20.203452
2026-07-30,BKK,departure,09:15,AUH Abu Dhabi,EY403,Etihad,6h 20m,True,2026-02-11T18:39:20.325847
2026-07-30,BKK,departure,09:15,USM Koh Samui,PG115,Bangkok Airways,1h 30m,True,2026-02-11T18:39:20.451540
2026-07-30,BKK,departure,09:15,DOH Doha,QR831,Qatar Airways,6h 35m,True,2026-02-11T18:39:20.564867
2026-07-30,BKK,departure,09:20,SIN Singapore,SQ705,Singapore Airlines,2h 25m,True,2026-02-11T18:39:20.682554
2026-07-30,BKK,departure,09:20,RGN Yangon,UB20,Myanmar National Airlines,1h 25m,True,2026-02-11T18:39:20.799425
2026-07-30,BKK,departure,09:20,PQC Phu Quoc,VZ980,Vietjet Thailand,1h 20m,True,2026-02-11T18:39:20.918120
2026-07-30,BKK,departure,09:25,MAA Chennai,6E1062,IndiGo,3h 15m,True,2026-02-11T18:39:21.043344
2026-07-30,BKK,departure,09:30,MCT Muscat,OV464,Salam Air,6h 30m,True,2026-02-11T18:39:21.161399
2026-07-30,BKK,departure,09:30,HKT Phuket,TG205,Thai Airways,1h 30m,True,2026-02-11T18:39:21.280438
2026-07-30,BKK,departure,09:35,HND Tokyo,NH848,ANA,6h 25m,True,2026-02-11T18:39:21.401730
2026-07-30,BKK,departure,09:35,DPS Denpasar,TG431,Thai Airways,4h 20m,True,2026-02-11T18:39:21.520566
2026-07-30,BKK,departure,09:35,RGN Yangon,TG301,Thai Airways,1h 30m,True,2026-02-11T18:39:21.644791
2026-07-30,BKK,departure,09:35,URT Surat Thani,VZ350,Vietjet Thailand,1h 15m,True,2026-02-11T18:39:21.760520
2026-07-30,BKK,departure,09:40,VTE Vientiane,QV442,Lao Airlines,1h 15m,True,2026-02-11T18:39:21.878809
2026-07-30,BKK,departure,09:45,AUH Abu Dhabi,EY409,Etihad,6h 20m,True,2026-02-11T18:39:22.009126
2026-07-30,BKK,departure,09:45,HND Tokyo,JL32,JAL,6h 15m,True,2026-02-11T18:39:22.123995
2026-07-30,BKK,departure,09:50,PVG Shanghai,FM842,Shanghai Airlines,4h 35m,True,2026-02-11T18:39:22.239200
2026-07-30,BKK,departure,09:50,ICN Seoul,KE660,Korean Air,5h 30m,True,2026-02-11T18:39:22.354214
2026-07-30,BKK,departure,09:55,DXB Dubai,EK375,Emirates,6h 5m,True,2026-02-11T18:39:22.468174
2026-07-30,BKK,departure,09:55,CNX Chiang Mai,PG223,Bangkok Airways,1h 20m,True,2026-02-11T18:39:22.586841
2026-07-30,BKK,departure,09:55,LPQ Luang Prabang,PG941,Bangkok Airways,2h 10m,True,2026-02-11T18:39:22.703735
2026-07-30,BKK,departure,09:55,USM Koh Samui,PG129,Bangkok Airways,1h 10m,True,2026-02-11T18:39:22.824951
2026-07-30,BKK,departure,09:55,DOH Doha,QR839,Qatar Airways,6h 35m,True,2026-02-11T18:39:22.940607
2026-07-30,BKK,departure,09:55,CNX Chiang Mai,TG104,Thai Airways,1h 20m,True,2026-02-11T18:39:23.058032
2026-07-30,BKK,departure,09:55,CNX Chiang Mai,VZ102,Vietjet Thailand,1h 20m,True,2026-02-11T18:39:23.179878
2026-07-30,BKK,departure,10:00,PEK Beijing,TG614,Thai Airways,4h 45m,True,2026-02-11T18:39:23.293604
2026-07-30,BKK,departure,10:05,CCU Kolkata,6E1058,IndiGo,2h 40m,True,2026-02-11T18:39:23.411480
2026-07-30,BKK,departure,10:05,USM Koh Samui,PG125,Bangkok Airways,1h 10m,True,2026-02-11T18:39:23.530420
2026-07-30,BKK,departure,10:10,USM Koh Samui,PG127,Bangkok Airways,1h 30m,True,2026-02-11T18:39:23.646560
2026-07-30,BKK,departure,10:10,HKG Hong Kong,UO705,HK Express,3h 10m,True,2026-02-11T18:39:23.771475
2026-07-30,BKK,departure,10:15,RGN Yangon,8M336,MAI,1h 20m,True,2026-02-11T18:39:23.888045
2026-07-30,BKK,departure,10:15,ALA Almaty,KC932,Air Astana,6h 40m,True,2026-02-11T18:39:24.008033
2026-07-30,BKK,departure,10:15,KTM Kathmandu,TG319,Thai Airways,3h 25m,True,2026-02-11T18:39:24.124234
2026-07-30,BKK,departure,10:20,CAN Guangzhou,9C8894,Spring Airlines,2h 50m,True,2026-02-11T18:39:24.240002
2026-07-30,BKK,departure,10:20,KTI Phnom Penh,K6723,Air Cambodia,1h 10m,True,2026-02-11T18:39:24.356967
2026-07-30,BKK,departure,10:20,HKT Phuket,VZ304,Vietjet Thailand,1h 30m,True,2026-02-11T18:39:24.474709
2026-07-30,BKK,departure,10:30,NST Nakhon Si Thammarat,FD4231,Thai AirAsia,1h 25m,True,2026-02-11T18:39:24.592082
2026-07-30,BKK,departure,10:30,USM Koh Samui,PG131,Bangkok Airways,1h 5m,True,2026-02-11T18:39:24.709556
2026-07-30,BKK,departure,10:30,CAN Guangzhou,TG668,Thai Airways,3h 0m,True,2026-02-11T18:39:24.828573
2026-07-30,BKK,departure,10:30,HKG Hong Kong,TG628,Thai Airways,2h 50m,True,2026-02-11T18:39:24.951185
2026-07-30,BKK,departure,10:30,KKC Khon Kaen,TG42,Thai Airways,1h 5m,True,2026-02-11T18:39:25.064517
2026-07-30,BKK,departure,10:35,MFM Macau,NX995,Air Macau,2h 45m,True,2026-02-11T18:39:25.176746
2026-07-30,BKK,departure,10:35,DAC Dhaka,TG321,Thai Airways,2h 35m,True,2026-02-11T18:39:25.295522
2026-07-30,BKK,departure,10:40,HKT Phuket,PG275,Bangkok Airways,1h 30m,True,2026-02-11T18:39:25.412628
2026-07-30,BKK,departure,10:45,CNX Chiang Mai,FD4106,Thai AirAsia,1h 20m,True,2026-02-11T18:39:25.533239
2026-07-30,BKK,departure,10:45,KMG Kunming,TG612,Thai Airways,2h 15m,True,2026-02-11T18:39:25.656011
2026-07-30,BKK,departure,10:45,PVG Shanghai,TG664,Thai Airways,4h 15m,True,2026-02-11T18:39:25.773998
2026-07-30,BKK,departure,10:50,DEL Delhi,6E1064,IndiGo,4h 35m,True,2026-02-11T18:39:25.891579
2026-07-30,BKK,departure,10:50,TPE Taipei,CI834,China Airlines,3h 40m,True,2026-02-11T18:39:25.995149
2026-07-30,BKK,departure,10:50,NNG Nanning,GX8910,GX Airlines,2h 5m,True,2026-02-11T18:39:26.112150
2026-07-30,BKK,departure,10:50,HKT Phuket,TG207,Thai Airways,1h 30m,True,2026-02-11T18:39:26.235045
2026-07-30,BKK,departure,10:50,TFU Chengdu,TG618,Thai Airways,3h 10m,True,2026-02-11T18:39:26.350524
2026-07-30,BKK,departure,10:50,DAD Da Nang,VZ960,Vietjet Thailand,1h 40m,True,2026-02-11T18:39:26.472376
2026-07-30,BKK,departure,10:55,SAI Siem Reap,PG905,Bangkok Airways,1h 20m,True,2026-02-11T18:39:26.591618
2026-07-30,BKK,departure,10:55,SIN Singapore,TR625,Scoot,2h 30m,True,2026-02-11T18:39:26.708238
2026-07-30,BKK,departure,11:00,HKG Hong Kong,CX750,Cathay Pacific,3h 10m,True,2026-02-11T18:39:26.826159
2026-07-30,BKK,departure,11:00,HDY Hat Yai,VZ324,Vietjet Thailand,1h 30m,True,2026-02-11T18:39:26.942351
2026-07-30,BKK,departure,11:00,UBP Ubon Ratchathani,VZ220,Vietjet Thailand,1h 10m,True,2026-02-11T18:39:27.063728
2026-07-30,BKK,departure,11:05,HAK Haikou,HU7940,Hainan Airlines,2h 25m,True,2026-02-11T18:39:27.174981
2026-07-30,BKK,departure,11:05,KUL Kuala Lumpur,MH785,Malaysia Airlines,2h 10m,True,2026-02-11T18:39:27.288073
2026-07-30,BKK,departure,11:10,TPE Taipei,BR62,EVA Air,3h 55m,True,2026-02-11T18:39:27.408991
2026-07-30,BKK,departure,11:10,CNX Chiang Mai,FD4100,Thai AirAsia,1h 20m,True,2026-02-11T18:39:27.532684
2026-07-30,BKK,departure,11:15,SIN Singapore,TG413,Thai Airways,2h 15m,True,2026-02-11T18:39:27.653201
2026-07-30,BKK,departure,11:20,CAN Guangzhou,CZ358,China Southern,2h 50m,True,2026-02-11T18:39:27.773072
2026-07-30,BKK,departure,11:20,NAW Narathiwat,FD4252,Thai AirAsia,1h 35m,True,2026-02-11T18:39:27.887994
2026-07-30,BKK,departure,11:20,SHJ Sharjah,G9824,Air Arabia,6h 25m,True,2026-02-11T18:39:28.003804
2026-07-30,BKK,departure,11:20,SGN Ho Chi Minh City,VN600,Vietnam Airlines,1h 45m,True,2026-02-11T18:39:28.120781
2026-07-30,BKK,departure,11:25,MNL Manila,5J930,Cebu Pacific,3h 50m,True,2026-02-11T18:39:28.232510
2026-07-30,BKK,departure,11:25,CDG Paris,AF199,Air France,12h 25m,True,2026-02-11T18:39:28.351234
2026-07-30,BKK,departure,11:25,KKC Khon Kaen,FD4501,Thai AirAsia,1h 10m,True,2026-02-11T18:39:28.471610
2026-07-30,BKK,departure,11:25,VTE Vientiane,TG570,Thai Airways,1h 15m,True,2026-02-11T18:39:28.589051
2026-07-30,BKK,departure,11:30,MDL Mandalay,8M338,MAI,1h 50m,True,2026-02-11T18:39:28.706512
2026-07-30,BKK,departure,11:30,XIY Xian,9C6300,Spring Airlines,3h 50m,True,2026-02-11T18:39:28.829177
2026-07-30,BKK,departure,11:30,SGN Ho Chi Minh City,VJ802,VietJet,1h 30m,True,2026-02-11T18:39:28.950446
2026-07-30,BKK,departure,11:35,KTI Phnom Penh,KR702,Cambodia Airways,1h 15m,True,2026-02-11T18:39:29.069492
2026-07-30,BKK,departure,11:35,CEI Chiang Rai,TG132,Thai Airways,1h 35m,True,2026-02-11T18:39:29.183982
2026-07-30,BKK,departure,11:40,TDX Trat,PG305,Bangkok Airways,1h 0m,True,2026-02-11T18:39:29.301134
2026-07-30,BKK,departure,11:40,USM Koh Samui,PG133,Bangkok Airways,1h 5m,True,2026-02-11T18:39:29.423283
2026-07-30,BKK,departure,11:40,CNX Chiang Mai,TG106,Thai Airways,1h 20m,True,2026-02-11T18:39:29.544689
2026-07-30,BKK,departure,11:45,NNG Nanning,9C7486,Spring Airlines,2h 20m,True,2026-02-11T18:39:29.659575
2026-07-30,BKK,departure,11:45,CKG Chongqing,HU424,Hainan Airlines,3h 20m,True,2026-02-11T18:39:29.774690
2026-07-30,BKK,departure,11:45,KHH Kaohsiung,TG630,Thai Airways,3h 30m,True,2026-02-11T18:39:29.887944
2026-07-30,BKK,departure,11:50,PVG Shanghai,FM854,Shanghai Airlines,4h 20m,True,2026-02-11T18:39:30.001363
2026-07-30,BKK,departure,11:55,HYD Hyderabad,6E1068,IndiGo,3h 30m,True,2026-02-11T18:39:30.117432
2026-07-30,BKK,departure,11:55,KWI Kuwait,KU412,Kuwait Airways,7h 20m,True,2026-02-11T18:39:30.234691
2026-07-30,BKK,departure,11:55,HAN Hanoi,VN610,Vietnam Airlines,1h 55m,True,2026-02-11T18:39:30.343869
2026-07-30,BKK,departure,12:00,FOC Fuzhou,9C7302,Spring Airlines,3h 30m,True,2026-02-11T18:39:30.464974
2026-07-30,BKK,departure,12:05,HKG Hong Kong,CX774,Cathay Pacific,3h 10m,True,2026-02-11T18:39:30.583445
2026-07-30,BKK,departure,12:05,AMS Amsterdam,KL844,KLM,12h 5m,True,2026-02-11T18:39:30.698032
2026-07-30,BKK,departure,12:10,SZX Shenzhen,ZH310,Shenzhen Airlines,2h 55m,True,2026-02-11T18:39:30.819642
2026-07-30,BKK,departure,12:15,AMS Amsterdam,BR75,EVA Air,12h 10m,True,2026-02-11T18:39:30.941761
2026-07-30,BKK,departure,12:15,SWA Jieyang,CZ8356,China Southern,3h 5m,True,2026-02-11T18:39:31.062708
2026-07-30,BKK,departure,12:15,XMN Xiamen,MF854,XiamenAir,3h 15m,True,2026-02-11T18:39:31.181700
2026-07-30,BKK,departure,12:15,SIN Singapore,SQ707,Singapore Airlines,2h 35m,True,2026-02-11T18:39:31.312768
2026-07-30,BKK,departure,12:15,UTH Udon Thani,TG4,Thai Airways,1h 10m,True,2026-02-11T18:39:31.430491
2026-07-30,BKK,departure,12:20,BLR Bengaluru,6E1056,IndiGo,3h 40m,True,2026-02-11T18:39:31.550304
2026-07-30,BKK,departure,12:20,CNX Chiang Mai,FD4118,Thai AirAsia,1h 20m,True,2026-02-11T18:39:31.665696
2026-07-30,BKK,departure,12:20,HKT Phuket,FD4110,Thai AirAsia,1h 35m,True,2026-02-11T18:39:31.784089
2026-07-30,BKK,departure,12:20,ICN Seoul,OZ744,Asiana,5h 20m,True,2026-02-11T18:39:31.903922
2026-07-30,BKK,departure,12:20,CNX Chiang Mai,VZ110,Vietjet Thailand,1h 20m,True,2026-02-11T18:39:32.023031
2026-07-30,BKK,departure,12:25,TPE Taipei,BR212,EVA Air,3h 50m,True,2026-02-11T18:39:32.138048
2026-07-30,BKK,departure,12:25,CNX Chiang Mai,PG217,Bangkok Airways,1h 20m,True,2026-02-11T18:39:32.248196
2026-07-30,BKK,departure,12:25,FRA Frankfurt,TG922,Thai Airways,11h 35m,True,2026-02-11T18:39:32.353370
2026-07-30,BKK,departure,12:30,HKG Hong Kong,CX754,Cathay Pacific,3h 10m,True,2026-02-11T18:39:32.474882
2026-07-30,BKK,departure,12:30,HDY Hat Yai,TG263,Thai Airways,1h 30m,True,2026-02-11T18:39:32.590471
2026-07-30,BKK,departure,12:35,HKT Phuket,PG273,Bangkok Airways,1h 30m,True,2026-02-11T18:39:32.706537
2026-07-30,BKK,departure,12:40,CAN Guangzhou,CZ8080,China Southern,3h 0m,True,2026-02-11T18:39:32.827532
2026-07-30,BKK,departure,12:40,SZX Shenzhen,CZ8076,China Southern,3h 0m,True,2026-02-11T18:39:32.945245
2026-07-30,BKK,departure,12:40,USM Koh Samui,PG135,Bangkok Airways,1h 5m,True,2026-02-11T18:39:33.071628
2026-07-30,BKK,departure,12:40,DPS Denpasar,TG439,Thai Airways,4h 20m,True,2026-02-11T18:39:33.188263
2026-07-30,BKK,departure,12:40,TPE Taipei,TG634,Thai Airways,3h 40m,True,2026-02-11T18:39:33.302402
2026-07-30,BKK,departure,12:45,LHR London,BR67,EVA Air,12h 35m,True,2026-02-11T18:39:33.409208
2026-07-30,BKK,departure,12:45,LHR London,TG916,Thai Airways,12h 30m,True,2026-02-11T18:39:33.505817
2026-07-30,BKK,departure,12:50,HGH Hangzhou,JD420,Capital Airlines,4h 0m,True,2026-02-11T18:39:33.604765
2026-07-30,BKK,departure,12:50,ZRH Zurich,LX181,SWISS,11h 45m,True,2026-02-11T18:39:33.699532
2026-07-30,BKK,departure,12:55,IKT Irkutsk,SU659,Aeroflot,6h 20m,True,2026-02-11T18:39:33.789103
2026-07-30,BKK,departure,13:00,HND Tokyo,TG660,Thai Airways,6h 10m,True,2026-02-11T18:39:33.882906
2026-07-30,BKK,departure,13:05,NST Nakhon Si Thammarat,VZ334,Vietjet Thailand,1h 20m,True,2026-02-11T18:39:33.975035
2026-07-30,BKK,departure,13:10,TPE Taipei,JX742,Starlux,3h 50m,True,2026-02-11T18:39:34.068320
2026-07-30,BKK,departure,13:10,HKT Phuket,VZ2300,Vietjet Thailand,1h 30m,True,2026-02-11T18:39:34.155596
2026-07-30,BKK,departure,13:15,UTH Udon Thani,VZ204,Vietjet Thailand,1h 10m,True,2026-02-11T18:39:34.248267
2026-07-30,BKK,departure,13:20,TPE Taipei,CI832,China Airlines,3h 40m,True,2026-02-11T18:39:34.339000
2026-07-30,BKK,departure,13:20,KMG Kunming,MU6088,China Eastern,2h 25m,True,2026-02-11T18:39:34.428341
2026-07-30,BKK,departure,13:25,MNL Manila,PR731,PAL,3h 35m,True,2026-02-11T18:39:34.526111
2026-07-30,BKK,departure,13:25,CEI Chiang Rai,VZ132,Vietjet Thailand,1h 25m,True,2026-02-11T18:39:34.630908
2026-07-30,BKK,departure,13:30,CCU Kolkata,B3701,Bhutan Airlines,2h 40m,True,2026-02-11T18:39:34.720773
2026-07-30,BKK,departure,13:30,CNX Chiang Mai,TG110,Thai Airways,1h 20m,True,2026-02-11T18:39:34.819016
2026-07-30,BKK,departure,13:35,PVG Shanghai,MU542,China Eastern,4h 40m,True,2026-02-11T18:39:34.916528
2026-07-30,BKK,departure,13:35,KTI Phnom Penh,TK52,Turkish Airlines,1h 30m,True,2026-02-11T18:39:35.013977
2026-07-30,BKK,departure,13:40,USM Koh Samui,PG145,Bangkok Airways,1h 5m,True,2026-02-11T18:39:35.104556
2026-07-30,BKK,departure,13:40,CNX Chiang Mai,VZ106,Vietjet Thailand,1h 20m,True,2026-02-11T18:39:35.189058
2026-07-30,BKK,departure,13:45,TFU Chengdu,9C7502,Spring Airlines,3h 15m,True,2026-02-11T18:39:35.273387
2026-07-30,BKK,departure,13:45,CAN Guangzhou,CZ8100,China Southern,3h 0m,True,2026-02-11T18:39:35.365953
2026-07-30,BKK,departure,13:50,PVG Shanghai,9C7422,Spring Airlines,4h 15m,True,2026-02-11T18:39:35.453829
2026-07-30,BKK,departure,13:50,PEK Beijing,HU430,Hainan Airlines,5h 5m,True,2026-02-11T18:39:35.546819
2026-07-30,BKK,departure,13:50,SIN Singapore,TG407,Thai Airways,2h 15m,True,2026-02-11T18:39:35.642356
2026-07-30,BKK,departure,13:50,SGN Ho Chi Minh City,VJ804,VietJet,1h 30m,True,2026-02-11T18:39:35.737373
2026-07-30,BKK,departure,13:55,HND Tokyo,NH878,ANA,6h 20m,True,2026-02-11T18:39:35.839184
2026-07-30,BKK,departure,13:55,USM Koh Samui,PG149,Bangkok Airways,1h 30m,True,2026-02-11T18:39:35.932731
2026-07-30,BKK,departure,13:55,HKT Phuket,TG211,Thai Airways,1h 30m,True,2026-02-11T18:39:36.026777
2026-07-30,BKK,departure,13:55,CMB Colombo,UL405,SriLankan Airlines,3h 20m,True,2026-02-11T18:39:36.128193
2026-07-30,BKK,departure,14:00,HKG Hong Kong,TG638,Thai Airways,2h 45m,True,2026-02-11T18:39:36.219425
2026-07-30,BKK,departure,14:00,HAN Hanoi,VJ902,VietJet,1h 50m,True,2026-02-11T18:39:36.308208
2026-07-30,BKK,departure,14:05,XIY Xian,9C6294,Spring Airlines,3h 50m,True,2026-02-11T18:39:36.401906
2026-07-30,BKK,departure,14:05,USM Koh Samui,PG147,Bangkok Airways,1h 5m,True,2026-02-11T18:39:36.496675
2026-07-30,BKK,departure,14:10,KKC Khon Kaen,TG44,Thai Airways,1h 0m,True,2026-02-11T18:39:36.583361
2026-07-30,BKK,departure,14:15,HKG Hong Kong,EK384,Emirates,3h 0m,True,2026-02-11T18:39:36.678950
2026-07-30,BKK,departure,14:15,CGK Jakarta,ET628,Ethiopian,3h 45m,True,2026-02-11T18:39:36.767103
2026-07-30,BKK,departure,14:15,CGK Jakarta,GA867,Garuda Indonesia,3h 35m,True,2026-02-11T18:39:36.861236
2026-07-30,BKK,departure,14:15,KUL Kuala Lumpur,MH789,Malaysia Airlines,2h 15m,True,2026-02-11T18:39:36.953443
2026-07-30,BKK,departure,14:15,USM Koh Samui,PG161,Bangkok Airways,1h 5m,True,2026-02-11T18:39:37.044530
2026-07-30,BKK,departure,14:20,CGK Jakarta,TG435,Thai Airways,3h 35m,True,2026-02-11T18:39:37.136662
2026-07-30,BKK,departure,14:20,MNL Manila,TG624,Thai Airways,3h 25m,True,2026-02-11T18:39:37.231458
2026-07-30,BKK,departure,14:20,MCT Muscat,WY812,Oman Air,6h 15m,True,2026-02-11T18:39:37.325624
2026-07-30,BKK,departure,14:25,NGB Ningbo,9C7432,Spring Airlines,4h 15m,True,2026-02-11T18:39:37.422145
2026-07-30,BKK,departure,14:25,SGN Ho Chi Minh City,VN604,Vietnam Airlines,1h 50m,True,2026-02-11T18:39:37.514676
2026-07-30,BKK,departure,14:30,CEI Chiang Rai,FD4152,Thai AirAsia,1h 25m,True,2026-02-11T18:39:37.611360
2026-07-30,BKK,departure,14:30,SGN Ho Chi Minh City,VU130,Vietravel Airlines,1h 40m,True,2026-02-11T18:39:37.706575
2026-07-30,BKK,departure,14:30,KBV Krabi,VZ342,Vietjet Thailand,1h 25m,True,2026-02-11T18:39:37.800611
2026-07-30,BKK,departure,14:35,KBV Krabi,FD4400,Thai AirAsia,1h 35m,True,2026-02-11T18:39:37.896571
2026-07-30,BKK,departure,14:35,PQC Phu Quoc,VZ982,Vietjet Thailand,1h 20m,True,2026-02-11T18:39:37.994433
2026-07-30,BKK,departure,14:40,DAC Dhaka,BS218,US-Bangla Airlines,2h 40m,True,2026-02-11T18:39:38.086780
2026-07-30,BKK,departure,14:40,PNQ Pune,IX241,Air India Express,4h 15m,True,2026-02-11T18:39:38.181686
2026-07-30,BKK,departure,14:40,USM Koh Samui,PG151,Bangkok Airways,1h 5m,True,2026-02-11T18:39:38.278421
2026-07-30,BKK,departure,14:45,BOM Mumbai,AI2353,Air India,4h 40m,True,2026-02-11T18:39:38.375413
2026-07-30,BKK,departure,14:45,HKT Phuket,FD4112,Thai AirAsia,1h 30m,True,2026-02-11T18:39:38.471719
2026-07-30,BKK,departure,14:45,HKT Phuket,TG215,Thai Airways,1h 30m,True,2026-02-11T18:39:38.563924
2026-07-30,BKK,departure,14:45,UBP Ubon Ratchathani,VZ224,Vietjet Thailand,1h 10m,True,2026-02-11T18:39:38.658241
2026-07-30,BKK,departure,14:50,KTI Phnom Penh,K6725,Air Cambodia,1h 10m,True,2026-02-11T18:39:38.748556
2026-07-30,BKK,departure,14:55,CNX Chiang Mai,TG112,Thai Airways,1h 20m,True,2026-02-11T18:39:38.843810
2026-07-30,BKK,departure,15:00,SWA Jieyang,9C6194,Spring Airlines,2h 55m,True,2026-02-11T18:39:38.929167
2026-07-30,BKK,departure,15:00,HKG Hong Kong,CX654,Cathay Pacific,3h 5m,True,2026-02-11T18:39:39.014496
2026-07-30,BKK,departure,15:00,USM Koh Samui,PG157,Bangkok Airways,1h 30m,True,2026-02-11T18:39:39.116998
2026-07-30,BKK,departure,15:05,CAN Guangzhou,CZ5096,China Southern,3h 0m,True,2026-02-11T18:39:39.206786
2026-07-30,BKK,departure,15:05,AUH Abu Dhabi,EY405,Etihad,7h 15m,True,2026-02-11T18:39:39.296800
2026-07-30,BKK,departure,15:05,CAN Guangzhou,KQ886,Kenya Airways,2h 55m,True,2026-02-11T18:39:39.387924
2026-07-30,BKK,departure,15:10,TPE Taipei,BR202,EVA Air,3h 50m,True,2026-02-11T18:39:39.475092
2026-07-30,BKK,departure,15:15,DEL Delhi,AI2356,Air India,4h 30m,True,2026-02-11T18:39:39.574762
2026-07-30,BKK,departure,15:20,MFM Macau,NX935,Air Macau,2h 30m,True,2026-02-11T18:39:39.676758
2026-07-30,BKK,departure,15:25,RUH Riyadh,SV847,Saudia,7h 25m,True,2026-02-11T18:39:39.770655
2026-07-30,BKK,departure,15:25,SIN Singapore,TR605,Scoot,2h 30m,True,2026-02-11T18:39:39.873163
2026-07-30,BKK,departure,15:25,CNX Chiang Mai,VZ108,Vietjet Thailand,1h 20m,True,2026-02-11T18:39:39.979456
2026-07-30,BKK,departure,15:25,HKT Phuket,VZ306,Vietjet Thailand,1h 30m,True,2026-02-11T18:39:40.065319
2026-07-30,BKK,departure,15:30,BFV Buri Ram,FD4511,Thai AirAsia,1h 5m,True,2026-02-11T18:39:40.153680
2026-07-30,BKK,departure,15:30,USM Koh Samui,PG165,Bangkok Airways,1h 5m,True,2026-02-11T18:39:40.248005
2026-07-30,BKK,departure,15:30,SIN Singapore,SQ709,Singapore Airlines,2h 30m,True,2026-02-11T18:39:40.339492
2026-07-30,BKK,departure,15:30,UTH Udon Thani,VZ202,Vietjet Thailand,1h 10m,True,2026-02-11T18:39:40.428090
2026-07-30,BKK,departure,15:40,RGN Yangon,8M334,MAI,1h 20m,True,2026-02-11T18:39:40.520077
2026-07-30,BKK,departure,15:40,CNX Chiang Mai,FD4102,Thai AirAsia,1h 15m,True,2026-02-11T18:39:40.619550
2026-07-30,BKK,departure,15:45,LJG Lijiang,DR5042,Ruili Airlines,2h 40m,True,2026-02-11T18:39:40.713310
2026-07-30,BKK,departure,15:45,USM Koh Samui,PG171,Bangkok Airways,1h 5m,True,2026-02-11T18:39:40.806031
2026-07-30,BKK,departure,15:45,HKG Hong Kong,UA821,United,3h 0m,True,2026-02-11T18:39:40.894588
2026-07-30,BKK,departure,15:45,SGN Ho Chi Minh City,VJ800,VietJet,1h 30m,True,2026-02-11T18:39:40.988035
2026-07-30,BKK,departure,15:50,PVG Shanghai,9C7280,Spring Airlines,4h 25m,True,2026-02-11T18:39:41.082320
2026-07-30,BKK,departure,15:50,NKG Nanjing,JD620,Capital Airlines,4h 5m,True,2026-02-11T18:39:41.176796
2026-07-30,BKK,departure,15:50,KHV Khabarovsk,SU655,Aeroflot,6h 40m,True,2026-02-11T18:39:41.269387
2026-07-30,BKK,departure,15:50,DAD Da Nang,VZ962,Vietjet Thailand,1h 40m,True,2026-02-11T18:39:41.366104
2026-07-30,BKK,departure,15:55,CAN Guangzhou,CZ3082,China Southern,3h 5m,True,2026-02-11T18:39:41.463736
2026-07-30,BKK,departure,15:55,HKG Hong Kong,HX776,Hong Kong Airlines,3h 0m,True,2026-02-11T18:39:41.563616
2026-07-30,BKK,departure,15:55,KMG Kunming,MU742,China Eastern,2h 30m,True,2026-02-11T18:39:41.660564
2026-07-30,BKK,departure,15:55,HAN Hanoi,VN614,Vietnam Airlines,1h 55m,True,2026-02-11T18:39:41.760140
2026-07-30,BKK,departure,16:00,THS Sukhothai,PG213,Bangkok Airways,1h 20m,True,2026-02-11T18:39:41.858187
2026-07-30,BKK,departure,16:00,USM Koh Samui,PG167,Bangkok Airways,1h 5m,True,2026-02-11T18:39:41.955006
2026-07-30,BKK,departure,16:00,KJA Krasnojarsk,SU815,Aeroflot,7h 0m,True,2026-02-11T18:39:42.060386
2026-07-30,BKK,departure,16:00,UBP Ubon Ratchathani,TG28,Thai Airways,1h 10m,True,2026-02-11T18:39:42.153355
2026-07-30,BKK,departure,16:05,TLV Tel Aviv-Yafo,LY84,El Al,10h 50m,True,2026-02-11T18:39:42.251630
2026-07-30,BKK,departure,16:10,HDY Hat Yai,FD4204,Thai AirAsia,1h 30m,True,2026-02-11T18:39:42.350940
2026-07-30,BKK,departure,16:15,DAC Dhaka,BG389,Biman,2h 45m,True,2026-02-11T18:39:42.449463
2026-07-30,BKK,departure,16:15,TDX Trat,PG307,Bangkok Airways,1h 0m,True,2026-02-11T18:39:42.548075
2026-07-30,BKK,departure,16:15,USM Koh Samui,PG159,Bangkok Airways,1h 35m,True,2026-02-11T18:39:42.649723
2026-07-30,BKK,departure,16:15,HKG Hong Kong,UO701,HK Express,3h 0m,True,2026-02-11T18:39:42.750467
2026-07-30,BKK,departure,16:20,KTI Phnom Penh,KR704,Cambodia Airways,1h 30m,True,2026-02-11T18:39:42.848024
2026-07-30,BKK,departure,16:25,HKG Hong Kong,CX706,Cathay Pacific,3h 0m,True,2026-02-11T18:39:42.950566
2026-07-30,BKK,departure,16:25,SIN Singapore,TG409,Thai Airways,2h 15m,True,2026-02-11T18:39:43.045010
2026-07-30,BKK,departure,16:35,CNX Chiang Mai,FD4108,Thai AirAsia,1h 20m,True,2026-02-11T18:39:43.132203
2026-07-30,BKK,departure,16:35,NOU Noumea,SB501,Aircalin,9h 55m,True,2026-02-11T18:39:43.212301
2026-07-30,BKK,departure,16:40,USM Koh Samui,PG169,Bangkok Airways,1h 5m,True,2026-02-11T18:39:43.293377
2026-07-30,BKK,departure,16:40,KUL Kuala Lumpur,TG417,Thai Airways,2h 10m,True,2026-02-11T18:39:43.375685
2026-07-30,BKK,departure,16:45,KWE Guiyang,AQ1208,9 Air,2h 5m,True,2026-02-11T18:39:43.454267
2026-07-30,BKK,departure,16:45,TPE Taipei,BR68,EVA Air,3h 45m,True,2026-02-11T18:39:43.543558
2026-07-30,BKK,departure,16:50,PVG Shanghai,FM834,Shanghai Airlines,4h 35m,True,2026-02-11T18:39:43.625623
2026-07-30,BKK,departure,17:00,HKT Phuket,PG277,Bangkok Airways,1h 30m,True,2026-02-11T18:39:43.704657
2026-07-30,BKK,departure,17:00,CEI Chiang Rai,TG136,Thai Airways,1h 20m,True,2026-02-11T18:39:43.796948
2026-07-30,BKK,departure,17:00,KTI Phnom Penh,VZ722,Vietjet Thailand,1h 15m,True,2026-02-11T18:39:43.896380
2026-07-30,BKK,departure,17:05,HKT Phuket,TG217,Thai Airways,1h 30m,True,2026-02-11T18:39:43.998138
2026-07-30,BKK,departure,17:05,RGN Yangon,TG303,Thai Airways,1h 25m,True,2026-02-11T18:39:44.095152
2026-07-30,BKK,departure,17:05,URT Surat Thani,VZ352,Vietjet Thailand,1h 15m,True,2026-02-11T18:39:44.178191
2026-07-30,BKK,departure,17:10,DEL Delhi,6E1054,IndiGo,4h 20m,True,2026-02-11T18:39:44.258295
2026-07-30,BKK,departure,17:10,LYA Luoyang,UQ2642,Urumqi Airlines,4h 10m,True,2026-02-11T18:39:44.336740
2026-07-30,BKK,departure,17:15,KUL Kuala Lumpur,MH783,Malaysia Airlines,2h 15m,True,2026-02-11T18:39:44.422056
2026-07-30,BKK,departure,17:15,TPE Taipei,TG636,Thai Airways,3h 55m,True,2026-02-11T18:39:44.501419
2026-07-30,BKK,departure,17:20,KTI Phnom Penh,PG935,Bangkok Airways,1h 15m,True,2026-02-11T18:39:44.579216
2026-07-30,BKK,departure,17:25,SZX Shenzhen,CZ8324,China Southern,3h 15m,True,2026-02-11T18:39:44.660208
2026-07-30,BKK,departure,17:25,SAI Siem Reap,PG907,Bangkok Airways,1h 20m,True,2026-02-11T18:39:44.736303
2026-07-30,BKK,departure,17:30,TPE Taipei,CI836,China Airlines,3h 35m,True,2026-02-11T18:39:44.830757
2026-07-30,BKK,departure,17:30,HKG Hong Kong,CX708,Cathay Pacific,3h 0m,True,2026-02-11T18:39:44.938310
2026-07-30,BKK,departure,17:30,HGH Hangzhou,GJ8022,Loong Air,4h 5m,True,2026-02-11T18:39:45.019757
2026-07-30,BKK,departure,17:30,USM Koh Samui,PG173,Bangkok Airways,1h 10m,True,2026-02-11T18:39:45.112505
2026-07-30,BKK,departure,17:30,HKT Phuket,VZ2304,Vietjet Thailand,1h 30m,True,2026-02-11T18:39:45.212230
2026-07-30,BKK,departure,17:30,KKC Khon Kaen,VZ214,Vietjet Thailand,1h 5m,True,2026-02-11T18:39:45.314729
2026-07-30,BKK,departure,17:35,KKC Khon Kaen,TG46,Thai Airways,1h 0m,True,2026-02-11T18:39:45.410970
2026-07-30,BKK,departure,17:35,SGN Ho Chi Minh City,TG556,Thai Airways,1h 30m,True,2026-02-11T18:39:45.510689
2026-07-30,BKK,departure,17:40,HKT Phuket,FD4122,Thai AirAsia,1h 30m,True,2026-02-11T18:39:45.599121
2026-07-30,BKK,departure,17:40,XMN Xiamen,MF834,XiamenAir,3h 25m,True,2026-02-11T18:39:45.696789
2026-07-30,BKK,departure,17:45,CGK Jakarta,GA869,Garuda Indonesia,3h 40m,True,2026-02-11T18:39:45.794732
2026-07-30,BKK,departure,17:50,TPE Taipei,JX746,Starlux,3h 50m,True,2026-02-11T18:39:45.886642
2026-07-30,BKK,departure,17:50,CNX Chiang Mai,PG219,Bangkok Airways,1h 20m,True,2026-02-11T18:39:45.983140
2026-07-30,BKK,departure,17:50,HAN Hanoi,TG564,Thai Airways,1h 50m,True,2026-02-11T18:39:46.078138
2026-07-30,BKK,departure,17:55,DEL Delhi,AI2335,Air India,4h 30m,True,2026-02-11T18:39:46.174990
2026-07-30,BKK,departure,17:55,USM Koh Samui,PG177,Bangkok Airways,1h 5m,True,2026-02-11T18:39:46.271073
2026-07-30,BKK,departure,17:55,CNX Chiang Mai,VZ122,Vietjet Thailand,1h 20m,True,2026-02-11T18:39:46.366776
2026-07-30,BKK,departure,18:00,SIN Singapore,TR611,Scoot,2h 25m,True,2026-02-11T18:39:46.470697
2026-07-30,BKK,departure,18:00,CEI Chiang Rai,VZ134,Vietjet Thailand,1h 25m,True,2026-02-11T18:39:46.564246
2026-07-30,BKK,departure,18:05,TFU Chengdu,3U3936,Sichuan Airlines,3h 5m,True,2026-02-11T18:39:46.659359
2026-07-30,BKK,departure,18:05,CAN Guangzhou,CZ8024,China Southern,3h 10m,True,2026-02-11T18:39:46.751403
2026-07-30,BKK,departure,18:05,DAD Da Nang,VN626,Vietnam Airlines,1h 40m,True,2026-02-11T18:39:46.855527
2026-07-30,BKK,departure,18:10,SYD Sydney,QF24,Qantas,9h 15m,True,2026-02-11T18:39:46.951263
2026-07-30,BKK,departure,18:10,TAO Qingdao,QW918,Qingdao Airlines,4h 45m,True,2026-02-11T18:39:47.050347
2026-07-30,BKK,departure,18:10,HKG Hong Kong,TG602,Thai Airways,2h 50m,True,2026-02-11T18:39:47.143745
2026-07-30,BKK,departure,18:20,TFU Chengdu,CA472,Air China,3h 15m,True,2026-02-11T18:39:47.231139
2026-07-30,BKK,departure,18:20,KHH Kaohsiung,CI840,China Airlines,3h 30m,True,2026-02-11T18:39:47.324690
2026-07-30,BKK,departure,18:20,HKT Phuket,FD4114,Thai AirAsia,1h 30m,True,2026-02-11T18:39:47.415806
2026-07-30,BKK,departure,18:25,SHJ Sharjah,G9817,Air Arabia,6h 25m,True,2026-02-11T18:39:47.504543
2026-07-30,BKK,departure,18:25,TAO Qingdao,QW9898,Qingdao Airlines,4h 15m,True,2026-02-11T18:39:47.594348
2026-07-30,BKK,departure,18:25,KBV Krabi,TG249,Thai Airways,1h 20m,True,2026-02-11T18:39:47.691154
2026-07-30,BKK,departure,18:25,VTE Vientiane,TG574,Thai Airways,1h 20m,True,2026-02-11T18:39:47.790202
2026-07-30,BKK,departure,18:30,SIN Singapore,SQ711,Singapore Airlines,2h 25m,True,2026-02-11T18:39:47.894472
2026-07-30,BKK,departure,18:30,HDY Hat Yai,TG267,Thai Airways,1h 30m,True,2026-02-11T18:39:47.981656
2026-07-30,BKK,departure,18:35,UTH Udon Thani,FD4352,Thai AirAsia,1h 15m,True,2026-02-11T18:39:48.070243
2026-07-30,BKK,departure,18:35,KTI Phnom Penh,TG584,Thai Airways,1h 20m,True,2026-02-11T18:39:48.160336
2026-07-30,BKK,departure,18:40,KBV Krabi,FD4408,Thai AirAsia,1h 35m,True,2026-02-11T18:39:48.255758
2026-07-30,BKK,departure,18:40,KUL Kuala Lumpur,MH775,Malaysia Airlines,2h 15m,True,2026-02-11T18:39:48.345300
2026-07-30,BKK,departure,18:45,HAN Hanoi,VJ904,VietJet,1h 40m,True,2026-02-11T18:39:48.436987
2026-07-30,BKK,departure,18:45,KBV Krabi,VZ344,Vietjet Thailand,1h 25m,True,2026-02-11T18:39:48.527030
2026-07-30,BKK,departure,18:50,PVG Shanghai,9C8892,Spring Airlines,4h 40m,True,2026-02-11T18:39:48.618138
2026-07-30,BKK,departure,18:50,DEL Delhi,TG315,Thai Airways,4h 30m,True,2026-02-11T18:39:48.696953
2026-07-30,BKK,departure,18:55,BOM Mumbai,TG317,Thai Airways,4h 30m,True,2026-02-11T18:39:48.779408
2026-07-30,BKK,departure,19:00,HKG Hong Kong,CX704,Cathay Pacific,2h 55m,True,2026-02-11T18:39:48.873840
2026-07-30,BKK,departure,19:00,CAN Guangzhou,CZ364,China Southern,3h 10m,True,2026-02-11T18:39:48.976869
2026-07-30,BKK,departure,19:00,KHI Karachi,TG341,Thai Airways,5h 0m,True,2026-02-11T18:39:49.083403
2026-07-30,BKK,departure,19:00,CNX Chiang Mai,VZ2106,Vietjet Thailand,1h 20m,True,2026-02-11T18:39:49.181852
2026-07-30,BKK,departure,19:05,HAN Hanoi,VN618,Vietnam Airlines,1h 55m,True,2026-02-11T18:39:49.274045
2026-07-30,BKK,departure,19:10,KKC Khon Kaen,FD4503,Thai AirAsia,1h 10m,True,2026-02-11T18:39:49.366508
2026-07-30,BKK,departure,19:10,PVG Shanghai,FM856,Shanghai Airlines,4h 55m,True,2026-02-11T18:39:49.457431
2026-07-30,BKK,departure,19:10,HKT Phuket,TG221,Thai Airways,1h 30m,True,2026-02-11T18:39:49.548607
2026-07-30,BKK,departure,19:10,SIN Singapore,TG401,Thai Airways,2h 20m,True,2026-02-11T18:39:49.634527
2026-07-30,BKK,departure,19:10,MCT Muscat,WY816,Oman Air,5h 50m,True,2026-02-11T18:39:49.732791
2026-07-30,BKK,departure,19:15,CNX Chiang Mai,TG120,Thai Airways,1h 15m,True,2026-02-11T18:39:49.840880
2026-07-30,BKK,departure,19:20,RGN Yangon,8M332,MAI,1h 20m,True,2026-02-11T18:39:49.943278
2026-07-30,BKK,departure,19:20,HAK Haikou,HU722,Hainan Airlines,2h 25m,True,2026-02-11T18:39:50.048317
2026-07-30,BKK,departure,19:20,USM Koh Samui,PG185,Bangkok Airways,1h 30m,True,2026-02-11T18:39:50.148264
2026-07-30,BKK,departure,19:20,PEN Penang,TG425,Thai Airways,1h 50m,True,2026-02-11T18:39:50.248006
2026-07-30,BKK,departure,19:25,USM Koh Samui,PG183,Bangkok Airways,1h 5m,True,2026-02-11T18:39:50.338885
2026-07-30,BKK,departure,19:30,KMG Kunming,KY8370,Kunming Airlines,2h 35m,True,2026-02-11T18:39:50.428383
2026-07-30,BKK,departure,19:30,MNL Manila,PR737,PAL,3h 35m,True,2026-02-11T18:39:50.515820
2026-07-30,BKK,departure,19:30,SGN Ho Chi Minh City,VN606,Vietnam Airlines,1h 45m,True,2026-02-11T18:39:50.604505
2026-07-30,BKK,departure,19:30,SZX Shenzhen,ZH308,Shenzhen Airlines,2h 55m,True,2026-02-11T18:39:50.692627
2026-07-30,BKK,departure,19:35,PEK Beijing,CA960,Air China,4h 50m,True,2026-02-11T18:39:50.785399
2026-07-30,BKK,departure,19:40,MEL Melbourne,TG465,Thai Airways,8h 50m,True,2026-02-11T18:39:50.899395
2026-07-30,BKK,departure,19:40,HKT Phuket,VZ308,Vietjet Thailand,1h 30m,True,2026-02-11T18:39:50.994600
2026-07-30,BKK,departure,19:45,KUL Kuala Lumpur,MH781,Malaysia Airlines,2h 10m,True,2026-02-11T18:39:51.085233
2026-07-30,BKK,departure,19:45,HKT Phuket,PG279,Bangkok Airways,1h 30m,True,2026-02-11T18:39:51.179353
2026-07-30,BKK,departure,19:45,UTH Udon Thani,TG8,Thai Airways,1h 10m,True,2026-02-11T18:39:51.274578
2026-07-30,BKK,departure,19:45,HKG Hong Kong,UO703,HK Express,2h 55m,True,2026-02-11T18:39:51.369215
2026-07-30,BKK,departure,19:45,HDY Hat Yai,VZ328,Vietjet Thailand,1h 30m,True,2026-02-11T18:39:51.467014
2026-07-30,BKK,departure,19:50,LHE Lahore,TG345,Thai Airways,4h 40m,True,2026-02-11T18:39:51.562546
2026-07-30,BKK,departure,19:55,CKG Chongqing,3U3772,Sichuan Airlines,3h 15m,True,2026-02-11T18:39:51.659356
2026-07-30,BKK,departure,19:55,SGN Ho Chi Minh City,VJ806,VietJet,1h 30m,True,2026-02-11T18:39:51.751532
2026-07-30,BKK,departure,20:00,DOH Doha,QR835,Qatar Airways,6h 35m,True,2026-02-11T18:39:51.859329
2026-07-30,BKK,departure,20:00,AMD Ahmedabad,VZ750,Vietjet Thailand,4h 25m,True,2026-02-11T18:39:51.964274
2026-07-30,BKK,departure,20:00,TPE Taipei,VZ570,Vietjet Thailand,3h 50m,True,2026-02-11T18:39:52.061271
2026-07-30,BKK,departure,20:05,USM Koh Samui,PG193,Bangkok Airways,1h 30m,True,2026-02-11T18:39:52.156818
2026-07-30,BKK,departure,20:10,SAI Siem Reap,EK370,Emirates,1h 20m,True,2026-02-11T18:39:52.248129
2026-07-30,BKK,departure,20:15,BOM Mumbai,6E1060,IndiGo,4h 25m,True,2026-02-11T18:39:52.341453
2026-07-30,BKK,departure,20:15,CNX Chiang Mai,FD4116,Thai AirAsia,1h 20m,True,2026-02-11T18:39:52.450866
2026-07-30,BKK,departure,20:15,HKT Phuket,FD4419,Thai AirAsia,1h 30m,True,2026-02-11T18:39:52.552150
2026-07-30,BKK,departure,20:15,BAH Bahrain,GF153,Gulf Air,6h 40m,True,2026-02-11T18:39:52.651028
2026-07-30,BKK,departure,20:15,IKT Irkutsk,S76310,S7 Airlines,6h 25m,True,2026-02-11T18:39:52.746912
2026-07-30,BKK,departure,20:15,SIN Singapore,SQ713,Singapore Airlines,2h 25m,True,2026-02-11T18:39:52.851109
2026-07-30,BKK,departure,20:20,BOM Mumbai,AI2338,Air India,4h 50m,True,2026-02-11T18:39:52.953266
2026-07-30,BKK,departure,20:20,CAN Guangzhou,CZ8020,China Southern,3h 0m,True,2026-02-11T18:39:53.056637
2026-07-30,BKK,departure,20:35,KMG Kunming,KY8368,Kunming Airlines,2h 5m,True,2026-02-11T18:39:53.151273
2026-07-30,BKK,departure,20:35,SIN Singapore,TR617,Scoot,2h 30m,True,2026-02-11T18:39:53.242543
2026-07-30,BKK,departure,20:40,CNX Chiang Mai,VZ118,Vietjet Thailand,1h 20m,True,2026-02-11T18:39:53.330394
2026-07-30,BKK,departure,20:45,RGN Yangon,8M351,MAI,1h 20m,True,2026-02-11T18:39:53.422369
2026-07-30,BKK,departure,20:50,KMG Kunming,MU9614,China Eastern,2h 30m,True,2026-02-11T18:39:53.520305
2026-07-30,BKK,departure,20:50,VTE Vientiane,QV446,Lao Airlines,1h 0m,True,2026-02-11T18:39:53.613901
2026-07-30,BKK,departure,21:00,AUH Abu Dhabi,EY407,Etihad,6h 30m,True,2026-02-11T18:39:53.696974
2026-07-30,BKK,departure,21:00,AMD Ahmedabad,TG343,Thai Airways,4h 40m,True,2026-02-11T18:39:53.786667
2026-07-30,BKK,departure,21:00,HKT Phuket,VZ312,Vietjet Thailand,1h 30m,True,2026-02-11T18:39:53.890690
2026-07-30,BKK,departure,21:05,DOH Doha,QR829,Qatar Airways,6h 35m,True,2026-02-11T18:39:53.984618
2026-07-30,BKK,departure,21:05,SGN Ho Chi Minh City,VN608,Vietnam Airlines,1h 55m,True,2026-02-11T18:39:54.079350
2026-07-30,BKK,departure,21:05,BOM Mumbai,VZ760,Vietjet Thailand,4h 15m,True,2026-02-11T18:39:54.175639
2026-07-30,BKK,departure,21:15,SIN Singapore,SQ719,Singapore Airlines,2h 20m,True,2026-02-11T18:39:54.271706
2026-07-30,BKK,departure,21:15,KTM Kathmandu,TG309,Thai Airways,3h 25m,True,2026-02-11T18:39:54.366072
2026-07-30,BKK,departure,21:30,HKT Phuket,PG287,Bangkok Airways,1h 30m,True,2026-02-11T18:39:54.463042
2026-07-30,BKK,departure,21:35,DXB Dubai,EK373,Emirates,6h 15m,True,2026-02-11T18:39:54.556899
2026-07-30,BKK,departure,21:35,HND Tokyo,NH850,ANA,6h 25m,True,2026-02-11T18:39:54.650180
2026-07-30,BKK,departure,21:40,TFU Chengdu,EU2868,Chengdu Airlines,3h 0m,True,2026-02-11T18:39:54.749505
2026-07-30,BKK,departure,21:40,BNE Brisbane,JQ66,Jetstar,8h 50m,True,2026-02-11T18:39:54.847155
2026-07-30,BKK,departure,21:40,MEL Melbourne,JQ30,Jetstar,8h 45m,True,2026-02-11T18:39:54.943750
2026-07-30,BKK,departure,21:40,ICN Seoul,KE658,Korean Air,5h 25m,True,2026-02-11T18:39:55.035810
2026-07-30,BKK,departure,21:40,CMB Colombo,TG307,Thai Airways,3h 45m,True,2026-02-11T18:39:55.130315
2026-07-30,BKK,departure,21:40,RGN Yangon,UB18,Myanmar National Airlines,1h 25m,True,2026-02-11T18:39:55.225163
2026-07-30,BKK,departure,21:50,BLR Bengaluru,TG325,Thai Airways,3h 35m,True,2026-02-11T18:39:55.320912
2026-07-30,BKK,departure,21:50,HYD Hyderabad,TG329,Thai Airways,3h 30m,True,2026-02-11T18:39:55.423425
2026-07-30,BKK,departure,21:55,CAN Guangzhou,9C7420,Spring Airlines,3h 5m,True,2026-02-11T18:39:55.522160
2026-07-30,BKK,departure,21:55,PVG Shanghai,FM840,Shanghai Airlines,4h 50m,True,2026-02-11T18:39:55.604859
2026-07-30,BKK,departure,21:55,MAA Chennai,TG337,Thai Airways,3h 20m,True,2026-02-11T18:39:55.699538
2026-07-30,BKK,departure,21:55,CNX Chiang Mai,VZ2104,Vietjet Thailand,1h 20m,True,2026-02-11T18:39:55.782903
2026-07-30,BKK,departure,22:00,HKG Hong Kong,HX766,Hong Kong Airlines,3h 15m,True,2026-02-11T18:39:55.861402
2026-07-30,BKK,departure,22:05,HND Tokyo,JL34,JAL,6h 15m,True,2026-02-11T18:39:55.940527
2026-07-30,BKK,departure,22:10,NRT Tokyo,TG640,Thai Airways,6h 10m,True,2026-02-11T18:39:56.021705
2026-07-30,BKK,departure,22:15,HAN Hanoi,VN616,Vietnam Airlines,1h 55m,True,2026-02-11T18:39:56.098187
2026-07-30,BKK,departure,22:15,HKT Phuket,VZ316,Vietjet Thailand,1h 30m,True,2026-02-11T18:39:56.179769
2026-07-30,BKK,departure,22:20,ICN Seoul,BX728,Air Busan,5h 45m,True,2026-02-11T18:39:56.258369
2026-07-30,BKK,departure,22:20,SYD Sydney,TG471,Thai Airways,9h 0m,True,2026-02-11T18:39:56.333530
2026-07-30,BKK,departure,22:25,DEL Delhi,AI2303,Air India,4h 45m,True,2026-02-11T18:39:56.410251
2026-07-30,BKK,departure,22:25,ICN Seoul,LJ2,Jin Air,5h 40m,True,2026-02-11T18:39:56.486975
2026-07-30,BKK,departure,22:35,FRA Frankfurt,DE2363,Condor,12h 25m,True,2026-02-11T18:39:56.563856
2026-07-30,BKK,departure,22:45,MFM Macau,NX991,Air Macau,2h 45m,True,2026-02-11T18:39:56.644595
2026-07-30,BKK,departure,22:45,HND Tokyo,TG682,Thai Airways,6h 10m,True,2026-02-11T18:39:56.729120
2026-07-30,BKK,departure,22:45,IST Istanbul,TK69,Turkish Airlines,10h 0m,True,2026-02-11T18:39:56.811178
2026-07-30,BKK,departure,22:45,ICN Seoul,YP602,Air Premia,5h 30m,True,2026-02-11T18:39:56.893704
2026-07-30,BKK,departure,22:50,CRK Angeles,5J944,Cebu Pacific,3h 25m,True,2026-02-11T18:39:56.973660
2026-07-30,BKK,departure,22:55,PUS Busan,BX726,Air Busan,5h 25m,True,2026-02-11T18:39:57.056419
2026-07-30,BKK,departure,22:55,MUC Munich,LH773,Lufthansa,11h 20m,True,2026-02-11T18:39:57.139435
2026-07-30,BKK,departure,22:55,SIN Singapore,TR615,Scoot,2h 30m,True,2026-02-11T18:39:57.216716
2026-07-30,BKK,departure,23:10,ICN Seoul,TG658,Thai Airways,5h 25m,True,2026-02-11T18:39:57.296780
2026-07-30,BKK,departure,23:10,NRT Tokyo,ZG52,Zipair,6h 20m,True,2026-02-11T18:39:57.373660
2026-07-30,BKK,departure,23:15,DEL Delhi,TG331,Thai Airways,4h 30m,True,2026-02-11T18:39:57.450697
2026-07-30,BKK,departure,23:15,IST Istanbul,TK53,Turkish Airlines,10h 15m,True,2026-02-11T18:39:57.528056
2026-07-30,BKK,departure,23:25,RGN Yangon,8M373,MAI,1h 20m,True,2026-02-11T18:39:57.604713
2026-07-30,BKK,departure,23:30,ICN Seoul,KE652,Korean Air,5h 25m,True,2026-02-11T18:39:57.681062
2026-07-30,BKK,departure,23:30,ICN Seoul,TG656,Thai Airways,5h 25m,True,2026-02-11T18:39:57.764630
2026-07-30,BKK,departure,23:35,NRT Tokyo,VZ830,Vietjet Thailand,6h 20m,True,2026-02-11T18:39:57.857001
2026-07-30,BKK,departure,23:40,PUS Busan,LJ22,Jin Air,5h 20m,True,2026-02-11T18:39:57.936983
2026-07-30,BKK,departure,23:40,VIE Vienna,OS8,Austrian,10h 55m,True,2026-02-11T18:39:58.032592
2026-07-30,BKK,departure,23:40,MNL Manila,PR733,PAL,3h 25m,True,2026-02-11T18:39:58.125538
2026-07-30,BKK,departure,23:45,CCU Kolkata,TG313,Thai Airways,2h 30m,True,2026-02-11T18:39:58.226693
2026-07-30,BKK,departure,23:45,CTS Sapporo,TG670,Thai Airways,6h 45m,True,2026-02-11T18:39:58.336109
2026-07-30,BKK,departure,23:45,FRA Frankfurt,TG920,Thai Airways,11h 30m,True,2026-02-11T18:39:58.424895
2026-07-30,BKK,departure,23:50,DAC Dhaka,TG339,Thai Airways,2h 35m,True,2026-02-11T18:39:58.505812
2026-07-30,BKK,departure,23:50,IST Istanbul,TG900,Thai Airways,9h 45m,True,2026-02-11T18:39:58.591719
2026-07-30,BKK,departure,23:50,NRT Tokyo,TG642,Thai Airways,6h 20m,True,2026-02-11T18:39:58.677101
2026-07-30,BKK,departure,23:55,TLV Tel Aviv-Yafo,LY82,El Al,10h 50m,True,2026-02-11T18:39:58.762734
2026-07-30,BKK,departure,23:59,KIX Osaka,TG622,Thai Airways,5h 31m,True,2026-02-11T18:39:58.839339
2026-07-30,BKK,arrival,00:00,PVG Shanghai,9C8755,Spring Airlines,5h 5m,True,2026-02-11T18:40:55.722477
2026-07-30,BKK,arrival,00:05,JED Jeddah,SV848,Saudia,8h 15m,True,2026-02-11T18:40:55.858043
2026-07-30,BKK,arrival,00:10,ICN Seoul,7C2503,Jeju Air,6h 5m,True,2026-02-11T18:40:55.988775
2026-07-30,BKK,arrival,00:10,PEK Beijing,CA979,Air China,5h 5m,True,2026-02-11T18:40:56.148367
2026-07-30,BKK,arrival,00:15,TFU Chengdu,3U3937,Sichuan Airlines,3h 20m,True,2026-02-11T18:40:56.274655
2026-07-30,BKK,arrival,00:25,HKG Hong Kong,HX779,Hong Kong Airlines,3h 20m,True,2026-02-11T18:40:56.391682
2026-07-30,BKK,arrival,00:30,PVG Shanghai,HO1351,Juneyao Airlines,4h 35m,True,2026-02-11T18:40:56.508975
2026-07-30,BKK,arrival,00:40,PVG Shanghai,MU547,China Eastern,4h 40m,True,2026-02-11T18:40:56.632632
2026-07-30,BKK,arrival,00:50,HAN Hanoi,ET609,Ethiopian,1h 30m,True,2026-02-11T18:40:56.747890
2026-07-30,BKK,arrival,00:50,HKG Hong Kong,HX759,Hong Kong Airlines,3h 0m,True,2026-02-11T18:40:56.870552
2026-07-30,BKK,arrival,00:50,XMN Xiamen,MF843,XiamenAir,3h 30m,True,2026-02-11T18:40:57.009160
2026-07-30,BKK,arrival,01:05,ICN Seoul,KE655,Korean Air,5h 50m,True,2026-02-11T18:40:57.128025
2026-07-30,BKK,arrival,01:05,TAE Daegu,TW105,T´Way Air,5h 40m,True,2026-02-11T18:40:57.245975
2026-07-30,BKK,arrival,01:10,DAD Da Nang,EK371,Emirates,1h 40m,True,2026-02-11T18:40:57.363839
2026-07-30,BKK,arrival,01:10,NKG Nanjing,MU2803,China Eastern,4h 0m,True,2026-02-11T18:40:57.484372
2026-07-30,BKK,arrival,01:15,CAN Guangzhou,MU2077,China Eastern,3h 10m,True,2026-02-11T18:40:57.611110
2026-07-30,BKK,arrival,01:20,XIY Xian,9C6251,Spring Airlines,4h 10m,True,2026-02-11T18:40:57.737016
2026-07-30,BKK,arrival,01:25,RGN Yangon,8M390,MAI,1h 20m,True,2026-02-11T18:40:57.884323
2026-07-30,BKK,arrival,01:25,TPE Taipei,CI837,China Airlines,3h 45m,True,2026-02-11T18:40:58.030627
2026-07-30,BKK,arrival,01:25,TNA Jinan,SC8075,Shandong Airlines,4h 50m,True,2026-02-11T18:40:58.163679
2026-07-30,BKK,arrival,01:30,CAN Guangzhou,CZ3035,China Southern,2h 55m,True,2026-02-11T18:40:58.292531
2026-07-30,BKK,arrival,01:40,HKG Hong Kong,HX767,Hong Kong Airlines,3h 0m,True,2026-02-11T18:40:58.421247
2026-07-30,BKK,arrival,01:50,MNL Manila,5J931,Cebu Pacific,3h 40m,True,2026-02-11T18:40:58.548524
2026-07-30,BKK,arrival,01:55,PVG Shanghai,FM841,Shanghai Airlines,4h 40m,True,2026-02-11T18:40:58.677362
2026-07-30,BKK,arrival,02:15,SZX Shenzhen,ZH305,Shenzhen Airlines,3h 0m,True,2026-02-11T18:40:58.813029
2026-07-30,BKK,arrival,03:00,DEL Delhi,SG87,SpiceJet,4h 10m,True,2026-02-11T18:40:58.954249
2026-07-30,BKK,arrival,03:05,XIY Xian,GJ8907,Loong Air,4h 10m,True,2026-02-11T18:40:59.084286
2026-07-30,BKK,arrival,03:20,WUH Wuhan,MU2563,China Eastern,4h 25m,True,2026-02-11T18:40:59.214587
2026-07-30,BKK,arrival,04:05,PVG Shanghai,FM847,Shanghai Airlines,4h 50m,True,2026-02-11T18:40:59.344274
2026-07-30,BKK,arrival,04:35,HND Tokyo,NH849,ANA,6h 30m,True,2026-02-11T18:40:59.493730
2026-07-30,BKK,arrival,04:40,KIX Osaka,JL727,JAL,5h 45m,True,2026-02-11T18:40:59.635187
2026-07-30,BKK,arrival,04:45,PNQ Pune,6E1095,IndiGo,4h 15m,True,2026-02-11T18:40:59.774646
2026-07-30,BKK,arrival,04:50,HND Tokyo,TG661,Thai Airways,6h 30m,True,2026-02-11T18:40:59.914096
2026-07-30,BKK,arrival,05:05,CCU Kolkata,VZ771,Vietjet Thailand,2h 35m,True,2026-02-11T18:41:00.082953
2026-07-30,BKK,arrival,05:10,KTM Kathmandu,TG310,Thai Airways,3h 30m,True,2026-02-11T18:41:00.228139
2026-07-30,BKK,arrival,05:10,IST Istanbul,TK58,Turkish Airlines,9h 20m,True,2026-02-11T18:41:00.371381
2026-07-30,BKK,arrival,05:15,ZRH Zurich,TG971,Thai Airways,10h 45m,True,2026-02-11T18:41:00.509222
2026-07-30,BKK,arrival,05:25,DEL Delhi,TG316,Thai Airways,4h 25m,True,2026-02-11T18:41:00.648414
2026-07-30,BKK,arrival,05:30,HEL Helsinki,AY141,Finnair,11h 25m,True,2026-02-11T18:41:00.780096
2026-07-30,BKK,arrival,05:35,BOM Mumbai,TG318,Thai Airways,4h 30m,True,2026-02-11T18:41:00.913800
2026-07-30,BKK,arrival,05:35,BRU Brussels,TG935,Thai Airways,11h 5m,True,2026-02-11T18:41:01.041928
2026-07-30,BKK,arrival,05:40,IST Istanbul,TG901,Thai Airways,9h 10m,True,2026-02-11T18:41:01.167361
2026-07-30,BKK,arrival,05:50,HND Tokyo,JL33,JAL,6h 30m,True,2026-02-11T18:41:01.294021
2026-07-30,BKK,arrival,05:50,ARN Stockholm,TG961,Thai Airways,11h 0m,True,2026-02-11T18:41:01.421384
2026-07-30,BKK,arrival,05:55,CDG Paris,TG931,Thai Airways,11h 15m,True,2026-02-11T18:41:01.555640
2026-07-30,BKK,arrival,05:55,MXP Milan,TG941,Thai Airways,10h 50m,True,2026-02-11T18:41:01.726259
2026-07-30,BKK,arrival,06:00,HND Tokyo,NH877,ANA,6h 30m,True,2026-02-11T18:41:01.881359
2026-07-30,BKK,arrival,06:00,CPH Copenhagen,TG951,Thai Airways,10h 35m,True,2026-02-11T18:41:02.039056
2026-07-30,BKK,arrival,06:00,LHR London,TG911,Thai Airways,11h 30m,True,2026-02-11T18:41:02.199478
2026-07-30,BKK,arrival,06:00,MEL Melbourne,TG462,Thai Airways,9h 30m,True,2026-02-11T18:41:02.379607
2026-07-30,BKK,arrival,06:05,MUC Munich,TG925,Thai Airways,10h 40m,True,2026-02-11T18:41:02.561384
2026-07-30,BKK,arrival,06:10,CCU Kolkata,TG314,Thai Airways,2h 40m,True,2026-02-11T18:41:02.724079
2026-07-30,BKK,arrival,06:10,CMB Colombo,TG308,Thai Airways,3h 45m,True,2026-02-11T18:41:02.874129
2026-07-30,BKK,arrival,06:10,MAA Chennai,TG338,Thai Airways,3h 30m,True,2026-02-11T18:41:03.014788
2026-07-30,BKK,arrival,06:15,AUH Abu Dhabi,EY408,Etihad,6h 35m,True,2026-02-11T18:41:03.162165
2026-07-30,BKK,arrival,06:15,DAC Dhaka,TG340,Thai Airways,2h 30m,True,2026-02-11T18:41:03.294837
2026-07-30,BKK,arrival,06:15,HYD Hyderabad,TG330,Thai Airways,3h 35m,True,2026-02-11T18:41:03.444616
2026-07-30,BKK,arrival,06:15,OSL Oslo,TG955,Thai Airways,11h 30m,True,2026-02-11T18:41:03.571119
2026-07-30,BKK,arrival,06:15,CMB Colombo,UL402,SriLankan Airlines,3h 40m,True,2026-02-11T18:41:03.706639
2026-07-30,BKK,arrival,06:20,DOH Doha,QR838,Qatar Airways,6h 55m,True,2026-02-11T18:41:03.843425
2026-07-30,BKK,arrival,06:20,BLR Bengaluru,TG326,Thai Airways,3h 55m,True,2026-02-11T18:41:03.981692
2026-07-30,BKK,arrival,06:25,FRA Frankfurt,TG921,Thai Airways,10h 40m,True,2026-02-11T18:41:04.111469
2026-07-30,BKK,arrival,06:25,ISB Islamabad,TG350,Thai Airways,5h 5m,True,2026-02-11T18:41:04.242869
2026-07-30,BKK,arrival,06:40,BOM Mumbai,VZ761,Vietjet Thailand,4h 25m,True,2026-02-11T18:41:04.371037
2026-07-30,BKK,arrival,06:45,AUH Abu Dhabi,EY402,Etihad,6h 35m,True,2026-02-11T18:41:04.502854
2026-07-30,BKK,arrival,06:55,RUN Saint Denis de la Reunion,UU887,Air Austral,7h 55m,True,2026-02-11T18:41:04.648341
2026-07-30,BKK,arrival,06:55,MCT Muscat,WY817,Oman Air,6h 5m,True,2026-02-11T18:41:04.785827
2026-07-30,BKK,arrival,07:00,AMD Ahmedabad,TG344,Thai Airways,4h 25m,True,2026-02-11T18:41:04.924387
2026-07-30,BKK,arrival,07:15,USM Koh Samui,PG100,Bangkok Airways,1h 15m,True,2026-02-11T18:41:05.058943
2026-07-30,BKK,arrival,07:15,DOH Doha,QR830,Qatar Airways,6h 55m,True,2026-02-11T18:41:05.179855
2026-07-30,BKK,arrival,07:40,DEL Delhi,AI2336,Air India,4h 30m,True,2026-02-11T18:41:05.299678
2026-07-30,BKK,arrival,07:50,SHJ Sharjah,G9821,Air Arabia,6h 35m,True,2026-02-11T18:41:05.421215
2026-07-30,BKK,arrival,07:55,BLR Bengaluru,6E1055,IndiGo,4h 5m,True,2026-02-11T18:41:05.550927
2026-07-30,BKK,arrival,07:55,CNX Chiang Mai,FD4105,Thai AirAsia,1h 20m,True,2026-02-11T18:41:05.681715
2026-07-30,BKK,arrival,07:55,CNX Chiang Mai,VZ2105,Vietjet Thailand,1h 20m,True,2026-02-11T18:41:05.802541
2026-07-30,BKK,arrival,08:00,DXB Dubai,EK374,Emirates,6h 30m,True,2026-02-11T18:41:05.920675
2026-07-30,BKK,arrival,08:05,SIN Singapore,SQ706,Singapore Airlines,2h 25m,True,2026-02-11T18:41:06.056955
2026-07-30,BKK,arrival,08:05,SIN Singapore,TR608,Scoot,2h 35m,True,2026-02-11T18:41:06.177949
2026-07-30,BKK,arrival,08:20,CAN Guangzhou,9C8893,Spring Airlines,3h 5m,True,2026-02-11T18:41:06.313008
2026-07-30,BKK,arrival,08:30,MCT Muscat,OV463,Salam Air,6h 0m,True,2026-02-11T18:41:06.440387
2026-07-30,BKK,arrival,08:35,RGN Yangon,UB19,Myanmar National Airlines,1h 25m,True,2026-02-11T18:41:06.575855
2026-07-30,BKK,arrival,08:40,VTE Vientiane,QV441,Lao Airlines,1h 15m,True,2026-02-11T18:41:06.708664
2026-07-30,BKK,arrival,08:40,BOM Mumbai,TG352,Thai Airways,4h 30m,True,2026-02-11T18:41:06.836182
2026-07-30,BKK,arrival,08:55,ALA Almaty,KC931,Air Astana,6h 40m,True,2026-02-11T18:41:06.982573
2026-07-30,BKK,arrival,08:55,PEN Penang,TG426,Thai Airways,1h 50m,True,2026-02-11T18:41:07.113625
2026-07-30,BKK,arrival,09:00,HKT Phuket,VZ317,Vietjet Thailand,1h 30m,True,2026-02-11T18:41:07.251840
2026-07-30,BKK,arrival,09:05,MAA Chennai,6E1061,IndiGo,3h 35m,True,2026-02-11T18:41:07.386217
2026-07-30,BKK,arrival,09:05,USM Koh Samui,PG102,Bangkok Airways,1h 15m,True,2026-02-11T18:41:07.528139
2026-07-30,BKK,arrival,09:10,CDG Paris,AF198,Air France,11h 25m,True,2026-02-11T18:41:07.661954
2026-07-30,BKK,arrival,09:10,HKT Phuket,PG270,Bangkok Airways,1h 35m,True,2026-02-11T18:41:07.796101
2026-07-30,BKK,arrival,09:15,RGN Yangon,8M335,MAI,1h 20m,True,2026-02-11T18:41:07.921713
2026-07-30,BKK,arrival,09:15,DEL Delhi,TG332,Thai Airways,4h 25m,True,2026-02-11T18:41:08.042299
2026-07-30,BKK,arrival,09:15,NST Nakhon Si Thammarat,VZ331,Vietjet Thailand,1h 15m,True,2026-02-11T18:41:08.161370
2026-07-30,BKK,arrival,09:20,SIN Singapore,TG402,Thai Airways,2h 20m,True,2026-02-11T18:41:08.300753
2026-07-30,BKK,arrival,09:25,VIE Vienna,BR62,EVA Air,10h 40m,True,2026-02-11T18:41:08.435301
2026-07-30,BKK,arrival,09:25,USM Koh Samui,PG104,Bangkok Airways,1h 15m,True,2026-02-11T18:41:08.568054
2026-07-30,BKK,arrival,09:25,HKG Hong Kong,UO704,HK Express,3h 0m,True,2026-02-11T18:41:08.698460
2026-07-30,BKK,arrival,09:25,CNX Chiang Mai,VZ101,Vietjet Thailand,1h 20m,True,2026-02-11T18:41:08.821059
2026-07-30,BKK,arrival,09:30,KTI Phnom Penh,K6722,Air Cambodia,1h 15m,True,2026-02-11T18:41:08.940752
2026-07-30,BKK,arrival,09:30,AMS Amsterdam,KL843,KLM,11h 15m,True,2026-02-11T18:41:09.065883
2026-07-30,BKK,arrival,09:30,HKG Hong Kong,TG603,Thai Airways,2h 40m,True,2026-02-11T18:41:09.188051
2026-07-30,BKK,arrival,09:35,MFM Macau,NX996,Air Macau,2h 55m,True,2026-02-11T18:41:09.311780
2026-07-30,BKK,arrival,09:35,KKC Khon Kaen,TG41,Thai Airways,1h 5m,True,2026-02-11T18:41:09.439342
2026-07-30,BKK,arrival,09:35,HKG Hong Kong,UA820,United,2h 55m,True,2026-02-11T18:41:09.564946
2026-07-30,BKK,arrival,09:45,TPE Taipei,CI833,China Airlines,3h 45m,True,2026-02-11T18:41:09.692386
2026-07-30,BKK,arrival,09:45,BAH Bahrain,GF152,Gulf Air,7h 0m,True,2026-02-11T18:41:09.815556
2026-07-30,BKK,arrival,09:45,USM Koh Samui,PG110,Bangkok Airways,1h 15m,True,2026-02-11T18:41:09.945444
2026-07-30,BKK,arrival,09:45,KKC Khon Kaen,VZ211,Vietjet Thailand,1h 5m,True,2026-02-11T18:41:10.071464
2026-07-30,BKK,arrival,09:50,NNG Nanning,GX8909,GX Airlines,2h 20m,True,2026-02-11T18:41:10.197101
2026-07-30,BKK,arrival,09:50,ZRH Zurich,LX180,SWISS,10h 55m,True,2026-02-11T18:41:10.334106
2026-07-30,BKK,arrival,09:50,UTH Udon Thani,TG3,Thai Airways,1h 10m,True,2026-02-11T18:41:10.455012
2026-07-30,BKK,arrival,09:55,SIN Singapore,TR624,Scoot,2h 35m,True,2026-02-11T18:41:10.577420
2026-07-30,BKK,arrival,09:55,CEI Chiang Rai,VZ131,Vietjet Thailand,1h 25m,True,2026-02-11T18:41:10.718442
2026-07-30,BKK,arrival,10:00,HKG Hong Kong,CX705,Cathay Pacific,3h 0m,True,2026-02-11T18:41:10.847839
2026-07-30,BKK,arrival,10:00,CEI Chiang Rai,FD4151,Thai AirAsia,1h 25m,True,2026-02-11T18:41:10.975931
2026-07-30,BKK,arrival,10:00,HAK Haikou,HU7939,Hainan Airlines,2h 25m,True,2026-02-11T18:41:11.108050
2026-07-30,BKK,arrival,10:00,USM Koh Samui,PG106,Bangkok Airways,1h 15m,True,2026-02-11T18:41:11.245345
2026-07-30,BKK,arrival,10:00,UBP Ubon Ratchathani,TG21,Thai Airways,1h 15m,True,2026-02-11T18:41:11.384319
2026-07-30,BKK,arrival,10:05,MNL Manila,5J929,Cebu Pacific,3h 40m,True,2026-02-11T18:41:11.516369
2026-07-30,BKK,arrival,10:05,SGN Ho Chi Minh City,VJ801,VietJet,1h 30m,True,2026-02-11T18:41:11.652553
2026-07-30,BKK,arrival,10:10,UTH Udon Thani,FD4351,Thai AirAsia,1h 10m,True,2026-02-11T18:41:11.785515
2026-07-30,BKK,arrival,10:10,THS Sukhothai,PG212,Bangkok Airways,1h 15m,True,2026-02-11T18:41:11.919296
2026-07-30,BKK,arrival,10:15,KUL Kuala Lumpur,MH784,Malaysia Airlines,2h 15m,True,2026-02-11T18:41:12.055372
2026-07-30,BKK,arrival,10:20,XIY Xian,9C6299,Spring Airlines,4h 10m,True,2026-02-11T18:41:12.194883
2026-07-30,BKK,arrival,10:20,CAN Guangzhou,CZ357,China Southern,3h 5m,True,2026-02-11T18:41:12.330968
2026-07-30,BKK,arrival,10:20,SHJ Sharjah,G9823,Air Arabia,6h 35m,True,2026-02-11T18:41:12.474333
2026-07-30,BKK,arrival,10:20,KWI Kuwait,KU411,Kuwait Airways,7h 10m,True,2026-02-11T18:41:12.604144
2026-07-30,BKK,arrival,10:20,SGN Ho Chi Minh City,VN601,Vietnam Airlines,1h 35m,True,2026-02-11T18:41:12.739444
2026-07-30,BKK,arrival,10:25,KBV Krabi,VZ341,Vietjet Thailand,1h 25m,True,2026-02-11T18:41:12.876711
2026-07-30,BKK,arrival,10:30,MDL Mandalay,8M337,MAI,1h 50m,True,2026-02-11T18:41:13.011939
2026-07-30,BKK,arrival,10:30,KTI Phnom Penh,KR701,Cambodia Airways,1h 15m,True,2026-02-11T18:41:13.145863
2026-07-30,BKK,arrival,10:30,USM Koh Samui,PG108,Bangkok Airways,1h 30m,True,2026-02-11T18:41:13.265912
2026-07-30,BKK,arrival,10:30,USM Koh Samui,PG122,Bangkok Airways,1h 15m,True,2026-02-11T18:41:13.388403
2026-07-30,BKK,arrival,10:30,HKT Phuket,VZ315,Vietjet Thailand,1h 30m,True,2026-02-11T18:41:13.513357
2026-07-30,BKK,arrival,10:35,CKG Chongqing,HU423,Hainan Airlines,3h 20m,True,2026-02-11T18:41:13.636604
2026-07-30,BKK,arrival,10:35,HDY Hat Yai,TG260,Thai Airways,1h 30m,True,2026-02-11T18:41:13.763575
2026-07-30,BKK,arrival,10:40,CNX Chiang Mai,FD4101,Thai AirAsia,1h 20m,True,2026-02-11T18:41:14.417817
2026-07-30,BKK,arrival,10:40,TPE Taipei,TG637,Thai Airways,3h 45m,True,2026-02-11T18:41:15.868689
2026-07-30,BKK,arrival,10:40,HDY Hat Yai,VZ321,Vietjet Thailand,1h 30m,True,2026-02-11T18:41:16.013908
2026-07-30,BKK,arrival,10:45,PVG Shanghai,9C8891,Spring Airlines,4h 50m,True,2026-02-11T18:41:16.149429
2026-07-30,BKK,arrival,10:45,TDX Trat,PG302,Bangkok Airways,1h 0m,True,2026-02-11T18:41:16.288375
2026-07-30,BKK,arrival,10:50,TPE Taipei,BR75,EVA Air,4h 0m,True,2026-02-11T18:41:16.413477
2026-07-30,BKK,arrival,10:50,HDY Hat Yai,FD4203,Thai AirAsia,1h 30m,True,2026-02-11T18:41:16.536216
2026-07-30,BKK,arrival,10:50,URT Surat Thani,FD4213,Thai AirAsia,1h 25m,True,2026-02-11T18:41:16.661529
2026-07-30,BKK,arrival,10:50,CNX Chiang Mai,TG103,Thai Airways,1h 25m,True,2026-02-11T18:41:16.786881
2026-07-30,BKK,arrival,10:50,HAN Hanoi,VN611,Vietnam Airlines,2h 0m,True,2026-02-11T18:41:16.918148
2026-07-30,BKK,arrival,10:55,HYD Hyderabad,6E1067,IndiGo,3h 45m,True,2026-02-11T18:41:17.042913
2026-07-30,BKK,arrival,10:55,KBV Krabi,TG242,Thai Airways,1h 25m,True,2026-02-11T18:41:17.174885
2026-07-30,BKK,arrival,10:55,CNX Chiang Mai,VZ115,Vietjet Thailand,1h 20m,True,2026-02-11T18:41:17.313059
2026-07-30,BKK,arrival,11:00,CAN Guangzhou,9C7419,Spring Airlines,3h 0m,True,2026-02-11T18:41:17.447691
2026-07-30,BKK,arrival,11:00,KBV Krabi,PG262,Bangkok Airways,1h 35m,True,2026-02-11T18:41:17.586931
2026-07-30,BKK,arrival,11:00,SAI Siem Reap,PG924,Bangkok Airways,1h 20m,True,2026-02-11T18:41:17.722446
2026-07-30,BKK,arrival,11:00,SIN Singapore,SQ708,Singapore Airlines,2h 30m,True,2026-02-11T18:41:17.854489
2026-07-30,BKK,arrival,11:00,KTI Phnom Penh,TG587,Thai Airways,1h 20m,True,2026-02-11T18:41:17.989374
2026-07-30,BKK,arrival,11:05,HKG Hong Kong,CX717,Cathay Pacific,3h 5m,True,2026-02-11T18:41:18.133008
2026-07-30,BKK,arrival,11:05,PVG Shanghai,TG663,Thai Airways,4h 35m,True,2026-02-11T18:41:18.259209
2026-07-30,BKK,arrival,11:10,TPE Taipei,BR211,EVA Air,3h 50m,True,2026-02-11T18:41:18.392390
2026-07-30,BKK,arrival,11:10,SWA Jieyang,CZ8355,China Southern,3h 10m,True,2026-02-11T18:41:18.536394
2026-07-30,BKK,arrival,11:10,HKT Phuket,TG202,Thai Airways,1h 30m,True,2026-02-11T18:41:18.662574
2026-07-30,BKK,arrival,11:10,SZX Shenzhen,ZH309,Shenzhen Airlines,3h 0m,True,2026-02-11T18:41:18.787085
2026-07-30,BKK,arrival,11:15,XMN Xiamen,MF853,XiamenAir,3h 25m,True,2026-02-11T18:41:18.912724
2026-07-30,BKK,arrival,11:15,ICN Seoul,OZ743,Asiana,6h 5m,True,2026-02-11T18:41:19.046266
2026-07-30,BKK,arrival,11:20,BOM Mumbai,6E1051,IndiGo,4h 40m,True,2026-02-11T18:41:19.185286
2026-07-30,BKK,arrival,11:20,TPE Taipei,BR67,EVA Air,4h 5m,True,2026-02-11T18:41:19.322397
2026-07-30,BKK,arrival,11:20,SZX Shenzhen,CZ8075,China Southern,3h 25m,True,2026-02-11T18:41:19.448057
2026-07-30,BKK,arrival,11:20,USM Koh Samui,PG124,Bangkok Airways,1h 15m,True,2026-02-11T18:41:19.584398
2026-07-30,BKK,arrival,11:20,UTH Udon Thani,VZ201,Vietjet Thailand,1h 10m,True,2026-02-11T18:41:19.727871
2026-07-30,BKK,arrival,11:30,HKG Hong Kong,CX755,Cathay Pacific,3h 5m,True,2026-02-11T18:41:19.856510
2026-07-30,BKK,arrival,11:30,SGN Ho Chi Minh City,TG551,Thai Airways,1h 25m,True,2026-02-11T18:41:19.980158
2026-07-30,BKK,arrival,11:35,CNX Chiang Mai,PG216,Bangkok Airways,1h 25m,True,2026-02-11T18:41:20.100312
2026-07-30,BKK,arrival,11:40,CAN Guangzhou,CZ8079,China Southern,3h 0m,True,2026-02-11T18:41:20.226511
2026-07-30,BKK,arrival,11:40,CEI Chiang Rai,TG131,Thai Airways,1h 30m,True,2026-02-11T18:41:20.369567
2026-07-30,BKK,arrival,11:45,KBV Krabi,FD4403,Thai AirAsia,1h 25m,True,2026-02-11T18:41:20.512649
2026-07-30,BKK,arrival,11:45,HGH Hangzhou,JD419,Capital Airlines,4h 15m,True,2026-02-11T18:41:20.638868
2026-07-30,BKK,arrival,11:50,AUH Abu Dhabi,EY404,Etihad,6h 30m,True,2026-02-11T18:41:20.758134
2026-07-30,BKK,arrival,11:50,HKT Phuket,FD4125,Thai AirAsia,1h 35m,True,2026-02-11T18:41:20.887386
2026-07-30,BKK,arrival,11:50,IKT Irkutsk,SU658,Aeroflot,6h 40m,True,2026-02-11T18:41:21.028228
2026-07-30,BKK,arrival,11:50,HKT Phuket,TG204,Thai Airways,1h 35m,True,2026-02-11T18:41:21.156222
2026-07-30,BKK,arrival,11:50,HKT Phuket,VZ301,Vietjet Thailand,1h 30m,True,2026-02-11T18:41:21.282080
2026-07-30,BKK,arrival,11:55,HKT Phuket,PG272,Bangkok Airways,1h 35m,True,2026-02-11T18:41:21.406442
2026-07-30,BKK,arrival,12:00,TPE Taipei,JX741,Starlux,4h 0m,True,2026-02-11T18:41:21.535164
2026-07-30,BKK,arrival,12:05,IST Istanbul,TK52,Turkish Airlines,9h 50m,True,2026-02-11T18:41:21.658029
2026-07-30,BKK,arrival,12:10,TPE Taipei,CI831,China Airlines,3h 45m,True,2026-02-11T18:41:21.781478
2026-07-30,BKK,arrival,12:10,MNL Manila,PR730,PAL,3h 30m,True,2026-02-11T18:41:21.912528
2026-07-30,BKK,arrival,12:20,PEK Beijing,HU429,Hainan Airlines,5h 5m,True,2026-02-11T18:41:22.058392
2026-07-30,BKK,arrival,12:20,KMG Kunming,MU6087,China Eastern,2h 25m,True,2026-02-11T18:41:22.195703
2026-07-30,BKK,arrival,12:20,KTI Phnom Penh,VZ721,Vietjet Thailand,1h 15m,True,2026-02-11T18:41:22.315323
2026-07-30,BKK,arrival,12:25,HAN Hanoi,TG561,Thai Airways,1h 50m,True,2026-02-11T18:41:22.445668
2026-07-30,BKK,arrival,12:25,DAD Da Nang,VZ965,Vietjet Thailand,1h 45m,True,2026-02-11T18:41:22.586521
2026-07-30,BKK,arrival,12:30,CCU Kolkata,B3700,Bhutan Airlines,2h 40m,True,2026-02-11T18:41:22.727371
2026-07-30,BKK,arrival,12:30,DXB Dubai,EK384,Emirates,6h 40m,True,2026-02-11T18:41:22.876854
2026-07-30,BKK,arrival,12:30,PVG Shanghai,MU541,China Eastern,4h 40m,True,2026-02-11T18:41:23.004601
2026-07-30,BKK,arrival,12:30,FRA Frankfurt,TG923,Thai Airways,10h 50m,True,2026-02-11T18:41:23.134647
2026-07-30,BKK,arrival,12:30,FUK Fukuoka,VZ811,Vietjet Thailand,5h 35m,True,2026-02-11T18:41:23.258730
2026-07-30,BKK,arrival,12:35,FRA Frankfurt,DE2362,Condor,11h 20m,True,2026-02-11T18:41:23.386506
2026-07-30,BKK,arrival,12:40,URT Surat Thani,VZ351,Vietjet Thailand,1h 15m,True,2026-02-11T18:41:23.519160
2026-07-30,BKK,arrival,12:45,TFU Chengdu,9C7501,Spring Airlines,3h 10m,True,2026-02-11T18:41:23.650662
2026-07-30,BKK,arrival,12:45,CMB Colombo,UL404,SriLankan Airlines,3h 40m,True,2026-02-11T18:41:23.788034
2026-07-30,BKK,arrival,12:45,SGN Ho Chi Minh City,VJ803,VietJet,1h 30m,True,2026-02-11T18:41:23.925513
2026-07-30,BKK,arrival,12:45,MCT Muscat,WY811,Oman Air,6h 15m,True,2026-02-11T18:41:24.068341
2026-07-30,BKK,arrival,12:50,PVG Shanghai,9C7421,Spring Airlines,4h 45m,True,2026-02-11T18:41:24.194507
2026-07-30,BKK,arrival,12:50,CAN Guangzhou,CZ8099,China Southern,3h 10m,True,2026-02-11T18:41:24.318348
2026-07-30,BKK,arrival,12:55,DOH Doha,QR834,Qatar Airways,6h 55m,True,2026-02-11T18:41:24.460001
2026-07-30,BKK,arrival,12:55,KIX Osaka,VZ821,Vietjet Thailand,6h 0m,True,2026-02-11T18:41:24.602022
2026-07-30,BKK,arrival,13:00,USM Koh Samui,PG130,Bangkok Airways,1h 15m,True,2026-02-11T18:41:24.734302
2026-07-30,BKK,arrival,13:00,HAN Hanoi,VJ901,VietJet,1h 50m,True,2026-02-11T18:41:24.863629
2026-07-30,BKK,arrival,13:05,XIY Xian,9C6293,Spring Airlines,4h 20m,True,2026-02-11T18:41:25.005441
2026-07-30,BKK,arrival,13:05,TPE Taipei,BR201,EVA Air,3h 45m,True,2026-02-11T18:41:25.135073
2026-07-30,BKK,arrival,13:05,PQC Phu Quoc,VZ981,Vietjet Thailand,1h 20m,True,2026-02-11T18:41:25.258835
2026-07-30,BKK,arrival,13:10,CGK Jakarta,GA866,Garuda Indonesia,3h 25m,True,2026-02-11T18:41:25.382177
2026-07-30,BKK,arrival,13:10,SGN Ho Chi Minh City,VN605,Vietnam Airlines,1h 35m,True,2026-02-11T18:41:25.514030
2026-07-30,BKK,arrival,13:10,CNX Chiang Mai,VZ103,Vietjet Thailand,1h 20m,True,2026-02-11T18:41:25.661281
2026-07-30,BKK,arrival,13:15,ADD Addis Ababa,ET628,Ethiopian,9h 20m,True,2026-02-11T18:41:25.794448
2026-07-30,BKK,arrival,13:15,ICN Seoul,KE657,Korean Air,5h 45m,True,2026-02-11T18:41:25.920410
2026-07-30,BKK,arrival,13:15,HKT Phuket,TG206,Thai Airways,1h 35m,True,2026-02-11T18:41:26.044785
2026-07-30,BKK,arrival,13:15,KKC Khon Kaen,TG43,Thai Airways,1h 10m,True,2026-02-11T18:41:26.170139
2026-07-30,BKK,arrival,13:20,CNX Chiang Mai,PG224,Bangkok Airways,1h 25m,True,2026-02-11T18:41:26.291755
2026-07-30,BKK,arrival,13:20,CNX Chiang Mai,TG105,Thai Airways,1h 25m,True,2026-02-11T18:41:26.413060
2026-07-30,BKK,arrival,13:25,NGB Ningbo,9C7431,Spring Airlines,4h 35m,True,2026-02-11T18:41:26.546073
2026-07-30,BKK,arrival,13:25,DXB Dubai,EK376,Emirates,6h 40m,True,2026-02-11T18:41:26.687234
2026-07-30,BKK,arrival,13:25,KUL Kuala Lumpur,MH788,Malaysia Airlines,2h 15m,True,2026-02-11T18:41:26.826462
2026-07-30,BKK,arrival,13:25,DOH Doha,QR836,Qatar Airways,6h 55m,True,2026-02-11T18:41:26.958107
2026-07-30,BKK,arrival,13:25,ICN Seoul,TG659,Thai Airways,5h 50m,True,2026-02-11T18:41:27.084363
2026-07-30,BKK,arrival,13:25,RGN Yangon,TG302,Thai Airways,1h 30m,True,2026-02-11T18:41:27.217922
2026-07-30,BKK,arrival,13:30,NBO Nairobi,KQ886,Kenya Airways,9h 31m,True,2026-02-11T18:41:27.346962
2026-07-30,BKK,arrival,13:30,USM Koh Samui,PG132,Bangkok Airways,1h 15m,True,2026-02-11T18:41:27.478004
2026-07-30,BKK,arrival,13:35,BOM Mumbai,AI2354,Air India,4h 20m,True,2026-02-11T18:41:27.613234
2026-07-30,BKK,arrival,13:40,DAC Dhaka,BS217,US-Bangla Airlines,2h 40m,True,2026-02-11T18:41:27.745997
2026-07-30,BKK,arrival,13:40,PNQ Pune,IX242,Air India Express,4h 45m,True,2026-02-11T18:41:27.882099
2026-07-30,BKK,arrival,13:40,SGN Ho Chi Minh City,VU131,Vietravel Airlines,1h 35m,True,2026-02-11T18:41:28.016733
2026-07-30,BKK,arrival,13:45,RUH Riyadh,SV846,Saudia,7h 35m,True,2026-02-11T18:41:28.135898
2026-07-30,BKK,arrival,13:45,SIN Singapore,TG404,Thai Airways,2h 20m,True,2026-02-11T18:41:28.260378
2026-07-30,BKK,arrival,13:45,NRT Tokyo,VZ831,Vietjet Thailand,6h 50m,True,2026-02-11T18:41:28.390745
2026-07-30,BKK,arrival,13:50,NST Nakhon Si Thammarat,FD4232,Thai AirAsia,1h 25m,True,2026-02-11T18:41:28.514263
2026-07-30,BKK,arrival,13:55,KTI Phnom Penh,K6724,Air Cambodia,1h 10m,True,2026-02-11T18:41:28.653614
2026-07-30,BKK,arrival,13:55,HKT Phuket,VZ305,Vietjet Thailand,1h 30m,True,2026-02-11T18:41:28.786496
2026-07-30,BKK,arrival,14:00,SWA Jieyang,9C6193,Spring Airlines,3h 20m,True,2026-02-11T18:41:28.924315
2026-07-30,BKK,arrival,14:00,HKG Hong Kong,CX653,Cathay Pacific,3h 0m,True,2026-02-11T18:41:29.051451
2026-07-30,BKK,arrival,14:00,MUC Munich,LH772,Lufthansa,10h 40m,True,2026-02-11T18:41:29.175541
2026-07-30,BKK,arrival,14:00,TLV Tel Aviv-Yafo,LY81,El Al,11h 40m,True,2026-02-11T18:41:29.296570
2026-07-30,BKK,arrival,14:00,UBP Ubon Ratchathani,VZ221,Vietjet Thailand,1h 15m,True,2026-02-11T18:41:29.422955
2026-07-30,BKK,arrival,14:05,CAN Guangzhou,CZ5095,China Southern,3h 0m,True,2026-02-11T18:41:29.551744
2026-07-30,BKK,arrival,14:05,CNX Chiang Mai,FD4107,Thai AirAsia,1h 30m,True,2026-02-11T18:41:29.680284
2026-07-30,BKK,arrival,14:10,TDX Trat,PG306,Bangkok Airways,1h 0m,True,2026-02-11T18:41:29.806692
2026-07-30,BKK,arrival,14:10,ICN Seoul,TG657,Thai Airways,5h 50m,True,2026-02-11T18:41:29.937845
2026-07-30,BKK,arrival,14:15,DEL Delhi,AI2355,Air India,4h 20m,True,2026-02-11T18:41:30.073972
2026-07-30,BKK,arrival,14:15,KKC Khon Kaen,FD4502,Thai AirAsia,1h 10m,True,2026-02-11T18:41:30.212256
2026-07-30,BKK,arrival,14:15,SIN Singapore,SQ710,Singapore Airlines,2h 30m,True,2026-02-11T18:41:30.346282
2026-07-30,BKK,arrival,14:20,MFM Macau,NX936,Air Macau,2h 45m,True,2026-02-11T18:41:30.483013
2026-07-30,BKK,arrival,14:20,OVB Novosibirsk,SU650,Aeroflot,7h 40m,True,2026-02-11T18:41:30.605245
2026-07-30,BKK,arrival,14:25,SAI Siem Reap,PG906,Bangkok Airways,1h 30m,True,2026-02-11T18:41:30.739300
2026-07-30,BKK,arrival,14:25,CDG Paris,SB501,Aircalin,11h 55m,True,2026-02-11T18:41:30.875530
2026-07-30,BKK,arrival,14:25,HKG Hong Kong,TG601,Thai Airways,2h 40m,True,2026-02-11T18:41:30.997850
2026-07-30,BKK,arrival,14:25,SIN Singapore,TR604,Scoot,2h 35m,True,2026-02-11T18:41:31.122792
2026-07-30,BKK,arrival,14:30,CAN Guangzhou,CZ3081,China Southern,3h 0m,True,2026-02-11T18:41:31.250432
2026-07-30,BKK,arrival,14:30,HKT Phuket,PG276,Bangkok Airways,1h 35m,True,2026-02-11T18:41:31.376170
2026-07-30,BKK,arrival,14:30,KUL Kuala Lumpur,TG416,Thai Airways,2h 10m,True,2026-02-11T18:41:31.505364
2026-07-30,BKK,arrival,14:35,HKT Phuket,TG208,Thai Airways,1h 35m,True,2026-02-11T18:41:31.628109
2026-07-30,BKK,arrival,14:35,HDY Hat Yai,VZ325,Vietjet Thailand,1h 30m,True,2026-02-11T18:41:31.765118
2026-07-30,BKK,arrival,14:40,RGN Yangon,8M333,MAI,1h 20m,True,2026-02-11T18:41:31.898325
2026-07-30,BKK,arrival,14:45,LJG Lijiang,DR5041,Ruili Airlines,2h 45m,True,2026-02-11T18:41:32.040578
2026-07-30,BKK,arrival,14:45,SGN Ho Chi Minh City,VJ807,VietJet,1h 30m,True,2026-02-11T18:41:32.171416
2026-07-30,BKK,arrival,14:45,HAN Hanoi,VN615,Vietnam Airlines,2h 0m,True,2026-02-11T18:41:32.302218
2026-07-30,BKK,arrival,14:50,PVG Shanghai,9C7279,Spring Airlines,4h 55m,True,2026-02-11T18:41:32.444956
2026-07-30,BKK,arrival,14:50,NKG Nanjing,JD619,Capital Airlines,4h 40m,True,2026-02-11T18:41:32.591240
2026-07-30,BKK,arrival,14:50,VIE Vienna,OS7,Austrian,10h 15m,True,2026-02-11T18:41:32.728874
2026-07-30,BKK,arrival,14:50,LPQ Luang Prabang,PG942,Bangkok Airways,2h 5m,True,2026-02-11T18:41:32.872613
2026-07-30,BKK,arrival,14:50,VTE Vientiane,TG571,Thai Airways,1h 20m,True,2026-02-11T18:41:33.008061
2026-07-30,BKK,arrival,14:55,NAW Narathiwat,FD4253,Thai AirAsia,1h 30m,True,2026-02-11T18:41:33.138975
2026-07-30,BKK,arrival,14:55,HKG Hong Kong,HX775,Hong Kong Airlines,3h 10m,True,2026-02-11T18:41:33.279354
2026-07-30,BKK,arrival,14:55,KMG Kunming,MU741,China Eastern,2h 35m,True,2026-02-11T18:41:33.422096
2026-07-30,BKK,arrival,14:55,VVO Vladivostok,SU644,Aeroflot,6h 55m,True,2026-02-11T18:41:33.552647
2026-07-30,BKK,arrival,15:00,DAC Dhaka,BG388,Biman,2h 45m,True,2026-02-11T18:41:33.689108
2026-07-30,BKK,arrival,15:00,LHR London,TG917,Thai Airways,11h 35m,True,2026-02-11T18:41:33.828267
2026-07-30,BKK,arrival,15:00,NGO Nagoya,TG645,Thai Airways,6h 0m,True,2026-02-11T18:41:33.959223
2026-07-30,BKK,arrival,15:00,DAD Da Nang,VZ961,Vietjet Thailand,1h 45m,True,2026-02-11T18:41:34.091545
2026-07-30,BKK,arrival,15:05,USM Koh Samui,PG142,Bangkok Airways,1h 15m,True,2026-02-11T18:41:34.222042
2026-07-30,BKK,arrival,15:05,CNX Chiang Mai,TG107,Thai Airways,1h 25m,True,2026-02-11T18:41:34.354256
2026-07-30,BKK,arrival,15:05,FUK Fukuoka,TG649,Thai Airways,5h 30m,True,2026-02-11T18:41:34.497932
2026-07-30,BKK,arrival,15:05,HND Tokyo,TG683,Thai Airways,6h 30m,True,2026-02-11T18:41:34.628093
2026-07-30,BKK,arrival,15:05,UTH Udon Thani,TG5,Thai Airways,1h 10m,True,2026-02-11T18:41:34.778878
2026-07-30,BKK,arrival,15:10,CNX Chiang Mai,FD4103,Thai AirAsia,1h 20m,True,2026-02-11T18:41:34.911362
2026-07-30,BKK,arrival,15:10,HND Tokyo,JL31,JAL,6h 30m,True,2026-02-11T18:41:35.063647
2026-07-30,BKK,arrival,15:10,USM Koh Samui,PG158,Bangkok Airways,1h 35m,True,2026-02-11T18:41:35.183813
2026-07-30,BKK,arrival,15:10,CEI Chiang Rai,TG133,Thai Airways,1h 30m,True,2026-02-11T18:41:35.321446
2026-07-30,BKK,arrival,15:15,USM Koh Samui,PG144,Bangkok Airways,1h 15m,True,2026-02-11T18:41:35.473133
2026-07-30,BKK,arrival,15:20,KTI Phnom Penh,KR703,Cambodia Airways,1h 20m,True,2026-02-11T18:41:35.612859
2026-07-30,BKK,arrival,15:20,NRT Tokyo,TG641,Thai Airways,6h 30m,True,2026-02-11T18:41:35.754001
2026-07-30,BKK,arrival,15:25,HKG Hong Kong,CX775,Cathay Pacific,3h 5m,True,2026-02-11T18:41:35.886096
2026-07-30,BKK,arrival,15:25,MNL Manila,TG621,Thai Airways,3h 30m,True,2026-02-11T18:41:36.016381
2026-07-30,BKK,arrival,15:25,PER Perth,TG484,Thai Airways,7h 5m,True,2026-02-11T18:41:36.148055
2026-07-30,BKK,arrival,15:25,IST Istanbul,TK68,Turkish Airlines,9h 30m,True,2026-02-11T18:41:36.275050
2026-07-30,BKK,arrival,15:30,LHR London,BR68,EVA Air,11h 55m,True,2026-02-11T18:41:36.404174
2026-07-30,BKK,arrival,15:30,HND Tokyo,NH847,ANA,6h 40m,True,2026-02-11T18:41:36.542519
2026-07-30,BKK,arrival,15:30,CTS Sapporo,TG671,Thai Airways,7h 0m,True,2026-02-11T18:41:36.670801
2026-07-30,BKK,arrival,15:30,HKG Hong Kong,UO700,HK Express,3h 0m,True,2026-02-11T18:41:36.800227
2026-07-30,BKK,arrival,15:35,CNX Chiang Mai,FD4119,Thai AirAsia,1h 25m,True,2026-02-11T18:41:36.921026
2026-07-30,BKK,arrival,15:35,AMM Amman,RJ182,Royal Jordanian,9h 10m,True,2026-02-11T18:41:37.040139
2026-07-30,BKK,arrival,15:35,KIX Osaka,TG623,Thai Airways,5h 50m,True,2026-02-11T18:41:37.170616
2026-07-30,BKK,arrival,15:35,LYA Luoyang,UQ2641,Urumqi Airlines,4h 20m,True,2026-02-11T18:41:37.294094
2026-07-30,BKK,arrival,15:45,KWE Guiyang,AQ1207,9 Air,4h 0m,True,2026-02-11T18:41:37.428852
2026-07-30,BKK,arrival,15:45,CNX Chiang Mai,VZ111,Vietjet Thailand,1h 20m,True,2026-02-11T18:41:37.556608
2026-07-30,BKK,arrival,15:50,PVG Shanghai,FM833,Shanghai Airlines,4h 50m,True,2026-02-11T18:41:37.684316
2026-07-30,BKK,arrival,15:50,USM Koh Samui,PG136,Bangkok Airways,1h 15m,True,2026-02-11T18:41:37.808197
2026-07-30,BKK,arrival,16:00,ICN Seoul,VZ851,Vietjet Thailand,5h 50m,True,2026-02-11T18:41:37.938241
2026-07-30,BKK,arrival,16:05,HKT Phuket,FD4111,Thai AirAsia,1h 40m,True,2026-02-11T18:41:38.066567
2026-07-30,BKK,arrival,16:05,CGK Jakarta,TG434,Thai Airways,3h 30m,True,2026-02-11T18:41:38.214845
2026-07-30,BKK,arrival,16:10,DEL Delhi,6E1053,IndiGo,4h 25m,True,2026-02-11T18:41:38.342600
2026-07-30,BKK,arrival,16:10,UTH Udon Thani,VZ205,Vietjet Thailand,1h 10m,True,2026-02-11T18:41:38.478908
2026-07-30,BKK,arrival,16:15,HDY Hat Yai,TG264,Thai Airways,1h 35m,True,2026-02-11T18:41:38.613276
2026-07-30,BKK,arrival,16:15,NST Nakhon Si Thammarat,VZ335,Vietjet Thailand,1h 20m,True,2026-02-11T18:41:38.745963
2026-07-30,BKK,arrival,16:20,TPE Taipei,CI835,China Airlines,3h 50m,True,2026-02-11T18:41:38.868431
2026-07-30,BKK,arrival,16:20,KUL Kuala Lumpur,MH782,Malaysia Airlines,2h 15m,True,2026-02-11T18:41:38.988178
2026-07-30,BKK,arrival,16:20,HKT Phuket,PG274,Bangkok Airways,1h 35m,True,2026-02-11T18:41:39.124938
2026-07-30,BKK,arrival,16:20,SYD Sydney,TG476,Thai Airways,9h 20m,True,2026-02-11T18:41:39.248275
2026-07-30,BKK,arrival,16:25,SZX Shenzhen,CZ8323,China Southern,3h 30m,True,2026-02-11T18:41:39.396739
2026-07-30,BKK,arrival,16:30,HKG Hong Kong,CX751,Cathay Pacific,3h 0m,True,2026-02-11T18:41:39.529325
2026-07-30,BKK,arrival,16:30,HGH Hangzhou,GJ8021,Loong Air,4h 35m,True,2026-02-11T18:41:39.665928
2026-07-30,BKK,arrival,16:30,KMG Kunming,TG613,Thai Airways,2h 10m,True,2026-02-11T18:41:39.805376
2026-07-30,BKK,arrival,16:30,NRT Tokyo,TG643,Thai Airways,6h 30m,True,2026-02-11T18:41:39.939346
2026-07-30,BKK,arrival,16:35,TLV Tel Aviv-Yafo,LY83,El Al,11h 40m,True,2026-02-11T18:41:40.074240
2026-07-30,BKK,arrival,16:40,TFU Chengdu,3U3935,Sichuan Airlines,3h 0m,True,2026-02-11T18:41:40.204704
2026-07-30,BKK,arrival,16:40,CGK Jakarta,GA868,Garuda Indonesia,3h 45m,True,2026-02-11T18:41:40.337165
2026-07-30,BKK,arrival,16:40,TPE Taipei,JX745,Starlux,3h 50m,True,2026-02-11T18:41:40.453730
2026-07-30,BKK,arrival,16:40,XMN Xiamen,MF833,XiamenAir,3h 30m,True,2026-02-11T18:41:40.572222
2026-07-30,BKK,arrival,16:40,USM Koh Samui,PG146,Bangkok Airways,1h 15m,True,2026-02-11T18:41:40.702028
2026-07-30,BKK,arrival,16:40,SYD Sydney,QF23,Qantas,9h 50m,True,2026-02-11T18:41:40.838117
2026-07-30,BKK,arrival,16:45,CEI Chiang Rai,VZ133,Vietjet Thailand,1h 25m,True,2026-02-11T18:41:40.972332
2026-07-30,BKK,arrival,16:50,CAN Guangzhou,CZ8023,China Southern,3h 0m,True,2026-02-11T18:41:41.101584
2026-07-30,BKK,arrival,16:50,USM Koh Samui,PG150,Bangkok Airways,1h 30m,True,2026-02-11T18:41:41.247113
2026-07-30,BKK,arrival,16:50,KKC Khon Kaen,TG45,Thai Airways,1h 10m,True,2026-02-11T18:41:41.378537
2026-07-30,BKK,arrival,16:50,TPE Taipei,TG633,Thai Airways,3h 45m,True,2026-02-11T18:41:41.517807
2026-07-30,BKK,arrival,16:50,CNX Chiang Mai,VZ107,Vietjet Thailand,1h 20m,True,2026-02-11T18:41:41.650446
2026-07-30,BKK,arrival,16:55,DEL Delhi,AI2332,Air India,4h 25m,True,2026-02-11T18:41:41.776889
2026-07-30,BKK,arrival,16:55,CNX Chiang Mai,TG111,Thai Airways,1h 25m,True,2026-02-11T18:41:41.904176
2026-07-30,BKK,arrival,16:55,HKT Phuket,VZ2301,Vietjet Thailand,1h 30m,True,2026-02-11T18:41:42.036158
2026-07-30,BKK,arrival,17:00,DAC Dhaka,TG322,Thai Airways,2h 25m,True,2026-02-11T18:41:42.171025
2026-07-30,BKK,arrival,17:00,SIN Singapore,TR610,Scoot,2h 30m,True,2026-02-11T18:41:42.300517
2026-07-30,BKK,arrival,17:05,TFU Chengdu,CA471,Air China,3h 15m,True,2026-02-11T18:41:42.425195
2026-07-30,BKK,arrival,17:05,USM Koh Samui,PG148,Bangkok Airways,1h 15m,True,2026-02-11T18:41:42.546419
2026-07-30,BKK,arrival,17:05,DAD Da Nang,VN627,Vietnam Airlines,1h 50m,True,2026-02-11T18:41:42.671045
2026-07-30,BKK,arrival,17:10,HKT Phuket,FD4123,Thai AirAsia,1h 35m,True,2026-02-11T18:41:42.792557
2026-07-30,BKK,arrival,17:10,TAO Qingdao,QW917,Qingdao Airlines,5h 10m,True,2026-02-11T18:41:42.933242
2026-07-30,BKK,arrival,17:15,USM Koh Samui,PG162,Bangkok Airways,1h 15m,True,2026-02-11T18:41:43.084376
2026-07-30,BKK,arrival,17:15,SIN Singapore,SQ712,Singapore Airlines,2h 30m,True,2026-02-11T18:41:43.220629
2026-07-30,BKK,arrival,17:15,SIN Singapore,TG414,Thai Airways,2h 20m,True,2026-02-11T18:41:43.349971
2026-07-30,BKK,arrival,17:20,KHH Kaohsiung,CI839,China Airlines,3h 40m,True,2026-02-11T18:41:43.471117
2026-07-30,BKK,arrival,17:20,KUL Kuala Lumpur,MH774,Malaysia Airlines,2h 20m,True,2026-02-11T18:41:43.594781
2026-07-30,BKK,arrival,17:20,HKG Hong Kong,TG629,Thai Airways,2h 50m,True,2026-02-11T18:41:43.724500
2026-07-30,BKK,arrival,17:25,SHJ Sharjah,G9816,Air Arabia,6h 35m,True,2026-02-11T18:41:43.848148
2026-07-30,BKK,arrival,17:25,TAO Qingdao,QW9897,Qingdao Airlines,5h 5m,True,2026-02-11T18:41:43.975173
2026-07-30,BKK,arrival,17:35,DEL Delhi,TG324,Thai Airways,4h 25m,True,2026-02-11T18:41:44.101152
2026-07-30,BKK,arrival,17:40,HKT Phuket,TG212,Thai Airways,1h 35m,True,2026-02-11T18:41:44.238137
2026-07-30,BKK,arrival,17:45,CAN Guangzhou,TG669,Thai Airways,3h 0m,True,2026-02-11T18:41:44.376693
2026-07-30,BKK,arrival,17:45,HAN Hanoi,VJ903,VietJet,2h 0m,True,2026-02-11T18:41:44.505731
2026-07-30,BKK,arrival,17:45,UBP Ubon Ratchathani,VZ225,Vietjet Thailand,1h 15m,True,2026-02-11T18:41:44.644958
2026-07-30,BKK,arrival,17:45,MCT Muscat,WY815,Oman Air,6h 5m,True,2026-02-11T18:41:44.779129
2026-07-30,BKK,arrival,17:50,NNG Nanning,9C7485,Spring Airlines,2h 30m,True,2026-02-11T18:41:44.918628
2026-07-30,BKK,arrival,17:50,CEI Chiang Rai,FD4153,Thai AirAsia,1h 25m,True,2026-02-11T18:41:45.045729
2026-07-30,BKK,arrival,17:55,CAN Guangzhou,CZ363,China Southern,3h 0m,True,2026-02-11T18:41:45.170660
2026-07-30,BKK,arrival,17:55,KBV Krabi,VZ343,Vietjet Thailand,1h 25m,True,2026-02-11T18:41:45.301180
2026-07-30,BKK,arrival,18:00,HKG Hong Kong,CX701,Cathay Pacific,2h 55m,True,2026-02-11T18:41:45.428005
2026-07-30,BKK,arrival,18:05,KBV Krabi,FD4401,Thai AirAsia,1h 25m,True,2026-02-11T18:41:45.566277
2026-07-30,BKK,arrival,18:05,PVG Shanghai,FM855,Shanghai Airlines,4h 30m,True,2026-02-11T18:41:45.703970
2026-07-30,BKK,arrival,18:05,HAN Hanoi,VN619,Vietnam Airlines,2h 0m,True,2026-02-11T18:41:45.834302
2026-07-30,BKK,arrival,18:05,PQC Phu Quoc,VZ983,Vietjet Thailand,1h 20m,True,2026-02-11T18:41:45.975798
2026-07-30,BKK,arrival,18:10,AUH Abu Dhabi,EY406,Etihad,6h 35m,True,2026-02-11T18:41:46.113136
2026-07-30,BKK,arrival,18:10,BFV Buri Ram,FD4512,Thai AirAsia,1h 5m,True,2026-02-11T18:41:46.243319
2026-07-30,BKK,arrival,18:10,HKT Phuket,FD4113,Thai AirAsia,1h 25m,True,2026-02-11T18:41:46.371406
2026-07-30,BKK,arrival,18:10,TPE Taipei,VZ567,Vietjet Thailand,3h 45m,True,2026-02-11T18:41:46.503033
2026-07-30,BKK,arrival,18:15,RGN Yangon,8M331,MAI,1h 20m,True,2026-02-11T18:41:46.624675
2026-07-30,BKK,arrival,18:15,HAK Haikou,HU721,Hainan Airlines,2h 25m,True,2026-02-11T18:41:46.748096
2026-07-30,BKK,arrival,18:15,KTM Kathmandu,TG320,Thai Airways,3h 30m,True,2026-02-11T18:41:46.871083
2026-07-30,BKK,arrival,18:20,PEK Beijing,CA959,Air China,5h 20m,True,2026-02-11T18:41:46.993289
2026-07-30,BKK,arrival,18:20,CNX Chiang Mai,TG113,Thai Airways,1h 25m,True,2026-02-11T18:41:47.114301
2026-07-30,BKK,arrival,18:20,TFU Chengdu,TG619,Thai Airways,3h 5m,True,2026-02-11T18:41:47.239049
2026-07-30,BKK,arrival,18:20,UTH Udon Thani,VZ203,Vietjet Thailand,1h 10m,True,2026-02-11T18:41:47.366543
2026-07-30,BKK,arrival,18:25,DXB Dubai,EK370,Emirates,6h 25m,True,2026-02-11T18:41:47.490252
2026-07-30,BKK,arrival,18:25,HKT Phuket,TG216,Thai Airways,1h 30m,True,2026-02-11T18:41:47.615030
2026-07-30,BKK,arrival,18:30,KMG Kunming,KY8369,Kunming Airlines,2h 25m,True,2026-02-11T18:41:47.732675
2026-07-30,BKK,arrival,18:30,MNL Manila,PR736,PAL,3h 45m,True,2026-02-11T18:41:47.854213
2026-07-30,BKK,arrival,18:30,SGN Ho Chi Minh City,VN607,Vietnam Airlines,1h 35m,True,2026-02-11T18:41:47.976757
2026-07-30,BKK,arrival,18:30,SZX Shenzhen,ZH307,Shenzhen Airlines,2h 55m,True,2026-02-11T18:41:48.105076
2026-07-30,BKK,arrival,18:40,USM Koh Samui,PG166,Bangkok Airways,1h 15m,True,2026-02-11T18:41:48.227009
2026-07-30,BKK,arrival,18:40,CNX Chiang Mai,VZ109,Vietjet Thailand,1h 20m,True,2026-02-11T18:41:48.351723
2026-07-30,BKK,arrival,18:45,SGN Ho Chi Minh City,VJ805,VietJet,1h 30m,True,2026-02-11T18:41:48.473170
2026-07-30,BKK,arrival,18:50,TDX Trat,PG308,Bangkok Airways,1h 0m,True,2026-02-11T18:41:48.595486
2026-07-30,BKK,arrival,18:50,USM Koh Samui,PG172,Bangkok Airways,1h 15m,True,2026-02-11T18:41:48.717853
2026-07-30,BKK,arrival,18:55,CKG Chongqing,3U3771,Sichuan Airlines,3h 25m,True,2026-02-11T18:41:48.841912
2026-07-30,BKK,arrival,18:55,KUL Kuala Lumpur,MH780,Malaysia Airlines,2h 10m,True,2026-02-11T18:41:48.959279
2026-07-30,BKK,arrival,18:55,UBP Ubon Ratchathani,TG29,Thai Airways,1h 15m,True,2026-02-11T18:41:49.073299
2026-07-30,BKK,arrival,18:55,HKG Hong Kong,UO702,HK Express,3h 0m,True,2026-02-11T18:41:49.190132
2026-07-30,BKK,arrival,19:00,HKT Phuket,PG284,Bangkok Airways,1h 30m,True,2026-02-11T18:41:49.317016
2026-07-30,BKK,arrival,19:00,SIN Singapore,SQ714,Singapore Airlines,2h 30m,True,2026-02-11T18:41:49.434794
2026-07-30,BKK,arrival,19:00,HKT Phuket,VZ307,Vietjet Thailand,1h 30m,True,2026-02-11T18:41:49.552424
2026-07-30,BKK,arrival,19:05,USM Koh Samui,PG168,Bangkok Airways,1h 15m,True,2026-02-11T18:41:49.666973
2026-07-30,BKK,arrival,19:05,DOH Doha,QR828,Qatar Airways,6h 55m,True,2026-02-11T18:41:49.787894
2026-07-30,BKK,arrival,19:05,IKT Irkutsk,S76309,S7 Airlines,6h 25m,True,2026-02-11T18:41:49.909338
2026-07-30,BKK,arrival,19:10,THS Sukhothai,PG214,Bangkok Airways,1h 20m,True,2026-02-11T18:41:50.025041
2026-07-30,BKK,arrival,19:15,BOM Mumbai,6E1059,IndiGo,4h 40m,True,2026-02-11T18:41:50.143414
2026-07-30,BKK,arrival,19:20,BOM Mumbai,AI2337,Air India,4h 20m,True,2026-02-11T18:41:50.259231
2026-07-30,BKK,arrival,19:20,CAN Guangzhou,CZ8019,China Southern,3h 0m,True,2026-02-11T18:41:50.376203
2026-07-30,BKK,arrival,19:25,DXB Dubai,EK372,Emirates,6h 45m,True,2026-02-11T18:41:50.490951
2026-07-30,BKK,arrival,19:25,DOH Doha,QR826,Qatar Airways,6h 55m,True,2026-02-11T18:41:50.608041
2026-07-30,BKK,arrival,19:35,KMG Kunming,KY8367,Kunming Airlines,2h 25m,True,2026-02-11T18:41:50.723307
2026-07-30,BKK,arrival,19:35,SIN Singapore,TG408,Thai Airways,2h 20m,True,2026-02-11T18:41:50.840449
2026-07-30,BKK,arrival,19:35,SIN Singapore,TR616,Scoot,2h 35m,True,2026-02-11T18:41:50.956191
2026-07-30,BKK,arrival,19:40,RGN Yangon,8M350,MAI,1h 20m,True,2026-02-11T18:41:51.073294
2026-07-30,BKK,arrival,19:40,HDY Hat Yai,FD4205,Thai AirAsia,1h 30m,True,2026-02-11T18:41:51.198179
2026-07-30,BKK,arrival,19:40,BNE Brisbane,JQ65,Jetstar,8h 50m,True,2026-02-11T18:41:51.317885
2026-07-30,BKK,arrival,19:40,USM Koh Samui,PG170,Bangkok Airways,1h 15m,True,2026-02-11T18:41:51.430349
2026-07-30,BKK,arrival,19:40,VTE Vientiane,QV445,Lao Airlines,1h 0m,True,2026-02-11T18:41:51.544427
2026-07-30,BKK,arrival,19:45,CNX Chiang Mai,FD4109,Thai AirAsia,1h 20m,True,2026-02-11T18:41:51.666297
2026-07-30,BKK,arrival,19:50,DEL Delhi,6E1063,IndiGo,4h 10m,True,2026-02-11T18:41:51.779361
2026-07-30,BKK,arrival,19:50,MEL Melbourne,JQ29,Jetstar,9h 25m,True,2026-02-11T18:41:51.896062
2026-07-30,BKK,arrival,19:50,KMG Kunming,MU9613,China Eastern,2h 35m,True,2026-02-11T18:41:52.011385
2026-07-30,BKK,arrival,19:55,KHH Kaohsiung,TG631,Thai Airways,3h 40m,True,2026-02-11T18:41:52.127816
2026-07-30,BKK,arrival,19:55,DAD Da Nang,VZ963,Vietjet Thailand,1h 45m,True,2026-02-11T18:41:52.245909
2026-07-30,BKK,arrival,20:00,SIN Singapore,SQ720,Singapore Airlines,2h 30m,True,2026-02-11T18:41:52.363354
2026-07-30,BKK,arrival,20:00,MEL Melbourne,TG466,Thai Airways,9h 30m,True,2026-02-11T18:41:52.479150
2026-07-30,BKK,arrival,20:05,DPS Denpasar,TG432,Thai Airways,4h 10m,True,2026-02-11T18:41:52.595144
2026-07-30,BKK,arrival,20:05,KKC Khon Kaen,TG47,Thai Airways,1h 0m,True,2026-02-11T18:41:52.710222
2026-07-30,BKK,arrival,20:05,SGN Ho Chi Minh City,VN609,Vietnam Airlines,1h 35m,True,2026-02-11T18:41:52.830502
2026-07-30,BKK,arrival,20:05,URT Surat Thani,VZ353,Vietjet Thailand,1h 15m,True,2026-02-11T18:41:52.948052
2026-07-30,BKK,arrival,20:10,KKC Khon Kaen,VZ215,Vietjet Thailand,1h 5m,True,2026-02-11T18:41:53.074461
2026-07-30,BKK,arrival,20:15,USM Koh Samui,PG160,Bangkok Airways,1h 35m,True,2026-02-11T18:41:53.194291
2026-07-30,BKK,arrival,20:15,CEI Chiang Rai,TG137,Thai Airways,1h 20m,True,2026-02-11T18:41:53.312513
2026-07-30,BKK,arrival,20:25,DEL Delhi,AI2304,Air India,4h 25m,True,2026-02-11T18:41:53.431809
2026-07-30,BKK,arrival,20:25,USM Koh Samui,PG176,Bangkok Airways,1h 30m,True,2026-02-11T18:41:53.555558
2026-07-30,BKK,arrival,20:25,USM Koh Samui,PG180,Bangkok Airways,1h 15m,True,2026-02-11T18:41:53.674814
2026-07-30,BKK,arrival,20:25,KTI Phnom Penh,VZ723,Vietjet Thailand,1h 15m,True,2026-02-11T18:41:53.796896
2026-07-30,BKK,arrival,20:40,TFU Chengdu,EU2867,Chengdu Airlines,3h 15m,True,2026-02-11T18:41:53.915462
2026-07-30,BKK,arrival,20:40,KTI Phnom Penh,PG936,Bangkok Airways,1h 15m,True,2026-02-11T18:41:54.032604
2026-07-30,BKK,arrival,20:40,RGN Yangon,UB17,Myanmar National Airlines,1h 25m,True,2026-02-11T18:41:54.150695
2026-07-30,BKK,arrival,20:45,HKT Phuket,PG278,Bangkok Airways,1h 35m,True,2026-02-11T18:41:54.267008
2026-07-30,BKK,arrival,20:45,USM Koh Samui,PG174,Bangkok Airways,1h 15m,True,2026-02-11T18:41:54.387945
2026-07-30,BKK,arrival,20:45,HKG Hong Kong,TG639,Thai Airways,2h 40m,True,2026-02-11T18:41:54.504564
2026-07-30,BKK,arrival,20:45,ICN Seoul,TG653,Thai Airways,5h 50m,True,2026-02-11T18:41:54.625565
2026-07-30,BKK,arrival,20:50,HKT Phuket,TG218,Thai Airways,1h 35m,True,2026-02-11T18:41:54.739674
2026-07-30,BKK,arrival,20:50,PVG Shanghai,TG665,Thai Airways,4h 25m,True,2026-02-11T18:41:54.863448
2026-07-30,BKK,arrival,20:55,FOC Fuzhou,9C7301,Spring Airlines,4h 10m,True,2026-02-11T18:41:54.988054
2026-07-30,BKK,arrival,20:55,PVG Shanghai,FM839,Shanghai Airlines,4h 35m,True,2026-02-11T18:41:55.105386
2026-07-30,BKK,arrival,20:55,SAI Siem Reap,PG908,Bangkok Airways,1h 30m,True,2026-02-11T18:41:55.236285
2026-07-30,BKK,arrival,20:55,SYD Sydney,TG472,Thai Airways,9h 20m,True,2026-02-11T18:41:55.359510
2026-07-30,BKK,arrival,21:00,HKG Hong Kong,HX765,Hong Kong Airlines,3h 0m,True,2026-02-11T18:41:55.481132
2026-07-30,BKK,arrival,21:00,RGN Yangon,TG304,Thai Airways,1h 30m,True,2026-02-11T18:41:55.605103
2026-07-30,BKK,arrival,21:00,HKT Phuket,VZ2305,Vietjet Thailand,1h 30m,True,2026-02-11T18:41:55.732294
2026-07-30,BKK,arrival,21:05,USM Koh Samui,PG178,Bangkok Airways,1h 15m,True,2026-02-11T18:41:55.854915
2026-07-30,BKK,arrival,21:05,HAN Hanoi,VN617,Vietnam Airlines,2h 5m,True,2026-02-11T18:41:55.984410
2026-07-30,BKK,arrival,21:05,CNX Chiang Mai,VZ123,Vietjet Thailand,1h 20m,True,2026-02-11T18:41:56.104298
2026-07-30,BKK,arrival,21:10,ICN Seoul,LJ1,Jin Air,6h 0m,True,2026-02-11T18:41:56.232207
2026-07-30,BKK,arrival,21:10,ICN Seoul,YP601,Air Premia,5h 55m,True,2026-02-11T18:41:56.355987
2026-07-30,BKK,arrival,21:15,USM Koh Samui,PG188,Bangkok Airways,1h 30m,True,2026-02-11T18:41:56.477161
2026-07-30,BKK,arrival,21:15,PEK Beijing,TG615,Thai Airways,5h 10m,True,2026-02-11T18:41:56.600087
2026-07-30,BKK,arrival,21:20,ICN Seoul,BX727,Air Busan,6h 30m,True,2026-02-11T18:41:56.719275
2026-07-30,BKK,arrival,21:20,CEI Chiang Rai,VZ135,Vietjet Thailand,1h 25m,True,2026-02-11T18:41:56.852507
2026-07-30,BKK,arrival,21:25,UTH Udon Thani,FD4353,Thai AirAsia,1h 5m,True,2026-02-11T18:41:56.965660
2026-07-30,BKK,arrival,21:25,CNX Chiang Mai,PG220,Bangkok Airways,1h 25m,True,2026-02-11T18:41:57.094512
2026-07-30,BKK,arrival,21:25,USM Koh Samui,PG190,Bangkok Airways,1h 30m,True,2026-02-11T18:41:57.227619
2026-07-30,BKK,arrival,21:25,KIX Osaka,TG673,Thai Airways,5h 50m,True,2026-02-11T18:41:57.350373
2026-07-30,BKK,arrival,21:35,SGN Ho Chi Minh City,TG557,Thai Airways,1h 25m,True,2026-02-11T18:41:57.473468
2026-07-30,BKK,arrival,21:35,TPE Taipei,TG635,Thai Airways,3h 45m,True,2026-02-11T18:41:57.593263
2026-07-30,BKK,arrival,21:40,NRT Tokyo,ZG51,Zipair,6h 40m,True,2026-02-11T18:41:57.710275
2026-07-30,BKK,arrival,21:45,PUS Busan,BX725,Air Busan,5h 45m,True,2026-02-11T18:41:57.827936
2026-07-30,BKK,arrival,21:45,ICN Seoul,KE651,Korean Air,5h 40m,True,2026-02-11T18:41:57.949480
2026-07-30,BKK,arrival,21:45,KBV Krabi,TG250,Thai Airways,1h 25m,True,2026-02-11T18:41:58.072068
2026-07-30,BKK,arrival,21:45,KTI Phnom Penh,TK53,Turkish Airlines,1h 35m,True,2026-02-11T18:41:58.193087
2026-07-30,BKK,arrival,21:50,HKT Phuket,FD4115,Thai AirAsia,1h 30m,True,2026-02-11T18:41:58.310961
2026-07-30,BKK,arrival,21:50,GAU Guwahati,KB140,Drukair,3h 0m,True,2026-02-11T18:41:58.430283
2026-07-30,BKK,arrival,21:50,MFM Macau,NX992,Air Macau,3h 5m,True,2026-02-11T18:41:58.549904
2026-07-30,BKK,arrival,21:50,USM Koh Samui,PG186,Bangkok Airways,1h 15m,True,2026-02-11T18:41:58.669476
2026-07-30,BKK,arrival,21:55,PVG Shanghai,FM853,Shanghai Airlines,4h 35m,True,2026-02-11T18:41:58.796436
2026-07-30,BKK,arrival,21:55,NRT Tokyo,TG677,Thai Airways,6h 30m,True,2026-02-11T18:41:58.913759
2026-07-30,BKK,arrival,21:55,VTE Vientiane,TG575,Thai Airways,1h 25m,True,2026-02-11T18:41:59.032256
2026-07-30,BKK,arrival,21:55,SIN Singapore,TR614,Scoot,2h 35m,True,2026-02-11T18:41:59.155150
2026-07-30,BKK,arrival,22:00,CCU Kolkata,6E1057,IndiGo,2h 45m,True,2026-02-11T18:41:59.278552
2026-07-30,BKK,arrival,22:00,CAN Guangzhou,CZ361,China Southern,2h 55m,True,2026-02-11T18:41:59.399154
2026-07-30,BKK,arrival,22:00,KKC Khon Kaen,FD4504,Thai AirAsia,1h 10m,True,2026-02-11T18:41:59.518763
2026-07-30,BKK,arrival,22:05,CRK Angeles,5J943,Cebu Pacific,3h 30m,True,2026-02-11T18:41:59.636921
2026-07-30,BKK,arrival,22:05,KUL Kuala Lumpur,TG418,Thai Airways,2h 10m,True,2026-02-11T18:41:59.760200
2026-07-30,BKK,arrival,22:05,ICN Seoul,TW101,T´Way Air,6h 5m,True,2026-02-11T18:41:59.878685
2026-07-30,BKK,arrival,22:05,KBV Krabi,VZ345,Vietjet Thailand,1h 25m,True,2026-02-11T18:41:59.996781
2026-07-30,BKK,arrival,22:10,KBV Krabi,FD4409,Thai AirAsia,1h 25m,True,2026-02-11T18:42:00.116707
2026-07-30,BKK,arrival,22:10,DPS Denpasar,TG440,Thai Airways,4h 10m,True,2026-02-11T18:42:00.239614
2026-07-30,BKK,arrival,22:10,SIN Singapore,TG410,Thai Airways,2h 20m,True,2026-02-11T18:42:00.363954
2026-07-30,BKK,arrival,22:10,CNX Chiang Mai,VZ2107,Vietjet Thailand,1h 20m,True,2026-02-11T18:42:00.486987
2026-07-30,BKK,arrival,22:15,KMG Kunming,MU9621,China Eastern,2h 35m,True,2026-02-11T18:42:00.609532
2026-07-30,BKK,arrival,22:15,HDY Hat Yai,TG268,Thai Airways,1h 35m,True,2026-02-11T18:42:00.738628
2026-07-30,BKK,arrival,22:15,MNL Manila,TG625,Thai Airways,3h 20m,True,2026-02-11T18:42:00.862317
2026-07-30,BKK,arrival,22:20,USM Koh Samui,PG196,Bangkok Airways,1h 30m,True,2026-02-11T18:42:00.983420
2026-07-30,BKK,arrival,22:30,USM Koh Samui,PG192,Bangkok Airways,1h 30m,True,2026-02-11T18:42:01.103224
2026-07-30,BKK,arrival,22:30,CGK Jakarta,TG436,Thai Airways,3h 30m,True,2026-02-11T18:42:01.224260
2026-07-30,BKK,arrival,22:30,CNX Chiang Mai,TG121,Thai Airways,1h 20m,True,2026-02-11T18:42:01.347895
2026-07-30,BKK,arrival,22:30,UTH Udon Thani,TG9,Thai Airways,1h 5m,True,2026-02-11T18:42:01.465915
2026-07-30,BKK,arrival,22:30,TPE Taipei,VZ569,Vietjet Thailand,3h 45m,True,2026-02-11T18:42:01.591360
2026-07-30,BKK,arrival,22:35,RGN Yangon,8M372,MAI,1h 20m,True,2026-02-11T18:42:01.716227
2026-07-30,BKK,arrival,22:35,HAN Hanoi,TG565,Thai Airways,1h 50m,True,2026-02-11T18:42:01.842694
2026-07-30,BKK,arrival,22:35,KTI Phnom Penh,TG585,Thai Airways,1h 20m,True,2026-02-11T18:42:01.969773
2026-07-30,BKK,arrival,22:40,PUS Busan,LJ21,Jin Air,5h 35m,True,2026-02-11T18:42:02.093628
2026-07-30,BKK,arrival,22:40,MNL Manila,PR732,PAL,3h 30m,True,2026-02-11T18:42:02.212566
2026-07-30,BKK,arrival,22:55,HKT Phuket,TG222,Thai Airways,1h 35m,True,2026-02-11T18:42:02.329317
2026-07-30,BKK,arrival,23:00,PEK Beijing,HU7995,Hainan Airlines,5h 0m,True,2026-02-11T18:42:02.445741
2026-07-30,BKK,arrival,23:00,NRT Tokyo,JL707,JAL,6h 35m,True,2026-02-11T18:42:02.570359
2026-07-30,BKK,arrival,23:05,KUL Kuala Lumpur,MH796,Malaysia Airlines,2h 20m,True,2026-02-11T18:42:02.699127
2026-07-30,BKK,arrival,23:10,ICN Seoul,OZ741,Asiana,5h 40m,True,2026-02-11T18:42:02.834063
2026-07-30,BKK,arrival,23:15,HKG Hong Kong,HB295,Greater Bay Airlines,3h 0m,True,2026-02-11T18:42:02.948548
2026-07-30,BKK,arrival,23:15,HKT Phuket,VZ309,Vietjet Thailand,1h 30m,True,2026-02-11T18:42:03.075102
2026-07-30,BKK,arrival,23:20,JJN Jinjiang,AQ1435,9 Air,4h 20m,True,2026-02-11T18:42:03.191155
2026-07-30,BKK,arrival,23:20,HDY Hat Yai,VZ329,Vietjet Thailand,1h 30m,True,2026-02-11T18:42:03.311347
2026-07-30,BKK,arrival,23:25,ICN Seoul,KE659,Korean Air,5h 40m,True,2026-02-11T18:42:03.433617
2026-07-30,BKK,arrival,23:30,TPE Taipei,BR205,EVA Air,3h 45m,True,2026-02-11T18:42:03.554453
2026-07-30,BKK,arrival,23:30,CNX Chiang Mai,FD4117,Thai AirAsia,1h 25m,True,2026-02-11T18:42:03.673809
2026-07-30,BKK,arrival,23:30,CKG Chongqing,OQ2361,Chongqing Airlines,3h 15m,True,2026-02-11T18:42:03.795202
2026-07-30,BKK,arrival,23:30,HKT Phuket,PG280,Bangkok Airways,1h 35m,True,2026-02-11T18:42:03.918012
2026-07-30,BKK,arrival,23:35,CAN Guangzhou,KQ887,Kenya Airways,2h 25m,True,2026-02-11T18:42:04.041551
2026-07-30,BKK,arrival,23:40,HKT Phuket,FD4420,Thai AirAsia,1h 25m,True,2026-02-11T18:42:04.158343
2026-07-30,BKK,arrival,23:45,HKG Hong Kong,EK385,Emirates,3h 15m,True,2026-02-11T18:42:04.276457
2026-07-30,BKK,arrival,23:50,PUS Busan,7C2551,Jeju Air,5h 50m,True,2026-02-11T18:42:04.395861
2026-07-30,BKK,arrival,23:50,HKG Hong Kong,CX617,Cathay Pacific,3h 0m,True,2026-02-11T18:42:04.525698
2026-07-30,BKK,arrival,23:50,AUH Abu Dhabi,EY400,Etihad,6h 35m,True,2026-02-11T18:42:04.643676
2026-07-30,BKK,arrival,23:50,CNX Chiang Mai,VZ119,Vietjet Thailand,1h 20m,True,2026-02-11T18:42:04.764842
2026-07-30,BKK,arrival,23:55,KIX Osaka,MM91,Peach Aviation,6h 10m,True,2026-02-11T18:42:04.891056
2026-07-30,BKK,arrival,23:55,NRT Tokyo,NH805,ANA,6h 45m,True,2026-02-11T18:42:05.012345
