date,airport,direction,time,destination,flight,airline,duration,page_date_verified,scraped_at
2026-05-26,BKK,departure,00:01,PER Perth,TG483,Thai Airways,6h 44m,True,2026-02-11T12:28:35.367437
2026-05-26,BKK,departure,00:05,BRU Brussels,TG934,Thai Airways,12h 10m,True,2026-02-11T12:28:35.591832
2026-05-26,BKK,departure,00:05,CDG Paris,TG930,Thai Airways,12h 5m,True,2026-02-11T12:28:35.814731
2026-05-26,BKK,departure,00:05,NGO Nagoya,TG644,Thai Airways,5h 55m,True,2026-02-11T12:28:36.030769
2026-05-26,BKK,departure,00:05,ARN Stockholm,TG960,Thai Airways,12h 20m,True,2026-02-11T12:28:36.251009
2026-05-26,BKK,departure,00:05,ICN Seoul,TW102,T´Way Air,5h 35m,True,2026-02-11T12:28:36.465642
2026-05-26,BKK,departure,00:05,OSL Oslo,TG954,Thai Airways,12h 20m,True,2026-02-11T12:28:39.105017
2026-05-26,BKK,departure,00:15,KIX Osaka,VZ820,Vietjet Thailand,5h 40m,True,2026-02-11T12:28:39.259544
2026-05-26,BKK,departure,00:25,KIX Osaka,JL728,JAL,5h 25m,True,2026-02-11T12:28:39.409524
2026-05-26,BKK,departure,00:30,CKG Chongqing,OQ2362,Chongqing Airlines,3h 30m,True,2026-02-11T12:28:39.571230
2026-05-26,BKK,departure,00:30,LHR London,TG910,Thai Airways,12h 45m,True,2026-02-11T12:28:39.725564
2026-05-26,BKK,departure,00:30,PVG Shanghai,TG662,Thai Airways,4h 15m,True,2026-02-11T12:28:39.871378
2026-05-26,BKK,departure,00:30,FUK Fukuoka,VZ810,Vietjet Thailand,5h 25m,True,2026-02-11T12:28:40.019481
2026-05-26,BKK,departure,00:40,PEK Beijing,HU7996,Hainan Airlines,5h 0m,True,2026-02-11T12:28:40.177602
2026-05-26,BKK,departure,00:40,FUK Fukuoka,TG648,Thai Airways,5h 20m,True,2026-02-11T12:28:40.322495
2026-05-26,BKK,departure,00:40,MXP Milan,TG940,Thai Airways,11h 55m,True,2026-02-11T12:28:40.473092
2026-05-26,BKK,departure,00:50,MUC Munich,TG924,Thai Airways,11h 15m,True,2026-02-11T12:28:40.628069
2026-05-26,BKK,departure,00:50,CPH Copenhagen,TG950,Thai Airways,11h 50m,True,2026-02-11T12:28:40.782452
2026-05-26,BKK,departure,01:05,ZRH Zurich,TG970,Thai Airways,11h 45m,True,2026-02-11T12:28:40.923182
2026-05-26,BKK,departure,01:10,ICN Seoul,7C2504,Jeju Air,5h 45m,True,2026-02-11T12:28:41.081652
2026-05-26,BKK,departure,01:15,PVG Shanghai,9C8756,Spring Airlines,4h 25m,True,2026-02-11T12:28:41.231552
2026-05-26,BKK,departure,01:15,TFU Chengdu,3U3938,Sichuan Airlines,3h 5m,True,2026-02-11T12:28:41.379651
2026-05-26,BKK,departure,01:15,DXB Dubai,EK385,Emirates,6h 30m,True,2026-02-11T12:28:41.528811
2026-05-26,BKK,departure,01:15,KIX Osaka,MM92,Peach Aviation,6h 5m,True,2026-02-11T12:28:41.686255
2026-05-26,BKK,departure,01:20,ICN Seoul,OZ742,Asiana,5h 25m,True,2026-02-11T12:28:41.832236
2026-05-26,BKK,departure,01:30,PEK Beijing,CA980,Air China,4h 40m,True,2026-02-11T12:28:41.979794
2026-05-26,BKK,departure,01:30,HKG Hong Kong,HB296,Greater Bay Airlines,3h 0m,True,2026-02-11T12:28:42.126502
2026-05-26,BKK,departure,01:30,PVG Shanghai,HO1352,Juneyao Airlines,4h 15m,True,2026-02-11T12:28:42.285582
2026-05-26,BKK,departure,01:35,TPE Taipei,BR206,EVA Air,3h 45m,True,2026-02-11T12:28:42.441925
2026-05-26,BKK,departure,01:45,DOH Doha,QR837,Qatar Airways,6h 35m,True,2026-02-11T12:28:42.584376
2026-05-26,BKK,departure,01:50,XMN Xiamen,MF844,XiamenAir,3h 25m,True,2026-02-11T12:28:42.729447
2026-05-26,BKK,departure,01:50,HKG Hong Kong,HX760,Hong Kong Airlines,3h 0m,True,2026-02-11T12:28:42.878910
2026-05-26,BKK,departure,01:50,JED Jeddah,SV849,Saudia,8h 10m,True,2026-02-11T12:28:43.027523
2026-05-26,BKK,departure,01:55,HKG Hong Kong,HX780,Hong Kong Airlines,3h 0m,True,2026-02-11T12:28:43.174297
2026-05-26,BKK,departure,01:55,TPE Taipei,VZ566,Vietjet Thailand,3h 50m,True,2026-02-11T12:28:43.346110
2026-05-26,BKK,departure,01:55,ADD Addis Ababa,ET609,Ethiopian,8h 40m,True,2026-02-11T12:28:43.693377
2026-05-26,BKK,departure,02:05,TAE Daegu,TW106,T´Way Air,5h 35m,True,2026-02-11T12:28:44.004355
2026-05-26,BKK,departure,02:05,DOH Doha,QR827,Qatar Airways,6h 35m,True,2026-02-11T12:28:44.291110
2026-05-26,BKK,departure,02:10,NKG Nanjing,MU2804,China Eastern,4h 0m,True,2026-02-11T12:28:44.571455
2026-05-26,BKK,departure,02:10,PVG Shanghai,MU548,China Eastern,4h 25m,True,2026-02-11T12:28:44.869612
2026-05-26,BKK,departure,02:15,DXB Dubai,EK377,Emirates,6h 45m,True,2026-02-11T12:28:45.114649
2026-05-26,BKK,departure,02:20,VIE Vienna,BR61,EVA Air,11h 15m,True,2026-02-11T12:28:45.375945
2026-05-26,BKK,departure,02:20,KWI Kuwait,KU414,Kuwait Airways,7h 20m,True,2026-02-11T12:28:45.674537
2026-05-26,BKK,departure,02:25,RGN Yangon,8M391,MAI,1h 20m,True,2026-02-11T12:28:45.944326
2026-05-26,BKK,departure,02:25,ICN Seoul,VZ850,Vietjet Thailand,5h 35m,True,2026-02-11T12:28:46.227971
2026-05-26,BKK,departure,02:35,ICN Seoul,KE656,Korean Air,5h 40m,True,2026-02-11T12:28:46.499704
2026-05-26,BKK,departure,02:40,TPE Taipei,CI838,China Airlines,3h 45m,True,2026-02-11T12:28:46.782681
2026-05-26,BKK,departure,02:40,HKG Hong Kong,HX768,Hong Kong Airlines,3h 20m,True,2026-02-11T12:28:47.079819
2026-05-26,BKK,departure,02:50,XIY Xian,9C6252,Spring Airlines,3h 45m,True,2026-02-11T12:28:47.383018
2026-05-26,BKK,departure,03:00,CAN Guangzhou,MU2078,China Eastern,3h 50m,True,2026-02-11T12:28:47.649087
2026-05-26,BKK,departure,03:00,CAN Guangzhou,CZ3036,China Southern,2h 55m,True,2026-02-11T12:28:47.913793
2026-05-26,BKK,departure,03:15,SZX Shenzhen,ZH306,Shenzhen Airlines,2h 55m,True,2026-02-11T12:28:48.197335
2026-05-26,BKK,departure,03:15,DXB Dubai,EK371,Emirates,6h 35m,True,2026-02-11T12:28:48.486671
2026-05-26,BKK,departure,03:15,AUH Abu Dhabi,EY401,Etihad,6h 30m,True,2026-02-11T12:28:48.790957
2026-05-26,BKK,departure,03:25,MNL Manila,5J932,Cebu Pacific,3h 45m,True,2026-02-11T12:28:49.086011
2026-05-26,BKK,departure,03:50,DEL Delhi,SG88,SpiceJet,4h 25m,True,2026-02-11T12:28:49.363575
2026-05-26,BKK,departure,04:05,XIY Xian,GJ8908,Loong Air,3h 35m,True,2026-02-11T12:28:49.642342
2026-05-26,BKK,departure,04:15,BBI Bhubaneswar,6E1066,IndiGo,2h 45m,True,2026-02-11T12:28:49.936533
2026-05-26,BKK,departure,04:20,WUH Wuhan,MU2564,China Eastern,3h 20m,True,2026-02-11T12:28:50.238239
2026-05-26,BKK,departure,05:05,PVG Shanghai,FM848,Shanghai Airlines,4h 30m,True,2026-02-11T12:28:50.559417
2026-05-26,BKK,departure,05:30,CIT Shymkent,DV470,SCAT Airlines,7h 0m,True,2026-02-11T12:28:51.461600
2026-05-26,BKK,departure,06:00,KUL Kuala Lumpur,MH797,Malaysia Airlines,2h 10m,True,2026-02-11T12:28:51.696748
2026-05-26,BKK,departure,06:05,USM Koh Samui,PG101,Bangkok Airways,1h 5m,True,2026-02-11T12:28:51.897521
2026-05-26,BKK,departure,06:10,CNX Chiang Mai,VZ100,Vietjet Thailand,1h 20m,True,2026-02-11T12:28:52.087055
2026-05-26,BKK,departure,06:10,NST Nakhon Si Thammarat,VZ330,Vietjet Thailand,1h 20m,True,2026-02-11T12:28:52.269519
2026-05-26,BKK,departure,06:30,CEI Chiang Rai,VZ130,Vietjet Thailand,1h 25m,True,2026-02-11T12:28:52.459004
2026-05-26,BKK,departure,06:30,USM Koh Samui,PG105,Bangkok Airways,1h 5m,True,2026-02-11T12:28:52.642025
2026-05-26,BKK,departure,06:30,CCU Kolkata,B3701,Bhutan Airlines,2h 45m,True,2026-02-11T12:28:52.832388
2026-05-26,BKK,departure,06:40,CEI Chiang Rai,FD4150,Thai AirAsia,1h 25m,True,2026-02-11T12:28:53.019824
2026-05-26,BKK,departure,06:40,IST Istanbul,TK59,Turkish Airlines,10h 0m,True,2026-02-11T12:28:53.239320
2026-05-26,BKK,departure,06:40,OVB Novosibirsk,SU651,Aeroflot,7h 20m,True,2026-02-11T12:28:53.460832
2026-05-26,BKK,departure,07:00,THS Sukhothai,PG211,Bangkok Airways,1h 20m,True,2026-02-11T12:28:53.644498
2026-05-26,BKK,departure,07:00,HDY Hat Yai,TG259,Thai Airways,1h 25m,True,2026-02-11T12:28:53.821514
2026-05-26,BKK,departure,07:00,KKC Khon Kaen,TG40,Thai Airways,1h 0m,True,2026-02-11T12:28:54.028255
2026-05-26,BKK,departure,07:00,UTH Udon Thani,TG2,Thai Airways,1h 10m,True,2026-02-11T12:28:54.234436
2026-05-26,BKK,departure,07:00,HKT Phuket,VZ314,Vietjet Thailand,1h 30m,True,2026-02-11T12:28:54.443124
2026-05-26,BKK,departure,07:00,KBV Krabi,VZ340,Vietjet Thailand,1h 25m,True,2026-02-11T12:28:54.667651
2026-05-26,BKK,departure,07:00,NRT Tokyo,NH806,ANA,6h 20m,True,2026-02-11T12:28:54.880767
2026-05-26,BKK,departure,07:05,KKC Khon Kaen,VZ210,Vietjet Thailand,1h 5m,True,2026-02-11T12:28:55.083133
2026-05-26,BKK,departure,07:05,UBP Ubon Ratchathani,TG20,Thai Airways,1h 10m,True,2026-02-11T12:28:55.303057
2026-05-26,BKK,departure,07:05,HEL Helsinki,AY142,Finnair,12h 20m,True,2026-02-11T12:28:55.509151
2026-05-26,BKK,departure,07:10,HDY Hat Yai,VZ320,Vietjet Thailand,1h 30m,True,2026-02-11T12:28:55.730768
2026-05-26,BKK,departure,07:10,USM Koh Samui,PG107,Bangkok Airways,1h 5m,True,2026-02-11T12:28:55.925456
2026-05-26,BKK,departure,07:15,HDY Hat Yai,FD4202,Thai AirAsia,1h 35m,True,2026-02-11T12:28:56.118744
2026-05-26,BKK,departure,07:15,UTH Udon Thani,FD4350,Thai AirAsia,1h 15m,True,2026-02-11T12:28:56.328923
2026-05-26,BKK,departure,07:20,KBV Krabi,PG261,Bangkok Airways,1h 25m,True,2026-02-11T12:28:56.552262
2026-05-26,BKK,departure,07:25,CNX Chiang Mai,TG102,Thai Airways,1h 20m,True,2026-02-11T12:28:56.770614
2026-05-26,BKK,departure,07:25,MNL Manila,TG620,Thai Airways,3h 20m,True,2026-02-11T12:28:56.991610
2026-05-26,BKK,departure,07:30,URT Surat Thani,FD4212,Thai AirAsia,1h 25m,True,2026-02-11T12:28:57.236904
2026-05-26,BKK,departure,07:30,USM Koh Samui,PG121,Bangkok Airways,1h 5m,True,2026-02-11T12:28:57.645116
2026-05-26,BKK,departure,07:30,HKT Phuket,TG201,Thai Airways,1h 30m,True,2026-02-11T12:28:57.908880
2026-05-26,BKK,departure,07:30,KTI Phnom Penh,TG586,Thai Airways,1h 20m,True,2026-02-11T12:28:58.229921
2026-05-26,BKK,departure,07:30,IXB Bagdogra,KB131,Drukair,3h 10m,True,2026-02-11T12:28:58.489688
2026-05-26,BKK,departure,07:35,DEL Delhi,TG323,Thai Airways,4h 30m,True,2026-02-11T12:28:58.753550
2026-05-26,BKK,departure,07:35,SGN Ho Chi Minh City,TG550,Thai Airways,1h 30m,True,2026-02-11T12:28:59.018127
2026-05-26,BKK,departure,07:40,KBV Krabi,TG241,Thai Airways,1h 20m,True,2026-02-11T12:28:59.288979
2026-05-26,BKK,departure,07:40,CNX Chiang Mai,VZ114,Vietjet Thailand,1h 20m,True,2026-02-11T12:28:59.552461
2026-05-26,BKK,departure,07:40,SAI Siem Reap,PG903,Bangkok Airways,1h 20m,True,2026-02-11T12:28:59.825989
2026-05-26,BKK,departure,07:45,HAN Hanoi,TG560,Thai Airways,1h 50m,True,2026-02-11T12:29:00.098374
2026-05-26,BKK,departure,07:45,NRT Tokyo,TG676,Thai Airways,6h 10m,True,2026-02-11T12:29:00.364854
2026-05-26,BKK,departure,07:45,CMB Colombo,UL403,SriLankan Airlines,3h 20m,True,2026-02-11T12:29:00.639374
2026-05-26,BKK,departure,07:50,KMG Kunming,MU9622,China Eastern,2h 5m,True,2026-02-11T12:29:00.932653
2026-05-26,BKK,departure,07:55,HKT Phuket,FD4124,Thai AirAsia,1h 35m,True,2026-02-11T12:29:01.209996
2026-05-26,BKK,departure,08:00,HKG Hong Kong,TG600,Thai Airways,2h 45m,True,2026-02-11T12:29:01.490226
2026-05-26,BKK,departure,08:00,ICN Seoul,TG652,Thai Airways,5h 25m,True,2026-02-11T12:29:01.763018
2026-05-26,BKK,departure,08:00,CNX Chiang Mai,PG215,Bangkok Airways,1h 20m,True,2026-02-11T12:29:02.053424
2026-05-26,BKK,departure,08:00,CGK Jakarta,TG433,Thai Airways,3h 35m,True,2026-02-11T12:29:02.351754
2026-05-26,BKK,departure,08:00,SIN Singapore,TG403,Thai Airways,2h 15m,True,2026-02-11T12:29:02.619807
2026-05-26,BKK,departure,08:05,HKG Hong Kong,CX700,Cathay Pacific,3h 5m,True,2026-02-11T12:29:02.897701
2026-05-26,BKK,departure,08:05,HKT Phuket,PG271,Bangkok Airways,1h 30m,True,2026-02-11T12:29:03.156488
2026-05-26,BKK,departure,08:05,CEI Chiang Rai,TG130,Thai Airways,1h 35m,True,2026-02-11T12:29:03.417861
2026-05-26,BKK,departure,08:05,HKT Phuket,TG203,Thai Airways,1h 30m,True,2026-02-11T12:29:03.686483
2026-05-26,BKK,departure,08:05,NRT Tokyo,JL708,JAL,6h 10m,True,2026-02-11T12:29:03.970890
2026-05-26,BKK,departure,08:10,TAS Tashkent,HY532,Uzbekistan Airways,7h 0m,True,2026-02-11T12:29:04.206392
2026-05-26,BKK,departure,08:10,MEL Melbourne,TG461,Thai Airways,8h 50m,True,2026-02-11T12:29:05.008553
2026-05-26,BKK,departure,08:10,USM Koh Samui,PG123,Bangkok Airways,1h 10m,True,2026-02-11T12:29:05.207964
2026-05-26,BKK,departure,08:15,DAD Da Nang,VZ964,Vietjet Thailand,1h 40m,True,2026-02-11T12:29:05.407659
2026-05-26,BKK,departure,08:15,TDX Trat,PG301,Bangkok Airways,1h 0m,True,2026-02-11T12:29:05.595420
2026-05-26,BKK,departure,08:20,HKT Phuket,VZ300,Vietjet Thailand,1h 30m,True,2026-02-11T12:29:05.811412
2026-05-26,BKK,departure,08:20,CAN Guangzhou,CZ362,China Southern,3h 0m,True,2026-02-11T12:29:06.030985
2026-05-26,BKK,departure,08:20,KBV Krabi,FD4402,Thai AirAsia,1h 30m,True,2026-02-11T12:29:06.230550
2026-05-26,BKK,departure,08:25,KIX Osaka,TG672,Thai Airways,5h 30m,True,2026-02-11T12:29:06.454486
2026-05-26,BKK,departure,08:25,TPE Taipei,TG632,Thai Airways,3h 40m,True,2026-02-11T12:29:06.667291
2026-05-26,BKK,departure,08:30,UTH Udon Thani,VZ200,Vietjet Thailand,1h 10m,True,2026-02-11T12:29:06.877773
2026-05-26,BKK,departure,08:30,CNX Chiang Mai,FD4104,Thai AirAsia,1h 20m,True,2026-02-11T12:29:07.086824
2026-05-26,BKK,departure,08:30,SYD Sydney,TG475,Thai Airways,9h 0m,True,2026-02-11T12:29:07.276148
2026-05-26,BKK,departure,08:40,DEL Delhi,AI2333,Air India,4h 25m,True,2026-02-11T12:29:07.455163
2026-05-26,BKK,departure,08:40,KTI Phnom Penh,VZ720,Vietjet Thailand,1h 15m,True,2026-02-11T12:29:07.646757
2026-05-26,BKK,departure,08:55,BOM Mumbai,6E1052,IndiGo,4h 25m,True,2026-02-11T12:29:07.836703
2026-05-26,BKK,departure,08:55,SHJ Sharjah,G9822,Air Arabia,6h 25m,True,2026-02-11T12:29:08.015855
2026-05-26,BKK,departure,08:55,TPE Taipei,VZ568,Vietjet Thailand,3h 50m,True,2026-02-11T12:29:08.188718
2026-05-26,BKK,departure,09:00,MCT Muscat,WY818,Oman Air,5h 50m,True,2026-02-11T12:29:08.394242
2026-05-26,BKK,departure,09:05,KUL Kuala Lumpur,TG415,Thai Airways,2h 10m,True,2026-02-11T12:29:08.614764
2026-05-26,BKK,departure,09:05,SIN Singapore,TR609,Scoot,2h 20m,True,2026-02-11T12:29:08.841224
2026-05-26,BKK,departure,09:05,DOH Doha,QR831,Qatar Airways,6h 35m,True,2026-02-11T12:29:09.050780
2026-05-26,BKK,departure,09:15,JJN Jinjiang,AQ1436,9 Air,2h 45m,True,2026-02-11T12:29:09.256840
2026-05-26,BKK,departure,09:15,AUH Abu Dhabi,EY403,Etihad,6h 20m,True,2026-02-11T12:29:09.464545
2026-05-26,BKK,departure,09:15,USM Koh Samui,PG115,Bangkok Airways,1h 30m,True,2026-02-11T12:29:09.665219
2026-05-26,BKK,departure,09:20,RGN Yangon,UB20,Myanmar National Airlines,1h 25m,True,2026-02-11T12:29:09.864536
2026-05-26,BKK,departure,09:20,SIN Singapore,SQ705,Singapore Airlines,2h 25m,True,2026-02-11T12:29:10.166039
2026-05-26,BKK,departure,09:20,PQC Phu Quoc,VZ980,Vietjet Thailand,1h 20m,True,2026-02-11T12:29:10.373083
2026-05-26,BKK,departure,09:25,MAA Chennai,6E1062,IndiGo,3h 15m,True,2026-02-11T12:29:10.585276
2026-05-26,BKK,departure,09:30,HKT Phuket,TG205,Thai Airways,1h 30m,True,2026-02-11T12:29:10.794707
2026-05-26,BKK,departure,09:30,DXB Dubai,EK375,Emirates,6h 30m,True,2026-02-11T12:29:11.171539
2026-05-26,BKK,departure,09:30,MCT Muscat,OV464,Salam Air,6h 30m,True,2026-02-11T12:29:11.458947
2026-05-26,BKK,departure,09:35,URT Surat Thani,VZ350,Vietjet Thailand,1h 15m,True,2026-02-11T12:29:11.743177
2026-05-26,BKK,departure,09:35,HND Tokyo,NH848,ANA,6h 25m,True,2026-02-11T12:29:12.008825
2026-05-26,BKK,departure,09:35,DPS Denpasar,TG431,Thai Airways,4h 20m,True,2026-02-11T12:29:12.295707
2026-05-26,BKK,departure,09:35,RGN Yangon,TG301,Thai Airways,1h 30m,True,2026-02-11T12:29:12.598209
2026-05-26,BKK,departure,09:40,VTE Vientiane,QV442,Lao Airlines,1h 15m,True,2026-02-11T12:29:12.914764
2026-05-26,BKK,departure,09:45,AUH Abu Dhabi,EY409,Etihad,6h 20m,True,2026-02-11T12:29:13.176504
2026-05-26,BKK,departure,09:45,HND Tokyo,JL32,JAL,6h 15m,True,2026-02-11T12:29:13.452708
2026-05-26,BKK,departure,09:50,PVG Shanghai,FM842,Shanghai Airlines,4h 35m,True,2026-02-11T12:29:13.739865
2026-05-26,BKK,departure,09:50,ICN Seoul,KE660,Korean Air,5h 30m,True,2026-02-11T12:29:14.038276
2026-05-26,BKK,departure,09:55,CNX Chiang Mai,PG223,Bangkok Airways,1h 20m,True,2026-02-11T12:29:14.371997
2026-05-26,BKK,departure,09:55,LPQ Luang Prabang,PG941,Bangkok Airways,2h 10m,True,2026-02-11T12:29:14.691271
2026-05-26,BKK,departure,09:55,USM Koh Samui,PG129,Bangkok Airways,1h 10m,True,2026-02-11T12:29:15.024194
2026-05-26,BKK,departure,09:55,CNX Chiang Mai,TG104,Thai Airways,1h 20m,True,2026-02-11T12:29:15.324641
2026-05-26,BKK,departure,09:55,CNX Chiang Mai,VZ102,Vietjet Thailand,1h 20m,True,2026-02-11T12:29:15.647910
2026-05-26,BKK,departure,10:00,PEK Beijing,TG614,Thai Airways,4h 45m,True,2026-02-11T12:29:15.979913
2026-05-26,BKK,departure,10:05,CCU Kolkata,6E1058,IndiGo,2h 40m,True,2026-02-11T12:29:16.290979
2026-05-26,BKK,departure,10:05,USM Koh Samui,PG125,Bangkok Airways,1h 10m,True,2026-02-11T12:29:16.590542
2026-05-26,BKK,departure,10:10,USM Koh Samui,PG127,Bangkok Airways,1h 30m,True,2026-02-11T12:29:16.888382
2026-05-26,BKK,departure,10:10,HKG Hong Kong,UO705,HK Express,3h 10m,True,2026-02-11T12:29:17.178868
2026-05-26,BKK,departure,10:15,RGN Yangon,8M336,MAI,1h 20m,True,2026-02-11T12:29:17.468844
2026-05-26,BKK,departure,10:15,ALA Almaty,KC932,Air Astana,6h 40m,True,2026-02-11T12:29:17.772325
2026-05-26,BKK,departure,10:15,KTM Kathmandu,TG319,Thai Airways,3h 25m,True,2026-02-11T12:29:18.060639
2026-05-26,BKK,departure,10:15,TFU Chengdu,TG618,Thai Airways,3h 10m,True,2026-02-11T12:29:18.401962
2026-05-26,BKK,departure,10:20,HKT Phuket,VZ304,Vietjet Thailand,1h 30m,True,2026-02-11T12:29:18.713075
2026-05-26,BKK,departure,10:30,NST Nakhon Si Thammarat,FD4231,Thai AirAsia,1h 25m,True,2026-02-11T12:29:19.028484
2026-05-26,BKK,departure,10:30,CAN Guangzhou,TG668,Thai Airways,3h 0m,True,2026-02-11T12:29:19.324311
2026-05-26,BKK,departure,10:30,KKC Khon Kaen,TG42,Thai Airways,1h 5m,True,2026-02-11T12:29:20.200934
2026-05-26,BKK,departure,10:30,HKG Hong Kong,TG628,Thai Airways,2h 50m,True,2026-02-11T12:29:20.451866
2026-05-26,BKK,departure,10:35,DAC Dhaka,TG321,Thai Airways,2h 35m,True,2026-02-11T12:29:20.697942
2026-05-26,BKK,departure,10:35,TAS Tashkent,C6526,Centrum Air,7h 0m,True,2026-02-11T12:29:20.925349
2026-05-26,BKK,departure,10:35,MFM Macau,NX995,Air Macau,2h 45m,True,2026-02-11T12:29:21.159292
2026-05-26,BKK,departure,10:40,HKT Phuket,PG275,Bangkok Airways,1h 30m,True,2026-02-11T12:29:21.378556
2026-05-26,BKK,departure,10:45,CNX Chiang Mai,FD4106,Thai AirAsia,1h 20m,True,2026-02-11T12:29:21.609019
2026-05-26,BKK,departure,10:45,KMG Kunming,TG612,Thai Airways,2h 15m,True,2026-02-11T12:29:21.833306
2026-05-26,BKK,departure,10:45,PVG Shanghai,TG664,Thai Airways,4h 15m,True,2026-02-11T12:29:22.076173
2026-05-26,BKK,departure,10:50,DEL Delhi,6E1064,IndiGo,4h 35m,True,2026-02-11T12:29:22.324205
2026-05-26,BKK,departure,10:50,DAD Da Nang,VZ960,Vietjet Thailand,1h 40m,True,2026-02-11T12:29:22.538351
2026-05-26,BKK,departure,10:50,NNG Nanning,GX8910,GX Airlines,2h 5m,True,2026-02-11T12:29:22.720826
2026-05-26,BKK,departure,10:50,TPE Taipei,CI834,China Airlines,3h 40m,True,2026-02-11T12:29:22.945710
2026-05-26,BKK,departure,10:50,HKT Phuket,TG207,Thai Airways,1h 30m,True,2026-02-11T12:29:23.174845
2026-05-26,BKK,departure,10:55,SAI Siem Reap,PG905,Bangkok Airways,1h 20m,True,2026-02-11T12:29:23.390650
2026-05-26,BKK,departure,10:55,SIN Singapore,TR625,Scoot,2h 30m,True,2026-02-11T12:29:23.616168
2026-05-26,BKK,departure,11:00,HDY Hat Yai,VZ324,Vietjet Thailand,1h 30m,True,2026-02-11T12:29:23.831498
2026-05-26,BKK,departure,11:00,HKG Hong Kong,CX750,Cathay Pacific,3h 10m,True,2026-02-11T12:29:24.065368
2026-05-26,BKK,departure,11:00,UBP Ubon Ratchathani,VZ220,Vietjet Thailand,1h 10m,True,2026-02-11T12:29:24.284343
2026-05-26,BKK,departure,11:05,HAK Haikou,HU7940,Hainan Airlines,2h 25m,True,2026-02-11T12:29:24.509252
2026-05-26,BKK,departure,11:05,KUL Kuala Lumpur,MH785,Malaysia Airlines,2h 10m,True,2026-02-11T12:29:24.722989
2026-05-26,BKK,departure,11:10,CNX Chiang Mai,FD4100,Thai AirAsia,1h 20m,True,2026-02-11T12:29:24.958184
2026-05-26,BKK,departure,11:15,SIN Singapore,TG413,Thai Airways,2h 15m,True,2026-02-11T12:29:25.169374
2026-05-26,BKK,departure,11:20,CAN Guangzhou,CZ358,China Southern,2h 50m,True,2026-02-11T12:29:25.380152
2026-05-26,BKK,departure,11:20,NAW Narathiwat,FD4252,Thai AirAsia,1h 35m,True,2026-02-11T12:29:25.597956
2026-05-26,BKK,departure,11:20,SGN Ho Chi Minh City,VN600,Vietnam Airlines,1h 45m,True,2026-02-11T12:29:25.819614
2026-05-26,BKK,departure,11:20,SHJ Sharjah,G9824,Air Arabia,6h 25m,True,2026-02-11T12:29:26.055284
2026-05-26,BKK,departure,11:25,MNL Manila,5J930,Cebu Pacific,3h 50m,True,2026-02-11T12:29:26.286340
2026-05-26,BKK,departure,11:25,KKC Khon Kaen,FD4501,Thai AirAsia,1h 10m,True,2026-02-11T12:29:26.540719
2026-05-26,BKK,departure,11:25,VTE Vientiane,TG570,Thai Airways,1h 15m,True,2026-02-11T12:29:26.960264
2026-05-26,BKK,departure,11:30,XIY Xian,9C6300,Spring Airlines,3h 50m,True,2026-02-11T12:29:27.246990
2026-05-26,BKK,departure,11:30,MDL Mandalay,8M338,MAI,1h 50m,True,2026-02-11T12:29:27.619190
2026-05-26,BKK,departure,11:30,SGN Ho Chi Minh City,VJ802,VietJet,1h 30m,True,2026-02-11T12:29:27.925923
2026-05-26,BKK,departure,11:35,KTI Phnom Penh,KR702,Cambodia Airways,1h 15m,True,2026-02-11T12:29:28.231339
2026-05-26,BKK,departure,11:35,CEI Chiang Rai,TG132,Thai Airways,1h 35m,True,2026-02-11T12:29:28.537919
2026-05-26,BKK,departure,11:40,CNX Chiang Mai,TG106,Thai Airways,1h 20m,True,2026-02-11T12:29:28.869049
2026-05-26,BKK,departure,11:40,TDX Trat,PG305,Bangkok Airways,1h 0m,True,2026-02-11T12:29:29.192408
2026-05-26,BKK,departure,11:40,USM Koh Samui,PG133,Bangkok Airways,1h 5m,True,2026-02-11T12:29:29.512988
2026-05-26,BKK,departure,11:45,NNG Nanning,9C7486,Spring Airlines,2h 20m,True,2026-02-11T12:29:29.844644
2026-05-26,BKK,departure,11:45,KHH Kaohsiung,TG630,Thai Airways,3h 30m,True,2026-02-11T12:29:30.155525
2026-05-26,BKK,departure,11:45,CKG Chongqing,HU424,Hainan Airlines,3h 20m,True,2026-02-11T12:29:30.503310
2026-05-26,BKK,departure,11:50,PVG Shanghai,FM854,Shanghai Airlines,4h 20m,True,2026-02-11T12:29:30.827026
2026-05-26,BKK,departure,11:50,AMS Amsterdam,BR75,EVA Air,12h 35m,True,2026-02-11T12:29:31.135487
2026-05-26,BKK,departure,11:55,HYD Hyderabad,6E1068,IndiGo,3h 30m,True,2026-02-11T12:29:31.487349
2026-05-26,BKK,departure,11:55,HAN Hanoi,VN610,Vietnam Airlines,1h 55m,True,2026-02-11T12:29:31.810004
2026-05-26,BKK,departure,12:00,FOC Fuzhou,9C7302,Spring Airlines,3h 30m,True,2026-02-11T12:29:32.131637
2026-05-26,BKK,departure,12:05,HKG Hong Kong,CX774,Cathay Pacific,3h 10m,True,2026-02-11T12:29:32.406435
2026-05-26,BKK,departure,12:05,AMS Amsterdam,KL844,KLM,12h 5m,True,2026-02-11T12:29:32.738288
2026-05-26,BKK,departure,12:10,SZX Shenzhen,ZH310,Shenzhen Airlines,2h 55m,True,2026-02-11T12:29:33.046779
2026-05-26,BKK,departure,12:15,SWA Jieyang,CZ8356,China Southern,3h 5m,True,2026-02-11T12:29:33.358541
2026-05-26,BKK,departure,12:15,XMN Xiamen,MF854,XiamenAir,3h 15m,True,2026-02-11T12:29:33.679688
2026-05-26,BKK,departure,12:15,SIN Singapore,SQ707,Singapore Airlines,2h 35m,True,2026-02-11T12:29:34.034759
2026-05-26,BKK,departure,12:15,UTH Udon Thani,TG4,Thai Airways,1h 10m,True,2026-02-11T12:29:34.374761
2026-05-26,BKK,departure,12:20,ICN Seoul,OZ744,Asiana,5h 20m,True,2026-02-11T12:29:34.686030
2026-05-26,BKK,departure,12:20,BLR Bengaluru,6E1056,IndiGo,3h 40m,True,2026-02-11T12:29:35.099226
2026-05-26,BKK,departure,12:20,LHR London,BR67,EVA Air,13h 0m,True,2026-02-11T12:29:35.437070
2026-05-26,BKK,departure,12:20,CNX Chiang Mai,FD4118,Thai AirAsia,1h 20m,True,2026-02-11T12:29:36.311849
2026-05-26,BKK,departure,12:20,HKT Phuket,FD4110,Thai AirAsia,1h 35m,True,2026-02-11T12:29:36.567152
2026-05-26,BKK,departure,12:20,CNX Chiang Mai,VZ110,Vietjet Thailand,1h 20m,True,2026-02-11T12:29:36.798798
2026-05-26,BKK,departure,12:25,CNX Chiang Mai,PG217,Bangkok Airways,1h 20m,True,2026-02-11T12:29:37.002178
2026-05-26,BKK,departure,12:25,FRA Frankfurt,TG922,Thai Airways,11h 35m,True,2026-02-11T12:29:37.227397
2026-05-26,BKK,departure,12:25,TPE Taipei,BR212,EVA Air,3h 50m,True,2026-02-11T12:29:37.448343
2026-05-26,BKK,departure,12:30,HDY Hat Yai,TG263,Thai Airways,1h 30m,True,2026-02-11T12:29:37.650970
2026-05-26,BKK,departure,12:30,HKG Hong Kong,CX754,Cathay Pacific,3h 10m,True,2026-02-11T12:29:37.854721
2026-05-26,BKK,departure,12:35,HKT Phuket,PG273,Bangkok Airways,1h 30m,True,2026-02-11T12:29:38.080794
2026-05-26,BKK,departure,12:35,LHR London,TG916,Thai Airways,12h 40m,True,2026-02-11T12:29:38.334648
2026-05-26,BKK,departure,12:40,CAN Guangzhou,CZ8080,China Southern,3h 0m,True,2026-02-11T12:29:38.575971
2026-05-26,BKK,departure,12:40,USM Koh Samui,PG135,Bangkok Airways,1h 5m,True,2026-02-11T12:29:38.804374
2026-05-26,BKK,departure,12:40,DPS Denpasar,TG439,Thai Airways,4h 20m,True,2026-02-11T12:29:39.051675
2026-05-26,BKK,departure,12:40,TPE Taipei,TG634,Thai Airways,3h 40m,True,2026-02-11T12:29:39.307776
2026-05-26,BKK,departure,12:40,SZX Shenzhen,CZ8076,China Southern,3h 0m,True,2026-02-11T12:29:39.541136
2026-05-26,BKK,departure,12:50,HGH Hangzhou,JD420,Capital Airlines,4h 0m,True,2026-02-11T12:29:39.811896
2026-05-26,BKK,departure,12:50,ZRH Zurich,LX181,SWISS,11h 45m,True,2026-02-11T12:29:40.061536
2026-05-26,BKK,departure,13:00,HND Tokyo,TG660,Thai Airways,6h 10m,True,2026-02-11T12:29:40.334522
2026-05-26,BKK,departure,13:05,NST Nakhon Si Thammarat,VZ334,Vietjet Thailand,1h 20m,True,2026-02-11T12:29:40.574597
2026-05-26,BKK,departure,13:05,KTI Phnom Penh,K6723,Air Cambodia,1h 15m,True,2026-02-11T12:29:40.822706
2026-05-26,BKK,departure,13:10,TPE Taipei,JX742,Starlux,3h 50m,True,2026-02-11T12:29:41.073101
2026-05-26,BKK,departure,13:10,HKT Phuket,VZ2300,Vietjet Thailand,1h 30m,True,2026-02-11T12:29:41.364287
2026-05-26,BKK,departure,13:15,UTH Udon Thani,VZ204,Vietjet Thailand,1h 10m,True,2026-02-11T12:29:41.625900
2026-05-26,BKK,departure,13:20,KMG Kunming,MU6088,China Eastern,2h 25m,True,2026-02-11T12:29:41.902910
2026-05-26,BKK,departure,13:20,TPE Taipei,CI832,China Airlines,3h 40m,True,2026-02-11T12:29:42.178664
2026-05-26,BKK,departure,13:20,SVO Moscow,SU273,Aeroflot,9h 40m,True,2026-02-11T12:29:42.443587
2026-05-26,BKK,departure,13:25,CEI Chiang Rai,VZ132,Vietjet Thailand,1h 25m,True,2026-02-11T12:29:42.674525
2026-05-26,BKK,departure,13:25,MNL Manila,PR731,PAL,3h 35m,True,2026-02-11T12:29:42.900669
2026-05-26,BKK,departure,13:30,CNX Chiang Mai,TG110,Thai Airways,1h 20m,True,2026-02-11T12:29:43.146770
2026-05-26,BKK,departure,13:30,BWN Bandar Seri Begawan,BI514,Royal Brunei Airlines,2h 45m,True,2026-02-11T12:29:43.423124
2026-05-26,BKK,departure,13:35,PVG Shanghai,MU542,China Eastern,4h 40m,True,2026-02-11T12:29:43.764826
2026-05-26,BKK,departure,13:40,CNX Chiang Mai,VZ106,Vietjet Thailand,1h 20m,True,2026-02-11T12:29:44.107641
2026-05-26,BKK,departure,13:40,USM Koh Samui,PG145,Bangkok Airways,1h 5m,True,2026-02-11T12:29:44.390417
2026-05-26,BKK,departure,13:45,TFU Chengdu,9C7502,Spring Airlines,3h 15m,True,2026-02-11T12:29:44.695537
2026-05-26,BKK,departure,13:45,CAN Guangzhou,CZ8100,China Southern,3h 0m,True,2026-02-11T12:29:44.996178
2026-05-26,BKK,departure,13:50,PVG Shanghai,9C7422,Spring Airlines,4h 15m,True,2026-02-11T12:29:45.308140
2026-05-26,BKK,departure,13:50,PEK Beijing,HU430,Hainan Airlines,5h 5m,True,2026-02-11T12:29:45.603043
2026-05-26,BKK,departure,13:50,SIN Singapore,TG407,Thai Airways,2h 15m,True,2026-02-11T12:29:45.878738
2026-05-26,BKK,departure,13:50,SGN Ho Chi Minh City,VJ804,VietJet,1h 30m,True,2026-02-11T12:29:46.179550
2026-05-26,BKK,departure,13:55,HND Tokyo,NH878,ANA,6h 20m,True,2026-02-11T12:29:46.490761
2026-05-26,BKK,departure,13:55,USM Koh Samui,PG149,Bangkok Airways,1h 30m,True,2026-02-11T12:29:46.813555
2026-05-26,BKK,departure,13:55,CMB Colombo,UL405,SriLankan Airlines,3h 20m,True,2026-02-11T12:29:47.138059
2026-05-26,BKK,departure,13:55,HKT Phuket,TG211,Thai Airways,1h 30m,True,2026-02-11T12:29:47.468644
2026-05-26,BKK,departure,14:00,HKG Hong Kong,EK384,Emirates,3h 5m,True,2026-02-11T12:29:47.761059
2026-05-26,BKK,departure,14:00,HAN Hanoi,VJ902,VietJet,1h 50m,True,2026-02-11T12:29:48.046079
2026-05-26,BKK,departure,14:00,HKG Hong Kong,TG638,Thai Airways,2h 45m,True,2026-02-11T12:29:48.357201
2026-05-26,BKK,departure,14:05,XIY Xian,9C6294,Spring Airlines,3h 50m,True,2026-02-11T12:29:48.719321
2026-05-26,BKK,departure,14:05,USM Koh Samui,PG147,Bangkok Airways,1h 5m,True,2026-02-11T12:29:49.088554
2026-05-26,BKK,departure,14:10,KKC Khon Kaen,TG44,Thai Airways,1h 0m,True,2026-02-11T12:29:49.482192
2026-05-26,BKK,departure,14:15,CGK Jakarta,GA867,Garuda Indonesia,3h 35m,True,2026-02-11T12:29:49.811677
2026-05-26,BKK,departure,14:15,CGK Jakarta,ET628,Ethiopian,3h 45m,True,2026-02-11T12:29:50.117931
2026-05-26,BKK,departure,14:15,KUL Kuala Lumpur,MH789,Malaysia Airlines,2h 15m,True,2026-02-11T12:29:50.413494
2026-05-26,BKK,departure,14:20,CGK Jakarta,TG435,Thai Airways,3h 35m,True,2026-02-11T12:29:50.736639
2026-05-26,BKK,departure,14:20,MNL Manila,TG624,Thai Airways,3h 25m,True,2026-02-11T12:29:51.033490
2026-05-26,BKK,departure,14:25,NGB Ningbo,9C7432,Spring Airlines,4h 15m,True,2026-02-11T12:29:51.303249
2026-05-26,BKK,departure,14:25,SGN Ho Chi Minh City,VN604,Vietnam Airlines,1h 50m,True,2026-02-11T12:29:52.123359
2026-05-26,BKK,departure,14:30,CEI Chiang Rai,FD4152,Thai AirAsia,1h 25m,True,2026-02-11T12:29:52.373757
2026-05-26,BKK,departure,14:30,SGN Ho Chi Minh City,VU130,Vietravel Airlines,1h 25m,True,2026-02-11T12:29:52.591970
2026-05-26,BKK,departure,14:30,KBV Krabi,VZ342,Vietjet Thailand,1h 25m,True,2026-02-11T12:29:52.798157
2026-05-26,BKK,departure,14:35,KBV Krabi,FD4400,Thai AirAsia,1h 35m,True,2026-02-11T12:29:52.997180
2026-05-26,BKK,departure,14:35,PQC Phu Quoc,VZ982,Vietjet Thailand,1h 20m,True,2026-02-11T12:29:53.226224
2026-05-26,BKK,departure,14:40,DAC Dhaka,BS218,US-Bangla Airlines,2h 40m,True,2026-02-11T12:29:53.433292
2026-05-26,BKK,departure,14:40,PNQ Pune,IX241,Air India Express,4h 15m,True,2026-02-11T12:29:53.635251
2026-05-26,BKK,departure,14:40,USM Koh Samui,PG151,Bangkok Airways,1h 5m,True,2026-02-11T12:29:53.839010
2026-05-26,BKK,departure,14:45,BOM Mumbai,AI2353,Air India,4h 40m,True,2026-02-11T12:29:54.028554
2026-05-26,BKK,departure,14:45,HKT Phuket,FD4112,Thai AirAsia,1h 30m,True,2026-02-11T12:29:54.220978
2026-05-26,BKK,departure,14:45,HKT Phuket,TG215,Thai Airways,1h 30m,True,2026-02-11T12:29:54.439954
2026-05-26,BKK,departure,14:45,UBP Ubon Ratchathani,VZ224,Vietjet Thailand,1h 10m,True,2026-02-11T12:29:54.628305
2026-05-26,BKK,departure,14:50,KJA Krasnojarsk,SU815,Aeroflot,7h 0m,True,2026-02-11T12:29:54.824432
2026-05-26,BKK,departure,14:55,CNX Chiang Mai,TG112,Thai Airways,1h 20m,True,2026-02-11T12:29:55.035446
2026-05-26,BKK,departure,15:00,SWA Jieyang,9C6194,Spring Airlines,2h 55m,True,2026-02-11T12:29:55.238998
2026-05-26,BKK,departure,15:00,HKG Hong Kong,CX654,Cathay Pacific,3h 5m,True,2026-02-11T12:29:55.483056
2026-05-26,BKK,departure,15:00,USM Koh Samui,PG157,Bangkok Airways,1h 30m,True,2026-02-11T12:29:55.739316
2026-05-26,BKK,departure,15:05,CAN Guangzhou,CZ5096,China Southern,3h 0m,True,2026-02-11T12:29:55.965209
2026-05-26,BKK,departure,15:05,CAN Guangzhou,KQ886,Kenya Airways,2h 55m,True,2026-02-11T12:29:56.181235
2026-05-26,BKK,departure,15:05,AUH Abu Dhabi,EY405,Etihad,7h 15m,True,2026-02-11T12:29:56.413030
2026-05-26,BKK,departure,15:15,DEL Delhi,AI2356,Air India,4h 30m,True,2026-02-11T12:29:56.643211
2026-05-26,BKK,departure,15:20,MFM Macau,NX935,Air Macau,2h 30m,True,2026-02-11T12:29:56.893741
2026-05-26,BKK,departure,15:25,CNX Chiang Mai,VZ108,Vietjet Thailand,1h 20m,True,2026-02-11T12:29:57.090205
2026-05-26,BKK,departure,15:25,HKT Phuket,VZ306,Vietjet Thailand,1h 30m,True,2026-02-11T12:29:57.297995
2026-05-26,BKK,departure,15:25,SIN Singapore,TR605,Scoot,2h 30m,True,2026-02-11T12:29:57.536910
2026-05-26,BKK,departure,15:25,RUH Riyadh,SV847,Saudia,7h 25m,True,2026-02-11T12:29:57.747709
2026-05-26,BKK,departure,15:30,SIN Singapore,SQ709,Singapore Airlines,2h 30m,True,2026-02-11T12:29:57.980228
2026-05-26,BKK,departure,15:30,UTH Udon Thani,VZ202,Vietjet Thailand,1h 10m,True,2026-02-11T12:29:58.238671
2026-05-26,BKK,departure,15:30,BFV Buri Ram,FD4511,Thai AirAsia,1h 5m,True,2026-02-11T12:29:58.564475
2026-05-26,BKK,departure,15:30,USM Koh Samui,PG165,Bangkok Airways,1h 5m,True,2026-02-11T12:29:58.918670
2026-05-26,BKK,departure,15:40,RGN Yangon,8M334,MAI,1h 20m,True,2026-02-11T12:29:59.281249
2026-05-26,BKK,departure,15:40,CNX Chiang Mai,FD4102,Thai AirAsia,1h 15m,True,2026-02-11T12:29:59.546285
2026-05-26,BKK,departure,15:45,LJG Lijiang,DR5042,Ruili Airlines,2h 40m,True,2026-02-11T12:29:59.828379
2026-05-26,BKK,departure,15:45,SGN Ho Chi Minh City,VJ800,VietJet,1h 30m,True,2026-02-11T12:30:00.099154
2026-05-26,BKK,departure,15:45,USM Koh Samui,PG171,Bangkok Airways,1h 5m,True,2026-02-11T12:30:00.370783
2026-05-26,BKK,departure,15:45,HKG Hong Kong,UA821,United,3h 0m,True,2026-02-11T12:30:00.641752
2026-05-26,BKK,departure,15:50,DAD Da Nang,VZ962,Vietjet Thailand,1h 40m,True,2026-02-11T12:30:00.983287
2026-05-26,BKK,departure,15:50,PVG Shanghai,9C7280,Spring Airlines,4h 25m,True,2026-02-11T12:30:01.288580
2026-05-26,BKK,departure,15:50,NKG Nanjing,JD620,Capital Airlines,4h 5m,True,2026-02-11T12:30:01.604449
2026-05-26,BKK,departure,15:55,HKG Hong Kong,HX776,Hong Kong Airlines,3h 0m,True,2026-02-11T12:30:01.919365
2026-05-26,BKK,departure,15:55,KMG Kunming,MU742,China Eastern,2h 30m,True,2026-02-11T12:30:02.211509
2026-05-26,BKK,departure,15:55,HAN Hanoi,VN614,Vietnam Airlines,1h 55m,True,2026-02-11T12:30:02.464286
2026-05-26,BKK,departure,15:55,CAN Guangzhou,CZ3082,China Southern,3h 5m,True,2026-02-11T12:30:02.740272
2026-05-26,BKK,departure,15:55,IKT Irkutsk,S76306,S7 Airlines,6h 25m,True,2026-02-11T12:30:03.026244
2026-05-26,BKK,departure,16:00,THS Sukhothai,PG213,Bangkok Airways,1h 20m,True,2026-02-11T12:30:03.307059
2026-05-26,BKK,departure,16:00,UBP Ubon Ratchathani,TG28,Thai Airways,1h 10m,True,2026-02-11T12:30:03.645659
2026-05-26,BKK,departure,16:00,USM Koh Samui,PG167,Bangkok Airways,1h 5m,True,2026-02-11T12:30:03.997340
2026-05-26,BKK,departure,16:05,TLV Tel Aviv-Yafo,LY84,El Al,10h 50m,True,2026-02-11T12:30:04.363018
2026-05-26,BKK,departure,16:10,HDY Hat Yai,FD4204,Thai AirAsia,1h 30m,True,2026-02-11T12:30:04.704992
2026-05-26,BKK,departure,16:15,USM Koh Samui,PG159,Bangkok Airways,1h 35m,True,2026-02-11T12:30:05.018629
2026-05-26,BKK,departure,16:15,HKG Hong Kong,UO701,HK Express,3h 0m,True,2026-02-11T12:30:05.345488
2026-05-26,BKK,departure,16:15,TDX Trat,PG307,Bangkok Airways,1h 0m,True,2026-02-11T12:30:05.687496
2026-05-26,BKK,departure,16:15,DAC Dhaka,BG389,Biman,2h 45m,True,2026-02-11T12:30:06.621718
2026-05-26,BKK,departure,16:25,HKG Hong Kong,CX706,Cathay Pacific,3h 0m,True,2026-02-11T12:30:06.947920
2026-05-26,BKK,departure,16:25,SIN Singapore,TG409,Thai Airways,2h 15m,True,2026-02-11T12:30:07.235575
2026-05-26,BKK,departure,16:35,CNX Chiang Mai,FD4108,Thai AirAsia,1h 20m,True,2026-02-11T12:30:07.472624
2026-05-26,BKK,departure,16:40,KUL Kuala Lumpur,TG417,Thai Airways,2h 10m,True,2026-02-11T12:30:07.696872
2026-05-26,BKK,departure,16:40,USM Koh Samui,PG169,Bangkok Airways,1h 5m,True,2026-02-11T12:30:07.978451
2026-05-26,BKK,departure,16:45,KWE Guiyang,AQ1208,9 Air,2h 5m,True,2026-02-11T12:30:08.240353
2026-05-26,BKK,departure,16:45,TPE Taipei,BR68,EVA Air,3h 45m,True,2026-02-11T12:30:08.444435
2026-05-26,BKK,departure,16:50,PVG Shanghai,FM834,Shanghai Airlines,4h 35m,True,2026-02-11T12:30:08.693096
2026-05-26,BKK,departure,17:00,HKT Phuket,PG277,Bangkok Airways,1h 30m,True,2026-02-11T12:30:08.929539
2026-05-26,BKK,departure,17:00,CEI Chiang Rai,TG136,Thai Airways,1h 20m,True,2026-02-11T12:30:09.169506
2026-05-26,BKK,departure,17:00,KTI Phnom Penh,VZ722,Vietjet Thailand,1h 15m,True,2026-02-11T12:30:09.392150
2026-05-26,BKK,departure,17:05,HKT Phuket,TG217,Thai Airways,1h 30m,True,2026-02-11T12:30:09.630426
2026-05-26,BKK,departure,17:05,RGN Yangon,TG303,Thai Airways,1h 25m,True,2026-02-11T12:30:09.873167
2026-05-26,BKK,departure,17:05,URT Surat Thani,VZ352,Vietjet Thailand,1h 15m,True,2026-02-11T12:30:10.118559
2026-05-26,BKK,departure,17:05,BLR Bengaluru,IX883,Air India Express,3h 55m,True,2026-02-11T12:30:10.358032
2026-05-26,BKK,departure,17:10,LYA Luoyang,UQ2642,Urumqi Airlines,4h 10m,True,2026-02-11T12:30:10.591781
2026-05-26,BKK,departure,17:10,DEL Delhi,6E1054,IndiGo,4h 20m,True,2026-02-11T12:30:10.841049
2026-05-26,BKK,departure,17:10,KTI Phnom Penh,K6725,Air Cambodia,1h 10m,True,2026-02-11T12:30:11.075152
2026-05-26,BKK,departure,17:15,TPE Taipei,TG636,Thai Airways,3h 55m,True,2026-02-11T12:30:11.317858
2026-05-26,BKK,departure,17:15,KUL Kuala Lumpur,MH783,Malaysia Airlines,2h 15m,True,2026-02-11T12:30:11.550946
2026-05-26,BKK,departure,17:20,KTI Phnom Penh,PG935,Bangkok Airways,1h 15m,True,2026-02-11T12:30:11.794609
2026-05-26,BKK,departure,17:25,SAI Siem Reap,PG907,Bangkok Airways,1h 20m,True,2026-02-11T12:30:12.021752
2026-05-26,BKK,departure,17:25,SZX Shenzhen,CZ8324,China Southern,3h 15m,True,2026-02-11T12:30:12.256933
2026-05-26,BKK,departure,17:30,USM Koh Samui,PG173,Bangkok Airways,1h 10m,True,2026-02-11T12:30:12.471023
2026-05-26,BKK,departure,17:30,HKG Hong Kong,CX708,Cathay Pacific,3h 0m,True,2026-02-11T12:30:12.716868
2026-05-26,BKK,departure,17:30,HGH Hangzhou,GJ8022,Loong Air,4h 5m,True,2026-02-11T12:30:12.937388
2026-05-26,BKK,departure,17:30,HKT Phuket,VZ2304,Vietjet Thailand,1h 30m,True,2026-02-11T12:30:13.154599
2026-05-26,BKK,departure,17:30,KKC Khon Kaen,VZ214,Vietjet Thailand,1h 5m,True,2026-02-11T12:30:13.387239
2026-05-26,BKK,departure,17:30,TPE Taipei,CI836,China Airlines,3h 35m,True,2026-02-11T12:30:13.695687
2026-05-26,BKK,departure,17:35,SGN Ho Chi Minh City,TG556,Thai Airways,1h 30m,True,2026-02-11T12:30:14.038186
2026-05-26,BKK,departure,17:35,KKC Khon Kaen,TG46,Thai Airways,1h 0m,True,2026-02-11T12:30:14.393824
2026-05-26,BKK,departure,17:40,HKT Phuket,FD4122,Thai AirAsia,1h 30m,True,2026-02-11T12:30:14.698237
2026-05-26,BKK,departure,17:40,XMN Xiamen,MF834,XiamenAir,3h 25m,True,2026-02-11T12:30:15.016665
2026-05-26,BKK,departure,17:50,TPE Taipei,JX746,Starlux,3h 50m,True,2026-02-11T12:30:15.351077
2026-05-26,BKK,departure,17:50,CNX Chiang Mai,PG219,Bangkok Airways,1h 20m,True,2026-02-11T12:30:15.656795
2026-05-26,BKK,departure,17:50,HAN Hanoi,TG564,Thai Airways,1h 50m,True,2026-02-11T12:30:15.980731
2026-05-26,BKK,departure,17:55,DEL Delhi,AI2335,Air India,4h 30m,True,2026-02-11T12:30:16.288466
2026-05-26,BKK,departure,17:55,CNX Chiang Mai,VZ122,Vietjet Thailand,1h 20m,True,2026-02-11T12:30:16.626796
2026-05-26,BKK,departure,18:00,CEI Chiang Rai,VZ134,Vietjet Thailand,1h 25m,True,2026-02-11T12:30:16.972010
2026-05-26,BKK,departure,18:00,SIN Singapore,TR611,Scoot,2h 25m,True,2026-02-11T12:30:17.279991
2026-05-26,BKK,departure,18:05,TFU Chengdu,3U3936,Sichuan Airlines,3h 5m,True,2026-02-11T12:30:17.554549
2026-05-26,BKK,departure,18:05,CAN Guangzhou,CZ8024,China Southern,3h 10m,True,2026-02-11T12:30:17.866731
2026-05-26,BKK,departure,18:05,DAD Da Nang,VN626,Vietnam Airlines,1h 40m,True,2026-02-11T12:30:18.231061
2026-05-26,BKK,departure,18:10,TAO Qingdao,QW918,Qingdao Airlines,4h 45m,True,2026-02-11T12:30:18.563370
2026-05-26,BKK,departure,18:10,HKG Hong Kong,TG602,Thai Airways,2h 50m,True,2026-02-11T12:30:18.896621
2026-05-26,BKK,departure,18:10,SYD Sydney,QF24,Qantas,9h 15m,True,2026-02-11T12:30:19.258195
2026-05-26,BKK,departure,18:20,TFU Chengdu,CA472,Air China,3h 15m,True,2026-02-11T12:30:19.579229
2026-05-26,BKK,departure,18:20,KHH Kaohsiung,CI840,China Airlines,3h 30m,True,2026-02-11T12:30:19.889378
2026-05-26,BKK,departure,18:20,HKT Phuket,FD4114,Thai AirAsia,1h 30m,True,2026-02-11T12:30:20.233259
2026-05-26,BKK,departure,18:25,TAO Qingdao,QW9898,Qingdao Airlines,4h 15m,True,2026-02-11T12:30:20.577782
2026-05-26,BKK,departure,18:25,SHJ Sharjah,G9817,Air Arabia,6h 25m,True,2026-02-11T12:30:20.903172
2026-05-26,BKK,departure,18:25,KBV Krabi,TG249,Thai Airways,1h 20m,True,2026-02-11T12:30:21.215842
2026-05-26,BKK,departure,18:25,VTE Vientiane,TG574,Thai Airways,1h 20m,True,2026-02-11T12:30:21.558391
2026-05-26,BKK,departure,18:30,HDY Hat Yai,TG267,Thai Airways,1h 30m,True,2026-02-11T12:30:21.869372
2026-05-26,BKK,departure,18:30,SIN Singapore,SQ711,Singapore Airlines,2h 25m,True,2026-02-11T12:30:22.148272
2026-05-26,BKK,departure,18:35,UTH Udon Thani,FD4352,Thai AirAsia,1h 15m,True,2026-02-11T12:30:22.923018
2026-05-26,BKK,departure,18:35,KTI Phnom Penh,TG584,Thai Airways,1h 20m,True,2026-02-11T12:30:23.169281
2026-05-26,BKK,departure,18:40,KBV Krabi,FD4408,Thai AirAsia,1h 35m,True,2026-02-11T12:30:23.406451
2026-05-26,BKK,departure,18:40,KUL Kuala Lumpur,MH775,Malaysia Airlines,2h 15m,True,2026-02-11T12:30:23.629253
2026-05-26,BKK,departure,18:45,HAN Hanoi,VJ904,VietJet,1h 40m,True,2026-02-11T12:30:23.850298
2026-05-26,BKK,departure,18:45,KBV Krabi,VZ344,Vietjet Thailand,1h 25m,True,2026-02-11T12:30:24.100615
2026-05-26,BKK,departure,18:50,PVG Shanghai,9C8892,Spring Airlines,4h 40m,True,2026-02-11T12:30:24.353565
2026-05-26,BKK,departure,18:50,DEL Delhi,TG315,Thai Airways,4h 30m,True,2026-02-11T12:30:24.609984
2026-05-26,BKK,departure,18:55,BOM Mumbai,TG317,Thai Airways,4h 30m,True,2026-02-11T12:30:24.846481
2026-05-26,BKK,departure,19:00,HKG Hong Kong,CX704,Cathay Pacific,2h 55m,True,2026-02-11T12:30:25.123035
2026-05-26,BKK,departure,19:00,CAN Guangzhou,CZ364,China Southern,3h 10m,True,2026-02-11T12:30:25.385487
2026-05-26,BKK,departure,19:00,KHI Karachi,TG341,Thai Airways,5h 0m,True,2026-02-11T12:30:25.631290
2026-05-26,BKK,departure,19:00,CNX Chiang Mai,VZ2106,Vietjet Thailand,1h 20m,True,2026-02-11T12:30:25.869976
2026-05-26,BKK,departure,19:05,HAN Hanoi,VN618,Vietnam Airlines,1h 55m,True,2026-02-11T12:30:26.074674
2026-05-26,BKK,departure,19:10,KKC Khon Kaen,FD4503,Thai AirAsia,1h 10m,True,2026-02-11T12:30:26.281319
2026-05-26,BKK,departure,19:10,PVG Shanghai,FM856,Shanghai Airlines,4h 55m,True,2026-02-11T12:30:26.466401
2026-05-26,BKK,departure,19:10,HKT Phuket,TG221,Thai Airways,1h 30m,True,2026-02-11T12:30:26.630186
2026-05-26,BKK,departure,19:10,SIN Singapore,TG401,Thai Airways,2h 20m,True,2026-02-11T12:30:26.813206
2026-05-26,BKK,departure,19:15,CNX Chiang Mai,TG120,Thai Airways,1h 15m,True,2026-02-11T12:30:26.988326
2026-05-26,BKK,departure,19:20,RGN Yangon,8M332,MAI,1h 20m,True,2026-02-11T12:30:27.170216
2026-05-26,BKK,departure,19:20,HAK Haikou,HU722,Hainan Airlines,2h 25m,True,2026-02-11T12:30:27.368505
2026-05-26,BKK,departure,19:20,USM Koh Samui,PG185,Bangkok Airways,1h 30m,True,2026-02-11T12:30:27.574078
2026-05-26,BKK,departure,19:20,PEN Penang,TG425,Thai Airways,1h 50m,True,2026-02-11T12:30:27.778488
2026-05-26,BKK,departure,19:25,USM Koh Samui,PG183,Bangkok Airways,1h 5m,True,2026-02-11T12:30:27.985774
2026-05-26,BKK,departure,19:30,KMG Kunming,KY8370,Kunming Airlines,2h 35m,True,2026-02-11T12:30:28.177974
2026-05-26,BKK,departure,19:30,SZX Shenzhen,ZH308,Shenzhen Airlines,2h 55m,True,2026-02-11T12:30:28.367932
2026-05-26,BKK,departure,19:30,SGN Ho Chi Minh City,VN606,Vietnam Airlines,1h 45m,True,2026-02-11T12:30:28.556172
2026-05-26,BKK,departure,19:30,MNL Manila,PR737,PAL,3h 35m,True,2026-02-11T12:30:28.745109
2026-05-26,BKK,departure,19:35,PEK Beijing,CA960,Air China,4h 50m,True,2026-02-11T12:30:28.946094
2026-05-26,BKK,departure,19:40,HKT Phuket,VZ308,Vietjet Thailand,1h 30m,True,2026-02-11T12:30:29.356350
2026-05-26,BKK,departure,19:40,MEL Melbourne,TG465,Thai Airways,8h 50m,True,2026-02-11T12:30:29.634344
2026-05-26,BKK,departure,19:40,DOH Doha,QR835,Qatar Airways,6h 35m,True,2026-02-11T12:30:29.915549
2026-05-26,BKK,departure,19:45,HKT Phuket,PG279,Bangkok Airways,1h 30m,True,2026-02-11T12:30:30.207218
2026-05-26,BKK,departure,19:45,UTH Udon Thani,TG8,Thai Airways,1h 10m,True,2026-02-11T12:30:30.466003
2026-05-26,BKK,departure,19:45,HKG Hong Kong,UO703,HK Express,2h 55m,True,2026-02-11T12:30:30.707797
2026-05-26,BKK,departure,19:45,HDY Hat Yai,VZ328,Vietjet Thailand,1h 30m,True,2026-02-11T12:30:30.993504
2026-05-26,BKK,departure,19:45,KUL Kuala Lumpur,MH781,Malaysia Airlines,2h 10m,True,2026-02-11T12:30:31.248417
2026-05-26,BKK,departure,19:50,LHE Lahore,TG345,Thai Airways,4h 40m,True,2026-02-11T12:30:31.509939
2026-05-26,BKK,departure,19:55,CKG Chongqing,3U3772,Sichuan Airlines,3h 15m,True,2026-02-11T12:30:31.775662
2026-05-26,BKK,departure,19:55,SGN Ho Chi Minh City,VJ806,VietJet,1h 30m,True,2026-02-11T12:30:32.038489
2026-05-26,BKK,departure,20:00,TPE Taipei,VZ570,Vietjet Thailand,3h 50m,True,2026-02-11T12:30:32.298503
2026-05-26,BKK,departure,20:00,AMD Ahmedabad,VZ750,Vietjet Thailand,4h 25m,True,2026-02-11T12:30:32.548885
2026-05-26,BKK,departure,20:05,USM Koh Samui,PG193,Bangkok Airways,1h 30m,True,2026-02-11T12:30:32.841090
2026-05-26,BKK,departure,20:10,SAI Siem Reap,EK370,Emirates,1h 20m,True,2026-02-11T12:30:33.133236
2026-05-26,BKK,departure,20:15,BOM Mumbai,6E1060,IndiGo,4h 25m,True,2026-02-11T12:30:33.419845
2026-05-26,BKK,departure,20:15,CNX Chiang Mai,FD4116,Thai AirAsia,1h 20m,True,2026-02-11T12:30:33.713118
2026-05-26,BKK,departure,20:15,HKT Phuket,FD4419,Thai AirAsia,1h 30m,True,2026-02-11T12:30:33.996366
2026-05-26,BKK,departure,20:15,BAH Bahrain,GF153,Gulf Air,6h 40m,True,2026-02-11T12:30:34.273860
2026-05-26,BKK,departure,20:15,SIN Singapore,SQ713,Singapore Airlines,2h 25m,True,2026-02-11T12:30:34.526218
2026-05-26,BKK,departure,20:20,CAN Guangzhou,CZ8020,China Southern,3h 0m,True,2026-02-11T12:30:34.799492
2026-05-26,BKK,departure,20:30,DOH Doha,QR829,Qatar Airways,6h 35m,True,2026-02-11T12:30:35.058508
2026-05-26,BKK,departure,20:35,KMG Kunming,KY8368,Kunming Airlines,2h 5m,True,2026-02-11T12:30:35.289331
2026-05-26,BKK,departure,20:35,SIN Singapore,TR617,Scoot,2h 30m,True,2026-02-11T12:30:35.534385
2026-05-26,BKK,departure,20:40,CNX Chiang Mai,VZ118,Vietjet Thailand,1h 20m,True,2026-02-11T12:30:36.225222
2026-05-26,BKK,departure,20:45,RGN Yangon,8M351,MAI,1h 20m,True,2026-02-11T12:30:36.430458
2026-05-26,BKK,departure,20:50,KMG Kunming,MU9614,China Eastern,2h 30m,True,2026-02-11T12:30:36.620316
2026-05-26,BKK,departure,20:50,VTE Vientiane,QV446,Lao Airlines,1h 0m,True,2026-02-11T12:30:36.830904
2026-05-26,BKK,departure,21:00,AUH Abu Dhabi,EY407,Etihad,6h 30m,True,2026-02-11T12:30:37.051305
2026-05-26,BKK,departure,21:00,AMD Ahmedabad,TG343,Thai Airways,4h 40m,True,2026-02-11T12:30:37.254436
2026-05-26,BKK,departure,21:00,HKT Phuket,VZ312,Vietjet Thailand,1h 30m,True,2026-02-11T12:30:37.481743
2026-05-26,BKK,departure,21:05,SGN Ho Chi Minh City,VN608,Vietnam Airlines,1h 55m,True,2026-02-11T12:30:37.682199
2026-05-26,BKK,departure,21:05,BOM Mumbai,VZ760,Vietjet Thailand,4h 15m,True,2026-02-11T12:30:37.888056
2026-05-26,BKK,departure,21:10,DXB Dubai,EK373,Emirates,6h 40m,True,2026-02-11T12:30:38.101702
2026-05-26,BKK,departure,21:15,SIN Singapore,SQ719,Singapore Airlines,2h 20m,True,2026-02-11T12:30:38.306413
2026-05-26,BKK,departure,21:15,KTM Kathmandu,TG309,Thai Airways,3h 25m,True,2026-02-11T12:30:38.531484
2026-05-26,BKK,departure,21:30,HKT Phuket,PG287,Bangkok Airways,1h 30m,True,2026-02-11T12:30:38.756105
2026-05-26,BKK,departure,21:35,HND Tokyo,NH850,ANA,6h 25m,True,2026-02-11T12:30:38.985270
2026-05-26,BKK,departure,21:40,TFU Chengdu,EU2868,Chengdu Airlines,3h 0m,True,2026-02-11T12:30:39.219638
2026-05-26,BKK,departure,21:40,BNE Brisbane,JQ66,Jetstar,8h 50m,True,2026-02-11T12:30:39.435106
2026-05-26,BKK,departure,21:40,ICN Seoul,KE658,Korean Air,5h 25m,True,2026-02-11T12:30:39.641881
2026-05-26,BKK,departure,21:40,CMB Colombo,TG307,Thai Airways,3h 45m,True,2026-02-11T12:30:39.864756
2026-05-26,BKK,departure,21:40,RGN Yangon,UB18,Myanmar National Airlines,1h 25m,True,2026-02-11T12:30:40.075672
2026-05-26,BKK,departure,21:50,BLR Bengaluru,TG325,Thai Airways,3h 35m,True,2026-02-11T12:30:40.299794
2026-05-26,BKK,departure,21:50,HYD Hyderabad,TG329,Thai Airways,3h 30m,True,2026-02-11T12:30:40.545027
2026-05-26,BKK,departure,21:55,CAN Guangzhou,9C7420,Spring Airlines,3h 5m,True,2026-02-11T12:30:40.793481
2026-05-26,BKK,departure,21:55,PVG Shanghai,FM840,Shanghai Airlines,4h 50m,True,2026-02-11T12:30:41.017833
2026-05-26,BKK,departure,21:55,MAA Chennai,TG337,Thai Airways,3h 20m,True,2026-02-11T12:30:41.238260
2026-05-26,BKK,departure,21:55,CNX Chiang Mai,VZ2104,Vietjet Thailand,1h 20m,True,2026-02-11T12:30:41.468986
2026-05-26,BKK,departure,22:00,HKG Hong Kong,HX766,Hong Kong Airlines,3h 15m,True,2026-02-11T12:30:41.723039
2026-05-26,BKK,departure,22:05,HND Tokyo,JL34,JAL,6h 15m,True,2026-02-11T12:30:41.941687
2026-05-26,BKK,departure,22:10,NRT Tokyo,TG640,Thai Airways,6h 10m,True,2026-02-11T12:30:42.163115
2026-05-26,BKK,departure,22:15,HAN Hanoi,VN616,Vietnam Airlines,1h 55m,True,2026-02-11T12:30:42.407068
2026-05-26,BKK,departure,22:15,HKT Phuket,VZ316,Vietjet Thailand,1h 30m,True,2026-02-11T12:30:42.737568
2026-05-26,BKK,departure,22:20,ICN Seoul,BX728,Air Busan,5h 45m,True,2026-02-11T12:30:43.031893
2026-05-26,BKK,departure,22:20,SYD Sydney,TG471,Thai Airways,9h 0m,True,2026-02-11T12:30:43.390311
2026-05-26,BKK,departure,22:25,ICN Seoul,LJ2,Jin Air,5h 40m,True,2026-02-11T12:30:43.654933
2026-05-26,BKK,departure,22:25,DEL Delhi,AI2303,Air India,4h 45m,True,2026-02-11T12:30:43.953970
2026-05-26,BKK,departure,22:35,FRA Frankfurt,DE2363,Condor,12h 25m,True,2026-02-11T12:30:44.248008
2026-05-26,BKK,departure,22:45,HND Tokyo,TG682,Thai Airways,6h 10m,True,2026-02-11T12:30:44.514427
2026-05-26,BKK,departure,22:45,ICN Seoul,YP602,Air Premia,5h 30m,True,2026-02-11T12:30:44.778909
2026-05-26,BKK,departure,22:45,IST Istanbul,TK69,Turkish Airlines,10h 0m,True,2026-02-11T12:30:45.074403
2026-05-26,BKK,departure,22:45,MFM Macau,NX991,Air Macau,2h 45m,True,2026-02-11T12:30:45.350987
2026-05-26,BKK,departure,22:50,CRK Angeles,5J944,Cebu Pacific,3h 25m,True,2026-02-11T12:30:45.616730
2026-05-26,BKK,departure,22:55,MUC Munich,LH773,Lufthansa,11h 20m,True,2026-02-11T12:30:45.903956
2026-05-26,BKK,departure,22:55,SIN Singapore,TR615,Scoot,2h 30m,True,2026-02-11T12:30:46.178939
2026-05-26,BKK,departure,22:55,PUS Busan,BX726,Air Busan,5h 25m,True,2026-02-11T12:30:46.459875
2026-05-26,BKK,departure,23:10,ICN Seoul,TG658,Thai Airways,5h 25m,True,2026-02-11T12:30:46.734124
2026-05-26,BKK,departure,23:10,NRT Tokyo,ZG52,Zipair,6h 20m,True,2026-02-11T12:30:47.011387
2026-05-26,BKK,departure,23:15,DEL Delhi,TG331,Thai Airways,4h 30m,True,2026-02-11T12:30:47.293431
2026-05-26,BKK,departure,23:25,RGN Yangon,8M373,MAI,1h 20m,True,2026-02-11T12:30:47.584866
2026-05-26,BKK,departure,23:30,ICN Seoul,TG656,Thai Airways,5h 25m,True,2026-02-11T12:30:47.861873
2026-05-26,BKK,departure,23:30,ICN Seoul,KE652,Korean Air,5h 25m,True,2026-02-11T12:30:48.142400
2026-05-26,BKK,departure,23:35,IST Istanbul,TG900,Thai Airways,10h 0m,True,2026-02-11T12:30:48.443408
2026-05-26,BKK,departure,23:35,NRT Tokyo,VZ830,Vietjet Thailand,6h 20m,True,2026-02-11T12:30:48.755539
2026-05-26,BKK,departure,23:40,VIE Vienna,OS8,Austrian,10h 55m,True,2026-02-11T12:30:49.050663
2026-05-26,BKK,departure,23:40,MNL Manila,PR733,PAL,3h 25m,True,2026-02-11T12:30:49.341368
2026-05-26,BKK,departure,23:45,CCU Kolkata,TG313,Thai Airways,2h 30m,True,2026-02-11T12:30:49.656081
2026-05-26,BKK,departure,23:45,CTS Sapporo,TG670,Thai Airways,6h 45m,True,2026-02-11T12:30:49.973572
2026-05-26,BKK,departure,23:45,FRA Frankfurt,TG920,Thai Airways,11h 30m,True,2026-02-11T12:30:50.804143
2026-05-26,BKK,departure,23:50,DAC Dhaka,TG339,Thai Airways,2h 35m,True,2026-02-11T12:30:51.045652
2026-05-26,BKK,departure,23:50,NRT Tokyo,TG642,Thai Airways,6h 20m,True,2026-02-11T12:30:51.297115
2026-05-26,BKK,departure,23:55,TLV Tel Aviv-Yafo,LY82,El Al,10h 50m,True,2026-02-11T12:30:51.517104
2026-05-26,BKK,departure,23:59,KIX Osaka,TG622,Thai Airways,5h 31m,True,2026-02-11T12:30:51.733030
2026-05-26,BKK,arrival,00:00,PVG Shanghai,9C8755,Spring Airlines,5h 5m,True,2026-02-11T12:31:49.902113
2026-05-26,BKK,arrival,00:05,JED Jeddah,SV848,Saudia,8h 15m,True,2026-02-11T12:31:50.120678
2026-05-26,BKK,arrival,00:10,ICN Seoul,7C2503,Jeju Air,6h 5m,True,2026-02-11T12:31:50.332927
2026-05-26,BKK,arrival,00:10,PEK Beijing,CA979,Air China,5h 5m,True,2026-02-11T12:31:50.547062
2026-05-26,BKK,arrival,00:15,TFU Chengdu,3U3937,Sichuan Airlines,3h 20m,True,2026-02-11T12:31:50.767224
2026-05-26,BKK,arrival,00:25,HKG Hong Kong,HX779,Hong Kong Airlines,3h 20m,True,2026-02-11T12:31:51.010380
2026-05-26,BKK,arrival,00:30,PVG Shanghai,HO1351,Juneyao Airlines,4h 35m,True,2026-02-11T12:31:51.206325
2026-05-26,BKK,arrival,00:40,PVG Shanghai,MU547,China Eastern,4h 40m,True,2026-02-11T12:31:51.413325
2026-05-26,BKK,arrival,00:50,HAN Hanoi,ET609,Ethiopian,1h 30m,True,2026-02-11T12:31:51.649279
2026-05-26,BKK,arrival,00:50,HKG Hong Kong,HX759,Hong Kong Airlines,3h 0m,True,2026-02-11T12:31:51.864612
2026-05-26,BKK,arrival,00:50,KWI Kuwait,KU413,Kuwait Airways,7h 5m,True,2026-02-11T12:31:52.046383
2026-05-26,BKK,arrival,00:50,XMN Xiamen,MF843,XiamenAir,3h 30m,True,2026-02-11T12:31:52.271525
2026-05-26,BKK,arrival,01:05,ICN Seoul,KE655,Korean Air,5h 50m,True,2026-02-11T12:31:52.495638
2026-05-26,BKK,arrival,01:05,TAE Daegu,TW105,T´Way Air,5h 40m,True,2026-02-11T12:31:52.707209
2026-05-26,BKK,arrival,01:10,TPE Taipei,BR61,EVA Air,3h 40m,True,2026-02-11T12:31:52.929949
2026-05-26,BKK,arrival,01:10,DAD Da Nang,EK371,Emirates,1h 40m,True,2026-02-11T12:31:53.147073
2026-05-26,BKK,arrival,01:10,NKG Nanjing,MU2803,China Eastern,4h 0m,True,2026-02-11T12:31:53.358515
2026-05-26,BKK,arrival,01:15,CAN Guangzhou,MU2077,China Eastern,3h 10m,True,2026-02-11T12:31:53.580871
2026-05-26,BKK,arrival,01:20,XIY Xian,9C6251,Spring Airlines,4h 10m,True,2026-02-11T12:31:53.801901
2026-05-26,BKK,arrival,01:25,RGN Yangon,8M390,MAI,1h 20m,True,2026-02-11T12:31:54.023276
2026-05-26,BKK,arrival,01:25,TPE Taipei,CI837,China Airlines,3h 45m,True,2026-02-11T12:31:54.238164
2026-05-26,BKK,arrival,01:30,CAN Guangzhou,CZ3035,China Southern,2h 55m,True,2026-02-11T12:31:54.455219
2026-05-26,BKK,arrival,01:40,HKG Hong Kong,HX767,Hong Kong Airlines,3h 0m,True,2026-02-11T12:31:54.670035
2026-05-26,BKK,arrival,01:50,MNL Manila,5J931,Cebu Pacific,3h 40m,True,2026-02-11T12:31:54.875853
2026-05-26,BKK,arrival,01:55,PVG Shanghai,FM841,Shanghai Airlines,5h 0m,True,2026-02-11T12:31:55.086485
2026-05-26,BKK,arrival,02:15,SZX Shenzhen,ZH305,Shenzhen Airlines,3h 0m,True,2026-02-11T12:31:55.306755
2026-05-26,BKK,arrival,03:00,DEL Delhi,SG87,SpiceJet,4h 10m,True,2026-02-11T12:31:55.548069
2026-05-26,BKK,arrival,03:05,XIY Xian,GJ8907,Loong Air,4h 10m,True,2026-02-11T12:31:55.791728
2026-05-26,BKK,arrival,03:15,BBI Bhubaneswar,6E1065,IndiGo,2h 40m,True,2026-02-11T12:31:56.027901
2026-05-26,BKK,arrival,03:20,WUH Wuhan,MU2563,China Eastern,4h 25m,True,2026-02-11T12:31:56.378954
2026-05-26,BKK,arrival,04:05,PVG Shanghai,FM847,Shanghai Airlines,4h 50m,True,2026-02-11T12:31:56.694114
2026-05-26,BKK,arrival,04:30,CIT Shymkent,DV469,SCAT Airlines,6h 0m,True,2026-02-11T12:31:57.078753
2026-05-26,BKK,arrival,04:35,HND Tokyo,NH849,ANA,6h 30m,True,2026-02-11T12:31:57.375826
2026-05-26,BKK,arrival,04:40,KIX Osaka,JL727,JAL,5h 45m,True,2026-02-11T12:31:57.658128
2026-05-26,BKK,arrival,04:50,HND Tokyo,TG661,Thai Airways,6h 30m,True,2026-02-11T12:31:57.971676
2026-05-26,BKK,arrival,05:00,KHV Khabarovsk,SU654,Aeroflot,7h 55m,True,2026-02-11T12:31:58.302268
2026-05-26,BKK,arrival,05:05,CCU Kolkata,VZ771,Vietjet Thailand,2h 35m,True,2026-02-11T12:31:58.624922
2026-05-26,BKK,arrival,05:10,KTM Kathmandu,TG310,Thai Airways,3h 30m,True,2026-02-11T12:31:58.919721
2026-05-26,BKK,arrival,05:10,IST Istanbul,TK58,Turkish Airlines,9h 20m,True,2026-02-11T12:31:59.192298
2026-05-26,BKK,arrival,05:25,DEL Delhi,TG316,Thai Airways,4h 25m,True,2026-02-11T12:31:59.471560
2026-05-26,BKK,arrival,05:30,HEL Helsinki,AY141,Finnair,11h 25m,True,2026-02-11T12:31:59.807222
2026-05-26,BKK,arrival,05:30,ZRH Zurich,TG971,Thai Airways,11h 0m,True,2026-02-11T12:32:00.105072
2026-05-26,BKK,arrival,05:35,BOM Mumbai,TG318,Thai Airways,4h 30m,True,2026-02-11T12:32:00.392899
2026-05-26,BKK,arrival,05:35,BRU Brussels,TG935,Thai Airways,11h 5m,True,2026-02-11T12:32:00.684237
2026-05-26,BKK,arrival,05:40,IST Istanbul,TG901,Thai Airways,9h 10m,True,2026-02-11T12:32:00.967997
2026-05-26,BKK,arrival,05:50,HND Tokyo,JL33,JAL,6h 30m,True,2026-02-11T12:32:01.253274
2026-05-26,BKK,arrival,05:50,ARN Stockholm,TG961,Thai Airways,11h 0m,True,2026-02-11T12:32:01.540190
2026-05-26,BKK,arrival,05:50,AMD Ahmedabad,VZ751,Vietjet Thailand,4h 25m,True,2026-02-11T12:32:01.840094
2026-05-26,BKK,arrival,05:55,CDG Paris,TG931,Thai Airways,11h 15m,True,2026-02-11T12:32:02.148263
2026-05-26,BKK,arrival,05:55,MXP Milan,TG941,Thai Airways,10h 50m,True,2026-02-11T12:32:02.463535
2026-05-26,BKK,arrival,06:00,HND Tokyo,NH877,ANA,6h 30m,True,2026-02-11T12:32:02.782927
2026-05-26,BKK,arrival,06:00,CPH Copenhagen,TG951,Thai Airways,10h 35m,True,2026-02-11T12:32:03.121948
2026-05-26,BKK,arrival,06:00,LHR London,TG911,Thai Airways,11h 30m,True,2026-02-11T12:32:03.426439
2026-05-26,BKK,arrival,06:00,MEL Melbourne,TG462,Thai Airways,9h 30m,True,2026-02-11T12:32:03.761896
2026-05-26,BKK,arrival,06:05,MUC Munich,TG925,Thai Airways,10h 40m,True,2026-02-11T12:32:04.101652
2026-05-26,BKK,arrival,06:10,CCU Kolkata,TG314,Thai Airways,2h 40m,True,2026-02-11T12:32:08.777626
2026-05-26,BKK,arrival,06:10,CMB Colombo,TG308,Thai Airways,3h 45m,True,2026-02-11T12:32:09.031374
2026-05-26,BKK,arrival,06:10,LHE Lahore,TG346,Thai Airways,4h 30m,True,2026-02-11T12:32:09.296820
2026-05-26,BKK,arrival,06:10,MAA Chennai,TG338,Thai Airways,3h 30m,True,2026-02-11T12:32:09.539135
2026-05-26,BKK,arrival,06:15,AUH Abu Dhabi,EY408,Etihad,6h 35m,True,2026-02-11T12:32:09.813836
2026-05-26,BKK,arrival,06:15,DAC Dhaka,TG340,Thai Airways,2h 30m,True,2026-02-11T12:32:10.080430
2026-05-26,BKK,arrival,06:15,HYD Hyderabad,TG330,Thai Airways,3h 35m,True,2026-02-11T12:32:10.318742
2026-05-26,BKK,arrival,06:15,OSL Oslo,TG955,Thai Airways,11h 30m,True,2026-02-11T12:32:10.570242
2026-05-26,BKK,arrival,06:15,CMB Colombo,UL402,SriLankan Airlines,3h 40m,True,2026-02-11T12:32:10.838138
2026-05-26,BKK,arrival,06:20,BLR Bengaluru,TG326,Thai Airways,3h 55m,True,2026-02-11T12:32:11.110546
2026-05-26,BKK,arrival,06:25,FRA Frankfurt,TG921,Thai Airways,10h 40m,True,2026-02-11T12:32:11.371353
2026-05-26,BKK,arrival,06:25,ISB Islamabad,TG350,Thai Airways,5h 5m,True,2026-02-11T12:32:11.590676
2026-05-26,BKK,arrival,06:35,TAS Tashkent,C6525,Centrum Air,7h 0m,True,2026-02-11T12:32:11.849685
2026-05-26,BKK,arrival,06:40,TAS Tashkent,HY531,Uzbekistan Airways,6h 10m,True,2026-02-11T12:32:12.086971
2026-05-26,BKK,arrival,06:40,BOM Mumbai,VZ761,Vietjet Thailand,4h 25m,True,2026-02-11T12:32:12.317442
2026-05-26,BKK,arrival,06:45,AUH Abu Dhabi,EY402,Etihad,6h 35m,True,2026-02-11T12:32:12.583035
2026-05-26,BKK,arrival,06:50,MCT Muscat,WY817,Oman Air,6h 5m,True,2026-02-11T12:32:12.796039
2026-05-26,BKK,arrival,07:00,AMD Ahmedabad,TG344,Thai Airways,4h 25m,True,2026-02-11T12:32:13.029092
2026-05-26,BKK,arrival,07:05,DOH Doha,QR830,Qatar Airways,6h 55m,True,2026-02-11T12:32:13.257734
2026-05-26,BKK,arrival,07:15,USM Koh Samui,PG100,Bangkok Airways,1h 15m,True,2026-02-11T12:32:13.507834
2026-05-26,BKK,arrival,07:35,DXB Dubai,EK374,Emirates,6h 5m,True,2026-02-11T12:32:13.738481
2026-05-26,BKK,arrival,07:40,DEL Delhi,AI2336,Air India,4h 30m,True,2026-02-11T12:32:13.983227
2026-05-26,BKK,arrival,07:50,SHJ Sharjah,G9821,Air Arabia,6h 35m,True,2026-02-11T12:32:14.230762
2026-05-26,BKK,arrival,07:55,BLR Bengaluru,6E1055,IndiGo,4h 5m,True,2026-02-11T12:32:14.476574
2026-05-26,BKK,arrival,07:55,CNX Chiang Mai,FD4105,Thai AirAsia,1h 20m,True,2026-02-11T12:32:14.690024
2026-05-26,BKK,arrival,07:55,CNX Chiang Mai,VZ2105,Vietjet Thailand,1h 20m,True,2026-02-11T12:32:14.948391
2026-05-26,BKK,arrival,08:05,SIN Singapore,SQ706,Singapore Airlines,2h 25m,True,2026-02-11T12:32:15.169571
2026-05-26,BKK,arrival,08:05,SIN Singapore,TR608,Scoot,2h 35m,True,2026-02-11T12:32:15.398476
2026-05-26,BKK,arrival,08:30,MCT Muscat,OV463,Salam Air,6h 0m,True,2026-02-11T12:32:15.635941
2026-05-26,BKK,arrival,08:35,RGN Yangon,UB19,Myanmar National Airlines,1h 25m,True,2026-02-11T12:32:15.970018
2026-05-26,BKK,arrival,08:40,VTE Vientiane,QV441,Lao Airlines,1h 15m,True,2026-02-11T12:32:16.260820
2026-05-26,BKK,arrival,08:40,BOM Mumbai,TG352,Thai Airways,4h 30m,True,2026-02-11T12:32:16.535326
2026-05-26,BKK,arrival,08:55,ALA Almaty,KC931,Air Astana,6h 40m,True,2026-02-11T12:32:16.841169
2026-05-26,BKK,arrival,08:55,PEN Penang,TG426,Thai Airways,1h 50m,True,2026-02-11T12:32:17.145686
2026-05-26,BKK,arrival,09:00,HKT Phuket,VZ317,Vietjet Thailand,1h 30m,True,2026-02-11T12:32:17.429668
2026-05-26,BKK,arrival,09:05,MAA Chennai,6E1061,IndiGo,3h 35m,True,2026-02-11T12:32:17.729113
2026-05-26,BKK,arrival,09:05,USM Koh Samui,PG102,Bangkok Airways,1h 15m,True,2026-02-11T12:32:18.387901
2026-05-26,BKK,arrival,09:10,HKT Phuket,PG270,Bangkok Airways,1h 35m,True,2026-02-11T12:32:18.815174
2026-05-26,BKK,arrival,09:15,RGN Yangon,8M335,MAI,1h 20m,True,2026-02-11T12:32:19.215062
2026-05-26,BKK,arrival,09:15,DEL Delhi,TG332,Thai Airways,4h 25m,True,2026-02-11T12:32:19.599908
2026-05-26,BKK,arrival,09:15,NST Nakhon Si Thammarat,VZ331,Vietjet Thailand,1h 15m,True,2026-02-11T12:32:20.011482
2026-05-26,BKK,arrival,09:20,SIN Singapore,TG402,Thai Airways,2h 20m,True,2026-02-11T12:32:20.364593
2026-05-26,BKK,arrival,09:25,HKG Hong Kong,UO704,HK Express,3h 0m,True,2026-02-11T12:32:20.691568
2026-05-26,BKK,arrival,09:25,CNX Chiang Mai,VZ101,Vietjet Thailand,1h 20m,True,2026-02-11T12:32:21.007846
2026-05-26,BKK,arrival,09:30,AMS Amsterdam,KL843,KLM,11h 15m,True,2026-02-11T12:32:21.323175
2026-05-26,BKK,arrival,09:30,HKG Hong Kong,TG603,Thai Airways,2h 40m,True,2026-02-11T12:32:21.616832
2026-05-26,BKK,arrival,09:35,MFM Macau,NX996,Air Macau,2h 55m,True,2026-02-11T12:32:21.932282
2026-05-26,BKK,arrival,09:35,KKC Khon Kaen,TG41,Thai Airways,1h 5m,True,2026-02-11T12:32:22.221220
2026-05-26,BKK,arrival,09:35,HKG Hong Kong,UA820,United,2h 55m,True,2026-02-11T12:32:22.501184
2026-05-26,BKK,arrival,09:45,TPE Taipei,CI833,China Airlines,3h 45m,True,2026-02-11T12:32:22.791138
2026-05-26,BKK,arrival,09:45,BAH Bahrain,GF152,Gulf Air,7h 0m,True,2026-02-11T12:32:23.186205
2026-05-26,BKK,arrival,09:45,KKC Khon Kaen,VZ211,Vietjet Thailand,1h 5m,True,2026-02-11T12:32:23.482988
2026-05-26,BKK,arrival,09:50,NNG Nanning,GX8909,GX Airlines,2h 20m,True,2026-02-11T12:32:23.796325
2026-05-26,BKK,arrival,09:50,ZRH Zurich,LX180,SWISS,10h 55m,True,2026-02-11T12:32:24.085941
2026-05-26,BKK,arrival,09:50,UTH Udon Thani,TG3,Thai Airways,1h 10m,True,2026-02-11T12:32:24.370810
2026-05-26,BKK,arrival,09:55,SIN Singapore,TR624,Scoot,2h 35m,True,2026-02-11T12:32:24.673927
2026-05-26,BKK,arrival,09:55,CEI Chiang Rai,VZ131,Vietjet Thailand,1h 25m,True,2026-02-11T12:32:25.488342
2026-05-26,BKK,arrival,10:00,HKG Hong Kong,CX705,Cathay Pacific,3h 0m,True,2026-02-11T12:32:25.714024
2026-05-26,BKK,arrival,10:00,CEI Chiang Rai,FD4151,Thai AirAsia,1h 25m,True,2026-02-11T12:32:25.959176
2026-05-26,BKK,arrival,10:00,HAK Haikou,HU7939,Hainan Airlines,2h 25m,True,2026-02-11T12:32:26.217096
2026-05-26,BKK,arrival,10:00,USM Koh Samui,PG106,Bangkok Airways,1h 15m,True,2026-02-11T12:32:26.463159
2026-05-26,BKK,arrival,10:00,UBP Ubon Ratchathani,TG21,Thai Airways,1h 15m,True,2026-02-11T12:32:26.693306
2026-05-26,BKK,arrival,10:05,MNL Manila,5J929,Cebu Pacific,3h 40m,True,2026-02-11T12:32:26.949484
2026-05-26,BKK,arrival,10:05,SGN Ho Chi Minh City,VJ801,VietJet,1h 30m,True,2026-02-11T12:32:27.192886
2026-05-26,BKK,arrival,10:10,UTH Udon Thani,FD4351,Thai AirAsia,1h 10m,True,2026-02-11T12:32:27.446572
2026-05-26,BKK,arrival,10:10,THS Sukhothai,PG212,Bangkok Airways,1h 15m,True,2026-02-11T12:32:27.719545
2026-05-26,BKK,arrival,10:15,KUL Kuala Lumpur,MH784,Malaysia Airlines,2h 15m,True,2026-02-11T12:32:27.957377
2026-05-26,BKK,arrival,10:20,XIY Xian,9C6299,Spring Airlines,4h 10m,True,2026-02-11T12:32:28.217275
2026-05-26,BKK,arrival,10:20,CAN Guangzhou,CZ357,China Southern,3h 5m,True,2026-02-11T12:32:28.464121
2026-05-26,BKK,arrival,10:20,SHJ Sharjah,G9823,Air Arabia,6h 35m,True,2026-02-11T12:32:28.727424
2026-05-26,BKK,arrival,10:20,SGN Ho Chi Minh City,VN601,Vietnam Airlines,1h 35m,True,2026-02-11T12:32:28.972975
2026-05-26,BKK,arrival,10:25,TPE Taipei,BR75,EVA Air,3h 55m,True,2026-02-11T12:32:29.236441
2026-05-26,BKK,arrival,10:25,KBV Krabi,VZ341,Vietjet Thailand,1h 25m,True,2026-02-11T12:32:29.465747
2026-05-26,BKK,arrival,10:30,MDL Mandalay,8M337,MAI,1h 50m,True,2026-02-11T12:32:29.715206
2026-05-26,BKK,arrival,10:30,KTI Phnom Penh,KR701,Cambodia Airways,1h 15m,True,2026-02-11T12:32:29.971471
2026-05-26,BKK,arrival,10:30,USM Koh Samui,PG108,Bangkok Airways,1h 30m,True,2026-02-11T12:32:30.196119
2026-05-26,BKK,arrival,10:30,USM Koh Samui,PG122,Bangkok Airways,1h 15m,True,2026-02-11T12:32:30.423047
2026-05-26,BKK,arrival,10:30,HKT Phuket,VZ315,Vietjet Thailand,1h 30m,True,2026-02-11T12:32:30.683535
2026-05-26,BKK,arrival,10:35,CKG Chongqing,HU423,Hainan Airlines,3h 20m,True,2026-02-11T12:32:30.920407
2026-05-26,BKK,arrival,10:35,HDY Hat Yai,TG260,Thai Airways,1h 30m,True,2026-02-11T12:32:31.142960
2026-05-26,BKK,arrival,10:40,CNX Chiang Mai,FD4101,Thai AirAsia,1h 20m,True,2026-02-11T12:32:31.387580
2026-05-26,BKK,arrival,10:40,TPE Taipei,TG637,Thai Airways,3h 45m,True,2026-02-11T12:32:31.650674
2026-05-26,BKK,arrival,10:40,HDY Hat Yai,VZ321,Vietjet Thailand,1h 30m,True,2026-02-11T12:32:31.885420
2026-05-26,BKK,arrival,10:45,PVG Shanghai,9C8891,Spring Airlines,4h 50m,True,2026-02-11T12:32:32.106817
2026-05-26,BKK,arrival,10:45,TDX Trat,PG302,Bangkok Airways,1h 0m,True,2026-02-11T12:32:32.340329
2026-05-26,BKK,arrival,10:50,HDY Hat Yai,FD4203,Thai AirAsia,1h 30m,True,2026-02-11T12:32:32.629865
2026-05-26,BKK,arrival,10:50,URT Surat Thani,FD4213,Thai AirAsia,1h 25m,True,2026-02-11T12:32:32.940083
2026-05-26,BKK,arrival,10:50,CNX Chiang Mai,TG103,Thai Airways,1h 25m,True,2026-02-11T12:32:33.291761
2026-05-26,BKK,arrival,10:50,HAN Hanoi,VN611,Vietnam Airlines,2h 0m,True,2026-02-11T12:32:33.573570
2026-05-26,BKK,arrival,10:55,HYD Hyderabad,6E1067,IndiGo,3h 45m,True,2026-02-11T12:32:33.851696
2026-05-26,BKK,arrival,10:55,TPE Taipei,BR67,EVA Air,3h 55m,True,2026-02-11T12:32:34.152034
2026-05-26,BKK,arrival,10:55,KBV Krabi,TG242,Thai Airways,1h 25m,True,2026-02-11T12:32:34.417004
2026-05-26,BKK,arrival,10:55,CNX Chiang Mai,VZ115,Vietjet Thailand,1h 20m,True,2026-02-11T12:32:34.702119
2026-05-26,BKK,arrival,11:00,CAN Guangzhou,9C7419,Spring Airlines,3h 0m,True,2026-02-11T12:32:34.982917
2026-05-26,BKK,arrival,11:00,KBV Krabi,PG262,Bangkok Airways,1h 35m,True,2026-02-11T12:32:35.337587
2026-05-26,BKK,arrival,11:00,SAI Siem Reap,PG924,Bangkok Airways,1h 20m,True,2026-02-11T12:32:35.676202
2026-05-26,BKK,arrival,11:00,SIN Singapore,SQ708,Singapore Airlines,2h 30m,True,2026-02-11T12:32:36.040324
2026-05-26,BKK,arrival,11:00,KTI Phnom Penh,TG587,Thai Airways,1h 20m,True,2026-02-11T12:32:36.343269
2026-05-26,BKK,arrival,11:05,HKG Hong Kong,CX717,Cathay Pacific,3h 5m,True,2026-02-11T12:32:36.686094
2026-05-26,BKK,arrival,11:05,PVG Shanghai,TG663,Thai Airways,4h 35m,True,2026-02-11T12:32:37.000798
2026-05-26,BKK,arrival,11:10,TPE Taipei,BR211,EVA Air,3h 50m,True,2026-02-11T12:32:37.313236
2026-05-26,BKK,arrival,11:10,SWA Jieyang,CZ8355,China Southern,3h 10m,True,2026-02-11T12:32:37.775463
2026-05-26,BKK,arrival,11:10,HKT Phuket,TG202,Thai Airways,1h 30m,True,2026-02-11T12:32:38.075292
2026-05-26,BKK,arrival,11:10,SZX Shenzhen,ZH309,Shenzhen Airlines,3h 0m,True,2026-02-11T12:32:38.372184
2026-05-26,BKK,arrival,11:15,XMN Xiamen,MF853,XiamenAir,3h 25m,True,2026-02-11T12:32:38.666042
2026-05-26,BKK,arrival,11:15,ICN Seoul,OZ743,Asiana,6h 5m,True,2026-02-11T12:32:38.975423
2026-05-26,BKK,arrival,11:20,BOM Mumbai,6E1051,IndiGo,4h 40m,True,2026-02-11T12:32:39.316911
2026-05-26,BKK,arrival,11:20,SZX Shenzhen,CZ8075,China Southern,3h 25m,True,2026-02-11T12:32:39.624944
2026-05-26,BKK,arrival,11:20,USM Koh Samui,PG124,Bangkok Airways,1h 15m,True,2026-02-11T12:32:39.943085
2026-05-26,BKK,arrival,11:20,UTH Udon Thani,VZ201,Vietjet Thailand,1h 10m,True,2026-02-11T12:32:40.241256
2026-05-26,BKK,arrival,11:30,HKG Hong Kong,CX755,Cathay Pacific,3h 5m,True,2026-02-11T12:32:40.553143
2026-05-26,BKK,arrival,11:30,SGN Ho Chi Minh City,TG551,Thai Airways,1h 25m,True,2026-02-11T12:32:41.457653
2026-05-26,BKK,arrival,11:35,CNX Chiang Mai,PG216,Bangkok Airways,1h 25m,True,2026-02-11T12:32:41.742043
2026-05-26,BKK,arrival,11:40,CAN Guangzhou,CZ8079,China Southern,3h 0m,True,2026-02-11T12:32:42.011258
2026-05-26,BKK,arrival,11:40,CEI Chiang Rai,TG131,Thai Airways,1h 30m,True,2026-02-11T12:32:42.229781
2026-05-26,BKK,arrival,11:45,KBV Krabi,FD4403,Thai AirAsia,1h 25m,True,2026-02-11T12:32:42.443251
2026-05-26,BKK,arrival,11:45,HGH Hangzhou,JD419,Capital Airlines,4h 15m,True,2026-02-11T12:32:42.667690
2026-05-26,BKK,arrival,11:45,SVO Moscow,SU272,Aeroflot,9h 20m,True,2026-02-11T12:32:42.899700
2026-05-26,BKK,arrival,11:50,AUH Abu Dhabi,EY404,Etihad,6h 30m,True,2026-02-11T12:32:43.115419
2026-05-26,BKK,arrival,11:50,HKT Phuket,FD4125,Thai AirAsia,1h 35m,True,2026-02-11T12:32:43.329524
2026-05-26,BKK,arrival,11:50,HKT Phuket,TG204,Thai Airways,1h 35m,True,2026-02-11T12:32:43.582857
2026-05-26,BKK,arrival,11:50,HKT Phuket,VZ301,Vietjet Thailand,1h 30m,True,2026-02-11T12:32:43.819941
2026-05-26,BKK,arrival,11:55,HKT Phuket,PG272,Bangkok Airways,1h 35m,True,2026-02-11T12:32:44.066972
2026-05-26,BKK,arrival,12:00,TPE Taipei,JX741,Starlux,4h 0m,True,2026-02-11T12:32:44.297811
2026-05-26,BKK,arrival,12:05,KTI Phnom Penh,K6722,Air Cambodia,1h 10m,True,2026-02-11T12:32:44.517626
2026-05-26,BKK,arrival,12:10,TPE Taipei,CI831,China Airlines,3h 45m,True,2026-02-11T12:32:44.726975
2026-05-26,BKK,arrival,12:10,MNL Manila,PR730,PAL,3h 30m,True,2026-02-11T12:32:44.984735
2026-05-26,BKK,arrival,12:15,DXB Dubai,EK384,Emirates,6h 25m,True,2026-02-11T12:32:45.230376
2026-05-26,BKK,arrival,12:20,PEK Beijing,HU429,Hainan Airlines,5h 5m,True,2026-02-11T12:32:45.497437
2026-05-26,BKK,arrival,12:20,KMG Kunming,MU6087,China Eastern,2h 25m,True,2026-02-11T12:32:45.716669
2026-05-26,BKK,arrival,12:20,KTI Phnom Penh,VZ721,Vietjet Thailand,1h 15m,True,2026-02-11T12:32:45.950660
2026-05-26,BKK,arrival,12:25,HAN Hanoi,TG561,Thai Airways,1h 50m,True,2026-02-11T12:32:46.206966
2026-05-26,BKK,arrival,12:25,DAD Da Nang,VZ965,Vietjet Thailand,1h 45m,True,2026-02-11T12:32:46.441998
2026-05-26,BKK,arrival,12:30,PVG Shanghai,MU541,China Eastern,4h 40m,True,2026-02-11T12:32:46.682256
2026-05-26,BKK,arrival,12:30,FRA Frankfurt,TG923,Thai Airways,10h 50m,True,2026-02-11T12:32:46.946012
2026-05-26,BKK,arrival,12:30,FUK Fukuoka,VZ811,Vietjet Thailand,5h 35m,True,2026-02-11T12:32:47.191926
2026-05-26,BKK,arrival,12:35,FRA Frankfurt,DE2362,Condor,11h 20m,True,2026-02-11T12:32:47.433184
2026-05-26,BKK,arrival,12:40,BWN Bandar Seri Begawan,BI513,Royal Brunei Airlines,2h 45m,True,2026-02-11T12:32:47.674346
2026-05-26,BKK,arrival,12:40,URT Surat Thani,VZ351,Vietjet Thailand,1h 15m,True,2026-02-11T12:32:47.910382
2026-05-26,BKK,arrival,12:45,TFU Chengdu,9C7501,Spring Airlines,3h 10m,True,2026-02-11T12:32:48.147455
2026-05-26,BKK,arrival,12:45,CMB Colombo,UL404,SriLankan Airlines,3h 40m,True,2026-02-11T12:32:48.371212
2026-05-26,BKK,arrival,12:45,SGN Ho Chi Minh City,VJ803,VietJet,1h 30m,True,2026-02-11T12:32:48.791032
2026-05-26,BKK,arrival,12:50,PVG Shanghai,9C7421,Spring Airlines,4h 45m,True,2026-02-11T12:32:49.149842
2026-05-26,BKK,arrival,12:50,CAN Guangzhou,CZ8099,China Southern,3h 10m,True,2026-02-11T12:32:49.459355
2026-05-26,BKK,arrival,12:55,DOH Doha,QR834,Qatar Airways,6h 55m,True,2026-02-11T12:32:49.741709
2026-05-26,BKK,arrival,12:55,KIX Osaka,VZ821,Vietjet Thailand,6h 0m,True,2026-02-11T12:32:50.048758
2026-05-26,BKK,arrival,13:00,USM Koh Samui,PG130,Bangkok Airways,1h 15m,True,2026-02-11T12:32:50.344465
2026-05-26,BKK,arrival,13:00,HAN Hanoi,VJ901,VietJet,1h 50m,True,2026-02-11T12:32:50.649231
2026-05-26,BKK,arrival,13:05,XIY Xian,9C6293,Spring Airlines,4h 20m,True,2026-02-11T12:32:50.951010
2026-05-26,BKK,arrival,13:05,DXB Dubai,EK376,Emirates,6h 20m,True,2026-02-11T12:32:51.286275
2026-05-26,BKK,arrival,13:05,PQC Phu Quoc,VZ981,Vietjet Thailand,1h 20m,True,2026-02-11T12:32:51.594987
2026-05-26,BKK,arrival,13:10,CGK Jakarta,GA866,Garuda Indonesia,3h 25m,True,2026-02-11T12:32:51.889430
2026-05-26,BKK,arrival,13:10,SGN Ho Chi Minh City,VN605,Vietnam Airlines,1h 35m,True,2026-02-11T12:32:52.184484
2026-05-26,BKK,arrival,13:10,CNX Chiang Mai,VZ103,Vietjet Thailand,1h 20m,True,2026-02-11T12:32:52.447507
2026-05-26,BKK,arrival,13:15,ADD Addis Ababa,ET628,Ethiopian,9h 20m,True,2026-02-11T12:32:52.741608
2026-05-26,BKK,arrival,13:15,ICN Seoul,KE657,Korean Air,5h 45m,True,2026-02-11T12:32:53.031303
2026-05-26,BKK,arrival,13:15,HKT Phuket,TG206,Thai Airways,1h 35m,True,2026-02-11T12:32:53.336577
2026-05-26,BKK,arrival,13:15,KKC Khon Kaen,TG43,Thai Airways,1h 10m,True,2026-02-11T12:32:53.623224
2026-05-26,BKK,arrival,13:20,CNX Chiang Mai,PG224,Bangkok Airways,1h 25m,True,2026-02-11T12:32:53.931555
2026-05-26,BKK,arrival,13:20,CNX Chiang Mai,TG105,Thai Airways,1h 25m,True,2026-02-11T12:32:54.258652
2026-05-26,BKK,arrival,13:25,NGB Ningbo,9C7431,Spring Airlines,4h 35m,True,2026-02-11T12:32:54.566206
2026-05-26,BKK,arrival,13:25,KUL Kuala Lumpur,MH788,Malaysia Airlines,2h 15m,True,2026-02-11T12:32:54.871460
2026-05-26,BKK,arrival,13:25,DOH Doha,QR836,Qatar Airways,6h 55m,True,2026-02-11T12:32:55.160324
2026-05-26,BKK,arrival,13:25,ICN Seoul,TG659,Thai Airways,5h 50m,True,2026-02-11T12:32:55.463035
2026-05-26,BKK,arrival,13:25,RGN Yangon,TG302,Thai Airways,1h 30m,True,2026-02-11T12:32:55.749478
2026-05-26,BKK,arrival,13:30,NBO Nairobi,KQ886,Kenya Airways,9h 31m,True,2026-02-11T12:32:56.058368
2026-05-26,BKK,arrival,13:35,BOM Mumbai,AI2354,Air India,4h 20m,True,2026-02-11T12:32:56.364224
2026-05-26,BKK,arrival,13:40,DAC Dhaka,BS217,US-Bangla Airlines,2h 40m,True,2026-02-11T12:32:57.297993
2026-05-26,BKK,arrival,13:40,PNQ Pune,IX242,Air India Express,4h 45m,True,2026-02-11T12:32:57.549015
2026-05-26,BKK,arrival,13:40,SGN Ho Chi Minh City,VU131,Vietravel Airlines,1h 35m,True,2026-02-11T12:32:57.794287
2026-05-26,BKK,arrival,13:45,VVO Vladivostok,SU644,Aeroflot,6h 55m,True,2026-02-11T12:32:58.005118
2026-05-26,BKK,arrival,13:45,RUH Riyadh,SV846,Saudia,7h 35m,True,2026-02-11T12:32:58.189827
2026-05-26,BKK,arrival,13:45,SIN Singapore,TG404,Thai Airways,2h 20m,True,2026-02-11T12:32:58.390582
2026-05-26,BKK,arrival,13:45,NRT Tokyo,VZ831,Vietjet Thailand,6h 50m,True,2026-02-11T12:32:58.613519
2026-05-26,BKK,arrival,13:50,NST Nakhon Si Thammarat,FD4232,Thai AirAsia,1h 25m,True,2026-02-11T12:32:58.829767
2026-05-26,BKK,arrival,13:55,HKT Phuket,VZ305,Vietjet Thailand,1h 30m,True,2026-02-11T12:32:59.039182
2026-05-26,BKK,arrival,14:00,SWA Jieyang,9C6193,Spring Airlines,3h 20m,True,2026-02-11T12:32:59.270429
2026-05-26,BKK,arrival,14:00,HKG Hong Kong,CX653,Cathay Pacific,3h 0m,True,2026-02-11T12:32:59.511904
2026-05-26,BKK,arrival,14:00,MUC Munich,LH772,Lufthansa,10h 40m,True,2026-02-11T12:32:59.744356
2026-05-26,BKK,arrival,14:00,TLV Tel Aviv-Yafo,LY81,El Al,11h 40m,True,2026-02-11T12:32:59.961754
2026-05-26,BKK,arrival,14:00,UBP Ubon Ratchathani,VZ221,Vietjet Thailand,1h 15m,True,2026-02-11T12:33:00.197198
2026-05-26,BKK,arrival,14:05,CAN Guangzhou,CZ5095,China Southern,3h 0m,True,2026-02-11T12:33:00.409927
2026-05-26,BKK,arrival,14:05,CNX Chiang Mai,FD4107,Thai AirAsia,1h 30m,True,2026-02-11T12:33:00.610563
2026-05-26,BKK,arrival,14:10,TDX Trat,PG306,Bangkok Airways,1h 0m,True,2026-02-11T12:33:00.812201
2026-05-26,BKK,arrival,14:10,ICN Seoul,TG657,Thai Airways,5h 50m,True,2026-02-11T12:33:01.017628
2026-05-26,BKK,arrival,14:15,DEL Delhi,AI2355,Air India,4h 20m,True,2026-02-11T12:33:01.207275
2026-05-26,BKK,arrival,14:15,KKC Khon Kaen,FD4502,Thai AirAsia,1h 10m,True,2026-02-11T12:33:01.392150
2026-05-26,BKK,arrival,14:15,SIN Singapore,SQ710,Singapore Airlines,2h 30m,True,2026-02-11T12:33:01.588058
2026-05-26,BKK,arrival,14:20,MFM Macau,NX936,Air Macau,2h 45m,True,2026-02-11T12:33:01.797025
2026-05-26,BKK,arrival,14:25,SAI Siem Reap,PG906,Bangkok Airways,1h 30m,True,2026-02-11T12:33:01.989358
2026-05-26,BKK,arrival,14:25,HKG Hong Kong,TG601,Thai Airways,2h 40m,True,2026-02-11T12:33:02.194968
2026-05-26,BKK,arrival,14:25,SIN Singapore,TR604,Scoot,2h 35m,True,2026-02-11T12:33:02.421549
2026-05-26,BKK,arrival,14:30,CAN Guangzhou,CZ3081,China Southern,3h 0m,True,2026-02-11T12:33:02.651454
2026-05-26,BKK,arrival,14:30,HKT Phuket,PG276,Bangkok Airways,1h 35m,True,2026-02-11T12:33:02.864098
2026-05-26,BKK,arrival,14:30,KUL Kuala Lumpur,TG416,Thai Airways,2h 10m,True,2026-02-11T12:33:03.078065
2026-05-26,BKK,arrival,14:35,HKT Phuket,TG208,Thai Airways,1h 35m,True,2026-02-11T12:33:03.303023
2026-05-26,BKK,arrival,14:35,HDY Hat Yai,VZ325,Vietjet Thailand,1h 30m,True,2026-02-11T12:33:03.546308
2026-05-26,BKK,arrival,14:40,RGN Yangon,8M333,MAI,1h 20m,True,2026-02-11T12:33:03.734933
2026-05-26,BKK,arrival,14:45,LJG Lijiang,DR5041,Ruili Airlines,2h 45m,True,2026-02-11T12:33:03.932680
2026-05-26,BKK,arrival,14:45,SGN Ho Chi Minh City,VJ807,VietJet,1h 30m,True,2026-02-11T12:33:04.124375
2026-05-26,BKK,arrival,14:45,HAN Hanoi,VN615,Vietnam Airlines,2h 0m,True,2026-02-11T12:33:04.410720
2026-05-26,BKK,arrival,14:50,PVG Shanghai,9C7279,Spring Airlines,4h 45m,True,2026-02-11T12:33:04.758129
2026-05-26,BKK,arrival,14:50,NKG Nanjing,JD619,Capital Airlines,4h 40m,True,2026-02-11T12:33:05.026110
2026-05-26,BKK,arrival,14:50,VIE Vienna,OS7,Austrian,10h 15m,True,2026-02-11T12:33:05.314416
2026-05-26,BKK,arrival,14:50,LPQ Luang Prabang,PG942,Bangkok Airways,2h 5m,True,2026-02-11T12:33:05.593056
2026-05-26,BKK,arrival,14:50,IKT Irkutsk,S76305,S7 Airlines,6h 10m,True,2026-02-11T12:33:05.875777
2026-05-26,BKK,arrival,14:50,VTE Vientiane,TG571,Thai Airways,1h 20m,True,2026-02-11T12:33:06.161217
2026-05-26,BKK,arrival,14:55,NAW Narathiwat,FD4253,Thai AirAsia,1h 30m,True,2026-02-11T12:33:06.503128
2026-05-26,BKK,arrival,14:55,HKG Hong Kong,HX775,Hong Kong Airlines,3h 10m,True,2026-02-11T12:33:06.812967
2026-05-26,BKK,arrival,14:55,KMG Kunming,MU741,China Eastern,2h 35m,True,2026-02-11T12:33:07.098538
2026-05-26,BKK,arrival,15:00,DAC Dhaka,BG388,Biman,2h 45m,True,2026-02-11T12:33:07.391532
2026-05-26,BKK,arrival,15:00,LHR London,TG917,Thai Airways,11h 35m,True,2026-02-11T12:33:07.681824
2026-05-26,BKK,arrival,15:00,NGO Nagoya,TG645,Thai Airways,6h 0m,True,2026-02-11T12:33:07.988829
2026-05-26,BKK,arrival,15:00,DAD Da Nang,VZ961,Vietjet Thailand,1h 45m,True,2026-02-11T12:33:08.298948
2026-05-26,BKK,arrival,15:05,USM Koh Samui,PG142,Bangkok Airways,1h 15m,True,2026-02-11T12:33:08.610568
2026-05-26,BKK,arrival,15:05,CNX Chiang Mai,TG107,Thai Airways,1h 25m,True,2026-02-11T12:33:08.934482
2026-05-26,BKK,arrival,15:05,FUK Fukuoka,TG649,Thai Airways,5h 30m,True,2026-02-11T12:33:09.266791
2026-05-26,BKK,arrival,15:05,HND Tokyo,TG683,Thai Airways,6h 30m,True,2026-02-11T12:33:09.580925
2026-05-26,BKK,arrival,15:05,UTH Udon Thani,TG5,Thai Airways,1h 10m,True,2026-02-11T12:33:09.876880
2026-05-26,BKK,arrival,15:10,CNX Chiang Mai,FD4103,Thai AirAsia,1h 20m,True,2026-02-11T12:33:10.182964
2026-05-26,BKK,arrival,15:10,HND Tokyo,JL31,JAL,6h 30m,True,2026-02-11T12:33:10.494518
2026-05-26,BKK,arrival,15:10,USM Koh Samui,PG158,Bangkok Airways,1h 35m,True,2026-02-11T12:33:10.823390
2026-05-26,BKK,arrival,15:10,CEI Chiang Rai,TG133,Thai Airways,1h 30m,True,2026-02-11T12:33:11.102956
2026-05-26,BKK,arrival,15:15,USM Koh Samui,PG144,Bangkok Airways,1h 15m,True,2026-02-11T12:33:11.383517
2026-05-26,BKK,arrival,15:20,NRT Tokyo,TG641,Thai Airways,6h 30m,True,2026-02-11T12:33:11.677581
2026-05-26,BKK,arrival,15:25,HKG Hong Kong,CX775,Cathay Pacific,3h 5m,True,2026-02-11T12:33:11.980105
2026-05-26,BKK,arrival,15:25,MNL Manila,TG621,Thai Airways,3h 30m,True,2026-02-11T12:33:12.288255
2026-05-26,BKK,arrival,15:25,PER Perth,TG484,Thai Airways,7h 5m,True,2026-02-11T12:33:13.073407
2026-05-26,BKK,arrival,15:25,IST Istanbul,TK68,Turkish Airlines,9h 30m,True,2026-02-11T12:33:13.334717
2026-05-26,BKK,arrival,15:30,LHR London,BR68,EVA Air,11h 55m,True,2026-02-11T12:33:13.554997
2026-05-26,BKK,arrival,15:30,HND Tokyo,NH847,ANA,6h 40m,True,2026-02-11T12:33:13.792035
2026-05-26,BKK,arrival,15:30,CTS Sapporo,TG671,Thai Airways,7h 0m,True,2026-02-11T12:33:14.017994
2026-05-26,BKK,arrival,15:30,HKG Hong Kong,UO700,HK Express,3h 0m,True,2026-02-11T12:33:14.234832
2026-05-26,BKK,arrival,15:35,CNX Chiang Mai,FD4119,Thai AirAsia,1h 25m,True,2026-02-11T12:33:14.433590
2026-05-26,BKK,arrival,15:35,KIX Osaka,TG623,Thai Airways,5h 50m,True,2026-02-11T12:33:14.645968
2026-05-26,BKK,arrival,15:35,LYA Luoyang,UQ2641,Urumqi Airlines,4h 20m,True,2026-02-11T12:33:14.844204
2026-05-26,BKK,arrival,15:45,KWE Guiyang,AQ1207,9 Air,4h 0m,True,2026-02-11T12:33:15.034723
2026-05-26,BKK,arrival,15:45,CNX Chiang Mai,VZ111,Vietjet Thailand,1h 20m,True,2026-02-11T12:33:15.247234
2026-05-26,BKK,arrival,15:50,PVG Shanghai,FM833,Shanghai Airlines,4h 50m,True,2026-02-11T12:33:15.461927
2026-05-26,BKK,arrival,15:50,USM Koh Samui,PG136,Bangkok Airways,1h 15m,True,2026-02-11T12:33:15.683367
2026-05-26,BKK,arrival,16:00,ICN Seoul,VZ851,Vietjet Thailand,5h 50m,True,2026-02-11T12:33:15.909655
2026-05-26,BKK,arrival,16:05,CCU Kolkata,B3700,Bhutan Airlines,2h 40m,True,2026-02-11T12:33:16.147812
2026-05-26,BKK,arrival,16:05,HKT Phuket,FD4111,Thai AirAsia,1h 40m,True,2026-02-11T12:33:16.387759
2026-05-26,BKK,arrival,16:05,BLR Bengaluru,IX882,Air India Express,4h 0m,True,2026-02-11T12:33:16.622889
2026-05-26,BKK,arrival,16:05,CGK Jakarta,TG434,Thai Airways,3h 30m,True,2026-02-11T12:33:16.863413
2026-05-26,BKK,arrival,16:10,DEL Delhi,6E1053,IndiGo,4h 25m,True,2026-02-11T12:33:17.116155
2026-05-26,BKK,arrival,16:10,UTH Udon Thani,VZ205,Vietjet Thailand,1h 10m,True,2026-02-11T12:33:17.333880
2026-05-26,BKK,arrival,16:15,HDY Hat Yai,TG264,Thai Airways,1h 35m,True,2026-02-11T12:33:17.582139
2026-05-26,BKK,arrival,16:15,NST Nakhon Si Thammarat,VZ335,Vietjet Thailand,1h 20m,True,2026-02-11T12:33:17.819330
2026-05-26,BKK,arrival,16:20,TPE Taipei,CI835,China Airlines,3h 50m,True,2026-02-11T12:33:18.068387
2026-05-26,BKK,arrival,16:20,KTI Phnom Penh,K6724,Air Cambodia,1h 10m,True,2026-02-11T12:33:18.284657
2026-05-26,BKK,arrival,16:20,KUL Kuala Lumpur,MH782,Malaysia Airlines,2h 15m,True,2026-02-11T12:33:18.500160
2026-05-26,BKK,arrival,16:20,HKT Phuket,PG274,Bangkok Airways,1h 35m,True,2026-02-11T12:33:18.753902
2026-05-26,BKK,arrival,16:20,SYD Sydney,TG476,Thai Airways,9h 20m,True,2026-02-11T12:33:18.990952
2026-05-26,BKK,arrival,16:25,SZX Shenzhen,CZ8323,China Southern,3h 30m,True,2026-02-11T12:33:19.207373
2026-05-26,BKK,arrival,16:30,HKG Hong Kong,CX751,Cathay Pacific,3h 0m,True,2026-02-11T12:33:19.437590
2026-05-26,BKK,arrival,16:30,HGH Hangzhou,GJ8021,Loong Air,4h 35m,True,2026-02-11T12:33:19.671200
2026-05-26,BKK,arrival,16:30,KMG Kunming,TG613,Thai Airways,2h 10m,True,2026-02-11T12:33:20.044971
2026-05-26,BKK,arrival,16:30,NRT Tokyo,TG643,Thai Airways,6h 30m,True,2026-02-11T12:33:20.379714
2026-05-26,BKK,arrival,16:35,TLV Tel Aviv-Yafo,LY83,El Al,11h 40m,True,2026-02-11T12:33:20.650416
2026-05-26,BKK,arrival,16:40,TFU Chengdu,3U3935,Sichuan Airlines,3h 0m,True,2026-02-11T12:33:20.925721
2026-05-26,BKK,arrival,16:40,TPE Taipei,JX745,Starlux,3h 50m,True,2026-02-11T12:33:21.195917
2026-05-26,BKK,arrival,16:40,XMN Xiamen,MF833,XiamenAir,3h 30m,True,2026-02-11T12:33:21.493271
2026-05-26,BKK,arrival,16:40,USM Koh Samui,PG146,Bangkok Airways,1h 15m,True,2026-02-11T12:33:21.772976
2026-05-26,BKK,arrival,16:40,SYD Sydney,QF23,Qantas,9h 50m,True,2026-02-11T12:33:22.077756
2026-05-26,BKK,arrival,16:45,CEI Chiang Rai,VZ133,Vietjet Thailand,1h 25m,True,2026-02-11T12:33:22.354736
2026-05-26,BKK,arrival,16:50,CAN Guangzhou,CZ8023,China Southern,3h 0m,True,2026-02-11T12:33:22.667448
2026-05-26,BKK,arrival,16:50,USM Koh Samui,PG150,Bangkok Airways,1h 30m,True,2026-02-11T12:33:22.958029
2026-05-26,BKK,arrival,16:50,KKC Khon Kaen,TG45,Thai Airways,1h 10m,True,2026-02-11T12:33:23.271170
2026-05-26,BKK,arrival,16:50,TPE Taipei,TG633,Thai Airways,3h 45m,True,2026-02-11T12:33:23.550812
2026-05-26,BKK,arrival,16:50,CNX Chiang Mai,VZ107,Vietjet Thailand,1h 20m,True,2026-02-11T12:33:23.840485
2026-05-26,BKK,arrival,16:55,DEL Delhi,AI2332,Air India,4h 25m,True,2026-02-11T12:33:24.133030
2026-05-26,BKK,arrival,16:55,CNX Chiang Mai,TG111,Thai Airways,1h 25m,True,2026-02-11T12:33:24.400260
2026-05-26,BKK,arrival,16:55,HKT Phuket,VZ2301,Vietjet Thailand,1h 30m,True,2026-02-11T12:33:24.676779
2026-05-26,BKK,arrival,17:00,DAC Dhaka,TG322,Thai Airways,2h 25m,True,2026-02-11T12:33:24.959843
2026-05-26,BKK,arrival,17:00,SIN Singapore,TR610,Scoot,2h 30m,True,2026-02-11T12:33:25.254263
2026-05-26,BKK,arrival,17:05,TFU Chengdu,CA471,Air China,3h 15m,True,2026-02-11T12:33:25.550080
2026-05-26,BKK,arrival,17:05,USM Koh Samui,PG148,Bangkok Airways,1h 15m,True,2026-02-11T12:33:25.861403
2026-05-26,BKK,arrival,17:05,DAD Da Nang,VN627,Vietnam Airlines,1h 50m,True,2026-02-11T12:33:26.158900
2026-05-26,BKK,arrival,17:10,HKT Phuket,FD4123,Thai AirAsia,1h 35m,True,2026-02-11T12:33:27.014415
2026-05-26,BKK,arrival,17:10,TAO Qingdao,QW917,Qingdao Airlines,5h 10m,True,2026-02-11T12:33:27.283093
2026-05-26,BKK,arrival,17:15,SIN Singapore,SQ712,Singapore Airlines,2h 30m,True,2026-02-11T12:33:27.545283
2026-05-26,BKK,arrival,17:15,SIN Singapore,TG414,Thai Airways,2h 20m,True,2026-02-11T12:33:27.802203
2026-05-26,BKK,arrival,17:20,KHH Kaohsiung,CI839,China Airlines,3h 40m,True,2026-02-11T12:33:28.050672
2026-05-26,BKK,arrival,17:20,KUL Kuala Lumpur,MH774,Malaysia Airlines,2h 20m,True,2026-02-11T12:33:28.276146
2026-05-26,BKK,arrival,17:20,HKG Hong Kong,TG629,Thai Airways,2h 50m,True,2026-02-11T12:33:28.520044
2026-05-26,BKK,arrival,17:25,SHJ Sharjah,G9816,Air Arabia,6h 35m,True,2026-02-11T12:33:28.753065
2026-05-26,BKK,arrival,17:25,TAO Qingdao,QW9897,Qingdao Airlines,5h 5m,True,2026-02-11T12:33:28.983329
2026-05-26,BKK,arrival,17:35,DEL Delhi,TG324,Thai Airways,4h 25m,True,2026-02-11T12:33:29.220722
2026-05-26,BKK,arrival,17:40,HKT Phuket,TG212,Thai Airways,1h 35m,True,2026-02-11T12:33:29.477543
2026-05-26,BKK,arrival,17:45,CAN Guangzhou,TG669,Thai Airways,3h 0m,True,2026-02-11T12:33:29.712888
2026-05-26,BKK,arrival,17:45,HAN Hanoi,VJ903,VietJet,2h 0m,True,2026-02-11T12:33:29.937994
2026-05-26,BKK,arrival,17:45,UBP Ubon Ratchathani,VZ225,Vietjet Thailand,1h 15m,True,2026-02-11T12:33:30.141197
2026-05-26,BKK,arrival,17:50,NNG Nanning,9C7485,Spring Airlines,2h 30m,True,2026-02-11T12:33:30.363849
2026-05-26,BKK,arrival,17:50,CEI Chiang Rai,FD4153,Thai AirAsia,1h 25m,True,2026-02-11T12:33:30.595093
2026-05-26,BKK,arrival,17:55,CAN Guangzhou,CZ363,China Southern,3h 0m,True,2026-02-11T12:33:30.821341
2026-05-26,BKK,arrival,17:55,KBV Krabi,VZ343,Vietjet Thailand,1h 25m,True,2026-02-11T12:33:31.054181
2026-05-26,BKK,arrival,18:00,HKG Hong Kong,CX701,Cathay Pacific,2h 55m,True,2026-02-11T12:33:31.265974
2026-05-26,BKK,arrival,18:00,TFU Chengdu,TG619,Thai Airways,3h 5m,True,2026-02-11T12:33:31.501165
2026-05-26,BKK,arrival,18:05,KBV Krabi,FD4401,Thai AirAsia,1h 25m,True,2026-02-11T12:33:31.745298
2026-05-26,BKK,arrival,18:05,PVG Shanghai,FM855,Shanghai Airlines,4h 30m,True,2026-02-11T12:33:31.971678
2026-05-26,BKK,arrival,18:05,HAN Hanoi,VN619,Vietnam Airlines,2h 0m,True,2026-02-11T12:33:32.193031
2026-05-26,BKK,arrival,18:05,PQC Phu Quoc,VZ983,Vietjet Thailand,1h 20m,True,2026-02-11T12:33:32.423179
2026-05-26,BKK,arrival,18:10,AUH Abu Dhabi,EY406,Etihad,6h 35m,True,2026-02-11T12:33:32.664088
2026-05-26,BKK,arrival,18:10,BFV Buri Ram,FD4512,Thai AirAsia,1h 5m,True,2026-02-11T12:33:32.920522
2026-05-26,BKK,arrival,18:10,HKT Phuket,FD4113,Thai AirAsia,1h 25m,True,2026-02-11T12:33:33.143220
2026-05-26,BKK,arrival,18:10,TPE Taipei,VZ567,Vietjet Thailand,3h 45m,True,2026-02-11T12:33:33.377431
2026-05-26,BKK,arrival,18:15,RGN Yangon,8M331,MAI,1h 20m,True,2026-02-11T12:33:33.612165
2026-05-26,BKK,arrival,18:15,HAK Haikou,HU721,Hainan Airlines,2h 25m,True,2026-02-11T12:33:33.875751
2026-05-26,BKK,arrival,18:15,KTM Kathmandu,TG320,Thai Airways,3h 30m,True,2026-02-11T12:33:34.103015
2026-05-26,BKK,arrival,18:20,PEK Beijing,CA959,Air China,5h 20m,True,2026-02-11T12:33:34.322048
2026-05-26,BKK,arrival,18:20,DXB Dubai,EK370,Emirates,6h 20m,True,2026-02-11T12:33:34.569638
2026-05-26,BKK,arrival,18:20,DOH Doha,QR828,Qatar Airways,6h 55m,True,2026-02-11T12:33:34.864589
2026-05-26,BKK,arrival,18:20,CNX Chiang Mai,TG113,Thai Airways,1h 25m,True,2026-02-11T12:33:35.209753
2026-05-26,BKK,arrival,18:20,UTH Udon Thani,VZ203,Vietjet Thailand,1h 10m,True,2026-02-11T12:33:35.508246
2026-05-26,BKK,arrival,18:25,HKT Phuket,TG216,Thai Airways,1h 30m,True,2026-02-11T12:33:35.815140
2026-05-26,BKK,arrival,18:30,KMG Kunming,KY8369,Kunming Airlines,2h 25m,True,2026-02-11T12:33:36.102782
2026-05-26,BKK,arrival,18:30,MNL Manila,PR736,PAL,3h 45m,True,2026-02-11T12:33:36.403125
2026-05-26,BKK,arrival,18:30,SGN Ho Chi Minh City,VN607,Vietnam Airlines,1h 35m,True,2026-02-11T12:33:36.700322
2026-05-26,BKK,arrival,18:30,SZX Shenzhen,ZH307,Shenzhen Airlines,2h 55m,True,2026-02-11T12:33:37.035457
2026-05-26,BKK,arrival,18:40,USM Koh Samui,PG166,Bangkok Airways,1h 15m,True,2026-02-11T12:33:37.322197
2026-05-26,BKK,arrival,18:40,CNX Chiang Mai,VZ109,Vietjet Thailand,1h 20m,True,2026-02-11T12:33:37.678612
2026-05-26,BKK,arrival,18:45,SGN Ho Chi Minh City,VJ805,VietJet,1h 30m,True,2026-02-11T12:33:38.026321
2026-05-26,BKK,arrival,18:50,TDX Trat,PG308,Bangkok Airways,1h 0m,True,2026-02-11T12:33:38.371073
2026-05-26,BKK,arrival,18:50,USM Koh Samui,PG172,Bangkok Airways,1h 15m,True,2026-02-11T12:33:38.684423
2026-05-26,BKK,arrival,18:55,CKG Chongqing,3U3771,Sichuan Airlines,3h 25m,True,2026-02-11T12:33:39.005463
2026-05-26,BKK,arrival,18:55,KUL Kuala Lumpur,MH780,Malaysia Airlines,2h 10m,True,2026-02-11T12:33:39.341118
2026-05-26,BKK,arrival,18:55,UBP Ubon Ratchathani,TG29,Thai Airways,1h 15m,True,2026-02-11T12:33:39.636979
2026-05-26,BKK,arrival,18:55,HKG Hong Kong,UO702,HK Express,3h 0m,True,2026-02-11T12:33:39.988417
2026-05-26,BKK,arrival,19:00,HKT Phuket,PG284,Bangkok Airways,1h 30m,True,2026-02-11T12:33:40.284083
2026-05-26,BKK,arrival,19:00,SIN Singapore,SQ714,Singapore Airlines,2h 30m,True,2026-02-11T12:33:40.604783
2026-05-26,BKK,arrival,19:00,HKT Phuket,VZ307,Vietjet Thailand,1h 30m,True,2026-02-11T12:33:40.944815
2026-05-26,BKK,arrival,19:05,DXB Dubai,EK372,Emirates,6h 25m,True,2026-02-11T12:33:41.276908
2026-05-26,BKK,arrival,19:05,USM Koh Samui,PG168,Bangkok Airways,1h 15m,True,2026-02-11T12:33:41.592835
2026-05-26,BKK,arrival,19:10,THS Sukhothai,PG214,Bangkok Airways,1h 20m,True,2026-02-11T12:33:41.905984
2026-05-26,BKK,arrival,19:15,BOM Mumbai,6E1059,IndiGo,4h 40m,True,2026-02-11T12:33:42.233217
2026-05-26,BKK,arrival,19:20,CAN Guangzhou,CZ8019,China Southern,3h 0m,True,2026-02-11T12:33:42.550104
2026-05-26,BKK,arrival,19:35,KMG Kunming,KY8367,Kunming Airlines,2h 25m,True,2026-02-11T12:33:42.856568
2026-05-26,BKK,arrival,19:35,SIN Singapore,TG408,Thai Airways,2h 20m,True,2026-02-11T12:33:43.213114
2026-05-26,BKK,arrival,19:35,SIN Singapore,TR616,Scoot,2h 35m,True,2026-02-11T12:33:43.530142
2026-05-26,BKK,arrival,19:40,RGN Yangon,8M350,MAI,1h 20m,True,2026-02-11T12:33:43.806535
2026-05-26,BKK,arrival,19:40,HDY Hat Yai,FD4205,Thai AirAsia,1h 30m,True,2026-02-11T12:33:44.901824
2026-05-26,BKK,arrival,19:40,USM Koh Samui,PG170,Bangkok Airways,1h 15m,True,2026-02-11T12:33:45.157883
2026-05-26,BKK,arrival,19:40,VTE Vientiane,QV445,Lao Airlines,1h 0m,True,2026-02-11T12:33:45.387238
2026-05-26,BKK,arrival,19:45,CNX Chiang Mai,FD4109,Thai AirAsia,1h 20m,True,2026-02-11T12:33:45.621764
2026-05-26,BKK,arrival,19:50,DEL Delhi,6E1063,IndiGo,4h 10m,True,2026-02-11T12:33:45.848584
2026-05-26,BKK,arrival,19:50,MEL Melbourne,JQ29,Jetstar,9h 25m,True,2026-02-11T12:33:46.074197
2026-05-26,BKK,arrival,19:50,KMG Kunming,MU9613,China Eastern,2h 35m,True,2026-02-11T12:33:46.333143
2026-05-26,BKK,arrival,19:55,KHH Kaohsiung,TG631,Thai Airways,3h 40m,True,2026-02-11T12:33:46.557084
2026-05-26,BKK,arrival,19:55,DAD Da Nang,VZ963,Vietjet Thailand,1h 45m,True,2026-02-11T12:33:46.803076
2026-05-26,BKK,arrival,20:00,SIN Singapore,SQ720,Singapore Airlines,2h 30m,True,2026-02-11T12:33:47.051598
2026-05-26,BKK,arrival,20:00,MEL Melbourne,TG466,Thai Airways,9h 30m,True,2026-02-11T12:33:47.285170
2026-05-26,BKK,arrival,20:05,DPS Denpasar,TG432,Thai Airways,4h 10m,True,2026-02-11T12:33:47.541155
2026-05-26,BKK,arrival,20:05,KKC Khon Kaen,TG47,Thai Airways,1h 0m,True,2026-02-11T12:33:47.785639
2026-05-26,BKK,arrival,20:05,SGN Ho Chi Minh City,VN609,Vietnam Airlines,1h 35m,True,2026-02-11T12:33:47.987611
2026-05-26,BKK,arrival,20:05,URT Surat Thani,VZ353,Vietjet Thailand,1h 15m,True,2026-02-11T12:33:48.208995
2026-05-26,BKK,arrival,20:10,KKC Khon Kaen,VZ215,Vietjet Thailand,1h 5m,True,2026-02-11T12:33:48.449872
2026-05-26,BKK,arrival,20:15,USM Koh Samui,PG160,Bangkok Airways,1h 35m,True,2026-02-11T12:33:48.709948
2026-05-26,BKK,arrival,20:15,CEI Chiang Rai,TG137,Thai Airways,1h 20m,True,2026-02-11T12:33:48.951513
2026-05-26,BKK,arrival,20:25,DEL Delhi,AI2304,Air India,4h 25m,True,2026-02-11T12:33:49.178953
2026-05-26,BKK,arrival,20:25,USM Koh Samui,PG176,Bangkok Airways,1h 30m,True,2026-02-11T12:33:49.410270
2026-05-26,BKK,arrival,20:25,USM Koh Samui,PG180,Bangkok Airways,1h 15m,True,2026-02-11T12:33:49.651189
2026-05-26,BKK,arrival,20:25,KTI Phnom Penh,VZ723,Vietjet Thailand,1h 15m,True,2026-02-11T12:33:49.926361
2026-05-26,BKK,arrival,20:30,PBH Paro,KB152,Drukair,3h 10m,True,2026-02-11T12:33:50.173645
2026-05-26,BKK,arrival,20:40,TFU Chengdu,EU2867,Chengdu Airlines,3h 15m,True,2026-02-11T12:33:50.381096
2026-05-26,BKK,arrival,20:40,KTI Phnom Penh,PG936,Bangkok Airways,1h 15m,True,2026-02-11T12:33:50.630697
2026-05-26,BKK,arrival,20:40,RGN Yangon,UB17,Myanmar National Airlines,1h 25m,True,2026-02-11T12:33:50.916022
2026-05-26,BKK,arrival,20:45,HKT Phuket,PG278,Bangkok Airways,1h 35m,True,2026-02-11T12:33:51.163421
2026-05-26,BKK,arrival,20:45,USM Koh Samui,PG174,Bangkok Airways,1h 15m,True,2026-02-11T12:33:51.422170
2026-05-26,BKK,arrival,20:45,DOH Doha,QR826,Qatar Airways,6h 55m,True,2026-02-11T12:33:51.667018
2026-05-26,BKK,arrival,20:45,HKG Hong Kong,TG639,Thai Airways,2h 40m,True,2026-02-11T12:33:52.094021
2026-05-26,BKK,arrival,20:45,ICN Seoul,TG653,Thai Airways,5h 50m,True,2026-02-11T12:33:52.386923
2026-05-26,BKK,arrival,20:50,HKT Phuket,TG218,Thai Airways,1h 35m,True,2026-02-11T12:33:52.704116
2026-05-26,BKK,arrival,20:55,FOC Fuzhou,9C7301,Spring Airlines,4h 10m,True,2026-02-11T12:33:53.013193
2026-05-26,BKK,arrival,20:55,PVG Shanghai,FM839,Shanghai Airlines,4h 35m,True,2026-02-11T12:33:53.328861
2026-05-26,BKK,arrival,20:55,SAI Siem Reap,PG908,Bangkok Airways,1h 30m,True,2026-02-11T12:33:53.633579
2026-05-26,BKK,arrival,20:55,PVG Shanghai,TG665,Thai Airways,4h 30m,True,2026-02-11T12:33:53.962383
2026-05-26,BKK,arrival,20:55,SYD Sydney,TG472,Thai Airways,9h 20m,True,2026-02-11T12:33:54.332835
2026-05-26,BKK,arrival,21:00,HKG Hong Kong,HX765,Hong Kong Airlines,3h 0m,True,2026-02-11T12:33:54.628535
2026-05-26,BKK,arrival,21:00,RGN Yangon,TG304,Thai Airways,1h 30m,True,2026-02-11T12:33:54.997817
2026-05-26,BKK,arrival,21:00,HKT Phuket,VZ2305,Vietjet Thailand,1h 30m,True,2026-02-11T12:33:55.311496
2026-05-26,BKK,arrival,21:05,HAN Hanoi,VN617,Vietnam Airlines,2h 5m,True,2026-02-11T12:33:55.613167
2026-05-26,BKK,arrival,21:05,CNX Chiang Mai,VZ123,Vietjet Thailand,1h 20m,True,2026-02-11T12:33:55.949901
2026-05-26,BKK,arrival,21:10,ICN Seoul,LJ1,Jin Air,6h 0m,True,2026-02-11T12:33:56.275476
2026-05-26,BKK,arrival,21:10,ICN Seoul,YP601,Air Premia,5h 55m,True,2026-02-11T12:33:56.653026
2026-05-26,BKK,arrival,21:15,USM Koh Samui,PG188,Bangkok Airways,1h 30m,True,2026-02-11T12:33:57.026874
2026-05-26,BKK,arrival,21:15,PEK Beijing,TG615,Thai Airways,5h 10m,True,2026-02-11T12:33:57.351245
2026-05-26,BKK,arrival,21:20,ICN Seoul,BX727,Air Busan,6h 30m,True,2026-02-11T12:33:57.704122
2026-05-26,BKK,arrival,21:20,CEI Chiang Rai,VZ135,Vietjet Thailand,1h 25m,True,2026-02-11T12:33:58.070484
2026-05-26,BKK,arrival,21:25,UTH Udon Thani,FD4353,Thai AirAsia,1h 5m,True,2026-02-11T12:33:58.435590
2026-05-26,BKK,arrival,21:25,CNX Chiang Mai,PG220,Bangkok Airways,1h 25m,True,2026-02-11T12:33:58.784847
2026-05-26,BKK,arrival,21:25,USM Koh Samui,PG190,Bangkok Airways,1h 30m,True,2026-02-11T12:33:59.119309
2026-05-26,BKK,arrival,21:25,KIX Osaka,TG673,Thai Airways,5h 50m,True,2026-02-11T12:33:59.512998
2026-05-26,BKK,arrival,21:35,SGN Ho Chi Minh City,TG557,Thai Airways,1h 25m,True,2026-02-11T12:33:59.869492
2026-05-26,BKK,arrival,21:35,TPE Taipei,TG635,Thai Airways,3h 45m,True,2026-02-11T12:34:00.223080
2026-05-26,BKK,arrival,21:40,NRT Tokyo,ZG51,Zipair,6h 40m,True,2026-02-11T12:34:00.561682
2026-05-26,BKK,arrival,21:45,PUS Busan,BX725,Air Busan,5h 45m,True,2026-02-11T12:34:00.897623
2026-05-26,BKK,arrival,21:45,ICN Seoul,KE651,Korean Air,5h 40m,True,2026-02-11T12:34:01.542054
2026-05-26,BKK,arrival,21:45,KBV Krabi,TG250,Thai Airways,1h 25m,True,2026-02-11T12:34:01.981312
2026-05-26,BKK,arrival,21:50,HKT Phuket,FD4115,Thai AirAsia,1h 30m,True,2026-02-11T12:34:02.425257
2026-05-26,BKK,arrival,21:50,MFM Macau,NX992,Air Macau,3h 5m,True,2026-02-11T12:34:03.517891
2026-05-26,BKK,arrival,21:50,USM Koh Samui,PG186,Bangkok Airways,1h 15m,True,2026-02-11T12:34:03.899328
2026-05-26,BKK,arrival,21:55,PVG Shanghai,FM853,Shanghai Airlines,4h 35m,True,2026-02-11T12:34:04.289677
2026-05-26,BKK,arrival,21:55,NRT Tokyo,TG677,Thai Airways,6h 30m,True,2026-02-11T12:34:04.618194
2026-05-26,BKK,arrival,21:55,VTE Vientiane,TG575,Thai Airways,1h 25m,True,2026-02-11T12:34:04.885241
2026-05-26,BKK,arrival,21:55,SIN Singapore,TR614,Scoot,2h 35m,True,2026-02-11T12:34:05.152961
2026-05-26,BKK,arrival,22:00,CCU Kolkata,6E1057,IndiGo,2h 45m,True,2026-02-11T12:34:05.398486
2026-05-26,BKK,arrival,22:00,CAN Guangzhou,CZ361,China Southern,2h 55m,True,2026-02-11T12:34:05.671482
2026-05-26,BKK,arrival,22:00,KKC Khon Kaen,FD4504,Thai AirAsia,1h 10m,True,2026-02-11T12:34:05.929502
2026-05-26,BKK,arrival,22:05,CRK Angeles,5J943,Cebu Pacific,3h 30m,True,2026-02-11T12:34:06.298722
2026-05-26,BKK,arrival,22:05,KUL Kuala Lumpur,TG418,Thai Airways,2h 10m,True,2026-02-11T12:34:06.560480
2026-05-26,BKK,arrival,22:05,ICN Seoul,TW101,T´Way Air,6h 5m,True,2026-02-11T12:34:06.823744
2026-05-26,BKK,arrival,22:05,KBV Krabi,VZ345,Vietjet Thailand,1h 25m,True,2026-02-11T12:34:07.083534
2026-05-26,BKK,arrival,22:10,KBV Krabi,FD4409,Thai AirAsia,1h 25m,True,2026-02-11T12:34:07.331451
2026-05-26,BKK,arrival,22:10,DPS Denpasar,TG440,Thai Airways,4h 10m,True,2026-02-11T12:34:07.573443
2026-05-26,BKK,arrival,22:10,SIN Singapore,TG410,Thai Airways,2h 20m,True,2026-02-11T12:34:07.825494
2026-05-26,BKK,arrival,22:10,CNX Chiang Mai,VZ2107,Vietjet Thailand,1h 20m,True,2026-02-11T12:34:08.058604
2026-05-26,BKK,arrival,22:15,KMG Kunming,MU9621,China Eastern,2h 35m,True,2026-02-11T12:34:08.335933
2026-05-26,BKK,arrival,22:15,HDY Hat Yai,TG268,Thai Airways,1h 35m,True,2026-02-11T12:34:08.586794
2026-05-26,BKK,arrival,22:15,MNL Manila,TG625,Thai Airways,3h 20m,True,2026-02-11T12:34:08.829932
2026-05-26,BKK,arrival,22:20,USM Koh Samui,PG196,Bangkok Airways,1h 30m,True,2026-02-11T12:34:09.087754
2026-05-26,BKK,arrival,22:30,USM Koh Samui,PG192,Bangkok Airways,1h 30m,True,2026-02-11T12:34:09.308241
2026-05-26,BKK,arrival,22:30,CGK Jakarta,TG436,Thai Airways,3h 30m,True,2026-02-11T12:34:09.538066
2026-05-26,BKK,arrival,22:30,CNX Chiang Mai,TG121,Thai Airways,1h 20m,True,2026-02-11T12:34:09.764815
2026-05-26,BKK,arrival,22:30,UTH Udon Thani,TG9,Thai Airways,1h 5m,True,2026-02-11T12:34:10.026325
2026-05-26,BKK,arrival,22:30,TPE Taipei,VZ569,Vietjet Thailand,3h 45m,True,2026-02-11T12:34:10.280143
2026-05-26,BKK,arrival,22:35,RGN Yangon,8M372,MAI,1h 20m,True,2026-02-11T12:34:10.541486
2026-05-26,BKK,arrival,22:35,HAN Hanoi,TG565,Thai Airways,1h 50m,True,2026-02-11T12:34:10.854271
2026-05-26,BKK,arrival,22:35,KTI Phnom Penh,TG585,Thai Airways,1h 20m,True,2026-02-11T12:34:11.154834
2026-05-26,BKK,arrival,22:40,MNL Manila,PR732,PAL,3h 30m,True,2026-02-11T12:34:11.542318
2026-05-26,BKK,arrival,22:55,HKT Phuket,TG222,Thai Airways,1h 35m,True,2026-02-11T12:34:12.020462
2026-05-26,BKK,arrival,23:00,PEK Beijing,HU7995,Hainan Airlines,5h 0m,True,2026-02-11T12:34:12.340311
2026-05-26,BKK,arrival,23:00,NRT Tokyo,JL707,JAL,6h 35m,True,2026-02-11T12:34:12.658023
2026-05-26,BKK,arrival,23:05,KUL Kuala Lumpur,MH796,Malaysia Airlines,2h 20m,True,2026-02-11T12:34:12.989930
2026-05-26,BKK,arrival,23:10,ICN Seoul,OZ741,Asiana,5h 40m,True,2026-02-11T12:34:13.295913
2026-05-26,BKK,arrival,23:15,HKG Hong Kong,HB295,Greater Bay Airlines,3h 0m,True,2026-02-11T12:34:13.620111
2026-05-26,BKK,arrival,23:15,HKT Phuket,VZ309,Vietjet Thailand,1h 30m,True,2026-02-11T12:34:13.960677
2026-05-26,BKK,arrival,23:20,JJN Jinjiang,AQ1435,9 Air,4h 20m,True,2026-02-11T12:34:14.300795
2026-05-26,BKK,arrival,23:20,HDY Hat Yai,VZ329,Vietjet Thailand,1h 30m,True,2026-02-11T12:34:14.723134
2026-05-26,BKK,arrival,23:25,HKG Hong Kong,EK385,Emirates,3h 15m,True,2026-02-11T12:34:15.018772
2026-05-26,BKK,arrival,23:30,TPE Taipei,BR205,EVA Air,3h 45m,True,2026-02-11T12:34:15.361448
2026-05-26,BKK,arrival,23:30,CNX Chiang Mai,FD4117,Thai AirAsia,1h 25m,True,2026-02-11T12:34:15.684641
2026-05-26,BKK,arrival,23:30,CKG Chongqing,OQ2361,Chongqing Airlines,3h 15m,True,2026-02-11T12:34:15.993252
2026-05-26,BKK,arrival,23:30,HKT Phuket,PG280,Bangkok Airways,1h 35m,True,2026-02-11T12:34:16.326314
2026-05-26,BKK,arrival,23:35,CAN Guangzhou,KQ887,Kenya Airways,2h 25m,True,2026-02-11T12:34:16.651691
2026-05-26,BKK,arrival,23:40,HKT Phuket,FD4420,Thai AirAsia,1h 25m,True,2026-02-11T12:34:16.983053
2026-05-26,BKK,arrival,23:40,ICN Seoul,KE659,Korean Air,5h 55m,True,2026-02-11T12:34:17.343806
2026-05-26,BKK,arrival,23:50,HKG Hong Kong,CX617,Cathay Pacific,3h 0m,True,2026-02-11T12:34:17.699348
2026-05-26,BKK,arrival,23:50,AUH Abu Dhabi,EY400,Etihad,6h 35m,True,2026-02-11T12:34:18.058116
2026-05-26,BKK,arrival,23:50,CNX Chiang Mai,VZ119,Vietjet Thailand,1h 20m,True,2026-02-11T12:34:18.406042
2026-05-26,BKK,arrival,23:55,KIX Osaka,MM91,Peach Aviation,6h 25m,True,2026-02-11T12:34:18.719486
2026-05-26,BKK,arrival,23:55,NRT Tokyo,NH805,ANA,6h 45m,True,2026-02-11T12:34:19.042965
