date,airport,direction,time,destination,flight,airline,duration,page_date_verified,scraped_at
2026-05-21,BKK,departure,00:01,PER Perth,TG483,Thai Airways,6h 44m,True,2026-02-11T12:01:37.543318
2026-05-21,BKK,departure,00:05,BRU Brussels,TG934,Thai Airways,12h 10m,True,2026-02-11T12:01:37.631245
2026-05-21,BKK,departure,00:05,CDG Paris,TG930,Thai Airways,12h 5m,True,2026-02-11T12:01:37.716741
2026-05-21,BKK,departure,00:05,NGO Nagoya,TG644,Thai Airways,5h 55m,True,2026-02-11T12:01:37.811553
2026-05-21,BKK,departure,00:05,OSL Oslo,TG954,Thai Airways,12h 20m,True,2026-02-11T12:01:37.909814
2026-05-21,BKK,departure,00:05,ARN Stockholm,TG960,Thai Airways,12h 20m,True,2026-02-11T12:01:38.100337
2026-05-21,BKK,departure,00:05,ICN Seoul,TW102,T´Way Air,5h 35m,True,2026-02-11T12:01:38.184952
2026-05-21,BKK,departure,00:15,KIX Osaka,VZ820,Vietjet Thailand,5h 40m,True,2026-02-11T12:01:38.267441
2026-05-21,BKK,departure,00:25,KIX Osaka,JL728,JAL,5h 25m,True,2026-02-11T12:01:38.351103
2026-05-21,BKK,departure,00:30,CKG Chongqing,OQ2362,Chongqing Airlines,3h 30m,True,2026-02-11T12:01:38.435091
2026-05-21,BKK,departure,00:30,LHR London,TG910,Thai Airways,12h 45m,True,2026-02-11T12:01:38.519124
2026-05-21,BKK,departure,00:30,PVG Shanghai,TG662,Thai Airways,4h 15m,True,2026-02-11T12:01:38.600375
2026-05-21,BKK,departure,00:30,FUK Fukuoka,VZ810,Vietjet Thailand,5h 25m,True,2026-02-11T12:01:38.684432
2026-05-21,BKK,departure,00:40,PEK Beijing,HU7996,Hainan Airlines,5h 0m,True,2026-02-11T12:01:38.767898
2026-05-21,BKK,departure,00:40,FUK Fukuoka,TG648,Thai Airways,5h 20m,True,2026-02-11T12:01:38.854737
2026-05-21,BKK,departure,00:40,MXP Milan,TG940,Thai Airways,11h 55m,True,2026-02-11T12:01:38.939573
2026-05-21,BKK,departure,00:50,MUC Munich,TG924,Thai Airways,11h 15m,True,2026-02-11T12:01:39.025477
2026-05-21,BKK,departure,00:50,PUS Busan,7C2552,Jeju Air,5h 40m,True,2026-02-11T12:01:39.120972
2026-05-21,BKK,departure,00:50,CPH Copenhagen,TG950,Thai Airways,11h 50m,True,2026-02-11T12:01:39.214887
2026-05-21,BKK,departure,01:05,ZRH Zurich,TG970,Thai Airways,11h 45m,True,2026-02-11T12:01:39.303909
2026-05-21,BKK,departure,01:10,PNQ Pune,6E1096,IndiGo,4h 5m,True,2026-02-11T12:01:39.387184
2026-05-21,BKK,departure,01:10,ICN Seoul,7C2504,Jeju Air,5h 45m,True,2026-02-11T12:01:39.470971
2026-05-21,BKK,departure,01:15,PVG Shanghai,9C8756,Spring Airlines,4h 25m,True,2026-02-11T12:01:39.560699
2026-05-21,BKK,departure,01:15,TFU Chengdu,3U3938,Sichuan Airlines,3h 5m,True,2026-02-11T12:01:39.650185
2026-05-21,BKK,departure,01:15,DXB Dubai,EK385,Emirates,6h 30m,True,2026-02-11T12:01:39.773578
2026-05-21,BKK,departure,01:15,KIX Osaka,MM92,Peach Aviation,6h 5m,True,2026-02-11T12:01:39.908195
2026-05-21,BKK,departure,01:20,ICN Seoul,OZ742,Asiana,5h 25m,True,2026-02-11T12:01:40.047914
2026-05-21,BKK,departure,01:30,PEK Beijing,CA980,Air China,4h 40m,True,2026-02-11T12:01:40.177364
2026-05-21,BKK,departure,01:30,HKG Hong Kong,HB296,Greater Bay Airlines,3h 0m,True,2026-02-11T12:01:40.306439
2026-05-21,BKK,departure,01:30,PVG Shanghai,HO1352,Juneyao Airlines,4h 15m,True,2026-02-11T12:01:40.427022
2026-05-21,BKK,departure,01:35,TPE Taipei,BR206,EVA Air,3h 45m,True,2026-02-11T12:01:40.531272
2026-05-21,BKK,departure,01:45,DOH Doha,QR837,Qatar Airways,6h 35m,True,2026-02-11T12:01:40.710933
2026-05-21,BKK,departure,01:50,XMN Xiamen,MF844,XiamenAir,3h 25m,True,2026-02-11T12:01:40.794381
2026-05-21,BKK,departure,01:50,HKG Hong Kong,HX760,Hong Kong Airlines,3h 0m,True,2026-02-11T12:01:40.875604
2026-05-21,BKK,departure,01:50,JED Jeddah,SV849,Saudia,8h 10m,True,2026-02-11T12:01:40.955590
2026-05-21,BKK,departure,01:55,HKG Hong Kong,HX780,Hong Kong Airlines,3h 0m,True,2026-02-11T12:01:41.038818
2026-05-21,BKK,departure,01:55,TPE Taipei,VZ566,Vietjet Thailand,3h 50m,True,2026-02-11T12:01:41.139206
2026-05-21,BKK,departure,01:55,ADD Addis Ababa,ET609,Ethiopian,8h 40m,True,2026-02-11T12:01:41.226768
2026-05-21,BKK,departure,02:05,TAE Daegu,TW106,T´Way Air,5h 35m,True,2026-02-11T12:01:41.339681
2026-05-21,BKK,departure,02:05,DOH Doha,QR827,Qatar Airways,6h 35m,True,2026-02-11T12:01:41.428889
2026-05-21,BKK,departure,02:10,NKG Nanjing,MU2804,China Eastern,4h 0m,True,2026-02-11T12:01:41.519692
2026-05-21,BKK,departure,02:10,PVG Shanghai,MU548,China Eastern,4h 25m,True,2026-02-11T12:01:41.606541
2026-05-21,BKK,departure,02:15,DXB Dubai,EK377,Emirates,6h 45m,True,2026-02-11T12:01:41.699629
2026-05-21,BKK,departure,02:25,RGN Yangon,8M391,MAI,1h 20m,True,2026-02-11T12:01:41.790309
2026-05-21,BKK,departure,02:25,ICN Seoul,VZ850,Vietjet Thailand,5h 35m,True,2026-02-11T12:01:41.902721
2026-05-21,BKK,departure,02:25,TNA Jinan,SC8076,Shandong Airlines,4h 45m,True,2026-02-11T12:01:41.987330
2026-05-21,BKK,departure,02:40,TPE Taipei,CI838,China Airlines,3h 45m,True,2026-02-11T12:01:42.072108
2026-05-21,BKK,departure,02:40,HKG Hong Kong,HX768,Hong Kong Airlines,3h 20m,True,2026-02-11T12:01:42.155258
2026-05-21,BKK,departure,02:50,XIY Xian,9C6252,Spring Airlines,3h 45m,True,2026-02-11T12:01:42.243445
2026-05-21,BKK,departure,03:00,CAN Guangzhou,MU2078,China Eastern,3h 50m,True,2026-02-11T12:01:42.328014
2026-05-21,BKK,departure,03:00,CAN Guangzhou,CZ3036,China Southern,2h 55m,True,2026-02-11T12:01:42.418660
2026-05-21,BKK,departure,03:15,SZX Shenzhen,ZH306,Shenzhen Airlines,2h 55m,True,2026-02-11T12:01:42.505470
2026-05-21,BKK,departure,03:15,DXB Dubai,EK371,Emirates,6h 35m,True,2026-02-11T12:01:42.593354
2026-05-21,BKK,departure,03:15,AUH Abu Dhabi,EY401,Etihad,6h 30m,True,2026-02-11T12:01:42.676384
2026-05-21,BKK,departure,03:25,MNL Manila,5J932,Cebu Pacific,3h 45m,True,2026-02-11T12:01:42.759742
2026-05-21,BKK,departure,03:50,DEL Delhi,SG88,SpiceJet,4h 25m,True,2026-02-11T12:01:42.840486
2026-05-21,BKK,departure,04:05,XIY Xian,GJ8908,Loong Air,3h 35m,True,2026-02-11T12:01:42.924052
2026-05-21,BKK,departure,04:20,WUH Wuhan,MU2564,China Eastern,3h 20m,True,2026-02-11T12:01:43.010354
2026-05-21,BKK,departure,05:00,PBH Paro,KB153,Drukair,3h 15m,True,2026-02-11T12:01:43.098037
2026-05-21,BKK,departure,05:05,PVG Shanghai,FM848,Shanghai Airlines,4h 30m,True,2026-02-11T12:01:43.184297
2026-05-21,BKK,departure,06:00,KUL Kuala Lumpur,MH797,Malaysia Airlines,2h 10m,True,2026-02-11T12:01:43.303364
2026-05-21,BKK,departure,06:05,USM Koh Samui,PG101,Bangkok Airways,1h 5m,True,2026-02-11T12:01:43.433435
2026-05-21,BKK,departure,06:10,CNX Chiang Mai,VZ100,Vietjet Thailand,1h 20m,True,2026-02-11T12:01:43.554128
2026-05-21,BKK,departure,06:10,NST Nakhon Si Thammarat,VZ330,Vietjet Thailand,1h 20m,True,2026-02-11T12:01:43.715691
2026-05-21,BKK,departure,06:30,CEI Chiang Rai,VZ130,Vietjet Thailand,1h 25m,True,2026-02-11T12:01:43.971181
2026-05-21,BKK,departure,06:30,USM Koh Samui,PG105,Bangkok Airways,1h 5m,True,2026-02-11T12:01:44.124692
2026-05-21,BKK,departure,06:30,CCU Kolkata,B3701,Bhutan Airlines,2h 45m,True,2026-02-11T12:01:44.257955
2026-05-21,BKK,departure,06:40,CEI Chiang Rai,FD4150,Thai AirAsia,1h 25m,True,2026-02-11T12:01:44.559785
2026-05-21,BKK,departure,06:40,IST Istanbul,TK59,Turkish Airlines,10h 0m,True,2026-02-11T12:01:44.799912
2026-05-21,BKK,departure,07:00,THS Sukhothai,PG211,Bangkok Airways,1h 20m,True,2026-02-11T12:01:44.912201
2026-05-21,BKK,departure,07:00,HDY Hat Yai,TG259,Thai Airways,1h 25m,True,2026-02-11T12:01:44.992643
2026-05-21,BKK,departure,07:00,KKC Khon Kaen,TG40,Thai Airways,1h 0m,True,2026-02-11T12:01:45.084513
2026-05-21,BKK,departure,07:00,UTH Udon Thani,TG2,Thai Airways,1h 10m,True,2026-02-11T12:01:45.172382
2026-05-21,BKK,departure,07:00,HKT Phuket,VZ314,Vietjet Thailand,1h 30m,True,2026-02-11T12:01:45.270367
2026-05-21,BKK,departure,07:00,KBV Krabi,VZ340,Vietjet Thailand,1h 25m,True,2026-02-11T12:01:45.364846
2026-05-21,BKK,departure,07:00,NRT Tokyo,NH806,ANA,6h 20m,True,2026-02-11T12:01:45.467886
2026-05-21,BKK,departure,07:05,KKC Khon Kaen,VZ210,Vietjet Thailand,1h 5m,True,2026-02-11T12:01:45.553350
2026-05-21,BKK,departure,07:05,UBP Ubon Ratchathani,TG20,Thai Airways,1h 10m,True,2026-02-11T12:01:45.634918
2026-05-21,BKK,departure,07:05,HEL Helsinki,AY142,Finnair,12h 20m,True,2026-02-11T12:01:45.718720
2026-05-21,BKK,departure,07:10,HDY Hat Yai,VZ320,Vietjet Thailand,1h 30m,True,2026-02-11T12:01:45.803479
2026-05-21,BKK,departure,07:10,USM Koh Samui,PG107,Bangkok Airways,1h 5m,True,2026-02-11T12:01:45.884665
2026-05-21,BKK,departure,07:15,HDY Hat Yai,FD4202,Thai AirAsia,1h 35m,True,2026-02-11T12:01:45.968345
2026-05-21,BKK,departure,07:15,UTH Udon Thani,FD4350,Thai AirAsia,1h 15m,True,2026-02-11T12:01:46.052465
2026-05-21,BKK,departure,07:20,KBV Krabi,PG261,Bangkok Airways,1h 25m,True,2026-02-11T12:01:46.135132
2026-05-21,BKK,departure,07:25,CNX Chiang Mai,TG102,Thai Airways,1h 20m,True,2026-02-11T12:01:46.215696
2026-05-21,BKK,departure,07:25,MNL Manila,TG620,Thai Airways,3h 20m,True,2026-02-11T12:01:46.299651
2026-05-21,BKK,departure,07:30,URT Surat Thani,FD4212,Thai AirAsia,1h 25m,True,2026-02-11T12:01:46.384613
2026-05-21,BKK,departure,07:30,USM Koh Samui,PG121,Bangkok Airways,1h 5m,True,2026-02-11T12:01:46.466782
2026-05-21,BKK,departure,07:30,HKT Phuket,TG201,Thai Airways,1h 30m,True,2026-02-11T12:01:46.549326
2026-05-21,BKK,departure,07:30,KTI Phnom Penh,TG586,Thai Airways,1h 20m,True,2026-02-11T12:01:46.635251
2026-05-21,BKK,departure,07:35,DEL Delhi,TG323,Thai Airways,4h 30m,True,2026-02-11T12:01:46.718371
2026-05-21,BKK,departure,07:35,SGN Ho Chi Minh City,TG550,Thai Airways,1h 30m,True,2026-02-11T12:01:46.801284
2026-05-21,BKK,departure,07:40,KBV Krabi,TG241,Thai Airways,1h 20m,True,2026-02-11T12:01:46.884376
2026-05-21,BKK,departure,07:40,CNX Chiang Mai,VZ114,Vietjet Thailand,1h 20m,True,2026-02-11T12:01:46.968127
2026-05-21,BKK,departure,07:40,SAI Siem Reap,PG903,Bangkok Airways,1h 20m,True,2026-02-11T12:01:47.050067
2026-05-21,BKK,departure,07:45,HAN Hanoi,TG560,Thai Airways,1h 50m,True,2026-02-11T12:01:47.131006
2026-05-21,BKK,departure,07:45,NRT Tokyo,TG676,Thai Airways,6h 10m,True,2026-02-11T12:01:47.216448
2026-05-21,BKK,departure,07:45,CMB Colombo,UL403,SriLankan Airlines,3h 20m,True,2026-02-11T12:01:47.313531
2026-05-21,BKK,departure,07:45,JED Jeddah,SV3651,Saudia,8h 10m,True,2026-02-11T12:01:47.438305
2026-05-21,BKK,departure,07:50,KMG Kunming,MU9622,China Eastern,2h 5m,True,2026-02-11T12:01:47.568808
2026-05-21,BKK,departure,07:55,HKT Phuket,FD4124,Thai AirAsia,1h 35m,True,2026-02-11T12:01:47.691292
2026-05-21,BKK,departure,08:00,HKG Hong Kong,TG600,Thai Airways,2h 45m,True,2026-02-11T12:01:47.813382
2026-05-21,BKK,departure,08:00,ICN Seoul,TG652,Thai Airways,5h 25m,True,2026-02-11T12:01:47.936059
2026-05-21,BKK,departure,08:00,CNX Chiang Mai,PG215,Bangkok Airways,1h 20m,True,2026-02-11T12:01:48.064437
2026-05-21,BKK,departure,08:00,CGK Jakarta,TG433,Thai Airways,3h 35m,True,2026-02-11T12:01:48.233675
2026-05-21,BKK,departure,08:00,SIN Singapore,TG403,Thai Airways,2h 15m,True,2026-02-11T12:01:48.315810
2026-05-21,BKK,departure,08:05,HKT Phuket,PG271,Bangkok Airways,1h 30m,True,2026-02-11T12:01:48.399762
2026-05-21,BKK,departure,08:05,CEI Chiang Rai,TG130,Thai Airways,1h 35m,True,2026-02-11T12:01:48.479081
2026-05-21,BKK,departure,08:05,HKT Phuket,TG203,Thai Airways,1h 30m,True,2026-02-11T12:01:48.559595
2026-05-21,BKK,departure,08:05,HKG Hong Kong,CX700,Cathay Pacific,3h 5m,True,2026-02-11T12:01:48.643899
2026-05-21,BKK,departure,08:05,NRT Tokyo,JL708,JAL,6h 10m,True,2026-02-11T12:01:48.725001
2026-05-21,BKK,departure,08:10,MEL Melbourne,TG461,Thai Airways,8h 50m,True,2026-02-11T12:01:48.809651
2026-05-21,BKK,departure,08:10,USM Koh Samui,PG123,Bangkok Airways,1h 10m,True,2026-02-11T12:01:48.891300
2026-05-21,BKK,departure,08:15,DAD Da Nang,VZ964,Vietjet Thailand,1h 40m,True,2026-02-11T12:01:48.978161
2026-05-21,BKK,departure,08:15,TDX Trat,PG301,Bangkok Airways,1h 0m,True,2026-02-11T12:01:49.109779
2026-05-21,BKK,departure,08:20,HKT Phuket,VZ300,Vietjet Thailand,1h 30m,True,2026-02-11T12:01:49.187217
2026-05-21,BKK,departure,08:20,CAN Guangzhou,CZ362,China Southern,3h 0m,True,2026-02-11T12:01:49.272559
2026-05-21,BKK,departure,08:20,KBV Krabi,FD4402,Thai AirAsia,1h 30m,True,2026-02-11T12:01:49.384385
2026-05-21,BKK,departure,08:25,KIX Osaka,TG672,Thai Airways,5h 30m,True,2026-02-11T12:01:49.509795
2026-05-21,BKK,departure,08:25,TPE Taipei,TG632,Thai Airways,3h 40m,True,2026-02-11T12:01:49.588212
2026-05-21,BKK,departure,08:30,UTH Udon Thani,VZ200,Vietjet Thailand,1h 10m,True,2026-02-11T12:01:49.669890
2026-05-21,BKK,departure,08:30,CNX Chiang Mai,FD4104,Thai AirAsia,1h 20m,True,2026-02-11T12:01:49.754235
2026-05-21,BKK,departure,08:30,SYD Sydney,TG475,Thai Airways,9h 0m,True,2026-02-11T12:01:49.838796
2026-05-21,BKK,departure,08:40,DEL Delhi,AI2333,Air India,4h 25m,True,2026-02-11T12:01:49.930945
2026-05-21,BKK,departure,08:40,KTI Phnom Penh,VZ720,Vietjet Thailand,1h 15m,True,2026-02-11T12:01:50.008430
2026-05-21,BKK,departure,08:55,BOM Mumbai,6E1052,IndiGo,4h 25m,True,2026-02-11T12:01:50.095780
2026-05-21,BKK,departure,08:55,SHJ Sharjah,G9822,Air Arabia,6h 25m,True,2026-02-11T12:01:50.179105
2026-05-21,BKK,departure,08:55,TPE Taipei,VZ568,Vietjet Thailand,3h 50m,True,2026-02-11T12:01:50.263369
2026-05-21,BKK,departure,09:00,RUN Saint Denis de la Reunion,UU888,Air Austral,7h 35m,True,2026-02-11T12:01:50.349631
2026-05-21,BKK,departure,09:00,MCT Muscat,WY818,Oman Air,6h 15m,True,2026-02-11T12:01:50.437221
2026-05-21,BKK,departure,09:05,KUL Kuala Lumpur,TG415,Thai Airways,2h 10m,True,2026-02-11T12:01:50.516013
2026-05-21,BKK,departure,09:05,SIN Singapore,TR609,Scoot,2h 20m,True,2026-02-11T12:01:50.599022
2026-05-21,BKK,departure,09:05,DOH Doha,QR831,Qatar Airways,6h 35m,True,2026-02-11T12:01:50.713102
2026-05-21,BKK,departure,09:15,JJN Jinjiang,AQ1436,9 Air,2h 45m,True,2026-02-11T12:01:50.843014
2026-05-21,BKK,departure,09:15,AUH Abu Dhabi,EY403,Etihad,6h 20m,True,2026-02-11T12:01:50.966523
2026-05-21,BKK,departure,09:15,USM Koh Samui,PG115,Bangkok Airways,1h 30m,True,2026-02-11T12:01:51.095383
2026-05-21,BKK,departure,09:20,RGN Yangon,UB20,Myanmar National Airlines,1h 25m,True,2026-02-11T12:01:51.219665
2026-05-21,BKK,departure,09:20,SIN Singapore,SQ705,Singapore Airlines,2h 25m,True,2026-02-11T12:01:51.374018
2026-05-21,BKK,departure,09:20,PQC Phu Quoc,VZ980,Vietjet Thailand,1h 20m,True,2026-02-11T12:01:51.506641
2026-05-21,BKK,departure,09:25,MAA Chennai,6E1062,IndiGo,3h 15m,True,2026-02-11T12:01:51.626677
2026-05-21,BKK,departure,09:30,HKT Phuket,TG205,Thai Airways,1h 30m,True,2026-02-11T12:01:51.850319
2026-05-21,BKK,departure,09:30,DXB Dubai,EK375,Emirates,6h 30m,True,2026-02-11T12:01:51.967048
2026-05-21,BKK,departure,09:30,MCT Muscat,OV464,Salam Air,6h 30m,True,2026-02-11T12:01:52.058347
2026-05-21,BKK,departure,09:35,URT Surat Thani,VZ350,Vietjet Thailand,1h 15m,True,2026-02-11T12:01:52.155629
2026-05-21,BKK,departure,09:35,HND Tokyo,NH848,ANA,6h 25m,True,2026-02-11T12:01:52.292561
2026-05-21,BKK,departure,09:35,DPS Denpasar,TG431,Thai Airways,4h 20m,True,2026-02-11T12:01:52.464469
2026-05-21,BKK,departure,09:35,RGN Yangon,TG301,Thai Airways,1h 30m,True,2026-02-11T12:01:52.571262
2026-05-21,BKK,departure,09:40,VTE Vientiane,QV442,Lao Airlines,1h 15m,True,2026-02-11T12:01:52.662521
2026-05-21,BKK,departure,09:45,AUH Abu Dhabi,EY409,Etihad,6h 20m,True,2026-02-11T12:01:52.744118
2026-05-21,BKK,departure,09:45,HND Tokyo,JL32,JAL,6h 15m,True,2026-02-11T12:01:52.822173
2026-05-21,BKK,departure,09:50,PVG Shanghai,FM842,Shanghai Airlines,4h 35m,True,2026-02-11T12:01:52.911016
2026-05-21,BKK,departure,09:50,ICN Seoul,KE660,Korean Air,5h 30m,True,2026-02-11T12:01:53.051513
2026-05-21,BKK,departure,09:55,CNX Chiang Mai,PG223,Bangkok Airways,1h 20m,True,2026-02-11T12:01:53.129943
2026-05-21,BKK,departure,09:55,LPQ Luang Prabang,PG941,Bangkok Airways,2h 10m,True,2026-02-11T12:01:53.213155
2026-05-21,BKK,departure,09:55,USM Koh Samui,PG129,Bangkok Airways,1h 10m,True,2026-02-11T12:01:53.295104
2026-05-21,BKK,departure,09:55,CNX Chiang Mai,TG104,Thai Airways,1h 20m,True,2026-02-11T12:01:53.376888
2026-05-21,BKK,departure,09:55,CNX Chiang Mai,VZ102,Vietjet Thailand,1h 20m,True,2026-02-11T12:01:53.457861
2026-05-21,BKK,departure,10:00,PEK Beijing,TG614,Thai Airways,4h 45m,True,2026-02-11T12:01:53.544788
2026-05-21,BKK,departure,10:05,CCU Kolkata,6E1058,IndiGo,2h 40m,True,2026-02-11T12:01:53.631070
2026-05-21,BKK,departure,10:05,USM Koh Samui,PG125,Bangkok Airways,1h 10m,True,2026-02-11T12:01:53.716209
2026-05-21,BKK,departure,10:10,USM Koh Samui,PG127,Bangkok Airways,1h 30m,True,2026-02-11T12:01:53.800199
2026-05-21,BKK,departure,10:10,HKG Hong Kong,UO705,HK Express,3h 10m,True,2026-02-11T12:01:53.894294
2026-05-21,BKK,departure,10:15,RGN Yangon,8M336,MAI,1h 20m,True,2026-02-11T12:01:53.976949
2026-05-21,BKK,departure,10:15,ALA Almaty,KC932,Air Astana,6h 40m,True,2026-02-11T12:01:54.061400
2026-05-21,BKK,departure,10:15,KTM Kathmandu,TG319,Thai Airways,3h 25m,True,2026-02-11T12:01:54.143488
2026-05-21,BKK,departure,10:20,HKT Phuket,VZ304,Vietjet Thailand,1h 30m,True,2026-02-11T12:01:54.229042
2026-05-21,BKK,departure,10:20,CAN Guangzhou,9C8894,Spring Airlines,2h 50m,True,2026-02-11T12:01:54.310328
2026-05-21,BKK,departure,10:20,KTI Phnom Penh,K6723,Air Cambodia,1h 10m,True,2026-02-11T12:01:54.391274
2026-05-21,BKK,departure,10:30,NST Nakhon Si Thammarat,FD4231,Thai AirAsia,1h 25m,True,2026-02-11T12:01:54.471326
2026-05-21,BKK,departure,10:30,CAN Guangzhou,TG668,Thai Airways,3h 0m,True,2026-02-11T12:01:54.604568
2026-05-21,BKK,departure,10:30,KKC Khon Kaen,TG42,Thai Airways,1h 5m,True,2026-02-11T12:01:54.719547
2026-05-21,BKK,departure,10:30,HKG Hong Kong,TG628,Thai Airways,2h 50m,True,2026-02-11T12:01:54.836480
2026-05-21,BKK,departure,10:35,DAC Dhaka,TG321,Thai Airways,2h 35m,True,2026-02-11T12:01:54.956419
2026-05-21,BKK,departure,10:35,MFM Macau,NX995,Air Macau,2h 45m,True,2026-02-11T12:01:55.080943
2026-05-21,BKK,departure,10:40,HKT Phuket,PG275,Bangkok Airways,1h 30m,True,2026-02-11T12:01:55.207945
2026-05-21,BKK,departure,10:45,CNX Chiang Mai,FD4106,Thai AirAsia,1h 20m,True,2026-02-11T12:01:55.396180
2026-05-21,BKK,departure,10:45,KMG Kunming,TG612,Thai Airways,2h 15m,True,2026-02-11T12:01:55.474768
2026-05-21,BKK,departure,10:45,PVG Shanghai,TG664,Thai Airways,4h 15m,True,2026-02-11T12:01:55.556607
2026-05-21,BKK,departure,10:50,DEL Delhi,6E1064,IndiGo,4h 35m,True,2026-02-11T12:01:55.639294
2026-05-21,BKK,departure,10:50,DAD Da Nang,VZ960,Vietjet Thailand,1h 40m,True,2026-02-11T12:01:55.726941
2026-05-21,BKK,departure,10:50,NNG Nanning,GX8910,GX Airlines,2h 5m,True,2026-02-11T12:01:55.828752
2026-05-21,BKK,departure,10:50,TPE Taipei,CI834,China Airlines,3h 40m,True,2026-02-11T12:01:55.913244
2026-05-21,BKK,departure,10:50,TFU Chengdu,TG618,Thai Airways,3h 10m,True,2026-02-11T12:01:56.002061
2026-05-21,BKK,departure,10:50,HKT Phuket,TG207,Thai Airways,1h 30m,True,2026-02-11T12:01:56.265993
2026-05-21,BKK,departure,10:55,SAI Siem Reap,PG905,Bangkok Airways,1h 20m,True,2026-02-11T12:01:56.426908
2026-05-21,BKK,departure,10:55,SIN Singapore,TR625,Scoot,2h 30m,True,2026-02-11T12:01:56.519982
2026-05-21,BKK,departure,11:00,HDY Hat Yai,VZ324,Vietjet Thailand,1h 30m,True,2026-02-11T12:01:56.610353
2026-05-21,BKK,departure,11:00,UBP Ubon Ratchathani,VZ220,Vietjet Thailand,1h 10m,True,2026-02-11T12:01:56.704230
2026-05-21,BKK,departure,11:00,HKG Hong Kong,CX750,Cathay Pacific,3h 10m,True,2026-02-11T12:01:56.854961
2026-05-21,BKK,departure,11:05,HAK Haikou,HU7940,Hainan Airlines,2h 25m,True,2026-02-11T12:01:56.959699
2026-05-21,BKK,departure,11:05,KUL Kuala Lumpur,MH785,Malaysia Airlines,2h 10m,True,2026-02-11T12:01:57.079732
2026-05-21,BKK,departure,11:10,CNX Chiang Mai,FD4100,Thai AirAsia,1h 20m,True,2026-02-11T12:01:57.496173
2026-05-21,BKK,departure,11:10,TPE Taipei,BR62,EVA Air,3h 55m,True,2026-02-11T12:01:57.586801
2026-05-21,BKK,departure,11:15,SIN Singapore,TG413,Thai Airways,2h 15m,True,2026-02-11T12:01:57.866507
2026-05-21,BKK,departure,11:20,CAN Guangzhou,CZ358,China Southern,2h 50m,True,2026-02-11T12:01:58.552997
2026-05-21,BKK,departure,11:20,NAW Narathiwat,FD4252,Thai AirAsia,1h 35m,True,2026-02-11T12:01:58.661252
2026-05-21,BKK,departure,11:20,SGN Ho Chi Minh City,VN600,Vietnam Airlines,1h 45m,True,2026-02-11T12:01:58.747096
2026-05-21,BKK,departure,11:20,SHJ Sharjah,G9824,Air Arabia,6h 25m,True,2026-02-11T12:01:58.844209
2026-05-21,BKK,departure,11:25,MNL Manila,5J930,Cebu Pacific,3h 50m,True,2026-02-11T12:01:58.927078
2026-05-21,BKK,departure,11:25,KKC Khon Kaen,FD4501,Thai AirAsia,1h 10m,True,2026-02-11T12:01:59.369160
2026-05-21,BKK,departure,11:25,VTE Vientiane,TG570,Thai Airways,1h 15m,True,2026-02-11T12:01:59.449442
2026-05-21,BKK,departure,11:25,CDG Paris,AF199,Air France,12h 25m,True,2026-02-11T12:01:59.525858
2026-05-21,BKK,departure,11:30,XIY Xian,9C6300,Spring Airlines,3h 50m,True,2026-02-11T12:01:59.607945
2026-05-21,BKK,departure,11:30,MDL Mandalay,8M338,MAI,1h 50m,True,2026-02-11T12:01:59.692166
2026-05-21,BKK,departure,11:30,SGN Ho Chi Minh City,VJ802,VietJet,1h 30m,True,2026-02-11T12:01:59.794462
2026-05-21,BKK,departure,11:35,KTI Phnom Penh,KR702,Cambodia Airways,1h 15m,True,2026-02-11T12:01:59.953116
2026-05-21,BKK,departure,11:35,CEI Chiang Rai,TG132,Thai Airways,1h 35m,True,2026-02-11T12:02:00.091162
2026-05-21,BKK,departure,11:40,CNX Chiang Mai,TG106,Thai Airways,1h 20m,True,2026-02-11T12:02:00.218465
2026-05-21,BKK,departure,11:40,TDX Trat,PG305,Bangkok Airways,1h 0m,True,2026-02-11T12:02:00.371222
2026-05-21,BKK,departure,11:40,USM Koh Samui,PG133,Bangkok Airways,1h 5m,True,2026-02-11T12:02:00.483582
2026-05-21,BKK,departure,11:45,NNG Nanning,9C7486,Spring Airlines,2h 20m,True,2026-02-11T12:02:00.602497
2026-05-21,BKK,departure,11:45,KHH Kaohsiung,TG630,Thai Airways,3h 30m,True,2026-02-11T12:02:00.798283
2026-05-21,BKK,departure,11:45,CKG Chongqing,HU424,Hainan Airlines,3h 20m,True,2026-02-11T12:02:00.882434
2026-05-21,BKK,departure,11:50,PVG Shanghai,FM854,Shanghai Airlines,4h 20m,True,2026-02-11T12:02:00.966353
2026-05-21,BKK,departure,11:50,AMS Amsterdam,BR75,EVA Air,12h 35m,True,2026-02-11T12:02:01.279495
2026-05-21,BKK,departure,11:55,HYD Hyderabad,6E1068,IndiGo,3h 30m,True,2026-02-11T12:02:01.371155
2026-05-21,BKK,departure,11:55,HAN Hanoi,VN610,Vietnam Airlines,1h 55m,True,2026-02-11T12:02:01.458302
2026-05-21,BKK,departure,11:55,KWI Kuwait,KU412,Kuwait Airways,7h 20m,True,2026-02-11T12:02:01.545283
2026-05-21,BKK,departure,12:00,FOC Fuzhou,9C7302,Spring Airlines,3h 30m,True,2026-02-11T12:02:01.634373
2026-05-21,BKK,departure,12:05,HKG Hong Kong,CX774,Cathay Pacific,3h 10m,True,2026-02-11T12:02:01.725765
2026-05-21,BKK,departure,12:05,AMS Amsterdam,KL844,KLM,12h 5m,True,2026-02-11T12:02:01.814796
2026-05-21,BKK,departure,12:10,SZX Shenzhen,ZH310,Shenzhen Airlines,2h 55m,True,2026-02-11T12:02:01.899464
2026-05-21,BKK,departure,12:15,SWA Jieyang,CZ8356,China Southern,3h 5m,True,2026-02-11T12:02:01.983976
2026-05-21,BKK,departure,12:15,XMN Xiamen,MF854,XiamenAir,3h 15m,True,2026-02-11T12:02:02.061347
2026-05-21,BKK,departure,12:15,SIN Singapore,SQ707,Singapore Airlines,2h 35m,True,2026-02-11T12:02:02.142214
2026-05-21,BKK,departure,12:15,UTH Udon Thani,TG4,Thai Airways,1h 10m,True,2026-02-11T12:02:02.221727
2026-05-21,BKK,departure,12:20,ICN Seoul,OZ744,Asiana,5h 20m,True,2026-02-11T12:02:02.306943
2026-05-21,BKK,departure,12:20,BLR Bengaluru,6E1056,IndiGo,3h 40m,True,2026-02-11T12:02:02.395324
2026-05-21,BKK,departure,12:20,LHR London,BR67,EVA Air,13h 0m,True,2026-02-11T12:02:02.484771
2026-05-21,BKK,departure,12:20,CNX Chiang Mai,FD4118,Thai AirAsia,1h 20m,True,2026-02-11T12:02:02.574271
2026-05-21,BKK,departure,12:20,HKT Phuket,FD4110,Thai AirAsia,1h 35m,True,2026-02-11T12:02:02.663029
2026-05-21,BKK,departure,12:20,CNX Chiang Mai,VZ110,Vietjet Thailand,1h 20m,True,2026-02-11T12:02:02.751193
2026-05-21,BKK,departure,12:25,CNX Chiang Mai,PG217,Bangkok Airways,1h 20m,True,2026-02-11T12:02:02.846696
2026-05-21,BKK,departure,12:25,FRA Frankfurt,TG922,Thai Airways,11h 35m,True,2026-02-11T12:02:02.939040
2026-05-21,BKK,departure,12:25,TPE Taipei,BR212,EVA Air,3h 50m,True,2026-02-11T12:02:03.028966
2026-05-21,BKK,departure,12:30,HDY Hat Yai,TG263,Thai Airways,1h 30m,True,2026-02-11T12:02:03.123024
2026-05-21,BKK,departure,12:30,HKG Hong Kong,CX754,Cathay Pacific,3h 10m,True,2026-02-11T12:02:03.216938
2026-05-21,BKK,departure,12:35,HKT Phuket,PG273,Bangkok Airways,1h 30m,True,2026-02-11T12:02:03.303243
2026-05-21,BKK,departure,12:35,LHR London,TG916,Thai Airways,12h 40m,True,2026-02-11T12:02:03.389275
2026-05-21,BKK,departure,12:40,CAN Guangzhou,CZ8080,China Southern,3h 0m,True,2026-02-11T12:02:03.481036
2026-05-21,BKK,departure,12:40,USM Koh Samui,PG135,Bangkok Airways,1h 5m,True,2026-02-11T12:02:03.592265
2026-05-21,BKK,departure,12:40,DPS Denpasar,TG439,Thai Airways,4h 20m,True,2026-02-11T12:02:03.720006
2026-05-21,BKK,departure,12:40,TPE Taipei,TG634,Thai Airways,3h 40m,True,2026-02-11T12:02:03.847441
2026-05-21,BKK,departure,12:40,SZX Shenzhen,CZ8076,China Southern,3h 0m,True,2026-02-11T12:02:03.971786
2026-05-21,BKK,departure,12:50,HGH Hangzhou,JD420,Capital Airlines,4h 0m,True,2026-02-11T12:02:04.096516
2026-05-21,BKK,departure,12:50,ZRH Zurich,LX181,SWISS,11h 45m,True,2026-02-11T12:02:04.224196
2026-05-21,BKK,departure,13:00,HND Tokyo,TG660,Thai Airways,6h 10m,True,2026-02-11T12:02:04.345265
2026-05-21,BKK,departure,13:05,NST Nakhon Si Thammarat,VZ334,Vietjet Thailand,1h 20m,True,2026-02-11T12:02:04.512146
2026-05-21,BKK,departure,13:10,TPE Taipei,JX742,Starlux,3h 50m,True,2026-02-11T12:02:04.595443
2026-05-21,BKK,departure,13:10,HKT Phuket,VZ2300,Vietjet Thailand,1h 30m,True,2026-02-11T12:02:04.680320
2026-05-21,BKK,departure,13:15,UTH Udon Thani,VZ204,Vietjet Thailand,1h 10m,True,2026-02-11T12:02:04.765400
2026-05-21,BKK,departure,13:15,SVO Moscow,SU273,Aeroflot,9h 45m,True,2026-02-11T12:02:04.849980
2026-05-21,BKK,departure,13:20,KMG Kunming,MU6088,China Eastern,2h 25m,True,2026-02-11T12:02:04.940109
2026-05-21,BKK,departure,13:20,TPE Taipei,CI832,China Airlines,3h 40m,True,2026-02-11T12:02:05.033290
2026-05-21,BKK,departure,13:25,CEI Chiang Rai,VZ132,Vietjet Thailand,1h 25m,True,2026-02-11T12:02:05.118496
2026-05-21,BKK,departure,13:25,MNL Manila,PR731,PAL,3h 35m,True,2026-02-11T12:02:05.204960
2026-05-21,BKK,departure,13:30,CNX Chiang Mai,TG110,Thai Airways,1h 20m,True,2026-02-11T12:02:05.287966
2026-05-21,BKK,departure,13:35,PVG Shanghai,MU542,China Eastern,4h 40m,True,2026-02-11T12:02:05.374642
2026-05-21,BKK,departure,13:35,KTI Phnom Penh,TK52,Turkish Airlines,1h 30m,True,2026-02-11T12:02:05.459441
2026-05-21,BKK,departure,13:40,CNX Chiang Mai,VZ106,Vietjet Thailand,1h 20m,True,2026-02-11T12:02:05.549522
2026-05-21,BKK,departure,13:40,USM Koh Samui,PG145,Bangkok Airways,1h 5m,True,2026-02-11T12:02:05.635869
2026-05-21,BKK,departure,13:45,TFU Chengdu,9C7502,Spring Airlines,3h 15m,True,2026-02-11T12:02:05.722178
2026-05-21,BKK,departure,13:45,CAN Guangzhou,CZ8100,China Southern,3h 0m,True,2026-02-11T12:02:05.805686
2026-05-21,BKK,departure,13:50,PVG Shanghai,9C7422,Spring Airlines,4h 15m,True,2026-02-11T12:02:05.892895
2026-05-21,BKK,departure,13:50,PEK Beijing,HU430,Hainan Airlines,5h 5m,True,2026-02-11T12:02:05.979393
2026-05-21,BKK,departure,13:50,SIN Singapore,TG407,Thai Airways,2h 15m,True,2026-02-11T12:02:06.069505
2026-05-21,BKK,departure,13:50,SGN Ho Chi Minh City,VJ804,VietJet,1h 30m,True,2026-02-11T12:02:06.158935
2026-05-21,BKK,departure,13:55,HND Tokyo,NH878,ANA,6h 20m,True,2026-02-11T12:02:06.245240
2026-05-21,BKK,departure,13:55,USM Koh Samui,PG149,Bangkok Airways,1h 30m,True,2026-02-11T12:02:06.333241
2026-05-21,BKK,departure,13:55,HKT Phuket,TG211,Thai Airways,1h 30m,True,2026-02-11T12:02:06.423461
2026-05-21,BKK,departure,13:55,CMB Colombo,UL405,SriLankan Airlines,3h 20m,True,2026-02-11T12:02:06.515269
2026-05-21,BKK,departure,14:00,HKG Hong Kong,EK384,Emirates,3h 5m,True,2026-02-11T12:02:06.601125
2026-05-21,BKK,departure,14:00,HAN Hanoi,VJ902,VietJet,1h 50m,True,2026-02-11T12:02:06.686262
2026-05-21,BKK,departure,14:00,HKG Hong Kong,TG638,Thai Airways,2h 45m,True,2026-02-11T12:02:06.774210
2026-05-21,BKK,departure,14:05,XIY Xian,9C6294,Spring Airlines,3h 50m,True,2026-02-11T12:02:06.919050
2026-05-21,BKK,departure,14:05,USM Koh Samui,PG147,Bangkok Airways,1h 5m,True,2026-02-11T12:02:07.040921
2026-05-21,BKK,departure,14:10,KKC Khon Kaen,TG44,Thai Airways,1h 0m,True,2026-02-11T12:02:07.165337
2026-05-21,BKK,departure,14:15,CGK Jakarta,GA867,Garuda Indonesia,3h 35m,True,2026-02-11T12:02:07.294076
2026-05-21,BKK,departure,14:15,CGK Jakarta,ET628,Ethiopian,3h 45m,True,2026-02-11T12:02:07.423332
2026-05-21,BKK,departure,14:15,KUL Kuala Lumpur,MH789,Malaysia Airlines,2h 15m,True,2026-02-11T12:02:07.552435
2026-05-21,BKK,departure,14:20,CGK Jakarta,TG435,Thai Airways,3h 35m,True,2026-02-11T12:02:07.731167
2026-05-21,BKK,departure,14:20,MNL Manila,TG624,Thai Airways,3h 25m,True,2026-02-11T12:02:07.810079
2026-05-21,BKK,departure,14:25,NGB Ningbo,9C7432,Spring Airlines,4h 15m,True,2026-02-11T12:02:07.895347
2026-05-21,BKK,departure,14:25,SGN Ho Chi Minh City,VN604,Vietnam Airlines,1h 50m,True,2026-02-11T12:02:07.983686
2026-05-21,BKK,departure,14:30,CEI Chiang Rai,FD4152,Thai AirAsia,1h 25m,True,2026-02-11T12:02:08.071380
2026-05-21,BKK,departure,14:30,SGN Ho Chi Minh City,VU130,Vietravel Airlines,1h 40m,True,2026-02-11T12:02:08.155049
2026-05-21,BKK,departure,14:30,KBV Krabi,VZ342,Vietjet Thailand,1h 25m,True,2026-02-11T12:02:08.239739
2026-05-21,BKK,departure,14:35,KBV Krabi,FD4400,Thai AirAsia,1h 35m,True,2026-02-11T12:02:08.326586
2026-05-21,BKK,departure,14:35,PQC Phu Quoc,VZ982,Vietjet Thailand,1h 20m,True,2026-02-11T12:02:08.409695
2026-05-21,BKK,departure,14:40,DAC Dhaka,BS218,US-Bangla Airlines,2h 40m,True,2026-02-11T12:02:08.497286
2026-05-21,BKK,departure,14:40,PNQ Pune,IX241,Air India Express,4h 15m,True,2026-02-11T12:02:08.579924
2026-05-21,BKK,departure,14:40,USM Koh Samui,PG151,Bangkok Airways,1h 5m,True,2026-02-11T12:02:08.666396
2026-05-21,BKK,departure,14:45,BOM Mumbai,AI2353,Air India,4h 40m,True,2026-02-11T12:02:08.749172
2026-05-21,BKK,departure,14:45,HKT Phuket,FD4112,Thai AirAsia,1h 30m,True,2026-02-11T12:02:08.835497
2026-05-21,BKK,departure,14:45,HKT Phuket,TG215,Thai Airways,1h 30m,True,2026-02-11T12:02:08.918152
2026-05-21,BKK,departure,14:45,UBP Ubon Ratchathani,VZ224,Vietjet Thailand,1h 10m,True,2026-02-11T12:02:09.001043
2026-05-21,BKK,departure,14:50,KTI Phnom Penh,K6725,Air Cambodia,1h 10m,True,2026-02-11T12:02:09.085439
2026-05-21,BKK,departure,14:50,IKT Irkutsk,SU659,Aeroflot,6h 25m,True,2026-02-11T12:02:09.173750
2026-05-21,BKK,departure,14:55,CNX Chiang Mai,TG112,Thai Airways,1h 20m,True,2026-02-11T12:02:09.257591
2026-05-21,BKK,departure,14:55,KJA Krasnojarsk,SU815,Aeroflot,6h 55m,True,2026-02-11T12:02:09.344538
2026-05-21,BKK,departure,15:00,SWA Jieyang,9C6194,Spring Airlines,2h 55m,True,2026-02-11T12:02:09.433464
2026-05-21,BKK,departure,15:00,HKG Hong Kong,CX654,Cathay Pacific,3h 5m,True,2026-02-11T12:02:09.526456
2026-05-21,BKK,departure,15:00,USM Koh Samui,PG157,Bangkok Airways,1h 30m,True,2026-02-11T12:02:09.614711
2026-05-21,BKK,departure,15:05,CAN Guangzhou,CZ5096,China Southern,3h 0m,True,2026-02-11T12:02:09.702457
2026-05-21,BKK,departure,15:05,CAN Guangzhou,KQ886,Kenya Airways,2h 55m,True,2026-02-11T12:02:09.796274
2026-05-21,BKK,departure,15:05,AUH Abu Dhabi,EY405,Etihad,7h 15m,True,2026-02-11T12:02:09.890955
2026-05-21,BKK,departure,15:10,TPE Taipei,BR202,EVA Air,3h 50m,True,2026-02-11T12:02:09.985735
2026-05-21,BKK,departure,15:15,DEL Delhi,AI2356,Air India,4h 30m,True,2026-02-11T12:02:10.076917
2026-05-21,BKK,departure,15:20,MFM Macau,NX935,Air Macau,2h 30m,True,2026-02-11T12:02:10.166168
2026-05-21,BKK,departure,15:25,CNX Chiang Mai,VZ108,Vietjet Thailand,1h 20m,True,2026-02-11T12:02:10.284030
2026-05-21,BKK,departure,15:25,HKT Phuket,VZ306,Vietjet Thailand,1h 30m,True,2026-02-11T12:02:10.414442
2026-05-21,BKK,departure,15:25,SIN Singapore,TR605,Scoot,2h 30m,True,2026-02-11T12:02:10.549203
2026-05-21,BKK,departure,15:25,JED Jeddah,SV847,Saudia,8h 10m,True,2026-02-11T12:02:10.680918
2026-05-21,BKK,departure,15:30,SIN Singapore,SQ709,Singapore Airlines,2h 30m,True,2026-02-11T12:02:10.802539
2026-05-21,BKK,departure,15:30,UTH Udon Thani,VZ202,Vietjet Thailand,1h 10m,True,2026-02-11T12:02:10.925214
2026-05-21,BKK,departure,15:30,BFV Buri Ram,FD4511,Thai AirAsia,1h 5m,True,2026-02-11T12:02:11.119341
2026-05-21,BKK,departure,15:30,USM Koh Samui,PG165,Bangkok Airways,1h 5m,True,2026-02-11T12:02:11.216885
2026-05-21,BKK,departure,15:40,RGN Yangon,8M334,MAI,1h 20m,True,2026-02-11T12:02:11.307960
2026-05-21,BKK,departure,15:40,CNX Chiang Mai,FD4102,Thai AirAsia,1h 15m,True,2026-02-11T12:02:11.402488
2026-05-21,BKK,departure,15:45,LJG Lijiang,DR5042,Ruili Airlines,2h 40m,True,2026-02-11T12:02:11.490334
2026-05-21,BKK,departure,15:45,SGN Ho Chi Minh City,VJ800,VietJet,1h 30m,True,2026-02-11T12:02:11.577129
2026-05-21,BKK,departure,15:45,USM Koh Samui,PG171,Bangkok Airways,1h 5m,True,2026-02-11T12:02:11.665380
2026-05-21,BKK,departure,15:45,HKG Hong Kong,UA821,United,3h 0m,True,2026-02-11T12:02:11.755561
2026-05-21,BKK,departure,15:50,DAD Da Nang,VZ962,Vietjet Thailand,1h 40m,True,2026-02-11T12:02:11.841400
2026-05-21,BKK,departure,15:50,PVG Shanghai,9C7280,Spring Airlines,4h 25m,True,2026-02-11T12:02:11.933352
2026-05-21,BKK,departure,15:50,NKG Nanjing,JD620,Capital Airlines,4h 5m,True,2026-02-11T12:02:12.029037
2026-05-21,BKK,departure,15:50,KHV Khabarovsk,SU655,Aeroflot,6h 40m,True,2026-02-11T12:02:12.122362
2026-05-21,BKK,departure,15:55,HKG Hong Kong,HX776,Hong Kong Airlines,3h 0m,True,2026-02-11T12:02:12.211360
2026-05-21,BKK,departure,15:55,KMG Kunming,MU742,China Eastern,2h 30m,True,2026-02-11T12:02:12.298775
2026-05-21,BKK,departure,15:55,HAN Hanoi,VN614,Vietnam Airlines,1h 55m,True,2026-02-11T12:02:12.388501
2026-05-21,BKK,departure,15:55,CAN Guangzhou,CZ3082,China Southern,3h 5m,True,2026-02-11T12:02:12.487476
2026-05-21,BKK,departure,16:00,THS Sukhothai,PG213,Bangkok Airways,1h 20m,True,2026-02-11T12:02:12.579775
2026-05-21,BKK,departure,16:00,UBP Ubon Ratchathani,TG28,Thai Airways,1h 10m,True,2026-02-11T12:02:12.669395
2026-05-21,BKK,departure,16:00,USM Koh Samui,PG167,Bangkok Airways,1h 5m,True,2026-02-11T12:02:12.759463
2026-05-21,BKK,departure,16:10,HDY Hat Yai,FD4204,Thai AirAsia,1h 30m,True,2026-02-11T12:02:12.847796
2026-05-21,BKK,departure,16:15,USM Koh Samui,PG159,Bangkok Airways,1h 35m,True,2026-02-11T12:02:12.936006
2026-05-21,BKK,departure,16:15,HKG Hong Kong,UO701,HK Express,3h 0m,True,2026-02-11T12:02:13.028017
2026-05-21,BKK,departure,16:15,TDX Trat,PG307,Bangkok Airways,1h 0m,True,2026-02-11T12:02:13.115634
2026-05-21,BKK,departure,16:15,DAC Dhaka,BG389,Biman,2h 45m,True,2026-02-11T12:02:13.203921
2026-05-21,BKK,departure,16:20,KTI Phnom Penh,KR704,Cambodia Airways,1h 30m,True,2026-02-11T12:02:13.290814
2026-05-21,BKK,departure,16:25,HKG Hong Kong,CX706,Cathay Pacific,3h 0m,True,2026-02-11T12:02:13.383242
2026-05-21,BKK,departure,16:25,SIN Singapore,TG409,Thai Airways,2h 15m,True,2026-02-11T12:02:13.471212
2026-05-21,BKK,departure,16:35,CNX Chiang Mai,FD4108,Thai AirAsia,1h 20m,True,2026-02-11T12:02:13.558906
2026-05-21,BKK,departure,16:35,NOU Noumea,SB501,Aircalin,9h 55m,True,2026-02-11T12:02:13.644657
2026-05-21,BKK,departure,16:40,KUL Kuala Lumpur,TG417,Thai Airways,2h 10m,True,2026-02-11T12:02:13.759433
2026-05-21,BKK,departure,16:40,USM Koh Samui,PG169,Bangkok Airways,1h 5m,True,2026-02-11T12:02:13.890127
2026-05-21,BKK,departure,16:45,KWE Guiyang,AQ1208,9 Air,2h 5m,True,2026-02-11T12:02:14.020132
2026-05-21,BKK,departure,16:45,TPE Taipei,BR68,EVA Air,3h 45m,True,2026-02-11T12:02:14.141268
2026-05-21,BKK,departure,16:50,PVG Shanghai,FM834,Shanghai Airlines,4h 35m,True,2026-02-11T12:02:14.264387
2026-05-21,BKK,departure,17:00,HKT Phuket,PG277,Bangkok Airways,1h 30m,True,2026-02-11T12:02:14.385825
2026-05-21,BKK,departure,17:00,CEI Chiang Rai,TG136,Thai Airways,1h 20m,True,2026-02-11T12:02:14.581596
2026-05-21,BKK,departure,17:00,KTI Phnom Penh,VZ722,Vietjet Thailand,1h 15m,True,2026-02-11T12:02:14.673439
2026-05-21,BKK,departure,17:05,BLR Bengaluru,IX883,Air India Express,3h 55m,True,2026-02-11T12:02:14.762399
2026-05-21,BKK,departure,17:05,HKT Phuket,TG217,Thai Airways,1h 30m,True,2026-02-11T12:02:14.848901
2026-05-21,BKK,departure,17:05,RGN Yangon,TG303,Thai Airways,1h 25m,True,2026-02-11T12:02:14.937847
2026-05-21,BKK,departure,17:05,URT Surat Thani,VZ352,Vietjet Thailand,1h 15m,True,2026-02-11T12:02:15.025275
2026-05-21,BKK,departure,17:10,LYA Luoyang,UQ2642,Urumqi Airlines,4h 10m,True,2026-02-11T12:02:15.112005
2026-05-21,BKK,departure,17:10,DEL Delhi,6E1054,IndiGo,4h 20m,True,2026-02-11T12:02:15.202242
2026-05-21,BKK,departure,17:15,TPE Taipei,TG636,Thai Airways,3h 55m,True,2026-02-11T12:02:15.291161
2026-05-21,BKK,departure,17:15,KUL Kuala Lumpur,MH783,Malaysia Airlines,2h 15m,True,2026-02-11T12:02:15.382152
2026-05-21,BKK,departure,17:20,KTI Phnom Penh,PG935,Bangkok Airways,1h 15m,True,2026-02-11T12:02:15.469078
2026-05-21,BKK,departure,17:25,SAI Siem Reap,PG907,Bangkok Airways,1h 20m,True,2026-02-11T12:02:15.558586
2026-05-21,BKK,departure,17:25,SZX Shenzhen,CZ8324,China Southern,3h 15m,True,2026-02-11T12:02:15.646195
2026-05-21,BKK,departure,17:30,USM Koh Samui,PG173,Bangkok Airways,1h 10m,True,2026-02-11T12:02:15.733267
2026-05-21,BKK,departure,17:30,HKG Hong Kong,CX708,Cathay Pacific,3h 0m,True,2026-02-11T12:02:15.821213
2026-05-21,BKK,departure,17:30,HGH Hangzhou,GJ8022,Loong Air,4h 5m,True,2026-02-11T12:02:15.908440
2026-05-21,BKK,departure,17:30,HKT Phuket,VZ2304,Vietjet Thailand,1h 30m,True,2026-02-11T12:02:15.994535
2026-05-21,BKK,departure,17:30,KKC Khon Kaen,VZ214,Vietjet Thailand,1h 5m,True,2026-02-11T12:02:16.083348
2026-05-21,BKK,departure,17:30,TPE Taipei,CI836,China Airlines,3h 35m,True,2026-02-11T12:02:16.171347
2026-05-21,BKK,departure,17:35,SGN Ho Chi Minh City,TG556,Thai Airways,1h 30m,True,2026-02-11T12:02:16.258474
2026-05-21,BKK,departure,17:35,KKC Khon Kaen,TG46,Thai Airways,1h 0m,True,2026-02-11T12:02:16.347828
2026-05-21,BKK,departure,17:40,HKT Phuket,FD4122,Thai AirAsia,1h 30m,True,2026-02-11T12:02:16.438727
2026-05-21,BKK,departure,17:40,XMN Xiamen,MF834,XiamenAir,3h 25m,True,2026-02-11T12:02:16.529144
2026-05-21,BKK,departure,17:45,CGK Jakarta,GA869,Garuda Indonesia,3h 40m,True,2026-02-11T12:02:16.616189
2026-05-21,BKK,departure,17:50,TPE Taipei,JX746,Starlux,3h 50m,True,2026-02-11T12:02:16.703813
2026-05-21,BKK,departure,17:50,CNX Chiang Mai,PG219,Bangkok Airways,1h 20m,True,2026-02-11T12:02:16.789791
2026-05-21,BKK,departure,17:50,HAN Hanoi,TG564,Thai Airways,1h 50m,True,2026-02-11T12:02:16.879444
2026-05-21,BKK,departure,17:55,DEL Delhi,AI2335,Air India,4h 30m,True,2026-02-11T12:02:16.965481
2026-05-21,BKK,departure,17:55,CNX Chiang Mai,VZ122,Vietjet Thailand,1h 20m,True,2026-02-11T12:02:17.053202
2026-05-21,BKK,departure,18:00,CEI Chiang Rai,VZ134,Vietjet Thailand,1h 25m,True,2026-02-11T12:02:17.136821
2026-05-21,BKK,departure,18:00,SIN Singapore,TR611,Scoot,2h 25m,True,2026-02-11T12:02:17.284454
2026-05-21,BKK,departure,18:05,TFU Chengdu,3U3936,Sichuan Airlines,3h 5m,True,2026-02-11T12:02:17.408721
2026-05-21,BKK,departure,18:05,CAN Guangzhou,CZ8024,China Southern,3h 10m,True,2026-02-11T12:02:17.528882
2026-05-21,BKK,departure,18:05,DAD Da Nang,VN626,Vietnam Airlines,1h 40m,True,2026-02-11T12:02:17.648238
2026-05-21,BKK,departure,18:10,TAO Qingdao,QW918,Qingdao Airlines,4h 45m,True,2026-02-11T12:02:17.772450
2026-05-21,BKK,departure,18:10,HKG Hong Kong,TG602,Thai Airways,2h 50m,True,2026-02-11T12:02:17.894426
2026-05-21,BKK,departure,18:10,SYD Sydney,QF24,Qantas,9h 15m,True,2026-02-11T12:02:18.069575
2026-05-21,BKK,departure,18:20,TFU Chengdu,CA472,Air China,3h 15m,True,2026-02-11T12:02:18.155818
2026-05-21,BKK,departure,18:20,KHH Kaohsiung,CI840,China Airlines,3h 30m,True,2026-02-11T12:02:18.245283
2026-05-21,BKK,departure,18:20,HKT Phuket,FD4114,Thai AirAsia,1h 30m,True,2026-02-11T12:02:18.333232
2026-05-21,BKK,departure,18:25,TAO Qingdao,QW9898,Qingdao Airlines,4h 15m,True,2026-02-11T12:02:18.420969
2026-05-21,BKK,departure,18:25,SHJ Sharjah,G9817,Air Arabia,6h 25m,True,2026-02-11T12:02:18.509108
2026-05-21,BKK,departure,18:25,KBV Krabi,TG249,Thai Airways,1h 20m,True,2026-02-11T12:02:18.599050
2026-05-21,BKK,departure,18:25,VTE Vientiane,TG574,Thai Airways,1h 20m,True,2026-02-11T12:02:18.680014
2026-05-21,BKK,departure,18:30,HDY Hat Yai,TG267,Thai Airways,1h 30m,True,2026-02-11T12:02:18.761935
2026-05-21,BKK,departure,18:30,SIN Singapore,SQ711,Singapore Airlines,2h 25m,True,2026-02-11T12:02:18.845350
2026-05-21,BKK,departure,18:35,UTH Udon Thani,FD4352,Thai AirAsia,1h 15m,True,2026-02-11T12:02:18.926616
2026-05-21,BKK,departure,18:35,KTI Phnom Penh,TG584,Thai Airways,1h 20m,True,2026-02-11T12:02:19.018089
2026-05-21,BKK,departure,18:40,KBV Krabi,FD4408,Thai AirAsia,1h 35m,True,2026-02-11T12:02:19.103822
2026-05-21,BKK,departure,18:40,KUL Kuala Lumpur,MH775,Malaysia Airlines,2h 15m,True,2026-02-11T12:02:19.193112
2026-05-21,BKK,departure,18:45,HAN Hanoi,VJ904,VietJet,1h 40m,True,2026-02-11T12:02:19.281069
2026-05-21,BKK,departure,18:45,KBV Krabi,VZ344,Vietjet Thailand,1h 25m,True,2026-02-11T12:02:19.370127
2026-05-21,BKK,departure,18:50,PVG Shanghai,9C8892,Spring Airlines,4h 40m,True,2026-02-11T12:02:19.455871
2026-05-21,BKK,departure,18:50,DEL Delhi,TG315,Thai Airways,4h 30m,True,2026-02-11T12:02:19.544829
2026-05-21,BKK,departure,18:55,BOM Mumbai,TG317,Thai Airways,4h 30m,True,2026-02-11T12:02:19.631956
2026-05-21,BKK,departure,19:00,HKG Hong Kong,CX704,Cathay Pacific,2h 55m,True,2026-02-11T12:02:19.719091
2026-05-21,BKK,departure,19:00,CAN Guangzhou,CZ364,China Southern,3h 10m,True,2026-02-11T12:02:19.805906
2026-05-21,BKK,departure,19:00,KHI Karachi,TG341,Thai Airways,5h 0m,True,2026-02-11T12:02:19.900091
2026-05-21,BKK,departure,19:00,CNX Chiang Mai,VZ2106,Vietjet Thailand,1h 20m,True,2026-02-11T12:02:19.987176
2026-05-21,BKK,departure,19:05,HAN Hanoi,VN618,Vietnam Airlines,1h 55m,True,2026-02-11T12:02:20.075271
2026-05-21,BKK,departure,19:10,KKC Khon Kaen,FD4503,Thai AirAsia,1h 10m,True,2026-02-11T12:02:20.165861
2026-05-21,BKK,departure,19:10,PVG Shanghai,FM856,Shanghai Airlines,4h 55m,True,2026-02-11T12:02:20.255185
2026-05-21,BKK,departure,19:10,HKT Phuket,TG221,Thai Airways,1h 30m,True,2026-02-11T12:02:20.342496
2026-05-21,BKK,departure,19:10,SIN Singapore,TG401,Thai Airways,2h 20m,True,2026-02-11T12:02:20.429022
2026-05-21,BKK,departure,19:10,MCT Muscat,WY816,Oman Air,6h 15m,True,2026-02-11T12:02:20.516974
2026-05-21,BKK,departure,19:15,CNX Chiang Mai,TG120,Thai Airways,1h 15m,True,2026-02-11T12:02:20.636425
2026-05-21,BKK,departure,19:20,RGN Yangon,8M332,MAI,1h 20m,True,2026-02-11T12:02:20.765933
2026-05-21,BKK,departure,19:20,HAK Haikou,HU722,Hainan Airlines,2h 25m,True,2026-02-11T12:02:20.894884
2026-05-21,BKK,departure,19:20,USM Koh Samui,PG185,Bangkok Airways,1h 30m,True,2026-02-11T12:02:21.018410
2026-05-21,BKK,departure,19:20,PEN Penang,TG425,Thai Airways,1h 50m,True,2026-02-11T12:02:21.139921
2026-05-21,BKK,departure,19:25,USM Koh Samui,PG183,Bangkok Airways,1h 5m,True,2026-02-11T12:02:21.262054
2026-05-21,BKK,departure,19:30,KMG Kunming,KY8370,Kunming Airlines,2h 35m,True,2026-02-11T12:02:21.453162
2026-05-21,BKK,departure,19:30,SZX Shenzhen,ZH308,Shenzhen Airlines,2h 55m,True,2026-02-11T12:02:21.539261
2026-05-21,BKK,departure,19:30,SGN Ho Chi Minh City,VN606,Vietnam Airlines,1h 45m,True,2026-02-11T12:02:21.622181
2026-05-21,BKK,departure,19:30,MNL Manila,PR737,PAL,3h 35m,True,2026-02-11T12:02:21.705505
2026-05-21,BKK,departure,19:35,PEK Beijing,CA960,Air China,4h 50m,True,2026-02-11T12:02:21.788391
2026-05-21,BKK,departure,19:40,HKT Phuket,VZ308,Vietjet Thailand,1h 30m,True,2026-02-11T12:02:21.870754
2026-05-21,BKK,departure,19:40,MEL Melbourne,TG465,Thai Airways,8h 50m,True,2026-02-11T12:02:21.951291
2026-05-21,BKK,departure,19:40,DOH Doha,QR835,Qatar Airways,6h 35m,True,2026-02-11T12:02:22.029809
2026-05-21,BKK,departure,19:45,HKT Phuket,PG279,Bangkok Airways,1h 30m,True,2026-02-11T12:02:22.111133
2026-05-21,BKK,departure,19:45,UTH Udon Thani,TG8,Thai Airways,1h 10m,True,2026-02-11T12:02:22.196277
2026-05-21,BKK,departure,19:45,HKG Hong Kong,UO703,HK Express,2h 55m,True,2026-02-11T12:02:22.281378
2026-05-21,BKK,departure,19:45,HDY Hat Yai,VZ328,Vietjet Thailand,1h 30m,True,2026-02-11T12:02:22.366204
2026-05-21,BKK,departure,19:45,KUL Kuala Lumpur,MH781,Malaysia Airlines,2h 10m,True,2026-02-11T12:02:22.445884
2026-05-21,BKK,departure,19:50,LHE Lahore,TG345,Thai Airways,4h 40m,True,2026-02-11T12:02:22.532277
2026-05-21,BKK,departure,19:55,CKG Chongqing,3U3772,Sichuan Airlines,3h 15m,True,2026-02-11T12:02:22.617809
2026-05-21,BKK,departure,19:55,SGN Ho Chi Minh City,VJ806,VietJet,1h 30m,True,2026-02-11T12:02:22.703449
2026-05-21,BKK,departure,20:00,TPE Taipei,VZ570,Vietjet Thailand,3h 50m,True,2026-02-11T12:02:22.789561
2026-05-21,BKK,departure,20:00,AMD Ahmedabad,VZ750,Vietjet Thailand,4h 25m,True,2026-02-11T12:02:22.877654
2026-05-21,BKK,departure,20:05,USM Koh Samui,PG193,Bangkok Airways,1h 30m,True,2026-02-11T12:02:22.966686
2026-05-21,BKK,departure,20:10,SAI Siem Reap,EK370,Emirates,1h 20m,True,2026-02-11T12:02:23.046003
2026-05-21,BKK,departure,20:15,BOM Mumbai,6E1060,IndiGo,4h 25m,True,2026-02-11T12:02:23.127804
2026-05-21,BKK,departure,20:15,CNX Chiang Mai,FD4116,Thai AirAsia,1h 20m,True,2026-02-11T12:02:23.212594
2026-05-21,BKK,departure,20:15,HKT Phuket,FD4419,Thai AirAsia,1h 30m,True,2026-02-11T12:02:23.291247
2026-05-21,BKK,departure,20:15,BAH Bahrain,GF153,Gulf Air,6h 40m,True,2026-02-11T12:02:23.369069
2026-05-21,BKK,departure,20:15,SIN Singapore,SQ713,Singapore Airlines,2h 25m,True,2026-02-11T12:02:23.448335
2026-05-21,BKK,departure,20:15,IKT Irkutsk,S76310,S7 Airlines,6h 25m,True,2026-02-11T12:02:23.536317
2026-05-21,BKK,departure,20:20,BOM Mumbai,AI2338,Air India,4h 50m,True,2026-02-11T12:02:23.624345
2026-05-21,BKK,departure,20:20,CAN Guangzhou,CZ8020,China Southern,3h 0m,True,2026-02-11T12:02:23.709458
2026-05-21,BKK,departure,20:30,DOH Doha,QR829,Qatar Airways,6h 35m,True,2026-02-11T12:02:23.798842
2026-05-21,BKK,departure,20:35,KMG Kunming,KY8368,Kunming Airlines,2h 5m,True,2026-02-11T12:02:23.909680
2026-05-21,BKK,departure,20:35,SIN Singapore,TR617,Scoot,2h 30m,True,2026-02-11T12:02:24.031219
2026-05-21,BKK,departure,20:40,CNX Chiang Mai,VZ118,Vietjet Thailand,1h 20m,True,2026-02-11T12:02:24.151059
2026-05-21,BKK,departure,20:45,RGN Yangon,8M351,MAI,1h 20m,True,2026-02-11T12:02:24.274285
2026-05-21,BKK,departure,20:50,KMG Kunming,MU9614,China Eastern,2h 30m,True,2026-02-11T12:02:24.388896
2026-05-21,BKK,departure,20:50,VTE Vientiane,QV446,Lao Airlines,1h 0m,True,2026-02-11T12:02:24.514328
2026-05-21,BKK,departure,21:00,AUH Abu Dhabi,EY407,Etihad,6h 30m,True,2026-02-11T12:02:24.632208
2026-05-21,BKK,departure,21:00,AMD Ahmedabad,TG343,Thai Airways,4h 40m,True,2026-02-11T12:02:24.812439
2026-05-21,BKK,departure,21:00,HKT Phuket,VZ312,Vietjet Thailand,1h 30m,True,2026-02-11T12:02:24.896928
2026-05-21,BKK,departure,21:05,SGN Ho Chi Minh City,VN608,Vietnam Airlines,1h 55m,True,2026-02-11T12:02:24.984577
2026-05-21,BKK,departure,21:05,BOM Mumbai,VZ760,Vietjet Thailand,4h 15m,True,2026-02-11T12:02:25.077792
2026-05-21,BKK,departure,21:10,DXB Dubai,EK373,Emirates,6h 40m,True,2026-02-11T12:02:25.169386
2026-05-21,BKK,departure,21:15,SIN Singapore,SQ719,Singapore Airlines,2h 20m,True,2026-02-11T12:02:25.258217
2026-05-21,BKK,departure,21:15,KTM Kathmandu,TG309,Thai Airways,3h 25m,True,2026-02-11T12:02:25.340919
2026-05-21,BKK,departure,21:30,HKT Phuket,PG287,Bangkok Airways,1h 30m,True,2026-02-11T12:02:25.425599
2026-05-21,BKK,departure,21:35,HND Tokyo,NH850,ANA,6h 25m,True,2026-02-11T12:02:25.514424
2026-05-21,BKK,departure,21:40,TFU Chengdu,EU2868,Chengdu Airlines,3h 0m,True,2026-02-11T12:02:25.603050
2026-05-21,BKK,departure,21:40,BNE Brisbane,JQ66,Jetstar,8h 50m,True,2026-02-11T12:02:25.689476
2026-05-21,BKK,departure,21:40,ICN Seoul,KE658,Korean Air,5h 25m,True,2026-02-11T12:02:25.779901
2026-05-21,BKK,departure,21:40,CMB Colombo,TG307,Thai Airways,3h 45m,True,2026-02-11T12:02:25.867759
2026-05-21,BKK,departure,21:40,RGN Yangon,UB18,Myanmar National Airlines,1h 25m,True,2026-02-11T12:02:25.954816
2026-05-21,BKK,departure,21:40,MEL Melbourne,JQ30,Jetstar,8h 45m,True,2026-02-11T12:02:26.043348
2026-05-21,BKK,departure,21:50,BLR Bengaluru,TG325,Thai Airways,3h 35m,True,2026-02-11T12:02:26.131323
2026-05-21,BKK,departure,21:50,HYD Hyderabad,TG329,Thai Airways,3h 30m,True,2026-02-11T12:02:26.218492
2026-05-21,BKK,departure,21:55,CAN Guangzhou,9C7420,Spring Airlines,3h 5m,True,2026-02-11T12:02:26.307797
2026-05-21,BKK,departure,21:55,PVG Shanghai,FM840,Shanghai Airlines,4h 50m,True,2026-02-11T12:02:26.395891
2026-05-21,BKK,departure,21:55,MAA Chennai,TG337,Thai Airways,3h 20m,True,2026-02-11T12:02:26.483966
2026-05-21,BKK,departure,21:55,CNX Chiang Mai,VZ2104,Vietjet Thailand,1h 20m,True,2026-02-11T12:02:26.572322
2026-05-21,BKK,departure,22:00,HKG Hong Kong,HX766,Hong Kong Airlines,3h 15m,True,2026-02-11T12:02:26.663640
2026-05-21,BKK,departure,22:05,HND Tokyo,JL34,JAL,6h 15m,True,2026-02-11T12:02:26.751248
2026-05-21,BKK,departure,22:10,NRT Tokyo,TG640,Thai Airways,6h 10m,True,2026-02-11T12:02:26.838114
2026-05-21,BKK,departure,22:15,HAN Hanoi,VN616,Vietnam Airlines,1h 55m,True,2026-02-11T12:02:26.926230
2026-05-21,BKK,departure,22:15,HKT Phuket,VZ316,Vietjet Thailand,1h 30m,True,2026-02-11T12:02:27.018498
2026-05-21,BKK,departure,22:20,ICN Seoul,BX728,Air Busan,5h 45m,True,2026-02-11T12:02:27.104844
2026-05-21,BKK,departure,22:20,SYD Sydney,TG471,Thai Airways,9h 0m,True,2026-02-11T12:02:27.192023
2026-05-21,BKK,departure,22:25,ICN Seoul,LJ2,Jin Air,5h 40m,True,2026-02-11T12:02:27.278345
2026-05-21,BKK,departure,22:25,DEL Delhi,AI2303,Air India,4h 45m,True,2026-02-11T12:02:27.406482
2026-05-21,BKK,departure,22:35,FRA Frankfurt,DE2363,Condor,12h 25m,True,2026-02-11T12:02:27.532086
2026-05-21,BKK,departure,22:45,HND Tokyo,TG682,Thai Airways,6h 10m,True,2026-02-11T12:02:27.653708
2026-05-21,BKK,departure,22:45,ICN Seoul,YP602,Air Premia,5h 30m,True,2026-02-11T12:02:27.777897
2026-05-21,BKK,departure,22:45,IST Istanbul,TK69,Turkish Airlines,10h 0m,True,2026-02-11T12:02:27.906348
2026-05-21,BKK,departure,22:45,MFM Macau,NX991,Air Macau,2h 45m,True,2026-02-11T12:02:28.033850
2026-05-21,BKK,departure,22:50,CRK Angeles,5J944,Cebu Pacific,3h 25m,True,2026-02-11T12:02:28.244010
2026-05-21,BKK,departure,22:55,PUS Busan,BX726,Air Busan,5h 25m,True,2026-02-11T12:02:28.324275
2026-05-21,BKK,departure,22:55,MUC Munich,LH773,Lufthansa,11h 20m,True,2026-02-11T12:02:28.409888
2026-05-21,BKK,departure,22:55,SIN Singapore,TR615,Scoot,2h 30m,True,2026-02-11T12:02:28.496372
2026-05-21,BKK,departure,23:10,ICN Seoul,TG658,Thai Airways,5h 25m,True,2026-02-11T12:02:28.578246
2026-05-21,BKK,departure,23:10,NRT Tokyo,ZG52,Zipair,6h 20m,True,2026-02-11T12:02:28.665770
2026-05-21,BKK,departure,23:15,DEL Delhi,TG331,Thai Airways,4h 30m,True,2026-02-11T12:02:28.762131
2026-05-21,BKK,departure,23:15,IST Istanbul,TK53,Turkish Airlines,10h 15m,True,2026-02-11T12:02:28.849976
2026-05-21,BKK,departure,23:25,RGN Yangon,8M373,MAI,1h 20m,True,2026-02-11T12:02:28.937411
2026-05-21,BKK,departure,23:30,ICN Seoul,TG656,Thai Airways,5h 25m,True,2026-02-11T12:02:29.026684
2026-05-21,BKK,departure,23:30,ICN Seoul,KE652,Korean Air,5h 25m,True,2026-02-11T12:02:29.116219
2026-05-21,BKK,departure,23:35,IST Istanbul,TG900,Thai Airways,10h 0m,True,2026-02-11T12:02:29.206145
2026-05-21,BKK,departure,23:35,NRT Tokyo,VZ830,Vietjet Thailand,6h 20m,True,2026-02-11T12:02:29.613867
2026-05-21,BKK,departure,23:40,VIE Vienna,OS8,Austrian,10h 55m,True,2026-02-11T12:02:29.714538
2026-05-21,BKK,departure,23:40,PUS Busan,LJ22,Jin Air,5h 20m,True,2026-02-11T12:02:29.804694
2026-05-21,BKK,departure,23:40,MNL Manila,PR733,PAL,3h 25m,True,2026-02-11T12:02:29.891931
2026-05-21,BKK,departure,23:45,CCU Kolkata,TG313,Thai Airways,2h 30m,True,2026-02-11T12:02:29.980468
2026-05-21,BKK,departure,23:45,CTS Sapporo,TG670,Thai Airways,6h 45m,True,2026-02-11T12:02:30.070907
2026-05-21,BKK,departure,23:45,FRA Frankfurt,TG920,Thai Airways,11h 30m,True,2026-02-11T12:02:30.164339
2026-05-21,BKK,departure,23:50,DAC Dhaka,TG339,Thai Airways,2h 35m,True,2026-02-11T12:02:30.254480
2026-05-21,BKK,departure,23:50,NRT Tokyo,TG642,Thai Airways,6h 20m,True,2026-02-11T12:02:30.343717
2026-05-21,BKK,departure,23:59,KIX Osaka,TG622,Thai Airways,5h 31m,True,2026-02-11T12:02:30.433374
2026-05-21,BKK,arrival,00:00,PVG Shanghai,9C8755,Spring Airlines,5h 5m,True,2026-02-11T12:03:24.244593
2026-05-21,BKK,arrival,00:05,JED Jeddah,SV848,Saudia,8h 15m,True,2026-02-11T12:03:24.330189
2026-05-21,BKK,arrival,00:10,ICN Seoul,7C2503,Jeju Air,6h 5m,True,2026-02-11T12:03:24.420704
2026-05-21,BKK,arrival,00:10,PEK Beijing,CA979,Air China,5h 5m,True,2026-02-11T12:03:24.508611
2026-05-21,BKK,arrival,00:15,TFU Chengdu,3U3937,Sichuan Airlines,3h 20m,True,2026-02-11T12:03:24.659017
2026-05-21,BKK,arrival,00:25,HKG Hong Kong,HX779,Hong Kong Airlines,3h 20m,True,2026-02-11T12:03:24.749933
2026-05-21,BKK,arrival,00:30,PVG Shanghai,HO1351,Juneyao Airlines,4h 35m,True,2026-02-11T12:03:24.841905
2026-05-21,BKK,arrival,00:40,PVG Shanghai,MU547,China Eastern,4h 40m,True,2026-02-11T12:03:24.925029
2026-05-21,BKK,arrival,00:50,HAN Hanoi,ET609,Ethiopian,1h 30m,True,2026-02-11T12:03:25.008266
2026-05-21,BKK,arrival,00:50,HKG Hong Kong,HX759,Hong Kong Airlines,3h 0m,True,2026-02-11T12:03:25.087733
2026-05-21,BKK,arrival,00:50,XMN Xiamen,MF843,XiamenAir,3h 30m,True,2026-02-11T12:03:25.171024
2026-05-21,BKK,arrival,01:05,TAE Daegu,TW105,T´Way Air,5h 40m,True,2026-02-11T12:03:25.260168
2026-05-21,BKK,arrival,01:10,DAD Da Nang,EK371,Emirates,1h 40m,True,2026-02-11T12:03:25.353424
2026-05-21,BKK,arrival,01:10,NKG Nanjing,MU2803,China Eastern,4h 0m,True,2026-02-11T12:03:25.441138
2026-05-21,BKK,arrival,01:15,CAN Guangzhou,MU2077,China Eastern,3h 10m,True,2026-02-11T12:03:25.525359
2026-05-21,BKK,arrival,01:20,XIY Xian,9C6251,Spring Airlines,4h 10m,True,2026-02-11T12:03:25.608604
2026-05-21,BKK,arrival,01:25,RGN Yangon,8M390,MAI,1h 20m,True,2026-02-11T12:03:25.691738
2026-05-21,BKK,arrival,01:25,TPE Taipei,CI837,China Airlines,3h 45m,True,2026-02-11T12:03:25.776496
2026-05-21,BKK,arrival,01:25,TNA Jinan,SC8075,Shandong Airlines,4h 50m,True,2026-02-11T12:03:25.864054
2026-05-21,BKK,arrival,01:30,CAN Guangzhou,CZ3035,China Southern,2h 55m,True,2026-02-11T12:03:25.954924
2026-05-21,BKK,arrival,01:40,HKG Hong Kong,HX767,Hong Kong Airlines,3h 0m,True,2026-02-11T12:03:26.037968
2026-05-21,BKK,arrival,01:50,MNL Manila,5J931,Cebu Pacific,3h 40m,True,2026-02-11T12:03:26.120178
2026-05-21,BKK,arrival,01:55,PVG Shanghai,FM841,Shanghai Airlines,4h 40m,True,2026-02-11T12:03:26.209383
2026-05-21,BKK,arrival,02:15,SZX Shenzhen,ZH305,Shenzhen Airlines,3h 0m,True,2026-02-11T12:03:26.292882
2026-05-21,BKK,arrival,03:00,DEL Delhi,SG87,SpiceJet,4h 10m,True,2026-02-11T12:03:26.376302
2026-05-21,BKK,arrival,03:05,XIY Xian,GJ8907,Loong Air,4h 10m,True,2026-02-11T12:03:26.476941
2026-05-21,BKK,arrival,03:20,WUH Wuhan,MU2563,China Eastern,4h 25m,True,2026-02-11T12:03:26.616560
2026-05-21,BKK,arrival,04:05,PVG Shanghai,FM847,Shanghai Airlines,4h 50m,True,2026-02-11T12:03:26.740267
2026-05-21,BKK,arrival,04:35,HND Tokyo,NH849,ANA,6h 30m,True,2026-02-11T12:03:26.862251
2026-05-21,BKK,arrival,04:40,KIX Osaka,JL727,JAL,5h 45m,True,2026-02-11T12:03:26.985273
2026-05-21,BKK,arrival,04:45,PNQ Pune,6E1095,IndiGo,4h 15m,True,2026-02-11T12:03:27.108181
2026-05-21,BKK,arrival,04:50,HND Tokyo,TG661,Thai Airways,6h 30m,True,2026-02-11T12:03:27.232449
2026-05-21,BKK,arrival,05:05,CCU Kolkata,VZ771,Vietjet Thailand,2h 35m,True,2026-02-11T12:03:27.423355
2026-05-21,BKK,arrival,05:10,KTM Kathmandu,TG310,Thai Airways,3h 30m,True,2026-02-11T12:03:27.504465
2026-05-21,BKK,arrival,05:10,IST Istanbul,TK58,Turkish Airlines,9h 20m,True,2026-02-11T12:03:27.588165
2026-05-21,BKK,arrival,05:25,DEL Delhi,TG316,Thai Airways,4h 25m,True,2026-02-11T12:03:27.671659
2026-05-21,BKK,arrival,05:30,HEL Helsinki,AY141,Finnair,11h 25m,True,2026-02-11T12:03:27.753402
2026-05-21,BKK,arrival,05:30,ZRH Zurich,TG971,Thai Airways,11h 0m,True,2026-02-11T12:03:27.836933
2026-05-21,BKK,arrival,05:35,BOM Mumbai,TG318,Thai Airways,4h 30m,True,2026-02-11T12:03:27.920239
2026-05-21,BKK,arrival,05:35,BRU Brussels,TG935,Thai Airways,11h 5m,True,2026-02-11T12:03:28.004860
2026-05-21,BKK,arrival,05:40,IST Istanbul,TG901,Thai Airways,9h 10m,True,2026-02-11T12:03:28.088185
2026-05-21,BKK,arrival,05:50,HND Tokyo,JL33,JAL,6h 30m,True,2026-02-11T12:03:28.174932
2026-05-21,BKK,arrival,05:50,ARN Stockholm,TG961,Thai Airways,11h 0m,True,2026-02-11T12:03:28.259990
2026-05-21,BKK,arrival,05:55,CDG Paris,TG931,Thai Airways,11h 15m,True,2026-02-11T12:03:28.348739
2026-05-21,BKK,arrival,05:55,MXP Milan,TG941,Thai Airways,10h 50m,True,2026-02-11T12:03:28.439699
2026-05-21,BKK,arrival,06:00,HND Tokyo,NH877,ANA,6h 30m,True,2026-02-11T12:03:28.538141
2026-05-21,BKK,arrival,06:00,JED Jeddah,SV3650,Saudia,8h 15m,True,2026-02-11T12:03:28.623275
2026-05-21,BKK,arrival,06:00,CPH Copenhagen,TG951,Thai Airways,10h 35m,True,2026-02-11T12:03:28.713920
2026-05-21,BKK,arrival,06:00,LHR London,TG911,Thai Airways,11h 30m,True,2026-02-11T12:03:28.796303
2026-05-21,BKK,arrival,06:00,MEL Melbourne,TG462,Thai Airways,9h 30m,True,2026-02-11T12:03:28.883089
2026-05-21,BKK,arrival,06:05,MUC Munich,TG925,Thai Airways,10h 40m,True,2026-02-11T12:03:28.968456
2026-05-21,BKK,arrival,06:10,CCU Kolkata,TG314,Thai Airways,2h 40m,True,2026-02-11T12:03:29.054340
2026-05-21,BKK,arrival,06:10,CMB Colombo,TG308,Thai Airways,3h 45m,True,2026-02-11T12:03:29.138564
2026-05-21,BKK,arrival,06:10,MAA Chennai,TG338,Thai Airways,3h 30m,True,2026-02-11T12:03:29.227591
2026-05-21,BKK,arrival,06:15,AUH Abu Dhabi,EY408,Etihad,6h 35m,True,2026-02-11T12:03:29.318879
2026-05-21,BKK,arrival,06:15,DAC Dhaka,TG340,Thai Airways,2h 30m,True,2026-02-11T12:03:29.407398
2026-05-21,BKK,arrival,06:15,HYD Hyderabad,TG330,Thai Airways,3h 35m,True,2026-02-11T12:03:29.495076
2026-05-21,BKK,arrival,06:15,OSL Oslo,TG955,Thai Airways,11h 30m,True,2026-02-11T12:03:29.586862
2026-05-21,BKK,arrival,06:15,CMB Colombo,UL402,SriLankan Airlines,3h 40m,True,2026-02-11T12:03:29.671755
2026-05-21,BKK,arrival,06:20,BLR Bengaluru,TG326,Thai Airways,3h 55m,True,2026-02-11T12:03:29.762078
2026-05-21,BKK,arrival,06:25,FRA Frankfurt,TG921,Thai Airways,10h 40m,True,2026-02-11T12:03:29.852884
2026-05-21,BKK,arrival,06:25,ISB Islamabad,TG350,Thai Airways,5h 5m,True,2026-02-11T12:03:29.983756
2026-05-21,BKK,arrival,06:40,BOM Mumbai,VZ761,Vietjet Thailand,4h 25m,True,2026-02-11T12:03:30.119224
2026-05-21,BKK,arrival,06:45,AUH Abu Dhabi,EY402,Etihad,6h 35m,True,2026-02-11T12:03:30.311343
2026-05-21,BKK,arrival,06:55,RUN Saint Denis de la Reunion,UU887,Air Austral,7h 55m,True,2026-02-11T12:03:30.416386
2026-05-21,BKK,arrival,06:55,MCT Muscat,WY817,Oman Air,6h 15m,True,2026-02-11T12:03:30.533559
2026-05-21,BKK,arrival,07:00,AMD Ahmedabad,TG344,Thai Airways,4h 25m,True,2026-02-11T12:03:30.653632
2026-05-21,BKK,arrival,07:05,DOH Doha,QR830,Qatar Airways,6h 55m,True,2026-02-11T12:03:30.778247
2026-05-21,BKK,arrival,07:15,USM Koh Samui,PG100,Bangkok Airways,1h 15m,True,2026-02-11T12:03:30.973788
2026-05-21,BKK,arrival,07:35,DXB Dubai,EK374,Emirates,6h 5m,True,2026-02-11T12:03:31.058512
2026-05-21,BKK,arrival,07:40,DEL Delhi,AI2336,Air India,4h 30m,True,2026-02-11T12:03:31.141591
2026-05-21,BKK,arrival,07:50,SHJ Sharjah,G9821,Air Arabia,6h 35m,True,2026-02-11T12:03:31.226985
2026-05-21,BKK,arrival,07:55,BLR Bengaluru,6E1055,IndiGo,4h 5m,True,2026-02-11T12:03:31.311669
2026-05-21,BKK,arrival,07:55,CNX Chiang Mai,FD4105,Thai AirAsia,1h 20m,True,2026-02-11T12:03:31.395790
2026-05-21,BKK,arrival,07:55,CNX Chiang Mai,VZ2105,Vietjet Thailand,1h 20m,True,2026-02-11T12:03:31.480210
2026-05-21,BKK,arrival,08:05,SIN Singapore,SQ706,Singapore Airlines,2h 25m,True,2026-02-11T12:03:31.565807
2026-05-21,BKK,arrival,08:05,SIN Singapore,TR608,Scoot,2h 35m,True,2026-02-11T12:03:31.648885
2026-05-21,BKK,arrival,08:20,CAN Guangzhou,9C8893,Spring Airlines,3h 5m,True,2026-02-11T12:03:31.732191
2026-05-21,BKK,arrival,08:30,MCT Muscat,OV463,Salam Air,6h 0m,True,2026-02-11T12:03:31.814539
2026-05-21,BKK,arrival,08:35,RGN Yangon,UB19,Myanmar National Airlines,1h 25m,True,2026-02-11T12:03:31.899914
2026-05-21,BKK,arrival,08:40,VTE Vientiane,QV441,Lao Airlines,1h 15m,True,2026-02-11T12:03:31.983772
2026-05-21,BKK,arrival,08:40,BOM Mumbai,TG352,Thai Airways,4h 30m,True,2026-02-11T12:03:32.071160
2026-05-21,BKK,arrival,08:55,ALA Almaty,KC931,Air Astana,6h 40m,True,2026-02-11T12:03:32.151988
2026-05-21,BKK,arrival,08:55,PEN Penang,TG426,Thai Airways,1h 50m,True,2026-02-11T12:03:32.237158
2026-05-21,BKK,arrival,09:00,HKT Phuket,VZ317,Vietjet Thailand,1h 30m,True,2026-02-11T12:03:32.321055
2026-05-21,BKK,arrival,09:05,MAA Chennai,6E1061,IndiGo,3h 35m,True,2026-02-11T12:03:32.408101
2026-05-21,BKK,arrival,09:05,USM Koh Samui,PG102,Bangkok Airways,1h 15m,True,2026-02-11T12:03:32.493648
2026-05-21,BKK,arrival,09:10,CDG Paris,AF198,Air France,11h 25m,True,2026-02-11T12:03:32.581735
2026-05-21,BKK,arrival,09:10,HKT Phuket,PG270,Bangkok Airways,1h 35m,True,2026-02-11T12:03:32.664821
2026-05-21,BKK,arrival,09:15,RGN Yangon,8M335,MAI,1h 20m,True,2026-02-11T12:03:32.757614
2026-05-21,BKK,arrival,09:15,DEL Delhi,TG332,Thai Airways,4h 25m,True,2026-02-11T12:03:32.839699
2026-05-21,BKK,arrival,09:15,NST Nakhon Si Thammarat,VZ331,Vietjet Thailand,1h 15m,True,2026-02-11T12:03:32.923581
2026-05-21,BKK,arrival,09:20,SIN Singapore,TG402,Thai Airways,2h 20m,True,2026-02-11T12:03:33.007817
2026-05-21,BKK,arrival,09:25,VIE Vienna,BR62,EVA Air,10h 40m,True,2026-02-11T12:03:33.093999
2026-05-21,BKK,arrival,09:25,HKG Hong Kong,UO704,HK Express,3h 0m,True,2026-02-11T12:03:33.176705
2026-05-21,BKK,arrival,09:25,CNX Chiang Mai,VZ101,Vietjet Thailand,1h 20m,True,2026-02-11T12:03:33.260681
2026-05-21,BKK,arrival,09:30,KTI Phnom Penh,K6722,Air Cambodia,1h 15m,True,2026-02-11T12:03:33.345803
2026-05-21,BKK,arrival,09:30,AMS Amsterdam,KL843,KLM,11h 15m,True,2026-02-11T12:03:33.451722
2026-05-21,BKK,arrival,09:30,HKG Hong Kong,TG603,Thai Airways,2h 40m,True,2026-02-11T12:03:33.595470
2026-05-21,BKK,arrival,09:35,MFM Macau,NX996,Air Macau,2h 55m,True,2026-02-11T12:03:33.713983
2026-05-21,BKK,arrival,09:35,KKC Khon Kaen,TG41,Thai Airways,1h 5m,True,2026-02-11T12:03:33.825790
2026-05-21,BKK,arrival,09:35,HKG Hong Kong,UA820,United,2h 55m,True,2026-02-11T12:03:33.946775
2026-05-21,BKK,arrival,09:45,TPE Taipei,CI833,China Airlines,3h 45m,True,2026-02-11T12:03:34.072866
2026-05-21,BKK,arrival,09:45,BAH Bahrain,GF152,Gulf Air,7h 0m,True,2026-02-11T12:03:34.204118
2026-05-21,BKK,arrival,09:45,KKC Khon Kaen,VZ211,Vietjet Thailand,1h 5m,True,2026-02-11T12:03:34.330903
2026-05-21,BKK,arrival,09:50,NNG Nanning,GX8909,GX Airlines,2h 20m,True,2026-02-11T12:03:34.526256
2026-05-21,BKK,arrival,09:50,ZRH Zurich,LX180,SWISS,10h 55m,True,2026-02-11T12:03:34.607008
2026-05-21,BKK,arrival,09:50,UTH Udon Thani,TG3,Thai Airways,1h 10m,True,2026-02-11T12:03:34.696753
2026-05-21,BKK,arrival,09:55,SIN Singapore,TR624,Scoot,2h 35m,True,2026-02-11T12:03:34.782112
2026-05-21,BKK,arrival,09:55,CEI Chiang Rai,VZ131,Vietjet Thailand,1h 25m,True,2026-02-11T12:03:34.866528
2026-05-21,BKK,arrival,10:00,HKG Hong Kong,CX705,Cathay Pacific,3h 0m,True,2026-02-11T12:03:34.951025
2026-05-21,BKK,arrival,10:00,CEI Chiang Rai,FD4151,Thai AirAsia,1h 25m,True,2026-02-11T12:03:35.033574
2026-05-21,BKK,arrival,10:00,HAK Haikou,HU7939,Hainan Airlines,2h 25m,True,2026-02-11T12:03:35.119637
2026-05-21,BKK,arrival,10:00,USM Koh Samui,PG106,Bangkok Airways,1h 15m,True,2026-02-11T12:03:35.202954
2026-05-21,BKK,arrival,10:00,UBP Ubon Ratchathani,TG21,Thai Airways,1h 15m,True,2026-02-11T12:03:35.285356
2026-05-21,BKK,arrival,10:05,MNL Manila,5J929,Cebu Pacific,3h 40m,True,2026-02-11T12:03:35.372892
2026-05-21,BKK,arrival,10:05,SGN Ho Chi Minh City,VJ801,VietJet,1h 30m,True,2026-02-11T12:03:35.457861
2026-05-21,BKK,arrival,10:10,UTH Udon Thani,FD4351,Thai AirAsia,1h 10m,True,2026-02-11T12:03:35.541138
2026-05-21,BKK,arrival,10:10,THS Sukhothai,PG212,Bangkok Airways,1h 15m,True,2026-02-11T12:03:35.627886
2026-05-21,BKK,arrival,10:15,KUL Kuala Lumpur,MH784,Malaysia Airlines,2h 15m,True,2026-02-11T12:03:35.713999
2026-05-21,BKK,arrival,10:20,XIY Xian,9C6299,Spring Airlines,4h 10m,True,2026-02-11T12:03:35.806697
2026-05-21,BKK,arrival,10:20,CAN Guangzhou,CZ357,China Southern,3h 5m,True,2026-02-11T12:03:35.895329
2026-05-21,BKK,arrival,10:20,SHJ Sharjah,G9823,Air Arabia,6h 35m,True,2026-02-11T12:03:35.986150
2026-05-21,BKK,arrival,10:20,KWI Kuwait,KU411,Kuwait Airways,7h 10m,True,2026-02-11T12:03:36.069232
2026-05-21,BKK,arrival,10:20,SGN Ho Chi Minh City,VN601,Vietnam Airlines,1h 35m,True,2026-02-11T12:03:36.153894
2026-05-21,BKK,arrival,10:25,TPE Taipei,BR75,EVA Air,3h 55m,True,2026-02-11T12:03:36.237776
2026-05-21,BKK,arrival,10:25,KBV Krabi,VZ341,Vietjet Thailand,1h 25m,True,2026-02-11T12:03:36.324297
2026-05-21,BKK,arrival,10:30,MDL Mandalay,8M337,MAI,1h 50m,True,2026-02-11T12:03:36.409602
2026-05-21,BKK,arrival,10:30,KTI Phnom Penh,KR701,Cambodia Airways,1h 15m,True,2026-02-11T12:03:36.492932
2026-05-21,BKK,arrival,10:30,USM Koh Samui,PG108,Bangkok Airways,1h 30m,True,2026-02-11T12:03:36.575613
2026-05-21,BKK,arrival,10:30,USM Koh Samui,PG122,Bangkok Airways,1h 15m,True,2026-02-11T12:03:36.660807
2026-05-21,BKK,arrival,10:30,HKT Phuket,VZ315,Vietjet Thailand,1h 30m,True,2026-02-11T12:03:36.745223
2026-05-21,BKK,arrival,10:35,CKG Chongqing,HU423,Hainan Airlines,3h 20m,True,2026-02-11T12:03:36.828475
2026-05-21,BKK,arrival,10:35,HDY Hat Yai,TG260,Thai Airways,1h 30m,True,2026-02-11T12:03:36.909823
2026-05-21,BKK,arrival,10:40,CNX Chiang Mai,FD4101,Thai AirAsia,1h 20m,True,2026-02-11T12:03:37.010664
2026-05-21,BKK,arrival,10:40,TPE Taipei,TG637,Thai Airways,3h 45m,True,2026-02-11T12:03:37.145317
2026-05-21,BKK,arrival,10:40,HDY Hat Yai,VZ321,Vietjet Thailand,1h 30m,True,2026-02-11T12:03:37.265977
2026-05-21,BKK,arrival,10:45,PVG Shanghai,9C8891,Spring Airlines,4h 50m,True,2026-02-11T12:03:37.390797
2026-05-21,BKK,arrival,10:45,TDX Trat,PG302,Bangkok Airways,1h 0m,True,2026-02-11T12:03:37.513989
2026-05-21,BKK,arrival,10:50,HDY Hat Yai,FD4203,Thai AirAsia,1h 30m,True,2026-02-11T12:03:37.639491
2026-05-21,BKK,arrival,10:50,URT Surat Thani,FD4213,Thai AirAsia,1h 25m,True,2026-02-11T12:03:37.766967
2026-05-21,BKK,arrival,10:50,CNX Chiang Mai,TG103,Thai Airways,1h 25m,True,2026-02-11T12:03:37.968955
2026-05-21,BKK,arrival,10:50,HAN Hanoi,VN611,Vietnam Airlines,2h 0m,True,2026-02-11T12:03:38.049934
2026-05-21,BKK,arrival,10:55,HYD Hyderabad,6E1067,IndiGo,3h 45m,True,2026-02-11T12:03:38.134377
2026-05-21,BKK,arrival,10:55,TPE Taipei,BR67,EVA Air,3h 55m,True,2026-02-11T12:03:38.219889
2026-05-21,BKK,arrival,10:55,KBV Krabi,TG242,Thai Airways,1h 25m,True,2026-02-11T12:03:38.306086
2026-05-21,BKK,arrival,10:55,CNX Chiang Mai,VZ115,Vietjet Thailand,1h 20m,True,2026-02-11T12:03:38.390164
2026-05-21,BKK,arrival,11:00,CAN Guangzhou,9C7419,Spring Airlines,3h 0m,True,2026-02-11T12:03:38.472809
2026-05-21,BKK,arrival,11:00,KBV Krabi,PG262,Bangkok Airways,1h 35m,True,2026-02-11T12:03:38.559142
2026-05-21,BKK,arrival,11:00,SAI Siem Reap,PG924,Bangkok Airways,1h 20m,True,2026-02-11T12:03:38.646011
2026-05-21,BKK,arrival,11:00,SIN Singapore,SQ708,Singapore Airlines,2h 30m,True,2026-02-11T12:03:38.736987
2026-05-21,BKK,arrival,11:00,KTI Phnom Penh,TG587,Thai Airways,1h 20m,True,2026-02-11T12:03:38.829808
2026-05-21,BKK,arrival,11:05,HKG Hong Kong,CX717,Cathay Pacific,3h 5m,True,2026-02-11T12:03:38.916930
2026-05-21,BKK,arrival,11:05,PVG Shanghai,TG663,Thai Airways,4h 35m,True,2026-02-11T12:03:39.003198
2026-05-21,BKK,arrival,11:10,TPE Taipei,BR211,EVA Air,3h 50m,True,2026-02-11T12:03:39.092767
2026-05-21,BKK,arrival,11:10,SWA Jieyang,CZ8355,China Southern,3h 10m,True,2026-02-11T12:03:39.180076
2026-05-21,BKK,arrival,11:10,HKT Phuket,TG202,Thai Airways,1h 30m,True,2026-02-11T12:03:39.267572
2026-05-21,BKK,arrival,11:10,SZX Shenzhen,ZH309,Shenzhen Airlines,3h 0m,True,2026-02-11T12:03:39.355768
2026-05-21,BKK,arrival,11:15,XMN Xiamen,MF853,XiamenAir,3h 25m,True,2026-02-11T12:03:39.447794
2026-05-21,BKK,arrival,11:15,ICN Seoul,OZ743,Asiana,6h 5m,True,2026-02-11T12:03:39.537868
2026-05-21,BKK,arrival,11:20,BOM Mumbai,6E1051,IndiGo,4h 40m,True,2026-02-11T12:03:39.627294
2026-05-21,BKK,arrival,11:20,SZX Shenzhen,CZ8075,China Southern,3h 25m,True,2026-02-11T12:03:39.715588
2026-05-21,BKK,arrival,11:20,USM Koh Samui,PG124,Bangkok Airways,1h 15m,True,2026-02-11T12:03:39.808533
2026-05-21,BKK,arrival,11:20,UTH Udon Thani,VZ201,Vietjet Thailand,1h 10m,True,2026-02-11T12:03:39.894685
2026-05-21,BKK,arrival,11:30,HKG Hong Kong,CX755,Cathay Pacific,3h 5m,True,2026-02-11T12:03:39.982334
2026-05-21,BKK,arrival,11:30,SGN Ho Chi Minh City,TG551,Thai Airways,1h 25m,True,2026-02-11T12:03:40.070106
2026-05-21,BKK,arrival,11:35,CNX Chiang Mai,PG216,Bangkok Airways,1h 25m,True,2026-02-11T12:03:40.161225
2026-05-21,BKK,arrival,11:40,CAN Guangzhou,CZ8079,China Southern,3h 0m,True,2026-02-11T12:03:40.252386
2026-05-21,BKK,arrival,11:40,SVO Moscow,SU272,Aeroflot,9h 15m,True,2026-02-11T12:03:40.338954
2026-05-21,BKK,arrival,11:40,CEI Chiang Rai,TG131,Thai Airways,1h 30m,True,2026-02-11T12:03:40.428409
2026-05-21,BKK,arrival,11:45,KBV Krabi,FD4403,Thai AirAsia,1h 25m,True,2026-02-11T12:03:40.537384
2026-05-21,BKK,arrival,11:45,HGH Hangzhou,JD419,Capital Airlines,4h 15m,True,2026-02-11T12:03:40.675497
2026-05-21,BKK,arrival,11:50,AUH Abu Dhabi,EY404,Etihad,6h 30m,True,2026-02-11T12:03:40.798369
2026-05-21,BKK,arrival,11:50,HKT Phuket,FD4125,Thai AirAsia,1h 35m,True,2026-02-11T12:03:40.915632
2026-05-21,BKK,arrival,11:50,HKT Phuket,TG204,Thai Airways,1h 35m,True,2026-02-11T12:03:41.038438
2026-05-21,BKK,arrival,11:50,HKT Phuket,VZ301,Vietjet Thailand,1h 30m,True,2026-02-11T12:03:41.161914
2026-05-21,BKK,arrival,11:55,HKT Phuket,PG272,Bangkok Airways,1h 35m,True,2026-02-11T12:03:41.288251
2026-05-21,BKK,arrival,12:00,TPE Taipei,JX741,Starlux,4h 0m,True,2026-02-11T12:03:41.479840
2026-05-21,BKK,arrival,12:05,IST Istanbul,TK52,Turkish Airlines,9h 50m,True,2026-02-11T12:03:41.563736
2026-05-21,BKK,arrival,12:10,TPE Taipei,CI831,China Airlines,3h 45m,True,2026-02-11T12:03:41.652840
2026-05-21,BKK,arrival,12:10,MNL Manila,PR730,PAL,3h 30m,True,2026-02-11T12:03:41.742292
2026-05-21,BKK,arrival,12:15,DXB Dubai,EK384,Emirates,6h 25m,True,2026-02-11T12:03:41.833081
2026-05-21,BKK,arrival,12:20,PEK Beijing,HU429,Hainan Airlines,5h 5m,True,2026-02-11T12:03:41.921159
2026-05-21,BKK,arrival,12:20,KMG Kunming,MU6087,China Eastern,2h 25m,True,2026-02-11T12:03:42.005708
2026-05-21,BKK,arrival,12:20,KTI Phnom Penh,VZ721,Vietjet Thailand,1h 15m,True,2026-02-11T12:03:42.096818
2026-05-21,BKK,arrival,12:25,HAN Hanoi,TG561,Thai Airways,1h 50m,True,2026-02-11T12:03:42.182795
2026-05-21,BKK,arrival,12:25,DAD Da Nang,VZ965,Vietjet Thailand,1h 45m,True,2026-02-11T12:03:42.274858
2026-05-21,BKK,arrival,12:30,PVG Shanghai,MU541,China Eastern,4h 40m,True,2026-02-11T12:03:42.364539
2026-05-21,BKK,arrival,12:30,FRA Frankfurt,TG923,Thai Airways,10h 50m,True,2026-02-11T12:03:42.450727
2026-05-21,BKK,arrival,12:30,FUK Fukuoka,VZ811,Vietjet Thailand,5h 35m,True,2026-02-11T12:03:42.538023
2026-05-21,BKK,arrival,12:35,FRA Frankfurt,DE2362,Condor,11h 20m,True,2026-02-11T12:03:42.627343
2026-05-21,BKK,arrival,12:40,URT Surat Thani,VZ351,Vietjet Thailand,1h 15m,True,2026-02-11T12:03:42.713574
2026-05-21,BKK,arrival,12:45,TFU Chengdu,9C7501,Spring Airlines,3h 10m,True,2026-02-11T12:03:42.802089
2026-05-21,BKK,arrival,12:45,CMB Colombo,UL404,SriLankan Airlines,3h 40m,True,2026-02-11T12:03:42.892444
2026-05-21,BKK,arrival,12:45,SGN Ho Chi Minh City,VJ803,VietJet,1h 30m,True,2026-02-11T12:03:42.983646
2026-05-21,BKK,arrival,12:50,PVG Shanghai,9C7421,Spring Airlines,4h 45m,True,2026-02-11T12:03:43.073301
2026-05-21,BKK,arrival,12:50,CAN Guangzhou,CZ8099,China Southern,3h 10m,True,2026-02-11T12:03:43.161159
2026-05-21,BKK,arrival,12:55,DOH Doha,QR834,Qatar Airways,6h 55m,True,2026-02-11T12:03:43.248158
2026-05-21,BKK,arrival,12:55,IKT Irkutsk,SU658,Aeroflot,6h 15m,True,2026-02-11T12:03:43.341737
2026-05-21,BKK,arrival,12:55,KIX Osaka,VZ821,Vietjet Thailand,6h 0m,True,2026-02-11T12:03:43.432852
2026-05-21,BKK,arrival,13:00,USM Koh Samui,PG130,Bangkok Airways,1h 15m,True,2026-02-11T12:03:43.518409
2026-05-21,BKK,arrival,13:00,HAN Hanoi,VJ901,VietJet,1h 50m,True,2026-02-11T12:03:43.606751
2026-05-21,BKK,arrival,13:05,XIY Xian,9C6293,Spring Airlines,4h 20m,True,2026-02-11T12:03:43.698793
2026-05-21,BKK,arrival,13:05,TPE Taipei,BR201,EVA Air,3h 45m,True,2026-02-11T12:03:43.789561
2026-05-21,BKK,arrival,13:05,DXB Dubai,EK376,Emirates,6h 20m,True,2026-02-11T12:03:43.874315
2026-05-21,BKK,arrival,13:05,PQC Phu Quoc,VZ981,Vietjet Thailand,1h 20m,True,2026-02-11T12:03:44.007886
2026-05-21,BKK,arrival,13:10,CGK Jakarta,GA866,Garuda Indonesia,3h 25m,True,2026-02-11T12:03:44.120203
2026-05-21,BKK,arrival,13:10,SGN Ho Chi Minh City,VN605,Vietnam Airlines,1h 35m,True,2026-02-11T12:03:44.257635
2026-05-21,BKK,arrival,13:10,CNX Chiang Mai,VZ103,Vietjet Thailand,1h 20m,True,2026-02-11T12:03:44.391510
2026-05-21,BKK,arrival,13:15,ADD Addis Ababa,ET628,Ethiopian,9h 20m,True,2026-02-11T12:03:44.515987
2026-05-21,BKK,arrival,13:15,ICN Seoul,KE657,Korean Air,5h 45m,True,2026-02-11T12:03:44.636476
2026-05-21,BKK,arrival,13:15,HKT Phuket,TG206,Thai Airways,1h 35m,True,2026-02-11T12:03:44.752109
2026-05-21,BKK,arrival,13:15,KKC Khon Kaen,TG43,Thai Airways,1h 10m,True,2026-02-11T12:03:44.880824
2026-05-21,BKK,arrival,13:20,CNX Chiang Mai,PG224,Bangkok Airways,1h 25m,True,2026-02-11T12:03:44.998687
2026-05-21,BKK,arrival,13:20,CNX Chiang Mai,TG105,Thai Airways,1h 25m,True,2026-02-11T12:03:45.173864
2026-05-21,BKK,arrival,13:25,NGB Ningbo,9C7431,Spring Airlines,4h 35m,True,2026-02-11T12:03:45.260396
2026-05-21,BKK,arrival,13:25,KUL Kuala Lumpur,MH788,Malaysia Airlines,2h 15m,True,2026-02-11T12:03:45.354520
2026-05-21,BKK,arrival,13:25,DOH Doha,QR836,Qatar Airways,6h 55m,True,2026-02-11T12:03:45.440518
2026-05-21,BKK,arrival,13:25,ICN Seoul,TG659,Thai Airways,5h 50m,True,2026-02-11T12:03:45.529754
2026-05-21,BKK,arrival,13:25,RGN Yangon,TG302,Thai Airways,1h 30m,True,2026-02-11T12:03:45.616994
2026-05-21,BKK,arrival,13:30,NBO Nairobi,KQ886,Kenya Airways,9h 31m,True,2026-02-11T12:03:45.705331
2026-05-21,BKK,arrival,13:35,BOM Mumbai,AI2354,Air India,4h 20m,True,2026-02-11T12:03:45.794060
2026-05-21,BKK,arrival,13:40,DAC Dhaka,BS217,US-Bangla Airlines,2h 40m,True,2026-02-11T12:03:45.887345
2026-05-21,BKK,arrival,13:40,PNQ Pune,IX242,Air India Express,4h 45m,True,2026-02-11T12:03:45.976052
2026-05-21,BKK,arrival,13:40,SGN Ho Chi Minh City,VU131,Vietravel Airlines,1h 35m,True,2026-02-11T12:03:46.065006
2026-05-21,BKK,arrival,13:45,RUH Riyadh,SV846,Saudia,7h 35m,True,2026-02-11T12:03:46.154630
2026-05-21,BKK,arrival,13:45,SIN Singapore,TG404,Thai Airways,2h 20m,True,2026-02-11T12:03:46.244205
2026-05-21,BKK,arrival,13:45,NRT Tokyo,VZ831,Vietjet Thailand,6h 50m,True,2026-02-11T12:03:46.331301
2026-05-21,BKK,arrival,13:50,NST Nakhon Si Thammarat,FD4232,Thai AirAsia,1h 25m,True,2026-02-11T12:03:46.424228
2026-05-21,BKK,arrival,13:55,KTI Phnom Penh,K6724,Air Cambodia,1h 10m,True,2026-02-11T12:03:46.507111
2026-05-21,BKK,arrival,13:55,VVO Vladivostok,SU644,Aeroflot,6h 50m,True,2026-02-11T12:03:46.590807
2026-05-21,BKK,arrival,13:55,HKT Phuket,VZ305,Vietjet Thailand,1h 30m,True,2026-02-11T12:03:46.670032
2026-05-21,BKK,arrival,14:00,SWA Jieyang,9C6193,Spring Airlines,3h 20m,True,2026-02-11T12:03:46.752253
2026-05-21,BKK,arrival,14:00,HKG Hong Kong,CX653,Cathay Pacific,3h 0m,True,2026-02-11T12:03:46.843136
2026-05-21,BKK,arrival,14:00,MUC Munich,LH772,Lufthansa,10h 40m,True,2026-02-11T12:03:46.916884
2026-05-21,BKK,arrival,14:00,TLV Tel Aviv-Yafo,LY81,El Al,11h 40m,True,2026-02-11T12:03:46.997953
2026-05-21,BKK,arrival,14:00,UBP Ubon Ratchathani,VZ221,Vietjet Thailand,1h 15m,True,2026-02-11T12:03:47.088549
2026-05-21,BKK,arrival,14:05,CAN Guangzhou,CZ5095,China Southern,3h 0m,True,2026-02-11T12:03:47.175239
2026-05-21,BKK,arrival,14:05,CNX Chiang Mai,FD4107,Thai AirAsia,1h 30m,True,2026-02-11T12:03:47.258733
2026-05-21,BKK,arrival,14:10,TDX Trat,PG306,Bangkok Airways,1h 0m,True,2026-02-11T12:03:47.346326
2026-05-21,BKK,arrival,14:10,ICN Seoul,TG657,Thai Airways,5h 50m,True,2026-02-11T12:03:47.436081
2026-05-21,BKK,arrival,14:15,DEL Delhi,AI2355,Air India,4h 20m,True,2026-02-11T12:03:47.527802
2026-05-21,BKK,arrival,14:15,KKC Khon Kaen,FD4502,Thai AirAsia,1h 10m,True,2026-02-11T12:03:47.615736
2026-05-21,BKK,arrival,14:15,SIN Singapore,SQ710,Singapore Airlines,2h 30m,True,2026-02-11T12:03:47.703065
2026-05-21,BKK,arrival,14:20,MFM Macau,NX936,Air Macau,2h 45m,True,2026-02-11T12:03:47.832579
2026-05-21,BKK,arrival,14:20,OVB Novosibirsk,SU650,Aeroflot,7h 40m,True,2026-02-11T12:03:47.968349
2026-05-21,BKK,arrival,14:25,SAI Siem Reap,PG906,Bangkok Airways,1h 30m,True,2026-02-11T12:03:48.090327
2026-05-21,BKK,arrival,14:25,CDG Paris,SB501,Aircalin,11h 55m,True,2026-02-11T12:03:48.212225
2026-05-21,BKK,arrival,14:25,HKG Hong Kong,TG601,Thai Airways,2h 40m,True,2026-02-11T12:03:48.339051
2026-05-21,BKK,arrival,14:25,SIN Singapore,TR604,Scoot,2h 35m,True,2026-02-11T12:03:48.470299
2026-05-21,BKK,arrival,14:30,CAN Guangzhou,CZ3081,China Southern,3h 0m,True,2026-02-11T12:03:48.594740
2026-05-21,BKK,arrival,14:30,HKT Phuket,PG276,Bangkok Airways,1h 35m,True,2026-02-11T12:03:48.769050
2026-05-21,BKK,arrival,14:30,KUL Kuala Lumpur,TG416,Thai Airways,2h 10m,True,2026-02-11T12:03:48.857811
2026-05-21,BKK,arrival,14:35,HKT Phuket,TG208,Thai Airways,1h 35m,True,2026-02-11T12:03:48.947790
2026-05-21,BKK,arrival,14:35,HDY Hat Yai,VZ325,Vietjet Thailand,1h 30m,True,2026-02-11T12:03:49.038208
2026-05-21,BKK,arrival,14:40,RGN Yangon,8M333,MAI,1h 20m,True,2026-02-11T12:03:49.124522
2026-05-21,BKK,arrival,14:45,LJG Lijiang,DR5041,Ruili Airlines,2h 45m,True,2026-02-11T12:03:49.211409
2026-05-21,BKK,arrival,14:45,SGN Ho Chi Minh City,VJ807,VietJet,1h 30m,True,2026-02-11T12:03:49.301562
2026-05-21,BKK,arrival,14:45,HAN Hanoi,VN615,Vietnam Airlines,2h 0m,True,2026-02-11T12:03:49.390201
2026-05-21,BKK,arrival,14:50,PVG Shanghai,9C7279,Spring Airlines,4h 55m,True,2026-02-11T12:03:49.481065
2026-05-21,BKK,arrival,14:50,NKG Nanjing,JD619,Capital Airlines,4h 40m,True,2026-02-11T12:03:49.572153
2026-05-21,BKK,arrival,14:50,VIE Vienna,OS7,Austrian,10h 15m,True,2026-02-11T12:03:49.665262
2026-05-21,BKK,arrival,14:50,LPQ Luang Prabang,PG942,Bangkok Airways,2h 5m,True,2026-02-11T12:03:49.753090
2026-05-21,BKK,arrival,14:50,VTE Vientiane,TG571,Thai Airways,1h 20m,True,2026-02-11T12:03:49.841644
2026-05-21,BKK,arrival,14:55,NAW Narathiwat,FD4253,Thai AirAsia,1h 30m,True,2026-02-11T12:03:49.929618
2026-05-21,BKK,arrival,14:55,HKG Hong Kong,HX775,Hong Kong Airlines,3h 10m,True,2026-02-11T12:03:50.018642
2026-05-21,BKK,arrival,14:55,KMG Kunming,MU741,China Eastern,2h 35m,True,2026-02-11T12:03:50.105699
2026-05-21,BKK,arrival,15:00,DAC Dhaka,BG388,Biman,2h 45m,True,2026-02-11T12:03:50.194450
2026-05-21,BKK,arrival,15:00,LHR London,TG917,Thai Airways,11h 35m,True,2026-02-11T12:03:50.281806
2026-05-21,BKK,arrival,15:00,NGO Nagoya,TG645,Thai Airways,6h 0m,True,2026-02-11T12:03:50.370687
2026-05-21,BKK,arrival,15:00,DAD Da Nang,VZ961,Vietjet Thailand,1h 45m,True,2026-02-11T12:03:50.461628
2026-05-21,BKK,arrival,15:05,USM Koh Samui,PG142,Bangkok Airways,1h 15m,True,2026-02-11T12:03:50.549088
2026-05-21,BKK,arrival,15:05,CNX Chiang Mai,TG107,Thai Airways,1h 25m,True,2026-02-11T12:03:50.637637
2026-05-21,BKK,arrival,15:05,FUK Fukuoka,TG649,Thai Airways,5h 30m,True,2026-02-11T12:03:50.726137
2026-05-21,BKK,arrival,15:05,HND Tokyo,TG683,Thai Airways,6h 30m,True,2026-02-11T12:03:50.819563
2026-05-21,BKK,arrival,15:05,UTH Udon Thani,TG5,Thai Airways,1h 10m,True,2026-02-11T12:03:50.909502
2026-05-21,BKK,arrival,15:10,CNX Chiang Mai,FD4103,Thai AirAsia,1h 20m,True,2026-02-11T12:03:50.998183
2026-05-21,BKK,arrival,15:10,HND Tokyo,JL31,JAL,6h 30m,True,2026-02-11T12:03:51.085603
2026-05-21,BKK,arrival,15:10,USM Koh Samui,PG158,Bangkok Airways,1h 35m,True,2026-02-11T12:03:51.180052
2026-05-21,BKK,arrival,15:10,CEI Chiang Rai,TG133,Thai Airways,1h 30m,True,2026-02-11T12:03:51.269461
2026-05-21,BKK,arrival,15:15,USM Koh Samui,PG144,Bangkok Airways,1h 15m,True,2026-02-11T12:03:51.363182
2026-05-21,BKK,arrival,15:20,KTI Phnom Penh,KR703,Cambodia Airways,1h 20m,True,2026-02-11T12:03:51.504220
2026-05-21,BKK,arrival,15:20,NRT Tokyo,TG641,Thai Airways,6h 30m,True,2026-02-11T12:03:51.632004
2026-05-21,BKK,arrival,15:25,HKG Hong Kong,CX775,Cathay Pacific,3h 5m,True,2026-02-11T12:03:51.755488
2026-05-21,BKK,arrival,15:25,MNL Manila,TG621,Thai Airways,3h 30m,True,2026-02-11T12:03:51.878588
2026-05-21,BKK,arrival,15:25,PER Perth,TG484,Thai Airways,7h 5m,True,2026-02-11T12:03:52.004009
2026-05-21,BKK,arrival,15:25,IST Istanbul,TK68,Turkish Airlines,9h 30m,True,2026-02-11T12:03:52.131469
2026-05-21,BKK,arrival,15:30,LHR London,BR68,EVA Air,11h 55m,True,2026-02-11T12:03:52.328663
2026-05-21,BKK,arrival,15:30,HND Tokyo,NH847,ANA,6h 40m,True,2026-02-11T12:03:52.413738
2026-05-21,BKK,arrival,15:30,CTS Sapporo,TG671,Thai Airways,7h 0m,True,2026-02-11T12:03:52.502848
2026-05-21,BKK,arrival,15:30,HKG Hong Kong,UO700,HK Express,3h 0m,True,2026-02-11T12:03:52.593204
2026-05-21,BKK,arrival,15:35,CNX Chiang Mai,FD4119,Thai AirAsia,1h 25m,True,2026-02-11T12:03:52.680563
2026-05-21,BKK,arrival,15:35,KIX Osaka,TG623,Thai Airways,5h 50m,True,2026-02-11T12:03:52.771049
2026-05-21,BKK,arrival,15:35,LYA Luoyang,UQ2641,Urumqi Airlines,4h 20m,True,2026-02-11T12:03:52.859491
2026-05-21,BKK,arrival,15:45,KWE Guiyang,AQ1207,9 Air,4h 0m,True,2026-02-11T12:03:52.950016
2026-05-21,BKK,arrival,15:45,CNX Chiang Mai,VZ111,Vietjet Thailand,1h 20m,True,2026-02-11T12:03:53.038124
2026-05-21,BKK,arrival,15:50,PVG Shanghai,FM833,Shanghai Airlines,4h 50m,True,2026-02-11T12:03:53.128570
2026-05-21,BKK,arrival,15:50,USM Koh Samui,PG136,Bangkok Airways,1h 15m,True,2026-02-11T12:03:53.214944
2026-05-21,BKK,arrival,16:00,ICN Seoul,VZ851,Vietjet Thailand,5h 50m,True,2026-02-11T12:03:53.303842
2026-05-21,BKK,arrival,16:05,CCU Kolkata,B3700,Bhutan Airlines,2h 40m,True,2026-02-11T12:03:53.392749
2026-05-21,BKK,arrival,16:05,HKT Phuket,FD4111,Thai AirAsia,1h 40m,True,2026-02-11T12:03:53.482445
2026-05-21,BKK,arrival,16:05,BLR Bengaluru,IX882,Air India Express,4h 0m,True,2026-02-11T12:03:53.571853
2026-05-21,BKK,arrival,16:05,CGK Jakarta,TG434,Thai Airways,3h 30m,True,2026-02-11T12:03:53.659947
2026-05-21,BKK,arrival,16:10,DEL Delhi,6E1053,IndiGo,4h 25m,True,2026-02-11T12:03:53.749947
2026-05-21,BKK,arrival,16:10,UTH Udon Thani,VZ205,Vietjet Thailand,1h 10m,True,2026-02-11T12:03:53.838768
2026-05-21,BKK,arrival,16:15,HDY Hat Yai,TG264,Thai Airways,1h 35m,True,2026-02-11T12:03:53.927055
2026-05-21,BKK,arrival,16:15,NST Nakhon Si Thammarat,VZ335,Vietjet Thailand,1h 20m,True,2026-02-11T12:03:54.014623
2026-05-21,BKK,arrival,16:20,TPE Taipei,CI835,China Airlines,3h 50m,True,2026-02-11T12:03:54.103143
2026-05-21,BKK,arrival,16:20,KUL Kuala Lumpur,MH782,Malaysia Airlines,2h 15m,True,2026-02-11T12:03:54.198862
2026-05-21,BKK,arrival,16:20,HKT Phuket,PG274,Bangkok Airways,1h 35m,True,2026-02-11T12:03:54.287574
2026-05-21,BKK,arrival,16:20,SYD Sydney,TG476,Thai Airways,9h 20m,True,2026-02-11T12:03:54.374383
2026-05-21,BKK,arrival,16:25,SZX Shenzhen,CZ8323,China Southern,3h 30m,True,2026-02-11T12:03:54.462216
2026-05-21,BKK,arrival,16:30,HKG Hong Kong,CX751,Cathay Pacific,3h 0m,True,2026-02-11T12:03:54.556707
2026-05-21,BKK,arrival,16:30,HGH Hangzhou,GJ8021,Loong Air,4h 35m,True,2026-02-11T12:03:54.647726
2026-05-21,BKK,arrival,16:30,KMG Kunming,TG613,Thai Airways,2h 10m,True,2026-02-11T12:03:54.733520
2026-05-21,BKK,arrival,16:30,NRT Tokyo,TG643,Thai Airways,6h 30m,True,2026-02-11T12:03:54.823296
2026-05-21,BKK,arrival,16:35,TLV Tel Aviv-Yafo,LY83,El Al,11h 40m,True,2026-02-11T12:03:54.927836
2026-05-21,BKK,arrival,16:40,TFU Chengdu,3U3935,Sichuan Airlines,3h 0m,True,2026-02-11T12:03:55.063656
2026-05-21,BKK,arrival,16:40,CGK Jakarta,GA868,Garuda Indonesia,3h 45m,True,2026-02-11T12:03:55.188288
2026-05-21,BKK,arrival,16:40,TPE Taipei,JX745,Starlux,3h 50m,True,2026-02-11T12:03:55.312502
2026-05-21,BKK,arrival,16:40,XMN Xiamen,MF833,XiamenAir,3h 30m,True,2026-02-11T12:03:55.441921
2026-05-21,BKK,arrival,16:40,USM Koh Samui,PG146,Bangkok Airways,1h 15m,True,2026-02-11T12:03:55.569774
2026-05-21,BKK,arrival,16:40,SYD Sydney,QF23,Qantas,9h 50m,True,2026-02-11T12:03:55.694826
2026-05-21,BKK,arrival,16:45,CEI Chiang Rai,VZ133,Vietjet Thailand,1h 25m,True,2026-02-11T12:03:55.881650
2026-05-21,BKK,arrival,16:50,CAN Guangzhou,CZ8023,China Southern,3h 0m,True,2026-02-11T12:03:55.965718
2026-05-21,BKK,arrival,16:50,USM Koh Samui,PG150,Bangkok Airways,1h 30m,True,2026-02-11T12:03:56.051718
2026-05-21,BKK,arrival,16:50,KKC Khon Kaen,TG45,Thai Airways,1h 10m,True,2026-02-11T12:03:56.136027
2026-05-21,BKK,arrival,16:50,TPE Taipei,TG633,Thai Airways,3h 45m,True,2026-02-11T12:03:56.220064
2026-05-21,BKK,arrival,16:50,CNX Chiang Mai,VZ107,Vietjet Thailand,1h 20m,True,2026-02-11T12:03:56.304380
2026-05-21,BKK,arrival,16:55,DEL Delhi,AI2332,Air India,4h 25m,True,2026-02-11T12:03:56.387943
2026-05-21,BKK,arrival,16:55,CNX Chiang Mai,TG111,Thai Airways,1h 25m,True,2026-02-11T12:03:56.475554
2026-05-21,BKK,arrival,16:55,HKT Phuket,VZ2301,Vietjet Thailand,1h 30m,True,2026-02-11T12:03:56.559689
2026-05-21,BKK,arrival,17:00,DAC Dhaka,TG322,Thai Airways,2h 25m,True,2026-02-11T12:03:56.647620
2026-05-21,BKK,arrival,17:00,SIN Singapore,TR610,Scoot,2h 30m,True,2026-02-11T12:03:56.730408
2026-05-21,BKK,arrival,17:05,TFU Chengdu,CA471,Air China,3h 15m,True,2026-02-11T12:03:56.815504
2026-05-21,BKK,arrival,17:05,USM Koh Samui,PG148,Bangkok Airways,1h 15m,True,2026-02-11T12:03:56.897672
2026-05-21,BKK,arrival,17:05,DAD Da Nang,VN627,Vietnam Airlines,1h 50m,True,2026-02-11T12:03:56.982395
2026-05-21,BKK,arrival,17:10,HKT Phuket,FD4123,Thai AirAsia,1h 35m,True,2026-02-11T12:03:57.065701
2026-05-21,BKK,arrival,17:10,TAO Qingdao,QW917,Qingdao Airlines,5h 10m,True,2026-02-11T12:03:57.152253
2026-05-21,BKK,arrival,17:15,SIN Singapore,SQ712,Singapore Airlines,2h 30m,True,2026-02-11T12:03:57.239845
2026-05-21,BKK,arrival,17:15,SIN Singapore,TG414,Thai Airways,2h 20m,True,2026-02-11T12:03:57.332414
2026-05-21,BKK,arrival,17:20,KHH Kaohsiung,CI839,China Airlines,3h 40m,True,2026-02-11T12:03:57.420060
2026-05-21,BKK,arrival,17:20,KUL Kuala Lumpur,MH774,Malaysia Airlines,2h 20m,True,2026-02-11T12:03:57.508502
2026-05-21,BKK,arrival,17:20,HKG Hong Kong,TG629,Thai Airways,2h 50m,True,2026-02-11T12:03:57.596092
2026-05-21,BKK,arrival,17:25,SHJ Sharjah,G9816,Air Arabia,6h 35m,True,2026-02-11T12:03:57.687356
2026-05-21,BKK,arrival,17:25,TAO Qingdao,QW9897,Qingdao Airlines,5h 5m,True,2026-02-11T12:03:57.774412
2026-05-21,BKK,arrival,17:35,DEL Delhi,TG324,Thai Airways,4h 25m,True,2026-02-11T12:03:57.861782
2026-05-21,BKK,arrival,17:40,HKT Phuket,TG212,Thai Airways,1h 35m,True,2026-02-11T12:03:57.952649
2026-05-21,BKK,arrival,17:45,CAN Guangzhou,TG669,Thai Airways,3h 0m,True,2026-02-11T12:03:58.044966
2026-05-21,BKK,arrival,17:45,HAN Hanoi,VJ903,VietJet,2h 0m,True,2026-02-11T12:03:58.135830
2026-05-21,BKK,arrival,17:45,UBP Ubon Ratchathani,VZ225,Vietjet Thailand,1h 15m,True,2026-02-11T12:03:58.224303
2026-05-21,BKK,arrival,17:45,MCT Muscat,WY815,Oman Air,6h 15m,True,2026-02-11T12:03:58.312539
2026-05-21,BKK,arrival,17:50,NNG Nanning,9C7485,Spring Airlines,2h 30m,True,2026-02-11T12:03:58.432941
2026-05-21,BKK,arrival,17:50,CEI Chiang Rai,FD4153,Thai AirAsia,1h 25m,True,2026-02-11T12:03:58.565339
2026-05-21,BKK,arrival,17:55,CAN Guangzhou,CZ363,China Southern,3h 0m,True,2026-02-11T12:03:58.695702
2026-05-21,BKK,arrival,17:55,KBV Krabi,VZ343,Vietjet Thailand,1h 25m,True,2026-02-11T12:03:58.820667
2026-05-21,BKK,arrival,18:00,HKG Hong Kong,CX701,Cathay Pacific,2h 55m,True,2026-02-11T12:03:58.945416
2026-05-21,BKK,arrival,18:05,KBV Krabi,FD4401,Thai AirAsia,1h 25m,True,2026-02-11T12:03:59.073190
2026-05-21,BKK,arrival,18:05,PVG Shanghai,FM855,Shanghai Airlines,4h 30m,True,2026-02-11T12:03:59.195941
2026-05-21,BKK,arrival,18:05,HAN Hanoi,VN619,Vietnam Airlines,2h 0m,True,2026-02-11T12:03:59.372551
2026-05-21,BKK,arrival,18:05,PQC Phu Quoc,VZ983,Vietjet Thailand,1h 20m,True,2026-02-11T12:03:59.458368
2026-05-21,BKK,arrival,18:10,AUH Abu Dhabi,EY406,Etihad,6h 35m,True,2026-02-11T12:03:59.546762
2026-05-21,BKK,arrival,18:10,BFV Buri Ram,FD4512,Thai AirAsia,1h 5m,True,2026-02-11T12:03:59.634139
2026-05-21,BKK,arrival,18:10,HKT Phuket,FD4113,Thai AirAsia,1h 25m,True,2026-02-11T12:03:59.721177
2026-05-21,BKK,arrival,18:10,TPE Taipei,VZ567,Vietjet Thailand,3h 45m,True,2026-02-11T12:03:59.810912
2026-05-21,BKK,arrival,18:15,RGN Yangon,8M331,MAI,1h 20m,True,2026-02-11T12:03:59.899848
2026-05-21,BKK,arrival,18:15,HAK Haikou,HU721,Hainan Airlines,2h 25m,True,2026-02-11T12:03:59.987506
2026-05-21,BKK,arrival,18:15,KTM Kathmandu,TG320,Thai Airways,3h 30m,True,2026-02-11T12:04:00.079773
2026-05-21,BKK,arrival,18:20,PEK Beijing,CA959,Air China,5h 20m,True,2026-02-11T12:04:00.169056
2026-05-21,BKK,arrival,18:20,DXB Dubai,EK370,Emirates,6h 20m,True,2026-02-11T12:04:00.258171
2026-05-21,BKK,arrival,18:20,DOH Doha,QR828,Qatar Airways,6h 55m,True,2026-02-11T12:04:00.348830
2026-05-21,BKK,arrival,18:20,CNX Chiang Mai,TG113,Thai Airways,1h 25m,True,2026-02-11T12:04:00.441041
2026-05-21,BKK,arrival,18:20,TFU Chengdu,TG619,Thai Airways,3h 5m,True,2026-02-11T12:04:00.531649
2026-05-21,BKK,arrival,18:20,UTH Udon Thani,VZ203,Vietjet Thailand,1h 10m,True,2026-02-11T12:04:00.615355
2026-05-21,BKK,arrival,18:25,HKT Phuket,TG216,Thai Airways,1h 30m,True,2026-02-11T12:04:00.706774
2026-05-21,BKK,arrival,18:30,KMG Kunming,KY8369,Kunming Airlines,2h 25m,True,2026-02-11T12:04:00.803157
2026-05-21,BKK,arrival,18:30,MNL Manila,PR736,PAL,3h 45m,True,2026-02-11T12:04:00.900486
2026-05-21,BKK,arrival,18:30,SGN Ho Chi Minh City,VN607,Vietnam Airlines,1h 35m,True,2026-02-11T12:04:00.989748
2026-05-21,BKK,arrival,18:30,SZX Shenzhen,ZH307,Shenzhen Airlines,2h 55m,True,2026-02-11T12:04:01.081080
2026-05-21,BKK,arrival,18:40,USM Koh Samui,PG166,Bangkok Airways,1h 15m,True,2026-02-11T12:04:01.169496
2026-05-21,BKK,arrival,18:40,CNX Chiang Mai,VZ109,Vietjet Thailand,1h 20m,True,2026-02-11T12:04:01.263294
2026-05-21,BKK,arrival,18:45,SGN Ho Chi Minh City,VJ805,VietJet,1h 30m,True,2026-02-11T12:04:01.352441
2026-05-21,BKK,arrival,18:50,TDX Trat,PG308,Bangkok Airways,1h 0m,True,2026-02-11T12:04:01.438740
2026-05-21,BKK,arrival,18:50,USM Koh Samui,PG172,Bangkok Airways,1h 15m,True,2026-02-11T12:04:01.569984
2026-05-21,BKK,arrival,18:55,CKG Chongqing,3U3771,Sichuan Airlines,3h 25m,True,2026-02-11T12:04:01.663578
2026-05-21,BKK,arrival,18:55,KUL Kuala Lumpur,MH780,Malaysia Airlines,2h 10m,True,2026-02-11T12:04:01.752813
2026-05-21,BKK,arrival,18:55,UBP Ubon Ratchathani,TG29,Thai Airways,1h 15m,True,2026-02-11T12:04:01.841592
2026-05-21,BKK,arrival,18:55,HKG Hong Kong,UO702,HK Express,3h 0m,True,2026-02-11T12:04:01.930103
2026-05-21,BKK,arrival,19:00,HKT Phuket,PG284,Bangkok Airways,1h 30m,True,2026-02-11T12:04:02.070706
2026-05-21,BKK,arrival,19:00,SIN Singapore,SQ714,Singapore Airlines,2h 30m,True,2026-02-11T12:04:02.197638
2026-05-21,BKK,arrival,19:00,HKT Phuket,VZ307,Vietjet Thailand,1h 30m,True,2026-02-11T12:04:02.326404
2026-05-21,BKK,arrival,19:05,DXB Dubai,EK372,Emirates,6h 25m,True,2026-02-11T12:04:02.449354
2026-05-21,BKK,arrival,19:05,USM Koh Samui,PG168,Bangkok Airways,1h 15m,True,2026-02-11T12:04:02.574724
2026-05-21,BKK,arrival,19:05,IKT Irkutsk,S76309,S7 Airlines,6h 25m,True,2026-02-11T12:04:02.706943
2026-05-21,BKK,arrival,19:10,THS Sukhothai,PG214,Bangkok Airways,1h 20m,True,2026-02-11T12:04:02.902761
2026-05-21,BKK,arrival,19:15,BOM Mumbai,6E1059,IndiGo,4h 40m,True,2026-02-11T12:04:02.993143
2026-05-21,BKK,arrival,19:20,BOM Mumbai,AI2337,Air India,4h 20m,True,2026-02-11T12:04:03.076217
2026-05-21,BKK,arrival,19:20,CAN Guangzhou,CZ8019,China Southern,3h 0m,True,2026-02-11T12:04:03.160513
2026-05-21,BKK,arrival,19:35,KMG Kunming,KY8367,Kunming Airlines,2h 25m,True,2026-02-11T12:04:03.248283
2026-05-21,BKK,arrival,19:35,SIN Singapore,TG408,Thai Airways,2h 20m,True,2026-02-11T12:04:03.333837
2026-05-21,BKK,arrival,19:35,SIN Singapore,TR616,Scoot,2h 35m,True,2026-02-11T12:04:03.423300
2026-05-21,BKK,arrival,19:40,RGN Yangon,8M350,MAI,1h 20m,True,2026-02-11T12:04:03.515520
2026-05-21,BKK,arrival,19:40,HDY Hat Yai,FD4205,Thai AirAsia,1h 30m,True,2026-02-11T12:04:03.601492
2026-05-21,BKK,arrival,19:40,BNE Brisbane,JQ65,Jetstar,8h 50m,True,2026-02-11T12:04:03.692100
2026-05-21,BKK,arrival,19:40,USM Koh Samui,PG170,Bangkok Airways,1h 15m,True,2026-02-11T12:04:03.783140
2026-05-21,BKK,arrival,19:40,VTE Vientiane,QV445,Lao Airlines,1h 0m,True,2026-02-11T12:04:03.871961
2026-05-21,BKK,arrival,19:45,CNX Chiang Mai,FD4109,Thai AirAsia,1h 20m,True,2026-02-11T12:04:03.960315
2026-05-21,BKK,arrival,19:50,DEL Delhi,6E1063,IndiGo,4h 10m,True,2026-02-11T12:04:04.050494
2026-05-21,BKK,arrival,19:50,MEL Melbourne,JQ29,Jetstar,9h 25m,True,2026-02-11T12:04:04.134296
2026-05-21,BKK,arrival,19:50,KMG Kunming,MU9613,China Eastern,2h 35m,True,2026-02-11T12:04:04.223633
2026-05-21,BKK,arrival,19:55,KHH Kaohsiung,TG631,Thai Airways,3h 40m,True,2026-02-11T12:04:04.311612
2026-05-21,BKK,arrival,19:55,DAD Da Nang,VZ963,Vietjet Thailand,1h 45m,True,2026-02-11T12:04:04.403560
2026-05-21,BKK,arrival,20:00,SIN Singapore,SQ720,Singapore Airlines,2h 30m,True,2026-02-11T12:04:04.492947
2026-05-21,BKK,arrival,20:00,MEL Melbourne,TG466,Thai Airways,9h 30m,True,2026-02-11T12:04:04.581803
2026-05-21,BKK,arrival,20:05,DPS Denpasar,TG432,Thai Airways,4h 10m,True,2026-02-11T12:04:04.670192
2026-05-21,BKK,arrival,20:05,KKC Khon Kaen,TG47,Thai Airways,1h 0m,True,2026-02-11T12:04:04.761074
2026-05-21,BKK,arrival,20:05,SGN Ho Chi Minh City,VN609,Vietnam Airlines,1h 35m,True,2026-02-11T12:04:04.852532
2026-05-21,BKK,arrival,20:05,URT Surat Thani,VZ353,Vietjet Thailand,1h 15m,True,2026-02-11T12:04:04.940151
2026-05-21,BKK,arrival,20:10,KKC Khon Kaen,VZ215,Vietjet Thailand,1h 5m,True,2026-02-11T12:04:05.025695
2026-05-21,BKK,arrival,20:15,USM Koh Samui,PG160,Bangkok Airways,1h 35m,True,2026-02-11T12:04:05.118109
2026-05-21,BKK,arrival,20:15,CEI Chiang Rai,TG137,Thai Airways,1h 20m,True,2026-02-11T12:04:05.204934
2026-05-21,BKK,arrival,20:25,DEL Delhi,AI2304,Air India,4h 25m,True,2026-02-11T12:04:05.293520
2026-05-21,BKK,arrival,20:25,USM Koh Samui,PG176,Bangkok Airways,1h 30m,True,2026-02-11T12:04:05.382684
2026-05-21,BKK,arrival,20:25,USM Koh Samui,PG180,Bangkok Airways,1h 15m,True,2026-02-11T12:04:05.483898
2026-05-21,BKK,arrival,20:25,KTI Phnom Penh,VZ723,Vietjet Thailand,1h 15m,True,2026-02-11T12:04:05.618362
2026-05-21,BKK,arrival,20:40,TFU Chengdu,EU2867,Chengdu Airlines,3h 15m,True,2026-02-11T12:04:05.743073
2026-05-21,BKK,arrival,20:40,KTI Phnom Penh,PG936,Bangkok Airways,1h 15m,True,2026-02-11T12:04:05.873074
2026-05-21,BKK,arrival,20:40,RGN Yangon,UB17,Myanmar National Airlines,1h 25m,True,2026-02-11T12:04:05.999155
2026-05-21,BKK,arrival,20:45,HKT Phuket,PG278,Bangkok Airways,1h 35m,True,2026-02-11T12:04:06.122849
2026-05-21,BKK,arrival,20:45,USM Koh Samui,PG174,Bangkok Airways,1h 15m,True,2026-02-11T12:04:06.246306
2026-05-21,BKK,arrival,20:45,DOH Doha,QR826,Qatar Airways,6h 55m,True,2026-02-11T12:04:06.444514
2026-05-21,BKK,arrival,20:45,HKG Hong Kong,TG639,Thai Airways,2h 40m,True,2026-02-11T12:04:06.519205
2026-05-21,BKK,arrival,20:45,ICN Seoul,TG653,Thai Airways,5h 50m,True,2026-02-11T12:04:06.603024
2026-05-21,BKK,arrival,20:50,HKT Phuket,TG218,Thai Airways,1h 35m,True,2026-02-11T12:04:06.688814
2026-05-21,BKK,arrival,20:55,FOC Fuzhou,9C7301,Spring Airlines,4h 10m,True,2026-02-11T12:04:06.772963
2026-05-21,BKK,arrival,20:55,PVG Shanghai,FM839,Shanghai Airlines,4h 35m,True,2026-02-11T12:04:06.857720
2026-05-21,BKK,arrival,20:55,SAI Siem Reap,PG908,Bangkok Airways,1h 30m,True,2026-02-11T12:04:06.942474
2026-05-21,BKK,arrival,20:55,PVG Shanghai,TG665,Thai Airways,4h 30m,True,2026-02-11T12:04:07.029934
2026-05-21,BKK,arrival,20:55,SYD Sydney,TG472,Thai Airways,9h 20m,True,2026-02-11T12:04:07.113417
2026-05-21,BKK,arrival,21:00,HKG Hong Kong,HX765,Hong Kong Airlines,3h 0m,True,2026-02-11T12:04:07.198936
2026-05-21,BKK,arrival,21:00,RGN Yangon,TG304,Thai Airways,1h 30m,True,2026-02-11T12:04:07.282288
2026-05-21,BKK,arrival,21:00,HKT Phuket,VZ2305,Vietjet Thailand,1h 30m,True,2026-02-11T12:04:07.368808
2026-05-21,BKK,arrival,21:05,HAN Hanoi,VN617,Vietnam Airlines,2h 5m,True,2026-02-11T12:04:07.449702
2026-05-21,BKK,arrival,21:05,CNX Chiang Mai,VZ123,Vietjet Thailand,1h 20m,True,2026-02-11T12:04:07.535303
2026-05-21,BKK,arrival,21:10,ICN Seoul,LJ1,Jin Air,6h 0m,True,2026-02-11T12:04:07.617804
2026-05-21,BKK,arrival,21:10,ICN Seoul,YP601,Air Premia,5h 55m,True,2026-02-11T12:04:07.704669
2026-05-21,BKK,arrival,21:15,USM Koh Samui,PG188,Bangkok Airways,1h 30m,True,2026-02-11T12:04:07.792657
2026-05-21,BKK,arrival,21:15,PEK Beijing,TG615,Thai Airways,5h 10m,True,2026-02-11T12:04:07.884538
2026-05-21,BKK,arrival,21:20,ICN Seoul,BX727,Air Busan,6h 30m,True,2026-02-11T12:04:07.973407
2026-05-21,BKK,arrival,21:20,CEI Chiang Rai,VZ135,Vietjet Thailand,1h 25m,True,2026-02-11T12:04:08.059789
2026-05-21,BKK,arrival,21:25,UTH Udon Thani,FD4353,Thai AirAsia,1h 5m,True,2026-02-11T12:04:08.146292
2026-05-21,BKK,arrival,21:25,CNX Chiang Mai,PG220,Bangkok Airways,1h 25m,True,2026-02-11T12:04:08.239428
2026-05-21,BKK,arrival,21:25,USM Koh Samui,PG190,Bangkok Airways,1h 30m,True,2026-02-11T12:04:08.326332
2026-05-21,BKK,arrival,21:25,KIX Osaka,TG673,Thai Airways,5h 50m,True,2026-02-11T12:04:08.416972
2026-05-21,BKK,arrival,21:35,SGN Ho Chi Minh City,TG557,Thai Airways,1h 25m,True,2026-02-11T12:04:08.507016
2026-05-21,BKK,arrival,21:35,TPE Taipei,TG635,Thai Airways,3h 45m,True,2026-02-11T12:04:08.597092
2026-05-21,BKK,arrival,21:40,NRT Tokyo,ZG51,Zipair,6h 40m,True,2026-02-11T12:04:08.684199
2026-05-21,BKK,arrival,21:45,PUS Busan,BX725,Air Busan,5h 45m,True,2026-02-11T12:04:08.773022
2026-05-21,BKK,arrival,21:45,ICN Seoul,KE651,Korean Air,5h 40m,True,2026-02-11T12:04:08.859740
2026-05-21,BKK,arrival,21:45,KBV Krabi,TG250,Thai Airways,1h 25m,True,2026-02-11T12:04:08.969980
2026-05-21,BKK,arrival,21:45,KTI Phnom Penh,TK53,Turkish Airlines,1h 35m,True,2026-02-11T12:04:09.104905
2026-05-21,BKK,arrival,21:50,HKT Phuket,FD4115,Thai AirAsia,1h 30m,True,2026-02-11T12:04:09.234506
2026-05-21,BKK,arrival,21:50,GAU Guwahati,KB140,Drukair,3h 0m,True,2026-02-11T12:04:09.359137
2026-05-21,BKK,arrival,21:50,MFM Macau,NX992,Air Macau,3h 5m,True,2026-02-11T12:04:09.485780
2026-05-21,BKK,arrival,21:50,USM Koh Samui,PG186,Bangkok Airways,1h 15m,True,2026-02-11T12:04:09.605720
2026-05-21,BKK,arrival,21:55,PVG Shanghai,FM853,Shanghai Airlines,4h 35m,True,2026-02-11T12:04:09.731184
2026-05-21,BKK,arrival,21:55,NRT Tokyo,TG677,Thai Airways,6h 30m,True,2026-02-11T12:04:09.926147
2026-05-21,BKK,arrival,21:55,VTE Vientiane,TG575,Thai Airways,1h 25m,True,2026-02-11T12:04:10.004782
2026-05-21,BKK,arrival,21:55,SIN Singapore,TR614,Scoot,2h 35m,True,2026-02-11T12:04:10.081679
2026-05-21,BKK,arrival,22:00,CCU Kolkata,6E1057,IndiGo,2h 45m,True,2026-02-11T12:04:10.166664
2026-05-21,BKK,arrival,22:00,CAN Guangzhou,CZ361,China Southern,2h 55m,True,2026-02-11T12:04:10.252671
2026-05-21,BKK,arrival,22:00,KKC Khon Kaen,FD4504,Thai AirAsia,1h 10m,True,2026-02-11T12:04:10.336759
2026-05-21,BKK,arrival,22:05,CRK Angeles,5J943,Cebu Pacific,3h 30m,True,2026-02-11T12:04:10.420980
2026-05-21,BKK,arrival,22:05,KUL Kuala Lumpur,TG418,Thai Airways,2h 10m,True,2026-02-11T12:04:10.505899
2026-05-21,BKK,arrival,22:05,ICN Seoul,TW101,T´Way Air,6h 5m,True,2026-02-11T12:04:10.588117
2026-05-21,BKK,arrival,22:05,KBV Krabi,VZ345,Vietjet Thailand,1h 25m,True,2026-02-11T12:04:10.673514
2026-05-21,BKK,arrival,22:10,KBV Krabi,FD4409,Thai AirAsia,1h 25m,True,2026-02-11T12:04:10.757055
2026-05-21,BKK,arrival,22:10,DPS Denpasar,TG440,Thai Airways,4h 10m,True,2026-02-11T12:04:10.846809
2026-05-21,BKK,arrival,22:10,SIN Singapore,TG410,Thai Airways,2h 20m,True,2026-02-11T12:04:10.938395
2026-05-21,BKK,arrival,22:10,CNX Chiang Mai,VZ2107,Vietjet Thailand,1h 20m,True,2026-02-11T12:04:11.025230
2026-05-21,BKK,arrival,22:15,KMG Kunming,MU9621,China Eastern,2h 35m,True,2026-02-11T12:04:11.115650
2026-05-21,BKK,arrival,22:15,HDY Hat Yai,TG268,Thai Airways,1h 35m,True,2026-02-11T12:04:11.201938
2026-05-21,BKK,arrival,22:15,MNL Manila,TG625,Thai Airways,3h 20m,True,2026-02-11T12:04:11.288438
2026-05-21,BKK,arrival,22:20,USM Koh Samui,PG196,Bangkok Airways,1h 30m,True,2026-02-11T12:04:11.382494
2026-05-21,BKK,arrival,22:30,USM Koh Samui,PG192,Bangkok Airways,1h 30m,True,2026-02-11T12:04:11.472163
2026-05-21,BKK,arrival,22:30,CGK Jakarta,TG436,Thai Airways,3h 30m,True,2026-02-11T12:04:11.557978
2026-05-21,BKK,arrival,22:30,CNX Chiang Mai,TG121,Thai Airways,1h 20m,True,2026-02-11T12:04:11.647696
2026-05-21,BKK,arrival,22:30,UTH Udon Thani,TG9,Thai Airways,1h 5m,True,2026-02-11T12:04:11.739678
2026-05-21,BKK,arrival,22:30,TPE Taipei,VZ569,Vietjet Thailand,3h 45m,True,2026-02-11T12:04:11.827861
2026-05-21,BKK,arrival,22:35,RGN Yangon,8M372,MAI,1h 20m,True,2026-02-11T12:04:11.915078
2026-05-21,BKK,arrival,22:35,HAN Hanoi,TG565,Thai Airways,1h 50m,True,2026-02-11T12:04:12.007007
2026-05-21,BKK,arrival,22:35,KTI Phnom Penh,TG585,Thai Airways,1h 20m,True,2026-02-11T12:04:12.099155
2026-05-21,BKK,arrival,22:40,PUS Busan,LJ21,Jin Air,5h 35m,True,2026-02-11T12:04:12.186092
2026-05-21,BKK,arrival,22:40,MNL Manila,PR732,PAL,3h 30m,True,2026-02-11T12:04:12.274822
2026-05-21,BKK,arrival,22:55,HKT Phuket,TG222,Thai Airways,1h 35m,True,2026-02-11T12:04:12.360635
2026-05-21,BKK,arrival,23:00,PEK Beijing,HU7995,Hainan Airlines,5h 0m,True,2026-02-11T12:04:12.465919
2026-05-21,BKK,arrival,23:00,NRT Tokyo,JL707,JAL,6h 35m,True,2026-02-11T12:04:12.607311
2026-05-21,BKK,arrival,23:05,KUL Kuala Lumpur,MH796,Malaysia Airlines,2h 20m,True,2026-02-11T12:04:12.729786
2026-05-21,BKK,arrival,23:10,ICN Seoul,OZ741,Asiana,5h 40m,True,2026-02-11T12:04:12.853347
2026-05-21,BKK,arrival,23:15,HKG Hong Kong,HB295,Greater Bay Airlines,3h 0m,True,2026-02-11T12:04:12.977430
2026-05-21,BKK,arrival,23:15,HKT Phuket,VZ309,Vietjet Thailand,1h 30m,True,2026-02-11T12:04:13.106106
2026-05-21,BKK,arrival,23:20,JJN Jinjiang,AQ1435,9 Air,4h 20m,True,2026-02-11T12:04:13.228188
2026-05-21,BKK,arrival,23:20,HDY Hat Yai,VZ329,Vietjet Thailand,1h 30m,True,2026-02-11T12:04:13.414732
2026-05-21,BKK,arrival,23:25,HKG Hong Kong,EK385,Emirates,3h 15m,True,2026-02-11T12:04:13.497909
2026-05-21,BKK,arrival,23:30,TPE Taipei,BR205,EVA Air,3h 45m,True,2026-02-11T12:04:13.584715
2026-05-21,BKK,arrival,23:30,CNX Chiang Mai,FD4117,Thai AirAsia,1h 25m,True,2026-02-11T12:04:13.664764
2026-05-21,BKK,arrival,23:30,CKG Chongqing,OQ2361,Chongqing Airlines,3h 15m,True,2026-02-11T12:04:13.749311
2026-05-21,BKK,arrival,23:30,HKT Phuket,PG280,Bangkok Airways,1h 35m,True,2026-02-11T12:04:13.834218
2026-05-21,BKK,arrival,23:35,CAN Guangzhou,KQ887,Kenya Airways,2h 25m,True,2026-02-11T12:04:13.917878
2026-05-21,BKK,arrival,23:40,HKT Phuket,FD4420,Thai AirAsia,1h 25m,True,2026-02-11T12:04:14.004277
2026-05-21,BKK,arrival,23:40,ICN Seoul,KE659,Korean Air,5h 55m,True,2026-02-11T12:04:14.091843
2026-05-21,BKK,arrival,23:50,PUS Busan,7C2551,Jeju Air,5h 50m,True,2026-02-11T12:04:14.177362
2026-05-21,BKK,arrival,23:50,HKG Hong Kong,CX617,Cathay Pacific,3h 0m,True,2026-02-11T12:04:14.263389
2026-05-21,BKK,arrival,23:50,AUH Abu Dhabi,EY400,Etihad,6h 35m,True,2026-02-11T12:04:14.351674
2026-05-21,BKK,arrival,23:50,CNX Chiang Mai,VZ119,Vietjet Thailand,1h 20m,True,2026-02-11T12:04:14.449265
2026-05-21,BKK,arrival,23:55,KIX Osaka,MM91,Peach Aviation,6h 25m,True,2026-02-11T12:04:14.587321
2026-05-21,BKK,arrival,23:55,NRT Tokyo,NH805,ANA,6h 45m,True,2026-02-11T12:04:14.671663
