date,airport,direction,time,destination,flight,airline,duration,page_date_verified,scraped_at
2026-05-04,BKK,departure,00:05,BRU Brussels,TG934,Thai Airways,12h 10m,True,2026-02-11T03:20:42.621332
2026-05-04,BKK,departure,00:05,CDG Paris,TG930,Thai Airways,12h 5m,True,2026-02-11T03:20:43.169299
2026-05-04,BKK,departure,00:05,NGO Nagoya,TG644,Thai Airways,5h 55m,True,2026-02-11T03:20:43.514507
2026-05-04,BKK,departure,00:05,OSL Oslo,TG954,Thai Airways,12h 20m,True,2026-02-11T03:20:43.824563
2026-05-04,BKK,departure,00:05,ARN Stockholm,TG960,Thai Airways,12h 20m,True,2026-02-11T03:20:44.073195
2026-05-04,BKK,departure,00:05,ICN Seoul,TW102,T´Way Air,5h 35m,True,2026-02-11T03:20:44.353693
2026-05-04,BKK,departure,00:25,KIX Osaka,JL728,JAL,5h 25m,True,2026-02-11T03:20:44.665559
2026-05-04,BKK,departure,00:30,CKG Chongqing,OQ2362,Chongqing Airlines,3h 30m,True,2026-02-11T03:20:44.905657
2026-05-04,BKK,departure,00:30,LHR London,TG910,Thai Airways,12h 45m,True,2026-02-11T03:20:45.154919
2026-05-04,BKK,departure,00:30,PVG Shanghai,TG662,Thai Airways,4h 15m,True,2026-02-11T03:20:45.422587
2026-05-04,BKK,departure,00:30,FUK Fukuoka,VZ810,Vietjet Thailand,5h 25m,True,2026-02-11T03:20:45.755000
2026-05-04,BKK,departure,00:40,PEK Beijing,HU7996,Hainan Airlines,5h 0m,True,2026-02-11T03:20:46.036970
2026-05-04,BKK,departure,00:40,FUK Fukuoka,TG648,Thai Airways,5h 20m,True,2026-02-11T03:20:46.350032
2026-05-04,BKK,departure,00:40,MXP Milan,TG940,Thai Airways,11h 55m,True,2026-02-11T03:20:46.631756
2026-05-04,BKK,departure,00:50,CPH Copenhagen,TG950,Thai Airways,11h 50m,True,2026-02-11T03:20:46.937718
2026-05-04,BKK,departure,00:50,MUC Munich,TG924,Thai Airways,11h 15m,True,2026-02-11T03:20:47.162922
2026-05-04,BKK,departure,00:50,PUS Busan,7C2552,Jeju Air,5h 40m,True,2026-02-11T03:20:47.452629
2026-05-04,BKK,departure,01:05,ZRH Zurich,TG970,Thai Airways,11h 45m,True,2026-02-11T03:20:47.741339
2026-05-04,BKK,departure,01:10,PNQ Pune,6E1096,IndiGo,4h 5m,True,2026-02-11T03:20:48.071681
2026-05-04,BKK,departure,01:10,ICN Seoul,7C2504,Jeju Air,5h 45m,True,2026-02-11T03:20:48.361403
2026-05-04,BKK,departure,01:15,PVG Shanghai,9C8756,Spring Airlines,4h 25m,True,2026-02-11T03:20:48.673524
2026-05-04,BKK,departure,01:15,TFU Chengdu,3U3938,Sichuan Airlines,3h 5m,True,2026-02-11T03:20:49.006813
2026-05-04,BKK,departure,01:15,DXB Dubai,EK385,Emirates,6h 30m,True,2026-02-11T03:20:49.498477
2026-05-04,BKK,departure,01:15,KIX Osaka,MM92,Peach Aviation,6h 5m,True,2026-02-11T03:20:49.761025
2026-05-04,BKK,departure,01:20,ICN Seoul,OZ742,Asiana,5h 25m,True,2026-02-11T03:20:50.058538
2026-05-04,BKK,departure,01:30,PEK Beijing,CA980,Air China,4h 40m,True,2026-02-11T03:20:50.295418
2026-05-04,BKK,departure,01:30,HKG Hong Kong,HB296,Greater Bay Airlines,3h 0m,True,2026-02-11T03:20:50.589826
2026-05-04,BKK,departure,01:30,PVG Shanghai,HO1352,Juneyao Airlines,4h 15m,True,2026-02-11T03:20:50.836270
2026-05-04,BKK,departure,01:35,TPE Taipei,BR206,EVA Air,3h 45m,True,2026-02-11T03:20:51.102970
2026-05-04,BKK,departure,01:45,DOH Doha,QR837,Qatar Airways,6h 35m,True,2026-02-11T03:20:51.397923
2026-05-04,BKK,departure,01:50,XMN Xiamen,MF844,XiamenAir,3h 25m,True,2026-02-11T03:20:51.664401
2026-05-04,BKK,departure,01:50,ADD Addis Ababa,ET629,Ethiopian,8h 40m,True,2026-02-11T03:20:51.929905
2026-05-04,BKK,departure,01:50,HKG Hong Kong,HX760,Hong Kong Airlines,3h 0m,True,2026-02-11T03:20:52.218099
2026-05-04,BKK,departure,01:55,HKG Hong Kong,HX780,Hong Kong Airlines,3h 0m,True,2026-02-11T03:20:52.494423
2026-05-04,BKK,departure,01:55,TPE Taipei,VZ566,Vietjet Thailand,3h 50m,True,2026-02-11T03:20:52.760883
2026-05-04,BKK,departure,02:05,TAE Daegu,TW106,T´Way Air,5h 35m,True,2026-02-11T03:20:53.012949
2026-05-04,BKK,departure,02:05,DOH Doha,QR827,Qatar Airways,6h 35m,True,2026-02-11T03:20:53.224224
2026-05-04,BKK,departure,02:10,NKG Nanjing,MU2804,China Eastern,4h 0m,True,2026-02-11T03:20:53.417328
2026-05-04,BKK,departure,02:10,PVG Shanghai,MU548,China Eastern,4h 25m,True,2026-02-11T03:20:53.617296
2026-05-04,BKK,departure,02:15,DXB Dubai,EK377,Emirates,6h 45m,True,2026-02-11T03:20:53.816726
2026-05-04,BKK,departure,02:25,RGN Yangon,8M391,MAI,1h 20m,True,2026-02-11T03:20:54.024746
2026-05-04,BKK,departure,02:25,ICN Seoul,VZ850,Vietjet Thailand,5h 35m,True,2026-02-11T03:20:54.241491
2026-05-04,BKK,departure,02:25,TNA Jinan,SC8076,Shandong Airlines,4h 45m,True,2026-02-11T03:20:54.538527
2026-05-04,BKK,departure,02:40,TPE Taipei,CI838,China Airlines,3h 45m,True,2026-02-11T03:20:54.794002
2026-05-04,BKK,departure,02:40,HKG Hong Kong,HX768,Hong Kong Airlines,3h 20m,True,2026-02-11T03:20:55.028398
2026-05-04,BKK,departure,02:50,XIY Xian,9C6252,Spring Airlines,3h 45m,True,2026-02-11T03:20:55.260476
2026-05-04,BKK,departure,03:00,CAN Guangzhou,MU2078,China Eastern,3h 50m,True,2026-02-11T03:20:55.492872
2026-05-04,BKK,departure,03:00,CAN Guangzhou,CZ3036,China Southern,2h 55m,True,2026-02-11T03:20:55.753974
2026-05-04,BKK,departure,03:15,SZX Shenzhen,ZH306,Shenzhen Airlines,2h 55m,True,2026-02-11T03:20:56.016829
2026-05-04,BKK,departure,03:15,DXB Dubai,EK371,Emirates,6h 35m,True,2026-02-11T03:20:56.285180
2026-05-04,BKK,departure,03:15,AUH Abu Dhabi,EY401,Etihad,6h 30m,True,2026-02-11T03:20:56.624938
2026-05-04,BKK,departure,03:25,MNL Manila,5J932,Cebu Pacific,3h 45m,True,2026-02-11T03:20:56.902097
2026-05-04,BKK,departure,03:50,DEL Delhi,SG88,SpiceJet,4h 25m,True,2026-02-11T03:20:57.202611
2026-05-04,BKK,departure,04:20,WUH Wuhan,MU2564,China Eastern,3h 20m,True,2026-02-11T03:20:57.509008
2026-05-04,BKK,departure,05:05,PVG Shanghai,FM848,Shanghai Airlines,4h 30m,True,2026-02-11T03:20:57.803187
2026-05-04,BKK,departure,06:00,KUL Kuala Lumpur,MH797,Malaysia Airlines,2h 10m,True,2026-02-11T03:20:58.104799
2026-05-04,BKK,departure,06:05,USM Koh Samui,PG101,Bangkok Airways,1h 5m,True,2026-02-11T03:20:58.357887
2026-05-04,BKK,departure,06:10,CNX Chiang Mai,VZ100,Vietjet Thailand,1h 20m,True,2026-02-11T03:20:58.605472
2026-05-04,BKK,departure,06:10,NST Nakhon Si Thammarat,VZ330,Vietjet Thailand,1h 20m,True,2026-02-11T03:20:58.898570
2026-05-04,BKK,departure,06:30,CEI Chiang Rai,VZ130,Vietjet Thailand,1h 25m,True,2026-02-11T03:20:59.179563
2026-05-04,BKK,departure,06:40,CEI Chiang Rai,FD4150,Thai AirAsia,1h 25m,True,2026-02-11T03:20:59.443633
2026-05-04,BKK,departure,06:40,IST Istanbul,TK59,Turkish Airlines,10h 0m,True,2026-02-11T03:20:59.711228
2026-05-04,BKK,departure,07:00,THS Sukhothai,PG211,Bangkok Airways,1h 20m,True,2026-02-11T03:20:59.983452
2026-05-04,BKK,departure,07:00,HDY Hat Yai,TG259,Thai Airways,1h 25m,True,2026-02-11T03:21:00.277574
2026-05-04,BKK,departure,07:00,KKC Khon Kaen,TG40,Thai Airways,1h 0m,True,2026-02-11T03:21:00.537608
2026-05-04,BKK,departure,07:00,UTH Udon Thani,TG2,Thai Airways,1h 10m,True,2026-02-11T03:21:00.791695
2026-05-04,BKK,departure,07:00,HKT Phuket,VZ314,Vietjet Thailand,1h 30m,True,2026-02-11T03:21:01.077320
2026-05-04,BKK,departure,07:00,KBV Krabi,VZ340,Vietjet Thailand,1h 25m,True,2026-02-11T03:21:01.343674
2026-05-04,BKK,departure,07:00,NRT Tokyo,NH806,ANA,6h 20m,True,2026-02-11T03:21:01.569041
2026-05-04,BKK,departure,07:00,GAU Guwahati,KB141,Drukair,3h 0m,True,2026-02-11T03:21:01.812653
2026-05-04,BKK,departure,07:05,KKC Khon Kaen,VZ210,Vietjet Thailand,1h 5m,True,2026-02-11T03:21:02.035233
2026-05-04,BKK,departure,07:05,UBP Ubon Ratchathani,TG20,Thai Airways,1h 10m,True,2026-02-11T03:21:02.274634
2026-05-04,BKK,departure,07:05,YVR Vancouver,AC66,Air Canada,13h 30m,True,2026-02-11T03:21:02.519003
2026-05-04,BKK,departure,07:05,HEL Helsinki,AY142,Finnair,12h 20m,True,2026-02-11T03:21:02.791137
2026-05-04,BKK,departure,07:10,HDY Hat Yai,VZ320,Vietjet Thailand,1h 30m,True,2026-02-11T03:21:03.055990
2026-05-04,BKK,departure,07:10,USM Koh Samui,PG107,Bangkok Airways,1h 5m,True,2026-02-11T03:21:03.305716
2026-05-04,BKK,departure,07:15,HDY Hat Yai,FD4202,Thai AirAsia,1h 35m,True,2026-02-11T03:21:03.571220
2026-05-04,BKK,departure,07:15,UTH Udon Thani,FD4350,Thai AirAsia,1h 15m,True,2026-02-11T03:21:03.812670
2026-05-04,BKK,departure,07:20,KBV Krabi,PG261,Bangkok Airways,1h 25m,True,2026-02-11T03:21:04.070151
2026-05-04,BKK,departure,07:25,CNX Chiang Mai,TG102,Thai Airways,1h 20m,True,2026-02-11T03:21:04.313895
2026-05-04,BKK,departure,07:25,MNL Manila,TG620,Thai Airways,3h 20m,True,2026-02-11T03:21:04.566151
2026-05-04,BKK,departure,07:30,URT Surat Thani,FD4212,Thai AirAsia,1h 25m,True,2026-02-11T03:21:04.844146
2026-05-04,BKK,departure,07:30,USM Koh Samui,PG121,Bangkok Airways,1h 5m,True,2026-02-11T03:21:05.113014
2026-05-04,BKK,departure,07:30,HKT Phuket,TG201,Thai Airways,1h 30m,True,2026-02-11T03:21:05.377357
2026-05-04,BKK,departure,07:30,KTI Phnom Penh,TG586,Thai Airways,1h 20m,True,2026-02-11T03:21:05.981179
2026-05-04,BKK,departure,07:30,PER Perth,TG481,Thai Airways,6h 35m,True,2026-02-11T03:21:06.278261
2026-05-04,BKK,departure,07:35,SGN Ho Chi Minh City,TG550,Thai Airways,1h 30m,True,2026-02-11T03:21:07.151942
2026-05-04,BKK,departure,07:35,DEL Delhi,TG323,Thai Airways,4h 30m,True,2026-02-11T03:21:07.496566
2026-05-04,BKK,departure,07:40,KBV Krabi,TG241,Thai Airways,1h 20m,True,2026-02-11T03:21:07.833346
2026-05-04,BKK,departure,07:40,CNX Chiang Mai,VZ114,Vietjet Thailand,1h 20m,True,2026-02-11T03:21:08.145507
2026-05-04,BKK,departure,07:40,SAI Siem Reap,PG903,Bangkok Airways,1h 20m,True,2026-02-11T03:21:08.478160
2026-05-04,BKK,departure,07:45,HAN Hanoi,TG560,Thai Airways,1h 50m,True,2026-02-11T03:21:08.821761
2026-05-04,BKK,departure,07:45,NRT Tokyo,TG676,Thai Airways,6h 10m,True,2026-02-11T03:21:09.128203
2026-05-04,BKK,departure,07:45,CMB Colombo,UL403,SriLankan Airlines,3h 20m,True,2026-02-11T03:21:09.433975
2026-05-04,BKK,departure,07:50,KMG Kunming,MU9622,China Eastern,2h 5m,True,2026-02-11T03:21:09.751698
2026-05-04,BKK,departure,07:55,HKT Phuket,FD4124,Thai AirAsia,1h 35m,True,2026-02-11T03:21:10.093838
2026-05-04,BKK,departure,08:00,HKG Hong Kong,TG600,Thai Airways,2h 45m,True,2026-02-11T03:21:10.477312
2026-05-04,BKK,departure,08:00,ICN Seoul,TG652,Thai Airways,5h 25m,True,2026-02-11T03:21:10.847905
2026-05-04,BKK,departure,08:00,CNX Chiang Mai,PG215,Bangkok Airways,1h 20m,True,2026-02-11T03:21:11.246375
2026-05-04,BKK,departure,08:00,CGK Jakarta,TG433,Thai Airways,3h 35m,True,2026-02-11T03:21:11.572478
2026-05-04,BKK,departure,08:00,SIN Singapore,TG403,Thai Airways,2h 15m,True,2026-02-11T03:21:11.889862
2026-05-04,BKK,departure,08:05,HKT Phuket,PG271,Bangkok Airways,1h 30m,True,2026-02-11T03:21:12.204543
2026-05-04,BKK,departure,08:05,CEI Chiang Rai,TG130,Thai Airways,1h 35m,True,2026-02-11T03:21:12.571136
2026-05-04,BKK,departure,08:05,HKT Phuket,TG203,Thai Airways,1h 30m,True,2026-02-11T03:21:13.062603
2026-05-04,BKK,departure,08:05,HKG Hong Kong,CX700,Cathay Pacific,3h 5m,True,2026-02-11T03:21:13.574077
2026-05-04,BKK,departure,08:05,NRT Tokyo,JL708,JAL,6h 10m,True,2026-02-11T03:21:13.974965
2026-05-04,BKK,departure,08:10,MEL Melbourne,TG461,Thai Airways,8h 50m,True,2026-02-11T03:21:14.394735
2026-05-04,BKK,departure,08:10,USM Koh Samui,PG123,Bangkok Airways,1h 10m,True,2026-02-11T03:21:14.820473
2026-05-04,BKK,departure,08:15,DAD Da Nang,VZ964,Vietjet Thailand,1h 40m,True,2026-02-11T03:21:15.232970
2026-05-04,BKK,departure,08:15,TDX Trat,PG301,Bangkok Airways,1h 0m,True,2026-02-11T03:21:15.725175
2026-05-04,BKK,departure,08:20,HKT Phuket,VZ300,Vietjet Thailand,1h 30m,True,2026-02-11T03:21:16.162952
2026-05-04,BKK,departure,08:20,CAN Guangzhou,CZ362,China Southern,3h 0m,True,2026-02-11T03:21:16.594496
2026-05-04,BKK,departure,08:20,KBV Krabi,FD4402,Thai AirAsia,1h 30m,True,2026-02-11T03:21:16.937348
2026-05-04,BKK,departure,08:25,KIX Osaka,TG672,Thai Airways,5h 30m,True,2026-02-11T03:21:17.309926
2026-05-04,BKK,departure,08:25,TPE Taipei,TG632,Thai Airways,3h 40m,True,2026-02-11T03:21:17.684942
2026-05-04,BKK,departure,08:30,UTH Udon Thani,VZ200,Vietjet Thailand,1h 10m,True,2026-02-11T03:21:18.036244
2026-05-04,BKK,departure,08:30,CNX Chiang Mai,FD4104,Thai AirAsia,1h 20m,True,2026-02-11T03:21:18.417223
2026-05-04,BKK,departure,08:30,SYD Sydney,TG475,Thai Airways,9h 0m,True,2026-02-11T03:21:18.823307
2026-05-04,BKK,departure,08:40,DEL Delhi,AI2333,Air India,4h 25m,True,2026-02-11T03:21:19.232398
2026-05-04,BKK,departure,08:40,KTI Phnom Penh,VZ720,Vietjet Thailand,1h 15m,True,2026-02-11T03:21:19.612657
2026-05-04,BKK,departure,08:55,BOM Mumbai,6E1052,IndiGo,4h 25m,True,2026-02-11T03:21:20.022690
2026-05-04,BKK,departure,08:55,SHJ Sharjah,G9822,Air Arabia,6h 25m,True,2026-02-11T03:21:20.421302
2026-05-04,BKK,departure,08:55,TPE Taipei,VZ568,Vietjet Thailand,3h 50m,True,2026-02-11T03:21:20.790926
2026-05-04,BKK,departure,09:00,MCT Muscat,WY818,Oman Air,5h 50m,True,2026-02-11T03:21:21.183203
2026-05-04,BKK,departure,09:05,KUL Kuala Lumpur,TG415,Thai Airways,2h 10m,True,2026-02-11T03:21:21.539548
2026-05-04,BKK,departure,09:05,SIN Singapore,TR609,Scoot,2h 20m,True,2026-02-11T03:21:21.894990
2026-05-04,BKK,departure,09:05,DOH Doha,QR831,Qatar Airways,6h 35m,True,2026-02-11T03:21:22.236610
2026-05-04,BKK,departure,09:15,JJN Jinjiang,AQ1436,9 Air,2h 45m,True,2026-02-11T03:21:22.558311
2026-05-04,BKK,departure,09:15,AUH Abu Dhabi,EY403,Etihad,6h 20m,True,2026-02-11T03:21:22.871781
2026-05-04,BKK,departure,09:15,USM Koh Samui,PG115,Bangkok Airways,1h 30m,True,2026-02-11T03:21:23.200075
2026-05-04,BKK,departure,09:20,RGN Yangon,UB20,Myanmar National Airlines,1h 25m,True,2026-02-11T03:21:23.531531
2026-05-04,BKK,departure,09:20,MLE Male,PG711,Bangkok Airways,4h 25m,True,2026-02-11T03:21:23.853919
2026-05-04,BKK,departure,09:20,SIN Singapore,SQ705,Singapore Airlines,2h 25m,True,2026-02-11T03:21:24.182948
2026-05-04,BKK,departure,09:20,PQC Phu Quoc,VZ980,Vietjet Thailand,1h 20m,True,2026-02-11T03:21:24.520799
2026-05-04,BKK,departure,09:25,MAA Chennai,6E1062,IndiGo,3h 15m,True,2026-02-11T03:21:24.868302
2026-05-04,BKK,departure,09:30,HKT Phuket,TG205,Thai Airways,1h 30m,True,2026-02-11T03:21:25.224936
2026-05-04,BKK,departure,09:30,DXB Dubai,EK375,Emirates,6h 30m,True,2026-02-11T03:21:25.564785
2026-05-04,BKK,departure,09:35,URT Surat Thani,VZ350,Vietjet Thailand,1h 15m,True,2026-02-11T03:21:25.886331
2026-05-04,BKK,departure,09:35,HND Tokyo,NH848,ANA,6h 25m,True,2026-02-11T03:21:26.230967
2026-05-04,BKK,departure,09:35,DPS Denpasar,TG431,Thai Airways,4h 20m,True,2026-02-11T03:21:26.564390
2026-05-04,BKK,departure,09:35,RGN Yangon,TG301,Thai Airways,1h 30m,True,2026-02-11T03:21:26.904032
2026-05-04,BKK,departure,09:40,VTE Vientiane,QV442,Lao Airlines,1h 15m,True,2026-02-11T03:21:27.217787
2026-05-04,BKK,departure,09:45,AUH Abu Dhabi,EY409,Etihad,6h 20m,True,2026-02-11T03:21:27.544042
2026-05-04,BKK,departure,09:45,HND Tokyo,JL32,JAL,6h 15m,True,2026-02-11T03:21:27.862938
2026-05-04,BKK,departure,09:50,PVG Shanghai,FM842,Shanghai Airlines,4h 35m,True,2026-02-11T03:21:28.226478
2026-05-04,BKK,departure,09:50,ICN Seoul,KE660,Korean Air,5h 30m,True,2026-02-11T03:21:28.557273
2026-05-04,BKK,departure,09:55,CNX Chiang Mai,PG223,Bangkok Airways,1h 20m,True,2026-02-11T03:21:28.881521
2026-05-04,BKK,departure,09:55,LPQ Luang Prabang,PG941,Bangkok Airways,2h 10m,True,2026-02-11T03:21:29.228737
2026-05-04,BKK,departure,09:55,USM Koh Samui,PG129,Bangkok Airways,1h 10m,True,2026-02-11T03:21:29.553069
2026-05-04,BKK,departure,09:55,CNX Chiang Mai,TG104,Thai Airways,1h 20m,True,2026-02-11T03:21:29.869500
2026-05-04,BKK,departure,09:55,CNX Chiang Mai,VZ102,Vietjet Thailand,1h 20m,True,2026-02-11T03:21:30.172506
2026-05-04,BKK,departure,10:00,PEK Beijing,TG614,Thai Airways,4h 45m,True,2026-02-11T03:21:30.486852
2026-05-04,BKK,departure,10:05,CCU Kolkata,6E1058,IndiGo,2h 40m,True,2026-02-11T03:21:30.818497
2026-05-04,BKK,departure,10:05,USM Koh Samui,PG125,Bangkok Airways,1h 10m,True,2026-02-11T03:21:31.159064
2026-05-04,BKK,departure,10:05,CDG Paris,SB500,Aircalin,12h 45m,True,2026-02-11T03:21:31.452959
2026-05-04,BKK,departure,10:10,USM Koh Samui,PG127,Bangkok Airways,1h 30m,True,2026-02-11T03:21:31.780693
2026-05-04,BKK,departure,10:10,HKG Hong Kong,UO705,HK Express,3h 10m,True,2026-02-11T03:21:32.130723
2026-05-04,BKK,departure,10:15,RGN Yangon,8M336,MAI,1h 20m,True,2026-02-11T03:21:32.445838
2026-05-04,BKK,departure,10:15,KTM Kathmandu,TG319,Thai Airways,3h 25m,True,2026-02-11T03:21:32.743706
2026-05-04,BKK,departure,10:15,TFU Chengdu,TG618,Thai Airways,3h 10m,True,2026-02-11T03:21:33.048944
2026-05-04,BKK,departure,10:20,HKT Phuket,VZ304,Vietjet Thailand,1h 30m,True,2026-02-11T03:21:33.352808
2026-05-04,BKK,departure,10:20,KTI Phnom Penh,K6723,Air Cambodia,1h 10m,True,2026-02-11T03:21:33.659943
2026-05-04,BKK,departure,10:30,NST Nakhon Si Thammarat,FD4231,Thai AirAsia,1h 25m,True,2026-02-11T03:21:33.962907
2026-05-04,BKK,departure,10:30,CAN Guangzhou,TG668,Thai Airways,3h 0m,True,2026-02-11T03:21:34.269689
2026-05-04,BKK,departure,10:30,KKC Khon Kaen,TG42,Thai Airways,1h 5m,True,2026-02-11T03:21:34.604752
2026-05-04,BKK,departure,10:30,HKG Hong Kong,TG628,Thai Airways,2h 50m,True,2026-02-11T03:21:34.924827
2026-05-04,BKK,departure,10:35,DAC Dhaka,TG321,Thai Airways,2h 35m,True,2026-02-11T03:21:35.265792
2026-05-04,BKK,departure,10:35,MFM Macau,NX995,Air Macau,2h 45m,True,2026-02-11T03:21:35.593977
2026-05-04,BKK,departure,10:40,HKT Phuket,PG275,Bangkok Airways,1h 30m,True,2026-02-11T03:21:35.920142
2026-05-04,BKK,departure,10:45,CNX Chiang Mai,FD4106,Thai AirAsia,1h 20m,True,2026-02-11T03:21:36.266810
2026-05-04,BKK,departure,10:45,KMG Kunming,TG612,Thai Airways,2h 15m,True,2026-02-11T03:21:36.597388
2026-05-04,BKK,departure,10:45,PVG Shanghai,TG664,Thai Airways,4h 15m,True,2026-02-11T03:21:36.898080
2026-05-04,BKK,departure,10:50,DEL Delhi,6E1064,IndiGo,4h 35m,True,2026-02-11T03:21:53.891845
2026-05-04,BKK,departure,10:50,NNG Nanning,GX8910,GX Airlines,2h 0m,True,2026-02-11T03:21:54.140633
2026-05-04,BKK,departure,10:50,DAD Da Nang,VZ960,Vietjet Thailand,1h 40m,True,2026-02-11T03:21:54.374968
2026-05-04,BKK,departure,10:50,TPE Taipei,CI834,China Airlines,3h 40m,True,2026-02-11T03:21:54.588857
2026-05-04,BKK,departure,10:50,HKT Phuket,TG207,Thai Airways,1h 30m,True,2026-02-11T03:21:54.794281
2026-05-04,BKK,departure,10:55,SAI Siem Reap,PG905,Bangkok Airways,1h 20m,True,2026-02-11T03:21:54.993279
2026-05-04,BKK,departure,10:55,SIN Singapore,TR625,Scoot,2h 30m,True,2026-02-11T03:21:55.198679
2026-05-04,BKK,departure,11:00,HDY Hat Yai,VZ324,Vietjet Thailand,1h 30m,True,2026-02-11T03:21:55.389594
2026-05-04,BKK,departure,11:00,UBP Ubon Ratchathani,VZ220,Vietjet Thailand,1h 10m,True,2026-02-11T03:21:55.572569
2026-05-04,BKK,departure,11:00,HKG Hong Kong,CX750,Cathay Pacific,3h 10m,True,2026-02-11T03:21:55.779574
2026-05-04,BKK,departure,11:05,HAK Haikou,HU7940,Hainan Airlines,2h 25m,True,2026-02-11T03:21:55.976877
2026-05-04,BKK,departure,11:05,KUL Kuala Lumpur,MH785,Malaysia Airlines,2h 10m,True,2026-02-11T03:21:56.171108
2026-05-04,BKK,departure,11:10,CNX Chiang Mai,FD4100,Thai AirAsia,1h 20m,True,2026-02-11T03:21:56.365099
2026-05-04,BKK,departure,11:10,TPE Taipei,BR62,EVA Air,3h 55m,True,2026-02-11T03:21:56.616983
2026-05-04,BKK,departure,11:15,SIN Singapore,TG413,Thai Airways,2h 15m,True,2026-02-11T03:21:56.847374
2026-05-04,BKK,departure,11:20,CAN Guangzhou,CZ358,China Southern,2h 50m,True,2026-02-11T03:21:57.066800
2026-05-04,BKK,departure,11:20,NAW Narathiwat,FD4252,Thai AirAsia,1h 35m,True,2026-02-11T03:21:57.290695
2026-05-04,BKK,departure,11:20,SGN Ho Chi Minh City,VN600,Vietnam Airlines,1h 45m,True,2026-02-11T03:21:57.482903
2026-05-04,BKK,departure,11:20,SHJ Sharjah,G9824,Air Arabia,6h 25m,True,2026-02-11T03:21:57.665864
2026-05-04,BKK,departure,11:25,MNL Manila,5J930,Cebu Pacific,3h 50m,True,2026-02-11T03:21:57.849237
2026-05-04,BKK,departure,11:25,KKC Khon Kaen,FD4501,Thai AirAsia,1h 10m,True,2026-02-11T03:21:58.058884
2026-05-04,BKK,departure,11:25,VTE Vientiane,TG570,Thai Airways,1h 15m,True,2026-02-11T03:21:58.278707
2026-05-04,BKK,departure,11:25,CDG Paris,AF199,Air France,12h 25m,True,2026-02-11T03:21:58.471039
2026-05-04,BKK,departure,11:30,MDL Mandalay,8M338,MAI,1h 50m,True,2026-02-11T03:21:58.652611
2026-05-04,BKK,departure,11:30,SGN Ho Chi Minh City,VJ802,VietJet,1h 30m,True,2026-02-11T03:21:58.826638
2026-05-04,BKK,departure,11:35,KTI Phnom Penh,KR702,Cambodia Airways,1h 15m,True,2026-02-11T03:21:59.009310
2026-05-04,BKK,departure,11:35,CEI Chiang Rai,TG132,Thai Airways,1h 35m,True,2026-02-11T03:21:59.189827
2026-05-04,BKK,departure,11:40,CNX Chiang Mai,TG106,Thai Airways,1h 20m,True,2026-02-11T03:21:59.370329
2026-05-04,BKK,departure,11:40,TDX Trat,PG305,Bangkok Airways,1h 0m,True,2026-02-11T03:21:59.551447
2026-05-04,BKK,departure,11:40,USM Koh Samui,PG133,Bangkok Airways,1h 5m,True,2026-02-11T03:21:59.739041
2026-05-04,BKK,departure,11:40,CXR Nha Trang,VZ968,Vietjet Thailand,1h 50m,True,2026-02-11T03:21:59.925120
2026-05-04,BKK,departure,11:45,NNG Nanning,9C7486,Spring Airlines,2h 20m,True,2026-02-11T03:22:00.147646
2026-05-04,BKK,departure,11:45,CKG Chongqing,HU424,Hainan Airlines,3h 30m,True,2026-02-11T03:22:00.348294
2026-05-04,BKK,departure,11:45,KHH Kaohsiung,TG630,Thai Airways,3h 30m,True,2026-02-11T03:22:00.552907
2026-05-04,BKK,departure,11:50,PVG Shanghai,FM854,Shanghai Airlines,4h 20m,True,2026-02-11T03:22:00.746451
2026-05-04,BKK,departure,11:50,IKT Irkutsk,S76318,S7 Airlines,6h 25m,True,2026-02-11T03:22:00.950038
2026-05-04,BKK,departure,11:55,HYD Hyderabad,6E1068,IndiGo,3h 30m,True,2026-02-11T03:22:01.146248
2026-05-04,BKK,departure,11:55,HAN Hanoi,VN610,Vietnam Airlines,1h 55m,True,2026-02-11T03:22:01.346382
2026-05-04,BKK,departure,11:55,KWI Kuwait,KU412,Kuwait Airways,7h 20m,True,2026-02-11T03:22:01.591261
2026-05-04,BKK,departure,12:00,FOC Fuzhou,9C7302,Spring Airlines,3h 30m,True,2026-02-11T03:22:01.808333
2026-05-04,BKK,departure,12:05,FCO Rome,AZ759,ITA Airways,12h 15m,True,2026-02-11T03:22:02.012317
2026-05-04,BKK,departure,12:05,HKG Hong Kong,CX774,Cathay Pacific,3h 10m,True,2026-02-11T03:22:02.231380
2026-05-04,BKK,departure,12:05,AMS Amsterdam,KL844,KLM,12h 5m,True,2026-02-11T03:22:02.429111
2026-05-04,BKK,departure,12:10,SZX Shenzhen,ZH310,Shenzhen Airlines,2h 55m,True,2026-02-11T03:22:02.659390
2026-05-04,BKK,departure,12:15,XMN Xiamen,MF854,XiamenAir,3h 15m,True,2026-02-11T03:22:02.841035
2026-05-04,BKK,departure,12:15,SIN Singapore,SQ707,Singapore Airlines,2h 35m,True,2026-02-11T03:22:03.117800
2026-05-04,BKK,departure,12:15,UTH Udon Thani,TG4,Thai Airways,1h 10m,True,2026-02-11T03:22:03.337511
2026-05-04,BKK,departure,12:20,ICN Seoul,OZ744,Asiana,5h 20m,True,2026-02-11T03:22:03.565486
2026-05-04,BKK,departure,12:20,BLR Bengaluru,6E1056,IndiGo,3h 40m,True,2026-02-11T03:22:03.784712
2026-05-04,BKK,departure,12:20,LHR London,BR67,EVA Air,13h 0m,True,2026-02-11T03:22:03.999571
2026-05-04,BKK,departure,12:20,CNX Chiang Mai,FD4118,Thai AirAsia,1h 20m,True,2026-02-11T03:22:04.213983
2026-05-04,BKK,departure,12:20,HKT Phuket,FD4110,Thai AirAsia,1h 35m,True,2026-02-11T03:22:04.427710
2026-05-04,BKK,departure,12:20,CNX Chiang Mai,VZ110,Vietjet Thailand,1h 20m,True,2026-02-11T03:22:04.627559
2026-05-04,BKK,departure,12:20,SZX Shenzhen,CZ8076,China Southern,2h 50m,True,2026-02-11T03:22:04.982757
2026-05-04,BKK,departure,12:25,CNX Chiang Mai,PG217,Bangkok Airways,1h 20m,True,2026-02-11T03:22:05.197651
2026-05-04,BKK,departure,12:25,FRA Frankfurt,TG922,Thai Airways,11h 35m,True,2026-02-11T03:22:05.404339
2026-05-04,BKK,departure,12:25,TPE Taipei,BR212,EVA Air,3h 50m,True,2026-02-11T03:22:05.612767
2026-05-04,BKK,departure,12:30,HDY Hat Yai,TG263,Thai Airways,1h 30m,True,2026-02-11T03:22:05.825901
2026-05-04,BKK,departure,12:30,HKG Hong Kong,CX754,Cathay Pacific,3h 10m,True,2026-02-11T03:22:06.023829
2026-05-04,BKK,departure,12:35,HKT Phuket,PG273,Bangkok Airways,1h 30m,True,2026-02-11T03:22:06.237850
2026-05-04,BKK,departure,12:35,LHR London,TG916,Thai Airways,12h 40m,True,2026-02-11T03:22:06.452996
2026-05-04,BKK,departure,12:40,USM Koh Samui,PG135,Bangkok Airways,1h 5m,True,2026-02-11T03:22:06.684493
2026-05-04,BKK,departure,12:40,DPS Denpasar,TG439,Thai Airways,4h 20m,True,2026-02-11T03:22:06.896571
2026-05-04,BKK,departure,12:40,TPE Taipei,TG634,Thai Airways,3h 40m,True,2026-02-11T03:22:07.112757
2026-05-04,BKK,departure,12:40,CAN Guangzhou,CZ8080,China Southern,3h 0m,True,2026-02-11T03:22:07.342592
2026-05-04,BKK,departure,12:50,HGH Hangzhou,JD420,Capital Airlines,4h 0m,True,2026-02-11T03:22:07.568080
2026-05-04,BKK,departure,12:50,ZRH Zurich,LX181,SWISS,11h 45m,True,2026-02-11T03:22:07.819446
2026-05-04,BKK,departure,13:00,HND Tokyo,TG660,Thai Airways,6h 10m,True,2026-02-11T03:22:08.063573
2026-05-04,BKK,departure,13:00,HAN Hanoi,ET608,Ethiopian,1h 30m,True,2026-02-11T03:22:08.301254
2026-05-04,BKK,departure,13:05,NST Nakhon Si Thammarat,VZ334,Vietjet Thailand,1h 20m,True,2026-02-11T03:22:08.539407
2026-05-04,BKK,departure,13:10,TPE Taipei,JX742,Starlux,3h 50m,True,2026-02-11T03:22:08.762495
2026-05-04,BKK,departure,13:10,HKT Phuket,VZ2300,Vietjet Thailand,1h 30m,True,2026-02-11T03:22:08.973844
2026-05-04,BKK,departure,13:15,UTH Udon Thani,VZ204,Vietjet Thailand,1h 10m,True,2026-02-11T03:22:09.186805
2026-05-04,BKK,departure,13:20,KMG Kunming,MU6088,China Eastern,2h 25m,True,2026-02-11T03:22:09.400812
2026-05-04,BKK,departure,13:20,SVO Moscow,SU273,Aeroflot,9h 40m,True,2026-02-11T03:22:09.600578
2026-05-04,BKK,departure,13:20,TPE Taipei,CI832,China Airlines,3h 40m,True,2026-02-11T03:22:09.805768
2026-05-04,BKK,departure,13:25,CEI Chiang Rai,VZ132,Vietjet Thailand,1h 25m,True,2026-02-11T03:22:10.027367
2026-05-04,BKK,departure,13:25,MNL Manila,PR731,PAL,3h 35m,True,2026-02-11T03:22:10.277724
2026-05-04,BKK,departure,13:30,CNX Chiang Mai,TG110,Thai Airways,1h 20m,True,2026-02-11T03:22:10.493812
2026-05-04,BKK,departure,13:35,PVG Shanghai,MU542,China Eastern,4h 40m,True,2026-02-11T03:22:10.706173
2026-05-04,BKK,departure,13:35,KTI Phnom Penh,TK52,Turkish Airlines,1h 30m,True,2026-02-11T03:22:10.937287
2026-05-04,BKK,departure,13:40,CNX Chiang Mai,VZ106,Vietjet Thailand,1h 20m,True,2026-02-11T03:22:11.163601
2026-05-04,BKK,departure,13:40,USM Koh Samui,PG145,Bangkok Airways,1h 5m,True,2026-02-11T03:22:11.374819
2026-05-04,BKK,departure,13:45,TFU Chengdu,9C7502,Spring Airlines,3h 0m,True,2026-02-11T03:22:11.615440
2026-05-04,BKK,departure,13:45,CAN Guangzhou,CZ8100,China Southern,3h 0m,True,2026-02-11T03:22:11.841468
2026-05-04,BKK,departure,13:50,PVG Shanghai,9C7422,Spring Airlines,4h 10m,True,2026-02-11T03:22:12.067652
2026-05-04,BKK,departure,13:50,PEK Beijing,HU430,Hainan Airlines,5h 5m,True,2026-02-11T03:22:12.277396
2026-05-04,BKK,departure,13:50,SIN Singapore,TG407,Thai Airways,2h 15m,True,2026-02-11T03:22:12.536129
2026-05-04,BKK,departure,13:50,SGN Ho Chi Minh City,VJ804,VietJet,1h 30m,True,2026-02-11T03:22:12.753743
2026-05-04,BKK,departure,13:55,HND Tokyo,NH878,ANA,6h 20m,True,2026-02-11T03:22:12.979012
2026-05-04,BKK,departure,13:55,USM Koh Samui,PG149,Bangkok Airways,1h 30m,True,2026-02-11T03:22:13.194173
2026-05-04,BKK,departure,13:55,CMB Colombo,UL405,SriLankan Airlines,3h 20m,True,2026-02-11T03:22:13.393960
2026-05-04,BKK,departure,13:55,HKT Phuket,TG211,Thai Airways,1h 30m,True,2026-02-11T03:22:13.608792
2026-05-04,BKK,departure,14:00,HKG Hong Kong,EK384,Emirates,3h 5m,True,2026-02-11T03:22:13.831025
2026-05-04,BKK,departure,14:00,HAN Hanoi,VJ902,VietJet,1h 50m,True,2026-02-11T03:22:14.054135
2026-05-04,BKK,departure,14:00,HKG Hong Kong,TG638,Thai Airways,2h 45m,True,2026-02-11T03:22:14.267542
2026-05-04,BKK,departure,14:05,XIY Xian,9C6294,Spring Airlines,3h 55m,True,2026-02-11T03:22:14.488377
2026-05-04,BKK,departure,14:05,USM Koh Samui,PG147,Bangkok Airways,1h 5m,True,2026-02-11T03:22:14.727491
2026-05-04,BKK,departure,14:10,KKC Khon Kaen,TG44,Thai Airways,1h 0m,True,2026-02-11T03:22:14.940845
2026-05-04,BKK,departure,14:15,TAO Qingdao,QW9898,Qingdao Airlines,5h 0m,True,2026-02-11T03:22:15.188638
2026-05-04,BKK,departure,14:15,CGK Jakarta,GA867,Garuda Indonesia,3h 35m,True,2026-02-11T03:22:15.414546
2026-05-04,BKK,departure,14:15,KUL Kuala Lumpur,MH789,Malaysia Airlines,2h 15m,True,2026-02-11T03:22:15.639294
2026-05-04,BKK,departure,14:20,CGK Jakarta,TG435,Thai Airways,3h 35m,True,2026-02-11T03:22:16.061912
2026-05-04,BKK,departure,14:20,MNL Manila,TG624,Thai Airways,3h 25m,True,2026-02-11T03:22:16.371568
2026-05-04,BKK,departure,14:25,NGB Ningbo,9C7432,Spring Airlines,4h 15m,True,2026-02-11T03:22:17.033538
2026-05-04,BKK,departure,14:25,SGN Ho Chi Minh City,VN604,Vietnam Airlines,1h 50m,True,2026-02-11T03:22:17.324145
2026-05-04,BKK,departure,14:30,CEI Chiang Rai,FD4152,Thai AirAsia,1h 25m,True,2026-02-11T03:22:17.605937
2026-05-04,BKK,departure,14:30,SGN Ho Chi Minh City,VU130,Vietravel Airlines,1h 40m,True,2026-02-11T03:22:17.881605
2026-05-04,BKK,departure,14:30,KBV Krabi,VZ342,Vietjet Thailand,1h 25m,True,2026-02-11T03:22:18.204207
2026-05-04,BKK,departure,14:35,KBV Krabi,FD4400,Thai AirAsia,1h 35m,True,2026-02-11T03:22:18.487548
2026-05-04,BKK,departure,14:35,PQC Phu Quoc,VZ982,Vietjet Thailand,1h 20m,True,2026-02-11T03:22:18.800753
2026-05-04,BKK,departure,14:40,DAC Dhaka,BS218,US-Bangla Airlines,2h 40m,True,2026-02-11T03:22:19.094221
2026-05-04,BKK,departure,14:40,PNQ Pune,IX241,Air India Express,4h 15m,True,2026-02-11T03:22:19.417866
2026-05-04,BKK,departure,14:40,USM Koh Samui,PG151,Bangkok Airways,1h 5m,True,2026-02-11T03:22:19.700005
2026-05-04,BKK,departure,14:45,BOM Mumbai,AI2353,Air India,4h 40m,True,2026-02-11T03:22:19.985811
2026-05-04,BKK,departure,14:45,HKT Phuket,FD4112,Thai AirAsia,1h 30m,True,2026-02-11T03:22:20.265705
2026-05-04,BKK,departure,14:45,HKT Phuket,TG215,Thai Airways,1h 30m,True,2026-02-11T03:22:20.551541
2026-05-04,BKK,departure,14:45,UBP Ubon Ratchathani,VZ224,Vietjet Thailand,1h 10m,True,2026-02-11T03:22:20.838965
2026-05-04,BKK,departure,14:50,KTI Phnom Penh,K6725,Air Cambodia,1h 10m,True,2026-02-11T03:22:21.130785
2026-05-04,BKK,departure,14:55,CNX Chiang Mai,TG112,Thai Airways,1h 20m,True,2026-02-11T03:22:21.417839
2026-05-04,BKK,departure,14:55,VVO Vladivostok,SU645,Aeroflot,6h 35m,True,2026-02-11T03:22:21.701776
2026-05-04,BKK,departure,15:00,SWA Jieyang,9C6194,Spring Airlines,2h 55m,True,2026-02-11T03:22:22.021177
2026-05-04,BKK,departure,15:00,HKG Hong Kong,CX654,Cathay Pacific,3h 5m,True,2026-02-11T03:22:22.330688
2026-05-04,BKK,departure,15:00,USM Koh Samui,PG157,Bangkok Airways,1h 30m,True,2026-02-11T03:22:22.655042
2026-05-04,BKK,departure,15:05,CAN Guangzhou,CZ5096,China Southern,3h 0m,True,2026-02-11T03:22:22.949305
2026-05-04,BKK,departure,15:05,AUH Abu Dhabi,EY405,Etihad,7h 15m,True,2026-02-11T03:22:23.271325
2026-05-04,BKK,departure,15:10,TPE Taipei,BR202,EVA Air,3h 50m,True,2026-02-11T03:22:23.573580
2026-05-04,BKK,departure,15:15,DEL Delhi,AI2356,Air India,4h 30m,True,2026-02-11T03:22:23.871549
2026-05-04,BKK,departure,15:20,MFM Macau,NX935,Air Macau,2h 30m,True,2026-02-11T03:22:24.156840
2026-05-04,BKK,departure,15:20,JED Jeddah,SV845,Saudia,8h 10m,True,2026-02-11T03:22:24.443780
2026-05-04,BKK,departure,15:25,SIN Singapore,TR605,Scoot,2h 30m,True,2026-02-11T03:22:24.738672
2026-05-04,BKK,departure,15:25,CNX Chiang Mai,VZ108,Vietjet Thailand,1h 20m,True,2026-02-11T03:22:25.049452
2026-05-04,BKK,departure,15:25,HKT Phuket,VZ306,Vietjet Thailand,1h 30m,True,2026-02-11T03:22:25.322656
2026-05-04,BKK,departure,15:30,SIN Singapore,SQ709,Singapore Airlines,2h 30m,True,2026-02-11T03:22:25.617006
2026-05-04,BKK,departure,15:30,UTH Udon Thani,VZ202,Vietjet Thailand,1h 10m,True,2026-02-11T03:22:25.910924
2026-05-04,BKK,departure,15:30,BFV Buri Ram,FD4511,Thai AirAsia,1h 5m,True,2026-02-11T03:22:26.193933
2026-05-04,BKK,departure,15:30,USM Koh Samui,PG165,Bangkok Airways,1h 5m,True,2026-02-11T03:22:26.479856
2026-05-04,BKK,departure,15:35,YIH Yichang,HU7944,Hainan Airlines,3h 25m,True,2026-02-11T03:22:26.785849
2026-05-04,BKK,departure,15:40,RGN Yangon,8M334,MAI,1h 20m,True,2026-02-11T03:22:27.086494
2026-05-04,BKK,departure,15:45,HKG Hong Kong,UA821,United,3h 0m,True,2026-02-11T03:22:27.396882
2026-05-04,BKK,departure,15:45,SGN Ho Chi Minh City,VJ800,VietJet,1h 30m,True,2026-02-11T03:22:27.701335
2026-05-04,BKK,departure,15:50,DAD Da Nang,VZ962,Vietjet Thailand,1h 40m,True,2026-02-11T03:22:28.044040
2026-05-04,BKK,departure,15:50,PVG Shanghai,9C7280,Spring Airlines,4h 25m,True,2026-02-11T03:22:28.353704
2026-05-04,BKK,departure,15:50,NKG Nanjing,JD620,Capital Airlines,4h 5m,True,2026-02-11T03:22:28.681714
2026-05-04,BKK,departure,15:55,HKG Hong Kong,HX776,Hong Kong Airlines,3h 0m,True,2026-02-11T03:22:28.946220
2026-05-04,BKK,departure,15:55,KMG Kunming,MU742,China Eastern,2h 30m,True,2026-02-11T03:22:29.239460
2026-05-04,BKK,departure,15:55,HAN Hanoi,VN614,Vietnam Airlines,1h 55m,True,2026-02-11T03:22:29.518626
2026-05-04,BKK,departure,15:55,CAN Guangzhou,CZ3082,China Southern,3h 5m,True,2026-02-11T03:22:29.839558
2026-05-04,BKK,departure,16:00,THS Sukhothai,PG213,Bangkok Airways,1h 20m,True,2026-02-11T03:22:30.158076
2026-05-04,BKK,departure,16:00,UBP Ubon Ratchathani,TG28,Thai Airways,1h 10m,True,2026-02-11T03:22:30.465977
2026-05-04,BKK,departure,16:00,USM Koh Samui,PG167,Bangkok Airways,1h 5m,True,2026-02-11T03:22:30.731820
2026-05-04,BKK,departure,16:05,TLV Tel Aviv-Yafo,LY84,El Al,10h 50m,True,2026-02-11T03:22:31.028343
2026-05-04,BKK,departure,16:10,HDY Hat Yai,FD4204,Thai AirAsia,1h 30m,True,2026-02-11T03:22:31.327325
2026-05-04,BKK,departure,16:15,USM Koh Samui,PG159,Bangkok Airways,1h 35m,True,2026-02-11T03:22:31.600820
2026-05-04,BKK,departure,16:15,HKG Hong Kong,UO701,HK Express,3h 0m,True,2026-02-11T03:22:31.892571
2026-05-04,BKK,departure,16:15,TDX Trat,PG307,Bangkok Airways,1h 0m,True,2026-02-11T03:22:32.188559
2026-05-04,BKK,departure,16:15,DAC Dhaka,BG389,Biman,2h 45m,True,2026-02-11T03:22:32.468999
2026-05-04,BKK,departure,16:25,HKG Hong Kong,CX706,Cathay Pacific,3h 0m,True,2026-02-11T03:22:32.757025
2026-05-04,BKK,departure,16:25,SIN Singapore,TG409,Thai Airways,2h 15m,True,2026-02-11T03:22:33.062678
2026-05-04,BKK,departure,16:35,CNX Chiang Mai,FD4108,Thai AirAsia,1h 20m,True,2026-02-11T03:22:33.334744
2026-05-04,BKK,departure,16:40,USM Koh Samui,PG169,Bangkok Airways,1h 5m,True,2026-02-11T03:22:33.617949
2026-05-04,BKK,departure,16:40,KUL Kuala Lumpur,TG417,Thai Airways,2h 10m,True,2026-02-11T03:22:33.905212
2026-05-04,BKK,departure,16:45,TPE Taipei,BR68,EVA Air,3h 45m,True,2026-02-11T03:22:34.202832
2026-05-04,BKK,departure,16:45,KTM Kathmandu,RA402,Nepal Airlines,3h 30m,True,2026-02-11T03:22:34.521053
2026-05-04,BKK,departure,16:50,PVG Shanghai,FM834,Shanghai Airlines,4h 35m,True,2026-02-11T03:22:34.856527
2026-05-04,BKK,departure,17:00,HKT Phuket,PG277,Bangkok Airways,1h 30m,True,2026-02-11T03:22:35.220724
2026-05-04,BKK,departure,17:00,CEI Chiang Rai,TG136,Thai Airways,1h 20m,True,2026-02-11T03:22:35.554529
2026-05-04,BKK,departure,17:00,KTI Phnom Penh,VZ722,Vietjet Thailand,1h 15m,True,2026-02-11T03:22:35.858591
2026-05-04,BKK,departure,17:05,BLR Bengaluru,IX883,Air India Express,3h 55m,True,2026-02-11T03:22:36.184699
2026-05-04,BKK,departure,17:05,HKT Phuket,TG217,Thai Airways,1h 30m,True,2026-02-11T03:22:36.510802
2026-05-04,BKK,departure,17:05,RGN Yangon,TG303,Thai Airways,1h 25m,True,2026-02-11T03:22:36.841015
2026-05-04,BKK,departure,17:05,URT Surat Thani,VZ352,Vietjet Thailand,1h 15m,True,2026-02-11T03:22:37.179201
2026-05-04,BKK,departure,17:10,DEL Delhi,6E1054,IndiGo,4h 20m,True,2026-02-11T03:22:37.523019
2026-05-04,BKK,departure,17:15,TPE Taipei,TG636,Thai Airways,3h 55m,True,2026-02-11T03:22:37.827172
2026-05-04,BKK,departure,17:15,KUL Kuala Lumpur,MH783,Malaysia Airlines,2h 15m,True,2026-02-11T03:22:38.143807
2026-05-04,BKK,departure,17:20,KTI Phnom Penh,PG935,Bangkok Airways,1h 15m,True,2026-02-11T03:22:38.476666
2026-05-04,BKK,departure,17:25,SAI Siem Reap,PG907,Bangkok Airways,1h 20m,True,2026-02-11T03:22:38.808083
2026-05-04,BKK,departure,17:25,SZX Shenzhen,CZ8324,China Southern,3h 25m,True,2026-02-11T03:22:39.183001
2026-05-04,BKK,departure,17:30,HKG Hong Kong,CX708,Cathay Pacific,3h 0m,True,2026-02-11T03:22:39.520034
2026-05-04,BKK,departure,17:30,HGH Hangzhou,GJ8022,Loong Air,4h 5m,True,2026-02-11T03:22:39.864016
2026-05-04,BKK,departure,17:30,HKT Phuket,VZ2304,Vietjet Thailand,1h 30m,True,2026-02-11T03:22:40.221197
2026-05-04,BKK,departure,17:30,KKC Khon Kaen,VZ214,Vietjet Thailand,1h 5m,True,2026-02-11T03:22:40.518742
2026-05-04,BKK,departure,17:30,TPE Taipei,CI836,China Airlines,3h 35m,True,2026-02-11T03:22:40.797085
2026-05-04,BKK,departure,17:35,SGN Ho Chi Minh City,TG556,Thai Airways,1h 30m,True,2026-02-11T03:22:43.771511
2026-05-04,BKK,departure,17:35,KKC Khon Kaen,TG46,Thai Airways,1h 0m,True,2026-02-11T03:22:44.108184
2026-05-04,BKK,departure,17:40,HKT Phuket,FD4122,Thai AirAsia,1h 30m,True,2026-02-11T03:22:44.389455
2026-05-04,BKK,departure,17:40,XMN Xiamen,MF834,XiamenAir,3h 25m,True,2026-02-11T03:22:44.652930
2026-05-04,BKK,departure,17:45,CGK Jakarta,GA869,Garuda Indonesia,3h 40m,True,2026-02-11T03:22:44.894568
2026-05-04,BKK,departure,17:45,TLV Tel Aviv-Yafo,IZ592,Arkia,10h 35m,True,2026-02-11T03:22:45.144719
2026-05-04,BKK,departure,17:50,TPE Taipei,JX746,Starlux,3h 50m,True,2026-02-11T03:22:54.109623
2026-05-04,BKK,departure,17:50,CNX Chiang Mai,PG219,Bangkok Airways,1h 20m,True,2026-02-11T03:22:54.932017
2026-05-04,BKK,departure,17:50,HAN Hanoi,TG564,Thai Airways,1h 50m,True,2026-02-11T03:22:55.277030
2026-05-04,BKK,departure,17:55,DEL Delhi,AI2335,Air India,4h 30m,True,2026-02-11T03:22:55.607480
2026-05-04,BKK,departure,17:55,CNX Chiang Mai,VZ122,Vietjet Thailand,1h 20m,True,2026-02-11T03:22:55.930945
2026-05-04,BKK,departure,18:00,CEI Chiang Rai,VZ134,Vietjet Thailand,1h 25m,True,2026-02-11T03:22:56.250094
2026-05-04,BKK,departure,18:00,SIN Singapore,TR611,Scoot,2h 25m,True,2026-02-11T03:22:56.579893
2026-05-04,BKK,departure,18:05,TFU Chengdu,3U3936,Sichuan Airlines,3h 5m,True,2026-02-11T03:22:56.917404
2026-05-04,BKK,departure,18:05,CAN Guangzhou,CZ8024,China Southern,3h 10m,True,2026-02-11T03:22:57.184692
2026-05-04,BKK,departure,18:05,DAD Da Nang,VN626,Vietnam Airlines,1h 40m,True,2026-02-11T03:22:57.503975
2026-05-04,BKK,departure,18:10,STV Surat Gujarat,IX263,Air India Express,4h 40m,True,2026-02-11T03:22:57.882851
2026-05-04,BKK,departure,18:10,TAO Qingdao,QW918,Qingdao Airlines,4h 45m,True,2026-02-11T03:22:58.349090
2026-05-04,BKK,departure,18:10,HKG Hong Kong,TG602,Thai Airways,2h 50m,True,2026-02-11T03:22:58.841788
2026-05-04,BKK,departure,18:10,SYD Sydney,QF24,Qantas,9h 15m,True,2026-02-11T03:22:59.346854
2026-05-04,BKK,departure,18:20,TFU Chengdu,CA472,Air China,3h 15m,True,2026-02-11T03:22:59.870054
2026-05-04,BKK,departure,18:20,KHH Kaohsiung,CI840,China Airlines,3h 30m,True,2026-02-11T03:23:00.407071
2026-05-04,BKK,departure,18:20,HKT Phuket,FD4114,Thai AirAsia,1h 30m,True,2026-02-11T03:23:00.903889
2026-05-04,BKK,departure,18:25,SHJ Sharjah,G9817,Air Arabia,6h 25m,True,2026-02-11T03:23:01.399675
2026-05-04,BKK,departure,18:25,KBV Krabi,TG249,Thai Airways,1h 20m,True,2026-02-11T03:23:01.986331
2026-05-04,BKK,departure,18:25,VTE Vientiane,TG574,Thai Airways,1h 20m,True,2026-02-11T03:23:02.476465
2026-05-04,BKK,departure,18:30,HDY Hat Yai,TG267,Thai Airways,1h 30m,True,2026-02-11T03:23:03.037833
2026-05-04,BKK,departure,18:30,SIN Singapore,SQ711,Singapore Airlines,2h 25m,True,2026-02-11T03:23:03.581081
2026-05-04,BKK,departure,18:35,UTH Udon Thani,FD4352,Thai AirAsia,1h 15m,True,2026-02-11T03:23:04.119807
2026-05-04,BKK,departure,18:35,KTI Phnom Penh,TG584,Thai Airways,1h 20m,True,2026-02-11T03:23:04.711863
2026-05-04,BKK,departure,18:40,KBV Krabi,FD4408,Thai AirAsia,1h 35m,True,2026-02-11T03:23:05.238867
2026-05-04,BKK,departure,18:40,KUL Kuala Lumpur,MH775,Malaysia Airlines,2h 15m,True,2026-02-11T03:23:05.726162
2026-05-04,BKK,departure,18:45,HAN Hanoi,VJ904,VietJet,1h 40m,True,2026-02-11T03:23:06.207807
2026-05-04,BKK,departure,18:45,KBV Krabi,VZ344,Vietjet Thailand,1h 25m,True,2026-02-11T03:23:06.669370
2026-05-04,BKK,departure,18:50,PVG Shanghai,9C8892,Spring Airlines,4h 40m,True,2026-02-11T03:23:07.157864
2026-05-04,BKK,departure,18:50,DEL Delhi,TG315,Thai Airways,4h 30m,True,2026-02-11T03:23:07.647501
2026-05-04,BKK,departure,18:55,BOM Mumbai,TG317,Thai Airways,4h 30m,True,2026-02-11T03:23:08.178674
2026-05-04,BKK,departure,19:00,HKG Hong Kong,CX704,Cathay Pacific,2h 55m,True,2026-02-11T03:23:08.768217
2026-05-04,BKK,departure,19:00,CAN Guangzhou,CZ364,China Southern,3h 10m,True,2026-02-11T03:23:09.239708
2026-05-04,BKK,departure,19:00,CNX Chiang Mai,VZ2106,Vietjet Thailand,1h 20m,True,2026-02-11T03:23:09.684117
2026-05-04,BKK,departure,19:00,ISB Islamabad,TG349,Thai Airways,5h 10m,True,2026-02-11T03:23:10.210994
2026-05-04,BKK,departure,19:05,HAN Hanoi,VN618,Vietnam Airlines,1h 55m,True,2026-02-11T03:23:10.695857
2026-05-04,BKK,departure,19:10,KKC Khon Kaen,FD4503,Thai AirAsia,1h 10m,True,2026-02-11T03:23:11.132619
2026-05-04,BKK,departure,19:10,PVG Shanghai,FM856,Shanghai Airlines,4h 55m,True,2026-02-11T03:23:11.672780
2026-05-04,BKK,departure,19:10,HKT Phuket,TG221,Thai Airways,1h 30m,True,2026-02-11T03:23:12.154809
2026-05-04,BKK,departure,19:10,SIN Singapore,TG401,Thai Airways,2h 20m,True,2026-02-11T03:23:12.636774
2026-05-04,BKK,departure,19:10,MCT Muscat,WY816,Oman Air,5h 50m,True,2026-02-11T03:23:13.122928
2026-05-04,BKK,departure,19:15,TFU Chengdu,MU5036,China Eastern,2h 40m,True,2026-02-11T03:23:13.543911
2026-05-04,BKK,departure,19:15,CNX Chiang Mai,TG120,Thai Airways,1h 15m,True,2026-02-11T03:23:13.996537
2026-05-04,BKK,departure,19:20,RGN Yangon,8M332,MAI,1h 20m,True,2026-02-11T03:23:14.419933
2026-05-04,BKK,departure,19:20,HAK Haikou,HU722,Hainan Airlines,2h 25m,True,2026-02-11T03:23:14.905690
2026-05-04,BKK,departure,19:20,USM Koh Samui,PG185,Bangkok Airways,1h 30m,True,2026-02-11T03:23:15.440772
2026-05-04,BKK,departure,19:20,PEN Penang,TG425,Thai Airways,1h 50m,True,2026-02-11T03:23:15.964328
2026-05-04,BKK,departure,19:25,USM Koh Samui,PG183,Bangkok Airways,1h 5m,True,2026-02-11T03:23:16.448271
2026-05-04,BKK,departure,19:30,KMG Kunming,KY8370,Kunming Airlines,2h 35m,True,2026-02-11T03:23:16.978228
2026-05-04,BKK,departure,19:30,SZX Shenzhen,ZH308,Shenzhen Airlines,2h 55m,True,2026-02-11T03:23:17.526803
2026-05-04,BKK,departure,19:30,CRK Angeles,5J942,Cebu Pacific,3h 25m,True,2026-02-11T03:23:18.025298
2026-05-04,BKK,departure,19:30,SGN Ho Chi Minh City,VN606,Vietnam Airlines,1h 45m,True,2026-02-11T03:23:18.535489
2026-05-04,BKK,departure,19:30,MNL Manila,PR737,PAL,3h 35m,True,2026-02-11T03:23:19.011760
2026-05-04,BKK,departure,19:35,PEK Beijing,CA960,Air China,4h 50m,True,2026-02-11T03:23:19.512984
2026-05-04,BKK,departure,19:40,HKT Phuket,VZ308,Vietjet Thailand,1h 30m,True,2026-02-11T03:23:20.039848
2026-05-04,BKK,departure,19:40,MEL Melbourne,TG465,Thai Airways,8h 50m,True,2026-02-11T03:23:20.644856
2026-05-04,BKK,departure,19:40,DOH Doha,QR835,Qatar Airways,6h 35m,True,2026-02-11T03:23:21.184209
2026-05-04,BKK,departure,19:45,HKT Phuket,PG279,Bangkok Airways,1h 30m,True,2026-02-11T03:23:21.729296
2026-05-04,BKK,departure,19:45,UTH Udon Thani,TG8,Thai Airways,1h 10m,True,2026-02-11T03:23:22.275885
2026-05-04,BKK,departure,19:45,HKG Hong Kong,UO703,HK Express,2h 55m,True,2026-02-11T03:23:22.792751
2026-05-04,BKK,departure,19:45,HDY Hat Yai,VZ328,Vietjet Thailand,1h 30m,True,2026-02-11T03:23:23.335409
2026-05-04,BKK,departure,19:45,KUL Kuala Lumpur,MH781,Malaysia Airlines,2h 10m,True,2026-02-11T03:23:23.810896
2026-05-04,BKK,departure,19:50,LHE Lahore,TG345,Thai Airways,4h 40m,True,2026-02-11T03:23:24.337953
2026-05-04,BKK,departure,19:55,CKG Chongqing,3U3772,Sichuan Airlines,3h 15m,True,2026-02-11T03:23:24.879866
2026-05-04,BKK,departure,19:55,SGN Ho Chi Minh City,VJ806,VietJet,1h 30m,True,2026-02-11T03:23:25.429618
2026-05-04,BKK,departure,20:00,AMD Ahmedabad,VZ750,Vietjet Thailand,4h 25m,True,2026-02-11T03:23:25.975954
2026-05-04,BKK,departure,20:05,USM Koh Samui,PG193,Bangkok Airways,1h 30m,True,2026-02-11T03:23:26.507464
2026-05-04,BKK,departure,20:10,DAD Da Nang,EK370,Emirates,1h 40m,True,2026-02-11T03:23:26.961478
2026-05-04,BKK,departure,20:15,BOM Mumbai,6E1060,IndiGo,4h 25m,True,2026-02-11T03:23:27.409948
2026-05-04,BKK,departure,20:15,CNX Chiang Mai,FD4116,Thai AirAsia,1h 20m,True,2026-02-11T03:23:27.862768
2026-05-04,BKK,departure,20:15,HKT Phuket,FD4419,Thai AirAsia,1h 30m,True,2026-02-11T03:23:28.391217
2026-05-04,BKK,departure,20:15,BAH Bahrain,GF153,Gulf Air,6h 40m,True,2026-02-11T03:23:28.921598
2026-05-04,BKK,departure,20:15,SIN Singapore,SQ713,Singapore Airlines,2h 25m,True,2026-02-11T03:23:29.427691
2026-05-04,BKK,departure,20:20,BOM Mumbai,AI2338,Air India,4h 50m,True,2026-02-11T03:23:29.913860
2026-05-04,BKK,departure,20:20,CAN Guangzhou,CZ8020,China Southern,3h 0m,True,2026-02-11T03:23:30.411263
2026-05-04,BKK,departure,20:30,DOH Doha,QR829,Qatar Airways,6h 35m,True,2026-02-11T03:23:30.864557
2026-05-04,BKK,departure,20:35,KMG Kunming,KY8368,Kunming Airlines,2h 5m,True,2026-02-11T03:23:31.170018
2026-05-04,BKK,departure,20:35,SIN Singapore,TR617,Scoot,2h 30m,True,2026-02-11T03:23:31.485140
2026-05-04,BKK,departure,20:40,CNX Chiang Mai,VZ118,Vietjet Thailand,1h 20m,True,2026-02-11T03:23:31.804037
2026-05-04,BKK,departure,20:45,RGN Yangon,8M351,MAI,1h 20m,True,2026-02-11T03:23:32.085061
2026-05-04,BKK,departure,20:50,KMG Kunming,MU9614,China Eastern,2h 30m,True,2026-02-11T03:23:32.367903
2026-05-04,BKK,departure,20:50,VTE Vientiane,QV446,Lao Airlines,1h 0m,True,2026-02-11T03:23:32.656626
2026-05-04,BKK,departure,21:00,AUH Abu Dhabi,EY407,Etihad,6h 30m,True,2026-02-11T03:23:32.948742
2026-05-04,BKK,departure,21:00,AMD Ahmedabad,TG343,Thai Airways,4h 40m,True,2026-02-11T03:23:33.232642
2026-05-04,BKK,departure,21:00,HKT Phuket,VZ312,Vietjet Thailand,1h 30m,True,2026-02-11T03:23:33.510213
2026-05-04,BKK,departure,21:05,SGN Ho Chi Minh City,VN608,Vietnam Airlines,1h 55m,True,2026-02-11T03:23:33.808563
2026-05-04,BKK,departure,21:05,BOM Mumbai,VZ760,Vietjet Thailand,4h 15m,True,2026-02-11T03:23:34.082689
2026-05-04,BKK,departure,21:10,DXB Dubai,EK373,Emirates,6h 40m,True,2026-02-11T03:23:34.371624
2026-05-04,BKK,departure,21:15,SIN Singapore,SQ719,Singapore Airlines,2h 20m,True,2026-02-11T03:23:34.657666
2026-05-04,BKK,departure,21:15,KTM Kathmandu,TG309,Thai Airways,3h 25m,True,2026-02-11T03:23:34.938177
2026-05-04,BKK,departure,21:30,HKT Phuket,PG287,Bangkok Airways,1h 30m,True,2026-02-11T03:23:35.222630
2026-05-04,BKK,departure,21:35,HND Tokyo,NH850,ANA,6h 25m,True,2026-02-11T03:23:35.524995
2026-05-04,BKK,departure,21:40,ICN Seoul,KE658,Korean Air,5h 25m,True,2026-02-11T03:23:35.782800
2026-05-04,BKK,departure,21:40,CMB Colombo,TG307,Thai Airways,3h 45m,True,2026-02-11T03:23:36.072898
2026-05-04,BKK,departure,21:40,RGN Yangon,UB18,Myanmar National Airlines,1h 25m,True,2026-02-11T03:23:36.364074
2026-05-04,BKK,departure,21:40,MEL Melbourne,JQ30,Jetstar,8h 45m,True,2026-02-11T03:23:36.655273
2026-05-04,BKK,departure,21:50,BLR Bengaluru,TG325,Thai Airways,3h 35m,True,2026-02-11T03:23:37.001491
2026-05-04,BKK,departure,21:50,HYD Hyderabad,TG329,Thai Airways,3h 30m,True,2026-02-11T03:23:37.374439
2026-05-04,BKK,departure,21:55,CAN Guangzhou,9C7420,Spring Airlines,3h 5m,True,2026-02-11T03:23:37.720018
2026-05-04,BKK,departure,21:55,PVG Shanghai,FM840,Shanghai Airlines,4h 50m,True,2026-02-11T03:23:38.072700
2026-05-04,BKK,departure,21:55,MAA Chennai,TG337,Thai Airways,3h 20m,True,2026-02-11T03:23:38.464925
2026-05-04,BKK,departure,21:55,CNX Chiang Mai,VZ2104,Vietjet Thailand,1h 20m,True,2026-02-11T03:23:38.804646
2026-05-04,BKK,departure,22:00,HKG Hong Kong,HX766,Hong Kong Airlines,3h 15m,True,2026-02-11T03:23:39.122558
2026-05-04,BKK,departure,22:05,PER Perth,JQ76,Jetstar,6h 45m,True,2026-02-11T03:23:39.513628
2026-05-04,BKK,departure,22:05,HND Tokyo,JL34,JAL,6h 15m,True,2026-02-11T03:23:39.829696
2026-05-04,BKK,departure,22:10,NRT Tokyo,TG640,Thai Airways,6h 10m,True,2026-02-11T03:23:40.287900
2026-05-04,BKK,departure,22:15,HAN Hanoi,VN616,Vietnam Airlines,1h 55m,True,2026-02-11T03:23:40.710996
2026-05-04,BKK,departure,22:15,HKT Phuket,VZ316,Vietjet Thailand,1h 30m,True,2026-02-11T03:23:41.026855
2026-05-04,BKK,departure,22:20,ICN Seoul,BX728,Air Busan,5h 45m,True,2026-02-11T03:23:41.347983
2026-05-04,BKK,departure,22:20,SYD Sydney,TG471,Thai Airways,9h 0m,True,2026-02-11T03:23:41.619843
2026-05-04,BKK,departure,22:25,ICN Seoul,LJ2,Jin Air,5h 40m,True,2026-02-11T03:23:45.070318
2026-05-04,BKK,departure,22:25,DEL Delhi,AI2303,Air India,4h 45m,True,2026-02-11T03:23:45.493458
2026-05-04,BKK,departure,22:30,CCU Kolkata,VZ770,Vietjet Thailand,2h 50m,True,2026-02-11T03:23:45.847593
2026-05-04,BKK,departure,22:30,BOM Mumbai,TG351,Thai Airways,4h 30m,True,2026-02-11T03:23:46.135959
2026-05-04,BKK,departure,22:35,FRA Frankfurt,DE2361,Condor,12h 25m,True,2026-02-11T03:23:46.399822
2026-05-04,BKK,departure,22:45,HND Tokyo,TG682,Thai Airways,6h 10m,True,2026-02-11T03:23:46.676352
2026-05-04,BKK,departure,22:45,ICN Seoul,YP602,Air Premia,5h 30m,True,2026-02-11T03:23:46.952772
2026-05-04,BKK,departure,22:45,IST Istanbul,TK69,Turkish Airlines,10h 0m,True,2026-02-11T03:23:47.215069
2026-05-04,BKK,departure,22:45,MFM Macau,NX991,Air Macau,2h 45m,True,2026-02-11T03:23:47.503096
2026-05-04,BKK,departure,22:50,CRK Angeles,5J944,Cebu Pacific,3h 25m,True,2026-02-11T03:23:47.780279
2026-05-04,BKK,departure,22:55,MUC Munich,LH773,Lufthansa,11h 20m,True,2026-02-11T03:23:48.011583
2026-05-04,BKK,departure,22:55,SIN Singapore,TR615,Scoot,2h 30m,True,2026-02-11T03:23:48.271264
2026-05-04,BKK,departure,22:55,PUS Busan,BX726,Air Busan,5h 25m,True,2026-02-11T03:23:48.506857
2026-05-04,BKK,departure,23:10,ICN Seoul,TG658,Thai Airways,5h 25m,True,2026-02-11T03:23:48.772896
2026-05-04,BKK,departure,23:10,NRT Tokyo,ZG52,Zipair,6h 20m,True,2026-02-11T03:23:49.060686
2026-05-04,BKK,departure,23:15,DEL Delhi,TG331,Thai Airways,4h 30m,True,2026-02-11T03:23:49.328969
2026-05-04,BKK,departure,23:15,IST Istanbul,TK53,Turkish Airlines,10h 15m,True,2026-02-11T03:23:49.576948
2026-05-04,BKK,departure,23:25,RGN Yangon,8M373,MAI,1h 20m,True,2026-02-11T03:23:49.810590
2026-05-04,BKK,departure,23:30,ICN Seoul,TG656,Thai Airways,5h 25m,True,2026-02-11T03:23:50.046820
2026-05-04,BKK,departure,23:30,ICN Seoul,KE652,Korean Air,5h 25m,True,2026-02-11T03:23:50.288057
2026-05-04,BKK,departure,23:35,IST Istanbul,TG900,Thai Airways,10h 0m,True,2026-02-11T03:23:50.518261
2026-05-04,BKK,departure,23:35,NRT Tokyo,VZ830,Vietjet Thailand,6h 20m,True,2026-02-11T03:23:50.762879
2026-05-04,BKK,departure,23:40,VIE Vienna,OS8,Austrian,10h 55m,True,2026-02-11T03:23:51.004054
2026-05-04,BKK,departure,23:40,MNL Manila,PR733,PAL,3h 25m,True,2026-02-11T03:23:51.263930
2026-05-04,BKK,departure,23:45,CCU Kolkata,TG313,Thai Airways,2h 30m,True,2026-02-11T03:23:51.498751
2026-05-04,BKK,departure,23:45,CTS Sapporo,TG670,Thai Airways,6h 45m,True,2026-02-11T03:23:51.755877
2026-05-04,BKK,departure,23:45,FRA Frankfurt,TG920,Thai Airways,11h 30m,True,2026-02-11T03:23:51.998005
2026-05-04,BKK,departure,23:50,DAC Dhaka,TG339,Thai Airways,2h 35m,True,2026-02-11T03:23:52.257206
2026-05-04,BKK,departure,23:50,NRT Tokyo,TG642,Thai Airways,6h 20m,True,2026-02-11T03:23:52.504844
2026-05-04,BKK,departure,23:55,TLV Tel Aviv-Yafo,LY82,El Al,10h 50m,True,2026-02-11T03:23:52.769968
2026-05-04,BKK,departure,23:59,KIX Osaka,TG622,Thai Airways,5h 31m,True,2026-02-11T03:23:53.012047
2026-05-04,BKK,arrival,00:00,PVG Shanghai,9C8755,Spring Airlines,5h 5m,True,2026-02-11T03:25:02.340409
2026-05-04,BKK,arrival,00:10,ICN Seoul,7C2503,Jeju Air,6h 5m,True,2026-02-11T03:25:02.625278
2026-05-04,BKK,arrival,00:10,PEK Beijing,CA979,Air China,5h 5m,True,2026-02-11T03:25:02.919068
2026-05-04,BKK,arrival,00:15,TFU Chengdu,3U3937,Sichuan Airlines,3h 20m,True,2026-02-11T03:25:03.169485
2026-05-04,BKK,arrival,00:20,CGK Jakarta,ET629,Ethiopian,3h 45m,True,2026-02-11T03:25:03.412867
2026-05-04,BKK,arrival,00:25,HKG Hong Kong,HX779,Hong Kong Airlines,3h 20m,True,2026-02-11T03:25:03.640525
2026-05-04,BKK,arrival,00:30,PVG Shanghai,HO1351,Juneyao Airlines,4h 35m,True,2026-02-11T03:25:03.883475
2026-05-04,BKK,arrival,00:40,PVG Shanghai,MU547,China Eastern,4h 40m,True,2026-02-11T03:25:04.125568
2026-05-04,BKK,arrival,00:50,HKG Hong Kong,HX759,Hong Kong Airlines,3h 0m,True,2026-02-11T03:25:04.371206
2026-05-04,BKK,arrival,00:50,XMN Xiamen,MF843,XiamenAir,3h 30m,True,2026-02-11T03:25:04.625301
2026-05-04,BKK,arrival,01:05,TAE Daegu,TW105,T´Way Air,5h 40m,True,2026-02-11T03:25:04.843933
2026-05-04,BKK,arrival,01:10,DAD Da Nang,EK371,Emirates,1h 40m,True,2026-02-11T03:25:05.085950
2026-05-04,BKK,arrival,01:10,NKG Nanjing,MU2803,China Eastern,4h 0m,True,2026-02-11T03:25:05.330515
2026-05-04,BKK,arrival,01:15,CAN Guangzhou,MU2077,China Eastern,3h 10m,True,2026-02-11T03:25:05.590208
2026-05-04,BKK,arrival,01:20,XIY Xian,9C6251,Spring Airlines,4h 10m,True,2026-02-11T03:25:05.835093
2026-05-04,BKK,arrival,01:25,RGN Yangon,8M390,MAI,1h 20m,True,2026-02-11T03:25:06.085921
2026-05-04,BKK,arrival,01:25,TPE Taipei,CI837,China Airlines,3h 45m,True,2026-02-11T03:25:06.343365
2026-05-04,BKK,arrival,01:25,TNA Jinan,SC8075,Shandong Airlines,4h 50m,True,2026-02-11T03:25:06.610153
2026-05-04,BKK,arrival,01:30,CAN Guangzhou,CZ3035,China Southern,2h 55m,True,2026-02-11T03:25:06.843175
2026-05-04,BKK,arrival,01:40,HKG Hong Kong,HX767,Hong Kong Airlines,3h 0m,True,2026-02-11T03:25:07.090565
2026-05-04,BKK,arrival,01:50,MNL Manila,5J931,Cebu Pacific,3h 40m,True,2026-02-11T03:25:07.327549
2026-05-04,BKK,arrival,01:55,PVG Shanghai,FM841,Shanghai Airlines,4h 40m,True,2026-02-11T03:25:07.584779
2026-05-04,BKK,arrival,02:15,SZX Shenzhen,ZH305,Shenzhen Airlines,3h 0m,True,2026-02-11T03:25:07.797177
2026-05-04,BKK,arrival,03:00,DEL Delhi,SG87,SpiceJet,4h 10m,True,2026-02-11T03:25:08.005838
2026-05-04,BKK,arrival,03:20,WUH Wuhan,MU2563,China Eastern,4h 25m,True,2026-02-11T03:25:08.237804
2026-05-04,BKK,arrival,04:05,PVG Shanghai,FM847,Shanghai Airlines,4h 50m,True,2026-02-11T03:25:08.518748
2026-05-04,BKK,arrival,04:35,HND Tokyo,NH849,ANA,6h 30m,True,2026-02-11T03:25:08.766909
2026-05-04,BKK,arrival,04:40,KIX Osaka,JL727,JAL,5h 45m,True,2026-02-11T03:25:09.005175
2026-05-04,BKK,arrival,04:45,PNQ Pune,6E1095,IndiGo,4h 15m,True,2026-02-11T03:25:09.241203
2026-05-04,BKK,arrival,04:50,HND Tokyo,TG661,Thai Airways,6h 30m,True,2026-02-11T03:25:09.479878
2026-05-04,BKK,arrival,05:05,CCU Kolkata,VZ771,Vietjet Thailand,2h 35m,True,2026-02-11T03:25:09.728830
2026-05-04,BKK,arrival,05:10,KTM Kathmandu,TG310,Thai Airways,3h 30m,True,2026-02-11T03:25:09.967663
2026-05-04,BKK,arrival,05:10,IST Istanbul,TK58,Turkish Airlines,9h 20m,True,2026-02-11T03:25:10.207554
2026-05-04,BKK,arrival,05:25,DEL Delhi,TG316,Thai Airways,4h 25m,True,2026-02-11T03:25:10.455944
2026-05-04,BKK,arrival,05:30,HEL Helsinki,AY141,Finnair,11h 25m,True,2026-02-11T03:25:10.750453
2026-05-04,BKK,arrival,05:30,ZRH Zurich,TG971,Thai Airways,11h 0m,True,2026-02-11T03:25:11.016783
2026-05-04,BKK,arrival,05:35,BOM Mumbai,TG318,Thai Airways,4h 30m,True,2026-02-11T03:25:11.232704
2026-05-04,BKK,arrival,05:35,BRU Brussels,TG935,Thai Airways,11h 5m,True,2026-02-11T03:25:11.470160
2026-05-04,BKK,arrival,05:40,IST Istanbul,TG901,Thai Airways,9h 10m,True,2026-02-11T03:25:11.712835
2026-05-04,BKK,arrival,05:50,HND Tokyo,JL33,JAL,6h 30m,True,2026-02-11T03:25:11.924568
2026-05-04,BKK,arrival,05:50,ARN Stockholm,TG961,Thai Airways,11h 0m,True,2026-02-11T03:25:12.121388
2026-05-04,BKK,arrival,05:55,CDG Paris,TG931,Thai Airways,11h 15m,True,2026-02-11T03:25:12.362651
2026-05-04,BKK,arrival,05:55,MXP Milan,TG941,Thai Airways,10h 50m,True,2026-02-11T03:25:12.667317
2026-05-04,BKK,arrival,06:00,HND Tokyo,NH877,ANA,6h 30m,True,2026-02-11T03:25:12.887569
2026-05-04,BKK,arrival,06:00,CPH Copenhagen,TG951,Thai Airways,10h 35m,True,2026-02-11T03:25:13.099636
2026-05-04,BKK,arrival,06:00,LHR London,TG911,Thai Airways,11h 30m,True,2026-02-11T03:25:13.332756
2026-05-04,BKK,arrival,06:00,MEL Melbourne,TG462,Thai Airways,9h 30m,True,2026-02-11T03:25:13.562362
2026-05-04,BKK,arrival,06:05,MUC Munich,TG925,Thai Airways,10h 40m,True,2026-02-11T03:25:13.802049
2026-05-04,BKK,arrival,06:10,CCU Kolkata,TG314,Thai Airways,2h 40m,True,2026-02-11T03:25:14.047599
2026-05-04,BKK,arrival,06:10,CMB Colombo,TG308,Thai Airways,3h 45m,True,2026-02-11T03:25:14.302519
2026-05-04,BKK,arrival,06:10,LHE Lahore,TG346,Thai Airways,4h 30m,True,2026-02-11T03:25:14.567126
2026-05-04,BKK,arrival,06:10,MAA Chennai,TG338,Thai Airways,3h 30m,True,2026-02-11T03:25:14.823020
2026-05-04,BKK,arrival,06:15,AUH Abu Dhabi,EY408,Etihad,6h 35m,True,2026-02-11T03:25:15.040184
2026-05-04,BKK,arrival,06:15,DAC Dhaka,TG340,Thai Airways,2h 30m,True,2026-02-11T03:25:15.274877
2026-05-04,BKK,arrival,06:15,HYD Hyderabad,TG330,Thai Airways,3h 35m,True,2026-02-11T03:25:15.507626
2026-05-04,BKK,arrival,06:15,OSL Oslo,TG955,Thai Airways,11h 30m,True,2026-02-11T03:25:15.739700
2026-05-04,BKK,arrival,06:15,CMB Colombo,UL402,SriLankan Airlines,3h 40m,True,2026-02-11T03:25:15.967468
2026-05-04,BKK,arrival,06:20,BLR Bengaluru,TG326,Thai Airways,3h 55m,True,2026-02-11T03:25:16.195232
2026-05-04,BKK,arrival,06:20,KHI Karachi,TG342,Thai Airways,4h 50m,True,2026-02-11T03:25:16.467044
2026-05-04,BKK,arrival,06:25,FRA Frankfurt,TG921,Thai Airways,10h 40m,True,2026-02-11T03:25:16.707207
2026-05-04,BKK,arrival,06:40,BOM Mumbai,VZ761,Vietjet Thailand,4h 25m,True,2026-02-11T03:25:16.936163
2026-05-04,BKK,arrival,06:45,AUH Abu Dhabi,EY402,Etihad,6h 35m,True,2026-02-11T03:25:17.162606
2026-05-04,BKK,arrival,06:55,MCT Muscat,WY817,Oman Air,6h 5m,True,2026-02-11T03:25:17.372664
2026-05-04,BKK,arrival,07:00,AMD Ahmedabad,TG344,Thai Airways,4h 25m,True,2026-02-11T03:25:17.593089
2026-05-04,BKK,arrival,07:05,FCO Rome,AZ758,ITA Airways,10h 50m,True,2026-02-11T03:25:17.802493
2026-05-04,BKK,arrival,07:05,DOH Doha,QR830,Qatar Airways,6h 55m,True,2026-02-11T03:25:18.053720
2026-05-04,BKK,arrival,07:15,USM Koh Samui,PG100,Bangkok Airways,1h 15m,True,2026-02-11T03:25:18.340751
2026-05-04,BKK,arrival,07:35,DXB Dubai,EK374,Emirates,6h 5m,True,2026-02-11T03:25:18.606425
2026-05-04,BKK,arrival,07:40,DEL Delhi,AI2336,Air India,4h 30m,True,2026-02-11T03:25:18.854223
2026-05-04,BKK,arrival,07:50,SHJ Sharjah,G9821,Air Arabia,6h 35m,True,2026-02-11T03:25:19.118252
2026-05-04,BKK,arrival,07:55,BLR Bengaluru,6E1055,IndiGo,4h 5m,True,2026-02-11T03:25:19.371386
2026-05-04,BKK,arrival,07:55,CNX Chiang Mai,FD4105,Thai AirAsia,1h 20m,True,2026-02-11T03:25:19.624988
2026-05-04,BKK,arrival,07:55,NOU Noumea,SB500,Aircalin,10h 25m,True,2026-02-11T03:25:19.890256
2026-05-04,BKK,arrival,07:55,CNX Chiang Mai,VZ2105,Vietjet Thailand,1h 20m,True,2026-02-11T03:25:20.146726
2026-05-04,BKK,arrival,08:05,SIN Singapore,SQ706,Singapore Airlines,2h 25m,True,2026-02-11T03:25:20.396401
2026-05-04,BKK,arrival,08:05,SIN Singapore,TR608,Scoot,2h 35m,True,2026-02-11T03:25:20.645148
2026-05-04,BKK,arrival,08:35,RGN Yangon,UB19,Myanmar National Airlines,1h 25m,True,2026-02-11T03:25:20.884893
2026-05-04,BKK,arrival,08:40,VTE Vientiane,QV441,Lao Airlines,1h 15m,True,2026-02-11T03:25:21.139454
2026-05-04,BKK,arrival,08:40,BOM Mumbai,TG352,Thai Airways,4h 30m,True,2026-02-11T03:25:21.381509
2026-05-04,BKK,arrival,08:55,PEN Penang,TG426,Thai Airways,1h 50m,True,2026-02-11T03:25:21.613863
2026-05-04,BKK,arrival,09:00,HKT Phuket,VZ317,Vietjet Thailand,1h 30m,True,2026-02-11T03:25:21.887258
2026-05-04,BKK,arrival,09:05,MAA Chennai,6E1061,IndiGo,3h 35m,True,2026-02-11T03:25:22.105971
2026-05-04,BKK,arrival,09:05,USM Koh Samui,PG102,Bangkok Airways,1h 15m,True,2026-02-11T03:25:22.333561
2026-05-04,BKK,arrival,09:10,CDG Paris,AF198,Air France,11h 25m,True,2026-02-11T03:25:22.779520
2026-05-04,BKK,arrival,09:10,HKT Phuket,PG270,Bangkok Airways,1h 35m,True,2026-02-11T03:25:23.094258
2026-05-04,BKK,arrival,09:15,RGN Yangon,8M335,MAI,1h 20m,True,2026-02-11T03:25:23.881936
2026-05-04,BKK,arrival,09:15,DEL Delhi,TG332,Thai Airways,4h 25m,True,2026-02-11T03:25:24.150505
2026-05-04,BKK,arrival,09:15,NST Nakhon Si Thammarat,VZ331,Vietjet Thailand,1h 15m,True,2026-02-11T03:25:24.443687
2026-05-04,BKK,arrival,09:20,SIN Singapore,TG402,Thai Airways,2h 20m,True,2026-02-11T03:25:24.769615
2026-05-04,BKK,arrival,09:25,VIE Vienna,BR62,EVA Air,10h 40m,True,2026-02-11T03:25:25.066991
2026-05-04,BKK,arrival,09:25,HKG Hong Kong,UO704,HK Express,3h 0m,True,2026-02-11T03:25:25.359114
2026-05-04,BKK,arrival,09:25,CNX Chiang Mai,VZ101,Vietjet Thailand,1h 20m,True,2026-02-11T03:25:25.665393
2026-05-04,BKK,arrival,09:30,KTI Phnom Penh,K6722,Air Cambodia,1h 15m,True,2026-02-11T03:25:26.012514
2026-05-04,BKK,arrival,09:30,AMS Amsterdam,KL843,KLM,11h 15m,True,2026-02-11T03:25:26.309822
2026-05-04,BKK,arrival,09:30,HKG Hong Kong,TG603,Thai Airways,2h 40m,True,2026-02-11T03:25:26.612511
2026-05-04,BKK,arrival,09:35,MFM Macau,NX996,Air Macau,2h 55m,True,2026-02-11T03:25:26.929404
2026-05-04,BKK,arrival,09:35,KKC Khon Kaen,TG41,Thai Airways,1h 5m,True,2026-02-11T03:25:27.256158
2026-05-04,BKK,arrival,09:35,HKG Hong Kong,UA820,United,2h 55m,True,2026-02-11T03:25:27.578005
2026-05-04,BKK,arrival,09:45,TPE Taipei,CI833,China Airlines,3h 45m,True,2026-02-11T03:25:27.905858
2026-05-04,BKK,arrival,09:45,BAH Bahrain,GF152,Gulf Air,7h 0m,True,2026-02-11T03:25:28.225117
2026-05-04,BKK,arrival,09:45,KKC Khon Kaen,VZ211,Vietjet Thailand,1h 5m,True,2026-02-11T03:25:28.586851
2026-05-04,BKK,arrival,09:50,NNG Nanning,GX8909,GX Airlines,2h 20m,True,2026-02-11T03:25:28.895510
2026-05-04,BKK,arrival,09:50,ZRH Zurich,LX180,SWISS,10h 55m,True,2026-02-11T03:25:29.228570
2026-05-04,BKK,arrival,09:50,UTH Udon Thani,TG3,Thai Airways,1h 10m,True,2026-02-11T03:25:29.621210
2026-05-04,BKK,arrival,09:55,SIN Singapore,TR624,Scoot,2h 35m,True,2026-02-11T03:25:29.946967
2026-05-04,BKK,arrival,09:55,CEI Chiang Rai,VZ131,Vietjet Thailand,1h 25m,True,2026-02-11T03:25:30.306750
2026-05-04,BKK,arrival,10:00,HKG Hong Kong,CX705,Cathay Pacific,3h 0m,True,2026-02-11T03:25:30.698909
2026-05-04,BKK,arrival,10:00,CEI Chiang Rai,FD4151,Thai AirAsia,1h 25m,True,2026-02-11T03:25:31.100031
2026-05-04,BKK,arrival,10:00,HAK Haikou,HU7939,Hainan Airlines,2h 25m,True,2026-02-11T03:25:31.467342
2026-05-04,BKK,arrival,10:00,USM Koh Samui,PG106,Bangkok Airways,1h 15m,True,2026-02-11T03:25:31.794580
2026-05-04,BKK,arrival,10:00,UBP Ubon Ratchathani,TG21,Thai Airways,1h 15m,True,2026-02-11T03:25:32.148644
2026-05-04,BKK,arrival,10:05,MNL Manila,5J929,Cebu Pacific,3h 40m,True,2026-02-11T03:25:32.501223
2026-05-04,BKK,arrival,10:05,SGN Ho Chi Minh City,VJ801,VietJet,1h 30m,True,2026-02-11T03:25:32.882680
2026-05-04,BKK,arrival,10:10,UTH Udon Thani,FD4351,Thai AirAsia,1h 10m,True,2026-02-11T03:25:33.266802
2026-05-04,BKK,arrival,10:10,THS Sukhothai,PG212,Bangkok Airways,1h 15m,True,2026-02-11T03:25:33.652744
2026-05-04,BKK,arrival,10:15,KUL Kuala Lumpur,MH784,Malaysia Airlines,2h 15m,True,2026-02-11T03:25:34.015552
2026-05-04,BKK,arrival,10:20,CAN Guangzhou,CZ357,China Southern,3h 5m,True,2026-02-11T03:25:34.399179
2026-05-04,BKK,arrival,10:20,SHJ Sharjah,G9823,Air Arabia,6h 35m,True,2026-02-11T03:25:34.803569
2026-05-04,BKK,arrival,10:20,KWI Kuwait,KU411,Kuwait Airways,7h 10m,True,2026-02-11T03:25:35.170953
2026-05-04,BKK,arrival,10:20,SGN Ho Chi Minh City,VN601,Vietnam Airlines,1h 35m,True,2026-02-11T03:25:35.531209
2026-05-04,BKK,arrival,10:25,KBV Krabi,VZ341,Vietjet Thailand,1h 25m,True,2026-02-11T03:25:36.000490
2026-05-04,BKK,arrival,10:30,MDL Mandalay,8M337,MAI,1h 50m,True,2026-02-11T03:25:36.337431
2026-05-04,BKK,arrival,10:30,KTI Phnom Penh,KR701,Cambodia Airways,1h 15m,True,2026-02-11T03:25:36.639864
2026-05-04,BKK,arrival,10:30,USM Koh Samui,PG108,Bangkok Airways,1h 30m,True,2026-02-11T03:25:36.968424
2026-05-04,BKK,arrival,10:30,USM Koh Samui,PG122,Bangkok Airways,1h 15m,True,2026-02-11T03:25:37.309010
2026-05-04,BKK,arrival,10:30,HKT Phuket,VZ315,Vietjet Thailand,1h 30m,True,2026-02-11T03:25:37.682724
2026-05-04,BKK,arrival,10:35,CKG Chongqing,HU423,Hainan Airlines,3h 30m,True,2026-02-11T03:25:37.987390
2026-05-04,BKK,arrival,10:35,HDY Hat Yai,TG260,Thai Airways,1h 30m,True,2026-02-11T03:25:38.331357
2026-05-04,BKK,arrival,10:40,CNX Chiang Mai,FD4101,Thai AirAsia,1h 20m,True,2026-02-11T03:25:38.688277
2026-05-04,BKK,arrival,10:40,TPE Taipei,TG637,Thai Airways,3h 45m,True,2026-02-11T03:25:39.028845
2026-05-04,BKK,arrival,10:40,HDY Hat Yai,VZ321,Vietjet Thailand,1h 30m,True,2026-02-11T03:25:39.361107
2026-05-04,BKK,arrival,10:45,PVG Shanghai,9C8891,Spring Airlines,4h 50m,True,2026-02-11T03:25:39.732650
2026-05-04,BKK,arrival,10:45,TDX Trat,PG302,Bangkok Airways,1h 0m,True,2026-02-11T03:25:40.052611
2026-05-04,BKK,arrival,10:50,HDY Hat Yai,FD4203,Thai AirAsia,1h 30m,True,2026-02-11T03:25:40.416786
2026-05-04,BKK,arrival,10:50,URT Surat Thani,FD4213,Thai AirAsia,1h 25m,True,2026-02-11T03:25:40.859657
2026-05-04,BKK,arrival,10:50,IKT Irkutsk,S76317,S7 Airlines,6h 0m,True,2026-02-11T03:25:41.219176
2026-05-04,BKK,arrival,10:50,CNX Chiang Mai,TG103,Thai Airways,1h 25m,True,2026-02-11T03:25:41.605853
2026-05-04,BKK,arrival,10:50,HAN Hanoi,VN611,Vietnam Airlines,2h 0m,True,2026-02-11T03:25:42.016754
2026-05-04,BKK,arrival,10:55,HYD Hyderabad,6E1067,IndiGo,3h 45m,True,2026-02-11T03:25:42.336150
2026-05-04,BKK,arrival,10:55,TPE Taipei,BR67,EVA Air,3h 55m,True,2026-02-11T03:25:42.688542
2026-05-04,BKK,arrival,10:55,KBV Krabi,TG242,Thai Airways,1h 25m,True,2026-02-11T03:25:43.014930
2026-05-04,BKK,arrival,10:55,CNX Chiang Mai,VZ115,Vietjet Thailand,1h 20m,True,2026-02-11T03:25:43.369750
2026-05-04,BKK,arrival,11:00,CAN Guangzhou,9C7419,Spring Airlines,3h 0m,True,2026-02-11T03:25:43.713055
2026-05-04,BKK,arrival,11:00,KBV Krabi,PG262,Bangkok Airways,1h 35m,True,2026-02-11T03:25:44.077387
2026-05-04,BKK,arrival,11:00,SAI Siem Reap,PG924,Bangkok Airways,1h 20m,True,2026-02-11T03:25:44.399875
2026-05-04,BKK,arrival,11:00,SIN Singapore,SQ708,Singapore Airlines,2h 30m,True,2026-02-11T03:25:44.738976
2026-05-04,BKK,arrival,11:00,KTI Phnom Penh,TG587,Thai Airways,1h 20m,True,2026-02-11T03:25:45.053646
2026-05-04,BKK,arrival,11:05,HKG Hong Kong,CX717,Cathay Pacific,3h 5m,True,2026-02-11T03:25:45.378790
2026-05-04,BKK,arrival,11:05,PVG Shanghai,TG663,Thai Airways,4h 35m,True,2026-02-11T03:25:45.754830
2026-05-04,BKK,arrival,11:10,TPE Taipei,BR211,EVA Air,3h 50m,True,2026-02-11T03:25:46.077896
2026-05-04,BKK,arrival,11:10,HKT Phuket,TG202,Thai Airways,1h 30m,True,2026-02-11T03:25:46.392873
2026-05-04,BKK,arrival,11:10,SZX Shenzhen,ZH309,Shenzhen Airlines,3h 0m,True,2026-02-11T03:25:46.764467
2026-05-04,BKK,arrival,11:15,XMN Xiamen,MF853,XiamenAir,3h 25m,True,2026-02-11T03:25:47.085281
2026-05-04,BKK,arrival,11:15,ICN Seoul,OZ743,Asiana,6h 5m,True,2026-02-11T03:25:47.425466
2026-05-04,BKK,arrival,11:20,BOM Mumbai,6E1051,IndiGo,4h 40m,True,2026-02-11T03:25:47.770865
2026-05-04,BKK,arrival,11:20,SZX Shenzhen,CZ8075,China Southern,3h 25m,True,2026-02-11T03:25:48.152081
2026-05-04,BKK,arrival,11:20,USM Koh Samui,PG124,Bangkok Airways,1h 15m,True,2026-02-11T03:25:48.527144
2026-05-04,BKK,arrival,11:20,UTH Udon Thani,VZ201,Vietjet Thailand,1h 10m,True,2026-02-11T03:25:48.949819
2026-05-04,BKK,arrival,11:30,HKG Hong Kong,CX755,Cathay Pacific,3h 5m,True,2026-02-11T03:25:49.352619
2026-05-04,BKK,arrival,11:30,SGN Ho Chi Minh City,TG551,Thai Airways,1h 25m,True,2026-02-11T03:25:49.719117
2026-05-04,BKK,arrival,11:35,CNX Chiang Mai,PG216,Bangkok Airways,1h 25m,True,2026-02-11T03:25:50.098947
2026-05-04,BKK,arrival,11:40,CAN Guangzhou,CZ8079,China Southern,3h 0m,True,2026-02-11T03:25:50.466546
2026-05-04,BKK,arrival,11:40,CEI Chiang Rai,TG131,Thai Airways,1h 30m,True,2026-02-11T03:25:50.796793
2026-05-04,BKK,arrival,11:45,KBV Krabi,FD4403,Thai AirAsia,1h 25m,True,2026-02-11T03:25:51.121014
2026-05-04,BKK,arrival,11:45,HGH Hangzhou,JD419,Capital Airlines,4h 15m,True,2026-02-11T03:25:51.448391
2026-05-04,BKK,arrival,11:45,SVO Moscow,SU272,Aeroflot,9h 20m,True,2026-02-11T03:25:51.751023
2026-05-04,BKK,arrival,11:50,AUH Abu Dhabi,EY404,Etihad,6h 30m,True,2026-02-11T03:25:52.031879
2026-05-04,BKK,arrival,11:50,HKT Phuket,FD4125,Thai AirAsia,1h 35m,True,2026-02-11T03:26:09.210502
2026-05-04,BKK,arrival,11:50,HKT Phuket,TG204,Thai Airways,1h 35m,True,2026-02-11T03:26:09.436123
2026-05-04,BKK,arrival,11:50,HKT Phuket,VZ301,Vietjet Thailand,1h 30m,True,2026-02-11T03:26:09.665323
2026-05-04,BKK,arrival,11:55,HKT Phuket,PG272,Bangkok Airways,1h 35m,True,2026-02-11T03:26:09.880888
2026-05-04,BKK,arrival,12:00,ADD Addis Ababa,ET608,Ethiopian,9h 20m,True,2026-02-11T03:26:10.085731
2026-05-04,BKK,arrival,12:00,TPE Taipei,JX741,Starlux,4h 0m,True,2026-02-11T03:26:10.304145
2026-05-04,BKK,arrival,12:05,IST Istanbul,TK52,Turkish Airlines,9h 50m,True,2026-02-11T03:26:10.538428
2026-05-04,BKK,arrival,12:10,TPE Taipei,CI831,China Airlines,3h 45m,True,2026-02-11T03:26:10.753449
2026-05-04,BKK,arrival,12:10,MNL Manila,PR730,PAL,3h 30m,True,2026-02-11T03:26:11.001212
2026-05-04,BKK,arrival,12:15,DXB Dubai,EK384,Emirates,6h 25m,True,2026-02-11T03:26:11.268531
2026-05-04,BKK,arrival,12:20,PEK Beijing,HU429,Hainan Airlines,5h 5m,True,2026-02-11T03:26:11.512605
2026-05-04,BKK,arrival,12:20,KMG Kunming,MU6087,China Eastern,2h 25m,True,2026-02-11T03:26:11.749397
2026-05-04,BKK,arrival,12:20,KTI Phnom Penh,VZ721,Vietjet Thailand,1h 15m,True,2026-02-11T03:26:11.989655
2026-05-04,BKK,arrival,12:25,HAN Hanoi,TG561,Thai Airways,1h 50m,True,2026-02-11T03:26:12.223849
2026-05-04,BKK,arrival,12:25,DAD Da Nang,VZ965,Vietjet Thailand,1h 45m,True,2026-02-11T03:26:12.442964
2026-05-04,BKK,arrival,12:30,PVG Shanghai,MU541,China Eastern,4h 40m,True,2026-02-11T03:26:12.652872
2026-05-04,BKK,arrival,12:30,FRA Frankfurt,TG923,Thai Airways,10h 50m,True,2026-02-11T03:26:12.870710
2026-05-04,BKK,arrival,12:30,FUK Fukuoka,VZ811,Vietjet Thailand,5h 35m,True,2026-02-11T03:26:13.119911
2026-05-04,BKK,arrival,12:35,FRA Frankfurt,DE2360,Condor,11h 20m,True,2026-02-11T03:26:13.359932
2026-05-04,BKK,arrival,12:40,URT Surat Thani,VZ351,Vietjet Thailand,1h 15m,True,2026-02-11T03:26:13.621089
2026-05-04,BKK,arrival,12:45,TFU Chengdu,9C7501,Spring Airlines,3h 10m,True,2026-02-11T03:26:13.941403
2026-05-04,BKK,arrival,12:45,CMB Colombo,UL404,SriLankan Airlines,3h 40m,True,2026-02-11T03:26:14.262826
2026-05-04,BKK,arrival,12:45,SGN Ho Chi Minh City,VJ803,VietJet,1h 30m,True,2026-02-11T03:26:14.498987
2026-05-04,BKK,arrival,12:50,PVG Shanghai,9C7421,Spring Airlines,4h 45m,True,2026-02-11T03:26:14.729440
2026-05-04,BKK,arrival,12:50,CAN Guangzhou,CZ8099,China Southern,3h 10m,True,2026-02-11T03:26:14.942084
2026-05-04,BKK,arrival,12:55,DOH Doha,QR834,Qatar Airways,6h 55m,True,2026-02-11T03:26:15.177339
2026-05-04,BKK,arrival,13:00,USM Koh Samui,PG130,Bangkok Airways,1h 15m,True,2026-02-11T03:26:15.413465
2026-05-04,BKK,arrival,13:00,HAN Hanoi,VJ901,VietJet,1h 50m,True,2026-02-11T03:26:15.647830
2026-05-04,BKK,arrival,13:05,XIY Xian,9C6293,Spring Airlines,4h 20m,True,2026-02-11T03:26:15.910301
2026-05-04,BKK,arrival,13:05,TPE Taipei,BR201,EVA Air,3h 45m,True,2026-02-11T03:26:16.158919
2026-05-04,BKK,arrival,13:05,DXB Dubai,EK376,Emirates,6h 20m,True,2026-02-11T03:26:16.379299
2026-05-04,BKK,arrival,13:05,PQC Phu Quoc,VZ981,Vietjet Thailand,1h 20m,True,2026-02-11T03:26:16.603560
2026-05-04,BKK,arrival,13:10,CGK Jakarta,GA866,Garuda Indonesia,3h 25m,True,2026-02-11T03:26:16.822520
2026-05-04,BKK,arrival,13:10,SGN Ho Chi Minh City,VN605,Vietnam Airlines,1h 35m,True,2026-02-11T03:26:17.059107
2026-05-04,BKK,arrival,13:10,CNX Chiang Mai,VZ103,Vietjet Thailand,1h 20m,True,2026-02-11T03:26:17.300363
2026-05-04,BKK,arrival,13:15,ICN Seoul,KE657,Korean Air,5h 45m,True,2026-02-11T03:26:17.545739
2026-05-04,BKK,arrival,13:15,TAO Qingdao,QW9897,Qingdao Airlines,5h 15m,True,2026-02-11T03:26:17.769800
2026-05-04,BKK,arrival,13:15,HKT Phuket,TG206,Thai Airways,1h 35m,True,2026-02-11T03:26:18.014107
2026-05-04,BKK,arrival,13:15,KKC Khon Kaen,TG43,Thai Airways,1h 10m,True,2026-02-11T03:26:18.231560
2026-05-04,BKK,arrival,13:20,CNX Chiang Mai,PG224,Bangkok Airways,1h 25m,True,2026-02-11T03:26:18.460562
2026-05-04,BKK,arrival,13:20,CNX Chiang Mai,TG105,Thai Airways,1h 25m,True,2026-02-11T03:26:18.692505
2026-05-04,BKK,arrival,13:25,NGB Ningbo,9C7431,Spring Airlines,4h 35m,True,2026-02-11T03:26:18.916128
2026-05-04,BKK,arrival,13:25,KUL Kuala Lumpur,MH788,Malaysia Airlines,2h 15m,True,2026-02-11T03:26:19.145817
2026-05-04,BKK,arrival,13:25,DOH Doha,QR836,Qatar Airways,6h 55m,True,2026-02-11T03:26:19.377737
2026-05-04,BKK,arrival,13:25,ICN Seoul,TG659,Thai Airways,5h 50m,True,2026-02-11T03:26:19.594757
2026-05-04,BKK,arrival,13:25,RGN Yangon,TG302,Thai Airways,1h 30m,True,2026-02-11T03:26:19.827882
2026-05-04,BKK,arrival,13:30,KJA Krasnojarsk,SU814,Aeroflot,6h 50m,True,2026-02-11T03:26:20.047533
2026-05-04,BKK,arrival,13:35,BOM Mumbai,AI2354,Air India,4h 20m,True,2026-02-11T03:26:20.265057
2026-05-04,BKK,arrival,13:40,DAC Dhaka,BS217,US-Bangla Airlines,2h 40m,True,2026-02-11T03:26:20.479668
2026-05-04,BKK,arrival,13:40,PNQ Pune,IX242,Air India Express,4h 45m,True,2026-02-11T03:26:20.705900
2026-05-04,BKK,arrival,13:40,JED Jeddah,SV844,Saudia,8h 15m,True,2026-02-11T03:26:20.916303
2026-05-04,BKK,arrival,13:40,SGN Ho Chi Minh City,VU131,Vietravel Airlines,1h 35m,True,2026-02-11T03:26:21.150929
2026-05-04,BKK,arrival,13:45,SIN Singapore,TG404,Thai Airways,2h 20m,True,2026-02-11T03:26:21.381520
2026-05-04,BKK,arrival,13:45,NRT Tokyo,VZ831,Vietjet Thailand,6h 50m,True,2026-02-11T03:26:21.650112
2026-05-04,BKK,arrival,13:50,NST Nakhon Si Thammarat,FD4232,Thai AirAsia,1h 25m,True,2026-02-11T03:26:21.860546
2026-05-04,BKK,arrival,13:55,KTI Phnom Penh,K6724,Air Cambodia,1h 10m,True,2026-02-11T03:26:22.094872
2026-05-04,BKK,arrival,13:55,HKT Phuket,VZ305,Vietjet Thailand,1h 30m,True,2026-02-11T03:26:22.347368
2026-05-04,BKK,arrival,14:00,SWA Jieyang,9C6193,Spring Airlines,3h 20m,True,2026-02-11T03:26:22.596090
2026-05-04,BKK,arrival,14:00,HKG Hong Kong,CX653,Cathay Pacific,3h 0m,True,2026-02-11T03:26:22.812508
2026-05-04,BKK,arrival,14:00,MUC Munich,LH772,Lufthansa,10h 40m,True,2026-02-11T03:26:23.025373
2026-05-04,BKK,arrival,14:00,TLV Tel Aviv-Yafo,LY81,El Al,11h 40m,True,2026-02-11T03:26:23.244925
2026-05-04,BKK,arrival,14:00,UBP Ubon Ratchathani,VZ221,Vietjet Thailand,1h 15m,True,2026-02-11T03:26:23.498651
2026-05-04,BKK,arrival,14:05,CAN Guangzhou,CZ5095,China Southern,3h 0m,True,2026-02-11T03:26:23.735065
2026-05-04,BKK,arrival,14:05,CNX Chiang Mai,FD4107,Thai AirAsia,1h 30m,True,2026-02-11T03:26:23.966180
2026-05-04,BKK,arrival,14:10,TDX Trat,PG306,Bangkok Airways,1h 0m,True,2026-02-11T03:26:24.182594
2026-05-04,BKK,arrival,14:10,ICN Seoul,TG657,Thai Airways,5h 50m,True,2026-02-11T03:26:24.395531
2026-05-04,BKK,arrival,14:15,DEL Delhi,AI2355,Air India,4h 20m,True,2026-02-11T03:26:24.626923
2026-05-04,BKK,arrival,14:15,KKC Khon Kaen,FD4502,Thai AirAsia,1h 10m,True,2026-02-11T03:26:24.832641
2026-05-04,BKK,arrival,14:15,SIN Singapore,SQ710,Singapore Airlines,2h 30m,True,2026-02-11T03:26:25.065041
2026-05-04,BKK,arrival,14:20,MFM Macau,NX936,Air Macau,2h 45m,True,2026-02-11T03:26:25.318239
2026-05-04,BKK,arrival,14:25,SAI Siem Reap,PG906,Bangkok Airways,1h 30m,True,2026-02-11T03:26:25.537850
2026-05-04,BKK,arrival,14:25,HKG Hong Kong,TG601,Thai Airways,2h 40m,True,2026-02-11T03:26:25.746618
2026-05-04,BKK,arrival,14:25,SIN Singapore,TR604,Scoot,2h 35m,True,2026-02-11T03:26:25.958804
2026-05-04,BKK,arrival,14:30,CAN Guangzhou,CZ3081,China Southern,3h 0m,True,2026-02-11T03:26:26.188118
2026-05-04,BKK,arrival,14:30,HKT Phuket,PG276,Bangkok Airways,1h 35m,True,2026-02-11T03:26:26.400373
2026-05-04,BKK,arrival,14:30,KUL Kuala Lumpur,TG416,Thai Airways,2h 10m,True,2026-02-11T03:26:26.629359
2026-05-04,BKK,arrival,14:35,YIH Yichang,HU7943,Hainan Airlines,3h 25m,True,2026-02-11T03:26:26.848392
2026-05-04,BKK,arrival,14:35,HKT Phuket,TG208,Thai Airways,1h 35m,True,2026-02-11T03:26:27.083752
2026-05-04,BKK,arrival,14:35,HDY Hat Yai,VZ325,Vietjet Thailand,1h 30m,True,2026-02-11T03:26:27.297049
2026-05-04,BKK,arrival,14:40,RGN Yangon,8M333,MAI,1h 20m,True,2026-02-11T03:26:27.526545
2026-05-04,BKK,arrival,14:45,SGN Ho Chi Minh City,VJ807,VietJet,1h 30m,True,2026-02-11T03:26:27.762537
2026-05-04,BKK,arrival,14:45,HAN Hanoi,VN615,Vietnam Airlines,2h 0m,True,2026-02-11T03:26:27.996669
2026-05-04,BKK,arrival,14:50,PVG Shanghai,9C7279,Spring Airlines,4h 45m,True,2026-02-11T03:26:28.246782
2026-05-04,BKK,arrival,14:50,NKG Nanjing,JD619,Capital Airlines,4h 40m,True,2026-02-11T03:26:28.474378
2026-05-04,BKK,arrival,14:50,VIE Vienna,OS7,Austrian,10h 15m,True,2026-02-11T03:26:28.684686
2026-05-04,BKK,arrival,14:50,LPQ Luang Prabang,PG942,Bangkok Airways,2h 5m,True,2026-02-11T03:26:28.895097
2026-05-04,BKK,arrival,14:50,VTE Vientiane,TG571,Thai Airways,1h 20m,True,2026-02-11T03:26:29.113364
2026-05-04,BKK,arrival,14:55,NAW Narathiwat,FD4253,Thai AirAsia,1h 30m,True,2026-02-11T03:26:29.392643
2026-05-04,BKK,arrival,14:55,HKG Hong Kong,HX775,Hong Kong Airlines,3h 10m,True,2026-02-11T03:26:29.611924
2026-05-04,BKK,arrival,14:55,KMG Kunming,MU741,China Eastern,2h 35m,True,2026-02-11T03:26:29.840148
2026-05-04,BKK,arrival,15:00,DAC Dhaka,BG388,Biman,2h 45m,True,2026-02-11T03:26:30.083601
2026-05-04,BKK,arrival,15:00,LHR London,TG917,Thai Airways,11h 35m,True,2026-02-11T03:26:30.296592
2026-05-04,BKK,arrival,15:00,NGO Nagoya,TG645,Thai Airways,6h 0m,True,2026-02-11T03:26:30.490909
2026-05-04,BKK,arrival,15:00,DAD Da Nang,VZ961,Vietjet Thailand,1h 45m,True,2026-02-11T03:26:30.703174
2026-05-04,BKK,arrival,15:05,CNX Chiang Mai,TG107,Thai Airways,1h 25m,True,2026-02-11T03:26:30.911003
2026-05-04,BKK,arrival,15:05,FUK Fukuoka,TG649,Thai Airways,5h 30m,True,2026-02-11T03:26:31.151549
2026-05-04,BKK,arrival,15:05,HND Tokyo,TG683,Thai Airways,6h 30m,True,2026-02-11T03:26:31.364921
2026-05-04,BKK,arrival,15:05,UTH Udon Thani,TG5,Thai Airways,1h 10m,True,2026-02-11T03:26:31.577699
2026-05-04,BKK,arrival,15:10,HND Tokyo,JL31,JAL,6h 30m,True,2026-02-11T03:26:31.795633
2026-05-04,BKK,arrival,15:10,USM Koh Samui,PG158,Bangkok Airways,1h 35m,True,2026-02-11T03:26:32.020375
2026-05-04,BKK,arrival,15:10,CEI Chiang Rai,TG133,Thai Airways,1h 30m,True,2026-02-11T03:26:32.238147
2026-05-04,BKK,arrival,15:15,TLV Tel Aviv-Yafo,IZ591,Arkia,11h 20m,True,2026-02-11T03:26:32.471430
2026-05-04,BKK,arrival,15:15,USM Koh Samui,PG144,Bangkok Airways,1h 15m,True,2026-02-11T03:26:32.890569
2026-05-04,BKK,arrival,15:20,NRT Tokyo,TG641,Thai Airways,6h 30m,True,2026-02-11T03:26:33.211046
2026-05-04,BKK,arrival,15:25,HKG Hong Kong,CX775,Cathay Pacific,3h 5m,True,2026-02-11T03:26:33.910482
2026-05-04,BKK,arrival,15:25,MNL Manila,TG621,Thai Airways,3h 30m,True,2026-02-11T03:26:34.212711
2026-05-04,BKK,arrival,15:25,IST Istanbul,TK68,Turkish Airlines,9h 30m,True,2026-02-11T03:26:34.494004
2026-05-04,BKK,arrival,15:30,LHR London,BR68,EVA Air,11h 55m,True,2026-02-11T03:26:34.787645
2026-05-04,BKK,arrival,15:30,HND Tokyo,NH847,ANA,6h 40m,True,2026-02-11T03:26:35.092607
2026-05-04,BKK,arrival,15:30,CTS Sapporo,TG671,Thai Airways,7h 0m,True,2026-02-11T03:26:35.437353
2026-05-04,BKK,arrival,15:30,HKG Hong Kong,UO700,HK Express,3h 0m,True,2026-02-11T03:26:35.879496
2026-05-04,BKK,arrival,15:35,CNX Chiang Mai,FD4119,Thai AirAsia,1h 25m,True,2026-02-11T03:26:36.240827
2026-05-04,BKK,arrival,15:35,KIX Osaka,TG623,Thai Airways,5h 50m,True,2026-02-11T03:26:36.589235
2026-05-04,BKK,arrival,15:45,KTM Kathmandu,RA401,Nepal Airlines,3h 20m,True,2026-02-11T03:26:36.905010
2026-05-04,BKK,arrival,15:45,CNX Chiang Mai,VZ111,Vietjet Thailand,1h 20m,True,2026-02-11T03:26:37.229272
2026-05-04,BKK,arrival,15:50,PVG Shanghai,FM833,Shanghai Airlines,4h 50m,True,2026-02-11T03:26:37.579092
2026-05-04,BKK,arrival,15:50,USM Koh Samui,PG136,Bangkok Airways,1h 15m,True,2026-02-11T03:26:37.914732
2026-05-04,BKK,arrival,16:00,ICN Seoul,VZ851,Vietjet Thailand,5h 50m,True,2026-02-11T03:26:38.274343
2026-05-04,BKK,arrival,16:05,HKT Phuket,FD4111,Thai AirAsia,1h 40m,True,2026-02-11T03:26:38.586265
2026-05-04,BKK,arrival,16:05,BLR Bengaluru,IX882,Air India Express,4h 0m,True,2026-02-11T03:26:38.973753
2026-05-04,BKK,arrival,16:05,CGK Jakarta,TG434,Thai Airways,3h 30m,True,2026-02-11T03:26:39.344333
2026-05-04,BKK,arrival,16:10,DEL Delhi,6E1053,IndiGo,4h 25m,True,2026-02-11T03:26:39.732986
2026-05-04,BKK,arrival,16:10,UTH Udon Thani,VZ205,Vietjet Thailand,1h 10m,True,2026-02-11T03:26:40.099081
2026-05-04,BKK,arrival,16:15,HDY Hat Yai,TG264,Thai Airways,1h 35m,True,2026-02-11T03:26:40.494802
2026-05-04,BKK,arrival,16:15,NST Nakhon Si Thammarat,VZ335,Vietjet Thailand,1h 20m,True,2026-02-11T03:26:40.902925
2026-05-04,BKK,arrival,16:20,CCU Kolkata,B3700,Bhutan Airlines,2h 40m,True,2026-02-11T03:26:41.278343
2026-05-04,BKK,arrival,16:20,TPE Taipei,CI835,China Airlines,3h 50m,True,2026-02-11T03:26:41.680313
2026-05-04,BKK,arrival,16:20,KUL Kuala Lumpur,MH782,Malaysia Airlines,2h 15m,True,2026-02-11T03:26:42.061436
2026-05-04,BKK,arrival,16:20,HKT Phuket,PG274,Bangkok Airways,1h 35m,True,2026-02-11T03:26:42.431086
2026-05-04,BKK,arrival,16:20,SYD Sydney,TG476,Thai Airways,9h 20m,True,2026-02-11T03:26:42.820384
2026-05-04,BKK,arrival,16:20,CXR Nha Trang,VZ969,Vietjet Thailand,2h 0m,True,2026-02-11T03:26:43.185801
2026-05-04,BKK,arrival,16:25,SZX Shenzhen,CZ8323,China Southern,3h 30m,True,2026-02-11T03:26:43.522766
2026-05-04,BKK,arrival,16:30,HKG Hong Kong,CX751,Cathay Pacific,3h 0m,True,2026-02-11T03:26:43.842794
2026-05-04,BKK,arrival,16:30,HGH Hangzhou,GJ8021,Loong Air,4h 35m,True,2026-02-11T03:26:44.172811
2026-05-04,BKK,arrival,16:30,KMG Kunming,TG613,Thai Airways,2h 10m,True,2026-02-11T03:26:44.517758
2026-05-04,BKK,arrival,16:30,NRT Tokyo,TG643,Thai Airways,6h 30m,True,2026-02-11T03:26:44.874285
2026-05-04,BKK,arrival,16:35,TLV Tel Aviv-Yafo,LY83,El Al,11h 40m,True,2026-02-11T03:26:45.199741
2026-05-04,BKK,arrival,16:40,TFU Chengdu,3U3935,Sichuan Airlines,3h 0m,True,2026-02-11T03:26:45.530300
2026-05-04,BKK,arrival,16:40,CGK Jakarta,GA868,Garuda Indonesia,3h 45m,True,2026-02-11T03:26:45.922960
2026-05-04,BKK,arrival,16:40,TPE Taipei,JX745,Starlux,3h 50m,True,2026-02-11T03:26:46.389872
2026-05-04,BKK,arrival,16:40,XMN Xiamen,MF833,XiamenAir,3h 30m,True,2026-02-11T03:26:46.822741
2026-05-04,BKK,arrival,16:40,USM Koh Samui,PG146,Bangkok Airways,1h 15m,True,2026-02-11T03:26:47.259147
2026-05-04,BKK,arrival,16:40,SYD Sydney,QF23,Qantas,9h 50m,True,2026-02-11T03:26:47.601701
2026-05-04,BKK,arrival,16:45,CEI Chiang Rai,VZ133,Vietjet Thailand,1h 25m,True,2026-02-11T03:26:47.902602
2026-05-04,BKK,arrival,16:50,CAN Guangzhou,CZ8023,China Southern,3h 0m,True,2026-02-11T03:26:48.253846
2026-05-04,BKK,arrival,16:50,USM Koh Samui,PG150,Bangkok Airways,1h 30m,True,2026-02-11T03:26:48.575216
2026-05-04,BKK,arrival,16:50,KKC Khon Kaen,TG45,Thai Airways,1h 10m,True,2026-02-11T03:26:48.889322
2026-05-04,BKK,arrival,16:50,TPE Taipei,TG633,Thai Airways,3h 45m,True,2026-02-11T03:26:49.246011
2026-05-04,BKK,arrival,16:50,CNX Chiang Mai,VZ107,Vietjet Thailand,1h 20m,True,2026-02-11T03:26:49.589874
2026-05-04,BKK,arrival,16:55,DEL Delhi,AI2332,Air India,4h 25m,True,2026-02-11T03:26:49.912431
2026-05-04,BKK,arrival,16:55,CNX Chiang Mai,TG111,Thai Airways,1h 25m,True,2026-02-11T03:26:50.228488
2026-05-04,BKK,arrival,16:55,HKT Phuket,VZ2301,Vietjet Thailand,1h 30m,True,2026-02-11T03:26:50.581301
2026-05-04,BKK,arrival,17:00,DAC Dhaka,TG322,Thai Airways,2h 25m,True,2026-02-11T03:26:50.943860
2026-05-04,BKK,arrival,17:00,SIN Singapore,TR610,Scoot,2h 30m,True,2026-02-11T03:26:51.320999
2026-05-04,BKK,arrival,17:05,TFU Chengdu,CA471,Air China,3h 15m,True,2026-02-11T03:26:51.698242
2026-05-04,BKK,arrival,17:05,USM Koh Samui,PG148,Bangkok Airways,1h 15m,True,2026-02-11T03:26:52.065478
2026-05-04,BKK,arrival,17:05,DAD Da Nang,VN627,Vietnam Airlines,1h 50m,True,2026-02-11T03:26:52.423504
2026-05-04,BKK,arrival,17:10,HKT Phuket,FD4123,Thai AirAsia,1h 35m,True,2026-02-11T03:26:52.777353
2026-05-04,BKK,arrival,17:10,STV Surat Gujarat,IX264,Air India Express,4h 50m,True,2026-02-11T03:26:53.149283
2026-05-04,BKK,arrival,17:10,TAO Qingdao,QW917,Qingdao Airlines,5h 10m,True,2026-02-11T03:26:53.481316
2026-05-04,BKK,arrival,17:15,SIN Singapore,SQ712,Singapore Airlines,2h 30m,True,2026-02-11T03:26:53.862685
2026-05-04,BKK,arrival,17:15,SIN Singapore,TG414,Thai Airways,2h 20m,True,2026-02-11T03:26:54.194415
2026-05-04,BKK,arrival,17:20,KHH Kaohsiung,CI839,China Airlines,3h 40m,True,2026-02-11T03:26:54.512767
2026-05-04,BKK,arrival,17:20,KUL Kuala Lumpur,MH774,Malaysia Airlines,2h 20m,True,2026-02-11T03:26:54.830492
2026-05-04,BKK,arrival,17:20,HKG Hong Kong,TG629,Thai Airways,2h 50m,True,2026-02-11T03:26:55.160212
2026-05-04,BKK,arrival,17:25,SHJ Sharjah,G9816,Air Arabia,6h 35m,True,2026-02-11T03:26:55.534431
2026-05-04,BKK,arrival,17:30,IXB Bagdogra,KB130,Drukair,3h 15m,True,2026-02-11T03:26:55.851687
2026-05-04,BKK,arrival,17:35,DEL Delhi,TG324,Thai Airways,4h 25m,True,2026-02-11T03:26:56.163751
2026-05-04,BKK,arrival,17:40,HKT Phuket,TG212,Thai Airways,1h 35m,True,2026-02-11T03:26:56.489691
2026-05-04,BKK,arrival,17:45,CAN Guangzhou,TG669,Thai Airways,3h 0m,True,2026-02-11T03:26:56.784077
2026-05-04,BKK,arrival,17:45,HAN Hanoi,VJ903,VietJet,2h 0m,True,2026-02-11T03:26:57.116220
2026-05-04,BKK,arrival,17:45,UBP Ubon Ratchathani,VZ225,Vietjet Thailand,1h 15m,True,2026-02-11T03:26:57.422084
2026-05-04,BKK,arrival,17:45,MCT Muscat,WY815,Oman Air,6h 5m,True,2026-02-11T03:26:57.735229
2026-05-04,BKK,arrival,17:50,NNG Nanning,9C7485,Spring Airlines,2h 30m,True,2026-02-11T03:26:58.081161
2026-05-04,BKK,arrival,17:50,CEI Chiang Rai,FD4153,Thai AirAsia,1h 25m,True,2026-02-11T03:26:58.415947
2026-05-04,BKK,arrival,17:55,CAN Guangzhou,CZ363,China Southern,3h 0m,True,2026-02-11T03:26:58.726584
2026-05-04,BKK,arrival,17:55,KBV Krabi,VZ343,Vietjet Thailand,1h 25m,True,2026-02-11T03:26:59.049643
2026-05-04,BKK,arrival,18:00,HKG Hong Kong,CX701,Cathay Pacific,2h 55m,True,2026-02-11T03:26:59.386133
2026-05-04,BKK,arrival,18:00,TFU Chengdu,TG619,Thai Airways,3h 5m,True,2026-02-11T03:26:59.688960
2026-05-04,BKK,arrival,18:05,KBV Krabi,FD4401,Thai AirAsia,1h 25m,True,2026-02-11T03:27:00.035929
2026-05-04,BKK,arrival,18:05,PVG Shanghai,FM855,Shanghai Airlines,4h 30m,True,2026-02-11T03:27:00.326506
2026-05-04,BKK,arrival,18:05,HAN Hanoi,VN619,Vietnam Airlines,2h 0m,True,2026-02-11T03:27:00.621397
2026-05-04,BKK,arrival,18:05,PQC Phu Quoc,VZ983,Vietjet Thailand,1h 20m,True,2026-02-11T03:27:00.921440
2026-05-04,BKK,arrival,18:10,AUH Abu Dhabi,EY406,Etihad,6h 35m,True,2026-02-11T03:27:01.189255
2026-05-04,BKK,arrival,18:10,BFV Buri Ram,FD4512,Thai AirAsia,1h 5m,True,2026-02-11T03:27:04.010337
2026-05-04,BKK,arrival,18:10,HKT Phuket,FD4113,Thai AirAsia,1h 25m,True,2026-02-11T03:27:04.353289
2026-05-04,BKK,arrival,18:10,TFU Chengdu,MU5035,China Eastern,3h 5m,True,2026-02-11T03:27:04.685352
2026-05-04,BKK,arrival,18:10,TPE Taipei,VZ567,Vietjet Thailand,3h 45m,True,2026-02-11T03:27:04.943037
2026-05-04,BKK,arrival,18:15,RGN Yangon,8M331,MAI,1h 20m,True,2026-02-11T03:27:05.205033
2026-05-04,BKK,arrival,18:15,HAK Haikou,HU721,Hainan Airlines,2h 25m,True,2026-02-11T03:27:05.459595
2026-05-04,BKK,arrival,18:15,KTM Kathmandu,TG320,Thai Airways,3h 30m,True,2026-02-11T03:27:05.697544
2026-05-04,BKK,arrival,18:20,PEK Beijing,CA959,Air China,5h 20m,True,2026-02-11T03:27:05.940811
2026-05-04,BKK,arrival,18:20,DXB Dubai,EK370,Emirates,6h 20m,True,2026-02-11T03:27:06.166305
2026-05-04,BKK,arrival,18:20,DOH Doha,QR828,Qatar Airways,6h 55m,True,2026-02-11T03:27:06.417388
2026-05-04,BKK,arrival,18:20,CNX Chiang Mai,TG113,Thai Airways,1h 25m,True,2026-02-11T03:27:06.661104
2026-05-04,BKK,arrival,18:20,UTH Udon Thani,VZ203,Vietjet Thailand,1h 10m,True,2026-02-11T03:27:06.890066
2026-05-04,BKK,arrival,18:25,HKT Phuket,TG216,Thai Airways,1h 30m,True,2026-02-11T03:27:07.102486
2026-05-04,BKK,arrival,18:30,KMG Kunming,KY8369,Kunming Airlines,2h 25m,True,2026-02-11T03:27:07.345033
2026-05-04,BKK,arrival,18:30,MNL Manila,PR736,PAL,3h 45m,True,2026-02-11T03:27:07.592327
2026-05-04,BKK,arrival,18:30,SGN Ho Chi Minh City,VN607,Vietnam Airlines,1h 35m,True,2026-02-11T03:27:07.820431
2026-05-04,BKK,arrival,18:30,SZX Shenzhen,ZH307,Shenzhen Airlines,2h 55m,True,2026-02-11T03:27:08.049118
2026-05-04,BKK,arrival,18:40,USM Koh Samui,PG166,Bangkok Airways,1h 15m,True,2026-02-11T03:27:08.313672
2026-05-04,BKK,arrival,18:40,CNX Chiang Mai,VZ109,Vietjet Thailand,1h 20m,True,2026-02-11T03:27:08.562692
2026-05-04,BKK,arrival,18:45,CRK Angeles,5J941,Cebu Pacific,3h 30m,True,2026-02-11T03:27:08.792479
2026-05-04,BKK,arrival,18:45,SGN Ho Chi Minh City,VJ805,VietJet,1h 30m,True,2026-02-11T03:27:09.029368
2026-05-04,BKK,arrival,18:50,TDX Trat,PG308,Bangkok Airways,1h 0m,True,2026-02-11T03:27:09.288786
2026-05-04,BKK,arrival,18:55,CKG Chongqing,3U3771,Sichuan Airlines,3h 25m,True,2026-02-11T03:27:09.538149
2026-05-04,BKK,arrival,18:55,KUL Kuala Lumpur,MH780,Malaysia Airlines,2h 10m,True,2026-02-11T03:27:09.775447
2026-05-04,BKK,arrival,18:55,UBP Ubon Ratchathani,TG29,Thai Airways,1h 15m,True,2026-02-11T03:27:10.004142
2026-05-04,BKK,arrival,18:55,HKG Hong Kong,UO702,HK Express,3h 0m,True,2026-02-11T03:27:10.271245
2026-05-04,BKK,arrival,19:00,HKT Phuket,PG284,Bangkok Airways,1h 30m,True,2026-02-11T03:27:10.513931
2026-05-04,BKK,arrival,19:00,SIN Singapore,SQ714,Singapore Airlines,2h 30m,True,2026-02-11T03:27:10.753382
2026-05-04,BKK,arrival,19:00,HKT Phuket,VZ307,Vietjet Thailand,1h 30m,True,2026-02-11T03:27:10.981292
2026-05-04,BKK,arrival,19:05,DXB Dubai,EK372,Emirates,6h 25m,True,2026-02-11T03:27:11.232427
2026-05-04,BKK,arrival,19:05,USM Koh Samui,PG168,Bangkok Airways,1h 15m,True,2026-02-11T03:27:11.473897
2026-05-04,BKK,arrival,19:10,THS Sukhothai,PG214,Bangkok Airways,1h 20m,True,2026-02-11T03:27:11.696974
2026-05-04,BKK,arrival,19:15,BOM Mumbai,6E1059,IndiGo,4h 40m,True,2026-02-11T03:27:11.935414
2026-05-04,BKK,arrival,19:20,BOM Mumbai,AI2337,Air India,4h 20m,True,2026-02-11T03:27:12.168199
2026-05-04,BKK,arrival,19:20,CAN Guangzhou,CZ8019,China Southern,3h 0m,True,2026-02-11T03:27:12.401008
2026-05-04,BKK,arrival,19:20,MLE Male,PG712,Bangkok Airways,4h 40m,True,2026-02-11T03:27:12.653460
2026-05-04,BKK,arrival,19:35,KMG Kunming,KY8367,Kunming Airlines,2h 25m,True,2026-02-11T03:27:12.898039
2026-05-04,BKK,arrival,19:35,SIN Singapore,TG408,Thai Airways,2h 20m,True,2026-02-11T03:27:13.153906
2026-05-04,BKK,arrival,19:35,SIN Singapore,TR616,Scoot,2h 35m,True,2026-02-11T03:27:13.426949
2026-05-04,BKK,arrival,19:40,RGN Yangon,8M350,MAI,1h 20m,True,2026-02-11T03:27:13.665299
2026-05-04,BKK,arrival,19:40,HDY Hat Yai,FD4205,Thai AirAsia,1h 30m,True,2026-02-11T03:27:13.886948
2026-05-04,BKK,arrival,19:40,BNE Brisbane,JQ65,Jetstar,8h 50m,True,2026-02-11T03:27:14.108249
2026-05-04,BKK,arrival,19:40,USM Koh Samui,PG170,Bangkok Airways,1h 15m,True,2026-02-11T03:27:14.353954
2026-05-04,BKK,arrival,19:40,VTE Vientiane,QV445,Lao Airlines,1h 0m,True,2026-02-11T03:27:14.593948
2026-05-04,BKK,arrival,19:45,CNX Chiang Mai,FD4109,Thai AirAsia,1h 20m,True,2026-02-11T03:27:14.854946
2026-05-04,BKK,arrival,19:50,DEL Delhi,6E1063,IndiGo,4h 10m,True,2026-02-11T03:27:15.122960
2026-05-04,BKK,arrival,19:50,KMG Kunming,MU9613,China Eastern,2h 35m,True,2026-02-11T03:27:15.409481
2026-05-04,BKK,arrival,19:55,KHH Kaohsiung,TG631,Thai Airways,3h 40m,True,2026-02-11T03:27:15.643803
2026-05-04,BKK,arrival,19:55,DAD Da Nang,VZ963,Vietjet Thailand,1h 45m,True,2026-02-11T03:27:15.881128
2026-05-04,BKK,arrival,20:00,SIN Singapore,SQ720,Singapore Airlines,2h 30m,True,2026-02-11T03:27:16.123855
2026-05-04,BKK,arrival,20:00,MEL Melbourne,TG466,Thai Airways,9h 30m,True,2026-02-11T03:27:16.365135
2026-05-04,BKK,arrival,20:05,DPS Denpasar,TG432,Thai Airways,4h 10m,True,2026-02-11T03:27:16.586508
2026-05-04,BKK,arrival,20:05,KKC Khon Kaen,TG47,Thai Airways,1h 0m,True,2026-02-11T03:27:16.848095
2026-05-04,BKK,arrival,20:05,SGN Ho Chi Minh City,VN609,Vietnam Airlines,1h 35m,True,2026-02-11T03:27:17.086584
2026-05-04,BKK,arrival,20:05,URT Surat Thani,VZ353,Vietjet Thailand,1h 15m,True,2026-02-11T03:27:17.364502
2026-05-04,BKK,arrival,20:10,KKC Khon Kaen,VZ215,Vietjet Thailand,1h 5m,True,2026-02-11T03:27:17.581100
2026-05-04,BKK,arrival,20:15,USM Koh Samui,PG160,Bangkok Airways,1h 35m,True,2026-02-11T03:27:17.823897
2026-05-04,BKK,arrival,20:15,CEI Chiang Rai,TG137,Thai Airways,1h 20m,True,2026-02-11T03:27:18.055905
2026-05-04,BKK,arrival,20:25,DEL Delhi,AI2304,Air India,4h 25m,True,2026-02-11T03:27:18.276541
2026-05-04,BKK,arrival,20:25,USM Koh Samui,PG176,Bangkok Airways,1h 30m,True,2026-02-11T03:27:18.520145
2026-05-04,BKK,arrival,20:25,USM Koh Samui,PG180,Bangkok Airways,1h 15m,True,2026-02-11T03:27:18.744862
2026-05-04,BKK,arrival,20:25,KTI Phnom Penh,VZ723,Vietjet Thailand,1h 15m,True,2026-02-11T03:27:19.007875
2026-05-04,BKK,arrival,20:40,KTI Phnom Penh,PG936,Bangkok Airways,1h 15m,True,2026-02-11T03:27:19.295662
2026-05-04,BKK,arrival,20:40,RGN Yangon,UB17,Myanmar National Airlines,1h 25m,True,2026-02-11T03:27:19.550289
2026-05-04,BKK,arrival,20:45,HKT Phuket,PG278,Bangkok Airways,1h 35m,True,2026-02-11T03:27:19.759094
2026-05-04,BKK,arrival,20:45,DOH Doha,QR826,Qatar Airways,6h 55m,True,2026-02-11T03:27:19.983227
2026-05-04,BKK,arrival,20:45,HKG Hong Kong,TG639,Thai Airways,2h 40m,True,2026-02-11T03:27:20.214630
2026-05-04,BKK,arrival,20:45,ICN Seoul,TG653,Thai Airways,5h 50m,True,2026-02-11T03:27:20.443384
2026-05-04,BKK,arrival,20:50,PER Perth,JQ75,Jetstar,7h 0m,True,2026-02-11T03:27:20.667916
2026-05-04,BKK,arrival,20:50,HKT Phuket,TG218,Thai Airways,1h 35m,True,2026-02-11T03:27:20.912877
2026-05-04,BKK,arrival,20:55,FOC Fuzhou,9C7301,Spring Airlines,4h 10m,True,2026-02-11T03:27:21.191516
2026-05-04,BKK,arrival,20:55,PVG Shanghai,FM839,Shanghai Airlines,4h 35m,True,2026-02-11T03:27:21.432554
2026-05-04,BKK,arrival,20:55,SAI Siem Reap,PG908,Bangkok Airways,1h 30m,True,2026-02-11T03:27:21.655070
2026-05-04,BKK,arrival,20:55,PVG Shanghai,TG665,Thai Airways,4h 30m,True,2026-02-11T03:27:21.903438
2026-05-04,BKK,arrival,20:55,SYD Sydney,TG472,Thai Airways,9h 20m,True,2026-02-11T03:27:22.126645
2026-05-04,BKK,arrival,21:00,HKG Hong Kong,HX765,Hong Kong Airlines,3h 0m,True,2026-02-11T03:27:22.379924
2026-05-04,BKK,arrival,21:00,RGN Yangon,TG304,Thai Airways,1h 30m,True,2026-02-11T03:27:22.613824
2026-05-04,BKK,arrival,21:00,HKT Phuket,VZ2305,Vietjet Thailand,1h 30m,True,2026-02-11T03:27:22.850544
2026-05-04,BKK,arrival,21:05,HAN Hanoi,VN617,Vietnam Airlines,2h 5m,True,2026-02-11T03:27:23.063928
2026-05-04,BKK,arrival,21:05,CNX Chiang Mai,VZ123,Vietjet Thailand,1h 20m,True,2026-02-11T03:27:23.269462
2026-05-04,BKK,arrival,21:10,ICN Seoul,LJ1,Jin Air,6h 0m,True,2026-02-11T03:27:23.481978
2026-05-04,BKK,arrival,21:10,ICN Seoul,YP601,Air Premia,5h 55m,True,2026-02-11T03:27:23.698569
2026-05-04,BKK,arrival,21:15,USM Koh Samui,PG188,Bangkok Airways,1h 30m,True,2026-02-11T03:27:23.924186
2026-05-04,BKK,arrival,21:15,PEK Beijing,TG615,Thai Airways,5h 10m,True,2026-02-11T03:27:24.172876
2026-05-04,BKK,arrival,21:20,ICN Seoul,BX727,Air Busan,6h 30m,True,2026-02-11T03:27:24.432710
2026-05-04,BKK,arrival,21:20,CEI Chiang Rai,VZ135,Vietjet Thailand,1h 25m,True,2026-02-11T03:27:24.679861
2026-05-04,BKK,arrival,21:25,UTH Udon Thani,FD4353,Thai AirAsia,1h 5m,True,2026-02-11T03:27:24.924581
2026-05-04,BKK,arrival,21:25,CNX Chiang Mai,PG220,Bangkok Airways,1h 25m,True,2026-02-11T03:27:25.231583
2026-05-04,BKK,arrival,21:25,USM Koh Samui,PG190,Bangkok Airways,1h 30m,True,2026-02-11T03:27:25.469370
2026-05-04,BKK,arrival,21:25,KIX Osaka,TG673,Thai Airways,5h 50m,True,2026-02-11T03:27:25.703587
2026-05-04,BKK,arrival,21:35,SGN Ho Chi Minh City,TG557,Thai Airways,1h 25m,True,2026-02-11T03:27:25.948628
2026-05-04,BKK,arrival,21:35,TPE Taipei,TG635,Thai Airways,3h 45m,True,2026-02-11T03:27:26.219310
2026-05-04,BKK,arrival,21:40,NRT Tokyo,ZG51,Zipair,6h 40m,True,2026-02-11T03:27:26.478925
2026-05-04,BKK,arrival,21:45,PUS Busan,BX725,Air Busan,5h 45m,True,2026-02-11T03:27:26.703813
2026-05-04,BKK,arrival,21:45,ICN Seoul,KE651,Korean Air,5h 40m,True,2026-02-11T03:27:26.922811
2026-05-04,BKK,arrival,21:45,KBV Krabi,TG250,Thai Airways,1h 25m,True,2026-02-11T03:27:27.153975
2026-05-04,BKK,arrival,21:45,KTI Phnom Penh,TK53,Turkish Airlines,1h 35m,True,2026-02-11T03:27:27.365059
2026-05-04,BKK,arrival,21:50,HKT Phuket,FD4115,Thai AirAsia,1h 30m,True,2026-02-11T03:27:27.587702
2026-05-04,BKK,arrival,21:50,MFM Macau,NX992,Air Macau,3h 5m,True,2026-02-11T03:27:27.796813
2026-05-04,BKK,arrival,21:50,USM Koh Samui,PG186,Bangkok Airways,1h 15m,True,2026-02-11T03:27:28.004661
2026-05-04,BKK,arrival,21:55,PVG Shanghai,FM853,Shanghai Airlines,4h 35m,True,2026-02-11T03:27:28.223868
2026-05-04,BKK,arrival,21:55,NRT Tokyo,TG677,Thai Airways,6h 30m,True,2026-02-11T03:27:28.455832
2026-05-04,BKK,arrival,21:55,VTE Vientiane,TG575,Thai Airways,1h 25m,True,2026-02-11T03:27:28.708650
2026-05-04,BKK,arrival,21:55,SIN Singapore,TR614,Scoot,2h 35m,True,2026-02-11T03:27:29.291090
2026-05-04,BKK,arrival,22:00,CCU Kolkata,6E1057,IndiGo,2h 45m,True,2026-02-11T03:27:29.597916
2026-05-04,BKK,arrival,22:00,CAN Guangzhou,CZ361,China Southern,2h 55m,True,2026-02-11T03:27:29.893888
2026-05-04,BKK,arrival,22:00,KKC Khon Kaen,FD4504,Thai AirAsia,1h 10m,True,2026-02-11T03:27:30.699174
2026-05-04,BKK,arrival,22:05,CRK Angeles,5J943,Cebu Pacific,3h 30m,True,2026-02-11T03:27:31.013604
2026-05-04,BKK,arrival,22:05,KUL Kuala Lumpur,TG418,Thai Airways,2h 10m,True,2026-02-11T03:27:31.312428
2026-05-04,BKK,arrival,22:05,ICN Seoul,TW101,T´Way Air,6h 5m,True,2026-02-11T03:27:31.722505
2026-05-04,BKK,arrival,22:05,KBV Krabi,VZ345,Vietjet Thailand,1h 25m,True,2026-02-11T03:27:32.042545
2026-05-04,BKK,arrival,22:10,KBV Krabi,FD4409,Thai AirAsia,1h 25m,True,2026-02-11T03:27:32.348813
2026-05-04,BKK,arrival,22:10,DPS Denpasar,TG440,Thai Airways,4h 10m,True,2026-02-11T03:27:32.682695
2026-05-04,BKK,arrival,22:10,SIN Singapore,TG410,Thai Airways,2h 20m,True,2026-02-11T03:27:33.024393
2026-05-04,BKK,arrival,22:10,CNX Chiang Mai,VZ2107,Vietjet Thailand,1h 20m,True,2026-02-11T03:27:33.343916
2026-05-04,BKK,arrival,22:15,KMG Kunming,MU9621,China Eastern,2h 35m,True,2026-02-11T03:27:33.684261
2026-05-04,BKK,arrival,22:15,HDY Hat Yai,TG268,Thai Airways,1h 35m,True,2026-02-11T03:27:34.037098
2026-05-04,BKK,arrival,22:15,MNL Manila,TG625,Thai Airways,3h 20m,True,2026-02-11T03:27:34.395468
2026-05-04,BKK,arrival,22:20,USM Koh Samui,PG196,Bangkok Airways,1h 30m,True,2026-02-11T03:27:34.737675
2026-05-04,BKK,arrival,22:20,PER Perth,TG482,Thai Airways,7h 0m,True,2026-02-11T03:27:35.015647
2026-05-04,BKK,arrival,22:30,USM Koh Samui,PG192,Bangkok Airways,1h 30m,True,2026-02-11T03:27:35.288215
2026-05-04,BKK,arrival,22:30,CGK Jakarta,TG436,Thai Airways,3h 30m,True,2026-02-11T03:27:35.555515
2026-05-04,BKK,arrival,22:30,CNX Chiang Mai,TG121,Thai Airways,1h 20m,True,2026-02-11T03:27:35.840477
2026-05-04,BKK,arrival,22:30,UTH Udon Thani,TG9,Thai Airways,1h 5m,True,2026-02-11T03:27:36.098961
2026-05-04,BKK,arrival,22:30,TPE Taipei,VZ569,Vietjet Thailand,3h 45m,True,2026-02-11T03:27:36.340110
2026-05-04,BKK,arrival,22:35,RGN Yangon,8M372,MAI,1h 20m,True,2026-02-11T03:27:36.576012
2026-05-04,BKK,arrival,22:35,HAN Hanoi,TG565,Thai Airways,1h 50m,True,2026-02-11T03:27:36.817821
2026-05-04,BKK,arrival,22:35,KTI Phnom Penh,TG585,Thai Airways,1h 20m,True,2026-02-11T03:27:37.064789
2026-05-04,BKK,arrival,22:40,MNL Manila,PR732,PAL,3h 30m,True,2026-02-11T03:27:37.310194
2026-05-04,BKK,arrival,22:55,HKT Phuket,TG222,Thai Airways,1h 35m,True,2026-02-11T03:27:37.563992
2026-05-04,BKK,arrival,23:00,PEK Beijing,HU7995,Hainan Airlines,5h 0m,True,2026-02-11T03:27:37.826941
2026-05-04,BKK,arrival,23:00,NRT Tokyo,JL707,JAL,6h 35m,True,2026-02-11T03:27:38.076954
2026-05-04,BKK,arrival,23:05,KUL Kuala Lumpur,MH796,Malaysia Airlines,2h 20m,True,2026-02-11T03:27:38.333453
2026-05-04,BKK,arrival,23:10,ICN Seoul,OZ741,Asiana,5h 40m,True,2026-02-11T03:27:38.603624
2026-05-04,BKK,arrival,23:15,HKG Hong Kong,HB295,Greater Bay Airlines,3h 0m,True,2026-02-11T03:27:38.865339
2026-05-04,BKK,arrival,23:15,HKT Phuket,VZ309,Vietjet Thailand,1h 30m,True,2026-02-11T03:27:39.129861
2026-05-04,BKK,arrival,23:20,JJN Jinjiang,AQ1435,9 Air,4h 20m,True,2026-02-11T03:27:39.365564
2026-05-04,BKK,arrival,23:20,HDY Hat Yai,VZ329,Vietjet Thailand,1h 30m,True,2026-02-11T03:27:39.620856
2026-05-04,BKK,arrival,23:25,HKG Hong Kong,EK385,Emirates,3h 15m,True,2026-02-11T03:27:39.872747
2026-05-04,BKK,arrival,23:30,TPE Taipei,BR205,EVA Air,3h 45m,True,2026-02-11T03:27:40.124896
2026-05-04,BKK,arrival,23:30,CNX Chiang Mai,FD4117,Thai AirAsia,1h 25m,True,2026-02-11T03:27:40.381071
2026-05-04,BKK,arrival,23:30,CKG Chongqing,OQ2361,Chongqing Airlines,3h 15m,True,2026-02-11T03:27:40.633713
2026-05-04,BKK,arrival,23:30,HKT Phuket,PG280,Bangkok Airways,1h 35m,True,2026-02-11T03:27:40.913048
2026-05-04,BKK,arrival,23:40,HKT Phuket,FD4420,Thai AirAsia,1h 25m,True,2026-02-11T03:27:41.166715
2026-05-04,BKK,arrival,23:40,ICN Seoul,KE659,Korean Air,5h 55m,True,2026-02-11T03:27:41.408314
2026-05-04,BKK,arrival,23:50,HKG Hong Kong,CX617,Cathay Pacific,3h 0m,True,2026-02-11T03:27:41.665416
2026-05-04,BKK,arrival,23:50,AUH Abu Dhabi,EY400,Etihad,6h 35m,True,2026-02-11T03:27:41.915624
2026-05-04,BKK,arrival,23:50,CNX Chiang Mai,VZ119,Vietjet Thailand,1h 20m,True,2026-02-11T03:27:42.148812
2026-05-04,BKK,arrival,23:55,KIX Osaka,MM91,Peach Aviation,6h 25m,True,2026-02-11T03:27:42.405024
2026-05-04,BKK,arrival,23:55,NRT Tokyo,NH805,ANA,6h 45m,True,2026-02-11T03:27:42.667903
